[18:47:06] [spechunter] PR loaded: #265 riscv/riscv-smmtt — "ARC review updates and address issue #262"
[18:47:06] [spechunter]   diff: 4591 chars  body: 13 chars  reviews: 1
[18:47:06] [spechunter] Global pre-filter running...
[18:47:15] [spechunter] [text] {"should_skip": false}
[18:47:16] [spechunter] pre-filter: should_skip=False reason=""
[18:47:28] [spechunter] [text] {"should_skip": false, "skip_reason": "SMMTT spec changes to CSR status codes and interrupt domain (IMSIC/APLIC) behavio...
[18:47:33] [spechunter] [text] {"should_skip": false}
[18:47:35] [spechunter] [text] ```json {"should_skip": false} ```
[18:47:40] [spechunter] [text] {"should_skip": false}
[18:47:49] [spechunter] [text] {  
[18:47:49] [spechunter] [Bash] Check recent commits for context
[18:47:58] [spechunter] [text] ```json {"should_skip": false} ```
[18:48:02] [spechunter] [text] ```json {   "violation_condition": "OpenSBI writes an invalid (unimplemented) SIDN to msdcfg, then reads mip.SEIP, sireg...
[18:48:12] [spechunter] [Grep] pattern='msdcfg|SIDN|siselect|stopei|hgeip|hgeie|msideip|vgein'
[18:48:12] [spechunter] [Grep] pattern='msdcfg|SIDN|siselect|stopei|hgeip|msideip|vgein'
[18:48:12] [spechunter] [text] ```json {   "violation_condition": "When QEMU writes an out-of-range value to msdcfg.SIDN (i.e., SIDN >= number of imple...
[18:48:26] [spechunter] [Grep] pattern='msdcfg'
[18:48:26] [spechunter] [Grep] pattern='sireg|stopei|hgeip|hgeie|hstatus|msideip'
[18:48:35] [spechunter] [TodoWrite] 7 items
[18:48:36] [spechunter] [Grep] pattern='msdcfg'
[18:48:36] [spechunter] [Grep] pattern='sireg'
[18:48:36] [spechunter] [Grep] pattern='stopei'
[18:48:36] [spechunter] [Grep] pattern='hgeip'
[18:48:36] [spechunter] [Grep] pattern='hgeie'
[18:48:36] [spechunter] [Grep] pattern='hstatus'
[18:48:36] [spechunter] [Grep] pattern='msideip'
[18:48:36] [spechunter] [Grep] pattern='\\bmip\\b'
[18:48:36] [spechunter] [Bash] Check current commit for context
[18:48:38] [spechunter] [Grep] pattern='SIDN|sidn'
[18:48:38] [spechunter] [Grep] pattern='msideleg|MSID'
[18:48:38] [spechunter] [Grep] pattern='siselect|sireg[0-9]|SISELECT'
[18:48:42] [spechunter] [Grep] pattern='IOMPT|IOMMU|iommu'
[18:48:42] [spechunter] [Grep] pattern='smia|aia|imsic|aplic|Smsdia|Smgeien'
[18:48:54] [spechunter] [text] ```json {   "violation_condition": "When msdcfg.SIDN holds a value that does not correspond to an implemented supervisor...
[18:48:56] [spechunter] [Grep] pattern='msideleg|MIDELEG'
[18:48:56] [spechunter] [Grep] pattern='csr_write.*mideleg'
[18:48:56] [spechunter] [Grep] pattern='csr_read.*mip|csr_read.*mideleg'
[18:48:57] [spechunter] [Grep] pattern='msdcfg'
[18:48:57] [spechunter] [Grep] pattern='siselect'
[18:48:57] [spechunter] [Grep] pattern='sireg'
[18:48:57] [spechunter] [Grep] pattern='stopei'
[18:48:57] [spechunter] [Grep] pattern='hgeip'
[18:48:57] [spechunter] [Grep] pattern='hgeie'
[18:48:57] [spechunter] [Grep] pattern='hstatus'
[18:48:57] [spechunter] [Grep] pattern='\\bmip\\b'
[18:48:57] [spechunter] [Grep] pattern='msideip'
[18:48:57] [spechunter] [Grep] pattern='CSR_MIP'
[18:48:57] [spechunter] [Grep] pattern='CSR_HSTATUS'
[18:48:57] [spechunter] [Grep] pattern='HSTATUS_'
[18:48:57] [spechunter] [Grep] pattern='MIP_'
[18:48:59] [spechunter] [Agent] description, prompt
[18:49:14] [spechunter] [Read] /home/yzs/riscv/freebsd-src/sys/riscv/vmm/vmm_aplic.c
[18:49:14] [spechunter] [Read] /home/yzs/riscv/freebsd-src/sys/riscv/riscv/aplic.c
[18:49:16] [spechunter] [text] Let me look at the key functions in the relevant source files to capture exact line ranges.  
[18:49:16] [spechunter] [Read] /home/yzs/riscv/opensbi/lib/sbi/sbi_hsm.c
[18:49:16] [spechunter] [Read] /home/yzs/riscv/opensbi/lib/sbi/sbi_trap.c
[18:49:16] [spechunter] [Read] /home/yzs/riscv/opensbi/lib/sbi/sbi_sse.c
[18:49:16] [spechunter] [Read] /home/yzs/riscv/opensbi/lib/sbi/sbi_hart.c
[18:49:16] [spechunter] [Read] /home/yzs/riscv/opensbi/lib/sbi/sbi_hart.c
[18:49:16] [spechunter] [Read] /home/yzs/riscv/opensbi/lib/sbi/sbi_hart.c
[18:49:16] [spechunter] [Read] /home/yzs/riscv/opensbi/lib/sbi/sbi_hsm.c
[18:49:25] [spechunter] [Bash] Check recent RISC-V kernel changes for context
[18:49:25] [spechunter] [text] Let me start exploring the key CSR files directly while the background agent works
[18:49:25] [spechunter] [Grep] pattern='msdcfg|MSDCFG|SIDN|sidn'
[18:49:25] [spechunter] [Grep] pattern='siselect|SIREG|stopei|STOPEI'
[18:49:25] [spechunter] [Grep] pattern='msideip|MSIDEIP|hgeip|hgeie|HGEIP|HGEIE'
[18:49:25] [spechunter] [Grep] pattern='msdcfg'
[18:49:25] [spechunter] [Grep] pattern='SIDN'
[18:49:25] [spechunter] [Grep] pattern='hgeip'
[18:49:25] [spechunter] [Grep] pattern='hgeie'
[18:49:25] [spechunter] [Grep] pattern='siselect'
[18:49:25] [spechunter] [Grep] pattern='sireg'
[18:49:25] [spechunter] [Grep] pattern='stopei'
[18:49:25] [spechunter] [Grep] pattern='vgein'
[18:49:25] [spechunter] [Grep] pattern='msideip'
[18:49:25] [spechunter] [Grep] pattern='mgeien'
[18:49:25] [spechunter] [Grep] pattern='NUM_SUPERVISOR_DOMAINS'
[18:49:26] [spechunter] [Grep] pattern='STOPEI|stopei|CSR_STOPEI'
[18:49:26] [spechunter] [Grep] pattern='HGEIP|HGEIE|CSR_HGEIP|CSR_HGEIE'
[18:49:26] [spechunter] [Grep] pattern='HSTATUS|CSR_HSTATUS'
[18:49:26] [spechunter] [Grep] pattern='VGEIN|vgein'
[18:49:29] [spechunter] [TodoWrite] 8 items
[18:49:42] [spechunter] [Grep] pattern='msdcfg|SIDN|msideip|mgeien'
[18:49:42] [spechunter] [Grep] pattern='hgeip|hgeie'
[18:49:42] [spechunter] [Grep] pattern='siselect|sireg|stopei'
[18:49:42] [spechunter] [Grep] pattern='vgein|SEIP'
[18:49:43] [spechunter] [Grep] pattern='msdcfg|msideip'
[18:49:43] [spechunter] [Grep] pattern='msdcfg|msideip'
[18:49:43] [spechunter] [Grep] pattern='SIDN'
[18:49:43] [spechunter] [Grep] pattern='SEIP'
[18:49:43] [spechunter] [Grep] pattern='msdcfg|msideip'
[18:49:43] [spechunter] [Grep] pattern='msdcfg|msideip'
[18:49:43] [spechunter] [Grep] pattern='msdcfg|msideip'
[18:49:53] [spechunter] [Grep] pattern='msdcfg|SIDN|msideip|mgeien|MSDCFG|MSIDEN'
[18:49:53] [spechunter] [Grep] pattern='geilen|GEILEN'
[18:49:53] [spechunter] [Grep] pattern='IMSIC|imsic|imsicParams|IMSICParams'
[18:49:53] [spechunter] [Grep] pattern='Hgeip|Hgeie|hgeipBundle|hgeieBundle'
[18:49:53] [spechunter] [Grep] pattern='msdcfg|SIDN|Mdcfg|sidn'
[18:49:53] [spechunter] [Grep] pattern='hgeip|hgeie|Hgeip|Hgeie'
[18:49:53] [spechunter] [Grep] pattern='siselect|sireg|stopei|Siselect|Sireg|Stopei'
[18:49:53] [spechunter] [Grep] pattern='vgein|Vgein|VGEIN'
[18:50:00] [spechunter] [Grep] pattern='Sidn|sidn|domain|Domain|supervisor.*domain|supervisorDomain'
[18:50:00] [spechunter] [Read] /home/yzs/riscv/XiangShan/src/main/scala/xiangshan/backend/fu/NewCSR/CSRAIA.scala
[18:50:00] [spechunter] [Read] /home/yzs/riscv/XiangShan/src/main/scala/xiangshan/backend/fu/NewCSR/HypervisorLevel.scala
[18:50:05] [spechunter] [text] Let me now read the key source files to trace SIDN-related logic.  
[18:50:05] [spechunter] [Read] /home/yzs/riscv/XiangShan/src/main/scala/xiangshan/backend/fu/NewCSR/HypervisorLevel.scala
[18:50:05] [spechunter] [Read] /home/yzs/riscv/XiangShan/src/main/scala/xiangshan/backend/fu/NewCSR/CSRIND.scala
[18:50:05] [spechunter] [Read] /home/yzs/riscv/XiangShan/src/main/scala/xiangshan/backend/fu/NewCSR/InterruptFilter.scala
[18:50:06] [spechunter] [text] Here is the JSON report of all references found in the OpenSBI codebase:  ```json {   "locations": [     {       "file_p...
[18:50:10] [spechunter] [text] No `msdcfg` references at all — msdcfg CSR hasn't been implemented. Let me dig into the related AIA/interrupt-domain inf...
[18:50:10] [spechunter] [Grep] pattern='siselect|sireg[^i]|stopei|SISELECT|SIREG'
[18:50:10] [spechunter] [Grep] pattern='hgeip|hgeie|HGEIP|HGEIE'
[18:50:10] [spechunter] [Grep] pattern='aia|AIA|aplic|APLIC|imsic|IMSIC'
[18:50:10] [spechunter] [Grep] pattern='ISELECT_IMSIC|rmw_xiregi|rmw_xtopei'
[18:50:10] [spechunter] [Grep] pattern='rmw_xireg\\b|read_xireg|write_xireg'
[18:50:10] [spechunter] [Grep] pattern='aia_smode|aia_hmode|csrind_or_aia'
[18:50:13] [spechunter] [text] Now let me look at the actual code to trace the save/restore flow around mideleg and subsequent CSR reads.  
[18:50:13] [spechunter] [Read] /home/yzs/riscv/opensbi/lib/sbi/sbi_hsm.c
[18:50:13] [spechunter] [Grep] pattern='csr_write.*MIDELEG|csr_write.*mideleg'
[18:50:17] [spechunter] [Grep] pattern='msdcfg|SIDN|siselect|stopei|msideip|msideie|mgeien|hgeip|hgeie|vgein|imsic|Smsdia|Smgeien|Ssgeien'
[18:50:25] [spechunter] [text] No msdcfg/SIDN references found at all. Let me read the key code paths in detail.  
[18:50:25] [spechunter] [Read] /home/yzs/riscv/qemu/target/riscv/csr.c
[18:50:25] [spechunter] [Read] /home/yzs/riscv/qemu/target/riscv/csr.c
[18:50:25] [spechunter] [Read] /home/yzs/riscv/qemu/target/riscv/csr.c
[18:50:34] [spechunter] [Grep] pattern='^static.*rmw_xireg\\b|^static.*rmw_xiregi|^static.*rmw_xtopei|^static.*rmw_xiselect|^static.*read_hgeip|^static.*write_hgeie|^static.*read_hstatus|^static.*write_hstatus|^static.*rmw_mip'
[18:50:34] [spechunter] [Grep] pattern='riscv_cpu_update_mip'
[18:50:34] [spechunter] [Grep] pattern='imsic|IMSIC'
[18:50:34] [spechunter] [Grep] pattern='imsic|IMSIC|aia|AIA'
[18:50:34] [spechunter] [Grep] pattern='msdcfg|msideip'
[18:50:38] [spechunter] [Read] /home/yzs/riscv/XiangShan/src/main/scala/xiangshan/backend/fu/NewCSR/MachineLevel.scala
[18:50:38] [spechunter] [Read] /home/yzs/riscv/XiangShan/src/main/scala/xiangshan/backend/fu/NewCSR/NewCSR.scala
[18:50:38] [spechunter] [Read] /home/yzs/riscv/XiangShan/src/main/scala/xiangshan/backend/fu/NewCSR/NewCSR.scala
[18:50:38] [spechunter] [Read] /home/yzs/riscv/XiangShan/src/main/scala/xiangshan/backend/fu/NewCSR/CSRPermitModule.scala
[18:50:38] [spechunter] [Read] /home/yzs/riscv/XiangShan/src/main/scala/xiangshan/backend/fu/NewCSR/HypervisorLevel.scala
[18:50:38] [spechunter] [Read] /home/yzs/riscv/XiangShan/src/main/scala/system/SoC.scala
[18:50:42] [spechunter] [TodoWrite] 8 items
[18:50:42] [spechunter] [text] ```json {   "violation_condition": "Kernel (HS-mode or M-mode firmware) accesses siselect, sireg, stopei, hgeip, hgeie, ...
[18:50:43] [spechunter] [Read] /home/yzs/riscv/opensbi/lib/sbi/sbi_hsm.c
[18:50:43] [spechunter] [Read] /home/yzs/riscv/opensbi/lib/sbi/sbi_init.c
[18:50:46] [spechunter] [text] Let me now look at the interrupt file indexing and the AIA infrastructure in detail
[18:50:46] [spechunter] [Read] /home/yzs/riscv/qemu/target/riscv/cpu.h
[18:50:46] [spechunter] [Grep] pattern='msdcfg|MSDCFG|SIDN|sidn|aia_ireg|geilen|VGEIN|siselect|siprio|miprio|hviprio'
[18:50:46] [spechunter] [Grep] pattern='msdcfg|MSDCFG|SIDN|ISELECT_IMSIC|AIA_MAKE_IREG|IMSIC_TOPEI'
[18:50:56] [spechunter] [Read] /home/yzs/riscv/XiangShan/src/main/scala/xiangshan/backend/fu/NewCSR/CSRIND.scala
[18:50:56] [spechunter] [Grep] pattern='vgein|VGEIN'
[18:50:56] [spechunter] [Grep] pattern='hstatusVGEIN|hstatus\\.regOut\\.VGEIN'
[18:50:56] [spechunter] [Grep] pattern='asUInt\\(hstatus|asUInt\\(.*VGEIN|asUInt\\(.*vgein'
[18:50:56] [spechunter] [Read] /home/yzs/riscv/XiangShan/src/main/scala/xiangshan/backend/fu/NewCSR/InterruptFilter.scala
[18:51:06] [spechunter] [text] Let me now trace the critical interrupt domain indexing and the `geilen`/vgein bounds checks
[18:51:06] [spechunter] [Read] /home/yzs/riscv/qemu/target/riscv/csr.c
[18:51:06] [spechunter] [Read] /home/yzs/riscv/qemu/target/riscv/csr.c
[18:51:06] [spechunter] [Read] /home/yzs/riscv/qemu/target/riscv/csr.c
[18:51:06] [spechunter] [text] Now let me read the CSRAIA module (which handles IMSIC interrupt files and msdcfg), NewCSR (siselect/sireg read path), a...
[18:51:06] [spechunter] [Read] /home/yzs/riscv/XiangShan/src/main/scala/xiangshan/backend/fu/NewCSR/CSRAIA.scala
[18:51:06] [spechunter] [Read] /home/yzs/riscv/XiangShan/src/main/scala/xiangshan/backend/fu/NewCSR/MachineLevel.scala
[18:51:06] [spechunter] [Read] /home/yzs/riscv/XiangShan/src/main/scala/xiangshan/backend/fu/NewCSR/InterruptBundle.scala
[18:51:09] [spechunter] [text] ```json {   "violation_condition": "FreeBSD kernel (or bhyve) writes an unimplemented supervisor interrupt domain number...
[18:51:12] [spechunter] [Grep] pattern='eidelivery|eithreshold|eip|eie|topei|imsic'
[18:51:12] [spechunter] [Grep] pattern='ISELECT_MASK|AIA_MAKE_IREG'
[18:51:12] [spechunter] [Grep] pattern='SIDN'
[18:51:21] [spechunter] [Read] /home/yzs/riscv/qemu/target/riscv/csr.c
[18:51:21] [spechunter] [Grep] pattern='msideip|MSIDEIP'
[18:51:21] [spechunter] [Grep] pattern='msideip|MSIDEIP'
[18:51:24] [spechunter] [Grep] pattern='\\.asUInt\\(.*VGEIN|\\.asUInt\\(.*vgein'
[18:51:24] [spechunter] [Grep] pattern='fromAIA\\.vseip|aiaToCSR\\.vseip'
[18:51:24] [spechunter] [Read] /home/yzs/riscv/XiangShan/src/main/scala/xiangshan/backend/fu/NewCSR/CSRPermitModule.scala
[18:51:24] [spechunter] [Read] /home/yzs/riscv/XiangShan/src/main/scala/xiangshan/backend/fu/NewCSR/InterruptFilter.scala
[18:51:24] [spechunter] [Read] /home/yzs/riscv/XiangShan/src/main/scala/xiangshan/backend/fu/NewCSR/NewCSR.scala
[18:51:24] [spechunter] [Read] /home/yzs/riscv/XiangShan/src/main/scala/xiangshan/backend/fu/NewCSR/NewCSR.scala
[18:51:27] [spechunter] [TodoWrite] 6 items
[18:51:36] [spechunter] [Grep] pattern='geilen|siselect|aia_ireg|siprio|miprio|hviprio'
[18:51:36] [spechunter] [Grep] pattern='geilen|siselect|aia_ireg|siprio|miprio|hviprio'
[18:51:36] [spechunter] [Grep] pattern='msdcfg|Msdcfg|MSDCFG'
[18:51:36] [spechunter] [Grep] pattern='geilen|geil'
[18:51:41] [spechunter] [text] I'll conduct a thorough semantic search across the RISC-V kernel code for code affected by the unimplemented supervisor ...
[18:51:41] [spechunter] [Agent] description, subagent_type
[18:51:41] [spechunter] [Agent] description, subagent_type
[18:51:41] [spechunter] [Agent] description, subagent_type
[18:51:43] [spechunter] [Grep] pattern='pendings|intFilesNum|toCSR'
[18:51:43] [spechunter] [Grep] pattern='IMSIC|imsic'
[18:51:44] [spechunter] [Read] /home/yzs/riscv/qemu/target/riscv/csr.c
[18:51:44] [spechunter] [Read] /home/yzs/riscv/qemu/target/riscv/csr.c
[18:51:44] [spechunter] [Read] /home/yzs/riscv/qemu/target/riscv/csr.c
[18:51:44] [spechunter] [Read] /home/yzs/riscv/qemu/target/riscv/csr.c
[18:51:44] [spechunter] [Read] /home/yzs/riscv/qemu/target/riscv/csr.c
[18:51:44] [spechunter] [Read] /home/yzs/riscv/qemu/target/riscv/csr.c
[18:51:44] [spechunter] [Read] /home/yzs/riscv/qemu/target/riscv/csr.c
[18:51:44] [spechunter] [Read] /home/yzs/riscv/qemu/target/riscv/csr.c
[18:51:44] [spechunter] [Read] /home/yzs/riscv/qemu/target/riscv/csr.c
[18:51:46] [spechunter] [text] Let me now trace the SEIP handling and the other critical sites  
[18:51:46] [spechunter] [Read] /home/yzs/riscv/qemu/target/riscv/csr.c
[18:51:46] [spechunter] [Read] /home/yzs/riscv/qemu/target/riscv/cpu.c
[18:51:46] [spechunter] [Read] /home/yzs/riscv/qemu/target/riscv/cpu.c
[18:51:47] [spechunter] [Grep] pattern='msdcfg'
[18:51:47] [spechunter] [Grep] pattern='msdcfg'
[18:51:47] [spechunter] [Grep] pattern='msdcfg'
[18:51:47] [spechunter] [Grep] pattern='siselect'
[18:51:47] [spechunter] [Grep] pattern='sireg'
[18:51:47] [spechunter] [Grep] pattern='stopei'
[18:51:47] [spechunter] [Grep] pattern='msideip'
[18:51:47] [spechunter] [Grep] pattern='hgeip'
[18:51:47] [spechunter] [Grep] pattern='hgeie'
[18:51:47] [spechunter] [Grep] pattern='hstatus'
[18:51:50] [spechunter] [Grep] pattern='intFilesNum|pendings|topeis|vseip|geilen'
[18:51:50] [spechunter] [Grep] pattern='class IMSIC|IMSICParams|intFilesNum|vseip'
[18:51:58] [spechunter] [text] Now let me trace what happens after the mideleg restore — when does OpenSBI read mip or related CSRs after that restore
[18:51:58] [spechunter] [Grep] pattern='csr_read.*CSR_MIP|csr_read.*MIP'
[18:51:58] [spechunter] [Read] /home/yzs/riscv/opensbi/lib/sbi/sbi_trap.c
[18:51:58] [spechunter] [Read] /home/yzs/riscv/XiangShan/src/main/scala/xiangshan/backend/fu/wrapper/CSR.scala
[18:51:58] [spechunter] [Read] /home/yzs/riscv/XiangShan/src/main/scala/device/imsic_axi_top.scala
[18:51:58] [spechunter] [Read] /home/yzs/riscv/XiangShan/src/main/scala/xiangshan/backend/fu/NewCSR/MachineLevel.scala
[18:52:00] [spechunter] [Read] /home/yzs/riscv/XiangShan/src/main/scala/xiangshan/backend/fu/NewCSR/CSRPermitModule.scala
[18:52:00] [spechunter] [Read] /home/yzs/riscv/XiangShan/src/main/scala/system/SoC.scala
[18:52:03] [spechunter] [Grep] pattern='siselect'
[18:52:03] [spechunter] [Grep] pattern='sireg'
[18:52:03] [spechunter] [Grep] pattern='stopei'
[18:52:03] [spechunter] [Grep] pattern='hgeip'
[18:52:03] [spechunter] [Grep] pattern='hgeie'
[18:52:03] [spechunter] [Grep] pattern='msideip'
[18:52:03] [spechunter] [Grep] pattern='msdcfg|MSECCFG|mseccfg'
[18:52:04] [spechunter] [Glob] arch/riscv/kvm/**/*.c
[18:52:04] [spechunter] [Glob] arch/riscv/kvm/**/*.h
[18:52:04] [spechunter] [Glob] arch/riscv/include/asm/kvm*.h
[18:52:04] [spechunter] [Grep] pattern='siselect|sireg|stopei|hgeip|hgeie|hstatus'
[18:52:04] [spechunter] [Grep] pattern='msideip|msideie|msdcfg|mseccfg|MSECCFG'
[18:52:04] [spechunter] [Grep] pattern='CSR_SISELECT|CSR_SIREG|CSR_STOPEI|CSR_HGEIP|CSR_HGEIE|CSR_HSTATUS'
[18:52:04] [spechunter] [Grep] pattern='CSR_SISELECT|CSR_SIREG|CSR_STOPEI|CSR_HGEIP|CSR_HGEIE|CSR_HSTATUS'
[18:52:04] [spechunter] [Grep] pattern='class IMSIC_WRAP|class IMSICParams|intFilesNum'
[18:52:06] [spechunter] [Agent] subagent_type, description
[18:52:06] [spechunter] [Agent] subagent_type, description
[18:52:06] [spechunter] [Agent] subagent_type, description
[18:52:08] [spechunter] [text] I'll search for all the affected entities in parallel across the RISC-V related paths.  
[18:52:08] [spechunter] [Grep] pattern='msdcfg'
[18:52:08] [spechunter] [Grep] pattern='csr_(read|write)\\s*\\(\\s*[^,]*siselect'
[18:52:08] [spechunter] [Grep] pattern='csr_(read|write)\\s*\\(\\s*[^,]*sireg'
[18:52:08] [spechunter] [Grep] pattern='stopei'
[18:52:08] [spechunter] [Grep] pattern='hgeip'
[18:52:08] [spechunter] [Grep] pattern='hgeie'
[18:52:08] [spechunter] [Grep] pattern='hstatus'
[18:52:08] [spechunter] [Grep] pattern='msideip'
[18:52:08] [spechunter] [Grep] pattern='msideie'
[18:52:08] [spechunter] [Grep] pattern='\\bmip\\b'
[18:52:08] [spechunter] [Grep] pattern='SIDN'
[18:52:08] [spechunter] [Grep] pattern='CSR_SISELECT|CSR_SIREG|CSR_STOPEI|CSR_VSISELECT|CSR_VSIREG|CSR_VSTOPEI|CSR_HGEIP|CSR_HGEIE|CSR_HSTATUS|CSR_MIP|CSR_MISELECT|CSR_MIREG|CSR_MTOPEI|CSR_HVIP'
[18:52:08] [spechunter] [Grep] pattern='hstatus|hgeip|hgeie|mip|siselect|sireg|stopei|vsiselect|vsireg|vstopei|msdcfg|msideip'
[18:52:08] [spechunter] [Grep] pattern='hgeip|hgeie|hstatus|siselect|sireg|stopei|msdcfg|msideip'
[18:52:08] [spechunter] [Grep] pattern='MIP_SGEIP|MIP_SEIP|MIP_VSEIP|MIP_VSSIP|MIP_VSTIP'
[18:52:08] [spechunter] [Grep] pattern='smode|hmode|aia|csrind'
[18:52:08] [spechunter] [Glob] **/drivers/irqchip/irq-riscv-*.c
[18:52:08] [spechunter] [Glob] **/drivers/irqchip/irq-sifive-*.c
[18:52:08] [spechunter] [Glob] **/drivers/irqchip/irq-thead-*.c
[18:52:08] [spechunter] [Glob] **/drivers/irqchip/irq-riscv-aia*.c
[18:52:08] [spechunter] [Glob] **/drivers/irqchip/irq-riscv-imsic*.c
[18:52:08] [spechunter] [Glob] **/drivers/irqchip/irq-riscv-aplic*.c
[18:52:08] [spechunter] [Grep] pattern='siselect|sireg|stopei'
[18:52:08] [spechunter] [Grep] pattern='siselect|sireg|stopei'
[18:52:08] [spechunter] [Grep] pattern='siselect|sireg|stopei'
[18:52:09] [spechunter] [Grep] pattern='msdcfg|siselect|stopei|msideip|hgeip|hgeie|hstatus'
[18:52:09] [spechunter] [Grep] pattern='MSDCFG|SISELECT|STOPEI|MSIDEIP|HGEIP|HGEIE|HSTATUS'
[18:52:09] [spechunter] [Grep] pattern='MSDCFG|SISELECT|SIPREG|SIREG|STOPEI|MSIDEIP|HGEIP|HGEIE|HSTATUS'
[18:52:09] [spechunter] [Grep] pattern='msdcfg|siselect|sireg|stopei'
[18:52:12] [spechunter] [TodoWrite] 5 items
[18:52:12] [spechunter] [Grep] pattern='aia'
[18:52:12] [spechunter] [Bash] List submodules for external IMSIC/SoC dependencies
[18:52:18] [spechunter] [Bash] List riscv sys directory
[18:52:18] [spechunter] [Bash] List riscv include directory
[18:52:18] [spechunter] [Glob] **/bhyve/**/*.c
[18:52:18] [spechunter] [Glob] **/bhyve/**/*.h
[18:52:20] [spechunter] [Grep] pattern='mip|hgeip|hgeie|hstatus|siselect|vsiselect|miselect|vsiselect'
[18:52:20] [spechunter] [Grep] pattern='hstatus|mip|hgeip|hgeie|siselect|vsiselect'
[18:52:20] [spechunter] [Grep] pattern='rmw'
[18:52:24] [spechunter] [Grep] pattern='msdcfg|SIDN|msideip|mgeien|supervisorDomain|NUM_SUPERVISOR'
[18:52:24] [spechunter] [Grep] pattern='msdcfg|SIDN|msideip|mgeien'
[18:52:24] [spechunter] [Grep] pattern='\\.asUInt\\('
[18:52:25] [spechunter] [Read] /home/yzs/riscv/freebsd-src/sys/riscv/riscv/swtch.S
[18:52:25] [spechunter] [Read] /home/yzs/riscv/freebsd-src/sys/riscv/riscv/trap.c
[18:52:25] [spechunter] [Grep] pattern='mideleg|medeleg|mip|mie|sie|sip'
[18:52:25] [spechunter] [Grep] pattern='external interrupt|SEIP|supervisor external interrupt'
[18:52:25] [spechunter] [Glob] **/locore.S
[18:52:25] [spechunter] [Grep] pattern='MSDCFG|SISELECT|SIREG|STOPEI|MSIDEIP|HGEIP|HGEIE'
[18:52:25] [spechunter] [Read] /home/yzs/riscv/freebsd-src/sys/riscv/vmm/vmm_riscv.c
[18:52:25] [spechunter] [Read] /home/yzs/riscv/freebsd-src/sys/riscv/include/riscvreg.h
[18:52:30] [spechunter] [Grep] pattern='CSR_SISELECT|CSR_SIREG|CSR_STOPEI|CSR_HGEIP|CSR_HGEIE|CSR_MSIDEIP|CSR_MSECCFG|CSR_SIDN'
[18:52:30] [spechunter] [Grep] pattern='SISELECT|SIREG|STOPEI|HGEIP|HGEIE|MSIDEIP|MSECCFG'
[18:52:30] [spechunter] [Grep] pattern='SISELECT|SIREG|STOPEI|HGEIP|HGEIE|MSIDEIP|MSECCFG'
[18:52:30] [spechunter] [Grep] pattern='csr_read|csr_write|csr_set|csr_clear'
[18:52:30] [spechunter] [Grep] pattern='csr_read|csr_write|csr_set|csr_clear'
[18:52:31] [spechunter] [Grep] pattern='HSTATUS_VGEIN|VGEIN'
[18:52:31] [spechunter] [Grep] pattern='domain'
[18:52:31] [spechunter] [Grep] pattern='sidi|SIDI'
[18:52:31] [spechunter] [Grep] pattern='MSECCFG|mseccfg'
[18:52:31] [spechunter] [Read] /home/yzs/riscv/linux/arch/riscv/include/asm/csr.h
[18:52:31] [spechunter] [Read] /home/yzs/riscv/linux/arch/riscv/include/asm/csr.h
[18:52:34] [spechunter] [text] Let me search more broadly for AIA-related CSR definitions and any write-then-read patterns that could match
[18:52:34] [spechunter] [Grep] pattern='msideleg|MSIDELEG'
[18:52:34] [spechunter] [Grep] pattern='mtofi|MTOFI|mvien|MVIEN|mvi|MVI'
[18:52:34] [spechunter] [Grep] pattern='hgeip|hgeie|HGEIP|HGEIE|stopei|STOPEI'
[18:52:38] [spechunter] [Glob] **/riscv/**/vmm/**
[18:52:38] [spechunter] [Glob] **/riscv/**/*hype*
[18:52:38] [spechunter] [Glob] **/riscv/**/*bhyve*
[18:52:38] [spechunter] [Glob] **/riscv/**/*vm*
[18:52:38] [spechunter] [Glob] **/vmm/**
[18:52:38] [spechunter] [Glob] **/bhyve/**
[18:52:38] [spechunter] [Grep] pattern='bhyve.*riscv|riscv.*bhyve'
[18:52:38] [spechunter] [Grep] pattern='vmexit|vmentry|virtualization'
[18:52:39] [spechunter] [text] Let me do more targeted searches for the remaining entities and patterns.  
[18:52:39] [spechunter] [Grep] pattern='CSR_HSTATUS|HSTATUS_'
[18:52:39] [spechunter] [Grep] pattern='_MIP|IE_TIE|IE_EIE|IP_TIP|IP_EIP|CSR_MIP|CSR_MIE'
[18:52:39] [spechunter] [Grep] pattern='vsiselect|VSISELECT|siselect|SISELECT'
[18:52:39] [spechunter] [Grep] pattern='vsireg|VSIREG|sireg2|SIREG'
[18:52:39] [spechunter] [Grep] pattern='hgeip|HGEIP|hgeie|HGEIE|msideip|MSIDEIP|msideie|MSIDEIE'
[18:52:39] [spechunter] [Grep] pattern='hgeip|HGEIP|hgeie|HGEIE|msideip|MSIDEIP|msideie|MSIDEIE'
[18:52:39] [spechunter] [Grep] pattern='\\bMSDCFG\\b|CSR_MSDCFG'
[18:52:39] [spechunter] [Grep] pattern='csr_write.*CSR_MIP|csr_read.*CSR_MIP|csr_set.*CSR_MIP|csr_clear.*CSR_MIP'
[18:52:48] [spechunter] [Read] /home/yzs/riscv/XiangShan/src/main/scala/xiangshan/backend/fu/NewCSR/MachineLevel.scala
[18:52:48] [spechunter] [Read] /home/yzs/riscv/XiangShan/src/main/scala/xiangshan/backend/fu/NewCSR/CSRPermitModule.scala
[18:52:48] [spechunter] [Read] /home/yzs/riscv/XiangShan/src/main/scala/xiangshan/backend/fu/NewCSR/InterruptFilter.scala
[18:52:48] [spechunter] [Read] /home/yzs/riscv/XiangShan/src/main/scala/xiangshan/backend/fu/NewCSR/HypervisorLevel.scala
[18:52:49] [spechunter] [Grep] pattern='siselect|sireg|stopei'
[18:52:49] [spechunter] [Grep] pattern='siselect|sireg|stopei'
[18:52:49] [spechunter] [Grep] pattern='siselect|sireg|stopei'
[18:52:49] [spechunter] [Grep] pattern='smstateen|STATEEN'
[18:52:49] [spechunter] [Grep] pattern='smstateen|STATEEN'
[18:52:49] [spechunter] [Grep] pattern='domain'
[18:52:49] [spechunter] [Grep] pattern='domain'
[18:52:49] [spechunter] [Grep] pattern='domain'
[18:52:50] [spechunter] [Read] /home/yzs/riscv/freebsd-src/sys/riscv/riscv/locore.S
[18:52:50] [spechunter] [Read] /home/yzs/riscv/freebsd-src/sys/riscv/riscv/intc.c
[18:52:50] [spechunter] [Read] /home/yzs/riscv/freebsd-src/sys/riscv/riscv/sbi_ipi.c
[18:52:50] [spechunter] [Read] /home/yzs/riscv/freebsd-src/sys/riscv/include/riscvreg.h
[18:52:50] [spechunter] [Glob] **/exception.S
[18:52:50] [spechunter] [Read] /home/yzs/riscv/freebsd-src/sys/riscv/riscv/plic.c
[18:52:50] [spechunter] [Read] /home/yzs/riscv/freebsd-src/sys/riscv/riscv/aplic.c
[18:52:50] [spechunter] [Read] /home/yzs/riscv/freebsd-src/sys/riscv/vmm/vmm_switch.S
[18:52:50] [spechunter] [Read] /home/yzs/riscv/freebsd-src/sys/riscv/vmm/riscv.h
[18:52:50] [spechunter] [Read] /home/yzs/riscv/freebsd-src/sys/riscv/vmm/vmm_riscv.c
[18:52:51] [spechunter] [Read] /home/yzs/riscv/linux/arch/riscv/kvm/aia.c
[18:52:51] [spechunter] [Read] /home/yzs/riscv/linux/arch/riscv/kvm/aia_imsic.c
[18:52:51] [spechunter] [Read] /home/yzs/riscv/linux/arch/riscv/kvm/aia_device.c
[18:52:51] [spechunter] [Read] /home/yzs/riscv/linux/arch/riscv/include/asm/kvm_aia.h
[18:52:55] [spechunter] [Grep] pattern='msdcfg|MSDCFG|SIDN'
[18:52:55] [spechunter] [Grep] pattern='siselect|SISELECT'
[18:52:55] [spechunter] [Grep] pattern='sireg|SIREG'
[18:52:55] [spechunter] [Grep] pattern='stopei|STOPEI'
[18:52:55] [spechunter] [Grep] pattern='msideip|MSIDEIP'
[18:52:55] [spechunter] [Grep] pattern='hgeip|hgeie|hstatus|HGEIP|HGEIE|HSTATUS'
[18:52:56] [spechunter] [text] Let me check the current branch state and whether msdcfg was added recently.  
[18:52:56] [spechunter] [Bash] Show commits on current branch not on master
[18:52:56] [spechunter] [Grep] pattern='msdcfg|MSDCFG|msideip|MSIDEIP'
[18:52:56] [spechunter] [Grep] pattern='msdcfg|MSDCFG'
[18:53:01] [spechunter] [text] Now let me look at how `vgein` is used as an index into `hgeip` and search for broader patterns in the IMSIC module.  
[18:53:01] [spechunter] [Grep] pattern='hgeip\\.asUInt|hgeie\\.asUInt|hstatusVGEIN|vgein'
[18:53:01] [spechunter] [Grep] pattern='vgein|VGEIN|Vgein|stopei|Stopei'
[18:53:01] [spechunter] [Grep] pattern='rmw_xireg_aia'
[18:53:01] [spechunter] [Grep] pattern='^static.*rmw_xireg_aia|^static.*rmw_xireg_csrind|^static.*rmw_xiprio'
[18:53:03] [spechunter] [text] Let me also search for `stopei` references in the RISC-V arch code and check for `mip`/`mie` CSR access patterns within ...
[18:53:03] [spechunter] [Grep] pattern='stopei|STOPEI|CSR_STOPEI'
[18:53:03] [spechunter] [Grep] pattern='stopei|STOPEI'
[18:53:03] [spechunter] [Grep] pattern='csr_(read|write|set|clear|swap)\\s*\\(\\s*(CSR_MIP|CSR_MIE)'
[18:53:03] [spechunter] [Grep] pattern='msideip|MSIDEIP|msideie|MSIDEIE'
[18:53:03] [spechunter] [Grep] pattern='\\bmsdcfg\\b'
[18:53:06] [spechunter] [Grep] pattern='h-extension|hypervisor|HSTATUS|HENVCFG|HGEIE|HGEIP|HTVAL|HTINST|HVICTL|HCONTEXT'
[18:53:06] [spechunter] [Grep] pattern='CSR_|csr_read|csr_write|csr_swap'
[18:53:06] [spechunter] [Grep] pattern='vmm|bhyve|virtualization'
[18:53:06] [spechunter] [Glob] usr.sbin/bhyve/riscv/**
[18:53:06] [spechunter] [Glob] usr.sbin/bhyvectl/riscv/**
[18:53:06] [spechunter] [Glob] lib/libvmmapi/riscv/**
[18:53:06] [spechunter] [Grep] pattern='VMM|bhyve|h-v|hypervisor'
[18:53:07] [spechunter] [Read] /home/yzs/riscv/linux/arch/riscv/include/asm/csr.h
[18:53:07] [spechunter] [Read] /home/yzs/riscv/linux/arch/riscv/include/asm/csr.h
[18:53:07] [spechunter] [Read] /home/yzs/riscv/linux/arch/riscv/include/asm/csr.h
[18:53:07] [spechunter] [Read] /home/yzs/riscv/linux/arch/riscv/kvm/aia_imsic.c
[18:53:07] [spechunter] [Read] /home/yzs/riscv/linux/arch/riscv/kvm/aia.c
[18:53:07] [spechunter] [Read] /home/yzs/riscv/linux/arch/riscv/kvm/aia.c
[18:53:10] [spechunter] [Grep] pattern='ISELECT_IPRIO|ISELECT_MASK|IMSIC_FIRST|IMSIC_LAST|IMSIC_EIP|IMSIC_EIE|IMSIC_EIDELIVERY|IMSIC_EITHRESHOLD'
[18:53:10] [spechunter] [Grep] pattern='ISELECT_IPRIO|ISELECT_MASK|IMSIC_FIRST|IMSIC_LAST|IMSIC_EIP|IMSIC_EIE|IMSIC_EIDELIVERY|IMSIC_EITHRESHOLD'
[18:53:10] [spechunter] [Grep] pattern='kvm_riscv_vcpu_csr_func|csr_func_table|KVM_RISCV_VCPU_AIA_CSR_FUNCS'
[18:53:10] [spechunter] [Grep] pattern='TOPEI_ID_SHIFT|TOPEI_IPRIO|topi'
[18:53:10] [spechunter] [Grep] pattern='domain|supervisor.*domain'
[18:53:10] [spechunter] [Grep] pattern='SIDN|sidn|supervisor_domain'
[18:53:10] [spechunter] [Read] /home/yzs/riscv/linux/arch/riscv/kvm/vcpu_insn.c
[18:53:15] [spechunter] [Grep] pattern='HSTATUS|hstatus'
[18:53:15] [spechunter] [Grep] pattern='HGEIP|HGEIE|HSTATUS|hgeip|hgeie|hstatus'
[18:53:15] [spechunter] [Grep] pattern='siselect|sireg'
[18:53:20] [spechunter] [Read] /home/yzs/riscv/XiangShan/src/main/scala/xiangshan/backend/fu/NewCSR/NewCSR.scala
[18:53:20] [spechunter] [Read] /home/yzs/riscv/XiangShan/src/main/scala/xiangshan/backend/fu/NewCSR/NewCSR.scala
[18:53:20] [spechunter] [Read] /home/yzs/riscv/XiangShan/src/main/scala/xiangshan/backend/fu/NewCSR/NewCSR.scala
[18:53:20] [spechunter] [Grep] pattern='CSR_SISELECT|CSR_SIREG|CSR_STOPEI|CSR_VSISELECT'
[18:53:20] [spechunter] [Grep] pattern='MSICFG|MSICFGADDR|msdcfg|mtdcfg'
[18:53:20] [spechunter] [Grep] pattern='MSICFG|MSICFGADDR|msdcfg|mtdcfg'
[18:53:20] [spechunter] [Grep] pattern='SIDN|sidn'
[18:53:20] [spechunter] [Grep] pattern='SIDN|sidn'
[18:53:20] [spechunter] [Grep] pattern='SIDN|sidn'
[18:53:20] [spechunter] [Grep] pattern='supervisor.domain'
[18:53:20] [spechunter] [Grep] pattern='imsic.*node|imsic.*count|nr_imsic'
[18:53:20] [spechunter] [text] Here are the findings. The entities **msdcfg**, **siselect**, **sireg** (as RISC-V CSR), **stopei**, **msideip**, **hgei...
[18:53:21] [spechunter] [Read] /home/yzs/riscv/linux/include/linux/irqchip/riscv-imsic.h
[18:53:21] [spechunter] [Grep] pattern='supervisor.domain|S-domain|sdomain|s_domain'
[18:53:21] [spechunter] [Grep] pattern='SMSSTATEEN|smsstateen|smstateen'
[18:53:21] [spechunter] [Read] /home/yzs/riscv/linux/arch/riscv/include/asm/kvm_host.h
[18:53:21] [spechunter] [Grep] pattern='IRQ_S_GEXT|IRQ_S_EXT'
[18:53:24] [spechunter] [Grep] pattern='csr_write.*MIDELEG|csr_write.*mideleg'
[18:53:24] [spechunter] [Grep] pattern='csr_write.*mideleg|csr_write.*MIDELEG'
[18:53:25] [spechunter] [Read] /home/yzs/riscv/qemu/target/riscv/csr.c
[18:53:25] [spechunter] [Read] /home/yzs/riscv/qemu/hw/intc/riscv_imsic.c
[18:53:27] [spechunter] [Read] /home/yzs/riscv/freebsd-src/sys/riscv/riscv/exception.S
[18:53:27] [spechunter] [Grep] pattern='initriscv|init_secondary'
[18:53:27] [spechunter] [Grep] pattern='mideleg|medeleg|external|interrupt.*domain|SIE_SEIE'
[18:53:27] [spechunter] [Grep] pattern='mideleg|medeleg'
[18:53:34] [spechunter] [Grep] pattern='VGEIN|vgein'
[18:53:34] [spechunter] [Grep] pattern='SIDN|sidn'
[18:53:34] [spechunter] [Grep] pattern='CSR_ISELECT|CSR_IREG|CSR_TOPEI|CSR_IPH|CSR_IEH'
[18:53:34] [spechunter] [Glob] arch/riscv/kernel/entry.S
[18:53:34] [spechunter] [Glob] arch/riscv/kernel/process.c
[18:53:34] [spechunter] [Grep] pattern='imsic_csr|IMSIC.*csr'
[18:53:38] [spechunter] [text] Now let me look at the IMSIC implementation to see how `vgein` is used as an index
[18:53:38] [spechunter] [Grep] pattern='IMSIC|imsic|Imsic'
[18:53:38] [spechunter] [Grep] pattern='VMM|bhyve|h-extension'
[18:53:38] [spechunter] [Grep] pattern='HSTATUS|HENVCFG|HGEIE|HGEIP|HTVAL|HTINST|HVICTL|HCONTEXT|HIDELEG|HEDELEG|HTIMEDELTA|HVIP|VSSTATUS|VSIE|VSTVEC|VSSCRATCH|VSEPC|VSCAUSE|VSTVAL|VSIP|VSATP'
[18:53:38] [spechunter] [Grep] pattern='HSTATUS|HENVCFG|HIDELEG|HEDELEG'
[18:53:38] [spechunter] [Read] /home/yzs/riscv/freebsd-src/sys/riscv/vmm/riscv.h
[18:53:38] [spechunter] [Read] /home/yzs/riscv/freebsd-src/usr.sbin/bhyve/riscv/vmexit.c
[18:53:40] [spechunter] [Grep] pattern='MSDCFG|msdcfg|SIDN|sidn'
[18:53:40] [spechunter] [Grep] pattern='SISELECT|siselect|SIREG|sireg'
[18:53:40] [spechunter] [Grep] pattern='STOPEI|stopei'
[18:53:40] [spechunter] [Grep] pattern='MSIDEIP|msideip'
[18:53:40] [spechunter] [Grep] pattern='HGEIP|HGEIE|hgeip|hgeie'
[18:53:41] [spechunter] [Grep] pattern='CSR_SISELECT|CSR_SIREG|CSR_STOPEI'
[18:53:41] [spechunter] [Grep] pattern='#define CSR_SI'
[18:53:41] [spechunter] [Grep] pattern='#define CSR_S'
[18:53:41] [spechunter] [Grep] pattern='imsic_global|stack_struct|imsic_info'
[18:53:41] [spechunter] [Grep] pattern='imsic_global|stack_struct|imsic_info'
[18:53:41] [spechunter] [Grep] pattern='struct imsic'
[18:53:41] [spechunter] [text] Let me get more detail on the STOPEI handler and search for MIP-related access patterns in the KVM AIA code
[18:53:41] [spechunter] [Grep] pattern='rmw_topei|STOPEI'
[18:53:41] [spechunter] [Grep] pattern='CSR_MIP|IE_TIE|IE_EIE|IP_TIP|IP_EIP'
[18:53:41] [spechunter] [Grep] pattern='CSR_MIP|IE_TIE|IE_EIE|IP_TIP|IP_EIP'
[18:53:41] [spechunter] [Grep] pattern='CSR_MIP|IE_TIE|IE_EIE|IP_TIP|IP_EIP'
[18:53:41] [spechunter] [Grep] pattern='HGEIE|HGEIP|hgei'
[18:53:42] [spechunter] [Read] /home/yzs/riscv/linux/arch/riscv/kvm/aia_aplic.c
[18:53:42] [spechunter] [Grep] pattern='ncsr_read|ncsr_write'
[18:53:42] [spechunter] [Read] /home/yzs/riscv/linux/arch/riscv/kvm/vcpu_exit.c
[18:53:42] [spechunter] [Read] /home/yzs/riscv/linux/arch/riscv/kvm/vcpu.c
[18:53:42] [spechunter] [Read] /home/yzs/riscv/linux/arch/riscv/include/asm/csr.h
[18:53:42] [spechunter] [Grep] pattern='ISELECT_IPRIO15'
[18:53:54] [spechunter] [Read] /home/yzs/riscv/XiangShan/src/main/scala/device/imsic_axi_top.scala
[18:53:55] [spechunter] [Read] /home/yzs/riscv/linux/arch/riscv/kvm/vcpu.c
[18:53:55] [spechunter] [Read] /home/yzs/riscv/linux/arch/riscv/kvm/vcpu.c
[18:53:55] [spechunter] [Grep] pattern='SMSSTATEEN|msdcfg|msideip|msideie'
[18:53:55] [spechunter] [Grep] pattern='SMSSTATEEN|msdcfg|msideip|msideie'
[18:53:55] [spechunter] [Grep] pattern='ENVCFG_PMM|HENVCFG_PMM'
[18:53:55] [spechunter] [Grep] pattern='HENVCFG_PMM|henvcfg.*PMM|HUPMM'
[18:53:59] [spechunter] [Grep] pattern='initriscv|init_secondary'
[18:53:59] [spechunter] [Grep] pattern='intr_enable|intr_disable|intr_restore|sstatus.*SIE'
[18:53:59] [spechunter] [Read] /home/yzs/riscv/freebsd-src/sys/riscv/riscv/mp_machdep.c
[18:53:59] [spechunter] [Read] /home/yzs/riscv/freebsd-src/sys/riscv/include/encoding.h
[18:54:01] [spechunter] [Read] /home/yzs/riscv/linux/include/linux/irqchip/riscv-imsic.h
[18:54:01] [spechunter] [Read] /home/yzs/riscv/linux/drivers/irqchip/irq-riscv-imsic-state.h
[18:54:01] [spechunter] [Read] /home/yzs/riscv/linux/arch/riscv/include/asm/csr.h
[18:54:01] [spechunter] [Grep] pattern='CSR_ISELECT|CSR_IREG|CSR_TOPEI'
[18:54:01] [spechunter] [Grep] pattern='CSR_ISELECT|CSR_IREG|CSR_TOPEI'
[18:54:01] [spechunter] [Grep] pattern='riscv,imsics|riscv,imsic|interrupt-controller.*imsic'
[18:54:05] [spechunter] [Grep] pattern='APLIC_DOMAINCFG'
[18:54:05] [spechunter] [Grep] pattern='KVM_DEV_RISCV_AIA'
[18:54:05] [spechunter] [Grep] pattern='guest_file|nr_guest_file|vsfile_hgei'
[18:54:05] [spechunter] [text] Now let me look at the IMSIC address computation and the AIA IMSIC implementation that handles `vgein` as an index.  
[18:54:05] [spechunter] [Grep] pattern='imsicAddr'
[18:54:05] [spechunter] [Grep] pattern='IMSIC|imsic|imsic'
[18:54:11] [spechunter] [Read] /home/yzs/riscv/XiangShan/src/main/scala/xiangshan/backend/fu/NewCSR/NewCSR.scala
[18:54:11] [spechunter] [text] ```json {   "locations": [     {       "file_path": "src/main/scala/xiangshan/backend/fu/NewCSR/MachineLevel.scala",    ...
[18:54:12] [spechunter] [text] Now let me trace the IMSIC register file implementation and how interrupt domains are actually managed in hardware
[18:54:12] [spechunter] [Grep] pattern='aia_ireg_rmw_fn|riscv_cpu_set_aia'
[18:54:12] [spechunter] [Grep] pattern='aia_ireg_rmw_fn|riscv_cpu_set_aia'
[18:54:12] [spechunter] [Grep] pattern='riscv_cpu_set_aia_ireg_rmw_fn'
[18:54:12] [spechunter] [Read] /home/yzs/riscv/linux/arch/riscv/kernel/entry.S
[18:54:12] [spechunter] [Read] /home/yzs/riscv/linux/arch/riscv/kernel/process.c
[18:54:12] [spechunter] [Read] /home/yzs/riscv/linux/drivers/irqchip/irq-riscv-imsic-state.c
[18:54:12] [spechunter] [Grep] pattern='CSR_VSISELECT|CSR_VSIREG|CSR_VSTOPEI|CSR_VSIEH|CSR_VSIPH'
[18:54:12] [spechunter] [Grep] pattern='CSR_HSTATUS|CSR_HIDELEG|CSR_HVIPRIO'
[18:54:13] [spechunter] [Read] /home/yzs/riscv/freebsd-src/sys/riscv/vmm/vmm_riscv.c
[18:54:13] [spechunter] [Read] /home/yzs/riscv/freebsd-src/sys/riscv/vmm/vmm_switch.S
[18:54:13] [spechunter] [Read] /home/yzs/riscv/freebsd-src/sys/riscv/vmm/vmm_sbi.c
[18:54:13] [spechunter] [Read] /home/yzs/riscv/freebsd-src/sys/riscv/vmm/vmm.c
[18:54:13] [spechunter] [Read] /home/yzs/riscv/freebsd-src/usr.sbin/bhyve/riscv/bhyverun_machdep.c
[18:54:13] [spechunter] [Grep] pattern='VSSTATUS|VSIE|VSTVEC|VSSCRATCH|VSEPC|VSCAUSE|VSTVAL|VSIP|VSATP|HIDELEG|HEDELEG|HVIP'
[18:54:17] [spechunter] [text] Now let me search the Rocket Chip IMSIC implementation and the AXI IMSIC wrapper to see how `vgein` is used as an array ...
[18:54:17] [spechunter] [Grep] pattern='AXIRegIMSIC_WRAP|AXIRegIMSIC'
[18:54:17] [spechunter] [Grep] pattern='geilen|vgein'
[18:54:17] [spechunter] [Read] /home/yzs/riscv/linux/drivers/irqchip/irq-riscv-imsic-state.c
[18:54:17] [spechunter] [Read] /home/yzs/riscv/linux/drivers/irqchip/irq-riscv-imsic-state.c
[18:54:17] [spechunter] [Read] /home/yzs/riscv/linux/drivers/irqchip/irq-riscv-imsic-state.c
[18:54:17] [spechunter] [Read] /home/yzs/riscv/linux/drivers/irqchip/irq-riscv-imsic-early.c
[18:54:17] [spechunter] [Read] /home/yzs/riscv/linux/arch/riscv/include/asm/csr.h
[18:54:17] [spechunter] [Read] /home/yzs/riscv/linux/Documentation/devicetree/bindings/interrupt-controller/riscv,imsics.yaml
[18:54:22] [spechunter] [Grep] pattern='siselect|sireg|stopei|msideip|hgeip|hgeie|hstatus'
[18:54:22] [spechunter] [Grep] pattern='0x[0-9a-fA-F]{3}'
[18:54:22] [spechunter] [Grep] pattern='AIA|aplic|imsic|advanced.interrupt'
[18:54:24] [spechunter] [Read] /home/yzs/riscv/freebsd-src/sys/riscv/riscv/machdep.c
[18:54:24] [spechunter] [Read] /home/yzs/riscv/freebsd-src/sys/riscv/include/cpufunc.h
[18:54:24] [spechunter] [Grep] pattern='IRQ_EXTERNAL_SUPERVISOR|IRQ_SOFTWARE_SUPERVISOR|INTR_ROOT_IRQ'
[18:54:24] [spechunter] [Grep] pattern='intr_irq_handler'
[18:54:27] [spechunter] [Read] /home/yzs/riscv/freebsd-src/sys/riscv/include/vmm.h
[18:54:27] [spechunter] [Read] /home/yzs/riscv/freebsd-src/sys/riscv/include/vmm_instruction_emul.h
[18:54:27] [spechunter] [Read] /home/yzs/riscv/freebsd-src/sys/riscv/vmm/vmm_instruction_emul.c
[18:54:27] [spechunter] [Read] /home/yzs/riscv/freebsd-src/usr.sbin/bhyve/riscv/Makefile.inc
[18:54:27] [spechunter] [Grep] pattern='vmm|bhyve'
[18:54:27] [spechunter] [Glob] sys/modules/vmm*/**
[18:54:27] [spechunter] [Grep] pattern='HYP|hyp|HSTATUS|HS_MODE|hs-mode|h-extension'
[18:54:30] [spechunter] [Grep] pattern='SISELECT|SIREG|STOPEI|ISELECT|IREG|TOPEI|STOPI'
[18:54:30] [spechunter] [Grep] pattern='siselect|sireg|stopei|CSR_SISELECT|CSR_SIREG|CSR_STOPEI'
[18:54:30] [spechunter] [Read] /home/yzs/riscv/linux/arch/riscv/kvm/vcpu_exit.c
[18:54:30] [spechunter] [Read] /home/yzs/riscv/linux/arch/riscv/kvm/vcpu.c
[18:54:30] [spechunter] [Read] /home/yzs/riscv/linux/arch/riscv/kvm/main.c
[18:54:30] [spechunter] [Read] /home/yzs/riscv/linux/drivers/irqchip/irq-riscv-imsic-state.c
[18:54:31] [spechunter] [Grep] pattern='vgein|VGEIN|geilen|geil'
[18:54:34] [spechunter] [Read] /home/yzs/riscv/freebsd-src/sys/riscv/include/intr.h
[18:54:34] [spechunter] [Read] /home/yzs/riscv/freebsd-src/sys/riscv/riscv/timer.c
[18:54:34] [spechunter] [Grep] pattern='CSR_SIE|CSR_SIP|CSR_MIE|CSR_MIP|CSR_MIDELEG|CSR_MEDELEG|CSR_STIMECMP'
[18:54:34] [spechunter] [Grep] pattern='SIE_SEIE|external.*enable|SEIE'
[18:54:36] [spechunter] [Read] /home/yzs/riscv/linux/drivers/irqchip/irq-riscv-imsic-state.c
[18:54:36] [spechunter] [Read] /home/yzs/riscv/linux/drivers/irqchip/irq-riscv-imsic-state.c
[18:54:36] [spechunter] [Read] /home/yzs/riscv/linux/drivers/irqchip/irq-riscv-aplic-main.c
[18:54:36] [spechunter] [Read] /home/yzs/riscv/linux/drivers/irqchip/irq-riscv-aplic-main.c
[18:54:36] [spechunter] [Grep] pattern='mintcfg|MINTTHRESH|mintthresh'
[18:54:36] [spechunter] [Grep] pattern='CSR_MINTTHRESH|CSR_MINTTHRESH|mintthresh'
[18:54:37] [spechunter] [Read] /home/yzs/riscv/freebsd-src/sys/modules/vmm/Makefile
[18:54:37] [spechunter] [Read] /home/yzs/riscv/freebsd-src/usr.sbin/bhyve/riscv/riscv.h
[18:54:37] [spechunter] [Grep] pattern='hstatus|henvcfg|hedeleg|hideleg|vsstatus|vsie|vstvec|vsscratch|vsepc|vscause|vstval|vsatp|vsip|hvip|scounteren|senvcfg'
[18:54:37] [spechunter] [Read] /home/yzs/riscv/freebsd-src/sys/riscv/vmm/vmm_fence.c
[18:54:37] [spechunter] [Read] /home/yzs/riscv/freebsd-src/sys/riscv/vmm/vmm_vtimer.h
[18:54:37] [spechunter] [Read] /home/yzs/riscv/freebsd-src/usr.sbin/bhyvectl/riscv/bhyvectl_machdep.c
[18:54:47] [spechunter] [Grep] pattern='CSR_|csr_read|csr_write|csr_swap|csr_set|csr_clear'
[18:54:47] [spechunter] [Read] /home/yzs/riscv/freebsd-src/sys/riscv/include/encoding.h
[18:54:47] [spechunter] [Grep] pattern='__switch_to|switch_to|context_switch'
[18:54:47] [spechunter] [Grep] pattern='siselect|sireg|stopei|CSR_SISELECT|CSR_SIREG|CSR_STOPEI|CSR_ISELECT|CSR_IREG|CSR_TOPEI'
[18:54:47] [spechunter] [Grep] pattern='save_context|restore_context|TRAP_SAVE|TRAP_RESTORE|save_from|restore_from'
[18:54:47] [spechunter] [Grep] pattern='nr_hgei|nr_guest_files|vsfile_hgei'
[18:54:47] [spechunter] [Read] /home/yzs/riscv/linux/arch/riscv/kvm/aia.c
[18:54:47] [spechunter] [Read] /home/yzs/riscv/linux/arch/riscv/kvm/aia.c
[18:54:49] [spechunter] [Read] /home/yzs/riscv/qemu/hw/intc/riscv_imsic.c
[18:54:49] [spechunter] [Grep] pattern='ireg|vgein|VGEIN|guest|eidelivery|eithreshold|eip|eie'
[18:54:50] [spechunter] [Grep] pattern='csr_write.*MIDELEG|csr_write.*mideleg'
[18:54:50] [spechunter] [Read] /home/yzs/riscv/opensbi/lib/sbi/sbi_trap.c
[18:54:55] [spechunter] [Read] /home/yzs/riscv/linux/arch/riscv/kernel/entry.S
[18:54:55] [spechunter] [Read] /home/yzs/riscv/linux/arch/riscv/kernel/entry.S
[18:54:55] [spechunter] [Read] /home/yzs/riscv/linux/arch/riscv/kernel/entry.S
[18:54:55] [spechunter] [Read] /home/yzs/riscv/linux/arch/riscv/kernel/entry.S
[18:54:55] [spechunter] [Read] /home/yzs/riscv/linux/arch/riscv/kvm/aia_imsic.c
[18:54:56] [spechunter] [text] Let me read the key function definitions to get accurate line ranges.  
[18:54:56] [spechunter] [Read] /home/yzs/riscv/linux/arch/riscv/kvm/aia.c
[18:54:56] [spechunter] [Read] /home/yzs/riscv/linux/arch/riscv/kvm/aia.c
[18:54:56] [spechunter] [Read] /home/yzs/riscv/linux/arch/riscv/kvm/aia.c
[18:54:56] [spechunter] [Grep] pattern='static.*hgei_interrupt|static irqreturn_t hgei_interrupt'
[18:54:56] [spechunter] [Read] /home/yzs/riscv/linux/arch/riscv/kvm/aia.c
[18:55:04] [spechunter] [Read] /home/yzs/riscv/qemu/hw/intc/riscv_imsic.c
[18:55:04] [spechunter] [Read] /home/yzs/riscv/qemu/hw/intc/riscv_imsic.c
[18:55:12] [spechunter] [Read] /home/yzs/riscv/linux/arch/riscv/kvm/aia_imsic.c
[18:55:12] [spechunter] [Read] /home/yzs/riscv/linux/arch/riscv/kvm/aia_imsic.c
[18:55:12] [spechunter] [Read] /home/yzs/riscv/linux/arch/riscv/kvm/aia_imsic.c
[18:55:12] [spechunter] [Read] /home/yzs/riscv/linux/arch/riscv/kvm/aia_imsic.c
[18:55:12] [spechunter] [Read] /home/yzs/riscv/linux/arch/riscv/kvm/aia.c
[18:55:12] [spechunter] [Read] /home/yzs/riscv/linux/arch/riscv/kvm/aia.c
[18:55:13] [spechunter] [Grep] pattern='msdcfg|MSDCFG|sdcfg|SDCFG'
[18:55:13] [spechunter] [Grep] pattern='SIDN|sidn'
[18:55:19] [spechunter] [Read] /home/yzs/riscv/linux/drivers/irqchip/irq-riscv-aplic-main.h
[18:55:19] [spechunter] [Read] /home/yzs/riscv/linux/drivers/irqchip/irq-riscv-aplic-main.c
[18:55:19] [spechunter] [Read] /home/yzs/riscv/linux/drivers/irqchip/irq-riscv-imsic-state.c
[18:55:19] [spechunter] [Grep] pattern='DOMAINCFG|domaincfg|APLIC_DOMAIN|domain'
[18:55:19] [spechunter] [Grep] pattern='sidn|msdcfg|interrupt.file|supervisor.domain|implemented.domain'
[18:55:19] [spechunter] [Grep] pattern='CSR_MSECCFG|CSR_MSECCFGH|CSR_MTVAL'
[18:55:19] [spechunter] [Grep] pattern='CSR_MSECCFG'
[18:55:26] [spechunter] [Grep] pattern='siselect|sireg|stopei|msideip|hgeip|hgeie|hstatus|msdcfg|vsiselect|vsireg|vstopei|vsideip|mtoPI|mfromPEI|mstopEI|sstopEI|vstopEI'
[18:55:26] [spechunter] [Read] /home/yzs/riscv/freebsd-src/sys/riscv/include/riscvreg.h
[18:55:26] [spechunter] [Read] /home/yzs/riscv/freebsd-src/sys/riscv/vmm/riscv.h
[18:55:38] [spechunter] [Grep] pattern='ISELECT_MASK|imsic_csr|imsic_eix'
[18:55:38] [spechunter] [Read] /home/yzs/riscv/linux/drivers/irqchip/irq-riscv-imsic-state.c
[18:55:38] [spechunter] [Grep] pattern='TOPEI|topei'
[18:55:38] [spechunter] [Read] /home/yzs/riscv/linux/arch/riscv/kvm/aia_device.c
[18:55:38] [spechunter] [Read] /home/yzs/riscv/linux/arch/riscv/kvm/aia_device.c
[18:55:38] [spechunter] [Read] /home/yzs/riscv/linux/arch/riscv/include/asm/kvm_aia.h
[18:55:40] [spechunter] [Read] /home/yzs/riscv/freebsd-src/sys/riscv/vmm/vmm_riscv.c
[18:55:40] [spechunter] [Read] /home/yzs/riscv/freebsd-src/sys/riscv/vmm/vmm_switch.S
[18:55:40] [spechunter] [Read] /home/yzs/riscv/freebsd-src/sys/riscv/riscv/genassym.c
[18:55:42] [spechunter] [text] Now let me check a few more details to make the results comprehensive
[18:55:42] [spechunter] [Grep] pattern='ncsr_read|ncsr_write|ISELECT_MASK'
[18:55:42] [spechunter] [Grep] pattern='CSR_VSTOPEI'
[18:55:42] [spechunter] [Grep] pattern='SIDN_NFIELDS|SIDN_SHIFT|VSIDN'
[18:55:42] [spechunter] [Grep] pattern='__ncsr_read|__ncsr_write'
[18:55:42] [spechunter] [Read] /home/yzs/riscv/freebsd-src/sys/riscv/include/encoding.h
[18:55:42] [spechunter] [Read] /home/yzs/riscv/freebsd-src/sys/riscv/vmm/vmm_riscv.c
[18:55:42] [spechunter] [Grep] pattern='csr_write.*mideleg|csr_write.*medeleg|csr_set.*mideleg|csr_set.*medeleg|csr_read.*mideleg|csr_read.*medeleg'
[18:55:42] [spechunter] [Grep] pattern='intr_irq_handler|INTR_ROOT'
[18:55:46] [spechunter] [text] Now I have a complete picture. Here is the JSON output:  ```json {   "locations": [     {       "file_path": "target/ris...
[18:55:57] [spechunter] [Grep] pattern='rw.*top|VStopei|Stopei|rwVStop'
[18:55:57] [spechunter] [Read] /home/yzs/riscv/XiangShan/src/main/scala/xiangshan/backend/fu/NewCSR/CSRPermitModule.scala
[18:55:57] [spechunter] [text] Now let me look at what happens during warm boot after mideleg is restored, and check for the warm boot initialization p...
[18:55:57] [spechunter] [Grep] pattern='warmboot|warm_boot|WARMBOOT|warm_init'
[18:55:57] [spechunter] [Grep] pattern='init_coldboot|init_warmboot'
[18:55:58] [spechunter] [Read] /home/yzs/riscv/freebsd-src/sys/kern/subr_intr.c
[18:55:58] [spechunter] [Grep] pattern='interrupt|intr_|sie|sip|sstatus.*SIE'
[18:55:58] [spechunter] [Grep] pattern='sbi_init'
[18:56:00] [spechunter] [Grep] pattern='hgeip|hgeie|msdcfg|siselect|stopei|msideip'
[18:56:00] [spechunter] [Grep] pattern='HGEIP|HGEIE|MSDCFG|SISELECT|STOPEI|MSIDEIP|SIDN'
[18:56:00] [spechunter] [Grep] pattern='hgeip|hgeie|msdcfg|siselect|stopei|msideip'
[18:56:00] [spechunter] [Grep] pattern='HGEIP|HGEIE|MSDCFG|SISELECT|STOPEI|MSIDEIP|SIDN'
[18:56:17] [spechunter] [Grep] pattern='CSR_MSECCFG'
[18:56:17] [spechunter] [Grep] pattern='SxAIA|sxaia|riscv_isa_extension.*AIA'
[18:56:17] [spechunter] [Grep] pattern='SxAIA'
[18:56:17] [spechunter] [Grep] pattern='ACPI_MADT_TYPE_IMSIC|acpi_madt_imsic'
[18:56:17] [spechunter] [Read] /home/yzs/riscv/linux/drivers/irqchip/irq-riscv-intc.c
[18:56:17] [spechunter] [Read] /home/yzs/riscv/linux/drivers/irqchip/irq-riscv-aplic-direct.c
[18:56:17] [spechunter] [Read] /home/yzs/riscv/linux/drivers/irqchip/irq-riscv-aplic-msi.c
[18:56:34] [spechunter] [Read] /home/yzs/riscv/freebsd-src/sys/riscv/riscv/sbi.c
[18:56:34] [spechunter] [Grep] pattern='pmap_bootstrap|pmap_activate'
[18:56:34] [spechunter] [Grep] pattern='csr_write.*mie|csr_set.*mie|csr_clear.*mie|csr_read.*mie'
[18:56:42] [spechunter] [Grep] pattern='rmw_topei|rmw_ireg'
[18:56:42] [spechunter] [Read] /home/yzs/riscv/linux/arch/riscv/kvm/aia.c
[18:56:42] [spechunter] [Grep] pattern='kvm_riscv_vcpu_aia_rmw_ireg|kvm_riscv_vcpu_aia_rmw_topei'
[18:56:42] [spechunter] [Read] /home/yzs/riscv/linux/drivers/irqchip/irq-riscv-imsic-early.c
[18:56:42] [spechunter] [Grep] pattern='CSR_HIDELEG|CSR_HEDELEG|CSR_HCOUNTEREN|CSR_HVIP'
[18:56:42] [spechunter] [text] Now let me find the actual IMSIC implementation where vgein is used for array indexing.  
[18:56:42] [spechunter] [Agent] description, prompt
[18:56:51] [spechunter] [Grep] pattern='hstatus|HSTATUS'
[18:56:51] [spechunter] [Grep] pattern='hstatus|HSTATUS'
[18:56:51] [spechunter] [Grep] pattern='hstatus|HSTATUS'
[18:56:52] [spechunter] [Read] /home/yzs/riscv/freebsd-src/sys/riscv/riscv/vm_machdep.c
[18:56:52] [spechunter] [Read] /home/yzs/riscv/freebsd-src/sys/riscv/riscv/pmap.c
[18:56:52] [spechunter] [Read] /home/yzs/riscv/freebsd-src/sys/riscv/riscv/pmap.c
[18:56:59] [spechunter] [Bash] Check if rocket-chip submodule exists
[18:56:59] [spechunter] [Bash] Check if api-config-chipsalliance exists
[18:56:59] [spechunter] [Grep] pattern='IMSIC'
[18:57:09] [spechunter] [Read] /home/yzs/riscv/linux/drivers/irqchip/irq-riscv-aplic-msi.c
[18:57:09] [spechunter] [Read] /home/yzs/riscv/linux/include/linux/irqchip/riscv-aplic.h
[18:57:09] [spechunter] [Read] /home/yzs/riscv/linux/drivers/irqchip/irq-riscv-imsic-platform.c
[18:57:09] [spechunter] [Grep] pattern='EIDELIVERY|EITHRESHOLD|eidelivery|eithreshold'
[18:57:09] [spechunter] [Grep] pattern='MSECCFG|mseccfg'
[18:57:09] [spechunter] [Grep] pattern='SMSTATEEN0_AIA|SMSTATEEN0_SSTATEEN0|SMSTATEEN0'
[18:57:13] [spechunter] [Grep] pattern='hviprio_index2irq|geilen|riscv_cpu_set_geilen|riscv_cpu_get_geilen'
[18:57:13] [spechunter] [Grep] pattern='HSTATUS_VGEIN|VGEIN|vgein'
[18:57:23] [spechunter] [Bash] Check all submodules
[18:57:23] [spechunter] [Grep] pattern='vgein'
[18:57:23] [spechunter] [Grep] pattern='IMSIC'
[18:57:27] [spechunter] [Read] /home/yzs/riscv/linux/arch/riscv/kvm/aia.c
[18:57:27] [spechunter] [Read] /home/yzs/riscv/linux/arch/riscv/kvm/aia.c
[18:57:27] [spechunter] [Grep] pattern='CSR_SISELECT|CSR_SIREG|CSR_STOPEI|CSR_HGEIP|CSR_HGEIE'
[18:57:27] [spechunter] [Grep] pattern='CSR_SISELECT|CSR_SIREG|CSR_STOPEI|CSR_HGEIP|CSR_HGEIE|MSECCFG|msdcfg'
[18:57:27] [spechunter] [Grep] pattern='SISELECT|SIREG|STOPEI|HGEIP|HGEIE|HSTATUS|MSECCFG'
[18:57:35] [spechunter] [Grep] pattern='vgein'
[18:57:35] [spechunter] [Grep] pattern='IMSIC'
[18:57:35] [spechunter] [Grep] pattern='vgein'
[18:57:39] [spechunter] [Grep] pattern='MSECCFG'
[18:57:39] [spechunter] [Grep] pattern='SSTATEEN0|sstateen0'
[18:57:39] [spechunter] [Grep] pattern='ssaia|SSAIA'
[18:57:39] [spechunter] [Read] /home/yzs/riscv/linux/arch/riscv/include/asm/csr.h
[18:57:39] [spechunter] [Read] /home/yzs/riscv/linux/arch/riscv/include/asm/csr.h
[18:57:39] [spechunter] [Grep] pattern='riscv,hart-index'
[18:57:39] [spechunter] [Grep] pattern='riscv_get_hart_index'
[18:57:39] [spechunter] [Read] /home/yzs/riscv/linux/drivers/irqchip/irq-riscv-rpmi-sysmsi.c
[18:57:46] [spechunter] [text] Now I have all the data. Let me compile the final results.  ```json {   "locations": [     {       "file_path": "arch/ri...
[18:57:51] [spechunter] [text] Let me now check migration, KVM, and GDB paths  
[18:57:51] [spechunter] [Read] /home/yzs/riscv/qemu/target/riscv/machine.c
[18:57:51] [spechunter] [Read] /home/yzs/riscv/qemu/target/riscv/machine.c
[18:57:51] [spechunter] [Grep] pattern='MSDCFG|msdcfg'
[18:57:57] [spechunter] [Bash] Check ChiselAIA submodule contents
[18:57:57] [spechunter] [Read] /home/yzs/riscv/XiangShan/src/main/scala/xiangshan/backend/fu/NewCSR/CSRAIA.scala
[18:57:57] [spechunter] [Grep] pattern='vgein'
[18:57:57] [spechunter] [Grep] pattern='riscv_get_hart_index'
[18:57:57] [spechunter] [Read] /home/yzs/riscv/linux/arch/riscv/include/asm/irq.h
[18:57:57] [spechunter] [Grep] pattern='hart.index|hart_index'
[18:57:57] [spechunter] [Grep] pattern='MADT_IMSIC'
[18:57:57] [spechunter] [Grep] pattern='SSTATEEN|sstateen'
[18:57:57] [spechunter] [Grep] pattern='SSTATEEN|sstateen'
[18:58:06] [spechunter] [Grep] pattern='KVM_RISCV_VCPU_AIA_CSR_FUNCS'
[18:58:06] [spechunter] [Grep] pattern='CSR_SIREG|CSR_STOPEI|CSR_SISELECT|CSR_HGEIE|CSR_HGEIP'
[18:58:06] [spechunter] [Grep] pattern='SISELECT|SIREG|STOPEI|HGEIP|HGEIE|MSECCFG|msdcfg|SIDN'
[18:58:06] [spechunter] [Grep] pattern='ISELECT_IPRIO|ISELECT_MASK|IMSIC_EIP|IMSIC_EIE|IMSIC_FIRST|IMSIC_LAST'
[18:58:06] [spechunter] [Grep] pattern='nr_domains|nr_ids|vsfile_cpu|vsfile_hgei'
[18:58:09] [spechunter] [Bash] Check ChiselAIA submodule status
[18:58:09] [spechunter] [Grep] pattern='vgein'
[18:58:09] [spechunter] [Grep] pattern='vgein'
[18:58:17] [spechunter] [text] The background agent confirmed msdcfg does not exist yet. Now let me trace the remaining critical code paths that would ...
[18:58:17] [spechunter] [TodoWrite] 5 items
[18:58:25] [spechunter] [text] Let me now trace the HSTATUS VGEIN field handling and the hviprio code paths  
[18:58:25] [spechunter] [Grep] pattern='HSTATUS_VGEIN|hviprio_index2irq|hviprio_supported_irq'
[18:58:25] [spechunter] [Read] /home/yzs/riscv/qemu/target/riscv/cpu.c
[18:58:34] [spechunter] [Grep] pattern='vgein|vgeinWidth|interruptFile|interrupt_file'
[18:58:34] [spechunter] [Grep] pattern='IMSIC|imsic|AIA|interrupt.*file'
[18:58:34] [spechunter] [Read] /home/yzs/riscv/qemu/target/riscv/cpu_helper.c
[18:58:34] [spechunter] [Read] /home/yzs/riscv/qemu/target/riscv/csr.c
[18:58:34] [spechunter] [Read] /home/yzs/riscv/qemu/target/riscv/cpu_helper.c
[18:58:35] [spechunter] [Grep] pattern='CSR_MSECCFGH|MSECCFGH|mseccfgh'
[18:58:35] [spechunter] [Grep] pattern='CSR_MSECCFG\\b'
[18:58:35] [spechunter] [Grep] pattern='imsic_handle_irq|handle_irq.*imsic|CSR_TOPEI'
[18:58:35] [spechunter] [Grep] pattern='TOPEI_ID_SHIFT|TOPI_IID_SHIFT|TOPI_PRIO'
[18:58:35] [spechunter] [Grep] pattern='RISCV_ISA_EXT_SSAIA|RISCV_ISA_EXT_SMAIA'
[18:58:35] [spechunter] [Grep] pattern='imsic_handle_irq|msi.*handle'
[18:58:39] [spechunter] [Read] /home/yzs/riscv/linux/arch/riscv/kvm/vcpu_insn.c
[18:58:39] [spechunter] [Read] /home/yzs/riscv/linux/arch/riscv/include/asm/kvm_aia.h
[18:58:46] [spechunter] [Bash] Check if ChiselAIA directory is empty or uninitialized
[18:58:46] [spechunter] [Grep] pattern='vgein'
[18:58:46] [spechunter] [Bash] Find all scala files mentioning vgein
[18:58:53] [spechunter] [TodoWrite] 3 items
[18:58:56] [spechunter] [text] Let me first check the actual changes in the current branch to understand what the PR actually modifies
[18:58:56] [spechunter] [Bash] Check recent commits on current branch
[18:58:56] [spechunter] [Bash] Check what files changed vs base
[18:59:05] [spechunter] [Bash] View the actual diff vs base branch
[18:59:05] [spechunter] [Bash] View commit details
[18:59:11] [spechunter] [Read] /home/yzs/riscv/opensbi/lib/sbi/sbi_hart.c
[18:59:11] [spechunter] [Read] /home/yzs/riscv/opensbi/lib/sbi/sbi_pmu.c
[18:59:15] [spechunter] [Bash] Find all rocket-chip files referencing IMSIC or interrupt file
[18:59:15] [spechunter] [Bash] Find files referencing domain-related IMSIC parameters
[18:59:15] [spechunter] [Grep] pattern='vgein'
[18:59:19] [spechunter] [Grep] pattern='ISELECT_MASK|ISELECT_IPRIO|IMSIC_EIP0|IMSIC_EIE0|IMSIC_EIDELIVERY|IMSIC_EITHRESHOLD|IMSIC_FIRST|IMSIC_LAST|TOPEI_ID_SHIFT'
[18:59:19] [spechunter] [Grep] pattern='IMSIC_EIP0|IMSIC_EIE0|IMSIC_EIDELIVERY|IMSIC_EITHRESHOLD|ISELECT|TOPEI_ID'
[18:59:19] [spechunter] [Grep] pattern='CSR_VSISELECT|CSR_VSIREG|CSR_TOPEI|CSR_ISELECT|CSR_IREG'
[18:59:19] [spechunter] [Read] /home/yzs/riscv/linux/drivers/irqchip/irq-riscv-imsic-early.c
[18:59:25] [spechunter] [Grep] pattern='toAIA|AIABundle|interruptFile|InterruptFile|XSTop'
[18:59:25] [spechunter] [Grep] pattern='class AIAToCrsBundle|class.*toAIA.*extends'
[18:59:26] [spechunter] [text] Now I have clarity. The PR is a 2-line type fix in `target/riscv/pmp.c` changing `target_ulong` → `hwaddr` in `pmp_updat...
[18:59:26] [spechunter] [Read] /home/yzs/riscv/qemu/target/riscv/pmp.c
[18:59:26] [spechunter] [Grep] pattern='pmp_update_rule_addr|pmp_decode_napot|pmp_get_granularity'
[18:59:31] [spechunter] [Read] /home/yzs/riscv/linux/include/linux/irqchip/riscv-imsic.h
[18:59:31] [spechunter] [Grep] pattern='csr_swap|csr_read_clear'
[18:59:31] [spechunter] [Grep] pattern='CSR_TOPEI|CSR_TOPI'
[18:59:31] [spechunter] [Grep] pattern='CSR_TOPEI|CSR_TOPI'
[18:59:43] [spechunter] [text] Now let me look at the trap handler more closely for the AIA interrupt path and domain context switching.  
[18:59:43] [spechunter] [Read] /home/yzs/riscv/opensbi/lib/sbi/sbi_trap.c
[18:59:43] [spechunter] [Read] /home/yzs/riscv/opensbi/lib/sbi/sbi_trap.c
[18:59:44] [spechunter] [text] Now let me verify the related PMP infrastructure.  
[18:59:44] [spechunter] [Grep] pattern='pmp_update_rule_addr'
[18:59:44] [spechunter] [Grep] pattern='pmp_state'
[18:59:44] [spechunter] [Read] /home/yzs/riscv/qemu/target/riscv/pmp.h
[18:59:49] [spechunter] [Grep] pattern='IMSIC|imsic|interruptFile|vgein'
[18:59:49] [spechunter] [Grep] pattern='IMSIC|imsic|interruptFile|vgein'
[18:59:56] [spechunter] [Grep] pattern='vsfile_hgei\\s*[<>=]|new_vsfile_hgei\\s*[<>=]|hgei\\s*[<>=]'
[18:59:56] [spechunter] [Grep] pattern='SISELECT|SIREG|STOPEI|HGEIP|HGEIE|MSECCFG|sidn|SIDN'
[18:59:56] [spechunter] [Grep] pattern='SISELECT|SIREG|STOPEI|HGEIP|HGEIE|MSECCFG|sidn|SIDN'
[18:59:56] [spechunter] [Read] /home/yzs/riscv/linux/arch/riscv/kvm/aia_imsic.c
[19:00:06] [spechunter] [Bash] Search rocket-chip for IMSIC interrupt file operations
[19:00:06] [spechunter] [Bash] Search for Verilog implementations of IMSIC in rocket-chip
[19:00:06] [spechunter] [Bash] Find IMSIC and AIA related directories anywhere in repo
[19:00:09] [spechunter] [text] Now let me check the callers and related PMP functions for completeness
[19:00:09] [spechunter] [Read] /home/yzs/riscv/qemu/target/riscv/pmp.c
[19:00:09] [spechunter] [Read] /home/yzs/riscv/qemu/target/riscv/pmp.c
[19:00:09] [spechunter] [Read] /home/yzs/riscv/qemu/target/riscv/machine.c
[19:00:18] [spechunter] [Grep] pattern='sidn|SIDN|interrupt_domain|intr_domain|guest_interrupt|vgein|VGEIN'
[19:00:18] [spechunter] [Grep] pattern='nr_guest|nr_ids|nr_domains'
[19:00:18] [spechunter] [Grep] pattern='msdcfg|MSECCFG|mseccfg'
[19:00:18] [spechunter] [Grep] pattern='msdcfg|MSECCFG|mseccfg'
[19:00:40] [spechunter] [Read] /home/yzs/riscv/XiangShan/rocket-chip/src/main/scala/tile/Interrupts.scala
[19:00:40] [spechunter] [Bash] Find generated/compiled IMSIC files in build directory
[19:00:43] [spechunter] [Grep] pattern='csr_read|csr_write|csr_set|csr_clear|csr_swap'
[19:00:43] [spechunter] [Grep] pattern='csr_read|csr_write|csr_set|csr_clear|csr_swap'
[19:00:43] [spechunter] [Grep] pattern='CSR_SISELECT|CSR_SIREG|CSR_STOPEI|CSR_TOPEI'
[19:00:43] [spechunter] [Grep] pattern='RISCV_ISA_EXT_SSAIA|RISCV_ISA_EXT_SxAIA|SxAIA|SSAIA'
[19:00:43] [spechunter] [Read] /home/yzs/riscv/linux/arch/riscv/kvm/aia.c
[19:00:59] [spechunter] [Grep] pattern='IMSICParams|IMSIC|imsic'
[19:00:59] [spechunter] [Bash] Check build directory structure
[19:01:04] [spechunter] [text] Now let me read the key files for exact line numbers and trace the semantic equivalents of the violation.  
[19:01:04] [spechunter] [TodoWrite] 7 items
[19:01:18] [spechunter] [Bash] Search ALL verilog files for vgein in the repo
[19:01:18] [spechunter] [Bash] Search broader filesystem for AIA implementations
[19:01:18] [spechunter] [Bash] Find dependency JARs that might contain IMSIC
[19:01:26] [spechunter] [Read] /home/yzs/riscv/freebsd-src/sys/riscv/riscv/intc.c
[19:01:26] [spechunter] [Read] /home/yzs/riscv/freebsd-src/sys/riscv/riscv/swtch.S
[19:01:26] [spechunter] [Read] /home/yzs/riscv/freebsd-src/sys/riscv/vmm/vmm_riscv.c
[19:01:30] [spechunter] [Grep] pattern='AIAToCrsBundle|AIABundle|class.*toAIA|toAIA'
[19:01:46] [spechunter] [Read] /home/yzs/riscv/freebsd-src/sys/riscv/vmm/vmm_switch.S
[19:01:46] [spechunter] [Read] /home/yzs/riscv/freebsd-src/sys/riscv/riscv/exception.S
[19:01:46] [spechunter] [Read] /home/yzs/riscv/freebsd-src/sys/riscv/riscv/aplic.c
[19:01:50] [spechunter] [Read] /home/yzs/riscv/opensbi/lib/sbi/sbi_sse.c
[19:01:50] [spechunter] [Grep] pattern='csr_read.*MIP|csr_read.*mip|csr_read.*HSTATUS|csr_read.*hstatus|csr_read.*MTOPI|csr_read.*mtopi'
[19:01:51] [spechunter] [text] Now I have the full picture. The PR is a 2-line type fix (`target_ulong` → `hwaddr` in `pmp_update_rule_addr`) in `targe...
[19:01:53] [spechunter] [Grep] pattern='class CSRToAIABundle|class AIAToCSRBundle'
[19:01:53] [spechunter] [Bash] Search for interrupt file register arrays in Verilog
[19:01:54] [spechunter] [text] Now let me look at the VMM instruction emulation and related code for CSR access patterns.  
[19:01:54] [spechunter] [Read] /home/yzs/riscv/freebsd-src/sys/riscv/vmm/vmm_instruction_emul.c
[19:01:54] [spechunter] [Read] /home/yzs/riscv/freebsd-src/sys/riscv/include/riscvreg.h
[19:02:00] [spechunter] [text] Let me also check the VMM APLIC and bhyve user-space code for additional interrupt-domain related patterns.  
[19:02:00] [spechunter] [Read] /home/yzs/riscv/freebsd-src/sys/riscv/vmm/vmm_aplic.c
[19:02:00] [spechunter] [Read] /home/yzs/riscv/freebsd-src/sys/riscv/vmm/riscv.h
[19:02:00] [spechunter] [Read] /home/yzs/riscv/freebsd-src/sys/riscv/vmm/vmm_sbi.c
[19:02:12] [spechunter] [text] Let me search for the relevant code locations related to `msdcfg`, `SIDN`, and the interrupt domain handling in QEMU's R...
[19:02:12] [spechunter] [Agent] description, prompt
[19:02:16] [spechunter] [Grep] pattern='CSRToAIABundle|AIAToCSRBundle'
[19:02:20] [spechunter] [Glob] **/chapter6.adoc
[19:02:20] [spechunter] [Bash] Check staged files
[19:02:20] [spechunter] [Bash] Recent commit history
[19:02:24] [spechunter] [Grep] pattern='CSRToAIABundle|CSRToAIA'
[19:02:24] [spechunter] [Grep] pattern='package aia|package.*device.*imsic|aia\\.IMSICParams|device\\.IMSIC'
[19:02:38] [spechunter] [Grep] pattern='msdcfg'
[19:02:38] [spechunter] [Grep] pattern='SIDN'
[19:02:38] [spechunter] [Grep] pattern='supervisor.interrupt.domain'
[19:02:38] [spechunter] [Grep] pattern='smid'
[19:02:38] [spechunter] [Grep] pattern='sidn|siselect|sireg|stopei'
[19:02:49] [spechunter] [Read] /home/yzs/riscv/XiangShan/src/main/scala/device/imsic_axi_top.scala
[19:02:49] [spechunter] [Grep] pattern='vgein|interruptFile|IntFile|setgein|sgein|SGEIN'
[19:03:01] [spechunter] [Grep] pattern='hgeip|hgeie'
[19:03:01] [spechunter] [Grep] pattern='ISELECT_IMSIC'
[19:03:01] [spechunter] [Grep] pattern='csrind_or_aia_smode|csrind_or_aia_hmode'
[19:03:01] [spechunter] [Grep] pattern='MIP_SEIP|MIP_VSEIP'
[19:03:01] [spechunter] [Grep] pattern='domain|msdcfg|msdcgf'
[19:03:30] [spechunter] [Read] /home/yzs/riscv/qemu/target/riscv/csr.c
[19:03:30] [spechunter] [Read] /home/yzs/riscv/qemu/target/riscv/csr.c
[19:03:30] [spechunter] [Read] /home/yzs/riscv/qemu/target/riscv/csr.c
[19:03:30] [spechunter] [Read] /home/yzs/riscv/qemu/target/riscv/csr.c
[19:03:30] [spechunter] [Read] /home/yzs/riscv/qemu/target/riscv/csr.c
[19:03:30] [spechunter] [Read] /home/yzs/riscv/qemu/target/riscv/csr.c
[19:03:30] [spechunter] [Read] /home/yzs/riscv/qemu/target/riscv/csr.c
[19:03:37] [spechunter] [Bash] Find AIA scala sources anywhere in the project
[19:03:37] [spechunter] [Bash] Search broader filesystem for IMSIC implementation files
[19:03:51] [spechunter] [TodoWrite] 7 items
[19:03:52] [spechunter] [Bash] Search for AIA JAR in ivy/coursier cache
[19:03:52] [spechunter] [Bash] Check for build cache directories
[19:03:54] [spechunter] [text] Now let me trace the warm boot path more carefully and look at what CSRs are read after mideleg restore.  
[19:03:54] [spechunter] [Read] /home/yzs/riscv/opensbi/lib/sbi/sbi_init.c
[19:03:54] [spechunter] [Grep] pattern='sbi_hart_reinit|sbi_hart_init'
[19:03:58] [spechunter] [Grep] pattern='init_warm_resume|init_warm_startup'
[19:03:58] [spechunter] [Grep] pattern='msdcfg|MSDCFG'
[19:03:58] [spechunter] [Grep] pattern='ISELECT_IPRIO'
[19:03:58] [spechunter] [Grep] pattern='ISELECT_MASK_AIA|ISELECT_MASK_SXCSRIND'
[19:03:58] [spechunter] [Grep] pattern='siprio|hviprio|miprio'
[19:03:58] [spechunter] [Grep] pattern='AIA_MAKE_IREG'
[19:03:58] [spechunter] [Grep] pattern='hgeip|hgeie'
[19:04:03] [spechunter] [text] Now let me read a few specific critical files to get exact line numbers and context for the JSON output
[19:04:03] [spechunter] [Read] /home/yzs/riscv/linux/drivers/irqchip/irq-riscv-imsic-state.c
[19:04:03] [spechunter] [Read] /home/yzs/riscv/linux/arch/riscv/include/asm/csr.h
[19:04:03] [spechunter] [Read] /home/yzs/riscv/linux/arch/riscv/include/asm/csr.h
[19:04:09] [spechunter] [Read] /home/yzs/riscv/opensbi/lib/sbi/sbi_init.c
[19:04:14] [spechunter] [Read] /home/yzs/riscv/linux/arch/riscv/kvm/aia_imsic.c
[19:04:14] [spechunter] [Read] /home/yzs/riscv/linux/arch/riscv/kvm/aia_imsic.c
[19:04:14] [spechunter] [Read] /home/yzs/riscv/linux/arch/riscv/kvm/aia.c
[19:04:14] [spechunter] [Read] /home/yzs/riscv/linux/arch/riscv/kvm/aia.c
[19:04:21] [spechunter] [Read] /home/yzs/riscv/linux/arch/riscv/kvm/aia.c
[19:04:21] [spechunter] [Read] /home/yzs/riscv/linux/arch/riscv/kvm/aia.c
[19:04:21] [spechunter] [Read] /home/yzs/riscv/linux/arch/riscv/kvm/aia_imsic.c
[19:04:21] [spechunter] [Read] /home/yzs/riscv/linux/arch/riscv/kvm/vcpu.c
[19:04:22] [spechunter] [Read] /home/yzs/riscv/qemu/target/riscv/csr.c
[19:04:22] [spechunter] [Read] /home/yzs/riscv/qemu/target/riscv/cpu_bits.h
[19:04:22] [spechunter] [Read] /home/yzs/riscv/qemu/target/riscv/cpu.h
[19:04:22] [spechunter] [Grep] pattern='csrind_or_aia_extensions_present'
[19:04:22] [spechunter] [Grep] pattern='software_seip|external_seip'
[19:04:22] [spechunter] [Grep] pattern='siprio|sireg|siselect|stopei'
[19:04:28] [spechunter] [text] Now let me check a few more files for completeness
[19:04:28] [spechunter] [Read] /home/yzs/riscv/linux/drivers/irqchip/irq-riscv-imsic-early.c
[19:04:28] [spechunter] [Read] /home/yzs/riscv/linux/arch/riscv/kvm/aia_imsic.c
[19:04:28] [spechunter] [Read] /home/yzs/riscv/linux/arch/riscv/include/asm/csr.h
[19:04:28] [spechunter] [Read] /home/yzs/riscv/linux/arch/riscv/include/asm/kvm_aia.h
[19:04:33] [spechunter] [Bash] Find build configuration files
[19:04:33] [spechunter] [Bash] Check for Mill build files
[19:04:33] [spechunter] [Bash] Search rocket-chip for aia package
[19:04:33] [spechunter] [text] Let me check the VS-level CSR access macros used in KVM
[19:04:33] [spechunter] [Grep] pattern='imsic_vs_csr_'
[19:04:33] [spechunter] [Grep] pattern='imsic_vs_csr_'
[19:04:43] [spechunter] [Grep] pattern='imsic_vs_csr_'
[19:04:43] [spechunter] [Grep] pattern='#define imsic_vs_csr'
[19:04:43] [spechunter] [Grep] pattern='sireg|SIREG|siselect|SISELECT'
[19:04:43] [spechunter] [Grep] pattern='imsic|IMSIC'
[19:04:45] [spechunter] [Read] /home/yzs/riscv/qemu/target/riscv/csr.c
[19:04:45] [spechunter] [Grep] pattern='aia_smode'
[19:04:45] [spechunter] [Read] /home/yzs/riscv/qemu/target/riscv/csr.c
[19:04:45] [spechunter] [Read] /home/yzs/riscv/qemu/target/riscv/csr.c
[19:04:45] [spechunter] [Read] /home/yzs/riscv/qemu/target/riscv/cpu_bits.h
[19:04:48] [spechunter] [Grep] pattern='aia|IMSIC|chisel-aia|riscv-aia|diplomacy'
[19:04:48] [spechunter] [Bash] Check mill build file for AIA dependencies
[19:04:58] [spechunter] [Read] /home/yzs/riscv/linux/arch/riscv/kvm/aia_imsic.c
[19:05:09] [spechunter] [Grep] pattern='ext_smsdidn|ext_sscsrid|ext_smcsrind|ext_sscsrind'
[19:05:09] [spechunter] [Grep] pattern='ext_smctr|ext_ssctr|ext_smcdeleg|ext_ssccfg'
[19:05:09] [spechunter] [Grep] pattern='geil|vgein'
[19:05:09] [spechunter] [Read] /home/yzs/riscv/qemu/target/riscv/csr.c
[19:05:09] [spechunter] [Read] /home/yzs/riscv/qemu/target/riscv/csr.c
[19:05:16] [spechunter] [text] Let me check the remaining inline IMSIC state functions and the driver init path  
[19:05:16] [spechunter] [Read] /home/yzs/riscv/linux/drivers/irqchip/irq-riscv-imsic-state.h
[19:05:16] [spechunter] [Read] /home/yzs/riscv/linux/drivers/irqchip/irq-riscv-imsic-state.c
[19:05:23] [spechunter] [Bash] Search build.mill for all AIA/IMSIC dependencies
[19:05:23] [spechunter] [Bash] Search rocket-chip for guest interrupt file operations
[19:05:25] [spechunter] [Read] /home/yzs/riscv/linux/drivers/irqchip/irq-riscv-imsic-state.c
[19:05:25] [spechunter] [Read] /home/yzs/riscv/linux/arch/riscv/kvm/vcpu_insn.c
[19:05:31] [spechunter] [text] Now let me check for any `msideip`/`msideie` definitions anywhere  
[19:05:31] [spechunter] [Grep] pattern='msideip|msideie|MSIDEIP|MSIDEIE|sideip|sideie'
[19:05:31] [spechunter] [Grep] pattern='MSECCFG|mseccfg'
[19:05:35] [spechunter] [text] Let me check the actual code to understand what the PR specifically changes.  
[19:05:35] [spechunter] [Bash] Check recent commits for ARC/issue-262 changes
[19:05:35] [spechunter] [Bash] Search git history for issue 262
[19:05:41] [spechunter] [Read] /home/yzs/riscv/XiangShan/build.mill
[19:05:57] [spechunter] [Bash] Check if ChiselAIA submodule is initialized
[19:05:57] [spechunter] [Bash] Check git config for ChiselAIA URL
[19:05:57] [spechunter] [Bash] Check all branches
[19:05:57] [spechunter] [Grep] pattern='ARC|#262|issue 262|audit'
[19:06:02] [spechunter] [Bash] Check ChiselAIA submodule config
[19:06:05] [spechunter] [Read] /home/yzs/riscv/XiangShan/.gitmodules
[19:06:11] [spechunter] [Bash] Initialize ChiselAIA submodule to get IMSIC source
[19:06:12] [spechunter] [Grep] pattern='CSR_HGEIE|CSR_HGEIP|hgeie|hgeip'
[19:06:12] [spechunter] [Read] /home/yzs/riscv/qemu/target/riscv/machine.c
[19:06:12] [spechunter] [Read] /home/yzs/riscv/qemu/target/riscv/machine.c
[19:06:12] [spechunter] [Read] /home/yzs/riscv/qemu/target/riscv/cpu_bits.h
[19:06:12] [spechunter] [Bash] List KVM directory contents
[19:06:13] [spechunter] [text] Let me investigate the PR's patch file and the ARC-related findings to understand the scope of this review.  
[19:06:13] [spechunter] [Bash] Check patch file
[19:06:13] [spechunter] [Bash] Find all findings JSON files
[19:06:14] [spechunter] [text] Now I have all the information needed to compile the audit. Let me write the findings.  
[19:06:14] [spechunter] [Write] /home/yzs/riscv/freebsd-src/msdcfg_sidn_audit.json
[19:06:21] [spechunter] [text] Now let me check the smstateen CSR for completeness, and verify no SIDN validation exists anywhere  
[19:06:21] [spechunter] [Grep] pattern='SIDN|sidn'
[19:06:21] [spechunter] [Grep] pattern='sidi|SIDI'
[19:06:21] [spechunter] [Grep] pattern='nr_domain|domain.*count|num.*domain'
[19:06:24] [spechunter] [Grep] pattern='sidn|interrupt.domain|sdomain'
[19:06:24] [spechunter] [Grep] pattern='msdcfg'
[19:06:24] [spechunter] [Grep] pattern='smid'
[19:06:29] [spechunter] [Read] /home/yzs/riscv/opensbi/security_spec.json
[19:06:29] [spechunter] [Read] /home/yzs/riscv/opensbi/findings.json
[19:06:29] [spechunter] [Read] /home/yzs/riscv/opensbi/findings_mstatus_tw_hsm.json
[19:06:29] [spechunter] [Read] /home/yzs/riscv/opensbi/0001-lib-sbi_domain_context-Flush-TLB-after-SATP-mode-swi.patch
[19:06:33] [spechunter] [text] Prompt is too long
[19:06:34] [spechunter] [text] Let me check the remaining functions and the imsic_starting_cpu init path
[19:06:34] [spechunter] [Read] /home/yzs/riscv/linux/drivers/irqchip/irq-riscv-imsic-state.c
[19:06:34] [spechunter] [Read] /home/yzs/riscv/linux/drivers/irqchip/irq-riscv-imsic-early.c
[19:06:34] [spechunter] [Read] /home/yzs/riscv/linux/drivers/irqchip/irq-riscv-imsic-state.c
[19:06:43] [spechunter] [Grep] pattern='ext_smstateen|SMSTATEEN'
[19:06:43] [spechunter] [Read] /home/yzs/riscv/qemu/target/riscv/csr.c
[19:06:43] [spechunter] [Read] /home/yzs/riscv/qemu/target/riscv/csr.c
[19:06:43] [spechunter] [Read] /home/yzs/riscv/qemu/target/riscv/csr.c
[19:06:46] [spechunter] [Bash] Check recent commits for ARC review context
[19:06:46] [spechunter] [Bash] Search for ARC/#262/hstatus related commits
[19:06:50] [spechunter] [TodoWrite] 3 items
[19:06:53] [spechunter] [Grep] pattern='SDIDN|sdidn|sdid|SDID'
[19:06:53] [spechunter] [Grep] pattern='ISELECT_CD_FIRST|ISELECT_CD_LAST'
[19:06:53] [spechunter] [Read] /home/yzs/riscv/qemu/target/riscv/csr.c
[19:06:53] [spechunter] [Read] /home/yzs/riscv/qemu/target/riscv/csr.c
[19:06:53] [spechunter] [Read] /home/yzs/riscv/qemu/target/riscv/csr.c
[19:07:11] [spechunter] [Bash] Search for issue #262 context
[19:07:11] [spechunter] [Read] /home/yzs/riscv/freebsd-src/sys/riscv/include/riscvreg.h
[19:07:11] [spechunter] [Read] /home/yzs/riscv/freebsd-src/sys/riscv/vmm/riscv.h
[19:07:12] [spechunter] [Grep] pattern='vgein|VGein|VGEIN'
[19:07:12] [spechunter] [Grep] pattern='interruptFile|InterruptFile|intFile|IntFile'
[19:07:12] [spechunter] [Bash] List all scala files in ChiselAIA
[19:07:15] [spechunter] [text] Let me look at the actual files referenced by the fast-path to cross-validate against the PR's real changes
[19:07:15] [spechunter] [Read] /home/yzs/riscv/opensbi/lib/sbi/sbi_domain_context.c
[19:07:15] [spechunter] [Read] /home/yzs/riscv/opensbi/lib/sbi/sbi_hsm.c
[19:07:15] [spechunter] [Read] /home/yzs/riscv/opensbi/lib/sbi/sbi_trap.c
[19:07:16] [spechunter] [Read] /home/yzs/riscv/XiangShan/ChiselAIA/src/main/scala/IMSIC.scala
[19:07:16] [spechunter] [Read] /home/yzs/riscv/XiangShan/ChiselAIA/src/main/scala/IMSICParameters.scala
[19:07:25] [spechunter] [Read] /home/yzs/riscv/freebsd-src/sys/riscv/riscv/genassym.c
[19:07:25] [spechunter] [Read] /home/yzs/riscv/freebsd-src/sys/riscv/vmm/vmm_switch.S
[19:07:25] [spechunter] [Read] /home/yzs/riscv/freebsd-src/sys/riscv/vmm/vmm_switch.S
[19:07:38] [spechunter] [Read] /home/yzs/riscv/freebsd-src/sys/riscv/vmm/vmm_riscv.c
[19:07:38] [spechunter] [Read] /home/yzs/riscv/freebsd-src/sys/riscv/vmm/vmm_riscv.c
[19:07:38] [spechunter] [Read] /home/yzs/riscv/freebsd-src/sys/riscv/vmm/vmm_riscv.c
[19:07:43] [spechunter] [text] Now let me verify the specific line ranges against the actual code.  
[19:07:43] [spechunter] [Read] /home/yzs/riscv/opensbi/lib/sbi/sbi_hart.c
[19:07:43] [spechunter] [Read] /home/yzs/riscv/opensbi/lib/sbi/sbi_hart.c
[19:07:43] [spechunter] [Read] /home/yzs/riscv/opensbi/lib/sbi/sbi_hart.c
[19:08:28] [spechunter] [text] Let me verify the hstatus init site and check for the MSTATUS_TW definition location.  
[19:08:28] [spechunter] [Read] /home/yzs/riscv/opensbi/lib/sbi/sbi_hart.c
[19:08:28] [spechunter] [Read] /home/yzs/riscv/opensbi/lib/sbi/sbi_hsm.c
[19:08:28] [spechunter] [Grep] pattern='MSTATUS_TW'
[19:08:50] [spechunter] [text] Now I have all the data. Let me compile the output JSON.  ```json {   "violation": "Kernel accesses siselect, sireg, sto...
[19:08:52] [spechunter] [text] Now let me verify the exact line references in the assembly file for precision.  
[19:08:52] [spechunter] [Read] /home/yzs/riscv/freebsd-src/sys/riscv/vmm/vmm_switch.S
[19:08:52] [spechunter] [Read] /home/yzs/riscv/freebsd-src/sys/riscv/vmm/vmm_switch.S
[19:09:06] [spechunter] [text] Let me first understand the PR context and the actual changes involved.  
[19:09:06] [spechunter] [Bash] Check recent commits on current branch
[19:09:06] [spechunter] [Bash] Check what files changed vs master
[19:09:19] [spechunter] [Read] /home/yzs/riscv/opensbi/lib/sbi/sbi_hart.c
[19:09:19] [spechunter] [Read] /home/yzs/riscv/opensbi/lib/sbi/sbi_hart.c
[19:09:19] [spechunter] [Read] /home/yzs/riscv/opensbi/lib/sbi/sbi_hsm.c
[19:09:21] [spechunter] [text] Let me verify the key findings directly by reading the relevant code locations and checking the spec references
[19:09:21] [spechunter] [Grep] pattern='msdcfg|MSDCFG|SIDN|sidn|smid|SMID'
[19:09:21] [spechunter] [Bash] List spec reference files
[19:09:57] [spechunter] [text] Let me search for the spec reference that mentions `msdcfg` and `SIDN`, and also verify whether this is related to the R...
[19:09:57] [spechunter] [Bash] Find all spec doc files
[19:09:57] [spechunter] [Grep] pattern='msdcfg|MSDCFG|SIDN|supervisor.*interrupt.*domain'
[19:10:23] [spechunter] [text] Now I have all the data needed to cross-validate. Let me verify my line counts are precise.  **Cross-validation results:...
[19:10:37] [spechunter] [text] Let me search for the spec reference and check if this feature exists anywhere in the broader QEMU codebase  
[19:10:37] [spechunter] [Grep] pattern='msdcfg|SIDN|supervisor.*interrupt.*domain|smid'
[19:10:37] [spechunter] [Grep] pattern='msdcfg|SIDN|supervisor.*interrupt.*domain|smid'
[19:10:40] [spechunter] [text] Let me first verify the actual PR content and changes to ground the relevance analysis.  
[19:10:40] [spechunter] [Bash] Check for active PR
[19:10:40] [spechunter] [Bash] Check all branches for ARC-related commits
[19:10:40] [spechunter] [Bash] Find ARC-related branches
[19:10:59] [spechunter] [text] I need to find the relevant msdcfg-related code in the FreeBSD kernel first, since no specific code locations were provi...
[19:10:59] [spechunter] [Agent] description, prompt
[19:10:59] [spechunter] [Agent] description, prompt
[19:11:09] [spechunter] [Bash] List all files in spec_ref directory
[19:11:09] [spechunter] [Bash] List all subdirectories
[19:11:09] [spechunter] [Grep] pattern='msdcfg|mdcfg'
[19:11:14] [spechunter] [Read] /home/yzs/riscv/rv-isa-sec/spec_ref/riscv-fast-interrupt/src/aclic.adoc
[19:11:14] [spechunter] [Grep] pattern='SIDN|supervisor.*interrupt.*domain|msdcfg|SMID'
[19:11:26] [spechunter] [Grep] pattern='msdcfg'
[19:11:26] [spechunter] [Grep] pattern='SIDN|sidn'
[19:11:26] [spechunter] [Grep] pattern='siselect'
[19:11:26] [spechunter] [Grep] pattern='stopei'
[19:11:26] [spechunter] [Grep] pattern='domain'
[19:11:26] [spechunter] [Grep] pattern='interrupt.domain|interrupt.file|interrupt_domain|interrupt_file'
[19:11:36] [spechunter] [Grep] pattern='msdcfg'
[19:11:36] [spechunter] [Grep] pattern='SIDN'
[19:11:36] [spechunter] [Grep] pattern='supervisor interrupt domain|SID'
[19:11:36] [spechunter] [Grep] pattern='siselect|sireg'
[19:11:36] [spechunter] [Grep] pattern='stopei'
[19:11:36] [spechunter] [Grep] pattern='advanced.?interrupt|AIA'
[19:11:42] [spechunter] [Read] /home/yzs/riscv/rv-isa-sec/spec_ref/riscv-fast-interrupt/src/aclic.adoc
[19:11:49] [spechunter] [text] Let me search more broadly for the msdcfg/SIDN feature in the spec references and the QEMU codebase
[19:11:49] [spechunter] [Grep] pattern='msdcfg|msdcfg[^l]|MSDCFG|sidn|SIDN|vgein.*SIDN|domain.*select'
[19:11:49] [spechunter] [Grep] pattern='interrupt.domain'
[19:11:52] [spechunter] [Grep] pattern='msdcfg'
[19:11:52] [spechunter] [Grep] pattern='SIDN|sidn'
[19:11:52] [spechunter] [Grep] pattern='siselect'
[19:11:52] [spechunter] [Grep] pattern='stopei'
[19:11:52] [spechunter] [Grep] pattern='domain'
[19:11:52] [spechunter] [Grep] pattern='domain'
[19:11:52] [spechunter] [Grep] pattern='msdcfg|SIDN|sidn|siselect|stopei'
[19:11:52] [spechunter] [Grep] pattern='msdcfg|SIDN|sidn|siselect|stopei'
[19:12:05] [spechunter] [Read] /home/yzs/riscv/rv-isa-sec/spec_ref/riscv-isa-manual/src/priv/csrs.adoc
[19:12:05] [spechunter] [Read] /home/yzs/riscv/rv-isa-sec/spec_ref/riscv-isa-manual/src/priv/csrs.adoc
[19:12:05] [spechunter] [Read] /home/yzs/riscv/rv-isa-sec/spec_ref/riscv-isa-manual/src/priv/smstateen.adoc
[19:12:05] [spechunter] [Grep] pattern='stopei|vstopei'
[19:12:05] [spechunter] [Grep] pattern='interrupt.?domain|domain.*interrupt'
[19:12:05] [spechunter] [Bash] List spec files in riscv-fast-interrupt/src
[19:12:05] [spechunter] [Bash] List spec files in entire riscv-fast-interrupt
[19:12:11] [spechunter] [Grep] pattern='msdcfg|SDIDN|sdomainno|domain.id'
[19:12:11] [spechunter] [Grep] pattern='supervisor.*domain.*number|domain.*select.*CSR|CSR.*msdcfg|0xBC0|0xBC[0-9A-F]'
[19:12:12] [spechunter] [Grep] pattern='interrupt_domain|interrupt file'
[19:12:12] [spechunter] [Grep] pattern='imsic|IMSIC'
[19:12:12] [spechunter] [Grep] pattern='aplic|APLIC'
[19:12:12] [spechunter] [Grep] pattern='SIE_SEIE|external.interrupt|IRQ_EXTERNAL'
[19:12:12] [spechunter] [Glob] **/*csr*
[19:12:12] [spechunter] [Glob] **/*intr*
[19:12:13] [spechunter] [text] Now let me read the actual commit to understand what changed, since the PR context mentions "ARC review updates" and "is...
[19:12:13] [spechunter] [Bash] Check commits on this branch vs master
[19:12:13] [spechunter] [Bash] List all branches
[19:12:27] [spechunter] [Bash] Find spec files mentioning msdcfg or SIDN
[19:12:28] [spechunter] [Read] /home/yzs/riscv/freebsd-src/msdcfg_sidn_audit.json
[19:12:28] [spechunter] [Read] /home/yzs/riscv/freebsd-src/sys/riscv/include/intr.h
[19:12:28] [spechunter] [Read] /home/yzs/riscv/freebsd-src/sys/riscv/include/riscvreg.h
[19:12:28] [spechunter] [Read] /home/yzs/riscv/freebsd-src/sys/riscv/riscv/swtch.S
[19:12:28] [spechunter] [Read] /home/yzs/riscv/freebsd-src/sys/riscv/riscv/genassym.c
[19:12:28] [spechunter] [Read] /home/yzs/riscv/freebsd-src/sys/riscv/riscv/aplic.c
[19:12:38] [spechunter] [Read] /home/yzs/riscv/freebsd-src/sys/riscv/vmm/vmm_switch.S
[19:12:38] [spechunter] [Read] /home/yzs/riscv/freebsd-src/sys/riscv/vmm/vmm_riscv.c
[19:12:38] [spechunter] [Read] /home/yzs/riscv/freebsd-src/sys/riscv/riscv/intc.c
[19:12:38] [spechunter] [Read] /home/yzs/riscv/freebsd-src/sys/riscv/riscv/trap.c
[19:12:38] [spechunter] [Read] /home/yzs/riscv/freebsd-src/sys/riscv/riscv/locore.S
[19:12:39] [spechunter] [text] Now let me check the actual MIP constant definitions and the SSE-related code to confirm line accuracy.  
[19:12:39] [spechunter] [Read] /home/yzs/riscv/opensbi/include/sbi/riscv_encoding.h
[19:12:39] [spechunter] [Read] /home/yzs/riscv/opensbi/lib/sbi/sbi_sse.c
[19:12:47] [spechunter] [text] Let me read the actual commit to ground the analysis.  
[19:12:47] [spechunter] [Bash] View the actual commit diff
[19:12:47] [spechunter] [Bash] Check if there was a PR #262 reference somewhere
[19:12:49] [spechunter] [Grep] pattern='domain|mdomain|sdomain|SIDN|msdcfg|MSDCFG|select'
[19:13:07] [spechunter] [Grep] pattern='domain|DOMAIN|VGEIN|hstatus|hgeip|hgeie'
[19:13:07] [spechunter] [Read] /home/yzs/riscv/freebsd-src/sys/riscv/vmm/vmm_instruction_emul.c
[19:13:07] [spechunter] [Grep] pattern='INTERRUPT_FILE|SIDN'
[19:13:07] [spechunter] [Grep] pattern='bus_dma_tag_set_domain|busdma.*domain'
[19:13:07] [spechunter] [Grep] pattern='hideleg|hedeleg'
[19:13:07] [spechunter] [Grep] pattern='interrupts-extended|interrupt_file'
[19:13:12] [spechunter] [text] Now let me check the `__sbi_sfence_vma_all` declaration and SATP encodings.  
[19:13:12] [spechunter] [Grep] pattern='__sbi_sfence_vma_all'
[19:13:12] [spechunter] [Grep] pattern='CSR_SATP|SATP32_MODE|SATP64_MODE'
[19:13:12] [spechunter] [Grep] pattern='SDIDN|sdomain|msdcfg|domainno|domain_number'
[19:13:12] [spechunter] [Bash] Find PDF spec files
[19:13:35] [spechunter] [text] Now I have the full picture. Let me produce the final assessment.  ---  **Analysis:** The actual commit on this branch (...
[19:13:36] [spechunter] [Grep] pattern='sireg'
[19:13:36] [spechunter] [Read] /home/yzs/riscv/freebsd-src/sys/riscv/riscv/busdma_machdep.c
[19:13:36] [spechunter] [Grep] pattern='hypctx|hyp_hstatus|guest_regs|VGEIN'
[19:13:36] [spechunter] [Grep] pattern='hvip|HVIP|hie|HIE|SGEIE|hstatus'
[19:13:36] [spechunter] [Read] /home/yzs/riscv/freebsd-src/sys/riscv/vmm/vmm_instruction_emul.h
[19:13:42] [spechunter] [Grep] pattern='0xBC[0-9A-F]|msdcfg|MSDCFG'
[19:13:42] [spechunter] [Grep] pattern='Smidctrl.*CSR|msdcfg.*SIDN|SIDN.*msdcfg'
[19:13:53] [spechunter] [text] Let me check the ISA manual for this feature and also look at whether this might be a newer spec not yet in the referenc...
[19:13:53] [spechunter] [Grep] pattern='msdcfg|MSDCFG|ssdcfg|SSDCFG|sdomain|mdomain|interrupt.domain'
[19:13:53] [spechunter] [Grep] pattern='msdcfg|ssdcfg|SIDN|mdomain|0xBC'
[19:14:01] [spechunter] [Grep] pattern='indirect CSR|Sscsrind|Smcsrind|siselect.*invalid|sireg.*invalid|unavailable'
[19:14:01] [spechunter] [Grep] pattern='Sscsrind|Smcsrind'
[19:14:01] [spechunter] [Read] /home/yzs/riscv/rv-isa-sec/spec_ref/riscv-isa-manual/src/priv/csrs.adoc
[19:14:01] [spechunter] [Grep] pattern='interrupt.?domain|domain|SID'
[19:14:01] [spechunter] [Grep] pattern='Ssaia|IMSIC|APLIC'
[19:14:02] [spechunter] [TodoWrite] 5 items
[19:14:03] [spechunter] [Read] /home/yzs/riscv/freebsd-src/sys/riscv/vmm/riscv.h
[19:14:03] [spechunter] [Read] /home/yzs/riscv/freebsd-src/sys/riscv/riscv/plic.c
[19:14:03] [spechunter] [Grep] pattern='imsic|IMSIC|interrupt.file'
[19:14:03] [spechunter] [Grep] pattern='domain|DOMAIN'
[19:14:18] [spechunter] [text] Let me do one final comprehensive check across the entire QEMU tree to be certain
[19:14:18] [spechunter] [Bash] Search entire QEMU for msdcfg related code
[19:14:18] [spechunter] [Grep] pattern='0xBC'
[19:14:23] [spechunter] [text] Let me search for all the relevant CSR accesses and patterns across the kernel codebase.  
[19:14:23] [spechunter] [Grep] pattern='siselect|sireg|stopei'
[19:14:23] [spechunter] [Grep] pattern='msdcfg|SIDN|msideip'
[19:14:23] [spechunter] [Grep] pattern='hgeip|hgeie|VGEIN'
[19:14:23] [spechunter] [Grep] pattern='HSTATUS_VGEIN|hstatus.*vgein'
[19:14:30] [spechunter] [text] Let me also verify the CSR number assignments to be thorough.  
[19:14:30] [spechunter] [Grep] pattern='0xB[0-9A-F][0-9A-F]'
[19:14:30] [spechunter] [Grep] pattern='msdcfg|MSDCFG|SSDCFG|ssdcfg|mdomain|mdomainn|sdomainn|MDOMAIN|SDOMAIN|domain_no|domain_number|select.*domain'
[19:14:31] [spechunter] [Read] /home/yzs/riscv/opensbi/include/sbi/sbi_tlb.h
[19:14:31] [spechunter] [Read] /home/yzs/riscv/opensbi/include/sbi/riscv_encoding.h
[19:14:31] [spechunter] [Read] /home/yzs/riscv/opensbi/include/sbi/riscv_encoding.h
[19:14:40] [spechunter] [text] Now I have a thorough picture. Let me compile the final audit findings.  
[19:14:40] [spechunter] [Read] /home/yzs/riscv/qemu/target/riscv/csr.c
[19:14:42] [spechunter] [Read] /home/yzs/riscv/rv-isa-sec/spec_ref/riscv-isa-manual/src/priv/smcsrind.adoc
[19:14:42] [spechunter] [Read] /home/yzs/riscv/rv-isa-sec/spec_ref/riscv-isa-manual/normative_rule_defs/indirect-csr.yaml
[19:14:42] [spechunter] [Read] /home/yzs/riscv/rv-isa-sec/spec_ref/riscv-cheri/src/indirect-csr.adoc
[19:14:42] [spechunter] [Grep] pattern='xtopei|topi|stopei.*invalid|stopei.*domain|stopei.*interrupt'
[19:14:42] [spechunter] [Grep] pattern='acliciprio|aclicsourcecfg|domaincfg'
[19:14:58] [spechunter] [text] Let me also check the aclic.adoc spec in more detail to see if it defines `msdcfg` or `mdomain`/`sdomain` select CSRs.  
[19:14:58] [spechunter] [Read] /home/yzs/riscv/rv-isa-sec/spec_ref/riscv-fast-interrupt/src/aclic.adoc
[19:15:06] [spechunter] [TodoWrite] 4 items
[19:15:19] [spechunter] [Grep] pattern='MDCFG|mdcfg'
[19:15:19] [spechunter] [Grep] pattern='Ssaia|Smaia|imsic|APLIC|aplic'
[19:15:19] [spechunter] [Grep] pattern='Ssaia|Smaia|advanced.?interrupt'
[19:15:19] [spechunter] [Grep] pattern='sourcecfg|source.*config'
[19:15:23] [spechunter] [text] Now I have all the context needed to cross-validate. Let me also quickly verify the `sbi_hsm_hart_wait` function mention...
[19:15:23] [spechunter] [Read] /home/yzs/riscv/opensbi/lib/sbi/sbi_hsm.c
[19:15:23] [spechunter] [Grep] pattern='sbi_hart_delegation|delegate_traps'
[19:15:26] [spechunter] [text] Now I have all the information needed. Let me compile the final audit.  
[19:15:26] [spechunter] [Read] /home/yzs/riscv/qemu/target/riscv/csr.c
[19:15:26] [spechunter] [Read] /home/yzs/riscv/qemu/target/riscv/csr.c
[19:15:34] [spechunter] [Read] /home/yzs/riscv/linux/arch/riscv/kvm/aia_imsic.c
[19:15:34] [spechunter] [Read] /home/yzs/riscv/linux/arch/riscv/kvm/aia.c
[19:15:34] [spechunter] [Grep] pattern='siselect|sireg|stopei|hgeip|hgeie|VGEIN|msideip|msdcfg|SIDN'
[19:15:45] [spechunter] [Read] /home/yzs/riscv/rv-isa-sec/spec_ref/riscv-iopmp/chapter2.adoc
[19:15:45] [spechunter] [Read] /home/yzs/riscv/rv-isa-sec/spec_ref/riscv-iopmp/application_note/mdcfg_reduction.adoc
[19:15:45] [spechunter] [Read] /home/yzs/riscv/rv-isa-sec/spec_ref/riscv-fast-interrupt/src/aclic.adoc
[19:15:45] [spechunter] [Grep] pattern='Ssaia|stopei|vstopei'
[19:15:45] [spechunter] [Grep] pattern='D=0|D=1|delegat|domaincfg|domain.*config|config.*domain'
[19:15:55] [spechunter] [Read] /home/yzs/riscv/rv-isa-sec/spec_ref/riscv-fast-interrupt/src/aclic.adoc
[19:15:55] [spechunter] [Read] /home/yzs/riscv/rv-isa-sec/spec_ref/riscv-fast-interrupt/src/aclic.adoc
[19:15:55] [spechunter] [Read] /home/yzs/riscv/rv-isa-sec/spec_ref/riscv-fast-interrupt/src/aclic.adoc
[19:15:57] [spechunter] [text] Now let me look at the CSR definitions more closely, and check for any SIDN/msdcfg validation in relevant files.  
[19:15:57] [spechunter] [Read] /home/yzs/riscv/linux/tools/arch/riscv/include/asm/csr.h
[19:15:57] [spechunter] [Read] /home/yzs/riscv/linux/arch/riscv/include/asm/csr.h
[19:15:57] [spechunter] [Grep] pattern='siselect|sireg|CSR_SIREG|CSR_SISELECT|CSR_VSISELECT|CSR_VSIREG'
[19:15:57] [spechunter] [Grep] pattern='sidn|SIDN|msdcfg|MSDCFG'
[19:16:37] [spechunter] [Bash] Find PDF and JSON spec files
[19:16:37] [spechunter] [Grep] pattern='MDCFG.*table|MDCFG.*entry|MDCFG.*index|improper'
[19:16:37] [spechunter] [Grep] pattern='xtopei.*write|xtopei.*read.*zero|stopei.*read|stopei.*write'
[19:16:37] [spechunter] [Bash] Find spec PDFs in fast-interrupt
[19:16:37] [spechunter] [Bash] Find all JSON and PDF files
[19:16:42] [spechunter] [text] Now I have a thorough understanding. Let me compile the final findings.  After exhaustive search across the QEMU codebas...
[19:16:44] [spechunter] [text] Now I have a clear picture. Let me cross-validate comprehensively.  **The PR** is specifically about commit `4aad9d76` w...
[19:16:55] [spechunter] [Grep] pattern='CSR_SISELECT|CSR_ISELECT'
[19:16:55] [spechunter] [Grep] pattern='CSR_STOPEI|stopei|STOPEI'
[19:16:55] [spechunter] [Grep] pattern='CSR_HGEIP|CSR_HGEIE'
[19:16:59] [spechunter] [Grep] pattern='msdcfg'
[19:16:59] [spechunter] [Grep] pattern='SIDN'
[19:17:12] [spechunter] [Read] /home/yzs/riscv/rv-isa-sec/spec_ref/riscv-iopmp/chapter3.adoc
[19:17:12] [spechunter] [Read] /home/yzs/riscv/rv-isa-sec/spec_ref/riscv-iopmp/chapter4.adoc
[19:17:12] [spechunter] [Grep] pattern='SIDN|sidn|sid_num|sid.*num'
[19:17:12] [spechunter] [Read] /home/yzs/riscv/rv-isa-sec/spec_ref/riscv-iopmp/application_note/improper_mdcfg_reference.adoc
[19:17:12] [spechunter] [Grep] pattern='domaincfg|domain.*register|per.?domain|domain_configuration|DOMAINCFG|domaincfgreg'
[19:17:24] [spechunter] [Grep] pattern='msdcfg|SIDN|sidn'
[19:17:24] [spechunter] [Grep] pattern='msdcfg'
[19:17:41] [spechunter] [Grep] pattern='sireg|stopei|hgeip|hgeie|hstatus\\.VGEIN|hstatus'
[19:17:44] [spechunter] [text] Now let me trace the S-mode siselect/sireg usage and the kvm_aia.h CSR table.  
[19:17:44] [spechunter] [Read] /home/yzs/riscv/linux/arch/riscv/include/asm/kvm_aia.h
[19:17:44] [spechunter] [Grep] pattern='CSR_TOPEI|CSR_STOPEI|CSR_VSTOPEI|sstopee|vstopei'
[19:17:44] [spechunter] [Read] /home/yzs/riscv/linux/arch/riscv/include/asm/csr.h
[19:17:50] [spechunter] [Grep] pattern='msdcfg|SIDN|sidn|MSDCFG'
[19:17:50] [spechunter] [Bash] List spec reference directories
[19:18:27] [spechunter] [Grep] pattern='MSDCFG|msdcfg|SIDN'
[19:18:27] [spechunter] [Grep] pattern='MSDCFG|msdcfg'
[19:18:41] [spechunter] [text] The code locations provided in the task are all empty (`:0-0`), and `msdcfg`/`SIDN` do not appear anywhere in the OpenSB...
[19:18:41] [spechunter] [Grep] pattern='0x[0-9a-fA-F].*msdcfg|MSDCFG'
[19:18:41] [spechunter] [Grep] pattern='msdcfg|SIDN|sidn'
[19:18:58] [spechunter] [text] Let me read the existing audit file for context, then examine a few key files directly
[19:18:58] [spechunter] [Read] /home/yzs/riscv/freebsd-src/msdcfg_sidn_audit.json
[19:18:58] [spechunter] [Read] /home/yzs/riscv/freebsd-src/sys/riscv/riscv/aplic.c
[19:19:04] [spechunter] [Grep] pattern='CSR_MSDCFG|CSR_SIREG|CSR_STOPEI|CSR_HGEIP|CSR_HGEIE|CSR_HSTATUS'
[19:19:04] [spechunter] [Grep] pattern='msdcfg|sireg|stopei|hgeip|hgeie|hstatus'
[19:19:22] [spechunter] [Grep] pattern='MSDCFG|msdcfg|0x[0-9a-fA-F].*dcfg'
[19:19:22] [spechunter] [Grep] pattern='CSR_MSDCFG|CSR_SIREG|CSR_STOPEI|CSR_HGEIP|CSR_HGEIE'
[19:19:29] [spechunter] [TodoWrite] 2 items
[19:19:33] [spechunter] [text] Now let me read the key spec files to get proper citations and also look at the actual code locations for the bhyve VMM
[19:19:33] [spechunter] [Read] /home/yzs/riscv/rv-isa-sec/spec_ref/riscv-isa-manual/src/priv/smcsrind.adoc
[19:19:33] [spechunter] [Read] /home/yzs/riscv/rv-isa-sec/spec_ref/riscv-fast-interrupt/src/aclic.adoc
[19:19:33] [spechunter] [Read] /home/yzs/riscv/freebsd-src/sys/riscv/vmm/vmm_riscv.c
[19:19:33] [spechunter] [Read] /home/yzs/riscv/freebsd-src/sys/riscv/vmm/vmm_switch.S
[19:19:46] [spechunter] [text] Let me read the spec reference documents to understand the normative requirements.  
[19:19:46] [spechunter] [Bash] List spec reference directories
[19:19:54] [spechunter] [text] Based on thorough investigation of the OpenSBI source tree:  - **`msdcfg`/`MSDCFG`** does not appear anywhere in the Ope...
[19:19:56] [spechunter] [text] Let me read the remaining code and spec locations
[19:19:56] [spechunter] [Read] /home/yzs/riscv/freebsd-src/sys/riscv/vmm/vmm_riscv.c
[19:19:56] [spechunter] [Read] /home/yzs/riscv/freebsd-src/sys/riscv/vmm/vmm_riscv.c
[19:19:56] [spechunter] [Read] /home/yzs/riscv/freebsd-src/sys/riscv/vmm/vmm_riscv.c
[19:19:56] [spechunter] [Read] /home/yzs/riscv/freebsd-src/sys/riscv/vmm/vmm_riscv.c
[19:19:56] [spechunter] [Read] /home/yzs/riscv/freebsd-src/sys/riscv/vmm/vmm_instruction_emul.c
[19:19:56] [spechunter] [Read] /home/yzs/riscv/freebsd-src/sys/riscv/riscv/locore.S
[19:20:05] [spechunter] [text] Let me read the remaining code locations
[19:20:05] [spechunter] [Read] /home/yzs/riscv/freebsd-src/sys/riscv/riscv/intc.c
[19:20:05] [spechunter] [Read] /home/yzs/riscv/freebsd-src/sys/riscv/riscv/trap.c
[19:20:05] [spechunter] [Read] /home/yzs/riscv/freebsd-src/sys/riscv/include/riscvreg.h
[19:20:12] [spechunter] [Bash] List all spec files under spec_ref
[19:20:25] [spechunter] [Bash] Find AIA-related spec files
[19:21:08] [spechunter] [Bash] Find AIA-related spec files in riscv-isa-manual
[19:21:13] [spechunter] [TodoWrite] 3 items
[19:21:20] [spechunter] [Grep] pattern='class CSRToAIABundle'
[19:21:20] [spechunter] [Grep] pattern='CSRToAIABundle'
[19:21:33] [spechunter] [Grep] pattern='sidn|SIDN|msdcfg|sideip|interrupt.domain|unimplemented'
[19:21:33] [spechunter] [Grep] pattern='sidn|SIDN|msdcfg|sideip|interrupt.domain|unimplemented'
[19:21:38] [spechunter] [Grep] pattern='CSRToAIABundle|AIAToCSRBundle|HasAIABundle|HasISelectBundle|HasIregSink|HasInterruptFilterSink'
[19:21:50] [spechunter] [text] Let me search more broadly in the spec files
[19:21:50] [spechunter] [Grep] pattern='sidn|msdcfg|sideip|supervisor interrupt domain'
[19:21:50] [spechunter] [Grep] pattern='siselect|sireg'
[19:22:02] [spechunter] [text] Now I have all the code and spec data needed. Here is the audit:  ```json {   "findings": [     {       "file_path": "sy...
[19:22:24] [spechunter] [Grep] pattern='interrupt.domain|SIDN|msdcfg|m sideip|unimplemented'
[19:22:24] [spechunter] [Grep] pattern='siselect.*behavior|sireg.*behavior|stopei.*behavior|behavior.*siselect|behavior.*sireg'
[19:22:29] [spechunter] [Grep] pattern='CSRToAIABundle|AIAToCSRBundle'
[19:22:34] [spechunter] [Grep] pattern='imsic_axi_top|IMSIC_WRAP|imsic.*fromCSR|imsic.*toCSR'
[19:22:41] [spechunter] [Grep] pattern='imsic_axi_top|imsic_bus_top|AXIRegIMSIC_WRAP|TLIMSIC|AXI4IMSIC|aia\\.IMSIC'
[19:22:48] [spechunter] [Grep] pattern='imsic|IMSIC|AIA|aia'
[19:22:52] [spechunter] [Grep] pattern='imsic|IMSIC|toAIA|fromAIA|vgein'
[19:23:09] [spechunter] [Grep] pattern='SIDN|msdcfg|MSDCFG'
[19:23:09] [spechunter] [Grep] pattern='SIDN|msdcfg|MSDCFG|sideip'
[19:23:24] [spechunter] [Read] /home/yzs/riscv/XiangShan/ChiselAIA/src/main/scala/IMSIC.scala
[19:23:24] [spechunter] [Read] /home/yzs/riscv/XiangShan/ChiselAIA/src/main/scala/IMSIC.scala
[19:23:29] [spechunter] [Grep] pattern='msideip|msdcfg|supervisor.interrupt.domain|external.interrupt'
[19:23:29] [spechunter] [Grep] pattern='mip.SEIP|SEIP|deleg.*ext|external.interrupt'
[19:25:00] [spechunter] [Grep] pattern='hgeip|hgeie|HGEIP|HGEIE|VGEIN'
[19:25:00] [spechunter] [Grep] pattern='siselect|SIREG|sireg|topie|stopee'
[19:25:36] [spechunter] [Grep] pattern='InterruptFilter|interruptFilter|interrupt.*filter.*vgein|vstopi|vstopei.*vgein'
[19:25:36] [spechunter] [Grep] pattern='InterruptFilter|IPSRegister|geil'
[19:25:37] [spechunter] [Grep] pattern='VGEIN.*hgeip|hgeip.*VGEIN|select.*external|VSEIP.*hgeip'
[19:25:37] [spechunter] [Grep] pattern='m sideip|mip.*SEIP|SEIP.*vs'
[19:25:37] [spechunter] [Grep] pattern='vsfile_hgei|hgei >|hgei <=|hgei.*nr_hgei|nr_hgei'
[19:26:12] [spechunter] [Read] /home/yzs/riscv/XiangShan/src/main/scala/xiangshan/backend/fu/NewCSR/InterruptFilter.scala
[19:27:37] [spechunter] [Read] /home/yzs/riscv/XiangShan/ChiselAIA/src/main/scala/common.scala
[19:29:39] [spechunter] [Bash] Find AIA IMSIC implementation files
[19:29:39] [spechunter] [Grep] pattern='AXIRegIMSIC_WRAP|AXIRegIMSIC|class.*IMSIC'
[19:30:27] [spechunter] [text] Now let me read the actual IMSIC implementation where `vgein` is used as an array index
[19:30:27] [spechunter] [Read] /home/yzs/riscv/XiangShan/ChiselAIA/src/main/scala/IMSICParameters.scala
[19:30:27] [spechunter] [Read] /home/yzs/riscv/XiangShan/ChiselAIA/src/main/scala/IMSIC.scala
[19:32:10] [spechunter] [text] Prompt is too long
[19:32:27] [spechunter] [text] Now let me check how the spec handles the "m sideip" concept and whether the kernel relies on M-mode SEIP.  
[19:32:27] [spechunter] [Grep] pattern='SIDN|msdcfg|sideip|interrupt.domain'
[19:32:27] [spechunter] [Read] /home/yzs/riscv/rv-isa-sec/spec_ref/riscv-fast-interrupt/src/aclic.adoc
[19:32:56] [spechunter] [text] Let me cross-validate these locations against the actual code to verify accuracy and relevance
[19:32:56] [spechunter] [Read] /home/yzs/riscv/XiangShan/src/main/scala/xiangshan/backend/fu/NewCSR/MachineLevel.scala
[19:32:56] [spechunter] [Read] /home/yzs/riscv/XiangShan/src/main/scala/xiangshan/backend/fu/NewCSR/NewCSR.scala
[19:32:56] [spechunter] [Read] /home/yzs/riscv/XiangShan/src/main/scala/xiangshan/backend/fu/NewCSR/NewCSR.scala
[19:32:56] [spechunter] [Read] /home/yzs/riscv/XiangShan/src/main/scala/xiangshan/backend/fu/NewCSR/NewCSR.scala
[19:32:56] [spechunter] [Read] /home/yzs/riscv/XiangShan/src/main/scala/xiangshan/backend/fu/NewCSR/NewCSR.scala
[19:33:11] [spechunter] [Read] /home/yzs/riscv/XiangShan/src/main/scala/xiangshan/backend/fu/NewCSR/CSRPermitModule.scala
[19:33:11] [spechunter] [Read] /home/yzs/riscv/XiangShan/src/main/scala/xiangshan/backend/fu/NewCSR/CSRPermitModule.scala
[19:33:11] [spechunter] [Read] /home/yzs/riscv/XiangShan/src/main/scala/xiangshan/backend/fu/NewCSR/CSRAIA.scala
[19:33:11] [spechunter] [Read] /home/yzs/riscv/XiangShan/src/main/scala/xiangshan/backend/fu/NewCSR/CSRAIA.scala
[19:33:11] [spechunter] [Read] /home/yzs/riscv/XiangShan/src/main/scala/xiangshan/backend/fu/NewCSR/CSRAIA.scala
[19:33:29] [spechunter] [Read] /home/yzs/riscv/XiangShan/src/main/scala/xiangshan/backend/fu/NewCSR/HypervisorLevel.scala
[19:33:29] [spechunter] [Read] /home/yzs/riscv/XiangShan/src/main/scala/xiangshan/backend/fu/NewCSR/HypervisorLevel.scala
[19:33:29] [spechunter] [Read] /home/yzs/riscv/XiangShan/src/main/scala/xiangshan/backend/fu/NewCSR/HypervisorLevel.scala
[19:33:29] [spechunter] [Read] /home/yzs/riscv/XiangShan/src/main/scala/xiangshan/backend/fu/NewCSR/HypervisorLevel.scala
[19:33:29] [spechunter] [Read] /home/yzs/riscv/XiangShan/src/main/scala/xiangshan/backend/fu/NewCSR/HypervisorLevel.scala
[19:34:55] [spechunter] [Read] /home/yzs/riscv/XiangShan/src/main/scala/xiangshan/backend/fu/NewCSR/HypervisorLevel.scala
[19:34:55] [spechunter] [Read] /home/yzs/riscv/XiangShan/src/main/scala/xiangshan/backend/fu/NewCSR/InterruptFilter.scala
[19:34:55] [spechunter] [Read] /home/yzs/riscv/XiangShan/src/main/scala/xiangshan/backend/fu/NewCSR/InterruptBundle.scala
[19:34:55] [spechunter] [Read] /home/yzs/riscv/XiangShan/src/main/scala/xiangshan/backend/fu/NewCSR/InterruptBundle.scala
[19:34:55] [spechunter] [Read] /home/yzs/riscv/XiangShan/src/main/scala/xiangshan/backend/fu/NewCSR/MachineLevel.scala
[19:35:14] [spechunter] [Read] /home/yzs/riscv/XiangShan/src/main/scala/xiangshan/backend/fu/wrapper/CSR.scala
[19:35:14] [spechunter] [Read] /home/yzs/riscv/XiangShan/src/main/scala/system/SoC.scala
[19:35:14] [spechunter] [Read] /home/yzs/riscv/XiangShan/src/main/scala/xiangshan/backend/fu/NewCSR/CSRIND.scala
[19:36:30] [spechunter] [text] Now let me verify a few remaining locations for completeness.  
[19:36:30] [spechunter] [Read] /home/yzs/riscv/XiangShan/src/main/scala/xiangshan/backend/fu/NewCSR/NewCSR.scala
[19:36:30] [spechunter] [Grep] pattern='hgeip.*VGEIN|VGEIN.*hgeip'
[19:39:00] [spechunter] [text] Now I have a complete picture. Let me cross-validate, deduplicate, and produce the final location set.  
[19:39:00] [spechunter] [Write] /home/yzs/riscv/XiangShan/PR262_ARC_review_locations.json
[19:39:23] [spechunter] [text] Here's the cross-validation summary:  **Cross-validated 31 fast-path locations → 20 retained, 9 removed.**  ### Critical...
[19:39:38] [spechunter] [text] I'll start by reading the PR context file to identify the code locations, then examine each one against the spec
[19:39:38] [spechunter] [Read] /home/yzs/riscv/XiangShan/PR262_ARC_review_locations.json
[19:40:01] [spechunter] [text] Now let me read the actual RTL at each of these locations. I'll start with the critical and high-ranked ones in parallel...
[19:40:01] [spechunter] [Read] /home/yzs/riscv/XiangShan/src/main/scala/xiangshan/backend/fu/NewCSR/MachineLevel.scala
[19:40:01] [spechunter] [Read] /home/yzs/riscv/XiangShan/src/main/scala/xiangshan/backend/fu/NewCSR/HypervisorLevel.scala
[19:40:01] [spechunter] [Read] /home/yzs/riscv/XiangShan/src/main/scala/xiangshan/backend/fu/NewCSR/NewCSR.scala
[19:40:01] [spechunter] [Read] /home/yzs/riscv/XiangShan/src/main/scala/system/SoC.scala
[19:40:01] [spechunter] [Read] /home/yzs/riscv/XiangShan/src/main/scala/xiangshan/backend/fu/NewCSR/CSRPermitModule.scala
[19:40:26] [spechunter] [text] Now let me read the remaining locations.  
[19:40:26] [spechunter] [Read] /home/yzs/riscv/XiangShan/src/main/scala/xiangshan/backend/fu/NewCSR/InterruptFilter.scala
[19:40:26] [spechunter] [Read] /home/yzs/riscv/XiangShan/src/main/scala/xiangshan/backend/fu/NewCSR/NewCSR.scala
[19:40:26] [spechunter] [Read] /home/yzs/riscv/XiangShan/src/main/scala/xiangshan/backend/fu/NewCSR/NewCSR.scala
[19:40:26] [spechunter] [Read] /home/yzs/riscv/XiangShan/src/main/scala/xiangshan/backend/fu/NewCSR/NewCSR.scala
[19:40:26] [spechunter] [Read] /home/yzs/riscv/XiangShan/src/main/scala/xiangshan/backend/fu/NewCSR/CSRPermitModule.scala
[19:40:26] [spechunter] [Read] /home/yzs/riscv/XiangShan/src/main/scala/xiangshan/backend/fu/wrapper/CSR.scala
[19:40:26] [spechunter] [Read] /home/yzs/riscv/XiangShan/src/main/scala/xiangshan/backend/fu/NewCSR/InterruptBundle.scala
[19:40:26] [spechunter] [Read] /home/yzs/riscv/XiangShan/src/main/scala/xiangshan/backend/fu/NewCSR/HypervisorLevel.scala
[19:41:35] [spechunter] [text] Let me check the spec references and a few more critical code details.  
[19:41:35] [spechunter] [Agent] description, subagent_type
[19:41:35] [spechunter] [Agent] description, subagent_type
[19:41:54] [spechunter] [Glob] src/main/scala/xiangshan/backend/fu/NewCSR/**/*.scala
[19:41:54] [spechunter] [Grep] pattern='class CSRBundle|trait CSRBundle|abstract class CSRBundle'
[19:41:54] [spechunter] [Grep] pattern='WLRLApply'
[19:41:54] [spechunter] [Grep] pattern='def asUInt'
[19:42:00] [spechunter] [Glob] **/*
[19:42:00] [spechunter] [Grep] pattern='geilen|vgeinWidth'
[19:42:00] [spechunter] [Grep] pattern='VGEIN'
[19:42:15] [spechunter] [Read] /home/yzs/riscv/XiangShan/src/main/scala/xiangshan/backend/fu/NewCSR/CSRBundle.scala
[19:42:15] [spechunter] [Grep] pattern='WLRLApply'
[19:42:15] [spechunter] [Grep] pattern='WLRLApply'
[19:42:15] [spechunter] [Grep] pattern='HgeipBundle|class Hgeip'
[19:42:21] [spechunter] [Glob] **/*aia*
[19:42:21] [spechunter] [Grep] pattern='geilen|vgeinWidth'
[19:42:21] [spechunter] [Grep] pattern='VGEIN|vgein'
[19:42:21] [spechunter] [Grep] pattern='WLRL|warwl|WARL'
[19:42:38] [spechunter] [Grep] pattern='def RO'
[19:42:38] [spechunter] [Grep] pattern='class CSREnum|abstract class CSREnum|def getWidth'
[19:42:38] [spechunter] [Grep] pattern='case class WLRLType|class WLRLType|WLRLType'
[19:42:45] [spechunter] [Read] /home/yzs/riscv/rv-isa-sec/spec_ref/riscv-isa-manual/src/priv/hypervisor.adoc
[19:42:45] [spechunter] [Read] /home/yzs/riscv/rv-isa-sec/spec_ref/riscv-isa-manual/src/priv/hypervisor.adoc
[19:42:45] [spechunter] [Grep] pattern='geilen|VGEIN|vgein|wlrl|WLRL'
[19:42:45] [spechunter] [Grep] pattern='geilen|VGEIN|vgein'
[19:42:45] [spechunter] [Grep] pattern='geilen|VGEIN|vgein'
[19:42:49] [spechunter] [Read] /home/yzs/riscv/XiangShan/src/main/scala/xiangshan/backend/fu/NewCSR/CSRFields.scala
[19:42:49] [spechunter] [Read] /home/yzs/riscv/XiangShan/src/main/scala/xiangshan/backend/fu/NewCSR/CSRFields.scala
[19:42:49] [spechunter] [Read] /home/yzs/riscv/XiangShan/src/main/scala/xiangshan/backend/fu/NewCSR/CSRFields.scala
[19:43:03] [spechunter] [Grep] pattern='norm:hstatus_vgein_op'
[19:43:03] [spechunter] [Grep] pattern='vgeinWidth'
[19:43:03] [spechunter] [Grep] pattern='geilen.*hstatus|hstatus.*geilen|exceed|illegal|invalid.*vgein|vgein.*illegal|vgein.*invalid'
[19:43:03] [spechunter] [Read] /home/yzs/riscv/rv-isa-sec/spec_ref/riscv-isa-manual/normative_rule_defs/hypervisor.yaml
[19:43:06] [spechunter] [Grep] pattern='def isLegal|def legalize|def wNoEffect|def wNoFilter'
[19:43:06] [spechunter] [Read] /home/yzs/riscv/XiangShan/src/main/scala/xiangshan/backend/fu/NewCSR/CSRFields.scala
[19:43:06] [spechunter] [Grep] pattern='def isLegal|def legalize|def wfn\\(|def wfn:'
[19:43:15] [spechunter] [Grep] pattern='isWLRL|isLegalWLRL|wfn'
[19:43:15] [spechunter] [Read] /home/yzs/riscv/XiangShan/src/main/scala/xiangshan/backend/fu/NewCSR/CSRFields.scala
[19:43:19] [spechunter] [Read] /home/yzs/riscv/rv-isa-sec/spec_ref/riscv-cheri/src/hypervisor.adoc
[19:43:19] [spechunter] [Read] /home/yzs/riscv/rv-isa-sec/spec_ref/riscv-cheri/src/hypervisor.adoc
[19:43:19] [spechunter] [Grep] pattern='aia'
[19:43:19] [spechunter] [Bash] List spec_ref directory contents
[19:43:36] [spechunter] [Glob] **/*
[19:43:36] [spechunter] [Grep] pattern='geilen|VGEIN|vgein'
[19:43:36] [spechunter] [Grep] pattern='geilen|VGEIN|vgein|aia|imsic|apLIC'
[19:43:40] [spechunter] [Grep] pattern='def RO\\(msb.*lsb'
[19:43:40] [spechunter] [Grep] pattern='trait ROApply'
[19:43:52] [spechunter] [Glob] src/*.adoc
[19:43:52] [spechunter] [Read] /home/yzs/riscv/rv-isa-sec/spec_ref/riscv-fast-interrupt/src/aclic.adoc
[19:44:04] [spechunter] [Glob] src/**/*.adoc
[19:44:04] [spechunter] [Bash] List source directory of riscv-fast-interrupt
[19:44:10] [spechunter] [Read] /home/yzs/riscv/XiangShan/src/main/scala/xiangshan/backend/fu/NewCSR/CSRBundles.scala
[19:44:24] [spechunter] [Grep] pattern='CSRROField|CSRRWField|CSRWARLField|trait.*Apply'
[19:44:24] [spechunter] [Grep] pattern='class HgeipBundle|class HgeieBundle'
[19:44:24] [spechunter] [Read] /home/yzs/riscv/XiangShan/src/main/scala/xiangshan/backend/fu/NewCSR/CSRDefines.scala
[19:44:29] [spechunter] [Read] /home/yzs/riscv/rv-isa-sec/spec_ref/riscv-fast-interrupt/src/aclic.adoc
[19:44:29] [spechunter] [Grep] pattern='vgeinWidth'
[19:44:29] [spechunter] [Grep] pattern='vgeinWidth'
[19:44:29] [spechunter] [Grep] pattern='mideleg.*12|bit 12.*mideleg|guest.*external.*deleg'
[19:45:06] [spechunter] [Grep] pattern='geilen|vgein|VGEIN|WLRL|guest.*external.*interrupt'
[19:45:06] [spechunter] [Grep] pattern='GEILEN.*VGEIN|VGEIN.*GEILEN|value.*zero.*and.*maximum|able.to.hold'
[19:45:13] [spechunter] [Grep] pattern='GEILEN'
[19:45:13] [spechunter] [Read] /home/yzs/riscv/rv-isa-sec/spec_ref/riscv-isa-manual/src/priv/hypervisor.adoc
[19:45:36] [spechunter] [Grep] pattern='WLRL'
[19:45:36] [spechunter] [Grep] pattern='wNoEffect|wNoFilter'
[19:45:36] [spechunter] [Grep] pattern='wNoFilter\\b'
[19:46:27] [spechunter] [Read] /home/yzs/riscv/XiangShan/src/main/scala/xiangshan/backend/fu/NewCSR/CSRFields.scala
[19:46:49] [spechunter] [Grep] pattern='WLRL'
[19:49:30] [spechunter] [Read] /home/yzs/riscv/XiangShan/src/main/scala/xiangshan/backend/fu/NewCSR/CSRModule.scala
[19:52:13] [spechunter] [text] Let me check the IMSIC module to see if it does bounds-checking on vgein internally.  
[19:52:13] [spechunter] [Agent] description, prompt
[19:52:13] [spechunter] [Read] /home/yzs/riscv/XiangShan/src/main/scala/xiangshan/backend/fu/NewCSR/InterruptBundle.scala
[19:52:13] [spechunter] [Read] /home/yzs/riscv/XiangShan/src/main/scala/xiangshan/backend/fu/NewCSR/CSRFields.scala
[19:52:27] [spechunter] [Glob] **/*IMSIC*
[19:52:27] [spechunter] [Glob] **/*imsic*
[19:52:27] [spechunter] [Glob] ChiselAIA/src/main/scala/**/*.scala
[19:52:43] [spechunter] [Read] /home/yzs/riscv/XiangShan/ChiselAIA/src/main/scala/IMSIC.scala
[19:52:43] [spechunter] [Read] /home/yzs/riscv/XiangShan/ChiselAIA/src/main/scala/IMSICParameters.scala
[19:54:45] [spechunter] [Read] /home/yzs/riscv/XiangShan/src/main/scala/device/imsic_axi_top.scala
[19:54:45] [spechunter] [Grep] pattern='vgein'
[19:57:43] [spechunter] [text] Let me check the default isLegal implementation and the CSREnum base class for WLRL fields
[19:57:43] [spechunter] [Grep] pattern='def isLegal'
[19:57:43] [spechunter] [Grep] pattern='def isLegal'
[19:57:46] [spechunter] [Glob] **/CSREnum.scala
[19:58:09] [spechunter] [Grep] pattern='abstract class CSREnum'
[19:58:09] [spechunter] [Grep] pattern='class CSREnum'
[19:58:36] [spechunter] [Grep] pattern='trait CSREnum|abstract.*CSREnum'
[19:58:49] [spechunter] [Grep] pattern='import.*CSREnum'
[19:58:49] [spechunter] [Grep] pattern='def isLegal'
[19:59:28] [spechunter] [Read] /home/yzs/riscv/XiangShan/src/main/scala/xiangshan/backend/fu/NewCSR/CSRFields.scala
[19:59:28] [spechunter] [Grep] pattern='object HstatusVgeinField'
[20:02:11] [spechunter] [text] Now I have a comprehensive picture. Let me compile the final analysis
[20:02:11] [spechunter] [Read] /home/yzs/riscv/rv-isa-sec/spec_ref/riscv-isa-manual/src/priv/hypervisor.adoc
[20:02:11] [spechunter] [Read] /home/yzs/riscv/rv-isa-sec/spec_ref/riscv-isa-manual/src/priv/hypervisor.adoc
[20:02:11] [spechunter] [Read] /home/yzs/riscv/rv-isa-sec/spec_ref/riscv-isa-manual/src/priv/csrs.adoc
[20:04:29] [spechunter] [text] Now let me look at the final few pieces to complete the analysis - how the MipModule receives hgeip and hstatusVGEIN as ...
[20:04:29] [spechunter] [Read] /home/yzs/riscv/XiangShan/src/main/scala/xiangshan/backend/fu/NewCSR/MachineLevel.scala
[20:04:29] [spechunter] [Grep] pattern='class MipModule'
[20:04:34] [spechunter] [Grep] pattern='class Mip'
[20:04:34] [spechunter] [Grep] pattern='hgeip|hstatusVGEIN'
[20:04:38] [spechunter] [Grep] pattern='class Mip|val mip = Module.*Mip'
[20:08:56] [spechunter] [text] Now I have all the information needed for the full analysis. Let me compile the findings.  
[20:08:56] [spechunter] [Write] /home/yzs/riscv/XiangShan/PR262_audit_findings.json
[20:09:17] [spechunter] [text] Let me verify the output file is valid JSON.  
[20:09:17] [spechunter] [Bash] Validate JSON output
[20:14:05] [spechunter] [text] ```json {   "findings": [     {       "file_path": "src/main/scala/xiangshan/backend/fu/NewCSR/MachineLevel.scala",     ...
