[16:35:51] [spechunter] PR loaded: #2397 riscv/riscv-isa-manual — "Update PMP rule note in machine.adoc"
[16:35:51] [spechunter]   diff: 708 chars  body: 1000 chars  reviews: 0
[16:35:51] [spechunter] Global pre-filter running...
[16:35:55] [spechunter] [text] {"should_skip": false}
[16:35:57] [spechunter] pre-filter: should_skip=False reason=""
[16:36:01] [spechunter] [text] {"should_skip": false}
[16:36:01] [spechunter] [text] {"should_skip": false}
[16:36:11] [spechunter] [text] {"should_skip": false}
[16:36:13] [spechunter] [text] {"should_skip": false}
[16:36:25] [spechunter] [text] {"should_skip": true, "skip_reason": "Documentation clarification note only; PMP is configured by M-mode firmware (OpenS...
[16:36:46] [spechunter] [text] {  
[16:36:46] [spechunter] [Agent] description, subagent_type
[16:36:53] [spechunter] [text] {  
[16:36:53] [spechunter] [Grep] pattern='pmp.*mprv|MPRV.*pmp|effective.*privilege.*pmp|pmp.*effective'
[16:36:53] [spechunter] [Grep] pattern='pmp_hart_has_privs|pmp_priv|PMP_PRIV|get_pmp|pmp_check'
[16:37:08] [spechunter] [Glob] **/*[Pp][Mm][Pp]*
[16:37:08] [spechunter] [Glob] **/*PhysicalMemoryProtection*
[16:37:08] [spechunter] [Grep] pattern='class.*PMP|class.*Pmp|ClintPMP|PhysicalMemory'
[16:37:11] [spechunter] [Read] /home/yzs/riscv/qemu/target/riscv/pmp.c
[16:37:11] [spechunter] [Read] /home/yzs/riscv/qemu/target/riscv/pmp.c
[16:37:18] [spechunter] [Write] /home/yzs/riscv/opensbi/security_spec.json
[16:37:22] [spechunter] [Read] /home/yzs/riscv/XiangShan/src/main/scala/xiangshan/backend/fu/PMP.scala
[16:37:22] [spechunter] [Read] /home/yzs/riscv/XiangShan/src/main/scala/xiangshan/backend/fu/NewCSR/CSRPMP.scala
[16:37:22] [spechunter] [Read] /home/yzs/riscv/XiangShan/src/main/scala/xiangshan/backend/fu/NewCSR/PMPEntryModule.scala
[16:37:22] [spechunter] [Read] /home/yzs/riscv/XiangShan/src/main/scala/xiangshan/PMParameters.scala
[16:37:22] [spechunter] [Read] /home/yzs/riscv/XiangShan/smepmp_audit_findings.json
[16:37:22] [spechunter] [Read] /home/yzs/riscv/opensbi/security_spec.json
[16:37:31] [spechunter] [Grep] pattern='pmp_hart_has_privs'
[16:37:31] [spechunter] [Read] /home/yzs/riscv/qemu/target/riscv/cpu_helper.c
[16:37:38] [spechunter] [Read] /home/yzs/riscv/XiangShan/src/main/scala/xiangshan/backend/fu/NewCSR/CSRPMA.scala
[16:37:38] [spechunter] [Grep] pattern='Code for PMACheckMethod|trait PMACheckMethod'
[16:37:38] [spechunter] [Grep] pattern='pmp_check|PMPChecker|pmp_match'
[16:37:51] [spechunter] [Read] /home/yzs/riscv/XiangShan/src/main/scala/xiangshan/backend/fu/PMA.scala
[16:37:51] [spechunter] [Grep] pattern='mode|mseccfg|pmm|PMPChecker|pmp_check|check_env'
[16:37:51] [spechunter] [Grep] pattern='mode|PMPChecker|pmp.*check|pmpChecker'
[16:38:03] [spechunter] [Write] /home/yzs/riscv/opensbi/security_spec.json
[16:38:10] [spechunter] [text] {  
[16:38:10] [spechunter] [Write] /home/yzs/riscv/linux/tmp/pr2397_audit.json
[16:38:12] [spechunter] [Read] /home/yzs/riscv/XiangShan/src/main/scala/xiangshan/cache/mmu/TLB.scala
[16:38:12] [spechunter] [Read] /home/yzs/riscv/XiangShan/src/main/scala/xiangshan/cache/mmu/TLB.scala
[16:38:12] [spechunter] [Grep] pattern='PMPChecker|check_env|ModeM|mode.*=.*3|pmpChecker'
[16:38:12] [spechunter] [Grep] pattern='PMPChecker|check_env|ModeM'
[16:38:18] [spechunter] [text] Done. The security specification has been written to `security_spec.json`. Here it is:  ```json {   "violation_condition...
[16:38:21] [spechunter] [text] ```json {   "violation_condition": "In the Linux kernel, when SBI ecalls pass kernel buffer addresses to M-mode firmware...
[16:38:23] [spechunter] [Grep] pattern='pmpChecker.*check_env|check_env.*Mode'
[16:38:23] [spechunter] [Grep] pattern='pmp_checkers.*check_env|check_env.*Mode'
[16:38:23] [spechunter] [Grep] pattern='mseccfg|mseccfg.*RLB|mseccfg.*MMWP|mseccfg.*MML'
[16:38:23] [spechunter] [Grep] pattern='ModeM|ModeS|ModeU|ModeHS'
[16:38:41] [spechunter] [TodoWrite] 6 items
[16:38:41] [spechunter] [TodoWrite] 6 items
[16:38:43] [spechunter] [Grep] pattern='pmpcfg'
[16:38:43] [spechunter] [Grep] pattern='pmpaddr'
[16:38:43] [spechunter] [Grep] pattern='MPRV|MPP'
[16:38:43] [spechunter] [Grep] pattern='sbi_ecall|sbi_call\\b'
[16:38:49] [spechunter] [Grep] pattern='ModeM\\b|ModeS\\b|ModeU\\b|\\"mode\\".*\\".*=\\"'
[16:38:49] [spechunter] [Grep] pattern='mode.*ModeM|privSTATE|privMode|imode|dmode'
[16:38:49] [spechunter] [Grep] pattern='check_env'
[16:38:49] [spechunter] [Read] /home/yzs/riscv/XiangShan/src/main/scala/xiangshan/frontend/Frontend.scala
[16:38:50] [spechunter] [Grep] pattern='pmp_set|pmp_set_addr|pmpcfg_write|pmp_addr_write'
[16:38:50] [spechunter] [Grep] pattern='sbi_domain_context'
[16:38:50] [spechunter] [Grep] pattern='sbi_hsm.*resume|hsm_resume|resume.*pmp'
[16:38:50] [spechunter] [Grep] pattern='pmp_set'
[16:38:56] [spechunter] [Grep] pattern='pmp_checkers|PMPChecker'
[16:38:56] [spechunter] [Read] /home/yzs/riscv/XiangShan/src/main/scala/xiangshan/backend/fu/NewCSR/CSRBundles.scala
[16:38:58] [spechunter] [Agent] description, prompt
[16:38:59] [spechunter] [Grep] pattern='\\bPMP\\b|pmp\\b|_pmp_'
[16:38:59] [spechunter] [Grep] pattern='\\bPMP\\b|pmp\\b|_pmp_'
[16:38:59] [spechunter] [Grep] pattern='MPRV|SR_MPP'
[16:38:59] [spechunter] [Grep] pattern='sbi_remote_sfence_vma|sbi_remote_fence_i|SBI_EXT_RFNC|sbi_send_ipi'
[16:39:00] [spechunter] [text] I'll search for all the affected entities and vulnerability patterns in parallel.  
[16:39:00] [spechunter] [Grep] pattern='pmpcfg\\d+|pmpcfg[0-9]'
[16:39:00] [spechunter] [Grep] pattern='pmpaddr\\d+|pmpaddr[0-9]'
[16:39:00] [spechunter] [Grep] pattern='sfence\\.vma'
[16:39:00] [spechunter] [Grep] pattern='\\bfence\\b'
[16:39:00] [spechunter] [Grep] pattern='fence\\.i'
[16:39:00] [spechunter] [Grep] pattern='pmp_set|pmp_set_addr'
[16:39:00] [spechunter] [Grep] pattern='pmpcfg_write'
[16:39:00] [spechunter] [Grep] pattern='sbi_domain_context'
[16:39:00] [spechunter] [Grep] pattern='sbi_hsm.*resume.*pmp|resume.*pmp|pmp.*resume'
[16:39:05] [spechunter] [Grep] pattern='PrivMode|object PrivMode'
[16:39:05] [spechunter] [Grep] pattern='ModeM\\s*=|ModeS\\s*=|ModeU\\s*=|val ModeM '
[16:39:10] [spechunter] [Read] /home/yzs/riscv/opensbi/lib/sbi/sbi_domain_context.c
[16:39:10] [spechunter] [Read] /home/yzs/riscv/opensbi/lib/sbi/sbi_hart_pmp.c
[16:39:10] [spechunter] [Read] /home/yzs/riscv/opensbi/lib/sbi/sbi_hsm.c
[16:39:16] [spechunter] [text] Let me look at the specific PMP CSR definitions and the PMP setup in head.S more closely.  
[16:39:16] [spechunter] [Read] /home/yzs/riscv/linux/arch/riscv/include/asm/csr.h
[16:39:16] [spechunter] [Read] /home/yzs/riscv/linux/arch/riscv/kernel/head.S
[16:39:16] [spechunter] [Read] /home/yzs/riscv/linux/arch/riscv/include/asm/csr.h
[16:39:16] [spechunter] [Read] /home/yzs/riscv/linux/arch/riscv/kernel/entry.S
[16:39:26] [spechunter] [Grep] pattern='sbi_ecall\\('
[16:39:26] [spechunter] [Grep] pattern='sbi_call\\('
[16:39:26] [spechunter] [Grep] pattern='__sbi_'
[16:39:26] [spechunter] [Grep] pattern='SBI_EXT_RFNC'
[16:39:26] [spechunter] [Grep] pattern='sbi_remote_sfence_vma'
[16:39:26] [spechunter] [Grep] pattern='sbi_remote_fence_i'
[16:39:26] [spechunter] [Grep] pattern='sbi_send_ipi'
[16:39:26] [spechunter] [Grep] pattern='__sbi_rfence'
[16:39:30] [spechunter] [Read] /home/yzs/riscv/opensbi/lib/sbi/riscv_asm.c
[16:39:30] [spechunter] [Read] /home/yzs/riscv/opensbi/include/sbi/sbi_hart_protection.h
[16:39:30] [spechunter] [Read] /home/yzs/riscv/opensbi/lib/sbi/sbi_init.c
[16:39:37] [spechunter] [Grep] pattern='CSR_PMPADDR|CSR_PMPCFG'
[16:39:37] [spechunter] [Read] /home/yzs/riscv/linux/arch/riscv/include/asm/csr.h
[16:39:37] [spechunter] [Grep] pattern='sbi_.*range|__sbi_.*buf'
[16:39:37] [spechunter] [Grep] pattern='pmp'
[16:39:38] [spechunter] [Read] /home/yzs/riscv/XiangShan/src/main/scala/xiangshan/backend/fu/util/CSRConst.scala
[16:39:38] [spechunter] [Grep] pattern='priv\\.imode|priv\\.dmode'
[16:39:48] [spechunter] [Read] /home/yzs/riscv/linux/arch/riscv/kernel/sbi_ecall.c
[16:39:48] [spechunter] [Read] /home/yzs/riscv/linux/arch/riscv/kernel/sbi.c
[16:39:48] [spechunter] [Read] /home/yzs/riscv/linux/arch/riscv/include/asm/sbi.h
[16:39:48] [spechunter] [Read] /home/yzs/riscv/linux/arch/riscv/mm/tlbflush.c
[16:39:48] [spechunter] [Read] /home/yzs/riscv/linux/arch/riscv/mm/cacheflush.c
[16:39:48] [spechunter] [Read] /home/yzs/riscv/linux/arch/riscv/kernel/sbi-ipi.c
[16:39:59] [spechunter] [text] Let me read the key PMP implementation files for deeper analysis.  
[16:39:59] [spechunter] [Read] /home/yzs/riscv/opensbi/lib/sbi/sbi_hart_pmp.c
[16:39:59] [spechunter] [Read] /home/yzs/riscv/opensbi/lib/sbi/riscv_asm.c
[16:39:59] [spechunter] [Read] /home/yzs/riscv/opensbi/lib/sbi/sbi_tlb.c
[16:39:59] [spechunter] [Read] /home/yzs/riscv/opensbi/lib/sbi/sbi_domain_context.c
[16:39:59] [spechunter] [Read] /home/yzs/riscv/opensbi/include/sbi/riscv_barrier.h
[16:40:00] [spechunter] [Grep] pattern='val imode|val dmode|def imode|def dmode'
[16:40:00] [spechunter] [Grep] pattern='priv.imode|priv.dmode'
[16:40:04] [spechunter] [Grep] pattern='\\bPMP\\b|pmp\\b'
[16:40:04] [spechunter] [Grep] pattern='\\bsbi_call\\b'
[16:40:04] [spechunter] [Grep] pattern='trace_sbi_call'
[16:40:08] [spechunter] [text] ```json {   "violation_condition": "In QEMU TCG or KVM-accelerated emulation, when PMP is enabled with configured rules,...
[16:40:15] [spechunter] [text] Let me also check the HSM resume/cold boot paths and the firmware base for PMP-related fence operations.  
[16:40:15] [spechunter] [Grep] pattern='sbi_hsm.*resume|hart_resume|hsm_resume|warm_boot|cold_boot'
[16:40:15] [spechunter] [Grep] pattern='csr_read|csr_write|CSR_PMP|PMP_COUNT|mseccfg|MSECCFG'
[16:40:15] [spechunter] [Grep] pattern='pmp|PMP|smepmp'
[16:40:15] [spechunter] [Read] /home/yzs/riscv/opensbi/lib/sbi/riscv_asm.c
[16:40:18] [spechunter] [Grep] pattern='PMPChecker|pmp_check|pmp.*mode|mode.*pmp'
[16:40:18] [spechunter] [Grep] pattern='val pmp\\b|val pmp_check_bits|class TlbPmpBundle|pmp_check'
[16:40:20] [spechunter] [Read] /home/yzs/riscv/linux/arch/riscv/kernel/sbi_ecall.c
[16:40:20] [spechunter] [Read] /home/yzs/riscv/linux/arch/riscv/kernel/sbi.c
[16:40:20] [spechunter] [Read] /home/yzs/riscv/linux/arch/riscv/include/asm/sbi.h
[16:40:20] [spechunter] [Read] /home/yzs/riscv/linux/tools/arch/riscv/include/asm/csr.h
[16:40:26] [spechunter] [Grep] pattern='SBI_EXT_RFNC'
[16:40:26] [spechunter] [Grep] pattern='SBI_EXT_RFENCE'
[16:40:26] [spechunter] [Grep] pattern='sbi_remote_sfence_vma\\b'
[16:40:26] [spechunter] [Grep] pattern='sbi_remote_hfence'
[16:40:26] [spechunter] [Grep] pattern='sbi_set_timer|sbi_send_ipi|sbi_remote_fence_i|sbi_remote_sfence_vma|sbi_get_mvendorid|sbi_get_marchid|sbi_get_mimpid|sbi_probe_extension'
[16:40:26] [spechunter] [Grep] pattern='sbi_remote_hfence|sbi_remote_sfence|sbi_remote_fence_i'
[16:40:32] [spechunter] [Grep] pattern='MPRV'
[16:40:32] [spechunter] [Grep] pattern='MPRV|mstatus.*MPP'
[16:40:32] [spechunter] [Grep] pattern='pmp_hart_has_privs|pmp_is_locked|pmp_get_tlb_size'
[16:40:32] [spechunter] [Grep] pattern='get_physical_address_pmp|pmp.*check|pmpcfg|pmpaddr'
[16:40:37] [spechunter] [TodoWrite] 6 items
[16:40:40] [spechunter] [text] Now let me trace deeper into the specific paths.  
[16:40:40] [spechunter] [TodoWrite] 6 items
[16:40:43] [spechunter] [Read] /home/yzs/riscv/qemu/target/riscv/pmp.c
[16:40:43] [spechunter] [Glob] target/riscv/pmp.h
[16:40:43] [spechunter] [Glob] target/riscv/csr.c
[16:40:46] [spechunter] [Read] /home/yzs/riscv/opensbi/lib/sbi/sbi_hart_protection.c
[16:40:46] [spechunter] [Read] /home/yzs/riscv/opensbi/include/sbi/sbi_domain.h
[16:40:46] [spechunter] [text] Let me check the HSM resume finish and init paths for PMP-related fence operations.  
[16:40:46] [spechunter] [Read] /home/yzs/riscv/opensbi/lib/sbi/sbi_hsm.c
[16:40:46] [spechunter] [Read] /home/yzs/riscv/opensbi/lib/sbi/sbi_init.c
[16:40:46] [spechunter] [Grep] pattern='CSR_PMPCFG|CSR_PMPADDR|CSR_MSECCFG'
[16:40:46] [spechunter] [Grep] pattern='sbi_hart_protection_configure|sbi_hart_protection_unconfigure'
[16:40:47] [spechunter] [text] Now let me read the critical PMP check functions in detail.  
[16:40:47] [spechunter] [Read] /home/yzs/riscv/qemu/target/riscv/pmp.c
[16:40:47] [spechunter] [Read] /home/yzs/riscv/qemu/target/riscv/pmp.c
[16:40:47] [spechunter] [Read] /home/yzs/riscv/qemu/target/riscv/cpu_helper.c
[16:40:47] [spechunter] [Read] /home/yzs/riscv/qemu/target/riscv/cpu.h
[16:40:47] [spechunter] [Grep] pattern='PMP_R|PMP_W|PMP_X|PMP_A_TOR|PMP_A_NA4|PMP_A_NAPOT|PMP_L|CSR_PMPADDR|CSR_PMPCFG'
[16:40:47] [spechunter] [Grep] pattern='sbi_ecall|sbi_remote_sfence_vma|sbi_remote_fence_i|SBI_EXT_RFNC|sbi_send_ipi'
[16:40:47] [spechunter] [Grep] pattern='sbi_ecall|sbi_remote_sfence_vma|sbi_remote_fence_i|SBI_EXT_RFNC|sbi_send_ipi'
[16:40:50] [spechunter] [Grep] pattern='class TlbPmpBundle|TlbPmpBundle'
[16:40:50] [spechunter] [Read] /home/yzs/riscv/XiangShan/src/main/scala/xiangshan/cache/mmu/L2TLB.scala
[16:40:56] [spechunter] [Read] /home/yzs/riscv/qemu/target/riscv/pmp.h
[16:40:56] [spechunter] [Grep] pattern='get_physical_address_pmp'
[16:40:56] [spechunter] [Grep] pattern='pmp_hart_has_privs'
[16:40:57] [spechunter] [Grep] pattern='val pmp\\b.*=|class.*PMPBundle|class.*PmpIO'
[16:40:57] [spechunter] [Grep] pattern='trait HasCSRConst|extends.*HasCSRConst'
[16:40:58] [spechunter] [Grep] pattern='sbi_ecall'
[16:40:58] [spechunter] [Grep] pattern='sbi_ecall'
[16:40:58] [spechunter] [Read] /home/yzs/riscv/linux/arch/riscv/kvm/vcpu_sbi.c
[16:40:58] [spechunter] [Read] /home/yzs/riscv/linux/arch/riscv/mm/cacheflush.c
[16:41:00] [spechunter] [text] Let me read the hart protection layer and the HSM suspend path.  
[16:41:00] [spechunter] [Read] /home/yzs/riscv/opensbi/lib/sbi/sbi_hart_protection.c
[16:41:00] [spechunter] [Read] /home/yzs/riscv/opensbi/lib/sbi/sbi_hsm.c
[16:41:00] [spechunter] [Read] /home/yzs/riscv/opensbi/firmware/fw_base.S
[16:41:02] [spechunter] [text] Let me now look at how `get_physical_address` invokes the PMP check, particularly for M-mode with and without MPRV.  
[16:41:02] [spechunter] [Read] /home/yzs/riscv/qemu/target/riscv/cpu_helper.c
[16:41:02] [spechunter] [Read] /home/yzs/riscv/qemu/target/riscv/cpu_helper.c
[16:41:02] [spechunter] [Read] /home/yzs/riscv/qemu/target/riscv/cpu_helper.c
[16:41:09] [spechunter] [text] Let me look at the entry point of `get_physical_address` to see how the `mode` parameter flows, and also the PMP-related...
[16:41:09] [spechunter] [Read] /home/yzs/riscv/qemu/target/riscv/cpu_helper.c
[16:41:09] [spechunter] [Read] /home/yzs/riscv/qemu/target/riscv/pmp.c
[16:41:09] [spechunter] [Read] /home/yzs/riscv/qemu/target/riscv/pmp.h
[16:41:10] [spechunter] [Read] /home/yzs/riscv/XiangShan/src/main/scala/xiangshan/backend/fu/util/CSRConst.scala
[16:41:14] [spechunter] [text] Let me dig deeper into the Smepmp flags and the overlapping PMP entry issue.  
[16:41:14] [spechunter] [Grep] pattern='sbi_domain_get_smepmp_flags|sbi_domain_get_oldpmp_flags'
[16:41:14] [spechunter] [Read] /home/yzs/riscv/opensbi/platform/generic/eswin/eic770x.c
[16:41:14] [spechunter] [Grep] pattern='sbi_hart_reinit'
[16:41:23] [spechunter] [text] Let me now look at the top of `get_physical_address` to see how `mode` is determined for the overall translation, and al...
[16:41:23] [spechunter] [Read] /home/yzs/riscv/qemu/target/riscv/cpu_helper.c
[16:41:23] [spechunter] [Grep] pattern='pmp|PMP'
[16:41:23] [spechunter] [Grep] pattern='get_physical_address_pmp|pmp_hart_has_privs|pmp_get_tlb_size'
[16:41:24] [spechunter] [Read] /home/yzs/riscv/linux/arch/riscv/mm/tlbflush.c
[16:41:24] [spechunter] [Grep] pattern='sbi_ecall'
[16:41:24] [spechunter] [Grep] pattern='sbi_ecall'
[16:41:24] [spechunter] [Read] /home/yzs/riscv/linux/arch/riscv/kvm/vcpu_exit.c
[16:41:26] [spechunter] [Grep] pattern='sbi_hart_reinit'
[16:41:26] [spechunter] [Grep] pattern='sbi_domain_get_smepmp_flags'
[16:41:26] [spechunter] [Grep] pattern='sbi_domain_get_oldpmp_flags'
[16:41:31] [spechunter] [Read] /home/yzs/riscv/opensbi/lib/sbi/sbi_hart.c
[16:41:31] [spechunter] [Read] /home/yzs/riscv/opensbi/lib/sbi/sbi_domain.c
[16:41:33] [spechunter] [text] Let me check the TLB refill entry point and where `get_physical_address` is called with the `mode` parameter.  
[16:41:33] [spechunter] [Grep] pattern='riscv_cpu_tlb_fill|get_physical_address\\('
[16:41:33] [spechunter] [Grep] pattern='get_physical_address\\b'
[16:41:40] [spechunter] [text] Now let me also check if MPRV is defined anywhere separately.  
[16:41:40] [spechunter] [Grep] pattern='MPRV'
[16:41:40] [spechunter] [Read] /home/yzs/riscv/linux/arch/riscv/include/asm/sbi.h
[16:41:40] [spechunter] [Grep] pattern='__sbi_base_ecall'
[16:41:40] [spechunter] [Grep] pattern='riscv_use_sbi_for_rfence'
[16:41:40] [spechunter] [Read] /home/yzs/riscv/qemu/target/riscv/cpu_helper.c
[16:41:40] [spechunter] [Read] /home/yzs/riscv/qemu/target/riscv/pmp.c
[16:41:43] [spechunter] [Grep] pattern='get_physical_address_pmp|pmp_hart_has_privs|riscv_cpu_tlb_fill'
[16:41:43] [spechunter] [Grep] pattern='get_physical_address'
[16:41:53] [spechunter] [TodoWrite] 6 items
[16:41:54] [spechunter] [Grep] pattern='mmuidx_priv|riscv_env_mmu_index'
[16:41:54] [spechunter] [Grep] pattern='mmuidx_priv'
[16:42:00] [spechunter] [Read] /home/yzs/riscv/qemu/target/riscv/internals.h
[16:42:00] [spechunter] [Read] /home/yzs/riscv/qemu/target/riscv/cpu_helper.c
[16:42:01] [spechunter] [text] Now let me trace the TCG translation paths for M-mode load/store and check for fast paths that skip PMP.  
[16:42:01] [spechunter] [Grep] pattern='riscv_cpu_tlb_fill|tlb_fill|MMU_USER_IDX'
[16:42:01] [spechunter] [Grep] pattern='MMU_USER_IDX|mmu_idx|PRV_M|MODE_M'
[16:42:15] [spechunter] [Read] /home/yzs/riscv/qemu/target/riscv/cpu_helper.c
[16:42:15] [spechunter] [Read] /home/yzs/riscv/qemu/target/riscv/pmp.c
[16:42:16] [spechunter] [Read] /home/yzs/riscv/qemu/target/riscv/cpu_helper.c
[16:42:17] [spechunter] [text] ```json {   "locations": [     {       "file_path": "include/sbi/riscv_encoding.h",       "function_name": null,       "...
[16:42:39] [spechunter] [Read] /home/yzs/riscv/opensbi/lib/sbi/sbi_domain.c
[16:42:55] [spechunter] [Read] /home/yzs/riscv/linux/arch/riscv/kvm/vcpu_sbi_replace.c
[16:42:55] [spechunter] [Read] /home/yzs/riscv/linux/arch/riscv/kvm/vcpu_sbi.c
[16:42:55] [spechunter] [Read] /home/yzs/riscv/linux/arch/riscv/kvm/main.c
[16:42:55] [spechunter] [Read] /home/yzs/riscv/linux/arch/riscv/kernel/cpu_ops_sbi.c
[16:42:55] [spechunter] [Read] /home/yzs/riscv/linux/arch/riscv/kernel/suspend.c
[16:42:55] [spechunter] [Grep] pattern='sbi_ecall'
[16:42:55] [spechunter] [Grep] pattern='sbi_ecall'
[16:42:55] [spechunter] [text] Now let me look at the mmuidx_priv mapping and the page-table walk PMP check path more carefully.  
[16:42:55] [spechunter] [Read] /home/yzs/riscv/qemu/target/riscv/cpu_helper.c
[16:42:55] [spechunter] [Grep] pattern='mmuidx_priv|mmu_idx_priv|mmuidx_2stage'
[16:43:12] [spechunter] [text] Now I have all the data. Here is the complete JSON result:  ```json {   "locations": [     {       "file_path": "arch/ri...
[16:43:12] [spechunter] [Grep] pattern='trace_sbi_call|trace_sbi_return'
[16:43:12] [spechunter] [Glob] **/asm/trace.h
[16:43:12] [spechunter] [Grep] pattern='FLUSH_TLB_NO_ASID|FLUSH_TLB_MAX_SIZE'
[16:43:12] [spechunter] [Grep] pattern='SBI_EXT_RFNC'
[16:43:17] [spechunter] [Read] /home/yzs/riscv/linux/arch/riscv/include/asm/tlbflush.h
[16:43:17] [spechunter] [Read] /home/yzs/riscv/linux/arch/riscv/include/asm/trace.h
[16:43:28] [spechunter] [text] Now let me look at the page-table walk PMP check, and the TCG translation for M-mode load/stores.  
[16:43:28] [spechunter] [Read] /home/yzs/riscv/qemu/target/riscv/cpu_helper.c
[16:43:28] [spechunter] [Grep] pattern='op_helper.*load|op_helper.*store|helper.*load|helper.*store'
[16:43:31] [spechunter] [text] Here is the JSON report with all code locations referencing the affected entities:  ```json {   "locations": [     {    ...
[16:43:36] [spechunter] [Grep] pattern='tcg_gen_qemu_ld|tcg_gen_qemu_st|gen_load|gen_store|tr_gen_load|tr_gen_store'
[16:43:36] [spechunter] [Grep] pattern='helper_ret_ld|helper_ret_st'
[16:43:51] [spechunter] [Grep] pattern='mmu_index|get_mem_idx|mem_idx'
[16:43:51] [spechunter] [Grep] pattern='MMU_IDX|mmu_index|gen_load|gen_store'
[16:44:12] [spechunter] [Grep] pattern='mem_idx\\s*='
[16:44:12] [spechunter] [Grep] pattern='cpu_mmu_index'
[16:44:19] [spechunter] [Grep] pattern='MEM_IDX|TB_FLAGS'
[16:44:19] [spechunter] [Grep] pattern='cpu_mmu_index'
[16:44:23] [spechunter] [Grep] pattern='cpu_get_tb_cpu_state|MEM_IDX|mem_idx'
[16:44:30] [spechunter] [Grep] pattern='cpu_get_tb_cpu_state'
[16:44:55] [spechunter] [Grep] pattern='cpu_get_tb_cpu_state'
[16:44:55] [spechunter] [Grep] pattern='mem_idx.*MMUIdx|MMUIdx.*mem_idx|cpu_mmu_index'
[16:45:10] [spechunter] [Grep] pattern='cpu_mmu_index'
[16:45:22] [spechunter] [text] Good, that's a thorough overview. Now let me dig into the specific source files to trace the buffer/range argument flow ...
[16:45:22] [spechunter] [Read] /home/yzs/riscv/linux/arch/riscv/kernel/sbi.c
[16:45:22] [spechunter] [Read] /home/yzs/riscv/linux/arch/riscv/kernel/sbi.c
[16:45:22] [spechunter] [Read] /home/yzs/riscv/linux/arch/riscv/mm/tlbflush.c
[16:45:25] [spechunter] [text] Now let me look at the warm resume path and check for MSECCFG save/restore.  
[16:45:25] [spechunter] [Grep] pattern='MSECCFG|mseccfg'
[16:45:25] [spechunter] [Grep] pattern='MSECCFG|mseccfg|RLB'
[16:45:25] [spechunter] [Read] /home/yzs/riscv/opensbi/platform/generic/eswin/eic770x.c
[16:45:26] [spechunter] [Read] /home/yzs/riscv/qemu/target/riscv/tcg/tcg-cpu.c
[16:45:26] [spechunter] [Grep] pattern='riscv_env_mmu_index'
[16:45:36] [spechunter] [text] Now let me look at the specific code section more closely to verify my understanding.  
[16:45:36] [spechunter] [Read] /home/yzs/riscv/XiangShan/src/main/scala/xiangshan/backend/fu/PMP.scala
[16:45:39] [spechunter] [text] Let me read the full `riscv_env_mmu_index` function and check CSR helpers for mstatus.MPRV.  
[16:45:39] [spechunter] [Read] /home/yzs/riscv/qemu/target/riscv/cpu_helper.c
[16:45:39] [spechunter] [Grep] pattern='MSTATUS_MPRV|MPRV|mstatus_csr_write|write_mstatus'
[16:45:46] [spechunter] [TodoWrite] 6 items
[16:46:02] [spechunter] [text] Now let me look at the cacheflush, KVM, and SBI init paths.  
[16:46:02] [spechunter] [Read] /home/yzs/riscv/linux/arch/riscv/mm/cacheflush.c
[16:46:02] [spechunter] [Read] /home/yzs/riscv/linux/arch/riscv/kernel/sbi.c
[16:46:02] [spechunter] [Read] /home/yzs/riscv/linux/arch/riscv/kernel/sbi.c
[16:46:17] [spechunter] [text] Now let me look at the KVM SBI paths, NACL, IPI init, and errata paths.  
[16:46:17] [spechunter] [Read] /home/yzs/riscv/linux/arch/riscv/kvm/vcpu_sbi_replace.c
[16:46:17] [spechunter] [Read] /home/yzs/riscv/linux/arch/riscv/kernel/sbi-ipi.c
[16:46:17] [spechunter] [Read] /home/yzs/riscv/linux/arch/riscv/kvm/nacl.c
[16:46:34] [spechunter] [text] Now let me search for PMP references, mstatus.MPRV/MPP dependencies, and additional paths.  
[16:46:34] [spechunter] [Grep] pattern='pmpcfg|pmpaddr|pmp_cnt|pmp_set|pmp_get'
[16:46:34] [spechunter] [Grep] pattern='MPRV|mstatus.*MPP|MPP.*mstatus'
[16:46:34] [spechunter] [Read] /home/yzs/riscv/linux/arch/riscv/kernel/cpu_ops_sbi.c
[16:46:34] [spechunter] [Read] /home/yzs/riscv/linux/arch/riscv/kernel/suspend.c
[16:46:53] [spechunter] [Grep] pattern='pmpcfg|pmpaddr|pmp_set|pmp_get|init_pmp|PMP'
[16:46:53] [spechunter] [Grep] pattern='MPRV|mstatus.*MPP'
[16:46:53] [spechunter] [Read] /home/yzs/riscv/linux/arch/riscv/kernel/paravirt.c
[16:46:55] [spechunter] [TodoWrite] 6 items
[16:47:07] [spechunter] [text] Let me now search for more SBI paths involving buffers and trace data flow more carefully.  
[16:47:07] [spechunter] [Read] /home/yzs/riscv/linux/arch/riscv/kernel/sbi.c
[16:47:07] [spechunter] [Read] /home/yzs/riscv/linux/arch/riscv/kernel/sbi.c
[16:47:07] [spechunter] [Read] /home/yzs/riscv/linux/arch/riscv/errata/andes/errata.c
[16:47:15] [spechunter] [text] Let me now check the remaining critical paths: SBI header for FWFT/shared memory, and KVM SBI extension registration.   ...
[16:47:15] [spechunter] [Grep] pattern='sbi_fwft_set|SBI_EXT_FWFT|__sbi_fwft'
[16:47:15] [spechunter] [Grep] pattern='SBI_SHMEM_DISABLE|shmem_phys|SHMEM'
[16:47:15] [spechunter] [Grep] pattern='__sbi_set_timer|sbi_set_timer'
[16:47:24] [spechunter] [Read] /home/yzs/riscv/linux/arch/riscv/kernel/traps_misaligned.c
[16:47:24] [spechunter] [Read] /home/yzs/riscv/linux/arch/riscv/kernel/head.S
[16:47:24] [spechunter] [Read] /home/yzs/riscv/linux/arch/riscv/kvm/vcpu_sbi_sta.c
[16:47:24] [spechunter] [Read] /home/yzs/riscv/linux/arch/riscv/kvm/vcpu_sbi_pmu.c
[16:47:30] [spechunter] [text] Now I have a complete picture. Let me analyze the spec diff against the XiangShan implementation.  The spec PR adds a NO...
[16:47:38] [spechunter] [Read] /home/yzs/riscv/linux/arch/riscv/kvm/vcpu_sbi_pmu.c
[16:47:38] [spechunter] [Read] /home/yzs/riscv/linux/arch/riscv/kernel/sbi_ecall.c
[16:47:38] [spechunter] [Read] /home/yzs/riscv/linux/drivers/clocksource/timer-riscv.c
[16:47:43] [spechunter] [text] Let me now look at the KVM SBI extension registry and the head.S FWFT setup code for the complete picture.  
[16:47:43] [spechunter] [Read] /home/yzs/riscv/linux/arch/riscv/kvm/vcpu_sbi.c
[16:47:43] [spechunter] [Read] /home/yzs/riscv/linux/arch/riscv/kernel/head.S
[16:47:47] [spechunter] [Grep] pattern='PMPChecker'
[16:47:47] [spechunter] [Grep] pattern='pmpcfg'
[16:47:47] [spechunter] [Grep] pattern='PMPCheckerEnv'
[16:47:47] [spechunter] [Grep] pattern='pmp_match_res'
[16:47:50] [spechunter] [text] I'll verify key locations against the actual code before producing the final set.  
[16:47:50] [spechunter] [Read] /home/yzs/riscv/qemu/target/riscv/pmp.c
[16:47:50] [spechunter] [Read] /home/yzs/riscv/qemu/target/riscv/pmp.c
[16:47:50] [spechunter] [Read] /home/yzs/riscv/qemu/target/riscv/cpu.h
[16:47:50] [spechunter] [Read] /home/yzs/riscv/qemu/target/riscv/cpu_helper.c
[16:47:53] [spechunter] [Agent] description, prompt
[16:47:57] [spechunter] [Read] /home/yzs/riscv/XiangShan/src/main/scala/xiangshan/backend/fu/PMP.scala
[16:47:57] [spechunter] [Read] /home/yzs/riscv/XiangShan/src/main/scala/xiangshan/backend/fu/NewCSR/CSRPMP.scala
[16:47:57] [spechunter] [Read] /home/yzs/riscv/XiangShan/src/main/scala/xiangshan/backend/fu/NewCSR/PMPEntryModule.scala
[16:48:00] [spechunter] [Read] /home/yzs/riscv/qemu/target/riscv/pmp.c
[16:48:00] [spechunter] [Read] /home/yzs/riscv/qemu/target/riscv/cpu_helper.c
[16:48:00] [spechunter] [Read] /home/yzs/riscv/qemu/target/riscv/cpu_helper.c
[16:48:07] [spechunter] [text] Now let me check the eic770x platform PMP unconfigure path more closely and look at the domain initialization PMP flow. ...
[16:48:07] [spechunter] [Grep] pattern='sbi_domain_startup|domain_startup'
[16:48:07] [spechunter] [Grep] pattern='sbi_hart_switch_mode'
[16:48:07] [spechunter] [Read] /home/yzs/riscv/opensbi/lib/sbi/riscv_asm.c
[16:48:08] [spechunter] [text] Now let me check the remaining files that reference these entities.  
[16:48:08] [spechunter] [Grep] pattern='passThrough.*ignore|ignore.*passThrough|pmp\\.cfg\\.l|cfg\\.l'
[16:48:08] [spechunter] [Grep] pattern='PMPChecker[^vE]'
[16:48:08] [spechunter] [Grep] pattern='pmp_match_res'
[16:48:09] [spechunter] [Glob] **/*PMP*.scala
[16:48:09] [spechunter] [Glob] **/*pmp*.scala
[16:48:09] [spechunter] [Grep] pattern='pmp_match_res'
[16:48:09] [spechunter] [Grep] pattern='passThrough'
[16:48:09] [spechunter] [Grep] pattern='PMPChecker'
[16:48:21] [spechunter] [text] Let me also check how PMPChecker is instantiated and used in the call sites.  
[16:48:21] [spechunter] [Grep] pattern='PMPCheckerEnv|check_env'
[16:48:21] [spechunter] [Grep] pattern='pmpcfg'
[16:48:38] [spechunter] [Read] /home/yzs/riscv/XiangShan/src/main/scala/xiangshan/backend/fu/PMP.scala
[16:48:38] [spechunter] [Read] /home/yzs/riscv/XiangShan/src/main/scala/xiangshan/backend/fu/NewCSR/CSRPMP.scala
[16:48:38] [spechunter] [Read] /home/yzs/riscv/XiangShan/src/main/scala/xiangshan/backend/fu/NewCSR/PMPEntryModule.scala
[16:48:38] [spechunter] [Read] /home/yzs/riscv/XiangShan/src/main/scala/xiangshan/PMParameters.scala
[16:48:42] [spechunter] [text] Let me also check the CSRs definitions file and how the mode/privilege level is determined for PMP checks.  
[16:48:42] [spechunter] [Grep] pattern='pmpcfg|pmpaddr'
[16:48:42] [spechunter] [Grep] pattern='ModeS|ModeU|mode.*PMP|effective.*privilege'
[16:48:42] [spechunter] [text] Now let me verify the remaining key locations to confirm line numbers.  
[16:48:42] [spechunter] [Read] /home/yzs/riscv/qemu/target/riscv/pmp.c
[16:48:42] [spechunter] [Read] /home/yzs/riscv/qemu/target/riscv/cpu_helper.c
[16:48:42] [spechunter] [Read] /home/yzs/riscv/qemu/target/riscv/pmp.c
[16:48:47] [spechunter] [text] Now let me check a few more important paths - the vcpu_sbi_fwft handler, DBCN handler, and the SBI error mapping functio...
[16:48:47] [spechunter] [Read] /home/yzs/riscv/linux/arch/riscv/kvm/vcpu_sbi_fwft.c
[16:48:47] [spechunter] [Grep] pattern='sbi_err_map_linux_errno'
[16:48:47] [spechunter] [Read] /home/yzs/riscv/linux/arch/riscv/kvm/vcpu_sbi_dbcn.c
[16:48:53] [spechunter] [Read] /home/yzs/riscv/XiangShan/smepmp_audit_findings.json
[16:48:53] [spechunter] [Grep] pattern='passThrough'
[16:48:53] [spechunter] [Grep] pattern='pmp_match_res'
[16:48:53] [spechunter] [Grep] pattern='cfg\\.l'
[16:48:57] [spechunter] [Glob] arch/riscv/kvm/vcpu_sbi_dbcn*
[16:48:57] [spechunter] [Grep] pattern='vcpu_sbi_ext_dbcn'
[16:49:07] [spechunter] [Grep] pattern='PMPChecker'
[16:49:07] [spechunter] [Grep] pattern='\\.mode\\b'
[16:49:07] [spechunter] [Read] /home/yzs/riscv/linux/arch/riscv/kvm/vcpu_sbi_forward.c
[16:49:07] [spechunter] [Grep] pattern='riscv_use_sbi_for_rfence'
[16:49:07] [spechunter] [Grep] pattern='mstatus|MPP|MPRV'
[16:49:21] [spechunter] [Grep] pattern='mode.*pmp|pmp.*mode|\\.check_env\\.mode'
[16:49:21] [spechunter] [Grep] pattern='mode.*pmp|pmp.*mode|\\.check_env\\.mode'
[16:49:21] [spechunter] [Grep] pattern='mode.*pmp|pmp.*mode|\\.check_env\\.mode'
[16:49:34] [spechunter] [Read] /home/yzs/riscv/linux/arch/riscv/include/asm/sbi.h
[16:49:34] [spechunter] [Grep] pattern='SR_MPP|STATUS_MPP|MPRV'
[16:49:34] [spechunter] [Grep] pattern='sbi_ecall\\(|sbi_call\\('
[16:49:34] [spechunter] [Read] /home/yzs/riscv/qemu/target/riscv/cpu_helper.c
[16:49:34] [spechunter] [Read] /home/yzs/riscv/qemu/target/riscv/cpu_helper.c
[16:49:34] [spechunter] [Read] /home/yzs/riscv/qemu/target/riscv/cpu.h
[16:49:42] [spechunter] [Read] /home/yzs/riscv/XiangShan/src/main/scala/xiangshan/mem/MemBlock.scala
[16:49:42] [spechunter] [Grep] pattern='dmode|priv\\.\\w+mode'
[16:49:48] [spechunter] [text] ```json {   "locations": [     {       "file_path": "src/main/scala/xiangshan/backend/fu/PMP.scala",       "function_nam...
[16:49:49] [spechunter] [Grep] pattern='pmp_check|PMPCheck'
[16:49:49] [spechunter] [Read] /home/yzs/riscv/XiangShan/src/main/scala/xiangshan/Bundle.scala
[16:49:57] [spechunter] [Read] /home/yzs/riscv/XiangShan/src/main/scala/xiangshan/cache/mmu/TLB.scala
[16:50:14] [spechunter] [Grep] pattern='Mode[UMISH]|val Mode'
[16:50:14] [spechunter] [Read] /home/yzs/riscv/XiangShan/src/main/scala/xiangshan/cache/mmu/L2TLB.scala
[16:50:14] [spechunter] [Read] /home/yzs/riscv/XiangShan/src/main/scala/xiangshan/frontend/Frontend.scala
[16:50:17] [spechunter] [TodoWrite] 6 items
[16:51:08] [spechunter] [text] Now I have all the information needed to cross-validate. Let me produce the final review.  ```json {   "locations": [   ...
[16:51:17] [spechunter] [Read] /home/yzs/riscv/XiangShan/src/main/scala/xiangshan/backend/fu/PMP.scala
[16:51:17] [spechunter] [Read] /home/yzs/riscv/XiangShan/src/main/scala/xiangshan/backend/fu/PMP.scala
[16:51:23] [spechunter] [Read] /home/yzs/riscv/XiangShan/src/main/scala/xiangshan/backend/fu/PMP.scala
[16:51:23] [spechunter] [Read] /home/yzs/riscv/XiangShan/smepmp_audit_findings.json
[16:51:25] [spechunter] [TodoWrite] 6 items
[16:51:36] [spechunter] [text] Now let me also check the `pmp_check` method and the MemBlock instantiation to understand the full data flow.  
[16:51:36] [spechunter] [Read] /home/yzs/riscv/XiangShan/src/main/scala/xiangshan/backend/fu/PMP.scala
[16:51:36] [spechunter] [Read] /home/yzs/riscv/XiangShan/src/main/scala/xiangshan/cache/mmu/TLB.scala
[16:51:41] [spechunter] [Agent] description, prompt
[16:51:45] [spechunter] [text] Let me also verify the privilege mode encoding and the MemBlock PMPChecker instantiation.  
[16:51:45] [spechunter] [Grep] pattern='ModeM|ModeS|ModeU|def imode|def dmode'
[16:51:45] [spechunter] [Grep] pattern='PMPChecker|pmp_checker|PMP.*checker'
[16:51:49] [spechunter] [Read] /home/yzs/riscv/XiangShan/src/main/scala/xiangshan/mem/MemBlock.scala
[16:51:58] [spechunter] [Glob] target/riscv/pmp*
[16:51:58] [spechunter] [Glob] target/riscv/*pm*p*
[16:51:58] [spechunter] [Grep] pattern='pmp_hart_has_privs'
[16:51:58] [spechunter] [Grep] pattern='pmp_is_locked'
[16:51:58] [spechunter] [Grep] pattern='get_physical_address_pmp'
[16:51:58] [spechunter] [Grep] pattern='def imode|def dmode'
[16:51:58] [spechunter] [Grep] pattern='mseccfg|MachineLevel'
[16:52:05] [spechunter] [Grep] pattern='def priv|imode|dmode|ModeU|ModeS|ModeM'
[16:52:11] [spechunter] [Read] /home/yzs/riscv/XiangShan/src/main/scala/xiangshan/backend/fu/NewCSR/CSRBundles.scala
[16:52:11] [spechunter] [Read] /home/yzs/riscv/XiangShan/src/main/scala/xiangshan/Bundle.scala
[16:52:12] [spechunter] [Read] /home/yzs/riscv/qemu/target/riscv/pmp.h
[16:52:12] [spechunter] [Read] /home/yzs/riscv/qemu/target/riscv/pmp.c
[16:52:12] [spechunter] [Grep] pattern='pmpcfg|pmpaddr|pmp_dump|pmp_get|pmp_priv|pmp|PMP'
[16:52:12] [spechunter] [Grep] pattern='pmp'
[16:52:15] [spechunter] [Grep] pattern='object PrivMode'
[16:52:19] [spechunter] [Read] /home/yzs/riscv/XiangShan/src/main/scala/xiangshan/backend/fu/NewCSR/CSRDefines.scala
[16:52:51] [spechunter] [Read] /home/yzs/riscv/qemu/target/riscv/cpu_helper.c
[16:52:51] [spechunter] [Read] /home/yzs/riscv/qemu/target/riscv/cpu_helper.c
[16:52:51] [spechunter] [Read] /home/yzs/riscv/qemu/target/riscv/cpu_helper.c
[16:52:51] [spechunter] [Grep] pattern='pmp|PMP'
[16:52:51] [spechunter] [Grep] pattern='pmp|PMP'
[16:52:51] [spechunter] [Grep] pattern='pmp|PMP'
[16:52:51] [spechunter] [Grep] pattern='pmp|PMP'
[16:52:51] [spechunter] [Grep] pattern='pmp|PMP|mseccfg'
[16:53:23] [spechunter] [text] Now I have a complete picture. Here is the semantic analysis and output.  ---  ## Semantic Analysis  The vulnerability i...
[16:53:31] [spechunter] [text] Now I have a comprehensive picture. Let me compile the final JSON report.  
[16:53:31] [spechunter] [Write] /home/yzs/riscv/linux/tmp/pmap_rule_audit.json
[16:53:37] [spechunter] [Read] /home/yzs/riscv/XiangShan/src/main/scala/xiangshan/backend/fu/PMP.scala
[16:53:37] [spechunter] [Read] /home/yzs/riscv/XiangShan/src/main/scala/xiangshan/backend/fu/PMP.scala
[16:53:37] [spechunter] [Read] /home/yzs/riscv/XiangShan/src/main/scala/xiangshan/backend/fu/PMP.scala
[16:53:41] [spechunter] [Read] /home/yzs/riscv/qemu/target/riscv/csr.c
[16:53:41] [spechunter] [Read] /home/yzs/riscv/qemu/target/riscv/csr.c
[16:53:41] [spechunter] [Read] /home/yzs/riscv/qemu/target/riscv/op_helper.c
[16:53:41] [spechunter] [Read] /home/yzs/riscv/qemu/target/riscv/op_helper.c
[16:53:41] [spechunter] [Read] /home/yzs/riscv/qemu/target/riscv/op_helper.c
[16:53:41] [spechunter] [Grep] pattern='pmp|PMP|pmbfun|PMBFUN'
[16:53:41] [spechunter] [Glob] target/riscv/tcg/translator*
[16:53:41] [spechunter] [Glob] target/riscv/tcg/*.c
[16:54:08] [spechunter] [text] Prompt is too long
[16:54:12] [spechunter] [Glob] target/riscv/insn_trans/trans_rvi*
[16:54:12] [spechunter] [Grep] pattern='pmp|PMP'
[16:54:12] [spechunter] [Grep] pattern='pmp|PMP|MAX_RISCV_PMPS'
[16:54:12] [spechunter] [Grep] pattern='pmp|PMP'
[16:54:12] [spechunter] [Grep] pattern='TRANSLATE_PMP_FAIL|PMP'
[16:54:12] [spechunter] [Grep] pattern='mseccfg|MSECCFG'
[16:54:12] [spechunter] [Grep] pattern='pmp_violation|PMP'
[16:54:24] [spechunter] [Grep] pattern='MPRV|mprv|effective.*privilege|effectivePrivilege'
[16:54:24] [spechunter] [Grep] pattern='mode.*=.*Mux|mode.*MPP|MPRV|effective.*mode'
[16:54:24] [spechunter] [Read] /home/yzs/riscv/XiangShan/src/main/scala/xiangshan/backend/fu/PMP.scala
[16:54:24] [spechunter] [Read] /home/yzs/riscv/XiangShan/src/main/scala/xiangshan/backend/fu/PMP.scala
[16:54:35] [spechunter] [Read] /home/yzs/riscv/qemu/target/riscv/cpu_helper.c
[16:54:35] [spechunter] [Read] /home/yzs/riscv/qemu/target/riscv/cpu_helper.c
[16:54:35] [spechunter] [Read] /home/yzs/riscv/qemu/target/riscv/cpu_helper.c
[16:54:35] [spechunter] [Grep] pattern='pmp|PMP'
[16:54:35] [spechunter] [Grep] pattern='pmp|PMP'
[16:54:35] [spechunter] [Grep] pattern='riscv_cpu_tlb_fill'
[16:54:54] [spechunter] [text] Let me check a few more critical files for the MPRV/dMode logic.  
[16:54:54] [spechunter] [Read] /home/yzs/riscv/XiangShan/src/main/scala/xiangshan/backend/fu/NewCSR/NewCSR.scala
[16:54:54] [spechunter] [Read] /home/yzs/riscv/XiangShan/src/main/scala/xiangshan/backend/fu/NewCSR/NewCSR.scala
[16:54:54] [spechunter] [Read] /home/yzs/riscv/XiangShan/src/main/scala/xiangshan/backend/fu/CSR.scala
[16:55:03] [spechunter] [Grep] pattern='pmp|PMP|tlb_fill|tlb_fill'
[16:55:03] [spechunter] [Read] /home/yzs/riscv/qemu/target/riscv/vector_helper.c
[16:55:03] [spechunter] [Read] /home/yzs/riscv/qemu/target/riscv/vector_helper.c
[16:55:03] [spechunter] [Bash] List hw/riscv directory
[16:55:03] [spechunter] [Read] /home/yzs/riscv/qemu/target/riscv/cpu.h
[16:55:03] [spechunter] [Read] /home/yzs/riscv/qemu/target/riscv/cpu_helper.c
[16:55:30] [spechunter] [Read] /home/yzs/riscv/XiangShan/src/main/scala/xiangshan/backend/fu/NewCSR/MachineLevel.scala
[16:55:57] [spechunter] [text] ## Relevance Assessment  **PR context**: Clarifying PMP spec language about when M-mode accesses are subject to PMP chec...
[16:56:09] [spechunter] [text] Now let me check the PMP entry module and CSRPMP for completeness.  
[16:56:09] [spechunter] [Read] /home/yzs/riscv/XiangShan/src/main/scala/xiangshan/backend/fu/NewCSR/CSRPMP.scala
[16:56:09] [spechunter] [Read] /home/yzs/riscv/XiangShan/src/main/scala/xiangshan/backend/fu/NewCSR/PMPEntryModule.scala
[16:56:14] [spechunter] [Agent] description, prompt
[16:56:47] [spechunter] [Grep] pattern='sbi_ecall\\('
[16:56:47] [spechunter] [Grep] pattern='sbi_call\\('
[16:56:47] [spechunter] [Grep] pattern='__sbi_.*buf'
[16:56:47] [spechunter] [Grep] pattern='sbi_.*range'
[16:56:47] [spechunter] [Grep] pattern='sbi_remote_sfence_vma'
[16:56:47] [spechunter] [Grep] pattern='sbi_remote_fence_i'
[16:56:47] [spechunter] [Grep] pattern='SBI_EXT_RFNC'
[16:56:47] [spechunter] [Grep] pattern='sbi_send_ipi'
[16:56:59] [spechunter] [text] Now let me read the critical code sections in detail.  
[16:56:59] [spechunter] [Read] /home/yzs/riscv/qemu/target/riscv/pmp.c
[16:56:59] [spechunter] [Read] /home/yzs/riscv/qemu/target/riscv/cpu_helper.c
[16:57:06] [spechunter] [Read] /home/yzs/riscv/linux/arch/riscv/kernel/sbi.c
[16:57:06] [spechunter] [Read] /home/yzs/riscv/linux/arch/riscv/kernel/sbi_ecall.c
[16:57:06] [spechunter] [Read] /home/yzs/riscv/linux/arch/riscv/kernel/sbi-ipi.c
[16:57:06] [spechunter] [Read] /home/yzs/riscv/linux/arch/riscv/mm/tlbflush.c
[16:57:06] [spechunter] [Read] /home/yzs/riscv/linux/arch/riscv/mm/cacheflush.c
[16:57:06] [spechunter] [Read] /home/yzs/riscv/linux/arch/riscv/include/asm/sbi.h
[16:57:08] [spechunter] [Read] /home/yzs/riscv/qemu/target/riscv/pmp.c
[16:57:08] [spechunter] [Read] /home/yzs/riscv/qemu/target/riscv/cpu_helper.c
[16:57:08] [spechunter] [Read] /home/yzs/riscv/qemu/target/riscv/cpu_helper.c
[16:57:15] [spechunter] [Read] /home/yzs/riscv/opensbi/lib/sbi/sbi_domain.c
[16:57:15] [spechunter] [Grep] pattern='pmp_disable'
[16:57:30] [spechunter] [Grep] pattern='pmp'
[16:57:30] [spechunter] [Read] /home/yzs/riscv/linux/arch/riscv/kernel/paravirt.c
[16:57:30] [spechunter] [Read] /home/yzs/riscv/linux/arch/riscv/kernel/cpu_ops_sbi.c
[16:57:30] [spechunter] [Grep] pattern='SBI_EXT_PMU_SNAPSHOT_SET_SHMEM|pmu_snapshot|snapshot_set_shmem'
[16:57:37] [spechunter] [text] Now I have a complete picture. Let me cross-validate all locations against the PR context.  **Analysis**: The PR clarifi...
[16:57:37] [spechunter] [Write] /home/yzs/riscv/XiangShan/pmp_rule_clarification_locations.json
[16:57:40] [spechunter] [TodoWrite] 6 items
[16:57:51] [spechunter] [Grep] pattern='PMP|pmp_|pmpcfg|pmpaddr'
[16:57:51] [spechunter] [Grep] pattern='PMP|pmp_|pmpcfg|pmpaddr'
[16:57:51] [spechunter] [Grep] pattern='SBI_EXT_PMU_SNAPSHOT_SET_SHMEM|snapshot_set_shmem|pmu_set_shmem'
[16:57:51] [spechunter] [Grep] pattern='SBI_EXT_NACL_SET_SHMEM|nacl_set_shmem'
[16:57:51] [spechunter] [Grep] pattern='SBI_EXT_MPXY_SET_SHMEM|mpxy_set_shmem'
[16:57:51] [spechunter] [Grep] pattern='SBI_EXT_DBTR_SETUP_SHMEM|dbtr_setup_shmem'
[16:57:55] [spechunter] [text] Here's the cross-validation summary:  **Key findings:**  1. **Slow-path contributed nothing** — all 15 slow-path entries...
[16:58:00] [spechunter] [Read] /home/yzs/riscv/linux/drivers/perf/riscv_pmu_sbi.c
[16:58:00] [spechunter] [Read] /home/yzs/riscv/linux/drivers/mailbox/riscv-sbi-mpxy-mbox.c
[16:58:00] [spechunter] [Read] /home/yzs/riscv/linux/arch/riscv/include/asm/cpu_ops_sbi.h
[16:58:00] [spechunter] [Grep] pattern='snapshot_addr_phys|snapshot_addr'
[16:58:11] [spechunter] [text] Let me read the PMP-related code at the specified locations.  
[16:58:11] [spechunter] [Grep] pattern='pmp_match_res'
[16:58:11] [spechunter] [Glob] **/PMP.scala
[16:58:23] [spechunter] [Read] /home/yzs/riscv/XiangShan/src/main/scala/xiangshan/backend/fu/PMP.scala
[16:58:37] [spechunter] [Read] /home/yzs/riscv/linux/arch/riscv/kvm/nacl.c
[16:58:37] [spechunter] [Grep] pattern='shmem_phys|shmem_addr|__pa|page_to_phys'
[16:58:37] [spechunter] [Grep] pattern='PMP|pmp_boundary|pmp_granularity|pmp_entry'
[16:58:37] [spechunter] [Grep] pattern='PMP|pmp_boundary|pmp_granularity'
[16:58:37] [spechunter] [Grep] pattern='SBI_EXT_0_1_SEND_IPI|SBI_EXT_0_1_REMOTE_FENCE_I|SBI_EXT_0_1_REMOTE_SFENCE_VMA|SBI_EXT_0_1_REMOTE_SFENCE_VMA_ASID'
[16:58:37] [spechunter] [Grep] pattern='SBI_EXT_STA|STEAL_TIME_SET_SHMEM|SBI_EXT_PMU|SBI_EXT_NACL|SBI_EXT_MPXY|SBI_EXT_DBCN|SBI_EXT_FWFT'
[16:58:56] [spechunter] [Grep] pattern='page_to_phys|__pa_bytes|setup_shmem'
[16:58:56] [spechunter] [Grep] pattern='pmp_boundary|pmp_granularity|PMP_BOUNDARY|pmp_alignment|pmp_align'
[16:58:56] [spechunter] [Grep] pattern='rpmi_send_message_with_response|SBI_EXT_RPPMI|rpmi_set_shmem'
[16:58:56] [spechunter] [Read] /home/yzs/riscv/linux/arch/riscv/kernel/head.S
[16:59:05] [spechunter] [text] Now let me check how `mmu_idx` is determined for M-mode accesses and how MPRV affects the privilege mode used in PMP che...
[16:59:05] [spechunter] [Grep] pattern='mmuidx_priv'
[16:59:05] [spechunter] [Grep] pattern='MPRV'
[16:59:08] [spechunter] [Grep] pattern='rpmi_set_shmem|SBI_EXT_RPMI|rpmi.*shmem|rpmi.*phys'
[16:59:08] [spechunter] [Grep] pattern='riscv_pmu_snapshot_data'
[16:59:08] [spechunter] [Grep] pattern='NACL_SHMEM_SIZE|SBI_NACL_SHMEM_SIZE'
[16:59:08] [spechunter] [Grep] pattern='snapshot_area_size|SNAPSHOT_SIZE|snapshot.*PAGE'
[16:59:17] [spechunter] [Read] /home/yzs/riscv/qemu/target/riscv/internals.h
[16:59:17] [spechunter] [Grep] pattern='mmuidx_priv|MMUIdx|MMU_IDX|mmu_idx'
[16:59:18] [spechunter] [Grep] pattern='SBI_EXT_MPXY_SEND_MSG_WITH_RESP|SBI_EXT_MPXY_SEND_MSG_WITHOUT_RESP'
[16:59:18] [spechunter] [Read] /home/yzs/riscv/linux/drivers/mailbox/riscv-sbi-mpxy-mbox.c
[16:59:26] [spechunter] [text] Let me also look at the broader context — how `mode` is defined, how this function is called, and whether there's separa...
[16:59:26] [spechunter] [Read] /home/yzs/riscv/XiangShan/src/main/scala/xiangshan/backend/fu/PMP.scala
[16:59:26] [spechunter] [Grep] pattern='pmp_match_res'
[16:59:26] [spechunter] [Grep] pattern='mseccfg|MML|mmrlb|MMWP|mseccfg'
[16:59:29] [spechunter] [text] Now let me check how MPRV affects the mmu_idx used for TLB lookups.  
[16:59:29] [spechunter] [Grep] pattern='mstatus_mprv|MPRV|riscv_cpu_mmu_idx'
[16:59:37] [spechunter] [text] Let me look at the callers and the `mode` parameter to understand the full picture.  
[16:59:37] [spechunter] [Read] /home/yzs/riscv/XiangShan/src/main/scala/xiangshan/backend/fu/PMP.scala
[16:59:37] [spechunter] [Grep] pattern='pmp_check|PMPChecker|check_env|mode'
[16:59:50] [spechunter] [text] Now let me look at the `cpu_mmu_index` function and how it interacts with MPRV for PMP checks.  
[16:59:50] [spechunter] [Read] /home/yzs/riscv/qemu/target/riscv/cpu.h
[16:59:50] [spechunter] [Read] /home/yzs/riscv/qemu/target/riscv/pmp.c
[17:00:09] [spechunter] [text] Now let me check if Smepmp (mseccfg) is handled elsewhere in the PMP checking flow.  
[17:00:09] [spechunter] [Grep] pattern='mseccfg|MML|MMWP|Smepmp|smepmp|RLB|mmrlb'
[17:00:09] [spechunter] [Grep] pattern='pmp_check'
[17:00:11] [spechunter] [text] Let me check how `mmu_idx` is determined in TCG for M-mode load/store operations.  
[17:00:11] [spechunter] [Grep] pattern='cpu_mmu_index|riscv_cpu_mmu_idx|mem_idx'
[17:00:17] [spechunter] [Read] /home/yzs/riscv/XiangShan/src/main/scala/xiangshan/backend/fu/PMP.scala
[17:00:17] [spechunter] [Read] /home/yzs/riscv/XiangShan/src/main/scala/xiangshan/backend/fu/PMP.scala
[17:00:19] [spechunter] [Grep] pattern='ctx->mem_idx|disascontext.*mem_idx'
[17:00:24] [spechunter] [Grep] pattern='TB_FLAGS.*MEM_IDX|cpu_mmu_index'
[17:00:30] [spechunter] [Grep] pattern='riscv_env_mmu_index'
[17:00:37] [spechunter] [Read] /home/yzs/riscv/qemu/target/riscv/cpu_helper.c
[17:00:37] [spechunter] [Read] /home/yzs/riscv/qemu/target/riscv/cpu_helper.c
[17:00:44] [spechunter] [text] Let me look at the firmware region initialization and how PMP entries for firmware get configured in the old PMP path.  
[17:00:44] [spechunter] [Grep] pattern='fw_region_inited|fw_region|sbi_domain_root_add_memrange.*FW|SBI_DOMAIN_MEMREGION_FW'
[17:00:44] [spechunter] [Grep] pattern='mstatus_init'
[17:00:53] [spechunter] [Read] /home/yzs/riscv/opensbi/lib/sbi/sbi_domain.c
[17:00:53] [spechunter] [Read] /home/yzs/riscv/opensbi/lib/sbi/sbi_domain.c
[17:01:38] [spechunter] [text] Let me look deeper into how `mode` is set by callers and whether Smepmp is actually implemented.  
[17:01:38] [spechunter] [Read] /home/yzs/riscv/XiangShan/src/main/scala/xiangshan/backend/fu/NewCSR/MachineLevel.scala
[17:01:38] [spechunter] [Grep] pattern='mseccfg\\.(MML|MMWP|RLB)'
[17:01:38] [spechunter] [Grep] pattern='\\.mode\\s*:=|mode\\s*='
[17:01:55] [spechunter] [Grep] pattern='ModeM|ModeS|ModeU|ModeHS'
[17:02:13] [spechunter] [Grep] pattern='ModeM|ModeS|ModeU|ModeHS'
[17:02:38] [spechunter] [Read] /home/yzs/riscv/qemu/target/riscv/pmp.c
[17:02:38] [spechunter] [Read] /home/yzs/riscv/qemu/target/riscv/cpu_helper.c
[17:02:38] [spechunter] [Grep] pattern='PMP_FW_START|PMP_FREE_A_START|PMP_FREE_A_COUNT|PMP_RESERVED_A|PMP_FREE_B_START|PMP_FREE_B_COUNT|PMP_RESERVED_B'
[17:02:38] [spechunter] [Grep] pattern='sbi_platform_pmp_disable|pmp_disable'
[17:02:40] [spechunter] [text] Let me verify the exact line numbers in the key files before producing the final report.  
[17:02:40] [spechunter] [Read] /home/yzs/riscv/linux/arch/riscv/kernel/sbi.c
[17:02:40] [spechunter] [Read] /home/yzs/riscv/linux/arch/riscv/kernel/sbi.c
[17:02:40] [spechunter] [Read] /home/yzs/riscv/linux/arch/riscv/kernel/sbi.c
[17:02:42] [spechunter] [text] Let me check how `mode` is actually used and whether `ModeH` exists.  
[17:02:42] [spechunter] [Read] /home/yzs/riscv/XiangShan/src/main/scala/xiangshan/backend/fu/util/CSRConst.scala
[17:02:42] [spechunter] [Grep] pattern='mseccfg.*regOut|regOut.*mseccfg|pmm.*mseccfg|mseccfg.*pmm'
[17:02:45] [spechunter] [Read] /home/yzs/riscv/linux/arch/riscv/kvm/nacl.c
[17:02:45] [spechunter] [Read] /home/yzs/riscv/linux/arch/riscv/kernel/sbi.c
[17:02:56] [spechunter] [Read] /home/yzs/riscv/XiangShan/smepmp_audit_findings.json
[17:04:08] [spechunter] [text] Now I have all the data needed to produce the security audit. Here is the analysis:  ```json {   "findings": [     {    ...
[17:04:10] [spechunter] [text] Now let me check how the `mode` parameter is set for the PMP checker in actual callers, particularly whether M-mode PMP ...
[17:04:10] [spechunter] [Grep] pattern='check_env\\.(apply|mode)\\s*='
[17:04:10] [spechunter] [Read] /home/yzs/riscv/XiangShan/src/main/scala/xiangshan/cache/mmu/L2TLB.scala
[17:04:26] [spechunter] [Grep] pattern='check_env\\.apply|PMPChecker|PMPCheck'
[17:04:26] [spechunter] [Grep] pattern='PMPChecker|PMPCheck'
[17:05:40] [spechunter] [text] Now I have a thorough understanding of the PMP implementation. Let me check a few more specific paths.  
[17:05:40] [spechunter] [Read] /home/yzs/riscv/qemu/target/riscv/op_helper.c
[17:05:40] [spechunter] [Read] /home/yzs/riscv/qemu/target/riscv/pmp.c
[17:05:58] [spechunter] [text] Now let me check how `mode` is used across the RTL — particularly whether HS-mode (value 2) gets incorrectly caught by `...
[17:05:58] [spechunter] [Read] /home/yzs/riscv/XiangShan/src/main/scala/xiangshan/backend/fu/util/CSRConst.scala
[17:05:58] [spechunter] [Grep] pattern='passThrough|pmp_check|ignore.*=.*pass'
[17:05:59] [spechunter] [text] Now let me look at the old PMP configure path for firmware regions and the eic770x closely.  
[17:05:59] [spechunter] [Read] /home/yzs/riscv/opensbi/lib/sbi/sbi_domain.c
[17:05:59] [spechunter] [Grep] pattern='sbi_hart_has_extension.*SMEPMP|SBI_HART_EXT_SMEPMP'
[17:07:41] [spechunter] [Read] /home/yzs/riscv/XiangShan/src/main/scala/xiangshan/cache/mmu/TLB.scala
[17:07:45] [spechunter] [Read] /home/yzs/riscv/XiangShan/src/main/scala/xiangshan/cache/mmu/TLB.scala
[17:08:09] [spechunter] [Read] /home/yzs/riscv/qemu/target/riscv/pmp.c
[17:08:09] [spechunter] [Read] /home/yzs/riscv/qemu/target/riscv/cpu.h
[17:08:15] [spechunter] [Grep] pattern='pmp.*mode|pmpMode|pmp.*\\.mode'
[17:08:20] [spechunter] [Grep] pattern='PMPChecker|PMPReqBundle|pmp\\(|pmp_|PMPCheck'
[17:09:07] [spechunter] [Grep] pattern='PMPChecker|PMPReqBundle'
[17:09:14] [spechunter] [Grep] pattern='val pmp\\b|pmp\\s*\\(|PMPChecker|pmp_|pmp\\b.*='
[17:10:12] [spechunter] [text] Now let me check the sifive SMEPMP setup path and one more critical detail about the oldpmp flags.  
[17:10:12] [spechunter] [Read] /home/yzs/riscv/opensbi/platform/generic/sifive/sifive_dev_platform.c
[17:10:12] [spechunter] [Read] /home/yzs/riscv/opensbi/lib/sbi/sbi_hart.c
[17:10:25] [spechunter] [text] Now let me verify one more important path - the interaction between `riscv_cpu_eff_priv` and MPRV for PMP checks.  
[17:10:25] [spechunter] [Read] /home/yzs/riscv/qemu/target/riscv/cpu.h
[17:10:25] [spechunter] [Grep] pattern='pmp_hart_has_privs'
[17:12:25] [spechunter] [TodoWrite] 6 items
[17:15:26] [spechunter] [text] Now I have all the data needed to produce the analysis. Let me compile the findings.  
[17:15:26] [spechunter] [TodoWrite] 6 items
[17:39:03] [spechunter] [text] Now let me verify the complete picture by looking at one more angle — the M-mode PMP application check.    
[17:39:03] [spechunter] [Grep] pattern='pmp_disable'
[17:41:24] [spechunter] [TodoWrite] 6 items
[17:43:20] [spechunter] [text] ## Analysis  The PR is a **documentation clarification** for the RISC-V spec (`machine.adoc`), not an OpenSBI code chang...
[17:43:20] [spechunter] [Write] /home/yzs/riscv/opensbi/locations/pmp_rule_review.json
[17:43:36] [spechunter] [text] ## Review Summary  **PR**: Documentation clarification for `machine.adoc` — specifies that when M-mode PMP checks are en...
[17:43:48] [spechunter] [Agent] description, subagent_type
[17:44:06] [spechunter] [Grep] pattern='pmp_set'
[17:44:06] [spechunter] [Grep] pattern='pmp_set_addr'
[17:44:06] [spechunter] [Grep] pattern='pmpcfg_write'
[17:44:06] [spechunter] [Grep] pattern='sbi_domain_context'
[17:44:06] [spechunter] [Grep] pattern='sbi_hsm'
[17:44:06] [spechunter] [Grep] pattern='pmp'
[17:44:06] [spechunter] [Glob] **/pmp*
[17:44:21] [spechunter] [Read] /home/yzs/riscv/opensbi/lib/sbi/sbi_hart_pmp.c
[17:44:21] [spechunter] [Read] /home/yzs/riscv/opensbi/lib/sbi/sbi_domain_context.c
[17:44:21] [spechunter] [Read] /home/yzs/riscv/opensbi/include/sbi/sbi_hart_pmp.h
[17:44:21] [spechunter] [Read] /home/yzs/riscv/opensbi/include/sbi/sbi_domain_context.h
[17:44:21] [spechunter] [Read] /home/yzs/riscv/opensbi/lib/sbi/sbi_init.c
[17:44:21] [spechunter] [Read] /home/yzs/riscv/opensbi/lib/sbi/riscv_asm.c
[17:44:21] [spechunter] [Read] /home/yzs/riscv/opensbi/include/sbi/riscv_asm.h
[17:44:42] [spechunter] [Read] /home/yzs/riscv/opensbi/lib/sbi/sbi_hsm.c
[17:44:42] [spechunter] [Grep] pattern='pmp|PMP'
[17:44:42] [spechunter] [Grep] pattern='pmp|PMP|pmpcfg'
[17:44:42] [spechunter] [Grep] pattern='pmp|PMP'
[17:44:42] [spechunter] [Grep] pattern='pmp|PMP'
[17:44:42] [spechunter] [Glob] firmware/**/*.{S,c}
[17:44:42] [spechunter] [Grep] pattern='pmp|PMP'
[17:44:57] [spechunter] [Read] /home/yzs/riscv/opensbi/firmware/fw_base.S
[17:44:57] [spechunter] [Read] /home/yzs/riscv/opensbi/firmware/fw_base.ldS
[17:44:57] [spechunter] [Read] /home/yzs/riscv/opensbi/platform/generic/renesas/rzfive/rzfive.c
[17:44:57] [spechunter] [Read] /home/yzs/riscv/opensbi/platform/generic/sifive/sifive_dev_platform.c
[17:44:57] [spechunter] [Read] /home/yzs/riscv/opensbi/lib/sbi/sbi_hart.c
[17:44:57] [spechunter] [Grep] pattern='hart_protection'
[17:44:57] [spechunter] [Grep] pattern='pmp|PMP'
[17:45:26] [spechunter] [Read] /home/yzs/riscv/opensbi/platform/generic/eswin/eic770x.c
[17:45:26] [spechunter] [Read] /home/yzs/riscv/opensbi/platform/generic/mips/p8700.c
[17:45:26] [spechunter] [Read] /home/yzs/riscv/opensbi/include/sbi/riscv_encoding.h
[17:45:26] [spechunter] [Read] /home/yzs/riscv/opensbi/include/sbi/sbi_hart.h
[17:45:26] [spechunter] [Grep] pattern='pmp|PMP'
[17:45:26] [spechunter] [Read] /home/yzs/riscv/opensbi/lib/sbi/sbi_domain.c
[17:45:26] [spechunter] [Grep] pattern='pmp|PMP|pmpcfg'
[17:46:08] [spechunter] [Read] /home/yzs/riscv/opensbi/lib/utils/fdt/fdt_fixup.c
[17:46:08] [spechunter] [Glob] **/sbi_hart_protection*
[17:46:08] [spechunter] [Read] /home/yzs/riscv/opensbi/lib/sbi/sbi_domain.c
[17:46:08] [spechunter] [Read] /home/yzs/riscv/opensbi/lib/utils/fdt/fdt_fixup.c
[17:46:29] [spechunter] [Read] /home/yzs/riscv/opensbi/include/sbi/sbi_hart_protection.h
[17:46:29] [spechunter] [Read] /home/yzs/riscv/opensbi/lib/sbi/sbi_hart_protection.c
[17:46:29] [spechunter] [Grep] pattern='pmp|PMP|smepmp|pmpcfg'
[17:46:29] [spechunter] [Grep] pattern='pmp|PMP'
[17:48:49] [spechunter] [text] Let me now read the critical source files to perform the audit.  
[17:48:49] [spechunter] [Read] /home/yzs/riscv/opensbi/lib/sbi/sbi_domain_context.c
[17:48:49] [spechunter] [Read] /home/yzs/riscv/opensbi/lib/sbi/riscv_asm.c
[17:48:49] [spechunter] [Read] /home/yzs/riscv/opensbi/lib/sbi/sbi_hart_pmp.c
[17:49:07] [spechunter] [text] Now let me read the HSM code and the init code.  
[17:49:07] [spechunter] [Read] /home/yzs/riscv/opensbi/lib/sbi/sbi_hsm.c
[17:49:07] [spechunter] [Read] /home/yzs/riscv/opensbi/lib/sbi/sbi_init.c
[17:49:07] [spechunter] [Read] /home/yzs/riscv/opensbi/lib/sbi/sbi_hart_protection.c
[17:49:40] [spechunter] [Read] /home/yzs/riscv/opensbi/lib/sbi/sbi_domain.c
[17:49:40] [spechunter] [Read] /home/yzs/riscv/opensbi/include/sbi/sbi_hart_protection.h
[17:49:40] [spechunter] [Grep] pattern='pmp_disable'
[17:50:24] [spechunter] [Read] /home/yzs/riscv/opensbi/lib/sbi/riscv_asm.c
[17:50:24] [spechunter] [Read] /home/yzs/riscv/opensbi/firmware/fw_base.ldS
[17:50:24] [spechunter] [Grep] pattern='fw_start|fw_size|fw_rw_offset|fw_heap_offset'
[17:54:05] [spechunter] [text] Now let me check the domain region sorting logic and the `hart_pmp_get_allowed_addr` probing function.  
[17:54:05] [spechunter] [Read] /home/yzs/riscv/opensbi/lib/sbi/sbi_domain.c
[17:54:05] [spechunter] [Read] /home/yzs/riscv/opensbi/lib/sbi/sbi_hart.c
[17:54:05] [spechunter] [Grep] pattern='SBI_DOMAIN_MEMREGION_IS_FIRMWARE'
[17:56:31] [spechunter] [text] Let me check one more important area - the region filtering and the platform-specific PMP code.  
[17:56:31] [spechunter] [Read] /home/yzs/riscv/opensbi/lib/sbi/sbi_domain.c
[17:56:31] [spechunter] [Read] /home/yzs/riscv/opensbi/platform/generic/eswin/eic770x.c
[17:57:57] [spechunter] [Grep] pattern='sbi_hart_reinit'
[17:59:38] [spechunter] [text] Now I have all the information needed to produce the audit. Let me also quickly check the MIPS platform PMP setup and ho...
[17:59:38] [spechunter] [Read] /home/yzs/riscv/opensbi/platform/generic/mips/boston.c
[17:59:38] [spechunter] [Grep] pattern='fw_start|fw_size.*PMP|fw_memory_region|firmware_region'
[17:59:44] [spechunter] [Read] /home/yzs/riscv/opensbi/lib/sbi/sbi_domain.c
[18:01:45] [spechunter] [Grep] pattern='CaseLLMAcceptHandler|caseLLMAcceptHandler'
[18:01:45] [spechunter] [Grep] pattern='OSP_LLM_CS_RES_INFO'
[18:05:02] [spechunter] [text] Now I have a thorough understanding of all the code. Let me compile the analysis.  
[18:05:02] [spechunter] [TodoWrite] 2 items
[18:08:36] [spechunter] [text] Now I have a thorough understanding of all the code. Let me produce the final findings.  
[18:08:36] [spechunter] [TodoWrite] 2 items
[18:13:05] [spechunter] [text] Here is the complete security audit analysis.  ```json {   "findings": [     {       "file_path": "lib/sbi/sbi_domain_co...
[05:00:47] [spechunter] PR loaded: #2397 riscv/riscv-isa-manual — "Update PMP rule note in machine.adoc"
[05:00:47] [spechunter]   diff: 708 chars  body: 1000 chars  reviews: 0
[05:00:47] [spechunter] Global pre-filter running...
[05:01:07] [spechunter] [text] {"should_skip": false}
[05:01:08] [spechunter] pre-filter: should_skip=False reason=""
[05:01:27] [spechunter] [text] {"should_skip": false}
[05:01:28] [spechunter] [text] {"should_skip": false}
[05:01:32] [spechunter] [text] {"should_skip": true, "skip_reason": "PMP clarification only affects M-mode firmware behavior, not S-mode kernel-visible...
[05:01:35] [spechunter] [text] {"should_skip": false}
[05:01:36] [spechunter] [text] {"should_skip": false}
[05:02:11] [spechunter] [Grep] pattern='pmp_hart_has_privs'
[05:02:11] [spechunter] [Grep] pattern='pmp.*match|pmp_is_range_match|pmp_index'
[05:02:12] [spechunter] [Grep] pattern='PMPChecker|PMPCheck|pmp.*check|PMP.*match'
[05:02:12] [spechunter] [Grep] pattern='class.*PMP'
[05:02:27] [spechunter] [Read] /home/yzs/riscv/qemu/target/riscv/pmp.c
[05:02:27] [spechunter] [Read] /home/yzs/riscv/qemu/target/riscv/pmp.h
[05:02:29] [spechunter] [Grep] pattern='PMPChecker|CheckPMP|pmpCheck|check_pmp'
[05:02:29] [spechunter] [Grep] pattern='PMP.*check|pmp.*match|eff.*priv|effective.*priv'
[05:02:51] [spechunter] [Grep] pattern='pmp|PMP'
[05:02:51] [spechunter] [Grep] pattern='mstatus.*MPRV|MPRV|mprv'
[05:03:10] [spechunter] [Read] /home/yzs/riscv/XiangShan/src/main/scala/xiangshan/backend/fu/PMP.scala
[05:03:28] [spechunter] [Bash] Output structured security spec JSON
[05:03:49] [spechunter] [text] Now let me look at the critical matching logic more closely, particularly how the "no-match" case handles M-mode.  
[05:03:49] [spechunter] [Read] /home/yzs/riscv/XiangShan/src/main/scala/xiangshan/backend/fu/PMP.scala
[05:04:00] [spechunter] [text] ```json {   "violation_condition": "OpenSBI M-mode code performs a memory access that straddles a PMP entry boundary, wh...
[05:04:02] [spechunter] [Read] /home/yzs/riscv/qemu/target/riscv/pmp.c
[05:04:09] [spechunter] [Read] /home/yzs/riscv/linux/arch/riscv/kernel/head.S
[05:04:09] [spechunter] [Grep] pattern='SFENCE\\.VMA|sfence\\.vma|sfence_vma'
[05:04:15] [spechunter] [Grep] pattern='pmpcfg\\d*|pmpaddr\\d*|PMPCFG|PMPADDR|pmp_set|pmp_write|pmp_cfg|pmp_addr'
[05:04:15] [spechunter] [Grep] pattern='pmpcfg|pmpaddr|pmp_'
[05:04:24] [spechunter] [TodoWrite] 5 items
[05:04:24] [spechunter] [Grep] pattern='MPRV|mstatus.*MPRV|MPRV.*mstatus'
[05:04:24] [spechunter] [Grep] pattern='\\bsd\\b|\\bldr\\b|\\bstr\\b|amoswap|memcpy|memset'
[05:04:24] [spechunter] [Grep] pattern='MSTATUS_MPRV|MXR|MPRV'
[05:04:39] [spechunter] [Grep] pattern='sbi_domain_context|domain_context_save|domain_context_restore|sbi_domain_scratch_save|sbi_domain_scratch_fill'
[05:04:39] [spechunter] [Grep] pattern='sbi_hsm_hart_suspend|hsm_suspend|saved_mie|saved_mstatus|saved_menvcfg'
[05:04:39] [spechunter] [Grep] pattern='\\bmemcpy\\b|\\bmemset\\b'
[05:05:03] [spechunter] [text] ```json {   "violation_condition": "In the Linux kernel, when M-mode code (early boot in head.S before PMP setup, or SBI...
[05:05:10] [spechunter] [Grep] pattern='csr_write_allowed|csr_read_allowed|csr_num'
[05:05:10] [spechunter] [Grep] pattern='switchcase_csr_read|switchcase_csr_write|csr_write_num|csr_read_num'
[05:05:10] [spechunter] [Grep] pattern='sd\\s+|ld\\s+|amoswap|PMP|pmpaddr|pmpcfg'
[05:05:23] [spechunter] [Agent] description, prompt
[05:05:23] [spechunter] [Agent] description, prompt
[05:05:23] [spechunter] [Agent] description, prompt
[05:05:23] [spechunter] [Agent] description, prompt
[05:05:27] [spechunter] [text] Let me read the key files with the most relevant code
[05:05:27] [spechunter] [Read] /home/yzs/riscv/opensbi/lib/sbi/riscv_asm.c
[05:05:27] [spechunter] [Read] /home/yzs/riscv/opensbi/lib/sbi/sbi_hart.c
[05:05:27] [spechunter] [Read] /home/yzs/riscv/opensbi/lib/sbi/sbi_hart_pmp.c
[05:05:35] [spechunter] [text] ```json {   "violation_condition": "In QEMU pmp_hart_has_privs() at pmp.c:435, an M-mode access matching a PMP entry wit...
[05:05:35] [spechunter] [Glob] **/sbi_domain_context*
[05:05:35] [spechunter] [Glob] **/sbi_domain.h
[05:05:35] [spechunter] [Grep] pattern='sbi_domain_context|domain_context'
[05:05:39] [spechunter] [Grep] pattern='pmpcfg'
[05:05:39] [spechunter] [Grep] pattern='pmpaddr'
[05:05:39] [spechunter] [Grep] pattern='MPRV|MPP'
[05:05:39] [spechunter] [Grep] pattern='CSR_PMP'
[05:05:39] [spechunter] [Grep] pattern='PMP'
[05:05:40] [spechunter] [Glob] lib/sbi/sbi_hsm*
[05:05:40] [spechunter] [Glob] include/sbi/sbi_hsm*
[05:05:40] [spechunter] [Grep] pattern='suspend'
[05:05:40] [spechunter] [Grep] pattern='sbi_scratch.*suspend|suspend.*sbi_scratch|scratch.*save|save.*scratch'
[05:05:42] [spechunter] [Grep] pattern='memcpy|memset|memmove|memcmp'
[05:05:42] [spechunter] [Glob] lib/sbi/sbi_ecall*.c
[05:05:42] [spechunter] [Glob] lib/sbi/sbi_domain*.c
[05:05:42] [spechunter] [Glob] lib/sbi/sbi_tlb*.c
[05:05:42] [spechunter] [Glob] lib/utils/**/*.c
[05:05:42] [spechunter] [Glob] firmware/**/*.c
[05:05:43] [spechunter] [Read] /home/yzs/riscv/opensbi/lib/sbi/sbi_domain_context.c
[05:05:43] [spechunter] [Read] /home/yzs/riscv/opensbi/include/sbi/sbi_domain_context.h
[05:05:43] [spechunter] [Read] /home/yzs/riscv/opensbi/include/sbi/sbi_domain.h
[05:05:43] [spechunter] [Read] /home/yzs/riscv/opensbi/lib/sbi/sbi_domain_context.c
[05:05:43] [spechunter] [Read] /home/yzs/riscv/opensbi/lib/sbi/sbi_unpriv.c
[05:05:43] [spechunter] [Read] /home/yzs/riscv/opensbi/lib/sbi/sbi_expected_trap.S
[05:05:48] [spechunter] [Read] /home/yzs/riscv/opensbi/lib/sbi/sbi_illegal_atomic.c
[05:05:48] [spechunter] [Read] /home/yzs/riscv/opensbi/lib/sbi/sbi_hsm.c
[05:05:52] [spechunter] [Read] /home/yzs/riscv/opensbi/lib/sbi/sbi_hsm.c
[05:05:52] [spechunter] [Read] /home/yzs/riscv/opensbi/include/sbi/sbi_hsm.h
[05:05:52] [spechunter] [Read] /home/yzs/riscv/opensbi/lib/sbi/sbi_ecall_susp.c
[05:05:52] [spechunter] [Read] /home/yzs/riscv/opensbi/firmware/fw_base.S
[05:05:55] [spechunter] [Read] /home/yzs/riscv/qemu/target/riscv/pmp.c
[05:05:55] [spechunter] [Read] /home/yzs/riscv/qemu/target/riscv/pmp.h
[05:05:56] [spechunter] [text] I'll systematically search the RISC-V code in this kernel for PMP-related code patterns and M-mode memory access paths. ...
[05:05:56] [spechunter] [Agent] description, prompt
[05:05:56] [spechunter] [Agent] description, prompt
[05:05:56] [spechunter] [Agent] description, prompt
[05:06:03] [spechunter] [Grep] pattern='pmp_hart_has_privs'
[05:06:03] [spechunter] [Grep] pattern='pmpcfg'
[05:06:03] [spechunter] [Grep] pattern='pmpaddr'
[05:06:03] [spechunter] [Grep] pattern='pmp_is_locked'
[05:06:03] [spechunter] [Grep] pattern='pmp_hart_has_privs'
[05:06:06] [spechunter] [Read] /home/yzs/riscv/linux/arch/riscv/kernel/head.S
[05:06:06] [spechunter] [Read] /home/yzs/riscv/linux/arch/riscv/include/asm/csr.h
[05:06:06] [spechunter] [Read] /home/yzs/riscv/linux/arch/riscv/include/asm/csr.h
[05:06:06] [spechunter] [Read] /home/yzs/riscv/linux/arch/riscv/kernel/entry.S
[05:06:06] [spechunter] [Read] /home/yzs/riscv/linux/tools/arch/riscv/include/asm/csr.h
[05:06:07] [spechunter] [Read] /home/yzs/riscv/opensbi/lib/sbi/sbi_system.c
[05:06:07] [spechunter] [Read] /home/yzs/riscv/opensbi/include/sbi/sbi_scratch.h
[05:06:07] [spechunter] [Read] /home/yzs/riscv/opensbi/platform/generic/andes/ae350.c
[05:06:07] [spechunter] [Read] /home/yzs/riscv/opensbi/lib/utils/hsm/fdt_hsm_andes_atcsmu.c
[05:06:08] [spechunter] [Glob] lib/sbi/*pmp*
[05:06:08] [spechunter] [Glob] lib/sbi/*domain*
[05:06:08] [spechunter] [Glob] lib/sbi/sbi_init.c
[05:06:08] [spechunter] [Glob] include/sbi/*pmp*
[05:06:08] [spechunter] [Glob] include/sbi/*domain*
[05:06:15] [spechunter] [text] Now let me trace the callers of `pmp_hart_has_privs` and related PMP check paths
[05:06:15] [spechunter] [Grep] pattern='pmp_hart_has_privs'
[05:06:15] [spechunter] [Grep] pattern='pmp_priv_to_page_prot|pmp_get_tlb_size'
[05:06:15] [spechunter] [text] Let me read the key source files to get precise line ranges.  
[05:06:15] [spechunter] [Read] /home/yzs/riscv/qemu/target/riscv/pmp.c
[05:06:15] [spechunter] [Read] /home/yzs/riscv/qemu/target/riscv/pmp.c
[05:06:15] [spechunter] [Read] /home/yzs/riscv/qemu/target/riscv/pmp.c
[05:06:15] [spechunter] [Read] /home/yzs/riscv/qemu/target/riscv/csr.c
[05:06:15] [spechunter] [Read] /home/yzs/riscv/qemu/target/riscv/cpu_helper.c
[05:06:15] [spechunter] [Read] /home/yzs/riscv/qemu/target/riscv/pmp.h
[05:06:19] [spechunter] [Grep] pattern='pmpcfg|PMPCFG|CSR_PMPCFG'
[05:06:19] [spechunter] [Grep] pattern='pmpaddr|PMPADDR|CSR_PMPADDR'
[05:06:19] [spechunter] [Grep] pattern='pmpcfg|PMPCFG|CSR_PMPCFG|pmpaddr|PMPADDR|CSR_PMPADDR'
[05:06:19] [spechunter] [Grep] pattern='csr_write.*pmp|csr_read.*pmp|csrw.*pmp|csrr.*pmp'
[05:06:19] [spechunter] [Grep] pattern='csr_write.*pmp|csr_read.*pmp|csrw.*pmp|csrr.*pmp'
[05:06:19] [spechunter] [text] Let me also check the CSR registration area and `pmp_write_cfg` for completeness
[05:06:19] [spechunter] [Read] /home/yzs/riscv/qemu/target/riscv/pmp.c
[05:06:19] [spechunter] [Read] /home/yzs/riscv/qemu/target/riscv/csr.c
[05:06:23] [spechunter] [Read] /home/yzs/riscv/opensbi/lib/sbi/sbi_domain_context.c
[05:06:23] [spechunter] [Read] /home/yzs/riscv/opensbi/lib/sbi/sbi_domain.c
[05:06:23] [spechunter] [Read] /home/yzs/riscv/opensbi/lib/sbi/sbi_ecall.c
[05:06:23] [spechunter] [Read] /home/yzs/riscv/opensbi/lib/sbi/sbi_tlb.c
[05:06:23] [spechunter] [Read] /home/yzs/riscv/opensbi/lib/sbi/sbi_fifo.c
[05:06:23] [spechunter] [Read] /home/yzs/riscv/opensbi/lib/sbi/sbi_string.c
[05:06:23] [spechunter] [Grep] pattern='(?i)pmp'
[05:06:23] [spechunter] [Grep] pattern='CSR_PMPCFG'
[05:06:23] [spechunter] [Grep] pattern='CSR_PMPADDR'
[05:06:23] [spechunter] [Grep] pattern='MPRV'
[05:06:23] [spechunter] [Grep] pattern='pmpcfg\\.L|PMP.*lock|LOCK.*PMP'
[05:06:23] [spechunter] [Grep] pattern='csr_swap|csr_set|csr_clear'
[05:06:24] [spechunter] [Read] /home/yzs/riscv/opensbi/platform/generic/include/andes/andes.h
[05:06:24] [spechunter] [Grep] pattern='REG_S|REG_L|__SIZEOF_POINTER__|sd\\b|ld\\b'
[05:06:24] [spechunter] [Grep] pattern='sd\\b|ld\\b'
[05:06:24] [spechunter] [Glob] include/sbi/sbi_system.h
[05:06:24] [spechunter] [Glob] lib/utils/suspend/*
[05:06:24] [spechunter] [Grep] pattern='struct sbi_trap_context'
[05:06:24] [spechunter] [Grep] pattern='sbi_memcpy'
[05:06:24] [spechunter] [Glob] **/sbi_hart_protection*
[05:06:24] [spechunter] [Grep] pattern='sbi_memset'
[05:06:25] [spechunter] [Grep] pattern='MPRV|mstatus\\.MPRV'
[05:06:25] [spechunter] [Grep] pattern='MPP|mstatus\\.MPP|mstatus_hs\\.MPP'
[05:06:25] [spechunter] [Grep] pattern='ecall|ECALL'
[05:06:25] [spechunter] [Grep] pattern='sbi_ecall|sbi_ecall_handler|sbi_handler|SBI_EXT'
[05:06:25] [spechunter] [Glob] arch/riscv/kernel/head.S
[05:06:25] [spechunter] [Glob] arch/riscv/kvm/**
[05:06:25] [spechunter] [Read] /home/yzs/riscv/opensbi/lib/sbi/sbi_hart_pmp.c
[05:06:25] [spechunter] [Read] /home/yzs/riscv/opensbi/include/sbi/sbi_hart_pmp.h
[05:06:25] [spechunter] [Read] /home/yzs/riscv/opensbi/lib/sbi/sbi_domain.c
[05:06:25] [spechunter] [Read] /home/yzs/riscv/opensbi/lib/sbi/sbi_init.c
[05:06:25] [spechunter] [Read] /home/yzs/riscv/opensbi/include/sbi/sbi_domain.h
[05:06:30] [spechunter] [Read] /home/yzs/riscv/qemu/target/riscv/cpu_helper.c
[05:06:30] [spechunter] [Grep] pattern='get_physical_address_pmp'
[05:06:36] [spechunter] [Read] /home/yzs/riscv/opensbi/include/sbi/sbi_system.h
[05:06:36] [spechunter] [Read] /home/yzs/riscv/opensbi/lib/utils/suspend/fdt_suspend_andes_atcsmu.c
[05:06:36] [spechunter] [Read] /home/yzs/riscv/opensbi/lib/sbi/sbi_hart_pmp.c
[05:06:36] [spechunter] [Grep] pattern='RISCV_PTR|REG_S|REG_L'
[05:06:37] [spechunter] [Grep] pattern='pmpcfg|PMPCFG|pmpaddr|PMPADDR'
[05:06:37] [spechunter] [Read] /home/yzs/riscv/linux/arch/riscv/kernel/head.S
[05:06:41] [spechunter] [Read] /home/yzs/riscv/qemu/target/riscv/pmp.c
[05:06:41] [spechunter] [Grep] pattern='pmp_set|pmp_disable|PMP_SHIFT|CSR_PMPCFG|CSR_PMPADDR|CSR_MSECCFG'
[05:06:41] [spechunter] [Glob] include/sbi/*hart_protection*
[05:06:41] [spechunter] [Glob] lib/sbi/*hart_protection*
[05:06:41] [spechunter] [Grep] pattern='amoswap|amoadd|amoor|amoxor|__smp_load|__smp_store|smp_mb|RISCV_FENCE'
[05:06:41] [spechunter] [Grep] pattern='sbi_domain_context'
[05:06:42] [spechunter] [Grep] pattern='MPRV'
[05:06:42] [spechunter] [Grep] pattern='PMP'
[05:06:42] [spechunter] [Grep] pattern='pmp'
[05:06:42] [spechunter] [Grep] pattern='SR_MPP'
[05:06:47] [spechunter] [Grep] pattern='(?i)pmp|MPRV|mstatus.*MPR'
[05:06:47] [spechunter] [Grep] pattern='(?i)pmp|MPRV|mstatus.*MPR'
[05:06:47] [spechunter] [Glob] arch/riscv/kernel/sbi*.c
[05:06:47] [spechunter] [Glob] arch/riscv/kvm/*.c
[05:06:47] [spechunter] [Grep] pattern='(?i)pmp'
[05:06:47] [spechunter] [Grep] pattern='(?i)HLV|unpriv_trap'
[05:06:48] [spechunter] [Read] /home/yzs/riscv/opensbi/lib/sbi/sbi_ecall_ipi.c
[05:06:48] [spechunter] [Read] /home/yzs/riscv/opensbi/lib/sbi/sbi_ecall_rfence.c
[05:06:48] [spechunter] [Read] /home/yzs/riscv/opensbi/lib/sbi/sbi_ecall_sse.c
[05:06:48] [spechunter] [Read] /home/yzs/riscv/opensbi/lib/sbi/sbi_ecall_dbcn.c
[05:06:48] [spechunter] [Read] /home/yzs/riscv/opensbi/firmware/fw_base.S
[05:06:49] [spechunter] [Read] /home/yzs/riscv/opensbi/include/sbi/sbi_hart_protection.h
[05:06:49] [spechunter] [Read] /home/yzs/riscv/opensbi/lib/sbi/sbi_hart_protection.c
[05:06:49] [spechunter] [Read] /home/yzs/riscv/opensbi/lib/sbi/sbi_domain_context.c
[05:06:49] [spechunter] [Read] /home/yzs/riscv/opensbi/lib/sbi/riscv_asm.c
[05:06:49] [spechunter] [Grep] pattern='pmp_set|pmp_disable|PMP_SHIFT|CSR_MSECCFG|MSECCFG_'
[05:06:50] [spechunter] [Grep] pattern='PMP|pmp'
[05:06:50] [spechunter] [Grep] pattern='PMP|pmp'
[05:06:50] [spechunter] [Grep] pattern='PMP|pmp'
[05:06:54] [spechunter] [Read] /home/yzs/riscv/opensbi/include/sbi/sbi_trap.h
[05:06:54] [spechunter] [Read] /home/yzs/riscv/opensbi/lib/sbi/sbi_hart_protection.c
[05:06:54] [spechunter] [Read] /home/yzs/riscv/opensbi/lib/sbi/sbi_string.c
[05:06:54] [spechunter] [Grep] pattern='dom_ctx|prev_ctx|save|restore|context_switch'
[05:06:55] [spechunter] [text] ```json {   "locations": [     {       "file_path": "lib/sbi/riscv_asm.c",       "function_name": "pmp_set",       "line...
[05:06:58] [spechunter] [Read] /home/yzs/riscv/linux/arch/riscv/kernel/head.S
[05:06:58] [spechunter] [Grep] pattern='PMP|pmp|g_mem|pmpPtr|pmpcfg|pmpaddr|PMPCFG|PMPADDR'
[05:06:58] [spechunter] [Grep] pattern='machine.mode|M-mode|MACHINE_MODE|PRV_M|SR_MPP'
[05:06:58] [spechunter] [Read] /home/yzs/riscv/linux/arch/riscv/kernel/sbi_ecall.c
[05:06:58] [spechunter] [Grep] pattern='do_trap_ecall_m|machine_mode|M-mode|trap_entry|handle_exception'
[05:06:58] [spechunter] [Grep] pattern='PMP_R|PMP_W|PMP_X|PMP_L|PMP_A|PMP_COUNT'
[05:06:58] [spechunter] [Grep] pattern='sbi_platform_pmp_set|sbi_platform_pmp_disable'
[05:06:58] [spechunter] [Grep] pattern='sbi_hart_protection_map_range|sbi_hart_protection_unmap_range'
[05:06:58] [spechunter] [Read] /home/yzs/riscv/opensbi/lib/sbi/riscv_atomic.c
[05:06:58] [spechunter] [Read] /home/yzs/riscv/opensbi/lib/sbi/riscv_locks.c
[05:06:58] [spechunter] [text] Now let me check for any additional relevant references in include/asm-generic and also verify the `mstatus.MPP` definit...
[05:06:58] [spechunter] [Read] /home/yzs/riscv/linux/arch/riscv/include/asm/csr.h
[05:06:58] [spechunter] [Grep] pattern='pmp|PMP'
[05:06:58] [spechunter] [Grep] pattern='pmp|PMP'
[05:07:05] [spechunter] [text] ```json {   "locations": [     {       "file_path": "target/riscv/pmp.c",       "function_name": "pmp_is_locked",       ...
[05:07:10] [spechunter] [Grep] pattern='PMP|pmp'
[05:07:10] [spechunter] [Grep] pattern='PMP|pmp'
[05:07:10] [spechunter] [Grep] pattern='PMP|pmp'
[05:07:11] [spechunter] [Read] /home/yzs/riscv/linux/arch/riscv/kernel/head.S
[05:07:11] [spechunter] [Read] /home/yzs/riscv/linux/arch/riscv/include/asm/csr.h
[05:07:11] [spechunter] [Read] /home/yzs/riscv/linux/arch/riscv/include/asm/csr.h
[05:07:11] [spechunter] [Read] /home/yzs/riscv/linux/arch/riscv/include/asm/csr.h
[05:07:11] [spechunter] [Read] /home/yzs/riscv/linux/arch/riscv/kvm/vcpu_exit.c
[05:07:11] [spechunter] [Read] /home/yzs/riscv/linux/arch/riscv/kvm/vcpu_switch.S
[05:07:11] [spechunter] [Read] /home/yzs/riscv/linux/arch/riscv/kernel/sbi.c
[05:07:12] [spechunter] [Read] /home/yzs/riscv/linux/arch/riscv/kernel/entry.S
[05:07:12] [spechunter] [Read] /home/yzs/riscv/linux/arch/riscv/kernel/traps.c
[05:07:12] [spechunter] [Read] /home/yzs/riscv/linux/arch/riscv/kvm/vcpu_switch.S
[05:07:12] [spechunter] [Read] /home/yzs/riscv/linux/arch/riscv/kvm/vcpu_exit.c
[05:07:12] [spechunter] [Read] /home/yzs/riscv/linux/arch/riscv/kvm/nacl.c
[05:07:13] [spechunter] [text] Now let me look at the migration, KVM, and reset paths for PMP state.  
[05:07:13] [spechunter] [Grep] pattern='pmp_state|pmp_post_load|pmp_vmstate|vmstate_pmp'
[05:07:13] [spechunter] [Grep] pattern='pmp_hart_has_privs|pmp_is_locked|pmp_get_num_rules|pmp.*kvm|kvm.*pmp'
[05:07:13] [spechunter] [Grep] pattern='pmp|PMP'
[05:07:17] [spechunter] [Read] /home/yzs/riscv/opensbi/lib/sbi/sbi_illegal_atomic.c
[05:07:17] [spechunter] [Grep] pattern='pmp_count|pmp_log2gran|pmp_addr_bits|smepmp'
[05:07:17] [spechunter] [Grep] pattern='sbi_hart_pmp_init'
[05:07:17] [spechunter] [Read] /home/yzs/riscv/opensbi/lib/sbi/sbi_hart.c
[05:07:25] [spechunter] [Read] /home/yzs/riscv/opensbi/lib/sbi/sbi_init.c
[05:07:25] [spechunter] [Grep] pattern='sbi_hart_switch_mode'
[05:07:25] [spechunter] [Grep] pattern='warmboot|warm_boot|_start_warm'
[05:07:27] [spechunter] [Read] /home/yzs/riscv/opensbi/include/sbi/sbi_trap.h
[05:07:27] [spechunter] [Grep] pattern='pmp_set|pmp_configure|pmp_addr|pmpcfg'
[05:07:27] [spechunter] [Grep] pattern='smepmp|oldpmp'
[05:07:28] [spechunter] [Read] /home/yzs/riscv/qemu/target/riscv/machine.c
[05:07:28] [spechunter] [Grep] pattern='pmp'
[05:07:32] [spechunter] [Read] /home/yzs/riscv/opensbi/lib/sbi/sbi_mpxy.c
[05:07:32] [spechunter] [Read] /home/yzs/riscv/opensbi/lib/sbi/sbi_sse.c
[05:07:32] [spechunter] [Read] /home/yzs/riscv/opensbi/lib/utils/mailbox/fdt_mailbox_rpmi_shmem.c
[05:07:34] [spechunter] [Grep] pattern='mstatus.*MPR|MPRV|STATUS_MPR|SR_MPR'
[05:07:34] [spechunter] [Grep] pattern='SR_MPP|SR_MPRV|STATUS_MPP|STATUS_MPRV'
[05:07:34] [spechunter] [Grep] pattern='pmp'
[05:07:34] [spechunter] [Grep] pattern='pmp'
[05:07:34] [spechunter] [Grep] pattern='(?i)pmp'
[05:07:34] [spechunter] [Grep] pattern='(?i)pmp|SBI.*memory|firmware.*pmp'
[05:07:34] [spechunter] [Grep] pattern='pmp'
[05:07:34] [spechunter] [text] Now let me look at how the effective privilege mode is determined for PMP checks—particularly for MPRV and page table wa...
[05:07:34] [spechunter] [Grep] pattern='mode.*mprv|mprv.*mode|eff.*priv|privMode|prv.*UInt'
[05:07:34] [spechunter] [Grep] pattern='passThrough|ignore.*pmp'
[05:07:35] [spechunter] [Grep] pattern='CONFIG_RISCV_M_MODE|mret|M-mode|__MACHINE_MODE'
[05:07:35] [spechunter] [Grep] pattern='CONFIG_RISCV_M_MODE|mret|M-mode|machine.mode'
[05:07:35] [spechunter] [Grep] pattern='MTVEC|MEPC|MSTATUS|MCAUSE|MTVAL|MSCRATCH|mideleg|medeleg|MIDELEG|MEDELEG'
[05:07:35] [spechunter] [Grep] pattern='HLV|hlv|HV|hv\\b|CSR_HSTATUS|CSR_HEDELEG'
[05:07:35] [spechunter] [Grep] pattern='sbi_ecall|__sbi_ecall|ecall'
[05:07:39] [spechunter] [Grep] pattern='CSR_PMP|pmpcfg|pmpaddr'
[05:07:39] [spechunter] [Grep] pattern='PMP|pmp'
[05:07:39] [spechunter] [Read] /home/yzs/riscv/linux/arch/riscv/kernel/head.S
[05:07:40] [spechunter] [Read] /home/yzs/riscv/opensbi/lib/sbi/sbi_hart.c
[05:07:40] [spechunter] [Grep] pattern='pmp_set|pmp_disable|sbi_platform_pmp'
[05:07:40] [spechunter] [Read] /home/yzs/riscv/opensbi/include/sbi/riscv_encoding.h
[05:07:40] [spechunter] [Read] /home/yzs/riscv/opensbi/include/sbi/riscv_encoding.h
[05:07:40] [spechunter] [Grep] pattern='is_pmp_entry_mapped|pmp_get'
[05:07:41] [spechunter] [Grep] pattern='pmp'
[05:07:41] [spechunter] [Grep] pattern='pmp|pmpcfg|pmpaddr'
[05:07:42] [spechunter] [Read] /home/yzs/riscv/opensbi/lib/sbi/sbi_ecall_mpxy.c
[05:07:42] [spechunter] [Read] /home/yzs/riscv/opensbi/lib/sbi/sbi_ecall_hsm.c
[05:07:42] [spechunter] [Read] /home/yzs/riscv/opensbi/lib/sbi/sbi_hart_protection.c
[05:07:42] [spechunter] [Read] /home/yzs/riscv/opensbi/lib/utils/fdt/fdt_domain.c
[05:07:42] [spechunter] [Read] /home/yzs/riscv/opensbi/lib/sbi/sbi_ecall_srst.c
[05:07:42] [spechunter] [Read] /home/yzs/riscv/opensbi/lib/sbi/sbi_ecall_susp.c
[05:07:43] [spechunter] [Read] /home/yzs/riscv/opensbi/lib/sbi/sbi_init.c
[05:07:43] [spechunter] [Read] /home/yzs/riscv/opensbi/lib/sbi/sbi_hart.c
[05:07:43] [spechunter] [Grep] pattern='sbi_revert_entry_count|sbi_entry_count|sbi_init_count'
[05:07:44] [spechunter] [Read] /home/yzs/riscv/linux/arch/riscv/kernel/alternative.c
[05:07:44] [spechunter] [Read] /home/yzs/riscv/linux/arch/riscv/kernel/cpu.c
[05:07:44] [spechunter] [Read] /home/yzs/riscv/linux/arch/riscv/kernel/suspend.c
[05:07:44] [spechunter] [Read] /home/yzs/riscv/linux/arch/riscv/kvm/vcpu_sbi.c
[05:07:44] [spechunter] [Grep] pattern='SR_PP|CSR_STATUS.*MPP|mpp_value|prev_mode|PRV_M|PRV_S'
[05:07:45] [spechunter] [Grep] pattern='MPRV'
[05:07:45] [spechunter] [Grep] pattern='PMP_L|PMP_A_|PMP_R\\b|PMP_W\\b|PMP_X\\b'
[05:07:45] [spechunter] [Grep] pattern='(?i)pmp'
[05:07:45] [spechunter] [Glob] arch/riscv/kvm/*.S
[05:07:45] [spechunter] [Glob] arch/riscv/kvm/*.h
[05:07:45] [spechunter] [Grep] pattern='(?i)pmp'
[05:07:48] [spechunter] [Read] /home/yzs/riscv/opensbi/lib/sbi/sbi_hart_pmp.c
[05:07:48] [spechunter] [Read] /home/yzs/riscv/opensbi/include/sbi/sbi_trap.h
[05:07:48] [spechunter] [Grep] pattern='sbi_hart_protection_unconfigure|sbi_hart_protection_configure'
[05:07:53] [spechunter] [Read] /home/yzs/riscv/linux/arch/riscv/kernel/head.S
[05:07:53] [spechunter] [Grep] pattern='\\bPMP\\b|\\bpmp\\b'
[05:07:53] [spechunter] [Grep] pattern='CSR_PMPCFG|CSR_PMPADDR|pmpcfg|pmpaddr'
[05:07:54] [spechunter] [Read] /home/yzs/riscv/opensbi/lib/sbi/sbi_hart.c
[05:07:54] [spechunter] [Grep] pattern='MSECCFG|mseccfg'
[05:07:55] [spechunter] [Read] /home/yzs/riscv/opensbi/semantic_finding_aclic_hsm_suspend.json
[05:07:55] [spechunter] [Read] /home/yzs/riscv/opensbi/mscratch_mepc_mcause_mtval_audit.json
[05:07:55] [spechunter] [Grep] pattern='sd\\b.*sp|REG_S.*sp'
[05:07:57] [spechunter] [Grep] pattern='sbi_ipi_send_many|sbi_ipi_send_smode'
[05:07:57] [spechunter] [Read] /home/yzs/riscv/opensbi/platform/generic/eswin/hfp.c
[05:07:57] [spechunter] [Read] /home/yzs/riscv/opensbi/lib/sbi/sbi_hart.c
[05:07:57] [spechunter] [Read] /home/yzs/riscv/opensbi/lib/sbi/sbi_heap.c
[05:07:58] [spechunter] [Read] /home/yzs/riscv/linux/arch/riscv/include/asm/csr.h
[05:07:58] [spechunter] [Grep] pattern='sbi_ecall'
[05:07:58] [spechunter] [Read] /home/yzs/riscv/linux/arch/riscv/include/asm/csr.h
[05:07:58] [spechunter] [Grep] pattern='(?i)NAPOT|TOR|NA4|pmp.*region|pmp.*cover|pmp.*granularit'
[05:07:58] [spechunter] [Grep] pattern='(?i)pmp'
[05:07:58] [spechunter] [Read] /home/yzs/riscv/linux/arch/riscv/kvm/vcpu_switch.S
[05:08:00] [spechunter] [Read] /home/yzs/riscv/opensbi/lib/sbi/sbi_hart.c
[05:08:00] [spechunter] [Read] /home/yzs/riscv/opensbi/lib/sbi/sbi_hart.c
[05:08:00] [spechunter] [Read] /home/yzs/riscv/opensbi/lib/sbi/sbi_hart.c
[05:08:02] [spechunter] [Read] /home/yzs/riscv/opensbi/lib/sbi/sbi_domain.c
[05:08:02] [spechunter] [Read] /home/yzs/riscv/opensbi/lib/sbi/riscv_asm.c
[05:08:02] [spechunter] [Grep] pattern='memcpy|memmove|memset|sbi_memcpy|sbi_memmove|sbi_memset'
[05:08:02] [spechunter] [Grep] pattern='unsigned long'
[05:08:03] [spechunter] [text] Here is the complete result of the search:  ```json {   "locations": [     {       "file_path": "arch/riscv/include/asm/...
[05:08:05] [spechunter] [text] Let me now check the KVM paths and the hypervisor-specific PMP checks.  
[05:08:05] [spechunter] [Read] /home/yzs/riscv/qemu/target/riscv/csr.c
[05:08:05] [spechunter] [Grep] pattern='pmpcfg|pmpaddr'
[05:08:05] [spechunter] [Grep] pattern='pmp|PMP'
[05:08:07] [spechunter] [Read] /home/yzs/riscv/opensbi/lib/sbi/sbi_ipi.c
[05:08:07] [spechunter] [Read] /home/yzs/riscv/opensbi/lib/sbi/sbi_ecall_pmu.c
[05:08:07] [spechunter] [Read] /home/yzs/riscv/opensbi/lib/sbi/sbi_ecall_legacy.c
[05:08:08] [spechunter] [text] Now let me check how the mode encoding relates to privilege modes and whether there's any Smepmp/Smstateen configuration...
[05:08:08] [spechunter] [Grep] pattern='check_env\\\\.mode\\s*:=|priv\\.dmode|PMPChecker.*mode'
[05:08:09] [spechunter] [Read] /home/yzs/riscv/linux/arch/riscv/kvm/mmu.c
[05:08:09] [spechunter] [Read] /home/yzs/riscv/linux/arch/riscv/kvm/vcpu_insn.c
[05:08:09] [spechunter] [Grep] pattern='unpriv|kvm_riscv_vcpu_unpriv|LOAD_GUEST_PAGE|STORE_GUEST_PAGE|kvm_riscv_mmu|gstage'
[05:08:09] [spechunter] [Read] /home/yzs/riscv/linux/arch/riscv/include/asm/csr.h
[05:08:09] [spechunter] [Grep] pattern='do_trap_ecall_m|handle_exception.*ecall|ecall.*m.mode'
[05:08:09] [spechunter] [Grep] pattern='CSR_PMP'
[05:08:09] [spechunter] [Grep] pattern='CSR_PMP'
[05:08:09] [spechunter] [Grep] pattern='PMP|pmp'
[05:08:15] [spechunter] [Grep] pattern='Mode[USM]|val Mode'
[05:08:18] [spechunter] [Read] /home/yzs/riscv/linux/arch/riscv/kvm/vcpu_switch.S
[05:08:18] [spechunter] [Read] /home/yzs/riscv/linux/tools/arch/riscv/include/asm/csr.h
[05:08:18] [spechunter] [Grep] pattern='(?i)pmp'
[05:08:18] [spechunter] [Grep] pattern='SR_MPRV|STATUS_MPRV|MPRV'
[05:08:18] [spechunter] [Grep] pattern='pmp'
[05:08:18] [spechunter] [Read] /home/yzs/riscv/linux/arch/riscv/kernel/sbi_ecall.c
[05:08:22] [spechunter] [text] Let me check KVM paths and the TCG MMU lookup where PMP validation occurs.  
[05:08:22] [spechunter] [Grep] pattern='pmp|PMP'
[05:08:22] [spechunter] [Read] /home/yzs/riscv/qemu/target/riscv/cpu_helper.c
[05:08:22] [spechunter] [Read] /home/yzs/riscv/qemu/target/riscv/cpu_helper.c
[05:08:23] [spechunter] [Read] /home/yzs/riscv/linux/arch/riscv/kvm/vcpu.c
[05:08:23] [spechunter] [Grep] pattern='HLVX_HU|HLV_D|HLV_W|HLVX|HLV|\\.insn|define.*HLV'
[05:08:23] [spechunter] [Grep] pattern='HSSTATUS_SPV|hstatus_spv|HSTATUS_SPV|HSTATUS_SPVP|hstatus.*SPV'
[05:08:23] [spechunter] [Grep] pattern='sbi_probe|sbi_init|sbi_get_mvendorid|sbi_get_marchid|sbi_get_mimpid|sbi_set_timer'
[05:08:23] [spechunter] [Read] /home/yzs/riscv/linux/arch/riscv/kvm/vcpu_sbi_v01.c
[05:08:25] [spechunter] [Grep] pattern='sbi_hsm_hart_start\\b'
[05:08:25] [spechunter] [Grep] pattern='sbi_trap_redirect|sbi_load_ulong'
[05:08:25] [spechunter] [Read] /home/yzs/riscv/opensbi/lib/sbi/sbi_ecall_vendor.c
[05:08:25] [spechunter] [Read] /home/yzs/riscv/opensbi/lib/sbi/sbi_ecall_fwft.c
[05:08:25] [spechunter] [Read] /home/yzs/riscv/opensbi/lib/utils/mailbox/fdt_mailbox_rpmi_shmem.c
[05:08:25] [spechunter] [Read] /home/yzs/riscv/opensbi/lib/utils/mailbox/mailbox.c
[05:08:35] [spechunter] [Read] /home/yzs/riscv/linux/arch/riscv/include/asm/insn-def.h
[05:08:35] [spechunter] [Grep] pattern='misaligned.*handler|handle_misaligned'
[05:08:40] [spechunter] [Read] /home/yzs/riscv/linux/arch/riscv/kernel/traps_misaligned.c
[05:08:40] [spechunter] [Read] /home/yzs/riscv/linux/arch/riscv/kernel/cpu_ops_sbi.c
[05:08:40] [spechunter] [Read] /home/yzs/riscv/linux/arch/riscv/kernel/paravirt.c
[05:08:40] [spechunter] [Grep] pattern='3a[0-9a-f]|3b[0-9a-f]'
[05:08:40] [spechunter] [Grep] pattern='pmp|PMP'
[05:08:40] [spechunter] [Grep] pattern='pmp|PMP'
[05:08:41] [spechunter] [Read] /home/yzs/riscv/opensbi/lib/sbi/sbi_domain.c
[05:08:41] [spechunter] [Read] /home/yzs/riscv/opensbi/lib/sbi/sbi_trap_ldst.c
[05:08:41] [spechunter] [Grep] pattern='SR_M|STATUS_M|mstatus'
[05:08:41] [spechunter] [Read] /home/yzs/riscv/linux/arch/riscv/include/asm/kvm_nacl.h
[05:08:41] [spechunter] [Grep] pattern='pmp'
[05:08:41] [spechunter] [Grep] pattern='pmp.*physical.*memory.*protection|physical.*memory.*protection.*pmp'
[05:08:41] [spechunter] [Glob] Documentation/arch/riscv/**/*.rst
[05:08:41] [spechunter] [Read] /home/yzs/riscv/linux/arch/riscv/include/asm/csr.h
[05:08:44] [spechunter] [Grep] pattern='sbi_hsm_hart_start'
[05:08:44] [spechunter] [Read] /home/yzs/riscv/opensbi/lib/sbi/sbi_hsm.c
[05:08:44] [spechunter] [Read] /home/yzs/riscv/opensbi/lib/sbi/sbi_trap_ldst.c
[05:08:44] [spechunter] [Read] /home/yzs/riscv/opensbi/lib/sbi/sbi_double_trap.c
[05:08:44] [spechunter] [Read] /home/yzs/riscv/opensbi/lib/sbi/sbi_illegal_insn.c
[05:08:44] [spechunter] [Read] /home/yzs/riscv/opensbi/lib/sbi/sbi_illegal_atomic.c
[05:08:54] [spechunter] [Read] /home/yzs/riscv/linux/Documentation/arch/riscv/boot.rst
[05:08:54] [spechunter] [Grep] pattern='SR_MPRV|_MPRV'
[05:08:54] [spechunter] [Grep] pattern='0x(00000020|00020000)'
[05:08:54] [spechunter] [Read] /home/yzs/riscv/linux/arch/riscv/include/asm/csr.h
[05:08:54] [spechunter] [Grep] pattern='CSR_TVEC.*CSR_PMP|PMP.*before.*stvec|stvec.*after.*PMP'
[05:08:54] [spechunter] [Grep] pattern='MIS_DELEG|csr_set|csr_clear'
[05:08:59] [spechunter] [Grep] pattern='CSR_PMPCFG|CSR_PMPADDR|csr_write.*3a0|csr_write.*3b0'
[05:08:59] [spechunter] [Grep] pattern='PMP_A_|PMP_R|PMP_W|PMP_X|PMP_L'
[05:09:00] [spechunter] [text] Now let me also verify whether the `aligned` check and the "any byte" vs "all bytes" distinction are handled.  
[05:09:00] [spechunter] [Read] /home/yzs/riscv/XiangShan/src/main/scala/xiangshan/backend/fu/PMP.scala
[05:09:42] [spechunter] [Grep] pattern='sbi_memcpy|sbi_memmove|sbi_memset'
[05:09:42] [spechunter] [Read] /home/yzs/riscv/opensbi/lib/sbi/sbi_domain.c
[05:09:42] [spechunter] [Grep] pattern='sbi_hart_protection_map_range|sbi_hart_protection_unmap_range'
[05:09:43] [spechunter] [text] Now let me check the TCG instruction translation for operations that may check PMP, and also the reset initialization
[05:09:43] [spechunter] [Grep] pattern='pmp_hart_has_privs'
[05:09:43] [spechunter] [Grep] pattern='TRANSLATE_PMP_FAIL|pmp_violation'
[05:09:43] [spechunter] [Grep] pattern='pmp_unlock_entries|pmp.*reset|reset.*pmp'
[05:09:59] [spechunter] [Read] /home/yzs/riscv/qemu/target/riscv/cpu.c
[05:09:59] [spechunter] [Glob] target/riscv/kvm/*.c
[05:10:15] [spechunter] [Grep] pattern='get_physical_address_pmp'
[05:10:28] [spechunter] [text] ```json {   "violation_condition": "In XiangShan's pmp_match_res (PMP.scala:414-457), the is_match per-entry test (via t...
[05:10:40] [spechunter] [Grep] pattern='sizeof.*trap_ctx|sizeof.*struct sbi_trap_context|TOTAL_SIZE'
[05:10:40] [spechunter] [Grep] pattern='volatile|__attribute__|noinline'
[05:10:40] [spechunter] [Grep] pattern='volatile|__attribute__|noinline'
[05:10:40] [spechunter] [Read] /home/yzs/riscv/opensbi/lib/sbi/sbi_domain.c
[05:10:56] [spechunter] [text] Now let me dig deeper into the specific SBI call sites that pass kernel memory addresses to M-mode firmware, and look at...
[05:10:56] [spechunter] [Grep] pattern='sbi_ecall.*__pa|sbi_ecall.*virt_to|sbi_ecall.*phys|sbi_ecall.*shmem|sbi_set_shmem|SBI_EXT_DBCN|SBI_EXT_STA|SBI_EXT_NACL'
[05:10:56] [spechunter] [Grep] pattern='sbi_ecall\\(|__sbi_ecall\\('
[05:10:56] [spechunter] [Read] /home/yzs/riscv/linux/arch/riscv/kernel/head.S
[05:10:57] [spechunter] [Agent] description, prompt
[05:10:57] [spechunter] [Agent] description, prompt
[05:11:11] [spechunter] [Read] /home/yzs/riscv/opensbi/lib/sbi/sbi_domain_context.c
[05:11:11] [spechunter] [Grep] pattern='trap_ctx|trap_context'
[05:11:11] [spechunter] [Grep] pattern='trap_context|trap_ctx'
[05:11:12] [spechunter] [text] Now let me check if there are any additional PMP-related paths I haven't yet examined — particularly in the hypervisor e...
[05:11:12] [spechunter] [Grep] pattern='pmp|hgatp|guest_phys'
[05:11:12] [spechunter] [Grep] pattern='pgmp|PGMP'
[05:11:13] [spechunter] [Grep] pattern='PMPChecker'
[05:11:13] [spechunter] [Grep] pattern='is_match'
[05:11:13] [spechunter] [Grep] pattern='torMatch'
[05:11:13] [spechunter] [Grep] pattern='napotMatch'
[05:11:13] [spechunter] [Grep] pattern='pmp_match_res'
[05:11:13] [spechunter] [Grep] pattern='PMPEntry'
[05:11:13] [spechunter] [Grep] pattern='passThrough'
[05:11:13] [spechunter] [Grep] pattern='PMPCheckIO'
[05:11:18] [spechunter] [Read] /home/yzs/riscv/linux/arch/riscv/kernel/sbi.c
[05:11:18] [spechunter] [Read] /home/yzs/riscv/linux/arch/riscv/kernel/sbi_ecall.c
[05:11:18] [spechunter] [Read] /home/yzs/riscv/linux/arch/riscv/kernel/paravirt.c
[05:11:18] [spechunter] [Read] /home/yzs/riscv/linux/arch/riscv/kvm/nacl.c
[05:11:20] [spechunter] [Grep] pattern='PMP'
[05:11:20] [spechunter] [Grep] pattern='passThrough'
[05:11:20] [spechunter] [Grep] pattern='PMPCheckIO'
[05:11:20] [spechunter] [Grep] pattern='ignore.*[Pp][Mm][Pp]|[Pp][Mm][Pp].*ignore'
[05:11:20] [spechunter] [Grep] pattern='PMP.*aligned|aligned.*PMP'
[05:11:20] [spechunter] [Grep] pattern='PMP.*TLB|TLB.*PMP|PMP.*PTW|PTW.*PMP|PMP.*page.*walk|page.*walk.*PMP'
[05:11:22] [spechunter] [Glob] **/*.scala
[05:11:22] [spechunter] [Grep] pattern='PMP'
[05:11:22] [spechunter] [Grep] pattern='pmp_match_res|torMatch|napotMatch|is_match|boundMatch|lowerBoundMatch'
[05:11:29] [spechunter] [text] Let me also look at the SBI v0.1 paths that pass kernel pointers to M-mode.  
[05:11:29] [spechunter] [Read] /home/yzs/riscv/linux/arch/riscv/kernel/sbi.c
[05:11:29] [spechunter] [Read] /home/yzs/riscv/linux/arch/riscv/kernel/paravirt.c
[05:11:29] [spechunter] [Grep] pattern='__pa\\(|virt_to_phys|page_to_phys|lower_32_bits|upper_32_bits'
[05:11:32] [spechunter] [Read] /home/yzs/riscv/XiangShan/src/main/scala/xiangshan/backend/fu/PMP.scala
[05:11:32] [spechunter] [Read] /home/yzs/riscv/XiangShan/src/main/scala/xiangshan/backend/fu/PMP.scala
[05:11:32] [spechunter] [Read] /home/yzs/riscv/XiangShan/src/main/scala/xiangshan/backend/fu/PMP.scala
[05:11:32] [spechunter] [Read] /home/yzs/riscv/XiangShan/src/main/scala/xiangshan/backend/fu/PMP.scala
[05:11:51] [spechunter] [Read] /home/yzs/riscv/XiangShan/src/main/scala/xiangshan/backend/fu/NewCSR/PMPEntryModule.scala
[05:11:51] [spechunter] [Read] /home/yzs/riscv/XiangShan/src/main/scala/xiangshan/backend/fu/PMP.scala
[05:11:51] [spechunter] [Read] /home/yzs/riscv/XiangShan/src/main/scala/xiangshan/backend/fu/PMA.scala
[05:11:57] [spechunter] [Grep] pattern='PMP'
[05:11:57] [spechunter] [Grep] pattern='PMP'
[05:11:57] [spechunter] [Grep] pattern='PMP'
[05:11:57] [spechunter] [Grep] pattern='PMP'
[05:11:57] [spechunter] [Grep] pattern='passThrough|PMPCheckIO|aligned|ignore'
[05:11:57] [spechunter] [Grep] pattern='PMP'
[05:11:57] [spechunter] [Grep] pattern='PMP'
[05:11:57] [spechunter] [Grep] pattern='PMP'
[05:11:57] [spechunter] [text] Now let me also check the remaining references in frontend and prefetch files.  
[05:11:57] [spechunter] [Read] /home/yzs/riscv/XiangShan/src/main/scala/xiangshan/frontend/Frontend.scala
[05:11:57] [spechunter] [Read] /home/yzs/riscv/XiangShan/src/main/scala/xiangshan/mem/MemBlock.scala
[05:11:57] [spechunter] [Read] /home/yzs/riscv/XiangShan/src/main/scala/xiangshan/cache/mmu/L2TLB.scala
[05:11:57] [spechunter] [Read] /home/yzs/riscv/XiangShan/src/main/scala/xiangshan/backend/fu/PMP.scala
[05:11:57] [spechunter] [Read] /home/yzs/riscv/XiangShan/src/main/scala/xiangshan/backend/fu/NewCSR/PMPEntryModule.scala
[05:11:57] [spechunter] [Read] /home/yzs/riscv/XiangShan/src/main/scala/xiangshan/backend/fu/NewCSR/CSRPMP.scala
[05:11:57] [spechunter] [Read] /home/yzs/riscv/XiangShan/src/main/scala/xiangshan/PMParameters.scala
[05:11:57] [spechunter] [Read] /home/yzs/riscv/XiangShan/rocket-chip/src/main/scala/rocket/PMP.scala
[05:11:57] [spechunter] [Read] /home/yzs/riscv/XiangShan/src/main/scala/xiangshan/backend/fu/PMA.scala
[05:11:57] [spechunter] [Read] /home/yzs/riscv/XiangShan/src/main/scala/xiangshan/backend/fu/NewCSR/CSRPMA.scala
[05:12:07] [spechunter] [Grep] pattern='PMPEntry|PMPChecker|PMPCheckerv'
[05:12:07] [spechunter] [Read] /home/yzs/riscv/XiangShan/src/main/scala/xiangshan/backend/fu/NewCSR/PMAEntryModule.scala
[05:12:07] [spechunter] [Grep] pattern='PMP'
[05:12:07] [spechunter] [Grep] pattern='import.*PMP|import.*PMA|from.*PMP|from.*PMA'
[05:12:15] [spechunter] [text] Now I have a thorough picture. Let me consolidate and write the final report
[05:12:15] [spechunter] [Read] /home/yzs/riscv/linux/arch/riscv/kernel/head.S
[05:12:15] [spechunter] [Read] /home/yzs/riscv/linux/arch/riscv/kvm/vcpu_exit.c
[05:12:15] [spechunter] [Read] /home/yzs/riscv/linux/arch/riscv/kvm/vcpu_switch.S
[05:12:25] [spechunter] [Grep] pattern='sbi_zalloc|sbi_malloc|sbi_calloc'
[05:12:25] [spechunter] [Grep] pattern='heap.*start|heap.*base|FW_HEAP|sbi_heap_init|HEAP_SIZE'
[05:12:25] [spechunter] [Grep] pattern='HEAP_BASE|FW_HEAP|heap_base|heap_start|fw_heap'
[05:12:27] [spechunter] [Grep] pattern='PMP|pmp'
[05:12:27] [spechunter] [Grep] pattern='PMP|pmp'
[05:12:27] [spechunter] [Grep] pattern='PMP|pmp'
[05:12:27] [spechunter] [Grep] pattern='PMP|pmp'
[05:12:27] [spechunter] [Grep] pattern='PMP|pmp'
[05:12:27] [spechunter] [Grep] pattern='PMP|pmp'
[05:12:27] [spechunter] [Grep] pattern='PMP|pmp'
[05:12:32] [spechunter] [Grep] pattern='PMPChecker|PMPCheckerv2|PMPEntry|pmp_match_res|PMPCheck'
[05:12:32] [spechunter] [Grep] pattern='PMPChecker|PMPCheckerv2|PMPEntry|pmp_match_res|PMPCheck'
[05:12:32] [spechunter] [Grep] pattern='class PMPChecker|class PMPCheckerv2|new PMPChecker|new PMPCheckerv2|Module\\(new PMPChecker'
[05:12:36] [spechunter] [text] ```json {   "locations": [     {       "file_path": "src/main/scala/xiangshan/backend/fu/PMP.scala",       "function_nam...
[05:12:48] [spechunter] [text] Now I have a thorough understanding of the PMP code paths. Let me verify one more related area — checking if there are a...
[05:12:48] [spechunter] [Grep] pattern='pmp_hart_has_privs|get_physical_address_pmp|TRANSLATE_PMP_FAIL'
[05:12:48] [spechunter] [Grep] pattern='pmp_is_in_range|pmp_update_rule_addr|pmp_is_locked'
[05:13:00] [spechunter] [Read] /home/yzs/riscv/opensbi/lib/sbi/sbi_sse.c
[05:13:00] [spechunter] [Read] /home/yzs/riscv/opensbi/lib/sbi/sbi_dbtr.c
[05:13:00] [spechunter] [Grep] pattern='sbi_hart_switch_mode'
[05:13:11] [spechunter] [Read] /home/yzs/riscv/XiangShan/src/main/scala/xiangshan/backend/fu/PMP.scala
[05:13:11] [spechunter] [Grep] pattern='PMP|pmp'
[05:13:11] [spechunter] [Grep] pattern='PMP|pmp'
[05:13:11] [spechunter] [Grep] pattern='PMP|pmp'
[05:13:11] [spechunter] [Grep] pattern='PMP|pmp'
[05:13:11] [spechunter] [Grep] pattern='PMP|pmp'
[05:13:17] [spechunter] [text] Let me also check if there's any PMP code in drivers related to SBI firmware, and look at the secondary CPU boot path
[05:13:17] [spechunter] [Grep] pattern='pmp|PMP'
[05:13:17] [spechunter] [Read] /home/yzs/riscv/linux/arch/riscv/kernel/head.S
[05:13:21] [spechunter] [Read] /home/yzs/riscv/linux/arch/riscv/kernel/head.S
[05:13:36] [spechunter] [Grep] pattern='PMP|pmp'
[05:13:36] [spechunter] [Grep] pattern='PMP|pmp'
[05:13:36] [spechunter] [Grep] pattern='PMP|pmp'
[05:13:36] [spechunter] [Grep] pattern='PMP|pmp'
[05:13:36] [spechunter] [Grep] pattern='PMP|pmp'
[05:13:36] [spechunter] [Grep] pattern='PMP|pmp'
[05:13:36] [spechunter] [Grep] pattern='PMP|pmp'
[05:13:43] [spechunter] [text] Let me check the recent git history for pmp.c and related files to understand what's changed.  
[05:13:43] [spechunter] [Bash] Recent commits touching PMP-related files
[05:13:48] [spechunter] [Grep] pattern='PMP|pmp'
[05:13:48] [spechunter] [Grep] pattern='ipmpPortNum'
[05:13:48] [spechunter] [Grep] pattern='ExceptionType.*fromPmpResp'
[05:14:20] [spechunter] [text] Now I have a complete picture. Here is my analysis and report.  ---  ## Analysis Summary  ### What the kernel does  The ...
[05:15:05] [spechunter] [text] Let me read the key files to verify the findings before compiling the report
[05:15:05] [spechunter] [Read] /home/yzs/riscv/opensbi/lib/sbi/sbi_domain_context.c
[05:15:05] [spechunter] [Read] /home/yzs/riscv/opensbi/lib/sbi/sbi_hart_pmp.c
[05:15:05] [spechunter] [Read] /home/yzs/riscv/opensbi/lib/sbi/riscv_asm.c
[05:15:07] [spechunter] [text] Let me verify the key locations to ensure what's reported actually matches
[05:15:07] [spechunter] [Read] /home/yzs/riscv/linux/arch/riscv/include/asm/csr.h
[05:15:07] [spechunter] [Read] /home/yzs/riscv/linux/arch/riscv/include/asm/csr.h
[05:15:07] [spechunter] [Read] /home/yzs/riscv/linux/arch/riscv/kernel/head.S
[05:15:07] [spechunter] [Read] /home/yzs/riscv/linux/arch/riscv/kernel/entry.S
[05:15:22] [spechunter] [Read] /home/yzs/riscv/opensbi/lib/sbi/sbi_hsm.c
[05:15:22] [spechunter] [Read] /home/yzs/riscv/opensbi/lib/sbi/sbi_hart.c
[05:15:22] [spechunter] [Read] /home/yzs/riscv/opensbi/lib/sbi/sbi_illegal_atomic.c
[05:15:28] [spechunter] [Read] /home/yzs/riscv/opensbi/lib/sbi/sbi_ecall_legacy.c
[05:15:28] [spechunter] [Read] /home/yzs/riscv/opensbi/lib/sbi/sbi_domain.c
[05:15:28] [spechunter] [Read] /home/yzs/riscv/opensbi/lib/sbi/sbi_domain.c
[05:15:32] [spechunter] [text] Now I have a thorough understanding of the entire PMP code flow. Let me read a few final pieces to ensure completeness. ...
[05:15:32] [spechunter] [Read] /home/yzs/riscv/qemu/target/riscv/cpu_helper.c
[05:15:32] [spechunter] [Read] /home/yzs/riscv/qemu/target/riscv/cpu_helper.c
[05:15:47] [spechunter] [text] Let me also verify the SR_PP alias and CSR number locations
[05:15:47] [spechunter] [Read] /home/yzs/riscv/linux/arch/riscv/include/asm/csr.h
[05:15:47] [spechunter] [Read] /home/yzs/riscv/linux/arch/riscv/include/asm/csr.h
[05:16:01] [spechunter] [text] Now let me read the core PMP logic in detail.  
[05:16:01] [spechunter] [Read] /home/yzs/riscv/XiangShan/src/main/scala/xiangshan/backend/fu/PMP.scala
[05:16:01] [spechunter] [Read] /home/yzs/riscv/XiangShan/rocket-chip/src/main/scala/rocket/PMP.scala
[05:16:23] [spechunter] [text] Now let me check the trap context size and how firmware regions are organized.  
[05:16:23] [spechunter] [Read] /home/yzs/riscv/opensbi/include/sbi/sbi_trap.h
[05:16:23] [spechunter] [Read] /home/yzs/riscv/opensbi/lib/sbi/sbi_domain.c
[05:16:41] [spechunter] [Grep] pattern='fw_size'
[05:16:41] [spechunter] [Grep] pattern='fw_size'
[05:16:55] [spechunter] [text] Now I have all verified data. Let me produce the final cross-validated location set.  ```json {   "locations": [     {  ...
[05:17:28] [spechunter] [text] I notice the code locations are all empty (`:0-0`). Based on the PR context ("Update PMP rule note in machine.adoc") and...
[05:17:28] [spechunter] [Read] /home/yzs/.claude/projects/-home-yzs-riscv-linux/memory/pmpep_audit_2026-05-07.md
[05:17:28] [spechunter] [Agent] description, prompt
[05:17:28] [spechunter] [Agent] description, prompt
[05:17:40] [spechunter] [text] Now I have a thorough understanding of the entire PMP code flow. Let me compose the analysis.  ```json {   "target": "qe...
[05:17:51] [spechunter] [Bash] List top-level contents of spec_ref
[05:17:51] [spechunter] [Glob] **/*machine*.adoc
[05:17:51] [spechunter] [Grep] pattern='(?i)(pmp|pmpcfg|pmpaddr|physical memory protection)'
[05:17:57] [spechunter] [Bash] Check iommu changes unrelated to PMP review
[05:18:05] [spechunter] [Grep] pattern='PMP'
[05:18:05] [spechunter] [Grep] pattern='pmpcfg|PMPCFG|CSR_PMP'
[05:18:05] [spechunter] [Grep] pattern='pmpaddr|PMPADDR'
[05:18:05] [spechunter] [Glob] arch/riscv/**/head.S
[05:18:05] [spechunter] [Grep] pattern='sbi|SBI'
[05:18:10] [spechunter] [text] Now let me check the PMP parameters and PlatformGrain value.  
[05:18:10] [spechunter] [Read] /home/yzs/riscv/XiangShan/src/main/scala/xiangshan/PMParameters.scala
[05:18:10] [spechunter] [Grep] pattern='PlatformGrain'
[05:18:22] [spechunter] [Grep] pattern='(?i)(L=0|unlock|bypass|byte.?coverage|all bytes|M-mode.*access|pmpcfg.*L|rule.*pmp|pmp.*rule)'
[05:18:22] [spechunter] [Grep] pattern='(?i)(L=0|unlock|bypass|byte.?coverage|all bytes|M-mode.*access|pmpcfg.*L|rule.*pmp|pmp.*rule)'
[05:18:22] [spechunter] [Read] /home/yzs/riscv/rv-isa-sec/spec_ref/riscv-isa-manual/src/priv/zpm.adoc
[05:18:22] [spechunter] [Read] /home/yzs/riscv/rv-isa-sec/spec_ref/riscv-isa-manual/src/priv/smepmp.adoc
[05:18:22] [spechunter] [Bash] Get line count of machine.adoc
[05:18:31] [spechunter] [Read] /home/yzs/riscv/linux/arch/riscv/kernel/head.S
[05:18:31] [spechunter] [Read] /home/yzs/riscv/linux/arch/riscv/include/asm/csr.h
[05:18:31] [spechunter] [Read] /home/yzs/riscv/linux/arch/riscv/include/asm/csr.h
[05:18:31] [spechunter] [Read] /home/yzs/riscv/linux/arch/riscv/kernel/head.S
[05:18:31] [spechunter] [Grep] pattern='pmp|PMP'
[05:18:31] [spechunter] [Read] /home/yzs/riscv/linux/arch/riscv/include/asm/sbi.h
[05:18:35] [spechunter] [text] Let me verify the key locations against the actual code to cross-validate the fast-path descriptions.  
[05:18:35] [spechunter] [Read] /home/yzs/riscv/qemu/target/riscv/pmp.c
[05:18:35] [spechunter] [Read] /home/yzs/riscv/qemu/target/riscv/pmp.c
[05:18:35] [spechunter] [Read] /home/yzs/riscv/qemu/target/riscv/pmp.c
[05:18:35] [spechunter] [Read] /home/yzs/riscv/qemu/target/riscv/cpu_helper.c
[05:18:49] [spechunter] [Grep] pattern='(?i)(PMP|pmpcfg|pmpaddr|physical memory protection)'
[05:18:49] [spechunter] [Grep] pattern='(?i)(all bytes|every byte|entire access|single PMP entry|cross.*boundary|byte.*coverage|overlap)'
[05:18:49] [spechunter] [Grep] pattern='(?i)(L.*bit.*clear|unlock|bypass|ignored.*M-mode|M-mode.*ignored|access.*succeed)'
[05:18:58] [spechunter] [Read] /home/yzs/riscv/rv-isa-sec/spec_ref/riscv-isa-manual/src/priv/machine.adoc
[05:18:58] [spechunter] [Read] /home/yzs/riscv/rv-isa-sec/spec_ref/riscv-isa-manual/src/priv/machine.adoc
[05:18:58] [spechunter] [Grep] pattern='(?i)(all bytes|every byte|entire|single PMP|pmp.*entry.*match|matching.*PMP.*entry.*all|byte.*cov|misaligned)'
[05:19:05] [spechunter] [Read] /home/yzs/riscv/XiangShan/src/main/scala/xiangshan/backend/fu/PMP.scala
[05:19:05] [spechunter] [Read] /home/yzs/riscv/XiangShan/src/main/scala/xiangshan/backend/fu/PMP.scala
[05:19:11] [spechunter] [TodoWrite] 5 items
[05:19:11] [spechunter] [Grep] pattern='pmp|PMP'
[05:19:11] [spechunter] [Grep] pattern='CSR_|csr|pmp|PMP'
[05:19:11] [spechunter] [Read] /home/yzs/riscv/linux/arch/riscv/kernel/sbi.c
[05:19:11] [spechunter] [Read] /home/yzs/riscv/linux/arch/riscv/kernel/suspend.c
[05:19:11] [spechunter] [Glob] arch/riscv/kvm/vcpu_sbi*.c
[05:19:16] [spechunter] [Read] /home/yzs/riscv/rv-isa-sec/spec_ref/riscv-cheri/src/machine.adoc
[05:19:16] [spechunter] [Read] /home/yzs/riscv/rv-isa-sec/spec_ref/riscv-isa-manual/normative_rule_defs/machine.yaml
[05:19:16] [spechunter] [Read] /home/yzs/riscv/rv-isa-sec/spec_ref/riscv-isa-manual/src/priv/machine.adoc
[05:19:18] [spechunter] [text] Now let me also check how PMP is invoked from TLB and load/store paths, and verify the PMPConst settings
[05:19:18] [spechunter] [Read] /home/yzs/riscv/XiangShan/src/main/scala/xiangshan/cache/mmu/TLB.scala
[05:19:18] [spechunter] [Grep] pattern='lgMaxSize'
[05:19:18] [spechunter] [Grep] pattern='lgMaxSize'
[05:19:19] [spechunter] [Grep] pattern='CSR_PMP|pmpcfg|pmpaddr|PMPCFG|PMPADDR'
[05:19:19] [spechunter] [Read] /home/yzs/riscv/linux/arch/riscv/kvm/vcpu_switch.S
[05:19:19] [spechunter] [Read] /home/yzs/riscv/linux/arch/riscv/kernel/cpu_ops_sbi.c
[05:19:19] [spechunter] [Read] /home/yzs/riscv/linux/arch/riscv/kernel/cpu_ops.c
[05:19:26] [spechunter] [Grep] pattern='#[a-z_]*pmp|norm:pmp'
[05:19:26] [spechunter] [Grep] pattern='#[a-z_]*pmp|norm:pmp'
[05:19:35] [spechunter] [Read] /home/yzs/riscv/linux/arch/riscv/kvm/nacl.c
[05:19:35] [spechunter] [Grep] pattern='pmp|PMP'
[05:19:35] [spechunter] [Grep] pattern='pmp|PMP'
[05:19:35] [spechunter] [Grep] pattern='CSR_PMP|pmpcfg|pmpaddr|PMPCFG|PMPADDR'
[05:19:37] [spechunter] [text] Now let me verify the remaining key locations.  
[05:19:37] [spechunter] [Read] /home/yzs/riscv/qemu/target/riscv/pmp.c
[05:19:37] [spechunter] [Read] /home/yzs/riscv/qemu/target/riscv/pmp.c
[05:19:37] [spechunter] [text] Now I have a thorough understanding of the implementation. Let me verify the critical parameter comparison to confirm th...
[05:19:37] [spechunter] [Grep] pattern='PMPChecker\\('
[05:19:37] [spechunter] [Grep] pattern='PMPChecker\\('
[05:19:42] [spechunter] [Read] /home/yzs/riscv/linux/arch/riscv/include/asm/kvm_nacl.h
[05:19:42] [spechunter] [Grep] pattern='pmp|PMP'
[05:19:42] [spechunter] [Grep] pattern='pmp|PMP'
[05:19:54] [spechunter] [Read] /home/yzs/riscv/linux/tools/arch/riscv/include/asm/csr.h
[05:19:54] [spechunter] [Grep] pattern='RISCV_M_MODE|M_MODE'
[05:19:54] [spechunter] [Grep] pattern='CSR_TVEC|tvec'
[05:19:54] [spechunter] [Read] /home/yzs/riscv/linux/arch/riscv/kernel/sbi_ecall.c
[05:19:54] [spechunter] [Read] /home/yzs/riscv/linux/arch/riscv/kernel/traps_misaligned.c
[05:20:34] [spechunter] [text] Now let me verify the remaining locations briefly.  
[05:20:34] [spechunter] [Read] /home/yzs/riscv/qemu/target/riscv/pmp.c
[05:20:34] [spechunter] [Read] /home/yzs/riscv/qemu/target/riscv/pmp.c
[05:20:34] [spechunter] [Read] /home/yzs/riscv/qemu/target/riscv/pmp.h
[05:20:39] [spechunter] [Read] /home/yzs/riscv/linux/arch/riscv/include/asm/csr.h
[05:20:39] [spechunter] [Grep] pattern='pmp|PMP'
[05:20:39] [spechunter] [Read] /home/yzs/riscv/linux/arch/riscv/kvm/vcpu_onereg.c
[05:20:39] [spechunter] [Grep] pattern='KVM_REG_RISCV_CSR.*PMP|KVM_REG_RISCV.*pmp'
[05:20:39] [spechunter] [Read] /home/yzs/riscv/linux/arch/riscv/include/asm/hwcap.h
[05:20:39] [spechunter] [Grep] pattern='CSR_MTVEC|CSR_STVEC|CSR_MEDELEG|CSR_MIDELEG'
[05:20:45] [spechunter] [text] Now I have all the information to construct the report. Let me compile the findings into the output JSON.  
[05:20:45] [spechunter] [Bash] Output the PMP vulnerability findings as JSON
[05:20:48] [spechunter] [Grep] pattern='PMP|pmpcfg|pmpaddr'
[05:20:48] [spechunter] [Grep] pattern='pmp|PMP'
[05:20:48] [spechunter] [Read] /home/yzs/riscv/linux/arch/riscv/kvm/vcpu_onereg.c
[05:20:52] [spechunter] [text] The semantic analysis confirms the vulnerability in XiangShan's PMP checker. Here's the core finding:  **Root cause**: `...
[05:20:56] [spechunter] [Grep] pattern='pmp|PMP|pmpcfg|pmpaddr'
[05:20:56] [spechunter] [Read] /home/yzs/riscv/linux/arch/riscv/kernel/entry.S
[05:20:56] [spechunter] [Grep] pattern='pmp|PMP'
[05:20:56] [spechunter] [Grep] pattern='pmp|PMP'
[05:21:05] [spechunter] [Grep] pattern='csr_write|csr_read|csr_swap|csr_set|csr_clear|ncsr_|nacl_csr'
[05:21:05] [spechunter] [Read] /home/yzs/riscv/linux/arch/riscv/Kconfig
[05:21:05] [spechunter] [Grep] pattern='CSR_SEPC|CSR_SCAUSE|CSR_STVAL|CSR_HTVAL|CSR_HTINST|CSR_SSTATUS|CSR_STVEC|CSR_SSCRATCH'
[05:21:11] [spechunter] [text] Let me cross-validate the key locations against the actual RTL, focusing on relevance to the PR's spec clarification abo...
[05:21:11] [spechunter] [Read] /home/yzs/riscv/XiangShan/src/main/scala/xiangshan/backend/fu/PMP.scala
[05:21:11] [spechunter] [Read] /home/yzs/riscv/XiangShan/src/main/scala/xiangshan/backend/fu/PMP.scala
[05:21:12] [spechunter] [Grep] pattern='__kvm_riscv_nacl_switch_to|ncrh_|nacl_csr|nacl_sync'
[05:21:12] [spechunter] [Grep] pattern='KVM_REG_RISCV_CSR'
[05:21:18] [spechunter] [Read] /home/yzs/riscv/qemu/target/riscv/pmp.c
[05:21:18] [spechunter] [text] Now I have all the information needed. Let me compile the JSON report.  
[05:21:18] [spechunter] [Write] /home/yzs/riscv/opensbi/semantic_finding_smepmp_boundary_straddle.json
[05:21:19] [spechunter] [Read] /home/yzs/riscv/linux/arch/riscv/kvm/vcpu_onereg.c
[05:21:19] [spechunter] [Read] /home/yzs/riscv/linux/arch/riscv/kvm/vcpu_switch.S
[05:21:19] [spechunter] [Read] /home/yzs/riscv/linux/arch/riscv/kernel/kexec_relocate.S
[05:21:29] [spechunter] [Read] /home/yzs/riscv/XiangShan/src/main/scala/xiangshan/backend/fu/PMP.scala
[05:21:29] [spechunter] [Read] /home/yzs/riscv/XiangShan/src/main/scala/xiangshan/backend/fu/PMA.scala
[05:21:29] [spechunter] [Read] /home/yzs/riscv/XiangShan/src/main/scala/xiangshan/mem/MemBlock.scala
[05:21:34] [spechunter] [TodoWrite] 5 items
[05:21:47] [spechunter] [text] Report written to `semantic_finding_smepmp_boundary_straddle.json`.  **Summary of findings** — 17 locations across 7 fil...
[05:22:00] [spechunter] [text] Now I have all the data needed for cross-validation. Here's the final assessment:  ```json {   "locations": [     {     ...
[05:22:05] [spechunter] [Grep] pattern='kvm_riscv_csr'
[05:22:05] [spechunter] [Read] /home/yzs/riscv/linux/arch/riscv/errata/andes/errata.c
[05:22:05] [spechunter] [Grep] pattern='pmp|PMP'
[05:22:12] [spechunter] [Grep] pattern='kvm_riscv_csr|struct kvm_riscv'
[05:22:12] [spechunter] [Grep] pattern='pmp|PMP|pmpcfg|pmpaddr|SSTATUS|SIE|STVEC|SSCRATCH|SEPC|SCAUSE|STVAL|SATP'
[05:22:15] [spechunter] [text] Let me read the relevant source code and spec files to analyze the PMP implementation.  
[05:22:15] [spechunter] [Read] /home/yzs/riscv/qemu/target/riscv/pmp.c
[05:22:15] [spechunter] [Grep] pattern='pmp_hart_has_privs'
[05:22:15] [spechunter] [Glob] **/*pmp*
[05:22:16] [spechunter] [Read] /home/yzs/riscv/linux/arch/riscv/include/uapi/asm/kvm.h
[05:22:30] [spechunter] [Read] /home/yzs/riscv/XiangShan/src/main/scala/xiangshan/backend/fu/NewCSR/PMPEntryModule.scala
[05:22:30] [spechunter] [Read] /home/yzs/riscv/XiangShan/src/main/scala/xiangshan/backend/fu/PMP.scala
[05:22:41] [spechunter] [text] Let me read the full function and the spec references
[05:22:41] [spechunter] [Read] /home/yzs/riscv/qemu/target/riscv/pmp.c
[05:22:41] [spechunter] [Read] /home/yzs/riscv/qemu/target/riscv/pmp.c
[05:22:41] [spechunter] [Grep] pattern='pmp.*priority|M-mode.*match|L bit.*clear.*M'
[05:22:41] [spechunter] [Glob] **/supervisor.adoc
[05:22:45] [spechunter] [text] Now let me verify a few things before producing the final set.  
[05:22:45] [spechunter] [Read] /home/yzs/riscv/opensbi/include/sbi/riscv_encoding.h
[05:22:45] [spechunter] [Read] /home/yzs/riscv/opensbi/lib/sbi/sbi_unpriv.c
[05:22:45] [spechunter] [Read] /home/yzs/riscv/opensbi/lib/sbi/sbi_hsm.c
[05:22:49] [spechunter] [text] Now let me verify a few more critical locations for cross-validation
[05:22:49] [spechunter] [Read] /home/yzs/riscv/XiangShan/src/main/scala/xiangshan/frontend/Frontend.scala
[05:22:49] [spechunter] [Read] /home/yzs/riscv/XiangShan/src/main/scala/xiangshan/cache/mmu/L2TLB.scala
[05:22:49] [spechunter] [Read] /home/yzs/riscv/XiangShan/src/main/scala/xiangshan/backend/fu/PMP.scala
[05:22:53] [spechunter] [text] Let me read the spec sections for precise citations
[05:22:53] [spechunter] [Read] /home/yzs/riscv/rv-isa-sec/spec_ref/riscv-isa-manual/src/priv/machine.adoc
[05:22:53] [spechunter] [Read] /home/yzs/riscv/rv-isa-sec/spec_ref/riscv-isa-manual/src/priv/machine.adoc
[05:22:53] [spechunter] [Read] /home/yzs/riscv/rv-isa-sec/spec_ref/riscv-isa-manual/src/priv/machine.adoc
[05:23:27] [spechunter] [text] Let me also check the `pmp_is_in_range` function and understand the full matching logic more carefully
[05:23:27] [spechunter] [Read] /home/yzs/riscv/qemu/target/riscv/pmp.c
[05:23:27] [spechunter] [Read] /home/yzs/riscv/qemu/target/riscv/pmp.c
[05:23:33] [spechunter] [text] Let me now read the actual code and spec references to verify the details
[05:23:33] [spechunter] [Read] /home/yzs/riscv/linux/arch/riscv/kernel/head.S
[05:23:33] [spechunter] [Read] /home/yzs/riscv/rv-isa-sec/spec_ref/riscv-isa-manual/src/priv/machine.adoc
[05:23:33] [spechunter] [Read] /home/yzs/riscv/rv-isa-sec/spec_ref/riscv-isa-manual/src/priv/machine.adoc
[05:23:52] [spechunter] [text] ## Cross-Validation Analysis  **PR context**: Spec clarification that PMP checks apply to S/U-mode accesses, M-mode when...
[05:23:52] [spechunter] [Write] /home/yzs/riscv/XiangShan/pmp_privilege_cross_validated_locations.json
[05:24:04] [spechunter] [text] ## Cross-Validation Summary  **26 fast-path locations → 12 retained, 13 removed, 0 slow-path additions**  ### Removed (1...
[05:24:15] [spechunter] [text] Let me also check the `reset_regs` function and the secondary boot paths for completeness.  
[05:24:15] [spechunter] [Grep] pattern='reset_regs'
[05:24:15] [spechunter] [Read] /home/yzs/riscv/linux/arch/riscv/kernel/head.S
[05:24:15] [spechunter] [Read] /home/yzs/riscv/linux/arch/riscv/kernel/head.S
[05:24:26] [spechunter] [Read] /home/yzs/riscv/XiangShan/src/main/scala/xiangshan/PMP.scala
[05:24:26] [spechunter] [Read] /home/yzs/riscv/XiangShan/src/main/scala/xiangshan/PMP.scala
[05:24:35] [spechunter] [text] Now let me check for any SMP hotplug PMP handling and verify the kexec path
[05:24:35] [spechunter] [Grep] pattern='PMP|pmp'
[05:24:35] [spechunter] [Read] /home/yzs/riscv/linux/arch/riscv/kernel/head.S
[05:24:35] [spechunter] [Glob] **/*PMP*
[05:24:35] [spechunter] [Glob] **/*pmp*
[05:24:46] [spechunter] [Read] /home/yzs/riscv/XiangShan/src/main/scala/xiangshan/backend/fu/PMP.scala
[05:24:51] [spechunter] [text] Let me read the `pmp_is_in_range` function to complete the analysis
[05:24:51] [spechunter] [Grep] pattern='pmp_is_in_range'
[05:24:53] [spechunter] [text] ## Review Analysis  **PR intent**: This is a spec documentation PR for `riscv-isa-manual`'s `machine.adoc` — clarifying ...
[05:24:55] [spechunter] [Read] /home/yzs/riscv/linux/arch/riscv/kernel/head.S
[05:24:56] [spechunter] [Read] /home/yzs/riscv/XiangShan/src/main/scala/xiangshan/backend/fu/PMP.scala
[05:24:56] [spechunter] [Read] /home/yzs/riscv/XiangShan/src/main/scala/xiangshan/backend/fu/PMP.scala
[05:24:57] [spechunter] [Read] /home/yzs/riscv/qemu/target/riscv/pmp.c
[05:25:35] [spechunter] [text] I'll start by reading the spec reference documents and exploring the OpenSBI codebase to understand the code locations t...
[05:25:35] [spechunter] [Bash] List spec reference directories
[05:25:35] [spechunter] [Bash] List OpenSBI lib directory
[05:25:35] [spechunter] [Bash] Find domain context and HSM source files
[05:25:43] [spechunter] [Glob] **/sbi_domain_context*
[05:25:43] [spechunter] [Glob] **/sbi_hsm*
[05:25:43] [spechunter] [Glob] **/sbi_domain*
[05:25:51] [spechunter] [text] Now let me read the key source files and search for PMP-related code.  
[05:25:51] [spechunter] [Read] /home/yzs/riscv/opensbi/lib/sbi/sbi_domain_context.c
[05:25:51] [spechunter] [Read] /home/yzs/riscv/opensbi/lib/sbi/sbi_hsm.c
[05:25:51] [spechunter] [Read] /home/yzs/riscv/opensbi/lib/sbi/sbi_domain.c
[05:26:05] [spechunter] [text] Now let me read the hart protection code (PMP/ePMP configuration) and the spec reference documents.  
[05:26:05] [spechunter] [Glob] **/sbi_hart_protection*
[05:26:05] [spechunter] [Glob] **/riscv_encoding.h
[05:26:05] [spechunter] [Bash] List riscv-isa-manual spec files
[05:26:11] [spechunter] [Read] /home/yzs/riscv/opensbi/lib/sbi/sbi_hart_protection.c
[05:26:11] [spechunter] [Glob] src/**/*.adoc
[05:26:16] [spechunter] [Bash] List spec src directory
[05:26:16] [spechunter] [Grep] pattern='sbi_hart_protection_map_range|sbi_hart_protection_unmap_range|pmp_set|pmp_configure'
[05:26:16] [spechunter] [Glob] **/pmp*
[05:26:20] [spechunter] [text] Now I have a thorough understanding of the code and the spec. Let me read the remaining spec section for completeness
[05:26:20] [spechunter] [Read] /home/yzs/riscv/rv-isa-sec/spec_ref/riscv-isa-manual/src/priv/machine.adoc
[05:26:20] [spechunter] [Read] /home/yzs/riscv/opensbi/lib/sbi/sbi_hart_pmp.c
[05:26:20] [spechunter] [Bash] List priv directory in spec
[05:26:38] [spechunter] [text] Let me read the relevant spec files and the memory operation functions.  
[05:26:38] [spechunter] [Read] /home/yzs/riscv/rv-isa-sec/spec_ref/riscv-isa-manual/src/machine.adoc
[05:26:38] [spechunter] [Read] /home/yzs/riscv/rv-isa-sec/spec_ref/riscv-isa-manual/src/smepmp.adoc
[05:26:38] [spechunter] [Grep] pattern='sbi_memcpy|sbi_memmove|sbi_memset'
[05:26:53] [spechunter] [Bash] List spec files again
[05:26:55] [spechunter] [text] Now I have everything I need. Let me also quickly verify whether there are any memory accesses in `reset_regs` before th...
[05:26:55] [spechunter] [Read] /home/yzs/riscv/linux/arch/riscv/kernel/head.S
[05:26:55] [spechunter] [Read] /home/yzs/riscv/rv-isa-sec/spec_ref/riscv-isa-manual/src/priv/machine.adoc
[05:26:56] [spechunter] [Read] /home/yzs/riscv/rv-isa-sec/spec_ref/riscv-isa-manual/src/priv/machine.adoc
[05:27:05] [spechunter] [text] Let me search the spec for PMP boundary-related text and read the relevant memory-related source files
[05:27:05] [spechunter] [Grep] pattern='match all bytes|straddle|boundary|cross.*PMP|partial.*match|cross.*boundary'
[05:27:05] [spechunter] [Grep] pattern='PMP.*match|matching.*pmp|pmp.*check|pmp.*violation|pmp.*fault'
[05:27:11] [spechunter] [text] Let me read the critical spec sections about the PMP "match all bytes" rule and also look at the pmp_set and pmp_disable...
[05:27:11] [spechunter] [Read] /home/yzs/riscv/rv-isa-sec/spec_ref/riscv-isa-manual/src/priv/machine.adoc
[05:27:11] [spechunter] [Read] /home/yzs/riscv/rv-isa-sec/spec_ref/riscv-isa-manual/src/priv/machine.adoc
[05:27:31] [spechunter] [text] Now let me look at the `pmp_set`/`pmp_disable` implementations and the `sbi_string.c` memcpy implementation, plus check ...
[05:27:31] [spechunter] [Grep] pattern='pmp_set|pmp_disable|pmp_is_mapped'
[05:27:31] [spechunter] [Read] /home/yzs/riscv/opensbi/lib/sbi/sbi_string.c
[05:27:31] [spechunter] [Read] /home/yzs/riscv/opensbi/locations/pmp_memory_operation_spec_update.json
[05:27:41] [spechunter] [text] Let me check how `pmp_match_res` is called and what `lgMaxSize` values are used, plus the PMP parameters.  
[05:27:41] [spechunter] [Grep] pattern='pmp_match_res'
[05:27:41] [spechunter] [Grep] pattern='PlatformGrain|lgMaxSize'
[05:27:51] [spechunter] [text] Now let me also check how `CONFIG_RISCV_M_MODE` interacts with the SBI firmware and whether there could be any PMP-relat...
[05:27:51] [spechunter] [Read] /home/yzs/riscv/linux/arch/riscv/Kconfig
[05:27:51] [spechunter] [Read] /home/yzs/riscv/linux/arch/riscv/kernel/head.S
[05:27:57] [spechunter] [text] Let me check the `pmp_is_locked` function and the `pmp_is_readonly` function to complete the analysis.  
[05:27:57] [spechunter] [Grep] pattern='pmp_is_locked|pmp_is_readonly'
[05:28:05] [spechunter] [Read] /home/yzs/riscv/qemu/target/riscv/pmp.c
[05:29:03] [spechunter] [Read] /home/yzs/riscv/opensbi/lib/sbi/riscv_asm.c
[05:29:04] [spechunter] [text] Now let me look at the smepmp spec reference and the menvcfg ADUE spec for synchronization requirements
[05:29:04] [spechunter] [Read] /home/yzs/riscv/rv-isa-sec/spec_ref/riscv-isa-manual/src/priv/smepmp.adoc
[05:29:04] [spechunter] [Grep] pattern='ADUE|adue|synchron'
[05:29:09] [spechunter] [Read] /home/yzs/riscv/rv-isa-sec/spec_ref/riscv-isa-manual/src/priv/machine.adoc
[05:29:09] [spechunter] [Read] /home/yzs/riscv/qemu/target/riscv/pmp.c
[05:29:11] [spechunter] [text] Now I have all the information needed. Let me compile the comprehensive audit.  
[05:29:11] [spechunter] [Agent] description, prompt
[05:29:11] [spechunter] [Read] /home/yzs/riscv/rv-isa-sec/spec_ref/riscv-isa-manual/src/priv/machine.adoc
[05:29:21] [spechunter] [Read] /home/yzs/riscv/linux/arch/riscv/kernel/suspend.c
[05:29:21] [spechunter] [Read] /home/yzs/riscv/linux/arch/riscv/kernel/sbi_ecall.c
[05:29:21] [spechunter] [Read] /home/yzs/riscv/linux/arch/riscv/kernel/cpu_ops_sbi.c
[05:29:21] [spechunter] [Read] /home/yzs/riscv/linux/arch/riscv/kernel/kexec_relocate.S
[05:29:21] [spechunter] [text] Now let me check the spec reference for PMP rules and the `mode` encoding used in XiangShan
[05:29:21] [spechunter] [Grep] pattern='mode.*:=|check_env.mode|\\.mode\\b'
[05:29:21] [spechunter] [Grep] pattern='mode.*Cat|Cat.*mode|priv.*Mode|mode.*priv'
[05:30:42] [spechunter] [text] Let me check the Parameters file for `lgMaxSize` and the spec references
[05:30:42] [spechunter] [Read] /home/yzs/riscv/XiangShan/src/main/scala/xiangshan/Parameters.scala
[05:30:42] [spechunter] [Read] /home/yzs/riscv/XiangShan/src/main/scala/xiangshan/PMParameters.scala
[05:30:42] [spechunter] [Glob] **/supervisor.adoc
[05:30:48] [spechunter] [text] Now let me check the spec documents for PMP matching rules
[05:30:48] [spechunter] [Grep] pattern='any byte|lowest-numbered|partial match|cross.*boundary|unlocked.*regions|M-mode.*exemption|match.*ALL.*bytes|pmp.*priority|PMP.*priority'
[05:30:48] [spechunter] [Grep] pattern='Physical Memory Protection.*pmp'
[05:30:57] [spechunter] [Read] /home/yzs/riscv/rv-isa-sec/spec_ref/riscv-isa-manual/src/priv/machine.adoc
[05:31:02] [spechunter] [text] Let me check the PMP bit definitions and the smepmp operation calculation.  
[05:31:02] [spechunter] [Grep] pattern='PMP_LOCK|PMP_READ|PMP_WRITE|PMP_EXEC'
[05:31:02] [spechunter] [Grep] pattern='pmp_get_smepmp_operation'
[05:31:05] [spechunter] [Read] /home/yzs/riscv/qemu/target/riscv/pmp.c
[05:31:25] [spechunter] [text] Now let me read more of the PMP spec sections and the Smepmp spec for completeness
[05:31:25] [spechunter] [Read] /home/yzs/riscv/rv-isa-sec/spec_ref/riscv-isa-manual/src/priv/smepmp.adoc
[05:31:25] [spechunter] [Read] /home/yzs/riscv/rv-isa-sec/spec_ref/riscv-isa-manual/src/priv/machine.adoc
[05:32:08] [spechunter] [text] Now I have all the information. Let me compile the comprehensive audit.  ```json {   "findings": [     {       "file_pat...
[05:33:35] [spechunter] [text] Now let me check additional related areas mentioned in the vulnerability pattern and verify the CSR write synchronizatio...
[05:33:35] [spechunter] [Read] /home/yzs/riscv/qemu/target/riscv/pmp.c
[05:33:35] [spechunter] [Grep] pattern='tlb_flush|SFENCE|sfence'
[05:34:11] [spechunter] [Read] /home/yzs/riscv/rv-isa-sec/spec_ref/riscv-isa-manual/src/priv/machine.adoc
[05:34:11] [spechunter] [Grep] pattern='optional M-mode|NOTE.*pmp|M-mode.*exemption|supersedes'
[05:34:19] [spechunter] [text] Let me now check a few more code locations for the domain data allocation and trap context structure.  
[05:34:19] [spechunter] [Grep] pattern='sbi_trap_context|struct sbi_trap_context'
[05:34:19] [spechunter] [Grep] pattern='sbi_domain_data_ptr|sbi_domain_setup_data|domain_setup_data_one'
[05:34:19] [spechunter] [Grep] pattern='struct sbi_trap_context'
[05:34:26] [spechunter] [Read] /home/yzs/riscv/opensbi/include/sbi/sbi_trap.h
[05:34:26] [spechunter] [Read] /home/yzs/riscv/opensbi/lib/sbi/sbi_domain_data.c
[05:35:12] [spechunter] [text] Now I have a thorough understanding of the full code path. Let me also quickly verify one edge case about how the OFF en...
[05:35:12] [spechunter] [Read] /home/yzs/riscv/qemu/target/riscv/pmp.c
[05:35:26] [spechunter] [text] Now I have enough context. Let me verify the `mode` encoding used in XiangShan and check the PMPChecker to understand ho...
[05:35:26] [spechunter] [Read] /home/yzs/riscv/XiangShan/src/main/scala/xiangshan/backend/fu/PMP.scala
[05:35:26] [spechunter] [Grep] pattern='mode_cat|Cat.*mode|privilegeMode|Mode_M|Mode_S|PrivMode'
[05:36:55] [spechunter] [text] Now let me check the callers of map_range/unmap_range to confirm the fencing gap.  
[05:36:55] [spechunter] [Grep] pattern='sbi_hart_protection_map_range|sbi_hart_protection_unmap_range'
[05:36:55] [spechunter] [Read] /home/yzs/riscv/rv-isa-sec/spec_ref/riscv-isa-manual/src/priv/machine.adoc
[05:36:56] [spechunter] [text] Let me search for the specific NOTE in the spec about M-mode exemption for partial matches  
[05:36:56] [spechunter] [Read] /home/yzs/riscv/rv-isa-sec/spec_ref/riscv-isa-manual/src/priv/machine.adoc
[05:36:56] [spechunter] [Read] /home/yzs/riscv/XiangShan/src/main/scala/xiangshan/backend/fu/PMP.scala
[05:37:35] [spechunter] [text] Now I have a thorough understanding of the code and spec. Let me verify one more critical detail — the `aligned` functio...
[05:37:35] [spechunter] [Grep] pattern='partial.*match|partial.*overlap|cross.*boundary|straddle'
[05:37:35] [spechunter] [Read] /home/yzs/riscv/rv-isa-sec/spec_ref/riscv-isa-manual/src/priv/machine.adoc
[05:37:48] [spechunter] [text] Now let me also check the smepmp operation encoding validity and look at the migration handling
[05:37:48] [spechunter] [Read] /home/yzs/riscv/qemu/target/riscv/pmp.c
[05:37:48] [spechunter] [Grep] pattern='vmstate.*pmp|pmp.*vmstate|PMP_STATE'
[05:38:29] [spechunter] [text] Let me check the `sbi_hart_switch_mode` function, which is the critical path after PMP is configured
[05:38:29] [spechunter] [Grep] pattern='void.*sbi_hart_switch_mode'
[05:38:29] [spechunter] [Grep] pattern='sbi_hart_switch_mode'
[05:38:41] [spechunter] [Read] /home/yzs/riscv/opensbi/lib/sbi/sbi_hart.c
[05:38:41] [spechunter] [Read] /home/yzs/riscv/opensbi/lib/sbi/sbi_domain_context.c
[05:38:45] [spechunter] [Read] /home/yzs/riscv/qemu/target/riscv/machine.c
[05:38:45] [spechunter] [Grep] pattern='cpu_reset.*pmp|pmp_state.*reset|pmp.*reset'
[05:39:07] [spechunter] [text] Now I have a thorough understanding of the code. Let me verify the `aligned` function behavior more carefully and also c...
[05:39:07] [spechunter] [Grep] pattern='NOTE'
[05:39:07] [spechunter] [Read] /home/yzs/riscv/rv-isa-sec/spec_ref/riscv-isa-manual/src/priv/machine.adoc
[05:41:29] [spechunter] [text] Now let me check the `PMACheckMethod` for comparison, and also verify how `mode` relates to privilege levels:  
[05:41:29] [spechunter] [Read] /home/yzs/riscv/XiangShan/src/main/scala/xiangshan/backend/fu/PMP.scala
[05:41:44] [spechunter] [text] Now let me verify one more thing about the PMP reset  
[05:41:44] [spechunter] [Read] /home/yzs/riscv/qemu/target/riscv/cpu.c
[05:41:44] [spechunter] [Read] /home/yzs/riscv/qemu/target/riscv/pmp.c
[05:42:59] [spechunter] [text] Now I have a complete understanding of the code. Let me verify one more detail about the `aligned` function and the `lgM...
[05:42:59] [spechunter] [Read] /home/yzs/riscv/XiangShan/src/main/scala/xiangshan/backend/fu/PMP.scala
[05:42:59] [spechunter] [Read] /home/yzs/riscv/XiangShan/src/main/scala/xiangshan/backend/fu/PMP.scala
[05:44:30] [spechunter] [text] Now let me verify the PMA matcher for comparison, since it may have the same issue pattern
[05:44:30] [spechunter] [Read] /home/yzs/riscv/XiangShan/src/main/scala/xiangshan/backend/fu/PMA.scala
[05:44:30] [spechunter] [Read] /home/yzs/riscv/XiangShan/src/main/scala/xiangshan/backend/fu/PMA.scala
[05:45:13] [spechunter] [text] Now I have a thorough understanding of the code. Let me write the comprehensive analysis.  ```json {   "findings": [    ...
[05:46:25] [spechunter] [text] Now I have all the information needed for a complete analysis. Let me verify one more critical detail about the `mode` e...
[05:46:25] [spechunter] [Grep] pattern='mode.*>.*1|PrivMode|MXLEN.*mode|machine.mode|supervisor.mode'
[05:46:25] [spechunter] [Read] /home/yzs/riscv/XiangShan/src/main/scala/xiangshan/backend/fu/PMP.scala
[05:48:24] [spechunter] [text] Now let me search for the specific "new NOTE" referenced in the security spec about M-mode partial match behavior, and a...
[05:48:24] [spechunter] [Read] /home/yzs/riscv/XiangShan/src/main/scala/xiangshan/cache/mmu/MMUConst.scala
[05:48:24] [spechunter] [Read] /home/yzs/riscv/rv-isa-sec/spec_ref/riscv-isa-manual/src/priv/machine.adoc
[05:50:42] [spechunter] [text] Now I have a thorough understanding of the code. Let me also verify the `lgMaxSize` relationship with `PlatformGrain` to...
[05:50:42] [spechunter] [Read] /home/yzs/riscv/XiangShan/src/main/scala/xiangshan/backend/fu/PMP.scala
