[03:04:42] [spechunter] PR loaded: #2504 riscv/riscv-isa-manual — "Move Sstc text to relevant sections in Machine, Supervisor, and Hypervisor chapters"
[03:04:42] [spechunter]   diff: 20726 chars  body: 1 chars  reviews: 0
[03:04:42] [spechunter] Global pre-filter running...
[03:05:08] [spechunter] [text] {"should_skip": false}
[03:05:09] [spechunter] pre-filter: should_skip=False reason=""
[03:05:23] [spechunter] [text] {"should_skip": false}
[03:05:25] [spechunter] [text] ```json {"should_skip": false, "skip_reason": "Sstc extension changes affect timer interrupt CSR semantics (STIP read-on...
[03:05:29] [spechunter] [text] {"should_skip": false}
[03:05:35] [spechunter] [text] {"should_skip": false}
[03:05:43] [spechunter] [text] {"should_skip": false}
[03:06:21] [spechunter] [text] ```json {   "violation_condition": "QEMU does not atomically gate stimecmp CSR accessibility and mip.STIP/sip.STIP writa...
[03:06:25] [spechunter] [text] ```json {   "violation_condition": "When Sstc is implemented and menvcfg.STCE=1, the spec mandates STIP in mip becomes r...
[03:06:34] [spechunter] [text] ```json {   "violation_condition": "Linux kernel code in S-mode writes to mip.STIP or sip.STIP (or KVM in HS-mode writes...
[03:06:42] [spechunter] [Agent] description, prompt
[03:06:51] [spechunter] [Grep] pattern='stimecmp'
[03:06:55] [spechunter] [Grep] pattern='stimecmp'
[03:06:55] [spechunter] [Grep] pattern='stimecmph'
[03:06:55] [spechunter] [Grep] pattern='menvcfg'
[03:06:55] [spechunter] [Grep] pattern='\\bmip\\b'
[03:06:55] [spechunter] [Grep] pattern='\\bsip\\b'
[03:06:55] [spechunter] [Grep] pattern='henvcfg'
[03:07:04] [spechunter] [Agent] description, subagent_type
[03:07:05] [spechunter] [TodoWrite] 5 items
[03:07:05] [spechunter] [Grep] pattern='menvcfg'
[03:07:05] [spechunter] [Grep] pattern='henvcfg'
[03:07:05] [spechunter] [Grep] pattern='stimecmp'
[03:07:05] [spechunter] [Grep] pattern='htimedelta'
[03:07:05] [spechunter] [Grep] pattern='STCE'
[03:07:07] [spechunter] [Grep] pattern='stimecmp'
[03:07:07] [spechunter] [Grep] pattern='stimecmp'
[03:07:07] [spechunter] [Grep] pattern='stimecmp'
[03:07:07] [spechunter] [Grep] pattern='sstc|SSTC|Sstc'
[03:07:07] [spechunter] [Grep] pattern='STCE|menvcfg'
[03:07:13] [spechunter] [Grep] pattern='vstimecmp'
[03:07:13] [spechunter] [Grep] pattern='(mip|sip|hip|hvip)'
[03:07:13] [spechunter] [Grep] pattern='(menvcfg|henvcfg|mcounteren|hcounteren|htimedelta)'
[03:07:13] [spechunter] [Grep] pattern='(csr_write.*[Ss]TIP|csr_set.*[Ss]TIP|csr_clear.*[Ss]TIP)'
[03:07:13] [spechunter] [Grep] pattern='(__kvm_riscv_vcpu_timer|kvm_riscv_vstimecmp)'
[03:07:14] [spechunter] [Agent] description, subagent_type
[03:07:19] [spechunter] [Grep] pattern='mcounteren'
[03:07:19] [spechunter] [Grep] pattern='hcounteren'
[03:07:19] [spechunter] [Grep] pattern='class MEnvCfg|class HEnvCfg'
[03:07:19] [spechunter] [Grep] pattern='\\bhip\\b'
[03:07:19] [spechunter] [Grep] pattern='\\bhie\\b'
[03:07:19] [spechunter] [Grep] pattern='\\bhvip\\b'
[03:07:22] [spechunter] [text] ```json {   "violation_condition": "OpenSBI M-mode code writes to mip.STIP (via csrw/csrs to mip with STIP bit set) to i...
[03:07:23] [spechunter] [text] Let me also search for the SSTC-specific patterns and the vulnerability fallback pattern.  
[03:07:23] [spechunter] [Grep] pattern='sstc'
[03:07:23] [spechunter] [Grep] pattern='sstc'
[03:07:23] [spechunter] [Grep] pattern='STCE'
[03:07:23] [spechunter] [Grep] pattern='riscv_sstc_enabled'
[03:07:23] [spechunter] [Grep] pattern='STCE_FIELD'
[03:07:23] [spechunter] [Grep] pattern='MENVCFG_STCE|HENVCFG_STCE'
[03:07:32] [spechunter] [Grep] pattern='write.*mip.*STIP|write.*sip.*STIP'
[03:07:32] [spechunter] [Grep] pattern='CSR_STIMECMP|CSR_VSTIMECMP|CSR_HTIMEDELTA'
[03:07:32] [spechunter] [Grep] pattern='CSR_MIP|CSR_SIP|CSR_HIP|CSR_HVIP'
[03:07:32] [spechunter] [Grep] pattern='CSR_MENVCFG|CSR_HENVCFG|CSR_MCOUNTEREN|CSR_HCOUNTEREN'
[03:07:33] [spechunter] [Read] /home/yzs/riscv/XiangShan/src/main/scala/xiangshan/backend/fu/NewCSR/SstcInterruptGen.scala
[03:07:33] [spechunter] [Read] /home/yzs/riscv/XiangShan/src/main/scala/xiangshan/backend/fu/NewCSR/CSRPermitModule.scala
[03:07:33] [spechunter] [Read] /home/yzs/riscv/XiangShan/src/main/scala/xiangshan/backend/fu/NewCSR/CSRPermitModule.scala
[03:07:33] [spechunter] [Read] /home/yzs/riscv/XiangShan/src/main/scala/xiangshan/backend/fu/NewCSR/HypervisorLevel.scala
[03:07:33] [spechunter] [Read] /home/yzs/riscv/XiangShan/src/main/scala/xiangshan/backend/fu/NewCSR/MachineLevel.scala
[03:07:33] [spechunter] [Read] /home/yzs/riscv/XiangShan/src/main/scala/xiangshan/backend/fu/NewCSR/MachineLevel.scala
[03:07:33] [spechunter] [Read] /home/yzs/riscv/qemu/target/riscv/csr.c
[03:07:33] [spechunter] [Read] /home/yzs/riscv/qemu/target/riscv/csr.c
[03:07:33] [spechunter] [Read] /home/yzs/riscv/qemu/target/riscv/csr.c
[03:07:33] [spechunter] [Read] /home/yzs/riscv/qemu/target/riscv/csr.c
[03:07:33] [spechunter] [Read] /home/yzs/riscv/qemu/target/riscv/csr.c
[03:07:33] [spechunter] [Read] /home/yzs/riscv/qemu/target/riscv/csr.c
[03:07:36] [spechunter] [Grep] pattern='csr_write.*[Ss][Ii][Pp]|csr_set.*[Ss][Ii][Pp]|csr_clear.*[Ss][Ii][Pp]|csr_write.*[Hh][Vv]ip|csr_set.*[Hh][Vv]ip'
[03:07:36] [spechunter] [Grep] pattern='STIP|SIE_STIP|IE_TIE|IRQ_S_TIMER|stimecmp|vstimecmp|Sstc|STCE|htimedelta'
[03:07:36] [spechunter] [Grep] pattern='stimecmp|vstimecmp|htimedelta|hvip|kvm_riscv_vcpu_timer|kvm_riscv_vstimecmp'
[03:07:36] [spechunter] [Grep] pattern='timer|sstc|STCE|menvcfg|henvcfg|mcounteren|hcounteren'
[03:07:38] [spechunter] [text] Let me get more detail on the key functions involved in the write paths.  
[03:07:38] [spechunter] [Read] /home/yzs/riscv/qemu/target/riscv/csr.c
[03:07:38] [spechunter] [Read] /home/yzs/riscv/qemu/target/riscv/csr.c
[03:07:38] [spechunter] [Read] /home/yzs/riscv/qemu/target/riscv/csr.c
[03:07:38] [spechunter] [Read] /home/yzs/riscv/qemu/target/riscv/time_helper.c
[03:07:44] [spechunter] [TodoWrite] 4 items
[03:07:46] [spechunter] [text] Let me get the remaining key locations.  
[03:07:46] [spechunter] [Read] /home/yzs/riscv/qemu/target/riscv/csr.c
[03:07:46] [spechunter] [Read] /home/yzs/riscv/qemu/target/riscv/cpu_helper.c
[03:07:46] [spechunter] [Read] /home/yzs/riscv/qemu/target/riscv/time_helper.c
[03:07:46] [spechunter] [Read] /home/yzs/riscv/qemu/target/riscv/csr.c
[03:07:46] [spechunter] [Grep] pattern='sstc|Sstc|SSTC'
[03:07:46] [spechunter] [Grep] pattern='stimecmp|vstimecmp|STIMECMP|VSTIMECMP'
[03:07:46] [spechunter] [Grep] pattern='STCE|stce'
[03:07:46] [spechunter] [Grep] pattern='sstc|Sstc|stimecmp|vstimecmp|STCE|stce'
[03:07:46] [spechunter] [Grep] pattern='timer.*compare|compare.*timer|STIP|stip|timer.*interrupt'
[03:07:52] [spechunter] [text] Let me now read the key source files to confirm function names and line ranges.  
[03:07:52] [spechunter] [Read] /home/yzs/riscv/linux/arch/riscv/kvm/vcpu_timer.c
[03:07:52] [spechunter] [Read] /home/yzs/riscv/linux/arch/riscv/kvm/vcpu.c
[03:07:52] [spechunter] [Read] /home/yzs/riscv/linux/arch/riscv/kvm/main.c
[03:07:52] [spechunter] [Read] /home/yzs/riscv/linux/arch/riscv/kernel/suspend.c
[03:07:53] [spechunter] [Agent] description, prompt
[03:07:53] [spechunter] [Agent] description, prompt
[03:07:53] [spechunter] [Agent] description, prompt
[03:07:53] [spechunter] [Grep] pattern='\\bval (sip|sie|mip|mie)\\b'
[03:07:53] [spechunter] [Read] /home/yzs/riscv/XiangShan/src/main/scala/xiangshan/backend/fu/NewCSR/Unprivileged.scala
[03:07:53] [spechunter] [Read] /home/yzs/riscv/XiangShan/src/main/scala/xiangshan/backend/fu/NewCSR/HypervisorLevel.scala
[03:07:53] [spechunter] [Read] /home/yzs/riscv/XiangShan/src/main/scala/xiangshan/backend/fu/NewCSR/VirtualSupervisorLevel.scala
[03:07:53] [spechunter] [Read] /home/yzs/riscv/XiangShan/src/main/scala/xiangshan/backend/fu/NewCSR/SupervisorLevel.scala
[03:07:53] [spechunter] [Read] /home/yzs/riscv/qemu/target/riscv/cpu_bits.h
[03:07:53] [spechunter] [Read] /home/yzs/riscv/qemu/target/riscv/csr.c
[03:07:56] [spechunter] [Read] /home/yzs/riscv/qemu/target/riscv/time_helper.c
[03:07:56] [spechunter] [Read] /home/yzs/riscv/qemu/target/riscv/csr.c
[03:07:56] [spechunter] [Read] /home/yzs/riscv/qemu/target/riscv/csr.c
[03:07:56] [spechunter] [Read] /home/yzs/riscv/qemu/target/riscv/cpu_bits.h
[03:07:56] [spechunter] [Read] /home/yzs/riscv/qemu/target/riscv/cpu_bits.h
[03:07:56] [spechunter] [Read] /home/yzs/riscv/qemu/target/riscv/cpu_bits.h
[03:07:59] [spechunter] [Read] /home/yzs/riscv/linux/arch/riscv/kvm/vcpu_timer.c
[03:07:59] [spechunter] [Read] /home/yzs/riscv/linux/arch/riscv/kernel/suspend.c
[03:07:59] [spechunter] [Read] /home/yzs/riscv/linux/arch/riscv/kvm/vcpu.c
[03:08:00] [spechunter] [Grep] pattern='mip'
[03:08:00] [spechunter] [Grep] pattern='stimecmp'
[03:08:00] [spechunter] [Grep] pattern='menvcfg'
[03:08:00] [spechunter] [Grep] pattern='csr_set\\(CSR_MIP,\\s*MIP_STIP|csr_write\\(CSR_MIP.*STIP|mip.*SET_BIT.*STIP|set_mip_stip|write.*mip.*STIP'
[03:08:02] [spechunter] [Read] /home/yzs/riscv/linux/arch/riscv/kvm/vcpu_sbi_fwft.c
[03:08:02] [spechunter] [Read] /home/yzs/riscv/linux/arch/riscv/kvm/vcpu_onereg.c
[03:08:02] [spechunter] [Read] /home/yzs/riscv/linux/arch/riscv/kvm/vcpu_onereg.c
[03:08:02] [spechunter] [Read] /home/yzs/riscv/linux/arch/riscv/kvm/vcpu_onereg.c
[03:08:02] [spechunter] [Read] /home/yzs/riscv/linux/arch/riscv/kvm/vcpu.c
[03:08:02] [spechunter] [Read] /home/yzs/riscv/linux/arch/riscv/kvm/vcpu.c
[03:08:04] [spechunter] [Read] /home/yzs/riscv/XiangShan/src/main/scala/xiangshan/backend/fu/NewCSR/CSRBundles.scala
[03:08:04] [spechunter] [Read] /home/yzs/riscv/XiangShan/src/main/scala/xiangshan/backend/fu/NewCSR/HypervisorLevel.scala
[03:08:04] [spechunter] [Read] /home/yzs/riscv/XiangShan/src/main/scala/xiangshan/backend/fu/NewCSR/HypervisorLevel.scala
[03:08:04] [spechunter] [Read] /home/yzs/riscv/XiangShan/src/main/scala/xiangshan/backend/fu/NewCSR/MachineLevel.scala
[03:08:04] [spechunter] [Read] /home/yzs/riscv/XiangShan/src/main/scala/xiangshan/backend/fu/NewCSR/NewCSR.scala
[03:08:04] [spechunter] [Read] /home/yzs/riscv/XiangShan/src/main/scala/xiangshan/backend/fu/NewCSR/NewCSR.scala
[03:08:06] [spechunter] [Grep] pattern='MIP_STIP|csr_write.*mip|csr_set.*mip|CSR_MIP'
[03:08:06] [spechunter] [Grep] pattern='stimecmp|STIMECMP|sstc|SSTC'
[03:08:06] [spechunter] [Grep] pattern='menvcfg|MENVCFG|STCE'
[03:08:11] [spechunter] [Grep] pattern='CSR_VSTIMECMP|CSR_STIMECMP|CSR_HTIMEDELTA|SSTC|sstc'
[03:08:11] [spechunter] [Grep] pattern='timer|SIP_STIP|STIP|IE_TIE|IRQ_S_TIMER|stimecmp'
[03:08:11] [spechunter] [Grep] pattern='timer|STIP|IRQ_S_TIMER|IE_TIE|stimecmp|Sstc|SSTC'
[03:08:12] [spechunter] [Read] /home/yzs/riscv/qemu/target/riscv/kvm/kvm-cpu.c
[03:08:12] [spechunter] [Read] /home/yzs/riscv/qemu/target/riscv/machine.c
[03:08:12] [spechunter] [Read] /home/yzs/riscv/qemu/target/riscv/machine.c
[03:08:12] [spechunter] [Read] /home/yzs/riscv/qemu/target/riscv/machine.c
[03:08:12] [spechunter] [Read] /home/yzs/riscv/qemu/target/riscv/cpu.h
[03:08:12] [spechunter] [Read] /home/yzs/riscv/qemu/target/riscv/cpu.h
[03:08:14] [spechunter] [Grep] pattern='stimecmp'
[03:08:14] [spechunter] [Grep] pattern='vstimecmp'
[03:08:14] [spechunter] [Grep] pattern='STIMECMP|VSTIMECMP|Sstc'
[03:08:14] [spechunter] [Glob] **/CSR*.v
[03:08:14] [spechunter] [Read] /home/yzs/riscv/freebsd-src/sys/riscv/riscv/timer.c
[03:08:14] [spechunter] [Read] /home/yzs/riscv/freebsd-src/sys/riscv/riscv/intr_machdep.c
[03:08:14] [spechunter] [Read] /home/yzs/riscv/freebsd-src/sys/riscv/riscv/machdep.c
[03:08:14] [spechunter] [Grep] pattern='timer.*interrupt|timerintr|timer.*irq|IRQ_TIMER'
[03:08:14] [spechunter] [Grep] pattern='bhyve.*timer|timer.*bhyve|vtime|htime|htimedelta'
[03:08:14] [spechunter] [Grep] pattern='bhyve.*timer|timer.*bhyve|vtime|htime|htimedelta|stimecmp|sstc'
[03:08:17] [spechunter] [Read] /home/yzs/riscv/XiangShan/src/main/scala/xiangshan/backend/fu/NewCSR/SupervisorLevel.scala
[03:08:17] [spechunter] [Read] /home/yzs/riscv/XiangShan/src/main/scala/xiangshan/backend/fu/NewCSR/VirtualSupervisorLevel.scala
[03:08:17] [spechunter] [Read] /home/yzs/riscv/XiangShan/src/main/scala/xiangshan/backend/fu/NewCSR/InterruptFilter.scala
[03:08:17] [spechunter] [Read] /home/yzs/riscv/XiangShan/src/main/scala/xiangshan/backend/fu/NewCSR/VirtualSupervisorLevel.scala
[03:08:21] [spechunter] [Grep] pattern='STIP'
[03:08:21] [spechunter] [Grep] pattern='STCE'
[03:08:21] [spechunter] [Grep] pattern='stimecmp'
[03:08:21] [spechunter] [Grep] pattern='Sstc'
[03:08:21] [spechunter] [Grep] pattern='menvcfg'
[03:08:21] [spechunter] [Glob] **/src/main/scala/**/CSR*.scala
[03:08:25] [spechunter] [Read] /home/yzs/riscv/XiangShan/src/main/scala/xiangshan/backend/fu/NewCSR/CSRPermitModule.scala
[03:08:25] [spechunter] [Read] /home/yzs/riscv/XiangShan/src/main/scala/xiangshan/backend/fu/NewCSR/MachineLevel.scala
[03:08:25] [spechunter] [Read] /home/yzs/riscv/XiangShan/src/main/scala/xiangshan/backend/fu/NewCSR/NewCSR.scala
[03:08:25] [spechunter] [Read] /home/yzs/riscv/XiangShan/src/main/scala/xiangshan/backend/fu/NewCSR/HypervisorLevel.scala
[03:08:27] [spechunter] [Grep] pattern='menvcfg|MENVCFG'
[03:08:27] [spechunter] [Grep] pattern='henvcfg|HENVCFG'
[03:08:27] [spechunter] [Grep] pattern='STCE|stce'
[03:08:27] [spechunter] [Grep] pattern='mcounteren|hcounteren'
[03:08:27] [spechunter] [Grep] pattern='htimedelta'
[03:08:27] [spechunter] [Grep] pattern='stimecmp|vstimecmp'
[03:08:27] [spechunter] [Grep] pattern='CSR_MIP|CSR_MCOUNTEREN|CSR_HCOUNTEREN'
[03:08:27] [spechunter] [Grep] pattern='(stimecmp|vstimecmp|htimedelta|menvcfg|henvcfg|mcounteren|hcounteren)'
[03:08:27] [spechunter] [Grep] pattern='(stimecmp|vstimecmp|htimedelta|menvcfg|henvcfg|mcounteren|hcounteren)'
[03:08:27] [spechunter] [Grep] pattern='STIP|STIMECMP|VSTIMECMP|HTIMEDELTA|HCOUNTEREN|HENVCFG|MENVCFG|MCOUNTEREN'
[03:08:28] [spechunter] [Bash] List top-level directory contents
[03:08:28] [spechunter] [Glob] **/*.sv
[03:08:28] [spechunter] [Glob] **/*.scala
[03:08:31] [spechunter] [Grep] pattern='EXT_SSTC'
[03:08:31] [spechunter] [Read] /home/yzs/riscv/XiangShan/src/main/scala/xiangshan/backend/fu/NewCSR/SupervisorLevel.scala
[03:08:32] [spechunter] [Read] /home/yzs/riscv/linux/drivers/clocksource/timer-riscv.c
[03:08:32] [spechunter] [Grep] pattern='csr_clear.*IE|csr_set.*IE|csr_clear.*IP|csr_set.*IP|csr_write.*IE|csr_write.*IP|csr_read.*IE|csr_read.*IP|RV_IRQ_TIMER|IRQ_S_TIMER|IE_TIE|SIE_TIE|SIP_STIP'
[03:08:32] [spechunter] [Grep] pattern='IRQ_VS_TIMER|VS_TIMER|hvip.*VSTIP|VSTIP'
[03:08:35] [spechunter] [Grep] pattern='(stimecmp|vstimecmp|htimedelta|menvcfg|henvcfg|mcounteren|hcounteren)'
[03:08:39] [spechunter] [Grep] pattern='riscv_sstc_enabled'
[03:08:39] [spechunter] [Grep] pattern='rmw_sip'
[03:08:39] [spechunter] [Read] /home/yzs/riscv/qemu/target/riscv/tcg/tcg-cpu.c
[03:08:39] [spechunter] [Read] /home/yzs/riscv/qemu/target/riscv/cpu.c
[03:08:39] [spechunter] [Read] /home/yzs/riscv/qemu/target/riscv/cpu_cfg_fields.h.inc
[03:08:39] [spechunter] [Grep] pattern='kvmtimer|kvm.*sstc|kvm.*stimecmp'
[03:08:39] [spechunter] [TodoWrite] 4 items
[03:08:40] [spechunter] [text] Let me get more context on the key matches.  
[03:08:40] [spechunter] [Read] /home/yzs/riscv/opensbi/lib/sbi/sbi_hsm.c
[03:08:40] [spechunter] [Read] /home/yzs/riscv/opensbi/lib/sbi/sbi_hsm.c
[03:08:40] [spechunter] [Read] /home/yzs/riscv/opensbi/lib/sbi/sbi_timer.c
[03:08:40] [spechunter] [Read] /home/yzs/riscv/opensbi/lib/sbi/sbi_hart.c
[03:08:40] [spechunter] [Read] /home/yzs/riscv/opensbi/lib/sbi/sbi_hart.c
[03:08:40] [spechunter] [Read] /home/yzs/riscv/opensbi/lib/sbi/sbi_hart.c
[03:08:40] [spechunter] [Read] /home/yzs/riscv/opensbi/lib/sbi/sbi_hart.c
[03:08:40] [spechunter] [Read] /home/yzs/riscv/opensbi/include/sbi/riscv_encoding.h
[03:08:42] [spechunter] [Read] /home/yzs/riscv/freebsd-src/sys/riscv/vmm/vmm_vtimer.c
[03:08:42] [spechunter] [Read] /home/yzs/riscv/freebsd-src/sys/riscv/vmm/vmm_vtimer.h
[03:08:42] [spechunter] [Read] /home/yzs/riscv/freebsd-src/sys/riscv/vmm/vmm_sbi.c
[03:08:42] [spechunter] [Read] /home/yzs/riscv/freebsd-src/usr.sbin/bhyve/riscv/bhyverun_machdep.c
[03:08:42] [spechunter] [Read] /home/yzs/riscv/freebsd-src/sys/riscv/include/intr.h
[03:08:42] [spechunter] [Read] /home/yzs/riscv/freebsd-src/sys/riscv/include/riscvreg.h
[03:08:45] [spechunter] [Grep] pattern='(stimecmp|vstimecmp|htimedelta|menvcfg|henvcfg|mcounteren|hcounteren)'
[03:08:45] [spechunter] [Grep] pattern='(stimecmp|vstimecmp|htimedelta|menvcfg|henvcfg|mcounteren|hcounteren)'
[03:08:48] [spechunter] [text] Let me trace the interrupt injection path and check entry.S for timer handling.  
[03:08:48] [spechunter] [Read] /home/yzs/riscv/linux/arch/riscv/include/asm/csr.h
[03:08:48] [spechunter] [Grep] pattern='IRQ_VS_TIMER|IRQ_S_TIMER|TIMER|timer'
[03:08:48] [spechunter] [Grep] pattern='IRQ_VS_TIMER|hvip.*VSTIP|VSTIP'
[03:08:48] [spechunter] [Grep] pattern='IRQ_VS_TIMER|IRQ_LOCAL_MASK|VSIP_TO_HVIP|VSIP_VALID_MASK'
[03:08:49] [spechunter] [text] Let me also check the CSR_MIP and MIP_STIP definitions and search for the vulnerability pattern more broadly.  
[03:08:49] [spechunter] [Grep] pattern='CSR_MIP|MIP_STIP|MIP_SSIP'
[03:08:49] [spechunter] [Grep] pattern='CSR_MENVCFG|ENVCFG_DTE|ENVCFG_STCE|ENVCFG_CBZE|ENVCFG_CBCFE|ENVCFG_PBMTE|ENVCFG_CDE|ENVCFG_ADUE|ENVCFG_PMM|ENVCFG_LPE|ENVCFG_SSE'
[03:08:50] [spechunter] [Read] /home/yzs/riscv/qemu/target/riscv/csr.c
[03:08:50] [spechunter] [Read] /home/yzs/riscv/qemu/target/riscv/machine.c
[03:08:50] [spechunter] [Read] /home/yzs/riscv/qemu/target/riscv/machine.c
[03:08:50] [spechunter] [Grep] pattern='envcfg_vmstate|vmstate_envcfg'
[03:08:51] [spechunter] [Grep] pattern='stimecmp'
[03:08:51] [spechunter] [Grep] pattern='vstimecmp'
[03:08:51] [spechunter] [Grep] pattern='Sstc|STIMECMP|VSTIMECMP'
[03:08:51] [spechunter] [Grep] pattern='STCE'
[03:08:56] [spechunter] [Grep] pattern='STIP'
[03:08:56] [spechunter] [Grep] pattern='STIP'
[03:08:56] [spechunter] [Grep] pattern='STCE|STIP'
[03:08:56] [spechunter] [Grep] pattern='STCE'
[03:08:56] [spechunter] [Grep] pattern='STIP|STCE'
[03:09:03] [spechunter] [Read] /home/yzs/riscv/opensbi/lib/sbi/sbi_timer.c
[03:09:03] [spechunter] [Read] /home/yzs/riscv/opensbi/lib/sbi/sbi_hart.c
[03:09:03] [spechunter] [Read] /home/yzs/riscv/opensbi/lib/sbi/sbi_hsm.c
[03:09:09] [spechunter] [Glob] sys/riscv/riscv/intr*.c
[03:09:09] [spechunter] [Glob] sys/riscv/riscv/intc*.c
[03:09:09] [spechunter] [Glob] sys/riscv/vmm/*.c
[03:09:09] [spechunter] [Read] /home/yzs/riscv/freebsd-src/sys/riscv/include/riscvreg.h
[03:09:09] [spechunter] [Grep] pattern='CSR_MCOUNTEREN|CSR_HCOUNTEREN'
[03:09:09] [spechunter] [Grep] pattern='CSR_MCOUNTEREN'
[03:09:12] [spechunter] [Grep] pattern='sip_writable_mask'
[03:09:12] [spechunter] [Grep] pattern='rmw_vsip64'
[03:09:12] [spechunter] [Grep] pattern='riscv_cpu_set_irq.*STIP|riscv_cpu_update_mip.*STIP'
[03:09:12] [spechunter] [Grep] pattern='MIP_STIP|mip.*STIP|STIP.*writ'
[03:09:12] [spechunter] [Grep] pattern='stimecmp|sstc|STCE'
[03:09:14] [spechunter] [Grep] pattern='menvcfg|MENVCFG|STCE|stce|mcounteren'
[03:09:14] [spechunter] [Grep] pattern='henvcfg|HENVCFG|STCE|stce|hcounteren|htimedelta'
[03:09:14] [spechunter] [Grep] pattern='STCE|stce|menvcfg|henvcfg|timecmp|vstimecmp'
[03:09:14] [spechunter] [Grep] pattern='menvcfg|henvcfg|STCE|stce|timecmp|vstimecmp|mip\\.STIP|hip\\.VSTIP'
[03:09:14] [spechunter] [Grep] pattern='menvcfg|henvcfg|STCE|stce'
[03:09:14] [spechunter] [Grep] pattern='menvcfg|henvcfg|STCE|stce|timecmp|vstimecmp|htimedelta'
[03:09:19] [spechunter] [Read] /home/yzs/riscv/freebsd-src/sys/riscv/riscv/intc.c
[03:09:19] [spechunter] [Read] /home/yzs/riscv/freebsd-src/sys/riscv/vmm/vmm_riscv.c
[03:09:19] [spechunter] [Read] /home/yzs/riscv/freebsd-src/sys/riscv/vmm/vmm_riscv.c
[03:09:19] [spechunter] [Grep] pattern='STIP|stip|STIE|stie|VTIP|vtip|VSTIP|vstip|VSTIE|vstie'
[03:09:19] [spechunter] [Grep] pattern='sie|sip|hideleg|counteren'
[03:09:19] [spechunter] [Grep] pattern='CSR_MENVCFG'
[03:09:21] [spechunter] [Read] /home/yzs/riscv/qemu/target/riscv/csr.c
[03:09:21] [spechunter] [Read] /home/yzs/riscv/qemu/target/riscv/csr.c
[03:09:21] [spechunter] [Grep] pattern='rmw_vsip\\d|SIP_STIP'
[03:09:24] [spechunter] [Read] /home/yzs/riscv/XiangShan/src/main/scala/xiangshan/backend/decode/isa/CSRs.scala
[03:09:24] [spechunter] [Read] /home/yzs/riscv/XiangShan/src/main/scala/xiangshan/backend/fu/NewCSR/SupervisorLevel.scala
[03:09:24] [spechunter] [Read] /home/yzs/riscv/XiangShan/src/main/scala/xiangshan/backend/fu/NewCSR/VirtualSupervisorLevel.scala
[03:09:24] [spechunter] [Read] /home/yzs/riscv/XiangShan/src/main/scala/xiangshan/backend/fu/NewCSR/CSRPermitModule.scala
[03:09:24] [spechunter] [Read] /home/yzs/riscv/XiangShan/src/main/scala/xiangshan/backend/fu/NewCSR/NewCSR.scala
[03:09:24] [spechunter] [text] ```json {   "locations": [     {       "file_path": "target/riscv/cpu_bits.h",       "function_name": null,       "line_...
[03:09:25] [spechunter] [text] ```json {   "locations": [     {       "file_path": "src/main/scala/xiangshan/backend/fu/NewCSR/CSRBundles.scala",      ...
[03:09:27] [spechunter] [Read] /home/yzs/riscv/XiangShan/src/main/scala/xiangshan/backend/fu/NewCSR/MachineLevel.scala
[03:09:27] [spechunter] [Read] /home/yzs/riscv/XiangShan/src/main/scala/xiangshan/backend/fu/NewCSR/SstcInterruptGen.scala
[03:09:27] [spechunter] [Read] /home/yzs/riscv/XiangShan/src/main/scala/xiangshan/backend/fu/NewCSR/CSRBundles.scala
[03:09:27] [spechunter] [Read] /home/yzs/riscv/XiangShan/src/main/scala/xiangshan/backend/fu/NewCSR/CSRPermitModule.scala
[03:09:27] [spechunter] [Grep] pattern='mip'
[03:09:27] [spechunter] [text] Now let me read the full context of the key functions.  
[03:09:27] [spechunter] [Read] /home/yzs/riscv/opensbi/lib/sbi/sbi_hart.c
[03:09:27] [spechunter] [Read] /home/yzs/riscv/opensbi/lib/sbi/sbi_hsm.c
[03:09:27] [spechunter] [Read] /home/yzs/riscv/opensbi/lib/sbi/sbi_hart.c
[03:09:28] [spechunter] [Grep] pattern='riscv_cpu_set_irq'
[03:09:28] [spechunter] [Read] /home/yzs/riscv/qemu/target/riscv/csr.c
[03:09:28] [spechunter] [Grep] pattern='MIP_STIP'
[03:09:36] [spechunter] [Read] /home/yzs/riscv/qemu/target/riscv/cpu.c
[03:09:36] [spechunter] [Glob] **/time_helper.h
[03:09:36] [spechunter] [Read] /home/yzs/riscv/qemu/target/riscv/cpu_bits.h
[03:09:36] [spechunter] [text] ```json {   "locations": [     {       "file_path": "lib/sbi/sbi_timer.c",       "function_name": "sbi_timer_event_start...
[03:09:39] [spechunter] [Read] /home/yzs/riscv/linux/arch/riscv/kernel/entry.S
[03:09:39] [spechunter] [Grep] pattern='timer|TIMER|IRQ_TIMER|ie_tie|IE_TIE|SIE_TIE|sip|SIP_STIP'
[03:09:39] [spechunter] [Grep] pattern='IRQ_S_TIMER|timer|TIMER|INTERRUPT_CAUSE'
[03:09:42] [spechunter] [Read] /home/yzs/riscv/XiangShan/src/main/scala/xiangshan/backend/fu/NewCSR/SstcInterruptGen.scala
[03:09:42] [spechunter] [Grep] pattern='STCE|stimecmp|vstimecmp|Sstc|menvcfg'
[03:09:42] [spechunter] [Grep] pattern='STCE|stimecmp|vstimecmp|henvcfg'
[03:09:42] [spechunter] [Grep] pattern='STCE|Sstc|stimecmp|vstimecmp|MEnvCfg|HEnvCfg'
[03:09:43] [spechunter] [Read] /home/yzs/riscv/qemu/target/riscv/time_helper.h
[03:09:43] [spechunter] [Grep] pattern='stimecmp|sstc|STIP|kvm_timer'
[03:09:43] [spechunter] [Grep] pattern='sstc|stimecmp|STIP'
[03:09:43] [spechunter] [Grep] pattern='stimecmp|sstc|STCE'
[03:09:45] [spechunter] [Grep] pattern='MipBundle|mip.*wen|mip.*write|mip.*mask'
[03:09:45] [spechunter] [Grep] pattern='class MipBundle|class InterruptPendingBundle|STIP|STCE'
[03:09:45] [spechunter] [Grep] pattern='MIP|mip'
[03:09:45] [spechunter] [Grep] pattern='STIP|STCE|stimecmp|hasIpIe|HasIpIe'
[03:09:45] [spechunter] [Grep] pattern='STIP|STCE|stimecmp'
[03:09:45] [spechunter] [Grep] pattern='STIP|STCE|stimecmp'
[03:09:47] [spechunter] [Grep] pattern='stimecmp|vstimecmp|STCE|stce|menvcfg|henvcfg|htimedelta'
[03:09:47] [spechunter] [Grep] pattern='stimecmp|vstimecmp|STCE|stce|menvcfg|henvcfg|htimedelta'
[03:09:47] [spechunter] [Read] /home/yzs/riscv/XiangShan/src/main/scala/xiangshan/backend/fu/NewCSR/SstcInterruptGen.scala
[03:09:47] [spechunter] [Grep] pattern='STCE|stce|menvcfg|mip\\.STIP|regOut.STIP|platformIRP|STIP'
[03:09:49] [spechunter] [Read] /home/yzs/riscv/XiangShan/src/main/scala/xiangshan/backend/fu/NewCSR/MachineLevel.scala
[03:09:49] [spechunter] [Read] /home/yzs/riscv/XiangShan/src/main/scala/xiangshan/backend/fu/NewCSR/CSRBundles.scala
[03:09:51] [spechunter] [Grep] pattern='^static RISCVException riscv_cpu_update_mip|^int riscv_cpu_update_mip|^void riscv_cpu_update_mip'
[03:09:51] [spechunter] [Grep] pattern='delegable_ints'
[03:09:56] [spechunter] [Grep] pattern='class InterruptPendingBundle|class IpIeBundle|HasIpIeBundle|HasExternalInterruptBundle|HasMachineEnvBundle'
[03:09:56] [spechunter] [Grep] pattern='HasIpIeBundle|HasExternalInterruptBundle|HasMachineEnvBundle'
[03:09:56] [spechunter] [Grep] pattern='STIP|STCE'
[03:09:56] [spechunter] [Grep] pattern='STIP|STCE'
[03:09:57] [spechunter] [Grep] pattern='sMapVS|vsMapS|stimecmp|vstimecmp'
[03:09:57] [spechunter] [Grep] pattern='STCE|stimecmp|vstimecmp'
[03:09:59] [spechunter] [text] Now let me also check for the `csr_write(CSR_MIP, 0)` location and the HSM data structure for saved_mip.  
[03:09:59] [spechunter] [Read] /home/yzs/riscv/opensbi/lib/sbi/sbi_hart.c
[03:09:59] [spechunter] [Read] /home/yzs/riscv/opensbi/lib/sbi/sbi_hsm.c
[03:09:59] [spechunter] [Read] /home/yzs/riscv/opensbi/lib/sbi/sbi_hart.c
[03:10:04] [spechunter] [Read] /home/yzs/riscv/qemu/target/riscv/csr.c
[03:10:04] [spechunter] [Grep] pattern='riscv_cpu_update_mip'
[03:10:05] [spechunter] [Read] /home/yzs/riscv/freebsd-src/sys/riscv/include/riscvreg.h
[03:10:05] [spechunter] [Read] /home/yzs/riscv/freebsd-src/sys/riscv/vmm/vmm_riscv.c
[03:10:05] [spechunter] [Read] /home/yzs/riscv/freebsd-src/sys/riscv/vmm/vmm_riscv.c
[03:10:05] [spechunter] [Read] /home/yzs/riscv/freebsd-src/sys/riscv/vmm/vmm_riscv.c
[03:10:05] [spechunter] [Grep] pattern='riscv_sync_interrupts|sync_interrupts'
[03:10:05] [spechunter] [Grep] pattern='stimecmp|vstimecmp|STIMECMP'
[03:10:09] [spechunter] [Grep] pattern='^uint64_t riscv_cpu_update_mip|^void riscv_cpu_update_mip|^int riscv_cpu_update_mip|riscv_cpu_update_mip\\('
[03:10:12] [spechunter] [Read] /home/yzs/riscv/qemu/target/riscv/cpu_helper.c
[03:10:16] [spechunter] [text] Now let me check the `delegate_traps` function fully and the M-mode trap handler.  
[03:10:16] [spechunter] [Read] /home/yzs/riscv/opensbi/lib/sbi/sbi_hart.c
[03:10:16] [spechunter] [Grep] pattern='expected_trap|sbi_hart_expected_trap'
[03:10:17] [spechunter] [Grep] pattern='CSR_STIMECMP|STIMECMP|stimecmp|csr.*timer|CSR.*TIME'
[03:10:17] [spechunter] [Grep] pattern='CSR_STIMECMP|CSR_TIME|#define.*CSR'
[03:10:17] [spechunter] [Glob] sys/riscv/include/cpufunc.h
[03:10:17] [spechunter] [Read] /home/yzs/riscv/freebsd-src/sys/riscv/riscv/identcpu.c
[03:10:22] [spechunter] [text] Now let me look at the KVM main init and trace a few more paths.  
[03:10:22] [spechunter] [Read] /home/yzs/riscv/linux/arch/riscv/kvm/main.c
[03:10:22] [spechunter] [Read] /home/yzs/riscv/linux/arch/riscv/kvm/vcpu_sbi_replace.c
[03:10:22] [spechunter] [Read] /home/yzs/riscv/linux/arch/riscv/kvm/vcpu_sbi_v01.c
[03:10:25] [spechunter] [text] Here is the complete search result:  ```json {   "locations": [     {       "file_path": "arch/riscv/include/asm/csr.h",...
[03:10:25] [spechunter] [Read] /home/yzs/riscv/XiangShan/src/main/scala/xiangshan/backend/fu/NewCSR/HypervisorLevel.scala
[03:10:25] [spechunter] [Grep] pattern='STCE|stce|menvcfg|henvcfg'
[03:10:25] [spechunter] [Grep] pattern='time\\b|TIME|\\.time\\b'
[03:10:25] [spechunter] [Grep] pattern='\\"time\\"|CSRs\\.time\\b|time.*CSR'
[03:10:25] [spechunter] [Grep] pattern='menvcfg.*STCE|STCE.*menvcfg|this\\.menvcfg'
[03:10:25] [spechunter] [Grep] pattern='CSRs\\.time\\b|\\"time\\"|time CSR|timecsr|TimeCSR|CSR.*time.*Unprivileged'
[03:10:25] [spechunter] [Read] /home/yzs/riscv/XiangShan/src/main/scala/xiangshan/backend/fu/NewCSR/InterruptBundle.scala
[03:10:25] [spechunter] [Read] /home/yzs/riscv/XiangShan/src/main/scala/xiangshan/backend/fu/CSR.scala
[03:10:25] [spechunter] [Grep] pattern='class MipBundle|InterruptPendingBundle'
[03:10:25] [spechunter] [Grep] pattern='class InterruptPendingBundle|HasExternalInterruptBundle|HasMachineEnvBundle'
[03:10:30] [spechunter] [Read] /home/yzs/riscv/opensbi/lib/sbi/sbi_expected_trap.S
[03:10:30] [spechunter] [Grep] pattern='sbi_trap_handler|mtvec_handler|trap_handler'
[03:10:32] [spechunter] [Grep] pattern='stimecmp|STIMECMP'
[03:10:32] [spechunter] [Grep] pattern='riscv_check_interrupts_pending'
[03:10:32] [spechunter] [Read] /home/yzs/riscv/freebsd-src/sys/riscv/vmm/vmm_riscv.c
[03:10:32] [spechunter] [Read] /home/yzs/riscv/freebsd-src/sys/riscv/vmm/riscv.h
[03:10:34] [spechunter] [Read] /home/yzs/riscv/linux/arch/riscv/kvm/vcpu_onereg.c
[03:10:34] [spechunter] [Grep] pattern='IRQ_LOCAL_MASK|IRQ_LOCAL_MAX'
[03:10:34] [spechunter] [Read] /home/yzs/riscv/linux/arch/riscv/kvm/aia.c
[03:10:37] [spechunter] [Read] /home/yzs/riscv/opensbi/lib/sbi/sbi_trap.c
[03:10:37] [spechunter] [Grep] pattern='SBI_ECALL_SET_TIMER|set_timer'
[03:10:45] [spechunter] [Read] /home/yzs/riscv/freebsd-src/sys/riscv/vmm/vmm_riscv.c
[03:10:45] [spechunter] [Read] /home/yzs/riscv/freebsd-src/sys/riscv/vmm/vmm.c
[03:10:45] [spechunter] [Grep] pattern='irq.*5|irq.*timer|VSIE|vstimecmp|timer.*ecall|TIME_SET_TIMER'
[03:10:45] [spechunter] [Grep] pattern='sbi_set_timer|SBI.*TIME|SBI.*timer'
[03:10:46] [spechunter] [Read] /home/yzs/riscv/XiangShan/src/main/scala/xiangshan/backend/fu/NewCSR/Unprivileged.scala
[03:10:46] [spechunter] [Read] /home/yzs/riscv/XiangShan/src/main/scala/xiangshan/backend/fu/NewCSR/NewCSR.scala
[03:10:46] [spechunter] [Read] /home/yzs/riscv/XiangShan/src/main/scala/xiangshan/backend/fu/NewCSR/CSRBundles.scala
[03:10:46] [spechunter] [Read] /home/yzs/riscv/XiangShan/src/main/scala/xiangshan/backend/fu/NewCSR/HypervisorLevel.scala
[03:10:46] [spechunter] [Read] /home/yzs/riscv/XiangShan/src/main/scala/xiangshan/backend/fu/NewCSR/MachineLevel.scala
[03:10:46] [spechunter] [Read] /home/yzs/riscv/XiangShan/src/main/scala/xiangshan/backend/fu/NewCSR/MachineLevel.scala
[03:10:54] [spechunter] [Read] /home/yzs/riscv/freebsd-src/sys/riscv/include/sbi.h
[03:10:54] [spechunter] [Grep] pattern='sbi_set_timer'
[03:10:54] [spechunter] [Read] /home/yzs/riscv/freebsd-src/sys/riscv/vmm/vmm_riscv.c
[03:10:54] [spechunter] [Grep] pattern='hstatus.*VT|VTSR|VTW|VTVM'
[03:10:59] [spechunter] [Read] /home/yzs/riscv/XiangShan/src/main/scala/xiangshan/backend/fu/CSR.scala
[03:10:59] [spechunter] [Grep] pattern='class MEnvCfg|STCE|Sstc|EXT_SSTC'
[03:10:59] [spechunter] [Grep] pattern='class CSRModule|def regOut|def wen'
[03:11:05] [spechunter] [Grep] pattern='sstcIRGen|platformIRP\\.STIP|platformIRP\\.VSTIP|htimedelta'
[03:11:05] [spechunter] [Grep] pattern='htimedelta|time\\.htimedelta|htimedelta\\.rdata|time\\.stime|time\\.vstime'
[03:11:05] [spechunter] [Grep] pattern='STIP|stip|platformIRP'
[03:11:05] [spechunter] [Read] /home/yzs/riscv/freebsd-src/sys/riscv/riscv/sbi.c
[03:11:05] [spechunter] [Grep] pattern='CSR_TIMECMP|CSR_TIME\\b|csr_write.*time|#define.*\\b0x'
[03:11:05] [spechunter] [Grep] pattern='stimecmp|vstimecmp'
[03:11:05] [spechunter] [Grep] pattern='vtrap|hyptrap|trap_handler|vmm_trap'
[03:11:05] [spechunter] [Grep] pattern='sstc|stimecmp|timer'
[03:11:07] [spechunter] [Grep] pattern='class MEnvCfg'
[03:11:07] [spechunter] [Read] /home/yzs/riscv/XiangShan/src/main/scala/xiangshan/backend/fu/NewCSR/CSRModule.scala
[03:11:07] [spechunter] [Read] /home/yzs/riscv/XiangShan/src/main/scala/xiangshan/backend/fu/CSR.scala
[03:11:16] [spechunter] [Read] /home/yzs/riscv/freebsd-src/sys/riscv/vmm/vmm_riscv.c
[03:11:16] [spechunter] [Grep] pattern='timer.*vmexit|vmexit.*timer|VMEXIT_TIMER|vm_exit.*timer|timer.*exit'
[03:11:16] [spechunter] [Grep] pattern='IRQ_TIMER|SCAUSE.*timer|timer.*scause|EXCP.*TIMER'
[03:11:16] [spechunter] [Grep] pattern='vmm_switch|hyp_switch|vmm_loop'
[03:11:19] [spechunter] [text] Now let me check how the KVM `sip` CSR register is set from userspace, and verify the complete flush-to-hvip path.  
[03:11:19] [spechunter] [Read] /home/yzs/riscv/linux/arch/riscv/kvm/vcpu_onereg.c
[03:11:19] [spechunter] [Grep] pattern='irqs_pending|VS_TIMER|IRQ_VS_TIMER'
[03:11:19] [spechunter] [Grep] pattern='riscv_sstc_available|sstc_available'
[03:11:28] [spechunter] [Grep] pattern='csr_clear.*SIP|csr_set.*SIP|csr_write.*SIP|csr_read.*SIP'
[03:11:28] [spechunter] [Read] /home/yzs/riscv/linux/arch/riscv/include/asm/kvm_vcpu_timer.h
[03:11:28] [spechunter] [Grep] pattern='timer_next_event|sstc_enabled'
[03:11:29] [spechunter] [Read] /home/yzs/riscv/XiangShan/src/main/scala/xiangshan/backend/fu/CSR.scala
[03:11:29] [spechunter] [Grep] pattern='class MEnvCfg|STCE'
[03:11:29] [spechunter] [Grep] pattern='EXT_SSTC'
[03:11:33] [spechunter] [Read] /home/yzs/riscv/freebsd-src/sys/riscv/vmm/vmm_switch.S
[03:11:33] [spechunter] [Grep] pattern='VM_EXITCODE|VMEXIT_'
[03:11:33] [spechunter] [Grep] pattern='VM_CAP_SSTC'
[03:11:36] [spechunter] [Read] /home/yzs/riscv/linux/arch/riscv/kernel/sbi-ipi.c
[03:11:36] [spechunter] [Read] /home/yzs/riscv/linux/arch/riscv/kernel/sbi.c
[03:11:36] [spechunter] [Grep] pattern='IE_SIE|IE_TIE|IE_EIE'
[03:11:39] [spechunter] [TodoWrite] 4 items
[03:11:47] [spechunter] [Read] /home/yzs/riscv/freebsd-src/sys/riscv/include/vmm.h
[03:11:47] [spechunter] [Grep] pattern='timer'
[03:11:47] [spechunter] [Grep] pattern='timer|timecmp|SSTC|STIE|STIP'
[03:11:47] [spechunter] [Grep] pattern='hcounteren|HENVCFG|hstatus.*VTSR|hstatus.*VTW'
[03:11:49] [spechunter] [Grep] pattern='mipWMask|mipMask|mip|STIP|menvcfg|stimecmp|stce|STCE'
[03:11:49] [spechunter] [Read] /home/yzs/riscv/XiangShan/src/main/scala/xiangshan/backend/fu/NewCSR/MachineLevel.scala
[03:11:49] [spechunter] [Read] /home/yzs/riscv/XiangShan/src/main/scala/xiangshan/backend/fu/NewCSR/HypervisorLevel.scala
[03:11:56] [spechunter] [text] Now let me trace the initialization call order to understand when MENVCFG.STCE is set relative to MIP writes.  
[03:11:56] [spechunter] [Grep] pattern='mstatus_init'
[03:11:56] [spechunter] [Read] /home/yzs/riscv/opensbi/lib/sbi/sbi_hart.c
[03:11:57] [spechunter] [Grep] pattern='MaskedRegMap.CsrAddr.*mip|mipWMask|case.*mip|isWriteMasked|MaskedRegMap\\(Mip'
[03:12:10] [spechunter] [Read] /home/yzs/riscv/opensbi/lib/sbi/sbi_hart.c
[03:12:10] [spechunter] [Read] /home/yzs/riscv/opensbi/lib/sbi/sbi_init.c
[03:12:13] [spechunter] [Grep] pattern='MaskedRegMap\\(Mip'
[03:12:13] [spechunter] [Grep] pattern='class MipBundle|InterruptPendingBundle'
[03:12:13] [spechunter] [Read] /home/yzs/riscv/XiangShan/src/main/scala/xiangshan/backend/fu/NewCSR/MachineLevel.scala
[03:12:13] [spechunter] [Read] /home/yzs/riscv/XiangShan/src/main/scala/xiangshan/backend/fu/NewCSR/NewCSR.scala
[03:12:17] [spechunter] [text] Now let me look at the cold boot init path to understand the ordering.  
[03:12:17] [spechunter] [Read] /home/yzs/riscv/opensbi/lib/sbi/sbi_init.c
[03:12:17] [spechunter] [Read] /home/yzs/riscv/opensbi/lib/sbi/sbi_hart.c
[03:12:20] [spechunter] [Read] /home/yzs/riscv/XiangShan/src/main/scala/xiangshan/backend/fu/NewCSR/MachineLevel.scala
[03:12:20] [spechunter] [Grep] pattern='isWriteMasked|MaskedRegMap\\(Mip'
[03:12:27] [spechunter] [Grep] pattern='class MaskedRegMap|object MaskedRegMap|writemask|writeMask|isWriteMasked'
[03:12:27] [spechunter] [Grep] pattern='MaskedRegMap|WritableMask|Unwritable'
[03:12:43] [spechunter] [Grep] pattern='def apply|MaskedRegMap\\(|writemask|isWriteMasked'
[03:12:47] [spechunter] [text] Now I have a comprehensive picture. Let me verify one more path — the `__switch_to` and preempt notifier interaction.  
[03:12:47] [spechunter] [Grep] pattern='kvm_sched_in|kvm_sched_out|preempt_notifier'
[03:12:47] [spechunter] [Grep] pattern='ENVCFG_STCE'
[03:12:50] [spechunter] [Glob] **/MaskedRegMap*
[03:12:56] [spechunter] [text] Now let me read the key files directly to understand the atomicity window.  
[03:12:56] [spechunter] [Read] /home/yzs/riscv/qemu/target/riscv/csr.c
[03:12:56] [spechunter] [Read] /home/yzs/riscv/qemu/target/riscv/csr.c
[03:12:56] [spechunter] [Read] /home/yzs/riscv/qemu/target/riscv/csr.c
[03:12:57] [spechunter] [Grep] pattern='MaskedRegMap\\(Mip'
[03:12:57] [spechunter] [Read] /home/yzs/riscv/XiangShan/src/main/scala/xiangshan/backend/fu/CSR.scala
[03:13:13] [spechunter] [Grep] pattern='STIP|STCE'
[03:13:13] [spechunter] [Read] /home/yzs/riscv/XiangShan/src/main/scala/xiangshan/backend/fu/NewCSR/SupervisorLevel.scala
[03:13:13] [spechunter] [Grep] pattern='sstc|Sstc|stimecmpWen|stimecmp\\.w'
[03:13:20] [spechunter] [Grep] pattern='STIP|MIP'
[03:13:20] [spechunter] [Grep] pattern='newcsr|NewCSR|csrMod'
[03:13:21] [spechunter] [text] Now let me verify the warm boot path and one more critical file.  
[03:13:21] [spechunter] [Read] /home/yzs/riscv/opensbi/lib/sbi/sbi_init.c
[03:13:21] [spechunter] [Read] /home/yzs/riscv/opensbi/lib/sbi/sbi_init.c
[03:13:53] [spechunter] [text] Now I have all the data needed to compile the findings. Let me verify one more relevant path.  
[03:13:53] [spechunter] [Grep] pattern='csr_write.*CSR_HVIP|ncsr_write.*CSR_HVIP'
[03:13:53] [spechunter] [Grep] pattern='kvm_riscv_vcpu_set_interrupt|kvm_riscv_vcpu_unset_interrupt'
[03:13:56] [spechunter] [text] ```json {   "violation_condition": "FreeBSD bhyve VMM sets HENVCFG_STCE to expose stimecmp to VS-mode guests but never s...
[03:13:58] [spechunter] [Read] /home/yzs/riscv/opensbi/lib/sbi/sbi_hsm.c
[03:14:21] [spechunter] [text] Now let me check the GDB debugger bypass and the timer re-evaluation on post-load.  
[03:14:21] [spechunter] [Grep] pattern='post_load|env->debugger'
[03:14:21] [spechunter] [Grep] pattern='post_load'
[03:14:21] [spechunter] [Read] /home/yzs/riscv/qemu/target/riscv/time_helper.c
[03:14:28] [spechunter] [Read] /home/yzs/riscv/qemu/target/riscv/machine.c
[03:14:28] [spechunter] [Read] /home/yzs/riscv/qemu/target/riscv/machine.c
[03:14:28] [spechunter] [Grep] pattern='SSTC|sstc|stimecmp|STCE'
[03:14:36] [spechunter] [Grep] pattern='stimecmp|STIMECMP'
[03:14:36] [spechunter] [Grep] pattern='stimecmp|STIMECMP|sstc|STCE'
[03:14:36] [spechunter] [Grep] pattern='debugger|gdb_read|gdb_write|gdb_get_csr'
[03:14:40] [spechunter] [TodoWrite] 7 items
[03:14:41] [spechunter] [Grep] pattern='stimecmp|STIMECMP|sstc|STCE'
[03:14:41] [spechunter] [Grep] pattern='riscv_csrrw'
[03:14:42] [spechunter] [Grep] pattern='vstimecmp|vstimecmph|VSTIP|STCE|hcounteren|mcounteren|htimedelta|stimecmp|VTIMER|sstc'
[03:14:42] [spechunter] [Grep] pattern='vstimecmp|vstimecmph|VSTIP|STCE|hcounteren|mcounteren|htimedelta|stimecmp|VTIMER|sstc'
[03:14:42] [spechunter] [Grep] pattern='vstimecmp|vstimecmph|VSTIP|STCE|hcounteren|mcounteren|htimedelta|stimecmp|VTIMER|sstc'
[03:14:42] [spechunter] [Grep] pattern='vstimecmp|vstimecmph|VSTIP|STCE|hcounteren|mcounteren|htimedelta|stimecmp|VTIMER|sstc'
[03:14:42] [spechunter] [Grep] pattern='HENVCFG_STCE|MENVCFG_STCE|STCE'
[03:15:01] [spechunter] [Grep] pattern='riscv_csrrw_debug'
[03:15:01] [spechunter] [Grep] pattern='write_atomic|write_locked|BQL|qemu_mutex'
[03:15:09] [spechunter] [text] Let me verify the critical details and check for potential gaps in the implementation.  
[03:15:09] [spechunter] [Read] /home/yzs/riscv/XiangShan/src/main/scala/xiangshan/backend/fu/NewCSR/CSRPermitModule.scala
[03:15:09] [spechunter] [Read] /home/yzs/riscv/XiangShan/src/main/scala/xiangshan/backend/fu/NewCSR/CSRPermitModule.scala
[03:15:09] [spechunter] [Read] /home/yzs/riscv/XiangShan/src/main/scala/xiangshan/backend/fu/NewCSR/HypervisorLevel.scala
[03:15:15] [spechunter] [text] Now let me check the SBI timer ecall handler and the firmware base trap entry.  
[03:15:15] [spechunter] [Grep] pattern='SBI_EXT_TIME_SET_TIMER|sbi_ecall_timer'
[03:15:15] [spechunter] [Glob] **/sbi_ecall_timer*
[03:15:29] [spechunter] [Read] /home/yzs/riscv/opensbi/lib/sbi/sbi_ecall_time.c
[03:15:29] [spechunter] [Grep] pattern='sbi_ecall_time'
[03:15:41] [spechunter] [Read] /home/yzs/riscv/XiangShan/src/main/scala/xiangshan/backend/fu/NewCSR/MachineLevel.scala
[03:15:41] [spechunter] [Read] /home/yzs/riscv/XiangShan/src/main/scala/xiangshan/backend/fu/NewCSR/SstcInterruptGen.scala
[03:15:41] [spechunter] [Read] /home/yzs/riscv/XiangShan/src/main/scala/xiangshan/backend/fu/NewCSR/VirtualSupervisorLevel.scala
[03:15:56] [spechunter] [text] Let me also check for additional references in broader kernel paths and any `menvcfg.STCE` or `hip` references.  
[03:15:56] [spechunter] [Grep] pattern='hip\\.VSTIP|hvip\\.VSTIP|VSTIP'
[03:15:56] [spechunter] [Grep] pattern='menvcfg|MENVCFG'
[03:15:56] [spechunter] [Grep] pattern='htimedelta|htimedeltah'
[03:15:56] [spechunter] [Grep] pattern='vstimecmp|vstimecmph'
[03:16:00] [spechunter] [text] Now let me synthesize and write the final result JSON.  
[03:16:00] [spechunter] [Bash] Write final analysis JSON
[03:16:10] [spechunter] [text] Let me start by broadly exploring the bhyve RISC-V VMM support and related timer/vstimecmp handling.  
[03:16:10] [spechunter] [Agent] description, prompt
[03:16:10] [spechunter] [Agent] description, prompt
[03:16:10] [spechunter] [Agent] description, prompt
[03:16:27] [spechunter] [text] Now let me check a few more details about the ordering in migration and KVM.  
[03:16:27] [spechunter] [Read] /home/yzs/riscv/qemu/target/riscv/csr.c
[03:16:27] [spechunter] [Read] /home/yzs/riscv/qemu/target/riscv/csr.c
[03:16:29] [spechunter] [text] Let me check a few more critical areas for potential gaps.  
[03:16:29] [spechunter] [Grep] pattern='class HipBundle'
[03:16:29] [spechunter] [Grep] pattern='class HvipBundle'
[03:16:29] [spechunter] [Grep] pattern='getVS|getHS|getM|getLocal'
[03:16:40] [spechunter] [Grep] pattern='csr_write.*mip|csr_set.*mip|csr_clear.*mip|MIP_STIP|mip.*STIP|sip.*STIP|STIP.*sip|STIP.*mip'
[03:16:40] [spechunter] [Grep] pattern='SBI_ECALL_SET_TIMER|ECALL_SET_TIMER|SET_TIMER'
[03:16:54] [spechunter] [text] Let me check some critical remaining areas - the CSR write-enable routing for stimecmp and M-mode access.  
[03:16:54] [spechunter] [Read] /home/yzs/riscv/XiangShan/src/main/scala/xiangshan/backend/fu/NewCSR/NewCSR.scala
[03:16:54] [spechunter] [Grep] pattern='stimecmp|rwStimecmp|rwstimecmp|stimecmpWen'
[03:16:54] [spechunter] [Grep] pattern='writeSideEffectSeq|writeMask|wMask|wmMask|wmask|wenMask'
[03:17:05] [spechunter] [text] Let me also check the CSR encoding definitions and the full riscvreg.h for context.  
[03:17:05] [spechunter] [Grep] pattern='vstimecmp|stimecmp|htimedelta|hcounteren'
[03:17:05] [spechunter] [Read] /home/yzs/riscv/freebsd-src/sys/riscv/include/riscvreg.h
[03:17:05] [spechunter] [Read] /home/yzs/riscv/freebsd-src/sys/riscv/riscv/timer.c
[03:17:16] [spechunter] [text] Let me check the legacy CSR and the M-mode write path for stimecmp.  
[03:17:16] [spechunter] [Read] /home/yzs/riscv/XiangShan/src/main/scala/xiangshan/backend/fu/CSR.scala
[03:17:16] [spechunter] [Grep] pattern='rwStimecmp|stimecmp'
[03:17:16] [spechunter] [Read] /home/yzs/riscv/XiangShan/src/main/scala/xiangshan/backend/fu/NewCSR/NewCSR.scala
[03:17:17] [spechunter] [Grep] pattern='sbi_timer_exit'
[03:17:26] [spechunter] [Read] /home/yzs/riscv/qemu/target/riscv/machine.c
[03:17:26] [spechunter] [Read] /home/yzs/riscv/qemu/target/riscv/machine.c
[03:17:29] [spechunter] [Read] /home/yzs/riscv/opensbi/lib/sbi/sbi_init.c
[03:17:29] [spechunter] [Read] /home/yzs/riscv/opensbi/lib/utils/hsm/fdt_hsm_spacemit.c
[03:17:35] [spechunter] [Bash] List all files in vmm directory
[03:17:35] [spechunter] [Glob] sys/amd64/vmm/**/*.c
[03:17:35] [spechunter] [Grep] pattern='vm.?enter|vmenter|vm_enter'
[03:17:35] [spechunter] [Grep] pattern='vm.?exit|vmexit|vm_exit'
[03:17:35] [spechunter] [Grep] pattern='HENVCFG|henvcfg|STCE'
[03:17:35] [spechunter] [Grep] pattern='htimedelta|vstimecmp|stimecmp'
[03:17:35] [spechunter] [Grep] pattern='hcounteren|mcounteren'
[03:17:35] [spechunter] [Grep] pattern='callout.*timer|timer.*callout'
[03:17:35] [spechunter] [Grep] pattern='vlapic|vtimer'
[03:17:35] [spechunter] [Grep] pattern='virq|vintr'
[03:17:35] [spechunter] [Grep] pattern='VMCS|VMCB|vmcs|vmcb'
[03:18:04] [spechunter] [text] Based on the comprehensive analysis, the critical issue is clear: when STCE is active, `kvm_riscv_vcpu_timer_sync()` nee...
[03:18:04] [spechunter] [Read] /home/yzs/riscv/linux/arch/riscv/kvm/vcpu_timer.c
[03:18:04] [spechunter] [Read] /home/yzs/riscv/linux/arch/riscv/kvm/vcpu.c
[03:18:16] [spechunter] [text] Let me look at how the exception signals are consumed and check for priority issues.  
[03:18:16] [spechunter] [Grep] pattern='mLevelPermit_EX_II|virtualLevelPermit_EX_VI|hasLegalWen|exceptionRedirect|csrException'
[03:18:16] [spechunter] [Grep] pattern='hasLegalWen.*:=|wenLegal'
[03:18:18] [spechunter] [Read] /home/yzs/riscv/freebsd-src/sys/riscv/riscv/trap.c
[03:18:18] [spechunter] [Read] /home/yzs/riscv/freebsd-src/sys/riscv/riscv/swtch.S
[03:18:18] [spechunter] [Grep] pattern='stimecmp'
[03:18:18] [spechunter] [Grep] pattern='vstimecmp'
[03:18:18] [spechunter] [Grep] pattern='htimedelta'
[03:18:18] [spechunter] [Grep] pattern='henvcfg|menvcfg'
[03:18:18] [spechunter] [Grep] pattern='STCE'
[03:18:18] [spechunter] [Grep] pattern='hcounteren|mcounteren'
[03:18:18] [spechunter] [Grep] pattern='VSTIP|hvip|hip'
[03:18:18] [spechunter] [Grep] pattern='Sstc|SSTC'
[03:18:18] [spechunter] [Grep] pattern='timer.*interrupt|timerintr|timer_intr'
[03:18:18] [spechunter] [Grep] pattern='csr_write.*0x14[cd]|csr_write.*0x24d|csr_write.*0x605'
[03:18:21] [spechunter] [Read] /home/yzs/riscv/XiangShan/src/main/scala/xiangshan/backend/fu/NewCSR/CSRPermitModule.scala
[03:18:27] [spechunter] [Read] /home/yzs/riscv/linux/arch/riscv/kvm/vcpu_onereg.c
[03:18:27] [spechunter] [Read] /home/yzs/riscv/linux/arch/riscv/include/asm/kvm_vcpu_timer.h
[03:18:28] [spechunter] [Grep] pattern='vmx_run|vmx_enter_guest|vmx_launch|vmx_resume'
[03:18:28] [spechunter] [Grep] pattern='svm_run|svm_launch|svm_enter|vmrun'
[03:18:28] [spechunter] [Grep] pattern='vm_run|vm_loop'
[03:18:28] [spechunter] [Grep] pattern='vlapic_callout_handler|callout_reset|callout_stop|callout_init'
[03:18:28] [spechunter] [Grep] pattern='TSC_OFFSET|tsc_offset|VMCS_TSC'
[03:18:28] [spechunter] [Grep] pattern='VMCB.*SAVE|vmcb_save|svm_vmrun|svm_launch'
[03:18:28] [spechunter] [Grep] pattern='inject.*intr|intr.*inject|vmx_inject|svm_inject'
[03:18:37] [spechunter] [text] Now let me check how mvip/mip alias mask relates to the STIP gating, and the migration subsection ordering.  
[03:18:37] [spechunter] [Read] /home/yzs/riscv/qemu/target/riscv/csr.c
[03:18:37] [spechunter] [Read] /home/yzs/riscv/qemu/target/riscv/csr.c
[03:18:38] [spechunter] [Read] /home/yzs/riscv/freebsd-src/sys/amd64/vmm/intel/vmx.c
[03:18:38] [spechunter] [Read] /home/yzs/riscv/freebsd-src/sys/amd64/vmm/amd/svm.c
[03:18:38] [spechunter] [Read] /home/yzs/riscv/freebsd-src/sys/amd64/vmm/vmm.c
[03:18:38] [spechunter] [Read] /home/yzs/riscv/freebsd-src/sys/amd64/vmm/io/vlapic.c
[03:18:38] [spechunter] [Read] /home/yzs/riscv/freebsd-src/sys/amd64/vmm/io/vlapic_priv.h
[03:18:38] [spechunter] [Read] /home/yzs/riscv/freebsd-src/sys/amd64/vmm/amd/svm.c
[03:18:42] [spechunter] [text] Let me also check the encoding.h for CSR definitions and search the broader codebase for any remaining references.  
[03:18:42] [spechunter] [Grep] pattern='stimecmp|htimedelta|vstimecmp'
[03:18:42] [spechunter] [Read] /home/yzs/riscv/freebsd-src/sys/riscv/include/encoding.h
[03:18:42] [spechunter] [Grep] pattern='stimecmp|vstimecmp|htimedelta'
[03:18:53] [spechunter] [Read] /home/yzs/riscv/freebsd-src/sys/amd64/vmm/amd/svm.c
[03:18:53] [spechunter] [Read] /home/yzs/riscv/freebsd-src/sys/amd64/vmm/intel/vmx.c
[03:18:53] [spechunter] [Read] /home/yzs/riscv/freebsd-src/sys/amd64/vmm/amd/svm.c
[03:18:53] [spechunter] [Grep] pattern='vtimer|vtime|timer.*virt|virt.*timer'
[03:18:53] [spechunter] [Grep] pattern='vmcb_save|vmcb_state|struct vmcb'
[03:18:53] [spechunter] [Grep] pattern='riscv.*vmm|vmm.*riscv|sys/riscv/vmm'
[03:19:17] [spechunter] [Bash] List RISC-V VMM directory
[03:19:17] [spechunter] [Grep] pattern='HENVCFG|henvcfg|STCE|stce'
[03:19:17] [spechunter] [Grep] pattern='vstimecmp|stimecmp|htimedelta'
[03:19:17] [spechunter] [Grep] pattern='hcounteren|mcounteren'
[03:19:17] [spechunter] [Grep] pattern='callout'
[03:19:17] [spechunter] [Grep] pattern='vmenter|vm_enter|vmrun|vm_run'
[03:19:17] [spechunter] [Grep] pattern='vmexit|vm_exit'
[03:19:17] [spechunter] [Grep] pattern='virq|vintr|inject.*intr|intr.*inject'
[03:19:17] [spechunter] [Grep] pattern='vmcb|vmcs|save.*state|restore.*state'
[03:19:19] [spechunter] [Read] /home/yzs/riscv/freebsd-src/sys/riscv/riscv/timer.c
[03:19:19] [spechunter] [Read] /home/yzs/riscv/freebsd-src/sys/riscv/vmm/vmm_vtimer.c
[03:19:19] [spechunter] [Read] /home/yzs/riscv/freebsd-src/sys/riscv/vmm/vmm_riscv.c
[03:19:19] [spechunter] [Read] /home/yzs/riscv/freebsd-src/sys/riscv/include/riscvreg.h
[03:19:19] [spechunter] [Grep] pattern='timer|stimecmp|tick|clock|sbi.*timer|timerintr'
[03:19:19] [spechunter] [Read] /home/yzs/riscv/freebsd-src/sys/riscv/vmm/vmm_riscv.c
[03:19:19] [spechunter] [Read] /home/yzs/riscv/freebsd-src/sys/riscv/vmm/riscv.h
[03:19:19] [spechunter] [Read] /home/yzs/riscv/freebsd-src/sys/riscv/include/vmm.h
[03:19:19] [spechunter] [Grep] pattern='HCOUNTEREN_CY|HCOUNTEREN_TM|HCOUNTEREN'
[03:19:24] [spechunter] [text] Let me also check if `stimecmp` CSR is declared in encoding.h and look for `vstimecmp` in the broader tree.  
[03:19:24] [spechunter] [Grep] pattern='DECLARE_CSR.*stimecmp|CSR_STIMECMP|stimecmp'
[03:19:24] [spechunter] [Grep] pattern='vstimecmp|vstimecmph|htimedelta'
[03:19:37] [spechunter] [Read] /home/yzs/riscv/freebsd-src/sys/riscv/vmm/vmm_vtimer.c
[03:19:37] [spechunter] [Read] /home/yzs/riscv/freebsd-src/sys/riscv/vmm/vmm_vtimer.h
[03:19:37] [spechunter] [Read] /home/yzs/riscv/freebsd-src/sys/riscv/vmm/vmm_riscv.c
[03:19:37] [spechunter] [Read] /home/yzs/riscv/freebsd-src/sys/riscv/vmm/vmm.c
[03:19:37] [spechunter] [Read] /home/yzs/riscv/freebsd-src/sys/riscv/vmm/vmm_switch.S
[03:19:37] [spechunter] [Read] /home/yzs/riscv/freebsd-src/sys/riscv/vmm/riscv.h
[03:19:39] [spechunter] [Grep] pattern='timer|stimecmp|tick|SET|clock|sbi|STIP|STIE'
[03:19:39] [spechunter] [Read] /home/yzs/riscv/freebsd-src/sys/riscv/vmm/vmm_riscv.c
[03:19:39] [spechunter] [Read] /home/yzs/riscv/freebsd-src/sys/riscv/riscv/identcpu.c
[03:19:39] [spechunter] [Read] /home/yzs/riscv/freebsd-src/sys/riscv/vmm/vmm_riscv.c
[03:19:39] [spechunter] [Grep] pattern='stimecmp|vstimecmp|htimedelta'
[03:19:39] [spechunter] [Grep] pattern='htimedelta'
[03:19:39] [spechunter] [Grep] pattern='STCE|stce'
[03:19:39] [spechunter] [Grep] pattern='sbi_set_timer|SET_TIMER'
[03:19:42] [spechunter] [text] I'll cross-validate the fast-path locations against the PR context. The PR is about moving Sstc documentation text — a s...
[03:19:42] [spechunter] [Read] /home/yzs/riscv/opensbi/lib/sbi/sbi_timer.c
[03:19:42] [spechunter] [Read] /home/yzs/riscv/opensbi/lib/sbi/sbi_hart.c
[03:19:42] [spechunter] [Read] /home/yzs/riscv/opensbi/lib/sbi/sbi_hart.c
[03:19:50] [spechunter] [Read] /home/yzs/riscv/freebsd-src/sys/amd64/vmm/amd/vmcb.h
[03:19:50] [spechunter] [Grep] pattern='svm_inj_interrupts'
[03:19:50] [spechunter] [Read] /home/yzs/riscv/freebsd-src/sys/amd64/vmm/vmm.c
[03:19:50] [spechunter] [Grep] pattern='VCPU_FROZEN|VCPU_RUNNING|VCPU_IDLE'
[03:20:03] [spechunter] [Read] /home/yzs/riscv/freebsd-src/sys/amd64/vmm/amd/svm.c
[03:20:03] [spechunter] [Read] /home/yzs/riscv/freebsd-src/sys/amd64/vmm/amd/vmcb.h
[03:20:03] [spechunter] [text] Let me find where `stimecmp` CSR is actually declared in the kernel, since `csr_write(stimecmp, ...)` is used.  
[03:20:03] [spechunter] [Grep] pattern='DECLARE_CSR.*stimecmp|CSR_STIMECMP|stimecmp'
[03:20:03] [spechunter] [Grep] pattern='CSR_STIMECMP'
[03:20:04] [spechunter] [Read] /home/yzs/riscv/freebsd-src/sys/riscv/vmm/vmm_sbi.c
[03:20:04] [spechunter] [Grep] pattern='has_sstc'
[03:20:04] [spechunter] [Grep] pattern='mcounteren|medeleg|mideleg'
[03:20:04] [spechunter] [Grep] pattern='mcounteren|scounteren'
[03:20:04] [spechunter] [Grep] pattern='htimedelta|vstimecmp|vstimecmp'
[03:20:04] [spechunter] [Grep] pattern='htimedelta|vstimecmp'
[03:20:04] [spechunter] [Grep] pattern='encoding.h.*stimecmp|encoding.h.*vstimecmp|encoding.h.*htimedelta|encoding.h.*henvcfg|encoding.h.*hcounteren'
[03:20:04] [spechunter] [Grep] pattern='CSR_STIMECMP|CSR_VSTIMECMP|CSR_HTIMEDELTA|CSR_HCOUNTEREN|CSR_HENVCFG|CSR_MENVCFG'
[03:20:17] [spechunter] [Grep] pattern='stimecmp'
[03:20:17] [spechunter] [Grep] pattern='stimecmp'
[03:20:17] [spechunter] [TodoWrite] 5 items
[03:20:24] [spechunter] [text] Now let me also check the struct layout to make sure I can access guest_csr from vcpu_timer.c.  
[03:20:24] [spechunter] [Grep] pattern='struct kvm_vcpu_csr'
[03:20:25] [spechunter] [text] Now I have a comprehensive picture. Let me also check one more detail — whether there's a `post_load` on the `vmstate_en...
[03:20:25] [spechunter] [Grep] pattern='post_load'
[03:20:25] [spechunter] [Read] /home/yzs/riscv/qemu/target/riscv/csr.c
[03:20:26] [spechunter] [Grep] pattern='stimecmp|vstimecmp|htimedelta|henvcfg|menvcfg|hcounteren'
[03:20:26] [spechunter] [Read] /home/yzs/riscv/freebsd-src/sys/riscv/vmm/vmm_switch.S
[03:20:26] [spechunter] [Grep] pattern='0x14c|0x14d|0x24d|0x605|CSR_STIMECMP|CSR_VSTIMECMP|CSR_HTIMEDELTA'
[03:20:26] [spechunter] [Grep] pattern='menvcfg|siselect|stimecmp|vstimecmp|htimedelta|hcounteren'
[03:20:26] [spechunter] [Grep] pattern='HSTATUS_VTW|VTW'
[03:20:26] [spechunter] [Grep] pattern='riscv_check_interrupts_pending'
[03:20:28] [spechunter] [Grep] pattern='stimecmp'
[03:20:28] [spechunter] [Bash] Find stimecmp CSR declaration in RISC-V headers
[03:20:29] [spechunter] [Grep] pattern='struct kvm_vcpu_csr'
[03:20:40] [spechunter] [Grep] pattern='#define csr_write'
[03:20:40] [spechunter] [Grep] pattern='#define DECLARE_CSR'
[03:20:57] [spechunter] [Grep] pattern='DECLARE_CSR'
[03:20:57] [spechunter] [Read] /home/yzs/riscv/freebsd-src/sys/riscv/vmm/vmm_riscv.c
[03:20:57] [spechunter] [Read] /home/yzs/riscv/freebsd-src/sys/riscv/vmm/vmm.c
[03:20:57] [spechunter] [Read] /home/yzs/riscv/freebsd-src/sys/riscv/include/sbi.h
[03:20:57] [spechunter] [Grep] pattern='timer|tick|clock|stimecmp|stie|stip'
[03:20:57] [spechunter] [Grep] pattern='csr_write'
[03:20:57] [spechunter] [Grep] pattern='stimecmp'
[03:21:09] [spechunter] [Grep] pattern='#define CSR_'
[03:21:09] [spechunter] [Grep] pattern='csr_write|csr_read|csr_set|csr_clear'
[03:21:09] [spechunter] [Grep] pattern='stimecmp|timer|MTIP|STIP|sbi_set_timer'
[03:21:09] [spechunter] [Grep] pattern='rdtime'
[03:21:09] [spechunter] [Grep] pattern='csr_write|csr_read'
[03:21:11] [spechunter] [text] Now let me get the remaining context on the key files.  
[03:21:11] [spechunter] [Read] /home/yzs/riscv/freebsd-src/sys/riscv/riscv/timer.c
[03:21:11] [spechunter] [Read] /home/yzs/riscv/freebsd-src/sys/riscv/vmm/vmm_vtimer.c
[03:21:11] [spechunter] [Read] /home/yzs/riscv/freebsd-src/sys/riscv/vmm/vmm_riscv.c
[03:21:11] [spechunter] [Read] /home/yzs/riscv/freebsd-src/sys/riscv/vmm/vmm_riscv.c
[03:21:11] [spechunter] [Read] /home/yzs/riscv/freebsd-src/sys/riscv/vmm/vmm_riscv.c
[03:21:11] [spechunter] [Read] /home/yzs/riscv/freebsd-src/sys/riscv/vmm/vmm_riscv.c
[03:21:24] [spechunter] [text] Let me do a final round of checks on the legacy CSR code path and verify it's truly inactive.  
[03:21:24] [spechunter] [Read] /home/yzs/riscv/XiangShan/src/main/scala/xiangshan/backend/fu/CSR.scala
[03:21:24] [spechunter] [Read] /home/yzs/riscv/XiangShan/src/main/scala/xiangshan/backend/fu/wrapper/CSR.scala
[03:21:28] [spechunter] [text] Let me also check how `stimecmp` is resolved as a CSR name and look at the identcpu.c context.  
[03:21:28] [spechunter] [Read] /home/yzs/riscv/freebsd-src/sys/riscv/riscv/identcpu.c
[03:21:28] [spechunter] [Read] /home/yzs/riscv/freebsd-src/sys/riscv/riscv/identcpu.c
[03:21:28] [spechunter] [Read] /home/yzs/riscv/freebsd-src/sys/riscv/riscv/identcpu.c
[03:21:28] [spechunter] [Read] /home/yzs/riscv/freebsd-src/sys/riscv/riscv/identcpu.c
[03:21:28] [spechunter] [Read] /home/yzs/riscv/freebsd-src/sys/riscv/riscv/identcpu.c
[03:21:28] [spechunter] [Read] /home/yzs/riscv/freebsd-src/sys/riscv/include/encoding.h
[03:21:33] [spechunter] [Grep] pattern='0x615|0x605|0x643|0x60a|0x607|0x64d|0x64c|CSR_HENVCFG|CSR_HCOUNTEREN|CSR_HTIMEDELTA'
[03:21:33] [spechunter] [Grep] pattern='0x14c|0x14d|0x24d|stimecmp|vstimecmp'
[03:21:33] [spechunter] [Read] /home/yzs/riscv/freebsd-src/sys/riscv/vmm/vmm_vtimer.h
[03:21:33] [spechunter] [Read] /home/yzs/riscv/freebsd-src/sys/riscv/riscv/genassym.c
[03:21:33] [spechunter] [Grep] pattern='IRQ_TIMER_SUPERVISOR|IRQ_TIMER'
[03:21:33] [spechunter] [Grep] pattern='sbi\\.c'
[03:21:33] [spechunter] [Read] /home/yzs/riscv/freebsd-src/sys/riscv/riscv/sbi.c
[03:21:36] [spechunter] [Grep] pattern='stimecmp'
[03:21:36] [spechunter] [Bash] Find stimecmp CSR definition in encoding.h
[03:21:41] [spechunter] [Bash] Find DECLARE_CSR macro definitions
[03:21:46] [spechunter] [text] Now let me verify the remaining fast-path locations against the SSTC focus.  
[03:21:46] [spechunter] [Read] /home/yzs/riscv/opensbi/lib/sbi/sbi_hsm.c
[03:21:46] [spechunter] [Read] /home/yzs/riscv/opensbi/lib/utils/hsm/fdt_hsm_spacemit.c
[03:21:51] [spechunter] [Grep] pattern='CSR_SENVCFG|CSR_HENVCFG|CSR_HCOUNTEREN|CSR_HTIMEDELTA|CSR_STIMECMP|CSR_VSTIMECMP|CSR_HVIP|CSR_HIDELEG|CSR_HEDELEG|CSR_HIE|CSR_HSTATUS|CSR_HGATP|CSR_VSSTATUS|CSR_VSIE|CSR_VSTVEC|CSR_VSSCRATCH|CSR_VSEPC|CSR_VSCAUSE|CSR_VSTVAL|CSR_VSATP'
[03:21:51] [spechunter] [Grep] pattern='csr_write\\(stimecmp|csr_write\\(vstimecmp|csr_write\\(htimedelta|csr_write\\(henvcfg|csr_write\\(hcounteren|csr_write\\(hvip|csr_write\\(hideleg|csr_write\\(hedeleg|csr_write\\(hie|csr_write\\(hstatus|csr_write\\(hgatp|csr_write\\(vsstatus|csr_write\\(vsie|csr_write\\(vstvec'
[03:21:51] [spechunter] [Read] /home/yzs/riscv/freebsd-src/sys/riscv/include/riscvreg.h
[03:22:01] [spechunter] [Bash] Search for stimecmp CSR definition in encoding.h
[03:22:01] [spechunter] [Grep] pattern='DECLARE_CSR'
[03:22:03] [spechunter] [Read] /tmp/claude-1000/-home-yzs-riscv-freebsd-src/b3b628db-4ccd-4573-bbc1-9e74513e3547/tasks/a092e2fc5ea8c8596.output
[03:22:06] [spechunter] [Read] /home/yzs/riscv/freebsd-src/sys/riscv/riscv/trap.c
[03:22:06] [spechunter] [Read] /home/yzs/riscv/freebsd-src/sys/riscv/riscv/sbi.c
[03:22:06] [spechunter] [Grep] pattern='has_sstc|has_time_extension|sbi_probe'
[03:22:06] [spechunter] [Bash] Count lines in trap.c
[03:22:06] [spechunter] [Grep] pattern='HSTATUS_VTW|VTW'
[03:22:09] [spechunter] [Read] /home/yzs/riscv/freebsd-src/sys/riscv/include/riscvreg.h
[03:22:09] [spechunter] [Bash] Find all stimecmp references in sys/
[03:22:18] [spechunter] [TodoWrite] 5 items
[03:22:21] [spechunter] [Read] /tmp/claude-1000/-home-yzs-riscv-freebsd-src/b3b628db-4ccd-4573-bbc1-9e74513e3547/tasks/a092e2fc5ea8c8596.output
[03:22:24] [spechunter] [Grep] pattern='stimecmp'
[03:22:32] [spechunter] [Read] /tmp/claude-1000/-home-yzs-riscv-freebsd-src/b3b628db-4ccd-4573-bbc1-9e74513e3547/tasks/a092e2fc5ea8c8596.output
[03:22:32] [spechunter] [text] Now I have a complete picture. Let me create the fix plan and implement it.  
[03:22:32] [spechunter] [TodoWrite] 6 items
[03:22:34] [spechunter] [text] Now I have a complete picture. Let me compile the analysis into the JSON output.  
[03:22:34] [spechunter] [Write] /home/yzs/riscv/qemu/analysis_sstc_stce_atomicity.json
[03:22:41] [spechunter] [Bash] Count lines in background agent output
[03:22:44] [spechunter] [Read] /tmp/claude-1000/-home-yzs-riscv-freebsd-src/b3b628db-4ccd-4573-bbc1-9e74513e3547/tasks/a092e2fc5ea8c8596.output
[03:22:45] [spechunter] [text] Here is the analysis. The JSON has been written to `analysis_sstc_stce_atomicity.json`.  ## Key findings  **17 locations...
[03:22:50] [spechunter] [Read] /tmp/claude-1000/-home-yzs-riscv-freebsd-src/b3b628db-4ccd-4573-bbc1-9e74513e3547/tasks/a092e2fc5ea8c8596.output
[03:22:55] [spechunter] [Read] /tmp/claude-1000/-home-yzs-riscv-freebsd-src/b3b628db-4ccd-4573-bbc1-9e74513e3547/tasks/a092e2fc5ea8c8596.output
[03:23:04] [spechunter] [text] Now let me verify the remaining locations for completeness.  
[03:23:04] [spechunter] [Read] /home/yzs/riscv/opensbi/include/sbi/riscv_encoding.h
[03:23:04] [spechunter] [Read] /home/yzs/riscv/opensbi/include/sbi/riscv_encoding.h
[03:23:04] [spechunter] [Read] /home/yzs/riscv/opensbi/include/sbi/riscv_encoding.h
[03:23:04] [spechunter] [Read] /home/yzs/riscv/opensbi/lib/sbi/sbi_hart.c
[03:23:15] [spechunter] [Read] /tmp/claude-1000/-home-yzs-riscv-freebsd-src/b3b628db-4ccd-4573-bbc1-9e74513e3547/tasks/a092e2fc5ea8c8596.output
[03:23:31] [spechunter] [Read] /tmp/claude-1000/-home-yzs-riscv-freebsd-src/b3b628db-4ccd-4573-bbc1-9e74513e3547/tasks/a092e2fc5ea8c8596.output
[03:23:36] [spechunter] [text] Here is the complete result:  ```json {   "locations": [     {       "file_path": "sys/riscv/include/riscvreg.h",       ...
[03:23:37] [spechunter] [Read] /tmp/claude-1000/-home-yzs-riscv-freebsd-src/b3b628db-4ccd-4573-bbc1-9e74513e3547/tasks/a092e2fc5ea8c8596.output
[03:23:46] [spechunter] [Bash] Read last 50 lines of background agent output
[03:24:07] [spechunter] [Bash] Count lines in background agent output
[03:24:12] [spechunter] [text] ## Analysis  The PR title "Move Sstc text to relevant sections in Machine, Supervisor, and Hypervisor chapters" describe...
[03:24:19] [spechunter] [Read] /tmp/claude-1000/-home-yzs-riscv-freebsd-src/b3b628db-4ccd-4573-bbc1-9e74513e3547/tasks/a092e2fc5ea8c8596.output
[03:24:20] [spechunter] [text] I'll verify a few key locations to cross-validate line numbers and content, then produce the final deduplicated set.  
[03:24:20] [spechunter] [Read] /home/yzs/riscv/qemu/target/riscv/cpu_helper.c
[03:24:20] [spechunter] [Read] /home/yzs/riscv/qemu/hw/intc/riscv_aclint.c
[03:24:20] [spechunter] [Read] /home/yzs/riscv/qemu/target/riscv/csr.c
[03:24:32] [spechunter] [text] Let me systematically find and analyze all relevant code locations related to Sstc/STIP handling in the kernel.  
[03:24:32] [spechunter] [Agent] description, prompt
[03:24:40] [spechunter] [text] Let me verify a few more locations to cross-validate line numbers.  
[03:24:40] [spechunter] [Grep] pattern='read_menvcfg|write_menvcfg|write_menvcfgh'
[03:24:40] [spechunter] [Grep] pattern='read_henvcfg|write_henvcfg|write_henvcfgh'
[03:24:40] [spechunter] [Grep] pattern='rmw_mip64'
[03:24:40] [spechunter] [Grep] pattern='bool sstc\\b|static RISCVException sstc'
[03:24:50] [spechunter] [text] Let me check the sip CSR module body to verify STIP aliasing with STCE properly.  
[03:24:50] [spechunter] [Grep] pattern='val sip = Module'
[03:24:50] [spechunter] [Grep] pattern='val vsip = Module'
[03:25:32] [spechunter] [Read] /tmp/claude-1000/-home-yzs-riscv-freebsd-src/b3b628db-4ccd-4573-bbc1-9e74513e3547/tasks/a092e2fc5ea8c8596.output
[03:25:32] [spechunter] [Bash] Check total lines in task output file
[03:25:39] [spechunter] [Read] /tmp/claude-1000/-home-yzs-riscv-freebsd-src/b3b628db-4ccd-4573-bbc1-9e74513e3547/tasks/a092e2fc5ea8c8596.output
[03:25:55] [spechunter] [text] Let me verify the STCE-specific logic in `rmw_mip64` and check the CSR table entries.  
[03:25:55] [spechunter] [Read] /home/yzs/riscv/qemu/target/riscv/csr.c
[03:25:55] [spechunter] [Read] /home/yzs/riscv/qemu/target/riscv/csr.c
[03:25:55] [spechunter] [Read] /home/yzs/riscv/qemu/target/riscv/csr.c
[03:25:55] [spechunter] [Read] /home/yzs/riscv/qemu/target/riscv/csr.c
[03:26:12] [spechunter] [Write] /home/yzs/riscv/opensbi/locations/sstc_spec_move.json
[03:26:22] [spechunter] [text] Now I have a thorough understanding of the entire implementation. Let me compile the final audit report.  
[03:26:22] [spechunter] [TodoWrite] 5 items
[03:26:25] [spechunter] [Grep] pattern='csr_write|csr_set|csr_clear'
[03:26:25] [spechunter] [Grep] pattern='STIP|VSTIP'
[03:26:25] [spechunter] [Grep] pattern='stimecmp|vstimecmp'
[03:26:25] [spechunter] [Grep] pattern='stimecmp|vstimecmp'
[03:26:25] [spechunter] [Grep] pattern='__kvm_riscv_vcpu_timer|kvm_riscv_vstimecmp'
[03:26:25] [spechunter] [Grep] pattern='SSTC|sstc'
[03:26:25] [spechunter] [Grep] pattern='STCE|menvcfg.*STCE|henvcfg.*STCE'
[03:26:32] [spechunter] [TodoWrite] 7 items
[03:26:49] [spechunter] [Read] /home/yzs/riscv/linux/arch/riscv/kvm/vcpu_timer.c
[03:26:49] [spechunter] [Read] /home/yzs/riscv/linux/arch/riscv/kernel/suspend.c
[03:26:49] [spechunter] [Read] /home/yzs/riscv/linux/arch/riscv/include/asm/kvm_vcpu_timer.h
[03:26:49] [spechunter] [Read] /home/yzs/riscv/linux/arch/riscv/include/asm/suspend.h
[03:26:49] [spechunter] [Grep] pattern='STIP|SIP_|mip_|IE_TIE|IE_STIE|VSTIP'
[03:26:49] [spechunter] [Grep] pattern='hvip|HVIP|HVIP_VSSIP|HVIP_VSTIP'
[03:26:50] [spechunter] [text] Now let me read the critical source files in detail.  
[03:26:50] [spechunter] [Read] /home/yzs/riscv/freebsd-src/sys/riscv/vmm/vmm_riscv.c
[03:26:50] [spechunter] [Read] /home/yzs/riscv/freebsd-src/sys/riscv/vmm/vmm_vtimer.c
[03:26:50] [spechunter] [Read] /home/yzs/riscv/freebsd-src/sys/riscv/vmm/vmm_switch.S
[03:26:50] [spechunter] [Read] /home/yzs/riscv/freebsd-src/sys/riscv/vmm/riscv.h
[03:26:53] [spechunter] [text] Let me check the ACLINT context more carefully to understand if it's directly Sstc-relevant.  
[03:26:53] [spechunter] [Read] /home/yzs/riscv/qemu/hw/intc/riscv_aclint.c
[03:26:53] [spechunter] [Grep] pattern='read_stimecmp\\b'
[03:27:08] [spechunter] [Read] /home/yzs/riscv/freebsd-src/sys/riscv/vmm/vmm_vtimer.h
[03:27:08] [spechunter] [Read] /home/yzs/riscv/freebsd-src/sys/riscv/vmm/vmm_sbi.c
[03:27:08] [spechunter] [Read] /home/yzs/riscv/freebsd-src/sys/riscv/include/riscvreg.h
[03:27:08] [spechunter] [Read] /home/yzs/riscv/freebsd-src/sys/riscv/riscv/timer.c
[03:27:11] [spechunter] [Grep] pattern='SIP_|IRQ_S_TIMER|IRQ_VS_TIMER|IRQ_TIMER|RV_IRQ_TIMER'
[03:27:11] [spechunter] [Grep] pattern='CSR_SIP|CSR_SIE|CSR_STIMECMP|CSR_VSTIMECMP|CSR_HTIMEDELTA|CSR_MIP|CSR_MIE'
[03:27:11] [spechunter] [Read] /home/yzs/riscv/linux/arch/riscv/include/asm/switch_to.h
[03:27:11] [spechunter] [Grep] pattern='IRQ_VS_TIMER|IRQ_S_TIMER'
[03:27:11] [spechunter] [Grep] pattern='kvm_riscv_vcpu_set_interrupt|kvm_riscv_vcpu_unset_interrupt|kvm_riscv_vcpu_has_interrupt'
[03:27:11] [spechunter] [Grep] pattern='ENVCFG_STCE|envcfg.*STCE|STCE'
[03:27:22] [spechunter] [text] Let me also check the genassym file and look for any timer interrupt injection from the VMM core.  
[03:27:22] [spechunter] [Read] /home/yzs/riscv/freebsd-src/sys/riscv/riscv/genassym.c
[03:27:22] [spechunter] [Read] /home/yzs/riscv/freebsd-src/sys/riscv/vmm/vmm.c
[03:27:22] [spechunter] [Grep] pattern='VTIMER|vtimer|timer.*interrupt|vstimecmp|stimecmp|htimedelta'
[03:27:25] [spechunter] [Grep] pattern='kvm_riscv_vcpu_set_interrupt|kvm_riscv_vcpu_unset_interrupt|kvm_riscv_vcpu_has_interrupts'
[03:27:25] [spechunter] [Grep] pattern='timer_next_event|timer_pending|timer_restore|timer_save|timer_sync|timer_blocking|timer_unblocking'
[03:27:25] [spechunter] [Grep] pattern='stimecmp|STIMECMP|htimedelta|HTIMEDELTA'
[03:27:25] [spechunter] [Grep] pattern='IRQ_VS_TIMER|IRQ_S_TIMER'
[03:27:25] [spechunter] [Grep] pattern='kvm_riscv_vcpu_set_interrupt|kvm_riscv_vcpu_unset_interrupt|kvm_riscv_vcpu_has_interrupts'
[03:27:25] [spechunter] [Read] /home/yzs/riscv/linux/arch/riscv/kernel/cpufeature.c
[03:27:34] [spechunter] [Read] /home/yzs/riscv/linux/arch/riscv/kvm/vcpu.c
[03:27:34] [spechunter] [Read] /home/yzs/riscv/linux/arch/riscv/kvm/vcpu.c
[03:27:34] [spechunter] [Read] /home/yzs/riscv/linux/arch/riscv/include/asm/csr.h
[03:27:34] [spechunter] [Read] /home/yzs/riscv/linux/arch/riscv/include/asm/csr.h
[03:28:00] [spechunter] [text] Now let me search for a few more related paths to be thorough.  
[03:28:00] [spechunter] [Grep] pattern='callout_stop|callout_drain|callout_reset'
[03:28:00] [spechunter] [Grep] pattern='vcpu_notify_event|vcpu_should_yield'
[03:28:00] [spechunter] [Grep] pattern='hideleg|hedeleg|IRQ_TIMER_HYPERVISOR'
[03:28:06] [spechunter] [text] ## Cross-validation results  **16 fast-path entries → 10 retained, 7 removed.**  ### Removed (not SSTC-relevant)  | Loca...
[03:28:11] [spechunter] [Read] /home/yzs/riscv/linux/arch/riscv/include/asm/csr.h
[03:28:11] [spechunter] [Read] /home/yzs/riscv/linux/arch/riscv/kvm/vcpu.c
[03:28:11] [spechunter] [Read] /home/yzs/riscv/linux/arch/riscv/kvm/main.c
[03:28:11] [spechunter] [Grep] pattern='kvm_riscv_vcpu_timer_save|kvm_riscv_vcpu_timer_restore|kvm_riscv_vcpu_timer_sync'
[03:28:11] [spechunter] [Read] /home/yzs/riscv/linux/tools/testing/selftests/kvm/riscv/arch_timer.c
[03:28:11] [spechunter] [Grep] pattern='SSTC|sstc'
[03:28:25] [spechunter] [Grep] pattern='timer_get_cmp|timer_get_cycles|timer_set_next_cmp|timer_irq'
[03:28:25] [spechunter] [Grep] pattern='sbi_set_timer|sbi_ecall.*TIME|SBI_EXT_TIME'
[03:28:25] [spechunter] [Grep] pattern='timer_info|timer_riscv|clocksource.*timer'
[03:28:25] [spechunter] [Read] /home/yzs/riscv/linux/arch/riscv/kvm/vcpu_exit.c
[03:28:40] [spechunter] [text] I'll start by reading the relevant source files to understand the codebase context and then analyze each location.  
[03:28:40] [spechunter] [Agent] subagent_type, description
[03:28:42] [spechunter] [Read] /home/yzs/riscv/linux/arch/riscv/kvm/vcpu_sbi_replace.c
[03:28:42] [spechunter] [Grep] pattern='clocksource|timer-riscv|riscv_timer'
[03:28:42] [spechunter] [Glob] **/clocksource/timer-riscv*
[03:28:42] [spechunter] [Glob] **/timer-riscv*
[03:28:52] [spechunter] [Read] /home/yzs/riscv/linux/include/clocksource/timer-riscv.h
[03:28:52] [spechunter] [Grep] pattern='riscv_cs_get_mult_shift|riscv_timebase|sstc|SSTC|stimecmp|STIMECMP|STCE'
[03:28:52] [spechunter] [Read] /home/yzs/riscv/linux/arch/riscv/kernel/process.c
[03:28:58] [spechunter] [text] Now I have a complete picture. Here is the comprehensive audit report:  ```json {   "target": "xiangshan",   "pr_context...
[03:29:06] [spechunter] [text] Now I have enough information for a comprehensive analysis. Let me verify the `senvcfg` field in hypcsr is actually unus...
[03:29:06] [spechunter] [Grep] pattern='senvcfg'
[03:29:06] [spechunter] [Grep] pattern='VIRTUAL_INSTRUCTION|virtual.instruction|MATCH_WFI'
[03:29:06] [spechunter] [Grep] pattern='has_sstc'
[03:29:06] [spechunter] [Read] /home/yzs/riscv/linux/arch/riscv/kernel/sbi.c
[03:29:06] [spechunter] [Read] /home/yzs/riscv/linux/drivers/clocksource/timer-riscv.c
[03:29:06] [spechunter] [Read] /home/yzs/riscv/linux/arch/riscv/kvm/main.c
[03:29:35] [spechunter] [TodoWrite] 7 items
[03:29:39] [spechunter] [text] Now I have all the data I need for cross-validation. Here's the final deduplicated, ranked review.  ```json {   "locatio...
[03:29:40] [spechunter] [text] ## Cross-Validation Analysis  **PR context**: "Move Sstc text to relevant sections in Machine, Supervisor, and Hyperviso...
[03:29:40] [spechunter] [Bash] Check recent commits to understand what actually changed
[03:29:56] [spechunter] [text] I'll systematically search for and analyze the relevant Sstc/STCE code in this QEMU codebase.  
[03:29:56] [spechunter] [Grep] pattern='stimecmp|STCE|sstc'
[03:29:56] [spechunter] [Grep] pattern='riscv_sstc_enabled|sstc_enabled|stimecmp.*check|STCE'
[03:29:58] [spechunter] [Grep] pattern='CSR_MIP'
[03:29:58] [spechunter] [Grep] pattern='MIP_STIP'
[03:29:58] [spechunter] [Grep] pattern='STIP|STI'
[03:29:58] [spechunter] [Grep] pattern='STCE'
[03:29:58] [spechunter] [Grep] pattern='menvcfg'
[03:29:58] [spechunter] [Grep] pattern='stimecmp|STIMECMP'
[03:29:58] [spechunter] [Grep] pattern='sstc|SSTC'
[03:29:58] [spechunter] [Glob] lib/sbi/sbi_timer.c
[03:29:58] [spechunter] [Glob] lib/sbi/sbi_hsm.c
[03:29:58] [spechunter] [Glob] lib/sbi/sbi_init.c
[03:29:58] [spechunter] [Glob] lib/sbi/sbi_ecall*.c
[03:30:18] [spechunter] [text] Let me read the critical code sections in detail.  
[03:30:18] [spechunter] [Read] /home/yzs/riscv/qemu/target/riscv/csr.c
[03:30:18] [spechunter] [Read] /home/yzs/riscv/qemu/target/riscv/csr.c
[03:30:18] [spechunter] [Read] /home/yzs/riscv/qemu/target/riscv/csr.c
[03:30:18] [spechunter] [Read] /home/yzs/riscv/qemu/target/riscv/csr.c
[03:30:18] [spechunter] [Read] /home/yzs/riscv/qemu/target/riscv/csr.c
[03:30:18] [spechunter] [Read] /home/yzs/riscv/qemu/target/riscv/time_helper.c
[03:30:42] [spechunter] [text] Let me read the stimecmp CSR access handlers and check for migration/KVM paths.  
[03:30:42] [spechunter] [Grep] pattern='stimecmp|vstimecmp'
[03:30:42] [spechunter] [Grep] pattern='stimecmp|vstimecmp|stimer|vstimer'
[03:30:42] [spechunter] [Grep] pattern='STCE|stimecmp|sstc'
[03:30:42] [spechunter] [Grep] pattern='stimecmp|vstimecmp'
[03:30:42] [spechunter] [Read] /home/yzs/riscv/opensbi/lib/sbi/sbi_timer.c
[03:30:42] [spechunter] [Read] /home/yzs/riscv/opensbi/lib/sbi/sbi_hart.c
[03:30:42] [spechunter] [Read] /home/yzs/riscv/opensbi/lib/sbi/sbi_hart.c
[03:30:42] [spechunter] [Read] /home/yzs/riscv/opensbi/lib/sbi/sbi_hsm.c
[03:30:42] [spechunter] [Read] /home/yzs/riscv/opensbi/lib/sbi/sbi_hart.c
[03:30:42] [spechunter] [Read] /home/yzs/riscv/opensbi/lib/sbi/sbi_hart.c
[03:30:42] [spechunter] [Read] /home/yzs/riscv/opensbi/include/sbi/riscv_encoding.h
[03:30:42] [spechunter] [Read] /home/yzs/riscv/opensbi/include/sbi/riscv_encoding.h
[03:30:49] [spechunter] [text] ## Cross-Validation Results  **PR assessment**: This PR (title: "Move Sstc text to relevant sections in Machine, Supervi...
[03:31:01] [spechunter] [Read] /home/yzs/riscv/qemu/target/riscv/csr.c
[03:31:01] [spechunter] [Read] /home/yzs/riscv/qemu/target/riscv/csr.c
[03:31:01] [spechunter] [Read] /home/yzs/riscv/qemu/target/riscv/machine.c
[03:31:01] [spechunter] [Read] /home/yzs/riscv/qemu/target/riscv/machine.c
[03:31:07] [spechunter] [Read] /home/yzs/riscv/qemu/target/riscv/machine.c
[03:31:07] [spechunter] [Grep] pattern='sip.*STIP|mip.*STIP|STIP.*writable|rmw_sip|read_sip'
[03:31:07] [spechunter] [Grep] pattern='sstc'
[03:31:14] [spechunter] [Read] /home/yzs/riscv/qemu/target/riscv/csr.c
[03:31:14] [spechunter] [Read] /home/yzs/riscv/qemu/target/riscv/csr.c
[03:31:14] [spechunter] [Read] /home/yzs/riscv/qemu/target/riscv/csr.c
[03:31:20] [spechunter] [Agent] description, prompt
[03:31:21] [spechunter] [Read] /home/yzs/riscv/opensbi/include/sbi/riscv_encoding.h
[03:31:21] [spechunter] [Read] /home/yzs/riscv/opensbi/include/sbi/riscv_encoding.h
[03:31:21] [spechunter] [Read] /home/yzs/riscv/opensbi/lib/sbi/sbi_ecall_time.c
[03:31:21] [spechunter] [Read] /home/yzs/riscv/opensbi/lib/sbi/sbi_hsm.c
[03:31:21] [spechunter] [Read] /home/yzs/riscv/opensbi/include/sbi/sbi_timer.h
[03:31:21] [spechunter] [Read] /home/yzs/riscv/opensbi/include/sbi/sbi_hart.h
[03:31:21] [spechunter] [Read] /home/yzs/riscv/opensbi/lib/sbi/sbi_init.c
[03:31:39] [spechunter] [text] Now let me read the most critical code locations in detail to perform the security analysis.  
[03:31:39] [spechunter] [Read] /home/yzs/riscv/linux/arch/riscv/kvm/vcpu_timer.c
[03:31:39] [spechunter] [Read] /home/yzs/riscv/linux/drivers/clocksource/timer-riscv.c
[03:31:39] [spechunter] [Read] /home/yzs/riscv/linux/arch/riscv/kvm/vcpu.c
[03:31:44] [spechunter] [Grep] pattern='STIMECMP'
[03:31:44] [spechunter] [Grep] pattern='DPE|DTE|dte|dpe'
[03:31:44] [spechunter] [Grep] pattern='ENVCFG_DTE'
[03:31:44] [spechunter] [Grep] pattern='csr_write.*STIMECMP|csr_set.*STIMECMP|csr_read.*STIMECMP'
[03:31:44] [spechunter] [Grep] pattern='STIMECMP'
[03:31:47] [spechunter] [text] Let me also check a few more critical areas — the S-mode interrupt entry path and any SIP manipulation related to timer ...
[03:31:47] [spechunter] [Read] /home/yzs/riscv/linux/arch/riscv/kernel/entry.S
[03:31:47] [spechunter] [Read] /home/yzs/riscv/linux/arch/riscv/kvm/main.c
[03:31:55] [spechunter] [text] Let me check the host-side interrupt handler and the SBI timer set path, plus look for any direct SIP manipulation relat...
[03:31:55] [spechunter] [Grep] pattern='csr_write.*CSR_SIP|csr_set.*CSR_SIP|csr_clear.*CSR_SIP|csr_write.*CSR_IP|mip.*STIP|sip.*STIP|STIP'
[03:31:55] [spechunter] [Grep] pattern='do_irq|riscv_timer_interrupt|handle_percpu_devid_irq|RV_IRQ_TIMER'
[03:31:55] [spechunter] [Read] /home/yzs/riscv/linux/drivers/clocksource/timer-riscv.h
[03:32:00] [spechunter] [Read] /home/yzs/riscv/opensbi/lib/sbi/sbi_fwft.c
[03:32:00] [spechunter] [Read] /home/yzs/riscv/opensbi/include/sbi/riscv_encoding.h
[03:32:00] [spechunter] [Read] /home/yzs/riscv/opensbi/lib/sbi/sbi_fwft.c
[03:32:00] [spechunter] [Read] /home/yzs/riscv/opensbi/lib/sbi/sbi_hsm.c
[03:32:01] [spechunter] [text] Let me look at the interrupt handling and a few more key pieces.  
[03:32:01] [spechunter] [Read] /home/yzs/riscv/linux/arch/riscv/kernel/traps.c
[03:32:01] [spechunter] [Read] /home/yzs/riscv/linux/arch/riscv/include/asm/kvm_nacl.h
[03:32:01] [spechunter] [Read] /home/yzs/riscv/linux/include/clocksource/timer-riscv.h
[03:32:09] [spechunter] [text] Now I have a comprehensive picture. Let me compile the final JSON report.  ```json {   "target": "freebsd-src",   "viola...
[03:32:15] [spechunter] [Read] /home/yzs/riscv/opensbi/lib/utils/hsm/fdt_hsm_spacemit.c
[03:32:15] [spechunter] [Grep] pattern='sbi_ecall_time_handler\\|SBI_EXT_TIME_SET_TIMER'
[03:32:15] [spechunter] [Grep] pattern='__check_ext_csr'
[03:32:18] [spechunter] [text] Let me check a few more important locations - the SBI set_timer path and confirm there is no SIP manipulation in the tim...
[03:32:18] [spechunter] [Read] /home/yzs/riscv/linux/arch/riscv/kernel/sbi.c
[03:32:18] [spechunter] [Grep] pattern='CSR_STIMECMP|CSR_VSTIMECMP'
[03:32:18] [spechunter] [Grep] pattern='csr_write.*CSR_IP|csr_set.*CSR_IP|csr_clear.*CSR_IP|CSR_IP'
[03:32:23] [spechunter] [Grep] pattern='STIP'
[03:32:23] [spechunter] [Grep] pattern='stimecmp'
[03:32:23] [spechunter] [Grep] pattern='vstimecmp'
[03:32:23] [spechunter] [Grep] pattern='STCE'
[03:32:23] [spechunter] [Grep] pattern='Sstc'
[03:32:23] [spechunter] [Grep] pattern='[Vv]stip'
[03:32:23] [spechunter] [Grep] pattern='htimedelta'
[03:32:26] [spechunter] [Read] /home/yzs/riscv/opensbi/lib/sbi/sbi_hart.c
[03:32:41] [spechunter] [Read] /home/yzs/riscv/freebsd-src/sys/riscv/include/riscvreg.h
[03:32:41] [spechunter] [Read] /home/yzs/riscv/freebsd-src/sys/riscv/riscv/timer.c
[03:32:41] [spechunter] [Read] /home/yzs/riscv/freebsd-src/sys/riscv/vmm/vmm_riscv.c
[03:34:13] [spechunter] [Read] /home/yzs/riscv/XiangShan/src/main/scala/xiangshan/backend/fu/NewCSR/SstcInterruptGen.scala
[03:34:13] [spechunter] [Read] /home/yzs/riscv/XiangShan/src/main/scala/xiangshan/backend/fu/NewCSR/MachineLevel.scala
[03:34:13] [spechunter] [Read] /home/yzs/riscv/XiangShan/src/main/scala/xiangshan/backend/fu/NewCSR/HypervisorLevel.scala
[03:34:13] [spechunter] [Read] /home/yzs/riscv/XiangShan/src/main/scala/xiangshan/backend/fu/NewCSR/CSRPermitModule.scala
[03:34:13] [spechunter] [Read] /home/yzs/riscv/XiangShan/src/main/scala/xiangshan/backend/fu/NewCSR/CSRPermitModule.scala
[03:34:13] [spechunter] [Read] /home/yzs/riscv/XiangShan/src/main/scala/xiangshan/backend/fu/NewCSR/CSRPermitModule.scala
[03:34:13] [spechunter] [Read] /home/yzs/riscv/XiangShan/src/main/scala/xiangshan/backend/fu/NewCSR/SupervisorLevel.scala
[03:34:13] [spechunter] [Read] /home/yzs/riscv/XiangShan/src/main/scala/xiangshan/backend/fu/NewCSR/VirtualSupervisorLevel.scala
[03:34:13] [spechunter] [Read] /home/yzs/riscv/XiangShan/src/main/scala/xiangshan/backend/fu/NewCSR/MachineLevel.scala
[03:34:13] [spechunter] [Read] /home/yzs/riscv/XiangShan/src/main/scala/xiangshan/backend/fu/NewCSR/HypervisorLevel.scala
[03:34:13] [spechunter] [Read] /home/yzs/riscv/XiangShan/src/main/scala/xiangshan/backend/fu/NewCSR/CSRBundles.scala
[03:34:13] [spechunter] [Read] /home/yzs/riscv/XiangShan/src/main/scala/xiangshan/backend/fu/NewCSR/NewCSR.scala
[03:34:13] [spechunter] [Read] /home/yzs/riscv/XiangShan/src/main/scala/xiangshan/backend/fu/NewCSR/NewCSR.scala
[03:34:13] [spechunter] [Read] /home/yzs/riscv/XiangShan/src/main/scala/xiangshan/backend/fu/NewCSR/NewCSR.scala
[03:34:13] [spechunter] [Read] /home/yzs/riscv/XiangShan/src/main/scala/xiangshan/backend/fu/NewCSR/NewCSR.scala
[03:34:13] [spechunter] [Read] /home/yzs/riscv/XiangShan/src/main/scala/xiangshan/backend/fu/NewCSR/NewCSR.scala
[03:34:13] [spechunter] [Read] /home/yzs/riscv/XiangShan/src/main/scala/xiangshan/backend/fu/NewCSR/HypervisorLevel.scala
[03:34:15] [spechunter] [text] Let me read the specific code locations to confirm the analysis.  
[03:34:15] [spechunter] [Read] /home/yzs/riscv/opensbi/lib/sbi/sbi_timer.c
[03:34:15] [spechunter] [Read] /home/yzs/riscv/opensbi/lib/sbi/sbi_hsm.c
[03:34:15] [spechunter] [Read] /home/yzs/riscv/opensbi/lib/sbi/sbi_hart.c
[03:34:22] [spechunter] [text] Let me also read the remaining files that write to MIP_STIP.  
[03:34:22] [spechunter] [Read] /home/yzs/riscv/opensbi/lib/utils/hsm/fdt_hsm_spacemit.c
[03:34:22] [spechunter] [Read] /home/yzs/riscv/opensbi/lib/sbi/sbi_fwft.c
[03:34:22] [spechunter] [Read] /home/yzs/riscv/opensbi/lib/sbi/sbi_ipi.c
[03:34:25] [spechunter] [text] Now let me check the sip read path more carefully to understand how STIP is reflected.  
[03:34:25] [spechunter] [Read] /home/yzs/riscv/qemu/target/riscv/csr.c
[03:34:25] [spechunter] [Grep] pattern='S_MODE_INTERRUPTS|LOCAL_INTERRUPTS|MIP_STIP|MIP_VSTIP'
[03:34:25] [spechunter] [Grep] pattern='rmw_vsip'
[03:34:26] [spechunter] [text] Now I have a thorough understanding of the entire Sstc/SSTIP landscape. Let me compile the final audit report.  
[03:34:26] [spechunter] [TodoWrite] 5 items
[03:34:32] [spechunter] [Read] /home/yzs/riscv/qemu/target/riscv/csr.c
[03:34:32] [spechunter] [Grep] pattern='sstc|stimecmp|htimedelta'
[03:34:32] [spechunter] [Grep] pattern='sstc|stimer|stimecmp'
[03:34:35] [spechunter] [Read] /home/yzs/riscv/XiangShan/src/main/scala/xiangshan/backend/fu/NewCSR/VirtualSupervisorLevel.scala
[03:34:35] [spechunter] [Read] /home/yzs/riscv/XiangShan/src/main/scala/xiangshan/backend/fu/NewCSR/Unprivileged.scala
[03:34:35] [spechunter] [Read] /home/yzs/riscv/XiangShan/src/main/scala/xiangshan/backend/fu/NewCSR/Unprivileged.scala
[03:34:35] [spechunter] [Read] /home/yzs/riscv/XiangShan/src/main/scala/xiangshan/backend/fu/NewCSR/NewCSR.scala
[03:34:41] [spechunter] [Read] /home/yzs/riscv/qemu/target/riscv/tcg/tcg-cpu.c
[03:34:41] [spechunter] [Grep] pattern='sip_writable_mask|vsip_writable_mask|hvip_writable_mask|mvip_writable_mask'
[03:34:49] [spechunter] [Read] /home/yzs/riscv/qemu/target/riscv/csr.c
[03:34:49] [spechunter] [Grep] pattern='rmw_hvip64'
[03:34:51] [spechunter] [Grep] pattern='EXT_SSTC'
[03:34:51] [spechunter] [Read] /home/yzs/riscv/XiangShan/src/main/scala/xiangshan/backend/fu/NewCSR/HypervisorLevel.scala
[03:34:51] [spechunter] [Read] /home/yzs/riscv/XiangShan/src/main/scala/xiangshan/backend/fu/NewCSR/SupervisorLevel.scala
[03:34:52] [spechunter] [Read] /home/yzs/riscv/qemu/target/riscv/csr.c
[03:35:12] [spechunter] [text] Let me verify a few more locations to complete the cross-validation.  
[03:35:12] [spechunter] [Read] /home/yzs/riscv/freebsd-src/sys/riscv/include/encoding.h
[03:35:12] [spechunter] [Read] /home/yzs/riscv/freebsd-src/sys/riscv/vmm/vmm_riscv.c
[03:35:12] [spechunter] [Read] /home/yzs/riscv/freebsd-src/sys/riscv/vmm/vmm_riscv.c
[03:35:12] [spechunter] [Grep] pattern='MENVCFG_STCE|menvcfg.*STCE|stimecmp|STIMECMP'
[03:35:16] [spechunter] [text] Now I have all the code needed. Let me also verify the `menvcfg.STCE` setting location and check for any additional MIP_...
[03:35:16] [spechunter] [Grep] pattern='CSR_MIP.*STIP'
[03:35:16] [spechunter] [Grep] pattern='sbi_timer_exit'
[03:35:31] [spechunter] [text] Let me check for the Machine-level Sstc definitions and any other locations I might have missed.  
[03:35:31] [spechunter] [Grep] pattern='MENVCFG_STCE|menvcfg'
[03:35:31] [spechunter] [Grep] pattern='STCE|stce'
[03:35:31] [spechunter] [Grep] pattern='stimecmp'
[03:35:31] [spechunter] [Grep] pattern='sstc|Sstc|SSTC|SV_SSTC'
[03:36:25] [spechunter] [text] Now I have all the code I need for a thorough analysis. Let me compile the findings.  
[03:36:25] [spechunter] [Read] /home/yzs/riscv/opensbi/lib/sbi/sbi_init.c
[03:36:43] [spechunter] [text] Let me read the critical source files to perform the detailed security analysis.  
[03:36:43] [spechunter] [Read] /home/yzs/riscv/XiangShan/src/main/scala/xiangshan/backend/fu/NewCSR/MachineLevel.scala
[03:36:43] [spechunter] [Read] /home/yzs/riscv/XiangShan/src/main/scala/xiangshan/backend/fu/NewCSR/MachineLevel.scala
[03:36:43] [spechunter] [Read] /home/yzs/riscv/XiangShan/src/main/scala/xiangshan/backend/fu/NewCSR/SstcInterruptGen.scala
[03:36:43] [spechunter] [Read] /home/yzs/riscv/XiangShan/src/main/scala/xiangshan/backend/fu/NewCSR/CSRPermitModule.scala
[03:36:43] [spechunter] [Read] /home/yzs/riscv/XiangShan/src/main/scala/xiangshan/backend/fu/NewCSR/CSRPermitModule.scala
[03:36:43] [spechunter] [Read] /home/yzs/riscv/XiangShan/src/main/scala/xiangshan/backend/fu/NewCSR/HypervisorLevel.scala
[03:37:00] [spechunter] [text] Now let me read the remaining critical code sections.  
[03:37:00] [spechunter] [Read] /home/yzs/riscv/XiangShan/src/main/scala/xiangshan/backend/fu/NewCSR/HypervisorLevel.scala
[03:37:00] [spechunter] [Read] /home/yzs/riscv/XiangShan/src/main/scala/xiangshan/backend/fu/NewCSR/HypervisorLevel.scala
[03:37:00] [spechunter] [Read] /home/yzs/riscv/XiangShan/src/main/scala/xiangshan/backend/fu/NewCSR/VirtualSupervisorLevel.scala
[03:37:00] [spechunter] [Read] /home/yzs/riscv/XiangShan/src/main/scala/xiangshan/backend/fu/NewCSR/MachineLevel.scala
[03:37:00] [spechunter] [Read] /home/yzs/riscv/XiangShan/src/main/scala/xiangshan/backend/fu/NewCSR/CSRBundles.scala
[03:37:00] [spechunter] [Read] /home/yzs/riscv/XiangShan/src/main/scala/xiangshan/backend/fu/NewCSR/SupervisorLevel.scala
[03:37:15] [spechunter] [text] Let me check the CSR permission comment block and the NewCSR.scala wiring for Sstc.  
[03:37:15] [spechunter] [Read] /home/yzs/riscv/XiangShan/src/main/scala/xiangshan/backend/fu/NewCSR/CSRPermitModule.scala
[03:37:15] [spechunter] [Read] /home/yzs/riscv/XiangShan/src/main/scala/xiangshan/backend/fu/NewCSR/NewCSR.scala
[03:37:15] [spechunter] [Read] /home/yzs/riscv/XiangShan/src/main/scala/xiangshan/backend/fu/NewCSR/NewCSR.scala
[03:37:15] [spechunter] [Read] /home/yzs/riscv/XiangShan/src/main/scala/xiangshan/backend/fu/NewCSR/NewCSR.scala
[03:37:25] [spechunter] [text] Let me check for additional Machine/Supervisor-level Sstc definitions.  
[03:37:25] [spechunter] [Grep] pattern='SIP_STIP|SIE_STIE|MENVCFG|menvcfg'
[03:37:25] [spechunter] [Grep] pattern='mcounteren|MCOUNTEREN'
[03:37:25] [spechunter] [Read] /home/yzs/riscv/freebsd-src/sys/riscv/vmm/vmm_vtimer.h
[03:37:25] [spechunter] [Read] /home/yzs/riscv/freebsd-src/sys/riscv/vmm/vmm_vtimer.c
[03:37:29] [spechunter] [text] Let me check the vstime computation and the VirtualSupervisorLevel.scala for the vsip/VSTIP handling.  
[03:37:29] [spechunter] [Read] /home/yzs/riscv/XiangShan/src/main/scala/xiangshan/backend/fu/NewCSR/Unprivileged.scala
[03:37:29] [spechunter] [Read] /home/yzs/riscv/XiangShan/src/main/scala/xiangshan/backend/fu/NewCSR/VirtualSupervisorLevel.scala
[03:37:29] [spechunter] [Read] /home/yzs/riscv/XiangShan/src/main/scala/xiangshan/backend/fu/NewCSR/VirtualSupervisorLevel.scala
[03:37:40] [spechunter] [text] Now I have all the data. Let me compile the final security audit.  ```json {   "findings": [     {       "file_path": "d...
[03:38:00] [spechunter] [text] Now I have all the information needed to produce the complete analysis. Here it is:  ```json {   "findings": [     {    ...
[03:39:27] [spechunter] [text] Now let me check the KVM path for migration completeness and look at the timer initialization order:  
[03:39:27] [spechunter] [Read] /home/yzs/riscv/qemu/target/riscv/machine.c
[03:39:27] [spechunter] [Grep] pattern='vstime_irq'
[03:39:28] [spechunter] [text] Now I have a complete picture. Let me produce the final validated location set.  The slow-path set is entirely empty (al...
[03:39:40] [spechunter] [text] Now let me also check the VSipBundle to see how VSTIP is handled in the VS-level interrupt pending bundle.  
[03:39:40] [spechunter] [Grep] pattern='class VSipBundle'
[03:39:40] [spechunter] [Grep] pattern='class MipToVSip'
[03:39:46] [spechunter] [Grep] pattern='vmstate_kvmtimer'
[03:39:46] [spechunter] [Grep] pattern='stimecmp|STCE|sstc|stimer|vstimer'
[03:39:50] [spechunter] [text] I need to find the relevant code locations first, since all were listed as `:0-0`. Let me search for the vulnerability p...
[03:39:50] [spechunter] [Grep] pattern='stimecmp|vstimecmp|HENVCFG_STCE|VTIMER.*sstc|hcounteren.*TM'
[03:39:50] [spechunter] [Grep] pattern='csr_write.*stimecmp|csr_read.*stimecmp'
[03:39:58] [spechunter] [Read] /home/yzs/riscv/freebsd-src/sys/riscv/vmm/vmm_riscv.c
[03:39:58] [spechunter] [Read] /home/yzs/riscv/freebsd-src/sys/riscv/riscv/timer.c
[03:39:58] [spechunter] [Read] /home/yzs/riscv/freebsd-src/sys/riscv/include/riscvreg.h
[03:40:03] [spechunter] [Read] /home/yzs/riscv/qemu/target/riscv/machine.c
[03:40:17] [spechunter] [text] Let me dig deeper into the vtimer infrastructure and the VMM hypervisor data structures.  
[03:40:17] [spechunter] [Grep] pattern='vtimer|vstimecmp|hypctx|guest_regs|guest_csrs|interrupts_pending'
[03:40:17] [spechunter] [Grep] pattern='struct hypctx|struct hypcsr|struct hyp\\b'
[03:40:28] [spechunter] [Read] /home/yzs/riscv/freebsd-src/sys/riscv/vmm/vmm_vtimer.c
[03:40:28] [spechunter] [Read] /home/yzs/riscv/freebsd-src/sys/riscv/vmm/vmm_vtimer.h
[03:40:28] [spechunter] [Read] /home/yzs/riscv/freebsd-src/sys/riscv/vmm/riscv.h
[03:40:28] [spechunter] [Read] /home/yzs/riscv/freebsd-src/sys/riscv/vmm/vmm_switch.S
[03:40:38] [spechunter] [text] Now let me look at how SBI timer calls are emulated, and the broader VMM infrastructure.  
[03:40:38] [spechunter] [Read] /home/yzs/riscv/freebsd-src/sys/riscv/vmm/vmm_sbi.c
[03:40:38] [spechunter] [Read] /home/yzs/riscv/freebsd-src/sys/riscv/vmm/vmm.c
[03:40:38] [spechunter] [Grep] pattern='has_sstc|HENVCFG_STCE|henvcfg|hcounteren'
[03:41:55] [spechunter] [text] Now let me also check the reset values and init ordering.  
[03:41:55] [spechunter] [Grep] pattern='stimecmp|vstimecmp|menvcfg.*reset|cpu_reset'
[03:41:55] [spechunter] [Grep] pattern='delegable_ints'
[03:42:00] [spechunter] [Read] /home/yzs/riscv/qemu/target/riscv/csr.c
[03:42:00] [spechunter] [Read] /home/yzs/riscv/qemu/target/riscv/cpu.c
[03:42:12] [spechunter] [text] Now I have a complete picture. Let me verify there isn't any vstimecmp manipulation I missed.  
[03:42:12] [spechunter] [Grep] pattern='vstimecmp'
[03:42:12] [spechunter] [Grep] pattern='stimecmp'
[03:42:12] [spechunter] [text] Now I have all the code I need to perform the complete security audit. Let me analyze each vulnerability pattern systema...
[03:42:49] [spechunter] [text] Now I have a thorough picture. Let me verify one more thing — whether `vstimecmp` is referenced anywhere outside the ker...
[03:42:49] [spechunter] [Grep] pattern='vstimecmp|VSTIMECMP'
[03:43:39] [spechunter] [Grep] pattern='CSR_MVIP.*rmw'
[03:43:39] [spechunter] [Grep] pattern='mvip.*rmw|rmw.*mvip'
[03:44:25] [spechunter] [text] Now I have a thorough understanding of the full bhyve timer virtualization path. Here is the analysis:  ```json {   "fin...
[03:45:29] [spechunter] [text] Now let me check one more important detail — whether `vstime_irq` is persisted anywhere for migration and the stimecmp/v...
[03:45:29] [spechunter] [Grep] pattern='vstime_irq'
[03:45:29] [spechunter] [Grep] pattern='stimecmp|vstimecmp'
[03:45:35] [spechunter] [Read] /home/yzs/riscv/qemu/target/riscv/cpu_helper.c
[03:45:35] [spechunter] [Read] /home/yzs/riscv/qemu/target/riscv/cpu_helper.c
[03:55:40] [spechunter] [text] Now let me also check the KVM timer migration for completeness and the `vstime_irq` migration question.  
[03:55:40] [spechunter] [Read] /home/yzs/riscv/qemu/target/riscv/machine.c
[03:55:40] [spechunter] [Read] /home/yzs/riscv/qemu/target/riscv/cpu.h
[07:47:04] [spechunter] PR loaded: #2504 riscv/riscv-isa-manual — "Move Sstc text to relevant sections in Machine, Supervisor, and Hypervisor chapters"
[07:47:04] [spechunter]   diff: 20726 chars  body: 1 chars  reviews: 0
[07:47:04] [spechunter] Global pre-filter running...
[07:47:17] [spechunter] [text] {"should_skip": false}
[07:47:18] [spechunter] pre-filter: should_skip=False reason=""
[07:47:32] [spechunter] [text] **Calling:** `Bash` 
[07:47:36] [spechunter] [Grep] pattern='Sstc'
[07:47:36] [spechunter] [text] {"should_skip": false}
[07:47:37] [spechunter] [text] {"should_skip": false}
[07:47:41] [spechunter] [text] ```json {"should_skip": false} ```
[07:47:46] [spechunter] [text] {"should_skip": false}
[07:48:08] [spechunter] [text] ```json {   "violation_condition": "QEMU fails to dynamically re-evaluate the writability of mip.STIP and accessibility ...
[07:48:19] [spechunter] [text] ```json {   "violation_condition": "OpenSBI M-mode SBI timer handler writes to mip.STIP to inject/delegate timer interru...
[07:48:25] [spechunter] [TodoWrite] 6 items
[07:48:29] [spechunter] [text] ```json {   "violation_condition": "When Sstc is implemented and menvcfg.STCE transitions from 1→0 (or 0→1), but the har...
[07:48:32] [spechunter] [TodoWrite] 5 items
[07:48:33] [spechunter] [text] I'll search for all the affected entities across the QEMU codebase in parallel.  
[07:48:33] [spechunter] [Grep] pattern='stimecmp|stimecmph|vstimecmp|vstimecmph'
[07:48:33] [spechunter] [Grep] pattern='mip|mie|hip|sip'
[07:48:33] [spechunter] [Grep] pattern='menvcfg|henvcfg'
[07:48:33] [spechunter] [Grep] pattern='mcounteren|hcounteren'
[07:48:33] [spechunter] [Grep] pattern='STIP|STCE'
[07:48:33] [spechunter] [Grep] pattern='stimecmp|STIP|STCE|menvcfg|henvcfg|mcounteren|hcounteren'
[07:48:37] [spechunter] [text] Let me search for the key kernel code paths that interact with these CSRs
[07:48:37] [spechunter] [Grep] pattern='mip\\.STIP|STIP|mcounteren.*TM|hcounteren.*TM'
[07:48:37] [spechunter] [Grep] pattern='stimecmp|vstimecmp|STCE|menvcfg'
[07:48:37] [spechunter] [Read] /home/yzs/riscv/linux/arch/riscv/include/asm/sbi.h
[07:48:39] [spechunter] [Grep] pattern='mip'
[07:48:39] [spechunter] [Grep] pattern='stimecmp'
[07:48:39] [spechunter] [Grep] pattern='menvcfg'
[07:48:39] [spechunter] [Grep] pattern='mcounteren'
[07:48:39] [spechunter] [Grep] pattern='csr_write.*mip|csrw.*mip|SBI_EXT_SET_TIMER.*mip|menvcfg.*STCE.*save.*restore'
[07:48:43] [spechunter] [Grep] pattern='mip.*STIP|STIP|MIP_STIP'
[07:48:43] [spechunter] [Grep] pattern='menvcfg.*STCE|STCE|stimecmp|Sstc|sstc'
[07:48:43] [spechunter] [Grep] pattern='SBI_EXT_SET_TIMER|set_timer|timer.*handler|mti'
[07:48:43] [spechunter] [Glob] **/sbi_timer*
[07:48:43] [spechunter] [Glob] **/sbi_hsm*
[07:48:44] [spechunter] [text] Let me also search the remaining paths for completeness.  
[07:48:44] [spechunter] [Grep] pattern='stimecmp|STIP|STCE|mip|mie|menvcfg|henvcfg|mcounteren|hcounteren'
[07:48:44] [spechunter] [Grep] pattern='stimecmp|STIP|STCE|mip|mie|menvcfg|henvcfg|mcounteren|hcounteren'
[07:48:44] [spechunter] [Grep] pattern='stimecmp|STIP|STCE|mip|mie|menvcfg|henvcfg|mcounteren|hcounteren'
[07:48:44] [spechunter] [Grep] pattern='COUNTEREN_TM|MENVCFG_STCE|HENVCFG_STCE'
[07:48:47] [spechunter] [Agent] description, prompt
[07:48:49] [spechunter] [TodoWrite] 7 items
[07:48:51] [spechunter] [Read] /home/yzs/riscv/linux/arch/riscv/kvm/vcpu_timer.c
[07:48:51] [spechunter] [Read] /home/yzs/riscv/linux/arch/riscv/kernel/suspend.c
[07:48:51] [spechunter] [Read] /home/yzs/riscv/linux/arch/riscv/kvm/vcpu.c
[07:48:53] [spechunter] [text] Let me now read the specific source files to get precise function contexts and line ranges.  
[07:48:53] [spechunter] [Grep] pattern='stimecmp|STIMECMP|STCE|sstc|SSTC'
[07:48:53] [spechunter] [Grep] pattern='stimecmp|STIMECMP|STCE|sstc|SSTC'
[07:48:53] [spechunter] [Grep] pattern='mip|MIP'
[07:48:53] [spechunter] [Grep] pattern='menvcfg|MENVCFG|mcounteren|MCOUNTEREN'
[07:48:53] [spechunter] [Grep] pattern='menvcfg|MENVCFG|mcounteren|MCOUNTEREN'
[07:48:55] [spechunter] [Agent] description, subagent_type
[07:48:58] [spechunter] [Read] /home/yzs/riscv/opensbi/lib/sbi/sbi_timer.c
[07:48:58] [spechunter] [Read] /home/yzs/riscv/opensbi/lib/sbi/sbi_hsm.c
[07:48:58] [spechunter] [Read] /home/yzs/riscv/opensbi/lib/sbi/sbi_hart.c
[07:49:03] [spechunter] [Grep] pattern='stimecmp'
[07:49:03] [spechunter] [Grep] pattern='vstimecmp'
[07:49:03] [spechunter] [Grep] pattern='htimedelta'
[07:49:03] [spechunter] [Grep] pattern='STCE'
[07:49:03] [spechunter] [Grep] pattern='menvcfg|henvcfg'
[07:49:03] [spechunter] [Grep] pattern='mcounteren|hcounteren'
[07:49:03] [spechunter] [Grep] pattern='\\bhip\\b|hie\\b|hvip\\b'
[07:49:03] [spechunter] [Grep] pattern='\\bmip\\b|\\bmie\\b|\\bsip\\b|\\bsie\\b'
[07:49:03] [spechunter] [Grep] pattern='STIP.*writable|stimecmp.*STCE|VSTIP.*vstimecmp|mcounteren.*TM|menvcfg.*STCE|hcounteren.*TM'
[07:49:05] [spechunter] [text] Let me also check a few more relevant locations
[07:49:05] [spechunter] [Grep] pattern='sstc|ext_sstc|SSTC'
[07:49:05] [spechunter] [Grep] pattern='riscv_timer_write_timecmp|riscv_timer_stce_changed|riscv_timer_disable_timecmp'
[07:49:05] [spechunter] [Grep] pattern='vstime_irq|stimer|vstimer'
[07:49:06] [spechunter] [Grep] pattern='sstc|SSTC|stimecmp|STIP|STCE'
[07:49:06] [spechunter] [Grep] pattern='mip|mie|stimecmp|stimecmph|vstimecmp|vstimecmph|menvcfg|henvcfg|mcounteren|hcounteren|hip|sip'
[07:49:06] [spechunter] [Grep] pattern='stimecmp|vstimecmp|stimecmph|vstimecmph'
[07:49:07] [spechunter] [text] Let me look at more context about the timer and interrupt handling paths
[07:49:07] [spechunter] [Grep] pattern='sbi_set_timer|SBI_EXT_TIME_SET_TIMER'
[07:49:07] [spechunter] [Grep] pattern='STIP|IRQ_S_TIMER|mideleg.*STI|delegat.*timer|timer.*delegat'
[07:49:07] [spechunter] [Grep] pattern='mideleg|medeleg|hideleg|hedeleg'
[07:49:11] [spechunter] [Agent] description, subagent_type
[07:49:12] [spechunter] [Grep] pattern='stimecmp'
[07:49:12] [spechunter] [Grep] pattern='[Ss]stc'
[07:49:12] [spechunter] [Grep] pattern='menvcfg'
[07:49:12] [spechunter] [Grep] pattern='STCE'
[07:49:12] [spechunter] [Grep] pattern='sbi_set_timer|SBI_TIME|SBI_EXT_TIME'
[07:49:12] [spechunter] [Grep] pattern='mcounteren'
[07:49:18] [spechunter] [TodoWrite] 5 items
[07:49:29] [spechunter] [Read] /home/yzs/riscv/freebsd-src/sys/riscv/riscv/timer.c
[07:49:29] [spechunter] [Read] /home/yzs/riscv/freebsd-src/sys/riscv/riscv/identcpu.c
[07:49:29] [spechunter] [Read] /home/yzs/riscv/freebsd-src/sys/riscv/riscv/sbi.c
[07:49:29] [spechunter] [Read] /home/yzs/riscv/freebsd-src/sys/riscv/include/riscvreg.h
[07:49:29] [spechunter] [Read] /home/yzs/riscv/freebsd-src/sys/riscv/include/sbi.h
[07:49:29] [spechunter] [Read] /home/yzs/riscv/freebsd-src/sys/riscv/include/md_var.h
[07:49:35] [spechunter] [Read] /home/yzs/riscv/qemu/target/riscv/csr.c
[07:49:35] [spechunter] [Read] /home/yzs/riscv/qemu/target/riscv/csr.c
[07:49:35] [spechunter] [Read] /home/yzs/riscv/qemu/target/riscv/csr.c
[07:49:35] [spechunter] [Read] /home/yzs/riscv/qemu/target/riscv/csr.c
[07:49:35] [spechunter] [Read] /home/yzs/riscv/qemu/target/riscv/csr.c
[07:49:35] [spechunter] [Read] /home/yzs/riscv/qemu/target/riscv/csr.c
[07:49:35] [spechunter] [Read] /home/yzs/riscv/qemu/target/riscv/csr.c
[07:49:35] [spechunter] [Read] /home/yzs/riscv/qemu/target/riscv/csr.c
[07:49:38] [spechunter] [Grep] pattern='stimecmp'
[07:49:38] [spechunter] [Grep] pattern='vstimecmp'
[07:49:38] [spechunter] [Grep] pattern='htimedelta'
[07:49:38] [spechunter] [Grep] pattern='0x14[dD]'
[07:49:38] [spechunter] [Grep] pattern='STCE|\\.STCE'
[07:49:38] [spechunter] [Grep] pattern='\\bSTIP\\b'
[07:49:38] [spechunter] [Grep] pattern='\\bVSTIP\\b'
[07:49:38] [spechunter] [Grep] pattern='\\bmcounteren\\b'
[07:49:38] [spechunter] [Grep] pattern='\\bhcounteren\\b'
[07:49:42] [spechunter] [text] Now let me trace the SBI_SET_TIMER ecall dispatch and the warm boot init path
[07:49:42] [spechunter] [Grep] pattern='SBI_EXT_SET_TIMER|sbi_ecall_timer|SBI_EXT_TIMER'
[07:49:42] [spechunter] [Grep] pattern='warm_boot|warmboot|sbi_init.*cold_boot'
[07:49:45] [spechunter] [Read] /home/yzs/riscv/freebsd-src/sys/riscv/riscv/identcpu.c
[07:49:45] [spechunter] [Grep] pattern='stimecmp|STIMECMP'
[07:49:45] [spechunter] [Grep] pattern='IRQ_TIMER|timer.*interrupt|STIE|STIP'
[07:49:45] [spechunter] [Read] /home/yzs/riscv/freebsd-src/sys/riscv/vmm/vmm_riscv.c
[07:49:45] [spechunter] [Read] /home/yzs/riscv/freebsd-src/sys/riscv/riscv/identcpu.c
[07:49:45] [spechunter] [Grep] pattern='mcounteren'
[07:49:46] [spechunter] [Grep] pattern='SBI_EXT_TIMER|timer.*ecall|ecall.*timer'
[07:49:46] [spechunter] [Glob] **/sbi_ecall_timer*
[07:49:46] [spechunter] [Read] /home/yzs/riscv/opensbi/lib/sbi/sbi_init.c
[07:49:46] [spechunter] [text] Let me read the key implementation files to get precise line ranges.  
[07:49:46] [spechunter] [Read] /home/yzs/riscv/XiangShan/src/main/scala/xiangshan/backend/fu/NewCSR/SstcInterruptGen.scala
[07:49:46] [spechunter] [Read] /home/yzs/riscv/XiangShan/src/main/scala/xiangshan/backend/fu/NewCSR/CSRPermitModule.scala
[07:49:46] [spechunter] [Read] /home/yzs/riscv/XiangShan/src/main/scala/xiangshan/backend/fu/NewCSR/CSRPermitModule.scala
[07:49:46] [spechunter] [Read] /home/yzs/riscv/XiangShan/src/main/scala/xiangshan/backend/fu/NewCSR/CSRPermitModule.scala
[07:49:46] [spechunter] [Read] /home/yzs/riscv/XiangShan/src/main/scala/xiangshan/backend/fu/NewCSR/MachineLevel.scala
[07:49:46] [spechunter] [Read] /home/yzs/riscv/XiangShan/src/main/scala/xiangshan/backend/fu/NewCSR/MachineLevel.scala
[07:49:46] [spechunter] [Read] /home/yzs/riscv/XiangShan/src/main/scala/xiangshan/backend/fu/NewCSR/HypervisorLevel.scala
[07:49:46] [spechunter] [Read] /home/yzs/riscv/XiangShan/src/main/scala/xiangshan/backend/fu/NewCSR/SupervisorLevel.scala
[07:49:46] [spechunter] [Read] /home/yzs/riscv/XiangShan/src/main/scala/xiangshan/backend/fu/NewCSR/VirtualSupervisorLevel.scala
[07:49:53] [spechunter] [Read] /home/yzs/riscv/freebsd-src/sys/riscv/include/intr.h
[07:49:53] [spechunter] [Read] /home/yzs/riscv/freebsd-src/sys/riscv/vmm/vmm_sbi.c
[07:49:53] [spechunter] [Read] /home/yzs/riscv/freebsd-src/sys/riscv/vmm/vmm_vtimer.c
[07:49:53] [spechunter] [Grep] pattern='CSR_MCOUNTEREN|mcounteren'
[07:49:53] [spechunter] [Read] /home/yzs/riscv/freebsd-src/sys/riscv/riscv/identcpu.c
[07:49:53] [spechunter] [Read] /home/yzs/riscv/freebsd-src/sys/riscv/vmm/vmm_riscv.c
[07:49:56] [spechunter] [Grep] pattern='class MipBundle|class MieBundle|class SipBundle|class SieBundle|class HipBundle|class HieBundle|class HvipBundle'
[07:49:56] [spechunter] [Grep] pattern='class InterruptPendingBundle|class InterruptEnableBundle'
[07:49:56] [spechunter] [Grep] pattern='class Counteren|class EnvCfg|class MEnvCfg|class HEnvCfg|class SEnvCfg'
[07:49:56] [spechunter] [Grep] pattern='\\bTM\\b.*=.*RO|val TM\\b|TM.*bit|bit.*1.*TM'
[07:49:56] [spechunter] [Grep] pattern='platformIRP|fromMvip|toMip'
[07:49:56] [spechunter] [Grep] pattern='hip\\.|hie\\.|hvip\\.'
[07:49:58] [spechunter] [Grep] pattern='handle_exception|do_IRQ|handle_irq|trap_init|riscv_trap|handle_17|CAUSE_SUPERVISOR_TIMER'
[07:49:58] [spechunter] [Grep] pattern='mcounteren|hcounteren'
[07:50:02] [spechunter] [text] Let me also look at the ecall dispatch path and the CSR encoding header for relevant definitions
[07:50:02] [spechunter] [Grep] pattern='SBI_EXT_TIMER|timer.*handler|timer_ecall|set_timer'
[07:50:02] [spechunter] [Read] /home/yzs/riscv/opensbi/include/sbi/riscv_encoding.h
[07:50:02] [spechunter] [Read] /home/yzs/riscv/opensbi/include/sbi/riscv_encoding.h
[07:50:02] [spechunter] [Read] /home/yzs/riscv/opensbi/include/sbi/riscv_encoding.h
[07:50:02] [spechunter] [Read] /home/yzs/riscv/opensbi/include/sbi/riscv_encoding.h
[07:50:05] [spechunter] [Read] /home/yzs/riscv/qemu/target/riscv/csr.c
[07:50:05] [spechunter] [Read] /home/yzs/riscv/qemu/target/riscv/csr.c
[07:50:05] [spechunter] [Read] /home/yzs/riscv/qemu/target/riscv/csr.c
[07:50:05] [spechunter] [Read] /home/yzs/riscv/qemu/target/riscv/csr.c
[07:50:05] [spechunter] [Read] /home/yzs/riscv/qemu/target/riscv/csr.c
[07:50:05] [spechunter] [Read] /home/yzs/riscv/qemu/target/riscv/csr.c
[07:50:05] [spechunter] [Read] /home/yzs/riscv/qemu/target/riscv/csr.c
[07:50:05] [spechunter] [Read] /home/yzs/riscv/qemu/target/riscv/csr.c
[07:50:06] [spechunter] [Read] /home/yzs/riscv/XiangShan/src/main/scala/xiangshan/backend/fu/NewCSR/SstcInterruptGen.scala
[07:50:06] [spechunter] [Read] /home/yzs/riscv/XiangShan/src/main/scala/xiangshan/backend/fu/NewCSR/CSRBundles.scala
[07:50:06] [spechunter] [Read] /home/yzs/riscv/XiangShan/src/main/scala/xiangshan/backend/fu/NewCSR/InterruptBundle.scala
[07:50:06] [spechunter] [Read] /home/yzs/riscv/XiangShan/src/main/scala/xiangshan/backend/fu/NewCSR/MachineLevel.scala
[07:50:06] [spechunter] [Read] /home/yzs/riscv/XiangShan/src/main/scala/xiangshan/backend/fu/NewCSR/HypervisorLevel.scala
[07:50:06] [spechunter] [Read] /home/yzs/riscv/XiangShan/src/main/scala/xiangshan/backend/fu/NewCSR/SupervisorLevel.scala
[07:50:08] [spechunter] [Read] /home/yzs/riscv/freebsd-src/sys/riscv/vmm/vmm_riscv.c
[07:50:08] [spechunter] [Grep] pattern='stimecmp|STIMECMP'
[07:50:08] [spechunter] [Grep] pattern='CSR_STIMECMP|DECLARE_CSR.*stimecmp'
[07:50:08] [spechunter] [Grep] pattern='VM_CAP_SSTC|VM_CAP.*SSTC|VM_CAP.*sstc'
[07:50:08] [spechunter] [Read] /home/yzs/riscv/freebsd-src/sys/riscv/vmm/vmm_riscv.c
[07:50:08] [spechunter] [Read] /home/yzs/riscv/freebsd-src/sys/riscv/vmm/vmm_riscv.c
[07:50:11] [spechunter] [text] Let me also check the CSRBundles definitions for the STCE bit field and the MachineLevel menvcfg/mip/mie module definiti...
[07:50:11] [spechunter] [Read] /home/yzs/riscv/XiangShan/src/main/scala/xiangshan/backend/fu/NewCSR/CSRBundles.scala
[07:50:11] [spechunter] [Read] /home/yzs/riscv/XiangShan/src/main/scala/xiangshan/backend/fu/NewCSR/HypervisorLevel.scala
[07:50:11] [spechunter] [Read] /home/yzs/riscv/XiangShan/src/main/scala/xiangshan/backend/fu/NewCSR/MachineLevel.scala
[07:50:15] [spechunter] [Glob] **/sbi_ecall*.c
[07:50:15] [spechunter] [Grep] pattern='SBI_EXT_SET_TIMER|SBI_EXT_TIMER'
[07:50:19] [spechunter] [Read] /home/yzs/riscv/freebsd-src/sys/riscv/include/vmm.h
[07:50:19] [spechunter] [Grep] pattern='timer|TIMER'
[07:50:19] [spechunter] [Grep] pattern='timer|TIMER'
[07:50:19] [spechunter] [Glob] sys/conf/files.riscv*
[07:50:19] [spechunter] [Grep] pattern='riscv_timer_intr|timer.*handler|timer.*intr'
[07:50:19] [spechunter] [Grep] pattern='set_cputicker|rdtime|get_timecount'
[07:50:28] [spechunter] [Read] /home/yzs/riscv/opensbi/lib/sbi/sbi_ecall_time.c
[07:50:28] [spechunter] [Grep] pattern='SBI_EXT_TIMER|TIMER|SET_TIMER'
[07:50:32] [spechunter] [text] Here is the comprehensive location report:  ```json {   "locations": [     {       "file_path": "target/riscv/cpu_bits.h...
[07:50:36] [spechunter] [Read] /home/yzs/riscv/XiangShan/src/main/scala/xiangshan/backend/fu/NewCSR/VirtualSupervisorLevel.scala
[07:50:36] [spechunter] [Read] /home/yzs/riscv/XiangShan/src/main/scala/xiangshan/backend/fu/NewCSR/CSRPermitModule.scala
[07:50:36] [spechunter] [Read] /home/yzs/riscv/XiangShan/src/main/scala/xiangshan/backend/fu/NewCSR/CSRPermitModule.scala
[07:50:36] [spechunter] [Read] /home/yzs/riscv/XiangShan/src/main/scala/xiangshan/backend/fu/NewCSR/MachineLevel.scala
[07:50:36] [spechunter] [Read] /home/yzs/riscv/XiangShan/src/main/scala/xiangshan/backend/fu/NewCSR/HypervisorLevel.scala
[07:50:36] [spechunter] [Read] /home/yzs/riscv/XiangShan/src/main/scala/xiangshan/backend/fu/NewCSR/HypervisorLevel.scala
[07:50:36] [spechunter] [Read] /home/yzs/riscv/XiangShan/src/main/scala/xiangshan/backend/fu/NewCSR/MachineLevel.scala
[07:50:46] [spechunter] [text] Let me check the legacy ecall path and the Spacemit HSM device  
[07:50:46] [spechunter] [Read] /home/yzs/riscv/opensbi/lib/sbi/sbi_ecall_legacy.c
[07:50:46] [spechunter] [Read] /home/yzs/riscv/opensbi/lib/utils/hsm/fdt_hsm_spacemit.c
[07:50:46] [spechunter] [Read] /home/yzs/riscv/opensbi/include/sbi/sbi_ecall_interface.h
[07:50:47] [spechunter] [Grep] pattern='csr_write.*mcounteren|csr_set.*mcounteren|csr_read.*mcounteren'
[07:50:47] [spechunter] [Read] /home/yzs/riscv/freebsd-src/usr.sbin/bhyve/riscv/bhyverun_machdep.c
[07:50:47] [spechunter] [Grep] pattern='has_sstc'
[07:50:56] [spechunter] [Read] /home/yzs/riscv/qemu/target/riscv/time_helper.c
[07:50:56] [spechunter] [Read] /home/yzs/riscv/qemu/target/riscv/machine.c
[07:50:56] [spechunter] [Read] /home/yzs/riscv/qemu/target/riscv/machine.c
[07:50:56] [spechunter] [Read] /home/yzs/riscv/qemu/target/riscv/cpu.h
[07:50:56] [spechunter] [Grep] pattern='STCE|STIP|MENVCFG|HENVCFG|COUNTEREN_TM|COUNTEREN_CY|COUNTEREN_IR'
[07:50:56] [spechunter] [Grep] pattern='sstc|ext_sstc'
[07:50:56] [spechunter] [Grep] pattern='sstc|STCE|stimecmp|STIP'
[07:50:56] [spechunter] [Grep] pattern='sstc|SSTC'
[07:50:57] [spechunter] [Read] /home/yzs/riscv/linux/arch/riscv/kernel/entry.S
[07:50:57] [spechunter] [Grep] pattern='sstc|CSR_STIMECMP|CSR_VSTIMECMP|CSR_STIMECMPH|CSR_VSTIMECMPH'
[07:51:04] [spechunter] [text] Let me check the M-mode trap handler and the hart header for the SSTC extension
[07:51:04] [spechunter] [Grep] pattern='MTIP|IRQ_M_TIMER|mti_handler|sbi_timer_process'
[07:51:04] [spechunter] [Read] /home/yzs/riscv/opensbi/include/sbi/sbi_hart.h
[07:51:05] [spechunter] [text] ```json {   "locations": [     {       "file_path": "src/main/scala/xiangshan/backend/fu/NewCSR/CSRBundles.scala",      ...
[07:51:07] [spechunter] [Read] /home/yzs/riscv/XiangShan/src/main/scala/xiangshan/backend/fu/NewCSR/VirtualSupervisorLevel.scala
[07:51:07] [spechunter] [Read] /home/yzs/riscv/XiangShan/src/main/scala/xiangshan/backend/fu/NewCSR/InterruptBundle.scala
[07:51:07] [spechunter] [Read] /home/yzs/riscv/XiangShan/src/main/scala/xiangshan/backend/fu/NewCSR/NewCSR.scala
[07:51:07] [spechunter] [Read] /home/yzs/riscv/XiangShan/src/main/scala/xiangshan/backend/fu/NewCSR/NewCSR.scala
[07:51:07] [spechunter] [Read] /home/yzs/riscv/XiangShan/src/main/scala/xiangshan/backend/fu/NewCSR/NewCSR.scala
[07:51:07] [spechunter] [Read] /home/yzs/riscv/XiangShan/src/main/scala/xiangshan/backend/fu/NewCSR/NewCSR.scala
[07:51:07] [spechunter] [Read] /home/yzs/riscv/XiangShan/src/main/scala/xiangshan/backend/decode/isa/CSRs.scala
[07:51:12] [spechunter] [text] Let me look at the KVM CSR handling during vcpu loading/saving, and the trap handler for illegal/virtual instructions
[07:51:12] [spechunter] [Read] /home/yzs/riscv/linux/arch/riscv/kvm/vcpu.c
[07:51:12] [spechunter] [Grep] pattern='virtual.?instruction|virtual_instruction|VIRTUAL_INSN|illegal_instruction'
[07:51:14] [spechunter] [text] Let me read the trap handler to see how MTI triggers `sbi_timer_process()`, and also check the HSM Spacemit hang for the...
[07:51:14] [spechunter] [Read] /home/yzs/riscv/opensbi/lib/sbi/sbi_trap.c
[07:51:14] [spechunter] [Read] /home/yzs/riscv/opensbi/include/sbi/sbi_timer.h
[07:51:20] [spechunter] [text] Let me check the existing sstc_spec_move.json for reference and also look at fwft code.  
[07:51:20] [spechunter] [Read] /home/yzs/riscv/opensbi/locations/sstc_spec_move.json
[07:51:20] [spechunter] [Grep] pattern='menvcfg|MENVCFG|STCE|fwft_menvcfg'
[07:51:23] [spechunter] [Read] /home/yzs/riscv/qemu/target/riscv/csr.c
[07:51:23] [spechunter] [Read] /home/yzs/riscv/qemu/target/riscv/cpu_helper.c
[07:51:23] [spechunter] [Read] /home/yzs/riscv/qemu/target/riscv/cpu_helper.c
[07:51:23] [spechunter] [Read] /home/yzs/riscv/qemu/target/riscv/tcg/tcg-cpu.c
[07:51:23] [spechunter] [Read] /home/yzs/riscv/qemu/target/riscv/time_helper.h
[07:51:23] [spechunter] [Grep] pattern='sstc|stimecmp|STCE'
[07:51:23] [spechunter] [Grep] pattern='sstc|ext_sstc|STCE|stimecmp'
[07:51:23] [spechunter] [Read] /home/yzs/riscv/qemu/target/riscv/csr.c
[07:51:24] [spechunter] [Read] /home/yzs/riscv/XiangShan/src/main/scala/xiangshan/backend/fu/NewCSR/Unprivileged.scala
[07:51:24] [spechunter] [Read] /home/yzs/riscv/XiangShan/src/main/scala/xiangshan/backend/fu/NewCSR/Unprivileged.scala
[07:51:24] [spechunter] [Read] /home/yzs/riscv/XiangShan/src/main/scala/xiangshan/backend/fu/CSR.scala
[07:51:24] [spechunter] [Read] /home/yzs/riscv/XiangShan/src/main/scala/xiangshan/backend/fu/CSR.scala
[07:51:24] [spechunter] [Read] /home/yzs/riscv/XiangShan/src/main/scala/xiangshan/backend/fu/CSR.scala
[07:51:24] [spechunter] [Read] /home/yzs/riscv/XiangShan/src/main/scala/xiangshan/backend/fu/CSR.scala
[07:51:24] [spechunter] [Read] /home/yzs/riscv/XiangShan/src/main/scala/xiangshan/backend/fu/wrapper/CSR.scala
[07:51:36] [spechunter] [Read] /home/yzs/riscv/qemu/target/riscv/csr.c
[07:51:36] [spechunter] [Read] /home/yzs/riscv/qemu/target/riscv/csr.c
[07:51:36] [spechunter] [Read] /home/yzs/riscv/qemu/target/riscv/csr.c
[07:51:36] [spechunter] [Read] /home/yzs/riscv/qemu/target/riscv/csr.c
[07:51:36] [spechunter] [Read] /home/yzs/riscv/qemu/target/riscv/csr.c
[07:51:36] [spechunter] [Read] /home/yzs/riscv/qemu/target/riscv/csr.c
[07:51:36] [spechunter] [Read] /home/yzs/riscv/qemu/target/riscv/cpu_bits.h
[07:51:42] [spechunter] [Grep] pattern='stimecmp|STIMECMP|STCE|sstc|SSTC'
[07:51:42] [spechunter] [Grep] pattern='stimecmp|STIMECMP|STCE|sstc|SSTC'
[07:51:42] [spechunter] [Grep] pattern='menvcfg|MENVCFG'
[07:51:42] [spechunter] [Grep] pattern='menvcfg|MENVCFG'
[07:51:42] [spechunter] [Grep] pattern='menvcfg|MENVCFG'
[07:51:42] [spechunter] [Grep] pattern='menvcfg|MENVCFG'
[07:51:42] [spechunter] [Grep] pattern='menvcfg|MENVCFG'
[07:51:42] [spechunter] [Grep] pattern='mcounteren|MCOUNTEREN'
[07:51:47] [spechunter] [Read] /home/yzs/riscv/qemu/target/riscv/csr.c
[07:51:47] [spechunter] [Read] /home/yzs/riscv/qemu/target/riscv/csr.c
[07:51:47] [spechunter] [Read] /home/yzs/riscv/qemu/target/riscv/csr.c
[07:51:54] [spechunter] [text] Now let me read the relevant header definitions and a few more source locations.  
[07:51:54] [spechunter] [Grep] pattern='STIMECMP|STCE|MIP_STIP|MIP_SSIP|MIP_MTIP|MIP_MEIP|MIP_MSIP'
[07:51:54] [spechunter] [Grep] pattern='SBI_HART_EXT_SSTC'
[07:51:54] [spechunter] [Read] /home/yzs/riscv/opensbi/lib/sbi/sbi_hsm.c
[07:51:54] [spechunter] [Read] /home/yzs/riscv/opensbi/lib/sbi/sbi_timer.c
[07:51:54] [spechunter] [Read] /home/yzs/riscv/opensbi/lib/sbi/sbi_hart.c
[07:52:02] [spechunter] [Read] /home/yzs/riscv/qemu/target/riscv/csr.c
[07:52:02] [spechunter] [Read] /home/yzs/riscv/qemu/target/riscv/csr.c
[07:52:06] [spechunter] [text] Let me also check the platform and firmware paths for any references
[07:52:06] [spechunter] [Grep] pattern='mip|stimecmp|menvcfg|mcounteren'
[07:52:06] [spechunter] [Grep] pattern='saved_menvcfg|CSR_MENVCFG|CSR_MCOUNTEREN|CSR_STIMECMP|MIP_STIP|MIP_SSIP|ENVCFG_STCE'
[07:52:28] [spechunter] [text] Now let me check the trap handling for illegal instruction
[07:52:28] [spechunter] [Grep] pattern='do_trap_illegal|excp_vect_table.*illegal|do_trap_insn'
[07:52:28] [spechunter] [Grep] pattern='mcounteren|hcounteren'
[07:52:45] [spechunter] [Read] /home/yzs/riscv/freebsd-src/sys/riscv/vmm/vmm_riscv.c
[07:52:45] [spechunter] [Read] /home/yzs/riscv/freebsd-src/sys/riscv/riscv/timer.c
[07:53:05] [spechunter] [text] Excellent. Now let me read the critical sections in detail to verify the vulnerability patterns
[07:53:05] [spechunter] [Read] /home/yzs/riscv/XiangShan/src/main/scala/xiangshan/backend/fu/NewCSR/MachineLevel.scala
[07:53:05] [spechunter] [text] Here is the complete location report:  ```json {   "locations": [     {       "file_path": "include/sbi/riscv_encoding.h...
[07:53:10] [spechunter] [Read] /home/yzs/riscv/XiangShan/src/main/scala/xiangshan/backend/fu/NewCSR/MachineLevel.scala
[07:53:14] [spechunter] [Read] /home/yzs/riscv/XiangShan/src/main/scala/xiangshan/backend/fu/NewCSR/CSRPermitModule.scala
[07:53:18] [spechunter] [Read] /home/yzs/riscv/XiangShan/src/main/scala/xiangshan/backend/fu/NewCSR/HypervisorLevel.scala
[07:53:19] [spechunter] [TodoWrite] 6 items
[07:53:43] [spechunter] [Read] /home/yzs/riscv/freebsd-src/sys/riscv/vmm/vmm_riscv.c
[07:53:43] [spechunter] [Read] /home/yzs/riscv/freebsd-src/sys/riscv/vmm/vmm_vtimer.c
[07:54:09] [spechunter] [Read] /home/yzs/riscv/XiangShan/src/main/scala/xiangshan/backend/fu/NewCSR/SstcInterruptGen.scala
[07:54:15] [spechunter] [text] Prompt is too long
[07:54:24] [spechunter] [Read] /home/yzs/riscv/XiangShan/src/main/scala/xiangshan/backend/fu/NewCSR/CSRPermitModule.scala
[07:54:32] [spechunter] [text] Now let me check the supervisor-level sip/sie, the VS-level sip/sie, and the NewCSR.scala wiring for the Sstc interrupt ...
[07:54:32] [spechunter] [Read] /home/yzs/riscv/XiangShan/src/main/scala/xiangshan/backend/fu/NewCSR/SupervisorLevel.scala
[07:54:35] [spechunter] [Read] /home/yzs/riscv/freebsd-src/sys/riscv/riscv/identcpu.c
[07:54:37] [spechunter] [Grep] pattern='(?i)sstc'
[07:54:37] [spechunter] [Grep] pattern='(?i)sstc'
[07:54:37] [spechunter] [Grep] pattern='(?i)sstc'
[07:54:37] [spechunter] [Grep] pattern='(?i)sstc'
[07:54:38] [spechunter] [text] Now let me read the key files to identify specific gaps
[07:54:38] [spechunter] [Read] /home/yzs/riscv/qemu/target/riscv/csr.c
[07:54:38] [spechunter] [Read] /home/yzs/riscv/qemu/target/riscv/csr.c
[07:54:38] [spechunter] [Read] /home/yzs/riscv/qemu/target/riscv/csr.c
[07:54:40] [spechunter] [TodoWrite] 4 items
[07:54:43] [spechunter] [Read] /home/yzs/riscv/XiangShan/src/main/scala/xiangshan/backend/fu/NewCSR/SupervisorLevel.scala
[07:54:50] [spechunter] [Read] /home/yzs/riscv/XiangShan/src/main/scala/xiangshan/backend/fu/NewCSR/VirtualSupervisorLevel.scala
[07:54:54] [spechunter] [Read] /home/yzs/riscv/XiangShan/src/main/scala/xiangshan/backend/fu/NewCSR/NewCSR.scala
[07:55:04] [spechunter] [Agent] description, subagent_type
[07:55:04] [spechunter] [Agent] description, subagent_type
[07:55:10] [spechunter] [text] Let me also search for Sstc-related CSR names (stimecmp, vstimecmp) and check the remaining paths
[07:55:10] [spechunter] [Grep] pattern='stimecmp|vstimecmp|STIMECMP|VSTIMECMP'
[07:55:10] [spechunter] [Grep] pattern='stimecmp|vstimecmp|STIMECMP|VSTIMECMP'
[07:55:10] [spechunter] [Grep] pattern='stimecmp|vstimecmp|STIMECMP|VSTIMECMP'
[07:55:10] [spechunter] [Grep] pattern='(?i)sstc'
[07:55:15] [spechunter] [TodoWrite] 6 items
[07:55:17] [spechunter] [text] ```json {   "violation_condition": "In the FreeBSD RISC-V kernel, has_sstc is set based solely on parsing the ISA string...
[07:55:25] [spechunter] [text] Now I have a thorough understanding of all the code paths. Let me build the final report
[07:55:25] [spechunter] [Write] /home/yzs/riscv/opensbi/locations/sstc_stip_writability.json
[07:55:28] [spechunter] [Grep] pattern='(?i)sstc'
[07:55:31] [spechunter] [Glob] arch/riscv/kvm/*timer*
[07:55:31] [spechunter] [Glob] arch/riscv/kvm/vcpu_sbi*
[07:55:31] [spechunter] [Glob] arch/riscv/kvm/vcpu_switch*
[07:55:31] [spechunter] [Glob] arch/riscv/kvm/vcpu*
[07:55:31] [spechunter] [Glob] drivers/clocksource/timer-riscv*
[07:55:31] [spechunter] [Glob] arch/riscv/kernel/cpufeature*
[07:55:31] [spechunter] [Grep] pattern='vstimecmp|htimedelta|Sstc|sstc|timer.*virt|vcpu_timer'
[07:55:31] [spechunter] [Grep] pattern='vstimecmp|htimedelta|Sstc|sstc'
[07:55:32] [spechunter] [Grep] pattern='Sstc|sstc|SSTC'
[07:55:32] [spechunter] [Grep] pattern='stimecmp|vstimecmp|stimecmph|vstimecmph'
[07:55:32] [spechunter] [Grep] pattern='CSR_STIMECMP|CSR_VSTIMECMP'
[07:55:32] [spechunter] [Grep] pattern='riscv_isa_extension.*Sstc|Sstc.*riscv_isa_extension'
[07:55:32] [spechunter] [Grep] pattern='kvm_riscv_vcpu_timer|kvm_arch_vcpu_put|kvm_riscv_aia'
[07:55:32] [spechunter] [Grep] pattern='sbi_set_timer|sbi_timer'
[07:55:34] [spechunter] [Grep] pattern='stimecmp'
[07:55:34] [spechunter] [Grep] pattern='vstimecmp'
[07:55:34] [spechunter] [Grep] pattern='stimecmph'
[07:55:34] [spechunter] [Grep] pattern='vstimecmph'
[07:55:44] [spechunter] [Read] /home/yzs/riscv/linux/arch/riscv/kvm/vcpu_timer.c
[07:55:44] [spechunter] [Read] /home/yzs/riscv/linux/arch/riscv/include/asm/kvm_vcpu_timer.h
[07:55:44] [spechunter] [Read] /home/yzs/riscv/linux/arch/riscv/kvm/vcpu_switch.S
[07:55:44] [spechunter] [Read] /home/yzs/riscv/linux/arch/riscv/include/asm/kvm_host.h
[07:55:45] [spechunter] [text] Let me read more critical sections to identify specific gaps
[07:55:45] [spechunter] [Read] /home/yzs/riscv/qemu/target/riscv/csr.c
[07:55:45] [spechunter] [Read] /home/yzs/riscv/qemu/target/riscv/csr.c
[07:55:45] [spechunter] [Read] /home/yzs/riscv/qemu/target/riscv/csr.c
[07:55:57] [spechunter] [Read] /home/yzs/riscv/linux/drivers/clocksource/timer-riscv.c
[07:55:57] [spechunter] [Read] /home/yzs/riscv/linux/arch/riscv/kernel/suspend.c
[07:55:57] [spechunter] [Read] /home/yzs/riscv/linux/arch/riscv/kvm/vcpu_timer.c
[07:55:57] [spechunter] [Read] /home/yzs/riscv/linux/arch/riscv/include/asm/kvm_vcpu_timer.h
[07:55:57] [spechunter] [Read] /home/yzs/riscv/linux/arch/riscv/include/asm/suspend.h
[07:55:57] [spechunter] [Read] /home/yzs/riscv/linux/arch/riscv/kernel/sbi.c
[07:55:58] [spechunter] [text] I'll systematically trace the affected code paths across the FreeBSD RISC-V kernel. Let me start by reading the key file...
[07:55:58] [spechunter] [Read] /home/yzs/riscv/freebsd-src/sys/riscv/riscv/identcpu.c
[07:55:58] [spechunter] [Read] /home/yzs/riscv/freebsd-src/sys/riscv/riscv/timer.c
[07:55:58] [spechunter] [Read] /home/yzs/riscv/freebsd-src/sys/riscv/vmm/vmm_riscv.c
[07:55:58] [spechunter] [Grep] pattern='stimecmp|vstimecmp|stimecmph|vstimecmph'
[07:55:58] [spechunter] [Grep] pattern='stimecmp|vstimecmp|stimecmph|vstimecmph'
[07:55:58] [spechunter] [Grep] pattern='menvcfg|MENVCFG'
[07:55:58] [spechunter] [Grep] pattern='henvcfg|HENVCFG'
[07:55:58] [spechunter] [Grep] pattern='mcounteren|MCOUNTEREN'
[07:55:58] [spechunter] [Grep] pattern='hcounteren|HCOUNTEREN'
[07:56:02] [spechunter] [text] ```json {   "locations": [     {       "file_path": "arch/riscv/include/asm/hwcap.h",       "function_name": null,      ...
[07:56:04] [spechunter] [Read] /home/yzs/riscv/linux/arch/riscv/kvm/vcpu.c
[07:56:04] [spechunter] [Read] /home/yzs/riscv/linux/drivers/clocksource/timer-riscv.c
[07:56:04] [spechunter] [Read] /home/yzs/riscv/linux/arch/riscv/kernel/cpufeature.c
[07:56:04] [spechunter] [Grep] pattern='HTIMEDELTA|VSTIMECMP|SSTC|sstc'
[07:56:04] [spechunter] [Grep] pattern='timer|TIMER'
[07:56:04] [spechunter] [Grep] pattern='SSTC|sstc|timer'
[07:56:07] [spechunter] [TodoWrite] 6 items
[07:56:07] [spechunter] [Grep] pattern='menvcfg|MENVCFG'
[07:56:07] [spechunter] [Grep] pattern='mcounteren|MCOUNTEREN'
[07:56:10] [spechunter] [text] Now let me trace the variable declarations, CSR write macros, and additional code paths.  
[07:56:10] [spechunter] [Grep] pattern='has_sstc'
[07:56:10] [spechunter] [Grep] pattern='menvcfg'
[07:56:10] [spechunter] [Grep] pattern='mcounteren'
[07:56:10] [spechunter] [Grep] pattern='stimecmp'
[07:56:11] [spechunter] [Read] /home/yzs/riscv/linux/arch/riscv/include/asm/csr.h
[07:56:11] [spechunter] [Read] /home/yzs/riscv/linux/arch/riscv/include/asm/hwcap.h
[07:56:11] [spechunter] [Read] /home/yzs/riscv/linux/arch/riscv/kernel/cpufeature.c
[07:56:11] [spechunter] [Read] /home/yzs/riscv/linux/arch/riscv/kvm/vcpu.c
[07:56:11] [spechunter] [Read] /home/yzs/riscv/linux/arch/riscv/kvm/vcpu_onereg.c
[07:56:11] [spechunter] [Read] /home/yzs/riscv/linux/arch/riscv/kvm/vcpu_onereg.c
[07:56:17] [spechunter] [text] Now let me look at KVM paths and GDB stub paths  
[07:56:17] [spechunter] [Read] /home/yzs/riscv/qemu/target/riscv/time_helper.c
[07:56:17] [spechunter] [Grep] pattern='sstc|stimecmp|STCE'
[07:56:17] [spechunter] [Grep] pattern='sstc|stimecmp|STCE'
[07:56:18] [spechunter] [Grep] pattern='HTIMEDELTA|VSTIMECMP|STIMECMP|ENVCFG_STCE'
[07:56:18] [spechunter] [Read] /home/yzs/riscv/linux/arch/riscv/kvm/vcpu_sbi_v01.c
[07:56:18] [spechunter] [Read] /home/yzs/riscv/linux/arch/riscv/kvm/vcpu_exit.c
[07:56:18] [spechunter] [Read] /home/yzs/riscv/linux/arch/riscv/kvm/vcpu_onereg.c
[07:56:18] [spechunter] [Grep] pattern='KVM_REG_RISCV_TIMER|kvm_riscv_timer|IRQ_VS_TIMER'
[07:56:18] [spechunter] [Read] /home/yzs/riscv/linux/arch/riscv/include/asm/hwcap.h
[07:56:20] [spechunter] [text] Now let me read the key source files for full context
[07:56:20] [spechunter] [Read] /home/yzs/riscv/freebsd-src/sys/riscv/riscv/timer.c
[07:56:20] [spechunter] [Read] /home/yzs/riscv/freebsd-src/sys/riscv/vmm/vmm_riscv.c
[07:56:20] [spechunter] [Read] /home/yzs/riscv/freebsd-src/sys/riscv/include/riscvreg.h
[07:56:20] [spechunter] [Read] /home/yzs/riscv/freebsd-src/sys/riscv/include/encoding.h
[07:56:21] [spechunter] [text] Report written to `locations/sstc_stip_writability.json`.  ## Summary of findings  **Violation**: MIP_STIP writes become...
[07:56:22] [spechunter] [text] Let me now look at the context-switch assembly, traps, the pmap layer, and the vmm_riscv hypctx save/restore paths
[07:56:22] [spechunter] [Read] /home/yzs/riscv/freebsd-src/sys/riscv/riscv/swtch.S
[07:56:22] [spechunter] [Read] /home/yzs/riscv/freebsd-src/sys/riscv/riscv/trap.c
[07:56:22] [spechunter] [Read] /home/yzs/riscv/freebsd-src/sys/riscv/include/md_var.h
[07:56:22] [spechunter] [Read] /home/yzs/riscv/freebsd-src/sys/riscv/include/encoding.h
[07:56:22] [spechunter] [Read] /home/yzs/riscv/linux/tools/testing/selftests/kvm/riscv/arch_timer.c
[07:56:22] [spechunter] [Read] /home/yzs/riscv/linux/arch/riscv/include/uapi/asm/kvm.h
[07:56:22] [spechunter] [Read] /home/yzs/riscv/linux/tools/testing/selftests/kvm/include/riscv/arch_timer.h
[07:56:22] [spechunter] [Grep] pattern='ncsr_write|ncsr_read'
[07:56:22] [spechunter] [Grep] pattern='ENVCFG_STCE'
[07:56:27] [spechunter] [text] Let me check KVM CSR sync paths and the GDB stub more carefully  
[07:56:27] [spechunter] [Grep] pattern='menvcfg|henvcfg|stimecmp|mip.*stip|STIP|STCE'
[07:56:27] [spechunter] [Grep] pattern='menvcfg|henvcfg|STCE|stimecmp|STIP'
[07:56:27] [spechunter] [Grep] pattern='sstc|stimecmp|STCE|STIP'
[07:56:29] [spechunter] [text] Let me also check references to the `has_sstc` check and the `SSTC` feature macro
[07:56:29] [spechunter] [Grep] pattern='has_sstc'
[07:56:29] [spechunter] [Grep] pattern='SSTC'
[07:56:33] [spechunter] [text] Now let me look at the vmm_riscv.c world-switch context (hypctx save/restore, vmexit handling) and the encoding for rele...
[07:56:33] [spechunter] [Read] /home/yzs/riscv/freebsd-src/sys/riscv/vmm/vmm_riscv.c
[07:56:33] [spechunter] [Grep] pattern='HENVCFG_STCE|HCOUNTEREN_TM|HENVCFG|hcounteren'
[07:56:33] [spechunter] [Grep] pattern='stimecmp|STIMECMP|stimecmph'
[07:56:33] [spechunter] [Read] /home/yzs/riscv/freebsd-src/sys/riscv/riscv/exception.S
[07:56:37] [spechunter] [Grep] pattern='KVM_REG_RISCV_TIMER|kvm_riscv_timer'
[07:56:37] [spechunter] [Grep] pattern='ncsr_read|ncsr_write'
[07:56:37] [spechunter] [Grep] pattern='timer|SBI_EXT_TIME'
[07:56:37] [spechunter] [Grep] pattern='stimecmp|vstimecmp|time'
[07:56:37] [spechunter] [Grep] pattern='ENVCFG_STCE|SSTC'
[07:56:37] [spechunter] [Grep] pattern='ncsr_read|ncsr_write'
[07:56:44] [spechunter] [text] Now let me look at the VMM switch assembly, the SBI path, vtimer code, and CSR definitions more thoroughly
[07:56:44] [spechunter] [Grep] pattern='vmm_switch|vmm_hyp_switch|vmm_hyp_exit'
[07:56:44] [spechunter] [Read] /home/yzs/riscv/freebsd-src/sys/riscv/riscv/sbi.c
[07:56:44] [spechunter] [Grep] pattern='vtimer'
[07:56:44] [spechunter] [Grep] pattern='CSR_STIMECMP|CSR_VSTIMECMP'
[07:56:45] [spechunter] [Read] /home/yzs/riscv/linux/arch/riscv/include/asm/kvm_nacl.h
[07:56:45] [spechunter] [Grep] pattern='kvm_arch_vcpu_put|kvm_arch_vcpu_load|kvm_arch_vcpu_ioctl_run|kvm_riscv_vcpu_timer_restore|kvm_riscv_vcpu_timer_save|kvm_riscv_vcpu_timer_sync'
[07:56:45] [spechunter] [Read] /home/yzs/riscv/linux/arch/riscv/kvm/vcpu_exit.c
[07:56:45] [spechunter] [Grep] pattern='timer_next_event|timer_save|timer_restore|timer_sync|vcpu.*timer'
[07:56:50] [spechunter] [text] Let me also check the CSR declarations and the vmm_riscv context around line 925  
[07:56:50] [spechunter] [Grep] pattern='stimecmp|STIMECMP'
[07:56:50] [spechunter] [Read] /home/yzs/riscv/freebsd-src/sys/riscv/vmm/vmm_riscv.c
[07:56:50] [spechunter] [Read] /home/yzs/riscv/freebsd-src/sys/riscv/vmm/vmm_riscv.c
[07:56:53] [spechunter] [text] Let me now check the VMM switch assembly, the RISC-V vtimer, and the CSR encoding definitions.  
[07:56:53] [spechunter] [Read] /home/yzs/riscv/freebsd-src/sys/riscv/vmm/vmm_switch.S
[07:56:53] [spechunter] [Read] /home/yzs/riscv/freebsd-src/sys/riscv/vmm/vmm_vtimer.c
[07:56:53] [spechunter] [Read] /home/yzs/riscv/freebsd-src/sys/riscv/include/riscvreg.h
[07:56:56] [spechunter] [Grep] pattern='ncsr_read|ncsr_write'
[07:56:56] [spechunter] [Read] /home/yzs/riscv/linux/arch/riscv/include/uapi/asm/kvm.h
[07:56:56] [spechunter] [Read] /home/yzs/riscv/linux/arch/riscv/include/uapi/asm/kvm.h
[07:56:56] [spechunter] [Grep] pattern='IRQ_VS_TIMER|IRQ_S_TIMER|IRQ_LOCAL'
[07:56:56] [spechunter] [Read] /home/yzs/riscv/linux/arch/riscv/include/asm/timex.h
[07:56:58] [spechunter] [Grep] pattern='stimecmp'
[07:56:58] [spechunter] [Grep] pattern='stimecmp|post_load|timer|menvcfg|henvcfg|STCE'
[07:56:58] [spechunter] [Grep] pattern='reset.*timer|timer.*reset|riscv_timer_init|stimecmp|sstc'
[07:56:58] [spechunter] [Grep] pattern='riscv_cpu_reset'
[07:56:59] [spechunter] [Read] /home/yzs/riscv/linux/arch/riscv/kvm/vcpu.c
[07:56:59] [spechunter] [Read] /home/yzs/riscv/linux/arch/riscv/kvm/vcpu.c
[07:56:59] [spechunter] [Read] /home/yzs/riscv/linux/arch/riscv/kvm/vcpu.c
[07:57:02] [spechunter] [text] Now let me verify one more critical detail — how the SIP module handles STIP, and check the interrupt bundle bit layout ...
[07:57:02] [spechunter] [Read] /home/yzs/riscv/XiangShan/src/main/scala/xiangshan/backend/fu/NewCSR/InterruptBundle.scala
[07:57:02] [spechunter] [text] Let me check the VMM SBI handler for timer-related SBI calls and the CSR address definitions.  
[07:57:02] [spechunter] [Read] /home/yzs/riscv/freebsd-src/sys/riscv/vmm/vmm_sbi.c
[07:57:02] [spechunter] [Grep] pattern='CSR_STIMECMP|CSR_VSTIMECMP|0x14D|0x15D|0x24D|0x25D'
[07:57:02] [spechunter] [Read] /home/yzs/riscv/freebsd-src/sys/riscv/vmm/riscv.h
[07:57:04] [spechunter] [text] Let me now look at the reset and post_load functions more closely  
[07:57:04] [spechunter] [Read] /home/yzs/riscv/qemu/target/riscv/cpu.c
[07:57:04] [spechunter] [Read] /home/yzs/riscv/qemu/target/riscv/machine.c
[07:57:04] [spechunter] [Read] /home/yzs/riscv/qemu/target/riscv/machine.c
[07:57:09] [spechunter] [Read] /home/yzs/riscv/XiangShan/src/main/scala/xiangshan/backend/fu/NewCSR/NewCSR.scala
[07:57:12] [spechunter] [text] Let me also check the CSR encoding definitions for stimecmp/vstimecmp and see if there's a cpufunc.h with the csr_write ...
[07:57:12] [spechunter] [Grep] pattern='stimecmp|STIMECMP|stimecmph|STIMECMPH'
[07:57:12] [spechunter] [Grep] pattern='vstimecmp|VSTIMECMP|vstimecmph|VSTIMECMPH'
[07:57:12] [spechunter] [Grep] pattern='#define csr_write|#define CSR_WRITE|csrw|\\.word.*0x14D|\\.word.*0x15D|\\.word.*0x24D|\\.word.*0x25D'
[07:57:18] [spechunter] [Grep] pattern='csr_write|stimecmp|vstimecmp|0x14D|0x15D'
[07:57:18] [spechunter] [Grep] pattern='#define csr_write'
[07:57:19] [spechunter] [Read] /home/yzs/riscv/linux/arch/riscv/kvm/vcpu.c
[07:57:19] [spechunter] [Read] /home/yzs/riscv/linux/arch/riscv/kvm/vcpu.c
[07:57:19] [spechunter] [Grep] pattern='kvm_riscv_vcpu_enter_exit|kvm_riscv_vcpu_swap_in_guest_state|kvm_riscv_vcpu_swap_in_host_state'
[07:57:19] [spechunter] [Grep] pattern='STCE|stce'
[07:57:25] [spechunter] [Read] /home/yzs/riscv/freebsd-src/sys/riscv/include/riscvreg.h
[07:57:25] [spechunter] [Grep] pattern='DECLARE_CSR.*time|DECLARE_CSR.*stime'
[07:57:25] [spechunter] [Grep] pattern='0x14D|0x15D'
[07:57:28] [spechunter] [text] ## Analysis  **PR nature**: This is a **documentation/specification reorganization** — moving the description of the Sst...
[07:57:28] [spechunter] [Read] /home/yzs/riscv/linux/arch/riscv/kvm/vcpu.c
[07:57:28] [spechunter] [Read] /home/yzs/riscv/linux/arch/riscv/include/asm/csr.h
[07:57:36] [spechunter] [Grep] pattern='STIMECMP|stimecmp'
[07:57:41] [spechunter] [Grep] pattern='csr_write.*mip.*STIP|csrw.*mip|SBI_EXT_SET_TIMER.*mip|MIP_STIP'
[07:57:43] [spechunter] [Grep] pattern='DECLARE_CSR.*stimecmp|#define CSR_STIMECMP'
[07:57:49] [spechunter] [Grep] pattern='DECLARE_CSR.*stimecmp|CSR_STIMECMP'
[07:57:49] [spechunter] [Grep] pattern='#define CSR_STIMECMP'
[07:57:53] [spechunter] [Grep] pattern='CSR_TIME'
[07:57:53] [spechunter] [Read] /home/yzs/riscv/freebsd-src/sys/riscv/include/encoding.h
[07:57:53] [spechunter] [Read] /home/yzs/riscv/linux/arch/riscv/include/asm/kvm_nacl.h
[07:57:53] [spechunter] [Grep] pattern='CSR_TIME|CSR_TIMEH'
[07:57:53] [spechunter] [Read] /home/yzs/riscv/linux/arch/riscv/include/asm/csr.h
[07:57:53] [spechunter] [Grep] pattern='timer|TIMER'
[07:58:02] [spechunter] [Read] /home/yzs/riscv/opensbi/lib/sbi/sbi_timer.c
[07:58:02] [spechunter] [Read] /home/yzs/riscv/opensbi/lib/sbi/sbi_hsm.c
[07:58:02] [spechunter] [Read] /home/yzs/riscv/opensbi/lib/sbi/sbi_hart.c
[07:58:05] [spechunter] [Grep] pattern='#define csr_write'
[07:58:05] [spechunter] [Grep] pattern='csr_write.*stimecmp'
[07:58:11] [spechunter] [Grep] pattern='DECLARE_CSR.*timecmp'
[07:58:11] [spechunter] [Grep] pattern='0x14D'
[07:58:19] [spechunter] [text] Let me check the early boot code and look for any CSR definitions specific to stimecmp.  
[07:58:19] [spechunter] [Grep] pattern='stimecmp|vstimecmp'
[07:58:19] [spechunter] [Grep] pattern='CSR_MTIMECMP|CSR_MTIMECMPH|CSR_STIMECMP|CSR_VSTIMECMP|0x14D|0x15D|MTIMECMP'
[07:58:19] [spechunter] [Grep] pattern='CSR_MENVCFG|CSR_SENVCFG|menvcfg|senvcfg'
[07:58:19] [spechunter] [Grep] pattern='0x14D|0x15D|0x24D|0x25D|CSR.*TIMECMP'
[07:58:27] [spechunter] [Grep] pattern='DECLARE_CSR'
[07:58:27] [spechunter] [Grep] pattern='stimecmp'
[07:58:27] [spechunter] [Grep] pattern='stimecmp'
[07:58:36] [spechunter] [Grep] pattern='0x14D|STIMECMP|stimecmp'
[07:58:38] [spechunter] [text] Now let me read the spec references and check the HSM resume finish path.  
[07:58:38] [spechunter] [Read] /home/yzs/riscv/opensbi/lib/sbi/sbi_hsm.c
[07:58:38] [spechunter] [Grep] pattern='STCE|stce|ENVCFG_STCE'
[07:58:46] [spechunter] [text] Now let me check the full HSM suspend save path and the Sstc spec reference
[07:58:46] [spechunter] [Read] /home/yzs/riscv/opensbi/lib/sbi/sbi_hsm.c
[07:58:46] [spechunter] [Glob] **/spec_ref/**/*stc*
[07:58:46] [spechunter] [Glob] **/spec_ref/**/*.adoc
[07:58:47] [spechunter] [Grep] pattern='csr_write|#define csr_write'
[07:58:47] [spechunter] [Grep] pattern='csr_write|#define csr_write|#define csr_read'
[07:58:50] [spechunter] [Grep] pattern='#define csr_write'
[07:58:54] [spechunter] [Grep] pattern='#define csr_write'
[07:58:55] [spechunter] [Grep] pattern='VM_CAP_SSTC'
[07:58:55] [spechunter] [Grep] pattern='DECLARE_CSR\\(stimecmp|DECLARE_CSR\\(vstimecmp'
[07:58:55] [spechunter] [Grep] pattern='SV_SSTC'
[07:58:56] [spechunter] [Read] /home/yzs/riscv/rv-isa-sec/spec_ref/riscv-isa-manual/src/priv/sstc.adoc
[07:58:56] [spechunter] [Grep] pattern='STCE|stce'
[07:59:02] [spechunter] [Grep] pattern='DECLARE_CSR'
[07:59:02] [spechunter] [Grep] pattern='#undef DECLARE_CSR|#define DECLARE_CSR|#if.*DECLARE_CSR|#ifdef DECLARE_CSR'
[07:59:07] [spechunter] [Grep] pattern='DECLARE_CSR|CSR_STIMECMP|stimecmp'
[07:59:08] [spechunter] [Read] /home/yzs/riscv/rv-isa-sec/spec_ref/riscv-isa-manual/src/priv/machine.adoc
[07:59:08] [spechunter] [Grep] pattern='STIP.*read.only|read.only.*STIP|mip.*STIP|stimecmp.*STIP|STIP.*stimecmp'
[07:59:13] [spechunter] [Grep] pattern='STIP|mip|sip|timer interrupt|delegat|writable'
[07:59:14] [spechunter] [Grep] pattern='csr_write|csr_read|csr_set|csr_clear'
[07:59:14] [spechunter] [Grep] pattern='#define csr_write'
[07:59:18] [spechunter] [Grep] pattern='STIP|stimecmp|timer.*interrupt'
[07:59:27] [spechunter] [Read] /home/yzs/riscv/freebsd-src/usr.sbin/bhyve/riscv/bhyverun_machdep.c
[07:59:27] [spechunter] [Read] /home/yzs/riscv/freebsd-src/lib/libvmmapi/riscv/vmmapi_machdep.c
[07:59:27] [spechunter] [Read] /home/yzs/riscv/freebsd-src/sys/riscv/riscv/locore.S
[07:59:48] [spechunter] [Grep] pattern='mcounteren|menvcfg|STCE|stimecmp'
[07:59:48] [spechunter] [Grep] pattern='mcounteren|menvcfg|STCE|stimecmp'
[07:59:48] [spechunter] [Grep] pattern='sbi_probe_extension'
[07:59:53] [spechunter] [TodoWrite] 6 items
[07:59:57] [spechunter] [TodoWrite] 4 items
[08:00:10] [spechunter] [text] Let me read the critical source files to understand the detailed implementation.  
[08:00:10] [spechunter] [Read] /home/yzs/riscv/linux/arch/riscv/kvm/vcpu_timer.c
[08:00:10] [spechunter] [Read] /home/yzs/riscv/linux/arch/riscv/kvm/vcpu_exit.c
[08:00:10] [spechunter] [Read] /home/yzs/riscv/linux/arch/riscv/include/asm/kvm_vcpu_timer.h
[08:00:23] [spechunter] [text] Now let me check where `sbi_timer_exit` is called from.  
[08:00:23] [spechunter] [Grep] pattern='sbi_timer_exit'
[08:00:23] [spechunter] [Read] /home/yzs/riscv/rv-isa-sec/spec_ref/riscv-isa-manual/normative_rule_defs/sstc.yaml
[08:00:23] [spechunter] [text] Now I have a complete picture. Let me also verify the `stimecmp` CSR declaration — it's used as a raw CSR name, not via ...
[08:00:23] [spechunter] [Grep] pattern='DECLARE_CSR'
[08:00:23] [spechunter] [Read] /home/yzs/riscv/freebsd-src/sys/riscv/include/encoding.h
[08:00:23] [spechunter] [text] Prompt is too long
[08:00:40] [spechunter] [text] I'll search for Sstc-related code and spec locations in the repository to build the location set.  
[08:00:40] [spechunter] [Agent] description, subagent_type
[08:00:40] [spechunter] [Grep] pattern='(?i)sstc|stimecmp|vstimecmp'
[08:00:41] [spechunter] [text] Let me check the warm-boot path in `sbi_init.c` to understand the full flow and the SiFive suspend context.  
[08:00:41] [spechunter] [Read] /home/yzs/riscv/opensbi/lib/sbi/sbi_init.c
[08:00:41] [spechunter] [Read] /home/yzs/riscv/opensbi/lib/utils/suspend/fdt_suspend_sifive_smc0.c
[08:00:50] [spechunter] [Read] /home/yzs/riscv/linux/drivers/clocksource/timer-riscv.c
[08:00:50] [spechunter] [Read] /home/yzs/riscv/linux/arch/riscv/kernel/suspend.c
[08:00:50] [spechunter] [Read] /home/yzs/riscv/linux/arch/riscv/kvm/vcpu.c
[08:00:52] [spechunter] [Grep] pattern='mstatus_init|ENVCFG_STCE|STCE'
[08:01:00] [spechunter] [Grep] pattern='[Ss][Ss][Tt][Cc]'
[08:01:00] [spechunter] [Grep] pattern='[Ss][Tt][Ii][Mm][Ee][Cc][Mm][Pp]'
[08:01:00] [spechunter] [Grep] pattern='[Vv][Ss][Tt][Ii][Mm][Ee][Cc][Mm][Pp]'
[08:01:00] [spechunter] [Grep] pattern='timer.compare'
[08:01:00] [spechunter] [Grep] pattern='timer_compare'
[08:01:07] [spechunter] [Read] /home/yzs/riscv/opensbi/lib/sbi/sbi_hart.c
[08:01:07] [spechunter] [Grep] pattern='sbi_hart_reinit|warm_boot|hsm.*start'
[08:01:19] [spechunter] [TodoWrite] 7 items
[08:01:22] [spechunter] [Read] /home/yzs/riscv/opensbi/lib/sbi/sbi_init.c
[08:01:26] [spechunter] [TodoWrite] 4 items
[08:01:26] [spechunter] [Read] /home/yzs/riscv/freebsd-src/sys/riscv/riscv/timer.c
[08:01:26] [spechunter] [Read] /home/yzs/riscv/freebsd-src/sys/riscv/riscv/identcpu.c
[08:01:26] [spechunter] [Read] /home/yzs/riscv/freebsd-src/sys/riscv/include/md_var.h
[08:01:26] [spechunter] [Read] /home/yzs/riscv/freebsd-src/sys/riscv/include/vmm.h
[08:01:26] [spechunter] [Read] /home/yzs/riscv/freebsd-src/sys/riscv/vmm/vmm_riscv.c
[08:01:26] [spechunter] [Read] /home/yzs/riscv/freebsd-src/sys/riscv/vmm/vmm_riscv.c
[08:01:26] [spechunter] [Read] /home/yzs/riscv/freebsd-src/sys/riscv/riscv/identcpu.c
[08:01:26] [spechunter] [Read] /home/yzs/riscv/freebsd-src/sys/riscv/riscv/identcpu.c
[08:01:26] [spechunter] [Read] /home/yzs/riscv/freebsd-src/sys/riscv/riscv/identcpu.c
[08:01:26] [spechunter] [Read] /home/yzs/riscv/freebsd-src/usr.sbin/bhyve/riscv/bhyverun_machdep.c
[08:01:43] [spechunter] [Grep] pattern='HENVCFG_STCE'
[08:01:43] [spechunter] [Read] /home/yzs/riscv/freebsd-src/lib/libvmmapi/riscv/vmmapi_machdep.c
[08:01:43] [spechunter] [Read] /home/yzs/riscv/freebsd-src/sys/contrib/device-tree/Bindings/riscv/extensions.yaml
[08:01:43] [spechunter] [Read] /home/yzs/riscv/freebsd-src/sys/contrib/device-tree/Bindings/timer/riscv,timer.yaml
[08:01:43] [spechunter] [Read] /home/yzs/riscv/freebsd-src/sys/contrib/edk2/MdePkg.dec
[08:01:52] [spechunter] [text] Now let me look at the SBI handling for timer in KVM, and the NACL access macros.  
[08:01:52] [spechunter] [Grep] pattern='SBI_EXT_TIME|sbi_ecall.*TIME|stimecmp|STIMECMP|timer.*sbi|set_timer'
[08:01:52] [spechunter] [Read] /home/yzs/riscv/linux/arch/riscv/include/asm/kvm_nacl.h
[08:01:52] [spechunter] [Read] /home/yzs/riscv/linux/arch/riscv/include/asm/csr.h
[08:01:54] [spechunter] [Grep] pattern='stime|timecmp|HENVCFG_STCE|STIE|STIP'
[08:01:54] [spechunter] [Grep] pattern='CHERI|Sstc|sstc|STIMECMP|stimecmp|vstimecmp'
[08:02:10] [spechunter] [text] Let me look at the KVM SBI time extension handler and the CSR definitions more fully.  
[08:02:10] [spechunter] [Grep] pattern='EXT_TIME|set_timer|stimecmp|SSTC|ext_time|kvm_sbi_ext_time'
[08:02:10] [spechunter] [Grep] pattern='SBI_EXT_TIME'
[08:02:15] [spechunter] [text] Now let me check the spec for the specific wording about STIP writability when STCE is set
[08:02:15] [spechunter] [Read] /home/yzs/riscv/rv-isa-sec/spec_ref/riscv-isa-manual/src/priv/supervisor.adoc
[08:02:27] [spechunter] [Read] /home/yzs/riscv/linux/arch/riscv/kvm/vcpu_sbi_replace.c
[08:02:42] [spechunter] [text] Let me check one more detail about how menvcfg is wired to the mip module
[08:02:42] [spechunter] [Grep] pattern='HasMachineEnvBundle'
[08:02:49] [spechunter] [Read] /home/yzs/riscv/XiangShan/src/main/scala/xiangshan/backend/fu/NewCSR/MachineLevel.scala
[08:02:59] [spechunter] [text] Now let me verify the spec position on STIP writability in `mip` CSR when STCE is set
[08:02:59] [spechunter] [Grep] pattern='mip.*STIP|STIP.*writ|STIP.*read|STIP.*mip'
[08:03:09] [spechunter] [text] Now let me check the CSR_STIMECMP and CSR_VSTIMECMP definitions plus any HSTATUS.VTVM relationship
[08:03:09] [spechunter] [Grep] pattern='CSR_STIMECMP|CSR_VSTIMECMP|HSTATUS_VTVM|VTVM'
[08:03:09] [spechunter] [Grep] pattern='CSR_STIMECMP|CSR_VSTIMECMP|HSTATUS_VTVM|VTVM'
[08:03:15] [spechunter] [Read] /home/yzs/riscv/rv-isa-sec/spec_ref/riscv-isa-manual/src/priv/machine.adoc
[08:03:31] [spechunter] [Grep] pattern='sbi_hart_reinit'
[08:03:37] [spechunter] [Read] /home/yzs/riscv/XiangShan/src/main/scala/xiangshan/backend/fu/NewCSR/NewCSR.scala
[08:03:40] [spechunter] [Read] /home/yzs/riscv/opensbi/lib/sbi/sbi_hart.c
[08:03:41] [spechunter] [Read] /home/yzs/riscv/linux/arch/riscv/include/asm/csr.h
[08:03:41] [spechunter] [Grep] pattern='HSTATUS_VTW|hstatus.*VTW|HSTATUS_SPVP|HSTATUS_SPV'
[08:03:41] [spechunter] [Grep] pattern='VTVM'
[08:04:16] [spechunter] [TodoWrite] 4 items
[08:04:25] [spechunter] [text] Let me find the spec/documentation files that are organized into Machine, Supervisor, and Hypervisor chapters — those ar...
[08:04:25] [spechunter] [Glob] **/riscv/**/*.adoc
[08:04:25] [spechunter] [Glob] **/riscv*spec*
[08:04:25] [spechunter] [Grep] pattern='(?i)Sstc|stimecmp|vstimecmp'
[08:04:40] [spechunter] [Grep] pattern='(?i)Sstc|stimecmp|vstimecmp'
[08:04:40] [spechunter] [Grep] pattern='(?i)Sstc|stimecmp|vstimecmp'
[08:04:40] [spechunter] [Grep] pattern='(?i)Sstc|stimecmp'
[08:04:47] [spechunter] [text] Now let me read the CSRBundles.scala and check the configuration switch  
[08:04:47] [spechunter] [Read] /home/yzs/riscv/XiangShan/src/main/scala/xiangshan/backend/fu/NewCSR/CSRBundles.scala
[08:04:50] [spechunter] [Grep] pattern='(?i)machine.*chapter|supervisor.*chapter|hypervisor.*chapter|Machine-Level|Supervisor-Level|Hypervisor-Level'
[08:04:50] [spechunter] [Grep] pattern='(?i)sstc.*text|sstc.*move|sstc.*section'
[08:04:51] [spechunter] [Grep] pattern='EXT_SSTC'
[08:04:55] [spechunter] [text] Now let me verify one more important detail — the exact chain from `write_menvcfg` to `write_henvcfg`  
[08:04:55] [spechunter] [Read] /home/yzs/riscv/qemu/target/riscv/machine.c
[08:04:55] [spechunter] [Read] /home/yzs/riscv/qemu/target/riscv/machine.c
[08:05:07] [spechunter] [Glob] **/doc/**/*riscv*
[08:05:07] [spechunter] [Glob] **/doc/**/*.adoc
[08:05:07] [spechunter] [Bash] Search git log for Sstc chapter-related commits
[08:05:26] [spechunter] [Bash] Find riscv timer related files
[08:05:26] [spechunter] [Grep] pattern='(?i)sstc|stimecmp|vstimecmp'
[08:05:48] [spechunter] [text] Now let me read the key files to understand their relationship to Machine, Supervisor, and Hypervisor privilege levels. ...
[08:05:48] [spechunter] [Read] /home/yzs/riscv/freebsd-src/sys/riscv/include/riscvreg.h
[08:05:48] [spechunter] [Read] /home/yzs/riscv/freebsd-src/sys/riscv/riscv/timer.c
[08:05:48] [spechunter] [Read] /home/yzs/riscv/freebsd-src/sys/riscv/vmm/vmm_riscv.c
[08:05:53] [spechunter] [text] ## Cross-validation Analysis  **PR intent**: "Move Sstc text to relevant sections in Machine, Supervisor, and Hypervisor...
[08:05:56] [spechunter] [text] Let me search for documentation or source files that have "Machine", "Supervisor", and "Hypervisor" chapter/section stru...
[08:05:56] [spechunter] [Grep] pattern='(?i)machine.*chapter|supervisor.*chapter|hypervisor.*chapter|machine.level|supervisor.level|hypervisor.level'
[08:05:56] [spechunter] [Glob] **/riscv/**/*.{txt,rst,md,tex,pod}
[08:05:56] [spechunter] [Grep] pattern='(?i)M\\-mode|S\\-mode|HS\\-mode|VS\\-mode|machine.mode|supervisor.mode|hypervisor'
[08:05:58] [spechunter] [text] Now I have a complete picture. Let me assemble the findings.  ```json {   "findings": [     {       "file_path": "lib/sb...
[08:06:03] [spechunter] [text] Let me look at the comments referencing spec chapters and the PR more carefully. The PR mentions "Machine, Supervisor, a...
[08:06:03] [spechunter] [Read] /home/yzs/riscv/freebsd-src/sys/riscv/include/riscvreg.h
[08:06:03] [spechunter] [Read] /home/yzs/riscv/freebsd-src/sys/riscv/riscv/identcpu.c
[08:06:16] [spechunter] [Agent] description, subagent_type
[08:06:30] [spechunter] [text] Let me search for actual documentation/manual files that might have Machine, Supervisor, and Hypervisor chapter organiza...
[08:06:30] [spechunter] [Grep] pattern='(?i)(machine|supervisor|hypervisor).*(chapter|section|level|mode)'
[08:06:30] [spechunter] [Glob] share/man/man4/riscv*
[08:06:30] [spechunter] [Glob] share/man/**/*riscv*
[08:06:35] [spechunter] [Grep] pattern='stimecmp'
[08:06:35] [spechunter] [Grep] pattern='vstimecmp'
[08:06:35] [spechunter] [Grep] pattern='STCE|\\.STCE|Stce'
[08:06:35] [spechunter] [Grep] pattern='0x14[dD]|0x24[dD]'
[08:06:35] [spechunter] [Grep] pattern='VSTIP|vstip'
[08:06:35] [spechunter] [Grep] pattern='Sstc'
[08:06:38] [spechunter] [Grep] pattern='(?i)sstc|stimecmp|timer.*compare'
[08:06:38] [spechunter] [Grep] pattern='(?i)sstc|stimecmp'
[08:06:57] [spechunter] [Read] /home/yzs/riscv/XiangShan/src/main/scala/xiangshan/backend/fu/NewCSR/SstcInterruptGen.scala
[08:06:57] [spechunter] [Read] /home/yzs/riscv/XiangShan/src/main/scala/xiangshan/backend/fu/NewCSR/CSRPermitModule.scala
[08:06:57] [spechunter] [Read] /home/yzs/riscv/XiangShan/src/main/scala/xiangshan/backend/fu/NewCSR/CSRBundles.scala
[08:06:57] [spechunter] [Read] /home/yzs/riscv/XiangShan/src/main/scala/xiangshan/backend/fu/NewCSR/NewCSR.scala
[08:06:57] [spechunter] [Read] /home/yzs/riscv/XiangShan/src/main/scala/xiangshan/backend/decode/isa/CSRs.scala
[08:06:59] [spechunter] [text] Let me check git history for any Sstc-related doc or text changes.  
[08:06:59] [spechunter] [Bash] Check recent git history
[08:06:59] [spechunter] [Bash] Recent changes to Sstc-relevant files
[08:07:13] [spechunter] [text] Now let me verify a few more critical details and check for the priv-based bypass path in sip writes  
[08:07:13] [spechunter] [Read] /home/yzs/riscv/qemu/target/riscv/csr.c
[08:07:13] [spechunter] [Grep] pattern='rmw_sip64|rmw_sip\\b'
[08:07:13] [spechunter] [Grep] pattern='mvien_writable_mask|mvip_writable_mask'
[08:07:21] [spechunter] [Grep] pattern='stimecmp|STIP|stip'
[08:07:21] [spechunter] [Grep] pattern='vstimecmp|VSTIP|vstip'
[08:07:21] [spechunter] [Grep] pattern='STCE|STIP|stimecmp'
[08:07:21] [spechunter] [Grep] pattern='STCE|VSTIP|thm|TM|stimecmp|hcounteren'
[08:07:21] [spechunter] [Read] /home/yzs/riscv/XiangShan/src/main/scala/xiangshan/backend/fu/NewCSR/InterruptBundle.scala
[08:07:33] [spechunter] [text] Now I have a thorough understanding of all Sstc-related code. Let me produce the comprehensive JSON report.  
[08:07:33] [spechunter] [Write] /home/yzs/riscv/linux/semantic_analysis.json
[08:07:37] [spechunter] [Read] /home/yzs/riscv/XiangShan/src/main/scala/xiangshan/backend/fu/NewCSR/SupervisorLevel.scala
[08:07:37] [spechunter] [Read] /home/yzs/riscv/XiangShan/src/main/scala/xiangshan/backend/fu/NewCSR/VirtualSupervisorLevel.scala
[08:07:37] [spechunter] [Read] /home/yzs/riscv/XiangShan/src/main/scala/xiangshan/backend/fu/NewCSR/MachineLevel.scala
[08:07:37] [spechunter] [Read] /home/yzs/riscv/XiangShan/src/main/scala/xiangshan/backend/fu/NewCSR/HypervisorLevel.scala
[08:07:42] [spechunter] [Read] /home/yzs/riscv/linux/semantic_analysis.json
[08:07:47] [spechunter] [text] Now I have a comprehensive picture. The PR is about reorganizing "Sstc text" (comments, register definitions, code secti...
[08:07:52] [spechunter] [Read] /home/yzs/riscv/XiangShan/src/main/scala/xiangshan/backend/fu/NewCSR/MachineLevel.scala
[08:07:52] [spechunter] [Read] /home/yzs/riscv/XiangShan/src/main/scala/xiangshan/backend/fu/NewCSR/HypervisorLevel.scala
[08:07:52] [spechunter] [Read] /home/yzs/riscv/XiangShan/src/main/scala/xiangshan/backend/fu/NewCSR/SupervisorLevel.scala
[08:07:52] [spechunter] [Read] /home/yzs/riscv/XiangShan/src/main/scala/xiangshan/backend/fu/NewCSR/VirtualSupervisorLevel.scala
[08:08:01] [spechunter] [Grep] pattern='class SipBundle|class VSipBundle|class MipBundle|class MvipBundle'
[08:08:01] [spechunter] [Grep] pattern='HasExternalInterruptBundle|class PlatformIRP|STIP|VSTIP'
[08:08:01] [spechunter] [Grep] pattern='HasExternalInterruptBundle'
[08:08:07] [spechunter] [text] Let me first read the actual code at the locations referenced in the security spec
[08:08:07] [spechunter] [Read] /home/yzs/riscv/freebsd-src/sys/riscv/riscv/identcpu.c
[08:08:07] [spechunter] [Read] /home/yzs/riscv/freebsd-src/sys/riscv/riscv/timer.c
[08:08:07] [spechunter] [Read] /home/yzs/riscv/freebsd-src/sys/riscv/vmm/vmm_riscv.c
[08:08:18] [spechunter] [text] Now let me read the spec documents for the normative text on `menvcfg.STCE` and `mcounteren.TM` requirements
[08:08:18] [spechunter] [Glob] **/*supervisor*
[08:08:18] [spechunter] [Glob] **/*counter*
[08:08:18] [spechunter] [Grep] pattern='stimecmp|STCE|menvcfg.*stce'
[08:08:22] [spechunter] [Read] /home/yzs/riscv/rv-isa-sec/spec_ref/riscv-isa-manual/src/priv/sstc.adoc
[08:08:29] [spechunter] [Read] /home/yzs/riscv/rv-isa-sec/spec_ref/riscv-isa-manual/src/priv/sstc.adoc
[08:08:29] [spechunter] [Read] /home/yzs/riscv/rv-isa-sec/spec_ref/riscv-isa-manual/normative_rule_defs/sstc.yaml
[08:08:50] [spechunter] [Grep] pattern='HasExternalInterruptBundle|PlatformIRP'
[08:08:50] [spechunter] [Read] /home/yzs/riscv/XiangShan/src/main/scala/xiangshan/backend/fu/NewCSR/MachineLevel.scala
[08:08:50] [spechunter] [Read] /home/yzs/riscv/XiangShan/src/main/scala/xiangshan/backend/fu/NewCSR/SupervisorLevel.scala
[08:08:50] [spechunter] [Read] /home/yzs/riscv/XiangShan/src/main/scala/xiangshan/backend/fu/NewCSR/VirtualSupervisorLevel.scala
[08:08:58] [spechunter] [text] Let me read the spec for the normative behavior of `menvcfg.STCE` and `stimecmp` access control
[08:08:58] [spechunter] [Grep] pattern='STCE|stimecmp'
[08:08:58] [spechunter] [Grep] pattern='STCE|stimecmp'
[08:09:18] [spechunter] [text] Now let me read the henvcfg STCE and hcounteren spec text  
[08:09:18] [spechunter] [Grep] pattern='henvcfg.*STCE|STCE.*henvcfg|hcounteren.*TM|TM.*hcounteren'
[08:09:24] [spechunter] [Grep] pattern='stimecmp|vstimecmp|STCE|Sstc|0x14[Dd]|0x24[Dd]'
[08:09:24] [spechunter] [Grep] pattern='VSTIP|vstip'
[08:09:24] [spechunter] [Grep] pattern='mcounteren|hcounteren'
[08:09:24] [spechunter] [text] I see `semantic_analysis.json` already exists with a different analysis. Let me write a separate Sstc-specific analysis ...
[08:09:24] [spechunter] [Write] /home/yzs/riscv/linux/semantic_analysis_sstc.json
[08:09:32] [spechunter] [text] Let me also check the declarations and any existing `menvcfg` checking in the kernel.  
[08:09:32] [spechunter] [Grep] pattern='has_sstc'
[08:09:32] [spechunter] [Grep] pattern='menvcfg'
[08:09:36] [spechunter] [text] Let me read the key implementation files
[08:09:36] [spechunter] [Read] /home/yzs/riscv/XiangShan/src/main/scala/xiangshan/backend/fu/NewCSR/SstcInterruptGen.scala
[08:09:36] [spechunter] [Read] /home/yzs/riscv/XiangShan/src/main/scala/xiangshan/backend/fu/NewCSR/HypervisorLevel.scala
[08:09:36] [spechunter] [Read] /home/yzs/riscv/XiangShan/src/main/scala/xiangshan/backend/fu/NewCSR/SupervisorLevel.scala
[08:09:36] [spechunter] [Read] /home/yzs/riscv/XiangShan/src/main/scala/xiangshan/backend/fu/NewCSR/MachineLevel.scala
[08:09:38] [spechunter] [TodoWrite] 4 items
[08:09:48] [spechunter] [text] Now let me read the remaining key files.  
[08:09:48] [spechunter] [Read] /home/yzs/riscv/XiangShan/src/main/scala/xiangshan/backend/fu/NewCSR/CSRPermitModule.scala
[08:09:48] [spechunter] [Read] /home/yzs/riscv/XiangShan/src/main/scala/xiangshan/backend/fu/NewCSR/VirtualSupervisorLevel.scala
[08:09:48] [spechunter] [Read] /home/yzs/riscv/XiangShan/src/main/scala/xiangshan/backend/fu/NewCSR/CSRBundles.scala
[08:09:57] [spechunter] [text] Let me also check the vmm line 932 for context.  
[08:09:57] [spechunter] [Read] /home/yzs/riscv/freebsd-src/sys/riscv/vmm/vmm_riscv.c
[08:09:57] [spechunter] [Read] /home/yzs/riscv/freebsd-src/sys/riscv/riscv/identcpu.c
[08:10:06] [spechunter] [text] Now let me check how the SstcInterruptGen connects to the rest of the system, and look for the CSR address definitions. ...
[08:10:06] [spechunter] [Grep] pattern='SstcInterruptGen'
[08:10:06] [spechunter] [Grep] pattern='stimecmp|vstimecmp'
[08:10:06] [spechunter] [Grep] pattern='platformIRP\\.STIP|platformIRP\\.VSTIP'
[08:10:13] [spechunter] [text] Let me read the relevant sections of NewCSR.scala to see the full wiring.  
[08:10:13] [spechunter] [Read] /home/yzs/riscv/XiangShan/src/main/scala/xiangshan/backend/fu/NewCSR/NewCSR.scala
[08:10:13] [spechunter] [Read] /home/yzs/riscv/XiangShan/src/main/scala/xiangshan/backend/fu/NewCSR/NewCSR.scala
[08:10:13] [spechunter] [Read] /home/yzs/riscv/XiangShan/src/main/scala/xiangshan/backend/fu/NewCSR/NewCSR.scala
[08:10:22] [spechunter] [Grep] pattern='sstcIRGen\\.'
[08:10:29] [spechunter] [text] Now let me check the spec references to compare against the implementation.  
[08:10:29] [spechunter] [Bash] List spec reference directories
[08:10:33] [spechunter] [Grep] pattern='Sstc|stimecmp|vstimecmp|STCE|STIP.*stimecmp|menvcfg.*STCE|henvcfg.*STCE'
[08:10:37] [spechunter] [text] Let me check a few more code paths for potential priv-mode bypasses
[08:10:37] [spechunter] [Grep] pattern='write_stimecmp|write_vstimecmp|read_stimecmp|read_vstimecmp'
[08:10:37] [spechunter] [Grep] pattern='hvictl|HVICTL'
[08:10:37] [spechunter] [Grep] pattern='riscv_cpu_update_mip'
[08:10:39] [spechunter] [text] Analysis complete. Written to `semantic_analysis_sstc.json`. Here's the summary:  ## Sstc Semantic Code Analysis  **48 l...
[08:10:40] [spechunter] [Read] /home/yzs/riscv/rv-isa-sec/spec_ref/riscv-isa-manual/src/priv/sstc.adoc
[08:10:40] [spechunter] [Read] /home/yzs/riscv/rv-isa-sec/spec_ref/riscv-isa-manual/normative_rule_defs/sstc.yaml
[08:10:42] [spechunter] [text] Now I have all the information needed. Let me compile the analysis.  Key findings: 1. `has_sstc` is set purely from ISA ...
[08:10:50] [spechunter] [Grep] pattern='STCE|STIP.*stimecmp|stimecmp.*STIP|Sstc|menvcfg.*STCE|henvcfg.*STCE|mip\\.STIP|lways 1'
[08:10:50] [spechunter] [Grep] pattern='STCE|STIP.*stimecmp|stimecmp.*STIP|Sstc|timecmp|mip\\.STIP'
[08:10:50] [spechunter] [Grep] pattern='STCE|VSTIP.*vstimecmp|vstimecmp.*VSTIP|Sstc|timecmp|mip\\.VSTIP|hip\\.VSTIP'
[08:11:35] [spechunter] [text] ## Cross-validation Analysis  **PR context**: This PR moves Sstc specification text within the RISC-V ISA documentation ...
[08:11:48] [spechunter] [TodoWrite] 4 items
[08:12:10] [spechunter] [text] Let me first explore the Sstc specification and then locate the kernel implementation.  
[08:12:10] [spechunter] [Agent] description, prompt
[08:12:10] [spechunter] [Agent] description, prompt
[08:12:27] [spechunter] [Grep] pattern='(?i)sstc|stimecmp|vstimecmp|timer compare'
[08:12:27] [spechunter] [Glob] **/*sstc*
[08:12:27] [spechunter] [Glob] **/*timer*
[08:12:27] [spechunter] [Bash] List top-level contents of spec_ref directory
[08:12:32] [spechunter] [Grep] pattern='stimecmp|vstimecmp'
[08:12:32] [spechunter] [Grep] pattern='sstc'
[08:12:32] [spechunter] [Grep] pattern='CSR_STIMECMP|CSR_VSTIMECMP|CSR_SSTC'
[08:12:32] [spechunter] [Grep] pattern='CSR_STIMECMP|CSR_VSTIMECMP|CSR_SSTC'
[08:12:32] [spechunter] [Grep] pattern='sstc'
[08:12:48] [spechunter] [Read] /home/yzs/riscv/rv-isa-sec/spec_ref/riscv-isa-manual/src/priv/sstc.adoc
[08:12:48] [spechunter] [Read] /home/yzs/riscv/rv-isa-sec/spec_ref/riscv-isa-manual/normative_rule_defs/sstc.yaml
[08:12:48] [spechunter] [Read] /home/yzs/riscv/rv-isa-sec/spec_ref/riscv-cheri/src/sstc.adoc
[08:12:52] [spechunter] [Read] /home/yzs/riscv/linux/arch/riscv/include/asm/csr.h
[08:12:52] [spechunter] [Read] /home/yzs/riscv/linux/arch/riscv/kernel/suspend.c
[08:12:52] [spechunter] [Read] /home/yzs/riscv/linux/arch/riscv/kvm/vcpu_timer.c
[08:12:52] [spechunter] [Read] /home/yzs/riscv/linux/arch/riscv/include/asm/kvm_vcpu_timer.h
[08:12:52] [spechunter] [Read] /home/yzs/riscv/linux/arch/riscv/include/asm/suspend.h
[08:12:52] [spechunter] [Read] /home/yzs/riscv/linux/arch/riscv/kernel/cpufeature.c
[08:12:52] [spechunter] [Read] /home/yzs/riscv/linux/arch/riscv/include/asm/hwcap.h
[08:13:16] [spechunter] [Grep] pattern='(?i)sstc|stimecmp|vstimecmp|STCE|timer compare'
[08:13:16] [spechunter] [Grep] pattern='(?i)sstc|stimecmp|vstimecmp|STCE'
[08:13:16] [spechunter] [Grep] pattern='(?i)sstc|stimecmp|vstimecmp|STCE'
[08:13:16] [spechunter] [Grep] pattern='(?i)sstc|stimecmp|vstimecmp|STCE'
[08:13:16] [spechunter] [Grep] pattern='(?i)sstc|stimecmp|vstimecmp|STCE'
[08:13:16] [spechunter] [Grep] pattern='(?i)sstc|stimecmp|vstimecmp|STCE'
[08:13:28] [spechunter] [Read] /home/yzs/riscv/linux/arch/riscv/kvm/vcpu.c
[08:13:28] [spechunter] [Read] /home/yzs/riscv/linux/arch/riscv/kvm/vcpu_onereg.c
[08:13:28] [spechunter] [Grep] pattern='SSTC|sstc|stimecmp|vstimecmp'
[08:13:28] [spechunter] [Grep] pattern='SSTC|sstc|stimecmp|vstimecmp'
[08:13:28] [spechunter] [Read] /home/yzs/riscv/linux/arch/riscv/kvm/vcpu_onereg.c
[08:13:28] [spechunter] [Read] /home/yzs/riscv/linux/arch/riscv/include/uapi/asm/kvm.h
[08:13:37] [spechunter] [Grep] pattern='(?i)sstc|stimecmp|vstimecmp|STCE'
[08:13:37] [spechunter] [Grep] pattern='(?i)sstc|stimecmp|vstimecmp|STCE'
[08:13:37] [spechunter] [Grep] pattern='(?i)sstc|stimecmp|vstimecmp|STCE'
[08:13:50] [spechunter] [Read] /home/yzs/riscv/linux/drivers/clocksource/timer-riscv.c
[08:13:50] [spechunter] [Grep] pattern='STIMECMP|stimecmp|vstimecmp|SSTC'
[08:13:50] [spechunter] [Grep] pattern='STIMECMP|stimecmp|SSTC'
[08:13:50] [spechunter] [Grep] pattern='ENVCFG_STCE'
[08:13:57] [spechunter] [Read] /home/yzs/riscv/rv-isa-sec/spec_ref/riscv-isa-manual/src/priv/machine.adoc
[08:13:57] [spechunter] [Read] /home/yzs/riscv/rv-isa-sec/spec_ref/riscv-isa-manual/src/priv/hypervisor.adoc
[08:13:57] [spechunter] [Grep] pattern='(?i)sstc|stimecmp|vstimecmp|STCE'
[08:13:58] [spechunter] [Grep] pattern='sstc|SSTC|Sstc'
[08:13:58] [spechunter] [Read] /home/yzs/riscv/linux/arch/riscv/include/asm/csr.h
[08:13:58] [spechunter] [Grep] pattern='sstc|SSTC'
[08:13:58] [spechunter] [Grep] pattern='sstc|SSTC'
[08:14:05] [spechunter] [Grep] pattern='sstc|SSTC|stimecmp'
[08:14:05] [spechunter] [Read] /home/yzs/riscv/linux/include/clocksource/timer-riscv.h
[08:14:05] [spechunter] [Grep] pattern='SSTC|sstc'
[08:14:25] [spechunter] [Grep] pattern='(?i)sstc|stimecmp|vstimecmp|STCE'
[08:14:25] [spechunter] [Grep] pattern='(?i)sstc|stimecmp|vstimecmp|STCE'
[08:14:25] [spechunter] [Grep] pattern='(?i)sstc|stimecmp|vstimecmp|STCE'
[08:14:47] [spechunter] [text] Now let me search for remaining gaps in KVM, GDB, and other access paths  
[08:14:47] [spechunter] [Grep] pattern='predicate_fn|target_ulong\\s*\\*\\s*val.*int\\s*csrno.*RISCVException'
[08:14:47] [spechunter] [Read] /home/yzs/riscv/qemu/target/riscv/csr.c
[08:14:47] [spechunter] [Read] /home/yzs/riscv/qemu/target/riscv/csr.c
[08:14:56] [spechunter] [Grep] pattern='time\\.vstime|class.*Time|val time'
[08:14:56] [spechunter] [Grep] pattern='menvcfg.*regOut.*STCE|menvcfg.*STCE.*asBool'
[08:16:17] [spechunter] [text] Now let me read the key kernel code files to verify the analysis.  
[08:16:17] [spechunter] [Read] /home/yzs/riscv/linux/drivers/clocksource/timer-riscv.c
[08:16:17] [spechunter] [Read] /home/yzs/riscv/linux/arch/riscv/kvm/vcpu_timer.c
[08:16:17] [spechunter] [Read] /home/yzs/riscv/linux/arch/riscv/kernel/suspend.c
[08:16:59] [spechunter] [text] Let me also read the KVM-related files and check the CSR trap handling.  
[08:16:59] [spechunter] [Read] /home/yzs/riscv/linux/arch/riscv/kvm/vcpu.c
[08:16:59] [spechunter] [Grep] pattern='vstimecmp'
[08:16:59] [spechunter] [Grep] pattern='ENVCFG_STCE|STCE'
[08:17:12] [spechunter] [text] Let me check the KVM virtual instruction trap handling and other context-switch related code.  
[08:17:12] [spechunter] [Grep] pattern='STIMECMP|stimecmp'
[08:17:12] [spechunter] [Grep] pattern='switch_to|__switch_to|switch_mm'
[08:17:12] [spechunter] [Read] /home/yzs/riscv/rv-isa-sec/spec_ref/riscv-isa-manual/src/priv/machine.adoc
[08:17:26] [spechunter] [Grep] pattern='permitMod\\.io\\.in\\.xenvcfg\\.|permitMod\\.io\\.in\\.xcounteren\\.'
[08:17:41] [spechunter] [Grep] pattern='STIMECMP|stimecmp|STCE|htimedelta|HTIMEDELTA'
[08:17:41] [spechunter] [Grep] pattern='henvcfg|ENVCFG'
[08:17:41] [spechunter] [Read] /home/yzs/riscv/linux/arch/riscv/kernel/entry.S
[08:17:46] [spechunter] [text] Let me check the VCPU switch assembly and context switch path more thoroughly
[08:17:46] [spechunter] [Read] /home/yzs/riscv/linux/arch/riscv/kvm/vcpu_switch.S
[08:17:46] [spechunter] [Read] /home/yzs/riscv/linux/arch/riscv/include/asm/switch_to.h
[08:17:55] [spechunter] [text] Let me now check the KVM CSR handling for guest traps and how `menvcfg.STCE` is handled for the host side
[08:17:55] [spechunter] [Grep] pattern='menvcfg|MENVCFG'
[08:17:55] [spechunter] [Grep] pattern='mcounteren|MCOUNTEREN'
[08:17:55] [spechunter] [Grep] pattern='hstateen0|SMSTATEEN0|smstateen'
[08:18:05] [spechunter] [Grep] pattern='SMSTATEEN0'
[08:18:05] [spechunter] [Read] /home/yzs/riscv/linux/arch/riscv/include/asm/kvm_vcpu_timer.h
[08:18:05] [spechunter] [Read] /home/yzs/riscv/rv-isa-sec/spec_ref/riscv-isa-manual/src/priv/hypervisor.adoc
[08:18:40] [spechunter] [text] Now let me check a few more edge cases — the vsip/vsiph paths and mvien handling    
[08:18:40] [spechunter] [Grep] pattern='rmw_vsip64|rmw_vsip\\b|rmw_hvip'
[08:18:40] [spechunter] [Grep] pattern='rmw_mvien|rmw_hvien|rmw_hideleg'
[08:18:40] [spechunter] [Grep] pattern='vstime_irq|vstimecmp|stimecmp'
[08:18:46] [spechunter] [Read] /home/yzs/riscv/linux/arch/riscv/kvm/vcpu_onereg.c
[08:18:46] [spechunter] [Read] /home/yzs/riscv/linux/arch/riscv/kvm/vcpu.c
[08:18:49] [spechunter] [Read] /home/yzs/riscv/qemu/target/riscv/csr.c
[08:18:49] [spechunter] [Read] /home/yzs/riscv/qemu/target/riscv/csr.c
[08:19:20] [spechunter] [Read] /home/yzs/riscv/linux/arch/riscv/kvm/vcpu.c
[08:19:20] [spechunter] [Read] /home/yzs/riscv/linux/arch/riscv/kvm/vcpu.c
[08:19:33] [spechunter] [text] Let me check how `menvcfg.STCE` and `mcounteren.TM` are handled for the host-side Linux, and look at the `hvip` interact...
[08:19:33] [spechunter] [Grep] pattern='mcounteren|scofpmf|SCOFPMF'
[08:19:33] [spechunter] [Grep] pattern='VSTIP|vs_timer|VS_TIMER'
[08:19:33] [spechunter] [Grep] pattern='htimedelta|HTIMEDELTA'
[08:19:48] [spechunter] [Read] /home/yzs/riscv/linux/arch/riscv/kvm/vcpu.c
[08:19:48] [spechunter] [Grep] pattern='scounteren|scounter'
[08:19:48] [spechunter] [Read] /home/yzs/riscv/linux/arch/riscv/include/asm/csr.h
[08:20:37] [spechunter] [Grep] pattern='val time|class.*Time|vstime.*htimedelta|htimedelta.*vstime'
[08:20:37] [spechunter] [Grep] pattern='class.*TimeIO|time\\.stime|time\\.vstime|htimedelta'
[08:20:47] [spechunter] [Grep] pattern='class.*TimeIO|bundle.*stime|def vstime'
[08:20:47] [spechunter] [Grep] pattern='object time|val time =|time\\.updated'
[08:20:47] [spechunter] [Grep] pattern='time\\.(stime|vstime|updated)'
[08:20:51] [spechunter] [TodoWrite] 4 items
[08:20:59] [spechunter] [Grep] pattern='EXT_SSTC'
[08:20:59] [spechunter] [Grep] pattern='class.*TimeIO|val stime|val vstime|val htimedelta'
[08:21:11] [spechunter] [Grep] pattern='EXT_SSTC'
[08:21:11] [spechunter] [Grep] pattern='stime|vstime|htimedelta'
[08:21:38] [spechunter] [text] Now let me search for remaining edge cases
[08:21:38] [spechunter] [Grep] pattern='rmw_hideleg64'
[08:21:38] [spechunter] [Read] /home/yzs/riscv/qemu/target/riscv/csr.c
[08:21:38] [spechunter] [Grep] pattern='delegable_ints|all_ints'
[08:21:55] [spechunter] [Read] /home/yzs/riscv/qemu/target/riscv/csr.c
[08:21:55] [spechunter] [Grep] pattern='rmw_vs_ireg'
[08:21:55] [spechunter] [Grep] pattern='read_timeh|read_time\\b|write_time\\b"'
[08:22:10] [spechunter] [text] Let me check if KVM configures `hcounteren` for Sstc.  
[08:22:10] [spechunter] [Grep] pattern='hcounteren|HCOUNTEREN'
[08:22:10] [spechunter] [Grep] pattern='hcounteren'
[08:23:39] [spechunter] [text] Now let me verify the KVM hardware counter enable value and check for any edge cases
[08:23:39] [spechunter] [Read] /home/yzs/riscv/linux/arch/riscv/kvm/main.c
[08:23:57] [spechunter] [text] Now let me check the remaining details I need
[08:23:57] [spechunter] [Read] /home/yzs/riscv/qemu/target/riscv/csr.c
[08:23:57] [spechunter] [Read] /home/yzs/riscv/qemu/target/riscv/cpu_helper.c
[08:24:48] [spechunter] [text] Let me check where `kvm_riscv_vcpu_timer_sync` is called from.  
[08:24:48] [spechunter] [Grep] pattern='timer_sync|timer_restore|timer_save|timer_next_event'
[08:24:49] [spechunter] [text] Now let me look at some additional edge-case paths
[08:24:49] [spechunter] [Grep] pattern='rmw_mip64.*mask.*delegable|write_mip|read_mip"'
[08:24:49] [spechunter] [Read] /home/yzs/riscv/qemu/target/riscv/csr.c
[08:24:49] [spechunter] [Grep] pattern='read_scountinhibit|write_scountinhibit"'
[08:24:50] [spechunter] [text] Now let me check the spec reference for the specific normative text around STCE/STIP behavior.  
[08:24:50] [spechunter] [Read] /home/yzs/riscv/rv-isa-sec/spec_ref/riscv-isa-manual/src/priv/machine.adoc
[08:24:50] [spechunter] [Read] /home/yzs/riscv/rv-isa-sec/spec_ref/riscv-isa-manual/src/priv/machine.adoc
[08:25:06] [spechunter] [text] Let me check context around line 390 to see where `timer_sync` is called from  
[08:25:06] [spechunter] [Read] /home/yzs/riscv/linux/arch/riscv/kvm/vcpu.c
[08:25:09] [spechunter] [text] Let me validate the key locations against the actual code to ensure accuracy.  
[08:25:09] [spechunter] [Read] /home/yzs/riscv/qemu/target/riscv/csr.c
[08:25:09] [spechunter] [Read] /home/yzs/riscv/qemu/target/riscv/csr.c
[08:25:09] [spechunter] [Read] /home/yzs/riscv/qemu/target/riscv/time_helper.c
[08:25:10] [spechunter] [Read] /home/yzs/riscv/linux/arch/riscv/kvm/vcpu.c
[08:25:18] [spechunter] [Read] /home/yzs/riscv/qemu/target/riscv/csr.c
[08:25:18] [spechunter] [Read] /home/yzs/riscv/qemu/target/riscv/csr.c
[08:25:18] [spechunter] [Read] /home/yzs/riscv/qemu/target/riscv/csr.c
[08:25:18] [spechunter] [Read] /home/yzs/riscv/qemu/target/riscv/csr.c
[08:25:37] [spechunter] [Read] /home/yzs/riscv/qemu/target/riscv/csr.c
[08:25:37] [spechunter] [Read] /home/yzs/riscv/qemu/target/riscv/csr.c
[08:25:37] [spechunter] [Read] /home/yzs/riscv/qemu/target/riscv/cpu_helper.c
[08:25:37] [spechunter] [Read] /home/yzs/riscv/qemu/target/riscv/cpu.c
[08:25:57] [spechunter] [Read] /home/yzs/riscv/qemu/target/riscv/csr.c
[08:25:57] [spechunter] [Read] /home/yzs/riscv/qemu/target/riscv/csr.c
[08:25:57] [spechunter] [Read] /home/yzs/riscv/qemu/target/riscv/csr.c
[08:25:57] [spechunter] [Read] /home/yzs/riscv/qemu/target/riscv/csr.c
[08:26:23] [spechunter] [Read] /home/yzs/riscv/qemu/target/riscv/cpu.c
[08:26:23] [spechunter] [Read] /home/yzs/riscv/qemu/target/riscv/csr.c
[08:26:23] [spechunter] [Read] /home/yzs/riscv/qemu/target/riscv/csr.c
[08:26:28] [spechunter] [Grep] pattern='ncsr_write|ncsr_read'
[08:26:41] [spechunter] [Grep] pattern='static bool sstc'
[08:26:41] [spechunter] [Read] /home/yzs/riscv/qemu/target/riscv/cpu_helper.c
[08:26:41] [spechunter] [Read] /home/yzs/riscv/qemu/target/riscv/cpu.h
[08:27:05] [spechunter] [Grep] pattern='sstc'
[08:27:05] [spechunter] [Read] /home/yzs/riscv/qemu/target/riscv/cpu_cfg_fields.h.inc
[08:27:05] [spechunter] [Read] /home/yzs/riscv/qemu/target/riscv/cpu.h
[08:27:27] [spechunter] [Bash] Check diff for riscv-iommu.c changes
[08:27:27] [spechunter] [Read] /home/yzs/riscv/qemu/target/riscv/csr.c
[08:28:41] [spechunter] [Read] /home/yzs/riscv/qemu/target/riscv/csr.c
[08:28:41] [spechunter] [Read] /home/yzs/riscv/qemu/target/riscv/csr.c
[08:28:41] [spechunter] [Read] /home/yzs/riscv/qemu/target/riscv/time_helper.c
[08:29:55] [spechunter] [text] Now let me verify the remaining referenced locations.  
[08:29:55] [spechunter] [Read] /home/yzs/riscv/qemu/target/riscv/csr.c
[08:29:55] [spechunter] [Read] /home/yzs/riscv/qemu/target/riscv/csr.c
[08:29:55] [spechunter] [Read] /home/yzs/riscv/qemu/target/riscv/csr.c
[08:30:47] [spechunter] [text] Now let me verify a few more supporting locations to complete the cross-validation
[08:30:47] [spechunter] [Read] /home/yzs/riscv/qemu/target/riscv/csr.c
[08:30:47] [spechunter] [Read] /home/yzs/riscv/qemu/target/riscv/cpu.h
[08:30:47] [spechunter] [Read] /home/yzs/riscv/qemu/target/riscv/csr.c
[08:32:40] [spechunter] [text] Now let me read more spec context for vstimecmp access control and the hypervisor chapter for STCE.  
[08:32:40] [spechunter] [Read] /home/yzs/riscv/rv-isa-sec/spec_ref/riscv-isa-manual/src/priv/hypervisor.adoc
[08:32:40] [spechunter] [Read] /home/yzs/riscv/rv-isa-sec/spec_ref/riscv-isa-manual/src/priv/hypervisor.adoc
[08:32:40] [spechunter] [Read] /home/yzs/riscv/rv-isa-sec/spec_ref/riscv-isa-manual/src/priv/hypervisor.adoc
[08:33:16] [spechunter] [text] Now I have a complete picture. Let me produce the reviewed location set.  ```json {   "locations": [     {"file": "targe...
[08:33:53] [spechunter] [Agent] description, prompt
[08:33:53] [spechunter] [Agent] description, prompt
[08:34:11] [spechunter] [Bash] List spec_ref directory contents
[08:34:11] [spechunter] [Grep] pattern='[Ss]stc'
[08:34:11] [spechunter] [Grep] pattern='stimecmp|vstimecmp'
[08:34:11] [spechunter] [Grep] pattern='STCE'
[08:34:11] [spechunter] [Grep] pattern='timer.?compare|time.?compare'
[08:34:18] [spechunter] [Grep] pattern='stimecmp'
[08:34:18] [spechunter] [Grep] pattern='vstimecmp'
[08:34:18] [spechunter] [Grep] pattern='STCE'
[08:34:18] [spechunter] [Grep] pattern='sstc'
[08:34:18] [spechunter] [Grep] pattern='STIP'
[08:34:18] [spechunter] [Grep] pattern='timer.*compare'
[08:34:28] [spechunter] [Read] /home/yzs/riscv/rv-isa-sec/spec_ref/riscv-isa-manual/src/priv/sstc.adoc
[08:34:28] [spechunter] [Read] /home/yzs/riscv/rv-isa-sec/spec_ref/riscv-isa-manual/normative_rule_defs/sstc.yaml
[08:34:28] [spechunter] [Read] /home/yzs/riscv/rv-isa-sec/spec_ref/riscv-cheri/src/sstc.adoc
[08:34:46] [spechunter] [Grep] pattern='STCE|stimecmp|vstimecmp|Sstc'
[08:34:46] [spechunter] [Grep] pattern='STCE|stimecmp|vstimecmp|Sstc'
[08:34:46] [spechunter] [Grep] pattern='STCE|stimecmp|vstimecmp|Sstc'
[08:34:46] [spechunter] [Grep] pattern='STCE|stimecmp|vstimecmp|Sstc'
[08:34:48] [spechunter] [Read] /home/yzs/riscv/qemu/target/riscv/csr.c
[08:34:48] [spechunter] [Read] /home/yzs/riscv/qemu/target/riscv/csr.c
[08:34:48] [spechunter] [Read] /home/yzs/riscv/qemu/target/riscv/csr.c
[08:34:48] [spechunter] [Read] /home/yzs/riscv/qemu/target/riscv/csr.c
[08:34:48] [spechunter] [Read] /home/yzs/riscv/qemu/target/riscv/csr.c
[08:34:48] [spechunter] [Read] /home/yzs/riscv/qemu/target/riscv/csr.c
[08:34:48] [spechunter] [Read] /home/yzs/riscv/qemu/target/riscv/time_helper.c
[08:34:48] [spechunter] [Read] /home/yzs/riscv/qemu/target/riscv/csr.c
[08:34:48] [spechunter] [Read] /home/yzs/riscv/qemu/target/riscv/cpu_helper.c
[08:34:48] [spechunter] [Read] /home/yzs/riscv/qemu/target/riscv/cpu_helper.c
[08:35:00] [spechunter] [Read] /home/yzs/riscv/rv-isa-sec/spec_ref/riscv-isa-manual/src/priv/machine.adoc
[08:35:00] [spechunter] [Read] /home/yzs/riscv/rv-isa-sec/spec_ref/riscv-isa-manual/src/priv/hypervisor.adoc
[08:35:00] [spechunter] [Read] /home/yzs/riscv/rv-isa-sec/spec_ref/riscv-isa-manual/normative_rule_defs/machine.yaml
[08:35:00] [spechunter] [Read] /home/yzs/riscv/rv-isa-sec/spec_ref/riscv-isa-manual/normative_rule_defs/hypervisor.yaml
[08:35:00] [spechunter] [Read] /home/yzs/riscv/rv-isa-sec/spec_ref/riscv-isa-manual/normative_rule_defs/supervisor.yaml
[08:35:36] [spechunter] [Read] /home/yzs/riscv/rv-isa-sec/spec_ref/riscv-isa-manual/src/priv/machine.adoc
[08:35:36] [spechunter] [Read] /home/yzs/riscv/rv-isa-sec/spec_ref/riscv-isa-manual/src/priv/hypervisor.adoc
[08:35:41] [spechunter] [Grep] pattern='stimecmp|vstimecmp|STCE|Sstc|stimecmph|vstimecmph'
[08:35:41] [spechunter] [Read] /home/yzs/riscv/rv-isa-sec/spec_ref/riscv-isa-manual/src/priv/images/wavedrom/menvcfgreg.edn
[08:35:41] [spechunter] [Grep] pattern='STCE|stimecmp|vstimecmp|Sstc'
[08:35:41] [spechunter] [Grep] pattern='STCE|stimecmp|vstimecmp|Sstc'
[08:35:41] [spechunter] [Read] /home/yzs/riscv/rv-isa-sec/spec_ref/riscv-cheri/src/images/wavedrom/menvcfgreg.edn
[08:35:41] [spechunter] [Read] /home/yzs/riscv/rv-isa-sec/spec_ref/riscv-cheri/src/cheri/img/henvcfgreg.edn
[08:35:41] [spechunter] [Read] /home/yzs/riscv/rv-isa-sec/spec_ref/riscv-cheri/src/cheri/img/menvcfgmodereg.edn
[08:35:53] [spechunter] [Read] /home/yzs/riscv/rv-isa-sec/spec_ref/riscv-isa-manual/ref/riscv-spec-norm-tags.json
[08:35:53] [spechunter] [Read] /home/yzs/riscv/rv-isa-sec/spec_ref/riscv-isa-manual/ref/riscv-spec-norm-tags.json
[08:35:53] [spechunter] [Read] /home/yzs/riscv/rv-isa-sec/spec_ref/riscv-isa-manual/ref/riscv-spec-norm-tags.json
[08:35:53] [spechunter] [Read] /home/yzs/riscv/rv-isa-sec/spec_ref/riscv-isa-manual/ref/riscv-spec-norm-tags.json
[08:35:53] [spechunter] [Read] /home/yzs/riscv/rv-isa-sec/spec_ref/riscv-isa-manual/src/priv/supervisor.adoc
[08:35:59] [spechunter] [Read] /home/yzs/riscv/qemu/target/riscv/cpu.h
[08:35:59] [spechunter] [Read] /home/yzs/riscv/qemu/target/riscv/cpu.h
[08:35:59] [spechunter] [Read] /home/yzs/riscv/qemu/target/riscv/machine.c
[08:35:59] [spechunter] [Read] /home/yzs/riscv/qemu/target/riscv/machine.c
[08:35:59] [spechunter] [Read] /home/yzs/riscv/qemu/target/riscv/machine.c
[08:35:59] [spechunter] [Read] /home/yzs/riscv/qemu/target/riscv/cpu_bits.h
[08:35:59] [spechunter] [Read] /home/yzs/riscv/qemu/target/riscv/cpu_bits.h
[08:35:59] [spechunter] [Read] /home/yzs/riscv/qemu/target/riscv/cpu_bits.h
[08:35:59] [spechunter] [Read] /home/yzs/riscv/qemu/target/riscv/kvm/kvm-cpu.c
[08:35:59] [spechunter] [Read] /home/yzs/riscv/qemu/target/riscv/kvm/kvm-cpu.c
[08:35:59] [spechunter] [Read] /home/yzs/riscv/qemu/target/riscv/tcg/tcg-cpu.c
[08:35:59] [spechunter] [Read] /home/yzs/riscv/qemu/target/riscv/csr.c
[08:35:59] [spechunter] [Read] /home/yzs/riscv/qemu/target/riscv/csr.c
[08:36:15] [spechunter] [Read] /home/yzs/riscv/qemu/target/riscv/csr.c
[08:36:15] [spechunter] [Read] /home/yzs/riscv/qemu/target/riscv/csr.c
[08:36:15] [spechunter] [Grep] pattern='CSR_MIP|CSR_MVIP|CSR_SIP|CSR_HVIP'
[08:36:15] [spechunter] [Grep] pattern='sstc|stimecmp|SSTC|STIMECMP'
[08:36:15] [spechunter] [Grep] pattern='stimer|vstimer'
[08:36:15] [spechunter] [Grep] pattern='sstc|stimecmp|vstimecmp'
[08:36:15] [spechunter] [Grep] pattern='vstime_irq'
[08:36:15] [spechunter] [Read] /home/yzs/riscv/qemu/target/riscv/cpu_bits.h
[08:36:24] [spechunter] [Grep] pattern='static RISCVException rmw_sip'
[08:36:24] [spechunter] [Read] /home/yzs/riscv/qemu/target/riscv/csr.c
[08:36:24] [spechunter] [Read] /home/yzs/riscv/qemu/target/riscv/cpu.h
[08:36:41] [spechunter] [Read] /home/yzs/riscv/qemu/target/riscv/csr.c
[08:36:41] [spechunter] [Grep] pattern='CSR_STIMECMP|CSR_VSTIMECMP|CSR_STIMECMPH|CSR_VSTIMECMPH'
[08:43:11] [spechunter] [text] I'll now read the critical code sections to verify the findings before producing the final analysis.  
[08:43:11] [spechunter] [Read] /home/yzs/riscv/qemu/target/riscv/csr.c
[08:43:11] [spechunter] [Read] /home/yzs/riscv/qemu/target/riscv/csr.c
[08:43:11] [spechunter] [Read] /home/yzs/riscv/qemu/target/riscv/csr.c
[08:43:25] [spechunter] [text] Now let me read the spec references for exact line numbers.  
[08:43:25] [spechunter] [Read] /home/yzs/riscv/rv-isa-sec/spec_ref/riscv-isa-manual/src/priv/sstc.adoc
[08:43:25] [spechunter] [Read] /home/yzs/riscv/rv-isa-sec/spec_ref/riscv-isa-manual/src/priv/sstc.adoc
[08:43:25] [spechunter] [Read] /home/yzs/riscv/qemu/target/riscv/time_helper.c
[08:43:41] [spechunter] [Read] /home/yzs/riscv/rv-isa-sec/spec_ref/riscv-isa-manual/src/priv/sstc.adoc
[08:43:41] [spechunter] [Bash] List spec reference directories
[08:44:11] [spechunter] [Grep] pattern='STCE|stimecmp|vstimecmp|STIP.*read.only|STIP.*writable'
[08:44:11] [spechunter] [Grep] pattern='STCE|stimecmp|vstimecmp|STIP.*read.only|STIP.*writable'
[08:44:11] [spechunter] [Grep] pattern='STCE|stimecmp|STIP'
[08:44:19] [spechunter] [Read] /home/yzs/riscv/rv-isa-sec/spec_ref/riscv-isa-manual/src/priv/machine.adoc
[08:44:19] [spechunter] [Read] /home/yzs/riscv/rv-isa-sec/spec_ref/riscv-isa-manual/src/priv/machine.adoc
[08:44:19] [spechunter] [Read] /home/yzs/riscv/rv-isa-sec/spec_ref/riscv-isa-manual/src/priv/hypervisor.adoc
[08:45:11] [spechunter] [text] Let me check a few more things about the sip write path to make sure STIP is properly read-only in sip when STCE=1
[08:45:11] [spechunter] [Grep] pattern='sip_writable_mask'
[08:45:11] [spechunter] [Read] /home/yzs/riscv/qemu/target/riscv/csr.c
[08:45:11] [spechunter] [Read] /home/yzs/riscv/qemu/target/riscv/csr.c
[08:46:17] [spechunter] [Read] /home/yzs/riscv/qemu/target/riscv/csr.c
[08:46:17] [spechunter] [Read] /home/yzs/riscv/qemu/target/riscv/csr.c
[08:48:07] [spechunter] [text] Now I have all the information needed. Let me verify the sip writable mask to confirm STIP is properly excluded  
[08:48:07] [spechunter] [Read] /home/yzs/riscv/qemu/target/riscv/csr.c
[08:48:07] [spechunter] [Read] /home/yzs/riscv/qemu/target/riscv/cpu_helper.c
[08:59:41] [spechunter] [Read] /home/yzs/riscv/qemu/target/riscv/csr.c
[09:01:29] [spechunter] [text] Now I have all the information I need for a complete analysis. Let me verify a couple more edge cases in the `write_stim...
[09:01:29] [spechunter] [Read] /home/yzs/riscv/qemu/target/riscv/csr.c
[09:04:29] [spechunter] [text] Now I have complete information. Let me compile the final analysis.  
[09:04:29] [spechunter] [Read] /home/yzs/riscv/qemu/target/riscv/csr.c
[09:05:40] [spechunter] [text] Now I have all the information needed for a comprehensive analysis. Let me produce the final audit report
[09:05:40] [spechunter] [Read] /home/yzs/riscv/qemu/target/riscv/csr.c
[09:08:09] [spechunter] [text] Now I have a complete picture. Let me produce the final audit.  
[09:08:09] [spechunter] [Read] /home/yzs/riscv/qemu/target/riscv/machine.c
[02:24:34] [spechunter] PR loaded: #2504 riscv/riscv-isa-manual — "Move Sstc text to relevant sections in Machine, Supervisor, and Hypervisor chapters"
[02:24:34] [spechunter]   diff: 20726 chars  body: 1 chars  reviews: 0
[02:24:34] [spechunter] Global pre-filter running...
[02:24:59] [spechunter] [text] {"should_skip": false}
[02:25:00] [spechunter] pre-filter: should_skip=False reason=""
[02:25:18] [spechunter] [text] {"should_skip": false}
[02:25:18] [spechunter] [text] {"should_skip": false}
[02:25:19] [spechunter] [text] {"should_skip": false}
[02:25:26] [spechunter] [text] {"should_skip": false}
[02:25:35] [spechunter] [text] {"should_skip": false}
[02:25:42] [spechunter] [text] {   "violation_condition": "OpenSBI M-mode code writes to mip.STIP to set or clear the supervisor timer interrupt, but t...
[02:25:58] [spechunter] [text] ```json {   "violation_condition": "In QEMU, if the Sstc extension is implemented and menvcfg.STCE=1, but the emulation ...
[02:25:58] [spechunter] [TodoWrite] 4 items
[02:26:05] [spechunter] [text] ```json {   "violation_condition": "FreeBSD kernel (S-mode) executes a CSR read or write to stimecmp when menvcfg.STCE=0...
[02:26:13] [spechunter] [Grep] pattern='mip|MIP'
[02:26:13] [spechunter] [Grep] pattern='stimecmp|STIMECMP'
[02:26:13] [spechunter] [Grep] pattern='menvcfg|MENVCFG'
[02:26:13] [spechunter] [Grep] pattern='STIP'
[02:26:13] [spechunter] [Grep] pattern='CSR_MIP|csr_write.*MIP|csr_set.*MIP|csr_clear.*MIP'
[02:26:29] [spechunter] [Grep] pattern='stimecmp'
[02:26:29] [spechunter] [Grep] pattern='SSTC|sstc|STCE|stce'
[02:26:29] [spechunter] [Grep] pattern='CSR_STIMECMP|STIMECMP'
[02:26:29] [spechunter] [Grep] pattern='menvcfg|MENVCFG'
[02:26:36] [spechunter] [Agent] description, prompt
[02:26:38] [spechunter] [text] ```json {   "violation_condition": "KVM writes hvip.VSTIP=0 to clear a VS-level timer interrupt, but the guest has writt...
[02:26:38] [spechunter] [Grep] pattern='CSR_MIP.*STIP|CSR_MIP\\.STIP|MIP_STIP'
[02:26:38] [spechunter] [Grep] pattern='csr_write.*MIP|csr_set.*MIP|csr_clear.*MIP'
[02:26:38] [spechunter] [text] Let me read the key functions in detail to get accurate line ranges.  
[02:26:38] [spechunter] [Read] /home/yzs/riscv/opensbi/lib/sbi/sbi_timer.c
[02:26:38] [spechunter] [Grep] pattern='stimecmp|STIMECMP|sstc|SSTC|menvcfg.*STCE|STCE'
[02:26:38] [spechunter] [Read] /home/yzs/riscv/opensbi/lib/sbi/sbi_timer.c
[02:26:38] [spechunter] [Read] /home/yzs/riscv/opensbi/lib/sbi/sbi_hsm.c
[02:26:38] [spechunter] [Read] /home/yzs/riscv/opensbi/lib/sbi/sbi_hsm.c
[02:26:38] [spechunter] [Grep] pattern='timer.*interrupt|timer_irq|clint.*timer|mtimecmp|MTIMECMP'
[02:26:38] [spechunter] [Read] /home/yzs/riscv/opensbi/lib/sbi/sbi_hart.c
[02:26:38] [spechunter] [Read] /home/yzs/riscv/opensbi/lib/sbi/sbi_hart.c
[02:26:38] [spechunter] [Read] /home/yzs/riscv/opensbi/lib/sbi/sbi_hart.c
[02:26:38] [spechunter] [Read] /home/yzs/riscv/opensbi/lib/sbi/sbi_hart.c
[02:26:38] [spechunter] [text] I'll search for all the affected entities and vulnerability patterns in parallel
[02:26:38] [spechunter] [Grep] pattern='sifive_sip_writable|mip_writable|MIP_STIP.*writable|stip.*writable|writemask.*STIP|mip.*writemask.*0x.*2'
[02:26:38] [spechunter] [Grep] pattern='CSR_mip|CSR_MIP\\b'
[02:26:38] [spechunter] [Grep] pattern='CSR_mie|CSR_MIE\\b'
[02:26:38] [spechunter] [Grep] pattern='stimecmp|STIMECMP'
[02:26:38] [spechunter] [Grep] pattern='menvcfg|MENVCFG|mcounteren|MCOUNTEREN|hcounteren|HCOUNTEREN'
[02:26:38] [spechunter] [Grep] pattern='henvcfg|HENVCFG'
[02:26:38] [spechunter] [Grep] pattern='CSR_hip|CSR_sip|CSR_HIP\\b|CSR_SIP\\b'
[02:26:38] [spechunter] [Grep] pattern='CSR_vstimecmp|VSTIMECMP'
[02:26:44] [spechunter] [Grep] pattern='stimecmp|stimecmph|STIMECMP|STIMECMPH'
[02:26:44] [spechunter] [Grep] pattern='stimecmp|stimecmph|STIMECMP|STIMECMPH'
[02:26:44] [spechunter] [Grep] pattern='stimecmp|stimecmph|STIMECMP|STIMECMPH'
[02:26:44] [spechunter] [Grep] pattern='menvcfg|MENVCFG'
[02:26:44] [spechunter] [Grep] pattern='menvcfg|MENVCFG'
[02:26:44] [spechunter] [Grep] pattern='mcounteren|MCOUNTEREN'
[02:26:44] [spechunter] [Grep] pattern='mcounteren|MCOUNTEREN'
[02:26:44] [spechunter] [Grep] pattern='mcounteren|MCOUNTEREN'
[02:26:49] [spechunter] [text] ```json {   "violation_condition": "When Sstc is implemented and menvcfg.STCE=1, XiangShan RTL still allows M-mode CSR w...
[02:26:53] [spechunter] [Read] /home/yzs/riscv/freebsd-src/sys/riscv/riscv/timer.c
[02:26:53] [spechunter] [Read] /home/yzs/riscv/freebsd-src/sys/riscv/vmm/vmm_riscv.c
[02:26:53] [spechunter] [Read] /home/yzs/riscv/freebsd-src/sys/riscv/include/riscvreg.h
[02:26:53] [spechunter] [text] Now let me read the critical source files to trace the full call graphs.  
[02:26:53] [spechunter] [Read] /home/yzs/riscv/opensbi/lib/sbi/sbi_timer.c
[02:26:53] [spechunter] [Read] /home/yzs/riscv/opensbi/lib/sbi/sbi_hsm.c
[02:26:53] [spechunter] [Read] /home/yzs/riscv/opensbi/lib/sbi/sbi_hart.c
[02:26:53] [spechunter] [Read] /home/yzs/riscv/opensbi/include/sbi/sbi_hart.h
[02:26:57] [spechunter] [text] Let me dig deeper into the key functions mentioned (rmw_sip, rmw_mip, rmw_hip) and the MIP_STIP writability logic
[02:26:57] [spechunter] [Grep] pattern='rmw_sip|rmw_hip|rmw_mip'
[02:26:57] [spechunter] [Grep] pattern='MIP_STIP'
[02:26:57] [spechunter] [Grep] pattern='wr_mask_mip|wr_mask_sip|wr_mask_hip'
[02:26:57] [spechunter] [Grep] pattern='sifive_sip_writable|mip_writable'
[02:27:01] [spechunter] [text] ```json {   "locations": [     {       "file_path": "include/sbi/riscv_encoding.h",       "function_name": null,       "...
[02:27:03] [spechunter] [TodoWrite] 3 items
[02:27:03] [spechunter] [text] Now let me check the init paths and trap handlers to trace the full call graph.  
[02:27:03] [spechunter] [TodoWrite] 4 items
[02:27:18] [spechunter] [text] Let me read the detailed implementation of the key functions around STIP writability
[02:27:18] [spechunter] [Read] /home/yzs/riscv/qemu/target/riscv/csr.c
[02:27:18] [spechunter] [Read] /home/yzs/riscv/qemu/target/riscv/csr.c
[02:27:18] [spechunter] [Read] /home/yzs/riscv/qemu/target/riscv/csr.c
[02:27:18] [spechunter] [Read] /home/yzs/riscv/qemu/target/riscv/csr.c
[02:27:20] [spechunter] [Glob] target/riscv/csr.c
[02:27:20] [spechunter] [Glob] target/riscv/machine.c
[02:27:20] [spechunter] [Glob] target/riscv/cpu_helper.c
[02:27:20] [spechunter] [Glob] target/riscv/cpu.h
[02:27:20] [spechunter] [Grep] pattern='stimecmp'
[02:27:20] [spechunter] [Grep] pattern='mip_writable'
[02:27:20] [spechunter] [Grep] pattern='STCE'
[02:27:20] [spechunter] [Grep] pattern='MIP_STIP'
[02:27:20] [spechunter] [Grep] pattern='sifive_sip_writable'
[02:27:22] [spechunter] [text] Now let me trace how `has_sstc` is initialized and whether any runtime check guards against menvcfg.STCE=0
[02:27:22] [spechunter] [Read] /home/yzs/riscv/freebsd-src/sys/riscv/riscv/identcpu.c
[02:27:22] [spechunter] [Read] /home/yzs/riscv/freebsd-src/sys/riscv/riscv/identcpu.c
[02:27:22] [spechunter] [Read] /home/yzs/riscv/freebsd-src/sys/riscv/riscv/identcpu.c
[02:27:24] [spechunter] [text] Let me get more context on the matches found.  
[02:27:24] [spechunter] [Grep] pattern='stimecmph|STIMECMPH'
[02:27:24] [spechunter] [Grep] pattern='CSR_STIMECMP|CSR_VSTIMECMP|STIMECMP'
[02:27:24] [spechunter] [Read] /home/yzs/riscv/freebsd-src/sys/riscv/riscv/timer.c
[02:27:24] [spechunter] [Read] /home/yzs/riscv/freebsd-src/sys/riscv/include/encoding.h
[02:27:24] [spechunter] [Read] /home/yzs/riscv/freebsd-src/sys/riscv/include/encoding.h
[02:27:29] [spechunter] [text] I'll search for all affected entities and the vulnerability pattern in parallel
[02:27:29] [spechunter] [Grep] pattern='vstimecmp'
[02:27:29] [spechunter] [Grep] pattern='\\bhvip\\b'
[02:27:29] [spechunter] [Grep] pattern='\\bhip\\b'
[02:27:29] [spechunter] [Grep] pattern='htimedelta'
[02:27:29] [spechunter] [Grep] pattern='menvcfg'
[02:27:29] [spechunter] [Grep] pattern='henvcfg'
[02:27:29] [spechunter] [Grep] pattern='hvip.*VSTIP|VSTIP'
[02:27:29] [spechunter] [Grep] pattern='kvm_riscv_vcpu_timer'
[02:27:29] [spechunter] [Grep] pattern='VS_timer_interrupt|vs_timer_interrupt'
[02:27:30] [spechunter] [Grep] pattern='hvip'
[02:27:30] [spechunter] [Grep] pattern='vstimecmp'
[02:27:30] [spechunter] [Grep] pattern='VSTIP'
[02:27:30] [spechunter] [Grep] pattern='kvm_riscv_vcpu_timer'
[02:27:30] [spechunter] [text] I'll search for all the affected entities in parallel across the RTL source tree
[02:27:30] [spechunter] [Grep] pattern='stimecmp|STIMECMP|Sstc|STCE'
[02:27:30] [spechunter] [Grep] pattern='vstimecmp|VSTIMECMP'
[02:27:30] [spechunter] [Grep] pattern='htimedelta|HTIMEDELTA'
[02:27:30] [spechunter] [Grep] pattern='\\bmip\\b|MIP\\b|\\.mip\\b'
[02:27:30] [spechunter] [Grep] pattern='\\bmie\\b|MIE\\b|\\.mie'
[02:27:30] [spechunter] [Grep] pattern='menvcfg|MENVCFG|Menvcfg'
[02:27:37] [spechunter] [text] Let me also check the writable mask definitions and the hw/riscv directory for relevant references.  
[02:27:37] [spechunter] [Grep] pattern='sip_writable_mask|hip_writable_mask|hvip_writable_mask|mvip_writable_mask|delegable_ints'
[02:27:37] [spechunter] [Grep] pattern='MIP_STIP|STCE|stimecmp|STIP'
[02:27:37] [spechunter] [Grep] pattern='MIP_STIP|STCE|stimecmp|STIP'
[02:27:41] [spechunter] [text] Let me trace who calls `sbi_timer_exit` and the full init/exit paths
[02:27:41] [spechunter] [Grep] pattern='sbi_timer_exit'
[02:27:41] [spechunter] [Grep] pattern='sbi_timer_process'
[02:27:41] [spechunter] [Grep] pattern='sbi_timer_event_start'
[02:27:42] [spechunter] [text] I'll systematically search the XiangShan codebase for Sstc-related CSR implementations, focusing on `mip.STIP`, `menvcfg...
[02:27:42] [spechunter] [Agent] description, subagent_type
[02:27:42] [spechunter] [Agent] description, subagent_type
[02:27:42] [spechunter] [Agent] description, subagent_type
[02:27:44] [spechunter] [Read] /home/yzs/riscv/linux/arch/riscv/kvm/vcpu_timer.c
[02:27:44] [spechunter] [Read] /home/yzs/riscv/linux/arch/riscv/include/asm/kvm_vcpu_timer.h
[02:27:44] [spechunter] [Grep] pattern='htimedelta'
[02:27:45] [spechunter] [Grep] pattern='csr_write|csr_read|csr_set|csr_clear'
[02:27:45] [spechunter] [Grep] pattern='illegal.instruction|ILLEGAL_INSTRUCTION|trap.*illegal|EXC_ILLEGAL'
[02:27:45] [spechunter] [Read] /home/yzs/riscv/freebsd-src/sys/riscv/vmm/vmm_riscv.c
[02:27:48] [spechunter] [Read] /home/yzs/riscv/opensbi/lib/sbi/sbi_trap.c
[02:27:48] [spechunter] [Read] /home/yzs/riscv/opensbi/lib/sbi/sbi_init.c
[02:27:48] [spechunter] [Read] /home/yzs/riscv/opensbi/lib/sbi/riscv_encoding.h
[02:27:49] [spechunter] [text] Let me search for more specific entity patterns and also look at additional locations.  
[02:27:49] [spechunter] [Grep] pattern='CSR_HVIP|CSR_HIP|CSR_HTIMEDELTA'
[02:27:49] [spechunter] [Grep] pattern='CSR_HIP\\b'
[02:27:49] [spechunter] [Grep] pattern='CSR_VSTIMECMP|CSR_STIMECMP'
[02:27:49] [spechunter] [Grep] pattern='CSR_MENVCFG'
[02:27:49] [spechunter] [Grep] pattern='CSR_HENVCFG'
[02:27:49] [spechunter] [Grep] pattern='htimedelta|HTIMEDELTA'
[02:27:49] [spechunter] [Grep] pattern='CSR_HTIMEDELTA'
[02:27:49] [spechunter] [text] Let me also check for `menvcfg` in the broader tree and for any additional Sstc-related references in conf
[02:27:49] [spechunter] [Grep] pattern='menvcfg|MENVCFG'
[02:27:49] [spechunter] [Grep] pattern='mcounteren'
[02:27:49] [spechunter] [Grep] pattern='sstc|SSTC|Sstc'
[02:27:49] [spechunter] [Grep] pattern='sstc|SSTC|Sstc'
[02:27:53] [spechunter] [Grep] pattern='mip_writable'
[02:27:53] [spechunter] [Grep] pattern='stimecmp'
[02:27:53] [spechunter] [Grep] pattern='STCE'
[02:27:53] [spechunter] [Grep] pattern='MIP_STIP'
[02:27:53] [spechunter] [Glob] target/riscv/kvm/*.c
[02:27:53] [spechunter] [Glob] target/riscv/tcg/*.c
[02:27:53] [spechunter] [Grep] pattern='mip|STIP|stimecmp|STCE|writable'
[02:27:53] [spechunter] [Grep] pattern='MIP_STIP'
[02:27:57] [spechunter] [Grep] pattern='MIP_STIP|ENVCFG_STCE|CSR_MIP|CSR_STIMECMP|CSR_MENVCFG|MIP_SSIP|MIP_MTIP'
[02:27:57] [spechunter] [Read] /home/yzs/riscv/opensbi/lib/utils/suspend/fdt_suspend_sifive_smc0.c
[02:27:59] [spechunter] [Read] /home/yzs/riscv/qemu/target/riscv/csr.c
[02:27:59] [spechunter] [Read] /home/yzs/riscv/qemu/target/riscv/csr.c
[02:27:59] [spechunter] [Read] /home/yzs/riscv/qemu/target/riscv/time_helper.c
[02:27:59] [spechunter] [Read] /home/yzs/riscv/qemu/target/riscv/csr.c
[02:28:03] [spechunter] [Grep] pattern='\\bhip\\b|\\.hip\\b|hvip\\b|\\.hvip'
[02:28:03] [spechunter] [Grep] pattern='\\bhie\\b|\\.hie\\b'
[02:28:03] [spechunter] [Grep] pattern='\\bsip\\b|\\.sip\\b|SIP\\b'
[02:28:03] [spechunter] [Grep] pattern='\\bsie\\b|\\.sie\\b|SIE\\b'
[02:28:03] [spechunter] [Grep] pattern='mcounteren|MCOUNTEREN|hcounteren|HCOUNTEREN'
[02:28:03] [spechunter] [Grep] pattern='STIP|stip'
[02:28:04] [spechunter] [text] Let me read the key source files to get precise function names and line ranges for the most critical locations.  
[02:28:04] [spechunter] [Read] /home/yzs/riscv/linux/arch/riscv/kvm/vcpu_timer.c
[02:28:04] [spechunter] [Read] /home/yzs/riscv/linux/arch/riscv/kvm/main.c
[02:28:04] [spechunter] [Read] /home/yzs/riscv/linux/arch/riscv/kvm/vcpu.c
[02:28:04] [spechunter] [Read] /home/yzs/riscv/linux/arch/riscv/kvm/vcpu.c
[02:28:05] [spechunter] [text] Let me also check for any `menvcfg` or `mcounteren` usage beyond the definitions, and look at the vmm code for stimecmp ...
[02:28:05] [spechunter] [Grep] pattern='menvcfg'
[02:28:05] [spechunter] [Grep] pattern='mcounteren'
[02:28:05] [spechunter] [Read] /home/yzs/riscv/freebsd-src/sys/riscv/vmm/vmm_riscv.c
[02:28:05] [spechunter] [Read] /home/yzs/riscv/freebsd-src/sys/riscv/vmm/vmm_riscv.c
[02:28:05] [spechunter] [text] Let me also check the `sstc()` accessor function definition and the `riscv_timer_stce_changed` function.  
[02:28:05] [spechunter] [Read] /home/yzs/riscv/qemu/target/riscv/csr.c
[02:28:05] [spechunter] [Read] /home/yzs/riscv/qemu/target/riscv/time_helper.c
[02:28:05] [spechunter] [Grep] pattern='MipBundle|MieBundle|InterruptBundle'
[02:28:05] [spechunter] [Grep] pattern='CSR_MIP|CSR_MIE|CSR_SIP|CSR_SIE|CSR_HIP|CSR_HIE'
[02:28:05] [spechunter] [Grep] pattern='class.*Mip|class.*Mie|class.*Sip|class.*Sie|class.*Hip|class.*Hie'
[02:28:07] [spechunter] [Read] /home/yzs/riscv/freebsd-src/sys/riscv/riscv/trap.c
[02:28:07] [spechunter] [Read] /home/yzs/riscv/freebsd-src/sys/riscv/riscv/trap.c
[02:28:07] [spechunter] [Grep] pattern='stimecmp|timecmp|SSTC'
[02:28:07] [spechunter] [Grep] pattern='stimecmp|timecmp|SSTC'
[02:28:08] [spechunter] [text] Now let me trace the interrupt injection/clearing path and the hvip register accessors
[02:28:08] [spechunter] [Grep] pattern='kvm_riscv_vcpu_set_interrupt|kvm_riscv_vcpu_unset_interrupt|kvm_riscv_vcpu_has_interrupts'
[02:28:08] [spechunter] [Grep] pattern='IRQ_VS_TIMER'
[02:28:08] [spechunter] [Grep] pattern='HVIP|hvip'
[02:28:13] [spechunter] [Read] /home/yzs/riscv/opensbi/lib/utils/hsm/fdt_hsm_spacemit.c
[02:28:13] [spechunter] [Read] /home/yzs/riscv/opensbi/lib/sbi/sbi_ecall_time.c
[02:28:17] [spechunter] [Read] /home/yzs/riscv/qemu/target/riscv/csr.c
[02:28:17] [spechunter] [Read] /home/yzs/riscv/qemu/target/riscv/csr.c
[02:28:17] [spechunter] [Read] /home/yzs/riscv/qemu/target/riscv/time_helper.c
[02:28:17] [spechunter] [Read] /home/yzs/riscv/qemu/target/riscv/machine.c
[02:28:17] [spechunter] [Read] /home/yzs/riscv/qemu/target/riscv/machine.c
[02:28:17] [spechunter] [Read] /home/yzs/riscv/qemu/target/riscv/kvm/kvm-cpu.c
[02:28:17] [spechunter] [Read] /home/yzs/riscv/qemu/target/riscv/csr.c
[02:28:17] [spechunter] [Grep] pattern='STIP'
[02:28:17] [spechunter] [Grep] pattern='stimecmp'
[02:28:17] [spechunter] [Grep] pattern='vstimecmp'
[02:28:17] [spechunter] [Grep] pattern='STCE'
[02:28:17] [spechunter] [Grep] pattern='menvcfg'
[02:28:17] [spechunter] [Grep] pattern='henvcfg'
[02:28:23] [spechunter] [text] Let me now read the key sections of the most relevant files to get precise line numbers and function context.  
[02:28:23] [spechunter] [Read] /home/yzs/riscv/XiangShan/src/main/scala/xiangshan/backend/fu/NewCSR/SstcInterruptGen.scala
[02:28:23] [spechunter] [Read] /home/yzs/riscv/XiangShan/src/main/scala/xiangshan/backend/fu/NewCSR/MachineLevel.scala
[02:28:23] [spechunter] [Read] /home/yzs/riscv/XiangShan/src/main/scala/xiangshan/backend/fu/NewCSR/MachineLevel.scala
[02:28:23] [spechunter] [Read] /home/yzs/riscv/XiangShan/src/main/scala/xiangshan/backend/fu/NewCSR/HypervisorLevel.scala
[02:28:23] [spechunter] [Read] /home/yzs/riscv/XiangShan/src/main/scala/xiangshan/backend/fu/NewCSR/HypervisorLevel.scala
[02:28:25] [spechunter] [Grep] pattern='MENVCFG|menvcfg'
[02:28:25] [spechunter] [Grep] pattern='MENVCFG|menvcfg'
[02:28:25] [spechunter] [Grep] pattern='stimecmp|STIMECMP'
[02:28:26] [spechunter] [Read] /home/yzs/riscv/linux/arch/riscv/kvm/vcpu.c
[02:28:26] [spechunter] [Read] /home/yzs/riscv/linux/arch/riscv/include/asm/kvm_host.h
[02:28:34] [spechunter] [text] Now let me check how `has_sstc` is consumed at the initial setup and whether there's any M-mode interaction for STCE:  
[02:28:34] [spechunter] [Grep] pattern='has_sstc'
[02:28:34] [spechunter] [Grep] pattern='sbi_set_timer|SBI_SET_TIMER|SBI_EXT_TIME'
[02:28:34] [spechunter] [Grep] pattern='mcounteren|menvcfg|MCounteren|MENVCFG'
[02:28:41] [spechunter] [text] Let me read a few more critical sections and search for the vulnerability patterns.  
[02:28:41] [spechunter] [Read] /home/yzs/riscv/linux/arch/riscv/kvm/vcpu.c
[02:28:41] [spechunter] [Read] /home/yzs/riscv/linux/arch/riscv/kvm/vcpu_onereg.c
[02:28:41] [spechunter] [Grep] pattern='write.*hvip.*0|csr_write.*HVIP.*0|ncsr_write.*HVIP.*0'
[02:28:41] [spechunter] [Grep] pattern='IRQ_VS_TIMER|VSTIP'
[02:28:42] [spechunter] [Read] /home/yzs/riscv/XiangShan/src/main/scala/xiangshan/backend/fu/NewCSR/InterruptBundle.scala
[02:28:42] [spechunter] [Read] /home/yzs/riscv/XiangShan/src/main/scala/xiangshan/backend/fu/NewCSR/MachineLevel.scala
[02:28:42] [spechunter] [Read] /home/yzs/riscv/XiangShan/src/main/scala/xiangshan/backend/fu/NewCSR/SupervisorLevel.scala
[02:28:42] [spechunter] [Read] /home/yzs/riscv/XiangShan/src/main/scala/xiangshan/backend/fu/NewCSR/HypervisorLevel.scala
[02:28:42] [spechunter] [Read] /home/yzs/riscv/XiangShan/src/main/scala/xiangshan/backend/fu/NewCSR/CSRAIA.scala
[02:28:43] [spechunter] [Read] /home/yzs/riscv/qemu/target/riscv/csr.c
[02:28:43] [spechunter] [Grep] pattern='riscv_cpu_update_mip'
[02:28:43] [spechunter] [Grep] pattern='WFI|wfi'
[02:28:43] [spechunter] [Grep] pattern='WFI|STIP|stimecmp|timer.*interrupt|MIP_STIP'
[02:28:43] [spechunter] [Grep] pattern='vmstate_kvmtimer'
[02:28:43] [spechunter] [Grep] pattern='STCE|stimecmp|STIP|timer'
[02:28:43] [spechunter] [Read] /home/yzs/riscv/qemu/target/riscv/csr.c
[02:28:47] [spechunter] [Read] /home/yzs/riscv/freebsd-src/sys/riscv/riscv/sbi.c
[02:28:47] [spechunter] [Grep] pattern='sbi_init|init_sbi|has_time_extension'
[02:28:50] [spechunter] [Read] /home/yzs/riscv/XiangShan/src/main/scala/xiangshan/backend/fu/NewCSR/CSRPermitModule.scala
[02:28:50] [spechunter] [Read] /home/yzs/riscv/XiangShan/src/main/scala/xiangshan/backend/fu/NewCSR/CSRPermitModule.scala
[02:28:50] [spechunter] [Read] /home/yzs/riscv/XiangShan/src/main/scala/xiangshan/backend/fu/NewCSR/CSRPermitModule.scala
[02:28:50] [spechunter] [Read] /home/yzs/riscv/XiangShan/src/main/scala/xiangshan/backend/fu/NewCSR/CSRBundles.scala
[02:28:50] [spechunter] [Read] /home/yzs/riscv/XiangShan/src/main/scala/xiangshan/backend/fu/NewCSR/SupervisorLevel.scala
[02:28:50] [spechunter] [Read] /home/yzs/riscv/XiangShan/src/main/scala/xiangshan/backend/fu/NewCSR/SupervisorLevel.scala
[02:28:50] [spechunter] [Grep] pattern='class CSRROField|class CSRRWField|class CSRWARLField|def isRW|def isRO|def setRW|def setRO|def setHardWired'
[02:28:50] [spechunter] [Read] /home/yzs/riscv/XiangShan/src/main/scala/xiangshan/backend/fu/NewCSR/VirtualSupervisorLevel.scala
[02:28:54] [spechunter] [text] Let me also check the CSR definitions in encoding.h for stimecmp and related CSRs.  
[02:28:54] [spechunter] [Grep] pattern='stimecmp|STIMECMP|menvcfg|MENVCFG|henvcfg|HENVCFG'
[02:28:55] [spechunter] [text] Let me get a few more details on the CSR definitions and the hip-related registers.  
[02:28:55] [spechunter] [Read] /home/yzs/riscv/linux/arch/riscv/include/asm/csr.h
[02:28:55] [spechunter] [Read] /home/yzs/riscv/linux/arch/riscv/include/asm/csr.h
[02:28:55] [spechunter] [Read] /home/yzs/riscv/linux/arch/riscv/include/asm/kvm_host.h
[02:28:55] [spechunter] [Read] /home/yzs/riscv/linux/arch/riscv/include/asm/kvm_host.h
[02:28:59] [spechunter] [Grep] pattern='CSR_STIMECMP|CSR_VSTIMECMP|CSR_MENVCFG|CSR_HENVCFG|CSR_SENVCFG'
[02:29:05] [spechunter] [Read] /home/yzs/riscv/XiangShan/src/main/scala/xiangshan/backend/fu/NewCSR/CSRFields.scala
[02:29:05] [spechunter] [Grep] pattern='class CSRBundle|def isRW|def isRO|def setRW|def setRO|def setHardWired|def isHardWired|class InterruptEnableBundle|class InterruptPendingBundle|class InterruptBundle'
[02:29:06] [spechunter] [Grep] pattern='riscv_cpu_update_mip'
[02:29:06] [spechunter] [Read] /home/yzs/riscv/qemu/target/riscv/machine.c
[02:29:06] [spechunter] [Grep] pattern='WFI|wfi|cpu_halted|halt|timer.*interrupt|STIP'
[02:29:06] [spechunter] [Grep] pattern='mip|delegable|writable|mask'
[02:29:06] [spechunter] [Grep] pattern='delegable_ints|delegable'
[02:29:08] [spechunter] [Grep] pattern='CSR_TIME|CSR_STIMECMP|0x14D|0x15D|0xDA0'
[02:29:08] [spechunter] [Grep] pattern='csr_write.*stimecmp|csr_read.*stimecmp|csr_set.*stimecmp|csr_clear.*stimecmp'
[02:29:10] [spechunter] [Read] /home/yzs/riscv/XiangShan/src/main/scala/xiangshan/backend/fu/NewCSR/VirtualSupervisorLevel.scala
[02:29:10] [spechunter] [Read] /home/yzs/riscv/XiangShan/src/main/scala/xiangshan/backend/fu/NewCSR/InterruptBundle.scala
[02:29:10] [spechunter] [Read] /home/yzs/riscv/XiangShan/src/main/scala/xiangshan/backend/fu/NewCSR/NewCSR.scala
[02:29:10] [spechunter] [Read] /home/yzs/riscv/XiangShan/src/main/scala/xiangshan/backend/fu/NewCSR/NewCSR.scala
[02:29:12] [spechunter] [Grep] pattern='object CSRDefines|CSRROField|CSRRWField|object CSRBundles'
[02:29:12] [spechunter] [Grep] pattern='MipBundle|MieBundle|SipBundle|SieBundle|HipBundle|HieBundle|MvipBundle|HvipBundle|VSipBundle|VSieBundle'
[02:29:12] [spechunter] [Read] /home/yzs/riscv/freebsd-src/sys/riscv/riscv/sbi.c
[02:29:12] [spechunter] [Read] /home/yzs/riscv/freebsd-src/sys/riscv/riscv/sbi.c
[02:29:12] [spechunter] [Grep] pattern='csr_read|csr_write|csr_set|csr_clear'
[02:29:14] [spechunter] [text] Now let me also check the remaining code paths I haven't read yet
[02:29:14] [spechunter] [Grep] pattern='csr_write\\(CSR_HVIP'
[02:29:14] [spechunter] [Grep] pattern='ncsr_write\\(CSR_HVIP'
[02:29:14] [spechunter] [Read] /home/yzs/riscv/linux/arch/riscv/kvm/vcpu.c
[02:29:14] [spechunter] [Read] /home/yzs/riscv/linux/arch/riscv/kvm/aia.c
[02:29:15] [spechunter] [Read] /home/yzs/riscv/XiangShan/src/main/scala/xiangshan/backend/fu/NewCSR/SstcInterruptGen.scala
[02:29:15] [spechunter] [Read] /home/yzs/riscv/XiangShan/src/main/scala/xiangshan/backend/fu/NewCSR/MachineLevel.scala
[02:29:15] [spechunter] [Read] /home/yzs/riscv/XiangShan/src/main/scala/xiangshan/backend/fu/NewCSR/CSRBundles.scala
[02:29:15] [spechunter] [Read] /home/yzs/riscv/XiangShan/src/main/scala/xiangshan/backend/fu/NewCSR/SupervisorLevel.scala
[02:29:15] [spechunter] [Read] /home/yzs/riscv/XiangShan/src/main/scala/xiangshan/backend/fu/NewCSR/VirtualSupervisorLevel.scala
[02:29:15] [spechunter] [Read] /home/yzs/riscv/XiangShan/src/main/scala/xiangshan/backend/fu/NewCSR/HypervisorLevel.scala
[02:29:15] [spechunter] [Read] /home/yzs/riscv/XiangShan/src/main/scala/xiangshan/backend/fu/NewCSR/InterruptBundle.scala
[02:29:15] [spechunter] [Read] /home/yzs/riscv/XiangShan/src/main/scala/xiangshan/backend/fu/NewCSR/CSRPermitModule.scala
[02:29:16] [spechunter] [Read] /home/yzs/riscv/XiangShan/src/main/scala/xiangshan/backend/fu/NewCSR/CSRDefines.scala
[02:29:16] [spechunter] [Read] /home/yzs/riscv/XiangShan/src/main/scala/xiangshan/backend/fu/NewCSR/CSRBundles.scala
[02:29:19] [spechunter] [text] Now let me look at the main.c and trace the entry/exit paths for the VSTIP handling  
[02:29:19] [spechunter] [Read] /home/yzs/riscv/linux/arch/riscv/kvm/main.c
[02:29:19] [spechunter] [Read] /home/yzs/riscv/linux/arch/riscv/kvm/aia.c
[02:29:22] [spechunter] [Read] /home/yzs/riscv/XiangShan/src/main/scala/xiangshan/backend/fu/NewCSR/CSRBundle.scala
[02:29:22] [spechunter] [Grep] pattern='def isRW|def isRO|def isHardWired|def isWARL|isInstanceOf\\[RWType\\]|isInstanceOf\\[ROType\\]|RWType|ROType'
[02:29:22] [spechunter] [Grep] pattern='DECLARE_CSR.*stimecmp|#define.*stimecmp|#define CSR_STIMECMP'
[02:29:22] [spechunter] [Grep] pattern='0x14D|STIMECMP'
[02:29:23] [spechunter] [Read] /home/yzs/riscv/qemu/target/riscv/csr.c
[02:29:23] [spechunter] [Read] /home/yzs/riscv/qemu/target/riscv/cpu_helper.c
[02:29:23] [spechunter] [Read] /home/yzs/riscv/qemu/target/riscv/csr.c
[02:29:23] [spechunter] [Read] /home/yzs/riscv/qemu/target/riscv/csr.c
[02:29:23] [spechunter] [Read] /home/yzs/riscv/qemu/target/riscv/csr.c
[02:29:23] [spechunter] [Read] /home/yzs/riscv/qemu/target/riscv/csr.c
[02:29:23] [spechunter] [Read] /home/yzs/riscv/qemu/target/riscv/cpu.h
[02:29:25] [spechunter] [text] Let me read the remaining key locations.  
[02:29:25] [spechunter] [Read] /home/yzs/riscv/linux/arch/riscv/kvm/vcpu.c
[02:29:25] [spechunter] [Read] /home/yzs/riscv/linux/arch/riscv/kvm/vcpu_onereg.c
[02:29:25] [spechunter] [Read] /home/yzs/riscv/linux/drivers/clocksource/timer-riscv.c
[02:29:26] [spechunter] [text] Let me also check the mcounteren and hcounteren definitions, and the InterruptBundle for enable fields
[02:29:26] [spechunter] [Read] /home/yzs/riscv/XiangShan/src/main/scala/xiangshan/backend/fu/NewCSR/InterruptBundle.scala
[02:29:26] [spechunter] [Grep] pattern='class Counteren|mcounteren|hcounteren'
[02:29:26] [spechunter] [Read] /home/yzs/riscv/XiangShan/src/main/scala/xiangshan/backend/fu/NewCSR/NewCSR.scala
[02:29:26] [spechunter] [Read] /home/yzs/riscv/XiangShan/src/main/scala/xiangshan/backend/fu/NewCSR/NewCSR.scala
[02:29:32] [spechunter] [Grep] pattern='STIP|STIE|STCE|stimecmp'
[02:29:32] [spechunter] [Grep] pattern='STIP|STCE|writable'
[02:29:33] [spechunter] [Grep] pattern='stimecmp'
[02:29:33] [spechunter] [Grep] pattern='#define DECLARE_CSR'
[02:29:36] [spechunter] [text] Let me check the `csr_write` macro implementation and verify the full picture of the init path.  
[02:29:36] [spechunter] [Grep] pattern='csr_write|csr_read|csr_set|csr_clear'
[02:29:36] [spechunter] [Grep] pattern='SBI_EXT_ID_TIME|SBI_TIME_SET_TIMER'
[02:29:39] [spechunter] [text] Now let me trace the SBI timer path and the SSTC interrupt clearing flow  
[02:29:39] [spechunter] [Read] /home/yzs/riscv/linux/arch/riscv/kvm/vcpu_sbi_replace.c
[02:29:39] [spechunter] [Grep] pattern='IRQ_VS_TIMER|IRQ_S_TIMER|VSTIP'
[02:29:43] [spechunter] [Grep] pattern='\\"csr_write|#define.*csr_write\\"'
[02:29:43] [spechunter] [Read] /home/yzs/riscv/freebsd-src/sys/riscv/include/cpufunc.h
[02:29:47] [spechunter] [text] Now let me get the remaining details for completeness  
[02:29:47] [spechunter] [Read] /home/yzs/riscv/XiangShan/src/main/scala/xiangshan/backend/fu/NewCSR/CSRBundles.scala
[02:29:47] [spechunter] [Read] /home/yzs/riscv/XiangShan/src/main/scala/xiangshan/backend/fu/NewCSR/MachineLevel.scala
[02:29:47] [spechunter] [Grep] pattern='class SipBundle|class SieBundle|class VSipBundle|class VSieBundle|class HipBundle|class HieBundle'
[02:29:48] [spechunter] [Grep] pattern='csr_write|csr_read|csr_set|csr_clear'
[02:29:48] [spechunter] [Read] /home/yzs/riscv/freebsd-src/sys/riscv/riscv/timer.c
[02:29:49] [spechunter] [Grep] pattern='Sstc|stimecmp|vstimecmp|SstcInterruptGen|platformIRP\\.STIP|platformIRP\\.VSTIP'
[02:29:49] [spechunter] [Grep] pattern='stimecmp|vstimecmp|Sstc|STCE'
[02:29:49] [spechunter] [Grep] pattern='STIP|STCE|Sstc|stimecmp'
[02:29:49] [spechunter] [Grep] pattern='EXT_SSTC|Sstc'
[02:29:59] [spechunter] [Read] /home/yzs/riscv/qemu/target/riscv/csr.c
[02:29:59] [spechunter] [Grep] pattern='rmw_mip64\\b'
[02:29:59] [spechunter] [Grep] pattern='rmw_sip|rmw_hvip|rmw_hip'
[02:29:59] [spechunter] [Grep] pattern='mip_writable|sip_writable|mideleg_writable|mie_writable|mideleg_csr'
[02:29:59] [spechunter] [Read] /home/yzs/riscv/qemu/target/riscv/csr.c
[02:29:59] [spechunter] [Glob] target/riscv/time_helper.h
[02:29:59] [spechunter] [Grep] pattern='CSR_MIP.*rmw_mip'
[02:30:00] [spechunter] [Read] /home/yzs/riscv/XiangShan/src/main/scala/xiangshan/backend/fu/NewCSR/SupervisorLevel.scala
[02:30:00] [spechunter] [Read] /home/yzs/riscv/XiangShan/src/main/scala/xiangshan/backend/fu/NewCSR/VirtualSupervisorLevel.scala
[02:30:02] [spechunter] [text] Here is the comprehensive results JSON:  ```json {   "locations": [     {       "file_path": "target/riscv/cpu_bits.h", ...
[02:30:06] [spechunter] [TodoWrite] 4 items
[02:30:07] [spechunter] [Grep] pattern='#define csr_write|#define CSR_'
[02:30:07] [spechunter] [Glob] **/riscv_csr*.h
[02:30:08] [spechunter] [Read] /home/yzs/riscv/XiangShan/src/main/scala/xiangshan/backend/fu/NewCSR/NewCSR.scala
[02:30:08] [spechunter] [Grep] pattern='htimedeltaWen|htimedelta.*wen'
[02:30:08] [spechunter] [Grep] pattern='stime|vstime|time\\b'
[02:30:08] [spechunter] [Grep] pattern='csr_write'
[02:30:13] [spechunter] [Grep] pattern='#define csr_write|#define CSR_STIMECMP|#define CSR_SSTIMECMP'
[02:30:13] [spechunter] [Grep] pattern='#define csr_write'
[02:30:13] [spechunter] [Read] /home/yzs/riscv/qemu/target/riscv/csr.c
[02:30:13] [spechunter] [Read] /home/yzs/riscv/qemu/target/riscv/csr.c
[02:30:13] [spechunter] [Read] /home/yzs/riscv/qemu/target/riscv/csr.c
[02:30:13] [spechunter] [Read] /home/yzs/riscv/qemu/target/riscv/csr.c
[02:30:13] [spechunter] [Read] /home/yzs/riscv/qemu/target/riscv/csr.c
[02:30:26] [spechunter] [Read] /home/yzs/riscv/freebsd-src/sys/riscv/include/riscvreg.h
[02:30:30] [spechunter] [Grep] pattern='#define\\s+csr_write'
[02:30:30] [spechunter] [Grep] pattern='csr_write'
[02:30:35] [spechunter] [Grep] pattern='menvcfg|Menvcfg'
[02:30:35] [spechunter] [Grep] pattern='henvcfg|Henvcfg'
[02:30:35] [spechunter] [Grep] pattern='STCE'
[02:30:35] [spechunter] [Grep] pattern='menvcfgMod|henvcfgMod'
[02:30:39] [spechunter] [text] Now let me look at the entry.S and other related files for the trap handler paths.  
[02:30:39] [spechunter] [Grep] pattern='kvm_riscv_vcpu_exit|STCE|ENVCFG_STCE'
[02:30:39] [spechunter] [Grep] pattern='ENVCFG_STCE|STCE'
[02:30:40] [spechunter] [text] Now let me look at the bhyve VMM side to understand the full hypervisor trap path for stimecmp.  
[02:30:40] [spechunter] [Read] /home/yzs/riscv/freebsd-src/sys/riscv/vmm/vmm_sbi.c
[02:30:40] [spechunter] [Grep] pattern='stimecmp|timecmp|SSTC'
[02:30:41] [spechunter] [Grep] pattern='rmw_mvip64\\b'
[02:30:41] [spechunter] [Read] /home/yzs/riscv/qemu/target/riscv/csr.c
[02:30:41] [spechunter] [Grep] pattern='riscv_cpu_interrupt'
[02:30:41] [spechunter] [Grep] pattern='CSR_MVIP'
[02:30:41] [spechunter] [Read] /home/yzs/riscv/qemu/target/riscv/csr.c
[02:30:47] [spechunter] [Read] /home/yzs/riscv/linux/arch/riscv/kvm/vcpu_exit.c
[02:30:47] [spechunter] [Read] /home/yzs/riscv/linux/tools/testing/selftests/kvm/riscv/arch_timer.c
[02:30:49] [spechunter] [Read] /home/yzs/riscv/freebsd-src/sys/riscv/include/riscvreg.h
[02:30:49] [spechunter] [Grep] pattern='stimecmp|STIMECMP'
[02:30:56] [spechunter] [Read] /home/yzs/riscv/qemu/target/riscv/cpu_helper.c
[02:30:56] [spechunter] [Read] /home/yzs/riscv/qemu/target/riscv/cpu_helper.c
[02:30:56] [spechunter] [Read] /home/yzs/riscv/qemu/target/riscv/op_helper.c
[02:30:56] [spechunter] [Grep] pattern='vstip.*MIP_VSTIP|vstime_irq'
[02:31:01] [spechunter] [text] Now I have all the information needed. Here is the complete location report:  ```json {   "locations": [     {       "fi...
[02:31:02] [spechunter] [Grep] pattern='STCE'
[02:31:02] [spechunter] [Grep] pattern='menvcfg|Menvcfg'
[02:31:02] [spechunter] [Grep] pattern='menvcfg|Menvcfg'
[02:31:02] [spechunter] [Grep] pattern='henvcfg|Henvcfg'
[02:31:02] [spechunter] [Grep] pattern='henvcfg|Henvcfg'
[02:31:02] [spechunter] [text] Let me check the VMM trap path for guest stimecmp access and any additional kernel paths
[02:31:02] [spechunter] [Grep] pattern='stimecmp|vstimecmp'
[02:31:02] [spechunter] [Grep] pattern='menvcfg'
[02:31:02] [spechunter] [Grep] pattern='STCE'
[02:31:05] [spechunter] [text] Let me check the entry path and the vcpu_onereg SIP/VSIP handling, plus the CSR definitions for the HIDELEG/HVIP interac...
[02:31:05] [spechunter] [Read] /home/yzs/riscv/linux/arch/riscv/kvm/vcpu_onereg.c
[02:31:05] [spechunter] [Grep] pattern='IRQ_VS_TIMER|IRQ_S_TIMER|VSTIP|VSTIMECMP'
[02:31:05] [spechunter] [Grep] pattern='CSR_VSTIMECMP|CSR_HVIP|CSR_HIDELEG|CSR_VSIE'
[02:31:07] [spechunter] [Read] /home/yzs/riscv/qemu/target/riscv/csr.c
[02:31:07] [spechunter] [Read] /home/yzs/riscv/qemu/target/riscv/csr.c
[02:31:07] [spechunter] [Read] /home/yzs/riscv/qemu/target/riscv/cpu_helper.c
[02:31:07] [spechunter] [Grep] pattern='riscv_cpu_sirq_pending|riscv_cpu_vsirq_pending'
[02:31:07] [spechunter] [Grep] pattern='cpu_get_tb_cpu_state'
[02:31:08] [spechunter] [Read] /home/yzs/riscv/freebsd-src/sys/riscv/riscv/swtch.S
[02:31:08] [spechunter] [Grep] pattern='VM_CAP_SSTC'
[02:31:09] [spechunter] [text] Let me check the existing findings format for reference.  
[02:31:09] [spechunter] [Read] /home/yzs/riscv/opensbi/locations/sstc_stip_writability.json
[02:31:09] [spechunter] [Read] /home/yzs/riscv/opensbi/locations/sstc_spec_move.json
[02:31:26] [spechunter] [Grep] pattern='vstimecmp|VSTIMECMP'
[02:31:26] [spechunter] [Grep] pattern='henvcfg|HENVCFG'
[02:31:27] [spechunter] [Grep] pattern='WFI|wfi|OP_WFI'
[02:31:27] [spechunter] [Read] /home/yzs/riscv/qemu/target/riscv/time_helper.h
[02:31:27] [spechunter] [Grep] pattern='CSR_HCOUNTEREN|read_hcounteren|write_hcounteren'
[02:31:27] [spechunter] [Read] /home/yzs/riscv/qemu/target/riscv/csr.c
[02:31:28] [spechunter] [Grep] pattern='class Time|val time|vstime|stime|htimedelta|htimedelta|gtime'
[02:31:28] [spechunter] [Grep] pattern='cpu_crtical_error|cpu_critical_error'
[02:31:28] [spechunter] [Grep] pattern='cpu_crtical_error|cpu_critical_error'
[02:31:33] [spechunter] [Read] /home/yzs/riscv/freebsd-src/usr.sbin/bhyve/riscv/bhyverun_machdep.c
[02:31:33] [spechunter] [Grep] pattern='stimecmp|vstimecmp|timecmp'
[02:31:33] [spechunter] [Grep] pattern='vstimecmp'
[02:31:42] [spechunter] [Read] /home/yzs/riscv/XiangShan/src/main/scala/xiangshan/backend/fu/NewCSR/CSRBundles.scala
[02:31:42] [spechunter] [Read] /home/yzs/riscv/XiangShan/src/main/scala/xiangshan/backend/fu/NewCSR/HypervisorLevel.scala
[02:31:42] [spechunter] [Read] /home/yzs/riscv/XiangShan/src/main/scala/xiangshan/backend/fu/NewCSR/SstcInterruptGen.scala
[02:31:42] [spechunter] [Read] /home/yzs/riscv/XiangShan/src/main/scala/xiangshan/backend/fu/NewCSR/CSRPermitModule.scala
[02:31:42] [spechunter] [Read] /home/yzs/riscv/XiangShan/src/main/scala/xiangshan/backend/fu/NewCSR/CSRPermitModule.scala
[02:31:47] [spechunter] [Grep] pattern='class.*Time|val time\\b|time\\.stime|time\\.vstime|object time|val stime'
[02:31:47] [spechunter] [Read] /home/yzs/riscv/XiangShan/src/main/scala/xiangshan/backend/fu/NewCSR/NewCSR.scala
[02:31:47] [spechunter] [Read] /home/yzs/riscv/XiangShan/src/main/scala/xiangshan/backend/fu/NewCSR/NewCSR.scala
[02:31:47] [spechunter] [text] Here is the comprehensive JSON report of all locations found:  ```json {   "locations": [     {       "file_path": "src/...
[02:31:47] [spechunter] [Grep] pattern='OP_WFI'
[02:31:47] [spechunter] [Grep] pattern='wfi'
[02:31:47] [spechunter] [Grep] pattern='stimecmp|STIP|timer|MIP_STIP|STCE'
[02:31:47] [spechunter] [Grep] pattern='STCE|stimecmp|STIP|STIMER|stimercb|stimercmp|timer.*irq.*5|timer.*irq.*IRQ_S_TIMER'
[02:31:49] [spechunter] [Grep] pattern='vstimecmp|vstopi|htimedelta|htime'
[02:31:49] [spechunter] [Grep] pattern='SBI_TIME|SBI_SET_TIMER|sbi.*timer|timer.*sbi'
[02:32:02] [spechunter] [Read] /home/yzs/riscv/qemu/hw/intc/riscv_aclint.c
[02:32:02] [spechunter] [Grep] pattern='stimecmp|STCE|sstc'
[02:32:02] [spechunter] [Grep] pattern='check_wfi|checks_ext|check.*wfi|has_wfi'
[02:32:02] [spechunter] [Grep] pattern='riscv_cpu_has_wfi'
[02:32:02] [spechunter] [Read] /home/yzs/riscv/qemu/target/riscv/cpu_helper.c
[02:32:02] [spechunter] [Grep] pattern='stimer.*init|timer_init|riscv_timer_init'
[02:32:03] [spechunter] [Grep] pattern='vstime.*htimedelta|stime.*htimedelta|time.*Wire|val.*time.*='
[02:32:03] [spechunter] [Grep] pattern='htimedelta\\.rdata.*\\+.*stime|stime.*\\+.*htimedelta'
[02:32:03] [spechunter] [Read] /home/yzs/riscv/XiangShan/src/main/scala/xiangshan/backend/fu/NewCSR/NewCSR.scala
[02:32:04] [spechunter] [text] Let me check the existing audit JSON files for format reference
[02:32:04] [spechunter] [Read] /home/yzs/riscv/freebsd-src/smaclic_stopei_audit.json
[02:32:04] [spechunter] [Read] /home/yzs/riscv/freebsd-src/mstatus_tw_wfi_audit.json
[02:32:06] [spechunter] [Grep] pattern='menvcfg|MEnvCfg|EnvCfg|STCE|class Menvcfg|class MenvCfg'
[02:32:06] [spechunter] [Grep] pattern='menvcfg|henvcfg|STCE|xenvcfg'
[02:32:06] [spechunter] [Read] /home/yzs/riscv/XiangShan/src/main/scala/xiangshan/backend/fu/NewCSR/CSRPermitModule.scala
[02:32:07] [spechunter] [Grep] pattern='stimecmp|STIMECMP'
[02:32:07] [spechunter] [Read] /home/yzs/riscv/freebsd-src/sys/riscv/riscv/timer.c
[02:32:13] [spechunter] [text] Now let me also check the trap handler dispatch and the legacy timer ecall.  
[02:32:13] [spechunter] [Read] /home/yzs/riscv/opensbi/lib/sbi/sbi_trap.c
[02:32:13] [spechunter] [Read] /home/yzs/riscv/opensbi/lib/sbi/sbi_ecall_legacy.c
[02:32:13] [spechunter] [Read] /home/yzs/riscv/opensbi/lib/utils/timer/fdt_timer.c
[02:32:17] [spechunter] [Grep] pattern='riscv_cpu_do_interrupt'
[02:32:17] [spechunter] [Grep] pattern='EXCP_HLT|halted|exec_interrupt|check.*interrupt'
[02:32:17] [spechunter] [Grep] pattern='CSR_STIMECMP|timer|stimecmp|STCE|STIP|MIP|mip'
[02:32:17] [spechunter] [Grep] pattern='cs->halted.*EXCP_HLT|check_halt|halted.*=.*0'
[02:32:33] [spechunter] [Read] /home/yzs/riscv/XiangShan/src/main/scala/xiangshan/backend/fu/NewCSR/Unprivileged.scala
[02:32:33] [spechunter] [Grep] pattern='GatedValidRegNext'
[02:32:33] [spechunter] [Grep] pattern='hip\\.VSTIP|hstatusVGEIN|hgeip'
[02:32:35] [spechunter] [Read] /home/yzs/riscv/qemu/target/riscv/cpu_helper.c
[02:32:35] [spechunter] [Read] /home/yzs/riscv/qemu/target/riscv/csr.c
[02:32:35] [spechunter] [Grep] pattern='riscv_cpu_is_v'
[02:32:42] [spechunter] [text] Now I have a complete picture. Let me write the output JSON.  
[02:32:42] [spechunter] [Read] /home/yzs/riscv/freebsd-src/sys/riscv/riscv/sbi.c
[02:32:42] [spechunter] [Read] /home/yzs/riscv/freebsd-src/sys/riscv/vmm/vmm_sbi.c
[02:32:42] [spechunter] [Read] /home/yzs/riscv/freebsd-src/sys/riscv/vmm/vmm_riscv.c
[02:32:43] [spechunter] [Read] /home/yzs/riscv/XiangShan/src/main/scala/xiangshan/backend/fu/NewCSR/MachineLevel.scala
[02:32:43] [spechunter] [Read] /home/yzs/riscv/XiangShan/src/main/scala/xiangshan/backend/fu/NewCSR/MachineLevel.scala
[02:32:43] [spechunter] [Read] /home/yzs/riscv/XiangShan/src/main/scala/xiangshan/backend/fu/NewCSR/MachineLevel.scala
[02:32:43] [spechunter] [Read] /home/yzs/riscv/XiangShan/src/main/scala/xiangshan/backend/fu/NewCSR/MachineLevel.scala
[02:32:43] [spechunter] [Read] /home/yzs/riscv/XiangShan/src/main/scala/xiangshan/backend/fu/NewCSR/MachineLevel.scala
[02:32:43] [spechunter] [Read] /home/yzs/riscv/XiangShan/src/main/scala/xiangshan/backend/fu/NewCSR/NewCSR.scala
[02:32:43] [spechunter] [text] Now I have a complete picture. Here is the JSON result:  ```json {   "locations": [     {       "file_path": "sys/riscv/...
[02:32:45] [spechunter] [Grep] pattern='STI|timer.interrupt|SupervisorTimer'
[02:32:45] [spechunter] [Grep] pattern='0x144|0x14D|0x11D|0x31D|0x24D|0x25D|mip.*=|mipAddr|csr.*mip'
[02:32:45] [spechunter] [Grep] pattern='0x144|mip|mie|menvcfg|henvcfg|stimecmp|vstimecmp|0x14D|0x11D|0x31D'
[02:32:53] [spechunter] [Read] /home/yzs/riscv/XiangShan/src/main/scala/xiangshan/backend/fu/NewCSR/MachineLevel.scala
[02:32:53] [spechunter] [Grep] pattern='WARL|warl|wNoFilter|HasWARL|wEffect'
[02:32:53] [spechunter] [Grep] pattern='class.*CSRModule|class.*CSRBundle|setRW|setRO|withReset'
[02:32:54] [spechunter] [Grep] pattern='val mip|val mie|val menvcfg|val henvcfg|val stimecmp|val vstimecmp|val mtvec|val medeleg|val mideleg|val hip|val hvip'
[02:32:54] [spechunter] [Grep] pattern='0x144|0x144'
[02:33:10] [spechunter] [Read] /home/yzs/riscv/XiangShan/src/main/scala/xiangshan/backend/fu/NewCSR/CSRModule.scala
[02:33:10] [spechunter] [Read] /home/yzs/riscv/XiangShan/src/main/scala/xiangshan/backend/fu/NewCSR/CSRDefines.scala
[02:33:12] [spechunter] [text] Now I have all the information needed to build the comprehensive findings. Let me write the output
[02:33:12] [spechunter] [TodoWrite] 4 items
[02:33:13] [spechunter] [Grep] pattern='mip|mie|menvcfg|henvcfg|stimecmp|vstimecmp|hip|hvip'
[02:33:28] [spechunter] [Grep] pattern='EXT_SSTC'
[02:33:28] [spechunter] [Grep] pattern='menvcfg\\.STCE|menvcfg\\.regOut\\.STCE|menvcfg\\.PBMTE|menvcfg\\.DTE|menvcfg\\.CBZE'
[02:33:28] [spechunter] [Read] /home/yzs/riscv/XiangShan/src/main/scala/xiangshan/backend/fu/NewCSR/NewCSR.scala
[02:33:34] [spechunter] [text] Now let me check the VMM's CSR delegation path for vstimecmp  
[02:33:34] [spechunter] [Grep] pattern='delegate|vmmops_delegate'
[02:33:34] [spechunter] [Grep] pattern='vmmops_delegate'
[02:33:35] [spechunter] [Read] /home/yzs/riscv/XiangShan/src/main/scala/xiangshan/backend/fu/NewCSR/TrapHandleModule.scala
[02:33:35] [spechunter] [Grep] pattern='STIE|STIP|InterruptNO\\.STI'
[02:33:35] [spechunter] [Read] /home/yzs/riscv/XiangShan/src/main/scala/xiangshan/backend/fu/NewCSR/StateEnBundle.scala
[02:33:35] [spechunter] [Read] /home/yzs/riscv/XiangShan/src/main/scala/xiangshan/backend/fu/NewCSR/VirtualSupervisorLevel.scala
[02:33:35] [spechunter] [Grep] pattern='addOtherUpdate'
[02:33:35] [spechunter] [Grep] pattern='HasVirtualSupervisorEnvBundle|VirtualSupervisorEnv'
[02:33:39] [spechunter] [Read] /home/yzs/riscv/XiangShan/src/main/scala/xiangshan/backend/fu/NewCSR/InterruptFilter.scala
[02:33:41] [spechunter] [Bash] Prepare to write findings JSON
[02:33:49] [spechunter] [Read] /home/yzs/riscv/XiangShan/src/main/scala/xiangshan/backend/fu/NewCSR/CSRFields.scala
[02:33:49] [spechunter] [Read] /home/yzs/riscv/XiangShan/src/main/scala/xiangshan/backend/fu/NewCSR/VirtualSupervisorLevel.scala
[02:34:04] [spechunter] [Grep] pattern='STIP|STIE|STI'
[02:34:04] [spechunter] [Grep] pattern='STIP|stimecmp|Sstc|STCE'
[02:34:14] [spechunter] [TodoWrite] 3 items
[02:34:53] [spechunter] [text] Now let me look at key context switch files and entry/exit paths that involve vstimecmp state management
[02:34:53] [spechunter] [Grep] pattern='ncsr_write.*CSR_VSTIMECMP|csr_write.*CSR_VSTIMECMP'
[02:34:53] [spechunter] [Grep] pattern='CSR_VSTIMECMP|vstimecmp'
[02:35:10] [spechunter] [text] ## Analysis  The PR is about **moving Sstc specification text** across Machine, Supervisor, and Hypervisor chapters. Thi...
[02:35:11] [spechunter] [Read] /tmp/claude-1000/-home-yzs-riscv-XiangShan/f20c40a9-c8c0-4e7f-904e-8ce6d4585de8/tasks/a1f028f6a44f63e6e.output
[02:35:13] [spechunter] [text] Now let me verify the key findings by reading the actual source files directly.  
[02:35:13] [spechunter] [Read] /home/yzs/riscv/qemu/target/riscv/csr.c
[02:35:13] [spechunter] [Read] /home/yzs/riscv/qemu/target/riscv/csr.c
[02:35:13] [spechunter] [Read] /home/yzs/riscv/qemu/target/riscv/time_helper.c
[02:35:20] [spechunter] [Write] /home/yzs/riscv/opensbi/semantic_findings.json
[02:35:23] [spechunter] [Read] /home/yzs/riscv/qemu/target/riscv/csr.c
[02:35:23] [spechunter] [Read] /home/yzs/riscv/qemu/target/riscv/csr.c
[02:35:23] [spechunter] [Read] /home/yzs/riscv/qemu/target/riscv/cpu_bits.h
[02:35:23] [spechunter] [Grep] pattern='KVM_CSR_CFG.*mip\\|KVM_CSR_CFG.*sip\\|kvm_riscv_csr_get_set.*mip\\|kvm_riscv_csr_get_set.*sip'
[02:35:23] [spechunter] [Read] /home/yzs/riscv/qemu/target/riscv/machine.c
[02:35:24] [spechunter] [Read] /home/yzs/riscv/opensbi/semantic_findings.json
[02:35:40] [spechunter] [Read] /tmp/claude-1000/-home-yzs-riscv-XiangShan/f20c40a9-c8c0-4e7f-904e-8ce6d4585de8/tasks/a1f028f6a4463e6e.output
[02:35:42] [spechunter] [text] The code locations provided are all empty (`:0-0`). Let me first search for all `stimecmp` references in the FreeBSD RIS...
[02:35:42] [spechunter] [Grep] pattern='stimecmp|STIMECMP'
[02:35:42] [spechunter] [Grep] pattern='menvcfg|menvcfg|STCE|stce'
[02:35:44] [spechunter] [Grep] pattern='stip|STIP|stimecmp|STIMECMP|sstc.*kvm|kvm.*sstc'
[02:35:44] [spechunter] [Grep] pattern='mip|sip'
[02:35:44] [spechunter] [Read] /home/yzs/riscv/qemu/target/riscv/csr.c
[02:35:44] [spechunter] [Read] /home/yzs/riscv/qemu/target/riscv/cpu_bits.h
[02:35:51] [spechunter] [Bash] List background agent task files
[02:35:58] [spechunter] [Read] /home/yzs/riscv/freebsd-src/sys/riscv/riscv/timer.c
[02:35:58] [spechunter] [Read] /home/yzs/riscv/freebsd-src/sys/riscv/vmm/vmm_riscv.c
[02:35:58] [spechunter] [Grep] pattern='menvcfg|MENVCFG'
[02:36:07] [spechunter] [Read] /home/yzs/riscv/qemu/target/riscv/kvm/kvm-cpu.c
[02:36:07] [spechunter] [Read] /home/yzs/riscv/qemu/target/riscv/csr.c
[02:36:07] [spechunter] [Read] /home/yzs/riscv/qemu/target/riscv/csr.c
[02:36:07] [spechunter] [Read] /home/yzs/riscv/qemu/target/riscv/csr.c
[02:36:07] [spechunter] [Grep] pattern='debugger|gdb_read|gdb_write|gdb.*csr|csr.*gdb|mip.*debug|debug.*mip|stip.*debug'
[02:36:12] [spechunter] [Bash] Check size of background agent output
[02:36:13] [spechunter] [text] Now I have a thorough understanding of all the relevant code paths. Let me also check the `vcpu_sbi_v01.c` and `aia_imsi...
[02:36:13] [spechunter] [Grep] pattern='kvm_riscv_vcpu_timer|IRQ_VS_TIMER|timer_next_event'
[02:36:13] [spechunter] [Read] /home/yzs/riscv/linux/arch/riscv/include/asm/csr.h
[02:36:19] [spechunter] [Read] /home/yzs/riscv/qemu/target/riscv/gdbstub.c
[02:36:19] [spechunter] [Read] /home/yzs/riscv/qemu/target/riscv/csr.c
[02:36:27] [spechunter] [Grep] pattern='has_sstc'
[02:36:27] [spechunter] [Grep] pattern='has_sstc'
[02:36:29] [spechunter] [Grep] pattern='kvm_riscv_get_regs_csr|kvm_riscv_put_regs_csr'
[02:36:29] [spechunter] [Grep] pattern='mip|sip'
[02:36:37] [spechunter] [Read] /home/yzs/riscv/qemu/target/riscv/kvm/kvm-cpu.c
[02:36:37] [spechunter] [Read] /home/yzs/riscv/qemu/target/riscv/kvm/kvm-cpu.c
[02:36:50] [spechunter] [Read] /home/yzs/riscv/qemu/target/riscv/csr.c
[02:36:50] [spechunter] [Read] /home/yzs/riscv/qemu/target/riscv/csr.c
[02:36:50] [spechunter] [Read] /home/yzs/riscv/qemu/target/riscv/machine.c
[02:36:50] [spechunter] [Read] /home/yzs/riscv/qemu/target/riscv/csr.c
[02:36:55] [spechunter] [Read] /home/yzs/riscv/qemu/target/riscv/cpu_helper.c
[02:36:55] [spechunter] [Read] /home/yzs/riscv/qemu/target/riscv/csr.c
[02:36:55] [spechunter] [Read] /home/yzs/riscv/qemu/target/riscv/csr.c
[02:36:58] [spechunter] [TodoWrite] 3 items
[02:37:03] [spechunter] [text] Now I have a thorough understanding of the code. Let me also verify the `rmw_sip` path and check for any `write_mip` or ...
[02:37:03] [spechunter] [Grep] pattern='rmw_sip'
[02:37:03] [spechunter] [Read] /home/yzs/riscv/qemu/target/riscv/cpu_helper.c
[02:37:03] [spechunter] [Grep] pattern='read_stimecmp|read_vstimecmp'
[02:37:08] [spechunter] [Read] /home/yzs/riscv/freebsd-src/sys/riscv/riscv/identcpu.c
[02:37:08] [spechunter] [Read] /home/yzs/riscv/freebsd-src/sys/riscv/riscv/identcpu.c
[02:37:08] [spechunter] [Grep] pattern='stimecmp|STIMECMP'
[02:37:19] [spechunter] [text] This file contains a different finding (CBO/PMP). I'll write to a new file specific to this SSTC/STIP violation.  
[02:37:19] [spechunter] [Write] /home/yzs/riscv/opensbi/semantic_finding_sstc_stip_writability.json
[02:37:28] [spechunter] [text] Let me read the relevant spec documents to find the normative text about `stimecmp` and `menvcfg.STCE`.  
[02:37:28] [spechunter] [Read] /home/yzs/riscv/rv-isa-sec/spec_ref/riscv-isa-manual/normative_rule_defs/sstc.yaml
[02:37:28] [spechunter] [Grep] pattern='STCE|stimecmp|stimecmp'
[02:37:28] [spechunter] [Grep] pattern='STCE|stimecmp|stimecmp'
[02:37:45] [spechunter] [Bash] Check tail of background agent output
[02:37:54] [spechunter] [Read] /home/yzs/riscv/rv-isa-sec/spec_ref/riscv-isa-manual/normative_rule_defs/machine.yaml
[02:37:54] [spechunter] [Read] /home/yzs/riscv/rv-isa-sec/spec_ref/riscv-isa-manual/normative_rule_defs/machine.yaml
[02:37:54] [spechunter] [text] 现在我已全面了解代码结构。以下是 JSON 格式的输出：  ```json {   "violation": "Sstc implemented and menvcfg.STCE=1, but STIP treated as writabl...
[02:38:02] [spechunter] [Read] /home/yzs/riscv/rv-isa-sec/spec_ref/riscv-isa-manual/src/priv/sstc.adoc
[02:38:02] [spechunter] [Read] /home/yzs/riscv/rv-isa-sec/spec_ref/riscv-isa-manual/src/priv/machine.adoc
[02:38:12] [spechunter] [TodoWrite] 4 items
[02:38:12] [spechunter] [text] Let me first check what this PR actually changes, since the PR title suggests restructuring Sstc-related code
[02:38:12] [spechunter] [Bash] View recent commits
[02:38:12] [spechunter] [Bash] See files changed in this branch vs master
[02:38:16] [spechunter] [Grep] pattern='menvcfg.*STCE|STCE.*menvcfg|norm:menvcfg_stce'
[02:38:16] [spechunter] [Grep] pattern='STCE'
[02:38:17] [spechunter] [text] Now I have a thorough understanding of all affected code paths. Let me produce the final report
[02:38:17] [spechunter] [TodoWrite] 3 items
[02:38:19] [spechunter] [Bash] View the actual diff of the branch
[02:38:19] [spechunter] [Read] /home/yzs/riscv/rv-isa-sec/spec_ref/riscv-isa-manual/src/priv/machine.adoc
[02:38:41] [spechunter] [text] Let me also check if there's any boot-time verification of `menvcfg.STCE
[02:38:41] [spechunter] [Grep] pattern='stimecmp|sstc|STCE|menvcfg'
[02:38:41] [spechunter] [Grep] pattern='stimecmp|sstc|STCE|menvcfg'
[02:38:41] [spechunter] [Grep] pattern='SV_SSTC'
[02:38:56] [spechunter] [text] Findings written to `semantic_finding_sstc_stip_writability.json`.  ## Summary  I identified **22 locations** across 9 f...
[02:39:06] [spechunter] [text] Now let me check how `has_sstc` is derived and whether there's any `menvcfg` reading from S-mode
[02:39:06] [spechunter] [Read] /home/yzs/riscv/freebsd-src/sys/riscv/riscv/identcpu.c
[02:39:06] [spechunter] [Read] /home/yzs/riscv/freebsd-src/sys/riscv/riscv/identcpu.c
[02:39:08] [spechunter] [text] Now let me verify the key files and read the precise lines for the final report.  
[02:39:08] [spechunter] [Read] /home/yzs/riscv/XiangShan/src/main/scala/xiangshan/backend/fu/NewCSR/SstcInterruptGen.scala
[02:39:08] [spechunter] [Read] /home/yzs/riscv/XiangShan/src/main/scala/xiangshan/backend/fu/NewCSR/MachineLevel.scala
[02:39:08] [spechunter] [Read] /home/yzs/riscv/XiangShan/src/main/scala/xiangshan/backend/fu/NewCSR/MachineLevel.scala
[02:39:08] [spechunter] [Read] /home/yzs/riscv/XiangShan/src/main/scala/xiangshan/backend/fu/NewCSR/HypervisorLevel.scala
[02:39:16] [spechunter] [text] Let me also check some additional details
[02:39:16] [spechunter] [Read] /home/yzs/riscv/XiangShan/src/main/scala/xiangshan/backend/fu/NewCSR/CSRPermitModule.scala
[02:39:16] [spechunter] [Read] /home/yzs/riscv/XiangShan/src/main/scala/xiangshan/backend/fu/NewCSR/CSRPermitModule.scala
[02:39:16] [spechunter] [Read] /home/yzs/riscv/XiangShan/src/main/scala/xiangshan/backend/fu/NewCSR/MachineLevel.scala
[02:39:16] [spechunter] [Read] /home/yzs/riscv/XiangShan/src/main/scala/xiangshan/backend/fu/NewCSR/NewCSR.scala
[02:39:16] [spechunter] [Read] /home/yzs/riscv/XiangShan/src/main/scala/xiangshan/backend/fu/NewCSR/NewCSR.scala
[02:39:23] [spechunter] [text] Now I understand the situation. The branch `fix-scountinhibit-cde` has a different change, but the PR context provided i...
[02:39:23] [spechunter] [Read] /home/yzs/riscv/qemu/target/riscv/csr.c
[02:39:23] [spechunter] [Read] /home/yzs/riscv/qemu/target/riscv/csr.c
[02:39:23] [spechunter] [Read] /home/yzs/riscv/qemu/target/riscv/cpu_bits.h
[02:39:23] [spechunter] [Read] /home/yzs/riscv/qemu/target/riscv/cpu_helper.c
[02:39:30] [spechunter] [text] Let me check whether FreeBSD S-mode ever reads `menvcfg` to verify STCE, and how `smode_extensions` is populated.  
[02:39:30] [spechunter] [Read] /home/yzs/riscv/freebsd-src/sys/riscv/riscv/identcpu.c
[02:39:30] [spechunter] [Grep] pattern='menvcfg'
[02:39:35] [spechunter] [Read] /home/yzs/riscv/opensbi/include/sbi/riscv_encoding.h
[02:39:35] [spechunter] [Read] /home/yzs/riscv/opensbi/lib/sbi/sbi_hart.c
[02:39:35] [spechunter] [Read] /home/yzs/riscv/opensbi/lib/sbi/sbi_timer.c
[02:39:41] [spechunter] [text] Let me check a few more critical details.  
[02:39:41] [spechunter] [Read] /home/yzs/riscv/XiangShan/src/main/scala/xiangshan/backend/fu/NewCSR/MachineLevel.scala
[02:39:41] [spechunter] [Read] /home/yzs/riscv/XiangShan/src/main/scala/xiangshan/backend/fu/NewCSR/HypervisorLevel.scala
[02:39:41] [spechunter] [Read] /home/yzs/riscv/XiangShan/src/main/scala/xiangshan/backend/fu/NewCSR/CSRBundles.scala
[02:39:41] [spechunter] [Grep] pattern='PlatformIRP'
[02:39:50] [spechunter] [text] Let me verify a few key locations for accuracy.  
[02:39:50] [spechunter] [Read] /home/yzs/riscv/qemu/target/riscv/cpu_bits.h
[02:39:50] [spechunter] [Read] /home/yzs/riscv/qemu/target/riscv/cpu_bits.h
[02:39:50] [spechunter] [Read] /home/yzs/riscv/qemu/target/riscv/csr.c
[02:39:50] [spechunter] [Read] /home/yzs/riscv/qemu/target/riscv/csr.c
[02:39:50] [spechunter] [Read] /home/yzs/riscv/qemu/target/riscv/csr.c
[02:39:50] [spechunter] [Read] /home/yzs/riscv/qemu/target/riscv/csr.c
[02:39:55] [spechunter] [Grep] pattern='platformIRP'
[02:39:55] [spechunter] [Grep] pattern='stimecmp|vstimecmp'
[02:40:05] [spechunter] [Read] /home/yzs/riscv/qemu/target/riscv/csr.c
[02:40:05] [spechunter] [Read] /home/yzs/riscv/qemu/target/riscv/time_helper.c
[02:40:05] [spechunter] [Read] /home/yzs/riscv/qemu/target/riscv/csr.c
[02:40:05] [spechunter] [Read] /home/yzs/riscv/qemu/hw/intc/riscv_aclint.c
[02:40:05] [spechunter] [Read] /home/yzs/riscv/qemu/target/riscv/cpu.c
[02:40:07] [spechunter] [text] Now I have a complete picture. Let me compile the semantically affected locations into the JSON report.  The violation i...
[02:40:07] [spechunter] [Write] /home/yzs/riscv/linux/semantic_analysis_sstc.json
[02:40:08] [spechunter] [Read] /home/yzs/riscv/XiangShan/src/main/scala/xiangshan/backend/fu/NewCSR/MachineLevel.scala
[02:40:08] [spechunter] [Read] /home/yzs/riscv/XiangShan/src/main/scala/xiangshan/backend/fu/NewCSR/NewCSR.scala
[02:40:08] [spechunter] [Read] /home/yzs/riscv/XiangShan/src/main/scala/xiangshan/backend/fu/NewCSR/SupervisorLevel.scala
[02:40:08] [spechunter] [Read] /home/yzs/riscv/XiangShan/src/main/scala/xiangshan/backend/fu/NewCSR/VirtualSupervisorLevel.scala
[02:40:15] [spechunter] [text] Let me also check for any context-switch handling of `stimecmp
[02:40:15] [spechunter] [Grep] pattern='stimecmp|STIMECMP'
[02:40:15] [spechunter] [Grep] pattern='stimecmp|STIMECMP'
[02:40:15] [spechunter] [Grep] pattern='stimecmp|STIMECMP'
[02:40:15] [spechunter] [Read] /home/yzs/riscv/linux/semantic_analysis_sstc.json
[02:40:18] [spechunter] [Read] /home/yzs/riscv/qemu/target/riscv/cpu_bits.h
[02:40:18] [spechunter] [Read] /home/yzs/riscv/qemu/target/riscv/cpu_bits.h
[02:40:18] [spechunter] [Read] /home/yzs/riscv/qemu/target/riscv/cpu_bits.h
[02:40:26] [spechunter] [text] Let me check a few more edges — the trap logic for vstimecmp at VS-level, and delegation bits for STI
[02:40:26] [spechunter] [Read] /home/yzs/riscv/XiangShan/src/main/scala/xiangshan/backend/fu/NewCSR/CSRPermitModule.scala
[02:40:26] [spechunter] [Read] /home/yzs/riscv/XiangShan/src/main/scala/xiangshan/backend/fu/NewCSR/CSRPermitModule.scala
[02:40:26] [spechunter] [Read] /home/yzs/riscv/XiangShan/src/main/scala/xiangshan/backend/fu/NewCSR/MachineLevel.scala
[02:40:26] [spechunter] [Read] /home/yzs/riscv/XiangShan/src/main/scala/xiangshan/backend/fu/NewCSR/HypervisorLevel.scala
[02:40:26] [spechunter] [Read] /home/yzs/riscv/XiangShan/src/main/scala/xiangshan/backend/fu/NewCSR/VirtualSupervisorLevel.scala
[02:40:34] [spechunter] [Read] /home/yzs/riscv/qemu/target/riscv/csr.c
[02:40:34] [spechunter] [Read] /home/yzs/riscv/qemu/target/riscv/csr.c
[02:40:34] [spechunter] [Read] /home/yzs/riscv/qemu/target/riscv/machine.c
[02:40:34] [spechunter] [Read] /home/yzs/riscv/qemu/target/riscv/machine.c
[02:40:34] [spechunter] [Read] /home/yzs/riscv/qemu/target/riscv/machine.c
[02:40:34] [spechunter] [Read] /home/yzs/riscv/qemu/target/riscv/cpu.c
[02:40:37] [spechunter] [text] Now let me check the remaining files referenced.  
[02:40:37] [spechunter] [Read] /home/yzs/riscv/opensbi/lib/sbi/sbi_hsm.c
[02:40:37] [spechunter] [Read] /home/yzs/riscv/opensbi/lib/sbi/sbi_hsm.c
[02:40:37] [spechunter] [Read] /home/yzs/riscv/opensbi/lib/sbi/sbi_hart.c
[02:40:37] [spechunter] [Read] /home/yzs/riscv/opensbi/lib/sbi/sbi_hart.c
[02:40:37] [spechunter] [Read] /home/yzs/riscv/opensbi/lib/sbi/sbi_hart.c
[02:40:37] [spechunter] [Read] /home/yzs/riscv/opensbi/lib/utils/hsm/fdt_hsm_spacemit.c
[02:41:18] [spechunter] [text] Now let me check a couple more details — the time source and how `mcounteren` gates stimecmp access.  
[02:41:18] [spechunter] [Read] /home/yzs/riscv/XiangShan/src/main/scala/xiangshan/backend/fu/NewCSR/CSRPermitModule.scala
[02:41:18] [spechunter] [Grep] pattern='mcounterenTM'
[02:41:18] [spechunter] [Read] /home/yzs/riscv/XiangShan/src/main/scala/xiangshan/backend/fu/NewCSR/CSRPermitModule.scala
[02:41:28] [spechunter] [text] Now let me read the remaining referenced files to complete the review.  
[02:41:28] [spechunter] [Read] /home/yzs/riscv/opensbi/lib/sbi/sbi_fwft.c
[02:41:28] [spechunter] [Read] /home/yzs/riscv/opensbi/lib/sbi/sbi_ipi.c
[02:41:28] [spechunter] [Read] /home/yzs/riscv/opensbi/include/sbi/riscv_encoding.h
[02:41:28] [spechunter] [Read] /home/yzs/riscv/opensbi/include/sbi/riscv_encoding.h
[02:42:42] [spechunter] [text] Now let me verify the remaining key files to complete cross-validation
[02:42:42] [spechunter] [Read] /home/yzs/riscv/qemu/target/riscv/csr.c
[02:42:42] [spechunter] [Read] /home/yzs/riscv/qemu/target/riscv/csr.c
[02:42:42] [spechunter] [Read] /home/yzs/riscv/qemu/target/riscv/csr.c
[02:42:42] [spechunter] [Read] /home/yzs/riscv/qemu/target/riscv/csr.c
[02:42:44] [spechunter] [Write] /home/yzs/riscv/linux/semantic_analysis_sstc.json
[02:42:58] [spechunter] [text] Let me check what OpenSBI does with `menvcfg.STCE` to understand the boot firmware behavior
[02:42:58] [spechunter] [Grep] pattern='STCE|stimecmp|sstc'
[02:42:58] [spechunter] [Grep] pattern='sbi_probe_extension|SBI_EXT'
[02:42:58] [spechunter] [Grep] pattern='SBI_EXT_TIME'
[02:43:06] [spechunter] [Bash] Validate JSON output
[02:43:14] [spechunter] [text] Prompt is too long
[02:43:41] [spechunter] [Read] /home/yzs/riscv/freebsd-src/sys/riscv/riscv/sbi.c
[02:43:41] [spechunter] [Read] /home/yzs/riscv/freebsd-src/sys/riscv/riscv/sbi.c
[02:43:48] [spechunter] [text] Now let me verify the Sstc PR itself to understand the documentation change better.  
[02:43:48] [spechunter] [Bash] Check recent commits for Sstc-related changes
[02:44:17] [spechunter] [text] Now let me also check if there's any hypervisor-related `vstimecmp` usage and any context-switch code relevant to the ti...
[02:44:17] [spechunter] [Grep] pattern='vstimecmp|VSTIMECMP'
[02:44:17] [spechunter] [Grep] pattern='HENVCFG_STCE'
[02:44:17] [spechunter] [Read] /home/yzs/riscv/freebsd-src/sys/riscv/include/riscvreg.h
[02:44:23] [spechunter] [text] Now I have comprehensive data. Let me output the findings as the JSON report.  ```json {   "violation": "When Sstc is im...
[02:44:35] [spechunter] [text] Now I have a complete picture. The PR context is about Sstc spec reorganization, but this branch (`fix-scountinhibit-cde...
[02:44:58] [spechunter] [Agent] description, subagent_type
[02:45:01] [spechunter] [Agent] description, prompt
[02:45:13] [spechunter] [text] Now I have a complete picture. Let me compile the analysis.  The code locations with `stimecmp` are at `:0-0` (empty), b...
[02:45:38] [spechunter] [Grep] pattern='sifive_sip_writable'
[02:45:38] [spechunter] [Grep] pattern='mip_writable'
[02:45:38] [spechunter] [Grep] pattern='MIP_STIP'
[02:45:38] [spechunter] [Grep] pattern='stimecmp'
[02:45:38] [spechunter] [Grep] pattern='menvcfg.*STCE|STCE.*menvcfg'
[02:45:38] [spechunter] [Grep] pattern='sstc'
[02:45:38] [spechunter] [Grep] pattern='vstimecmp|vstip'
[02:45:42] [spechunter] [Read] /home/yzs/riscv/XiangShan/src/main/scala/xiangshan/backend/fu/NewCSR/SstcInterruptGen.scala
[02:45:42] [spechunter] [Read] /home/yzs/riscv/XiangShan/src/main/scala/xiangshan/backend/fu/NewCSR/CSRBundles.scala
[02:45:42] [spechunter] [Read] /home/yzs/riscv/XiangShan/src/main/scala/xiangshan/backend/fu/NewCSR/MachineLevel.scala
[02:45:42] [spechunter] [Read] /home/yzs/riscv/XiangShan/src/main/scala/xiangshan/backend/fu/NewCSR/CSRPermitModule.scala
[02:45:42] [spechunter] [Read] /home/yzs/riscv/XiangShan/src/main/scala/xiangshan/backend/fu/NewCSR/SupervisorLevel.scala
[02:45:42] [spechunter] [Read] /home/yzs/riscv/XiangShan/src/main/scala/xiangshan/backend/fu/NewCSR/HypervisorLevel.scala
[02:45:49] [spechunter] [text] Now let me verify the FWFT changes more broadly to understand the full context of the PR.  
[02:45:49] [spechunter] [Bash] Check recent branches and changes
[02:45:50] [spechunter] [Grep] pattern='EXT_SSTC|HasSstc|SstcInterruptGen'
[02:45:50] [spechunter] [Grep] pattern='vstimecmp'
[02:45:55] [spechunter] [Grep] pattern='SstcInterruptGen|sstc|stimecmp|vstimecmp'
[02:45:55] [spechunter] [Read] /home/yzs/riscv/XiangShan/src/main/scala/xiangshan/backend/fu/NewCSR/NewCSR.scala
[02:45:59] [spechunter] [Grep] pattern='sstc'
[02:45:59] [spechunter] [Grep] pattern='stimecmp|vstimecmp'
[02:45:59] [spechunter] [Grep] pattern='sifive_sip_writable'
[02:45:59] [spechunter] [Grep] pattern='mip_writable'
[02:45:59] [spechunter] [Grep] pattern='STCE'
[02:45:59] [spechunter] [Grep] pattern='vstimer|vstime_irq'
[02:46:05] [spechunter] [Read] /home/yzs/riscv/qemu/target/riscv/csr.c
[02:46:05] [spechunter] [Read] /home/yzs/riscv/qemu/target/riscv/csr.c
[02:46:05] [spechunter] [Read] /home/yzs/riscv/qemu/target/riscv/time_helper.c
[02:46:10] [spechunter] [Grep] pattern='vstimecmp'
[02:46:11] [spechunter] [Grep] pattern='^static.*rmw_mip\\b'
[02:46:11] [spechunter] [Read] /home/yzs/riscv/qemu/target/riscv/time_helper.c
[02:46:21] [spechunter] [text] Now I have all the data needed to cross-validate. Let me analyze the PR context and each location.  **PR analysis:** "Mo...
[02:46:33] [spechunter] [text] ## Analysis  **PR context**: Move Sstc text to relevant sections in **Machine**, **Supervisor**, and **Hypervisor** chap...
[02:46:39] [spechunter] [Grep] pattern='csr_write.*CSR_MIP.*STIP|csr_set.*CSR_MIP.*STIP|csr_clear.*CSR_MIP.*STIP|MIP_STIP'
[02:46:39] [spechunter] [Grep] pattern='stimecmp|STIP|Sstc|STCE|menvcfg'
[02:46:53] [spechunter] [Grep] pattern='vstimecmp|VSTIP|kvm_riscv_vcpu_timer'
[02:46:53] [spechunter] [Glob] **/riscv-isa-manual/src/supervisor.adoc
[02:46:53] [spechunter] [Glob] **/riscv-isa-manual/src/hypervisor.adoc
[02:46:59] [spechunter] [Read] /home/yzs/riscv/opensbi/locations/sstc_spec_move.json
[02:46:59] [spechunter] [Read] /home/yzs/riscv/opensbi/locations/sstc_stip_writability.json
[02:47:18] [spechunter] [text] Now let me read the actual source code at the key locations.  
[02:47:18] [spechunter] [Read] /home/yzs/riscv/opensbi/lib/sbi/sbi_timer.c
[02:47:18] [spechunter] [Read] /home/yzs/riscv/opensbi/lib/sbi/sbi_hsm.c
[02:47:18] [spechunter] [Read] /home/yzs/riscv/opensbi/lib/sbi/sbi_hart.c
[02:47:18] [spechunter] [Bash] Find adoc spec files
[02:47:18] [spechunter] [Read] /home/yzs/riscv/linux/arch/riscv/kvm/vcpu_timer.c
[02:47:40] [spechunter] [text] Now let me check the spec to verify the STIP writability when STCE=1
[02:47:40] [spechunter] [Grep] pattern='STIP.*read-only|STIP.*STCE|STIP.*stimecmp|stimecmp.*STIP'
[02:47:40] [spechunter] [Grep] pattern='mip.*STIP|STCE'
[02:47:48] [spechunter] [Read] /home/yzs/riscv/rv-isa-sec/spec_ref/riscv-isa-manual/src/priv/sstc.adoc
[02:47:48] [spechunter] [Read] /home/yzs/riscv/rv-isa-sec/spec_ref/riscv-isa-manual/normative_rule_defs/supervisor.yaml
[02:47:54] [spechunter] [Grep] pattern='STIP.*read.only|read.only.*STIP|STCE.*STIP|STIP.*STCE|stimecmp.*mip.*STIP|mip.*STIP.*stimecmp'
[02:47:54] [spechunter] [Grep] pattern='STIP|Sstc|stimecmp|STCE'
[02:47:56] [spechunter] [text] Now let me read a couple of the key files to confirm exact line ranges before producing the final output.  
[02:47:56] [spechunter] [Read] /home/yzs/riscv/XiangShan/src/main/scala/xiangshan/backend/fu/NewCSR/SstcInterruptGen.scala
[02:47:56] [spechunter] [Read] /home/yzs/riscv/XiangShan/src/main/scala/xiangshan/backend/fu/NewCSR/CSRBundles.scala
[02:47:56] [spechunter] [Read] /home/yzs/riscv/XiangShan/src/main/scala/xiangshan/backend/fu/NewCSR/MachineLevel.scala
[02:48:03] [spechunter] [text] Now let me read the critical code sections in detail to produce the analysis
[02:48:03] [spechunter] [Read] /home/yzs/riscv/qemu/target/riscv/csr.c
[02:48:03] [spechunter] [Read] /home/yzs/riscv/qemu/target/riscv/csr.c
[02:48:03] [spechunter] [Read] /home/yzs/riscv/qemu/target/riscv/csr.c
[02:48:04] [spechunter] [text] Now let me also check the init_warm_resume path and sbi_hart_reinit  
[02:48:04] [spechunter] [Grep] pattern='sbi_hart_reinit|init_warm_resume'
[02:48:06] [spechunter] [text] Let me trace the VSTIP clear path more carefully.  
[02:48:06] [spechunter] [Grep] pattern='kvm_riscv_vcpu_unset_interrupt|set_interrupt.*IRQ_VS_TIMER|hvip|VSTIP'
[02:48:06] [spechunter] [Grep] pattern='IRQ_VS_TIMER'
[02:48:14] [spechunter] [Read] /home/yzs/riscv/XiangShan/src/main/scala/xiangshan/backend/fu/NewCSR/MachineLevel.scala
[02:48:14] [spechunter] [Read] /home/yzs/riscv/XiangShan/src/main/scala/xiangshan/backend/fu/NewCSR/MachineLevel.scala
[02:48:14] [spechunter] [Read] /home/yzs/riscv/XiangShan/src/main/scala/xiangshan/backend/fu/NewCSR/MachineLevel.scala
[02:48:14] [spechunter] [Read] /home/yzs/riscv/XiangShan/src/main/scala/xiangshan/backend/fu/NewCSR/CSRPermitModule.scala
[02:48:21] [spechunter] [Read] /home/yzs/riscv/XiangShan/src/main/scala/xiangshan/backend/fu/NewCSR/CSRPermitModule.scala
[02:48:21] [spechunter] [Read] /home/yzs/riscv/XiangShan/src/main/scala/xiangshan/backend/fu/NewCSR/CSRPermitModule.scala
[02:48:21] [spechunter] [Read] /home/yzs/riscv/XiangShan/src/main/scala/xiangshan/backend/fu/NewCSR/SupervisorLevel.scala
[02:48:21] [spechunter] [Read] /home/yzs/riscv/XiangShan/src/main/scala/xiangshan/backend/fu/NewCSR/HypervisorLevel.scala
[02:48:26] [spechunter] [text] Now let me check additional areas - the sip write path, hvip write path, and timer helper details.  
[02:48:26] [spechunter] [Grep] pattern='rmw_sip|write_sip|rmw_vsip|write_vsip|rmw_hvip|write_hvip'
[02:48:26] [spechunter] [Read] /home/yzs/riscv/qemu/target/riscv/time_helper.c
[02:48:27] [spechunter] [Read] /home/yzs/riscv/linux/arch/riscv/kvm/vcpu.c
[02:48:27] [spechunter] [Read] /home/yzs/riscv/linux/arch/riscv/kvm/vcpu.c
[02:48:33] [spechunter] [Read] /home/yzs/riscv/opensbi/lib/sbi/sbi_init.c
[02:48:33] [spechunter] [Grep] pattern='sbi_hart_reinit'
[02:48:33] [spechunter] [text] Let me verify the remaining locations.  
[02:48:33] [spechunter] [Read] /home/yzs/riscv/XiangShan/src/main/scala/xiangshan/backend/fu/NewCSR/InterruptBundle.scala
[02:48:33] [spechunter] [Read] /home/yzs/riscv/XiangShan/src/main/scala/xiangshan/backend/fu/NewCSR/VirtualSupervisorLevel.scala
[02:48:33] [spechunter] [Read] /home/yzs/riscv/XiangShan/src/main/scala/xiangshan/backend/fu/NewCSR/SupervisorLevel.scala
[02:48:46] [spechunter] [Read] /home/yzs/riscv/qemu/target/riscv/csr.c
[02:48:46] [spechunter] [Read] /home/yzs/riscv/qemu/target/riscv/csr.c
[02:48:46] [spechunter] [Read] /home/yzs/riscv/qemu/target/riscv/csr.c
[02:48:57] [spechunter] [text] Now let me check the spec reference documents to verify the normative requirements
[02:48:57] [spechunter] [Bash] List spec reference directories
[02:48:57] [spechunter] [Read] /home/yzs/riscv/qemu/target/riscv/csr.c
[02:49:04] [spechunter] [text] Now let me trace how the guest write to SIP (which maps to VSTIP in hvip for VS-mode) is handled, and how the timer CSR ...
[02:49:04] [spechunter] [Read] /home/yzs/riscv/linux/arch/riscv/kvm/vcpu_onereg.c
[02:49:04] [spechunter] [Grep] pattern='kvm_riscv_vcpu_timer_next_event|timer_next_event'
[02:49:07] [spechunter] [Glob] **/*.adoc
[02:49:10] [spechunter] [Grep] pattern='STIP.*read|STIP.*STCE|mip.*STIP'
[02:49:15] [spechunter] [Read] /home/yzs/riscv/rv-isa-sec/spec_ref/riscv-isa-manual/src/priv/sstc.adoc
[02:49:19] [spechunter] [Grep] pattern='STIP|stip|mip.*writable|writable.*mip|timecmp|stimecmp'
[02:49:37] [spechunter] [Read] /home/yzs/riscv/rv-isa-sec/spec_ref/riscv-isa-manual/src/priv/sstc.adoc
[02:49:37] [spechunter] [Grep] pattern='STIP|stimecmp|Sstc|mip.*write|write.*STIP'
[02:49:45] [spechunter] [Grep] pattern='STIP|mip.*writable|stimecmp'
[02:49:58] [spechunter] [text] Now I have all the information needed. Let me also verify the `sbi_timer_exit` call site to see when it's invoked, and r...
[02:49:58] [spechunter] [Grep] pattern='sbi_timer_exit'
[02:50:10] [spechunter] [Read] /home/yzs/riscv/opensbi/lib/sbi/sbi_init.c
[02:50:57] [spechunter] [text] Now I have all the information needed to produce the final cross-validated location set. Here's my analysis:  - **Slow-p...
[02:50:57] [spechunter] [Write] 
[02:51:00] [spechunter] [Read] /home/yzs/riscv/linux/arch/riscv/kvm/vcpu_sbi_v01.c
[02:51:00] [spechunter] [Read] /home/yzs/riscv/linux/arch/riscv/kvm/vcpu_sbi_replace.c
[02:51:00] [spechunter] [Read] /home/yzs/riscv/linux/arch/riscv/kvm/vcpu.c
[02:51:06] [spechunter] [text] Now I have all the evidence needed. Let me produce the comprehensive analysis.  
[02:51:06] [spechunter] [Grep] pattern='mstatus_init'
[02:51:15] [spechunter] [Grep] pattern='CSR_MIP.*=|CSR_MIP\\].*pred'
[02:51:15] [spechunter] [Grep] pattern='rmw_mip\\b'
[02:51:15] [spechunter] [Read] /home/yzs/riscv/qemu/target/riscv/cpu_helper.c
[02:51:21] [spechunter] [text] Now let me look at how guest CSR SIP writes are intercepted and how VSTIP clearing interacts with hardware vstimecmp.  
[02:51:21] [spechunter] [Grep] pattern='CSR_SIP|sip.*trap|write.*sip|csr_write.*SIP'
[02:51:21] [spechunter] [Grep] pattern='vstimecmp|VSTIMECMP|SSTC'
[02:51:53] [spechunter] [text] Let me verify a critical detail about mip access from HS-mode
[02:51:53] [spechunter] [Grep] pattern='static RISCVException any\\b'
[02:51:53] [spechunter] [Grep] pattern='delegable_ints\\s*='
[02:51:59] [spechunter] [text] Now I have all the code and spec evidence. Let me compile the analysis.  ```json {   "findings": [     {       "file_pat...
[02:52:03] [spechunter] [text] Here is the cross-validated, deduplicated final location set:  ```json {   "locations": [     {       "file": "src/main/...
[02:52:12] [spechunter] [Grep] pattern='sip|SIP|VSIP|vsip'
[02:52:12] [spechunter] [Glob] arch/riscv/kvm/vcpu_insn.c
[02:52:21] [spechunter] [Agent] description, prompt
[02:52:21] [spechunter] [Bash] List spec reference directories
[02:52:30] [spechunter] [Grep] pattern='sip|CSR_SIP|csr_write.*sip'
[02:52:39] [spechunter] [Grep] pattern='(?i)stimecmp'
[02:52:39] [spechunter] [Grep] pattern='(?i)Sstc'
[02:52:39] [spechunter] [Grep] pattern='STCE'
[02:52:39] [spechunter] [Grep] pattern='0x14D|0x24D'
[02:52:39] [spechunter] [Grep] pattern='menvcfg.*(?:timer|STCE|stimecmp)|STCE.*menvcfg'
[02:53:17] [spechunter] [text] Now let me check the `sstc()` CSR access guard function in detail, and verify the hypervisor STIP path.  
[02:53:17] [spechunter] [Read] /home/yzs/riscv/qemu/target/riscv/csr.c
[02:53:17] [spechunter] [Read] /home/yzs/riscv/qemu/target/riscv/csr.c
[02:53:23] [spechunter] [Read] /home/yzs/riscv/XiangShan/src/main/scala/xiangshan/backend/fu/NewCSR/SstcInterruptGen.scala
[02:53:23] [spechunter] [Read] /home/yzs/riscv/XiangShan/src/main/scala/xiangshan/backend/fu/NewCSR/CSRBundles.scala
[02:53:23] [spechunter] [Read] /home/yzs/riscv/XiangShan/src/main/scala/xiangshan/backend/fu/NewCSR/SupervisorLevel.scala
[02:53:23] [spechunter] [Read] /home/yzs/riscv/XiangShan/src/main/scala/xiangshan/backend/fu/NewCSR/VirtualSupervisorLevel.scala
[02:53:23] [spechunter] [Read] /home/yzs/riscv/XiangShan/src/main/scala/xiangshan/backend/fu/NewCSR/MachineLevel.scala
[02:53:23] [spechunter] [Read] /home/yzs/riscv/XiangShan/src/main/scala/xiangshan/backend/fu/NewCSR/CSRPermitModule.scala
[02:53:36] [spechunter] [Read] /home/yzs/riscv/XiangShan/src/main/scala/xiangshan/backend/fu/NewCSR/HypervisorLevel.scala
[02:53:36] [spechunter] [Read] /home/yzs/riscv/XiangShan/src/main/scala/xiangshan/backend/fu/NewCSR/HypervisorLevel.scala
[02:53:36] [spechunter] [Read] /home/yzs/riscv/XiangShan/src/main/scala/xiangshan/backend/fu/NewCSR/MachineLevel.scala
[02:53:36] [spechunter] [Read] /home/yzs/riscv/XiangShan/src/main/scala/xiangshan/backend/fu/NewCSR/CSRPermitModule.scala
[02:53:36] [spechunter] [Read] /home/yzs/riscv/XiangShan/src/main/scala/xiangshan/backend/fu/NewCSR/CSRPermitModule.scala
[02:53:36] [spechunter] [Read] /home/yzs/riscv/XiangShan/src/main/scala/xiangshan/backend/fu/NewCSR/NewCSR.scala
[02:53:46] [spechunter] [Read] /home/yzs/riscv/XiangShan/src/main/scala/xiangshan/backend/fu/NewCSR/NewCSR.scala
[02:53:46] [spechunter] [Read] /home/yzs/riscv/XiangShan/src/main/scala/xiangshan/backend/fu/NewCSR/NewCSR.scala
[02:53:46] [spechunter] [Read] /home/yzs/riscv/XiangShan/src/main/scala/xiangshan/backend/fu/NewCSR/NewCSR.scala
[02:53:46] [spechunter] [Read] /home/yzs/riscv/XiangShan/src/main/scala/xiangshan/backend/decode/isa/CSRs.scala
[02:53:46] [spechunter] [Read] /home/yzs/riscv/XiangShan/rocket-chip/src/main/scala/rocket/Instructions.scala
[02:53:46] [spechunter] [Grep] pattern='vstime|htimedelta|clintTime|time\\.updated|time\\.stime'
[02:54:09] [spechunter] [Read] /home/yzs/riscv/XiangShan/src/main/scala/xiangshan/backend/fu/NewCSR/Unprivileged.scala
[02:54:09] [spechunter] [Read] /home/yzs/riscv/XiangShan/src/main/scala/xiangshan/backend/fu/NewCSR/HypervisorLevel.scala
[02:54:09] [spechunter] [Read] /home/yzs/riscv/XiangShan/src/main/scala/xiangshan/backend/fu/NewCSR/NewCSR.scala
[02:54:09] [spechunter] [Read] /home/yzs/riscv/XiangShan/src/main/scala/xiangshan/backend/fu/NewCSR/CSRBundles.scala
[02:54:09] [spechunter] [Grep] pattern='class HipBundle|VSTIP|VSEIP|SGEIP'
[02:54:09] [spechunter] [Grep] pattern='class HvipBundle|VSTIP|VSEIP'
[02:54:29] [spechunter] [Read] /home/yzs/riscv/XiangShan/src/main/scala/xiangshan/backend/fu/NewCSR/HypervisorLevel.scala
[02:54:29] [spechunter] [Read] /home/yzs/riscv/XiangShan/src/main/scala/xiangshan/backend/fu/NewCSR/NewCSR.scala
[02:54:29] [spechunter] [Grep] pattern='class PlatformIRP|STIP|VSTIP'
[02:54:29] [spechunter] [Grep] pattern='platformIRP.*STIP|STIP.*platformIRP'
[02:54:37] [spechunter] [Grep] pattern='class PlatformIRP'
[02:54:37] [spechunter] [Read] /home/yzs/riscv/XiangShan/src/main/scala/xiangshan/backend/fu/NewCSR/MachineLevel.scala
[02:54:37] [spechunter] [Read] /home/yzs/riscv/XiangShan/src/main/scala/xiangshan/backend/fu/NewCSR/SstcInterruptGen.scala
[02:54:42] [spechunter] [text] Now let me look at the vcpu_enter_guest path and how the timer interacts with VM entry/exit, plus check the spec documen...
[02:54:42] [spechunter] [Read] /home/yzs/riscv/linux/arch/riscv/kvm/vcpu.c
[02:54:42] [spechunter] [Bash] Find spec files mentioning Sstc/VSTIP/vstimecmp
[02:54:47] [spechunter] [Read] /home/yzs/riscv/rv-isa-sec/spec_ref/riscv-isa-manual/src/priv/sstc.adoc
[02:54:47] [spechunter] [Grep] pattern='vstimecmp|VSTIP|stimecmp'
[02:54:56] [spechunter] [text] Now let me check the sip/vsip read path for STIP reflection when Sstc is active, and the `write_menvcfg` flow for STCE s...
[02:54:56] [spechunter] [Grep] pattern='PlatformIRP|class.*IRP'
[02:54:56] [spechunter] [Read] /home/yzs/riscv/qemu/target/riscv/csr.c
[02:54:56] [spechunter] [Grep] pattern='class.*Platform|object.*IRP|val STIP|val VSTIP'
[02:54:56] [spechunter] [Read] /home/yzs/riscv/qemu/target/riscv/csr.c
[02:55:06] [spechunter] [Grep] pattern='STIP|VSTIP|class InterruptPending'
[02:56:34] [spechunter] [text] Now let me also check the `write_menvcfg` flow more carefully for the full STCE transition path, and verify one more cri...
[02:56:34] [spechunter] [Read] /home/yzs/riscv/qemu/target/riscv/cpu_helper.c
[02:56:34] [spechunter] [Read] /home/yzs/riscv/qemu/target/riscv/csr.c
[02:57:19] [spechunter] [text] Good, I have a comprehensive map of the Sstc code. Let me now read the actual implementation files in detail and the RIS...
[02:57:19] [spechunter] [Read] /home/yzs/riscv/XiangShan/src/main/scala/xiangshan/backend/fu/NewCSR/SstcInterruptGen.scala
[02:57:19] [spechunter] [Read] /home/yzs/riscv/XiangShan/src/main/scala/xiangshan/backend/fu/NewCSR/MachineLevel.scala
[02:57:19] [spechunter] [Read] /home/yzs/riscv/XiangShan/src/main/scala/xiangshan/backend/fu/NewCSR/MachineLevel.scala
[02:57:19] [spechunter] [Read] /home/yzs/riscv/XiangShan/src/main/scala/xiangshan/backend/fu/NewCSR/HypervisorLevel.scala
[02:57:19] [spechunter] [Grep] pattern='Sstc|stimecmp|STCE|STIP'
[02:57:35] [spechunter] [Read] /home/yzs/riscv/rv-isa-sec/spec_ref/riscv-isa-manual/src/priv/sstc.adoc
[02:57:35] [spechunter] [Read] /home/yzs/riscv/rv-isa-sec/spec_ref/riscv-isa-manual/normative_rule_defs/sstc.yaml
[02:57:35] [spechunter] [Grep] pattern='STCE|stimecmp'
[02:57:35] [spechunter] [Grep] pattern='STCE|stimecmp'
[02:57:35] [spechunter] [Grep] pattern='STCE|stimecmp'
[02:58:14] [spechunter] [text] Let me check the sip/hvip disconnect in the CSR handling path and look at the spec for the normative requirements.  
[02:58:14] [spechunter] [Read] /home/yzs/riscv/rv-isa-sec/spec_ref/riscv-isa-manual/src/priv/hypervisor.adoc
[02:58:14] [spechunter] [Read] /home/yzs/riscv/rv-isa-sec/spec_ref/riscv-isa-manual/src/priv/hypervisor.adoc
[02:58:14] [spechunter] [Read] /home/yzs/riscv/rv-isa-sec/spec_ref/riscv-isa-manual/src/priv/hypervisor.adoc
[02:58:14] [spechunter] [Read] /home/yzs/riscv/rv-isa-sec/spec_ref/riscv-isa-manual/src/priv/hypervisor.adoc
[02:58:24] [spechunter] [text] Now let me check one more area - the hvip write path for VSTIP when Sstc is active, which is a potential gap.  
[02:58:24] [spechunter] [Grep] pattern='wr_mask_hvip.*hvip_writable_mask'
[02:58:24] [spechunter] [Grep] pattern='irqf.*hvien.*hvip'
[02:58:45] [spechunter] [text] Now let me dig deeper into specific areas of concern.  
[02:58:45] [spechunter] [Grep] pattern='HasHypervisorEnvBundle'
[02:58:45] [spechunter] [Read] /home/yzs/riscv/rv-isa-sec/spec_ref/riscv-isa-manual/src/priv/machine.adoc
[02:58:45] [spechunter] [Read] /home/yzs/riscv/XiangShan/src/main/scala/xiangshan/backend/fu/NewCSR/MachineLevel.scala
[02:58:54] [spechunter] [Read] /home/yzs/riscv/XiangShan/src/main/scala/xiangshan/backend/fu/NewCSR/MachineLevel.scala
[02:58:54] [spechunter] [Read] /home/yzs/riscv/XiangShan/src/main/scala/xiangshan/backend/fu/NewCSR/HypervisorLevel.scala
[02:58:54] [spechunter] [Grep] pattern='HasHypervisorEnvBundle'
[02:59:36] [spechunter] [Read] /home/yzs/riscv/XiangShan/src/main/scala/xiangshan/backend/fu/NewCSR/CSRPermitModule.scala
[02:59:36] [spechunter] [Read] /home/yzs/riscv/XiangShan/src/main/scala/xiangshan/backend/fu/NewCSR/CSRPermitModule.scala
[02:59:36] [spechunter] [Read] /home/yzs/riscv/XiangShan/src/main/scala/xiangshan/backend/fu/NewCSR/CSRPermitModule.scala
[03:02:33] [spechunter] [text] Now let me check one final critical detail - the iselect/ireg indirect CSR access path for mip
[03:02:33] [spechunter] [Grep] pattern='CSR_MIP.*xireg|xireg.*CSR_MIP|mip.*sireg|sireg.*mip'
[03:02:33] [spechunter] [Grep] pattern='#define S_MODE_INTERRUPTS|#define MIP_STIP'
[03:02:43] [spechunter] [Read] /home/yzs/riscv/XiangShan/src/main/scala/xiangshan/backend/fu/NewCSR/NewCSR.scala
[03:02:43] [spechunter] [Read] /home/yzs/riscv/XiangShan/src/main/scala/xiangshan/backend/fu/NewCSR/NewCSR.scala
[03:02:43] [spechunter] [Read] /home/yzs/riscv/XiangShan/src/main/scala/xiangshan/backend/fu/NewCSR/Unprivileged.scala
[03:04:10] [spechunter] [text] Now I have enough information to produce the analysis. Let me read the full rmw_mvip64 function to confirm one potential...
[03:04:10] [spechunter] [Read] /home/yzs/riscv/qemu/target/riscv/csr.c
[03:04:56] [spechunter] [text] Now let me also check the `sMapVS` mechanism for stimecmp-to-vstimecmp mapping and the CSR write path for henvcfg when S...
[03:04:56] [spechunter] [Read] /home/yzs/riscv/XiangShan/src/main/scala/xiangshan/backend/fu/NewCSR/VirtualSupervisorLevel.scala
[03:04:56] [spechunter] [Read] /home/yzs/riscv/XiangShan/src/main/scala/xiangshan/backend/fu/NewCSR/VirtualSupervisorLevel.scala
[03:04:56] [spechunter] [Read] /home/yzs/riscv/XiangShan/src/main/scala/xiangshan/backend/fu/NewCSR/SupervisorLevel.scala
[03:05:50] [spechunter] [text] Now I have a thorough understanding of the code. Let me produce the analysis.  
[03:05:50] [spechunter] [Grep] pattern='HS_MODE_INTERRUPTS|#define MIP_VSTIP|#define MIP_STIP|#define IRQ_S_TIMER|#define IRQ_VS_TIMER'
[03:06:36] [spechunter] [text] Let me dig deeper into the CSR emulation path and the SIP/hvip disconnect
[03:06:36] [spechunter] [Read] /home/yzs/riscv/linux/arch/riscv/kvm/vcpu_insn.c
[03:06:36] [spechunter] [Grep] pattern='stimecmp|SIP|CSR_SIP|0x144'
[03:07:38] [spechunter] [Read] /home/yzs/riscv/linux/arch/riscv/kvm/vcpu.c
[03:07:38] [spechunter] [Grep] pattern='hideleg|STCE|henvcfg.*stce|STCE_BIT|HIDELEG_VSTIP'
[03:07:55] [spechunter] [Grep] pattern='CSR_SIP|0x144|sip.*emul|sip.*func|csr_num.*144'
[03:07:55] [spechunter] [Grep] pattern='CSR_SIP|SIP_REG|sip'
[03:08:05] [spechunter] [Grep] pattern='kvm_riscv_vcpu_virtual_insn|virtual_insn|CSR_SIP'
[03:08:08] [spechunter] [text] Now let me read the migration state to check for `vstime_irq` migration
[03:08:08] [spechunter] [Read] /home/yzs/riscv/qemu/target/riscv/machine.c
[03:08:08] [spechunter] [Read] /home/yzs/riscv/qemu/target/riscv/csr.c
[03:08:11] [spechunter] [Read] /home/yzs/riscv/linux/arch/riscv/kvm/vcpu_insn.c
[03:08:30] [spechunter] [text] Now let me read a few more files to verify specific concerns.  
[03:08:30] [spechunter] [Read] /home/yzs/riscv/XiangShan/src/main/scala/xiangshan/backend/fu/NewCSR/CSRPermitModule.scala
[03:08:30] [spechunter] [Read] /home/yzs/riscv/XiangShan/src/main/scala/xiangshan/backend/fu/NewCSR/CSRPermitModule.scala
[03:08:30] [spechunter] [Read] /home/yzs/riscv/XiangShan/src/main/scala/xiangshan/backend/fu/NewCSR/InterruptBundle.scala
[03:08:30] [spechunter] [Read] /home/yzs/riscv/XiangShan/src/main/scala/xiangshan/backend/fu/NewCSR/SupervisorLevel.scala
[03:09:20] [spechunter] [Grep] pattern='xenvcfg'
[03:09:20] [spechunter] [Grep] pattern='xenvcfg'
[03:09:25] [spechunter] [Grep] pattern='sip|CSR_SIP|csr_num.*144|0x144'
[03:09:25] [spechunter] [Grep] pattern='sip|stimecmp|vstimecmp'
[03:10:31] [spechunter] [text] Let me check how `rdata` is defined in the CSR module system to verify whether the gating works correctly.  
[03:10:31] [spechunter] [Grep] pattern='val rdata'
[03:10:31] [spechunter] [Grep] pattern='class CSRModule'
[03:12:13] [spechunter] [Grep] pattern='kvm_riscv_vcpu_timer_save|kvm_riscv_vcpu_timer_restore'
[03:12:13] [spechunter] [Read] /home/yzs/riscv/linux/arch/riscv/kvm/vcpu.c
[03:12:43] [spechunter] [text] Now let me verify the sip delegation logic and check how the `mip` reference in Hip works
[03:12:43] [spechunter] [Read] /home/yzs/riscv/XiangShan/src/main/scala/xiangshan/backend/fu/NewCSR/SupervisorLevel.scala
[03:12:43] [spechunter] [Grep] pattern='HasIpIeBundle'
[03:14:42] [spechunter] [text] Now let me check the spec reference for the Sstc/hypervisor interaction in detail.  
[03:14:42] [spechunter] [Read] /home/yzs/riscv/rv-isa-sec/spec_ref/riscv-isa-manual/src/priv/sstc.adoc
[03:15:13] [spechunter] [text] Now let me verify the comparison semantics and check the permit module logic once more for edge cases.  
[03:15:13] [spechunter] [Read] /home/yzs/riscv/XiangShan/src/main/scala/xiangshan/backend/fu/NewCSR/CSRPermitModule.scala
[03:15:13] [spechunter] [Read] /home/yzs/riscv/XiangShan/src/main/scala/xiangshan/backend/fu/NewCSR/CSRPermitModule.scala
[03:15:13] [spechunter] [Read] /home/yzs/riscv/XiangShan/src/main/scala/xiangshan/backend/fu/NewCSR/CSRModule.scala
[03:18:23] [spechunter] [text] Now I have thorough knowledge of the implementation. Let me verify a few more details about the comparator update timing...
[03:18:23] [spechunter] [Read] /home/yzs/riscv/XiangShan/src/main/scala/xiangshan/backend/fu/NewCSR/SupervisorLevel.scala
[03:18:23] [spechunter] [Grep] pattern='class MipBundle'
[03:18:23] [spechunter] [Grep] pattern='class MvipBundle'
[03:21:45] [spechunter] [text] Now I have a thorough understanding of the entire Sstc implementation. Let me verify one more detail about the WARL beha...
[03:21:45] [spechunter] [Read] /home/yzs/riscv/rv-isa-sec/spec_ref/riscv-isa-manual/src/priv/machine.adoc
[03:21:45] [spechunter] [Read] /home/yzs/riscv/rv-isa-sec/spec_ref/riscv-isa-manual/src/priv/hypervisor.adoc
[03:22:48] [spechunter] [text] Now I have a thorough understanding of the entire Sstc implementation. Let me compile my analysis.  
[03:22:48] [spechunter] [Bash] Count lines in key files
[03:25:22] [spechunter] [text] Now I have all the information needed for a thorough audit. Let me compile the findings.  ```json {   "findings": [     ...
