[14:19:21] [spechunter] PR loaded: #223 riscv-non-isa/riscv-sbi-doc — "ext-sse: add local unknown nmi event id"
[14:19:21] [spechunter]   diff: 697 chars  body: 130 chars  reviews: 1
[14:19:21] [spechunter] Global pre-filter running...
[14:19:31] [spechunter] [text] {"should_skip": false}
[14:19:32] [spechunter] pre-filter: should_skip=False reason=""
[14:19:46] [spechunter] [text] {"should_skip": false}
[14:19:50] [spechunter] [text] {"should_skip": false}
[14:19:55] [spechunter] [text] {"should_skip": false, "skip_reason": "SBI SSE extension change adding local unknown NMI event ID; OpenSBI implements SB...
[14:20:08] [spechunter] [text] {"should_skip": true, "skip_reason": "SBI SSE extension event IDs are firmware-level concepts implemented by OpenSBI, no...
[14:20:13] [spechunter] [text] {"should_skip": true, "skip_reason": "SBI SSE event ID addition in riscv-non-isa repo is a firmware-to-OS software notif...
[14:20:34] [spechunter] [text] ```json {   "violation_condition": "Kernel enables SBI SSE but does not register a handler for SBI_SSE_EVENT_LOCAL_UNKNO...
[14:20:52] [spechunter] [Grep] pattern='sse|SSE|supervisor.*event'
[14:20:52] [spechunter] [Grep] pattern='nmi|NMI|mncause|mintstatus'
[14:20:53] [spechunter] [TodoWrite] 5 items
[14:20:57] [spechunter] [Grep] pattern='SBI_SSE_EVENT_LOCAL_UNKNOWN_NMI'
[14:20:57] [spechunter] [Grep] pattern='sbi_sse_register'
[14:20:57] [spechunter] [Grep] pattern='sbi_sse_enable'
[14:20:57] [spechunter] [Grep] pattern='unknown.nmi|UNKNOWN_NMI'
[14:20:57] [spechunter] [Grep] pattern='SBI_EXT_SSE'
[14:20:57] [spechunter] [Grep] pattern='sse_event.*handler'
[14:21:06] [spechunter] [text] Let me examine the relevant SSE and NMI-related files in OpenSBI.  
[14:21:06] [spechunter] [Read] /home/yzs/riscv/opensbi/lib/sbi/sbi_sse.c
[14:21:06] [spechunter] [Read] /home/yzs/riscv/opensbi/include/sbi/sbi_ecall_interface.h
[14:21:06] [spechunter] [Grep] pattern='SSE_EVENT|SBI_SSE'
[14:21:08] [spechunter] [Grep] pattern='SBI_EXT_SSE'
[14:21:08] [spechunter] [Grep] pattern='sbi_sse_register'
[14:21:08] [spechunter] [Grep] pattern='sse_event'
[14:21:08] [spechunter] [Grep] pattern='UNKNOWN_NMI'
[14:21:08] [spechunter] [Grep] pattern='SBI_SSE'
[14:21:13] [spechunter] [Grep] pattern='SBI_SSE|SSE_EVENT'
[14:21:13] [spechunter] [Grep] pattern='sbi_sse|sbi_ext_sse|ext.sse'
[14:21:13] [spechunter] [Grep] pattern='0xffff8001'
[14:21:26] [spechunter] [text] Let me dig deeper into the SSE-related code and SBI extension infrastructure.  
[14:21:26] [spechunter] [Grep] pattern='sse_event'
[14:21:26] [spechunter] [Grep] pattern='SBI_EXT'
[14:21:26] [spechunter] [Grep] pattern='sbi_ext.*sse|SSE|sse_'
[14:21:26] [spechunter] [Glob] **/sbi*
[14:21:27] [spechunter] [Read] /home/yzs/riscv/linux/arch/riscv/include/asm/sbi.h
[14:21:27] [spechunter] [Grep] pattern='sse|SSE'
[14:21:37] [spechunter] [Read] /home/yzs/riscv/linux/arch/riscv/include/asm/sbi.h
[14:21:37] [spechunter] [Read] /home/yzs/riscv/linux/arch/riscv/kernel/sbi.c
[14:21:37] [spechunter] [Read] /home/yzs/riscv/linux/arch/riscv/kernel/sbi_ecall.c
[14:21:46] [spechunter] [Bash] Output structured security audit JSON for PR #223
[14:21:58] [spechunter] [text] {   "violation_condition": "FreeBSD RISC-V kernel does not register a handler for SBI SSE event 0xffff0001 (local unknow...
[14:22:05] [spechunter] [TodoWrite] 5 items
[14:22:08] [spechunter] [Grep] pattern='SBI_EXT_SSE'
[14:22:08] [spechunter] [Grep] pattern='sse_event|SSE_EVENT'
[14:22:08] [spechunter] [Grep] pattern='sse_event|SSE_EVENT'
[14:22:08] [spechunter] [Grep] pattern='sse_event|SSE_EVENT'
[14:22:08] [spechunter] [Grep] pattern='sse_event|SSE_EVENT'
[14:22:08] [spechunter] [Grep] pattern='sse_event|SSE_EVENT'
[14:22:21] [spechunter] [Grep] pattern='SBI_SSE_EVENT_(LOCAL|GLOBAL)_UNKNOWN_NMI'
[14:22:21] [spechunter] [Grep] pattern='0xffff0001|0xffff8001'
[14:22:21] [spechunter] [Grep] pattern='unknown.?nmi|UNKNOWN.?NMI'
[14:22:21] [spechunter] [Grep] pattern='sbi_sse_register|SSE_EVENT'
[14:22:27] [spechunter] [text] Interesting - `SBI_EXT_SSE` doesn't exist in this kernel yet. Let me dig into the existing SSE-adjacent code and NMI pat...
[14:22:27] [spechunter] [Read] /home/yzs/riscv/linux/drivers/mailbox/riscv-sbi-mpxy-mbox.c
[14:22:27] [spechunter] [Grep] pattern='unknown.nmi|unknown_nmi|UNKNOWN_NMI'
[14:22:27] [spechunter] [Grep] pattern='nmi.*handler|handle_nmi|do_nmi|nmi_handler|NMI'
[14:22:28] [spechunter] [Grep] pattern='sbi_sse|SSE_EVENT|sbi.*sse'
[14:22:28] [spechunter] [Grep] pattern='unknown.nmi|UNKNOWN_NMI|unknown_nmi'
[14:22:28] [spechunter] [Grep] pattern='0xffff0001|0xffff8001'
[14:22:29] [spechunter] [text] Now let me check the current OpenSBI SSE event definitions and the `standard_events` array more closely, especially the ...
[14:22:29] [spechunter] [Grep] pattern='SBI_SSE_EVENT_LOCAL_RESERVED_3|SBI_SSE_EVENT_LOCAL_SOFTWARE|0xffff0000|0xffff0001'
[14:22:29] [spechunter] [Grep] pattern='standard_events'
[14:22:33] [spechunter] [text] Let me also search for the broader SBI SSE extension support to confirm.  
[14:22:33] [spechunter] [Grep] pattern='SBI_SSE|sbi_sse|sbi_ext_sse'
[14:22:33] [spechunter] [Grep] pattern='SBI_EXT_SSE|0x535345'
[14:22:35] [spechunter] [Read] /home/yzs/riscv/linux/drivers/mailbox/riscv-sbi-mpxy-mbox.c
[14:22:35] [spechunter] [Grep] pattern='sse|SSE'
[14:22:35] [spechunter] [Grep] pattern='SBI_EXT_SSE|SBI_SSE'
[14:22:41] [spechunter] [text] The broad grep didn't find any direct SBI SSE references. Let me now look at the RISC-V SBI layer specifically, since th...
[14:22:41] [spechunter] [Grep] pattern='sbi_register|sbi_.*event|sbi_.*handler'
[14:22:41] [spechunter] [Glob] sys/riscv/**/sbi*
[14:22:41] [spechunter] [Glob] sys/contrib/opensbi/**/*.h
[14:22:42] [spechunter] [Grep] pattern='NMI|nmi'
[14:22:42] [spechunter] [Grep] pattern='MSIE|SSIE|mstatus.*IE|csr_write.*mie|csr_set.*mie|csr_clear.*mie'
[14:22:42] [spechunter] [Grep] pattern='sse|SSE'
[14:22:47] [spechunter] [Read] /home/yzs/riscv/freebsd-src/sys/riscv/include/sbi.h
[14:22:47] [spechunter] [Read] /home/yzs/riscv/freebsd-src/sys/riscv/riscv/sbi.c
[14:22:53] [spechunter] [text] ```json {   "locations": [] } ```  **Summary:** Zero references found. Neither `SBI_SSE_EVENT_LOCAL_UNKNOWN_NMI`, `SBI_S...
[14:22:57] [spechunter] [text] Let me look at the KVM SBI extension handling and the MPXY SSE capability.  
[14:22:57] [spechunter] [Read] /home/yzs/riscv/linux/arch/riscv/kvm/vcpu_sbi.c
[14:22:57] [spechunter] [Grep] pattern='SBI_MPXY_CHAN_CAP_SSE|sse_event_id|SSE_EVENT'
[14:22:57] [spechunter] [Grep] pattern='imsic.*nmi|nmi.*imsic|IRQF_NO_THREAD|irq_enter|in_nmi|in_irq'
[14:23:16] [spechunter] [Grep] pattern='unknown_nmi_panic|KERN_UNKNOWN_NMI'
[14:23:16] [spechunter] [Grep] pattern='default_disabled|extid_start|extid_end|KVM_RISCV_SBI_EXT'
[14:23:16] [spechunter] [Grep] pattern='imsic.*irq|riscv_imsic'
[14:23:16] [spechunter] [Grep] pattern='SSIE|SIE|csr_set.*status|csr_clear.*status'
[14:23:21] [spechunter] [Grep] pattern='SBI_EXT.*0x[0-9a-fA-F]+'
[14:23:21] [spechunter] [Read] /home/yzs/riscv/linux/drivers/mailbox/riscv-sbi-mpxy-mbox.c
[14:23:21] [spechunter] [Grep] pattern='sse_event_id|SSE_EVENT|chan_cap_sse|CHAN_CAP_SSE'
[14:23:21] [spechunter] [Read] /home/yzs/riscv/linux/arch/riscv/kernel/entry.S
[14:23:21] [spechunter] [Read] /home/yzs/riscv/linux/arch/riscv/kvm/vcpu_sbi_base.c
[14:23:21] [spechunter] [Read] /home/yzs/riscv/linux/arch/riscv/kvm/vcpu_sbi_replace.c
[14:23:22] [spechunter] [text] Now let me check the sbi_ecall_sse.c to see how SSE events are dispatched in the ecall handler.  
[14:23:22] [spechunter] [Read] /home/yzs/riscv/opensbi/lib/sbi/sbi_ecall_sse.c
[14:23:26] [spechunter] [text] Now let me search for any SSE-related definitions or event handling paths in the broader codebase.  
[14:23:26] [spechunter] [Grep] pattern='SBI_EXT_ID|sbi_ext_id'
[14:23:26] [spechunter] [Grep] pattern='SSE|supervisor.software.event|sse_event'
[14:23:26] [spechunter] [Grep] pattern='nmi|NMI'
[14:23:28] [spechunter] [text] Now let me look at the IMSIC interrupt controller, trap handling for non-maskable interrupts, and the KVM SBI header to ...
[14:23:28] [spechunter] [Read] /home/yzs/riscv/linux/arch/riscv/kernel/traps.c
[14:23:28] [spechunter] [Grep] pattern='kvm_vcpu_sbi_extension|KVM_RISCV_SBI_EXT'
[14:23:40] [spechunter] [Read] /home/yzs/riscv/linux/arch/riscv/include/asm/kvm_vcpu_sbi.h
[14:23:40] [spechunter] [Read] /home/yzs/riscv/linux/arch/riscv/kvm/aia_imsic.c
[14:23:40] [spechunter] [Grep] pattern='sbi_probe_extension|probe_extension'
[14:23:45] [spechunter] [text] Now let me look at the trap handling and vmm SBI code to understand where SSE/NMI events would be handled.  
[14:23:45] [spechunter] [Read] /home/yzs/riscv/freebsd-src/sys/riscv/riscv/trap.c
[14:23:45] [spechunter] [Read] /home/yzs/riscv/freebsd-src/sys/riscv/vmm/vmm_sbi.c
[14:23:56] [spechunter] [text] Let me also check the vmm layer for NMI handling and look for any SBI extension probe/callback infrastructure.  
[14:23:56] [spechunter] [Read] /home/yzs/riscv/freebsd-src/sys/riscv/include/vmm.h
[14:23:56] [spechunter] [Grep] pattern='sbi_probe_extension|has_.*extension'
[14:23:56] [spechunter] [Grep] pattern='SBI_EXT_ID_|0x535345|ext.*sse|sse.*ext'
[14:23:57] [spechunter] [Grep] pattern='SBI_EXT_SSE|EXT_SSE'
[14:23:57] [spechunter] [Read] /home/yzs/riscv/linux/arch/riscv/include/asm/sbi.h
[14:23:57] [spechunter] [Glob] **/sse*
[14:24:04] [spechunter] [text] Now let me check the trap handling for NMI-related paths to see if there's interaction with SSE event dispatch.  
[14:24:04] [spechunter] [Grep] pattern='mncause|unknown.*nmi|UNKNOWN.*NMI|trap.*nmi|nmi.*trap'
[14:24:04] [spechunter] [Grep] pattern='CSR_MNCAUSE|MIP_MEIP|cause.*irq|EXC_'
[14:24:10] [spechunter] [Read] /home/yzs/riscv/opensbi/lib/sbi/sbi_trap.c
[14:24:11] [spechunter] [text] Let me search more specifically for the SBI SSE extension ID and look at the full vmm directory structure.  
[14:24:11] [spechunter] [Grep] pattern='0x535345|SBI_EXT.*SSE|sse.*sbi|SBI.*SSE'
[14:24:11] [spechunter] [Glob] sys/riscv/vmm/*
[14:24:11] [spechunter] [Grep] pattern='sbi_register|sbi_unregister|sbi.*event|event.*register'
[14:24:22] [spechunter] [text] Now let me look at the interrupt controller and how the kernel handles interrupts, particularly checking for any NMI or ...
[14:24:22] [spechunter] [Read] /home/yzs/riscv/freebsd-src/sys/riscv/riscv/intc.c
[14:24:22] [spechunter] [Grep] pattern='SBI_EXT|sbi_ext|ext_id'
[14:24:31] [spechunter] [text] Let me also check the VMM trap handler and the full vmm_riscv.c for any event/injection paths, and look for any NMI infr...
[14:24:31] [spechunter] [Read] /home/yzs/riscv/freebsd-src/sys/riscv/vmm/vmm_riscv.c
[14:24:31] [spechunter] [Grep] pattern='nmi|NMI|non.mask|nonmask'
[14:24:31] [spechunter] [Grep] pattern='vmm_sbi|sbi_ecall|vmm.*ecall'
[14:24:57] [spechunter] [text] Let me check for any NMI infrastructure in the broader kernel and check the riscv header files for any relevant definiti...
[14:24:57] [spechunter] [Grep] pattern='SCAUSE|scause'
[14:24:57] [spechunter] [Grep] pattern='nmi|NMI'
[14:24:57] [spechunter] [Grep] pattern='HARDWARE_ERROR|hardware.error|hw_err|HW_ERR'
[14:25:03] [spechunter] [Grep] pattern='SCAUSE'
[14:25:07] [spechunter] [text] Now let me check the specific reserved range constants and the `sbi_ecall_interface.h` SSE event definitions more carefu...
[14:25:07] [spechunter] [Read] /home/yzs/riscv/opensbi/include/sbi/sbi_ecall_interface.h
[14:25:07] [spechunter] [Grep] pattern='SBI_SSE_EVENT_GLOBAL|SBI_SSE_EVENT_LOCAL'
[14:25:10] [spechunter] [Grep] pattern='0x535345|0x534554|SBI.*SSE'
[14:25:10] [spechunter] [Grep] pattern='sbi_sse|sbi_sse|SBI_SSE|EXT_SSE'
[14:25:13] [spechunter] [text] Now let me check whether there are any SSE-related SBI definitions at all in the entire FreeBSD source tree, perhaps in ...
[14:25:13] [spechunter] [Grep] pattern='supervisor.software.event|sbi_sse'
[14:25:13] [spechunter] [Grep] pattern='ext-sse|SSE_EXT|sse_extension'
[14:25:28] [spechunter] [text] ```json {   "locations": [     {       "file_path": "arch/riscv/include/asm/sbi.h",       "function_name": "(enum sbi_mp...
[14:25:34] [spechunter] [text] Now I have a comprehensive picture. Let me verify one more thing — whether there are any NMI-related facilities availabl...
[14:25:34] [spechunter] [Grep] pattern='nmi_is_broadcast|nmi_kdb_lock|ipi_self_from_nmi|SWI_FROMNMI'
[14:25:34] [spechunter] [Grep] pattern='nmi_is_broadcast|nmi_kdb_lock'
[14:25:36] [spechunter] [Grep] pattern='KVM_RISCV_SBI_EXT_'
[14:25:36] [spechunter] [Grep] pattern='KERN_UNKNOWN_NMI_PANIC'
[14:25:36] [spechunter] [Grep] pattern='MSIE|SSIE|mstatus.*IE|mie|sstatus.*IE'
[14:25:38] [spechunter] [text] Now I have a complete understanding of the OpenSBI SSE implementation and how this PR affects it. The key security conce...
[14:25:48] [spechunter] [Grep] pattern='KVM_RISCV_SBI_EXT_MAX|KVM_RISCV_SBI_EXT_'
[14:25:48] [spechunter] [Read] /home/yzs/riscv/linux/arch/riscv/include/asm/csr.h
[14:25:48] [spechunter] [Grep] pattern='SR_SIE|SR_SPIE|SR_MPIE|MSTATUS|MIE|SIE'
[14:25:53] [spechunter] [TodoWrite] 5 items
[14:26:15] [spechunter] [Grep] pattern='mncause'
[14:26:15] [spechunter] [Grep] pattern='SBI_SSE_EVENT_LOCAL_UNKNOWN_NMI'
[14:26:15] [spechunter] [Grep] pattern='SBI_EXT_SSE_INJECT'
[14:26:15] [spechunter] [Grep] pattern='sbi_sse_inject_event'
[14:26:15] [spechunter] [Grep] pattern='0xffff0001'
[14:26:15] [spechunter] [Grep] pattern='0xffff8001'
[14:26:15] [spechunter] [Grep] pattern='standard_events'
[14:26:15] [spechunter] [Grep] pattern='LOCAL_RESERVED_3_START'
[14:26:16] [spechunter] [Read] /home/yzs/riscv/opensbi/lib/sbi/sbi_sse.c
[14:26:16] [spechunter] [Grep] pattern='SBI_SSE_EVENT_LOCAL'
[14:26:16] [spechunter] [Grep] pattern='UNKNOWN_NMI'
[14:26:31] [spechunter] [text] Now I have a complete picture. Let me write the output.  Based on my thorough semantic search of the FreeBSD RISC-V code...
[14:26:36] [spechunter] [Read] /home/yzs/riscv/opensbi/lib/sbi/sbi_sse.c
[14:26:36] [spechunter] [Read] /home/yzs/riscv/opensbi/lib/sbi/sbi_sse.c
[14:26:36] [spechunter] [Read] /home/yzs/riscv/opensbi/lib/sbi/sbi_ecall_sse.c
[14:26:36] [spechunter] [Read] /home/yzs/riscv/opensbi/include/sbi/sbi_ecall_interface.h
[14:26:36] [spechunter] [Read] /home/yzs/riscv/opensbi/lib/sbi/sbi_double_trap.c
[14:26:36] [spechunter] [Read] /home/yzs/riscv/opensbi/lib/sbi/sbi_pmu.c
[14:26:41] [spechunter] [TodoWrite] 5 items
[14:26:57] [spechunter] [Grep] pattern='IE_SIE|IE_TIE|IE_EIE|RV_IRQ_SOFT|RV_IRQ_TIMER|RV_IRQ_EXT'
[14:26:57] [spechunter] [Grep] pattern='sbi_mpxy_ext|KVM_RISCV_SBI_EXT_MPXY'
[14:26:57] [spechunter] [Grep] pattern='irqchip.*imsic|imsic.*driver|imsic.*irq'
[14:26:57] [spechunter] [Grep] pattern='handle_arch_irq|handle_riscv_irq|set_handle_irq'
[14:27:00] [spechunter] [text] Looking at the PR context, this is about adding a new SBI SSE event ID constant (`SBI_SSE_EVENT_GLOBAL_UNKNOWN_NMI` with...
[14:27:00] [spechunter] [Grep] pattern='SSE_EVENT|sse_event|SBI_SSE'
[14:27:00] [spechunter] [Grep] pattern='UNKNOWN_NMI|unknown_nmi|GLOBAL_UNKNOWN'
[14:27:04] [spechunter] [text] Now let me trace the NMI handling paths and the full trap handler.  
[14:27:04] [spechunter] [Grep] pattern='mncause'
[14:27:04] [spechunter] [Grep] pattern='mnscratch|mnstatus|mnepc'
[14:27:04] [spechunter] [Grep] pattern='SBI_SSE_EVENT_GLOBAL'
[14:27:04] [spechunter] [Grep] pattern='sbi_trap_handler'
[14:27:08] [spechunter] [Read] /home/yzs/riscv/linux/arch/riscv/kvm/vcpu_sbi_forward.c
[14:27:08] [spechunter] [Grep] pattern='unknown_nmi_panic'
[14:27:08] [spechunter] [Read] /home/yzs/riscv/linux/drivers/irqchip/irq-riscv-imsic-early.c
[14:27:09] [spechunter] [text] Let me also search for any existing NMI-related handling and the trap handler that processes `mncause`.  
[14:27:09] [spechunter] [Grep] pattern='UNKNOWN_NMI'
[14:27:09] [spechunter] [Grep] pattern='unknown_nmi\\|unknown.*nmi\\|nmi.*unknown'
[14:27:09] [spechunter] [Grep] pattern='mncause\\|MCAUSE_NMI\\|cause.*nmi\\|nmi.*cause'
[14:27:09] [spechunter] [Grep] pattern='trap_handler\\|handle_trap\\|sbi_trap_handler'
[14:27:09] [spechunter] [Grep] pattern='mtvec_handler\\|handle_mtval\\|trap.*handler'
[14:27:11] [spechunter] [Read] /home/yzs/riscv/opensbi/lib/sbi/sbi_trap.c
[14:27:11] [spechunter] [Read] /home/yzs/riscv/opensbi/include/sbi/sbi_ecall_interface.h
[14:27:18] [spechunter] [Grep] pattern='sbi_trap'
[14:27:18] [spechunter] [Grep] pattern='mcause'
[14:27:26] [spechunter] [text] No direct hits. Let me search more broadly for the SBI SSE infrastructure and the existing event ID defines.  
[14:27:26] [spechunter] [Grep] pattern='SBI_SSE|x86_sse|sse_event'
[14:27:26] [spechunter] [Grep] pattern='0xffff800'
[14:27:26] [spechunter] [Grep] pattern='GLOBAL_EVENT|global_event|EVENT_GLOBAL|event_global'
[14:27:28] [spechunter] [TodoWrite] 5 items
[14:27:32] [spechunter] [Read] /home/yzs/riscv/opensbi/lib/sbi/sbi_trap.c
[14:27:46] [spechunter] [text] Let me look specifically in the RISC-V SBI-related areas of the codebase.  
[14:27:46] [spechunter] [Grep] pattern='SBI_SSE|SBI_EXT_SSE|sbi_sse|sbi_ext_sse'
[14:27:46] [spechunter] [Grep] pattern='0xffff8001'
[14:27:46] [spechunter] [Glob] **/sbi*.h
[14:27:51] [spechunter] [Read] /home/yzs/riscv/opensbi/include/sbi/sbi_ecall_interface.h
[14:27:51] [spechunter] [Read] /home/yzs/riscv/opensbi/include/sbi/sbi_sse.h
[14:27:51] [spechunter] [Grep] pattern='sse_inject_event'
[14:27:52] [spechunter] [Read] /home/yzs/riscv/freebsd-src/sys/riscv/include/sbi.h
[14:27:55] [spechunter] [Read] /home/yzs/riscv/opensbi/lib/sbi/sbi_sse.c
[14:27:57] [spechunter] [text] Prompt is too long
[14:28:10] [spechunter] [text] Let me also check the RISC-V encoding headers for `mncause` and `MCAUSE` related definitions.  
[14:28:10] [spechunter] [Grep] pattern='mncause|MCAUSE_IRQ_MASK'
[14:28:10] [spechunter] [Grep] pattern='LOCAL_DOUBLE_TRAP|LOCAL_PMU_OVERFLOW'
[14:28:11] [spechunter] [text] The current `sbi.h` has no SSE extension definitions yet. Let me search more broadly for SSE-related files and any recen...
[14:28:11] [spechunter] [Grep] pattern='ext_sse|EXT_SSE|SSE_EVENT|sse_event'
[14:28:11] [spechunter] [Glob] **/*sse*
[14:28:11] [spechunter] [Grep] pattern='SBI_EXT_ID|GLOBAL_EVENT'
[14:28:12] [spechunter] [text] Now let me check for any NMI/MNMI handling in the codebase and look at the spec file.  
[14:28:12] [spechunter] [Grep] pattern='nmi|mnmi'
[14:28:12] [spechunter] [Glob] **/ext-sse*
[14:28:12] [spechunter] [Read] /home/yzs/riscv/opensbi/include/sbi/sbi_ecall_interface.h
[14:28:23] [spechunter] [text] Let me cross-validate by checking what SSE event IDs actually exist in the kernel.  
[14:28:23] [spechunter] [Grep] pattern='SSE_EVENT|SBI_SSE_EVENT'
[14:28:23] [spechunter] [Grep] pattern='sbi_ext_sse|SBI_EXT_SSE'
[14:28:26] [spechunter] [Glob] **/ext-sse*
[14:28:26] [spechunter] [Grep] pattern='IRQ_M_EXT|irqchip_process'
[14:28:26] [spechunter] [Grep] pattern='SBI_SSE_EVENT_GLOBAL_UNKNOWN_NMI'
[14:28:40] [spechunter] [Read] /home/yzs/riscv/opensbi/lib/sbi/sbi_irqchip.c
[14:28:40] [spechunter] [Grep] pattern='smrnmi|RNMI'
[14:28:41] [spechunter] [text] Let me check if there's any SSE implementation file that might reference such a constant.  
[14:28:41] [spechunter] [Glob] **/*sse*
[14:28:41] [spechunter] [Glob] **/sbi*
[14:28:41] [spechunter] [Grep] pattern='SBI_SSE|supervisor.software.event|SSE'
[14:28:58] [spechunter] [text] Let me also check if there's a separate PR branch or any SSE-related work in progress.  
[14:28:58] [spechunter] [Bash] Check recent git history for SSE-related commits
[14:28:58] [spechunter] [Bash] List git branches
[14:29:04] [spechunter] [text] Let me look for where existing SSE event IDs or related constants are defined.  
[14:29:04] [spechunter] [Grep] pattern='0xffff8001|UNKNOWN_NMI|GLOBAL_UN'
[14:29:04] [spechunter] [Grep] pattern='sse_event|SSE_EVENT|sbi_sse'
[14:29:11] [spechunter] [text] Let me check the public SSE header and look for the spec file.  
[14:29:11] [spechunter] [Read] /home/yzs/riscv/opensbi/include/sbi/sbi_sse.h
[14:29:11] [spechunter] [Glob] **/*.adoc
[14:29:11] [spechunter] [Grep] pattern='0xffff0001|0xffff8001'
[14:29:25] [spechunter] [Grep] pattern='sbi_ecall_sse'
[14:29:25] [spechunter] [Grep] pattern='mnscratch|mnstatus|mnepc|mncause|MNI'
[14:29:25] [spechunter] [Grep] pattern='smrnmi|SMRNMI'
[14:29:35] [spechunter] [text] After exhaustive cross-validation, here are the findings:  **No SSE extension infrastructure exists in the current codeb...
[14:29:42] [spechunter] [text] Here is the cross-validated, deduplicated, and relevance-ranked result:  ```json {   "locations": [     {       "file_pa...
[14:29:47] [spechunter] [text] Let me look at the relevant code more closely to understand the context.  
[14:29:47] [spechunter] [Read] /home/yzs/riscv/linux/arch/riscv/include/asm/sbi.h
[14:29:47] [spechunter] [Read] /home/yzs/riscv/linux/drivers/mailbox/riscv-sbi-mpxy-mbox.c
[14:30:10] [spechunter] [text] I'll systematically analyze the FreeBSD RISC-V kernel's SBI SSE handling for the "local unknown NMI" event registration ...
[14:30:10] [spechunter] [Agent] description, prompt
[14:30:22] [spechunter] [Read] /home/yzs/riscv/opensbi/lib/sbi/sbi_ecall_sse.c
[14:30:22] [spechunter] [Read] /home/yzs/riscv/opensbi/firmware/fw_base.S
[14:30:24] [spechunter] [text] ```json {   "locations": [],   "removed_locations": [     "arch/riscv/include/asm/sbi.h:467 (SBI_MPXY_ATTR_SSE_EVENT_ID ...
[14:30:29] [spechunter] [Grep] pattern='trap_handler|_trap_handler|TRAP'
[14:30:29] [spechunter] [Read] /home/yzs/riscv/opensbi/platform/generic/include/thead/c9xx_encoding.h
[14:30:48] [spechunter] [Grep] pattern='sbi_sse_register_event|sbi_sse_register'
[14:30:48] [spechunter] [Grep] pattern='SSE_EVENT'
[14:30:48] [spechunter] [Grep] pattern='0xffff0001|0xffff8001'
[14:30:48] [spechunter] [Grep] pattern='0x535345'
[14:30:48] [spechunter] [Grep] pattern='[Ss]upervisor\\s*[Ss]oftware\\s*[Ee]vents'
[14:30:53] [spechunter] [Grep] pattern='SBI_SSE_EVENT_LOCAL_UNKNOWN_NMI|UNKNOWN_NMI'
[14:30:53] [spechunter] [Grep] pattern='sbi_sse_register'
[14:30:53] [spechunter] [Grep] pattern='SBI_EXT_SSE'
[14:31:07] [spechunter] [text] Now let me look at the existing findings JSON for format reference.  
[14:31:07] [spechunter] [Read] /home/yzs/riscv/opensbi/findings.json
[14:31:07] [spechunter] [Grep] pattern='.'
[14:31:18] [spechunter] [Grep] pattern='sse_event|SSE_EVENT'
[14:31:18] [spechunter] [Grep] pattern='SBI.*SSE|SSE.*SBI'
[14:31:18] [spechunter] [Read] /home/yzs/riscv/linux/include/uapi/linux/sysctl.h
[14:31:24] [spechunter] [Glob] sys/riscv/**/*sbi*
[14:31:24] [spechunter] [Glob] sys/contrib/**/*sbi*
[14:31:24] [spechunter] [Glob] sys/contrib/**/*opensbi*
[14:31:24] [spechunter] [Glob] sys/riscv/**/*sse*
[14:31:24] [spechunter] [Grep] pattern='SBI_EXT'
[14:31:24] [spechunter] [Grep] pattern='sse'
[14:31:26] [spechunter] [text] Now let me check how T-HEAD C9xx handles NMIs, and look at the platform-specific interrupt handling.  
[14:31:26] [spechunter] [Grep] pattern='0xffff0001|0xffff8001|SBI_SSE_EVENT_LOCAL_UNKNOWN_NMI|SBI_SSE_EVENT_GLOBAL_UNKNOWN_NMI'
[14:31:26] [spechunter] [Grep] pattern='CSR_M|CSR_S|MCAUSE|MTVEC|MEPC'
[14:31:54] [spechunter] [Read] /home/yzs/riscv/freebsd-src/sys/riscv/include/sbi.h
[14:31:54] [spechunter] [Grep] pattern='\\bSSE\\b'
[14:31:54] [spechunter] [Grep] pattern='SBI.*SSE|SSE.*SBI'
[14:31:54] [spechunter] [Grep] pattern='supervisor.*software.*event|software.*event.*sbi'
[14:32:12] [spechunter] [Grep] pattern='SSE'
[14:32:12] [spechunter] [Grep] pattern='SSE'
[14:32:12] [spechunter] [Grep] pattern='sse|SSE|unknown.nmi|UNKNOWN_NMI'
[14:32:20] [spechunter] [text] The broad search for "SSE" matches too many unrelated patterns. Let me search more specifically for the SBI SSE extensio...
[14:32:20] [spechunter] [Grep] pattern='SBI_EXT_SSE|SBI_SSE|sse_event'
[14:32:20] [spechunter] [Grep] pattern='unknown_nmi|UNKNOWN_NMI|unknown.nmi'
[14:32:20] [spechunter] [Read] /home/yzs/riscv/linux/arch/riscv/include/asm/sbi.h
[14:32:32] [spechunter] [Grep] pattern='SBI_EXT_SSE|0x535345'
[14:32:32] [spechunter] [Grep] pattern='0x535345'
[14:32:32] [spechunter] [Grep] pattern='sbi_sse|sbi_sse_event|sse_handler|sbi_ext_sse'
[14:32:34] [spechunter] [Read] /home/yzs/riscv/freebsd-src/sys/riscv/riscv/sbi.c
[14:32:34] [spechunter] [Read] /home/yzs/riscv/freebsd-src/sys/riscv/vmm/vmm_sbi.c
[14:32:34] [spechunter] [Grep] pattern='sse_event|SBI_SSE|SBI_EXT_ID_SSE'
[14:32:34] [spechunter] [Grep] pattern='0x535345'
[14:32:34] [spechunter] [Grep] pattern='\\bSSE_EXT\\b|\\bSBI_SSE\\b'
[14:32:46] [spechunter] [Read] /home/yzs/riscv/linux/arch/riscv/include/asm/sbi.h
[14:32:54] [spechunter] [text] Let me check for any assembly-level NMI handling and the CSR encoding file for MNI CSRs.  
[14:32:54] [spechunter] [Grep] pattern='CSR_MN|MNSCRATCH|MNEPC|MNCAUSE|MNSTATUS'
[14:32:54] [spechunter] [Grep] pattern='nmi|mnscratch|mnepc|mncause|mnstatus|RNMI'
[14:32:54] [spechunter] [Bash] Check recent git history for related fixes
[14:33:15] [spechunter] [Grep] pattern='SBI_EXT_ID'
[14:33:15] [spechunter] [Grep] pattern='\\bSSE\\b'
[14:33:15] [spechunter] [Grep] pattern='supervisor.*event|PMU.*SBI|sbi.*pmu'
[14:33:15] [spechunter] [Grep] pattern='SBI_EXT_ID_PMU|SBI_EXT_DBCN|SBI_EXT_SUSP|SBI_EXT_CPPC'
[14:33:15] [spechunter] [Bash] Check git log for recent SBI-related commits
[14:33:24] [spechunter] [Read] /home/yzs/riscv/linux/drivers/mailbox/riscv-sbi-mpxy-mbox.c
[14:33:24] [spechunter] [Bash] Search git history for SSE-related commits
[14:33:25] [spechunter] [TodoWrite] 5 items
[14:33:41] [spechunter] [Read] /home/yzs/riscv/freebsd-src/usr.sbin/bhyve/riscv/vmexit.c
[14:33:41] [spechunter] [Grep] pattern='\\bSSE\\b'
[14:33:41] [spechunter] [Grep] pattern='sbi_sse|sse_register|sse_event|sse_handler'
[14:33:41] [spechunter] [Grep] pattern='0x535345'
[14:33:41] [spechunter] [Bash] Search for any SSE-related commits in the git history
[14:34:05] [spechunter] [text] Let me check the tmp/ directory that seems to have relevant audit files.  
[14:34:05] [spechunter] [Bash] List tmp directory contents
[14:34:05] [spechunter] [Grep] pattern='0x535345|SBI_EXT_SSE|SSE_EVENT|sse_event_id|event_id.*0xffff'
[14:34:12] [spechunter] [Read] /home/yzs/riscv/linux/tmp/sse_violation_report.json
[14:34:17] [spechunter] [Grep] pattern='\\bopensbi\\b'
[14:34:17] [spechunter] [Glob] sys/contrib/**/*riscv*
[14:34:17] [spechunter] [Glob] sys/contrib/**/*sbi*
[14:34:17] [spechunter] [Grep] pattern='SBI_ERR_DENIED|SBI_ERR_ALREADY'
[14:34:17] [spechunter] [Grep] pattern='sbi.*unknown.*nmi|sbi.*nmi|nmi.*sbi|unknown_nmi'
[14:34:17] [spechunter] [Bash] Check git tags and branches
[14:34:35] [spechunter] [Read] /home/yzs/riscv/linux/drivers/mailbox/riscv-sbi-mpxy-mbox.c
[14:34:47] [spechunter] [text] Now let me look at what registered events exist at init time to complete the picture.  
[14:34:47] [spechunter] [Grep] pattern='sbi_sse_add_event'
[14:34:47] [spechunter] [Grep] pattern='sse_ras_init|sbi_sse_ras'
[14:35:07] [spechunter] [text] Now I have a clear picture. Let me verify there's truly no SSE extension support anywhere in the kernel.  
[14:35:07] [spechunter] [Grep] pattern='SBI_EXT_SSE|sbi_ext_sse'
[14:35:07] [spechunter] [Grep] pattern='0x535345'
[14:35:07] [spechunter] [Grep] pattern='sbi_sse'
[14:35:14] [spechunter] [text] Now I have a complete understanding. Let me compile the findings.  
[14:35:14] [spechunter] [Bash] Check line counts of key files
[14:35:23] [spechunter] [Read] /home/yzs/riscv/freebsd-src/sys/riscv/include/sbi.h
[14:35:23] [spechunter] [Read] /home/yzs/riscv/freebsd-src/sys/riscv/riscv/sbi.c
[14:35:23] [spechunter] [Bash] Check for SSE-related branches
[14:35:23] [spechunter] [Bash] Check recent commits for SSE references
[14:35:42] [spechunter] [text] Let me also verify the interrupt/trap handling path and VMM layer to complete the analysis.  
[14:35:42] [spechunter] [Read] /home/yzs/riscv/freebsd-src/sys/riscv/vmm/vmm_sbi.c
[14:35:42] [spechunter] [Grep] pattern='nmi|NMI|non-maskable'
[14:35:42] [spechunter] [Grep] pattern='sbi_ext|SBI_EXT|sbi_probe_extension'
[14:35:53] [spechunter] [text] Let me check the userspace bhyve SBI handling as well.  
[14:35:53] [spechunter] [Read] /home/yzs/riscv/freebsd-src/usr.sbin/bhyve/riscv/vmexit.c
[14:35:53] [spechunter] [Grep] pattern='sbi_sse|SSE_EVENT|0xffff0001|0xffff8001|unknown_nmi|SSE|sse'
[14:36:02] [spechunter] [text] Let me also check if there are any PR-related files that provide additional context.  
[14:36:02] [spechunter] [Bash] Check current HEAD commit
[14:36:02] [spechunter] [Grep] pattern='sse|SSE|unknown_nmi|UNKNOWN_NMI'
[14:36:38] [spechunter] [text] Now I have all the information I need. Let me compile the findings into the JSON output.  
[14:36:38] [spechunter] [Write] /home/yzs/riscv/opensbi/semantic_finding_menvcfg_wpri.json
[14:36:54] [spechunter] [text] Now I have a complete picture of the situation. Let me produce the final analysis.  ```json {   "findings": [     {     ...
[14:37:04] [spechunter] [text] Now I have all the data needed for the audit. Let me compile the findings.  ```json {   "findings": [     {       "file_...
[14:37:39] [spechunter] [text] Let me check the actual code to verify relevance of key locations.  
[14:37:39] [spechunter] [Read] /home/yzs/riscv/opensbi/include/sbi/sbi_ecall_interface.h
[14:37:39] [spechunter] [Read] /home/yzs/riscv/opensbi/lib/sbi/sbi_sse.c
[14:37:54] [spechunter] [Read] /home/yzs/riscv/opensbi/lib/sbi/sbi_trap.c
[14:37:54] [spechunter] [Read] /home/yzs/riscv/opensbi/lib/sbi/sbi_trap.c
[14:38:09] [spechunter] [Read] /home/yzs/riscv/opensbi/lib/sbi/sbi_sse.c
[14:38:09] [spechunter] [Read] /home/yzs/riscv/opensbi/lib/sbi/sbi_double_trap.c
[15:36:59] [spechunter] PR loaded: #223 riscv-non-isa/riscv-sbi-doc — "ext-sse: add local unknown nmi event id"
[15:36:59] [spechunter]   diff: 697 chars  body: 130 chars  reviews: 1
[15:36:59] [spechunter] Global pre-filter running...
[15:37:00] [spechunter] [text] API Error: 400 {"detail":"Error code: 400 - {'detail': 'Rate limit exceeded for team: AI_PRD_SELF-ygOCagDg1IJPqSZyFTZ2lU...
[15:37:01] [spechunter] pre-filter: should_skip=False reason=""
[15:37:03] [spechunter] [text] API Error: 400 {"detail":"Error code: 400 - {'detail': 'Rate limit exceeded for team: AI_PRD_SELF-ygOCagDg1IJPqSZyFTZ2lU...
[15:37:03] [spechunter] [text] API Error: 400 {"detail":"Error code: 400 - {'detail': 'Rate limit exceeded for team: AI_PRD_SELF-ygOCagDg1IJPqSZyFTZ2lU...
[15:37:07] [spechunter] [text] API Error: 400 {"detail":"Error code: 400 - {'detail': 'Rate limit exceeded for team: AI_PRD_SELF-ygOCagDg1IJPqSZyFTZ2lU...
[15:37:07] [spechunter] [text] API Error: 400 {"detail":"Error code: 400 - {'detail': 'Rate limit exceeded for team: AI_PRD_SELF-ygOCagDg1IJPqSZyFTZ2lU...
[15:37:24] [spechunter] [text] {"should_skip": false}
[15:37:25] [spechunter] [Grep] pattern='SBI_SSE_EVENT|sbi_sse|SSE_EVENT'
[15:37:25] [spechunter] [Grep] pattern='UNKNOWN_NMI|unknown.nmi'
[15:37:25] [spechunter] [Grep] pattern='0xffff8001|0xffff800[0-f]'
[15:37:35] [spechunter] [Grep] pattern='SSE'
[15:37:35] [spechunter] [Grep] pattern='SBI_SSE'
[15:37:35] [spechunter] [Grep] pattern='sbi_sse'
[15:37:35] [spechunter] [Grep] pattern='unknown.*nmi|UNKNOWN_NMI|unknown_nmi'
[15:37:35] [spechunter] [Grep] pattern='0xffff8001'
[15:37:36] [spechunter] [text] {"should_skip": false}
[15:37:39] [spechunter] [Grep] pattern='SBI_SSE|sbi_sse|SSE_EVENT|ext.sse|ext-sse'
[15:37:39] [spechunter] [Grep] pattern='unknown.nmi'
[15:37:39] [spechunter] [Grep] pattern='SBI_EXT_SSE|SBI_EXT_ID_SSE'
[15:37:49] [spechunter] [text] ```json {   "locations": [] } ```
[15:37:50] [spechunter] [Read] /home/yzs/riscv/freebsd-src/sys/riscv/riscv/sbi.c
[15:37:50] [spechunter] [Grep] pattern='ext.sse|sse\\b'
[15:37:50] [spechunter] [Grep] pattern='NMI|nmi'
[15:37:56] [spechunter] [text] ```json {   "violation_condition": "When OpenSBI in M-mode receives an unknown/unrecognized NMI (e.g., RNMI via mncause ...
[15:38:10] [spechunter] [text] ```json {   "violation_condition": "In XiangShan RTL, when the processor receives an NMI signal from an unrecognized/loc...
[15:38:12] [spechunter] [Read] /home/yzs/riscv/freebsd-src/sys/riscv/include/sbi.h
[15:38:12] [spechunter] [Read] /home/yzs/riscv/freebsd-src/sys/riscv/riscv/trap.c
[15:38:12] [spechunter] [Read] /home/yzs/riscv/freebsd-src/sys/riscv/vmm/vmm_sbi.c
[15:38:16] [spechunter] [Agent] description, prompt
[15:38:17] [spechunter] [Grep] pattern='mnepc'
[15:38:17] [spechunter] [Grep] pattern='mnstatus'
[15:38:17] [spechunter] [Grep] pattern='mncause'
[15:38:17] [spechunter] [Grep] pattern='SBI_SSE_EVENT_GLOBAL_UNKNOWN_NMI'
[15:38:17] [spechunter] [Grep] pattern='INTERRUPTED_SEPC'
[15:38:17] [spechunter] [Grep] pattern='INTERRUPTED_FLAGS'
[15:38:17] [spechunter] [Grep] pattern='ENTRY_ARG'
[15:38:17] [spechunter] [Grep] pattern='ENTRY_PC'
[15:38:29] [spechunter] [text] ```json {   "violation_condition": "In the Linux kernel, when the SBI SSE handler dispatches event_id 0xffff0001 (local ...
[15:38:35] [spechunter] [Grep] pattern='sse'
[15:38:35] [spechunter] [Grep] pattern='nmi|rnmi|mncause|mnepc|mnstatus'
[15:38:35] [spechunter] [Grep] pattern='INTERRUPTED_SEPC|INTERRUPTED_FLAGS|ENTRY_ARG|ENTRY_PC|event_attr'
[15:38:35] [spechunter] [Grep] pattern='sbi_sse|sse_event|GLOBAL_UNKNOWN|unknown_nmi'
[15:38:36] [spechunter] [text] Now let me search the actual source code for the vulnerability pattern and also look at the specific source files refere...
[15:38:36] [spechunter] [Grep] pattern='sbi_sse.*unknown.*nmi|mncause.*inject|RNMI.*SSE|mnepc.*event_attr|INTERRUPTED_SEPC.*mnepc|INTERRUPTED_FLAGS.*mnstatus|unknown_nmi.*forward'
[15:38:36] [spechunter] [Grep] pattern='SBI_SSE_EVENT'
[15:38:36] [spechunter] [Grep] pattern='SBI_SSE_EVENT'
[15:38:36] [spechunter] [Grep] pattern='unknown.nmi|UNKNOWN_NMI'
[15:38:37] [spechunter] [text] ```json {   "violation_condition": "QEMU's SSE event routing or validation logic treats event ID 0xffff0001 as reserved ...
[15:38:38] [spechunter] [TodoWrite] 6 items
[15:38:38] [spechunter] [Agent] description, prompt
[15:38:38] [spechunter] [Agent] description, prompt
[15:38:38] [spechunter] [Agent] description, prompt
[15:38:40] [spechunter] [Agent] description, prompt
[15:38:40] [spechunter] [Agent] description, prompt
[15:38:40] [spechunter] [Agent] description, prompt
[15:38:40] [spechunter] [Agent] description, prompt
[15:38:40] [spechunter] [Agent] description, prompt
[15:38:42] [spechunter] [TodoWrite] 5 items
[15:38:44] [spechunter] [text] Let me also check the specific source files for the SSE interrupted context handling and event definitions more closely
[15:38:44] [spechunter] [Read] /home/yzs/riscv/opensbi/include/sbi/sbi_ecall_interface.h
[15:38:44] [spechunter] [Read] /home/yzs/riscv/opensbi/lib/sbi/sbi_sse.c
[15:38:44] [spechunter] [Read] /home/yzs/riscv/opensbi/lib/sbi/sbi_sse.c
[15:38:44] [spechunter] [Read] /home/yzs/riscv/opensbi/lib/sbi/sbi_sse.c
[15:38:54] [spechunter] [Grep] pattern='SBI_SSE_EVENT_LOCAL_UNKNOWN_NMI'
[15:38:54] [spechunter] [Grep] pattern='0xffff0001'
[15:38:54] [spechunter] [Grep] pattern='SSE_EVENT'
[15:38:54] [spechunter] [Grep] pattern='UNKNOWN_NMI'
[15:38:55] [spechunter] [Glob] sys/riscv/vmm/**/*
[15:38:55] [spechunter] [Glob] sys/riscv/include/vmm*.h
[15:38:55] [spechunter] [Grep] pattern='SBI_EXT_ID|SSE|NMI|event|inject'
[15:38:56] [spechunter] [Read] /home/yzs/riscv/opensbi/include/sbi/sbi_sse.h
[15:38:56] [spechunter] [Read] /home/yzs/riscv/opensbi/include/sbi/sbi_ecall_interface.h
[15:38:56] [spechunter] [Read] /home/yzs/riscv/opensbi/lib/sbi/sbi_trap.c
[15:38:56] [spechunter] [Read] /home/yzs/riscv/opensbi/lib/sbi/sbi_ecall_sse.c
[15:38:57] [spechunter] [Grep] pattern='sbi_sse_event_handler|SBI_SSE_EVENT|sbi_sse_complete'
[15:38:57] [spechunter] [Grep] pattern='0xffff0001|SSE.*event.*nmi|unknown.*nmi'
[15:38:57] [spechunter] [Grep] pattern='sse_event|SBI_EXT_SSE|sbi_ext_sse'
[15:39:01] [spechunter] [Grep] pattern='mcause'
[15:39:01] [spechunter] [Grep] pattern='mcause'
[15:39:01] [spechunter] [Grep] pattern='mcause'
[15:39:03] [spechunter] [Grep] pattern='sstatus'
[15:39:03] [spechunter] [Grep] pattern='sstatus'
[15:39:03] [spechunter] [Grep] pattern='sstatus'
[15:39:04] [spechunter] [Agent] description, subagent_type
[15:39:04] [spechunter] [Agent] description, subagent_type
[15:39:04] [spechunter] [Agent] description, subagent_type
[15:39:04] [spechunter] [Agent] description, prompt
[15:39:07] [spechunter] [Grep] pattern='ext.sse|EXT_SSE|sse.*SBI|SBI.*sse'
[15:39:07] [spechunter] [Grep] pattern='SBI_EXT'
[15:39:07] [spechunter] [Glob] **/ext-sse.adoc
[15:39:07] [spechunter] [Glob] **/vmm_sbi.c
[15:39:07] [spechunter] [Glob] **/riscv/**/intc.c
[15:39:07] [spechunter] [Glob] **/riscv/**/aplic.c
[15:39:07] [spechunter] [Glob] **/riscv/**/plic.c
[15:39:07] [spechunter] [Grep] pattern='NMI|nmi'
[15:39:07] [spechunter] [Grep] pattern='do_trap_supervisor|do_trap_user'
[15:39:07] [spechunter] [Grep] pattern='event'
[15:39:07] [spechunter] [Grep] pattern='mnmi'
[15:39:07] [spechunter] [Grep] pattern='mnmi'
[15:39:07] [spechunter] [Grep] pattern='mnmi'
[15:39:08] [spechunter] [Read] /home/yzs/riscv/opensbi/lib/sbi/sbi_sse.c
[15:39:08] [spechunter] [Grep] pattern='struct sbi_sse_event_attrs'
[15:39:08] [spechunter] [Grep] pattern='sse_event_attr|sbi_sse_attr'
[15:39:08] [spechunter] [Read] /home/yzs/riscv/freebsd-src/sys/riscv/riscv/intc.c
[15:39:08] [spechunter] [Glob] sys/riscv/include/intr.h
[15:39:08] [spechunter] [Glob] sys/riscv/riscv/*.c
[15:39:08] [spechunter] [Grep] pattern='plic'
[15:39:08] [spechunter] [Grep] pattern='nmi|NMI'
[15:39:08] [spechunter] [Grep] pattern='nmi|NMI'
[15:39:10] [spechunter] [Read] /home/yzs/riscv/freebsd-src/sys/riscv/vmm/vmm.c
[15:39:10] [spechunter] [Read] /home/yzs/riscv/freebsd-src/sys/riscv/vmm/vmm_riscv.c
[15:39:10] [spechunter] [Read] /home/yzs/riscv/freebsd-src/sys/riscv/vmm/vmm_sbi.c
[15:39:10] [spechunter] [Read] /home/yzs/riscv/freebsd-src/sys/riscv/include/vmm.h
[15:39:10] [spechunter] [Read] /home/yzs/riscv/freebsd-src/sys/riscv/include/vmm_dev.h
[15:39:10] [spechunter] [Read] /home/yzs/riscv/freebsd-src/sys/riscv/vmm/vmm_dev_machdep.c
[15:39:10] [spechunter] [Read] /home/yzs/riscv/freebsd-src/sys/riscv/include/sbi.h
[15:39:12] [spechunter] [Grep] pattern='SBI_SSE_EVENT_LOCAL_UNKNOWN_NMI|0xffff0001'
[15:39:12] [spechunter] [Grep] pattern='sbi_sse_complete'
[15:39:12] [spechunter] [Grep] pattern='INTERRUPTED_SEPC|INTERRUPTED_FLAGS|INTERRUPTED_A6'
[15:39:12] [spechunter] [Grep] pattern='sbi_sse_event_handler'
[15:39:12] [spechunter] [Grep] pattern='local_unknown_nmi|SSE.*unknown.*nmi|unknown.*nmi.*SSE'
[15:39:12] [spechunter] [text] No matches found for the specific identifiers. Let me broaden the search to find SSE-related code patterns in the QEMU t...
[15:39:12] [spechunter] [Grep] pattern='sse'
[15:39:12] [spechunter] [Grep] pattern='sbi_sse'
[15:39:12] [spechunter] [Grep] pattern='SBI_SSE'
[15:39:12] [spechunter] [Grep] pattern='sse_event'
[15:39:15] [spechunter] [Grep] pattern='SSE|sse_event|sse_complete|SBI_SSE'
[15:39:15] [spechunter] [Grep] pattern='SSE|sse_event|sse_complete'
[15:39:15] [spechunter] [Grep] pattern='SSE|sse_event|sse_complete'
[15:39:19] [spechunter] [Read] /home/yzs/riscv/opensbi/lib/sbi/sbi_sse.c
[15:39:19] [spechunter] [Grep] pattern='mncause|mnepc|mnstatus|rnmi|nmi'
[15:39:19] [spechunter] [Read] /home/yzs/riscv/opensbi/include/sbi/sbi_trap.h
[15:39:19] [spechunter] [Read] /home/yzs/riscv/opensbi/include/sbi/riscv_encoding.h
[15:39:20] [spechunter] [Grep] pattern='(?i)nmi'
[15:39:20] [spechunter] [Grep] pattern='(?i)mnmi'
[15:39:20] [spechunter] [Grep] pattern='(?i)non.maskable'
[15:39:20] [spechunter] [Grep] pattern='(?i)nonmaskable'
[15:39:20] [spechunter] [Grep] pattern='(?i)\\bnmi\\b'
[15:39:20] [spechunter] [Grep] pattern='(?i)\\bnmi\\b'
[15:39:20] [spechunter] [Grep] pattern='(?i)\\bnmi\\b'
[15:39:20] [spechunter] [Grep] pattern='(?i)non.maskable|non_maskable|NonMaskable'
[15:39:20] [spechunter] [Grep] pattern='(?i)\\bsse\\b|SSE|SBI_SSE'
[15:39:20] [spechunter] [Grep] pattern='(?i)\\bsse\\b|SSE|SBI_SSE'
[15:39:20] [spechunter] [Grep] pattern='(?i)\\bsse\\b|SSE|SBI_SSE'
[15:39:20] [spechunter] [Grep] pattern='unknown'
[15:39:21] [spechunter] [Read] /home/yzs/riscv/freebsd-src/sys/riscv/include/sbi.h
[15:39:21] [spechunter] [Read] /home/yzs/riscv/freebsd-src/sys/riscv/vmm/vmm_sbi.c
[15:39:21] [spechunter] [Read] /home/yzs/riscv/freebsd-src/sys/riscv/riscv/sbi.c
[15:39:21] [spechunter] [Read] /home/yzs/riscv/freebsd-src/sys/riscv/riscv/trap.c
[15:39:21] [spechunter] [Read] /home/yzs/riscv/freebsd-src/sys/riscv/riscv/intc.c
[15:39:21] [spechunter] [Read] /home/yzs/riscv/freebsd-src/sys/riscv/riscv/aplic.c
[15:39:21] [spechunter] [Read] /home/yzs/riscv/freebsd-src/sys/riscv/riscv/plic.c
[15:39:26] [spechunter] [Grep] pattern='\\bsie\\b'
[15:39:26] [spechunter] [Grep] pattern='\\bmip\\b'
[15:39:26] [spechunter] [Grep] pattern='\\bsie\\b'
[15:39:26] [spechunter] [Grep] pattern='\\bmip\\b'
[15:39:26] [spechunter] [Grep] pattern='\\bsie\\b'
[15:39:26] [spechunter] [Grep] pattern='\\bmip\\b'
[15:39:27] [spechunter] [Glob] **/*sse*
[15:39:27] [spechunter] [Glob] **/*SSE*
[15:39:27] [spechunter] [Grep] pattern='sse'
[15:39:27] [spechunter] [Grep] pattern='sse'
[15:39:27] [spechunter] [Grep] pattern='event_id|event.id|eventId'
[15:39:27] [spechunter] [Grep] pattern='0xffff000[0-9a-f]|0xffff800[0-9a-f]|0xffffffff'
[15:39:27] [spechunter] [Grep] pattern='unknown_nmi|UNKNOWN_NMI|reserved'
[15:39:32] [spechunter] [Read] /home/yzs/.claude/projects/-home-yzs-riscv-linux/3833e1d0-dc29-4ebb-9929-917c73e849c3/tool-results/call_266ff405ef044746a8ff5257.txt
[15:39:32] [spechunter] [Grep] pattern='SBI_SSE'
[15:39:32] [spechunter] [Grep] pattern='SSE_EVENT'
[15:39:32] [spechunter] [Grep] pattern='unknown.*nmi|UNKNOWN.*NMI'
[15:39:33] [spechunter] [Read] /home/yzs/riscv/opensbi/lib/sbi/sbi_double_trap.c
[15:39:33] [spechunter] [Read] /home/yzs/riscv/opensbi/lib/sbi/sbi_pmu.c
[15:39:33] [spechunter] [Grep] pattern='sbi_sse_inject|sse_inject_event|process_pending_events'
[15:39:33] [spechunter] [Read] /home/yzs/riscv/freebsd-src/sys/riscv/vmm/riscv.h
[15:39:33] [spechunter] [Read] /home/yzs/riscv/freebsd-src/sys/riscv/vmm/vmm_fence.c
[15:39:33] [spechunter] [Read] /home/yzs/riscv/freebsd-src/sys/riscv/vmm/vmm_instruction_emul.c
[15:39:33] [spechunter] [Grep] pattern='TODO|FIXME|XXX'
[15:39:33] [spechunter] [Grep] pattern='SSE|SBI_EXT_ID_SSE|UNKNOWN_NMI|0xffff8001'
[15:39:33] [spechunter] [Grep] pattern='inject|INJECT|exception injection'
[15:39:38] [spechunter] [Read] /home/yzs/riscv/XiangShan/src/main/scala/xiangshan/backend/fu/NewCSR/InterruptBundle.scala
[15:39:38] [spechunter] [Read] /home/yzs/riscv/XiangShan/src/main/scala/xiangshan/backend/fu/NewCSR/InterruptFilter.scala
[15:39:38] [spechunter] [Read] /home/yzs/riscv/XiangShan/src/main/scala/xiangshan/backend/fu/NewCSR/CSRIND.scala
[15:39:38] [spechunter] [Read] /home/yzs/riscv/XiangShan/src/main/scala/xiangshan/backend/fu/NewCSR/TrapHandleModule.scala
[15:39:38] [spechunter] [Read] /home/yzs/riscv/XiangShan/src/main/scala/xiangshan/backend/fu/NewCSR/MachineLevel.scala
[15:39:41] [spechunter] [Grep] pattern='SSE|sse|supervisor_software_event|SBI_SSE|supervisor software event'
[15:39:41] [spechunter] [Grep] pattern='SSE|sse|supervisor_software_event|SBI_SSE|supervisor software event'
[15:39:41] [spechunter] [Glob] **/*sse*
[15:39:41] [spechunter] [Grep] pattern='software.interrupt|SSIP|SSIP|ipi|IPI|msip|MSIP|CLINT'
[15:39:41] [spechunter] [Grep] pattern='ext.sse|supervisor.software.event|sse.adoc'
[15:39:41] [spechunter] [Bash] List top-level directory structure
[15:39:41] [spechunter] [Grep] pattern='sstatus.*SIE|SIE.*sstatus|sstatus_sie'
[15:39:41] [spechunter] [Grep] pattern='\\bsie\\b.*CSR|CSR.*\\bsie\\b|MieReg|SieReg|interrupt.*gate|gate.*interrupt'
[15:39:41] [spechunter] [Grep] pattern='software.*interrupt|SSI|MSI|softwareInterrupt|supervisor.*interrupt'
[15:39:42] [spechunter] [text] No matches for SBI SSE event IDs or handlers at all. Let me do one final broad sweep to confirm there's nothing hiding i...
[15:39:42] [spechunter] [Grep] pattern='sbi.*event'
[15:39:42] [spechunter] [Grep] pattern='supervisor.*software.*event'
[15:39:42] [spechunter] [Grep] pattern='event_id'
[15:39:42] [spechunter] [Grep] pattern='unknown.*nmi'
[15:39:42] [spechunter] [Read] /home/yzs/riscv/freebsd-src/sys/riscv/include/intr.h
[15:39:42] [spechunter] [Read] /home/yzs/riscv/freebsd-src/sys/riscv/riscv/plic.c
[15:39:42] [spechunter] [Grep] pattern='nmi|NMI'
[15:39:42] [spechunter] [Grep] pattern='nmi|NMI'
[15:39:42] [spechunter] [Grep] pattern='intr_irq_handler'
[15:39:42] [spechunter] [Grep] pattern='hardint|machine.*interrupt|mint|mstatus|mip|mie'
[15:39:42] [spechunter] [Grep] pattern='SCAUSE|scause|unknown.*interrupt|unexpected.*interrupt|spuri'
[15:39:42] [spechunter] [Grep] pattern='SBI_EXT|EXT_S|sbi_ext'
[15:39:42] [spechunter] [Read] /home/yzs/riscv/linux/arch/riscv/include/asm/sbi.h
[15:39:45] [spechunter] [Grep] pattern='HIGH_PRIO_RAS|LOW_PRIO_RAS|RAS|ras'
[15:39:45] [spechunter] [Grep] pattern='_trap_handler|rnmi|smrnmi'
[15:39:45] [spechunter] [Grep] pattern='sbi_sse_inject_event'
[15:39:48] [spechunter] [Read] /home/yzs/riscv/freebsd-src/sys/riscv/riscv/exception.S
[15:39:48] [spechunter] [Read] /home/yzs/riscv/freebsd-src/sys/riscv/include/vmm.h
[15:39:48] [spechunter] [Grep] pattern='NMI|nmi|non.mask'
[15:39:48] [spechunter] [Grep] pattern='SBI_EXT_ID_BASE|SBI_BASE_'
[15:39:48] [spechunter] [Grep] pattern='ecall|ECALL|SBI_EXT|sbi_ecall'
[15:39:48] [spechunter] [Grep] pattern='probe_extension|PROBE_EXTENSION'
[15:39:48] [spechunter] [Grep] pattern='SSE|0xffff8001|GLOBAL_UNKNOWN|sse_event'
[15:39:48] [spechunter] [Grep] pattern='intr_irq_handler|INTR_ROOT'
[15:39:49] [spechunter] [Read] /home/yzs/riscv/opensbi/lib/sbi/sbi_sse.c
[15:39:49] [spechunter] [Grep] pattern='RNMI|resumable.nmi|non.maskable|nmi'
[15:39:49] [spechunter] [Grep] pattern='RNMI|resumable.nmi|non.maskable|nmi'
[15:39:51] [spechunter] [Read] /home/yzs/.claude/projects/-home-yzs-riscv-XiangShan/3f2b4924-0ee2-4397-a3b0-89b061aeb486/tool-results/call_7204a8e3d7c245eea2817c97.txt
[15:39:51] [spechunter] [Read] /home/yzs/.claude/projects/-home-yzs-riscv-XiangShan/3f2b4924-0ee2-4397-a3b0-89b061aeb486/tool-results/call_ee0fc3c8fc0b4134b5106a83.txt
[15:39:51] [spechunter] [Grep] pattern='(?i)unknown.*int|int.*unknown|cause.*unknown|unknown.*cause'
[15:39:51] [spechunter] [Grep] pattern='switch|is\\s*\\(|MuxLookup|switch'
[15:39:51] [spechunter] [Grep] pattern='(?i)interruptCause|intCause|intrCause|cause.*interrupt|interrupt.*No'
[15:39:54] [spechunter] [Grep] pattern='SSE|supervisor.*software.*event|sbi.*sse'
[15:39:54] [spechunter] [Grep] pattern='SSE|supervisor.*software.*event|sbi.*sse'
[15:39:54] [spechunter] [Grep] pattern='SSE|supervisor.*software.*event|sbi.*sse'
[15:39:54] [spechunter] [Grep] pattern='0xffff0001|0xffff8001|event_id.*range|EVENT_ID'
[15:39:54] [spechunter] [Grep] pattern='zicfiss|ZICFISS|Zicfiss'
[15:39:56] [spechunter] [Grep] pattern='SSE|sse'
[15:39:56] [spechunter] [Grep] pattern='sbi_sse|sbi_ext_sse|SBI_EXT_SSE'
[15:39:56] [spechunter] [Grep] pattern='INTERRUPTED|interrupted'
[15:39:57] [spechunter] [Read] /home/yzs/riscv/XiangShan/src/main/scala/xiangshan/backend/fu/NewCSR/InterruptFilter.scala
[15:39:57] [spechunter] [Read] /home/yzs/riscv/XiangShan/src/main/scala/xiangshan/backend/fu/NewCSR/InterruptBundle.scala
[15:39:57] [spechunter] [Read] /home/yzs/riscv/XiangShan/src/main/scala/xiangshan/backend/fu/NewCSR/SupervisorLevel.scala
[15:39:57] [spechunter] [Read] /home/yzs/riscv/XiangShan/src/main/scala/xiangshan/backend/fu/NewCSR/MachineLevel.scala
[15:39:57] [spechunter] [Read] /home/yzs/riscv/XiangShan/src/main/scala/xiangshan/backend/fu/NewCSR/TrapHandleModule.scala
[15:39:57] [spechunter] [Read] /home/yzs/riscv/XiangShan/rocket-chip/src/main/scala/devices/tilelink/CLINT.scala
[15:40:02] [spechunter] [Read] /home/yzs/riscv/XiangShan/src/main/scala/xiangshan/backend/fu/NewCSR/InterruptFilter.scala
[15:40:02] [spechunter] [Read] /home/yzs/riscv/XiangShan/src/main/scala/xiangshan/backend/fu/NewCSR/TrapHandleModule.scala
[15:40:02] [spechunter] [Read] /home/yzs/riscv/XiangShan/src/main/scala/xiangshan/backend/fu/NewCSR/InterruptBundle.scala
[15:40:02] [spechunter] [Grep] pattern='(?i)SBI_SSE|SupervisorSoftwareEvent|supervisor.*software.*event'
[15:40:02] [spechunter] [Grep] pattern='(?i)causeNO|interruptNO|exceptionNO|trapNO|nmiVec|intrVec'
[15:40:03] [spechunter] [text] The SBI header doesn't have SSE (Supervisor Software Events) extension defined. Let me search more broadly for SSE refer...
[15:40:03] [spechunter] [Grep] pattern='SSE|sse|supervisor.software.event'
[15:40:03] [spechunter] [Grep] pattern='SSE|sse|supervisor.software.event'
[15:40:03] [spechunter] [Grep] pattern='sbi_sse|sse_event|sse_complete|SBI_SSE'
[15:40:06] [spechunter] [Read] /home/yzs/riscv/freebsd-src/sys/riscv/riscv/trap.c
[15:40:06] [spechunter] [Read] /home/yzs/riscv/freebsd-src/sys/riscv/riscv/exception.S
[15:40:06] [spechunter] [Grep] pattern='SWI_FROMNMI|nmi|NMI'
[15:40:06] [spechunter] [Grep] pattern='SWI_FROMNMI|nmi|NMI'
[15:40:06] [spechunter] [Grep] pattern='spuri|unexpected|unknown|default:'
[15:40:08] [spechunter] [Grep] pattern='CSRs\\.sie\\b'
[15:40:08] [spechunter] [Grep] pattern='CSRs\\.mip\\b'
[15:40:08] [spechunter] [Grep] pattern='\\.sie\\b'
[15:40:08] [spechunter] [Grep] pattern='\\.mip\\b'
[15:40:08] [spechunter] [Grep] pattern='\\b[vhm]sie\\b'
[15:40:08] [spechunter] [Grep] pattern='\\b[vh]mip\\b|\\bvsip\\b|\\bhip\\b|\\bhvip\\b|\\bmvip\\b'
[15:40:15] [spechunter] [Grep] pattern='SSE|supervisor.software.event|SBI_SSE'
[15:40:15] [spechunter] [Grep] pattern='SSE|supervisor.software.event|SBI_SSE'
[15:40:15] [spechunter] [Grep] pattern='SSE\\b|supervisor.software.event|SBI_SSE'
[15:40:15] [spechunter] [Grep] pattern='sse\\b|\\.sse|_sse|sse_|SSE\\b'
[15:40:15] [spechunter] [Grep] pattern='event.id|eventId|event_id|EventID|unknown.*event|unrecognized.*event'
[15:40:15] [spechunter] [text] Now I have a complete picture. Let me also verify there are no references in the firmware or platform directories, and c...
[15:40:15] [spechunter] [Grep] pattern='SBI_SSE_EVENT|INTERRUPTED_SEPC|INTERRUPTED_FLAGS|ENTRY_ARG|ENTRY_PC'
[15:40:15] [spechunter] [Grep] pattern='SBI_SSE_EVENT|INTERRUPTED_SEPC|INTERRUPTED_FLAGS|ENTRY_ARG|ENTRY_PC'
[15:40:15] [spechunter] [Read] /home/yzs/riscv/opensbi/include/sbi/sbi_sse.h
[15:40:16] [spechunter] [text] ```json {   "locations": [] } ```  **Summary**: There is **no existing SBI SSE (Supervisor Software Events) implementati...
[15:40:17] [spechunter] [Grep] pattern='SBI_EXT_SSE|sbi_sse|SSE_EVENT'
[15:40:17] [spechunter] [Grep] pattern='sse_event|sse_handler|sse_interrupted'
[15:40:17] [spechunter] [Grep] pattern='ext-sse|EXT_SSE|firmware.*sse'
[15:40:22] [spechunter] [Grep] pattern='supervisor.*software.*event|SBI_SSE|sbi_sse|sse_event|SSE_EVENT'
[15:40:22] [spechunter] [Grep] pattern='unknown_nmi|UNKNOWN_NMI'
[15:40:22] [spechunter] [Grep] pattern='unknown_nmi|UNKNOWN_NMI'
[15:40:22] [spechunter] [Grep] pattern='SBI_EXT_S|supervisor.*soft|FWFT'
[15:40:25] [spechunter] [Grep] pattern='sse|SSE.*extension|SBI_SSE|sbi.*sse'
[15:40:25] [spechunter] [Grep] pattern='intr_irq_handler'
[15:40:25] [spechunter] [Grep] pattern='nmi|NMI|non-maskable'
[15:40:25] [spechunter] [Grep] pattern='intr_irq_handler|intr_isrc_dispatch'
[15:40:25] [spechunter] [Grep] pattern='INTR_ROOT|root_num|intr_pic_claim_root'
[15:40:28] [spechunter] [Grep] pattern='\\bsip\\b'
[15:40:28] [spechunter] [Grep] pattern='CSRs\\.sip\\b'
[15:40:28] [spechunter] [Grep] pattern='mieIsAlias|mipIsAlias'
[15:40:28] [spechunter] [Grep] pattern='\\bsie\\b'
[15:40:28] [spechunter] [Grep] pattern='\\bmip\\b'
[15:40:29] [spechunter] [Read] /home/yzs/riscv/opensbi/firmware/fw_base.S
[15:40:29] [spechunter] [Read] /home/yzs/riscv/opensbi/platform/generic/include/thead/c9xx_encoding.h
[15:40:29] [spechunter] [Read] /home/yzs/riscv/opensbi/platform/generic/include/eswin/hfp.h
[15:40:29] [spechunter] [Read] /home/yzs/riscv/freebsd-src/sys/riscv/vmm/vmm_riscv.c
[15:40:29] [spechunter] [Read] /home/yzs/riscv/freebsd-src/sys/riscv/vmm/vmm.c
[15:40:29] [spechunter] [Read] /home/yzs/riscv/freebsd-src/sys/riscv/riscv/machdep.c
[15:40:29] [spechunter] [Read] /home/yzs/riscv/freebsd-src/sys/riscv/riscv/mp_machdep.c
[15:40:29] [spechunter] [Grep] pattern='locore.*event|locore.*NMI|locore.*irq'
[15:40:29] [spechunter] [Read] /home/yzs/riscv/freebsd-src/sys/riscv/include/riscvreg.h
[15:40:33] [spechunter] [Read] /home/yzs/riscv/XiangShan/src/main/scala/xiangshan/backend/fu/NewCSR/CSRPermitModule.scala
[15:40:33] [spechunter] [Read] /home/yzs/riscv/XiangShan/src/main/scala/xiangshan/backend/fu/NewCSR/NewCSR.scala
[15:40:33] [spechunter] [Read] /home/yzs/riscv/XiangShan/rocket-chip/src/main/scala/devices/tilelink/Plic.scala
[15:40:33] [spechunter] [Grep] pattern='mstatus.*MIE|MIE.*mstatus|sstatus.*SIE|SIE.*sstatus'
[15:40:33] [spechunter] [Read] /home/yzs/riscv/XiangShan/src/main/scala/xiangshan/backend/fu/NewCSR/CSREvents/TrapEntryHSEvent.scala
[15:40:33] [spechunter] [Read] /home/yzs/riscv/XiangShan/src/main/scala/xiangshan/backend/fu/NewCSR/CSREvents/SretEvent.scala
[15:40:35] [spechunter] [Read] /home/yzs/riscv/XiangShan/src/main/scala/xiangshan/backend/fu/NewCSR/CSREvents/TrapEntryMNEvent.scala
[15:40:35] [spechunter] [Read] /home/yzs/riscv/XiangShan/src/main/scala/xiangshan/backend/fu/NewCSR/CSREvents/MNretEvent.scala
[15:40:35] [spechunter] [Read] /home/yzs/riscv/XiangShan/src/main/scala/xiangshan/backend/fu/NewCSR/CSRPermitModule.scala
[15:40:35] [spechunter] [Read] /home/yzs/riscv/XiangShan/src/main/scala/xiangshan/backend/fu/NewCSR/DebugLevel.scala
[15:40:35] [spechunter] [Read] /home/yzs/riscv/XiangShan/src/main/scala/xiangshan/backend/fu/NewCSR/NewCSR.scala
[15:40:36] [spechunter] [Glob] **/*sbi*
[15:40:36] [spechunter] [Glob] **/*sbi*
[15:40:36] [spechunter] [Grep] pattern='SBI_EXT'
[15:40:36] [spechunter] [Grep] pattern='SBI_EXT'
[15:40:36] [spechunter] [Grep] pattern='0x535345|0x535350'
[15:40:37] [spechunter] [Grep] pattern='SBI_EXT_ID|EXT_ID|SBI_ERR|UNKNOWN|NMI|SSE'
[15:40:37] [spechunter] [Grep] pattern='SBI_EXT_ID|EXT_ID_SSE|EXT_ID_HSM|EXT_ID_SRST|EXT_ID_DBCN'
[15:40:37] [spechunter] [Grep] pattern='SBI_EXT_ID|EXT_ID_SSE|EXT_ID_HSM|EXT_ID_SRST'
[15:40:37] [spechunter] [Read] /home/yzs/riscv/freebsd-src/sys/riscv/vmm/vmm_aplic.h
[15:40:37] [spechunter] [Read] /home/yzs/riscv/freebsd-src/sys/riscv/vmm/vmm_aplic.c
[15:40:37] [spechunter] [Read] /home/yzs/riscv/freebsd-src/sys/riscv/vmm/vmm_vtimer.h
[15:40:37] [spechunter] [Read] /home/yzs/riscv/freebsd-src/sys/riscv/vmm/vmm_vtimer.c
[15:40:41] [spechunter] [Grep] pattern='software.interrupt|SSIP|ssip|msip|MSIP|ipend_ss|ipend_ssip|MipSSIP|interrupt.*software|SoftwareInt|software_int'
[15:40:41] [spechunter] [Grep] pattern='software.interrupt|SSIP|ssip|msip|MSIP|MipSSIP'
[15:40:41] [spechunter] [Read] /home/yzs/riscv/XiangShan/src/main/scala/xiangshan/backend/fu/NewCSR/CSRAIA.scala
[15:40:41] [spechunter] [Grep] pattern='CLINT|clint|Clint|software.*interrupt|msip|MSIP'
[15:40:41] [spechunter] [Read] /home/yzs/riscv/XiangShan/src/main/scala/xiangshan/backend/fu/NewCSR/InterruptBundle.scala
[15:40:45] [spechunter] [Grep] pattern='intr_irq_handler|intr_isrc_dispatch'
[15:40:45] [spechunter] [Grep] pattern='intr_irq_handler|intr_isrc_dispatch|INTR_ROOT'
[15:40:45] [spechunter] [Grep] pattern='UNKNOWN_NMI|unknown_nmi|0xffff8001'
[15:40:45] [spechunter] [Grep] pattern='SBI_EXT|sbi_ext|sbi_probe|sbi_get_spec'
[15:40:45] [spechunter] [Grep] pattern='intr_isrc_dispatch|spuri|unknown|unexpected|default'
[15:40:45] [spechunter] [Grep] pattern='ipi_self_from_nmi'
[15:40:47] [spechunter] [Grep] pattern='SCAUSE_|#define.*SCAUSE'
[15:40:47] [spechunter] [Read] /home/yzs/riscv/freebsd-src/sys/riscv/include/intr.h
[15:40:47] [spechunter] [Grep] pattern='INTC_NIRQS|IRQ_EXTERNAL|IRQ_SOFTWARE|IRQ_TIMER'
[15:40:47] [spechunter] [Grep] pattern='vmm_sbi_ecall|SBI_EXT_ID_BASE|probe_extension'
[15:40:49] [spechunter] [Read] /home/yzs/riscv/linux/drivers/mailbox/riscv-sbi-mpxy-mbox.c
[15:40:49] [spechunter] [Grep] pattern='NMI|nmi|handle_nmi|riscv_nmi'
[15:40:49] [spechunter] [Grep] pattern='NMI|nmi|handle_nmi'
[15:40:53] [spechunter] [Read] /home/yzs/riscv/qemu/target/riscv/sbi_ecall_interface.h
[15:40:53] [spechunter] [Glob] **/sbi*
[15:40:53] [spechunter] [Read] /home/yzs/riscv/qemu/analysis_zicfiss_sse_cascade.json
[15:40:53] [spechunter] [Grep] pattern='SBI_EXT_SSE|SBI_EXT_SUSP|SBI_EXT_CPPC|SBI_EXT_PMU|SBI_EXT_STA|SBI_EXT_FWFT|SBI_EXT_MPXY|SBI_EXT_DBTR|SBI_EXT_NACL|SBI_EXT_C_EXT'
[15:40:55] [spechunter] [Grep] pattern='ecall|SBI|sbi|event|inject|NMI|nmi'
[15:40:55] [spechunter] [Glob] usr.sbin/bhyve/**/*.c
[15:40:55] [spechunter] [Grep] pattern='SCAUSE_ECALL|ECALL|ecall'
[15:40:55] [spechunter] [Grep] pattern='NMI|nmi|VM_INTINFO_NMI'
[15:40:56] [spechunter] [Grep] pattern='class MipBundle|class MieBundle|class SipBundle|class SieBundle|class VSipBundle|class VSieBundle'
[15:40:56] [spechunter] [Read] /home/yzs/riscv/XiangShan/src/main/scala/xiangshan/backend/fu/NewCSR/CSRBundles.scala
[15:40:56] [spechunter] [Grep] pattern='platformIRP|meip|seip|MTIP|MSIP'
[15:40:56] [spechunter] [Grep] pattern='platformIRP|meip|MSIP|MTIP|SEIP|STIP|VSEIP|VSTIP|debugIP'
[15:40:57] [spechunter] [Grep] pattern='firmware.*sse|SSE.*firmware'
[15:40:57] [spechunter] [Grep] pattern='0xffff0001|LOCAL_UNKNOWN|local_unknown'
[15:40:57] [spechunter] [Grep] pattern='sse'
[15:40:57] [spechunter] [Grep] pattern='event_id.*0xffff|0xffff.*event'
[15:40:59] [spechunter] [text] Let me also search for the specific PR context — the `0xffff8001` event ID and any "unknown" event references in actual ...
[15:40:59] [spechunter] [Grep] pattern='0xffff8001|ffff8001'
[15:40:59] [spechunter] [Grep] pattern='unknown'
[15:40:59] [spechunter] [Grep] pattern='unknown'
[15:41:01] [spechunter] [Read] /home/yzs/riscv/XiangShan/src/main/scala/xiangshan/backend/fu/NewCSR/NewCSR.scala
[15:41:01] [spechunter] [Read] /home/yzs/riscv/XiangShan/src/main/scala/xiangshan/backend/fu/NewCSR/NewCSR.scala
[15:41:01] [spechunter] [Read] /home/yzs/riscv/XiangShan/src/main/scala/xiangshan/backend/fu/NewCSR/NewCSR.scala
[15:41:01] [spechunter] [Grep] pattern='NMI|nmi|nonMask|non_mask'
[15:41:01] [spechunter] [Grep] pattern='TrapEntryMN'
[15:41:01] [spechunter] [Grep] pattern='\\bsse\\b|SSE|SbiSse|sbi_sse|SBI_ext_SSE'
[15:41:03] [spechunter] [Grep] pattern='sse_event_id|SSE_EVENT|SBI_MPXY.*SSE|event_id|sse_handler|sse_complete'
[15:41:03] [spechunter] [Grep] pattern='handle_nmi|riscv_nmi|do_riscv_nmi|nmi_handler|NMI_SEL|mncause.*nmi'
[15:41:07] [spechunter] [Grep] pattern='event|EVENT'
[15:41:07] [spechunter] [Grep] pattern='event|EVENT'
[15:41:07] [spechunter] [Grep] pattern='SBI|sbi|ecall|ECALL'
[15:41:07] [spechunter] [Read] /home/yzs/riscv/freebsd-src/sys/riscv/include/vmm.h
[15:41:07] [spechunter] [Grep] pattern='VM_INTINFO_NMI|inject.*nmi|nmi.*inject'
[15:41:07] [spechunter] [Grep] pattern='exception|EXCEPTION|inject_exception|vm_inject'
[15:41:08] [spechunter] [Grep] pattern='platformIRP|MEIP|MSIP|MTIP|SEIP|STIP|VSEIP|VSTIP|debugIP|plic|CLINT|msip|mtip'
[15:41:08] [spechunter] [Grep] pattern='class MipBundle|class MieBundle|class SipBundle|class SieBundle|class VSipBundle|class VSieBundle|class HipBundle|class HieBundle'
[15:41:08] [spechunter] [Grep] pattern='CSRToAIA|AIAToCSR|HasAIABundle|aiaToCSR'
[15:41:09] [spechunter] [Grep] pattern='sse_event_inject|sse_inject'
[15:41:09] [spechunter] [Grep] pattern='mnvec|MNEPC|MNCAUSE|MNSTATUS|MNSCRATCH|mnmica|cause.*nmi'
[15:41:09] [spechunter] [Read] /home/yzs/riscv/opensbi/firmware/fw_base.S
[15:41:11] [spechunter] [Grep] pattern='nmi|NMI|nonMaskable|NonMaskable'
[15:41:11] [spechunter] [Grep] pattern='nmi|NMI|nonMaskable|NonMaskable'
[15:41:11] [spechunter] [Grep] pattern='nmi|NMI|nonMaskable|NonMaskable'
[15:41:11] [spechunter] [Grep] pattern='nmi|NMI|nonMaskable|NonMaskable'
[15:41:11] [spechunter] [Grep] pattern='nmi|NMI|nonMaskable|NonMaskable'
[15:41:11] [spechunter] [Grep] pattern='nmi|NMI|nonMaskable|NonMaskable'
[15:41:11] [spechunter] [Read] /home/yzs/riscv/linux/arch/riscv/kernel/traps.c
[15:41:11] [spechunter] [Read] /home/yzs/riscv/linux/arch/riscv/kernel/smp.c
[15:41:12] [spechunter] [Grep] pattern='SieBundle|SipBundle|MipBundle'
[15:41:12] [spechunter] [Grep] pattern='\\bsie\\b|\\bmie\\b'
[15:41:12] [spechunter] [Grep] pattern='toMie|toMip|toSie|toSip|fromSie|fromMip|fromSip'
[15:41:12] [spechunter] [Grep] pattern='\\.InterruptFilter|\\bIntrMod\\b|\\bintrMod\\b'
[15:41:13] [spechunter] [Grep] pattern='0x535345'
[15:41:13] [spechunter] [Grep] pattern='sse_register|sse_unregister|sse_enable|sse_disable|sse_complete|sse_inject|sse_write'
[15:41:13] [spechunter] [Grep] pattern='SBI_EXT_SSE'
[15:41:13] [spechunter] [Glob] **/riscv_sbi*
[15:41:13] [spechunter] [Grep] pattern='supervisor.*event|event.*supervisor'
[15:41:13] [spechunter] [Glob] **/*sse*.adoc
[15:41:13] [spechunter] [Glob] **/ext-sse*
[15:41:13] [spechunter] [Read] /home/yzs/riscv/XiangShan/src/main/scala/xiangshan/backend/fu/NewCSR/NewCSR.scala
[15:41:13] [spechunter] [Grep] pattern='platformIRP|PLATFORM_SSIP|platform.*irp|software.*interrupt|legacy.*interrupt|external.*interrupt|aia.*interrupt|IMSIC|imsic'
[15:41:13] [spechunter] [Grep] pattern='platformIRP'
[15:41:27] [spechunter] [Read] /home/yzs/riscv/freebsd-src/usr.sbin/bhyve/riscv/vmexit.c
[15:41:27] [spechunter] [Read] /home/yzs/riscv/freebsd-src/usr.sbin/bhyve/riscv/bhyverun_machdep.c
[15:41:27] [spechunter] [Grep] pattern='SCAUSE_ECALL|SCAUSE_VIRTUAL_SUPERVISOR_ECALL|SCAUSE_INTR'
[15:41:27] [spechunter] [Grep] pattern='SCAUSE_FETCH_GUEST_PAGE_FAULT|SCAUSE_LOAD_GUEST_PAGE_FAULT|SCAUSE_STORE_GUEST_PAGE_FAULT'
[15:41:27] [spechunter] [Grep] pattern='SCAUSE_ECALL|ECALL|sse|SSE|NMI'
[15:41:29] [spechunter] [Grep] pattern='Smrnmi|smrnmi|smrnmi'
[15:41:29] [spechunter] [Grep] pattern='unknown'
[15:41:29] [spechunter] [Grep] pattern='.'
[15:41:29] [spechunter] [Read] /home/yzs/riscv/XiangShan/src/main/scala/xiangshan/backend/fu/NewCSR/CSREvents/TrapEntryMNEvent.scala
[15:41:29] [spechunter] [Read] /home/yzs/riscv/XiangShan/src/main/scala/xiangshan/Bundle.scala
[15:41:29] [spechunter] [Grep] pattern='ExceptionNO|priorities|getHigherExcpThan'
[15:41:29] [spechunter] [Read] /home/yzs/riscv/XiangShan/src/main/scala/xiangshan/XSDts.scala
[15:41:29] [spechunter] [Grep] pattern='nmi|NMI|nonMaskable|NonMaskable'
[15:41:29] [spechunter] [Read] /home/yzs/riscv/XiangShan/src/main/scala/xiangshan/XSTile.scala
[15:41:29] [spechunter] [Read] /home/yzs/riscv/XiangShan/src/main/scala/top/XSNoCTop.scala
[15:41:29] [spechunter] [Read] /home/yzs/riscv/XiangShan/src/main/scala/xiangshan/backend/fu/NewCSR/MachineLevel.scala
[15:41:29] [spechunter] [Grep] pattern='platformIRP|PlatformIRP|platform_irp'
[15:41:29] [spechunter] [Grep] pattern='ext.sse|ext-sse|supervisor.software.event'
[15:41:29] [spechunter] [Read] /home/yzs/riscv/XiangShan/src/main/scala/xiangshan/backend/fu/NewCSR/CSRPermitModule.scala
[15:41:36] [spechunter] [Read] /home/yzs/riscv/freebsd-src/sys/riscv/riscv/locore.S
[15:41:36] [spechunter] [Read] /home/yzs/riscv/freebsd-src/sys/riscv/vmm/vmm_riscv.c
[15:41:36] [spechunter] [Read] /home/yzs/riscv/freebsd-src/sys/riscv/vmm/vmm_riscv.c
[15:41:36] [spechunter] [Read] /home/yzs/riscv/freebsd-src/sys/riscv/vmm/vmm_riscv.c
[15:41:36] [spechunter] [Grep] pattern='SBI_SSE|ext.sse|0xffff8001'
[15:41:36] [spechunter] [Grep] pattern='sse'
[15:41:36] [spechunter] [Glob] drivers/firmware/*sse*
[15:41:36] [spechunter] [Glob] **/sse/**
[15:41:36] [spechunter] [Grep] pattern='sse|SSE'
[15:41:37] [spechunter] [Grep] pattern='0x535345'
[15:41:37] [spechunter] [Grep] pattern='SBI_EXT_SSE'
[15:41:37] [spechunter] [Bash] ls /home/yzs/riscv/qemu/target/riscv/kvm/
[15:41:37] [spechunter] [Grep] pattern='SBI_EXT_S|SBI.*extension|sbi_ecall'
[15:41:37] [spechunter] [Grep] pattern='SBI_EXT'
[15:41:46] [spechunter] [text] Now let me verify there's no SSE implementation anywhere, and check the RISC-V interrupt controller paths that would be ...
[15:41:46] [spechunter] [Grep] pattern='SSE|sse_event|sse_complete|SBI_EXT_SSE|supervisor.*software.*event'
[15:41:46] [spechunter] [Grep] pattern='0x535345|0x53535345|ext_sse'
[15:41:46] [spechunter] [Grep] pattern='beu.*int|BEU.*int|busErrorUnit.*int|BusError.*interrupt'
[15:41:46] [spechunter] [Grep] pattern='beu.*nmi|nmi.*beu|beu_local_int'
[15:41:46] [spechunter] [Read] /home/yzs/riscv/XiangShan/src/main/scala/xiangshan/mem/MemBlock.scala
[15:41:46] [spechunter] [Grep] pattern='interruptNO|InterruptNO|interruptNo|interrupt_no|trapCode|interrupt.*filter|filter.*interrupt|topI|TopI'
[15:41:46] [spechunter] [Grep] pattern='class IntModule|class InterruptFilter|object InterruptFilter|interruptFilter|trapFilter'
[15:41:46] [spechunter] [Grep] pattern='standalone.*CLINT|StandAloneCLINT|clint'
[15:41:46] [spechunter] [Grep] pattern='ext_sse|ext-sse|supervisor_software_event|SBI_SSE|SSE.*event|event.*SSE'
[15:41:52] [spechunter] [Read] /home/yzs/riscv/XiangShan/src/main/scala/xiangshan/backend/fu/NewCSR/InterruptFilter.scala
[15:41:52] [spechunter] [Read] /home/yzs/riscv/XiangShan/src/main/scala/xiangshan/backend/fu/NewCSR/NewCSR.scala
[15:41:57] [spechunter] [text] Let me do one final round of targeted searches
[15:41:57] [spechunter] [Grep] pattern='SBI_EXT_SSE|SSE_EVENT_GLOBAL|SSE_EVENT_LOCAL|UNKNOWN_NMI'
[15:41:57] [spechunter] [Grep] pattern='ext.sse|SSE extension|supervisor.software.event'
[15:41:57] [spechunter] [Grep] pattern='sbi_ext.*sse|sse.*sbi'
[15:41:57] [spechunter] [Grep] pattern='INTERRUPTED_SEPC|INTERRUPTED_FLAGS|INTERRUPTED_A6'
[15:42:02] [spechunter] [Bash] Search git history for SSE-related commits
[15:42:02] [spechunter] [Bash] Search git history for SBI extension-related commits
[15:42:02] [spechunter] [Grep] pattern='SBI_EXT_PMU|SBI_EXT_STA|SBI_EXT_FWFT|SBI_EXT_SUSP|SBI_EXT_MPXY|SBI_EXT_DBTR|SBI_EXT_SSE'
[15:42:02] [spechunter] [Bash] Check git branches for any SSE work
[15:42:02] [spechunter] [Grep] pattern='sbi_spec|SBI_SPEC|sbi_v|SBI_VERSION|spec_version'
[15:42:06] [spechunter] [text] Let me now look at the RISC-V entry assembly, the IMSIC driver (where SSE events would be delivered), and KVM paths.  
[15:42:06] [spechunter] [Grep] pattern='SSE|sse|supervisor.software|0x535345'
[15:42:06] [spechunter] [Grep] pattern='SSE|sse'
[15:42:06] [spechunter] [Glob] arch/riscv/kernel/*entry*
[15:42:11] [spechunter] [Read] /home/yzs/riscv/XiangShan/src/main/scala/xiangshan/backend/fu/NewCSR/TrapHandleModule.scala
[15:42:11] [spechunter] [Grep] pattern='platformIRP|interrupt.*XSTile|MSIP.*SEIP|SSIP.*msip|intrVec.*S|SInt.*deliver'
[15:42:11] [spechunter] [Grep] pattern='platformIRP|msip|msi_|SSIP|ext.*interrupt|interrupt.*tile'
[15:42:11] [spechunter] [Grep] pattern='platformIRP|msip|interrupt|SSIP'
[15:42:15] [spechunter] [Read] /home/yzs/riscv/freebsd-src/sys/kern/subr_intr.c
[15:42:15] [spechunter] [Read] /home/yzs/riscv/freebsd-src/sys/riscv/include/sbi.h
[15:42:15] [spechunter] [Grep] pattern='SBI|sbi|SSE|sse'
[15:42:15] [spechunter] [Grep] pattern='nmi_handler|register_nmi|nmi_call_kthread'
[15:42:16] [spechunter] [Bash] List roms directory
[15:42:16] [spechunter] [Glob] roms/opensbi/**/*sse*
[15:42:16] [spechunter] [Grep] pattern='SBI_EXT_SSE|supervisor.*software.*event|sse.*event|SSE_EVENT'
[15:42:16] [spechunter] [Glob] roms/opensbi/**/*sse*
[15:42:16] [spechunter] [Grep] pattern='ecall|sbi_ecall|SBI'
[15:42:20] [spechunter] [TodoWrite] 5 items
[15:42:34] [spechunter] [Read] /home/yzs/riscv/XiangShan/src/main/scala/top/XSNoCTop.scala
[15:42:34] [spechunter] [Read] /home/yzs/riscv/XiangShan/src/main/scala/xiangshan/XSTileWrap.scala
[15:42:34] [spechunter] [Grep] pattern='SSE|supervisor.software.event|SBI_SSE'
[15:42:34] [spechunter] [Grep] pattern='sse_event|SSE_EVENT|sse_notif|SSE_NOTIF|sse.*handler|SSEHandler'
[15:42:34] [spechunter] [Glob] **/*sse*.*
[15:42:51] [spechunter] [Read] /home/yzs/riscv/freebsd-src/sys/riscv/vmm/vmm_riscv.c
[15:42:51] [spechunter] [Read] /home/yzs/riscv/freebsd-src/sys/riscv/vmm/riscv.h
[15:42:51] [spechunter] [Read] /home/yzs/riscv/freebsd-src/sys/riscv/vmm/vmm.c
[15:42:51] [spechunter] [Grep] pattern='SCAUSE_VIRTUAL_SUPERVISOR_ECALL|VS_ECALL|v_ecall'
[15:42:55] [spechunter] [text] Let me search the codebase thoroughly for the relevant code paths
[15:42:55] [spechunter] [Grep] pattern='sse|SSE'
[15:42:55] [spechunter] [Grep] pattern='mncause|mnepc|mnstatus|RNMI|rnmi|nmi|NMI'
[15:42:55] [spechunter] [Grep] pattern='INTERRUPTED_SEPC|INTERRUPTED_FLAGS|ENTRY_ARG|ENTRY_PC'
[15:42:55] [spechunter] [Grep] pattern='GLOBAL_UNKNOWN_NMI|unknown_nmi|UNKNOWN_NMI'
[15:42:56] [spechunter] [Grep] pattern='ecall'
[15:42:56] [spechunter] [Grep] pattern='ecall'
[15:42:56] [spechunter] [Grep] pattern='ecall'
[15:42:56] [spechunter] [Bash] List OpenSBI directory contents
[15:42:58] [spechunter] [Read] /home/yzs/riscv/freebsd-src/sys/x86/x86/cpu_machdep.c
[15:42:58] [spechunter] [Read] /home/yzs/riscv/freebsd-src/sys/kern/subr_intr.c
[15:42:58] [spechunter] [Grep] pattern='sse.*event|UNKNOWN_NMI|SBI_EXT_SSE'
[15:42:58] [spechunter] [Grep] pattern='misa|MISA|mideleg|medeleg'
[15:43:04] [spechunter] [text] ```json {   "locations": [     {       "file_path": "arch/riscv/include/asm/sbi.h",       "function_name": "(global scop...
[15:43:06] [spechunter] [Grep] pattern='#define\\s+SCAUSE|#define\\s+IRQ_'
[15:43:06] [spechunter] [Grep] pattern='SCAUSE_ECALL|ECALL_SUPERVISOR|SCAUSE_VIRTUAL'
[15:43:06] [spechunter] [Grep] pattern='SCAUSE_VIRTUAL_SUPERVISOR_ECALL'
[15:43:06] [spechunter] [Read] /home/yzs/riscv/freebsd-src/sys/riscv/vmm/vmm_switch.S
[15:43:07] [spechunter] [Read] /home/yzs/riscv/XiangShan/src/main/scala/xiangshan/Bundle.scala
[15:43:07] [spechunter] [Grep] pattern='platformIRP|MEIP|SEIP|MSIP|SSIP|VSSIP'
[15:43:07] [spechunter] [Grep] pattern='software.interrupt|ssip|SSIP|msip|MSIP|MsiInfo'
[15:43:07] [spechunter] [Grep] pattern='SSIP|ssip|msip|MSIP|platformIRP'
[15:43:07] [spechunter] [Glob] **/ext*.adoc
[15:43:08] [spechunter] [Read] /home/yzs/riscv/linux/arch/riscv/kernel/entry.S
[15:43:08] [spechunter] [Grep] pattern='handle_arch_irq|handle_domain_irq|riscv_handle_irq'
[15:43:12] [spechunter] [Bash] Check if opensbi is a submodule
[15:43:12] [spechunter] [Grep] pattern='riscv_cpu_do_interrupt'
[15:43:12] [spechunter] [Grep] pattern='ECALL_M|RISCV_EXCP_S_ECALL|RISCV_EXCP_VS_ECALL'
[15:43:12] [spechunter] [Grep] pattern='event_id|event_id'
[15:43:12] [spechunter] [Grep] pattern='event_id|event_id'
[15:43:13] [spechunter] [text] Now let me read the key files that implement the SSE event injection and trap handling.  
[15:43:13] [spechunter] [Read] /home/yzs/riscv/opensbi/lib/sbi/sbi_sse.c
[15:43:13] [spechunter] [Read] /home/yzs/riscv/opensbi/lib/sbi/sbi_trap.c
[15:43:13] [spechunter] [Read] /home/yzs/riscv/opensbi/include/sbi/sbi_sse.h
[15:43:13] [spechunter] [Read] /home/yzs/riscv/opensbi/include/sbi/sbi_ecall_interface.h
[15:43:16] [spechunter] [Read] /home/yzs/riscv/XiangShan/src/main/scala/xiangshan/backend/fu/wrapper/CSR.scala
[15:43:16] [spechunter] [Grep] pattern='externalInterrupt|ExternalIntr|external_intr'
[15:43:16] [spechunter] [Grep] pattern='class XSCoreBase|class XSCore|externalInterrupt'
[15:43:16] [spechunter] [Glob] **/doc*/**
[15:43:27] [spechunter] [Read] /home/yzs/riscv/freebsd-src/sys/riscv/riscv/aplic.c
[15:43:27] [spechunter] [Grep] pattern='mideleg|medeleg|misa|mtvec'
[15:43:27] [spechunter] [Grep] pattern='mideleg|medeleg|misa|m.*interrupt|mtvec|stvec'
[15:43:27] [spechunter] [Grep] pattern='SIE_SSIE|SIE_STIE|SIE_SEIE|meip|seip|mie|sie'
[15:43:38] [spechunter] [text] Now let me check the IMSIC driver and KVM paths for anything SSE-adjacent
[15:43:38] [spechunter] [Read] /home/yzs/riscv/linux/arch/riscv/kernel/irq.c
[15:43:38] [spechunter] [Grep] pattern='imsic.*handle|handle_imsic|riscv_imsic.*irq'
[15:43:42] [spechunter] [Grep] pattern='IRQ_|NMI|SBI'
[15:43:42] [spechunter] [Grep] pattern='VM_INJECT_EXCEPTION|vm_inject_exception|inject'
[15:43:42] [spechunter] [Grep] pattern='has_exception'
[15:43:42] [spechunter] [Grep] pattern='ECALL_SUPERVISOR|DO_TRAP_ECALL|ECALL_FROM_S_MODE'
[15:43:42] [spechunter] [Read] /home/yzs/riscv/freebsd-src/sys/riscv/riscv/trap.c
[15:43:53] [spechunter] [text] Now let me read the SSE ecall file, the firmware base (where trap entry happens), and look for NMI/RNMI handling.  
[15:43:53] [spechunter] [Read] /home/yzs/riscv/opensbi/lib/sbi/sbi_ecall_sse.c
[15:43:53] [spechunter] [Read] /home/yzs/riscv/opensbi/firmware/fw_base.S
[15:43:53] [spechunter] [Read] /home/yzs/riscv/opensbi/include/sbi/sbi_trap.h
[15:43:53] [spechunter] [Read] /home/yzs/riscv/opensbi/include/sbi/riscv_encoding.h
[15:43:56] [spechunter] [Read] /home/yzs/riscv/XiangShan/src/main/scala/xiangshan/mem/MemBlock.scala
[15:43:56] [spechunter] [Grep] pattern='class ExternalIRQGen|ExternalInterrupt|class.*Interrupt.*IO'
[15:43:56] [spechunter] [Grep] pattern='timeOut|sstc|Sstc|STIMECMP|stimecmp|SendSsip|sendSsip|CLINT.*msip|msip.*inject'
[15:43:56] [spechunter] [Bash] Look for spec documentation in rocket-chip
[15:43:57] [spechunter] [Grep] pattern='sse_event_id|notif|notification|event_id'
[15:43:57] [spechunter] [Grep] pattern='SSE|sse|SBI.*SSE|supervisor.*software'
[15:44:07] [spechunter] [Grep] pattern='^#define\\s+IRQ_'
[15:44:07] [spechunter] [Read] /home/yzs/riscv/freebsd-src/sys/riscv/include/riscvreg.h
[15:44:07] [spechunter] [Read] /home/yzs/riscv/freebsd-src/sys/riscv/include/vmm_instruction_emul.h
[15:44:11] [spechunter] [Read] /home/yzs/.claude/projects/-home-yzs-riscv-XiangShan/3f2b4924-0ee2-4397-a3b0-89b061aeb486/tool-results/call_ee0fc3c8fc0b4134b5106a83.txt
[15:44:11] [spechunter] [Read] /home/yzs/.claude/projects/-home-yzs-riscv-XiangShan/3f2b4924-0ee2-4397-a3b0-89b061aeb486/tool-results/call_7204a8e3d7c245eea2817c97.txt
[15:44:13] [spechunter] [Read] /home/yzs/riscv/freebsd-src/sys/riscv/riscv/locore.S
[15:44:13] [spechunter] [Grep] pattern='MIDELEG|MEDELEG|MIP_|MSTATUS_MIE|MIE_|IE_'
[15:44:13] [spechunter] [Read] /home/yzs/riscv/freebsd-src/sys/riscv/riscv/locore.S
[15:44:13] [spechunter] [Grep] pattern='nmi_handle|nmi_handler|nmi_call'
[15:44:15] [spechunter] [Read] /home/yzs/riscv/linux/drivers/mailbox/riscv-sbi-mpxy-mbox.c
[15:44:15] [spechunter] [Read] /home/yzs/riscv/linux/drivers/mailbox/riscv-sbi-mpxy-mbox.c
[15:44:25] [spechunter] [Read] /home/yzs/riscv/freebsd-src/sys/riscv/vmm/vmm_fence.h
[15:44:25] [spechunter] [Read] /home/yzs/riscv/freebsd-src/sys/riscv/vmm/vmm_stat.h
[15:44:25] [spechunter] [Grep] pattern='hedeleg|hideleg|HVIP_|hie'
[15:44:25] [spechunter] [Grep] pattern='IRQ_SOFTWARE_HYPERVISOR|IRQ_TIMER_HYPERVISOR|IRQ_EXTERNAL_HYPERVISOR'
[15:44:31] [spechunter] [Read] /home/yzs/riscv/XiangShan/src/main/scala/xiangshan/backend/fu/NewCSR/SstcInterruptGen.scala
[15:44:31] [spechunter] [Grep] pattern='class ExternalInterruptIO|new ExternalInterruptIO'
[15:44:35] [spechunter] [Bash] Check recent entries in the session transcript JSONL
[15:44:35] [spechunter] [Read] /home/yzs/.claude/projects/-home-yzs-riscv-XiangShan/3f2b4924-0ee2-4397-a3b0-89b061aeb486/tool-results/call_ee0fc3c8fc0b4134b5106a83.txt
[15:44:50] [spechunter] [Read] /home/yzs/riscv/XiangShan/src/main/scala/xiangshan/Bundle.scala
[15:44:50] [spechunter] [Grep] pattern='MsiInfo|msiInfo|msi_info|MSI_INFO'
[15:44:50] [spechunter] [Grep] pattern='MsiInfo|msi_info'
[15:44:52] [spechunter] [text] The agent found no SSE implementation in QEMU's RISC-V target. But let me verify this more carefully by checking the SBI...
[15:44:52] [spechunter] [Grep] pattern='sbi_ecall'
[15:44:52] [spechunter] [Grep] pattern='0xffff[0-9a-fA-F]{4}'
[15:44:52] [spechunter] [Grep] pattern='event.id|event_id|event_idx'
[15:44:52] [spechunter] [Glob] **/opensbi/**/*sse*
[15:44:53] [spechunter] [Bash] Read the last 50 lines of the JSONL file
[15:45:03] [spechunter] [Grep] pattern='handle_arch_irq|vp_handle_irq_domain'
[15:45:03] [spechunter] [Grep] pattern='handle_arch_irq|set_handle_irq'
[15:45:06] [spechunter] [text] Let me check the KVM SBI handling and the SBI ecall dispatch for any SSE-related paths.  
[15:45:06] [spechunter] [Read] /home/yzs/riscv/qemu/target/riscv/kvm/kvm-cpu.c
[15:45:06] [spechunter] [Grep] pattern='SBI_EXT|sbi_ext|ecall'
[15:45:06] [spechunter] [Bash] List opensbi ROM directory
[15:45:06] [spechunter] [Grep] pattern='SBI_EXT'
[15:45:11] [spechunter] [Grep] pattern='imsic|IMSIC|aia'
[15:45:11] [spechunter] [Grep] pattern='interrupt|IntrGen|intrgen|intrsource|msip|msi_info|msiInfo'
[15:45:11] [spechunter] [Read] /home/yzs/riscv/XiangShan/src/main/scala/system/SoC.scala
[15:45:13] [spechunter] [Read] /home/yzs/riscv/freebsd-src/sys/riscv/riscv/sbi.c
[15:45:13] [spechunter] [Grep] pattern='deleg|DELEG|MIE|mie|mstatus'
[15:45:13] [spechunter] [Grep] pattern='intc|plic|interrupt|nmi|trap|spuri'
[15:45:13] [spechunter] [Grep] pattern='spuri|unexpected|unknown|default|stray'
[15:45:19] [spechunter] [Read] /home/yzs/riscv/freebsd-src/sys/riscv/include/intr.h
[15:45:19] [spechunter] [Grep] pattern='HVIP_VSEIP|HVIP_VSSIP|HVIP_VSTIP'
[15:45:19] [spechunter] [Grep] pattern='HIE_VSEIE|HIE_VSSIE|HIE_SGEIE'
[15:45:25] [spechunter] [text] Let me look at the riscv-intc driver and the IMSIC platform driver to understand the full interrupt path.  
[15:45:25] [spechunter] [Read] /home/yzs/riscv/linux/drivers/irqchip/irq-riscv-intc.c
[15:45:25] [spechunter] [Grep] pattern='handle_arch_irq|set_handle_irq|imsic_irqd_handle'
[15:45:33] [spechunter] [Bash] Read the very last part of the JSONL file
[15:45:41] [spechunter] [text] Let me also check the KVM kernel headers and any interrupt injection / event routing code for completeness
[15:45:41] [spechunter] [Grep] pattern='KVM_RISCV_SBI_EXT'
[15:45:41] [spechunter] [Grep] pattern='reserved|RESERVED'
[15:45:41] [spechunter] [Read] /home/yzs/riscv/qemu/target/riscv/sbi_ecall_interface.h
[15:45:42] [spechunter] [text] Let me also check the platform-specific headers that mention mncause and related registers
[15:45:42] [spechunter] [Grep] pattern='mncause|mnepc|mnstatus|mnscratch|RNMI|rnmi|mtvec2|MTVEC2'
[15:45:42] [spechunter] [Grep] pattern='sbi_sse_inject|sse_inject_event|sse_process_pending|process_pending'
[15:45:42] [spechunter] [Grep] pattern='ENTRY_PC|ENTRY_ARG|entry.pc|entry.arg|interrupted.sepc|interrupted.flags'
[15:45:52] [spechunter] [text] Now I have a thorough understanding. Let me also verify there are no recent commits adding SSE
[15:45:52] [spechunter] [TodoWrite] 5 items
[15:45:53] [spechunter] [text] Here is the complete location report:  ```json {   "locations": [     {       "file_path": "include/sbi/sbi_ecall_interf...
[15:45:54] [spechunter] [text] Let me check the spec file and existing findings for additional context
[15:45:54] [spechunter] [Read] /home/yzs/riscv/opensbi/lib/sbi/sbi_double_trap.c
[15:45:54] [spechunter] [Read] /home/yzs/riscv/opensbi/semantic_finding_smrnmi.json
[15:45:54] [spechunter] [Glob] src/ext-sse.adoc
[15:45:56] [spechunter] [Grep] pattern='sbi_init|has_srst|has_hsm|probe_extension'
[15:45:56] [spechunter] [Read] /home/yzs/riscv/freebsd-src/sys/riscv/riscv/sbi.c
[15:45:56] [spechunter] [Grep] pattern='intr_irq_roots|struct intr_irq_root'
[15:45:56] [spechunter] [Grep] pattern='struct intr_irq_root|INTR_ROOT'
[15:45:59] [spechunter] [text] Let me write shorter prompts and search in parallel.  
[15:45:59] [spechunter] [Agent] description, subagent_type
[15:45:59] [spechunter] [Agent] description, subagent_type
[15:45:59] [spechunter] [Agent] description, subagent_type
[15:46:00] [spechunter] [Grep] pattern='mnmi'
[15:46:00] [spechunter] [Grep] pattern='mcause'
[15:46:00] [spechunter] [Grep] pattern='\\bsstatus\\b'
[15:46:00] [spechunter] [Grep] pattern='\\bsie\\b'
[15:46:00] [spechunter] [Grep] pattern='\\bmip\\b'
[15:46:12] [spechunter] [text] Now I have a complete picture. Let me also quickly verify whether there are any SBI-related files beyond the header that...
[15:46:12] [spechunter] [Glob] **/sbi*
[15:46:12] [spechunter] [Grep] pattern='0x535345|SBI_SSE|sse_event|sse_inject|riscv_sbi.*event'
[15:46:17] [spechunter] [Grep] pattern='nmi'
[15:46:17] [spechunter] [Grep] pattern='nonMaskable|non_maskable|NonMaskable'
[15:46:17] [spechunter] [Grep] pattern='mnmi'
[15:46:17] [spechunter] [Read] /home/yzs/riscv/freebsd-src/sys/kern/subr_intr.c
[15:46:17] [spechunter] [Grep] pattern='MIDELEG|MEDELEG|MACHINE.*INTERRUPT'
[15:46:17] [spechunter] [Read] /home/yzs/riscv/freebsd-src/sys/riscv/riscv/aplic.c
[15:46:17] [spechunter] [Grep] pattern='M-mode|machine mode|skip.*M-mode|IRQ_EXTERNAL_MACHINE|IRQ_EXTERNAL_SUPERVISOR'
[15:46:26] [spechunter] [Read] /home/yzs/riscv/freebsd-src/sys/riscv/riscv/sbi.c
[15:46:26] [spechunter] [Read] /home/yzs/riscv/freebsd-src/sys/riscv/riscv/sbi.c
[15:46:29] [spechunter] [text] Now let me check for any pending patches or branches that might add SSE  
[15:46:29] [spechunter] [Bash] Check recent commit history for SSE-related changes
[15:46:29] [spechunter] [Bash] Search git history for any SSE-related commits
[15:46:31] [spechunter] [text] This QEMU repository has **zero SBI SSE (Supervisor Software Events) implementation**. The SBI SSE extension is complete...
[15:46:36] [spechunter] [Bash] List top-level repo structure
[15:46:36] [spechunter] [Glob] **/*.scala
[15:46:36] [spechunter] [Grep] pattern='sstatus.*SIE|SIE.*sstatus|status.*sie|\\.SIE'
[15:46:36] [spechunter] [Grep] pattern='\\bsie\\b|\\bSIE\\b'
[15:46:36] [spechunter] [Grep] pattern='software.interrupt|SSI|ssi|Supervisor.software|SIP.*SSIP|SSIP'
[15:46:36] [spechunter] [Grep] pattern='CLINT|PLIC|AIA|IMSBIC|IMSIC|APLIC'
[15:46:36] [spechunter] [Grep] pattern='hart.*interrupt|interrupt.*hart|HartInt|hartInt|IntSnippet|per.hart'
[15:46:38] [spechunter] [Read] /home/yzs/riscv/XiangShan/src/main/scala/xiangshan/backend/fu/NewCSR/InterruptFilter.scala
[15:46:38] [spechunter] [Read] /home/yzs/riscv/XiangShan/src/main/scala/xiangshan/backend/fu/NewCSR/InterruptBundle.scala
[15:46:38] [spechunter] [Read] /home/yzs/riscv/XiangShan/src/main/scala/xiangshan/backend/fu/NewCSR/MachineLevel.scala
[15:46:38] [spechunter] [Read] /home/yzs/riscv/XiangShan/src/main/scala/xiangshan/backend/fu/NewCSR/NewCSR.scala
[15:46:38] [spechunter] [Read] /home/yzs/riscv/XiangShan/src/main/scala/xiangshan/backend/fu/NewCSR/CSREvents/MNretEvent.scala
[15:46:38] [spechunter] [Read] /home/yzs/riscv/XiangShan/src/main/scala/xiangshan/backend/fu/NewCSR/CSREvents/TrapEntryMNEvent.scala
[15:46:38] [spechunter] [Read] /home/yzs/riscv/XiangShan/src/main/scala/xiangshan/backend/fu/NewCSR/CSRIND.scala
[15:46:38] [spechunter] [Read] /home/yzs/riscv/XiangShan/src/main/scala/xiangshan/backend/fu/NewCSR/CSRPermitModule.scala
[15:46:38] [spechunter] [Read] /home/yzs/riscv/XiangShan/src/main/scala/xiangshan/backend/fu/NewCSR/DebugLevel.scala
[15:46:38] [spechunter] [Read] /home/yzs/riscv/XiangShan/src/main/scala/xiangshan/backend/fu/NewCSR/TrapHandleModule.scala
[15:46:42] [spechunter] [Grep] pattern='SSE'
[15:46:42] [spechunter] [Grep] pattern='sse'
[15:46:42] [spechunter] [Grep] pattern='SBI_SSE'
[15:46:42] [spechunter] [Grep] pattern='supervisor software event'
[15:46:42] [spechunter] [Grep] pattern='event_id'
[15:46:42] [spechunter] [Grep] pattern='eventId'
[15:46:42] [spechunter] [Grep] pattern='0xffff8001'
[15:46:42] [spechunter] [Grep] pattern='0x0000001'
[15:46:42] [spechunter] [Glob] **/*.adoc
[15:46:55] [spechunter] [text] Let me explore the codebase to find relevant SSE-related code and validate locations for this PR
[15:46:55] [spechunter] [Agent] description, prompt
[15:46:57] [spechunter] [Read] /home/yzs/riscv/XiangShan/src/main/scala/xiangshan/backend/fu/NewCSR/InterruptFilter.scala
[15:46:57] [spechunter] [Read] /home/yzs/riscv/XiangShan/src/main/scala/xiangshan/backend/fu/NewCSR/CSRAIA.scala
[15:46:57] [spechunter] [Read] /home/yzs/riscv/XiangShan/src/main/scala/xiangshan/backend/fu/NewCSR/InterruptBundle.scala
[15:46:57] [spechunter] [Read] /home/yzs/riscv/XiangShan/src/main/scala/xiangshan/backend/fu/NewCSR/CSRPermitModule.scala
[15:46:57] [spechunter] [Read] /home/yzs/riscv/XiangShan/rocket-chip/src/main/scala/devices/tilelink/CLINT.scala
[15:46:57] [spechunter] [Read] /home/yzs/riscv/XiangShan/rocket-chip/src/main/scala/devices/tilelink/Plic.scala
[15:46:58] [spechunter] [Grep] pattern='nmi|NonMaskable|mnstatus|mnepc|mncause|smrnmi'
[15:46:58] [spechunter] [Grep] pattern='nmi|NonMaskable'
[15:46:58] [spechunter] [Grep] pattern='nmi|NonMaskable'
[15:46:58] [spechunter] [Grep] pattern='nmi|NonMaskable'
[15:46:58] [spechunter] [Grep] pattern='nmi|NonMaskable'
[15:47:02] [spechunter] [Grep] pattern='mcause'
[15:47:02] [spechunter] [Grep] pattern='0xffff8001|ffff8001'
[15:47:02] [spechunter] [Grep] pattern='SBI_SSE|sbi.sse|SBI.SSE|ext.sse|ext-sse|sse.event|sse_event|SSE_EVENT'
[15:47:02] [spechunter] [Grep] pattern='GLOBAL_UNKNOWN|UNKNOWN_NMI|unknown_nmi|UnknownNMI|unknownNmi'
[15:47:15] [spechunter] [Bash] List target/riscv directory
[15:47:15] [spechunter] [Grep] pattern='SSE_EVENT|sse_event|SSE_GLOBAL'
[15:47:15] [spechunter] [Grep] pattern='SSE_EVENT|sse_event|SSE_GLOBAL'
[15:47:15] [spechunter] [Grep] pattern='unknown.*nmi|nmi.*unknown|UNKNOWN_NMI|unknown_nmi'
[15:47:15] [spechunter] [Grep] pattern='0xffff8001|ffff8001'
[15:47:19] [spechunter] [text] There are SSE commits on other branches. Let me check them
[15:47:19] [spechunter] [Bash] Verify SSE commit exists and find branch
[15:47:19] [spechunter] [Read] /home/yzs/riscv/XiangShan/src/main/scala/xiangshan/backend/fu/NewCSR/MachineLevel.scala
[15:47:19] [spechunter] [Read] /home/yzs/riscv/XiangShan/src/main/scala/xiangshan/backend/fu/NewCSR/SupervisorLevel.scala
[15:47:19] [spechunter] [Read] /home/yzs/riscv/XiangShan/src/main/scala/xiangshan/backend/fu/NewCSR/CSREvents/TrapEntryHSEvent.scala
[15:47:19] [spechunter] [Read] /home/yzs/riscv/XiangShan/src/main/scala/xiangshan/backend/fu/NewCSR/CSREvents/SretEvent.scala
[15:47:19] [spechunter] [Read] /home/yzs/riscv/XiangShan/src/main/scala/xiangshan/backend/fu/NewCSR/TrapHandleModule.scala
[15:47:30] [spechunter] [Read] /home/yzs/riscv/XiangShan/src/main/scala/xiangshan/backend/fu/NewCSR/HypervisorLevel.scala
[15:47:30] [spechunter] [Read] /home/yzs/riscv/XiangShan/src/main/scala/xiangshan/backend/fu/NewCSR/VirtualSupervisorLevel.scala
[15:47:30] [spechunter] [Read] /home/yzs/riscv/XiangShan/src/main/scala/device/imsic_axi_top.scala
[15:47:30] [spechunter] [Read] /home/yzs/riscv/XiangShan/src/main/scala/device/standalone/StandAloneCLINT.scala
[15:47:32] [spechunter] [Grep] pattern='\\bsstatus\\b'
[15:47:32] [spechunter] [Grep] pattern='\\bsstatus\\b'
[15:47:32] [spechunter] [Grep] pattern='\\bsie\\b'
[15:47:32] [spechunter] [Grep] pattern='\\bmip\\b'
[15:47:32] [spechunter] [Grep] pattern='mnstatus|mnepc|mncause'
[15:47:36] [spechunter] [Grep] pattern='\\bsse\\b|SSE\\b|supervisor.*software.*event|software.*event'
[15:47:36] [spechunter] [Grep] pattern='\\bsse\\b|SSE\\b|supervisor.*software.*event'
[15:47:36] [spechunter] [Grep] pattern='sbi_ecall|SBI_'
[15:47:36] [spechunter] [Grep] pattern='SSE_EVENT|sse_event|SSE_GLOBAL'
[15:47:36] [spechunter] [Grep] pattern='SSE_EVENT|sse_event|SSE_GLOBAL'
[15:47:40] [spechunter] [Grep] pattern='SSE'
[15:47:40] [spechunter] [Grep] pattern='SSE'
[15:47:40] [spechunter] [Grep] pattern='SSE'
[15:47:40] [spechunter] [Grep] pattern='SSE'
[15:47:40] [spechunter] [Grep] pattern='SSE'
[15:47:40] [spechunter] [Grep] pattern='SSE'
[15:47:40] [spechunter] [Grep] pattern='supervisor.software'
[15:47:40] [spechunter] [Grep] pattern='event'
[15:47:40] [spechunter] [Grep] pattern='unknown'
[15:47:42] [spechunter] [Read] /home/yzs/riscv/XiangShan/src/main/scala/top/Top.scala
[15:47:42] [spechunter] [Read] /home/yzs/riscv/XiangShan/src/main/scala/top/XSNoCTop.scala
[15:47:42] [spechunter] [Read] /home/yzs/riscv/XiangShan/src/main/scala/xiangshan/mem/MemBlock.scala
[15:47:42] [spechunter] [Read] /home/yzs/riscv/XiangShan/src/main/scala/xiangshan/mem/MemBlock.scala
[15:47:42] [spechunter] [Read] /home/yzs/riscv/XiangShan/src/main/scala/xiangshan/backend/fu/wrapper/CSR.scala
[15:47:42] [spechunter] [text] Let me first verify the current state of the code and check for any existing SSE event definitions
[15:47:42] [spechunter] [Grep] pattern='SBI_SSE_EVENT'
[15:47:42] [spechunter] [Grep] pattern='SBI_SSE'
[15:47:42] [spechunter] [Grep] pattern='sse_event_id'
[15:47:56] [spechunter] [Read] /home/yzs/riscv/linux/arch/riscv/include/asm/sbi.h
[15:47:56] [spechunter] [Read] /home/yzs/riscv/linux/drivers/mailbox/riscv-sbi-mpxy-mbox.c
[15:47:57] [spechunter] [text] Prompt is too long
[15:47:58] [spechunter] [Grep] pattern='interruptFilterIo|InterruptFilter|interruptFilter\\.io'
[15:47:58] [spechunter] [Grep] pattern='ssi|SSI'
[15:47:58] [spechunter] [Read] /home/yzs/riscv/XiangShan/src/main/scala/xiangshan/backend/fu/NewCSR/NewCSR.scala
[15:48:06] [spechunter] [Grep] pattern='supervisor.*software.*event|sse.*ext|SBI_SSE|zicfiss'
[15:48:06] [spechunter] [Bash] Find all C/H files in target/riscv
[15:48:06] [spechunter] [Grep] pattern='sbi_ecall|ecall_sse|SSE_ecall'
[15:48:06] [spechunter] [Grep] pattern='riscv_sbi|helper_sbi'
[15:48:09] [spechunter] [Grep] pattern='nmi|NonMaskable|nonMaskable|mnstatus|mnepc|mnret'
[15:48:09] [spechunter] [Grep] pattern='nmi|NonMaskable|nonMaskable|HasNonMaskable'
[15:48:09] [spechunter] [Grep] pattern='nmi|NonMaskable|nonMaskable|HasNonMaskable'
[15:48:09] [spechunter] [Grep] pattern='nmi|NonMaskable|nonMaskable|HasNonMaskable'
[15:48:09] [spechunter] [Grep] pattern='nmi|NonMaskable|nonMaskable|HasNonMaskable'
[15:48:12] [spechunter] [Read] /tmp/claude-1000/-home-yzs-riscv-freebsd-src/8836cf68-1341-4af0-b12e-cf1a5a8aee31/tasks/a0d1961d4d98cb72a.output
[15:48:15] [spechunter] [text] Let me check if there's an SSE-specific section in `sbi.h` where the new event ID constant would actually be defined.  
[15:48:15] [spechunter] [Grep] pattern='SSE|ext.*sse|sbi.*sse|SSE_EVENT|event_id|0xffff'
[15:48:15] [spechunter] [Grep] pattern='sse_event_id|0xffff8001|SBI_SSE|GLOBAL.*NMI'
[15:48:17] [spechunter] [Grep] pattern='SsE|SSE(?!ED|_|\\\\d|\\\\s*=|\\.|8|16|32|64|128|256|512|1024)'
[15:48:17] [spechunter] [Grep] pattern='\\bSSE\\b'
[15:48:17] [spechunter] [Grep] pattern='\\bsse\\b'
[15:48:17] [spechunter] [Grep] pattern='eventId|event_id|event.ID|eventID'
[15:48:17] [spechunter] [Grep] pattern='0xffff8001|0x0000001'
[15:48:17] [spechunter] [Grep] pattern='0xffff8001|0x0000001'
[15:48:17] [spechunter] [Grep] pattern='SSE(?!ED|_|\\\\d|\\\\.)'
[15:48:20] [spechunter] [Read] /tmp/claude-1000/-home-yzs-riscv-freebsd-src/8836cf68-1341-4af0-b12e-cf1a5a8aee31/tasks/a0d1961d4d98cb72a.output
[15:48:25] [spechunter] [Read] /tmp/claude-1000/-home-yzs-riscv-freebsd-src/8836cf68-1341-4af0-b12e-cf1a5a8aee31/tasks/a0d1961d4d98cb72a.output
[15:48:25] [spechunter] [Grep] pattern='SBI_SSE_EVENT|sbi_sse_event|SseEvent|sse_event_id|SSE_EVENT_ID'
[15:48:25] [spechunter] [Grep] pattern='SBI_SSE_EVENT|sbi_sse_event|SseEvent|sse_event_id|SSE_EVENT_ID'
[15:48:25] [spechunter] [Grep] pattern='Supervisor Software Event|SBI SSE|sbi_sse|sse_ext'
[15:48:25] [spechunter] [Grep] pattern='0x535345|SSE_EXT|EXT_SSE|SBI_EXT_SSE'
[15:48:25] [spechunter] [Grep] pattern='global_event|global.*event.*id|GLOBAL_EVENT'
[15:48:29] [spechunter] [Read] /tmp/claude-1000/-home-yzs-riscv-freebsd-src/8836cf68-1341-4af0-b12e-cf1a5a8aee31/tasks/a0d1961d4d98cb72a.output
[15:48:39] [spechunter] [Read] /home/yzs/riscv/opensbi/include/sbi/sbi_ecall_interface.h
[15:48:39] [spechunter] [Read] /home/yzs/riscv/opensbi/lib/sbi/sbi_sse.c
[15:48:39] [spechunter] [Read] /home/yzs/riscv/opensbi/lib/sbi/sbi_sse.c
[15:48:42] [spechunter] [text] Let me search for additional patterns related to NMI routing, SSE injection, and per-hart event handling
[15:48:42] [spechunter] [Grep] pattern='mnstatus|mnepc|mncause'
[15:48:42] [spechunter] [Grep] pattern='NMI|nmiEvent|nmi_intr|nmi_pending'
[15:48:42] [spechunter] [Grep] pattern='sse|SSE|SBI_SSE|software.event'
[15:48:42] [spechunter] [Grep] pattern='SSI|soft.*intr|software.*interrupt'
[15:48:42] [spechunter] [Grep] pattern='unknown.*nmi|nmi.*unknown|unrecognized.*nmi|nmi.*unrecognized'
[15:48:43] [spechunter] [Grep] pattern='.'
[15:48:43] [spechunter] [Grep] pattern='event'
[15:48:43] [spechunter] [Grep] pattern='sse.*event|event.*sse|SBI.*SSE|software.*event'
[15:48:43] [spechunter] [Grep] pattern='SBI_SPEC|SBI_EXT_'
[15:48:43] [spechunter] [Bash] Search for any SSE event related files across entire repo
[15:48:44] [spechunter] [Read] /tmp/claude-1000/-home-yzs-riscv-freebsd-src/8836cf68-1341-4af0-b12e-cf1a5a8aee31/tasks/a0d1961d4d98cb72a.output
[15:48:52] [spechunter] [text] Let me now examine the key files for NMI routing logic and related patterns
[15:48:52] [spechunter] [Read] /home/yzs/riscv/XiangShan/src/main/scala/xiangshan/backend/fu/NewCSR/InterruptFilter.scala
[15:48:52] [spechunter] [Read] /home/yzs/riscv/XiangShan/src/main/scala/xiangshan/backend/fu/NewCSR/TrapHandleModule.scala
[15:48:52] [spechunter] [Read] /home/yzs/riscv/XiangShan/src/main/scala/xiangshan/backend/fu/NewCSR/CSREvents/TrapEntryMNEvent.scala
[15:48:54] [spechunter] [Read] /tmp/claude-1000/-home-yzs-riscv-freebsd-src/8836cf68-1341-4af0-b12e-cf1a5a8aee31/tasks/a0d1961d4d98cb72a.output
[15:48:54] [spechunter] [Read] /tmp/claude-1000/-home-yzs-riscv-freebsd-src/8836cf68-1341-4af0-b12e-cf1a5a8aee31/tasks/a0d1961d4d98cb72a.output
[15:48:57] [spechunter] [Grep] pattern='SSE|sse|supervisor software event|event_id|eventId|0xffff8001'
[15:48:57] [spechunter] [Grep] pattern='SSE|sse|supervisor software event|event_id|eventId|0xffff8001|0x0000001'
[15:48:57] [spechunter] [Grep] pattern='SSE|sse|supervisor software event'
[15:49:14] [spechunter] [text] **Analysis:**  The PR adds a new constant `SBI_SSE_EVENT_GLOBAL_UNKNOWN_NMI` (0xffff8001). Currently, the kernel has **z...
[15:49:19] [spechunter] [Grep] pattern='supervisor.software.event|SBI.SSE|supervisor software event'
[15:49:19] [spechunter] [Read] /home/yzs/riscv/XiangShan/src/main/scala/xiangshan/backend/fu/NewCSR/CSRBundles.scala
[15:49:19] [spechunter] [Read] /home/yzs/riscv/XiangShan/src/main/scala/xiangshan/backend/fu/NewCSR/MachineLevel.scala
[15:49:19] [spechunter] [Grep] pattern='shadow.stack|Zicfiss|supervisor software|sse interrupt|SSEI'
[15:49:27] [spechunter] [Grep] pattern='event|nmi|sse|software'
[15:49:27] [spechunter] [Grep] pattern='event|nmi|sse|software'
[15:49:27] [spechunter] [Bash] Search git history for SSE mentions
[15:49:27] [spechunter] [Bash] Search git history for Supervisor Software Event
[15:49:27] [spechunter] [Glob] **/*sse*
[15:49:27] [spechunter] [Glob] **/*sse*
[15:49:31] [spechunter] [Read] /home/yzs/riscv/XiangShan/src/main/scala/xiangshan/backend/fu/NewCSR/InterruptBundle.scala
[15:49:31] [spechunter] [Grep] pattern='NonMaskableIRNO|NonMaskable'
[15:49:35] [spechunter] [text] Now let me verify the two key locations more precisely.  
[15:49:35] [spechunter] [Read] /home/yzs/riscv/opensbi/include/sbi/sbi_ecall_interface.h
[15:49:35] [spechunter] [Read] /home/yzs/riscv/opensbi/lib/sbi/sbi_sse.c
[15:49:36] [spechunter] [Grep] pattern='0xffff0001'
[15:49:36] [spechunter] [Grep] pattern='sbi_sse'
[15:49:36] [spechunter] [Grep] pattern='local_unknown_nmi'
[15:49:51] [spechunter] [Grep] pattern='SSE|sse_event|sse_handler'
[15:49:51] [spechunter] [Grep] pattern='sbi.*ext.*sse|SSE|supervisor.*software.*event'
[15:49:51] [spechunter] [Glob] arch/riscv/**/*sse*
[15:50:01] [spechunter] [Grep] pattern='SBI_EXT_SSE|SBI_SSE|sbi_sse_complete|sbi_sse_event'
[15:50:01] [spechunter] [Grep] pattern='0x535345|sse_register|sbi_ext_sse'
[15:50:01] [spechunter] [Bash] List git branches
[15:50:01] [spechunter] [Bash] Show recent commits across all branches
[15:50:01] [spechunter] [Grep] pattern='rnmip|rnmi|RNMI|nmi'
[15:50:15] [spechunter] [Grep] pattern='SSE|supervisor.*software.*event|sse'
[15:50:15] [spechunter] [Grep] pattern='NMI|nmi'
[15:50:25] [spechunter] [text] Now let me read the critical files for exact line references and verify findings before writing the report.  
[15:50:25] [spechunter] [Read] /home/yzs/riscv/freebsd-src/sys/riscv/riscv/intc.c
[15:50:25] [spechunter] [Read] /home/yzs/riscv/freebsd-src/sys/riscv/vmm/vmm_riscv.c
[15:50:25] [spechunter] [Read] /home/yzs/riscv/freebsd-src/sys/riscv/vmm/vmm_riscv.c
[15:50:25] [spechunter] [Read] /home/yzs/riscv/freebsd-src/sys/riscv/vmm/vmm_riscv.c
[15:50:26] [spechunter] [Bash] Check recent commits for SSE-related changes
[15:50:26] [spechunter] [Grep] pattern='0x535345|SSE|sse|supervisor software event'
[15:50:27] [spechunter] [text] Now let me read the key NMI wiring section in NewCSR.scala
[15:50:27] [spechunter] [Read] /home/yzs/riscv/XiangShan/src/main/scala/xiangshan/backend/fu/NewCSR/NewCSR.scala
[15:50:27] [spechunter] [Read] /home/yzs/riscv/XiangShan/src/main/scala/xiangshan/backend/fu/NewCSR/NewCSR.scala
[15:50:27] [spechunter] [Grep] pattern='nmip|nmiEvent|nmi.*cause|nmi.*vector|nmiVec'
[15:50:32] [spechunter] [Grep] pattern='nmi|RNMI|rnmi'
[15:50:32] [spechunter] [Grep] pattern='sbi.*ecall|riscv_sbi_ecall|ecall_sbi'
[15:50:32] [spechunter] [Grep] pattern='nmi|rnm|RNMI'
[15:50:32] [spechunter] [Grep] pattern='rnm|RNMI|nmi'
[15:50:33] [spechunter] [text] Let me check the spec reference documents and search more broadly for SSE implementation in the kernel
[15:50:33] [spechunter] [Bash] List spec reference directories
[15:50:33] [spechunter] [Grep] pattern='MPXY_SSE|mpxy.*sse|SSE_EVENT'
[15:50:34] [spechunter] [text] Let me do focused direct searches.  
[15:50:34] [spechunter] [Grep] pattern='nmi|NMI|nonmaskable|non_maskable|NonMaskable'
[15:50:34] [spechunter] [Grep] pattern='mnmi|mnmi_cause|mnmi_status|NMI_Cause'
[15:50:34] [spechunter] [Grep] pattern='sstatus.*SIE|\\.SIE|interrupt.*enable|sie.*gate|SIE.*interrupt'
[15:50:41] [spechunter] [Read] /home/yzs/riscv/XiangShan/src/main/scala/xiangshan/backend/fu/NewCSR/MachineLevel.scala
[15:50:41] [spechunter] [Grep] pattern='HasNmipBundle|nmi.*cause|nmiCause|nmi_cause'
[15:50:41] [spechunter] [Grep] pattern='per.?hart|perHart|PerHart|per_hart|shared.*multi.*hart|CLINT'
[15:50:45] [spechunter] [Grep] pattern='SBI_EXT|MPXY|mpxy'
[15:50:45] [spechunter] [Grep] pattern='sse|SSE|software.*event'
[15:50:47] [spechunter] [Read] /home/yzs/riscv/freebsd-src/sys/riscv/vmm/riscv.h
[15:50:47] [spechunter] [Read] /home/yzs/riscv/freebsd-src/sys/riscv/include/intr.h
[15:51:03] [spechunter] [Grep] pattern='supervisor.*software.*event|SSE|sse'
[15:51:03] [spechunter] [Grep] pattern='sbi_sse|sse_complete|sse_event|0x535345'
[15:51:06] [spechunter] [text] Now let me cross-validate each fast-path location against the PR's actual scope — adding a single event ID constant `SBI...
[15:51:07] [spechunter] [text] Good, found NMI-related files. Let me read the core CSR files in detail
[15:51:07] [spechunter] [Read] /home/yzs/riscv/XiangShan/src/main/scala/xiangshan/backend/fu/NewCSR/InterruptFilter.scala
[15:51:07] [spechunter] [Read] /home/yzs/riscv/XiangShan/src/main/scala/xiangshan/backend/fu/NewCSR/TrapHandleModule.scala
[15:51:07] [spechunter] [Read] /home/yzs/riscv/XiangShan/src/main/scala/xiangshan/backend/fu/NewCSR/CSREvents/TrapEntryMNEvent.scala
[15:51:11] [spechunter] [text] Let me check the NMI cause handling in the trap entry flow and the MachineLevel.scala NMI CSR definitions  
[15:51:11] [spechunter] [Read] /home/yzs/riscv/XiangShan/src/main/scala/xiangshan/backend/fu/NewCSR/MachineLevel.scala
[15:51:11] [spechunter] [Read] /home/yzs/riscv/XiangShan/src/main/scala/xiangshan/backend/fu/NewCSR/NewCSR.scala
[15:51:11] [spechunter] [Grep] pattern='trapEntryMNEvent|mnEvent|trapToMN|trapMN'
[15:51:20] [spechunter] [Bash] Find OpenSBI related files in pc-bios
[15:51:20] [spechunter] [Bash] Check opensbi submodule history
[15:51:20] [spechunter] [Grep] pattern='0x535345'
[15:51:20] [spechunter] [Grep] pattern='ext_sm|smrnmi|ext_ss|ext_sm'
[15:51:20] [spechunter] [Grep] pattern='sse|SSE|supervisor.*software|software.*event'
[15:51:23] [spechunter] [Grep] pattern='mnstatus|mnepc|mncause|mnscratch'
[15:51:23] [spechunter] [Read] /home/yzs/riscv/XiangShan/src/main/scala/xiangshan/backend/fu/NewCSR/NewCSR.scala
[15:51:23] [spechunter] [Grep] pattern='nmiCause|nmi_cause|nmi.*id|nmi.*event|unknown.*IRQ|unknown.*nmi|reserved.*nmi'
[15:51:27] [spechunter] [Read] /home/yzs/riscv/linux/drivers/mailbox/riscv-sbi-mpxy-mbox.c
[15:51:28] [spechunter] [Agent] description, prompt
[15:51:30] [spechunter] [text] Now let me read the core CSR module and NMI-related definitions
[15:51:30] [spechunter] [Grep] pattern='NonMaskableIRNO|nonMaskableIR|nmiVec|mnstatus|NMIE|MNPP|MNPV'
[15:51:30] [spechunter] [Grep] pattern='InterruptNO|NonMaskableIRNO'
[15:51:30] [spechunter] [Grep] pattern='class MnstatusBundle|MnstatusBundle'
[15:51:37] [spechunter] [Grep] pattern='SBI_EXT_SSE|0x535345|ext_sse'
[15:51:37] [spechunter] [Grep] pattern='SSE|sse'
[15:51:40] [spechunter] [Grep] pattern='SBI_EXT_SSE|sbi_ext_sse|ext_sse|ext_smse'
[15:51:40] [spechunter] [Grep] pattern='global.*event.*id|event.*register|event.*dispatch|event.*table'
[15:51:40] [spechunter] [Bash] List all directories under target/riscv
[15:51:40] [spechunter] [Grep] pattern='ext_sm|ISA_EXT_DATA_ENTRY.*sm'
[15:51:40] [spechunter] [Grep] pattern='ext_sm|ext_sse|ext_ss'
[15:51:49] [spechunter] [text] Let me check how nmi signals enter the tile from the platform and the MNretEvent  
[15:51:49] [spechunter] [Read] /home/yzs/riscv/XiangShan/src/main/scala/xiangshan/backend/fu/NewCSR/CSREvents/MNretEvent.scala
[15:51:49] [spechunter] [Grep] pattern='nmiIntNode|nmi_int|nonMaskableIRP'
[15:51:49] [spechunter] [Grep] pattern='0xffff8001|ffff8001'
[15:52:07] [spechunter] [Glob] **/*sse*
[15:52:07] [spechunter] [Glob] **/*nmi*
[15:52:07] [spechunter] [Grep] pattern='unknown_nmi|UNKNOWN_NMI'
[15:52:07] [spechunter] [Grep] pattern='mncause'
[15:52:07] [spechunter] [Grep] pattern='INTERRUPTED_SEPC|INTERRUPTED_FLAGS|ENTRY_ARG'
[15:52:07] [spechunter] [Grep] pattern='event_attr'
[15:52:07] [spechunter] [Grep] pattern='rnmi|RNMI'
[15:52:09] [spechunter] [Read] /home/yzs/riscv/XiangShan/src/main/scala/xiangshan/backend/fu/NewCSR/InterruptBundle.scala
[15:52:09] [spechunter] [Read] /home/yzs/riscv/XiangShan/src/main/scala/xiangshan/backend/fu/NewCSR/MachineLevel.scala
[15:52:09] [spechunter] [Read] /home/yzs/riscv/XiangShan/src/main/scala/xiangshan/backend/fu/NewCSR/NewCSR.scala
[15:52:20] [spechunter] [Read] /home/yzs/riscv/XiangShan/src/main/scala/xiangshan/backend/fu/NewCSR/InterruptBundle.scala
[15:52:20] [spechunter] [Read] /home/yzs/riscv/XiangShan/src/main/scala/xiangshan/backend/fu/NewCSR/NewCSR.scala
[15:52:20] [spechunter] [Read] /home/yzs/riscv/XiangShan/src/main/scala/xiangshan/backend/fu/NewCSR/CSREvents/MNretEvent.scala
[15:52:21] [spechunter] [text] Let me check the interrupt IO bundle and how NMI signals are converted to trap info  
[15:52:21] [spechunter] [Grep] pattern='NonmaskableInterruptIO|class.*NonmaskableInterrupt'
[15:52:21] [spechunter] [Grep] pattern='trapInfo.*nmi|nmi.*trapInfo|buildTrapInfo|trapVector.*nmi|nmi.*trapVector'
[15:52:28] [spechunter] [Read] /home/yzs/riscv/opensbi/lib/sbi/sbi_sse.c
[15:52:28] [spechunter] [Read] /home/yzs/riscv/opensbi/lib/sbi/sbi_ecall_sse.c
[15:52:28] [spechunter] [Read] /home/yzs/riscv/opensbi/include/sbi/sbi_sse.h
[15:52:28] [spechunter] [Read] /home/yzs/riscv/opensbi/semantic_finding_smrnmi.json
[15:52:28] [spechunter] [Read] /home/yzs/riscv/opensbi/semantic_finding_smrnmi_mnpv.json
[15:52:28] [spechunter] [Read] /home/yzs/riscv/opensbi/findings_mnstatus_mnpv_h_gating.json
[15:52:29] [spechunter] [text] Now I have all the information needed. Let me compile the final audit report
[15:52:29] [spechunter] [Write] /home/yzs/riscv/freebsd-src/ext-sse_unknown_nmi_audit.json
[15:52:39] [spechunter] [text] Now let me trace the NMI source inputs and check for the Smrnmi extension  
[15:52:39] [spechunter] [Grep] pattern='smrnmi|Smrnmi|smrnmi|nonMaskableIRP|NonMaskableIRP|NMI_31|NMI_43|nmi_pin|nmi_wire|nmi_source|nmi_cause'
[15:52:39] [spechunter] [Read] /home/yzs/riscv/XiangShan/src/main/scala/xiangshan/backend/fu/NewCSR/MachineLevel.scala
[15:52:39] [spechunter] [Read] /home/yzs/riscv/XiangShan/src/main/scala/xiangshan/backend/fu/NewCSR/MachineLevel.scala
[15:52:44] [spechunter] [Grep] pattern='trapInfo|trapVec|intrVec|isInterrupt'
[15:52:50] [spechunter] [text] Now let me check the mcause NMI cause encoding and the ssie gating  
[15:52:50] [spechunter] [Read] /home/yzs/riscv/XiangShan/src/main/scala/xiangshan/backend/fu/NewCSR/NewCSR.scala
[15:52:50] [spechunter] [Read] /home/yzs/riscv/XiangShan/src/main/scala/xiangshan/backend/fu/NewCSR/NewCSR.scala
[15:52:50] [spechunter] [Read] /home/yzs/riscv/XiangShan/src/main/scala/xiangshan/backend/fu/NewCSR/NewCSR.scala
[15:53:08] [spechunter] [text] Now let me check the IMSIC/AIA NMI wiring and the SSI (software interrupt) injection path  
[15:53:08] [spechunter] [Read] /home/yzs/riscv/XiangShan/src/main/scala/xiangshan/backend/fu/wrapper/CSR.scala
[15:53:08] [spechunter] [Grep] pattern='msi|Msi|MSI|software.*interrupt|ipi|IPI|SSIP|ssip|SSI_'
[15:53:19] [spechunter] [Bash] Check recent commits on current branch
[15:53:19] [spechunter] [Bash] Check diff against master
[15:53:26] [spechunter] [text] Now let me search for the SSE specification in the available reference documents, since SSE is an SBI extension
[15:53:26] [spechunter] [Grep] pattern='supervisor.*software.*event|SSE|sse|0x535345'
[15:53:26] [spechunter] [Grep] pattern='SSE|sse|software.*supervisor.*event'
[15:53:27] [spechunter] [text] audit完成，报告已写入 `ext-sse_unknown_nmi_audit.json`。以下是摘要：  ## SBI SSE UNKNOWN_NMI (0xffff8001) — FreeBSD RISC-V 语义鸿沟审计  **严重...
[15:53:29] [spechunter] [Grep] pattern='nmi.*cause|trapVec.*nmi|nmi.*trapVec|isNMI|nmi_bit|is_nmi'
[15:53:29] [spechunter] [Grep] pattern='ExceptionNO'
[15:53:29] [spechunter] [Grep] pattern='object ExceptionNO'
[15:53:35] [spechunter] [Grep] pattern='INTERRUPTED_SEPC|INTERRUPTED_FLAGS|ENTRY_ARG'
[15:53:35] [spechunter] [Grep] pattern='rnmi|RNMI|mnstatus|mnepc|mncause|mnret|MNRET'
[15:53:35] [spechunter] [Grep] pattern='event_attr|sse_event'
[15:53:35] [spechunter] [Grep] pattern='sbi_sse_inject_event|sbi_sse_process'
[15:53:35] [spechunter] [Read] /home/yzs/riscv/opensbi/semantic_finding_smrnmi.json
[15:53:37] [spechunter] [text] Now let me check the NMI trap entry and mcause encoding path, plus the SSI software interrupt register for pending setti...
[15:53:37] [spechunter] [Read] /home/yzs/riscv/XiangShan/src/main/scala/xiangshan/backend/fu/NewCSR/NewCSR.scala
[15:53:37] [spechunter] [Grep] pattern='intrVec|interruptVec|intrNO|interruptNO|isInterrupt|NMI.*cause|mncause|mcause.*NMI|nmi.*mcause'
[15:53:37] [spechunter] [Grep] pattern='platformIRP|MSIP|SSIP|software.*pending|write.*mip|set.*mip'
[15:53:43] [spechunter] [text] Let me search the codebase for relevant locations related to this PR change.  
[15:53:43] [spechunter] [Agent] description, subagent_type
[15:53:45] [spechunter] [text] Now I have a comprehensive picture. The SBI SSE (Supervisor Software Events) extension is not defined in the ISA manual ...
[15:53:45] [spechunter] [Grep] pattern='CONFIG.*SSE|SBI_SSE|SSE.*event|riscv.*sse'
[15:53:45] [spechunter] [Bash] Search for SSE-related commits and branches
[15:53:50] [spechunter] [Read] /home/yzs/riscv/XiangShan/src/main/scala/xiangshan/package.scala
[15:53:50] [spechunter] [Grep] pattern='trapVec.*=|trapVector|ExceptionGen|buildTrap'
[15:53:51] [spechunter] [Read] /home/yzs/riscv/opensbi/lib/sbi/sbi_trap.c
[15:53:51] [spechunter] [Read] /home/yzs/riscv/opensbi/lib/sbi/sbi_double_trap.c
[15:53:51] [spechunter] [Grep] pattern='mnepc|mnstatus|mncause|mnscratch|NMIE|MNPV|MNPP'
[15:53:51] [spechunter] [Grep] pattern='sse_event_inject|sse_event_resume'
[15:53:51] [spechunter] [Grep] pattern='unknown.nmi|unknown_nmi|UNKNOWN_NMI'
[15:53:55] [spechunter] [Read] /home/yzs/riscv/XiangShan/src/main/scala/xiangshan/backend/rob/ExceptionGen.scala
[15:53:59] [spechunter] [text] Let me search more specifically for any existing SSE event definitions or NMI SSE handling
[15:53:59] [spechunter] [Grep] pattern='SSE.*EVENT|SSE_EVENT|sse_event|GLOBAL.*SSE|SSE.*GLOBAL|SBI_EXT_SSE|ext_sse'
[15:53:59] [spechunter] [Grep] pattern='unknown.*nmi|UNKNOWN.*NMI|Unknown.*NMI|UNKNOWN_NMI'
[15:53:59] [spechunter] [Grep] pattern='0xffff800[0-9a-f]|ffff800[0-9a-f]'
[15:54:06] [spechunter] [Grep] pattern='SBI_SSE'
[15:54:06] [spechunter] [Grep] pattern='sse_event'
[15:54:06] [spechunter] [Grep] pattern='unknown.nmi'
[15:54:06] [spechunter] [Grep] pattern='SSE_EVENT'
[15:54:06] [spechunter] [Glob] **/*sse*
[15:54:06] [spechunter] [Glob] **/*sbi*
[15:54:11] [spechunter] [text] Let me check the spec reference for SBI SSE documentation and also look at what upstream kernel patches exist for this. ...
[15:54:11] [spechunter] [Bash] Find SBI spec reference docs for SSE
[15:54:11] [spechunter] [Bash] Check linux kernel SBI documentation for SSE
[15:54:30] [spechunter] [Read] /home/yzs/riscv/freebsd-src/ext-sse_unknown_nmi_audit.json
[15:54:30] [spechunter] [Read] /home/yzs/riscv/freebsd-src/sys/riscv/include/sbi.h
[15:54:30] [spechunter] [Read] /home/yzs/riscv/freebsd-src/sys/riscv/riscv/sbi.c
[15:54:30] [spechunter] [Grep] pattern='0xffff800'
[15:54:30] [spechunter] [Grep] pattern='supervisor.software.event'
[15:54:30] [spechunter] [Grep] pattern='ext_sse|ext-sse'
[15:54:30] [spechunter] [text] The exploration and grep results confirm: **the SBI SSE (Supervisor Software Event) extension is not yet implemented in ...
[15:54:34] [spechunter] [text] Let me check the SBI MPXY documentation and look for any spec on SBI SSE event handling.  
[15:54:34] [spechunter] [Read] /home/yzs/riscv/linux/Documentation/devicetree/bindings/mailbox/riscv,sbi-mpxy-mbox.yaml
[15:54:34] [spechunter] [Grep] pattern='sbi_sse|SSE event|supervisor software event|0x535345'
[15:54:34] [spechunter] [Grep] pattern='per.*hart|multi.*hart|shared.*hart|hartId|hart.*local|local.*event|event.*local'
[15:54:34] [spechunter] [Grep] pattern='class CauseBundle'
[15:54:34] [spechunter] [Read] /home/yzs/riscv/XiangShan/src/main/scala/xiangshan/backend/fu/NewCSR/MachineLevel.scala
[15:54:40] [spechunter] [Grep] pattern='unknown.*nmi|UNKNOWN.*NMI'
[15:54:40] [spechunter] [Grep] pattern='SBI_EXT_SSE|SBI_SSE_EVENT'
[15:54:40] [spechunter] [Grep] pattern='sbi_sse|sse_event|event_inject'
[15:54:40] [spechunter] [Read] /home/yzs/riscv/opensbi/lib/sbi/sbi_trap.c
[15:54:44] [spechunter] [text] Let me also check the NMI wiring from the SoC level and the interrupt pending path
[15:54:44] [spechunter] [Grep] pattern='nmi_43|nmi_31|nmi.*pin|nmi.*extern|NMI_43|NMI_31'
[15:54:44] [spechunter] [Grep] pattern='class NMI|class Nmi|nmi.*wire|nmi.*signal'
[15:54:44] [spechunter] [Grep] pattern='trapVec|nmiVec.*nmi|nmi.*orR|nmi.*valid|nmi.*signal|hasTrap.*nmi'
[15:54:48] [spechunter] [text] Prompt is too long
[15:54:48] [spechunter] [Read] /home/yzs/riscv/rv-isa-sec/spec_ref/riscv-isa-manual/src/priv/supervisor.adoc
[15:54:54] [spechunter] [Bash] View recent commits on current branch
[15:54:54] [spechunter] [Bash] List files changed in this PR
[15:55:00] [spechunter] [Grep] pattern='SBI_EXT_RNMI|smrnmi|SM_RNMI'
[15:55:00] [spechunter] [Grep] pattern='HIGH_PRIO_RAS|LOW_PRIO_RAS'
[15:55:00] [spechunter] [Grep] pattern='mepc|sepc|mstatus'
[15:55:05] [spechunter] [Bash] View PR diff for csr.c
[15:55:07] [spechunter] [Read] /home/yzs/riscv/freebsd-src/sys/riscv/riscv/intc.c
[15:55:07] [spechunter] [Read] /home/yzs/riscv/freebsd-src/sys/riscv/riscv/trap.c
[15:55:07] [spechunter] [Read] /home/yzs/riscv/freebsd-src/sys/riscv/vmm/vmm_sbi.c
[15:55:07] [spechunter] [Read] /home/yzs/riscv/freebsd-src/sys/riscv/include/vmm.h
[15:55:07] [spechunter] [Grep] pattern='VM_INTINFO_NMI'
[15:55:07] [spechunter] [Grep] pattern='NMI|nmi'
[15:55:07] [spechunter] [Grep] pattern='mcause|mncause|nmi.*cause|cause.*nmi|ExceptionCode.*NMI|nmi.*exceptionCode|exceptionNO|interruptNO'
[15:55:07] [spechunter] [Read] /home/yzs/riscv/XiangShan/src/main/scala/xiangshan/backend/fu/NewCSR/NewCSR.scala
[15:55:07] [spechunter] [Read] /home/yzs/riscv/XiangShan/src/main/scala/xiangshan/backend/fu/NewCSR/NewCSR.scala
[15:55:30] [spechunter] [Bash] Recent commits touching csr.c
[15:55:30] [spechunter] [Grep] pattern='0xffff0001'
[15:55:30] [spechunter] [Grep] pattern='sse.*event|event.*sse|SSE'
[15:55:34] [spechunter] [text] I now have a comprehensive picture. Let me summarize my findings.  The SBI **SSE (Supervisor Software Events)** extensio...
[15:55:38] [spechunter] [Grep] pattern='sse.*event|event_id|unknown.*nmi|local.*event'
[15:55:38] [spechunter] [Grep] pattern='SSE'
[15:55:44] [spechunter] [Grep] pattern='SBI_EXT_ID_BASE'
[15:55:44] [spechunter] [Grep] pattern='SBI_EXT'
[15:55:44] [spechunter] [Read] /home/yzs/riscv/freebsd-src/sys/riscv/include/intr.h
[15:55:44] [spechunter] [Read] /home/yzs/riscv/freebsd-src/sys/riscv/vmm/vmm_riscv.c
[15:55:44] [spechunter] [Read] /home/yzs/riscv/freebsd-src/sys/riscv/vmm/vmm_riscv.c
[15:55:44] [spechunter] [Read] /home/yzs/riscv/freebsd-src/sys/riscv/vmm/vmm_riscv.c
[15:55:44] [spechunter] [Glob] sys/riscv/**/*.c
[15:55:51] [spechunter] [text] Let me check how SSI pending gets set at the platform level and verify the SSE spec
[15:55:51] [spechunter] [Grep] pattern='msip|MSIP|software.*interrupt.*pending|ssip.*set|set.*ssip'
[15:55:51] [spechunter] [Read] /home/yzs/riscv/XiangShan/src/main/scala/xiangshan/backend/fu/NewCSR/MachineLevel.scala
[15:55:55] [spechunter] [Grep] pattern='sse.*event|unkn|nmi|0xffff'
[15:55:55] [spechunter] [Glob] **/sse*
[15:56:01] [spechunter] [Glob] **/riscv-sbi*
[15:56:01] [spechunter] [Read] /home/yzs/riscv/freebsd-src/sys/riscv/riscv/trap.c
[15:56:01] [spechunter] [Read] /home/yzs/riscv/freebsd-src/sys/riscv/riscv/aplic.c
[15:56:01] [spechunter] [Read] /home/yzs/riscv/freebsd-src/sys/riscv/riscv/plic.c
[15:56:01] [spechunter] [Grep] pattern='SCAUSE_CODE'
[15:56:01] [spechunter] [Grep] pattern='intr_irq_handler'
[15:56:12] [spechunter] [Grep] pattern='ssevent|inject.*sse|deliver.*sse|sse.*inject|sse.*deliver|local_event|local_sse'
[15:56:12] [spechunter] [Grep] pattern='event_id|eventid|SSE_EVENT'
[15:56:21] [spechunter] [Grep] pattern='ssevent|sinject|siselect|sireg'
[15:56:31] [spechunter] [TodoWrite] 6 items
[15:57:09] [spechunter] [text] ## Cross-Validation Result  **Fast-path**: 0 locations (empty) **Slow-path**: 0 locations (empty) **Exploration**: Confi...
[15:57:09] [spechunter] [text] Now let me verify the Mmode and trap routing for NMI and one more key file
[15:57:09] [spechunter] [Read] /home/yzs/riscv/XiangShan/src/main/scala/xiangshan/backend/fu/NewCSR/InterruptFilter.scala
[15:57:09] [spechunter] [Read] /home/yzs/riscv/XiangShan/src/main/scala/xiangshan/backend/fu/NewCSR/NewCSR.scala
[15:57:11] [spechunter] [Grep] pattern='sse_set|sse_inject|sse_handle|sse_event|ext_sse'
[15:57:11] [spechunter] [Grep] pattern='ext_sse|zicfiss|cpu_interrupt.*sse|SSE_INTERRUPT'
[15:57:28] [spechunter] [text] Now let me check if the PR being reviewed actually adds any new code related to this vulnerability pattern
[15:57:28] [spechunter] [Bash] Check recent commits for SSE NMI changes
[15:57:28] [spechunter] [Grep] pattern='unknown_nmi|UNKNOWN_NMI|unknown. nmi'
[15:57:28] [spechunter] [text] Let me first investigate the PR changes and the relevant code.  
[15:57:28] [spechunter] [Bash] Check recent git history for ext-sse changes
[15:57:28] [spechunter] [Grep] pattern='ext-sse|ext_sse|unknown.*nmi|UNKNOWN_NMI'
[15:57:28] [spechunter] [Glob] **/ext-sse*
[15:57:30] [spechunter] [Grep] pattern='ssevent|sinject|sse.*inject|inject.*sse|sscsrind|envcfg_sse'
[15:57:30] [spechunter] [Grep] pattern='0xffff0001'
[15:57:35] [spechunter] [Read] /home/yzs/riscv/freebsd-src/ext-sse_unknown_nmi_audit.json
[15:57:35] [spechunter] [Grep] pattern='ext_sse|sse_unknown|SSE_UNKNOWN'
[15:57:43] [spechunter] [Bash] Check branches for SSE NMI work
[15:57:43] [spechunter] [Grep] pattern='SBI_SSE_EVENT.*NMI|SBI_SSE_EVENT.*nmi'
[15:57:50] [spechunter] [text] Let me read the actual kernel source files to verify each finding
[15:57:50] [spechunter] [Read] /home/yzs/riscv/freebsd-src/sys/riscv/include/sbi.h
[15:57:50] [spechunter] [Read] /home/yzs/riscv/freebsd-src/sys/riscv/riscv/sbi.c
[15:57:50] [spechunter] [Read] /home/yzs/riscv/freebsd-src/sys/riscv/riscv/intc.c
[15:57:50] [spechunter] [Read] /home/yzs/riscv/freebsd-src/sys/riscv/riscv/trap.c
[15:58:09] [spechunter] [Bash] Search git history for SSE/NMI commits
[15:58:09] [spechunter] [Grep] pattern='SBI_SSE_EVENT_GLOBAL_UNKNOWN|SBI_SSE_EVENT_LOCAL_UNKNOWN|UNKNOWN_NMI'
[15:58:09] [spechunter] [Glob] **/sbi_ecall_interface.h
[15:58:14] [spechunter] [Read] /home/yzs/riscv/freebsd-src/sys/riscv/riscv/trap.c
[15:58:14] [spechunter] [Read] /home/yzs/riscv/freebsd-src/sys/riscv/vmm/vmm_sbi.c
[15:58:14] [spechunter] [Read] /home/yzs/riscv/freebsd-src/sys/riscv/vmm/vmm_riscv.c
[15:58:14] [spechunter] [Read] /home/yzs/riscv/freebsd-src/sys/riscv/include/intr.h
[15:58:24] [spechunter] [text] Let me verify the complete list of SSE event IDs and the SSE event ID range definitions, plus check the spec for context
[15:58:24] [spechunter] [Read] /home/yzs/riscv/opensbi/include/sbi/sbi_ecall_interface.h
[15:58:24] [spechunter] [Read] /home/yzs/riscv/opensbi/lib/sbi/sbi_sse.c
[15:58:24] [spechunter] [Grep] pattern='local_unknown|global_unknown|unknown_nmi|UNKNOWN'
[15:58:35] [spechunter] [Grep] pattern='ssevent|sinject'
[15:58:36] [spechunter] [text] Now I have all the information needed. Let me compile the findings.  
[15:58:36] [spechunter] [Write] /home/yzs/riscv/XiangShan/nmi_unknown_sse_forwarding_findings.json
[15:58:53] [spechunter] [TodoWrite] 6 items
[15:59:04] [spechunter] [text] Now let me check the remaining code locations and the spec files.  
[15:59:04] [spechunter] [Read] /home/yzs/riscv/freebsd-src/sys/riscv/vmm/vmm_riscv.c
[15:59:04] [spechunter] [Read] /home/yzs/riscv/freebsd-src/sys/riscv/vmm/vmm_riscv.c
[15:59:04] [spechunter] [Read] /home/yzs/riscv/freebsd-src/sys/riscv/include/vmm.h
[15:59:04] [spechunter] [Read] /home/yzs/riscv/freebsd-src/sys/riscv/vmm/vmm_sbi.c
[15:59:04] [spechunter] [Glob] **/spec_ref/riscv-isa-manual/src/ext-sse.adoc
[15:59:05] [spechunter] [Grep] pattern='rmw_xsscsrind|xsscsrind|sscsrind|sinject|ssevent'
[15:59:05] [spechunter] [Grep] pattern='sscsrind|rmw_sscsrind'
[15:59:06] [spechunter] [text] Now let me also look at the key SSE injection code and the trap handler to understand the complete vulnerability picture
[15:59:06] [spechunter] [Read] /home/yzs/riscv/opensbi/lib/sbi/sbi_sse.c
[15:59:06] [spechunter] [Read] /home/yzs/riscv/opensbi/lib/sbi/sbi_trap.c
[15:59:08] [spechunter] [Agent] description, subagent_type
[15:59:14] [spechunter] [Grep] pattern='supervisor.*software.*event|SW.*event.*inject|sse.*id.*range|event.*id.*reserved'
[15:59:14] [spechunter] [Grep] pattern='sinject|ssevent'
[15:59:22] [spechunter] [Bash] List spec files available in spec_ref
[15:59:22] [spechunter] [Grep] pattern='INTC_NIRQS'
[15:59:22] [spechunter] [Read] /home/yzs/riscv/freebsd-src/sys/riscv/riscv/aplic.c
[15:59:22] [spechunter] [Read] /home/yzs/riscv/freebsd-src/sys/riscv/riscv/plic.c
[15:59:25] [spechunter] [Grep] pattern='SSECSR|sse_csr|miselect.*0x|0x2..|event_id|sinject|ssevent'
[15:59:25] [spechunter] [Grep] pattern='SSE|CSR_S'
[15:59:25] [spechunter] [Grep] pattern='SSE|sse'
[15:59:25] [spechunter] [Grep] pattern='0xffff8001|ffff8001'
[15:59:25] [spechunter] [Grep] pattern='unknown.?nmi|unknown.?NMI|NMI.*SSE|SSE.*NMI'
[15:59:25] [spechunter] [Grep] pattern='SBI_SSE|sbi_sse'
[15:59:25] [spechunter] [Grep] pattern='0xffff8'
[15:59:25] [spechunter] [Grep] pattern='[Ss]upervisor.?[Ss]oftware.?[Ee]vent'
[15:59:37] [spechunter] [Grep] pattern='sinject|ssevent|event_id'
[15:59:37] [spechunter] [Bash] Search git history for SSE-related additions
[15:59:37] [spechunter] [Bash] Search commit history for SSE references
[15:59:41] [spechunter] [text] Now let me look for the correct spec references
[15:59:41] [spechunter] [Bash] List spec directories
[15:59:41] [spechunter] [Grep] pattern='ext-sse|sse.*event|supervisor.*event|SSE'
[15:59:56] [spechunter] [Grep] pattern='\\bSSE\\b'
[15:59:56] [spechunter] [Grep] pattern='\\bNMI\\b.*\\bSSE\\b|\\bSSE\\b.*\\bNMI\\b'
[15:59:56] [spechunter] [Grep] pattern='SBI_SSE|SbiSse|sbi_sse|SbiSSE'
[15:59:56] [spechunter] [Grep] pattern='unknown.?nmi|UnknownNmi|UNKNOWN_NMI'
[15:59:56] [spechunter] [Grep] pattern='fatalException|FatalException'
[15:59:56] [spechunter] [Grep] pattern='IntPrioritySupervisorSoftware|SupervisorSoftware|Ssupervisor.*soft'
[15:59:58] [spechunter] [Bash] Find SBI spec directories
[15:59:58] [spechunter] [Grep] pattern='ext-sse|SSE|supervisor software event'
[16:00:07] [spechunter] [Read] /home/yzs/riscv/qemu/target/riscv/csr.c
[16:00:07] [spechunter] [Grep] pattern='ssevent|sinject|sse_csr|SSE_CSR'
[16:00:07] [spechunter] [text] The SSE spec is not available in the spec_ref directory. Let me check the RNMI (which is the RISC-V NMI handler) and oth...
[16:00:07] [spechunter] [Read] /home/yzs/riscv/rv-isa-sec/spec_ref/riscv-isa-manual/src/priv/smrnmi.adoc
[16:00:07] [spechunter] [Read] /home/yzs/riscv/rv-isa-sec/spec_ref/riscv-cheri/src/rnmi.adoc
[16:00:09] [spechunter] [Grep] pattern='\\bSSE\\b'
[16:00:09] [spechunter] [Grep] pattern='NMI|nmi'
[16:00:09] [spechunter] [Glob] **/Interrupts.scala
[16:00:09] [spechunter] [Glob] **/CSR.scala
[16:00:32] [spechunter] [text] Let me check the spec reference documents for RNMI/Smrnmi specifications.  
[16:00:32] [spechunter] [Bash] List spec reference directories
[16:00:32] [spechunter] [Grep] pattern='rnmi|smrnmi|mnepc|mnstatus|mncause'
[16:00:33] [spechunter] [Grep] pattern='NMI|nmi'
[16:00:33] [spechunter] [Grep] pattern='NMI|nmi'
[16:00:33] [spechunter] [Grep] pattern='NMI|nmi'
[16:00:33] [spechunter] [Grep] pattern='NMI|nmi'
[16:00:33] [spechunter] [Grep] pattern='NMI|nmi'
[16:00:33] [spechunter] [Grep] pattern='NMI|nmi'
[16:00:36] [spechunter] [Grep] pattern='sinject|ssevent'
[16:00:36] [spechunter] [Bash] Search commit history for SSE event related commits
[16:00:36] [spechunter] [Bash] Search branches for SSE-specific branches
[16:00:50] [spechunter] [Read] /home/yzs/riscv/rv-isa-sec/spec_ref/riscv-isa-manual/src/priv/smrnmi.adoc
[16:00:59] [spechunter] [text] Now let me look at the `have_mseccfg` function and the mseccfg-related code more closely, and verify what the PR actuall...
[16:00:59] [spechunter] [Read] /home/yzs/riscv/qemu/target/riscv/csr.c
[16:00:59] [spechunter] [Read] /home/yzs/riscv/qemu/target/riscv/csr.c
[16:01:00] [spechunter] [Grep] pattern='smssse|ssse|ssevent|supervisor_software_event'
[16:01:00] [spechunter] [Grep] pattern='SBI_EXT_SSE|sbi.*sse|event_id.*0xffff'
[16:01:00] [spechunter] [Grep] pattern='InterruptNO|IntPriority'
[16:01:00] [spechunter] [Grep] pattern='mvendorid|mvendorid|marchid|mimpid'
[16:01:06] [spechunter] [text] Now I have a thorough understanding. Let me also quickly verify that none of the existing SSE event handling code leaks ...
[16:01:06] [spechunter] [Read] /home/yzs/riscv/opensbi/lib/sbi/sbi_sse.c
[16:01:21] [spechunter] [Grep] pattern='sinject|ssevent|supervisor.*software.*event'
[16:01:21] [spechunter] [Bash] List all git branches
[16:01:31] [spechunter] [Grep] pattern='InterruptNO|IntPriority|event|Event'
[16:01:31] [spechunter] [Grep] pattern='InterruptNO|IntPriority|event|Event'
[16:01:31] [spechunter] [Grep] pattern='InterruptNO|IntPriority|event|Event'
[16:01:31] [spechunter] [Read] /home/yzs/riscv/XiangShan/src/main/scala/xiangshan/backend/fu/util/CSRConst.scala
[16:01:47] [spechunter] [Grep] pattern='hardwareError|ExceptionNO|excp|Excp'
[16:01:47] [spechunter] [Grep] pattern='SBI|sbi.*call|ecall.*SBI'
[16:01:47] [spechunter] [Grep] pattern='extension_available|is_extension|extName|ExtName'
[16:02:12] [spechunter] [Grep] pattern='SBI'
[16:02:12] [spechunter] [Grep] pattern='ExtensionID|extension_id|EXT_ID|ext_id'
[16:02:12] [spechunter] [Grep] pattern='ecallFrom|EcallFrom|isEcall'
[16:02:20] [spechunter] [Grep] pattern='ecall'
[16:02:20] [spechunter] [Grep] pattern='RAS|ras'
[16:02:20] [spechunter] [Grep] pattern='RAS.?Event|RAS.?event|LPRASE|HPRASE'
[16:02:20] [spechunter] [Grep] pattern='smssse|Smssse|SMSSSE'
[16:02:59] [spechunter] [text] Let me look more comprehensively at the mseccfg CSR implementation and related SSE handling
[16:02:59] [spechunter] [Grep] pattern='MSECCFG|mseccfg'
[16:03:07] [spechunter] [Read] /home/yzs/riscv/qemu/target/riscv/csr.c
[16:03:07] [spechunter] [Grep] pattern='mseccfg_csr_read|mseccfg_csr_write'
[16:03:13] [spechunter] [Grep] pattern='unknown.*nmi|nmi.*unknown'
[16:03:13] [spechunter] [Grep] pattern='reserved.*interrupt|interrupt.*reserved|platform.?reserved'
[16:03:13] [spechunter] [Grep] pattern='SBI_EXT|SbiExt'
[16:03:13] [spechunter] [Grep] pattern='mvnscratch|mvendorid|mvendorid'
[16:03:13] [spechunter] [Glob] **/RAS*
[16:03:13] [spechunter] [Glob] **/Reri*
[16:03:41] [spechunter] [Grep] pattern='reserved'
[16:03:41] [spechunter] [Grep] pattern='reserved'
[16:03:41] [spechunter] [Glob] **/NewCSR/*.scala
[16:03:53] [spechunter] [Grep] pattern='SSE|sse|nmi|NMI|event|Event'
[16:03:53] [spechunter] [Grep] pattern='SSE|sse|nmi|NMI|event|Event'
[16:03:53] [spechunter] [Grep] pattern='SSE|sse|nmi|NMI|event|Event'
[16:03:53] [spechunter] [Grep] pattern='SSE|sse|nmi|NMI|event|Event'
[16:04:04] [spechunter] [Glob] *.scala
[16:04:04] [spechunter] [Grep] pattern='Exception|excp|Excp|event|Event'
[16:04:04] [spechunter] [Grep] pattern='sbiExt|sbi_ext|SBI_EXT_'
[16:04:12] [spechunter] [Read] /home/yzs/riscv/XiangShan/src/main/scala/xiangshan/backend/fu/NewCSR/CSREvents/TrapEntryMNEvent.scala
[16:04:12] [spechunter] [Read] /home/yzs/riscv/XiangShan/src/main/scala/xiangshan/backend/fu/NewCSR/InterruptBundle.scala
[16:04:22] [spechunter] [text] Now I have a complete picture. Let me produce the analysis.  ```json {   "findings": [     {       "file_path": "lib/sbi...
[16:04:29] [spechunter] [Grep] pattern='supervisor.*software.*event|software.*event.*id'
[16:04:29] [spechunter] [Grep] pattern='0x[0-9a-fA-F]{7,8}'
[16:04:29] [spechunter] [Grep] pattern='fatal.*event|fatal_event|FATAL_EVENT'
[16:04:29] [spechunter] [Grep] pattern='eid_15|eid_16|event_type_15|event_type_16'
[16:04:53] [spechunter] [Grep] pattern='SSE|sse|SBI_SSE|nmi|NMI|mvendorid|mvendorid'
[16:04:53] [spechunter] [Grep] pattern='excp_custom|excpCustom|custom_excp|customExcp'
[16:04:53] [spechunter] [Grep] pattern='ExternIntr|externIntr|extern.*intr'
[16:04:54] [spechunter] [text] Now I have fully read and verified all code locations. Let me produce the final audit output.  ```json {   "findings": [...
[16:05:13] [spechunter] [Grep] pattern='rnmiIntCause|rnmiBEUCause|busErrorIntCause|NMI'
[16:05:13] [spechunter] [Grep] pattern='ExternIntr|externIntr'
[16:05:23] [spechunter] [Grep] pattern='stopei|vstopei'
[16:05:23] [spechunter] [Grep] pattern='hstatus.*VSGEIN|vgein'
[16:05:23] [spechunter] [Grep] pattern='SbicallExt|OPENSBI|opensbi|SBI.*call'
[16:05:23] [spechunter] [Grep] pattern='shvstvecd'
[16:05:49] [spechunter] [Grep] pattern='InterruptNO|local.*group|localHigh|localLow'
[16:05:49] [spechunter] [Grep] pattern='stopei|vstopei|SSE|sse'
[16:05:49] [spechunter] [Grep] pattern='opensbi|OPENSBI|SBI.*call'
[16:07:15] [spechunter] [text] ## Review Results  **Cross-validation finding:** Both fast-path (grep-based) and slow-path (semantic) searches returned ...
[16:07:25] [spechunter] [Bash] Check recent commits for SSE/NMI related changes
[16:07:25] [spechunter] [Bash] Find commits related to SSE/NMI/unknown
[16:07:31] [spechunter] [Bash] Search for the exact PR commit
[16:07:31] [spechunter] [Bash] Find SSE-related commits
[16:07:39] [spechunter] [Grep] pattern='ext.?sse|ExtSse|extSse'
[16:07:39] [spechunter] [Grep] pattern='unknown.*nmi|nmi.*unknown|NMI.*unknown|unknown.*NMI'
[16:07:39] [spechunter] [Grep] pattern='SSE|sse_supervisor'
[16:07:49] [spechunter] [Grep] pattern='nmi|NMI|mnmi|MNMI|mcause'
[16:07:49] [spechunter] [Grep] pattern='event.*id|eventId|EventId|local.*event|LocalEvent'
[16:08:04] [spechunter] [TodoWrite] 7 items
[16:08:21] [spechunter] [Read] /home/yzs/riscv/XiangShan/src/main/scala/xiangshan/backend/fu/NewCSR/InterruptBundle.scala
[16:08:21] [spechunter] [Read] /home/yzs/riscv/XiangShan/src/main/scala/xiangshan/backend/fu/NewCSR/InterruptFilter.scala
[16:08:21] [spechunter] [Read] /home/yzs/riscv/XiangShan/src/main/scala/xiangshan/backend/fu/NewCSR/NewCSR.scala
[16:08:47] [spechunter] [text] Now let me read the key NMI handling and SSE-related code.  
[16:08:47] [spechunter] [Read] /home/yzs/riscv/XiangShan/src/main/scala/xiangshan/backend/fu/NewCSR/CSREvents/TrapEntryMNEvent.scala
[16:08:47] [spechunter] [Read] /home/yzs/riscv/XiangShan/src/main/scala/xiangshan/backend/fu/NewCSR/TrapHandleModule.scala
[16:08:47] [spechunter] [Bash] List spec reference directories
[16:09:26] [spechunter] [Grep] pattern='mcause|CauseBundle'
[16:09:26] [spechunter] [Grep] pattern='CauseBundle|ExceptionCode|ExceptionNO'
[16:09:26] [spechunter] [Bash] Find SSE spec documents
[16:10:50] [spechunter] [Grep] pattern='SSE|Sse|sse'
[16:10:50] [spechunter] [Grep] pattern='HasNonMaskableIRPBundle|nonMaskableIRP|HasNmipBundle'
[16:12:17] [spechunter] [TodoWrite] 8 items
[16:12:40] [spechunter] [Grep] pattern='ExceptionNO|nmiInt|NMI|nmi'
[16:12:40] [spechunter] [Grep] pattern='object ExceptionNO'
[16:12:44] [spechunter] [Grep] pattern='ExceptionNO|nmi|NMI|ExceptionCode'
[16:13:00] [spechunter] [Read] /home/yzs/riscv/XiangShan/src/main/scala/xiangshan/package.scala
[16:13:44] [spechunter] [Read] /home/yzs/riscv/XiangShan/src/main/scala/xiangshan/backend/fu/NewCSR/MachineLevel.scala
[16:13:44] [spechunter] [Grep] pattern='mnscratch|mnepc|mncause|mnstatus'
[16:14:56] [spechunter] [text] Let me search for the specific NMI/SSE-related code patterns mentioned in the security spec.  
[16:14:56] [spechunter] [Grep] pattern='NMI_31|NMI_43|nmiVec|NonMaskableIRNO'
[16:14:56] [spechunter] [Grep] pattern='local.*event.*id|eventId.*NMI|unknown.*event|SSE.*inject|sse.*event'
[16:15:12] [spechunter] [Grep] pattern='NMI_31|NMI_43|nmi|nonMaskableIRP'
[16:15:12] [spechunter] [Grep] pattern='NMI|nmi|nonMaskableIRP'
[16:15:12] [spechunter] [text] Prompt is too long
