[06:36:34] [spechunter] PR loaded: #2609 riscv/riscv-isa-manual — "Draft of Smpmpind, Smcfiss, Smucfiss, and Sspmpss extensions"
[06:36:34] [spechunter]   diff: 8026 chars  body: 40 chars  reviews: 13
[06:36:34] [spechunter] Global pre-filter running...
[06:36:44] [spechunter] [text] {"should_skip": false}
[06:36:45] [spechunter] pre-filter: should_skip=False reason=""
[06:37:05] [spechunter] [text] {"should_skip": false}
[06:37:07] [spechunter] [text] {"should_skip": false}
[06:37:10] [spechunter] [text] {"should_skip": false}
[06:37:18] [spechunter] [text] {"should_skip": false}
[06:37:25] [spechunter] [text] {"should_skip": false}
[06:37:40] [spechunter] [text] {  
[06:37:40] [spechunter] [Agent] description, subagent_type
[06:37:55] [spechunter] [text] ```json {   "violation_condition": "In QEMU TCG's PMP/SPMP access check path (target/riscv/pmp.c), when a guest memory a...
[06:38:09] [spechunter] [Grep] pattern='PMPChecker|class PMP'
[06:38:09] [spechunter] [Grep] pattern='SPMP|Spmp|spmpcfg|spmpaddr'
[06:38:09] [spechunter] [Grep] pattern='mseccfg|MSE_SECCFG|Mseccfg'
[06:38:09] [spechunter] [Grep] pattern='menvcfg|MENVCFG'
[06:38:09] [spechunter] [Grep] pattern='shadow.?stack|zicfiss|CFI|sspop|ssload|Zicfiss'
[06:38:09] [spechunter] [Grep] pattern='Smcsrind|miselect|mireg[^2]|csrind|CSRIndirect'
[06:38:09] [spechunter] [Grep] pattern='pmpcfg\\.L|pmpcfg.*lock|PMP.*lock|locked.*pmp'
[06:38:16] [spechunter] [TodoWrite] 6 items
[06:38:16] [spechunter] [text] ```json {   "violation_condition": "In the Linux kernel, when satp.MODE != Bare and menvcfg.SSE is set, S-mode kernel co...
[06:38:22] [spechunter] [text] ```json {   "violation_condition": "OpenSBI writes to mseccfg.MSSE (to enable/disable M-mode shadow stack) after any PMP...
[06:38:26] [spechunter] [Read] /home/yzs/riscv/XiangShan/src/main/scala/xiangshan/backend/fu/NewCSR/PMPEntryModule.scala
[06:38:26] [spechunter] [Read] /home/yzs/riscv/XiangShan/src/main/scala/xiangshan/backend/fu/PMP.scala
[06:38:26] [spechunter] [Read] /home/yzs/riscv/XiangShan/src/main/scala/xiangshan/backend/fu/NewCSR/CSRPMP.scala
[06:38:26] [spechunter] [Read] /home/yzs/riscv/XiangShan/src/main/scala/xiangshan/PMParameters.scala
[06:38:33] [spechunter] [Read] /home/yzs/riscv/qemu/target/riscv/pmp.c
[06:38:33] [spechunter] [Read] /home/yzs/riscv/qemu/target/riscv/pmp.h
[06:38:33] [spechunter] [Glob] target/riscv/**/spmp*
[06:38:35] [spechunter] [TodoWrite] 7 items
[06:38:39] [spechunter] [Grep] pattern='mseccfg'
[06:38:39] [spechunter] [Grep] pattern='pmpcfg'
[06:38:39] [spechunter] [Grep] pattern='MSSE'
[06:38:39] [spechunter] [Grep] pattern='RLB'
[06:38:39] [spechunter] [Grep] pattern='mseccfg'
[06:38:39] [spechunter] [Grep] pattern='menvcfg'
[06:38:39] [spechunter] [Grep] pattern='pmpcfg'
[06:38:39] [spechunter] [Grep] pattern='pmpaddr'
[06:38:39] [spechunter] [Grep] pattern='miselect'
[06:38:39] [spechunter] [Grep] pattern='spmpcfg'
[06:38:39] [spechunter] [Grep] pattern='sspush|sspopchk|ssload|ssamoswap'
[06:38:39] [spechunter] [Grep] pattern='pmp_hart_has_privs|pmp_check|pmp_is_write_ok|pmp_is_read_ok'
[06:38:39] [spechunter] [Grep] pattern='mireg'
[06:38:41] [spechunter] [Grep] pattern='mseccfg'
[06:38:41] [spechunter] [Grep] pattern='pmpcfg'
[06:38:41] [spechunter] [Grep] pattern='MSSE|MML|RLB'
[06:38:48] [spechunter] [TodoWrite] 6 items
[06:38:50] [spechunter] [text] I'll search for all entities and the vulnerability pattern in parallel.  
[06:38:50] [spechunter] [Grep] pattern='spmpcfg'
[06:38:50] [spechunter] [Grep] pattern='spmpaddr'
[06:38:50] [spechunter] [Grep] pattern='menvcfg\\.SSE|MENVCFG.*SSE|SSE.*menvcfg'
[06:38:50] [spechunter] [Grep] pattern='satp\\.MODE|SATP_MODE'
[06:38:50] [spechunter] [Grep] pattern='mseccfg\\.MSSE|MSECCFG.*MSSE|MSSE'
[06:38:50] [spechunter] [Grep] pattern='sspush|sspopchk|ssload'
[06:38:50] [spechunter] [Grep] pattern='mstatus\\.SUM|MSTATUS_SUM|SUM.*mstatus'
[06:38:50] [spechunter] [Grep] pattern='mstatus\\.MXR|MSTATUS_MXR|MXR.*mstatus'
[06:38:50] [spechunter] [Grep] pattern='ssload'
[06:38:50] [spechunter] [Grep] pattern='shadow_stack|E_field|XWR==010|XWR==110|MSSE|menvcfg_SSE'
[06:38:50] [spechunter] [Grep] pattern='riscv_iommu'
[06:38:54] [spechunter] [Read] /home/yzs/riscv/opensbi/lib/sbi/sbi_hart.c
[06:38:54] [spechunter] [Read] /home/yzs/riscv/opensbi/lib/sbi/sbi_hart_pmp.c
[06:38:54] [spechunter] [Read] /home/yzs/riscv/opensbi/lib/sbi/riscv_asm.c
[06:38:54] [spechunter] [Read] /home/yzs/riscv/opensbi/include/sbi/riscv_encoding.h
[06:38:55] [spechunter] [Grep] pattern='SPMP|Spmp|spmpcfg|spmpaddr|spmp'
[06:38:55] [spechunter] [Read] /home/yzs/riscv/XiangShan/src/main/scala/xiangshan/backend/fu/NewCSR/MachineLevel.scala
[06:38:55] [spechunter] [Read] /home/yzs/riscv/XiangShan/src/main/scala/xiangshan/backend/fu/NewCSR/CSRIND.scala
[06:38:55] [spechunter] [Grep] pattern='shadow.?stack|zicfiss|sspop|ssload|CFI|ShadowStack|Zicfiss'
[06:38:55] [spechunter] [Grep] pattern='mseccfg|Mseccfg|MSE_SECCFG|msseccfg'
[06:38:55] [spechunter] [Grep] pattern='menvcfg|MENVCFG|Menvcfg'
[06:38:57] [spechunter] [Read] /home/yzs/riscv/opensbi/lib/sbi/sbi_hart_pmp.c
[06:38:57] [spechunter] [Read] /home/yzs/riscv/opensbi/lib/sbi/riscv_asm.c
[06:38:57] [spechunter] [Read] /home/yzs/riscv/opensbi/include/sbi/riscv_encoding.h
[06:38:57] [spechunter] [Read] /home/yzs/riscv/opensbi/lib/sbi/sbi_hart.c
[06:39:08] [spechunter] [text] Now let me trace the call graph and search for shadow-stack/SPMP related code.  
[06:39:08] [spechunter] [Grep] pattern='pmp_hart_has_privs'
[06:39:08] [spechunter] [Grep] pattern='shadow.stack|sspush|sspopchk|ssload|ssamoswap|zicfiss|ZICFISS|Sspmpss|smcfiss|Smcfiss|Smcflrr'
[06:39:08] [spechunter] [Grep] pattern='spmp|SPMP|spmpcfg|SPMPCFG'
[06:39:08] [spechunter] [Grep] pattern='MSSE|SSE|SSEED|USEED|menvcfg.*SSE|MSECCFG_SSEED'
[06:39:09] [spechunter] [text] Let me now read the key function contexts to get precise line ranges.  
[06:39:09] [spechunter] [Read] /home/yzs/riscv/qemu/target/riscv/pmp.c
[06:39:09] [spechunter] [Read] /home/yzs/riscv/qemu/target/riscv/pmp.c
[06:39:09] [spechunter] [Read] /home/yzs/riscv/qemu/target/riscv/pmp.c
[06:39:09] [spechunter] [Read] /home/yzs/riscv/qemu/target/riscv/pmp.c
[06:39:09] [spechunter] [Read] /home/yzs/riscv/qemu/target/riscv/pmp.c
[06:39:09] [spechunter] [Read] /home/yzs/riscv/qemu/target/riscv/pmp.c
[06:39:09] [spechunter] [Read] /home/yzs/riscv/qemu/target/riscv/csr.c
[06:39:09] [spechunter] [Read] /home/yzs/riscv/qemu/target/riscv/csr.c
[06:39:12] [spechunter] [text] Let me look at the remaining critical files - the HSM suspend/resume code and the domain context switch.  
[06:39:12] [spechunter] [Read] /home/yzs/riscv/opensbi/lib/sbi/sbi_hsm.c
[06:39:12] [spechunter] [Read] /home/yzs/riscv/opensbi/lib/sbi/sbi_domain_context.c
[06:39:12] [spechunter] [Read] /home/yzs/riscv/opensbi/lib/sbi/sbi_init.c
[06:39:13] [spechunter] [text] Let me now dive into the key files that reference shadow-stack and the access check path.  
[06:39:13] [spechunter] [Read] /home/yzs/riscv/qemu/target/riscv/cpu_helper.c
[06:39:13] [spechunter] [Read] /home/yzs/riscv/qemu/target/riscv/insn_trans/trans_rvzicfiss.c.inc
[06:39:13] [spechunter] [Read] /home/yzs/riscv/qemu/target/riscv/csr.c
[06:39:17] [spechunter] [Grep] pattern='mseccfg'
[06:39:17] [spechunter] [Grep] pattern='MSTATUS_SUM|_MSTATUS_SUM|SUM_SHIFT|SUM_BIT'
[06:39:17] [spechunter] [Grep] pattern='MSTATUS_MXR|_MSTATUS_MXR|MXR_SHIFT|MXR_BIT'
[06:39:17] [spechunter] [Grep] pattern='menvcfg|MENVCFG'
[06:39:17] [spechunter] [Grep] pattern='setup_sigframe|setup_rt_frame|setup_sigcontext'
[06:39:17] [spechunter] [Grep] pattern='ptrace|put_user|copy_to_user'
[06:39:19] [spechunter] [Agent] subagent_type, description
[06:39:19] [spechunter] [Agent] subagent_type, description
[06:39:19] [spechunter] [Agent] subagent_type, description
[06:39:19] [spechunter] [Agent] subagent_type, description
[06:39:21] [spechunter] [Grep] pattern='miselect|Miselect|MISELECT'
[06:39:21] [spechunter] [Grep] pattern='class EnvCfg|EnvCfg\\b'
[06:39:21] [spechunter] [Grep] pattern='shadow_stack|zicfiss|ShadowStack|sspop|ssload|CFI'
[06:39:21] [spechunter] [Grep] pattern='SPMP|spmpcfg|spmpaddr|SpmpCfg|SpmpAddr'
[06:39:21] [spechunter] [Grep] pattern='PMPChecker|PMPCheck|pmp_check|PMPResp|PMPReq'
[06:39:21] [spechunter] [Grep] pattern='pmpcfg0|pmpaddr0|pmpcfg2|pmpcfg4'
[06:39:22] [spechunter] [Agent] description, subagent_type
[06:39:25] [spechunter] [Read] /home/yzs/riscv/qemu/target/riscv/insn_trans/trans_rvzicfiss.c.inc
[06:39:25] [spechunter] [Read] /home/yzs/riscv/qemu/target/riscv/op_helper.c
[06:39:25] [spechunter] [Read] /home/yzs/riscv/qemu/target/riscv/pmp.h
[06:39:25] [spechunter] [Read] /home/yzs/riscv/qemu/target/riscv/cpu_helper.c
[06:39:25] [spechunter] [Read] /home/yzs/riscv/qemu/target/riscv/csr.c
[06:39:25] [spechunter] [Read] /home/yzs/riscv/qemu/target/riscv/csr.c
[06:39:25] [spechunter] [Read] /home/yzs/riscv/qemu/target/riscv/csr.c
[06:39:25] [spechunter] [Read] /home/yzs/riscv/qemu/target/riscv/csr.c
[06:39:28] [spechunter] [Grep] pattern='SUM|MXR'
[06:39:28] [spechunter] [Read] /home/yzs/riscv/linux/arch/riscv/kernel/signal.c
[06:39:28] [spechunter] [Read] /home/yzs/riscv/linux/arch/riscv/kernel/usercfi.c
[06:39:28] [spechunter] [Read] /home/yzs/riscv/linux/arch/riscv/kernel/ptrace.c
[06:39:30] [spechunter] [text] Let me also check the cold boot init path and the HSM data structure, plus the `sbi_hrt_protection_configure` entry poin...
[06:39:30] [spechunter] [Read] /home/yzs/riscv/opensbi/lib/sbi/sbi_init.c
[06:39:30] [spechunter] [Read] /home/yzs/riscv/opensbi/include/sbi/sbi_hsm.h
[06:39:30] [spechunter] [Grep] pattern='sbi_hart_protection_configure'
[06:39:30] [spechunter] [text] Now let me trace the full initialization flow and check for the domain configuration and HSM resume paths.  
[06:39:30] [spechunter] [Grep] pattern='sbi_hart_protection_configure'
[06:39:30] [spechunter] [Grep] pattern='pmp_set\\|pmp_disable\\|pmpcfg.*L\\|PMP_L\\b'
[06:39:30] [spechunter] [Grep] pattern='sbi_domain_get_smepmp_flags\\|sbi_domain_get_oldpmp_flags'
[06:39:33] [spechunter] [Grep] pattern='get_physical_address_pmp'
[06:39:33] [spechunter] [Grep] pattern='SS_MMU_INDEX|bcfi_enabled|zicfilp|menvcfg.*SSE|menvcfg_SSE'
[06:39:33] [spechunter] [Grep] pattern='menvcfg|MENVCFG'
[06:39:40] [spechunter] [Glob] arch/riscv/kernel/ptrace.c
[06:39:40] [spechunter] [Glob] kernel/ptrace.c
[06:39:40] [spechunter] [Grep] pattern='ptrace_request|generic_ptrace_pokedata|arch_ptrace'
[06:39:40] [spechunter] [Grep] pattern='PTRACE_POKEDATA|PTRACE_POKETEXT|PTRACE_POKEUSER|PTRACE_SETREGSET|PTRACE_SETREGS'
[06:39:40] [spechunter] [Grep] pattern='put_user|__put_user|copy_to_user|__copy_to_user'
[06:39:40] [spechunter] [text] Let me get a few more critical details.  
[06:39:40] [spechunter] [Grep] pattern='ENVCFG_SSE|ENVCFG_LPE|SR_SUM|SR_ELP'
[06:39:40] [spechunter] [Grep] pattern='save_cfi_state|restore_cfi_state|save_user_shstk|restore_user_shstk'
[06:39:40] [spechunter] [Grep] pattern='prefetch|__builtin_prefetch|flush_icache_range'
[06:39:40] [spechunter] [Read] /home/yzs/riscv/linux/arch/riscv/kernel/signal.c
[06:39:40] [spechunter] [Grep] pattern='__copy_to_user|__put_user|copy_to_user|put_user'
[06:39:41] [spechunter] [Grep] pattern='prefetch|__builtin_prefetch'
[06:39:41] [spechunter] [Grep] pattern='flush_icache|flush_icache_range|flush_icache_user_range|flush_icache_all'
[06:39:41] [spechunter] [Grep] pattern='copy_to_user_page|copy_from_user_page|clear_user_page|flush_dcache_page|flush_anon_page'
[06:39:41] [spechunter] [Grep] pattern='uprobe|patch_text|text_poke|stop_machine'
[06:39:41] [spechunter] [Read] /home/yzs/riscv/XiangShan/src/main/scala/xiangshan/backend/fu/NewCSR/CSRBundles.scala
[06:39:41] [spechunter] [Grep] pattern='miselect|mireg[^2-6]|MISELECT|Mireg[^2-6]'
[06:39:41] [spechunter] [Grep] pattern='spmp|SPMP|Spmp'
[06:39:41] [spechunter] [Read] /home/yzs/riscv/XiangShan/src/main/scala/xiangshan/cache/mmu/L2TLB.scala
[06:39:41] [spechunter] [Grep] pattern='PMPChecker|pmpcheck|pmp_check'
[06:39:43] [spechunter] [Grep] pattern='SS_MMU_INDEX'
[06:39:43] [spechunter] [Grep] pattern='get_physical_address_pmp'
[06:39:43] [spechunter] [Grep] pattern='ssrdp'
[06:39:44] [spechunter] [Read] /home/yzs/riscv/opensbi/lib/sbi/sbi_hart_protection.c
[06:39:44] [spechunter] [Read] /home/yzs/riscv/opensbi/lib/sbi/sbi_hsm.c
[06:39:44] [spechunter] [Read] /home/yzs/riscv/opensbi/lib/sbi/sbi_init.c
[06:39:44] [spechunter] [Read] /home/yzs/riscv/opensbi/lib/sbi/sbi_hart.c
[06:39:46] [spechunter] [Glob] arch/riscv/kernel/signal.c
[06:39:46] [spechunter] [Glob] arch/riscv/kernel/ptrace.c
[06:39:46] [spechunter] [Glob] arch/riscv/include/asm/*signal*
[06:39:46] [spechunter] [Glob] arch/riscv/include/asm/uaccess.h
[06:39:46] [spechunter] [Grep] pattern='setup_sigframe|setup_rt_frame|setup_sigcontext'
[06:39:46] [spechunter] [Grep] pattern='spmp|pmp|sspush|sspopchk|ssload|shadow.stack|SSE|MENVCFG|menvcfg'
[06:39:46] [spechunter] [Grep] pattern='mstatus.*SUM|SUM.*mstatus|MXR|mstatus.*MXR'
[06:39:46] [spechunter] [Grep] pattern='put_user|copy_to_user|__put_user|__copy_to_user'
[06:39:49] [spechunter] [Grep] pattern='SS_MMU_INDEX|MMUIdx_S|mmuidx.*SS|get_mmuidx'
[06:39:49] [spechunter] [Read] /home/yzs/riscv/qemu/target/riscv/cpu_helper.c
[06:39:49] [spechunter] [Read] /home/yzs/riscv/qemu/target/riscv/translate.c
[06:39:49] [spechunter] [Read] /home/yzs/riscv/opensbi/lib/sbi/sbi_init.c
[06:39:49] [spechunter] [Read] /home/yzs/riscv/opensbi/lib/sbi/sbi_domain_context.c
[06:39:49] [spechunter] [Read] /home/yzs/riscv/opensbi/include/sbi/sbi_domain.h
[06:39:52] [spechunter] [text] Let me also check the PMP flag definitions and the domain PMP flag encoding for the L-bit.  
[06:39:52] [spechunter] [Grep] pattern='PMP_L\\b|PMP_W\\b|PMP_R\\b|PMP_X\\b|PMP_A\\b'
[06:39:52] [spechunter] [Grep] pattern='sbi_domain_get_oldpmp_flags|sbi_domain_get_smepmp_flags'
[06:39:52] [spechunter] [Read] /home/yzs/riscv/linux/arch/riscv/kernel/signal.c
[06:39:52] [spechunter] [Read] /home/yzs/riscv/linux/arch/riscv/kernel/signal.c
[06:39:52] [spechunter] [Grep] pattern='__copy_from_user|__get_user|copy_from_user|get_user'
[06:39:53] [spechunter] [Read] /home/yzs/riscv/opensbi/lib/sbi/sbi_hart.c
[06:39:56] [spechunter] [Read] /home/yzs/riscv/linux/arch/riscv/include/asm/processor.h
[06:39:56] [spechunter] [Read] /home/yzs/riscv/linux/arch/riscv/include/asm/cacheflush.h
[06:39:56] [spechunter] [Read] /home/yzs/riscv/linux/arch/riscv/mm/cacheflush.c
[06:39:56] [spechunter] [Read] /home/yzs/riscv/linux/arch/riscv/kernel/patch.c
[06:39:56] [spechunter] [Read] /home/yzs/riscv/linux/arch/riscv/kernel/probes/uprobes.c
[06:39:57] [spechunter] [Read] /home/yzs/riscv/linux/arch/riscv/kernel/ptrace.c
[06:39:57] [spechunter] [Read] /home/yzs/riscv/linux/kernel/ptrace.c
[06:39:57] [spechunter] [Grep] pattern='put_user|__put_user|copy_to_user|__copy_to_user'
[06:39:57] [spechunter] [Grep] pattern='poke_?data|poke_?text|write.*memory|access_process_vm|__access_process_vm|ptrace_access_vm'
[06:39:57] [spechunter] [Grep] pattern='ptrace_request|generic_ptrace_pokedata|ptrace_writedata|ptrace_write'
[06:40:00] [spechunter] [Grep] pattern='pmp'
[06:40:00] [spechunter] [Grep] pattern='SBI_EXT_PMP|SBI_PMP'
[06:40:00] [spechunter] [Grep] pattern='spmpcfg|spmpaddr'
[06:40:00] [spechunter] [Grep] pattern='pmpcfg|pmpaddr|mseccfg|menvcfg\\.SSE|menvcfg_sse'
[06:40:00] [spechunter] [Grep] pattern='shadow.stack|shadow_stack|Zicfiss|zicfiss|ssp_csr|ssp'
[06:40:00] [spechunter] [Grep] pattern='set_mcontext|get_mcontext'
[06:40:00] [spechunter] [Grep] pattern='pmpcfg|pmpaddr|mseccfg|menvcfg|CSR_'
[06:40:00] [spechunter] [Glob] **/swtch.S
[06:40:00] [spechunter] [Glob] **/trap*.{c,S}
[06:40:00] [spechunter] [Glob] **/machdep.c
[06:40:03] [spechunter] [Bash] List all source files in arch/riscv/kvm
[06:40:03] [spechunter] [Bash] List all KVM header files in arch/riscv/include/asm
[06:40:03] [spechunter] [Glob] virt/kvm/*.c
[06:40:03] [spechunter] [Grep] pattern='kvm_read_guest|kvm_write_guest|kvm_vcpu_read_guest|kvm_vcpu_write_guest'
[06:40:03] [spechunter] [Grep] pattern='PMP|SPMP|pmp|spmp|shadow.stack'
[06:40:03] [spechunter] [Grep] pattern='menvcfg|menvcfgh|CSR_MENVCFG'
[06:40:03] [spechunter] [Grep] pattern='guest.?memory|guest.?page|gfn|gpa|guest_phys'
[06:40:03] [spechunter] [Grep] pattern='emulate|emulation|decode|trap.*handler|vm.exit|vmexit|vm_entry|vmentry'
[06:40:07] [spechunter] [Read] /home/yzs/riscv/opensbi/lib/sbi/sbi_domain.c
[06:40:07] [spechunter] [Read] /home/yzs/riscv/opensbi/lib/sbi/sbi_hart.c
[06:40:07] [spechunter] [Grep] pattern='sbi_hart_pmp_check_mseccfg'
[06:40:08] [spechunter] [Grep] pattern='spmp|SPMP|Smpmp'
[06:40:08] [spechunter] [Grep] pattern='CSR_MSECCFG|MSECCFG'
[06:40:08] [spechunter] [Read] /home/yzs/riscv/linux/arch/riscv/kernel/signal.c
[06:40:08] [spechunter] [Grep] pattern='MMU_IDX_SS_WRITE|mmu_idx.*SS|riscv_get_physical_address'
[06:40:08] [spechunter] [Grep] pattern='bcfi_enabled|BCFI_ENABLED|bcfi'
[06:40:08] [spechunter] [Read] /home/yzs/riscv/qemu/target/riscv/op_helper.c
[06:40:08] [spechunter] [Grep] pattern='class Miselect|miselect|mireg[^2-6]|siselect|sireg[^2-6]|vsiselect|vsireg[^2-6]'
[06:40:08] [spechunter] [Grep] pattern='PMPChecker|pmp_check'
[06:40:08] [spechunter] [Grep] pattern='shadow_stack|zicfiss|Zicfiss'
[06:40:08] [spechunter] [Grep] pattern='mseccfg|MSE_SECCFG|msseccfg'
[06:40:08] [spechunter] [Grep] pattern='mseccfg|msseccfg|MSE_SECCFG'
[06:40:12] [spechunter] [Grep] pattern='PMP_L|PMP_LOCK|PMP\\.L|pmpcfg.*L'
[06:40:12] [spechunter] [Grep] pattern='SBI_DOMAIN_MEMREGION_ENF_PERMISSIONS'
[06:40:12] [spechunter] [Grep] pattern='pmp_region_lock\\|pmp_lock\\|PMP_A_NAPOT\\|PMP_A_NA4\\|PMP_A_TOR\\|PMP_A_OFF'
[06:40:15] [spechunter] [Read] /home/yzs/riscv/linux/arch/riscv/kernel/signal.c
[06:40:15] [spechunter] [Read] /home/yzs/riscv/linux/arch/riscv/include/asm/uaccess.h
[06:40:15] [spechunter] [Read] /home/yzs/riscv/linux/arch/riscv/include/asm/csr.h
[06:40:15] [spechunter] [Grep] pattern='spmp|shadow.stack|sspush|sspopchk|ssload'
[06:40:15] [spechunter] [Grep] pattern='MENVCFG|menvcfg|menvcfg'
[06:40:15] [spechunter] [Grep] pattern='SUM|MXR|sstatus.*SUM|SUM.*mstatus|MXR.*mstatus|PAGE_READ|PAGE_WRITE|PAGE_EXEC'
[06:40:15] [spechunter] [Grep] pattern='pmp|spmp'
[06:40:15] [spechunter] [Grep] pattern='speculative|Zicbop|PREFETCH_W|PREFETCH_R'
[06:40:15] [spechunter] [Read] /home/yzs/riscv/linux/arch/riscv/kernel/sys_riscv.c
[06:40:15] [spechunter] [Read] /home/yzs/riscv/linux/arch/riscv/kernel/signal.c
[06:40:15] [spechunter] [Read] /home/yzs/riscv/linux/arch/riscv/mm/context.c
[06:40:15] [spechunter] [Read] /home/yzs/riscv/linux/arch/riscv/kernel/vdso/flush_icache.S
[06:40:15] [spechunter] [Read] /home/yzs/riscv/linux/arch/riscv/include/asm/switch_to.h
[06:40:18] [spechunter] [Grep] pattern='access_remote_vm'
[06:40:18] [spechunter] [Grep] pattern='user_regset_copyin'
[06:40:18] [spechunter] [Grep] pattern='set_active_shstk|set_tagged_addr_ctrl'
[06:40:18] [spechunter] [Grep] pattern='SPMP|spmp|shadow.stack|shstk.*write|shstk.*protect'
[06:40:18] [spechunter] [Grep] pattern='gup_flags|FOLL_FORCE|FOLL_WRITE|gup.*write'
[06:40:21] [spechunter] [Read] /home/yzs/riscv/linux/arch/riscv/kvm/vcpu_exit.c
[06:40:21] [spechunter] [Read] /home/yzs/riscv/linux/arch/riscv/kvm/vcpu_insn.c
[06:40:21] [spechunter] [Read] /home/yzs/riscv/linux/arch/riscv/kvm/vcpu.c
[06:40:21] [spechunter] [Read] /home/yzs/riscv/linux/arch/riscv/kvm/mm u.c
[06:40:21] [spechunter] [Read] /home/yzs/riscv/linux/arch/riscv/include/asm/kvm_host.h
[06:40:21] [spechunter] [Read] /home/yzs/riscv/linux/arch/riscv/include/asm/kvm_vcpu_insn.h
[06:40:22] [spechunter] [Read] /home/yzs/riscv/freebsd-src/sys/riscv/riscv/machdep.c
[06:40:22] [spechunter] [Read] /home/yzs/riscv/freebsd-src/sys/riscv/riscv/swtch.S
[06:40:22] [spechunter] [Read] /home/yzs/riscv/freebsd-src/sys/riscv/riscv/trap.c
[06:40:22] [spechunter] [Read] /home/yzs/riscv/freebsd-src/sys/riscv/riscv/exec_machdep.c
[06:40:22] [spechunter] [Grep] pattern='mseccfg'
[06:40:22] [spechunter] [Grep] pattern='menvcfg'
[06:40:22] [spechunter] [Grep] pattern='SBI_EXT'
[06:40:22] [spechunter] [Grep] pattern='bhyve|vmm'
[06:40:26] [spechunter] [Grep] pattern='sbi_hart_pmp_check_mseccfg'
[06:40:26] [spechunter] [Read] /home/yzs/riscv/opensbi/lib/sbi/sbi_hart.c
[06:40:26] [spechunter] [Grep] pattern='CSR_MSECCFG'
[06:40:26] [spechunter] [Read] /home/yzs/riscv/qemu/target/riscv/cpu_helper.c
[06:40:26] [spechunter] [Read] /home/yzs/riscv/qemu/target/riscv/cpu_helper.c
[06:40:26] [spechunter] [Read] /home/yzs/riscv/qemu/target/riscv/cpu_helper.c
[06:40:28] [spechunter] [Grep] pattern='spmp|Spmp|SPMP'
[06:40:28] [spechunter] [Grep] pattern='mseccfg|pmm'
[06:40:28] [spechunter] [Grep] pattern='class MISelectBundle|class SISelectBundle|class VSISelectBundle'
[06:40:28] [spechunter] [Grep] pattern='mseccfg\\.PMM|MSE_SECCFG'
[06:40:31] [spechunter] [Read] /home/yzs/riscv/linux/mm/memory.c
[06:40:31] [spechunter] [Read] /home/yzs/riscv/linux/arch/riscv/kernel/usercfi.c
[06:40:31] [spechunter] [Read] /home/yzs/riscv/linux/arch/riscv/kernel/usercfi.c
[06:40:31] [spechunter] [Read] /home/yzs/riscv/linux/arch/riscv/kernel/process.c
[06:40:31] [spechunter] [Grep] pattern='user_regset_copyin'
[06:40:31] [spechunter] [Grep] pattern='PMPCFG|pmpcfg|CSR_PMP'
[06:40:31] [spechunter] [Grep] pattern='CSR_SSP|CSR_SENVCFG|CSR_HENVCFG'
[06:40:31] [spechunter] [Grep] pattern='__enable_user_access|__disable_user_access|SUM'
[06:40:38] [spechunter] [Read] /home/yzs/riscv/qemu/target/riscv/cpu_helper.c
[06:40:38] [spechunter] [Read] /home/yzs/riscv/qemu/target/riscv/cpu_helper.c
[06:40:42] [spechunter] [Read] /home/yzs/riscv/linux/arch/riscv/kernel/compat_signal.c
[06:40:42] [spechunter] [Read] /home/yzs/riscv/linux/arch/riscv/kernel/usercfi.c
[06:40:42] [spechunter] [Read] /home/yzs/riscv/linux/arch/riscv/kernel/ptrace.c
[06:40:42] [spechunter] [Read] /home/yzs/riscv/linux/arch/riscv/include/asm/usercfi.h
[06:40:42] [spechunter] [Grep] pattern='SR_SUM|SR_FS|SR_VS|MXR|menvcfg'
[06:40:42] [spechunter] [Grep] pattern='put_user|__put_user|copy_to_user|__copy_to_user|access_ok'
[06:40:42] [spechunter] [Grep] pattern='SR_SP|CSR_SSP|CSR_SSP|zicfiss|zicfilp|bcfi|SSE|ssp|csr'
[06:40:42] [spechunter] [Grep] pattern='__asm_copy_to_user_sum_enabled|__asm_copy_from_user_sum_enabled'
[06:40:42] [spechunter] [Read] /home/yzs/riscv/linux/arch/riscv/Kconfig
[06:40:42] [spechunter] [Read] /home/yzs/riscv/linux/arch/riscv/include/asm/insn-def.h
[06:40:42] [spechunter] [Grep] pattern='flush_dcache_page|flush_cache_page|update_mmu_cache'
[06:40:42] [spechunter] [Read] /home/yzs/riscv/linux/arch/riscv/include/asm/pgtable.h
[06:40:42] [spechunter] [Read] /home/yzs/riscv/linux/arch/riscv/mm/dma-noncoherent.c
[06:40:42] [spechunter] [Read] /home/yzs/riscv/linux/arch/riscv/kernel/ftrace.c
[06:40:44] [spechunter] [Read] /home/yzs/riscv/freebsd-src/sys/riscv/include/sbi.h
[06:40:44] [spechunter] [Grep] pattern='CSR_SPMP|SPMP|CSR_SMSECCFG|CSR_MENVCFG|CSR_SENVCFG'
[06:40:44] [spechunter] [Glob] **/exception.S
[06:40:44] [spechunter] [Read] /home/yzs/riscv/freebsd-src/sys/riscv/vmm/vmm_switch.S
[06:40:44] [spechunter] [Read] /home/yzs/riscv/freebsd-src/sys/riscv/vmm/vmm_riscv.c
[06:40:44] [spechunter] [Grep] pattern='SCAUSE_STORE|SCAUSE_INST|SCAUSE_LOAD|ACCESS_FAULT|PAGE_FAULT'
[06:40:44] [spechunter] [Read] /home/yzs/riscv/freebsd-src/sys/riscv/include/encoding.h
[06:40:44] [spechunter] [Grep] pattern='mseccfg|menvcfg|senvcfg|srncfg|srmcfg|spmpcfg|spmpaddr'
[06:40:53] [spechunter] [Read] /home/yzs/riscv/linux/arch/riscv/kernel/traps.c
[06:40:53] [spechunter] [Grep] pattern='spmp|SPMP|Sspmp|SSE|Smcfiss|Smucfiss|Smpmpind'
[06:40:53] [spechunter] [Read] /home/yzs/riscv/linux/arch/riscv/kernel/head.S
[06:40:55] [spechunter] [text] Now let me check the CSR definitions, migration, reset, and menvcfg write paths.  
[06:40:55] [spechunter] [Grep] pattern='menvcfg_csr_write|write_menvcfg|MENVCFG.*write'
[06:40:55] [spechunter] [Grep] pattern='pmpcfg.*write|pmp.*csr_write|write_pmp|CSR_PMP'
[06:40:55] [spechunter] [Grep] pattern='SSE|menvcfg.*SSE|zicfiss'
[06:41:01] [spechunter] [Grep] pattern='EnvPMM|class EnvPMM|PMLEN7|PMLEN16'
[06:41:01] [spechunter] [Grep] pattern='PMM|pmm|Pmlen'
[06:41:01] [spechunter] [Grep] pattern='class MISelectField|ISelectField|MISelectField'
[06:41:06] [spechunter] [Read] /home/yzs/riscv/linux/mm/memory.c
[06:41:06] [spechunter] [Grep] pattern='get_user_page_vma_remote|get_user_pages'
[06:41:06] [spechunter] [Grep] pattern='get_user_page_vma_remote'
[06:41:06] [spechunter] [Grep] pattern='FOLL_FORCE|FOLL_WRITE|fo_write|gup_flags.*WRITE'
[06:41:06] [spechunter] [Grep] pattern='VM_WRITE|VM_SHADOW_STACK|write.*shadow|shadow.*write|gup.*vma|check_vma_flags'
[06:41:07] [spechunter] [Read] /home/yzs/riscv/freebsd-src/sys/riscv/riscv/exception.S
[06:41:07] [spechunter] [Grep] pattern='mseccfg|menvcfg|senvcfg'
[06:41:07] [spechunter] [Grep] pattern='shadow.stack|zicfiss|ssp_csr|csr_ssp|shadow_stack'
[06:41:07] [spechunter] [Grep] pattern='mseccfg|menvcfg'
[06:41:07] [spechunter] [Grep] pattern='SBI_EXT|SBI_PMP|SBI_CPPC|SBI_NACL|SBI_DBCN|SBI_STA|SBI_SSE|SBI_SSP'
[06:41:07] [spechunter] [Grep] pattern='pmp|spmp|mseccfg|menvcfg|spmpcfg|spmpaddr'
[06:41:07] [spechunter] [Grep] pattern='pmp|spmp|mseccfg'
[06:41:10] [spechunter] [text] Now let me check the migration code for PMP state and the write_menvcfg function fully, plus any S-mode PMP handling and...
[06:41:10] [spechunter] [Read] /home/yzs/riscv/qemu/target/riscv/csr.c
[06:41:10] [spechunter] [Read] /home/yzs/riscv/qemu/target/riscv/csr.c
[06:41:10] [spechunter] [Grep] pattern='pmp_state|pmp_table|mseccfg|menvcfg.*SSE|shadow.stack'
[06:41:15] [spechunter] [Read] /home/yzs/riscv/linux/arch/riscv/lib/uaccess_vector.S
[06:41:15] [spechunter] [Read] /home/yzs/riscv/linux/arch/riscv/lib/uaccess.S
[06:41:15] [spechunter] [Read] /home/yzs/riscv/linux/arch/riscv/include/asm/signal32.h
[06:41:15] [spechunter] [Read] /home/yzs/riscv/linux/arch/riscv/include/uapi/asm/sigcontext.h
[06:41:15] [spechunter] [Grep] pattern='ENVCFG_SSE|ENVCFG_LPE|CSR_ENVCFG|ENVCFG'
[06:41:15] [spechunter] [Grep] pattern='handle_signal|do_signal|arch_do_signal|setup_rt_frame|compat_setup_rt_frame'
[06:41:15] [spechunter] [Grep] pattern='sc_regs|sc_fpregs|sigcontext|__riscv_ctx_hdr|END_MAGIC|RISCV_V_MAGIC|RISCV_ZICFISS_MAGIC'
[06:41:15] [spechunter] [Grep] pattern='copy_siginfo_to_user|copy_siginfo'
[06:41:19] [spechunter] [text] ```json {   "locations": [     {       "file_path": "target/riscv/pmp.h",       "function_name": "N/A (header definition...
[06:41:21] [spechunter] [Grep] pattern='VM_SHADOW_STACK|SHADOW_STACK'
[06:41:21] [spechunter] [Grep] pattern='ssamoswap'
[06:41:21] [spechunter] [Grep] pattern='handle_user_cfi_violation|user_cfi_violation'
[06:41:22] [spechunter] [Read] /home/yzs/riscv/freebsd-src/sys/riscv/include/riscvreg.h
[06:41:22] [spechunter] [Grep] pattern='pmp'
[06:41:22] [spechunter] [Grep] pattern='pmp'
[06:41:22] [spechunter] [Grep] pattern='CSR_HSTATUS|HSTATUS_|CSR_HVIP|CSR_VSSTATUS|CSR_VSIE|CSR_VSTVEC|CSR_VSSCRATCH|CSR_VSEPC|CSR_VSCAUSE|CSR_VSTVAL|CSR_VSATP|CSR_HGATP'
[06:41:24] [spechunter] [Read] /home/yzs/riscv/linux/arch/riscv/kvm/mmu.c
[06:41:24] [spechunter] [Read] /home/yzs/riscv/linux/arch/riscv/kvm/vcpu_onereg.c
[06:41:24] [spechunter] [Read] /home/yzs/riscv/linux/arch/riscv/kvm/nacl.c
[06:41:24] [spechunter] [Read] /home/yzs/riscv/linux/arch/riscv/kvm/vcpu_sbi_sta.c
[06:41:24] [spechunter] [Grep] pattern='guest_memfd|guest_mem|private_mem|KVM_MEM_GUEST_MEMFD'
[06:41:24] [spechunter] [Grep] pattern='shadow.stack|ZICFISS|ZICFILP|sspush|sspopchk|SSTATEEN0_SSCFG|hstateen.*shadow|hstateen0_.*='
[06:41:24] [spechunter] [Grep] pattern='PMP|SPMP|pmp|spmp'
[06:41:24] [spechunter] [Read] /home/yzs/riscv/linux/arch/riscv/kvm/gstage.c
[06:41:24] [spechunter] [Read] /home/yzs/riscv/linux/arch/riscv/include/asm/pgtable.h
[06:41:24] [spechunter] [Read] /home/yzs/riscv/linux/arch/riscv/include/asm/runtime-const.h
[06:41:24] [spechunter] [Grep] pattern='copy_to_user_page|copy_from_user_page|clear_user_page'
[06:41:24] [spechunter] [Read] /home/yzs/riscv/linux/arch/riscv/kernel/jump_label.c
[06:41:24] [spechunter] [Grep] pattern='prefetch|PREALLOCATE_TLBS|HAVE_ARCH_PREALLOCATE_TLBS'
[06:41:24] [spechunter] [Read] /home/yzs/riscv/linux/arch/riscv/kernel/kgdb.c
[06:41:30] [spechunter] [Read] /home/yzs/riscv/linux/mm/gup.c
[06:41:30] [spechunter] [Read] /home/yzs/riscv/linux/mm/gup.c
[06:41:30] [spechunter] [Read] /home/yzs/riscv/linux/kernel/ptrace.c
[06:41:30] [spechunter] [Read] /home/yzs/riscv/linux/kernel/ptrace.c
[06:41:30] [spechunter] [Read] /home/yzs/riscv/linux/kernel/ptrace.c
[06:41:30] [spechunter] [Read] /home/yzs/riscv/linux/arch/riscv/kernel/traps.c
[06:41:30] [spechunter] [Read] /home/yzs/riscv/linux/arch/riscv/mm/pgtable.c
[06:41:30] [spechunter] [Read] /home/yzs/riscv/linux/arch/riscv/kernel/entry.S
[06:41:34] [spechunter] [Read] /home/yzs/riscv/qemu/target/riscv/machine.c
[06:41:34] [spechunter] [Grep] pattern='pmp|mseccfg|menvcfg'
[06:41:34] [spechunter] [Grep] pattern='pmp|mseccfg'
[06:41:34] [spechunter] [Grep] pattern='pmp|mseccfg|menvcfg|CSR_PMP|CSR_MENVCFG'
[06:41:37] [spechunter] [Read] /home/yzs/riscv/linux/arch/riscv/lib/uaccess.S
[06:41:37] [spechunter] [Read] /home/yzs/riscv/linux/arch/riscv/include/uapi/asm/ptrace.h
[06:41:37] [spechunter] [Read] /home/yzs/riscv/linux/arch/riscv/include/uapi/asm/ucontext.h
[06:41:37] [spechunter] [Read] /home/yzs/riscv/linux/arch/riscv/include/asm/csr.h
[06:41:37] [spechunter] [Read] /home/yzs/riscv/linux/arch/riscv/include/asm/csr.h
[06:41:37] [spechunter] [Read] /home/yzs/riscv/linux/arch/riscv/include/asm/processor.h
[06:41:37] [spechunter] [Grep] pattern='spmp'
[06:41:37] [spechunter] [Grep] pattern='MXR|_PAGE_READ|_PAGE_WRITE|_PAGE_EXEC|msstatus|mstatus'
[06:41:37] [spechunter] [Read] /home/yzs/riscv/linux/arch/riscv/include/asm/kvm_mmu.h
[06:41:37] [spechunter] [Read] /home/yzs/riscv/linux/arch/riscv/include/asm/kvm_gstage.h
[06:41:37] [spechunter] [Read] /home/yzs/riscv/linux/arch/riscv/kvm/vcpu_sbi_fwft.c
[06:41:37] [spechunter] [Read] /home/yzs/riscv/linux/arch/riscv/include/asm/kvm_nacl.h
[06:41:37] [spechunter] [Grep] pattern='__kvm_riscv_switch_to|__kvm_riscv_nacl_switch_to'
[06:41:37] [spechunter] [Grep] pattern='CSR_HSTATUS|HSTATUS_'
[06:41:37] [spechunter] [Read] /home/yzs/riscv/linux/arch/riscv/kvm/vcpu_pmu.c
[06:41:37] [spechunter] [Grep] pattern='ModeM|ModeS|ModeU|ModeHS|val Mode'
[06:41:37] [spechunter] [Grep] pattern='pmm\\.mseccfg|pmm\\.menvcfg|pmm\\.henvcfg|pmm\\.senvcfg|pmm\\.hstatus'
[06:41:37] [spechunter] [Grep] pattern='ModeM|ModeS|ModeU|ModeHS'
[06:41:42] [spechunter] [Grep] pattern='SPMP|spmp|PMP|pmp'
[06:41:42] [spechunter] [Grep] pattern='arch_vma_access_permitted'
[06:41:42] [spechunter] [Grep] pattern='arch_vma_access_permitted'
[06:41:42] [spechunter] [Read] /home/yzs/riscv/linux/arch/riscv/mm/pgtable.c
[06:41:42] [spechunter] [Read] /home/yzs/riscv/linux/arch/riscv/include/asm/mman.h
[06:41:42] [spechunter] [Read] /home/yzs/riscv/linux/include/asm-generic/cacheflush.h
[06:41:42] [spechunter] [Grep] pattern='speculative|prefetch'
[06:41:42] [spechunter] [Read] /home/yzs/riscv/linux/arch/riscv/kernel/traps.c
[06:41:42] [spechunter] [Grep] pattern='hash__prefetch|HUGETLB_PREALLOC|mm_has_no_prefetch_count|HAVE_SPECULATIVE'
[06:41:42] [spechunter] [Read] /home/yzs/riscv/linux/arch/riscv/kernel/hibernate.c
[06:41:42] [spechunter] [Read] /home/yzs/riscv/linux/arch/riscv/kernel/smpboot.c
[06:41:45] [spechunter] [Read] /home/yzs/riscv/linux/arch/riscv/kernel/entry.S
[06:41:45] [spechunter] [Grep] pattern='ptrace_request|generic_ptrace_pokedata'
[06:41:47] [spechunter] [Grep] pattern='pmp|spmp|mseccfg|menvcfg|zicfiss|shadow.stack|ssp_csr|spmpcfg|spmpaddr'
[06:41:47] [spechunter] [Grep] pattern='pmp|spmp'
[06:41:55] [spechunter] [Grep] pattern='MXR'
[06:41:55] [spechunter] [Grep] pattern='CSR_STATUS|SR_SUM|SR_SPELP|SR_MPELP'
[06:41:55] [spechunter] [Read] /home/yzs/riscv/linux/arch/riscv/lib/uaccess.S
[06:41:55] [spechunter] [Grep] pattern='pmp'
[06:41:55] [spechunter] [Grep] pattern='copy_siginfo_to_user'
[06:41:55] [spechunter] [Grep] pattern='envcfg'
[06:41:55] [spechunter] [Grep] pattern='PAGE_GLOBAL|PAGE_USER|PAGE_KERNEL|PTE_PERM|ptep_modify|page_table_check'
[06:41:55] [spechunter] [Grep] pattern='prefetch_folio|PREFETCH_FOLIO|MADV_COLD|MADV_PAGEOUT'
[06:41:55] [spechunter] [Read] /home/yzs/riscv/linux/arch/riscv/errata/thead/errata.c
[06:41:55] [spechunter] [Read] /home/yzs/riscv/linux/arch/riscv/net/bpf_jit_core.c
[06:41:55] [spechunter] [Read] /home/yzs/riscv/linux/arch/riscv/include/asm/runtime-const.h
[06:41:55] [spechunter] [Grep] pattern='force_icache_flush|icache_stale_mask'
[06:41:55] [spechunter] [Grep] pattern='PREOP_CLEAR_FLAGS|PREFETCH_ORDER|LRU_GEN|walk_page_range.*prefetch'
[06:41:55] [spechunter] [text] Let me check the mseccfg bits related to shadow stack and the page table walk PMP check path more closely.  
[06:41:55] [spechunter] [Grep] pattern='MSECCFG_MSSE|MSECCFG_SSEED|MSECCFG_USEED|MSSE'
[06:41:55] [spechunter] [Read] /home/yzs/riscv/qemu/target/riscv/cpu_helper.c
[06:41:55] [spechunter] [Grep] pattern='pmp_is_write_ok|pmp_is_read_ok|pmp_check'
[06:42:01] [spechunter] [Read] /home/yzs/riscv/linux/arch/riscv/kvm/vcpu_switch.S
[06:42:01] [spechunter] [Grep] pattern='kvm_vcpu_read_guest|kvm_vcpu_write_guest|kvm_read_guest|kvm_write_guest'
[06:42:01] [spechunter] [Grep] pattern='SMSTATEEN0_SSCFG|HSTATEEN0_.*=|CSR_SSCFG|CSR_SSP|sspopchk|sspush'
[06:42:01] [spechunter] [Grep] pattern='gfn_to_hva|gfn_to_pfn|kvm_vcpu_gfn_to_hva|gfn_to_memslot'
[06:42:01] [spechunter] [Read] /home/yzs/riscv/linux/arch/riscv/kvm/vcpu_pmu.c
[06:42:01] [spechunter] [Read] /home/yzs/riscv/linux/arch/riscv/kvm/vcpu_pmu.c
[06:42:05] [spechunter] [Read] /home/yzs/riscv/linux/arch/riscv/kernel/entry.S
[06:42:05] [spechunter] [Read] /home/yzs/riscv/linux/arch/riscv/kernel/traps.c
[06:42:05] [spechunter] [Grep] pattern='pmp|spmp'
[06:42:05] [spechunter] [Grep] pattern='pmp'
[06:42:07] [spechunter] [text] Now I have all data needed. Here is the compiled JSON:  ```json {   "locations": [     {       "file_path": "include/sbi...
[06:42:08] [spechunter] [Grep] pattern='PMP|SPMP|spmp|pmp'
[06:42:08] [spechunter] [Grep] pattern='PMP|SPMP|spmp|pmp'
[06:42:08] [spechunter] [Read] /home/yzs/riscv/linux/arch/riscv/include/asm/pgtable.h
[06:42:08] [spechunter] [Grep] pattern='VPMP|vmpu|SMPU|smpu'
[06:42:08] [spechunter] [Grep] pattern='copy_to_user_page|copy_from_user_page'
[06:42:08] [spechunter] [Read] /home/yzs/riscv/linux/arch/riscv/include/asm/membarrier.h
[06:42:08] [spechunter] [Read] /home/yzs/riscv/linux/arch/riscv/include/asm/sync_core.h
[06:42:08] [spechunter] [Read] /home/yzs/riscv/linux/arch/riscv/include/asm/processor.h
[06:42:08] [spechunter] [Read] /home/yzs/riscv/linux/arch/riscv/include/asm/processor.h
[06:42:08] [spechunter] [Read] /home/yzs/riscv/linux/arch/riscv/kernel/alternative.c
[06:42:08] [spechunter] [Read] /home/yzs/riscv/linux/arch/riscv/kernel/cpufeature.c
[06:42:11] [spechunter] [Grep] pattern='restore_sigcontext|__restore_cfiss_state'
[06:42:11] [spechunter] [Read] /home/yzs/riscv/linux/arch/riscv/kernel/ptrace.c
[06:42:11] [spechunter] [Grep] pattern='cpu_supports_shadow_stack|cpu_supports_indirect_br_lp_instr'
[06:42:16] [spechunter] [Grep] pattern='shadow_stack|sspopchk|ssload|sspush|ssamoswap|sspop|ssrdp'
[06:42:16] [spechunter] [Grep] pattern='MML|MMWP|RLB|mepmp|Smepmp|smePMP'
[06:42:16] [spechunter] [Grep] pattern='csr_dup|distribute_csr'
[06:42:21] [spechunter] [Read] /home/yzs/riscv/linux/arch/riscv/kernel/traps.c
[06:42:21] [spechunter] [Read] /home/yzs/riscv/linux/arch/riscv/kernel/traps.c
[06:42:21] [spechunter] [Read] /home/yzs/riscv/linux/arch/riscv/include/asm/pgtable.h
[06:42:21] [spechunter] [Grep] pattern='__fix_to_virt|FIX_TEXT_POKE|fixmap'
[06:42:21] [spechunter] [Read] /home/yzs/riscv/linux/arch/riscv/errata/sifive/errata.c
[06:42:21] [spechunter] [Read] /home/yzs/riscv/linux/arch/riscv/errata/mips/errata.c
[06:42:21] [spechunter] [text] Now let me trace the `mstateen` handling and the domain context/HSM paths more carefully.  
[06:42:21] [spechunter] [Grep] pattern='mstateen\\|MSTATEEN\\|MSECCFG_MSSE\\|MSSE'
[06:42:21] [spechunter] [Read] /home/yzs/riscv/opensbi/lib/sbi/sbi_domain.c
[06:42:21] [spechunter] [Read] /home/yzs/riscv/opensbi/lib/sbi/sbi_hart_protection.c
[06:42:23] [spechunter] [Grep] pattern='access_process_vm'
[06:42:23] [spechunter] [Grep] pattern='copy_regset_from_user'
[06:42:23] [spechunter] [Grep] pattern='POKEUSER|PTRACE_POKEUSR'
[06:42:23] [spechunter] [Grep] pattern='copy_to_user_page'
[06:42:23] [spechunter] [Grep] pattern='PT_ARCH_FLAG|define.*PTRACE.*SHSTK|PTRACE.*SHADOW|ptrace.*shstk|ptrace.*pokedata.*shadow'
[06:42:31] [spechunter] [Grep] pattern='shadow_stack|sspopchk|ssload|sspush|ssamoswap|sspop|ssrdp'
[06:42:31] [spechunter] [Grep] pattern='shadow_stack|sspopchk|ssload|sspush|ssamoswap|sspop|ssrdp'
[06:42:31] [spechunter] [Grep] pattern='PMPChecker|pmp_check'
[06:42:31] [spechunter] [Grep] pattern='distribute_csr|DistributedCSR'
[06:42:36] [spechunter] [Grep] pattern='pte_mkexec|VM_EXEC|PROT_EXEC|arch_validate_prot'
[06:42:36] [spechunter] [Glob] **/probes/decode-insn*
[06:42:36] [spechunter] [Glob] **/probes/simulate-insn*
[06:42:36] [spechunter] [Read] /home/yzs/riscv/linux/arch/riscv/kernel/kprobes.c
[06:42:36] [spechunter] [Read] /home/yzs/riscv/linux/arch/riscv/kernel/probes/kprobes.c
[06:42:36] [spechunter] [Read] /home/yzs/riscv/linux/arch/riscv/kernel/probes/kprobes.c
[06:42:38] [spechunter] [Read] /home/yzs/riscv/XiangShan/src/main/scala/xiangshan/frontend/Frontend.scala
[06:42:38] [spechunter] [Grep] pattern='pmp_check|PMPChecker'
[06:42:39] [spechunter] [Grep] pattern='FOLL_FORCE|FOLL_WRITE|check_vma_flags|arch_vma_access'
[06:42:39] [spechunter] [Grep] pattern='PT_ARCH_FLAG|PT_RISCV|PTRACE_ARCH'
[06:42:39] [spechunter] [Grep] pattern='define PT_'
[06:42:39] [spechunter] [Read] /home/yzs/riscv/linux/include/uapi/asm/ptrace.h
[06:42:50] [spechunter] [Read] /home/yzs/riscv/qemu/target/riscv/internals.h
[06:42:50] [spechunter] [Read] /home/yzs/riscv/qemu/target/riscv/csr.c
[06:42:50] [spechunter] [Read] /home/yzs/riscv/qemu/target/riscv/csr.c
[06:42:50] [spechunter] [Glob] arch/riscv/include/uapi/asm/ptrace.h
[06:42:50] [spechunter] [Bash] ls /home/yzs/riscv/linux/arch/riscv/include/uapi/asm/
[06:42:54] [spechunter] [Read] /home/yzs/riscv/linux/arch/riscv/include/uapi/asm/ptrace.h
[06:42:56] [spechunter] [Grep] pattern='__paginginit|__meminit.*prefetch|update_mmu_cache'
[06:42:56] [spechunter] [Grep] pattern='arch_has_hw_pte_young|pfn_swap_entry_prefetch|arch_faults_on_old_pte'
[06:42:56] [spechunter] [Read] /home/yzs/riscv/linux/arch/riscv/net/bpf_jit_comp64.c
[06:42:56] [spechunter] [Grep] pattern='bpf_arch_text_poke|arch_prepare_bpf_trampoline'
[06:43:17] [spechunter] [TodoWrite] 6 items
[06:43:17] [spechunter] [text] Let me look at the HSM suspend/resume paths to understand the CSR save/restore cycle.  
[06:43:17] [spechunter] [Grep] pattern='sbi_hsm_hart_resume_start\\|sbi_hsm_hart_resume_finish\\|saved_mseccfg\\|mseccfg'
[06:43:17] [spechunter] [Glob] **/sbi_hsm*
[06:43:20] [spechunter] [Read] /home/yzs/riscv/opensbi/lib/sbi/sbi_hsm.c
[06:43:25] [spechunter] [text] Now let me check the write_henvcfg path, the mseccfg write for E field related bits, and the PMP CSR validator.    
[06:43:25] [spechunter] [Read] /home/yzs/riscv/qemu/target/riscv/csr.c
[06:43:25] [spechunter] [Read] /home/yzs/riscv/qemu/target/riscv/csr.c
[06:43:25] [spechunter] [Read] /home/yzs/riscv/qemu/target/riscv/csr.c
[06:43:34] [spechunter] [text] ```json {   "locations": [     {       "file_path": "arch/riscv/include/asm/csr.h",       "function_name": null,       "...
[06:43:42] [spechunter] [text] Now let me check the helper functions for ssload/ssamoswap and the mseccfg MSSE bit.    
[06:43:42] [spechunter] [Grep] pattern='ssamoswap_disabled|helper_ssamoswap'
[06:43:42] [spechunter] [Grep] pattern='ssload|SS_LOAD|helper_ss'
[06:43:42] [spechunter] [Grep] pattern='MSECCFG.*MSSE|MSSE|mseccfg.*E_field'
[06:43:50] [spechunter] [Read] /home/yzs/riscv/qemu/target/riscv/op_helper.c
[06:43:50] [spechunter] [Read] /home/yzs/riscv/qemu/target/riscv/tcg/tcg-cpu.c
[06:43:50] [spechunter] [Grep] pattern='write_mseccfg|read_mseccfg'
[06:44:01] [spechunter] [Grep] pattern='have_mseccfg'
[06:44:01] [spechunter] [Grep] pattern='sspush|sspopchk|ssrdp|ssamoswap'
[06:44:01] [spechunter] [Grep] pattern='target_ulong ssp|uint.*ssp|mseccfg'
[06:44:11] [spechunter] [Read] /home/yzs/riscv/opensbi/platform/generic/eswin/eic770x.c
[06:44:11] [spechunter] [Read] /home/yzs/riscv/opensbi/platform/generic/mips/eyeq7h.c
[06:44:11] [spechunter] [Read] /home/yzs/riscv/opensbi/platform/generic/mips/boston.c
[06:44:17] [spechunter] [Read] /home/yzs/riscv/freebsd-src/sys/riscv/riscv/trap.c
[06:44:17] [spechunter] [Grep] pattern='copyout|copyinstr|sendsig|ptrace'
[06:44:17] [spechunter] [Grep] pattern='spmp|Sspmp|SPMP'
[06:45:24] [spechunter] [Grep] pattern='SCAUSE_LOAD_ACCESS_FAULT|SCAUSE_STORE_ACCESS_FAULT'
[06:45:24] [spechunter] [Grep] pattern='guest-page fault|SCAUSE_GUEST|guest_page_fault|page_fault_handler'
[06:45:38] [spechunter] [text] Now let me verify the precise PMP config bit layout in hardware to produce an accurate finding.  
[06:45:38] [spechunter] [Read] /home/yzs/riscv/XiangShan/src/main/scala/xiangshan/backend/fu/PMP.scala
[06:45:38] [spechunter] [Read] /home/yzs/riscv/XiangShan/src/main/scala/xiangshan/backend/fu/NewCSR/MachineLevel.scala
[06:45:45] [spechunter] [Grep] pattern='MSSE|mseccfg.*SSE|mseccfg.*shadow'
[06:45:45] [spechunter] [Grep] pattern='mireg2|mireg3|mireg4|mireg5|mireg6'
[06:45:45] [spechunter] [Grep] pattern='XWR|E.?field|extended.attribute|pmpcfg.*(E|extend)'
[06:45:47] [spechunter] [Agent] description, prompt
[06:45:47] [spechunter] [Read] /home/yzs/riscv/linux/arch/riscv/kernel/signal.c
[06:46:08] [spechunter] [text] I'll cross-validate each fast-path location against the four proposed extensions (Smpmpind, Smcfiss, Smucfiss, Sspmpss),...
[06:46:08] [spechunter] [Grep] pattern='riscv_cpu_sse_enabled|riscv_cpu_cfi_enabled'
[06:46:08] [spechunter] [Grep] pattern='MMU_IDX_SS'
[06:46:11] [spechunter] [Grep] pattern='class PMPConfig|class PMPCfgBundle'
[06:46:11] [spechunter] [Grep] pattern='sspopchk|ssload|sspush|SSAMOSWAP|SSPOP|SSRD|zicfiss|cfichecker|CfiChecker'
[06:46:14] [spechunter] [Glob] arch/riscv/kvm/*.c
[06:46:14] [spechunter] [Glob] arch/riscv/kvm/*.h
[06:46:14] [spechunter] [Grep] pattern='kvm_read_guest|kvm_write_guest|kvm_vcpu_read_guest|kvm_vcpu_write_guest'
[06:46:14] [spechunter] [Grep] pattern='put_user|copy_to_user|copy_from_user|get_user'
[06:46:14] [spechunter] [Grep] pattern='menvcfg|henvcfg|senvcfg'
[06:46:14] [spechunter] [Grep] pattern='pmp|spmp|shadow.stack|Zisslpcfi'
[06:46:14] [spechunter] [Grep] pattern='mmio|MMIO|emulate_mmio|kvm_handle_mmio'
[06:46:23] [spechunter] [Grep] pattern='riscv_cpu_sse_enabled|riscv_cpu_cfi_enabled'
[06:46:23] [spechunter] [Grep] pattern='riscv_cpu_sse_enabled|riscv_cpu_cfi_enabled'
[06:46:26] [spechunter] [text] Now let me check for the specific ordering issue — when PMP entries are locked before any mseccfg write, and also for pl...
[06:46:26] [spechunter] [Read] /home/yzs/riscv/opensbi/include/sbi/riscv_encoding.h
[06:46:26] [spechunter] [Grep] pattern='PMP_SHIFT|PMP_COUNT'
[06:46:26] [spechunter] [Read] /home/yzs/riscv/opensbi/lib/sbi/sbi_domain.c
[06:46:32] [spechunter] [Read] /home/yzs/riscv/linux/arch/riscv/kvm/vcpu_exit.c
[06:46:32] [spechunter] [Read] /home/yzs/riscv/linux/arch/riscv/kvm/vcpu_insn.c
[06:46:32] [spechunter] [Read] /home/yzs/riscv/linux/arch/riscv/kvm/nacl.c
[06:46:42] [spechunter] [text] Based on thorough analysis of XiangShan's hardware implementation, here is the structured security specification finding...
[06:46:44] [spechunter] [Grep] pattern='sse_enabled|cfi_enabled|MENVCFG_SSE|MENVCFG_LPE'
[06:46:44] [spechunter] [Grep] pattern='spmpcfg|shadow_stack_pmp|sspmp|SS_PMP'
[06:46:51] [spechunter] [Read] /home/yzs/riscv/linux/arch/riscv/kvm/vcpu.c
[06:46:51] [spechunter] [Read] /home/yzs/riscv/linux/arch/riscv/kvm/mmu.c
[06:46:51] [spechunter] [Read] /home/yzs/riscv/linux/arch/riscv/kvm/vcpu_sbi_sta.c
[06:46:52] [spechunter] [Read] /home/yzs/riscv/qemu/target/riscv/cpu_helper.c
[06:46:52] [spechunter] [Grep] pattern='riscv_cpu_sse_enabled|riscv_cpu_cfi_enabled'
[06:46:54] [spechunter] [Grep] pattern='ZICFISS|zicfiss|shadow.stack|SSP|ssp'
[06:46:54] [spechunter] [Grep] pattern='sbi_hart_protection_configure\\|configure.*pmp\\|pmp.*config'
[06:47:01] [spechunter] [Grep] pattern='MSSE|mseccfg\\.MSSE|\\.MSSE'
[06:47:04] [spechunter] [Read] /home/yzs/riscv/qemu/target/riscv/pmp.c
[06:47:04] [spechunter] [Read] /home/yzs/riscv/qemu/target/riscv/pmp.c
[06:47:06] [spechunter] [TodoWrite] 6 items
[06:47:09] [spechunter] [Read] /home/yzs/riscv/linux/arch/riscv/kvm/vcpu_pmu.c
[06:47:09] [spechunter] [Read] /home/yzs/riscv/linux/arch/riscv/kvm/vcpu_onereg.c
[06:47:09] [spechunter] [Read] /home/yzs/riscv/linux/arch/riscv/kvm/vcpu_sbi.c
[06:47:09] [spechunter] [Read] /home/yzs/riscv/linux/arch/riscv/kvm/vcpu_sbi_fwft.c
[06:47:18] [spechunter] [Read] /home/yzs/riscv/qemu/target/riscv/pmp.c
[06:47:18] [spechunter] [Read] /home/yzs/riscv/qemu/target/riscv/pmp.c
[06:47:18] [spechunter] [Read] /home/yzs/riscv/qemu/target/riscv/cpu_helper.c
[06:47:20] [spechunter] [Agent] description, prompt
[06:47:21] [spechunter] [Grep] pattern='mseccfg'
[06:47:21] [spechunter] [Grep] pattern='mireg[23]'
[06:47:21] [spechunter] [Grep] pattern='miselect'
[06:47:21] [spechunter] [Grep] pattern='sspush|sspopchk|ssamoswap'
[06:47:21] [spechunter] [Grep] pattern='menvcfg\\.SSE|menvcfg.*SSE|SSE'
[06:47:21] [spechunter] [Grep] pattern='pmpcfg'
[06:47:24] [spechunter] [Read] /home/yzs/riscv/linux/arch/riscv/kvm/vcpu_sbi_forward.c
[06:47:24] [spechunter] [Grep] pattern='kvm_vcpu_read_guest|kvm_vcpu_write_guest|kvm_read_guest|kvm_write_guest|__kvm_read_guest|__kvm_write_guest'
[06:47:24] [spechunter] [Grep] pattern='kvm_handle_mmio_return|kvm_io_bus_read|kvm_io_bus_write'
[06:47:24] [spechunter] [Read] /home/yzs/riscv/linux/arch/riscv/kvm/gstage.c
[06:47:34] [spechunter] [Read] /home/yzs/riscv/qemu/target/riscv/cpu_helper.c
[06:47:34] [spechunter] [Read] /home/yzs/riscv/qemu/target/riscv/cpu_helper.c
[06:47:40] [spechunter] [Read] /home/yzs/riscv/linux/virt/kvm/kvm_main.c
[06:47:40] [spechunter] [Grep] pattern='SBI_EXT_NACL|nacl_autoswap|nacl_csr_write|nacl_csr_read|nacl_shmem'
[06:47:40] [spechunter] [Grep] pattern='__kvm_riscv_switch_to|__kvm_riscv_unpriv_trap'
[06:47:45] [spechunter] [Read] /home/yzs/riscv/XiangShan/src/main/scala/xiangshan/Bundle.scala
[06:47:45] [spechunter] [Read] /home/yzs/riscv/XiangShan/src/main/scala/xiangshan/backend/fu/NewCSR/MachineLevel.scala
[06:47:45] [spechunter] [Read] /home/yzs/riscv/XiangShan/src/main/scala/xiangshan/backend/fu/NewCSR/CSRBundles.scala
[06:47:45] [spechunter] [Read] /home/yzs/riscv/XiangShan/src/main/scala/xiangshan/backend/fu/NewCSR/CSRIND.scala
[06:47:45] [spechunter] [Read] /home/yzs/riscv/XiangShan/src/main/scala/xiangshan/backend/fu/NewCSR/CSRPMP.scala
[06:47:45] [spechunter] [Read] /home/yzs/riscv/XiangShan/src/main/scala/xiangshan/backend/fu/NewCSR/NewCSR.scala
[06:47:54] [spechunter] [Read] /home/yzs/riscv/XiangShan/src/main/scala/xiangshan/backend/fu/NewCSR/CSRPMP.scala
[06:47:54] [spechunter] [Read] /home/yzs/riscv/XiangShan/src/main/scala/xiangshan/backend/fu/PMP.scala
[06:47:54] [spechunter] [Grep] pattern='PMPCfgBundle'
[06:48:02] [spechunter] [Read] /home/yzs/riscv/XiangShan/src/main/scala/xiangshan/backend/fu/NewCSR/PMPEntryModule.scala
[06:48:02] [spechunter] [Grep] pattern='sextMask|SextMask'
[06:48:02] [spechunter] [Grep] pattern='ZeroFieldBundle'
[06:48:02] [spechunter] [Grep] pattern='MSSE|\\.MSSE\\b'
[06:48:09] [spechunter] [Agent] description, prompt
[06:48:09] [spechunter] [Agent] description, prompt
[06:48:09] [spechunter] [Agent] description, prompt
[06:48:09] [spechunter] [Agent] description, prompt
[06:48:16] [spechunter] [text] I've launched 5 parallel search agents investigating:  1. **PMPConfig bundle definition** — bit fields, E field presence...
[06:48:17] [spechunter] [Read] /home/yzs/riscv/linux/arch/riscv/kvm/vcpu_switch.S
[06:48:17] [spechunter] [Read] /home/yzs/riscv/linux/virt/kvm/kvm_main.c
[06:48:17] [spechunter] [Grep] pattern='kvm_riscv_vcpu_sbi_forward_handler'
[06:48:25] [spechunter] [Grep] pattern='csr\\.pmpcfg|pmpcfg.*bits|\\.pmpcfg\\b'
[06:48:25] [spechunter] [Read] /home/yzs/riscv/XiangShan/src/main/scala/xiangshan/backend/fu/NewCSR/CSRBundles.scala
[06:48:25] [spechunter] [Grep] pattern='Smepmp|smepmp|SmePMP|smePMP'
[06:48:27] [spechunter] [Read] /home/yzs/riscv/linux/arch/riscv/kvm/vcpu_sbi.c
[06:48:27] [spechunter] [Grep] pattern='SHADOW_STACK|ZISS|zisslpcfi|LANDING_PAD|DOUBLE_TRAP|SSHADOWSTACK'
[06:48:27] [spechunter] [Grep] pattern='PMP|SPMP|pmpcfg|spmpcfg|pmpaddr|CSR_PMP'
[06:48:27] [spechunter] [Read] /home/yzs/riscv/linux/arch/riscv/kvm/vcpu_sbi_fwft.c
[06:48:39] [spechunter] [text] Now let me verify the critical M-mode shadow stack gate in the ssamoswap trans function.  
[06:48:39] [spechunter] [Read] /home/yzs/riscv/qemu/target/riscv/insn_trans/trans_rvzicfiss.c.inc
[06:48:39] [spechunter] [Read] /home/yzs/riscv/qemu/target/riscv/cpu_helper.c
[06:48:46] [spechunter] [text] Let me check for platform-specific early init code that might lock PMP entries before `sbi_hart_protection_configure()`....
[06:48:46] [spechunter] [Grep] pattern='pmp_set.*PMP_L\\|PMP_L.*pmp_set'
[06:48:46] [spechunter] [Grep] pattern='CSR_PMPCFG\\|CSR_PMPADDR'
[06:49:09] [spechunter] [text] Now let me verify the menvcfg write handler for Smpmpind interaction.  
[06:49:09] [spechunter] [Read] /home/yzs/riscv/qemu/target/riscv/csr.c
[06:49:09] [spechunter] [Read] /home/yzs/riscv/qemu/target/riscv/csr.c
[06:49:10] [spechunter] [text] Now I have a thorough understanding of FreeBSD's RISC-V kernel internals. Let me synthesize the security analysis.  
[06:49:10] [spechunter] [Grep] pattern='cpu_switch|cpu_throw|savectx'
[06:49:10] [spechunter] [Grep] pattern='spmp|SPMP|mseccfg|MSECCFG|menvcfg|MENVCFG'
[06:49:17] [spechunter] [text] Based on my thorough search, here is the complete location report:  ```json {   "locations": [     {       "file_path": ...
[06:49:43] [spechunter] [Read] /home/yzs/riscv/qemu/target/riscv/op_helper.c
[06:49:43] [spechunter] [Read] /home/yzs/riscv/qemu/target/riscv/pmp.c
[06:50:15] [spechunter] [text] {   "violation_condition": "FreeBSD's bhyve VMM does not save/restore SPMP CSRs (spmpcfg, spmpaddr) on VM enter/exit, an...
[06:50:18] [spechunter] [text] Now let me check a critical path: whether `eic770x_final_init` runs before `sbi_hart_protection_configure` and locks PMP...
[06:50:18] [spechunter] [Read] /home/yzs/riscv/opensbi/lib/sbi/sbi_init.c
[06:50:42] [spechunter] [TodoWrite] 6 items
[06:50:43] [spechunter] [Grep] pattern='spmpcfg'
[06:50:43] [spechunter] [Grep] pattern='spmpaddr'
[06:50:43] [spechunter] [Grep] pattern='mseccfg'
[06:50:43] [spechunter] [Grep] pattern='menvcfg'
[06:50:43] [spechunter] [Grep] pattern='shstk'
[06:50:43] [spechunter] [Grep] pattern='\\bssp\\b'
[06:50:43] [spechunter] [Grep] pattern='cm\\.jt'
[06:50:43] [spechunter] [Grep] pattern='cm\\.jalt'
[06:50:47] [spechunter] [Grep] pattern='pmp_is_readonly|pmp_is_locked'
[06:50:47] [spechunter] [Grep] pattern='bcfi_enabled|cpu_get_bcfien|bcfilp_enabled|bcfilp'
[06:51:08] [spechunter] [text] Now let me search for the fallback vulnerability patterns and also check within the key search paths more specifically. ...
[06:51:08] [spechunter] [Grep] pattern='vmm_switch\\.S|vmmops_vcpu_save_csrs|vmmops_vcpu_restore_csrs|guest\\.page\\.fault|SCAUSE_STORE_GUEST_PAGE_FAULT'
[06:51:08] [spechunter] [Grep] pattern='spmpcfg|spmpaddr|mseccfg|menvcfg'
[06:51:08] [spechunter] [Grep] pattern='spmpcfg|spmpaddr|mseccfg|menvcfg'
[06:51:08] [spechunter] [Grep] pattern='spmpcfg|spmpaddr|mseccfg|menvcfg'
[06:51:08] [spechunter] [Grep] pattern='cm\\.jt|cm\\.jalt'
[06:51:08] [spechunter] [Grep] pattern='shstk'
[06:51:21] [spechunter] [text] Let me get more details on the key files to determine function boundaries.  
[06:51:21] [spechunter] [Read] /home/yzs/riscv/freebsd-src/sys/riscv/vmm/vmm_riscv.c
[06:51:21] [spechunter] [Read] /home/yzs/riscv/freebsd-src/sys/riscv/vmm/vmm_riscv.c
[06:51:21] [spechunter] [Read] /home/yzs/riscv/freebsd-src/sys/riscv/vmm/vmm_riscv.c
[06:51:21] [spechunter] [Read] /home/yzs/riscv/freebsd-src/sys/riscv/vmm/vmm_riscv.c
[06:51:21] [spechunter] [Read] /home/yzs/riscv/freebsd-src/sys/riscv/vmm/vmm_riscv.c
[06:51:21] [spechunter] [Read] /home/yzs/riscv/freebsd-src/sys/riscv/vmm/vmm.c
[06:51:21] [spechunter] [Read] /home/yzs/riscv/freebsd-src/sys/riscv/include/riscvreg.h
[06:51:22] [spechunter] [text] mseccfg agent complete — confirmed **MSSE field is completely absent** from the `mseccfg` bundle. Only 7 fields defined ...
[06:51:22] [spechunter] [Agent] description, subagent_type
[06:51:22] [spechunter] [Agent] description, subagent_type
[06:51:29] [spechunter] [text] PMPConfig agent complete. Confirmed **pmpcfg is strictly 8 bits** across all 3 bundle definitions, with no E field. Exec...
[06:51:33] [spechunter] [Read] /home/yzs/riscv/linux/arch/riscv/kernel/signal.c
[06:51:33] [spechunter] [Read] /home/yzs/riscv/linux/arch/riscv/include/asm/uaccess.h
[06:51:33] [spechunter] [Read] /home/yzs/riscv/linux/arch/riscv/kernel/usercfi.c
[06:51:35] [spechunter] [text] Let me also check the vmm_switch.S file and look for the vmm context in the Makefile.  
[06:51:35] [spechunter] [Read] /home/yzs/riscv/freebsd-src/sys/riscv/vmm/vmm_switch.S
[06:51:35] [spechunter] [Read] /home/yzs/riscv/freebsd-src/sys/conf/files.riscv
[06:51:35] [spechunter] [Grep] pattern='SCAUSE_STORE_GUEST_PAGE_FAULT|SCAUSE_FETCH_GUEST_PAGE_FAULT|SCAUSE_LOAD_GUEST_PAGE_FAULT|guest_page_fault|guest.page.fault'
[06:51:40] [spechunter] [text] Let me get the actual assembly code in vmm_switch.S beyond the copyright header.  
[06:51:40] [spechunter] [Read] /home/yzs/riscv/freebsd-src/sys/riscv/vmm/vmm_switch.S
[06:51:40] [spechunter] [Read] /home/yzs/riscv/freebsd-src/sys/modules/vmm/Makefile
[06:51:43] [spechunter] [Read] /home/yzs/riscv/freebsd-src/sys/riscv/riscv/trap.c
[06:51:43] [spechunter] [Read] /home/yzs/riscv/freebsd-src/sys/riscv/riscv/swtch.S
[06:51:43] [spechunter] [Glob] **/vmm/**trap*
[06:51:43] [spechunter] [Glob] **/vmm*/**
[06:51:43] [spechunter] [Grep] pattern='SCAUSE|scause'
[06:51:43] [spechunter] [Grep] pattern='SPMP|spmp|PMP|pmp'
[06:51:43] [spechunter] [Grep] pattern='mseccfg|menvcfg|spmpcfg|spmpaddr'
[06:51:43] [spechunter] [text] Now I have enough context to cross-validate. Let me verify the remaining key details before finalizing.  
[06:51:43] [spechunter] [Read] /home/yzs/riscv/qemu/target/riscv/pmp.c
[06:51:43] [spechunter] [Read] /home/yzs/riscv/qemu/target/riscv/pmp.h
[06:51:43] [spechunter] [Glob] sys/riscv/riscv/vmm*.S
[06:51:43] [spechunter] [Glob] sys/riscv/riscv/*vmm*
[06:51:43] [spechunter] [Glob] sys/modules/vmm/**/*
[06:51:43] [spechunter] [Glob] **/bhyve/**/*.c
[06:51:43] [spechunter] [Glob] **/vmm_switch*
[06:51:43] [spechunter] [Glob] **/vmmops*
[06:51:43] [spechunter] [Glob] **/vmm_dev*
[06:51:43] [spechunter] [Glob] **/vmm_support*
[06:51:54] [spechunter] [Grep] pattern='save_user_shstk|restore_user_shstk'
[06:51:54] [spechunter] [Grep] pattern='CSR_ENVCFG'
[06:51:54] [spechunter] [Grep] pattern='CSR_SPMP|spmpcfg|spmpaddr'
[06:52:10] [spechunter] [Read] /home/yzs/riscv/linux/arch/riscv/kernel/usercfi.c
[06:52:10] [spechunter] [Read] /home/yzs/riscv/linux/arch/riscv/include/asm/csr.h
[06:52:10] [spechunter] [Read] /home/yzs/riscv/linux/arch/riscv/include/asm/csr.h
[06:52:14] [spechunter] [Grep] pattern='SCAUSE_'
[06:52:14] [spechunter] [Grep] pattern='SCAUSE_GUEST|guest.*page.*fault|GUEST_PAGE'
[06:52:14] [spechunter] [Grep] pattern='PMP|SPMP|spmp|pmpcfg|pmpaddr'
[06:52:14] [spechunter] [Grep] pattern='SPMP|spmp|PMP|pmpcfg|pmpaddr'
[06:52:14] [spechunter] [Grep] pattern='vmm|trap|data_abort|page_fault'
[06:52:14] [spechunter] [Grep] pattern='SPMP|spmp|PMP|pmp'
[06:52:14] [spechunter] [Grep] pattern='mseccfg|menvcfg'
[06:52:23] [spechunter] [Bash] Find all vmm directories under sys
[06:52:23] [spechunter] [text] Here is the complete search result:  ```json {   "locations": [     {       "file_path": "sys/riscv/include/riscvreg.h",...
[06:52:23] [spechunter] [Glob] sys/riscv/vmm/**/*
[06:52:23] [spechunter] [Glob] sys/amd64/vmm/**/*.c
[06:52:23] [spechunter] [Grep] pattern='guest.page.fault|guest_page_fault|GuestPageFault'
[06:52:23] [spechunter] [Grep] pattern='SCAUSE_STORE_GUEST_PAGE_FAULT|SCAUSE_LOAD_GUEST_PAGE_FAULT'
[06:52:23] [spechunter] [Grep] pattern='spmpcfg|spmpaddr'
[06:52:23] [spechunter] [Grep] pattern='mseccfg'
[06:52:23] [spechunter] [Grep] pattern='menvcfg'
[06:52:26] [spechunter] [Grep] pattern='create_rstor_token|amo_user_shstk'
[06:52:26] [spechunter] [Read] /home/yzs/riscv/linux/arch/riscv/kvm/vcpu_sbi_sta.c
[06:52:45] [spechunter] [Grep] pattern='trap|page_fault|data_abort|guest_exit|vm_exit|vmm_exit'
[06:52:45] [spechunter] [Grep] pattern='trap|page_fault|data_abort|vm_exit|guest_exit|vmm_handle'
[06:52:45] [spechunter] [Read] /home/yzs/riscv/freebsd-src/sys/riscv/vmm/vmm_switch.S
[06:52:45] [spechunter] [Read] /home/yzs/riscv/freebsd-src/sys/riscv/riscv/exception.S
[06:52:45] [spechunter] [Grep] pattern='spmpcfg|spmpaddr|mseccfg|menvcfg'
[06:52:45] [spechunter] [Read] /home/yzs/riscv/freebsd-src/sys/riscv/include/riscvreg.h
[06:52:45] [spechunter] [Grep] pattern='PMP|pmp'
[06:52:47] [spechunter] [TodoWrite] 7 items
[06:52:55] [spechunter] [Grep] pattern='Sspmpss|sspmpss'
[06:52:55] [spechunter] [Grep] pattern='shstk'
[06:52:55] [spechunter] [Grep] pattern='cm\\.jt|cm\\.jalt'
[06:52:55] [spechunter] [Grep] pattern='shadow.stack|shadow_stack'
[06:52:55] [spechunter] [Grep] pattern='ssp[^a-z]'
[06:52:55] [spechunter] [Grep] pattern='zicfiss|Zicfiss'
[06:52:55] [spechunter] [Read] /home/yzs/riscv/freebsd-src/sys/riscv/vmm/vmm_switch.S
[06:53:04] [spechunter] [text] Shadow-stack agent complete. Confirmed **Zicfiss is entirely unimplemented**: sspush/sspopchk/ssamoswap have no decoder ...
[06:53:04] [spechunter] [TodoWrite] 6 items
[06:53:09] [spechunter] [text] PMP matching logic agent complete. Confirmed **pmpcfg is exactly 8 bits** per entry across all matching logic, with no E...
[06:53:12] [spechunter] [Read] /home/yzs/riscv/freebsd-src/sys/riscv/vmm/vmm.c
[06:53:12] [spechunter] [Read] /home/yzs/riscv/freebsd-src/sys/riscv/vmm/vmm_riscv.c
[06:53:12] [spechunter] [Read] /home/yzs/riscv/freebsd-src/sys/riscv/vmm/vmm_riscv.c
[06:53:12] [spechunter] [Read] /home/yzs/riscv/freebsd-src/sys/riscv/vmm/vmm_riscv.c
[06:53:12] [spechunter] [Read] /home/yzs/riscv/freebsd-src/sys/riscv/vmm/riscv.h
[06:53:12] [spechunter] [Read] /home/yzs/riscv/freebsd-src/sys/riscv/include/vmm.h
[06:53:12] [spechunter] [Grep] pattern='spmp|SPMP'
[06:53:12] [spechunter] [Read] /home/yzs/riscv/freebsd-src/sys/riscv/vmm/vmm.c
[06:53:15] [spechunter] [Read] /home/yzs/riscv/freebsd-src/sys/riscv/vmm/vmm_riscv.c
[06:53:15] [spechunter] [Read] /home/yzs/riscv/freebsd-src/sys/riscv/vmm/riscv.h
[06:53:15] [spechunter] [Read] /home/yzs/riscv/freebsd-src/sys/riscv/vmm/vmm.c
[06:53:15] [spechunter] [Read] /home/yzs/riscv/freebsd-src/sys/riscv/vmm/vmm_instruction_emul.c
[06:53:15] [spechunter] [Read] /home/yzs/riscv/freebsd-src/sys/riscv/vmm/vmm_sbi.c
[06:53:15] [spechunter] [Read] /home/yzs/riscv/freebsd-src/sys/riscv/vmm/vmm_fence.c
[06:53:15] [spechunter] [Read] /home/yzs/riscv/freebsd-src/sys/riscv/vmm/vmm_aplic.c
[06:53:15] [spechunter] [Read] /home/yzs/riscv/freebsd-src/sys/riscv/vmm/vmm_vtimer.c
[06:53:15] [spechunter] [Read] /home/yzs/riscv/freebsd-src/sys/riscv/vmm/vmm_dev_machdep.c
[06:53:22] [spechunter] [Read] /home/yzs/riscv/linux/arch/riscv/kernel/usercfi.c
[06:53:22] [spechunter] [Read] /home/yzs/riscv/linux/arch/riscv/kernel/probes/uprobes.c
[06:53:36] [spechunter] [Grep] pattern='mseccfg|menvcfg|senvcfg'
[06:53:36] [spechunter] [Grep] pattern='PMP|pmpcfg|pmpaddr|SPMP|spmpcfg|spmpaddr'
[06:53:36] [spechunter] [Grep] pattern='RISCV_CSR|CSR_'
[06:53:36] [spechunter] [Read] /home/yzs/riscv/freebsd-src/sys/riscv/riscv/machdep.c
[06:53:36] [spechunter] [Grep] pattern='SPMP|spmp|SMPU|smpu'
[06:53:36] [spechunter] [Grep] pattern='riskyload|risky|PM_STAGE2'
[06:53:41] [spechunter] [text] Let me check the existing findings format for reference.  
[06:53:41] [spechunter] [Read] /home/yzs/riscv/opensbi/semantic_finding_mseccfg.json
[06:53:41] [spechunter] [Read] /home/yzs/riscv/opensbi/locations/mseccfg_spec.json
[06:53:47] [spechunter] [text] All 5 agents complete. Now let me verify a few critical lines firsthand before compiling the JSON report.  
[06:53:47] [spechunter] [Read] /home/yzs/riscv/XiangShan/src/main/scala/xiangshan/backend/fu/NewCSR/MachineLevel.scala
[06:53:47] [spechunter] [Read] /home/yzs/riscv/XiangShan/src/main/scala/xiangshan/backend/fu/NewCSR/CSRIND.scala
[06:53:47] [spechunter] [Read] /home/yzs/riscv/XiangShan/src/main/scala/xiangshan/backend/fu/NewCSR/CSRPMP.scala
[06:53:50] [spechunter] [Grep] pattern='SCAUSE_STORE_GUEST_PAGE_FAULT|SCAUSE_LOAD_GUEST_PAGE_FAULT|SCAUSE_FETCH_GUEST_PAGE_FAULT'
[06:53:50] [spechunter] [Grep] pattern='guest.page.fault|guest_page_fault|GuestPageFault'
[06:53:50] [spechunter] [Grep] pattern='henvcfg|HENVCFG'
[06:53:50] [spechunter] [Grep] pattern='mseccfg'
[06:53:50] [spechunter] [Glob] sys/riscv/include/vmm*.h
[06:53:50] [spechunter] [Glob] sys/dev/vmm/**/*
[06:53:50] [spechunter] [Glob] sys/riscv/vmm/vmm_stat*
[06:53:50] [spechunter] [Read] /home/yzs/riscv/freebsd-src/sys/modules/vmm/Makefile
[06:53:53] [spechunter] [Read] /home/yzs/riscv/XiangShan/src/main/scala/xiangshan/backend/fu/PMP.scala
[06:53:53] [spechunter] [Read] /home/yzs/riscv/XiangShan/src/main/scala/xiangshan/backend/fu/NewCSR/CSRBundles.scala
[06:53:54] [spechunter] [Read] /home/yzs/riscv/freebsd-src/sys/riscv/include/pmap.h
[06:53:54] [spechunter] [Read] /home/yzs/riscv/freebsd-src/sys/riscv/riscv/pmap.c
[06:53:54] [spechunter] [Read] /home/yzs/riscv/freebsd-src/sys/riscv/riscv/pmap.c
[06:53:54] [spechunter] [Grep] pattern='MSTATUS_VS|CSR_VS|CSR_MENVCFG|CSR_MSECCFG|vsstatus|vstvec|vsepc|vscause|hgatp|henvcfg|hstatus|hedeleg|hideleg'
[06:53:54] [spechunter] [Read] /home/yzs/riscv/freebsd-src/sys/riscv/include/frame.h
[06:54:09] [spechunter] [Read] /home/yzs/riscv/freebsd-src/sys/riscv/include/vmm.h
[06:54:09] [spechunter] [Read] /home/yzs/riscv/freebsd-src/sys/riscv/include/vmm_instruction_emul.h
[06:54:09] [spechunter] [Read] /home/yzs/riscv/freebsd-src/sys/riscv/include/vmm_dev.h
[06:54:09] [spechunter] [Read] /home/yzs/riscv/freebsd-src/sys/riscv/include/vmm_snapshot.h
[06:54:09] [spechunter] [Read] /home/yzs/riscv/freebsd-src/usr.sbin/bhyve/riscv/bhyverun_machdep.c
[06:54:09] [spechunter] [Read] /home/yzs/riscv/freebsd-src/usr.sbin/bhyve/riscv/vmexit.c
[06:54:09] [spechunter] [Grep] pattern='HENVCFG|henvcfg'
[06:54:09] [spechunter] [Read] /home/yzs/riscv/freebsd-src/sys/riscv/vmm/vmm_stat.h
[06:54:09] [spechunter] [Grep] pattern='henvcfg|hgatp|hstatus|hedeleg|hideleg|hcounteren|hvip|vsstatus|vstvec|vsepc|vstval|vscause|vsatp|vsie|vsscratch|htval|htinst'
[06:54:09] [spechunter] [Grep] pattern='DECLARE_CSR.*hvip|DECLARE_CSR.*vsstatus|DECLARE_CSR.*hgatp|DECLARE_CSR.*henvcfg|DECLARE_CSR.*hedeleg'
[06:54:12] [spechunter] [text] Now let me check the pmpcfg write path to confirm how writes are truncated.  
[06:54:12] [spechunter] [Read] /home/yzs/riscv/XiangShan/src/main/scala/xiangshan/backend/fu/NewCSR/CSRPMP.scala
[06:54:12] [spechunter] [Read] /home/yzs/riscv/XiangShan/src/main/scala/xiangshan/backend/fu/PMP.scala
[06:54:13] [spechunter] [text] Now I have all the data needed for cross-validation. Let me compile the final location set.  ```json {   "locations": [ ...
[06:54:23] [spechunter] [text] Now let me check the PMP entry write path for truncation and the pmpcfg CSR write logic.  
[06:54:23] [spechunter] [Read] /home/yzs/riscv/XiangShan/src/main/scala/xiangshan/backend/fu/NewCSR/CSRPMP.scala
[06:54:23] [spechunter] [Read] /home/yzs/riscv/XiangShan/src/main/scala/xiangshan/backend/fu/NewCSR/PMPEntryModule.scala
[06:54:24] [spechunter] [Grep] pattern='SCAUSE.*14|14.*SCAUSE'
[06:54:24] [spechunter] [Grep] pattern='csr_write\\(h|csr_read\\(h|csr_write\\(v'
[06:54:24] [spechunter] [Grep] pattern='csr_write|csr_read'
[06:54:28] [spechunter] [Read] /home/yzs/riscv/freebsd-src/sys/riscv/vmm/vmm_riscv.c
[06:54:32] [spechunter] [Grep] pattern='vmmops_|vmmops '
[06:54:32] [spechunter] [Grep] pattern='SCAUSE_'
[06:54:32] [spechunter] [Read] /home/yzs/riscv/freebsd-src/sys/dev/vmm/vmm_ktr.h
[06:54:32] [spechunter] [Read] /home/yzs/riscv/freebsd-src/sys/riscv/vmm/vmm_fence.h
[06:54:32] [spechunter] [Read] /home/yzs/riscv/freebsd-src/sys/riscv/vmm/vmm_vtimer.h
[06:54:32] [spechunter] [Read] /home/yzs/riscv/freebsd-src/sys/riscv/vmm/vmm_aplic.h
[06:54:32] [spechunter] [Grep] pattern='HSTATUS_SPV|HSTATUS_VTW|HIE_VSEIE|HIE_VSSIE|HIE_SGEIE'
[06:54:32] [spechunter] [Grep] pattern='has_hyp|has_sstc'
[06:54:41] [spechunter] [Bash] Show current diff in riscv-iommu.c
[06:54:41] [spechunter] [Grep] pattern='shadow.stack|shadow_stack|mseccfg|MSSE|SSE|menvcfg_SSE|spmpcfg|pmpcfg.*E=1|XWR.*010|XWR.*110'
[06:54:41] [spechunter] [Glob] target/riscv/pmp*
[06:54:46] [spechunter] [text] Now let me check the cold boot init flow to see the full ordering.  
[06:54:46] [spechunter] [Read] /home/yzs/riscv/opensbi/lib/sbi/sbi_init.c
[06:54:46] [spechunter] [Grep] pattern='mseccfg|MSECCFG'
[06:54:46] [spechunter] [Read] /home/yzs/riscv/opensbi/lib/sbi/sbi_system.c
[06:54:52] [spechunter] [Grep] pattern='HSTATUS_SPV|HSTATUS_VTW|HIE_VSEIE|HIE_VSSIE|HIE_SGEIE'
[06:54:52] [spechunter] [Grep] pattern='has_hyp|has_sstc'
[06:54:52] [spechunter] [Grep] pattern='has_hyp|H-extension|has_sstc'
[06:54:52] [spechunter] [Read] /home/yzs/riscv/freebsd-src/usr.sbin/bhyve/riscv/fdt.c
[06:54:52] [spechunter] [Glob] usr.sbin/bhyve/riscv/**/*
[06:54:52] [spechunter] [Grep] pattern='spmp|SPMP'
[06:54:52] [spechunter] [Grep] pattern='zicfilp|zicfiss|Zicfilp|Zicfiss'
[06:54:57] [spechunter] [Read] /home/yzs/riscv/qemu/target/riscv/pmp.c
[06:54:57] [spechunter] [Read] /home/yzs/riscv/qemu/target/riscv/pmp.h
[06:55:08] [spechunter] [Grep] pattern='sspmpss|spmp|Sspmpss|SPMP|shadow.stack|zicfiss|ZICFISS|zicfilp|ZICFILP'
[06:55:08] [spechunter] [Grep] pattern='pmp_hart_has_privs|pmp_check'
[06:55:08] [spechunter] [Grep] pattern='MSSE|menvcfg_SSE|sse_cfg|SSE'
[06:55:13] [spechunter] [text] Now let me check how CSR writes to mireg2-6 are handled in the permit module, and the PMP write dispatch for completenes...
[06:55:13] [spechunter] [Grep] pattern='mireg2|mireg3|isInMireg2_6'
[06:55:13] [spechunter] [Grep] pattern='pmpCfg.*wdata|pmp.*cfg.*write|pmpcfgs.*w'
[06:55:20] [spechunter] [TodoWrite] 7 items
[06:55:27] [spechunter] [Read] /home/yzs/riscv/XiangShan/src/main/scala/xiangshan/backend/fu/PMP.scala
[06:55:27] [spechunter] [Read] /home/yzs/riscv/XiangShan/src/main/scala/xiangshan/backend/fu/NewCSR/CSRPermitModule.scala
[06:55:27] [spechunter] [text] Let me now read the core access-check and shadow-stack related code.  
[06:55:27] [spechunter] [Read] /home/yzs/riscv/qemu/target/riscv/cpu_helper.c
[06:55:27] [spechunter] [Read] /home/yzs/riscv/qemu/target/riscv/op_helper.c
[06:55:27] [spechunter] [Grep] pattern='zicfiss|zicfilp|shadow_stack|shadow-stack'
[06:55:42] [spechunter] [text] Now let me check the NewCSR dispatch to see how pmpcfg CSR writes flow to individual entries.  
[06:55:42] [spechunter] [Grep] pattern='pmpcfg.*dispatch|pmpCfgWData|pmpCfg.*wen|pmpcfgs.*wen'
[06:55:42] [spechunter] [Read] /home/yzs/riscv/XiangShan/src/main/scala/xiangshan/backend/fu/NewCSR/CSRIND.scala
[06:55:46] [spechunter] [Read] /home/yzs/riscv/qemu/target/riscv/cpu_helper.c
[06:55:46] [spechunter] [Read] /home/yzs/riscv/qemu/target/riscv/cpu_helper.c
[06:55:46] [spechunter] [Grep] pattern='is_shadow_stack|shadow_stack|SSE_check|sse_check|shadow_stack_check|check_shadow_stack'
[06:55:53] [spechunter] [text] Here is the complete JSON report:  ```json {   "vulnerability_pattern": "put_user/copy_to_user in signal/ptrace/KVM path...
[06:55:55] [spechunter] [Grep] pattern='MSECCFG_MSSE|MSSE|spmpcfg|SPMPCFG|spmpaddr|SPMPADDR|smpmp|SMPMP|Sspmp|SSPMPSS'
[06:55:55] [spechunter] [Grep] pattern='mseccfg|MSECCFG|spmp'
[06:55:55] [spechunter] [Grep] pattern='shadow|zicfiss|spmp|smpmpind'
[06:56:08] [spechunter] [text] Let me also check the FWFT shadow stack interaction and the `sbi_hart_init` ordering for warm startup.  
[06:56:08] [spechunter] [Read] /home/yzs/riscv/opensbi/lib/sbi/sbi_fwft.c
[06:56:08] [spechunter] [Read] /home/yzs/riscv/opensbi/lib/sbi/sbi_init.c
[06:56:08] [spechunter] [Grep] pattern='CSR_SSP|ssp|MSSE|SMPMPIND|SMCFISS|smcfiss|smucfiss|sspmpss|Sspmpss'
[06:56:08] [spechunter] [Read] /home/yzs/riscv/qemu/target/riscv/insn_trans/trans_rvzicfiss.c.inc
[06:56:08] [spechunter] [Grep] pattern='shadow|spmp|mseccfg|MSECCFG|zicfiss'
[06:56:08] [spechunter] [Grep] pattern='shadow|spmp|mseccfg|reset'
[06:56:12] [spechunter] [text] Good, I now have all the evidence. Let me compile the final JSON report.  
[06:56:12] [spechunter] [TodoWrite] 6 items
[06:56:14] [spechunter] [Read] /home/yzs/riscv/qemu/target/riscv/cpu_helper.c
[06:56:14] [spechunter] [Grep] pattern='get_physical_address_pmp|access_type|MMUAccessType|MMU_DATA_STORE|MMU_DATA_LOAD|MMU_INST_FETCH'
[06:56:14] [spechunter] [Grep] pattern='bcfi_enabled|bcfien|SS_MMU|shadow_stack'
[06:56:29] [spechunter] [TodoWrite] 7 items
[06:56:36] [spechunter] [text] Let me verify the exact line numbers in the critical files.  
[06:56:36] [spechunter] [Read] /home/yzs/riscv/freebsd-src/sys/riscv/vmm/vmm_switch.S
[06:56:36] [spechunter] [Read] /home/yzs/riscv/freebsd-src/sys/riscv/vmm/vmm_riscv.c
[06:56:36] [spechunter] [Read] /home/yzs/riscv/freebsd-src/sys/riscv/vmm/vmm.c
[06:57:08] [spechunter] [text] Let me also check the riscv.h structure and the riscvreg.h CSR definitions, plus the delegate/run functions.  
[06:57:08] [spechunter] [Read] /home/yzs/riscv/freebsd-src/sys/riscv/vmm/riscv.h
[06:57:08] [spechunter] [Read] /home/yzs/riscv/freebsd-src/sys/riscv/include/riscvreg.h
[06:57:08] [spechunter] [Read] /home/yzs/riscv/freebsd-src/sys/riscv/vmm/vmm_riscv.c
[06:57:18] [spechunter] [Write] /home/yzs/riscv/XiangShan/smpmpind_sspmpss_smcfiss_findings.json
[06:57:19] [spechunter] [Read] /home/yzs/riscv/freebsd-src/sys/riscv/vmm/vmm_riscv.c
[06:57:19] [spechunter] [Read] /home/yzs/riscv/freebsd-src/sys/riscv/vmm/vmm_riscv.c
[06:57:40] [spechunter] [TodoWrite] 6 items
[06:57:41] [spechunter] [text] Now let me check encoding.h for CSR numbers and look at the trap.c panic paths for host-side guard rails.  
[06:57:41] [spechunter] [Grep] pattern='spmp|SPMP'
[06:57:41] [spechunter] [Read] /home/yzs/riscv/freebsd-src/sys/riscv/riscv/trap.c
[06:57:41] [spechunter] [Read] /home/yzs/riscv/freebsd-src/sys/riscv/vmm/vmm.c
[06:57:51] [spechunter] [text] I'll cross-validate the fast-path locations against the four extensions (Smpmpind, Smcfiss, Smucfiss, Sspmpss). Slow-pat...
[06:57:51] [spechunter] [Read] /home/yzs/riscv/linux/arch/riscv/include/asm/csr.h
[06:57:51] [spechunter] [Read] /home/yzs/riscv/linux/arch/riscv/include/asm/csr.h
[06:57:51] [spechunter] [Read] /home/yzs/riscv/linux/arch/riscv/include/asm/csr.h
[06:57:53] [spechunter] [Read] /home/yzs/riscv/qemu/target/riscv/cpu_helper.c
[06:57:53] [spechunter] [Grep] pattern='MMU_IDX_SS_WRITE|SS_MMU_INDEX|is_sstack|sstack'
[06:58:10] [spechunter] [Grep] pattern='spmp|SPMP|smpmpind|Smpmpind|Smcfiss|Smucfiss|Sspmpss'
[06:58:10] [spechunter] [Grep] pattern='spmp|SPMP|smpmpind|Smpmpind'
[06:58:10] [spechunter] [Grep] pattern='spmp|SPMP|mseccfg|MSECCFG'
[06:58:10] [spechunter] [Read] /home/yzs/riscv/qemu/target/riscv/cpu_helper.c
[06:58:13] [spechunter] [text] Now let me verify the exact handling in riscv_handle_world_switch for the SCAUSE_STORE_GUEST_PAGE_FAULT path, and check ...
[06:58:13] [spechunter] [Grep] pattern='CSR_PMP|CSR_SPMP|csr_spmp|csr_pmp'
[06:58:13] [spechunter] [Grep] pattern='mseccfg|menvcfg|MSECCFG|MENVCFG'
[06:58:13] [spechunter] [Grep] pattern='hgatp|hstatus|henvcfg|hcounteren'
[06:58:18] [spechunter] [text] Now let me look at the two-stage TLB fill path and the KVM path.  
[06:58:18] [spechunter] [Read] /home/yzs/riscv/qemu/target/riscv/cpu_helper.c
[06:58:18] [spechunter] [Grep] pattern='shadow|spmp|mseccfg|MSECCFG|Sspmpss|zicfiss'
[06:58:18] [spechunter] [Grep] pattern='Sspmpss|smpmpind|Smcfiss|Smucfiss'
[06:58:27] [spechunter] [text] 报告已写入 `smpmpind_sspmpss_smcfiss_findings.json`。以下是所有四个扩展的 18 个位置的摘要：  ### Smcfiss（影子栈） - **`src/main/scala/xiangshan/bac...
[06:58:33] [spechunter] [Grep] pattern='MENVCFG_SSE|SENVCFG_SSE|HENVCFG_SSE|SSE'
[06:58:33] [spechunter] [Read] /home/yzs/riscv/qemu/target/riscv/cpu_bits.h
[06:58:33] [spechunter] [Read] /home/yzs/riscv/qemu/target/riscv/cpu_helper.c
[06:58:45] [spechunter] [TodoWrite] 7 items
[06:58:48] [spechunter] [text] Let me validate the claims by reading the actual source files at the cited locations.  
[06:58:48] [spechunter] [Read] /home/yzs/riscv/XiangShan/src/main/scala/xiangshan/backend/fu/NewCSR/MachineLevel.scala
[06:58:48] [spechunter] [Read] /home/yzs/riscv/XiangShan/src/main/scala/xiangshan/Bundle.scala
[06:58:48] [spechunter] [Read] /home/yzs/riscv/XiangShan/src/main/scala/xiangshan/backend/fu/NewCSR/NewCSR.scala
[06:58:48] [spechunter] [Read] /home/yzs/riscv/XiangShan/src/main/scala/xiangshan/backend/fu/NewCSR/CSRPMP.scala
[06:59:00] [spechunter] [Read] /home/yzs/riscv/XiangShan/src/main/scala/xiangshan/backend/fu/NewCSR/PMPEntryModule.scala
[06:59:00] [spechunter] [Read] /home/yzs/riscv/XiangShan/src/main/scala/xiangshan/backend/fu/NewCSR/CSRIND.scala
[06:59:00] [spechunter] [Read] /home/yzs/riscv/XiangShan/src/main/scala/xiangshan/backend/fu/NewCSR/CSRBundles.scala
[06:59:00] [spechunter] [Read] /home/yzs/riscv/XiangShan/src/main/scala/xiangshan/backend/fu/NewCSR/CSRAIA.scala
[06:59:08] [spechunter] [Read] /home/yzs/riscv/linux/arch/riscv/include/asm/csr.h
[06:59:08] [spechunter] [Read] /home/yzs/riscv/linux/arch/riscv/include/asm/csr.h
[06:59:08] [spechunter] [Read] /home/yzs/riscv/linux/arch/riscv/include/asm/csr.h
[06:59:14] [spechunter] [Read] /home/yzs/riscv/XiangShan/src/main/scala/xiangshan/backend/fu/NewCSR/NewCSR.scala
[06:59:14] [spechunter] [Read] /home/yzs/riscv/XiangShan/src/main/scala/xiangshan/backend/decode/isa/CSRs.scala
[06:59:14] [spechunter] [Read] /home/yzs/riscv/XiangShan/src/main/scala/xiangshan/cache/mmu/TLB.scala
[06:59:24] [spechunter] [text] Now I have a thorough understanding of the codebase. Let me compile my analysis into the JSON output.  
[06:59:24] [spechunter] [Write] /home/yzs/riscv/opensbi/semantic_finding_mseccfg_msselock.json
[06:59:49] [spechunter] [text] Let me verify the EIC770X platform registration to confirm it's in the active build paths.  
[06:59:49] [spechunter] [Grep] pattern='eswin_eic7700'
[06:59:55] [spechunter] [Read] /home/yzs/riscv/opensbi/platform/generic/eswin/eic770x.c
[07:00:07] [spechunter] [Grep] pattern='spmp|smpmp|zicfiss|zicfilp|shadow'
[07:00:07] [spechunter] [Grep] pattern='mseccfg|pmp_state|pmp_table|MSECCFG'
[07:00:07] [spechunter] [Grep] pattern='menvcfg.*mask|senvcfg.*mask|henvcfg.*mask'
[07:00:09] [spechunter] [text] I can now see the full picture. The EIC770X platform is critical — it locks PMP entries at final_init time with RLB=0, a...
[07:00:09] [spechunter] [Read] /home/yzs/riscv/opensbi/semantic_finding_mseccfg_msselock.json
[07:00:12] [spechunter] [text] Now let me also check for Sspmpss-relevant CSR addresses or any existing sspmp references.  
[07:00:12] [spechunter] [Grep] pattern='sspmp|spmp'
[07:00:12] [spechunter] [Read] /home/yzs/riscv/XiangShan/src/main/scala/xiangshan/backend/decode/isa/CSRs.scala
[07:00:21] [spechunter] [Grep] pattern='mseccfgh'
[07:00:21] [spechunter] [Grep] pattern='smpmp|mseccfg|PMPCfgBundle|PMPEntry'
[07:00:21] [spechunter] [Grep] pattern='smpmpind|Smcfiss|Smucfiss|Sspmpss|MSSE'
[07:00:23] [spechunter] [text] Now let me read the CSR write functions for menvcfg/senvcfg/henvcfg to understand the SSE mask handling and check what t...
[07:00:23] [spechunter] [Read] /home/yzs/riscv/qemu/target/riscv/csr.c
[07:00:23] [spechunter] [Read] /home/yzs/riscv/qemu/target/riscv/csr.c
[07:00:23] [spechunter] [Read] /home/yzs/riscv/qemu/target/riscv/csr.c
[07:00:26] [spechunter] [text] Now let me verify a few more key files to cross-validate the CFI and SPMP-relevant locations.  
[07:00:26] [spechunter] [Read] /home/yzs/riscv/linux/arch/riscv/kernel/usercfi.c
[07:00:26] [spechunter] [Read] /home/yzs/riscv/linux/arch/riscv/kernel/entry.S
[07:00:26] [spechunter] [Read] /home/yzs/riscv/linux/arch/riscv/kernel/entry.S
[07:00:34] [spechunter] [text] Let me first verify the key locations and understand the extensions in the PR context.  
[07:00:34] [spechunter] [Read] /home/yzs/riscv/opensbi/include/sbi/riscv_encoding.h
[07:00:34] [spechunter] [Read] /home/yzs/riscv/opensbi/include/sbi/riscv_encoding.h
[07:00:34] [spechunter] [Read] /home/yzs/riscv/opensbi/lib/sbi/sbi_hart.c
[07:00:34] [spechunter] [Read] /home/yzs/riscv/opensbi/lib/sbi/sbi_hart.c
[07:00:46] [spechunter] [Read] /home/yzs/riscv/opensbi/lib/sbi/sbi_hart.c
[07:00:46] [spechunter] [Read] /home/yzs/riscv/opensbi/lib/sbi/sbi_hart.c
[07:00:46] [spechunter] [Read] /home/yzs/riscv/opensbi/lib/sbi/sbi_hart_pmp.c
[07:00:46] [spechunter] [Read] /home/yzs/riscv/opensbi/lib/sbi/sbi_hart_pmp.c
[07:00:47] [spechunter] [text] Now I have all the evidence. Let me compile the findings.  
[07:00:47] [spechunter] [Write] /home/yzs/riscv/freebsd-src/zabha_semantic_audit.json
[07:00:50] [spechunter] [Read] /home/yzs/riscv/freebsd-src/zabha_semantic_audit.json
[07:00:55] [spechunter] [Read] /home/yzs/riscv/opensbi/lib/sbi/sbi_hart_pmp.c
[07:00:55] [spechunter] [Read] /home/yzs/riscv/opensbi/lib/sbi/sbi_hsm.c
[07:00:55] [spechunter] [Read] /home/yzs/riscv/opensbi/lib/sbi/sbi_hsm.c
[07:00:55] [spechunter] [Read] /home/yzs/riscv/opensbi/lib/sbi/sbi_hsm.c
[07:00:57] [spechunter] [text] Now let me check a few more areas for completeness.  
[07:00:57] [spechunter] [Read] /home/yzs/riscv/qemu/target/riscv/cpu_helper.c
[07:00:57] [spechunter] [Read] /home/yzs/riscv/qemu/target/riscv/machine.c
[07:00:57] [spechunter] [Grep] pattern='MMU_IDX_SS|SS_MMU|sstack|shadow|bcfi'
[07:01:08] [spechunter] [Read] /home/yzs/riscv/opensbi/lib/sbi/riscv_asm.c
[07:01:08] [spechunter] [Read] /home/yzs/riscv/opensbi/lib/sbi/sbi_domain.c
[07:01:08] [spechunter] [Read] /home/yzs/riscv/opensbi/lib/sbi/sbi_init.c
[07:01:10] [spechunter] [text] Now let me verify the remaining files to complete cross-validation.  
[07:01:10] [spechunter] [Read] /home/yzs/riscv/linux/arch/riscv/kernel/signal.c
[07:01:10] [spechunter] [Read] /home/yzs/riscv/linux/arch/riscv/mm/fault.c
[07:01:10] [spechunter] [Read] /home/yzs/riscv/linux/arch/riscv/kernel/head.S
[07:01:54] [spechunter] [Write] /home/yzs/riscv/freebsd-src/zabha_semantic_audit.json
[07:01:54] [spechunter] [text] Now I have all the data for cross-validation. Let me compile the final assessment.  ```json {   "locations": [     {    ...
[07:01:55] [spechunter] [TodoWrite] 7 items
[07:02:02] [spechunter] [TodoWrite] 7 items
[07:02:10] [spechunter] [text] Now let me check a few more things to verify the fast-path descriptions.  
[07:02:10] [spechunter] [Read] /home/yzs/riscv/opensbi/lib/sbi/sbi_hart.c
[07:02:10] [spechunter] [Read] /home/yzs/riscv/opensbi/lib/sbi/sbi_domain_context.c
[07:02:10] [spechunter] [Read] /home/yzs/riscv/opensbi/lib/sbi/sbi_hart_protection.c
[07:02:10] [spechunter] [Read] /home/yzs/riscv/opensbi/include/sbi/sbi_hart.h
[07:02:17] [spechunter] [Agent] description, prompt
[07:02:33] [spechunter] [text] Audit complete. Results written to `zabha_semantic_audit.json`.  ## Summary  Found **16 locations** across the FreeBSD b...
[07:02:37] [spechunter] [text] Now I have all the information needed to compile the analysis.  
[07:02:37] [spechunter] [TodoWrite] 7 items
[07:02:42] [spechunter] [Grep] pattern='PMPConfig|PmpConfig|pmpconfig|pmp_config'
[07:02:42] [spechunter] [Grep] pattern='pmpcfg'
[07:02:42] [spechunter] [Grep] pattern='mseccfg'
[07:02:42] [spechunter] [Glob] **/CSRIND.scala
[07:02:42] [spechunter] [Glob] **/MachineLevel.scala
[07:03:17] [spechunter] [Grep] pattern='mseccfg'
[07:03:17] [spechunter] [Grep] pattern='mseccfg|ssp'
[07:03:23] [spechunter] [Grep] pattern='address.*match|addr.*check|pmpCheck|checkpmp|PmpCheck|pmphit|pmp_hit|PmpHit'
[07:03:23] [spechunter] [Grep] pattern='ZeroFieldBundle|mireg2|mireg3|mireg4|mireg5|mireg6'
[07:03:23] [spechunter] [Grep] pattern='PMPConfig|PmpConfig'
[07:03:23] [spechunter] [Grep] pattern='PMPConfig|PmpConfig'
[07:03:23] [spechunter] [Grep] pattern='mseccfg'
[07:03:23] [spechunter] [text] Let me also check if the `ext_smpmpmt` toggle is the one used for SPMP and whether there's any Emulate SPMP support at a...
[07:03:23] [spechunter] [Grep] pattern='smpmp'
[07:03:23] [spechunter] [Grep] pattern='ext_smpmpmt'
[07:03:26] [spechunter] [Glob] sys/riscv/include/riscvreg.h
[07:03:26] [spechunter] [Glob] sys/riscv/riscv/*.c
[07:03:39] [spechunter] [text] Now I have all the data needed for the cross-validation. Let me produce the final analysis.  ```json {   "locations": [ ...
[07:03:46] [spechunter] [Grep] pattern='PMPAddrBits|PMPOffBits|PMPConfig|pmpWidth|lgAlign|PlatformGrain|PMPConst'
[07:03:46] [spechunter] [Read] /home/yzs/riscv/XiangShan/rocket-chip/src/main/scala/rocket/PMP.scala
[07:03:46] [spechunter] [Read] /home/yzs/riscv/XiangShan/src/main/scala/xiangshan/cache/mmu/MMUBundle.scala
[07:03:46] [spechunter] [Grep] pattern='PMPConfig|PmpConfig'
[07:03:46] [spechunter] [Grep] pattern='PMPAddrBits|PMPOffBits|pmp_g|numPMP|NumPMP|num_pmp|pmpWidth'
[07:04:01] [spechunter] [text] No code locations were provided to analyze — all entries are `:0-0`. Without file paths, line ranges, or function names,...
[07:04:12] [spechunter] [Read] /home/yzs/riscv/XiangShan/src/main/scala/xiangshan/PMParameters.scala
[07:04:12] [spechunter] [Read] /home/yzs/riscv/XiangShan/src/main/scala/xiangshan/backend/fu/NewCSR/PMPEntryModule.scala
[07:04:12] [spechunter] [Read] /home/yzs/riscv/XiangShan/src/main/scala/xiangshan/backend/fu/NewCSR/PMAEntryModule.scala
[07:04:12] [spechunter] [Read] /home/yzs/riscv/XiangShan/src/main/scala/xiangshan/backend/fu/NewCSR/CSRPMP.scala
[07:04:12] [spechunter] [Grep] pattern='getWidth|8\\.W|8\\.U|getBytes|cgfWidth|cfg.*width|config.*width'
[07:04:15] [spechunter] [text] Now let me verify a few more locations before finalizing.  
[07:04:15] [spechunter] [Read] /home/yzs/riscv/opensbi/lib/sbi/sbi_domain.c
[07:04:15] [spechunter] [Grep] pattern='MSECCFG'
[07:04:17] [spechunter] [text] Let me examine the codebase to cross-validate these locations against the PR's actual scope.  
[07:04:17] [spechunter] [Read] /home/yzs/riscv/freebsd-src/sys/riscv/include/riscvreg.h
[07:04:17] [spechunter] [TaskOutput] task_id, block
[07:04:35] [spechunter] [Grep] pattern='class ZeroFieldBundle|object ZeroFieldBundle'
[07:04:35] [spechunter] [Grep] pattern='class PMPConfig\\b|val l =|val c =|val a =|val r =|val w =|val x =|val atomic|getWidth'
[07:04:35] [spechunter] [Grep] pattern='mseccfg'
[07:04:35] [spechunter] [Grep] pattern='class MMPMAConfig|trait MMPMAMethod|MMPMAConfig|mmpma'
[07:04:52] [spechunter] [Grep] pattern='PMPAddrWidth|PMPAddrBits'
[07:04:52] [spechunter] [Grep] pattern='pmp_match_res|pma_match_res|pmpMatch|hitMux|leaveHitMux'
[07:04:52] [spechunter] [Grep] pattern='Mmsecfg|class Mmsecfg'
[07:04:52] [spechunter] [Read] /home/yzs/riscv/XiangShan/src/main/scala/xiangshan/backend/fu/PMP.scala
[07:05:04] [spechunter] [Grep] pattern='pmp_check|pmpCheck|PMPChecker|pmpcheck|PMPCheck'
[07:05:04] [spechunter] [Grep] pattern='class MMPMA|trait MMPMA|MMPMAConfig|MMPMAMethod|MMPMA'
[07:05:04] [spechunter] [Grep] pattern='PMPAddrWidth'
[07:05:59] [spechunter] [text] Now let me read the key VMM source files to verify the fast-path claims and assess relevance to the PR's ISA extensions....
[07:05:59] [spechunter] [Read] /home/yzs/riscv/freebsd-src/sys/riscv/vmm/vmm_riscv.c
[07:05:59] [spechunter] [Read] /home/yzs/riscv/freebsd-src/sys/riscv/vmm/vmm_riscv.c
[07:05:59] [spechunter] [Read] /home/yzs/riscv/freebsd-src/sys/riscv/vmm/vmm_riscv.c
[07:05:59] [spechunter] [Read] /home/yzs/riscv/freebsd-src/sys/riscv/vmm/vmm_riscv.c
[07:05:59] [spechunter] [Read] /home/yzs/riscv/freebsd-src/sys/riscv/vmm/vmm.c
[07:05:59] [spechunter] [Read] /home/yzs/riscv/freebsd-src/sys/riscv/vmm/vmm_switch.S
[07:06:19] [spechunter] [text] Now let me search for code actually relevant to the PR's ISA extensions (Smpmpind, Smcfiss, Smucfiss, Sspmpss) — these a...
[07:06:19] [spechunter] [Grep] pattern='pmp|Sspmp|spmp|Smpmpind|mpmpind'
[07:06:19] [spechunter] [Grep] pattern='zicfiss|zicfilp|smcfiss|smucfiss|shadow.stack|sspush|sspopchk|ssamoswap|landing.pad|lpad|CFI'
[07:06:19] [spechunter] [Grep] pattern='pointer.mask|Smnpm|Ssnpm|Smmpm|Smpm|senvcfg|menvcfg.*PME|PMM'
[07:06:19] [spechunter] [Grep] pattern='Smmpind|Smcfiss|Smucfiss|Sspmpss'
[07:06:42] [spechunter] [text] Let me verify what the grep hits actually contain — they may be false matches.  
[07:06:42] [spechunter] [Grep] pattern='pmp|PMP'
[07:06:42] [spechunter] [Grep] pattern='pmp|PMP'
[07:06:42] [spechunter] [Grep] pattern='\\.cfi|shadow.stack|sspush|sspopchk|zicfiss'
[07:06:46] [spechunter] [text] Now I have all the context needed for cross-validation. Let me produce the final review.  **Key observations from valida...
[07:06:54] [spechunter] [text] Now let me also check for the file list entries.  
[07:06:54] [spechunter] [Read] /home/yzs/riscv/freebsd-src/sys/conf/files.riscv
[07:06:54] [spechunter] [Read] /home/yzs/riscv/freebsd-src/sys/modules/vmm/Makefile
[07:07:00] [spechunter] [text] Let me read the key files for the security analysis.  
[07:07:00] [spechunter] [Read] /home/yzs/riscv/XiangShan/src/main/scala/xiangshan/backend/fu/PMP.scala
[07:07:00] [spechunter] [Read] /home/yzs/riscv/XiangShan/src/main/scala/xiangshan/backend/fu/NewCSR/MachineLevel.scala
[07:07:00] [spechunter] [Read] /home/yzs/riscv/XiangShan/src/main/scala/xiangshan/backend/fu/NewCSR/CSRIND.scala
[07:07:00] [spechunter] [Read] /home/yzs/riscv/XiangShan/src/main/scala/xiangshan/backend/fu/NewCSR/CSRPMP.scala
[07:07:07] [spechunter] [Grep] pattern='mseccfg'
[07:07:07] [spechunter] [Grep] pattern='pmp_set|pmp_lock|PMP_L|CSR_PMPCFG|csr_write.*pmpcfg|csr_set.*pmpcfg'
[07:07:07] [spechunter] [Grep] pattern='CSR_MENTRY|CSR_MSECCFG|mseccfg|MENTRY_ENTRY'
[07:07:11] [spechunter] [Read] /home/yzs/riscv/XiangShan/src/main/scala/xiangshan/backend/fu/PMP.scala
[07:07:11] [spechunter] [Read] /home/yzs/riscv/XiangShan/src/main/scala/xiangshan/backend/fu/PMP.scala
[07:07:11] [spechunter] [Read] /home/yzs/riscv/XiangShan/src/main/scala/xiangshan/backend/fu/PMP.scala
[07:07:17] [spechunter] [text] Now let me check what the VMM Makefile and files.riscv actually contain relative to this PR.  
[07:07:17] [spechunter] [Read] /home/yzs/riscv/freebsd-src/sys/riscv/include/encoding.h
[07:07:17] [spechunter] [Read] /home/yzs/riscv/freebsd-src/sys/riscv/riscv/machdep.c
[07:07:26] [spechunter] [Read] /home/yzs/riscv/opensbi/lib/sbi/sbi_hart.c
[07:07:26] [spechunter] [Read] /home/yzs/riscv/opensbi/lib/sbi/sbi_init.c
[07:07:26] [spechunter] [Read] /home/yzs/riscv/opensbi/include/sbi/riscv_encoding.h
[07:07:39] [spechunter] [Read] /home/yzs/riscv/opensbi/lib/sbi/sbi_hart_pmp.c
[07:07:39] [spechunter] [Grep] pattern='sbi_hart_protection_configure'
[07:07:50] [spechunter] [text] Now I have enough information to cross-validate. Let me check whether any of these ISA extensions actually have existing...
[07:07:50] [spechunter] [Grep] pattern='Smpmpind|Smcfiss|Smucfiss|Sspmpss|spmp|mseccfg'
[07:07:50] [spechunter] [Grep] pattern='CSR_SPMP|CSR_MSCFG|spmp|Sspmp'
[07:07:54] [spechunter] [Read] /home/yzs/riscv/opensbi/lib/sbi/sbi_hart_protection.c
[07:07:54] [spechunter] [Read] /home/yzs/riscv/opensbi/lib/sbi/sbi_hart_protection.h
[07:08:14] [spechunter] [text] Let me check how the NewCSR write path connects `pmpcfgs` to the CSR write network.  
[07:08:14] [spechunter] [Grep] pattern='pmpcfgs'
[07:08:14] [spechunter] [Grep] pattern='pmpCfgRead|pmpCfgRead'
[07:08:15] [spechunter] [text] Now I have a clear picture. Let me produce the cross-validation result.  ```json {   "locations": [],   "removed_locatio...
[07:08:16] [spechunter] [Grep] pattern='PMP_L|pmp_set.*PMP_|pmp_lock'
[07:08:16] [spechunter] [Grep] pattern='MSECCFG_MSSE|MSSE'
[07:08:16] [spechunter] [Read] /home/yzs/riscv/opensbi/include/sbi/sbi_hart_protection.h
[07:08:19] [spechunter] [Read] /home/yzs/riscv/XiangShan/src/main/scala/xiangshan/backend/fu/NewCSR/NewCSR.scala
[07:08:19] [spechunter] [Read] /home/yzs/riscv/XiangShan/src/main/scala/xiangshan/backend/fu/NewCSR/NewCSR.scala
[07:08:23] [spechunter] [Grep] pattern='PMPEntryHandleModule'
[07:08:35] [spechunter] [Grep] pattern='sbi_domain_get_smepmp_flags'
[07:08:35] [spechunter] [Read] /home/yzs/riscv/opensbi/platform/generic/eswin/eic770x.c
[07:08:36] [spechunter] [Read] /home/yzs/riscv/XiangShan/src/main/scala/xiangshan/backend/fu/NewCSR/PMPEntryModule.scala
[07:08:39] [spechunter] [text] I'll systematically read each code location to audit the VM enter/exit CSR handling and guest-page fault paths.  
[07:08:39] [spechunter] [Grep] pattern='vmm_switch\\.S'
[07:08:39] [spechunter] [Grep] pattern='vmmops_vcpu_save_csrs|vmmops_vcpu_restore_csrs'
[07:08:39] [spechunter] [Grep] pattern='spmpcfg|spmpaddr|SPMP|spmp'
[07:08:39] [spechunter] [Grep] pattern='SCAUSE_STORE_GUEST_PAGE_FAULT|guest_page_fault|guest.page.fault'
[07:08:43] [spechunter] [text] Let me also check the miselect/mireg indirect CSR access path and how it connects to PMP.  
[07:08:43] [spechunter] [Grep] pattern='miselect|mireg[^2-6]'
[07:08:43] [spechunter] [Grep] pattern='miselect|mireg\\b'
[07:08:44] [spechunter] [Read] /home/yzs/riscv/opensbi/lib/sbi/sbi_domain.c
[07:08:44] [spechunter] [Read] /home/yzs/riscv/opensbi/lib/sbi/sbi_hsm.c
[07:08:50] [spechunter] [Read] /home/yzs/riscv/freebsd-src/sys/riscv/vmm/vmm_riscv.c
[07:08:50] [spechunter] [Grep] pattern='spmp'
[07:08:50] [spechunter] [Grep] pattern='spmp'
[07:09:09] [spechunter] [text] Now let me read the vmm_switch.S assembly, the hypctx/hypcsr structures, and the CSR definitions.  
[07:09:09] [spechunter] [Grep] pattern='vmm_switch\\.S'
[07:09:09] [spechunter] [Grep] pattern='struct hypcsr|struct hypctx|struct hyp |struct hyptrap'
[07:09:09] [spechunter] [Grep] pattern='SCAUSE_.*GUEST_PAGE_FAULT|SCAUSE_FETCH_GUEST|SCAUSE_LOAD_GUEST|SCAUSE_STORE_GUEST'
[07:09:17] [spechunter] [Glob] **/vmm_switch.S
[07:09:17] [spechunter] [Read] /home/yzs/riscv/freebsd-src/sys/riscv/vmm/riscv.h
[07:09:17] [spechunter] [Grep] pattern='spmpcfg|spmpaddr|SPMP|spmp'
[07:09:21] [spechunter] [Read] /home/yzs/riscv/freebsd-src/sys/riscv/vmm/vmm_switch.S
[07:09:21] [spechunter] [Read] /home/yzs/riscv/freebsd-src/sys/riscv/include/riscvreg.h
[07:09:36] [spechunter] [text] Now let me check the vmm.c guest-page-fault handling and also verify the broader context for PMP/SPMP handling in contex...
[07:09:36] [spechunter] [Read] /home/yzs/riscv/freebsd-src/sys/riscv/vmm/vmm.c
[07:09:36] [spechunter] [Grep] pattern='pmp|PMP'
[07:09:36] [spechunter] [Grep] pattern='spmpcfg|spmpaddr|spmp'
[07:09:44] [spechunter] [text] Let me check the assembly offsets and PMP usage to confirm no SPMP handling exists anywhere.  
[07:09:44] [spechunter] [Grep] pattern='pmp|PMP'
[07:09:44] [spechunter] [Grep] pattern='HYP_|hyp_'
[07:09:44] [spechunter] [Grep] pattern='spmp|SPMP'
[07:09:46] [spechunter] [text] Now let me look at the domain context code for the warm resume path and check if there's any platform code that could le...
[07:09:46] [spechunter] [Read] /home/yzs/riscv/opensbi/lib/sbi/sbi_domain.c
[07:09:46] [spechunter] [Grep] pattern='pmp_set\\b.*PMP_L'
[07:09:49] [spechunter] [Grep] pattern='spmp'
[07:09:49] [spechunter] [Read] /home/yzs/riscv/freebsd-src/sys/riscv/vmm/vmm.c
[07:10:10] [spechunter] [Grep] pattern='shadow|MSSE|sspmp|ShadowStack|shadow_stack'
[07:10:10] [spechunter] [Grep] pattern='shadow|MSSE|sspmp|ShadowStack'
[07:10:25] [spechunter] [Read] /home/yzs/riscv/XiangShan/src/main/scala/xiangshan/backend/fu/NewCSR/CSRBundles.scala
[07:10:25] [spechunter] [Grep] pattern='MSSE|mseccfg\\.SSE|SSE'
[07:10:31] [spechunter] [text] Now I have a complete view of the code. Let me verify one more critical path — the old PMP configuration to confirm the ...
[07:10:31] [spechunter] [Grep] pattern='SBI_DOMAIN_MEMREGION_ENF_PERMISSIONS'
[07:10:31] [spechunter] [Grep] pattern='ENF_PERMISSIONS'
[07:10:36] [spechunter] [text] Now I have comprehensive data. Let me produce the audit report.  ```json {   "findings": [     {       "file_path": "sys...
[07:11:38] [spechunter] [text] Let me check more details on the CSR write path and sstatus SSE field.  
[07:11:38] [spechunter] [Grep] pattern='sstatus|Sstatus'
[07:11:38] [spechunter] [Grep] pattern='SSE|shadow.stack'
[07:12:22] [spechunter] [text] Now let me verify the CSR address range used for the PMP indirect access path and check if there is any SPMP implementat...
[07:12:22] [spechunter] [Grep] pattern='pmpcfg0|pmpcfg1[0-5]|pmpaddr0|pmpaddr'
[07:12:22] [spechunter] [Grep] pattern='spmp|SPMP|Sspmp'
[07:12:30] [spechunter] [Grep] pattern='spmp|SPMP'
[07:12:30] [spechunter] [Grep] pattern='miselect|mireg\\b|mireg2|mireg3'
[07:12:35] [spechunter] [text] Now I have a complete picture of the codebase. Let me produce the final analysis.  
[07:12:35] [spechunter] [Write] /home/yzs/riscv/opensbi/findings.json
[07:12:40] [spechunter] [Read] /home/yzs/riscv/opensbi/findings.json
[07:13:19] [spechunter] [Grep] pattern='SDT|sdt|shadow.stack'
[07:13:19] [spechunter] [Grep] pattern='sstatus|Sstatus'
[07:13:28] [spechunter] [Write] /home/yzs/riscv/opensbi/findings.json
[07:13:34] [spechunter] [text] Let me also check the `menvcfg` SSE field and the reset/write behavior of mseccfg.  
[07:13:34] [spechunter] [Read] /home/yzs/riscv/XiangShan/src/main/scala/xiangshan/backend/fu/NewCSR/MachineLevel.scala
[07:13:34] [spechunter] [Grep] pattern='menvcfg|Menvcfg'
[07:13:43] [spechunter] [text] Here is the audit analysis for the `mseccfg.MSSE` / Smcfiss / Sspmpss interaction in OpenSBI.  ## Summary  **Overall ver...
[07:14:32] [spechunter] [text] Now let me check the legacy PMP CSR write path and how `NumPMPReal` relates to the address base.  
[07:14:32] [spechunter] [Read] /home/yzs/riscv/XiangShan/src/main/scala/xiangshan/PMParameters.scala
[07:14:32] [spechunter] [Read] /home/yzs/riscv/XiangShan/src/main/scala/xiangshan/backend/fu/NewCSR/CSRAIA.scala
[07:15:18] [spechunter] [text] Now I have enough context to produce the full analysis. Let me verify one more detail about the `mireg` write path.  
[07:15:18] [spechunter] [Read] /home/yzs/riscv/XiangShan/src/main/scala/xiangshan/backend/fu/NewCSR/CSRAIA.scala
[07:15:18] [spechunter] [Read] /home/yzs/riscv/XiangShan/src/main/scala/xiangshan/backend/fu/NewCSR/NewCSR.scala
[07:16:46] [spechunter] [text] Now I have thorough understanding of the codebase. Let me verify a few more specific details about how pmpcfg writes are...
[07:16:46] [spechunter] [Read] /home/yzs/riscv/XiangShan/src/main/scala/xiangshan/backend/fu/NewCSR/NewCSR.scala
[07:16:46] [spechunter] [Read] /home/yzs/riscv/XiangShan/src/main/scala/xiangshan/backend/fu/PMP.scala
[07:18:47] [spechunter] [text] Now I have all the information needed for a complete analysis. Here is the security audit:  ```json {   "findings": [   ...
[05:13:37] [spechunter] PR loaded: #2609 riscv/riscv-isa-manual — "Draft of Smpmpind, Smcfiss, Smucfiss, and Sspmpss extensions"
[05:13:37] [spechunter]   diff: 8026 chars  body: 40 chars  reviews: 13
[05:13:37] [spechunter] Global pre-filter running...
[05:13:58] [spechunter] [text] {"should_skip": false}
[05:13:59] [spechunter] pre-filter: should_skip=False reason=""
[05:14:13] [spechunter] [text] {"should_skip": false}
[05:14:21] [spechunter] [text] {"should_skip": false}
[05:14:22] [spechunter] [text] ```json {"should_skip": false} ```
[05:14:29] [spechunter] [text] {"should_skip": false}
[05:14:43] [spechunter] [text] ```json {"should_skip": false, "skip_reason": "Introduces Smcfiss adding mseccfg.MSSE field and PMP-based shadow-stack e...
[05:15:04] [spechunter] [Grep] pattern='pmp_hart_has_privs|pmpcfg.*E|pmp_is_range|pmp_index'
[05:15:04] [spechunter] [Grep] pattern='mseccfg|CSR_MSECCFG'
[05:15:25] [spechunter] [Grep] pattern='pmp_hart_has_privs_default'
[05:15:25] [spechunter] [Grep] pattern='MSSE|mseccfg'
[05:15:25] [spechunter] [Grep] pattern='MSSE|SSE'
[05:15:26] [spechunter] [Write] /tmp/spec_audit.json
[05:15:46] [spechunter] [Read] /tmp/spec_audit.json
[05:15:47] [spechunter] [Read] /home/yzs/riscv/qemu/target/riscv/pmp.c
[05:15:47] [spechunter] [Read] /home/yzs/riscv/qemu/target/riscv/pmp.h
[05:15:55] [spechunter] [text] ```json {   "violation_condition": "OpenSBI writes mseccfg.MSSE=1 to enable M-mode shadow stack, but mseccfg.RLB=0 and a...
[05:16:13] [spechunter] [text] ```json {   "violation_condition": "Linux kernel performs a regular (non-shadow-stack) store instruction to a virtual ad...
[05:16:14] [spechunter] [TodoWrite] 6 items
[05:16:25] [spechunter] [text] ```json {   "violation_condition": "In XiangShan RTL, the PMP checker module (pmp.scala / PMPChecker) and SPMP checker (...
[05:16:27] [spechunter] [Grep] pattern='mseccfg|MSECCFG|MSEECFG'
[05:16:27] [spechunter] [Grep] pattern='pmpcfg|PMPCFG'
[05:16:27] [spechunter] [Grep] pattern='csr_write.*MSECCFG|MSECCFG.*write|mseccfg.*write'
[05:16:27] [spechunter] [Read] /home/yzs/riscv/qemu/target/riscv/op_helper.c
[05:16:27] [spechunter] [Read] /home/yzs/riscv/qemu/target/riscv/pmp.c
[05:16:33] [spechunter] [Grep] pattern='spmpcfg'
[05:16:33] [spechunter] [Grep] pattern='\\bssp\\b'
[05:16:33] [spechunter] [Grep] pattern='menvcfg\\.SSE|MENVCFG.*SSE|SSE.*MENVCFG'
[05:16:33] [spechunter] [Grep] pattern='satp\\.MODE|SATP_MODE|satp_mode'
[05:16:36] [spechunter] [Grep] pattern='MSECCFG|mseccfg|CSR_MSECCFG'
[05:16:36] [spechunter] [Grep] pattern='MSSE|SSE|shadow.stack|sspush|sspopchk'
[05:16:36] [spechunter] [Grep] pattern='pmpcfg.*LOCK|PMPCFG_L|PMP.*\\bL\\b.*lock|pmp_set|pmp_write|sbi_pmp'
[05:16:36] [spechunter] [Grep] pattern='smcfiss|smcdeleg|Smcdeleg|SMCDELEG|smcdeleg'
[05:16:52] [spechunter] [Read] /home/yzs/riscv/opensbi/semantic_finding_mseccfg_msselock.json
[05:16:52] [spechunter] [Grep] pattern='CSR_MSECCFG|csr_write.*MSECCFG|csr_set.*MSECCFG|csr_read.*MSECCFG|MSECCFG_MML|MSECCFG_RLB|MSECCFG_SSE|MSECCFG_USEED|MSECCFG_SSEED'
[05:16:52] [spechunter] [Grep] pattern='CSR_MSECCFG|MSECCFG'
[05:16:56] [spechunter] [TodoWrite] 6 items
[05:16:59] [spechunter] [text] Let me also search for the vulnerability patterns and additional SSE references in the kernel source proper (excluding t...
[05:16:59] [spechunter] [Grep] pattern='put_user|copy_to_user|__put_user|__copy_to_user'
[05:16:59] [spechunter] [Grep] pattern='ENVCFG_SSE|CSR_ENVCFG|senvcfg|henvcfg\\.SSE'
[05:16:59] [spechunter] [Grep] pattern='shadow.stack|shstk|SHSTK'
[05:16:59] [spechunter] [Grep] pattern='ZICFISS|Zicfiss|zicfiss'
[05:16:59] [spechunter] [Grep] pattern='spmp|SPMP|Smpmp'
[05:16:59] [spechunter] [text] Let me now search specifically in the source code files (excluding JSON findings).  
[05:16:59] [spechunter] [Grep] pattern='mseccfg|MSECCFG'
[05:16:59] [spechunter] [Grep] pattern='mseccfg|MSECCFG'
[05:16:59] [spechunter] [Grep] pattern='mseccfg|MSECCFG'
[05:16:59] [spechunter] [Grep] pattern='mseccfg|MSECCFG'
[05:16:59] [spechunter] [Grep] pattern='pmpcfg|PMPCFG'
[05:16:59] [spechunter] [Grep] pattern='pmpcfg|PMPCFG'
[05:17:02] [spechunter] [TodoWrite] 8 items
[05:17:03] [spechunter] [text] Now let me trace the actual source files in depth.  
[05:17:03] [spechunter] [Read] /home/yzs/riscv/opensbi/include/sbi/riscv_encoding.h
[05:17:03] [spechunter] [Read] /home/yzs/riscv/opensbi/lib/sbi/sbi_hart_pmp.c
[05:17:03] [spechunter] [Read] /home/yzs/riscv/opensbi/lib/sbi/sbi_domain.c
[05:17:03] [spechunter] [Grep] pattern='pmp|SPMP|spmp'
[05:17:03] [spechunter] [Grep] pattern='bhyve|hgatp|menvcfg|mseccfg'
[05:17:03] [spechunter] [Grep] pattern='shadow.stack|CFI|zicfiss|ssp'
[05:17:05] [spechunter] [text] ```json {   "violation_condition": "When a PMP entry has pmpcfg.E=1 (bit MXLEN-1) and XWR encoding corresponds to a shad...
[05:17:09] [spechunter] [Grep] pattern='pmpcfg'
[05:17:09] [spechunter] [Grep] pattern='pmpaddr'
[05:17:09] [spechunter] [Grep] pattern='mseccfg'
[05:17:09] [spechunter] [Grep] pattern='menvcfg'
[05:17:09] [spechunter] [Grep] pattern='miselect'
[05:17:09] [spechunter] [Grep] pattern='mireg'
[05:17:09] [spechunter] [Grep] pattern='spmpcfg'
[05:17:09] [spechunter] [Grep] pattern='sspush|sspopchk|ssload|sspop|ssrdp'
[05:17:10] [spechunter] [text] Let me read the key source functions to get precise line ranges.  
[05:17:10] [spechunter] [Read] /home/yzs/riscv/opensbi/lib/sbi/sbi_hart_pmp.c
[05:17:10] [spechunter] [Read] /home/yzs/riscv/opensbi/lib/sbi/sbi_hart.c
[05:17:10] [spechunter] [Read] /home/yzs/riscv/opensbi/lib/sbi/sbi_hart.c
[05:17:10] [spechunter] [Read] /home/yzs/riscv/opensbi/lib/sbi/sbi_hart.c
[05:17:10] [spechunter] [Read] /home/yzs/riscv/opensbi/lib/sbi/riscv_asm.c
[05:17:10] [spechunter] [Read] /home/yzs/riscv/opensbi/lib/sbi/riscv_asm.c
[05:17:10] [spechunter] [Read] /home/yzs/riscv/opensbi/lib/sbi/riscv_asm.c
[05:17:12] [spechunter] [text] Now let me also search for KVM-specific SSE/shadow-stack context handling and any broader references.  
[05:17:12] [spechunter] [Grep] pattern='spmp|SPMP|Smpmp'
[05:17:12] [spechunter] [Grep] pattern='spmp|SPMP|Smpmp'
[05:17:12] [spechunter] [Grep] pattern='spmp|SPMP|Smpmp'
[05:17:12] [spechunter] [Grep] pattern='henvcfg|HENVCFG'
[05:17:12] [spechunter] [Grep] pattern='SSE|sse'
[05:17:18] [spechunter] [Read] /home/yzs/riscv/opensbi/lib/sbi/sbi_hart.c
[05:17:18] [spechunter] [Read] /home/yzs/riscv/opensbi/lib/sbi/sbi_init.c
[05:17:18] [spechunter] [Glob] src/smcfiss.adoc
[05:17:23] [spechunter] [Grep] pattern='pmpcfg'
[05:17:23] [spechunter] [Grep] pattern='pmp_hart_has_privs'
[05:17:23] [spechunter] [Grep] pattern='mseccfg'
[05:17:23] [spechunter] [Grep] pattern='menvcfg'
[05:17:23] [spechunter] [Grep] pattern='sspush|sspopchk|ssamoswap'
[05:17:25] [spechunter] [text] Let me verify the KVM henvcfg setup completeness and check for any CSR_SSP references more precisely
[05:17:25] [spechunter] [Read] /home/yzs/riscv/linux/arch/riscv/kvm/vcpu.c
[05:17:25] [spechunter] [Read] /home/yzs/riscv/linux/arch/riscv/include/asm/csr.h
[05:17:25] [spechunter] [Read] /home/yzs/riscv/linux/arch/riscv/kernel/usercfi.c
[05:17:26] [spechunter] [Read] /home/yzs/riscv/opensbi/platform/generic/eswin/eic770x.c
[05:17:26] [spechunter] [Grep] pattern='CSR_SSP|CSR_SSP|ssp|shadow.stack'
[05:17:26] [spechunter] [Grep] pattern='saved_mseccfg|saved_mmenvcfg|MSECCFG'
[05:17:27] [spechunter] [Agent] description, prompt
[05:17:27] [spechunter] [Agent] description, prompt
[05:17:27] [spechunter] [Agent] description, prompt
[05:17:28] [spechunter] [text] Let me dig deeper into the FreeBSD RISC-V kernel code that's most relevant.  
[05:17:28] [spechunter] [Grep] pattern='pmpcfg|pmpaddr|PMP'
[05:17:28] [spechunter] [Grep] pattern='menvcfg|mseccfg|MENVCFG|MSECCFG'
[05:17:28] [spechunter] [Grep] pattern='pmp|spmp|mseccfg|menvcfg'
[05:17:28] [spechunter] [Read] /home/yzs/riscv/freebsd-src/sys/riscv/riscv/machdep.c
[05:17:28] [spechunter] [text] Let me get the remaining relevant source locations for completeness.  
[05:17:28] [spechunter] [Read] /home/yzs/riscv/opensbi/lib/sbi/sbi_domain.c
[05:17:28] [spechunter] [Read] /home/yzs/riscv/opensbi/include/sbi/riscv_encoding.h
[05:17:28] [spechunter] [Read] /home/yzs/riscv/opensbi/include/sbi/riscv_encoding.h
[05:17:28] [spechunter] [Grep] pattern='sbi_hart_smepmp_configure|sbi_hart_pmp_configure|sbi_hart_protection_configure|sbi_hart_pmp_check_mseccfg'
[05:17:28] [spechunter] [Grep] pattern='sbi_domain_get_smepmp_flags|sbi_domain_get_oldpmp_flags|pmp_set|pmp_disable'
[05:17:28] [spechunter] [Grep] pattern='PMP_R|PMP_W|PMP_X|PMP_L|PMP_A'
[05:17:30] [spechunter] [Grep] pattern='ext_attr|shadow_stack|MSSE|mseccfg\\.MSSE|menvcfg\\.SSE|Smcfiss|Smucfiss|Sspmpss|Smpmpind'
[05:17:30] [spechunter] [Grep] pattern='isShadowStack|shadowStackCheck|pmpCheck.*shadow|spmpCheck.*shadow'
[05:17:30] [spechunter] [Grep] pattern='XWR|xwr|pmp_.*TYPE|PMP_ATTR|PmpCfg|PMPCfg'
[05:17:30] [spechunter] [Grep] pattern='spmpCheck|SPMP|sPmp|spmp'
[05:17:35] [spechunter] [Read] /home/yzs/riscv/opensbi/include/sbi/riscv_encoding.h
[05:17:35] [spechunter] [Grep] pattern='Smcfiss|smcfiss|Zicfiss|zicfiss|CFI|cfi'
[05:17:35] [spechunter] [Read] /home/yzs/riscv/opensbi/lib/sbi/sbi_hart.c
[05:17:40] [spechunter] [text] Let me get the last few source locations for completeness
[05:17:40] [spechunter] [Read] /home/yzs/riscv/opensbi/lib/sbi/sbi_hart_pmp.c
[05:17:40] [spechunter] [Read] /home/yzs/riscv/opensbi/lib/sbi/sbi_hart_pmp.c
[05:17:40] [spechunter] [Read] /home/yzs/riscv/opensbi/lib/sbi/sbi_hart_protection.c
[05:17:40] [spechunter] [Read] /home/yzs/riscv/opensbi/lib/sbi/sbi_domain.c
[05:17:42] [spechunter] [TodoWrite] 9 items
[05:17:43] [spechunter] [text] Let me look at more context about the kernel's PMP usage, bhyve VMM, and context switching.  
[05:17:43] [spechunter] [Read] /home/yzs/riscv/freebsd-src/sys/riscv/riscv/machdep.c
[05:17:43] [spechunter] [Read] /home/yzs/riscv/freebsd-src/sys/riscv/vmm/vmm_riscv.c
[05:17:43] [spechunter] [Grep] pattern='context.switch|cpu_switch|pmap_activate'
[05:17:44] [spechunter] [Read] /home/yzs/riscv/opensbi/lib/sbi/sbi_fwft.c
[05:17:44] [spechunter] [Read] /home/yzs/riscv/opensbi/lib/sbi/sbi_hart.c
[05:17:44] [spechunter] [Grep] pattern='ZICFISS|ZICFILP|zicfilp|zicfiss'
[05:17:46] [spechunter] [Agent] description, prompt
[05:17:46] [spechunter] [Agent] description, prompt
[05:17:46] [spechunter] [Agent] description, prompt
[05:17:48] [spechunter] [Grep] pattern='pmp|PMP|hgatp|vsatp|virtual.*addr|two.stage'
[05:17:48] [spechunter] [Glob] sys/riscv/vmm/*
[05:17:50] [spechunter] [Read] /home/yzs/riscv/qemu/target/riscv/pmp.c
[05:17:50] [spechunter] [Grep] pattern='pmp_hart_has_privs'
[05:17:50] [spechunter] [Grep] pattern='smcfiss|Smcfiss|SMCFISS|smucfiss|Smucfiss|SMUCFISS|sspush|sspopchk|ssamoswap'
[05:17:55] [spechunter] [Read] /home/yzs/riscv/freebsd-src/sys/riscv/riscv/swtch.S
[05:17:55] [spechunter] [Grep] pattern='sstatus|mstatus|satp|seccfg|menvcfg|senvcfg'
[05:17:55] [spechunter] [Grep] pattern='satp|vsatp|hgatp|spmp|SPMP'
[05:17:56] [spechunter] [Grep] pattern='spmp'
[05:17:56] [spechunter] [Grep] pattern='shadow.?stack'
[05:17:56] [spechunter] [Grep] pattern='\\bSSP\\b|ssp\\b|Shadow.?Stack.?Pointer'
[05:17:56] [spechunter] [Grep] pattern='spmpcfg|menvcfg|SPMP|SSE'
[05:17:56] [spechunter] [Grep] pattern='CBZE|SSAMOSWAP|ssamoswap|shadow.?stack.*fault|spmp.*violation'
[05:17:56] [spechunter] [Grep] pattern='shadow.?stack|shadow.?stk|SHSTK'
[05:17:56] [spechunter] [Grep] pattern='shadow.?stack|shadow.?stk'
[05:17:59] [spechunter] [Grep] pattern='pmpCheck|PMPChecker|PMP.*check|checkPMP'
[05:17:59] [spechunter] [Grep] pattern='PMPEntryModule|PMPReqs|pmpReq'
[05:17:59] [spechunter] [Grep] pattern='PMPCfgBundle|pmp.*\\.R\\b|pmp.*\\.W\\b|pmp.*\\.X\\b|pmp.*\\.E\\b'
[05:17:59] [spechunter] [Grep] pattern='pmpcfg|pmpaddr|spmpcfg|mseccfg'
[05:17:59] [spechunter] [Grep] pattern='menvcfg|miselect|mireg'
[05:18:03] [spechunter] [Grep] pattern='ENVCFG_SSE|ENVCFG_LPE|fwft_menvcfg_set_bit'
[05:18:03] [spechunter] [Read] /home/yzs/riscv/opensbi/lib/sbi/sbi_hart.c
[05:18:06] [spechunter] [text] I've launched 3 background search agents to explore the codebase in parallel. They are searching for:  1. **PMP/SPMP che...
[05:18:06] [spechunter] [Glob] **/pmp.scala
[05:18:06] [spechunter] [Glob] **/spmp.scala
[05:18:06] [spechunter] [Glob] **/PMPChecker*
[05:18:06] [spechunter] [Glob] **/SPMPChecker*
[05:18:06] [spechunter] [Glob] **/CSR.scala
[05:18:10] [spechunter] [Grep] pattern='put_user|copy_to_user|__put_user|__copy_to_user'
[05:18:10] [spechunter] [Grep] pattern='put_user|copy_to_user|__put_user|__copy_to_user'
[05:18:10] [spechunter] [Grep] pattern='put_user|copy_to_user|__put_user|__copy_to_user'
[05:18:10] [spechunter] [Grep] pattern='put_user|copy_to_user|__put_user|__copy_to_user'
[05:18:10] [spechunter] [Grep] pattern='access_ok'
[05:18:12] [spechunter] [Read] /home/yzs/riscv/XiangShan/src/main/scala/xiangshan/backend/fu/NewCSR/CSRPMP.scala
[05:18:12] [spechunter] [Read] /home/yzs/riscv/XiangShan/src/main/scala/xiangshan/backend/fu/PMP.scala
[05:18:12] [spechunter] [Read] /home/yzs/riscv/XiangShan/src/main/scala/xiangshan/backend/fu/NewCSR/PMPEntryModule.scala
[05:18:12] [spechunter] [Grep] pattern='put_user|copy_to_user|__put_user|__copy_to_user'
[05:18:12] [spechunter] [Grep] pattern='access_ok|__access_ok'
[05:18:12] [spechunter] [Grep] pattern='put_user|copy_to_user|__put_user|__copy_to_user'
[05:18:12] [spechunter] [Grep] pattern='access_ok|__access_ok'
[05:18:19] [spechunter] [Glob] **/*PMP*
[05:18:19] [spechunter] [Glob] **/*pmp*
[05:18:19] [spechunter] [Glob] **/*spmp*
[05:18:19] [spechunter] [Grep] pattern='PMPChecker|PMPCheck'
[05:18:19] [spechunter] [Grep] pattern='SPMPChecker|SPMPCheck|SpmpChecker|SpmpCheck'
[05:18:19] [spechunter] [Grep] pattern='vmm_riscv_vm_enter|guest_enter|VM_ENTRY|vmm_switch'
[05:18:19] [spechunter] [Read] /home/yzs/riscv/freebsd-src/sys/riscv/vmm/vmm_riscv.c
[05:18:19] [spechunter] [text] Now I have all the data. Here is the complete JSON output:  ```json {   "locations": [     {       "file_path": "include...
[05:18:19] [spechunter] [text] Let me also check the PMP checker logic for permission bits and search for additional patterns
[05:18:19] [spechunter] [Read] /home/yzs/riscv/XiangShan/src/main/scala/xiangshan/backend/fu/PMP.scala
[05:18:19] [spechunter] [Read] /home/yzs/riscv/XiangShan/src/main/scala/xiangshan/backend/fu/PMP.scala
[05:18:19] [spechunter] [Read] /home/yzs/riscv/XiangShan/src/main/scala/xiangshan/backend/fu/PMP.scala
[05:18:21] [spechunter] [text] Now let me check a few more things to confirm the complete picture before writing findings.  
[05:18:21] [spechunter] [Read] /home/yzs/riscv/opensbi/lib/sbi/sbi_hart.c
[05:18:21] [spechunter] [Read] /home/yzs/riscv/opensbi/lib/sbi/sbi_fwft.c
[05:18:21] [spechunter] [Read] /home/yzs/riscv/opensbi/lib/sbi/sbi_hart_pmp.c
[05:18:26] [spechunter] [Read] /home/yzs/riscv/qemu/target/riscv/pmp.h
[05:18:26] [spechunter] [Read] /home/yzs/riscv/qemu/target/riscv/insn_trans/trans_rvzicfiss.c.inc
[05:18:26] [spechunter] [Grep] pattern='pmp_hart_has_privs'
[05:18:27] [spechunter] [text] Let me also check the MachineLevel CSR definitions for mseccfg and menvcfg details.  
[05:18:27] [spechunter] [Read] /home/yzs/riscv/XiangShan/src/main/scala/xiangshan/backend/fu/NewCSR/MachineLevel.scala
[05:18:27] [spechunter] [Read] /home/yzs/riscv/XiangShan/src/main/scala/xiangshan/backend/fu/NewCSR/MachineLevel.scala
[05:18:27] [spechunter] [Read] /home/yzs/riscv/XiangShan/src/main/scala/xiangshan/backend/fu/NewCSR/CSRIND.scala
[05:18:29] [spechunter] [Grep] pattern='copy_siginfo_to_user'
[05:18:29] [spechunter] [Grep] pattern='restore_sigcontext|__copy_from_user|copy_from_user'
[05:18:35] [spechunter] [Read] /home/yzs/riscv/linux/arch/riscv/kernel/ptrace.c
[05:18:35] [spechunter] [Grep] pattern='poke|POKE|ptrace_request|generic_ptrace_pokedata|arch_ptrace'
[05:18:35] [spechunter] [Grep] pattern='put_user|copy_to_user|__put_user|__copy_to_user|access_ok'
[05:18:35] [spechunter] [Grep] pattern='generic_ptrace_pokedata|ptrace_request'
[05:18:35] [spechunter] [Grep] pattern='mem_write|mem_rw|proc_mem'
[05:18:36] [spechunter] [Grep] pattern='MEnvCfg|class EnvPMM'
[05:18:36] [spechunter] [Grep] pattern='MenPMMEntryNumbers|Hbmpmp|Smepmp'
[05:18:36] [spechunter] [Grep] pattern='0x180|0x300|0x310|0x350|0x351|0x352'
[05:18:37] [spechunter] [Read] /home/yzs/riscv/XiangShan/src/main/scala/xiangshan/backend/fu/NewCSR/CSRPMP.scala
[05:18:37] [spechunter] [Read] /home/yzs/riscv/XiangShan/src/main/scala/xiangshan/backend/fu/NewCSR/PMPEntryModule.scala
[05:18:37] [spechunter] [Read] /home/yzs/riscv/XiangShan/src/main/scala/xiangshan/backend/fu/PMP.scala
[05:18:37] [spechunter] [Read] /home/yzs/riscv/XiangShan/rocket-chip/src/main/scala/rocket/PMP.scala
[05:18:37] [spechunter] [Grep] pattern='shadow.?stack|SHSTK|shstk|Zicfiss'
[05:18:37] [spechunter] [Grep] pattern='CBZE|SSAMOSWAP|ssamoswap'
[05:18:37] [spechunter] [Read] /home/yzs/riscv/linux/arch/riscv/kernel/usercfi.c
[05:18:37] [spechunter] [Read] /home/yzs/riscv/linux/arch/riscv/include/asm/usercfi.h
[05:18:37] [spechunter] [Read] /home/yzs/riscv/linux/Documentation/arch/riscv/zicfiss.rst
[05:18:38] [spechunter] [Read] /home/yzs/riscv/linux/arch/riscv/kernel/signal.c
[05:18:38] [spechunter] [Read] /home/yzs/riscv/linux/arch/riscv/kernel/signal.c
[05:18:46] [spechunter] [text] Good, I've found the core PMP files. Now let me dig deeper into the call sites, CSR implementations, and SPMP checker.  
[05:18:46] [spechunter] [TodoWrite] 8 items
[05:18:48] [spechunter] [Read] /home/yzs/riscv/XiangShan/src/main/scala/xiangshan/backend/fu/NewCSR/MachineLevel.scala
[05:18:50] [spechunter] [Read] /home/yzs/riscv/linux/kernel/ptrace.c
[05:18:50] [spechunter] [Grep] pattern='ptrace_access_vm'
[05:18:50] [spechunter] [Grep] pattern='ptrace_access_vm'
[05:18:50] [spechunter] [Grep] pattern='user_regset_copyin'
[05:18:50] [spechunter] [Grep] pattern='generic_ptrace_peekdata|generic_ptrace_pokedata'
[05:18:53] [spechunter] [Read] /home/yzs/riscv/linux/arch/riscv/include/asm/csr.h
[05:18:53] [spechunter] [Read] /home/yzs/riscv/linux/arch/riscv/kernel/traps.c
[05:18:53] [spechunter] [Grep] pattern='spmp|SPMP|pmpcfg.*spmp'
[05:18:53] [spechunter] [Read] /home/yzs/riscv/linux/arch/riscv/kernel/entry.S
[05:18:53] [spechunter] [Grep] pattern='SSP|CSR_SSP'
[05:18:53] [spechunter] [Read] /home/yzs/riscv/linux/arch/riscv/kernel/ptrace.c
[05:18:53] [spechunter] [Read] /home/yzs/riscv/linux/arch/riscv/include/asm/cpufeature.h
[05:18:55] [spechunter] [Read] /home/yzs/riscv/freebsd-src/sys/riscv/vmm/vmm_riscv.c
[05:18:55] [spechunter] [Grep] pattern='SPMP|spmp|Sspmp'
[05:18:55] [spechunter] [Grep] pattern='henvcfg|HENVCFG|menvcfg|MENVCFG'
[05:19:04] [spechunter] [text] Let me continue searching for the remaining critical files
[05:19:04] [spechunter] [Grep] pattern='mseccfg|MSSE|SSE|menvcfg\\.SSE'
[05:19:04] [spechunter] [Grep] pattern='miselect|mireg|mireg2|Smcsrind|Smpmpind|indirect.*csr'
[05:19:04] [spechunter] [Grep] pattern='sspush|sspopchk|ssload|sspop|ssrdp|shadow.?stack|zicfiss'
[05:19:04] [spechunter] [Grep] pattern='PMPChecker|PMPCheck|pmp_check|pmp_match|pmp\\.check'
[05:19:06] [spechunter] [Read] /home/yzs/riscv/XiangShan/src/main/scala/xiangshan/backend/fu/NewCSR/MachineLevel.scala
[05:19:06] [spechunter] [Grep] pattern='class EnvCfg|class EnvPMM'
[05:19:07] [spechunter] [Grep] pattern='ENVCFG_CBZE|CBZE|CBCFE'
[05:19:07] [spechunter] [Grep] pattern='spmp|SPMP'
[05:19:07] [spechunter] [Read] /home/yzs/riscv/linux/arch/riscv/kernel/signal.c
[05:19:07] [spechunter] [Read] /home/yzs/riscv/linux/arch/riscv/kernel/head.S
[05:19:07] [spechunter] [Read] /home/yzs/riscv/linux/arch/riscv/kernel/head.S
[05:19:07] [spechunter] [Read] /home/yzs/riscv/linux/arch/riscv/Kconfig
[05:19:07] [spechunter] [Read] /home/yzs/riscv/linux/arch/riscv/mm/pgtable.c
[05:19:09] [spechunter] [TodoWrite] 6 items
[05:19:09] [spechunter] [TodoWrite] 9 items
[05:19:10] [spechunter] [Read] /home/yzs/riscv/XiangShan/src/main/scala/xiangshan/backend/fu/NewCSR/CSRBundles.scala
[05:19:12] [spechunter] [Grep] pattern='^int (ptrace_regset|user_regset_copyin)'
[05:19:12] [spechunter] [Grep] pattern='copy_regset_from_user|copy_regset_to_user'
[05:19:12] [spechunter] [Grep] pattern='copy_regset_from_user|copy_regset_to_user'
[05:19:12] [spechunter] [Grep] pattern='access_remote_vm.*FOLL_WRITE'
[05:19:16] [spechunter] [text] Now let me read the critical CSR and integration files
[05:19:16] [spechunter] [Read] /home/yzs/riscv/XiangShan/src/main/scala/xiangshan/backend/fu/NewCSR/CSRIND.scala
[05:19:16] [spechunter] [Read] /home/yzs/riscv/XiangShan/src/main/scala/xiangshan/backend/fu/NewCSR/MachineLevel.scala
[05:19:16] [spechunter] [Read] /home/yzs/riscv/XiangShan/src/main/scala/xiangshan/backend/fu/NewCSR/CSRBundles.scala
[05:19:17] [spechunter] [text] Now I have all the data. Here is the comprehensive report:  ```json {   "locations": [     {       "file_path": "arch/ri...
[05:19:24] [spechunter] [Grep] pattern='EnvPMM'
[05:19:24] [spechunter] [Read] /home/yzs/riscv/XiangShan/src/main/scala/xiangshan/Bundle.scala
[05:19:24] [spechunter] [Read] /home/yzs/riscv/XiangShan/src/main/scala/xiangshan/cache/mmu/TLB.scala
[05:19:32] [spechunter] [Grep] pattern='int ptrace_regset'
[05:19:32] [spechunter] [Grep] pattern='user_regset_copyin|copyin'
[05:19:32] [spechunter] [Grep] pattern='access_remote_vm'
[05:19:32] [spechunter] [Grep] pattern='put_user|__put_user'
[05:19:33] [spechunter] [text] Now let me look at the CSR write path, TLB integration, and existing findings.  
[05:19:33] [spechunter] [Read] /home/yzs/riscv/XiangShan/src/main/scala/xiangshan/cache/mmu/TLB.scala
[05:19:33] [spechunter] [Grep] pattern='PMPChecker|PMPCheck|pmp_check|check_env'
[05:19:33] [spechunter] [Grep] pattern='PMPChecker|PMPCheck|pmp_check|check_env'
[05:19:33] [spechunter] [Grep] pattern='PMPChecker|PMPCheck|pmp_check|check_env'
[05:19:36] [spechunter] [Read] /home/yzs/riscv/linux/arch/riscv/kernel/signal.c
[05:19:36] [spechunter] [Read] /home/yzs/riscv/linux/arch/riscv/kernel/signal.c
[05:19:36] [spechunter] [Read] /home/yzs/riscv/linux/arch/riscv/kernel/signal.c
[05:19:36] [spechunter] [Read] /home/yzs/riscv/linux/arch/riscv/include/asm/pgtable.h
[05:19:36] [spechunter] [Read] /home/yzs/riscv/linux/arch/riscv/include/asm/pgtable.h
[05:19:36] [spechunter] [Read] /home/yzs/riscv/linux/arch/riscv/include/asm/sbi.h
[05:19:36] [spechunter] [Read] /home/yzs/riscv/linux/arch/riscv/kernel/process.c
[05:19:36] [spechunter] [Read] /home/yzs/riscv/linux/arch/riscv/kernel/process.c
[05:19:36] [spechunter] [Read] /home/yzs/riscv/linux/arch/riscv/kernel/process.c
[05:19:36] [spechunter] [Read] /home/yzs/riscv/linux/arch/riscv/kernel/sys_riscv.c
[05:19:36] [spechunter] [Read] /home/yzs/riscv/linux/arch/riscv/include/asm/mman.h
[05:19:38] [spechunter] [Read] /home/yzs/riscv/linux/mm/memory.c
[05:19:38] [spechunter] [Read] /home/yzs/riscv/linux/kernel/ptrace.c
[05:19:38] [spechunter] [Read] /home/yzs/riscv/linux/kernel/regset.c
[05:19:43] [spechunter] [Grep] pattern='SS_MMU_INDEX'
[05:19:43] [spechunter] [Grep] pattern='MSSE|menvcfg.*SSE|MSECCFG_MSSE'
[05:19:43] [spechunter] [Grep] pattern='pmp_hart_has_privs|get_physical_address_pmp'
[05:19:43] [spechunter] [Grep] pattern='bcfi_enabled|shadow_stack|ssp\\b'
[05:19:49] [spechunter] [Grep] pattern='satp|hgatp|vsatp|SATP_MODE|satp_mode'
[05:19:49] [spechunter] [Grep] pattern='csr_write|csr_read'
[05:19:53] [spechunter] [Read] /home/yzs/riscv/linux/arch/riscv/include/uapi/asm/ptrace.h
[05:19:53] [spechunter] [Read] /home/yzs/riscv/linux/arch/riscv/include/uapi/asm/sigcontext.h
[05:19:53] [spechunter] [Read] /home/yzs/riscv/linux/arch/riscv/kernel/vdso/Makefile
[05:19:53] [spechunter] [Read] /home/yzs/riscv/linux/arch/riscv/kvm/vcpu_sbi_fwft.c
[05:19:53] [spechunter] [Read] /home/yzs/riscv/linux/Documentation/arch/riscv/zicfilp.rst
[05:19:53] [spechunter] [Read] /home/yzs/riscv/linux/arch/riscv/include/asm/csr.h
[05:19:58] [spechunter] [text] Let me now read the critical integration points more carefully.  
[05:19:58] [spechunter] [Read] /home/yzs/riscv/XiangShan/src/main/scala/xiangshan/cache/mmu/TLB.scala
[05:19:58] [spechunter] [Read] /home/yzs/riscv/XiangShan/src/main/scala/xiangshan/cache/mmu/TLB.scala
[05:19:58] [spechunter] [Read] /home/yzs/riscv/XiangShan/src/main/scala/xiangshan/cache/mmu/TLB.scala
[05:19:58] [spechunter] [Read] /home/yzs/riscv/XiangShan/src/main/scala/xiangshan/frontend/Frontend.scala
[05:19:58] [spechunter] [Read] /home/yzs/riscv/XiangShan/src/main/scala/xiangshan/cache/mmu/L2TLB.scala
[05:20:13] [spechunter] [text] Now let me check the CSR code for MSECCFG, MENVCFG SSE/MSSE handling, and other affected areas.  
[05:20:13] [spechunter] [Grep] pattern='MSECCFG_MSSE|MSSE|mseccfg.*SSE'
[05:20:13] [spechunter] [Grep] pattern='menvcfg.*SSE|MENVCFG_CBIE|MENVCFG_CBCFE|MENVCFG_STCE|SSE'
[05:20:13] [spechunter] [Grep] pattern='mscratch_csr|ssp|mseccfg'
[05:20:13] [spechunter] [Grep] pattern='mseccfg|pmpcfg|pmpaddr'
[05:20:19] [spechunter] [text] Let me now dig deeper into the specific violation points
[05:20:19] [spechunter] [Read] /home/yzs/riscv/XiangShan/src/main/scala/xiangshan/cache/mmu/PageTableWalker.scala
[05:20:19] [spechunter] [Read] /home/yzs/riscv/XiangShan/src/main/scala/xiangshan/cache/mmu/PageTableWalker.scala
[05:20:19] [spechunter] [Grep] pattern='isShadowStack|shadowStack|shadow_stack|isSSPush|isSSPop|isSSLoad|isSSRdp'
[05:20:19] [spechunter] [Grep] pattern='MSSE|mseccfg.*MSS'
[05:20:19] [spechunter] [Grep] pattern='pmpcfg.*L\\b|RLB|lock.*pmp|pmp.*lock'
[05:20:33] [spechunter] [text] Now let me dig into the remaining critical areas before compiling the report
[05:20:33] [spechunter] [Grep] pattern='mseccfg|Mseccfg'
[05:20:33] [spechunter] [Grep] pattern='SSE|SSEED|USEED|MSSE'
[05:20:33] [spechunter] [Grep] pattern='PRV|privilege|priv.*mode|mode.*priv'
[05:20:39] [spechunter] [Grep] pattern='MENVCFG_SSE|HENVCFG_SSE|SENVCFG_SSE'
[05:20:39] [spechunter] [Read] /home/yzs/riscv/qemu/target/riscv/machine.c
[05:20:39] [spechunter] [Grep] pattern='pmp|mseccfg|pmpcfg'
[05:20:39] [spechunter] [Grep] pattern='pmp|mseccfg|pmpcfg'
[05:20:59] [spechunter] [text] Now I have a complete picture. Let me produce the findings JSON.  
[05:20:59] [spechunter] [Write] /home/yzs/riscv/opensbi/semantic_finding_aclic_hsm_suspend.json
[05:20:59] [spechunter] [Grep] pattern='pmpcfg|PMPCFG|PMP_CFG'
[05:20:59] [spechunter] [Grep] pattern='csr_write|csr_setbits|csr_clearbits'
[05:20:59] [spechunter] [Read] /home/yzs/riscv/freebsd-src/sys/riscv/vmm/vmm_sbi.c
[05:21:01] [spechunter] [Grep] pattern='pmp_hart_has_privs|pmp_hart_has_privs_default|E field|PMP_E_ENTRY|PMP_E_ON|pmp_entry_is_ss|pmp_is_ss_region|extended.*pmp|shadow.stack'
[05:21:01] [spechunter] [Grep] pattern='pmp_hart_has_privs|pmp_hart_has_privs_default'
[05:21:01] [spechunter] [Grep] pattern='pmp_hart_has_privs'
[05:21:01] [spechunter] [Grep] pattern='mseccfg|MSSE|MSECCFG'
[05:21:01] [spechunter] [Grep] pattern='menvcfg.*SSE|SSE|menvcfg'
[05:21:01] [spechunter] [Grep] pattern='sspush|sspopchk|ssamoswap'
[05:21:01] [spechunter] [Grep] pattern='sspush|sspopchk|ssamoswap'
[05:21:01] [spechunter] [Grep] pattern='sspush|sspopchk|ssamoswap'
[05:21:02] [spechunter] [Bash] Check if target file exists
[05:21:04] [spechunter] [text] Let me now check KVM-specific code, CSR registration, and the TCG helpers for MSECCFG/SSE-related functions.  
[05:21:04] [spechunter] [Grep] pattern='mseccfg|pmpcfg|pmpaddr'
[05:21:04] [spechunter] [Grep] pattern='mseccfg|MSECCFG_MSSE|menvcfg_sse|MENVCFG_SSE'
[05:21:04] [spechunter] [Grep] pattern='bcfi|bcfien|cpu_get_bcfien'
[05:21:04] [spechunter] [Grep] pattern='cpu_get_bcfien|bcfi_enabled|BCFI_ENABLED'
[05:21:05] [spechunter] [text] ```json {   "locations": [     {       "file_path": "src/main/scala/xiangshan/backend/decode/isa/CSRs.scala",       "fun...
[05:21:11] [spechunter] [Read] /home/yzs/riscv/opensbi/semantic_finding_aclic_hsm_suspend.json
[05:21:22] [spechunter] [Grep] pattern='bcfi_enabled|cpu_get_bcfien|BCFI_ENABLED'
[05:21:22] [spechunter] [Grep] pattern='bcfi_enabled|BCFI_ENABLED|cpu_get_bcfien'
[05:21:22] [spechunter] [Grep] pattern='bcfien|BCFIEN|MSECCFG_SSEED|USEED'
[05:21:41] [spechunter] [text] Good, I have comprehensive results. Let me now drill deeper into the critical paths.  
[05:21:41] [spechunter] [TodoWrite] 8 items
[05:21:42] [spechunter] [text] Now I have enough context to produce the security audit. Let me synthesize what I've found.  ```json {   "violation_cond...
[05:21:44] [spechunter] [Read] /home/yzs/riscv/qemu/target/riscv/pmp.c
[05:21:44] [spechunter] [Read] /home/yzs/riscv/qemu/target/riscv/pmp.c
[05:21:44] [spechunter] [Read] /home/yzs/riscv/qemu/target/riscv/pmp.h
[05:21:44] [spechunter] [Read] /home/yzs/riscv/qemu/target/riscv/cpu_helper.c
[05:21:44] [spechunter] [Grep] pattern='MENVCFG_SSE'
[05:21:44] [spechunter] [Grep] pattern='MSECCFG_MSSE|MSECCFG_SSEED|MSECCFG_USEED|mseccfg_csr'
[05:21:56] [spechunter] [Read] /home/yzs/riscv/qemu/target/riscv/cpu_helper.c
[05:21:56] [spechunter] [Grep] pattern='PPN_ATTR|PMP_ATTR|PMP_EXT|pmp_a_field|PMP_A_ATTR|PMP_E_FIELD|E_FIELD|ext_attr|extended'
[05:21:56] [spechunter] [Grep] pattern='PMP_R|PMP_W|PMP_X|PMP_LOCK|PMP_AMATCH'
[05:21:56] [spechunter] [Grep] pattern='MMU_DATA_LOAD|MMU_DATA_STORE|MMU_INST_FETCH|MMU_DATA_STORE_ATOMIC|MMU_IDX_SS_WRITE'
[05:22:02] [spechunter] [Grep] pattern='pmp_get_smepmp_operation|pmp_is_locked|pmp_get_a_field|PMP_WRITE|PMP_EXEC|PMP_READ|PMP_LOCK'
[05:22:02] [spechunter] [Read] /home/yzs/riscv/qemu/target/riscv/pmp.c
[05:22:02] [spechunter] [Read] /home/yzs/riscv/qemu/target/riscv/op_helper.c
[05:22:02] [spechunter] [Read] /home/yzs/riscv/qemu/target/riscv/cpu_helper.c
[05:22:02] [spechunter] [Read] /home/yzs/riscv/qemu/target/riscv/insn_trans/trans_rvzicfiss.c.inc
[05:22:07] [spechunter] [Agent] description, prompt
[05:22:07] [spechunter] [Agent] description, prompt
[05:22:07] [spechunter] [Agent] description, prompt
[05:22:13] [spechunter] [Grep] pattern='MMU_IDX_SS_WRITE|is_sstack_idx'
[05:22:13] [spechunter] [Grep] pattern='pmpcfg_csr_write|pmp_write_cfg|pmp_read_cfg'
[05:22:13] [spechunter] [Grep] pattern='ext_smcfiss|smcfiss|smucfiss|sspmpss|Smpmpind|Smcfiss'
[05:22:19] [spechunter] [Grep] pattern='bcfi_enabled|bcfi'
[05:22:19] [spechunter] [Grep] pattern='SS_MMU_INDEX'
[05:22:19] [spechunter] [Grep] pattern='MSSE'
[05:22:19] [spechunter] [Read] /home/yzs/riscv/qemu/target/riscv/pmp.c
[05:22:19] [spechunter] [Grep] pattern='pmp_write_cfg|pmp_read_cfg'
[05:22:19] [spechunter] [TodoWrite] 7 items
[05:22:22] [spechunter] [Grep] pattern='menvcfg'
[05:22:22] [spechunter] [Grep] pattern='menvcfg'
[05:22:22] [spechunter] [Grep] pattern='menvcfg'
[05:22:22] [spechunter] [Grep] pattern='menvcfg'
[05:22:23] [spechunter] [text] Let me check a few more critical areas: how `cpu_get_bcfien` handles implicit accesses, the GDB stub, and whether there'...
[05:22:23] [spechunter] [Read] /home/yzs/riscv/qemu/target/riscv/cpu_helper.c
[05:22:23] [spechunter] [Grep] pattern='bcfien|cpu_get_bcfien|MSECCFG_SSE|MENVCFG_SSE'
[05:22:23] [spechunter] [Grep] pattern='bcfien|cpu_get_bcfien|BCFI_ENABLED|BCFI'
[05:22:23] [spechunter] [Grep] pattern='pmpcfg|pmpaddr|mseccfg|pmp_'
[05:22:25] [spechunter] [Read] /home/yzs/riscv/linux/arch/riscv/mm/fault.c
[05:22:25] [spechunter] [Read] /home/yzs/riscv/linux/arch/riscv/include/asm/pgtable.h
[05:22:25] [spechunter] [Grep] pattern='VM_SHADOW_STACK|PAGE_SHADOWSTACK|shadow.stack'
[05:22:25] [spechunter] [Grep] pattern='shadow.stack'
[05:22:25] [spechunter] [Read] /home/yzs/riscv/linux/mm/memory.c
[05:22:25] [spechunter] [Read] /home/yzs/riscv/linux/arch/riscv/include/asm/pgtable.h
[05:22:25] [spechunter] [Read] /home/yzs/riscv/linux/arch/riscv/kernel/signal.c
[05:22:25] [spechunter] [Grep] pattern='get_user_page_vma_remote'
[05:22:25] [spechunter] [Grep] pattern='set_page_dirty_lock|VM_SHADOW_STACK|PAGE_SHADOWSTACK'
[05:22:25] [spechunter] [text] Now let me check the NewCSR integration and the remaining background agent results, then compile the final report  
[05:22:25] [spechunter] [Read] /home/yzs/riscv/XiangShan/src/main/scala/xiangshan/backend/fu/NewCSR/NewCSR.scala
[05:22:25] [spechunter] [Read] /home/yzs/riscv/XiangShan/src/main/scala/xiangshan/backend/fu/NewCSR/NewCSR.scala
[05:22:25] [spechunter] [Read] /home/yzs/riscv/XiangShan/src/main/scala/xiangshan/backend/fu/NewCSR/NewCSR.scala
[05:22:36] [spechunter] [text] I need to write to a different filename since `semantic_finding_aclic_hsm_suspend.json` is about a different finding. Le...
[05:22:36] [spechunter] [Write] /home/yzs/riscv/opensbi/semantic_finding_mseccfg_msse_smcfiss.json
[05:22:39] [spechunter] [text] Now let me check the GDB stub and the affect on implicit accesses (instruction fetch, page table walks) that should faul...
[05:22:39] [spechunter] [Glob] target/riscv/gdbstub*.c
[05:22:39] [spechunter] [Grep] pattern='pmp|mseccfg'
[05:22:39] [spechunter] [Grep] pattern='get_physical_address_pmp|pmp_hart_has_privs'
[05:22:39] [spechunter] [Grep] pattern='menvcfg'
[05:22:39] [spechunter] [Grep] pattern='mseccfg'
[05:22:39] [spechunter] [Grep] pattern='spmpcfg'
[05:22:39] [spechunter] [Grep] pattern='satp|vsatp|hgatp'
[05:22:39] [spechunter] [Grep] pattern='pmpcfg'
[05:22:41] [spechunter] [Grep] pattern='vmmops_vcpu_restore_csrs'
[05:22:41] [spechunter] [Grep] pattern='menvcfg|SSE'
[05:22:41] [spechunter] [Grep] pattern='satp|vsatp|hgatp'
[05:22:41] [spechunter] [Grep] pattern='spmp|pmpcfg|pmap_satp'
[05:22:41] [spechunter] [Grep] pattern='mseccfg|RLB|MSSE'
[05:22:41] [spechunter] [TaskOutput] task_id, block
[05:22:41] [spechunter] [TaskOutput] task_id, block
[05:22:41] [spechunter] [TaskOutput] task_id, block
[05:22:42] [spechunter] [Read] /home/yzs/riscv/linux/arch/riscv/mm/pgtable.c
[05:22:42] [spechunter] [Read] /home/yzs/riscv/linux/arch/riscv/include/asm/mman.h
[05:22:42] [spechunter] [Read] /home/yzs/riscv/linux/arch/riscv/include/asm/pgtable-bits.h
[05:22:42] [spechunter] [Read] /home/yzs/riscv/linux/arch/riscv/include/asm/usercfi.h
[05:22:42] [spechunter] [Grep] pattern='shadow.stack|VM_SHADOW_STACK|PAGE_SHADOWSTACK'
[05:22:42] [spechunter] [Grep] pattern='PMPCFG|pmpcfg.*csr|CSR_PMPCFG'
[05:22:42] [spechunter] [Grep] pattern='bcfi_enabled'
[05:22:42] [spechunter] [Grep] pattern='bcfi_enabled'
[05:22:42] [spechunter] [Grep] pattern='bcfi_enabled|zicfiss'
[05:22:42] [spechunter] [Grep] pattern='bcfi_enabled'
[05:22:42] [spechunter] [Read] /home/yzs/riscv/qemu/target/riscv/cpu_bits.h
[05:22:42] [spechunter] [Read] /home/yzs/riscv/qemu/target/riscv/pmp.c
[05:22:48] [spechunter] [Grep] pattern='get_user_page_vma_remote'
[05:22:48] [spechunter] [Grep] pattern='PAGE_SHADOWSTACK|pte_mkwrite_shstk|pte_shadowstack'
[05:22:48] [spechunter] [Grep] pattern='mem_rw'
[05:22:48] [spechunter] [Grep] pattern='save_user_shstk|restore_user_shstk|ssamoswap|amo_user_shstk'
[05:22:48] [spechunter] [Glob] arch/riscv/mm/fault.c
[05:22:49] [spechunter] [Read] /home/yzs/riscv/linux/arch/riscv/kernel/signal.c
[05:22:49] [spechunter] [Read] /home/yzs/riscv/linux/arch/riscv/kernel/usercfi.c
[05:22:49] [spechunter] [Grep] pattern='sigaltstack|altstack|SS_AUTODISARM|SS_ONSTACK|sas_ss_flags'
[05:22:51] [spechunter] [Read] /home/yzs/riscv/freebsd-src/sys/riscv/vmm/vmm_riscv.c
[05:22:51] [spechunter] [Read] /home/yzs/riscv/freebsd-src/sys/riscv/include/encoding.h
[05:22:51] [spechunter] [Read] /home/yzs/riscv/freebsd-src/sys/riscv/riscv/pmap.c
[05:22:52] [spechunter] [TodoWrite] 6 items
[05:22:52] [spechunter] [Read] /home/yzs/riscv/qemu/target/riscv/cpu_helper.c
[05:22:52] [spechunter] [Read] /home/yzs/riscv/qemu/target/riscv/gdbstub.c
[05:22:55] [spechunter] [Grep] pattern='pmpcfg|pmp_hart_has_privs|mseccfg|menvcfg'
[05:22:55] [spechunter] [Grep] pattern='sspush|sspopchk|ssamoswap|zicfiss'
[05:22:55] [spechunter] [Grep] pattern='sspush|sspopchk|ssamoswap'
[05:22:55] [spechunter] [Grep] pattern='ssamoswap'
[05:22:55] [spechunter] [Grep] pattern='zicfilp|zicfiss'
[05:22:55] [spechunter] [Read] /home/yzs/riscv/qemu/target/riscv/csr.c
[05:22:56] [spechunter] [Read] /home/yzs/riscv/linux/arch/riscv/mm/init.c
[05:22:56] [spechunter] [Read] /home/yzs/riscv/linux/arch/riscv/kernel/traps.c
[05:22:56] [spechunter] [Grep] pattern='vm_flags.*SHADOW_STACK|SHADOW_STACK.*vm_flags|VM_SHADOW_STACK'
[05:22:56] [spechunter] [Grep] pattern='access_error'
[05:22:59] [spechunter] [text] Findings written to `semantic_finding_mseccfg_msse_smcfiss.json` with 23 locations across 7 files.  **Key finding:** Ope...
[05:23:05] [spechunter] [text] Now let me check for the MENVCFG_SSE definitions and any existing E-field (extended attributes) handling in the PMP code...
[05:23:05] [spechunter] [Grep] pattern='MENVCFG_SSE|SENVCFG_SSE|HENVCFG_SSE|MENVCFG_STCE|MENVCFG_FIOM|MENVCFG_CBIE'
[05:23:05] [spechunter] [Grep] pattern='CSR_MSECCFG|CSR_PMPCFG|mseccfg|MSECCFG_SSEED|MSECCFG_USEED'
[05:23:05] [spechunter] [Grep] pattern='have_mseccfg'
[05:23:05] [spechunter] [Grep] pattern='write_menvcfg|read_menvcfg|write_menvcfgh|read_menvcfgh'
[05:23:05] [spechunter] [Read] /home/yzs/riscv/linux/include/linux/sched/signal.h
[05:23:05] [spechunter] [Grep] pattern='sigsp|on_sig_stack'
[05:23:05] [spechunter] [Grep] pattern='VM_SHADOW_STACK'
[05:23:05] [spechunter] [Grep] pattern='VM_SHADOW_STACK'
[05:23:06] [spechunter] [Grep] pattern='sspush|sspopchk|ssamoswap|ssrdp'
[05:23:06] [spechunter] [Grep] pattern='BCFI_ENABLED'
[05:23:06] [spechunter] [Grep] pattern='riscv_env_shadow_stack_enabled'
[05:23:06] [spechunter] [Grep] pattern='SSE'
[05:23:06] [spechunter] [Grep] pattern='satp|vsatp|hgatp'
[05:23:06] [spechunter] [Grep] pattern='satp|vsatp|hgatp'
[05:23:06] [spechunter] [Grep] pattern='satp|vsatp|hgatp'
[05:23:06] [spechunter] [Grep] pattern='mseccfg|MSSE|RLB'
[05:23:06] [spechunter] [Grep] pattern='pmpcfg|pmp_set|pmp_get'
[05:23:06] [spechunter] [text] Now let me dig deeper into the RISC-V register definitions, pmap satp mode handling, and trap/context-switch code.  
[05:23:06] [spechunter] [Grep] pattern='SATP_MODE|SATP_PPN|satp_mode|SATP_MODE_BARE'
[05:23:06] [spechunter] [Grep] pattern='henvcfg|menvcfg|HENVCFG|MENVCFG|SENVCFG'
[05:23:06] [spechunter] [Grep] pattern='pm_satp|pmap_satp|pmap_activate'
[05:23:06] [spechunter] [Glob] sys/riscv/riscv/riscvreg.h
[05:23:09] [spechunter] [Read] /home/yzs/riscv/linux/fs/proc/base.c
[05:23:09] [spechunter] [Grep] pattern='get_user_page_vma_remote'
[05:23:09] [spechunter] [Read] /home/yzs/riscv/linux/arch/riscv/kernel/usercfi.c
[05:23:09] [spechunter] [Grep] pattern='shstk|shadow_stack|SHADOW_STACK|shadowstack'
[05:23:09] [spechunter] [Grep] pattern='FOLL_WRITE|VM_SHADOW_STACK|shadow_stack'
[05:23:10] [spechunter] [Glob] **/riscvreg.h
[05:23:13] [spechunter] [Grep] pattern='MSECCFG_SSEED|MSECCFG_USEED'
[05:23:13] [spechunter] [Grep] pattern='CSR_MSECCFG|MSECCFG_|mseccfg'
[05:23:13] [spechunter] [Grep] pattern='mseccfg_csr|pmpcfg_csr'
[05:23:17] [spechunter] [Grep] pattern='BCFI_ENABLED'
[05:23:17] [spechunter] [Grep] pattern='riscv_env.*shadow|shadow_stack_enabled|SSE|shadow_stack'
[05:23:17] [spechunter] [Grep] pattern='shadow.stack|xSSE|is_shadow_stack|PMP_SS'
[05:23:17] [spechunter] [Read] /home/yzs/riscv/qemu/target/riscv/cpu_helper.c
[05:23:21] [spechunter] [text] Let me get detailed context on the key locations
[05:23:21] [spechunter] [Read] /home/yzs/riscv/freebsd-src/sys/riscv/include/encoding.h
[05:23:21] [spechunter] [Read] /home/yzs/riscv/freebsd-src/sys/riscv/riscv/pmap.c
[05:23:21] [spechunter] [Read] /home/yzs/riscv/freebsd-src/sys/riscv/riscv/pmap.c
[05:23:21] [spechunter] [Read] /home/yzs/riscv/freebsd-src/sys/riscv/riscv/pmap.c
[05:23:21] [spechunter] [Read] /home/yzs/riscv/freebsd-src/sys/riscv/riscv/locore.S
[05:23:21] [spechunter] [Read] /home/yzs/riscv/freebsd-src/sys/riscv/riscv/locore.S
[05:23:21] [spechunter] [Read] /home/yzs/riscv/freebsd-src/sys/riscv/vmm/vmm_riscv.c
[05:23:21] [spechunter] [Read] /home/yzs/riscv/freebsd-src/sys/riscv/vmm/vmm_riscv.c
[05:23:21] [spechunter] [text] Let me also check the KVM path and the `pmp` predicate function that controls access to pmpcfg CSRs
[05:23:21] [spechunter] [Grep] pattern='static RISCVException pmp\\b'
[05:23:21] [spechunter] [Grep] pattern='pmp|mseccfg'
[05:23:21] [spechunter] [Grep] pattern='mseccfg|pmpcfg'
[05:23:22] [spechunter] [Grep] pattern='ssamoswap'
[05:23:22] [spechunter] [Grep] pattern='shadow.stack|SSE|MMU_IDX_SS'
[05:23:25] [spechunter] [Read] /home/yzs/riscv/linux/include/linux/sched/signal.h
[05:23:25] [spechunter] [Grep] pattern='sigaltstack_size_valid'
[05:23:25] [spechunter] [Grep] pattern='sigaltstack_size_valid'
[05:23:25] [spechunter] [Grep] pattern='SS_AUTODISARM|SS_ONSTACK|SS_DISABLE'
[05:23:29] [spechunter] [Read] /home/yzs/riscv/freebsd-src/sys/riscv/include/riscvreg.h
[05:23:29] [spechunter] [Read] /home/yzs/riscv/freebsd-src/sys/riscv/riscv/pmap.c
[05:23:34] [spechunter] [Grep] pattern='PMP_E|pmp.*extend|extend.*pmp|shadow_stack.*pmp|pmp.*shadow|smcfiss|smucfiss|sspmpss'
[05:23:34] [spechunter] [Grep] pattern='MSECCFG_MSSE|MSSE'
[05:23:34] [spechunter] [Grep] pattern='smcfiss|smucfiss|sspmpss|smpmpind'
[05:23:35] [spechunter] [Grep] pattern='mseccfg|pmpcfg|pmpaddr'
[05:23:35] [spechunter] [Grep] pattern='riscv_csrrw_debug'
[05:23:36] [spechunter] [Read] /home/yzs/riscv/linux/mm/gup.c
[05:23:36] [spechunter] [Grep] pattern='can_follow_write_pte'
[05:23:36] [spechunter] [Grep] pattern='pte_access_permitted|pmd_access_permitted'
[05:23:36] [spechunter] [Read] /home/yzs/riscv/linux/arch/riscv/mm/fault.c
[05:23:36] [spechunter] [Grep] pattern='VM_SHADOW_STACK'
[05:23:36] [spechunter] [Grep] pattern='pte_mkwrite_shstk|shstk|shadow_stack|shadowstack'
[05:23:36] [spechunter] [Grep] pattern='shadow.stack|SHADOW_STACK|is_shstk'
[05:23:36] [spechunter] [Grep] pattern='shadow.stack|SHADOW_STACK'
[05:23:36] [spechunter] [Read] /home/yzs/riscv/linux/arch/riscv/kernel/usercfi.c
[05:23:40] [spechunter] [Grep] pattern='csr_read\\(pmpcfg|csr_write\\(pmpcfg|csr_setbits\\(pmpcfg'
[05:23:40] [spechunter] [Grep] pattern='henvcfg'
[05:23:40] [spechunter] [Grep] pattern='spmp'
[05:23:40] [spechunter] [Grep] pattern='csr_write\\(satp|csr_read\\(satp'
[05:23:40] [spechunter] [Grep] pattern='pmap_satp_mode|SATP_MODE'
[05:23:40] [spechunter] [Read] /home/yzs/riscv/freebsd-src/sys/riscv/include/encoding.h
[05:23:42] [spechunter] [Grep] pattern='riscv_csrrw_debug'
[05:23:42] [spechunter] [Grep] pattern='kvm_riscv_reg|KVM_REG_RISCV'
[05:23:42] [spechunter] [Grep] pattern='PMP_MTMATCH'
[05:23:45] [spechunter] [Grep] pattern='VM_SHADOW_STACK|shadow.stack'
[05:23:45] [spechunter] [Grep] pattern='VM_SHADOW_STACK|shadow_stack|shstk|PAGE_SHADOWSTACK'
[05:23:45] [spechunter] [Grep] pattern='VM_SHADOW_STACK|shadow_stack|shstk|PAGE_SHADOWSTACK'
[05:23:47] [spechunter] [Grep] pattern='MSECCFG|PMP|pmp'
[05:23:47] [spechunter] [Read] /home/yzs/riscv/qemu/target/riscv/cpu_helper.c
[05:23:47] [spechunter] [Grep] pattern='SYSCALL_DEFINE.*sigaltstack'
[05:23:47] [spechunter] [Read] /home/yzs/riscv/linux/kernel/signal.c
[05:23:47] [spechunter] [Grep] pattern='VM_SHADOW_STACK|shadow_stack|sas_ss'
[05:23:54] [spechunter] [Grep] pattern='get_user_page_vma_remote'
[05:23:54] [spechunter] [Grep] pattern='get_user_page_vma_remote'
[05:23:54] [spechunter] [Grep] pattern='pte_access_permitted|pte_write|_PAGE_WRITE|_PAGE_LEAF'
[05:23:58] [spechunter] [Grep] pattern='satp|SATP_MODE|pm_satp|SATP_MODE_BARE|SATP_MODE_SV'
[05:23:58] [spechunter] [Grep] pattern='csr_write|csr_read|csr_set|csr_clear|csr_swap'
[05:23:58] [spechunter] [Grep] pattern='csr_write|csr_read|satp|sscratch'
[05:23:59] [spechunter] [text] Now let me check for CSR address definitions for the missing entities
[05:23:59] [spechunter] [Grep] pattern='CSR_MENVCFG|CSR_MSECCFG|CSR_SPMP|CSR_VSATP|CSR_HGATP|CSR_HENVCFG'
[05:23:59] [spechunter] [Grep] pattern='vsatp|hgatp|henvcfg'
[05:23:59] [spechunter] [Read] /home/yzs/riscv/freebsd-src/sys/riscv/include/encoding.h
[05:24:01] [spechunter] [Grep] pattern='VM_SHADOW_STACK|is_shadow_stack'
[05:24:01] [spechunter] [Grep] pattern='VM_SHADOW_STACK|is_shadow_stack'
[05:24:03] [spechunter] [Grep] pattern='pte_mkwrite\\b'
[05:24:03] [spechunter] [Grep] pattern='_PAGE_WRITE|_PAGE_LEAF|_PAGE_READ|_PAGE_USER|SHADOWSTACK'
[05:24:03] [spechunter] [Grep] pattern='set_page_dirty_lock|folio_mark_dirty_lock'
[05:24:07] [spechunter] [Grep] pattern='VM_SHADOW_STACK'
[05:24:07] [spechunter] [Grep] pattern='VM_SHADOW_STACK|sigframe|get_sigframe'
[05:24:07] [spechunter] [Glob] **/asm/ucontext.h
[05:24:09] [spechunter] [TodoWrite] 7 items
[05:24:13] [spechunter] [Grep] pattern='CSR_VSATP|CSR_HGATP|CSR_HENVCFG|CSR_MENVCFG|CSR_MSECCFG'
[05:24:13] [spechunter] [Grep] pattern='DECLARE_CSR\\(vsatp|DECLARE_CSR\\(hgatp|DECLARE_CSR\\(henvcfg'
[05:24:13] [spechunter] [Grep] pattern='vsatp|hgatp|henvcfg'
[05:24:14] [spechunter] [Grep] pattern='wp_page_copy|wp_page_shared|wp_pfn_shared|writable_migration_entry'
[05:24:14] [spechunter] [Grep] pattern='do_wp_page'
[05:24:16] [spechunter] [text] Let me now look at the vmm code more comprehensively, the trap handling, and existing audit files for format reference. ...
[05:24:16] [spechunter] [Grep] pattern='csr_write|csr_read|csr_swap|henvcfg|menvcfg|satp|vsatp|hgatp'
[05:24:16] [spechunter] [Read] /home/yzs/riscv/freebsd-src/sys/riscv/riscv/trap.c
[05:24:16] [spechunter] [Read] /home/yzs/riscv/freebsd-src/sys/riscv/riscv/swtch.S
[05:24:16] [spechunter] [Read] /home/yzs/riscv/linux/arch/riscv/include/uapi/asm/ucontext.h
[05:24:16] [spechunter] [Grep] pattern='VM_SHADOW_STACK|shadow_stack|get_sigframe|sigframe'
[05:24:16] [spechunter] [Read] /home/yzs/riscv/linux/arch/x86/kernel/signal.c
[05:24:22] [spechunter] [Read] /home/yzs/riscv/linux/mm/memory.c
[05:24:22] [spechunter] [Grep] pattern='shadow.stack|is_shstk|pte_shstk'
[05:24:26] [spechunter] [text] ```json {   "locations": [     {       "file_path": "target/riscv/pmp.c",       "function_name": "pmp_hart_has_privs",  ...
[05:24:26] [spechunter] [Grep] pattern='CSR_VSATP|CSR_HGATP|CSR_HENVCFG|CSR_SATP'
[05:24:26] [spechunter] [Grep] pattern='#define CSR_VSATP|#define CSR_HGATP|#define CSR_HENVCFG|#define CSR_SATP'
[05:24:26] [spechunter] [Grep] pattern='CSR_VSATP|CSR_HGATP|CSR_HENVCFG|CSR_SATP'
[05:24:27] [spechunter] [text] Now let me look at `pmap_activate`, `exception.S`, the vmm header, and the locore.S for satp initialization.  
[05:24:27] [spechunter] [Grep] pattern='pmap_activate|pmap_satp'
[05:24:27] [spechunter] [Read] /home/yzs/riscv/freebsd-src/sys/riscv/vmm/riscv.h
[05:24:27] [spechunter] [Read] /home/yzs/riscv/freebsd-src/sys/riscv/riscv/exception.S
[05:24:32] [spechunter] [Grep] pattern='CSR_VSATP|CSR_HGATP|CSR_HENVCFG'
[05:24:32] [spechunter] [Grep] pattern='0x280|0x680|0x60a'
[05:24:32] [spechunter] [Read] /home/yzs/riscv/freebsd-src/sys/riscv/include/encoding.h
[05:24:32] [spechunter] [Read] /home/yzs/riscv/linux/arch/x86/kernel/signal.c
[05:24:32] [spechunter] [Grep] pattern='VM_SHADOW_STACK|SS_AUTODISARM|__on_sig_stack'
[05:24:32] [spechunter] [Grep] pattern='__sc_riscv_cfi_state'
[05:24:32] [spechunter] [Grep] pattern='struct __sc_riscv_cfi_state'
[05:24:33] [spechunter] [Read] /home/yzs/riscv/XiangShan/smpmpind_sspmpss_smcfiss_findings.json
[05:24:33] [spechunter] [Read] /home/yzs/riscv/XiangShan/src/main/scala/xiangshan/backend/fu/NewCSR/NewCSR.scala
[05:24:33] [spechunter] [Grep] pattern='MEnvCfg|envcfg.*SSE|SSE.*WARL|SSE.*RW|SSE.*RO'
[05:24:33] [spechunter] [Grep] pattern='SEnvCfg|senvcfg|Senvcfg'
[05:24:34] [spechunter] [Read] /home/yzs/riscv/freebsd-src/sys/riscv/riscv/pmap.c
[05:24:34] [spechunter] [Read] /home/yzs/riscv/freebsd-src/sys/riscv/riscv/locore.S
[05:24:34] [spechunter] [Glob] sys/riscv/vmm/vmm_switch*.S
[05:24:41] [spechunter] [Read] /home/yzs/riscv/linux/arch/riscv/include/uapi/asm/ptrace.h
[05:24:41] [spechunter] [Grep] pattern='VM_SHADOW_STACK'
[05:24:41] [spechunter] [Grep] pattern='VM_SHADOW_STACK'
[05:24:42] [spechunter] [Read] /home/yzs/riscv/linux/mm/memory.c
[05:24:42] [spechunter] [Grep] pattern='pte_protnone|pte_present.*pte_write'
[05:24:49] [spechunter] [Grep] pattern='vsatp|hgatp|henvcfg'
[05:24:49] [spechunter] [Grep] pattern='CSR_VSATP|CSR_HGATP|CSR_HENVCFG|CSR_SENVCFG|CSR_MENVCFG'
[05:24:49] [spechunter] [Read] /home/yzs/riscv/freebsd-src/sys/riscv/include/encoding.h
[05:24:49] [spechunter] [Read] /home/yzs/riscv/linux/arch/riscv/kernel/traps.c
[05:24:49] [spechunter] [Grep] pattern='shadow.stack|shstk'
[05:24:55] [spechunter] [Grep] pattern='#define CSR_VSATP|#define CSR_HGATP|#define CSR_HENVCFG|DECLARE_CSR\\(vsatp|DECLARE_CSR\\(hgatp|DECLARE_CSR\\(henvcfg'
[05:24:59] [spechunter] [Grep] pattern='SHADOW_STACK|shadow_stack|shstk'
[05:24:59] [spechunter] [Grep] pattern='SHADOW_STACK|shadow_stack|shstk'
[05:24:59] [spechunter] [Grep] pattern='sigaltstack|VM_SHADOW_STACK|sas_ss'
[05:24:59] [spechunter] [Grep] pattern='proc_mem_foll_force'
[05:24:59] [spechunter] [Grep] pattern='VM_SHADOW_STACK|VM_WRITE'
[05:24:59] [spechunter] [Grep] pattern='is_cow_mapping'
[05:25:03] [spechunter] [Grep] pattern='pmap_mode|PMAP_MODE_SV39|PMAP_MODE_SV48'
[05:25:03] [spechunter] [Grep] pattern='csr_write|csr_read|csr_setbits|csr_clear'
[05:25:03] [spechunter] [Grep] pattern='vsatp|hgatp|henvcfg'
[05:25:05] [spechunter] [Grep] pattern='setup_signal_shadow_stack|restore_signal_shadow_stack'
[05:25:05] [spechunter] [Grep] pattern='VM_SHADOW_STACK'
[05:25:05] [spechunter] [Read] /home/yzs/riscv/freebsd-src/sys/riscv/vmm/vmm_switch.S
[05:25:05] [spechunter] [Read] /home/yzs/riscv/freebsd-src/sys/riscv/riscv/locore.S
[05:25:05] [spechunter] [Grep] pattern='senvcfg|scounteren'
[05:25:07] [spechunter] [text] Now I have comprehensive findings. Let me compile the final report
[05:25:07] [spechunter] [TodoWrite] 8 items
[05:25:08] [spechunter] [Grep] pattern='pte_access_permitted'
[05:25:08] [spechunter] [Grep] pattern='_PAGE_READ|_PAGE_WRITE'
[05:25:08] [spechunter] [text] Let me check how vsatp/hgatp/henvcfg are declared (they must be inline asm macros somewhere in the VMM code or a separat...
[05:25:08] [spechunter] [Grep] pattern='#define vsatp|#define hgatp|#define henvcfg|vsatp.*0x|hgatp.*0x|henvcfg.*0x'
[05:25:08] [spechunter] [Read] /home/yzs/riscv/freebsd-src/sys/riscv/vmm/riscv.h
[05:25:09] [spechunter] [Read] /home/yzs/riscv/linux/mm/gup.c
[05:25:09] [spechunter] [Read] /home/yzs/riscv/linux/mm/mmap.c
[05:25:15] [spechunter] [text] Prompt is too long
[05:25:23] [spechunter] [Grep] pattern='pte_access_permitted'
[05:25:23] [spechunter] [Grep] pattern='pte_access_permitted'
[05:25:26] [spechunter] [Grep] pattern='#define\\s+csr_write|#define\\s+csr_read|csr_write|csr_read'
[05:25:26] [spechunter] [Grep] pattern='define\\s+vsatp|define\\s+hgatp|define\\s+henvcfg'
[05:25:30] [spechunter] [Grep] pattern='VM_SHADOW_STACK|_PAGE_.*SHADOW|_PAGE_.*SHSTK'
[05:25:30] [spechunter] [Grep] pattern='VM_SHADOW_STACK|_PAGE_'
[05:25:34] [spechunter] [Read] /home/yzs/riscv/linux/mm/memory.c
[05:25:34] [spechunter] [Grep] pattern='VM_SHADOW_STACK|is_shadow_stack|pte_mkwrite_shstk'
[05:25:34] [spechunter] [Grep] pattern='is_shadow_stack_vma|vma_is_shadow_stack'
[05:25:44] [spechunter] [Grep] pattern='vsatp|hgatp|henvcfg'
[05:25:44] [spechunter] [Read] /home/yzs/riscv/freebsd-src/sys/riscv/include/riscvreg.h
[05:25:44] [spechunter] [Read] /home/yzs/riscv/freebsd-src/sys/riscv/vmm/vmm_riscv.c
[05:26:00] [spechunter] [text] I cross-validated all 23 fast-path locations against the PR context (draft specs for Smpmpind, Smcfiss, Smucfiss, Sspmps...
[05:26:11] [spechunter] [Read] /home/yzs/riscv/linux/arch/riscv/include/asm/pgtable.h
[05:26:11] [spechunter] [Grep] pattern='do_sigaltstack|VM_SHADOW_STACK|shadow_stack|sas_ss_sp'
[05:26:11] [spechunter] [Read] /home/yzs/riscv/linux/kernel/signal.c
[05:26:22] [spechunter] [text] Now I have all the results needed. Let me compile the final JSON output.  ```json {   "locations": [     {       "file_p...
[05:26:24] [spechunter] [Grep] pattern='_PAGE_WRITE|_PAGE_READ|_PAGE_EXEC|_PAGE_LEAF|_PAGE_.*NS'
[05:26:24] [spechunter] [Grep] pattern='zicfiss|shadow_stack|SHADOW_STACK'
[05:26:24] [spechunter] [Grep] pattern='VM_SHADOW_STACK|shadow_stack'
[05:26:28] [spechunter] [Grep] pattern='MSECCFG|mseccfg|MSSE|RLB|ZICFISS|zicfiss|shadow.stack|sspush|sspopchk'
[05:26:28] [spechunter] [Grep] pattern='CSR_MSECCFG'
[05:26:28] [spechunter] [Grep] pattern='pmp_set|pmp_write|pmpcfg|CSR_PMPCFG|CSR_PMPADDR'
[05:26:45] [spechunter] [text] Let me examine the key source files related to mseccfg and shadow stack handling
[05:26:45] [spechunter] [Read] /home/yzs/riscv/opensbi/lib/sbi/sbi_hart.c
[05:26:45] [spechunter] [Read] /home/yzs/riscv/opensbi/include/sbi/riscv_encoding.h
[05:26:45] [spechunter] [Grep] pattern='MSECCFG'
[05:26:49] [spechunter] [Grep] pattern='SHADOW_STACK|shadow_stack|zicfiss'
[05:26:49] [spechunter] [Grep] pattern='VM_SHADOW_STACK|pte_mkwrite_shstk|pte_mkwrite'
[05:26:49] [spechunter] [Grep] pattern='VM_SHADOW_STACK|pte_mkwrite'
[05:26:52] [spechunter] [text] Now let me look at the specific Zicfiss/shadow stack handling and mseccfg MSSE-related code, as well as the spec referen...
[05:26:52] [spechunter] [Grep] pattern='MSSE|ZICFISS|zicfiss|shadow.stack|sspush|sspopchk|CFI'
[05:26:52] [spechunter] [Glob] **/*mseccfg*
[05:26:59] [spechunter] [Grep] pattern='VM_SHADOW_STACK|shadow.stack'
[05:26:59] [spechunter] [Read] /home/yzs/riscv/linux/arch/riscv/include/asm/csr.h
[05:26:59] [spechunter] [Grep] pattern='ENVCFG_SSE|CSR_SSP|ENVCFG_LPE'
[05:27:02] [spechunter] [Read] /home/yzs/riscv/opensbi/lib/sbi/sbi_hart_pmp.c
[05:27:02] [spechunter] [Glob] **/*.adoc
[05:27:19] [spechunter] [Read] /home/yzs/riscv/rv-isa-sec/spec_ref/riscv-isa-manual/src/priv/cfi.adoc
[05:27:19] [spechunter] [Grep] pattern='MSSE|RLB|Smcfiss|mseccfg.*shadow|shadow.*mseccfg'
[05:27:24] [spechunter] [text] Based on the PR context (Smpmpind, Smcfiss, Smucfiss, Sspmpss — PMP-based shadow-stack enforcement and M/U-mode CFI), he...
[05:27:26] [spechunter] [text] Now let me compile the comprehensive findings into the JSON report
[05:27:26] [spechunter] [Write] /home/yzs/riscv/XiangShan/smpmpind_sspmpss_smcfiss_detailed_findings.json
[05:27:27] [spechunter] [Grep] pattern='MSSE'
[05:27:27] [spechunter] [Grep] pattern='mseccfg|MSECCFG'
[05:27:27] [spechunter] [Read] /home/yzs/riscv/rv-isa-sec/spec_ref/riscv-isa-manual/src/priv/machine.adoc
[05:27:33] [spechunter] [text] Let me look for the Smcfiss spec and Zicfiss mseccfg MSSE field definitions.  
[05:27:33] [spechunter] [Glob] **/*cfiss*
[05:27:33] [spechunter] [Grep] pattern='Smcfiss|smcfiss'
[05:27:33] [spechunter] [Grep] pattern='sbi_hart_protection_configure'
[05:27:41] [spechunter] [text] I need to analyze the PMP implementation for shadow-stack compliance. Let me start by reading the key source files and s...
[05:27:41] [spechunter] [Read] /home/yzs/riscv/qemu/target/riscv/pmp.c
[05:27:41] [spechunter] [Read] /home/yzs/riscv/qemu/target/riscv/pmp.h
[05:27:41] [spechunter] [Bash] List spec reference directories
[05:27:42] [spechunter] [text] Prompt is too long
[05:27:48] [spechunter] [Grep] pattern='VM_SHADOW_STACK.*VM_WRITE|force_write|check_vma_flags'
[05:27:48] [spechunter] [Read] /home/yzs/riscv/linux/mm/gup.c
[05:28:02] [spechunter] [Read] /home/yzs/riscv/linux/arch/riscv/kernel/sys_riscv.c
[05:28:02] [spechunter] [Read] /home/yzs/riscv/linux/arch/riscv/include/asm/pgtable-bits.h
[05:28:05] [spechunter] [Grep] pattern='__enable_user_access|__disable_user_access|__put_user|__copy_to_user'
[05:28:05] [spechunter] [Grep] pattern='ENVCFG_SSE|envcfg.*SSE'
[05:28:07] [spechunter] [text] ## Analysis  The PR drafts specifications for four extensions:  | Extension | Domain | |-----------|--------| | **Smpmpi...
[05:28:11] [spechunter] [text] Let me first read the key source files to understand the current implementation and validate the provided locations agai...
[05:28:11] [spechunter] [Read] /home/yzs/riscv/XiangShan/src/main/scala/xiangshan/backend/decode/isa/CSRs.scala
[05:28:11] [spechunter] [Read] /home/yzs/riscv/XiangShan/src/main/scala/xiangshan/backend/fu/NewCSR/CSRPMP.scala
[05:28:11] [spechunter] [Read] /home/yzs/riscv/XiangShan/src/main/scala/xiangshan/backend/fu/NewCSR/PMPEntryModule.scala
[05:28:25] [spechunter] [text] Let me now look at the spec documents for the shadow-stack extensions and check related code
[05:28:25] [spechunter] [Bash] List spec reference files
[05:28:25] [spechunter] [Grep] pattern='Smcfiss|Smucfiss|shadow.stack|shadow_stack|cfiss'
[05:28:25] [spechunter] [Grep] pattern='Sspmpss|Smpmpind|SPMP|spmp'
[05:28:28] [spechunter] [Read] /home/yzs/riscv/XiangShan/src/main/scala/xiangshan/backend/fu/PMP.scala
[05:28:28] [spechunter] [Read] /home/yzs/riscv/XiangShan/src/main/scala/xiangshan/backend/fu/NewCSR/MachineLevel.scala
[05:28:28] [spechunter] [Read] /home/yzs/riscv/XiangShan/src/main/scala/xiangshan/backend/fu/NewCSR/CSRBundles.scala
[05:28:29] [spechunter] [text] I'll start by locating the relevant source files mentioned in the security spec and understanding the Sspmpss-related co...
[05:28:29] [spechunter] [Grep] pattern='vsatp.*Bare|vsatp.*MODE'
[05:28:29] [spechunter] [Glob] **/vmm_riscv.c
[05:28:29] [spechunter] [Grep] pattern='spmp|SPMP|menvcfg|SSE|sspmpss'
[05:28:29] [spechunter] [Grep] pattern='vmmops_vcpu_restore_csrs'
[05:28:30] [spechunter] [Read] /home/yzs/riscv/rv-isa-sec/spec_ref/riscv-isa-manual/src/priv/cfi.adoc
[05:28:30] [spechunter] [Read] /home/yzs/riscv/rv-isa-sec/spec_ref/riscv-isa-manual/normative_rule_defs/priv-cfi.yaml
[05:28:33] [spechunter] [Read] /home/yzs/riscv/freebsd-src/sys/riscv/vmm/vmm_riscv.c
[05:28:35] [spechunter] [Read] /home/yzs/riscv/XiangShan/src/main/scala/xiangshan/backend/fu/PMP.scala
[05:28:35] [spechunter] [Read] /home/yzs/riscv/XiangShan/src/main/scala/xiangshan/backend/fu/NewCSR/CSRPermitModule.scala
[05:28:35] [spechunter] [Read] /home/yzs/riscv/XiangShan/src/main/scala/xiangshan/cache/mmu/TLB.scala
[05:28:35] [spechunter] [Read] /home/yzs/riscv/XiangShan/src/main/scala/xiangshan/Bundle.scala
[05:28:37] [spechunter] [text] Now let me search for the Smcfiss/Smucfiss and Sspmpss spec definitions for shadow stack PMP behavior, and also check th...
[05:28:37] [spechunter] [Grep] pattern='Smcfiss|Smucfiss|Smpmpind|Sspmpss|shadow.stack.*PMP|pmp.*shadow.stack|E=1.*XWR|extended.attributes'
[05:28:37] [spechunter] [Grep] pattern='ext_smcfiss|ext_smucfiss|ext_smpmpind|ext_sspmpss|SMPMPIND|SMCFISS|SMUCIFSS|SSPMPSS|spmp'
[05:28:45] [spechunter] [Read] /home/yzs/riscv/opensbi/lib/sbi/sbi_init.c
[05:28:45] [spechunter] [Read] /home/yzs/riscv/opensbi/lib/sbi/sbi_fwft.c
[05:28:49] [spechunter] [text] Let me search for more context - SPMP handling, menvcfg, SSE bits, and the spec references
[05:28:49] [spechunter] [Grep] pattern='menvcfg|SSE|spmpcfg|spmpaddr'
[05:28:49] [spechunter] [Grep] pattern='vsatp'
[05:28:49] [spechunter] [Glob] **/spec_ref/**/*spmp*
[05:28:49] [spechunter] [Glob] **/spec_ref/**/*sspmp*
[05:28:58] [spechunter] [Read] /home/yzs/riscv/XiangShan/src/main/scala/xiangshan/backend/fu/NewCSR/MachineLevel.scala
[05:28:58] [spechunter] [Read] /home/yzs/riscv/XiangShan/src/main/scala/xiangshan/backend/fu/NewCSR/CSRIND.scala
[05:28:58] [spechunter] [Read] /home/yzs/riscv/XiangShan/src/main/scala/xiangshan/backend/fu/NewCSR/CSRIND.scala
[05:28:58] [spechunter] [Grep] pattern='Smcfiss|Smucfiss|Smpmpind|Sspmpss|extended.attribute|E bit|pmpcfg.*E|XWR=010|XWR=110|shadow.stack.*region|shadow.stack.*encoding'
[05:28:58] [spechunter] [Grep] pattern='Smcfiss|Smucfiss|Smpmpind|Sspmpss|shadow.stack|cfiss|spmp|SPMP'
[05:29:03] [spechunter] [Read] /home/yzs/riscv/linux/arch/riscv/include/asm/pgtable-bits.h
[05:29:03] [spechunter] [Read] /home/yzs/riscv/linux/arch/riscv/include/asm/pgtable.h
[05:29:03] [spechunter] [Grep] pattern='pmd_mkwrite_shstk'
[05:29:05] [spechunter] [Glob] **/spec_ref/**/*.adoc
[05:29:05] [spechunter] [Read] /home/yzs/riscv/freebsd-src/sys/riscv/vmm/riscv.h
[05:29:05] [spechunter] [Grep] pattern='henvcfg|HENVCFG'
[05:29:07] [spechunter] [Grep] pattern='Smcfiss|Smucfiss|Smpmpind|Sspmpss'
[05:29:07] [spechunter] [Grep] pattern='cfiss|Smpmp|Sspmp|Smpmpind|Smcfiss'
[05:29:07] [spechunter] [Grep] pattern='ext_smcfiss|ext_smucfiss|ext_smpmpind|ext_sspmpss|SMPMPIND|SMCFISS|SMUCIFSS|SSPMPSS'
[05:29:14] [spechunter] [Grep] pattern='cfiss|spmp|smpmp|shadow'
[05:29:14] [spechunter] [Grep] pattern='zicfiss|cfi|shadow.stack|ssp|SSE|LPE'
[05:29:15] [spechunter] [text] Let me look for SPMP-related spec files and understand what the code does for SPMP handling
[05:29:15] [spechunter] [Grep] pattern='spmp|SPMP|sspmp'
[05:29:15] [spechunter] [Grep] pattern='shadow.stack|SSE|sspmpss|Sspmpss'
[05:29:15] [spechunter] [Grep] pattern='spmp|SPMP|Sspmpss'
[05:29:32] [spechunter] [Bash] List spec_ref subdirectories
[05:29:32] [spechunter] [Grep] pattern='Sspmpss|spmp|SPMP|menvcfg.*SSE|SSE.*menvcfg'
[05:29:37] [spechunter] [Read] /home/yzs/riscv/rv-isa-sec/spec_ref/riscv-isa-manual/src/priv/machine.adoc
[05:29:37] [spechunter] [Read] /home/yzs/riscv/rv-isa-sec/spec_ref/riscv-isa-manual/src/priv/cfi.adoc
[05:29:42] [spechunter] [Read] /home/yzs/riscv/XiangShan/src/main/scala/xiangshan/backend/fu/PMP.scala
[05:29:42] [spechunter] [Read] /home/yzs/riscv/XiangShan/src/main/scala/xiangshan/backend/fu/NewCSR/NewCSR.scala
[05:29:42] [spechunter] [Read] /home/yzs/riscv/XiangShan/src/main/scala/xiangshan/backend/fu/NewCSR/NewCSR.scala
[05:29:42] [spechunter] [Grep] pattern='__save_altstack'
[05:29:42] [spechunter] [Grep] pattern='VM_SHADOW_STACK'
[05:29:42] [spechunter] [Grep] pattern='VM_SHADOW_STACK|shstk|shadow_stack'
[05:29:48] [spechunter] [Grep] pattern='SHADOW_STACK|shadow_stack|sstack|SSE|fwft_enable_sstack|fwft_get_sstack'
[05:29:48] [spechunter] [Grep] pattern='MSSE|bit 3|bit3'
[05:29:49] [spechunter] [Grep] pattern='PMP_MTMATCH|cfg_reg|allowed_privs.*=.*cfg_reg'
[05:29:49] [spechunter] [Grep] pattern='shadow|ssp|elf|SSE|LPE|cfi'
[05:29:50] [spechunter] [Grep] pattern='VM_SHADOW_STACK'
[05:29:50] [spechunter] [Grep] pattern='VM_SHADOW_STACK.*mprotect|mprotect.*VM_SHADOW_STACK'
[05:29:50] [spechunter] [Grep] pattern='VM_SHADOW_STACK'
[05:29:54] [spechunter] [Bash] Show recent commits
[05:29:54] [spechunter] [Bash] Show branches
[05:30:01] [spechunter] [text] Now let me check the hypervisor spec and the senvcfg definitions in the code.  
[05:30:01] [spechunter] [Read] /home/yzs/riscv/rv-isa-sec/spec_ref/riscv-isa-manual/src/priv/hypervisor.adoc
[05:30:01] [spechunter] [Grep] pattern='senvcfg|SENVCFG'
[05:30:01] [spechunter] [Read] /home/yzs/riscv/freebsd-src/sys/riscv/include/riscvreg.h
[05:30:27] [spechunter] [text] Let me check how shadow-stack instructions are translated and whether they interact with the PMP code  
[05:30:27] [spechunter] [Grep] pattern='sspush|sspopchk|ssamoswap'
[05:30:27] [spechunter] [Grep] pattern='pmp_hart_has_privs|MMU_DATA_STORE|MMU_DATA_LOAD|MMU_INST_FETCH|shadow|ssp'
[05:30:41] [spechunter] [Grep] pattern='shadow_stack|VM_WRITE|sas_ss|altstack'
[05:30:41] [spechunter] [Grep] pattern='ENVCFG_SSE|envcfg'
[05:30:41] [spechunter] [Read] /home/yzs/riscv/linux/arch/riscv/include/asm/csr.h
[05:30:43] [spechunter] [text] Let me check the existing audit files for format reference and look deeper at the vmm context switching.  
[05:30:43] [spechunter] [Read] /home/yzs/riscv/freebsd-src/henvcfg_adue_synchronization_audit.json
[05:30:43] [spechunter] [Grep] pattern='Sspmpss|sspmpss|SPMP|spmp'
[05:30:43] [spechunter] [Grep] pattern='vsatp.*Bare|satp.*Bare'
[05:30:49] [spechunter] [text] Let me check additional relevant code paths.  
[05:30:49] [spechunter] [Grep] pattern='mseccfg|MSECCFG|saved_mseccfg'
[05:30:49] [spechunter] [Grep] pattern='ENVCFG_SSE|ENVCFG_LPE'
[05:30:49] [spechunter] [Read] /home/yzs/riscv/opensbi/lib/sbi/sbi_fwft.c
[05:30:52] [spechunter] [text] Now let me examine the remaining fast-path locations to verify mem block and frontend instantiations.  
[05:30:52] [spechunter] [Read] /home/yzs/riscv/XiangShan/src/main/scala/xiangshan/mem/MemBlock.scala
[05:30:52] [spechunter] [Read] /home/yzs/riscv/XiangShan/src/main/scala/xiangshan/cache/mmu/L2TLB.scala
[05:30:52] [spechunter] [Read] /home/yzs/riscv/XiangShan/src/main/scala/xiangshan/frontend/Frontend.scala
[05:30:52] [spechunter] [Read] /home/yzs/riscv/XiangShan/src/main/scala/xiangshan/backend/fu/NewCSR/NewCSR.scala
[05:30:52] [spechunter] [Grep] pattern='EnvPMM'
[05:30:58] [spechunter] [text] Now let me check for any spec documents about the specific Smcfiss/Smucfiss/Smpmpind/Sspmpss extensions mentioned in the...
[05:30:58] [spechunter] [Bash] Search for extension names in all spec adoc files
[05:30:58] [spechunter] [Grep] pattern='SMCFISS|SMUCIFSS|SPMP|SMPMPIND|SSPMPSS|shadow_stack|E_BIT|pmpcfge|PMP_E'
[05:31:07] [spechunter] [Bash] Search for PMP shadow stack in spec adocs
[05:31:07] [spechunter] [Read] /home/yzs/riscv/qemu/target/riscv/insn_trans/trans_rvzicfiss.c.inc
[05:31:22] [spechunter] [text] Let me check for any extension-specific configuration parameters and the EnvPMM/SSE field definitions that might be rele...
[05:31:22] [spechunter] [Grep] pattern='Smpmpind|Smcfiss|Smucfiss|Sspmpss|Smnpm|Smmpm'
[05:31:22] [spechunter] [Grep] pattern='class EnvPMM|object EnvPMM'
[05:31:22] [spechunter] [Grep] pattern='ShadowStack|shadow.stack|Zicfiss|zicfiss|CFI'
[05:31:29] [spechunter] [Read] /home/yzs/riscv/XiangShan/src/main/scala/xiangshan/backend/fu/NewCSR/CSRAIA.scala
[05:31:29] [spechunter] [Grep] pattern='spmp|SPMP|Spmp|Sspmp'
[05:31:37] [spechunter] [text] Let me check the old PMP configuration path to see how PMP_L flags are handled.  
[05:31:37] [spechunter] [Grep] pattern='get_oldpmp_flags|get_smepmp_flags|PMP_L'
[05:31:37] [spechunter] [Grep] pattern='ENF_PERMISSIONS|PMP_L'
[05:31:37] [spechunter] [Grep] pattern='spmp|SPMP'
[05:31:37] [spechunter] [Grep] pattern='PMLEN7|PMLEN16|PMLEN|pointer.mask'
[05:31:38] [spechunter] [text] Let me check the MMU access types and how they map to PMP privs
[05:31:38] [spechunter] [Grep] pattern='MMU_DATA_STORE|MMU_DATA_LOAD|MMU_INST_FETCH|SS_MMU_INDEX'
[05:31:38] [spechunter] [Grep] pattern='MMU_DATA_STORE|MMU_DATA_LOAD|MMU_INST_FETCH|MMU_IDX_SS'
[05:31:47] [spechunter] [Grep] pattern='MMU_IDX_SS_WRITE|SS_MMU_INDEX'
[05:31:47] [spechunter] [Grep] pattern='get_physical_address_pmp'
[05:32:00] [spechunter] [text] Now let me look at additional context to understand the full picture of what's not implemented.  
[05:32:00] [spechunter] [Grep] pattern='senvcfg'
[05:32:00] [spechunter] [Grep] pattern='HENVCFG_SSE|menvcfg.*SSE'
[05:32:00] [spechunter] [Read] /home/yzs/riscv/rv-isa-sec/spec_ref/riscv-isa-manual/src/priv/cfi.adoc
[05:32:07] [spechunter] [text] Now let me verify whether the Smcfiss/Smucfiss/Smpmpind/Sspmpss extensions have any implementation in the current QEMU t...
[05:32:07] [spechunter] [Grep] pattern='ext_smcfiss|ext_smucfiss|ext_smpmpind|ext_sspmpss|SMPMPIND|SMCFISS|SMUCIFSS|SSPMPSS|pmp.*extended|extended.*pmp|pmpcfg.*E.*bit|pmp.*shadow_stack|shadow.*pmp'
[05:32:07] [spechunter] [Grep] pattern='PMP_READ|PMP_WRITE|PMP_EXEC|PMP_LOCK|PMP_AMATCH'
[05:32:16] [spechunter] [text] Now let me verify the remaining locations against the spec context by checking a few more relevant details.  
[05:32:16] [spechunter] [Grep] pattern='SEnvCfg|senvcfg'
[05:32:16] [spechunter] [Grep] pattern='class SEnvCfg|SEnvCfg extends'
[05:32:23] [spechunter] [Grep] pattern='Smcfiss|Smucfiss|Smpmpind|Sspmpss|SPMP'
[05:32:26] [spechunter] [text] Now let me check the spec for `senvcfg` handling and verify the hvip context-switching behavior.  
[05:32:26] [spechunter] [Grep] pattern='senvcfg'
[05:32:26] [spechunter] [Grep] pattern='hvip|senvcfg'
[05:32:31] [spechunter] [text] Now I have a thorough understanding of the code. Let me verify one more thing — whether `MSECCFG_MSSE` exists anywhere a...
[05:32:31] [spechunter] [Grep] pattern='csr_set\\(CSR_MSECCFG|csr_write\\(CSR_MSECCFG|csr_clear\\(CSR_MSECCFG'
[05:32:31] [spechunter] [Grep] pattern='csr_set.*MSECCFG|csr_write.*MSECCFG|csr_clear.*MSECCFG'
[05:32:42] [spechunter] [text] Let me verify the code locations more carefully and check for any existing audit format.  
[05:32:42] [spechunter] [Grep] pattern='spmp|pmp|PMP'
[05:32:42] [spechunter] [Grep] pattern='HENVCFG_SSE|SENVCFG_SSE|MENVCFG_SSE'
[05:32:42] [spechunter] [Read] /home/yzs/riscv/rv-isa-sec/spec_ref/riscv-isa-manual/src/priv/supervisor.adoc
[05:33:08] [spechunter] [text] Now I have a thorough understanding of all the relevant paths. Let me compile the final report.  
[05:33:08] [spechunter] [TodoWrite] 8 items
[05:33:24] [spechunter] [Grep] pattern='get_physical_address_pmp'
[05:33:24] [spechunter] [Grep] pattern='is_sstack_idx|MMU_IDX_SS_WRITE'
[05:33:38] [spechunter] [Grep] pattern='def is_match|def aligned'
[05:33:38] [spechunter] [Grep] pattern='def is_match|def aligned'
[05:33:38] [spechunter] [Grep] pattern='def is_match|def aligned'
[05:33:39] [spechunter] [text] API Error: 400 {"detail":"Error code: 400 - {'detail': 'Rate limit exceeded for team: AI_PRD_SELF-ygOCagDg1IJPqSZyFTZ2lU...
[05:33:39] [spechunter] [text] Now I have a comprehensive understanding. Let me verify one more thing — the `cfg_reg` is `uint8_t` which means the E-bi...
[05:33:39] [spechunter] [Grep] pattern='cfg_reg|pmp_entry_t'
[05:33:39] [spechunter] [Grep] pattern='PMP_READ|PMP_WRITE|PMP_EXEC|PMP_LOCK|PMP_MTMATCH|PMP_AMATCH'
[05:33:40] [spechunter] [text] API Error: 400 {"detail":"Error code: 400 - {'detail': 'Rate limit exceeded for team: AI_PRD_SELF-ygOCagDg1IJPqSZyFTZ2lU...
[05:33:42] [spechunter] [text] API Error: 400 {"detail":"Error code: 400 - {'detail': 'Rate limit exceeded for team: AI_PRD_SELF-ygOCagDg1IJPqSZyFTZ2lU...
[05:33:49] [spechunter] [text] Now I have a thorough understanding of the code. Let me compile the findings.  The key observations are: 1. **Sspmpss is...
[05:33:49] [spechunter] [Write] /home/yzs/riscv/freebsd-src/sspmpss_audit.json
[05:33:58] [spechunter] [text] Here is the audit result for the Sspmpss extension against FreeBSD's RISC-V bhyve VMM:  **Overall severity: `not_impleme...
[05:34:25] [spechunter] [text] Now I have a thorough understanding of the codebase. Let me verify one final piece — whether there's a Smcfiss spec docu...
[05:34:25] [spechunter] [Glob] **/*cfiss*
[05:34:25] [spechunter] [Grep] pattern='Smcfiss|smcfiss'
[05:34:25] [spechunter] [Grep] pattern='MSSE|bit.*3.*shadow|shadow.*bit.*3'
[05:34:50] [spechunter] [text] Now let me compile the comprehensive JSON report.  
[05:34:50] [spechunter] [Write] /home/yzs/riscv/linux/semantic_analysis_spmp_shadow.json
[05:35:02] [spechunter] [TodoWrite] 8 items
[05:35:21] [spechunter] [text] Analysis complete. Report written to `semantic_analysis_spmp_shadow.json`.  ## Summary  **SPMP does not exist in this ke...
[05:36:09] [spechunter] [text] Now I have a thorough understanding of the codebase. The locations provided are all `:0-0` (empty), meaning I need to id...
[05:36:09] [spechunter] [Read] /home/yzs/riscv/opensbi/lib/sbi/sbi_hsm.c
[05:36:09] [spechunter] [Read] /home/yzs/riscv/opensbi/lib/sbi/sbi_hsm.c
[05:36:29] [spechunter] [text] Prompt is too long
[05:37:48] [spechunter] [text] Looking at the PR context (draft spec for Smpmpind, Smcfiss, Smucfiss, Sspmpss), the core infrastructure interest is sha...
[05:38:00] [spechunter] [text] I'll start by reading the security spec documents to understand the Sspmpss requirements, then analyze the kernel code l...
[05:38:00] [spechunter] [Bash] List spec reference directories
[05:38:00] [spechunter] [Bash] List adoc spec files
[05:38:18] [spechunter] [text] Let me look for the relevant spec files and any analysis files that list the code locations to analyze.  
[05:38:18] [spechunter] [Bash] Find Sspmpss-related spec files
[05:38:18] [spechunter] [Read] /home/yzs/riscv/linux/semantic_analysis_spmp_shadow.json
[05:38:37] [spechunter] [text] Now let me read the actual kernel code at each location and the relevant spec files.  
[05:38:37] [spechunter] [Read] /home/yzs/riscv/linux/arch/riscv/kernel/signal.c
[05:38:37] [spechunter] [Read] /home/yzs/riscv/linux/arch/riscv/kernel/signal.c
[05:38:37] [spechunter] [Read] /home/yzs/riscv/linux/arch/riscv/kernel/signal.c
[05:38:37] [spechunter] [Read] /home/yzs/riscv/linux/arch/riscv/kernel/signal.c
[05:38:37] [spechunter] [Read] /home/yzs/riscv/linux/arch/riscv/kernel/usercfi.c
[05:38:37] [spechunter] [Read] /home/yzs/riscv/linux/arch/riscv/mm/fault.c
[05:40:11] [spechunter] [text] Now let me read the remaining code locations and spec files.  
[05:40:11] [spechunter] [Read] /home/yzs/riscv/linux/arch/riscv/mm/fault.c
[05:40:11] [spechunter] [Read] /home/yzs/riscv/linux/mm/gup.c
[05:40:11] [spechunter] [Read] /home/yzs/riscv/linux/mm/gup.c
[05:40:11] [spechunter] [Read] /home/yzs/riscv/linux/fs/proc/base.c
[05:40:11] [spechunter] [Read] /home/yzs/riscv/linux/kernel/ptrace.c
[05:40:11] [spechunter] [Read] /home/yzs/riscv/linux/arch/riscv/include/asm/pgtable.h
[05:40:11] [spechunter] [Read] /home/yzs/riscv/linux/arch/riscv/include/asm/csr.h
[05:40:21] [spechunter] [text] Now let me read the spec files and the remaining kernel code
[05:40:21] [spechunter] [Read] /home/yzs/riscv/rv-isa-sec/spec_ref/riscv-isa-manual/src/priv/cfi.adoc
[05:40:21] [spechunter] [Read] /home/yzs/riscv/rv-isa-sec/spec_ref/riscv-isa-manual/src/unpriv/cfi.adoc
[05:40:21] [spechunter] [Grep] pattern='shadow.*stack.*store|store.*shadow|regular store|XWR.*010|R=0.*W=1|sspush|ssamoswap'
[05:40:21] [spechunter] [Read] /home/yzs/riscv/linux/kernel/signal.c
[05:40:21] [spechunter] [Read] /home/yzs/riscv/linux/arch/riscv/include/asm/pgtable.h
[05:40:33] [spechunter] [text] Let me read the key spec sections about shadow stack memory access control, and also check the GUP `can_follow_write_pte...
[05:40:33] [spechunter] [Read] /home/yzs/riscv/rv-isa-sec/spec_ref/riscv-isa-manual/src/priv/cfi.adoc
[05:40:33] [spechunter] [Read] /home/yzs/riscv/rv-isa-sec/spec_ref/riscv-isa-manual/src/unpriv/cfi.adoc
[05:40:33] [spechunter] [Grep] pattern='can_follow_write_pte'
[05:40:33] [spechunter] [Grep] pattern='VM_SHADOW_STACK'
[05:41:08] [spechunter] [text] Let me look for any Sspmpss-specific spec content and read the final critical code paths.  
[05:41:08] [spechunter] [Grep] pattern='Sspmpss|spmpss|SPMP.*shadow|shadow.*SPMP'
[05:41:08] [spechunter] [Read] /home/yzs/riscv/rv-isa-sec/spec_ref/riscv-isa-manual/src/priv/cfi.adoc
[05:41:08] [spechunter] [Read] /home/yzs/riscv/linux/mm/gup.c
[05:41:08] [spechunter] [Read] /home/yzs/riscv/linux/arch/riscv/include/asm/pgtable.h
[05:42:28] [spechunter] [text] Now let me check the fault handling path for access faults vs page faults
[05:42:28] [spechunter] [Grep] pattern='do_page_fault|EXC_STORE_AMO_ACCESS_FAULT|STORE_ACCESS'
[05:42:28] [spechunter] [Read] /home/yzs/riscv/linux/arch/riscv/include/asm/csr.h
[05:42:28] [spechunter] [Grep] pattern='is_cow_mapping'
[05:44:37] [spechunter] [Read] /home/yzs/riscv/linux/arch/riscv/mm/fault.c
[05:44:37] [spechunter] [Grep] pattern='EXC_STORE_AMO|EXC_LOAD_ACCESS|EXC_STORE_PAGE_FAULT|EXC_STORE_ACCESS'
[05:45:43] [spechunter] [text] Now let me check how the kernel handles EXC_STORE_ACCESS (access faults from regular stores to shadow-stack pages) and t...
[05:45:43] [spechunter] [Grep] pattern='do_page_fault'
[05:45:43] [spechunter] [Grep] pattern='EXC_STORE_ACCESS|handle_exception|dispatch|asm_exc'
[05:45:43] [spechunter] [Read] /home/yzs/riscv/rv-isa-sec/spec_ref/riscv-isa-manual/src/priv/cfi.adoc
[05:45:48] [spechunter] [Read] /home/yzs/riscv/linux/arch/riscv/kernel/entry.S
[05:45:48] [spechunter] [Grep] pattern='EXC_STORE_ACCESS|STORE_ACCESS'
[05:46:01] [spechunter] [Grep] pattern='excp_vect_table'
[05:46:11] [spechunter] [Grep] pattern='do_trap_store_fault'
[05:46:11] [spechunter] [Grep] pattern='do_trap_load_fault'
[05:47:16] [spechunter] [text] Now I have all the information needed. Let me compile the analysis.  
[05:47:16] [spechunter] [Grep] pattern='__access_remote_vm|copy_to_user_page'
[05:48:05] [spechunter] [text] Now I have all the information needed to compile the analysis. Let me verify one more spec section about access fault vs...
[05:48:05] [spechunter] [Read] /home/yzs/riscv/rv-isa-sec/spec_ref/riscv-isa-manual/src/priv/cfi.adoc
[05:50:31] [spechunter] [text] Now I have all the code and spec evidence. Let me compile the final analysis.  ```json {   "findings": [     {       "fi...
