[15:45:48] [spechunter] PR loaded: #210 riscv/riscv-profiles — "RVYA25 profile"
[15:45:48] [spechunter]   diff: 18497 chars  body: 154 chars  reviews: 1
[15:45:48] [spechunter] Global pre-filter running...
[15:46:11] [spechunter] [text] {"should_skip": false, "skip_reason": "New RVYA25 profile spec defining CHERI-based RISC-V ISA requirements — security-r...
[15:46:12] [spechunter] pre-filter: should_skip=False reason="New RVYA25 profile spec defining CHERI-based RISC-V ISA requirements — security-relevant specification with substantive content."
[15:46:24] [spechunter] [text] ```json {"should_skip": false} ```
[15:46:34] [spechunter] [text] {"should_skip": true, "skip_reason": "RVYA25 profile defines CHERI (RVY) capability-based ISA extensions which XiangShan...
[15:46:39] [spechunter] [text] {"should_skip": true, "skip_reason": "RVYA25 is a U-mode/S-mode CHERI profile listing mandatory extensions with no M-mod...
[15:46:40] [spechunter] [text] {"should_skip": false}
[15:46:41] [spechunter] [text] {"should_skip": true, "skip_reason": "RVYA25 is a CHERI (RVY) capability-based profile that QEMU does not implement and ...
[15:48:03] [spechunter] [text] ```json {   "violation_condition": "In the FreeBSD kernel, when cpu_switch() or savectx() saves/restores CHERI capabilit...
[15:48:22] [spechunter] [text] ```json {   "violation_condition": "Kernel does not save/restore all CHERI capability register state (capability data, b...
[15:48:23] [spechunter] [TodoWrite] 6 items
[15:48:27] [spechunter] [Grep] pattern='Zydefaultcap|Zyhybrid|Ssnpm|Supm'
[15:48:27] [spechunter] [Grep] pattern='struct pcb.*cap|savectx.*cap|restorectx.*cap|CHERICap|cap_register|sizeof.*pcb|trapframe.*cap|cpu_switch.*cap|__capability.*struct|capability.*encoding|szcap|CAP_SIZE'
[15:48:27] [spechunter] [Grep] pattern='Zydefaultcap|Zyhybrid|Ssnpm|Supm'
[15:48:27] [spechunter] [Grep] pattern='Zydefaultcap|Zyhybrid|Ssnpm|Supm'
[15:48:27] [spechunter] [Grep] pattern='Zydefaultcap|Zyhybrid|Ssnpm|Supm'
[15:48:38] [spechunter] [TodoWrite] 5 items
[15:48:51] [spechunter] [Grep] pattern='uycfg'
[15:48:51] [spechunter] [Grep] pattern='Zyhybrid'
[15:48:51] [spechunter] [Grep] pattern='Zydefaultcap'
[15:48:51] [spechunter] [Grep] pattern='Zylevels1'
[15:48:51] [spechunter] [Grep] pattern='\\bZys\\b'
[15:48:51] [spechunter] [Grep] pattern='\\bSmyre\\b'
[15:48:51] [spechunter] [Grep] pattern='\\bSvy\\b'
[15:48:56] [spechunter] [Grep] pattern='struct pcb.*cap|savectx.*cap|restorectx.*cap|CHERICap|cap_register|trapframe.*cap|cpu_switch.*cap|__capability.*struct|capability.*encoding|szcap|CAP_SIZE'
[15:48:56] [spechunter] [Grep] pattern='Zydefaultcap|Zyhybrid|Ssnpm|Supm'
[15:48:56] [spechunter] [Grep] pattern='Zydefaultcap|Zyhybrid|Ssnpm|Supm'
[15:48:56] [spechunter] [Grep] pattern='Zydefaultcap|Zyhybrid|Ssnpm|Supm'
[15:49:04] [spechunter] [Agent] description, prompt
[15:49:12] [spechunter] [text] Let me begin a systematic search across multiple dimensions in parallel.  
[15:49:12] [spechunter] [Agent] description, prompt
[15:49:12] [spechunter] [Agent] description, prompt
[15:49:12] [spechunter] [Agent] description, prompt
[15:49:12] [spechunter] [Agent] description, prompt
[15:49:12] [spechunter] [Agent] description, prompt
[15:49:13] [spechunter] [Grep] pattern='__switch_to|switch_to|context_switch|switch_mm'
[15:49:13] [spechunter] [Grep] pattern='capability.*save|capability.*restore'
[15:49:13] [spechunter] [Grep] pattern='caphybrid|chybrid|SAVE_CAP|uycfg'
[15:49:13] [spechunter] [Grep] pattern='__switch_to|switch_to|context_switch|switch_mm'
[15:49:13] [spechunter] [Grep] pattern='caphybrid|chybrid|SAVE_CAP|uycfg'
[15:49:18] [spechunter] [Grep] pattern='pointer.masking|pmask|PMASK|mseccfg|mseccfg|MSECCFG|seccfg'
[15:49:18] [spechunter] [Grep] pattern='Zydefaultcap|Zyhybrid'
[15:49:26] [spechunter] [Glob] sys/riscv/riscv/swtch.S
[15:49:26] [spechunter] [Glob] sys/riscv/riscv/vm_machdep.c
[15:49:26] [spechunter] [Glob] sys/riscv/riscv/machdep.c
[15:49:26] [spechunter] [Glob] sys/riscv/riscv/genassym.c
[15:49:26] [spechunter] [Glob] sys/riscv/riscv/exception.S
[15:49:28] [spechunter] [Glob] sys/riscv/**/bhyve*
[15:49:35] [spechunter] [Glob] sys/riscv/riscv/*.c
[15:49:35] [spechunter] [Glob] sys/riscv/include/*.h
[15:49:35] [spechunter] [Glob] sys/riscv/riscv/*.h
[15:49:35] [spechunter] [Grep] pattern='struct pcb'
[15:49:35] [spechunter] [Grep] pattern='struct trapframe'
[15:49:35] [spechunter] [Grep] pattern='cheri|CHERI|capability|CHERICap'
[15:49:35] [spechunter] [Agent] description, prompt
[15:49:35] [spechunter] [Agent] description, prompt
[15:49:38] [spechunter] [Glob] usr.sbin/bhyve/**/riscv*
[15:49:38] [spechunter] [Glob] usr.sbin/bhyve/**/*riscv*
[15:49:38] [spechunter] [Grep] pattern='bhyve'
[15:49:38] [spechunter] [Grep] pattern='CHERI|cheri|capability'
[15:49:38] [spechunter] [Grep] pattern='vm_cap|vmm'
[15:49:42] [spechunter] [Grep] pattern='cheri|cap_fault|capability.*fault|cheri_exception|cheri_trap|CHERI_FAULT|riscv_cheri'
[15:49:42] [spechunter] [Grep] pattern='cheri|capability|cap_fault|tag.*clear|cap.*write|writecap|CSetBounds|CIncOffset'
[15:49:42] [spechunter] [Grep] pattern='cheri|capability|cap_fault|tag|bounds|permission|sealed'
[15:49:42] [spechunter] [Grep] pattern='Ssnpm|Supm|CHERI|mepc|sepc|sstatus|xtval|stval'
[15:49:42] [spechunter] [Grep] pattern='cheri|capability'
[15:49:43] [spechunter] [text] ```json {   "locations": [     {       "file_path": "sys/contrib/device-tree/Bindings/riscv/extensions.yaml",       "fun...
[15:49:50] [spechunter] [Grep] pattern='cpu_switch|savectx|restorectx|loadctx'
[15:49:50] [spechunter] [Grep] pattern='cpu_switch|savectx|restorectx|loadctx'
[15:49:50] [spechunter] [Grep] pattern='savectx|restorectx|loadctx'
[15:49:50] [spechunter] [Grep] pattern='savectx|restorectx|loadctx'
[15:49:50] [spechunter] [Grep] pattern='cheri|csetcid|cjalr|set_cid|cap_save|cap_restore|PCC|DDC_STDC|CSetCID|CJALR'
[15:49:50] [spechunter] [Grep] pattern='savectx|restorectx|loadctx'
[15:49:53] [spechunter] [Grep] pattern='CAP_SIZE|CHERI_CAP_SIZE|SZCAP|szcap'
[15:49:53] [spechunter] [Grep] pattern='cheri_capability_size|CHERI_CAPABILITY_SIZE'
[15:49:53] [spechunter] [Grep] pattern='__capability'
[15:49:53] [spechunter] [Grep] pattern='Zydefaultcap|Zyhybrid'
[15:49:53] [spechunter] [Grep] pattern='CHERI_OTYPE|CHERI_PERM'
[15:49:53] [spechunter] [Glob] sys/**/cheri*.h
[15:49:53] [spechunter] [Glob] sys/riscv/include/*cheri*
[15:49:54] [spechunter] [Grep] pattern='CHERI|chybrid|caphybrid'
[15:49:54] [spechunter] [Grep] pattern='\\bSmyre\\b|\\bSvy\\b|\\bZys\\b|Zyhybrid|Zydefaultcap|Zylevels1'
[15:49:54] [spechunter] [Grep] pattern='uycfg|SAVE_CAP|RESTORE_CAP'
[15:49:54] [spechunter] [Grep] pattern='RVY|RVA23|RVYA25'
[15:49:55] [spechunter] [Bash] List bhyve RISC-V directory
[15:49:55] [spechunter] [Bash] List RISC-V VMM directory
[15:49:55] [spechunter] [Grep] pattern='CHERI|cheri'
[15:49:55] [spechunter] [Grep] pattern='capability'
[15:49:55] [spechunter] [Grep] pattern='vm_cap'
[15:49:56] [spechunter] [text] I've launched three parallel background agents. Let me also do some direct searches while they work.  
[15:49:56] [spechunter] [Grep] pattern='cheri|CHERI|chybrid|uycfg|caphybrid'
[15:49:56] [spechunter] [Grep] pattern='__switch_to|switch_to|context_switch'
[15:49:56] [spechunter] [Grep] pattern='Smyre|Svy|Zydefaultcap|Zylevels1|Zyhybrid'
[15:50:00] [spechunter] [Read] /home/yzs/riscv/freebsd-src/sys/riscv/include/pcb.h
[15:50:00] [spechunter] [Read] /home/yzs/riscv/freebsd-src/sys/riscv/include/frame.h
[15:50:00] [spechunter] [Read] /home/yzs/riscv/freebsd-src/sys/riscv/include/reg.h
[15:50:00] [spechunter] [Read] /home/yzs/riscv/freebsd-src/sys/riscv/include/riscvreg.h
[15:50:00] [spechunter] [Grep] pattern='cheri|CHERI|capability|CHERICap|struct pcb|struct trapframe|PCC|DDC|CGP|CTP|CSP|cap_register'
[15:50:00] [spechunter] [Grep] pattern='cheri|CHERI|capability|CHERICap|struct pcb|struct trapframe|PCC|DDC|CGP|CTP|CSP|cap_register'
[15:50:00] [spechunter] [Grep] pattern='cheri|CHERI|CHERICap'
[15:50:00] [spechunter] [Grep] pattern='cheri|cap_fault|capability|writecap|cheriabi|CHERI'
[15:50:00] [spechunter] [Grep] pattern='Ssnpm|Supm'
[15:50:00] [spechunter] [Read] /home/yzs/riscv/freebsd-src/sys/riscv/riscv/trap.c
[15:50:00] [spechunter] [Read] /home/yzs/riscv/freebsd-src/sys/riscv/riscv/exception.S
[15:50:10] [spechunter] [Read] /home/yzs/riscv/freebsd-src/sys/riscv/riscv/swtch.S
[15:50:10] [spechunter] [Read] /home/yzs/riscv/freebsd-src/sys/riscv/riscv/swtch.S
[15:50:10] [spechunter] [Grep] pattern='cheri|capabilit|cap_save|cap_restore|cset|set.cid|cjalr|cld|cst|authority|seal|tag'
[15:50:10] [spechunter] [Bash] Count lines in swtch.S
[15:50:15] [spechunter] [Grep] pattern='capability'
[15:50:15] [spechunter] [Grep] pattern='vm_cap'
[15:50:15] [spechunter] [Grep] pattern='vm_cap'
[15:50:15] [spechunter] [Grep] pattern='CHERI|cheri'
[15:50:15] [spechunter] [Grep] pattern='bhyve'
[15:50:20] [spechunter] [text] No RVY/CHERI-specific entities found anywhere in this kernel tree. Here is the precise summary:  ```json {   "locations"...
[15:50:27] [spechunter] [Read] /home/yzs/riscv/freebsd-src/sys/arm64/include/pcb.h
[15:50:27] [spechunter] [Read] /home/yzs/riscv/freebsd-src/sys/arm64/include/frame.h
[15:50:27] [spechunter] [Read] /home/yzs/riscv/freebsd-src/sys/sys/_types.h
[15:50:27] [spechunter] [Read] /home/yzs/riscv/freebsd-src/sys/sys/elf_common.h
[15:50:27] [spechunter] [Grep] pattern='cheri|CHERI|CHERICap'
[15:50:27] [spechunter] [Grep] pattern='cheri|CHERI|CHERICap'
[15:50:30] [spechunter] [Glob] **/cheri*.h
[15:50:30] [spechunter] [Grep] pattern='CHERI_CAP_SIZE|CHERI_CAPABILITY_SIZE|cheri_capability_size'
[15:50:30] [spechunter] [Grep] pattern='__capability'
[15:50:30] [spechunter] [Grep] pattern='Zydefaultcap|Zyhybrid'
[15:50:30] [spechunter] [Grep] pattern='CHERI_OTYPE|CHERI_PERM|cheri_perm'
[15:50:30] [spechunter] [Grep] pattern='capability_format|CAP_FORMAT|cheri_format'
[15:50:30] [spechunter] [Glob] **/cheri/**/*.h
[15:50:33] [spechunter] [Grep] pattern='CHERI|cheri|cap_fault|capability|SSNPM|SUPM|cheriabi'
[15:50:33] [spechunter] [Grep] pattern='EXCP_FAULT|SIGSEGV|SEGV_ACCERR|page_fault|capability'
[15:50:33] [spechunter] [Grep] pattern='EXCP_|trap_no|stval|sepc|scause|T_BREAKPOINT'
[15:50:33] [spechunter] [Grep] pattern='EXCP_|EXCP_FAULT|trap_no|FATAL_EXCEPTION|cheri'
[15:50:33] [spechunter] [Grep] pattern='cheri|capability|CHERI|writecap|cap_fault'
[15:50:33] [spechunter] [Grep] pattern='frame.*reg|TF_SIZE|trapframe|CHERI'
[15:50:33] [spechunter] [Grep] pattern='cheri|CHERI|__CHERI'
[15:50:33] [spechunter] [Grep] pattern='__has_feature\\(capabilities\\)|__CHERI_CAPABILITY|capability |capabil.*register'
[15:50:33] [spechunter] [Glob] sys/riscv/**/cheri*
[15:50:33] [spechunter] [Glob] sys/riscv/include/pcb.h
[15:50:33] [spechunter] [Grep] pattern='savectx|cpu_switch'
[15:50:33] [spechunter] [Grep] pattern='savectx|cpu_switch'
[15:50:34] [spechunter] [Grep] pattern='CHERI|cheri|capability|__capability|cap_'
[15:50:34] [spechunter] [Grep] pattern='CHERI'
[15:50:34] [spechunter] [Grep] pattern='CHERI'
[15:50:34] [spechunter] [Grep] pattern='CHERI'
[15:50:34] [spechunter] [Grep] pattern='CHERI'
[15:50:42] [spechunter] [Read] /home/yzs/riscv/freebsd-src/sys/riscv/include/pcb.h
[15:50:42] [spechunter] [Read] /home/yzs/riscv/freebsd-src/sys/riscv/riscv/genassym.c
[15:50:42] [spechunter] [Read] /home/yzs/riscv/freebsd-src/sys/riscv/riscv/exception.S
[15:50:48] [spechunter] [Grep] pattern='capability|vmm|bhyve|cheri'
[15:50:48] [spechunter] [Read] usr.sbin/bhyve/riscv/bhyverun_machdep.c
[15:50:48] [spechunter] [Read] usr.sbin/bhyve/riscv/riscv.h
[15:50:48] [spechunter] [Read] sys/riscv/include/vmm.h
[15:50:48] [spechunter] [Read] sys/riscv/vmm/vmm.c
[15:50:57] [spechunter] [text] The initial searches are very revealing. Let me now read the actual context-switch implementation to confirm the gap.  
[15:50:57] [spechunter] [Read] /home/yzs/riscv/linux/arch/riscv/include/asm/switch_to.h
[15:50:57] [spechunter] [Read] /home/yzs/riscv/linux/arch/riscv/kernel/process.c
[15:50:57] [spechunter] [Read] /home/yzs/riscv/linux/arch/riscv/kernel/entry.S
[15:51:00] [spechunter] [Read] /home/yzs/riscv/freebsd-src/sys/riscv/include/frame.h
[15:51:00] [spechunter] [Grep] pattern='cheri|capability|CHERI|writecap'
[15:51:00] [spechunter] [Grep] pattern='cheri|capability|CHERI|writecap'
[15:51:00] [spechunter] [Grep] pattern='cheri|CHERI|cap_fault|capability|writecap'
[15:51:00] [spechunter] [Grep] pattern='cheri|capability|CHERI|cheriabi'
[15:51:06] [spechunter] [Bash] Check if sys/cheri directory exists
[15:51:06] [spechunter] [Grep] pattern='__CHERI__|_CHERI|CHERI_PURE|__cheri'
[15:51:06] [spechunter] [Grep] pattern='cheri|cheriabi'
[15:51:06] [spechunter] [Grep] pattern='CHERI_SEAL|CHERI_CCALL|CHERI_UNSEAL|cheri_seal|cheri_unseal'
[15:51:06] [spechunter] [Glob] **/*cheri*
[15:51:06] [spechunter] [Glob] **/*
[15:51:10] [spechunter] [Grep] pattern='CHERI|cheri|intcap|uintcap|CHERICap'
[15:51:10] [spechunter] [Grep] pattern='cheri|CHERI|CHERICap|cap_register|struct.*cap'
[15:51:10] [spechunter] [Grep] pattern='cheri|CHERI|CHERICap|cap_register|struct.*cap'
[15:51:10] [spechunter] [Grep] pattern='cheri|CHERI|CHERICap'
[15:51:10] [spechunter] [Grep] pattern='cheri|CHERI|CHERICap|intcap|uintcap'
[15:51:10] [spechunter] [Grep] pattern='PCC|DDC|CGP|CTP|CSP'
[15:51:12] [spechunter] [Bash] Get line count of exception.S
[15:51:12] [spechunter] [Grep] pattern='csetcid|cjalr|CSetCID|CJALR|cheri_cap|set_cid|c5|c6|c7'
[15:51:12] [spechunter] [Grep] pattern='DDC|STDC|PCC|CSP|CGP|CTP'
[15:51:12] [spechunter] [Grep] pattern='makectx'
[15:51:13] [spechunter] [Read] sys/riscv/vmm/riscv.h
[15:51:13] [spechunter] [Read] sys/riscv/vmm/vmm_riscv.c
[15:51:13] [spechunter] [Read] usr.sbin/bhyve/riscv/vmexit.c
[15:51:13] [spechunter] [Read] sys/riscv/vmm/vmm_sbi.c
[15:51:13] [spechunter] [Read] sys/riscv/include/vmm_dev.h
[15:51:18] [spechunter] [Read] /home/yzs/riscv/freebsd-src/sys/riscv/riscv/trap.c
[15:51:18] [spechunter] [Read] /home/yzs/riscv/freebsd-src/sys/riscv/riscv/trap.c
[15:51:18] [spechunter] [Read] /home/yzs/riscv/freebsd-src/sys/riscv/riscv/exception.S
[15:51:18] [spechunter] [Grep] pattern='cheri|capability|CHERI|cheriabi|writecap'
[15:51:18] [spechunter] [Read] /home/yzs/riscv/linux/arch/riscv/include/asm/processor.h
[15:51:18] [spechunter] [Read] /home/yzs/riscv/linux/arch/riscv/kvm/vcpu_switch.S
[15:51:18] [spechunter] [Read] /home/yzs/riscv/linux/arch/riscv/include/asm/kvm_host.h
[15:51:28] [spechunter] [Read] sys/riscv/riscv/pmap.c
[15:51:28] [spechunter] [Read] sys/riscv/include/pmap.h
[15:51:28] [spechunter] [Grep] pattern='cheri|CHERI|capability'
[15:51:28] [spechunter] [Grep] pattern='cheri|CHERI|capability'
[15:51:28] [spechunter] [Grep] pattern='cheri|CHERI'
[15:51:31] [spechunter] [Grep] pattern='__CHERI__|cheri|CHERI'
[15:51:31] [spechunter] [Grep] pattern='__CHERI__|cheri|CHERI'
[15:51:31] [spechunter] [Grep] pattern='__CHERI__|cheri|CHERI'
[15:51:31] [spechunter] [Grep] pattern='__CHERI__|cheri|CHERI'
[15:51:31] [spechunter] [Grep] pattern='__CHERI__|cheri|CHERI'
[15:51:31] [spechunter] [Grep] pattern='CHERI'
[15:51:32] [spechunter] [Grep] pattern='PCC|DDC|CGP|CTP|CSP'
[15:51:32] [spechunter] [Grep] pattern='PCC|DDC|CGP|CTP|CSP'
[15:51:32] [spechunter] [Grep] pattern='__CHERI__|__has_feature.*capabilit|__intcap|__uintcap|morello'
[15:51:32] [spechunter] [Grep] pattern='cheri|CHERI|capability'
[15:51:32] [spechunter] [Grep] pattern='cheri|CHERI|capability'
[15:51:32] [spechunter] [Grep] pattern='cheri|CHERI|CHERICap|cap_register'
[15:51:34] [spechunter] [text] Now let me look at the KVM vcpu context save/restore code and the signal handling path.  
[15:51:34] [spechunter] [Read] /home/yzs/riscv/linux/arch/riscv/kvm/vcpu.c
[15:51:34] [spechunter] [Read] /home/yzs/riscv/linux/arch/riscv/kernel/signal.c
[15:51:34] [spechunter] [Read] /home/yzs/riscv/linux/arch/riscv/kernel/ptrace.c
[15:51:43] [spechunter] [Read] /home/yzs/riscv/freebsd-src/sys/riscv/include/riscvreg.h
[15:51:43] [spechunter] [Grep] pattern='cheri|capability|CHERI|cheriabi|writecap|cap_fault|tag'
[15:51:43] [spechunter] [Grep] pattern='cheri|capability|CHERI|cheriabi|writecap|cap_fault|pcc|ddc'
[15:51:43] [spechunter] [Grep] pattern='cheri|capability|CHERI|cheriabi'
[15:51:47] [spechunter] [Read] /home/yzs/riscv/freebsd-src/sys/riscv/riscv/machdep.c
[15:51:47] [spechunter] [Grep] pattern='cpu_switch|savectx|cpu_throw|cpu_fork|cpu_exit'
[15:51:47] [spechunter] [Read] /home/yzs/riscv/freebsd-src/sys/riscv/riscv/exception.S
[15:51:47] [spechunter] [Grep] pattern='cpu_switch|cpu_throw'
[15:51:47] [spechunter] [Read] /home/yzs/riscv/freebsd-src/sys/riscv/riscv/swtch.S
[15:51:55] [spechunter] [Grep] pattern='CHERI|cheri'
[15:51:55] [spechunter] [Grep] pattern='CHERI|cheri'
[15:51:55] [spechunter] [Grep] pattern='CHERI.*hyper|hyper.*CHERI|CHERI.*bhyve|bhyve.*CHERI|CHERI.*vmm|vmm.*CHERI'
[15:51:55] [spechunter] [Grep] pattern='CHERI.*hyper|hyper.*CHERI|CHERI.*bhyve|bhyve.*CHERI|CHERI.*vmm|vmm.*CHERI'
[15:51:55] [spechunter] [Grep] pattern='pm_stage2|STAGE2|stage.2'
[15:51:55] [spechunter] [Read] sys/riscv/vmm/vmm_instruction_emul.c
[15:51:56] [spechunter] [Read] /home/yzs/riscv/freebsd-src/sys/sys/_types.h
[15:51:56] [spechunter] [Read] /home/yzs/riscv/freebsd-src/sys/sys/_align.h
[15:51:56] [spechunter] [Grep] pattern='cheri|CHERI|ELFC|ef_cap'
[15:51:56] [spechunter] [Grep] pattern='cheri|CHERI'
[15:51:56] [spechunter] [Read] /home/yzs/riscv/freebsd-src/sys/riscv/include/_types.h
[15:51:56] [spechunter] [Grep] pattern='cheri|CHERI|cap'
[15:51:56] [spechunter] [Grep] pattern='cheri|CHERI|cap'
[15:52:05] [spechunter] [text] Let me check one more critical area — the ISA extension definitions and Kconfig for any profile options.  
[15:52:05] [spechunter] [Grep] pattern='RVY|RVY64|CHERI|caphybrid|chybrid|uycfg|defaultcap'
[15:52:05] [spechunter] [Grep] pattern='RISCV_ISA_EXT'
[15:52:05] [spechunter] [Read] /home/yzs/riscv/linux/arch/riscv/kernel/sys_hwprobe.c
[15:52:06] [spechunter] [Grep] pattern='struct trapframe'
[15:52:06] [spechunter] [Read] /home/yzs/riscv/freebsd-src/sys/riscv/include/frame.h
[15:52:13] [spechunter] [Read] /home/yzs/riscv/freebsd-src/sys/sys/_types.h
[15:52:13] [spechunter] [Read] /home/yzs/riscv/freebsd-src/sys/riscv/include/ucontext.h
[15:52:13] [spechunter] [Read] /home/yzs/riscv/freebsd-src/sys/riscv/include/signal.h
[15:52:13] [spechunter] [Read] /home/yzs/riscv/freebsd-src/sys/riscv/include/sigframe.h
[15:52:13] [spechunter] [Grep] pattern='cheri|CHERI|CHERICap|intcap|uintcap|capability'
[15:52:13] [spechunter] [Grep] pattern='struct mcontext|mcontext_t'
[15:52:13] [spechunter] [Grep] pattern='struct mcontext|mcontext_t'
[15:52:16] [spechunter] [Grep] pattern='__CHERI|CHERI_PURE|cheri_cap|bool_cap|ptraddr_t|cheri_length_get|CHERI_OTYPE'
[15:52:16] [spechunter] [Grep] pattern='CHERI|capsmith|cheriabi|purecap|hybrid'
[15:52:16] [spechunter] [Grep] pattern='__CHERI|CHERI_PURE|cheri|ptraddr_t|cheriabi|writecap|cheri_cap'
[15:52:16] [spechunter] [Grep] pattern='CHERI|cheriabi|cheri_cap|writecap|purecap'
[15:52:16] [spechunter] [Grep] pattern='CHERI|cheriabi|cheri_cap|writecap|purecap'
[15:52:16] [spechunter] [Grep] pattern='cheri|cheriabi|cheri_cap|writecap|purecap|ptraddr_t'
[15:52:20] [spechunter] [Read] sys/riscv/vmm/vmm_switch.S
[15:52:20] [spechunter] [Read] usr.sbin/bhyve/riscv/fdt.c
[15:52:20] [spechunter] [Read] sys/riscv/vmm/vmm_fence.c
[15:52:20] [spechunter] [Grep] pattern='pm_stage2|STAGE2|stage.2'
[15:52:20] [spechunter] [Read] sys/riscv/include/vmm_instruction_emul.h
[15:52:20] [spechunter] [Grep] pattern='__SIZEOF_INTCAP__|__intcap_t|__uintcap_t|__PTRADDR_TYPE__'
[15:52:20] [spechunter] [Grep] pattern='cheri|CHERI|cap'
[15:52:20] [spechunter] [Grep] pattern='cheri|c64|c128|hybridcap|purecap'
[15:52:20] [spechunter] [Grep] pattern='__capability'
[15:52:20] [spechunter] [Grep] pattern='__capability'
[15:52:20] [spechunter] [Grep] pattern='__capability|cheri|CHERI'
[15:52:24] [spechunter] [text] Now let me check the Kconfig and Makefile for profile/CHERI references.  
[15:52:24] [spechunter] [Grep] pattern='profile|PROFILE|RVY|CHERI|cheri'
[15:52:24] [spechunter] [Grep] pattern='profile|CHERI|cheri|RVY|caphybrid|chybrid'
[15:52:24] [spechunter] [Grep] pattern='uycfg|Smyre|Svy|Zydefaultcap|Zylevels1|Zyhybrid|Zys'
[15:52:40] [spechunter] [Grep] pattern='CHERI|cheri'
[15:52:40] [spechunter] [Bash] Check for amd64/arm64 bhyve dirs
[15:52:40] [spechunter] [Grep] pattern='vmm'
[15:52:40] [spechunter] [Read] sys/riscv/vmm/vmm_dev_machdep.c
[15:52:40] [spechunter] [Read] /home/yzs/riscv/freebsd-src/sys/sys/_types.h
[15:52:40] [spechunter] [Read] /home/yzs/riscv/freebsd-src/sys/sys/stddef.h
[15:52:40] [spechunter] [Grep] pattern='cheri|cap_fault|capability_page|cheri_exception|cheri_trap|CHERI_FAULT'
[15:52:40] [spechunter] [Grep] pattern='cheri|cap_fault|CHERI_FAULT'
[15:52:40] [spechunter] [Grep] pattern='cheri|CHERI|cheriabi|writecap|cap_fault|capability.*fault'
[15:52:40] [spechunter] [Grep] pattern='cheri|CHERI|cheriabi|writecap|cap_fault|capability.*fault|cheri_trap'
[15:52:42] [spechunter] [Read] /home/yzs/riscv/freebsd-src/sys/arm64/include/ucontext.h
[15:52:42] [spechunter] [Grep] pattern='struct.*cap|cap_register|capability.*reg'
[15:52:42] [spechunter] [Grep] pattern='struct.*cap|cap_register|capability.*reg'
[15:52:42] [spechunter] [Grep] pattern='__CHERI__|CHERI|cheri'
[15:52:42] [spechunter] [Grep] pattern='__CHERI__|CHERI|cheri'
[15:52:42] [spechunter] [Grep] pattern='__CHERI__|CHERI|cheri'
[15:52:42] [spechunter] [Read] /home/yzs/riscv/freebsd-src/sys/riscv/include/elf.h
[15:52:54] [spechunter] [Grep] pattern='CHERI|cheri|capability'
[15:52:54] [spechunter] [Grep] pattern='CHERI|cheri|hybridcap|purecap'
[15:52:54] [spechunter] [Grep] pattern='riscv64c|aarch64c|morello'
[15:52:54] [spechunter] [Grep] pattern='cheri|CHERI'
[15:52:54] [spechunter] [Grep] pattern='cheri|CHERI'
[15:52:54] [spechunter] [Grep] pattern='cheri|cap'
[15:53:03] [spechunter] [Grep] pattern='cheri|CHERI|cheriabi|writecap|cap_fault|capability.*fault|cheri_trap'
[15:53:03] [spechunter] [Grep] pattern='cheri|CHERI|cheriabi|writecap|cap_fault|capability.*fault|cheri_trap'
[15:53:03] [spechunter] [Grep] pattern='cheri|CHERI|cheriabi|writecap|cap_fault|capability.*fault|cheri_trap'
[15:53:03] [spechunter] [Grep] pattern='cheri|CHERI|cheriabi|writecap|cap_fault|capability.*fault'
[15:53:03] [spechunter] [Grep] pattern='cheri|CHERI|cheriabi|writecap|cap_fault|Ssnpm|Supm'
[15:53:03] [spechunter] [Grep] pattern='cheri|CHERI|cheriabi|writecap|cap_fault|cheri_trap'
[15:53:03] [spechunter] [text] Let me check the Kconfig more carefully for profile definitions, and look at the Makefile spec file mentioned in the PR ...
[15:53:03] [spechunter] [Grep] pattern='TOOLCHAIN_HAS|ZICSR|ZIFENCEI|profile|RVA'
[15:53:03] [spechunter] [Grep] pattern='riscv_isa_extension_available|RISCV_ISA_EXT_'
[15:53:06] [spechunter] [Read] /home/yzs/riscv/freebsd-src/sys/riscv/include/vmm_dev.h
[15:53:06] [spechunter] [Read] /home/yzs/riscv/freebsd-src/sys/riscv/conf/GENERIC
[15:53:06] [spechunter] [Grep] pattern='cheri|CHERI|CHERICap|intcap|uintcap'
[15:53:06] [spechunter] [Grep] pattern='cheri|CHERI'
[15:53:06] [spechunter] [Grep] pattern='cheri|CHERI'
[15:53:10] [spechunter] [text] Let me check switch_mm and the compat signal path.  
[15:53:10] [spechunter] [Read] /home/yzs/riscv/linux/arch/riscv/mm/context.c
[15:53:10] [spechunter] [Read] /home/yzs/riscv/linux/arch/riscv/kernel/compat_signal.c
[15:53:12] [spechunter] [Grep] pattern='CHERI|capability|cap'
[15:53:12] [spechunter] [Read] /home/yzs/riscv/freebsd-src/share/man/man7/arch.7
[15:53:12] [spechunter] [Grep] pattern='MORELLO|morello'
[15:53:12] [spechunter] [Grep] pattern='CHERI|cheri|cap|CAP'
[15:53:12] [spechunter] [Grep] pattern='ptraddr_t|PTRADDR'
[15:53:12] [spechunter] [Grep] pattern='cheri|CHERI'
[15:53:34] [spechunter] [Grep] pattern='CHERI|cheri|PROT_CHERI'
[15:53:34] [spechunter] [Grep] pattern='CHERI|cheri'
[15:53:34] [spechunter] [Read] /home/yzs/riscv/freebsd-src/sys/compat/linux/linux_elf.c
[15:53:34] [spechunter] [Bash] List arm64 sys subdirectories
[15:53:34] [spechunter] [Grep] pattern='morello|Morello'
[15:53:34] [spechunter] [Glob] sys/arm64/morello/**
[15:53:34] [spechunter] [Glob] sys/arm64/cheri/**
[15:53:41] [spechunter] [Grep] pattern='CHERI|cheri|cheriabi|purecap|CAPABILITY_MODE'
[15:53:41] [spechunter] [Grep] pattern='PROC_TRAPCAP|trapcap|TRAP_CAP'
[15:53:41] [spechunter] [Grep] pattern='PROT_CHERI'
[15:53:41] [spechunter] [Grep] pattern='CHERI|capsmith|cheriabi|purecap'
[15:53:54] [spechunter] [Grep] pattern='cheri|__CHERI__|capability|cap'
[15:53:54] [spechunter] [Grep] pattern='ptraddr|PTRADDR'
[15:53:54] [spechunter] [Grep] pattern='trapcap|TRAPCAP|PROT_CHERI|caph|CAPH'
[15:53:54] [spechunter] [Grep] pattern='cheri|__CHERI__|capability|caph'
[15:53:54] [spechunter] [Grep] pattern='cheri|CHERI|caph|trapcap'
[15:53:54] [spechunter] [Grep] pattern='cheri|capability|128|CHERI'
[15:53:57] [spechunter] [Grep] pattern='CHERI|cheri|intcap|uintcap'
[15:53:57] [spechunter] [Grep] pattern='CHERI|cheri|intcap|uintcap'
[15:53:57] [spechunter] [Read] /home/yzs/riscv/freebsd-src/sys/riscv/include/encoding.h
[15:53:57] [spechunter] [Grep] pattern='capability|cheri|CHERI|pcb_cap|tf_cap|pcc'
[15:53:57] [spechunter] [Read] /home/yzs/riscv/freebsd-src/sys/riscv/riscv/genassym.c
[15:53:57] [spechunter] [Grep] pattern='__CHERI__|pcb_cap|tf_cap'
[15:53:57] [spechunter] [Grep] pattern='PROT_CHERI'
[15:54:00] [spechunter] [TodoWrite] 5 items
[15:54:00] [spechunter] [Grep] pattern='cheri|CHERI|cheriabi|writecap|cap_fault|capability|CHERI_FAULT|Ssnpm|Supm|PROT_CHERI|PROC_TRAPCAP'
[15:54:00] [spechunter] [Grep] pattern='cheri|CHERI|cheriabi|writecap|cap_fault|capability'
[15:54:00] [spechunter] [Grep] pattern='cheri|CHERI|cheriabi|writecap|cap_fault|capability|PROT_CHERI|CHERI_FAULT'
[15:54:00] [spechunter] [Bash] Search git history for CHERI-related commits
[15:54:00] [spechunter] [Bash] List all git branches
[15:54:00] [spechunter] [Read] /home/yzs/riscv/freebsd-src/sys/riscv/riscv/trap.c
[15:54:13] [spechunter] [Glob] sys/riscv/vmm/**
[15:54:13] [spechunter] [Grep] pattern='CHERI|cheri|morello|Morello'
[15:54:13] [spechunter] [Read] /home/yzs/riscv/freebsd-src/sys/arm64/conf/std.arm64
[15:54:13] [spechunter] [Grep] pattern='__CHERI__'
[15:54:21] [spechunter] [Read] /home/yzs/riscv/freebsd-src/sys/riscv/vmm/riscv.h
[15:54:21] [spechunter] [Grep] pattern='cheri|CHERI|cap_register|struct.*cap|CHERICap'
[15:54:21] [spechunter] [Grep] pattern='cap_register|capreg|capability_reg'
[15:54:24] [spechunter] [Grep] pattern='trapcap|TRAPCAP'
[15:54:24] [spechunter] [Grep] pattern='trapcap|TRAPCAP'
[15:54:24] [spechunter] [Grep] pattern='trapcap|TRAPCAP'
[15:54:24] [spechunter] [Grep] pattern='trapcap|TRAPCAP'
[15:54:24] [spechunter] [Grep] pattern='cheri|cap'
[15:54:24] [spechunter] [Grep] pattern='cheri|cap'
[15:55:04] [spechunter] [Grep] pattern='riscv64c|aarch64c|RISCV64C|AARCH64C'
[15:55:04] [spechunter] [Grep] pattern='cheri|CHERI|PROT_CHERI|caph'
[15:55:04] [spechunter] [Grep] pattern='cheri|CHERI|caph'
[15:55:04] [spechunter] [Grep] pattern='cheri|CHERI|cap'
[15:55:04] [spechunter] [Grep] pattern='cheri|CHERI|riscv64c|aarch64c'
[15:55:04] [spechunter] [Bash] List RISC-V kernel config files
[15:55:35] [spechunter] [Grep] pattern='cheri|CHERI'
[15:55:35] [spechunter] [Grep] pattern='cheri|CHERI'
[15:55:35] [spechunter] [Grep] pattern='cheri|CHERI|intcap|INTCAP'
[15:55:35] [spechunter] [Grep] pattern='cheri|CHERI'
[15:55:35] [spechunter] [Grep] pattern='cheri|CHERI'
[15:55:35] [spechunter] [Grep] pattern='cheri|CHERI'
[15:56:05] [spechunter] [Read] /home/yzs/riscv/freebsd-src/sys/contrib/device-tree/src/arm64/arm/morello-fvp.dts
[15:56:05] [spechunter] [Read] /home/yzs/riscv/freebsd-src/sys/contrib/device-tree/src/arm64/arm/morello-sdp.dts
[15:56:05] [spechunter] [Read] /home/yzs/riscv/freebsd-src/sys/contrib/device-tree/Bindings/arm/arm,morello.yaml
[15:56:05] [spechunter] [Grep] pattern='cheri|CHERI|cap|CHERI'
[15:56:05] [spechunter] [Grep] pattern='cheri|CHERI|cap'
[15:56:05] [spechunter] [Grep] pattern='__capability'
[15:56:40] [spechunter] [Read] /home/yzs/riscv/freebsd-src/sys/sys/stddef.h
[15:56:40] [spechunter] [Grep] pattern='cheri|CHERI'
[15:56:40] [spechunter] [Grep] pattern='cheri|CHERI'
[15:56:40] [spechunter] [Grep] pattern='cheri|CHERI'
[15:56:40] [spechunter] [Grep] pattern='cheri|CHERI'
[15:56:40] [spechunter] [Grep] pattern='cheri_'
[15:57:01] [spechunter] [Grep] pattern='cheri_'
[15:57:01] [spechunter] [Grep] pattern='cheri|CHERI|caph|cap'
[15:57:01] [spechunter] [Grep] pattern='cheri|CHERI|caph|trapcap'
[15:57:01] [spechunter] [Grep] pattern='cheri|CHERI|caph|cap|ENOTCAPABLE|ECAPMODE'
[15:57:01] [spechunter] [Grep] pattern='cheri|CHERI|cap'
[15:57:01] [spechunter] [Grep] pattern='cheri|CHERI|capability'
[15:57:13] [spechunter] [text] All agents have completed. Now let me compile the findings into the final JSON report.  ```json {   "status": "VERIFIED"...
[15:57:20] [spechunter] [TodoWrite] 5 items
[15:58:28] [spechunter] [text] The audit is complete. All 20 locations across the RISC-V kernel have been catalogued, confirming that CHERI capability ...
[15:58:40] [spechunter] [text] Now let me read the critical files to confirm exact line numbers and produce the final audit.  
[15:58:40] [spechunter] [Read] /home/yzs/riscv/freebsd-src/sys/riscv/include/pcb.h
[15:58:40] [spechunter] [Read] /home/yzs/riscv/freebsd-src/sys/riscv/include/frame.h
[15:58:40] [spechunter] [Read] /home/yzs/riscv/freebsd-src/sys/riscv/riscv/swtch.S
[15:58:49] [spechunter] [Agent] description, prompt
[15:58:53] [spechunter] [Read] /home/yzs/riscv/freebsd-src/sys/riscv/riscv/swtch.S
[15:58:53] [spechunter] [Read] /home/yzs/riscv/freebsd-src/sys/riscv/riscv/exception.S
[15:58:53] [spechunter] [Read] /home/yzs/riscv/freebsd-src/sys/riscv/vmm/riscv.h
[15:58:53] [spechunter] [Read] /home/yzs/riscv/freebsd-src/sys/riscv/include/reg.h
[15:59:09] [spechunter] [Grep] pattern='rva23|RVA23|rva25|RVA25|rva20|RVA20|rva22|RVA22'
[15:59:09] [spechunter] [Grep] pattern='profile'
[15:59:09] [spechunter] [Grep] pattern='profile'
[15:59:09] [spechunter] [Grep] pattern='profile'
[15:59:26] [spechunter] [Read] /home/yzs/riscv/freebsd-src/sys/riscv/vmm/vmm_switch.S
[15:59:26] [spechunter] [Read] /home/yzs/riscv/freebsd-src/sys/riscv/include/ucontext.h
[15:59:32] [spechunter] [text] Let me check the VMM exception handling path to complete the picture.  
[15:59:32] [spechunter] [Read] /home/yzs/riscv/freebsd-src/sys/riscv/vmm/vmm_riscv.c
[15:59:32] [spechunter] [Read] /home/yzs/riscv/freebsd-src/sys/riscv/riscv/trap.c
[15:59:34] [spechunter] [Grep] pattern='profile'
[15:59:34] [spechunter] [Grep] pattern='profile'
[15:59:34] [spechunter] [Grep] pattern='profile'
[15:59:34] [spechunter] [Grep] pattern='profile'
[15:59:34] [spechunter] [Grep] pattern='RVA|rva|isa.*profile|ISA.*profile'
[15:59:34] [spechunter] [Grep] pattern='RISCV_ISA|riscv_isa'
[15:59:52] [spechunter] [TodoWrite] 6 items
[16:00:05] [spechunter] [Grep] pattern='profile'
[16:00:05] [spechunter] [Grep] pattern='profile|PROFILE'
[16:00:05] [spechunter] [Grep] pattern='profile|PROFILE'
[16:00:05] [spechunter] [Grep] pattern='profile|PROFILE'
[16:00:05] [spechunter] [Read] /home/yzs/riscv/linux/arch/riscv/include/asm/cpufeature-macros.h
[16:00:05] [spechunter] [Read] /home/yzs/riscv/linux/arch/riscv/kernel/cpufeature.c
[16:00:26] [spechunter] [Read] /home/yzs/riscv/freebsd-src/sys/riscv/riscv/genassym.c
[16:00:26] [spechunter] [Read] /home/yzs/riscv/freebsd-src/sys/riscv/riscv/exec_machdep.c
[16:00:32] [spechunter] [Read] /home/yzs/riscv/linux/arch/riscv/include/asm/cpufeature.h
[16:00:32] [spechunter] [Grep] pattern='riscv_isa_ext_data|RISCV_ISA_EXT_DATA|riscv_isainfo'
[16:00:32] [spechunter] [Grep] pattern='RISCV_ISA_EXT_|riscv_isa_ext|struct riscv_isa'
[16:00:32] [spechunter] [Grep] pattern='profile|Profile|PROFILE'
[16:00:32] [spechunter] [Bash] Search git log for profile-related commits in arch/riscv/
[16:00:45] [spechunter] [Grep] pattern='rva23|RVA23|rva25|RVA25|rva20|RVA20|rva22|RVA22'
[16:00:45] [spechunter] [Read] /home/yzs/riscv/linux/arch/riscv/kernel/sys_hwprobe.c
[16:00:45] [spechunter] [Grep] pattern='profile|Profile|PROFILE'
[16:00:45] [spechunter] [Glob] **/profiles/**
[16:01:27] [spechunter] [Grep] pattern='rva\\d+|riscv.*profile|profile.*riscv'
[16:01:27] [spechunter] [Grep] pattern='riscv_isa_profile|riscv_profile|isa_profile'
[16:01:27] [spechunter] [Read] /home/yzs/riscv/linux/Documentation/devicetree/bindings/riscv/extensions.yaml
[16:01:27] [spechunter] [Grep] pattern='RISCV_HWPROBE.*profile|hwprobe.*profile'
[16:01:27] [spechunter] [Bash] Search git log for ISA profile commits globally
[16:01:27] [spechunter] [Read] /home/yzs/riscv/linux/arch/riscv/include/asm/hwcap.h
[16:01:39] [spechunter] [text] Now I have all the information needed. Let me compile the audit report.  ```json {   "violation": "Implicit capability e...
[16:01:39] [spechunter] [TodoWrite] 6 items
[16:01:51] [spechunter] [Grep] pattern='profile|Profile|PROFILE'
[16:01:51] [spechunter] [Grep] pattern='profile'
[16:01:51] [spechunter] [Grep] pattern='RISCV_HWPROBE_KEY'
[16:01:51] [spechunter] [Grep] pattern='profile'
[16:01:51] [spechunter] [Grep] pattern='riscv_profiles|rv_profiles|isa_profiles'
[16:02:31] [spechunter] [Read] /home/yzs/riscv/linux/arch/riscv/include/uapi/asm/hwprobe.h
[16:03:54] [spechunter] [text] Both the fast-path (grep-based) and slow-path (semantic) searches returned zero locations, and the exploratory agent con...
[16:04:09] [spechunter] [Grep] pattern='CHERI|cheri|__switch_to|switch_to|context_switch|switch_mm'
[16:04:09] [spechunter] [Grep] pattern='capability.*save|capability.*restore|caphybrid|chybrid|SAVE_CAP|RESTORE_CAP|uycfg'
[16:04:09] [spechunter] [Grep] pattern='RVYA25|rvya25'
[16:04:25] [spechunter] [text] Let me read the core context-switch and CHERI-related files.  
[16:04:25] [spechunter] [Read] /home/yzs/riscv/linux/arch/riscv/include/asm/switch_to.h
[16:04:25] [spechunter] [Read] /home/yzs/riscv/linux/arch/riscv/kernel/process.c
[16:04:25] [spechunter] [Read] /home/yzs/riscv/linux/arch/riscv/mm/context.c
[16:04:39] [spechunter] [text] The audit is complete. The key finding: this FreeBSD RISC-V kernel has **no CHERI support anywhere** — the semantic gap ...
[16:05:07] [spechunter] [text] ## Analysis  **PR Context**: RVYA25 profile — a RISC-V ISA profile specification based on RVA23 with incremental extensi...
[16:05:36] [spechunter] [text] I'll systematically search for CHERI capability handling code in context-switch paths, trapframe structures, and related...
[16:05:36] [spechunter] [Grep] pattern='cpu_switch|savectx|restorectx'
[16:05:36] [spechunter] [Grep] pattern='struct pcb'
[16:05:36] [spechunter] [Grep] pattern='struct trapframe'
[16:05:36] [spechunter] [Grep] pattern='__capability|CHERICap|cap_register|szcap|CAP_SIZE|capability.*encoding'
[16:05:43] [spechunter] [text] No CHERI capability keywords found. Let me read the critical files to understand the actual state.  
[16:05:43] [spechunter] [Read] /home/yzs/riscv/freebsd-src/sys/riscv/include/pcb.h
[16:05:43] [spechunter] [Read] /home/yzs/riscv/freebsd-src/sys/riscv/include/frame.h
[16:05:43] [spechunter] [Read] /home/yzs/riscv/freebsd-src/sys/riscv/riscv/swtch.S
[16:05:43] [spechunter] [Grep] pattern='__switch_to'
[16:05:43] [spechunter] [Grep] pattern='CHERI|cheri|caphybrid|chybrid|capability'
[16:05:43] [spechunter] [Grep] pattern='uycfg|CIFC'
[16:05:51] [spechunter] [text] Now let me check for any CHERI-related definitions, context management, and the broader source tree for capability handl...
[16:05:51] [spechunter] [Read] /home/yzs/riscv/freebsd-src/sys/riscv/riscv/genassym.c
[16:05:51] [spechunter] [Read] /home/yzs/riscv/freebsd-src/sys/riscv/riscv/vm_machdep.c
[16:05:51] [spechunter] [Read] /home/yzs/riscv/freebsd-src/sys/riscv/riscv/exec_machdep.c
[16:06:02] [spechunter] [text] Let me also check the KVM vCPU switch and signal paths for completeness.  
[16:06:02] [spechunter] [Read] /home/yzs/riscv/linux/arch/riscv/kvm/vcpu.c
[16:06:02] [spechunter] [Read] /home/yzs/riscv/linux/arch/riscv/kernel/signal.c
[16:06:02] [spechunter] [Grep] pattern='__switch_to'
[16:06:05] [spechunter] [text] Let me also check for any CHERI-specific infrastructure in the broader source.  
[16:06:05] [spechunter] [Grep] pattern='__has_feature\\(capabilities\\)|__CHERI_CAP_PERMISSION|__CHERI__|__capability'
[16:06:05] [spechunter] [Grep] pattern='mcontext_t|struct gpregs'
[16:06:05] [spechunter] [Grep] pattern='struct reg |struct gpregs|struct fpreg'
[16:06:05] [spechunter] [Grep] pattern='szcap|CAP_SIZE|CAP_WIDTH|capability_size'
[16:06:20] [spechunter] [Read] /home/yzs/riscv/freebsd-src/sys/riscv/include/ucontext.h
[16:06:20] [spechunter] [Read] /home/yzs/riscv/freebsd-src/sys/riscv/include/reg.h
[16:06:20] [spechunter] [Read] /home/yzs/riscv/freebsd-src/sys/riscv/include/fpe.h
[16:06:40] [spechunter] [Read] /home/yzs/riscv/linux/arch/riscv/kernel/entry.S
[16:06:40] [spechunter] [Grep] pattern='SAVE_CAP|RESTORE_CAP|cap_save|cap_restore|capstate|CAP_STATE|capability_state'
[16:06:40] [spechunter] [Grep] pattern='Zyhybrid|zyhybrid|ZYHYBRID'
[16:06:43] [spechunter] [text] Let me also verify the bhyve hypervisor context and locore.S boot path for any CHERI-related handling.  
[16:06:43] [spechunter] [Grep] pattern='CHERI|capability|szcap|CAP_SIZE|__capability'
[16:06:43] [spechunter] [Grep] pattern='CHERI|capability|szcap|__capability'
[16:06:43] [spechunter] [Read] /home/yzs/riscv/freebsd-src/sys/riscv/include/vmm.h
[16:06:52] [spechunter] [Grep] pattern='__register_t'
[16:06:52] [spechunter] [Grep] pattern='CHERI|__CHERI|__cheri|capability_encoding|zydefaultcap|RVYA25'
[16:06:57] [spechunter] [Grep] pattern='CHERI|__CHERI|__cheri|__register_t'
[16:06:57] [spechunter] [Read] /home/yzs/riscv/freebsd-src/sys/riscv/include/_types.h
[16:07:18] [spechunter] [text] Let me also check the KVM vCPU switch assembly and the `thread_struct` definition for any CHERI-related fields.  
[16:07:18] [spechunter] [Read] /home/yzs/riscv/linux/arch/riscv/kvm/vcpu_switch.S
[16:07:18] [spechunter] [Grep] pattern='thread_struct'
[16:07:42] [spechunter] [Grep] pattern='RVY|RVYA|RISCV_ISA_EXT_'
[16:07:42] [spechunter] [Grep] pattern='capability|cap_|CHERI|cheri|chybrid|caphybrid|RVY'
[16:08:40] [spechunter] [text] Now I have a complete picture. Let me compile the findings.  ## Analysis Summary  **This FreeBSD riscv port is a baselin...
[16:09:02] [spechunter] [text] Now I have a complete picture. Let me compile the analysis.  ```json {   "findings": [     {       "file_path": "arch/ri...
[13:30:23] [spechunter] PR loaded: #210 riscv/riscv-profiles — "RVYA25 profile"
[13:30:23] [spechunter]   diff: 18497 chars  body: 154 chars  reviews: 1
[13:30:23] [spechunter] Global pre-filter running...
[13:30:43] [spechunter] [text] {"should_skip": false}
[13:30:44] [spechunter] pre-filter: should_skip=False reason=""
[13:31:05] [spechunter] [text] {"should_skip": false}
[13:31:18] [spechunter] [text] {"should_skip": true, "skip_reason": "RVYA25 is a CHERI/RVY capability-based security profile; XiangShan does not implem...
[13:31:21] [spechunter] [text] {"should_skip": false}
[13:31:24] [spechunter] [text] {"should_skip": true, "skip_reason": "Profile document defining U-mode and S-mode extension requirements for CHERI-based...
[13:31:45] [spechunter] [text] ```json {   "violation_condition": "QEMU TCG translates CHERI capability-aware load/store instructions (CLR/CSR variants...
[13:31:53] [spechunter] [text] ```json {   "violation_condition": "The kernel frees a physical page (via put_page, kfree, munmap) and reallocates it wi...
[13:32:18] [spechunter] [TodoWrite] 6 items
[13:32:19] [spechunter] [Grep] pattern='Zys|Zylevels|Zyhybrid|Zydefaultcap|Svucrg|Svucrglct|Svy|Smyre|Supm|Zabhlrsc|Zabha|Ss1p13'
[13:32:19] [spechunter] [Grep] pattern='Zys|Zylevels|Zyhybrid|Zydefaultcap|Svucrg|Svucrglct|Svy|Smyre|Supm|Zabhlrsc|Zabha|Ss1p13'
[13:32:19] [spechunter] [Grep] pattern='Zys|Zylevels|Zyhybrid|Zydefaultcap|Svucrg|Svucrglct|Svy|Smyre|Supm|Zabhlrsc|Zabha|Ss1p13'
[13:32:19] [spechunter] [Grep] pattern='cheri|capability|CHERI'
[13:32:29] [spechunter] [Agent] description, subagent_type
[13:32:29] [spechunter] [Agent] description, subagent_type
[13:32:32] [spechunter] [Grep] pattern='Svucrg|svucrg|SVUCRG|capability.*revoc|revoc.*capab|ucrg|UCRG'
[13:32:32] [spechunter] [Grep] pattern='Svucrglct|svucrglct|SVUCRGLCT|ucrglct'
[13:32:32] [spechunter] [Grep] pattern='Svlbclct|svlbclct|SVLBCLCT|lbc.*load.*cap|cap.*load.*broadcast'
[13:32:32] [spechunter] [Grep] pattern='cheri|CHERI|capability.*sweep|sweep.*capab|user.*capab'
[13:32:36] [spechunter] [Grep] pattern='Svucrg'
[13:32:36] [spechunter] [Grep] pattern='Svucrglct'
[13:32:36] [spechunter] [Grep] pattern='\\bSvy\\b'
[13:32:36] [spechunter] [Grep] pattern='\\bsatp\\b'
[13:32:36] [spechunter] [Grep] pattern='\\bmenvcfg\\b'
[13:32:36] [spechunter] [Grep] pattern='\\bsenvcfg\\b'
[13:32:42] [spechunter] [Grep] pattern='Zys|Zylevels|Zyhybrid|Zydefaultcap|Svucrg|Svucrglct|Svy|Smyre|Supm|Zabhlrsc|Zabha|Ss1p13'
[13:32:42] [spechunter] [Grep] pattern='Zys|Zylevels|Zyhybrid|Zydefaultcap|Svucrg|Svucrglct|Svy|Smyre|Supm|Zabhlrsc|Zabha|Ss1p13'
[13:32:42] [spechunter] [Grep] pattern='svucrg|svucrglct|Svucrg|Svucrglct'
[13:32:42] [spechunter] [Grep] pattern='capability|cap_load|cap_store|captag|cap_tag|capreg|cap_reg'
[13:32:56] [spechunter] [Glob] target/riscv/**/*cheri*
[13:32:56] [spechunter] [Glob] target/riscv/**/*cap*
[13:32:56] [spechunter] [Glob] target/riscv/**/*cheri*.*
[13:32:56] [spechunter] [Bash] List top-level files in target/riscv
[13:32:56] [spechunter] [Grep] pattern='cheri|CHERI'
[13:32:58] [spechunter] [Grep] pattern='cheri|CHERI'
[13:32:58] [spechunter] [Grep] pattern='capability|zys|zydefaultcap'
[13:32:58] [spechunter] [Glob] target/riscv/**/*cheri*
[13:32:58] [spechunter] [Glob] target/riscv/**/*cap*
[13:32:58] [spechunter] [Glob] target/riscv/**/meson.build
[13:32:58] [spechunter] [text] Let me search more specifically for RISC-V CHERI/capability support and the Svucrg extension in the kernel.  
[13:32:58] [spechunter] [Grep] pattern='RISCV_ISA_CHERI|CONFIG_CHERI|CHERI_RISCV|cheri_riscv'
[13:32:58] [spechunter] [Grep] pattern='SVUCRG|SVLB|Svucrg|SVUC'
[13:32:58] [spechunter] [Grep] pattern='SVY|Svy|svy'
[13:32:58] [spechunter] [Grep] pattern='morello|Morello|MORELLO|cheri'
[13:33:06] [spechunter] [Grep] pattern='capability|cheri|CHERI'
[13:33:06] [spechunter] [Read] /home/yzs/riscv/qemu/target/riscv/insn_trans/trans_rvzabha.c.inc
[13:33:06] [spechunter] [Grep] pattern='Zabhlrsc|abhlrsc'
[13:33:06] [spechunter] [Grep] pattern='Supm|upm|UPM|user_pm'
[13:33:16] [spechunter] [text] No existing CHERI/Svucrg support in this kernel tree. Let me now trace the actual page freeing and memory deallocation p...
[13:33:16] [spechunter] [TodoWrite] 6 items
[13:33:26] [spechunter] [Bash] List tcg and insn_trans subdirectories
[13:33:26] [spechunter] [Grep] pattern='cheri|CHERI|capability'
[13:33:26] [spechunter] [Grep] pattern='clr|cap_reg|capability_reg|cap_ld|cap_st'
[13:33:33] [spechunter] [Grep] pattern='capability|zys|zydefaultcap|ZYS|ZYDEFAULTCAP|Cheri|CHERI'
[13:33:33] [spechunter] [Grep] pattern='capability'
[13:33:33] [spechunter] [Grep] pattern='capability'
[13:33:33] [spechunter] [Bash] List all files in the target/riscv directory
[13:33:33] [spechunter] [Grep] pattern='cheri|CHERI'
[13:33:40] [spechunter] [Grep] pattern='Smyre|smyre'
[13:33:40] [spechunter] [Grep] pattern='Ss1p13|ss1p13'
[13:33:40] [spechunter] [Grep] pattern='zydefaultcap|Zydefaultcap'
[13:33:40] [spechunter] [Grep] pattern='zylevels|Zylevels|Zyhybrid|zyhybrid'
[13:33:40] [spechunter] [Grep] pattern='zabha|Zabha|ext_zabha'
[13:33:41] [spechunter] [Glob] arch/riscv/mm/**/*.c
[13:33:41] [spechunter] [Glob] arch/riscv/kernel/module*.c
[13:33:41] [spechunter] [Glob] arch/riscv/kvm/**/*.c
[13:33:41] [spechunter] [Glob] arch/riscv/kernel/asm-offsets.c
[13:33:45] [spechunter] [text] {"should_skip": false}   ## PR #211: Clarify satp behavior for Bare translation mode Repo: riscv/riscv-isa-manual  ### P...
[13:33:49] [spechunter] [Grep] pattern='\\bsatp\\b'
[13:33:49] [spechunter] [Grep] pattern='\\bsatp\\b'
[13:33:49] [spechunter] [Grep] pattern='\\bsatp\\b'
[13:33:49] [spechunter] [Grep] pattern='\\bsatp\\b'
[13:33:49] [spechunter] [Grep] pattern='\\bsatp\\b'
[13:33:49] [spechunter] [Grep] pattern='\\bmenvcfg\\b'
[13:33:49] [spechunter] [Grep] pattern='\\bsenvcfg\\b'
[13:33:49] [spechunter] [Grep] pattern='\\bsenvcfg\\b'
[13:33:49] [spechunter] [Grep] pattern='\\bsenvcfg\\b'
[13:33:53] [spechunter] [Read] /home/yzs/riscv/linux/arch/riscv/mm/pgtable.c
[13:33:53] [spechunter] [Read] /home/yzs/riscv/linux/arch/riscv/mm/hugetlbpage.c
[13:33:53] [spechunter] [Read] /home/yzs/riscv/linux/arch/riscv/kvm/mmu.c
[13:33:55] [spechunter] [Read] /home/yzs/riscv/qemu/analysis_zytopr.json
[13:33:55] [spechunter] [Grep] pattern='zys|zytopr|zydef|zydefault'
[13:33:55] [spechunter] [Grep] pattern='cheri|CHERI'
[13:34:10] [spechunter] [Grep] pattern='cheri|CHERI|capability'
[13:34:10] [spechunter] [Grep] pattern='clr|cap_reg|capability_reg|cap_ld|cap_st'
[13:34:10] [spechunter] [Grep] pattern='clr|cap_reg|capability_reg|cap_ld|cap_st'
[13:34:10] [spechunter] [Grep] pattern='zydefaultcap|svucrg|c1_c3|cap_perms|cap_base|cap_top|cap_tag|cap_otype'
[13:34:10] [spechunter] [Grep] pattern='cap_bound|bound_check|check_cap|cap_check|auth_cap|dccm|pcc'
[13:34:11] [spechunter] [Grep] pattern='Svy|svy'
[13:34:11] [spechunter] [Grep] pattern='cheri|CHERI'
[13:34:11] [spechunter] [Grep] pattern='Zabhlrsc|zabhlrsc'
[13:34:28] [spechunter] [text] Let me also search in the broader kernel tree for additional references
[13:34:28] [spechunter] [Grep] pattern='\\bmenvcfg\\b'
[13:34:28] [spechunter] [Grep] pattern='\\bsenvcfg\\b'
[13:34:28] [spechunter] [Grep] pattern='\\bCSR_SENVCFG\\b'
[13:34:28] [spechunter] [Grep] pattern='\\bCSR_MENVCFG\\b'
[13:34:28] [spechunter] [Grep] pattern='\\bCSR_SATP\\b'
[13:34:29] [spechunter] [Grep] pattern='cap_bound|bound_check|check_cap|cap_check|auth_cap|dccm'
[13:34:29] [spechunter] [Bash] Check recent git history
[13:34:29] [spechunter] [Bash] List all branches (local and remote)
[13:34:29] [spechunter] [Grep] pattern='cap_'
[13:34:29] [spechunter] [text] API Error: 400 {"detail":"Error code: 400 - {'detail': 'Rate limit exceeded for team: AI_PRD_SELF-ygOCagDg1IJPqSZyFTZ2lU...
[13:34:33] [spechunter] [Grep] pattern='RVYA|RVA25|RVA23|RVY'
[13:34:33] [spechunter] [Grep] pattern='ext_smrnmi|ext_smmpm|ext_smctr|ext_smcsrind|ext_smcdeleg|ext_ssctr|ext_sscsrind'
[13:34:33] [spechunter] [Read] /home/yzs/riscv/qemu/target/riscv/insn_trans/trans_rvzabha.c.inc
[13:34:34] [spechunter] [text] API Error: 400 {"detail":"Error code: 400 - {'detail': 'Rate limit exceeded for team: AI_PRD_SELF-ygOCagDg1IJPqSZyFTZ2lU...
[13:34:41] [spechunter] [text] Now let me trace the RISC-V specific page freeing paths and look at the alloc/free infrastructure.  
[13:34:41] [spechunter] [Glob] arch/riscv/include/asm/pgalloc.h
[13:34:41] [spechunter] [Glob] arch/riscv/include/asm/tlb.h
[13:34:41] [spechunter] [Glob] arch/riscv/include/asm/pgtable*.h
[13:34:41] [spechunter] [Grep] pattern='free_page|put_page|__free_pages|kfree|vfree|kvfree'
[13:34:42] [spechunter] [text] API Error: 400 {"detail":"Error code: 400 - {'detail': 'Rate limit exceeded for team: AI_PRD_SELF-ygOCagDg1IJPqSZyFTZ2lU...
[13:34:43] [spechunter] [text] API Error: 400 {"detail":"Error code: 400 - {'detail': 'Rate limit exceeded for team: AI_PRD_SELF-ygOCagDg1IJPqSZyFTZ2lU...
[13:34:58] [spechunter] [Grep] pattern='cap|cheri'
[13:34:58] [spechunter] [Grep] pattern='cheri|cap\\b|capability|chx|clc|gctop|cmv|cload|capmode'
[13:34:58] [spechunter] [Grep] pattern='cheri|capability|pmpcfg|pmpaddr'
[13:34:58] [spechunter] [Grep] pattern='cheri|cap|capability'
[13:34:58] [spechunter] [Grep] pattern='cheri|cap|capability'
[13:34:58] [spechunter] [Grep] pattern='cheri|cap|capability'
[13:34:58] [spechunter] [Grep] pattern='cheri|cap|capability'
[13:34:58] [spechunter] [Grep] pattern='cheri|cap|capability'
[13:35:03] [spechunter] [text] ```json {   "violation_condition": "In the FreeBSD kernel on RVYA25 hardware implementing Zyhybrid, when the context-swi...
[13:35:21] [spechunter] [TodoWrite] 7 items
[13:35:29] [spechunter] [text] I'll systematically analyze the codebase for Svucrg capability revocation violations. Let me start by understanding the ...
[13:35:29] [spechunter] [Bash] List spec reference directories
[13:35:29] [spechunter] [Agent] description, prompt
[13:35:29] [spechunter] [Agent] description, prompt
[13:35:33] [spechunter] [Grep] pattern='zys|cheri|ZYS|CHERI'
[13:35:33] [spechunter] [Bash] List instruction translation files
[13:35:33] [spechunter] [Grep] pattern='cap|cheri'
[13:35:33] [spechunter] [Grep] pattern='cap|cheri'
[13:35:33] [spechunter] [Read] /home/yzs/riscv/qemu/target/riscv/meson.build
[13:35:41] [spechunter] [Bash] List top-level contents of spec_ref directory
[13:35:41] [spechunter] [Glob] **/*
[13:35:41] [spechunter] [Grep] pattern='(?i)(cheri|capability|svucrg|revocation|rvya|memory.safety)'
[13:35:43] [spechunter] [Grep] pattern='Zyhybrid|Zys|Zydefaultcap'
[13:35:43] [spechunter] [Grep] pattern='DDC|PCC|uycfg'
[13:35:43] [spechunter] [Grep] pattern='capregs|cpu_switch|cpu_throw'
[13:35:43] [spechunter] [Grep] pattern='capability.*tag|CTSTATUS|CHERI'
[13:35:43] [spechunter] [Grep] pattern='cap_reg|capability.*build|c\\d+'
[13:35:43] [spechunter] [Grep] pattern='DDC|PCC|cheri_capability'
[13:35:43] [spechunter] [Grep] pattern='Zyhybrid|Zys|Zydefaultcap|uycfg|CTSTATUS'
[13:35:56] [spechunter] [Read] /home/yzs/riscv/freebsd-src/sys/riscv/riscv/swtch.S
[13:35:56] [spechunter] [Grep] pattern='cheri|CHERI|capability|capreg|caphw|DDC|PCC|uycfg|Zyhybrid|Zys'
[13:35:56] [spechunter] [Grep] pattern='cpu_switch|cpu_throw'
[13:35:56] [spechunter] [Grep] pattern='pmap'
[13:36:04] [spechunter] [Grep] pattern='(?i)(svucrg|revocation|rvya|memory.safety|capability.based.security)'
[13:36:04] [spechunter] [Bash] List src directory structure of riscv-cheri
[13:36:04] [spechunter] [Bash] List cheri subdirectory of src
[13:36:04] [spechunter] [Read] /home/yzs/riscv/rv-isa-sec/spec_ref/riscv-cheri/README.md
[13:36:04] [spechunter] [Read] /home/yzs/riscv/rv-isa-sec/spec_ref/riscv-cheri/src/riscv-cheri.adoc
[13:36:05] [spechunter] [Grep] pattern='cheri|cap|zys'
[13:36:05] [spechunter] [Grep] pattern='cheri|cap|zys|capability'
[13:36:05] [spechunter] [Grep] pattern='cheri|cap|zys|capability'
[13:36:05] [spechunter] [Grep] pattern='cheri|cap|capability|zys'
[13:36:05] [spechunter] [Grep] pattern='cheri|cap|capability|zys'
[13:36:05] [spechunter] [Grep] pattern='cheri|cap|capability|zys'
[13:36:05] [spechunter] [Grep] pattern='cheri|cap|capability|zys'
[13:36:10] [spechunter] [Grep] pattern='Svucrg|svucrg'
[13:36:10] [spechunter] [Grep] pattern='capability revocation|revocation sweep'
[13:36:10] [spechunter] [Grep] pattern='cap_revoke'
[13:36:10] [spechunter] [Grep] pattern='RVYA25'
[13:36:10] [spechunter] [Grep] pattern='cheri'
[13:36:15] [spechunter] [Grep] pattern='CHERI|cheri|Morello'
[13:36:15] [spechunter] [Grep] pattern='capregs_save|capregs_restore|set_user_capregs|capregs'
[13:36:15] [spechunter] [Grep] pattern='DDC|PCC'
[13:36:15] [spechunter] [Grep] pattern='DDC|PCC'
[13:36:15] [spechunter] [Grep] pattern='cpu_switch|cpu_throw'
[13:36:15] [spechunter] [Grep] pattern='Zyhybrid|Zys|Zydefaultcap|uycfg|CTSTATUS|capability.*tag|tag.*clear'
[13:36:17] [spechunter] [Grep] pattern='cheri|CHERI|__CHERI__|capability|DDC|PCC'
[13:36:17] [spechunter] [Grep] pattern='cheri|CHERI|__CHERI__'
[13:36:17] [spechunter] [Read] /home/yzs/riscv/freebsd-src/sys/riscv/riscv/genassym.c
[13:36:34] [spechunter] [Read] /home/yzs/riscv/rv-isa-sec/spec_ref/riscv-cheri/src/cheri/riscv-cheri.adoc
[13:36:34] [spechunter] [Read] /home/yzs/riscv/rv-isa-sec/spec_ref/riscv-cheri/src/cheri/cheri-pte-ext.adoc
[13:36:34] [spechunter] [Read] /home/yzs/riscv/rv-isa-sec/spec_ref/riscv-cheri/src/cheri/attributes.adoc
[13:36:34] [spechunter] [Read] /home/yzs/riscv/rv-isa-sec/spec_ref/riscv-cheri/src/cheri/introduction.adoc
[13:36:34] [spechunter] [Read] /home/yzs/riscv/rv-isa-sec/spec_ref/riscv-cheri/src/cheri/rvy-cheriot-isa-priv.adoc
[13:36:34] [spechunter] [Grep] pattern='(?i)rvya'
[13:36:34] [spechunter] [Grep] pattern='(?i)svucrg'
[13:36:37] [spechunter] [Read] /home/yzs/riscv/freebsd-src/sys/riscv/include/pcb.h
[13:36:37] [spechunter] [Read] /home/yzs/riscv/freebsd-src/sys/riscv/riscv/trap.c
[13:36:37] [spechunter] [Read] /home/yzs/riscv/freebsd-src/sys/riscv/include/frame.h
[13:36:42] [spechunter] [Grep] pattern='cheri|CHERI|Cheri'
[13:36:42] [spechunter] [Grep] pattern='cheri|CHERI|Cheri'
[13:36:42] [spechunter] [Grep] pattern='cheri|CHERI|Cheri'
[13:36:42] [spechunter] [Grep] pattern='cheri|CHERI|Cheri'
[13:36:42] [spechunter] [Grep] pattern='cheri|CHERI|Cheri'
[13:36:42] [spechunter] [Grep] pattern='cheri|CHERI|Cheri'
[13:36:42] [spechunter] [Grep] pattern='cheri|CHERI|Cheri'
[13:36:42] [spechunter] [Grep] pattern='cheri|CHERI|Cheri'
[13:37:00] [spechunter] [Grep] pattern='CHERI|CheriBSD|cheriabi'
[13:37:00] [spechunter] [Grep] pattern='CHERI|CheriBSD|cheriabi'
[13:37:00] [spechunter] [Grep] pattern='CHERI|CheriBSD|cheriabi'
[13:37:00] [spechunter] [Grep] pattern='PT_CHERI|cheri|c18n|c19n|c20n|c21n|c22n|c23n|c24n|c25n|c26n|c27n|c28n|c29n|c30n|c31n'
[13:37:00] [spechunter] [Read] /home/yzs/riscv/freebsd-src/sys/riscv/riscv/swtch.S
[13:37:01] [spechunter] [Grep] pattern='(?i)(RVYA|rvy.*profile)'
[13:37:01] [spechunter] [Grep] pattern='(?i)(memory.safety|use.after.free|use.after.realloc|capability.based)'
[13:37:01] [spechunter] [Grep] pattern='(?i)(revoc|svycrg|capability.dirty|load.barrier|store.barrier|cornucopia)'
[13:37:01] [spechunter] [Read] /home/yzs/riscv/rv-isa-sec/spec_ref/riscv-cheri/src/cheri/riscv-unpriv-integration.adoc
[13:37:01] [spechunter] [Read] /home/yzs/riscv/rv-isa-sec/spec_ref/riscv-cheri/src/cheri/riscv-priv-integration.adoc
[13:37:01] [spechunter] [Read] /home/yzs/riscv/rv-isa-sec/spec_ref/riscv-cheri/src/cheri/rvy-cheriot-isa-unpriv.adoc
[13:37:12] [spechunter] [Grep] pattern='purecap|pure_capability|PURECAP'
[13:37:12] [spechunter] [Grep] pattern='morello|Morello|MORELLO'
[13:37:12] [spechunter] [Grep] pattern='revocat|sweep'
[13:37:12] [spechunter] [Grep] pattern='revocat|sweep'
[13:37:12] [spechunter] [Grep] pattern='capability'
[13:37:12] [spechunter] [Grep] pattern='capability'
[13:37:20] [spechunter] [Grep] pattern='cpu_switch|cpu_throw|capreg|capability.*reg|DDC|PCC|__cheri|cheri_capability|capregs_save|capregs_restore|CTSTATUS|uycfg|Zyhybrid|Zys|Zyd'
[13:37:20] [spechunter] [Grep] pattern='cheri|CHERI|__CHERI__|capability'
[13:37:20] [spechunter] [Grep] pattern='cheri|__CHERI_|capability'
[13:37:24] [spechunter] [Read] /home/yzs/riscv/rv-isa-sec/spec_ref/riscv-cheri/src/cheri/riscv-cheri.bib
[13:37:24] [spechunter] [Read] /home/yzs/riscv/rv-isa-sec/spec_ref/riscv-cheri/src/resources/riscv-spec.bib
[13:37:24] [spechunter] [Grep] pattern='(?i)profile'
[13:37:24] [spechunter] [Read] /home/yzs/riscv/rv-isa-sec/spec_ref/riscv-cheri/src/cheri/zylevels1.adoc
[13:37:24] [spechunter] [Read] /home/yzs/riscv/rv-isa-sec/spec_ref/riscv-cheri/src/cheri/system.adoc
[13:37:32] [spechunter] [Glob] **/cheri/**
[13:37:32] [spechunter] [Glob] **/morello/**
[13:37:32] [spechunter] [Glob] sys/arm64/**/cheri*
[13:37:33] [spechunter] [text] ```json {   "locations": [     {       "file_path": "sys/riscv/riscv/swtch.S",       "function_name": "cpu_throw",      ...
[13:37:38] [spechunter] [Grep] pattern='Zcheri|CHERI|cvcre|cvcrg|cvyrg|Svyrg|cidrc'
[13:37:38] [spechunter] [Grep] pattern='CHERI|cheri|capability.purge|capability.clear'
[13:37:38] [spechunter] [Grep] pattern='cap.reg|cap_reg|capreg|capability.register'
[13:37:46] [spechunter] [Grep] pattern='(cheri|capability|revocation|memory.safety)'
[13:37:46] [spechunter] [Grep] pattern='(cheri|capability|revocation|memory.safety)'
[13:37:46] [spechunter] [Grep] pattern='(cheri|capability|revocation|rvya|svucrg|memory.safety)'
[13:37:46] [spechunter] [Read] /home/yzs/riscv/rv-isa-sec/spec_ref/riscv-cheri/src/cheri/zyseal.adoc
[13:37:52] [spechunter] [Grep] pattern='cheri|chery|__CHERI'
[13:37:52] [spechunter] [Grep] pattern='cheri|chery'
[13:37:52] [spechunter] [Glob] sys/riscv/cheri/**
[13:38:08] [spechunter] [Grep] pattern='(cheri|RV64Y|RV32Y|capability|svy)'
[13:38:08] [spechunter] [Grep] pattern='(cheri|RV64Y|RV32Y|capability|svycrg|revocation)'
[13:38:08] [spechunter] [Read] /home/yzs/riscv/rv-isa-sec/spec_ref/riscv-cheri/readme.adoc
[13:38:20] [spechunter] [TodoWrite] 7 items
[13:38:37] [spechunter] [text] The search confirms that the upstream QEMU repository does not contain CHERI capability extension code (it exists only i...
[13:38:37] [spechunter] [Agent] description, prompt
[13:38:37] [spechunter] [Agent] description, prompt
[13:38:37] [spechunter] [Agent] description, prompt
[13:38:40] [spechunter] [Glob] exception*
[13:38:40] [spechunter] [Grep] pattern='cpu_switch|cpu_throw|fork_trampoline|sret|savectx|makectx'
[13:38:40] [spechunter] [Grep] pattern='chardev|CHERI|__cheri'
[13:38:55] [spechunter] [Read] /home/yzs/riscv/qemu/target/riscv/translate.h
[13:38:55] [spechunter] [Read] /home/yzs/riscv/qemu/target/riscv/translate.c
[13:38:55] [spechunter] [Read] /home/yzs/riscv/qemu/target/riscv/insn_trans/trans_rvi.c.inc
[13:38:55] [spechunter] [Glob] target/riscv/insn_trans/trans_rva*.inc
[13:38:55] [spechunter] [Glob] target/riscv/insn_trans/trans_rvv*.inc
[13:39:08] [spechunter] [Glob] target/riscv/*helper*
[13:39:08] [spechunter] [Glob] target/riscv/*ptw*
[13:39:08] [spechunter] [Glob] target/riscv/*pmp*
[13:39:08] [spechunter] [Glob] target/riscv/translate.*
[13:39:08] [spechunter] [Grep] pattern='get_physical_address'
[13:39:08] [spechunter] [Grep] pattern='riscv_cpu_tlb_fill'
[13:39:08] [spechunter] [Grep] pattern='Ss1p13'
[13:39:11] [spechunter] [Read] /home/yzs/riscv/qemu/target/riscv/insn_trans/trans_rva.c.inc
[13:39:11] [spechunter] [Grep] pattern='trans_v[l|s][^ds]|gen_v[l|s]|tcg_gen_qemu_ld|tcg_gen_qemu_st|vle|vse|vl[sx]e|vs[sx]e|vlseg|vsseg'
[13:39:11] [spechunter] [Grep] pattern='static bool trans_lr|static bool trans_sc|static bool trans_amoswap|static bool trans_amoadd|static bool trans_amoxor|static bool trans_amoand|static bool trans_amoor|static bool trans_amomin|static bool trans_amomax|static bool trans_amominu|static bool trans_amomaxu'
[13:39:19] [spechunter] [Grep] pattern='riscv_csrrw'
[13:39:19] [spechunter] [Grep] pattern='csr_write_fn'
[13:39:19] [spechunter] [Grep] pattern='typedef struct DisasContext'
[13:39:19] [spechunter] [Grep] pattern='tb_flush'
[13:39:19] [spechunter] [Grep] pattern='[Zz]abha|[Zz]abhlrsc'
[13:39:19] [spechunter] [Grep] pattern='[Ss]upm|pointer.mask'
[13:39:36] [spechunter] [Grep] pattern='void tcg_gen_qemu_ld|void tcg_gen_qemu_st'
[13:39:36] [spechunter] [Grep] pattern='ld_us_op|st_us_op|ld_stride_op|ld_index_op|ld_us_check|st_us_check'
[13:39:36] [spechunter] [Grep] pattern='trans_ld|trans_sd|trans_lw|trans_sw|trans_lb|trans_sb'
[13:39:38] [spechunter] [Read] /home/yzs/riscv/freebsd-src/context_switch_capability_audit.json
[13:39:38] [spechunter] [Read] /home/yzs/riscv/freebsd-src/sys/riscv/riscv/exception.S
[13:39:40] [spechunter] [Read] /home/yzs/riscv/qemu/target/riscv/cpu_helper.c
[13:39:40] [spechunter] [Read] /home/yzs/riscv/qemu/target/riscv/cpu_helper.c
[13:39:40] [spechunter] [Read] /home/yzs/riscv/qemu/target/riscv/cpu_helper.c
[13:39:40] [spechunter] [Read] /home/yzs/riscv/qemu/target/riscv/pmp.c
[13:39:40] [spechunter] [Read] /home/yzs/riscv/qemu/target/riscv/pmp.h
[13:39:40] [spechunter] [Grep] pattern='sfence|SINVAL|tlb_flush|tlb_invalidate|TLB_INVALIDATE'
[13:39:40] [spechunter] [Grep] pattern='PTE_A|PTE_D|ptea|pted|accessed|dirty|A_DIRTY|set_dirty'
[13:39:40] [spechunter] [Grep] pattern='Ss1p13|s1p13|Svucrg|svucrg|capabilit|cheri|CHERI'
[13:39:51] [spechunter] [Grep] pattern='csr_write_fn|write_csr|csr_ops|\\.write\\s*='
[13:39:51] [spechunter] [Read] /home/yzs/riscv/qemu/target/riscv/csr.c
[13:39:51] [spechunter] [Grep] pattern='gen_update_pc|gen_set_pc|gen_helper_tb_flush|exit_tb|tb_stop|translator_io_start'
[13:39:51] [spechunter] [Grep] pattern='DisasExtend|gen_arith|mstatus_fs|mstatus_vs|vstart_eq_zero|vl_eq_vlmax|vill\\s*=|lmul\\s*=|sew\\s*='
[13:39:51] [spechunter] [Read] /home/yzs/riscv/qemu/target/riscv/insn_trans/trans_rvzabha.c.inc
[13:39:51] [spechunter] [Grep] pattern='[Ss]upm|pointer_mask'
[13:39:58] [spechunter] [text] Now let me read the specific structures and look for tag-clearing or hybrid-mode code paths.  
[13:39:58] [spechunter] [Grep] pattern='tag.*clear|clear.*tag|strip.*tag|tag.*strip|capability.*clear|clear.*capab|hybrid|cheri.*mode|mode.*cheri|purecap|pure_cap|hybrid.*cheri|cheri.*hybrid|CSR_UCTX|SSTATUS_UCT|SSTATUS_CAP|mstatus.*cap|cap.*mstatus'
[13:39:58] [spechunter] [Grep] pattern='__CHERI_PURE_CAPABILITY__|__CHERI_HYBRID__|__CHERI_PURE__|CHERI_HYBRID|PURECAP'
[13:39:58] [spechunter] [Grep] pattern='DDC|default.*data.*cap|default_data_cap|PCC|program.*counter.*cap'
[13:40:11] [spechunter] [Read] /home/yzs/riscv/qemu/tcg/tcg-op-ldst.c
[13:40:11] [spechunter] [Read] /home/yzs/riscv/qemu/tcg/tcg-op-ldst.c
[13:40:11] [spechunter] [Read] /home/yzs/riscv/qemu/tcg/tcg-op-ldst.c
[13:40:11] [spechunter] [Read] /home/yzs/riscv/qemu/target/riscv/insn_trans/trans_rvv.c.inc
[13:40:14] [spechunter] [Read] /home/yzs/riscv/qemu/target/riscv/cpu_helper.c
[13:40:14] [spechunter] [Read] /home/yzs/riscv/qemu/target/riscv/cpu_helper.c
[13:40:14] [spechunter] [Read] /home/yzs/riscv/qemu/target/riscv/op_helper.c
[13:40:14] [spechunter] [Read] /home/yzs/riscv/qemu/target/riscv/insn_trans/trans_svinval.c.inc
[13:40:14] [spechunter] [Read] /home/yzs/riscv/qemu/target/riscv/cpu_bits.h
[13:40:14] [spechunter] [Grep] pattern='PTE_SOFT|PTE_RSW|PTE_RESERVED'
[13:40:14] [spechunter] [Grep] pattern='capabilit|Svucrg|cheri_cap|bound_check'
[13:40:23] [spechunter] [text] Let me now look deeper at the specific areas related to the Zyhybrid tag-clearing violation condition.  
[13:40:23] [spechunter] [Read] /home/yzs/riscv/freebsd-src/sys/riscv/riscv/vm_machdep.c
[13:40:23] [spechunter] [Read] /home/yzs/riscv/freebsd-src/sys/riscv/vmm/vmm_switch.S
[13:40:23] [spechunter] [Read] /home/yzs/riscv/freebsd-src/sys/riscv/vmm/riscv.h
[13:40:24] [spechunter] [Grep] pattern='\\.write\\s*=\\s*write_'
[13:40:24] [spechunter] [Grep] pattern='zabhlrsc|Zabhlrsc'
[13:40:24] [spechunter] [Grep] pattern='ctx->base\\.is_jmp|DISAS_NORETURN|DISAS_TOO_MANY|DISAS_CHAIN|DISAS_UPDATE|TRANSLATE_END|TB_EXIT_MASK'
[13:40:24] [spechunter] [Read] /home/yzs/riscv/qemu/target/riscv/translate.c
[13:40:24] [spechunter] [Grep] pattern='gen_amo\\b'
[13:40:24] [spechunter] [Grep] pattern='supm|SUPM|pointer_mask'
[13:40:29] [spechunter] [Read] /home/yzs/riscv/qemu/target/riscv/insn_trans/trans_rvv.c.inc
[13:40:29] [spechunter] [Grep] pattern='static void ldst_us_trans\\('
[13:40:29] [spechunter] [Grep] pattern='tcg_gen_qemu_ld|tcg_gen_qemu_st|helper_ldst_us|HELPER.*vle|HELPER.*vse'
[13:40:50] [spechunter] [Grep] pattern='#define GEN_VEXT_TRANS'
[13:40:50] [spechunter] [Grep] pattern='HELPER|ve_ldst_us|vle|vse|cpu_ld|tcg_gen_qemu_ld'
[13:40:50] [spechunter] [Glob] target/riscv/vector_helper.c
[13:40:53] [spechunter] [Grep] pattern='\\.write\\s*='
[13:40:53] [spechunter] [Grep] pattern='tb_flags|cpu_get_tb_cpu_state|TRANS_FLAGS'
[13:40:53] [spechunter] [Read] /home/yzs/riscv/qemu/target/riscv/translate.c
[13:40:53] [spechunter] [Read] /home/yzs/riscv/qemu/target/riscv/translate.c
[13:40:53] [spechunter] [Read] /home/yzs/riscv/qemu/target/riscv/translate.c
[13:40:53] [spechunter] [Grep] pattern='supm|pointer_mask'
[13:40:58] [spechunter] [Read] /home/yzs/riscv/qemu/target/riscv/vector_helper.c
[13:40:58] [spechunter] [Grep] pattern='lde_b_tlb|lde_h_tlb|lde_w_tlb|lde_d_tlb|ste_b_tlb|ste_h_tlb|ste_w_tlb|ste_d_tlb|ld_b_host|ld_h_host|ld_w_host|ld_d_host|st_b_host|st_h_host|st_w_host|st_d_host'
[13:41:00] [spechunter] [text] Now let me read the spec to understand the exact Svucrg requirement, then examine the kernel's page-freeing paths.  
[13:41:00] [spechunter] [Read] /home/yzs/riscv/rv-isa-sec/spec_ref/riscv-cheri/src/cheri/cheri-pte-ext.adoc
[13:41:00] [spechunter] [Agent] description, prompt
[13:41:12] [spechunter] [text] Now let me search for Zyhybrid-specific CSRs, capability tag management, and hybrid-mode switching concepts
[13:41:12] [spechunter] [Grep] pattern='uycfg|suycfg|menvcfg|henvcfg|senvcfg|ucfg|Scapmode'
[13:41:12] [spechunter] [Grep] pattern='SSTATUS_UXL|SSTATUS_SD|sstatus.*mstatus|mstatus.*mode|MSTATUS.*CAP|capmode|caphw|captag'
[13:41:12] [spechunter] [Grep] pattern='sstatus|SSTATUS'
[13:41:17] [spechunter] [Grep] pattern='cpu_get_tb_cpu_state'
[13:41:17] [spechunter] [Grep] pattern='pointer_mask|riscv_pm_get_pmlen|Sspm|Ssnpm|Smnpm|Smmpm'
[13:41:17] [spechunter] [Grep] pattern='\\.write\\s*=\\s*\\w+'
[13:41:17] [spechunter] [Read] /home/yzs/riscv/qemu/target/riscv/csr.c
[13:41:17] [spechunter] [Grep] pattern='Zalasr|zalasr'
[13:41:17] [spechunter] [Grep] pattern='lde_b_tlb|ld_b_host|lst_b_host|lde_b_host|ste_b_tlb|st_b_host'
[13:41:17] [spechunter] [Grep] pattern='VEI_LD_ELEM|VLD_FNS|VADS_FNS|gen_vwlite'
[13:41:23] [spechunter] [Grep] pattern='#define lde_b_tlb|#define ste_b_tlb|vext_ldst_elem_fn_tlb'
[13:41:23] [spechunter] [Read] /home/yzs/riscv/qemu/target/riscv/vector_helper.c
[13:41:32] [spechunter] [Grep] pattern='^(void|static|__always_inline|inline).*__free_pages\\b'
[13:41:32] [spechunter] [Grep] pattern='^(void|static|__always_inline|inline).*free_pages\\b'
[13:41:32] [spechunter] [Grep] pattern='^(void|static|__always_inline|inline).*put_page\\b'
[13:41:32] [spechunter] [Grep] pattern='^(static|inline|void).*free_unref_page\\b'
[13:41:32] [spechunter] [Grep] pattern='^(static|inline|void).*__free_one_page\\b'
[13:41:32] [spechunter] [Grep] pattern='security_.*page|security_.*free|lsm.*page'
[13:41:32] [spechunter] [Glob] arch/riscv/mm/*.c
[13:41:32] [spechunter] [Grep] pattern='^(int|static).*do_munmap\\b|^.*unmap_region\\b'
[13:41:42] [spechunter] [Grep] pattern='cpu_get_tb_cpu_state'
[13:41:42] [spechunter] [Grep] pattern='pointer_mask'
[13:41:42] [spechunter] [Grep] pattern='riscv_pm_get_pmlen|pointer_mask'
[13:41:42] [spechunter] [Grep] pattern='write_mstatus|write_sstatus|write_vsstatus'
[13:41:42] [spechunter] [Grep] pattern='write_menvcfg|write_senvcfg|write_menvcfgh|write_senvcfgh'
[13:41:58] [spechunter] [Read] /home/yzs/riscv/qemu/target/riscv/vector_helper.c
[13:41:58] [spechunter] [Grep] pattern='#include.*vector|#include.*ldst|#include.*tlb'
[13:42:00] [spechunter] [Read] /home/yzs/riscv/qemu/target/riscv/cpu_helper.c
[13:42:00] [spechunter] [Read] /home/yzs/riscv/qemu/target/riscv/cpu_bits.h
[13:42:00] [spechunter] [Grep] pattern='TRANSLATE_SUCCESS|TRANSLATE_FAIL|TRANSLATE_PMP_FAIL|TRANSLATE_G_STAGE_FAIL'
[13:42:00] [spechunter] [Grep] pattern='satp|SATP64_MODE|SATP32_MODE'
[13:42:00] [spechunter] [Read] /home/yzs/riscv/qemu/target/riscv/insn_trans/trans_privileged.c.inc
[13:42:12] [spechunter] [Read] /home/yzs/riscv/linux/mm/page_alloc.c
[13:42:12] [spechunter] [Read] /home/yzs/riscv/linux/mm/page_alloc.c
[13:42:12] [spechunter] [Read] /home/yzs/riscv/linux/include/linux/mm.h
[13:42:12] [spechunter] [Grep] pattern='^(static |void |bool ).*free_unref_page\\b'
[13:42:12] [spechunter] [Grep] pattern='__pmd_free_tlb|__pud_free_tlb|pte_free_tlb|pmd_free|pud_free|__pte_free_tlb'
[13:42:12] [spechunter] [Grep] pattern='security_file_free|security_.*free|security_vm_enough_memory'
[13:42:13] [spechunter] [Read] /home/yzs/riscv/freebsd-src/sys/riscv/include/riscvreg.h
[13:42:13] [spechunter] [Grep] pattern='CAP|CHERI|capability|PCC|DDC|csv7|scsr|stype|capmode|cust'
[13:42:13] [spechunter] [Grep] pattern='cheri|morello|caphw|__CHERI_CAP|capreg|capability.*reg|CTSTATUS'
[13:42:18] [spechunter] [Grep] pattern='tcg_gen_qemu_ld_tl|tcg_gen_qemu_st_tl'
[13:42:18] [spechunter] [Grep] pattern='#define tcg_gen_qemu_ld_tl|#define tcg_gen_qemu_st_tl|void tcg_gen_qemu_ld_tl|void tcg_gen_qemu_st_tl'
[13:42:18] [spechunter] [Grep] pattern='cpu_ldub_data_ra|cpu_lduw_le_data_ra|cpu_ldl_le_data_ra|cpu_ldq_le_data_ra|cpu_stb_data_ra|cpu_stw_le_data_ra|cpu_stl_le_data_ra|cpu_stq_le_data_ra'
[13:42:25] [spechunter] [Grep] pattern='TRANSLATE_SUCCESS|TRANSLATE_FAIL|TRANSLATE_PMP_FAIL|TRANSLATE_G_STAGE_FAIL'
[13:42:25] [spechunter] [Read] /home/yzs/riscv/qemu/target/riscv/csr.c
[13:42:25] [spechunter] [Grep] pattern='MMUIdx|mmuidx_priv|mmuidx_sum|mmuidx_2stage'
[13:42:25] [spechunter] [Grep] pattern='legalize_xatp'
[13:42:25] [spechunter] [Read] /home/yzs/riscv/qemu/target/riscv/tcg/tcg-cpu.c
[13:42:26] [spechunter] [Grep] pattern='void cpu_get_tb_cpu_state'
[13:42:26] [spechunter] [Read] /home/yzs/riscv/qemu/target/riscv/csr.c
[13:42:26] [spechunter] [Grep] pattern='PMM_FIELD|PM_PMM|riscv_pm_get_pmlen|pointer_mask|pm_pmm'
[13:42:26] [spechunter] [Grep] pattern='write_mmenvcfg|write_smenvcfg|MENVCFG_PMM|menvcfg.*pmm|senvcfg.*pmm'
[13:42:38] [spechunter] [Grep] pattern='tcg_gen_qemu_ld_tl|tcg_gen_qemu_st_tl|tcg_gen_qemu_ld_i128|tcg_gen_qemu_st_i128'
[13:42:38] [spechunter] [Read] /home/yzs/riscv/qemu/include/accel/tcg/cpu-ldst.h
[13:42:41] [spechunter] [Grep] pattern='riscv_cpu_mmu_index|riscv_env_mmu_index'
[13:42:41] [spechunter] [Grep] pattern='MMUIdx|MMU_IDX_SS'
[13:42:41] [spechunter] [Grep] pattern='Ss1p13|s1p13'
[13:42:42] [spechunter] [Grep] pattern='cpu_get_tb_cpu_state'
[13:42:42] [spechunter] [Grep] pattern='pm_mask|pm_base|upmmask|spmmask|mpmmask|senvcfg|menvcfg|PMM_FIELD'
[13:42:42] [spechunter] [Grep] pattern='ext_ssnpm|ext_smnpm|ext_smmpm|ssnpm|smnpm|smmpm'
[13:42:42] [spechunter] [Read] /home/yzs/riscv/qemu/target/riscv/csr.c
[13:42:43] [spechunter] [Grep] pattern='^(static.*|void).*__free_frozen_pages\\b'
[13:42:43] [spechunter] [Grep] pattern='^void free_unref_page\\b'
[13:42:43] [spechunter] [Grep] pattern='free_unref_page'
[13:42:43] [spechunter] [Read] /home/yzs/riscv/linux/arch/riscv/include/asm/pgalloc.h
[13:42:43] [spechunter] [Read] /home/yzs/riscv/linux/arch/riscv/mm/pgtable.c
[13:42:43] [spechunter] [Grep] pattern='^folio_put\\b|^void folio_put\\b'
[13:42:43] [spechunter] [Grep] pattern='folio_put\\b'
[13:42:47] [spechunter] [Read] /home/yzs/riscv/qemu/target/riscv/cpu_helper.c
[13:42:47] [spechunter] [Grep] pattern='MMU_IDX|mmuidx'
[13:42:53] [spechunter] [Grep] pattern='cpu_get_tb_cpu_state|TB_FLAGS|EXT_TB_FLAGS'
[13:42:53] [spechunter] [Grep] pattern='cpu_get_tb_cpu_state'
[13:42:53] [spechunter] [Grep] pattern='write_vsstatus|write_sstatus'
[13:42:56] [spechunter] [Read] /home/yzs/riscv/qemu/include/tcg/tcg-op-mem.h
[13:42:56] [spechunter] [Grep] pattern='cpu_ldub_data_ra'
[13:43:06] [spechunter] [Grep] pattern='mmuidx_priv|mmuidx_sum|mmuidx_2stage|MMUIdx_|MMU_IDX_SS|MMU_2STAGE'
[13:43:06] [spechunter] [Grep] pattern='mmuidx_priv|mmuidx_sum|mmuidx_2stage|MMUIdx_|MMU_IDX_SS|MMU_2STAGE'
[13:43:10] [spechunter] [Grep] pattern='cpu_get_tb_cpu_state'
[13:43:11] [spechunter] [Grep] pattern='mmuidx_priv|MMUIdx_'
[13:43:12] [spechunter] [Read] /home/yzs/riscv/linux/mm/page_alloc.c
[13:43:12] [spechunter] [Grep] pattern='__folio_put'
[13:43:12] [spechunter] [Read] /home/yzs/riscv/linux/mm/mmap.c
[13:43:12] [spechunter] [Grep] pattern='^static.*unmap_region\\b|^unmap_region\\b'
[13:43:12] [spechunter] [Grep] pattern='security_.*unmap|security_.*munmap|security_file_unmap'
[13:43:12] [spechunter] [Grep] pattern='security_.*tlb|tlb_remove|security_mmap_file'
[13:43:12] [spechunter] [Grep] pattern='__pud_free|__pmd_free|__pte_free'
[13:43:22] [spechunter] [Read] /home/yzs/riscv/qemu/target/riscv/internals.h
[13:43:22] [spechunter] [Read] /home/yzs/riscv/qemu/target/riscv/cpu_helper.c
[13:43:24] [spechunter] [text] Now let me look at critical areas: pmap activation for tag implications, locore.S for boot-time capability setup, and th...
[13:43:24] [spechunter] [Read] /home/yzs/riscv/freebsd-src/sys/riscv/riscv/exec_machdep.c
[13:43:24] [spechunter] [Read] /home/yzs/riscv/freebsd-src/sys/riscv/riscv/pmap.c
[13:43:24] [spechunter] [Read] /home/yzs/riscv/freebsd-src/sys/riscv/vmm/vmm_riscv.c
[13:43:36] [spechunter] [Grep] pattern='cpu_get_tb_cpu_state'
[13:43:36] [spechunter] [Grep] pattern='cpu_get_tb_cpu_state'
[13:43:36] [spechunter] [Grep] pattern='TB_FLAGS|EXT_TB_FLAGS'
[13:43:43] [spechunter] [Read] /home/yzs/riscv/linux/mm/swap.c
[13:43:43] [spechunter] [Grep] pattern='^(static.*|void|bool).*__free_pages_ok\\b'
[13:43:43] [spechunter] [Grep] pattern='^(static.*|void|bool).*free_one_page\\b'
[13:43:43] [spechunter] [Grep] pattern='^(static.*|bool).*__free_pages_prepare\\b'
[13:43:43] [spechunter] [Grep] pattern='^(static.*|bool).*free_frozen_page_commit\\b'
[13:43:43] [spechunter] [Grep] pattern='tlb_remove_ptdesc'
[13:43:43] [spechunter] [Grep] pattern='do_vmi_munmap'
[13:43:43] [spechunter] [Grep] pattern='unmap_region|unmap_vmas'
[13:44:06] [spechunter] [text] Now let me trace the pmap activation path and locore.S for boot-time CSR setup context.  
[13:44:06] [spechunter] [Grep] pattern='pmap_activate'
[13:44:06] [spechunter] [Grep] pattern='csr|CSR|sstatus|mstatus|satp|envcfg|senvcfg|menvcfg|henvcfg'
[13:44:06] [spechunter] [Grep] pattern='cp15|scapmode|cap|CHERI|captag|capmode'
[13:44:09] [spechunter] [Grep] pattern='INDEX_op_qemu_ld|INDEX_op_qemu_st|tcg_out_qemu_ld|tcg_out_qemu_st|tcg_out_tlb_load'
[13:44:09] [spechunter] [Read] /home/yzs/riscv/qemu/target/riscv/insn_trans/trans_rvzicbo.c.inc
[13:44:09] [spechunter] [Grep] pattern='trans_cbo|trans_prefetch'
[13:44:10] [spechunter] [Grep] pattern='^(static|bool|__always_inline).*__free_pages_prepare'
[13:44:10] [spechunter] [Read] /home/yzs/riscv/linux/mm/page_alloc.c
[13:44:10] [spechunter] [Read] /home/yzs/riscv/linux/mm/page_alloc.c
[13:44:10] [spechunter] [Read] /home/yzs/riscv/linux/mm/page_alloc.c
[13:44:10] [spechunter] [Read] /home/yzs/riscv/linux/mm/vma.c
[13:44:10] [spechunter] [Read] /home/yzs/riscv/linux/include/asm-generic/tlb.h
[13:44:10] [spechunter] [Grep] pattern='security_inode_free|security_file_free|security_task_free'
[13:44:14] [spechunter] [Grep] pattern='cpu_get_tb_cpu_state'
[13:44:14] [spechunter] [Grep] pattern='PM_PMM|PM_MASK_ENABLED|PM_BASE_ENABLED|PM_SIGNEXTEND'
[13:44:14] [spechunter] [Grep] pattern='riscv_csr_operations'
[13:44:23] [spechunter] [Read] /home/yzs/riscv/qemu/target/riscv/cpu.h
[13:44:23] [spechunter] [Read] /home/yzs/riscv/qemu/target/riscv/cpu.h
[13:44:23] [spechunter] [Grep] pattern='cpu_get_tb_cpu_state'
[13:44:29] [spechunter] [Grep] pattern='tcg_out_tlb_load|tcg_out_qemu_ld|tcg_out_qemu_st|TARGET_PAGE_MASK'
[13:44:29] [spechunter] [Grep] pattern='tcg_out_tlb_load|add_qemu_ldst_label'
[13:44:29] [spechunter] [Grep] pattern='INDEX_op_qemu_ld|CASE_OPCODE.*qemu_ld|TCG\\\\(qemu_ld'
[13:44:36] [spechunter] [Grep] pattern='void cpu_get_tb_cpu_state|static.*cpu_get_tb_cpu_state'
[13:44:36] [spechunter] [Grep] pattern='tlb_flush\\('
[13:44:40] [spechunter] [Read] /home/yzs/riscv/linux/mm/page_alloc.c
[13:44:40] [spechunter] [Read] /home/yzs/riscv/linux/mm/vma.c
[13:44:40] [spechunter] [Grep] pattern='^(static.*|void|bool).*free_pgtables\\b'
[13:44:40] [spechunter] [Grep] pattern='^void unmap_vmas\\b|^static.*unmap_vmas\\b'
[13:44:40] [spechunter] [Grep] pattern='tlb_finish_mmu'
[13:44:40] [spechunter] [Grep] pattern='security_vm_enough_memory_mm|security_mmap_addr|security_mmap_file|security_file_mprotect|security_vma_adjust'
[13:44:40] [spechunter] [Grep] pattern='security_munmap'
[13:44:48] [spechunter] [Grep] pattern='case INDEX_op_qemu_ld|case INDEX_op_qemu_st'
[13:44:48] [spechunter] [Read] /home/yzs/riscv/qemu/tcg/riscv64/tcg-target.c.inc
[13:44:48] [spechunter] [Grep] pattern='cpu_get_tb_cpu_state'
[13:44:48] [spechunter] [Grep] pattern='cpu_get_tb_cpu_state'
[13:45:04] [spechunter] [Grep] pattern='cpu_get_tb_cpu_state'
[13:45:04] [spechunter] [Glob] **/tcg-cpu.*
[13:45:11] [spechunter] [Grep] pattern='static bool trans|tcg_gen_qemu|gen_load|gen_store'
[13:45:11] [spechunter] [Grep] pattern='get_address|gen_load|gen_store|tcg_gen_qemu'
[13:45:32] [spechunter] [Grep] pattern='cpu_get_tb_cpu_state'
[13:45:32] [spechunter] [Grep] pattern='cpu_get_tb_cpu_state'
[13:45:39] [spechunter] [Grep] pattern='cpu_get_tb_cpu_state'
[13:45:59] [spechunter] [Grep] pattern='cpu_get_tb_cpu_state'
[13:45:59] [spechunter] [Grep] pattern='cpu_get_tb_cpu_state'
[13:46:26] [spechunter] [Grep] pattern='memset.*tf.*0|memset.*trapframe|memset.*frame.*0|bzero.*tf|bzero.*frame'
[13:46:26] [spechunter] [Grep] pattern='sret|SRET|eret|exception.*return'
[13:46:26] [spechunter] [Grep] pattern='memset|bzero|execve|exec_setregs|makectx'
[13:46:27] [spechunter] [Read] /home/yzs/riscv/linux/mm/memory.c
[13:46:27] [spechunter] [Grep] pattern='^(static|void|bool).*vms_clear_ptes\\b'
[13:46:27] [spechunter] [Grep] pattern='page_table_check_free|page_table_check_pte_clear|page_table_check_pmd_clear|page_table_check_pud_clear'
[13:46:27] [spechunter] [Read] /home/yzs/riscv/linux/mm/page_alloc.c
[13:46:27] [spechunter] [Read] /home/yzs/riscv/linux/mm/mmu_gather.c
[13:46:27] [spechunter] [Grep] pattern='notifier_call|notifier_call_chain|for_each_online_node|mmu_notifier'
[13:46:27] [spechunter] [Grep] pattern='split_large_buddy'
[13:46:32] [spechunter] [Grep] pattern='cpu_get_tb_cpu_state'
[13:46:32] [spechunter] [Grep] pattern='\\.get_tb_cpu_state'
[13:46:40] [spechunter] [Grep] pattern='riscv_get_tb_cpu_state'
[13:46:59] [spechunter] [Read] /home/yzs/riscv/qemu/target/riscv/tcg/tcg-cpu.c
[13:46:59] [spechunter] [Grep] pattern='helper_csrrw|helper_csrr|helper_csrw|helper_csr'
[13:46:59] [spechunter] [Grep] pattern='tlb_flush|tb_flush'
[13:46:59] [spechunter] [text] Now let me look at the specific Zyhybrid-relevant areas - envcfg CSR handling in the VMM and kernel    
[13:46:59] [spechunter] [Grep] pattern='envcfg|ENVCFG|senvcfg|menvcfg|henvcfg|HENVCFG'
[13:46:59] [spechunter] [Grep] pattern='csr|CSR|register.*init|init.*register|reset'
[13:46:59] [spechunter] [Grep] pattern='pmap_activate|pm_satp|satp|sptbr|page.*table.*walk|sfence'
[13:47:00] [spechunter] [Read] /home/yzs/riscv/linux/mm/vma.c
[13:47:00] [spechunter] [Read] /home/yzs/riscv/linux/mm/page_alloc.c
[13:47:00] [spechunter] [Read] /home/yzs/riscv/linux/mm/page_table_check.c
[13:47:00] [spechunter] [Grep] pattern='__tlb_remove_table\\b'
[13:47:00] [spechunter] [Read] /home/yzs/riscv/linux/security/security.c
[13:47:00] [spechunter] [Grep] pattern='tlb_remove_page_size|zap_pte_range|zap_pmd_range|zap_pud_range'
[13:47:00] [spechunter] [Grep] pattern='call_void_hook|call_int_hook|LSM_HOOK'
[13:47:10] [spechunter] [text] Prompt is too long
[13:47:19] [spechunter] [Read] /home/yzs/riscv/qemu/target/riscv/op_helper.c
[13:47:19] [spechunter] [Grep] pattern='tlb_flush'
[13:47:35] [spechunter] [Grep] pattern='write_vstart|write_vl\\b|write_vtype'
[13:47:35] [spechunter] [Grep] pattern='Zabhlrsc|zabhlrsc'
[13:47:35] [spechunter] [Grep] pattern='riscv_pm_get_pmm|riscv_pm_get_pmlen'
[13:47:42] [spechunter] [Read] /home/yzs/riscv/linux/security/security.c
[13:47:42] [spechunter] [Grep] pattern='void __page_table_check_free\\b|void page_table_check_free\\b'
[13:47:42] [spechunter] [Read] /home/yzs/riscv/linux/mm/mmu_gather.c
[13:47:42] [spechunter] [Grep] pattern='free_pgd_range'
[13:47:42] [spechunter] [Grep] pattern='LSM_HOOK.*mmap|LSM_HOOK.*munmap|LSM_HOOK.*file_free|LSM_HOOK.*file_mprotect|LSM_HOOK.*vm_enough|LSM_HOOK.*page|LSM_HOOK.*free'
[13:47:42] [spechunter] [Grep] pattern='trace_mm_page_free'
[13:47:47] [spechunter] [Read] /home/yzs/riscv/qemu/target/riscv/csr.c
[13:47:47] [spechunter] [Read] /home/yzs/riscv/qemu/target/riscv/cpu.h
[13:47:59] [spechunter] [Read] /home/yzs/riscv/linux/include/linux/page_table_check.h
[13:47:59] [spechunter] [Grep] pattern='do_zap_pte_range'
[13:47:59] [spechunter] [Read] /home/yzs/riscv/linux/mm/memory.c
[13:47:59] [spechunter] [Read] /home/yzs/riscv/linux/include/linux/lsm_hook_defs.h
[13:48:02] [spechunter] [text] ## Cross-validation Analysis  **PR intent**: RVYA25 is a RISC-V ISA profile specification — a configuration/build defini...
[13:48:30] [spechunter] [Agent] description, subagent_type
[13:48:30] [spechunter] [Agent] description, subagent_type
[13:48:37] [spechunter] [Grep] pattern='static void __tlb_remove_table\\b'
[13:48:37] [spechunter] [Read] /home/yzs/riscv/linux/include/linux/page_table_check.h
[13:48:37] [spechunter] [Grep] pattern='zap_present_ptes'
[13:48:43] [spechunter] [Bash] List all directories and files under spec_ref
[13:48:43] [spechunter] [Glob] **/*
[13:48:48] [spechunter] [Grep] pattern='__tlb_remove_table\\b'
[13:48:48] [spechunter] [Read] /home/yzs/riscv/linux/mm/memory.c
[13:49:12] [spechunter] [Grep] pattern='__tlb_remove_table\\b'
[13:49:12] [spechunter] [Grep] pattern='zap_present_folio_ptes'
[13:49:23] [spechunter] [Read] /home/yzs/riscv/linux/mm/memory.c
[13:49:23] [spechunter] [Read] /home/yzs/riscv/linux/include/asm-generic/tlb.h
[13:49:27] [spechunter] [Grep] pattern='cpu_switch|cpu_throw'
[13:49:27] [spechunter] [Grep] pattern='cpu_switch|cpu_throw'
[13:49:27] [spechunter] [Grep] pattern='cpu_switch|cpu_throw'
[13:49:27] [spechunter] [Grep] pattern='cpu_switch|cpu_throw'
[13:49:27] [spechunter] [Grep] pattern='capregs_save|capregs_restore|set_user_capregs'
[13:49:27] [spechunter] [Grep] pattern='capability_tag|capregs'
[13:49:27] [spechunter] [Grep] pattern='CTSTATUS|DDC|PCC'
[13:49:27] [spechunter] [Grep] pattern='cheri_capability_build_user'
[13:49:27] [spechunter] [Grep] pattern='Zyhybrid|RVYA25'
[13:49:27] [spechunter] [Grep] pattern='clean_capability'
[13:49:27] [spechunter] [Bash] List riscv-fast-interrupt directory
[13:49:27] [spechunter] [Bash] List riscv-iopmp directory
[13:49:27] [spechunter] [Bash] List riscv-isa-manual directory
[13:49:27] [spechunter] [Bash] List CHERI src/cheri subdirectory
[13:49:27] [spechunter] [Bash] List CHERI src directory files
[13:49:44] [spechunter] [Grep] pattern='pagetable_dtor_free|pagetable_free'
[13:49:44] [spechunter] [Grep] pattern='LSM.*page|page.*LSM|free.*page.*hook|hook.*free.*page'
[13:50:11] [spechunter] [Grep] pattern='RVYA25'
[13:50:11] [spechunter] [Grep] pattern='zyhybrid|ZyHybrid|Zybrid|hybrid.*encod'
[13:50:11] [spechunter] [Grep] pattern='tag.*clear|clear.*tag|ctsr|ctstatus|CTSTATUS'
[13:50:11] [spechunter] [Grep] pattern='DDC|PCC|Default Data Capability|Program Counter Capability'
[13:50:11] [spechunter] [Grep] pattern='capability.*encod|encod.*capability|capability.*format|cap_encode'
[13:50:11] [spechunter] [Grep] pattern='profile|rvy.*profile'
[13:50:23] [spechunter] [Bash] Check for cheri and libcheri directories
[13:50:23] [spechunter] [Glob] **/cheri*
[13:50:23] [spechunter] [Glob] **/libcheri**
[13:50:23] [spechunter] [Grep] pattern='CHERI|cheri_capability|capreg'
[13:50:23] [spechunter] [Grep] pattern='CHERI|cheri_capability|capreg'
[13:50:23] [spechunter] [Grep] pattern='DDC|PCC|CTSTATUS'
[13:50:29] [spechunter] [Read] /home/yzs/riscv/rv-isa-sec/spec_ref/riscv-cheri/src/cheri/riscv-hybrid-integration.adoc
[13:50:29] [spechunter] [Read] /home/yzs/riscv/rv-isa-sec/spec_ref/riscv-cheri/src/cheri/attributes.adoc
[13:50:29] [spechunter] [Read] /home/yzs/riscv/rv-isa-sec/spec_ref/riscv-cheri/src/cheri/system.adoc
[13:50:29] [spechunter] [Read] /home/yzs/riscv/rv-isa-sec/spec_ref/riscv-cheri/src/cheri/csv/CHERI_CSR.csv
[13:50:29] [spechunter] [text] Let me now search for the remaining affected areas in more detail
[13:50:29] [spechunter] [Agent] description, prompt
[13:50:29] [spechunter] [Agent] description, prompt
[13:50:42] [spechunter] [Read] /home/yzs/riscv/qemu/target/riscv/machine.c
[13:50:42] [spechunter] [Read] /home/yzs/riscv/qemu/target/riscv/cpu.c
[13:50:42] [spechunter] [Read] /home/yzs/riscv/qemu/target/riscv/gdbstub.c
[13:50:42] [spechunter] [Read] /home/yzs/riscv/rv-isa-sec/spec_ref/riscv-cheri/src/cheri/riscv-priv-integration.adoc
[13:50:42] [spechunter] [Read] /home/yzs/riscv/qemu/target/riscv/kvm/kvm-cpu.c
[13:50:42] [spechunter] [Grep] pattern='Ss1p13'
[13:50:42] [spechunter] [Read] /home/yzs/riscv/rv-isa-sec/spec_ref/riscv-cheri/src/cheri/riscv-unpriv-integration.adoc
[13:50:42] [spechunter] [Read] /home/yzs/riscv/rv-isa-sec/spec_ref/riscv-cheri/src/cheri/rvy64-encoding.adoc
[13:50:42] [spechunter] [Read] /home/yzs/riscv/rv-isa-sec/spec_ref/riscv-cheri/src/cheri/rvy32-encoding.adoc
[13:50:42] [spechunter] [Read] /home/yzs/riscv/rv-isa-sec/spec_ref/riscv-cheri/src/priv-csrs.adoc
[13:50:55] [spechunter] [Grep] pattern='cheri|capability|capreg|Zyhybrid|RVYA25'
[13:50:55] [spechunter] [Grep] pattern='cheri|capability|capreg|Zyhybrid|RVYA25'
[13:50:55] [spechunter] [Grep] pattern='cheri|capability|capreg|Zyhybrid|RVYA25'
[13:50:55] [spechunter] [Read] /home/yzs/riscv/freebsd-src/sys/riscv/riscv/swtch.S
[13:50:55] [spechunter] [Read] /home/yzs/riscv/freebsd-src/sys/arm64/arm64/swtch.S
[13:51:20] [spechunter] [Grep] pattern='Zabhlrsc|zabhlrsc'
[13:51:20] [spechunter] [Grep] pattern='zabhl'
[13:51:20] [spechunter] [Grep] pattern='Zys\\b|zys\\b'
[13:51:20] [spechunter] [Grep] pattern='Zydefaultcap|zydefaultcap'
[13:51:20] [spechunter] [Grep] pattern='Zylevels1|zylevels1'
[13:51:20] [spechunter] [Grep] pattern='Zyhybrid|zyhybrid'
[13:51:20] [spechunter] [Grep] pattern='Smyre|smyre'
[13:51:20] [spechunter] [Grep] pattern='byte.halfword.*amo|amo.*byte.*halfword|lrsc.*byte|lrsc.*halfword'
[13:51:20] [spechunter] [Grep] pattern='decode_save_opc'
[13:51:20] [spechunter] [Grep] pattern='Supm|supm'
[13:51:22] [spechunter] [Grep] pattern='tag.*clear|ctag.*zero|context.*switch|trap.*entry|trap.*return|capability.*store.*zero'
[13:51:22] [spechunter] [Grep] pattern='tag.*clear|ctag.*zero|context.*switch|mret|sret|trap.*entry|trap.*return'
[13:51:22] [spechunter] [Grep] pattern='trap.*save|save.*capability|context.*save|save.*context'
[13:51:22] [spechunter] [Grep] pattern='RVYA25|rva25|RVA25'
[13:51:22] [spechunter] [Grep] pattern='CTSTATUS|ctstatus'
[13:51:37] [spechunter] [Grep] pattern='__has_feature_capabilities|__CHERI__|CHERI_PURE_CAPABILITY|CHERI_HYBRID'
[13:51:37] [spechunter] [Grep] pattern='__has_feature_capabilities|__CHERI__|CHERI_PURE_CAPABILITY|CHERI_HYBRID'
[13:51:37] [spechunter] [Grep] pattern='capregs_save|capregs_restore|set_user_capregs|cheri_capability_build_user|clean_capability'
[13:51:37] [spechunter] [Grep] pattern='Zyhybrid|RVYA25'
[13:51:39] [spechunter] [Grep] pattern='profile|RVA|RVM'
[13:51:39] [spechunter] [Grep] pattern='CHERI|cheri|capa\\b|pcc|ddc|ctag'
[13:51:39] [spechunter] [Grep] pattern='CHERI|cheri|capa\\b|pcc|ddc|ctag'
[13:51:39] [spechunter] [Read] /home/yzs/riscv/rv-isa-sec/spec_ref/riscv-cheri/src/cheri/introduction.adoc
[13:51:39] [spechunter] [Read] /home/yzs/riscv/rv-isa-sec/spec_ref/riscv-cheri/src/riscv-cheri.adoc
[13:51:56] [spechunter] [Grep] pattern='__has_feature_capabilities|__CHERI__|CHERI_PURE_CAPABILITY|CHERI_HYBRID'
[13:51:56] [spechunter] [Grep] pattern='DDC|PCC|CTSTATUS'
[13:51:56] [spechunter] [Grep] pattern='CTSTATUS|DDC|PCC'
[13:51:56] [spechunter] [Grep] pattern='cheri.*capability|capability.*cheri|cheri_cap'
[13:51:56] [spechunter] [text] Now let me read the key code locations to confirm the analysis.  
[13:51:56] [spechunter] [Read] /home/yzs/riscv/linux/mm/page_alloc.c
[13:51:56] [spechunter] [Read] /home/yzs/riscv/linux/mm/page_alloc.c
[13:51:56] [spechunter] [Read] /home/yzs/riscv/linux/mm/swap.c
[13:52:00] [spechunter] [Grep] pattern='Supm|supm'
[13:52:00] [spechunter] [Grep] pattern='pointer.mask'
[13:52:00] [spechunter] [Grep] pattern='decode_save_opc'
[13:52:00] [spechunter] [Grep] pattern='riscv_get_tb_cpu_state'
[13:52:07] [spechunter] [Grep] pattern='cheri'
[13:52:07] [spechunter] [Grep] pattern='cheri'
[13:52:07] [spechunter] [Grep] pattern='cheri'
[13:52:07] [spechunter] [Grep] pattern='DDC|PCC|c17|capreg|c18|c19|c20|c21|c22|c23|c24'
[13:52:08] [spechunter] [Grep] pattern='riscv_cpu_reset_hold'
[13:52:08] [spechunter] [Grep] pattern='pointer.?mask|pm_mask|pmbase|SenVcfg|Umte|Supm|Smnpm|Ssnpm'
[13:52:08] [spechunter] [Grep] pattern='senvcfg|menvcfg|henvcfg'
[13:52:08] [spechunter] [Grep] pattern='pointer.?mask|pm_mask|pmbase|ssnpm|smnpm|Supm'
[13:52:18] [spechunter] [Read] /home/yzs/riscv/rv-isa-sec/spec_ref/riscv-cheri/src/cheri/riscv-cheri.adoc
[13:52:18] [spechunter] [Grep] pattern='profile'
[13:52:18] [spechunter] [Grep] pattern='RVA|RVM|RVB|rva|rvm|rvb'
[13:52:27] [spechunter] [Grep] pattern='DDC|PCC|c17|c18|c19|c20|c21|c22|c23|c24'
[13:52:27] [spechunter] [Grep] pattern='CHERI|cheri'
[13:52:27] [spechunter] [Grep] pattern='CHERI|cheri'
[13:52:27] [spechunter] [Grep] pattern='CHERI|cheri'
[13:52:27] [spechunter] [Grep] pattern='CHERI|cheri'
[13:52:27] [spechunter] [Grep] pattern='CHERI|cheri'
[13:52:39] [spechunter] [Grep] pattern='supm|Sspm'
[13:52:39] [spechunter] [Grep] pattern='supm|Sspm'
[13:52:39] [spechunter] [Grep] pattern='supm|Sspm'
[13:52:39] [spechunter] [Grep] pattern='riscv_get_tb_cpu_state'
[13:52:40] [spechunter] [Read] /home/yzs/riscv/freebsd-src/sys/sys/_types.h
[13:52:40] [spechunter] [Read] /home/yzs/riscv/freebsd-src/sys/sys/_align.h
[13:52:40] [spechunter] [Grep] pattern='CHERI|cheri'
[13:52:40] [spechunter] [Grep] pattern='CHERI|cheri|capreg|capability|CTSTATUS|PCC|DDC'
[13:52:40] [spechunter] [Grep] pattern='CHERI|cheri|capreg|capability|CTSTATUS|PCC|DDC'
[13:52:41] [spechunter] [Read] /home/yzs/riscv/qemu/target/riscv/cpu.c
[13:52:41] [spechunter] [Read] /home/yzs/riscv/qemu/target/riscv/cpu_helper.c
[13:52:41] [spechunter] [Read] /home/yzs/riscv/qemu/target/riscv/csr.c
[13:52:41] [spechunter] [Read] /home/yzs/riscv/qemu/target/riscv/csr.c
[13:52:41] [spechunter] [Read] /home/yzs/riscv/qemu/target/riscv/csr.c
[13:52:41] [spechunter] [Read] /home/yzs/riscv/qemu/target/riscv/csr.c
[13:52:41] [spechunter] [Read] /home/yzs/riscv/qemu/target/riscv/cpu.c
[13:52:56] [spechunter] [Read] /home/yzs/riscv/qemu/target/riscv/tcg/tcg-cpu.c
[13:52:56] [spechunter] [Grep] pattern='DisasContext'
[13:52:56] [spechunter] [Grep] pattern='supm|pmp_masking|pointer_mask'
[13:53:03] [spechunter] [Grep] pattern='riscv_csr_operations csr_ops|CSR_TABLE_SIZE|\\.predicate|\\.min_priv_ver'
[13:53:03] [spechunter] [Grep] pattern='Cs1p13|Ss1p13'
[13:53:03] [spechunter] [Grep] pattern='riscv_csr_operations csr_ops\\['
[13:53:03] [spechunter] [Grep] pattern='typedef struct.*csr_ops|riscv_csr_predicate_fn'
[13:53:18] [spechunter] [text] Let me also check the RISC-V specific page freeing and the `arch_free_page` definition for RISC-V
[13:53:18] [spechunter] [Grep] pattern='arch_free_page'
[13:53:18] [spechunter] [Grep] pattern='cheri|CHERI|capability.*revoc|Svucrg|svucrg|purecap|cap_revoke'
[13:53:18] [spechunter] [Grep] pattern='arch_free_page'
[13:53:18] [spechunter] [Read] /home/yzs/riscv/linux/mm/page_alloc.c
[13:53:18] [spechunter] [Read] /home/yzs/riscv/linux/mm/vma.c
[13:53:28] [spechunter] [Read] /home/yzs/riscv/qemu/target/riscv/translate.c
[13:53:28] [spechunter] [Read] /home/yzs/riscv/qemu/target/riscv/translate.c
[13:53:28] [spechunter] [Read] /home/yzs/riscv/qemu/target/riscv/translate.c
[13:53:28] [spechunter] [Read] /home/yzs/riscv/qemu/target/riscv/translate.c
[13:53:28] [spechunter] [Read] /home/yzs/riscv/qemu/target/riscv/cpu.h
[13:53:28] [spechunter] [Grep] pattern='CSR_TABLE_SIZE'
[13:53:28] [spechunter] [Grep] pattern='vmstate_riscv_cpu'
[13:53:28] [spechunter] [Grep] pattern='version_id = 11'
[13:53:37] [spechunter] [Glob] **/gdb-xml/*riscv*
[13:53:37] [spechunter] [Grep] pattern='riscv-csr\\.xml|riscv-.*\\.xml'
[13:53:38] [spechunter] [Grep] pattern='CHERI|cheri|capreg|c17|c18|c19|c20|c21|c22|c23|c24|c25|c26|c27|c28|c29|c30|c31'
[13:53:38] [spechunter] [Grep] pattern='PCB_|TF_|capreg|CHERI|capability'
[13:53:38] [spechunter] [Grep] pattern='PCB_|capreg|CHERI|capability'
[13:53:38] [spechunter] [Grep] pattern='CHERI|cheri|capreg|cap_cause|CTSTATUS|DDC'
[13:53:38] [spechunter] [Glob] **/assym.inc
[13:53:47] [spechunter] [Read] /home/yzs/riscv/freebsd-src/sys/riscv/include/pcb.h
[13:53:47] [spechunter] [Read] /home/yzs/riscv/freebsd-src/sys/riscv/include/frame.h
[13:53:47] [spechunter] [Read] /home/yzs/riscv/freebsd-src/sys/rim64/include/pcb.h
[13:53:47] [spechunter] [Read] /home/yzs/riscv/freebsd-src/sys/riscv/include/asm.h
[13:53:53] [spechunter] [text] Now I have a complete picture. Let me also check one more spec reference to provide proper citations.  
[13:53:53] [spechunter] [Read] /home/yzs/riscv/rv-isa-sec/spec_ref/riscv-cheri/src/cheri/introduction.adoc
[13:53:53] [spechunter] [Read] /home/yzs/riscv/rv-isa-sec/spec_ref/riscv-cheri/src/cheri/attributes.adoc
[13:54:06] [spechunter] [Grep] pattern='riscv_pm_get_pmm|riscv_pm_get_pmlen'
[13:54:06] [spechunter] [Grep] pattern='TB_FLAGS.*PM_|PM_PMM'
[13:54:06] [spechunter] [Grep] pattern='RISCV_UW2'
[13:54:06] [spechunter] [Grep] pattern='excp_uw2'
[13:54:12] [spechunter] [Read] /home/yzs/riscv/freebsd-src/sys/arm64/include/pcb.h
[13:54:12] [spechunter] [Grep] pattern='capreg|capability_register|capregs|capa_reg'
[13:54:12] [spechunter] [Grep] pattern='capreg|capa_reg|cap_reg'
[13:54:12] [spechunter] [Grep] pattern='set_user_capregs'
[13:54:12] [spechunter] [Read] /home/yzs/riscv/freebsd-src/sys/sys/mman.h
[13:54:12] [spechunter] [Read] /home/yzs/riscv/freebsd-src/sys/sys/elf_common.h
[13:54:23] [spechunter] [Grep] pattern='PM_PMM|PM_SIGNEXTEND|TB_FLAGS'
[13:54:23] [spechunter] [Grep] pattern='riscv_pm_get_pmm|riscv_pm_get_pmlen'
[13:54:23] [spechunter] [Grep] pattern='riscv_pm_get_pmm|riscv_pm_get_pmlen'
[13:54:24] [spechunter] [Grep] pattern='riscv-32bit-fpu\\.xml|riscv-64bit-fpu\\.xml|riscv-64bit-virtual\\.xml|riscv-32bit-virtual\\.xml'
[13:54:24] [spechunter] [Glob] **/riscv*target*.xml
[13:54:29] [spechunter] [Glob] **/*riscv*32bit*fpu*.xml
[13:54:29] [spechunter] [Glob] **/*riscv*.xml
[13:54:59] [spechunter] [Grep] pattern='riscv_pm_get_pmm|riscv_pm_get_pmlen'
[13:54:59] [spechunter] [Read] /home/yzs/riscv/qemu/target/riscv/cpu.c
[13:55:39] [spechunter] [Read] /home/yzs/riscv/qemu/target/riscv/cpu_helper.c
[13:55:39] [spechunter] [Grep] pattern='cheri|CHERI|capability'
[13:55:39] [spechunter] [Grep] pattern='Zy|Zylevel|Zydefault|Zyhybrid'
[13:55:53] [spechunter] [Grep] pattern='Zys'
[13:55:53] [spechunter] [Grep] pattern='CHERI|cheri'
[13:55:53] [spechunter] [Grep] pattern='zabhlrsc|Zabhlrsc'
[13:56:09] [spechunter] [Grep] pattern='CHERI|cheri'
[13:56:09] [spechunter] [Grep] pattern='CHERI|cheri|morello'
[13:56:09] [spechunter] [Grep] pattern='morello'
[13:56:09] [spechunter] [Grep] pattern='capability_tag|cap_tag|clean_capability|capability_clean'
[13:56:09] [spechunter] [Grep] pattern='CHERI_RISC_V|riscv_cheri|cheri_riscv'
[13:56:12] [spechunter] [Read] /home/yzs/riscv/qemu/analysis_zytopr.json
[13:56:12] [spechunter] [Grep] pattern='zabhlrsc|Zabhlrsc|zabhl|AMO.*byte|byte.*AMO|halfword.*AMO|AMO.*halfword'
[13:56:12] [spechunter] [Grep] pattern='PMM_FIELD|PMM_'
[13:56:33] [spechunter] [Grep] pattern='capability_tag|cap_tag|tag_clear|tag_write|cap_write|csetbounds'
[13:56:33] [spechunter] [Grep] pattern='capability_tag|cap_tag|tag_clear|tag_write|cap_write|csetbounds'
[13:56:33] [spechunter] [Grep] pattern='__SIZEOF_INTCAP__|__intcap_t|__uintcap_t|__PTRADDR_TYPE__'
[13:56:33] [spechunter] [Grep] pattern='CHERI|cheri|csetaddr|csetbounds'
[13:56:33] [spechunter] [Read] /home/yzs/riscv/freebsd-src/sys/riscv/conf/GENERIC
[13:56:39] [spechunter] [Read] /home/yzs/riscv/qemu/target/riscv/cpu.h
[13:56:39] [spechunter] [Read] /home/yzs/riscv/qemu/target/riscv/cpu_helper.c
[13:56:39] [spechunter] [Grep] pattern='RISCV_UW2_'
[13:56:47] [spechunter] [Grep] pattern='excp_uw2|uint32_t excp_uw2'
[13:56:47] [spechunter] [Grep] pattern='decode_save_opc'
[13:58:04] [spechunter] [text] Let me check the spec references and look more carefully at what's available.  
[13:58:04] [spechunter] [Bash] List spec reference directories
[13:58:04] [spechunter] [Bash] Find spec files under spec_ref
[13:58:13] [spechunter] [Grep] pattern='Zyhybrid|RVYA25|capability.*encoding|tag.*clear|context.switch.*capability|cpu_switch|DDC|PCC|CTSTATUS'
[13:58:13] [spechunter] [Bash] List all files in riscv-cheri spec directory
[13:58:24] [spechunter] [text] Let me read the key CHERI spec files related to context-switch and capability clearing requirements.  
[13:58:24] [spechunter] [Read] /home/yzs/riscv/rv-isa-sec/spec_ref/riscv-cheri/src/cheri/riscv-priv-integration.adoc
[13:58:24] [spechunter] [Read] /home/yzs/riscv/rv-isa-sec/spec_ref/riscv-cheri/src/cheri/riscv-hybrid-integration.adoc
[13:58:24] [spechunter] [Read] /home/yzs/riscv/rv-isa-sec/spec_ref/riscv-cheri/src/symbols.adoc
[13:58:34] [spechunter] [text] Now let me read the unprivileged integration spec and the encoding documents for the Zyhybrid/RVYA25 context.  
[13:58:34] [spechunter] [Read] /home/yzs/riscv/rv-isa-sec/spec_ref/riscv-cheri/src/cheri/riscv-unpriv-integration.adoc
[13:58:34] [spechunter] [Read] /home/yzs/riscv/rv-isa-sec/spec_ref/riscv-cheri/src/cheri/rvy64-encoding.adoc
[14:01:38] [spechunter] [text] Now I have a complete picture for the audit. Let me compile the findings
[14:01:38] [spechunter] [Read] /home/yzs/riscv/linux/mm/page_alloc.c
[14:01:38] [spechunter] [Read] /home/yzs/riscv/linux/mm/mmap.c
[14:01:43] [spechunter] [text] Let me read the key files to get exact code context for the report.  
[14:01:43] [spechunter] [Read] /home/yzs/riscv/qemu/target/riscv/insn_trans/trans_rvi.c.inc
[14:01:43] [spechunter] [Read] /home/yzs/riscv/qemu/target/riscv/insn_trans/trans_rvi.c.inc
[14:01:43] [spechunter] [Read] /home/yzs/riscv/qemu/target/riscv/translate.c
[14:02:24] [spechunter] [Read] /home/yzs/riscv/qemu/target/riscv/translate.c
[14:02:24] [spechunter] [Read] /home/yzs/riscv/qemu/target/riscv/translate.c
[14:02:24] [spechunter] [Read] /home/yzs/riscv/qemu/target/riscv/translate.c
[14:02:41] [spechunter] [Read] /home/yzs/riscv/qemu/target/riscv/insn_trans/trans_rva.c.inc
[14:02:41] [spechunter] [Read] /home/yzs/riscv/qemu/target/riscv/insn_trans/trans_rvzabha.c.inc
[14:02:51] [spechunter] [text] Let me check if there are any CHERI config options in the kernel  
[14:02:51] [spechunter] [Grep] pattern='CONFIG_CHERI|CONFIG_RISCV_CHERI|CONFIG_RVY'
[14:02:51] [spechunter] [Read] /home/yzs/riscv/linux/mm/page_alloc.c
[14:03:24] [spechunter] [Read] /home/yzs/riscv/qemu/target/riscv/csr.c
[14:03:24] [spechunter] [Read] /home/yzs/riscv/qemu/target/riscv/cpu_helper.c
[14:03:24] [spechunter] [Read] /home/yzs/riscv/qemu/target/riscv/tcg/tcg-cpu.c
[14:03:29] [spechunter] [Read] /home/yzs/riscv/qemu/target/riscv/machine.c
[14:03:29] [spechunter] [Read] /home/yzs/riscv/qemu/target/riscv/pmp.c
[14:03:30] [spechunter] [text] Let me verify the exact code locations in the context switch path
[14:03:30] [spechunter] [Read] /home/yzs/riscv/freebsd-src/sys/riscv/riscv/swtch.S
[14:03:30] [spechunter] [Read] /home/yzs/riscv/freebsd-src/sys/riscv/include/pcb.h
[14:03:48] [spechunter] [text] Now I have all the data needed. Let me compile the final report
[14:03:48] [spechunter] [Read] /home/yzs/riscv/qemu/target/riscv/csr.c
[14:03:48] [spechunter] [Read] /home/yzs/riscv/qemu/target/riscv/cpu.h
[14:04:04] [spechunter] [text] Now I have all the information needed. Let me produce the audit report.  
[14:04:04] [spechunter] [Read] /home/yzs/riscv/freebsd-src/sys/riscv/riscv/swtch.S
[14:04:04] [spechunter] [Read] /home/yzs/riscv/freebsd-src/sys/riscv/riscv/swtch.S
[14:04:20] [spechunter] [text] Now I have all the information needed. Here is the comprehensive analysis:  ```json {   "findings": [     {       "file_...
[14:05:35] [spechunter] [text] Now let me compile the final comprehensive answer in the requested JSON format.  ```json {   "repo": "qemu",   "branch":...
[14:05:53] [spechunter] [text] Let me first understand what RVYA25 is and find relevant code in the repo
[14:05:53] [spechunter] [Grep] pattern='RVYA25|rvya25'
[14:05:53] [spechunter] [Grep] pattern='RVA23|rva23'
[14:05:53] [spechunter] [Grep] pattern='profile.*riscv|riscv.*profile'
[14:06:08] [spechunter] [Grep] pattern='rva23s?u64|RVA22|rva22|profile'
[14:06:08] [spechunter] [Grep] pattern='PROFILE_RVA|rva\\d+|RVA\\d+'
[14:06:37] [spechunter] [Grep] pattern='RVYA|RVA25|rva25|RVA23S64|rva23s64|RVA23U64|rva23u64'
[14:06:37] [spechunter] [Grep] pattern='CHERI|cheri|RVY|rvy'
[14:06:37] [spechunter] [Grep] pattern='RISCVCPUProfile|profile_ext'
[14:06:42] [spechunter] [text] Now I have all the information to produce the final audit report.  ```json {   "findings": [     {       "file_path": "s...
[14:07:05] [spechunter] [Read] /home/yzs/riscv/qemu/target/riscv/cpu.c
[14:07:05] [spechunter] [Read] /home/yzs/riscv/qemu/target/riscv/cpu.c
[14:07:05] [spechunter] [Read] /home/yzs/riscv/qemu/target/riscv/cpu.c
[14:07:05] [spechunter] [Read] /home/yzs/riscv/qemu/target/riscv/cpu-qom.h
[14:07:36] [spechunter] [Grep] pattern='CHERI|RVY|captable|capabilit'
[14:07:36] [spechunter] [Read] /home/yzs/riscv/qemu/target/riscv/cpu.c
[14:07:36] [spechunter] [Read] /home/yzs/riscv/qemu/target/riscv/cpu.c
[14:11:11] [spechunter] [text] Now let me check what the current branch has changed and if there's any existing work on the RVYA25 profile.  
[14:11:11] [spechunter] [Bash] Recent git commits
[14:11:11] [spechunter] [Bash] Search git history for RVYA
[14:11:11] [spechunter] [Bash] Search git history for profile changes in riscv target
[14:11:14] [spechunter] [text] API Error: 400 {"detail":"Error code: 400 - {'detail': 'Rate limit exceeded for team: AI_PRD_SELF-ygOCagDg1IJPqSZyFTZ2lU...
[14:11:29] [spechunter] [text] API Error: 400 {"detail":"Error code: 400 - {'detail': 'Rate limit exceeded for team: AI_PRD_SELF-ygOCagDg1IJPqSZyFTZ2lU...
