[18:14:51] [spechunter] PR loaded: #2440 riscv/riscv-isa-manual — "Clarify that instruction addresses store to *tval are not pointer masked"
[18:14:51] [spechunter]   diff: 1232 chars  body: 1 chars  reviews: 0
[18:14:51] [spechunter] Global pre-filter running...
[18:14:58] [spechunter] [text] {"should_skip": false}
[18:14:59] [spechunter] pre-filter: should_skip=False reason=""
[18:15:06] [spechunter] [Grep] pattern='zpm|pointer.mask|Zpm'
[18:15:12] [spechunter] [Grep] pattern='pointer_masking|pm_enabled|Zpm|zpm'
[18:15:12] [spechunter] [text] {"should_skip": true, "skip_reason": "Minor editorial clarification about pointer masking on stval (S-mode CSR) in a non...
[18:15:15] [spechunter] [text] {"should_skip": false}
[18:15:17] [spechunter] [text] {"should_skip": false}
[18:15:21] [spechunter] [text] {"should_skip": false}
[18:15:33] [spechunter] [text] {"should_skip": false}  This PR clarifies the semantics of `stval` CSR writes under pointer masking — specifically disti...
[18:15:48] [spechunter] [text] ```json {   "violation_condition": "QEMU's exception delivery logic applies pointer masking (Smmpm/Ssnpm) uniformly to b...
[18:16:00] [spechunter] [Grep] pattern='riscv_cpu_do_interrupt'
[18:16:00] [spechunter] [Grep] pattern='riscv_pointer_masked'
[18:16:00] [spechunter] [Grep] pattern='helper_raise_exception'
[18:16:00] [spechunter] [Grep] pattern='set_tval'
[18:16:11] [spechunter] [Grep] pattern='pointer_mask|pm_mask|apply_pm|pm_enabled'
[18:16:11] [spechunter] [Grep] pattern='stval|mtval|htval'
[18:16:12] [spechunter] [Grep] pattern='stval|mtval|htval'
[18:16:12] [spechunter] [Grep] pattern='stval|mtval|htval'
[18:16:12] [spechunter] [Grep] pattern='sepc|mepc'
[18:16:12] [spechunter] [Grep] pattern='riscv_cpu_do_interrupt|helper_raise_exception|set_tval'
[18:16:12] [spechunter] [Grep] pattern='env->tval|env->bins|pm_mask|pointer_mask'
[18:16:12] [spechunter] [Grep] pattern='riscv_pointer_masked|apply_pm|pm_enabled'
[18:16:23] [spechunter] [Grep] pattern='get_xepc_mask'
[18:16:23] [spechunter] [Read] /home/yzs/riscv/qemu/target/riscv/cpu_helper.c
[18:16:23] [spechunter] [Read] /home/yzs/riscv/qemu/target/riscv/cpu_helper.c
[18:16:26] [spechunter] [Read] /home/yzs/riscv/qemu/target/riscv/cpu_helper.c
[18:16:26] [spechunter] [Grep] pattern='tval'
[18:16:26] [spechunter] [Agent] description, subagent_type
[18:16:34] [spechunter] [Read] /home/yzs/riscv/qemu/target/riscv/internals.h
[18:16:34] [spechunter] [Read] /home/yzs/riscv/qemu/target/riscv/op_helper.c
[18:16:34] [spechunter] [Read] /home/yzs/riscv/qemu/target/riscv/op_helper.c
[18:16:34] [spechunter] [Read] /home/yzs/riscv/qemu/target/riscv/csr.c
[18:16:43] [spechunter] [text] Let me also check the pointer masking implementation and how it relates to tval/sepc/mepc.  
[18:16:43] [spechunter] [Grep] pattern='pm_mask|pointer_masking|pm_enabled'
[18:16:43] [spechunter] [Grep] pattern='pm_mask|pointer_masking|pm_enabled'
[18:16:43] [spechunter] [Read] /home/yzs/riscv/qemu/target/riscv/cpu_helper.c
[18:16:43] [spechunter] [Read] /home/yzs/riscv/qemu/target/riscv/cpu_helper.c
[18:16:44] [spechunter] [Glob] sys/riscv/riscv/trap.c
[18:16:44] [spechunter] [Glob] sys/riscv/riscv/*.c
[18:16:44] [spechunter] [Glob] sys/riscv/include/*.h
[18:16:44] [spechunter] [Grep] pattern='stval'
[18:16:44] [spechunter] [Grep] pattern='cpup_stval'
[18:16:49] [spechunter] [Read] /home/yzs/riscv/qemu/target/riscv/machine.c
[18:16:49] [spechunter] [Read] /home/yzs/riscv/qemu/target/riscv/cpu_helper.c
[18:16:49] [spechunter] [Read] /home/yzs/riscv/qemu/target/riscv/csr.c
[18:16:53] [spechunter] [text] Now let me trace where `env->badaddr` gets set and how pointer masking interacts with exception delivery.  
[18:16:53] [spechunter] [Grep] pattern='env->badaddr\\s*='
[18:16:53] [spechunter] [Grep] pattern='pointer_mask|pm_mask|apply_pm|pm_enabled'
[18:16:54] [spechunter] [text] Let me also check the CSR registration table entries and the `htval` read/write to understand the full picture.  
[18:16:54] [spechunter] [Read] /home/yzs/riscv/qemu/target/riscv/csr.c
[18:16:54] [spechunter] [Read] /home/yzs/riscv/qemu/target/riscv/csr.c
[18:16:54] [spechunter] [Read] /home/yzs/riscv/qemu/target/riscv/csr.c
[18:16:57] [spechunter] [Read] /home/yzs/riscv/freebsd-src/sys/riscv/riscv/trap.c
[18:16:57] [spechunter] [Read] /home/yzs/riscv/freebsd-src/sys/riscv/riscv/exception.S
[18:16:57] [spechunter] [Read] /home/yzs/riscv/freebsd-src/sys/riscv/include/frame.h
[18:16:57] [spechunter] [Read] /home/yzs/riscv/freebsd-src/sys/riscv/include/riscvreg.h
[18:17:11] [spechunter] [Grep] pattern='pm_mask|pointer_mask|get_physical_addr.*pm|apply_pm'
[18:17:11] [spechunter] [Grep] pattern='pointer_masking|pointer_mask|PM_\\w+|U_PBITS|S_PBITS|M_PBITS|pm_current|pm_mask'
[18:17:14] [spechunter] [text] {  
[18:17:14] [spechunter] [Agent] description, subagent_type
[18:17:21] [spechunter] [text] {   "violation_condition": "Linux kernel trap handler reads stval for an instruction-access exception (e.g., instruction...
[18:17:24] [spechunter] [Grep] pattern='Zpm|Ssnpm|Smnpm|pointer.?mask|pmlen|PM\\.|pmm|senvcfg|MENVCFG'
[18:17:24] [spechunter] [Grep] pattern='sendsig|sigcode|sigreturn|ksiginfo|si_addr'
[18:17:24] [spechunter] [Read] /home/yzs/riscv/freebsd-src/sys/riscv/vmm/vmm_riscv.c
[18:17:24] [spechunter] [Read] /home/yzs/riscv/freebsd-src/sys/riscv/include/genassym.c
[18:17:24] [spechunter] [Read] /home/yzs/riscv/freebsd-src/sys/riscv/riscv/exec_machdep.c
[18:17:24] [spechunter] [Read] /home/yzs/riscv/qemu/target/riscv/cpu_helper.c
[18:17:24] [spechunter] [Read] /home/yzs/riscv/qemu/target/riscv/translate.c
[18:17:38] [spechunter] [Grep] pattern='stval'
[18:17:38] [spechunter] [Grep] pattern='stval'
[18:17:38] [spechunter] [Grep] pattern='stval'
[18:17:38] [spechunter] [Grep] pattern='scause'
[18:17:38] [spechunter] [Grep] pattern='scause'
[18:17:39] [spechunter] [TodoWrite] 5 items
[18:17:40] [spechunter] [Grep] pattern='stval|mtval|htval'
[18:17:40] [spechunter] [Grep] pattern='pointer_mask|pm_en|PMM|Zpm|senvcfg|menvcfg'
[18:17:40] [spechunter] [Grep] pattern='\\.tval\\b|tvAl|xtval'
[18:17:40] [spechunter] [Glob] **/CSR*.scala
[18:17:40] [spechunter] [Glob] **/*trap*.scala
[18:17:48] [spechunter] [text] ```json {   "locations": [     {       "file_path": "target/riscv/csr.c",       "function_name": "read_mtval",       "li...
[18:17:50] [spechunter] [Read] /home/yzs/riscv/qemu/target/riscv/cpu_helper.c
[18:17:50] [spechunter] [Grep] pattern='riscv_pm_get_pmlen|riscv_pm_get_pmm|pm_mask|addr_xl|pointer_masking'
[18:17:52] [spechunter] [Grep] pattern='stval|htval'
[18:17:52] [spechunter] [Read] /home/yzs/riscv/freebsd-src/sys/riscv/vmm/riscv.h
[18:17:52] [spechunter] [Read] /home/yzs/riscv/freebsd-src/sys/riscv/vmm/vmm_switch.S
[18:17:52] [spechunter] [Grep] pattern='stval'
[18:17:52] [spechunter] [Read] /home/yzs/riscv/freebsd-src/sys/riscv/include/encoding.h
[18:17:53] [spechunter] [Grep] pattern='stval'
[18:17:53] [spechunter] [Grep] pattern='pointer.*mask|pmask|pm\\.|Zjpm|zpm|sext\\.w.*stval|stval.*sext\\.w'
[18:17:53] [spechunter] [Grep] pattern='scause'
[18:17:57] [spechunter] [Read] /home/yzs/riscv/XiangShan/src/main/scala/xiangshan/backend/fu/NewCSR/TrapTvalMod.scala
[18:17:57] [spechunter] [Read] /home/yzs/riscv/XiangShan/src/main/scala/xiangshan/backend/fu/NewCSR/CSREvents/TrapEntryMEvent.scala
[18:17:57] [spechunter] [Read] /home/yzs/riscv/XiangShan/src/main/scala/xiangshan/backend/fu/NewCSR/CSREvents/TrapEntryHSEvent.scala
[18:17:57] [spechunter] [Read] /home/yzs/riscv/XiangShan/src/main/scala/xiangshan/backend/fu/NewCSR/CSREvents/TrapEntryVSEvent.scala
[18:17:57] [spechunter] [Read] /home/yzs/riscv/XiangShan/src/main/scala/xiangshan/backend/fu/NewCSR/CSRBundles.scala
[18:17:57] [spechunter] [text] Let me dig deeper into the key trap handling code and look for the vulnerability pattern (sext.w on stval without checki...
[18:17:57] [spechunter] [Grep] pattern='sext\\.w|sign.extend|sign_extend|sext_w'
[18:17:57] [spechunter] [Grep] pattern='CSR_STVAL|CSR_TVAL|stval|tval'
[18:17:57] [spechunter] [Grep] pattern='CSR_SCAUSE|scause'
[18:18:03] [spechunter] [text] Let me read the key trap handling files to understand the full context.  
[18:18:03] [spechunter] [Read] /home/yzs/riscv/linux/arch/riscv/kernel/entry.S
[18:18:03] [spechunter] [Read] /home/yzs/riscv/linux/arch/riscv/kernel/traps.c
[18:18:05] [spechunter] [Grep] pattern='Zpm|Ssnpm|Smnpm|pointer.?mask|pmlen|PM\\.|pmm|senvcfg|MENVCFG|PM\\.|hpm|pointer_mask'
[18:18:05] [spechunter] [Grep] pattern='stval'
[18:18:05] [spechunter] [Grep] pattern='stval'
[18:18:05] [spechunter] [Grep] pattern='stval'
[18:18:05] [spechunter] [Read] /home/yzs/riscv/freebsd-src/sys/riscv/include/vmm.h
[18:18:05] [spechunter] [Read] /home/yzs/riscv/freebsd-src/sys/riscv/include/ucontext.h
[18:18:12] [spechunter] [Read] /home/yzs/riscv/XiangShan/src/main/scala/xiangshan/backend/fu/NewCSR/CSREvents/CSREvent.scala
[18:18:12] [spechunter] [Read] /home/yzs/riscv/XiangShan/src/main/scala/xiangshan/backend/fu/NewCSR/SupervisorLevel.scala
[18:18:12] [spechunter] [Read] /home/yzs/riscv/XiangShan/src/main/scala/xiangshan/backend/fu/NewCSR/MachineLevel.scala
[18:18:12] [spechunter] [Read] /home/yzs/riscv/XiangShan/src/main/scala/xiangshan/backend/fu/NewCSR/HypervisorLevel.scala
[18:18:12] [spechunter] [Read] /home/yzs/riscv/XiangShan/src/main/scala/xiangshan/backend/fu/NewCSR/VirtualSupervisorLevel.scala
[18:18:12] [spechunter] [Grep] pattern='sext\\.w|sign.extend|SIGN_EXTEND|sext_w'
[18:18:12] [spechunter] [Grep] pattern='badaddr|bad_addr|fault_addr|fault.*addr|addr.*fault'
[18:18:12] [spechunter] [Glob] arch/riscv/kernel/traps*.c
[18:18:12] [spechunter] [Glob] arch/riscv/kernel/entry*.S
[18:18:20] [spechunter] [Grep] pattern='vmmops_exception|vm_inject_exception|exception_handler|hyp_enter|vcpui'
[18:18:20] [spechunter] [Read] /home/yzs/riscv/freebsd-src/sys/riscv/vmm/vmm_riscv.c
[18:18:20] [spechunter] [Read] /home/yzs/riscv/freebsd-src/sys/riscv/vmm/vmm_riscv.c
[18:18:20] [spechunter] [Grep] pattern='CSR_STVAL|CSR_HTVAL|DECLARE_CSR.stval|DECLARE_CSR.htval'
[18:18:20] [spechunter] [Grep] pattern='Zpm|Ssnpm|Smnpm|pointer_mask|pm_en'
[18:18:20] [spechunter] [Read] /home/yzs/riscv/freebsd-src/sys/riscv/include/procctl.h
[18:18:23] [spechunter] [text] Now let me check the page fault handler, pointer masking, and signal code where stval/tval is used more deeply.  
[18:18:23] [spechunter] [Grep] pattern='pointer_mask|pmask|ADUE|henvcfg|senvcfg'
[18:18:23] [spechunter] [Grep] pattern='badaddr|PT_BADADDR|BADADDR'
[18:18:23] [spechunter] [Grep] pattern='handle_page_fault'
[18:18:23] [spechunter] [Read] /home/yzs/riscv/XiangShan/src/main/scala/xiangshan/backend/fu/NewCSR/StateEnBundle.scala
[18:18:23] [spechunter] [Grep] pattern='EnvPMM'
[18:18:23] [spechunter] [Grep] pattern='pointer.?mask|pm_en|pmm'
[18:18:23] [spechunter] [Read] /home/yzs/riscv/XiangShan/src/main/scala/xiangshan/backend/fu/NewCSR/NewCSR.scala
[18:18:25] [spechunter] [Read] /home/yzs/riscv/qemu/target/riscv/cpu_helper.c
[18:18:25] [spechunter] [Read] /home/yzs/riscv/qemu/target/riscv/internals.h
[18:18:26] [spechunter] [Read] /home/yzs/riscv/linux/arch/riscv/kernel/traps.c
[18:18:26] [spechunter] [Read] /home/yzs/riscv/linux/arch/riscv/kernel/entry.S
[18:18:37] [spechunter] [Read] /home/yzs/riscv/freebsd-src/sys/riscv/vmm/vmm_riscv.c
[18:18:37] [spechunter] [Read] /home/yzs/riscv/freebsd-src/sys/riscv/riscv/sigtramp.S
[18:18:37] [spechunter] [Grep] pattern='VIRT_IS_VALID'
[18:18:37] [spechunter] [Grep] pattern='uvm_fault|vm_fault_trap|VM_FAULT_NORMAL'
[18:18:37] [spechunter] [Read] /home/yzs/riscv/freebsd-src/sys/riscv/include/gdb_machdep.h
[18:18:38] [spechunter] [Read] /home/yzs/riscv/linux/arch/riscv/mm/fault.c
[18:18:38] [spechunter] [Read] /home/yzs/riscv/linux/arch/riscv/errata/sifive/errata_cip_453.S
[18:18:38] [spechunter] [Read] /home/yzs/riscv/linux/arch/riscv/kernel/traps_misaligned.c
[18:18:39] [spechunter] [text] Now let me trace how pointer masking interacts with instruction addresses during exception delivery.  
[18:18:39] [spechunter] [Read] /home/yzs/riscv/qemu/target/riscv/translate.c
[18:18:39] [spechunter] [Grep] pattern='gen_pm_adjust|adjust_addr\\b|addr_xl'
[18:18:42] [spechunter] [Grep] pattern='EnvPMM'
[18:18:42] [spechunter] [Grep] pattern='pointer.?mask|pointerMask|pmlen|PMLEN'
[18:18:42] [spechunter] [Grep] pattern='excpVA|memExceptionVAddr'
[18:18:42] [spechunter] [Read] /home/yzs/riscv/XiangShan/src/main/scala/xiangshan/backend/fu/wrapper/CSR.scala
[18:18:49] [spechunter] [text] Let me check a few more critical locations.  
[18:18:49] [spechunter] [Read] /home/yzs/riscv/linux/arch/riscv/kernel/vector.c
[18:18:49] [spechunter] [Read] /home/yzs/riscv/linux/arch/riscv/kvm/vcpu.c
[18:18:49] [spechunter] [Read] /home/yzs/riscv/linux/arch/riscv/kvm/vcpu_insn.c
[18:18:53] [spechunter] [Read] /home/yzs/riscv/freebsd-src/sys/riscv/vmm/vmm_riscv.c
[18:18:53] [spechunter] [Read] /home/yzs/riscv/freebsd-src/sys/riscv/vmm/vmm_riscv.c
[18:18:53] [spechunter] [Read] /home/yzs/riscv/freebsd-src/sys/riscv/include/signal.h
[18:18:53] [spechunter] [Grep] pattern='pointer_mask|pmask|pm_en|pointer masking'
[18:18:53] [spechunter] [Read] /home/yzs/riscv/freebsd-src/sys/riscv/vmm/vmm_riscv.c
[18:18:54] [spechunter] [text] Now let me trace how `badaddr` (which holds stval) is consumed.  
[18:18:54] [spechunter] [Grep] pattern='handle_page_fault'
[18:18:54] [spechunter] [Read] /home/yzs/riscv/linux/arch/riscv/kernel/traps_misaligned.c
[18:18:54] [spechunter] [Grep] pattern='handle_misaligned'
[18:18:57] [spechunter] [text] Let me also check for the key path in KVM where stval/scause are read from hardware at trap time, and any unconditional ...
[18:18:57] [spechunter] [Read] /home/yzs/riscv/linux/arch/riscv/kvm/vcpu.c
[18:18:57] [spechunter] [Grep] pattern='sext\\.w'
[18:18:57] [spechunter] [Grep] pattern='CSR_STVAL|CSR_TVAL|stval|tval'
[18:18:57] [spechunter] [Grep] pattern='stval|badaddr|tval'
[18:19:05] [spechunter] [Read] /home/yzs/riscv/XiangShan/src/main/scala/xiangshan/cache/mmu/TLB.scala
[18:19:05] [spechunter] [Grep] pattern='excpVA'
[18:19:05] [spechunter] [Grep] pattern='excpVA'
[18:19:12] [spechunter] [Read] /home/yzs/riscv/qemu/target/riscv/debug.c
[18:19:12] [spechunter] [Grep] pattern='helper_raise_exception'
[18:19:13] [spechunter] [Read] /home/yzs/riscv/linux/arch/riscv/mm/fault.c
[18:19:13] [spechunter] [Read] /home/yzs/riscv/linux/arch/riscv/include/asm/entry-common.h
[18:19:26] [spechunter] [Read] /home/yzs/riscv/qemu/target/riscv/translate.c
[18:19:26] [spechunter] [Grep] pattern='PM_MASK_ENABLED|PM_BASE_ENABLED|pm_mask_enabled|pm_base_enabled'
[18:19:26] [spechunter] [Read] /home/yzs/riscv/freebsd-src/sys/riscv/vmm/vmm_riscv.c
[18:19:26] [spechunter] [Grep] pattern='stval|htval'
[18:19:26] [spechunter] [Grep] pattern='stval|htval'
[18:19:26] [spechunter] [Read] /home/yzs/riscv/freebsd-src/sys/riscv/include/pmap.h
[18:19:42] [spechunter] [text] Let me look at the Sifive CIP-453 errata handler more closely and also check for any other unconditional handling of stv...
[18:19:42] [spechunter] [Grep] pattern='EXC_INST_PAGE_FAULT|EXC_INST_FAULT|EXC_LOAD_PAGE_FAULT|EXC_STORE_PAGE_FAULT|EXC_INST_MISALIGNED'
[18:19:42] [spechunter] [Grep] pattern='ADD_SIGN_EXT|sifive_cip_453'
[18:19:48] [spechunter] [text] Now let me look for any pointer masking / tagged address handling in the kernel and how `badaddr` is consumed across dif...
[18:19:48] [spechunter] [Grep] pattern='tagged|tag.*addr|TIF_TAGGED|supm|Supm|SUPM'
[18:19:48] [spechunter] [Grep] pattern='EXC_INST_|EXC_LOAD_|EXC_STORE_|EXC_VIRTUAL|EXC_BREAK'
[18:19:48] [spechunter] [Grep] pattern='regs->badaddr|regs->cause'
[18:19:55] [spechunter] [Grep] pattern='tlb_fill|riscv_cpu_tlb_fill|adjust_addr'
[18:19:55] [spechunter] [Read] /home/yzs/riscv/qemu/target/riscv/cpu.h
[18:19:58] [spechunter] [Grep] pattern='memExceptionVAddr'
[18:19:58] [spechunter] [Grep] pattern='memExceptionVAddr'
[18:19:58] [spechunter] [Grep] pattern='PMLEN|PM_LEN'
[18:20:07] [spechunter] [Read] /home/yzs/riscv/qemu/target/riscv/cpu_helper.c
[18:20:07] [spechunter] [Grep] pattern='get_physical_address'
[18:20:10] [spechunter] [Grep] pattern='exceptionAddr\\.vaddr'
[18:20:10] [spechunter] [Grep] pattern='fullva'
[18:20:10] [spechunter] [Read] /home/yzs/riscv/XiangShan/src/main/scala/xiangshan/backend/Backend.scala
[18:20:15] [spechunter] [Read] /home/yzs/riscv/qemu/target/riscv/cpu_helper.c
[18:20:16] [spechunter] [Read] /home/yzs/riscv/linux/arch/riscv/include/asm/errata_list.h
[18:20:16] [spechunter] [Read] /home/yzs/riscv/linux/arch/riscv/Kconfig.errata
[18:20:16] [spechunter] [Read] /home/yzs/riscv/linux/arch/riscv/kernel/process.c
[18:20:38] [spechunter] [Grep] pattern='stval|mtval|xtval|tval'
[18:20:38] [spechunter] [Grep] pattern='pointer.?mask|PMM|senvcfg.*pm|menvcfg.*pm|pm_en'
[18:20:41] [spechunter] [TodoWrite] 5 items
[18:20:46] [spechunter] [Read] /home/yzs/riscv/XiangShan/src/main/scala/xiangshan/backend/fu/NewCSR/TrapTvalMod.scala
[18:20:46] [spechunter] [Read] /home/yzs/riscv/XiangShan/src/main/scala/xiangshan/backend/fu/NewCSR/CSRBundles.scala
[18:20:50] [spechunter] [Read] /home/yzs/riscv/linux/arch/riscv/include/asm/uaccess.h
[18:20:50] [spechunter] [Read] /home/yzs/riscv/linux/arch/riscv/kernel/process.c
[18:20:50] [spechunter] [Read] /home/yzs/riscv/linux/arch/riscv/include/asm/mmu.h
[18:20:51] [spechunter] [text] Now let me check whether there are pointer-masking specific checks around stval usage.  
[18:20:51] [spechunter] [Grep] pattern='ADUE|ENVCFG_PMM|pointer_mask|pmlen'
[18:20:51] [spechunter] [Grep] pattern='addr.*mask|mask.*addr|untag|untagged_addr'
[18:21:02] [spechunter] [Read] /home/yzs/riscv/linux/arch/riscv/include/asm/uaccess.h
[18:21:02] [spechunter] [Read] /home/yzs/riscv/linux/arch/riscv/include/asm/mmu_context.h
[18:21:03] [spechunter] [Read] /home/yzs/riscv/XiangShan/src/main/scala/xiangshan/backend/fu/NewCSR/CSREvents/TrapEntryMEvent.scala
[18:21:03] [spechunter] [Read] /home/yzs/riscv/XiangShan/src/main/scala/xiangshan/backend/fu/NewCSR/CSREvents/TrapEntryHSEvent.scala
[18:21:03] [spechunter] [Read] /home/yzs/riscv/XiangShan/src/main/scala/xiangshan/backend/fu/NewCSR/CSREvents/TrapEntryVSEvent.scala
[18:21:13] [spechunter] [text] Now let me check the `genTrapVA` function and pointer masking logic.  
[18:21:13] [spechunter] [Grep] pattern='def genTrapVA'
[18:21:13] [spechunter] [Grep] pattern='pointerMask|pm_en|PMM.*apply|applyPointerMask'
[18:21:14] [spechunter] [Grep] pattern='adjust_addr'
[18:21:14] [spechunter] [Grep] pattern='sepc|mepc'
[18:21:27] [spechunter] [Read] /home/yzs/riscv/XiangShan/src/main/scala/xiangshan/backend/fu/NewCSR/CSREvents/CSREvent.scala
[18:21:27] [spechunter] [Grep] pattern='pointerMask|applyPointerMask|pm_mask|pm_addr|genTrapVA'
[18:21:39] [spechunter] [Read] /home/yzs/riscv/linux/arch/riscv/kernel/vector.c
[18:21:39] [spechunter] [Read] /home/yzs/riscv/linux/arch/riscv/kernel/process.c
[18:21:39] [spechunter] [Grep] pattern='badaddr'
[18:21:40] [spechunter] [Grep] pattern='memExceptionVAddr'
[18:21:43] [spechunter] [text] Now let me look at the KVM exit paths and how `stval` values flow through them.  
[18:21:43] [spechunter] [Read] /home/yzs/riscv/linux/arch/riscv/kvm/vcpu_exit.c
[18:21:43] [spechunter] [Read] /home/yzs/riscv/linux/arch/riscv/kvm/vcpu_insn.c
[18:21:50] [spechunter] [Grep] pattern='exceptionAddr|excpVA'
[18:21:50] [spechunter] [Grep] pattern='class ExceptionBundle|class LsPipelineBundle|vaddr.*exception|exception.*vaddr'
[18:22:06] [spechunter] [text] Now let me search for the KVM unpriv trap handler (where stval is actually captured from the hardware CSR) and the `__kv...
[18:22:06] [spechunter] [Grep] pattern='__kvm_riscv_unpriv_trap'
[18:22:06] [spechunter] [Grep] pattern='kvm_riscv_vcpu_unpriv_read|kvm_riscv_vcpu_mmio'
[18:22:10] [spechunter] [Grep] pattern='__kvm_riscv_unpriv_trap'
[18:22:11] [spechunter] [text] Let me check how pointer masking is applied in the TLB/MMU and whether the instruction-address path differs from the dat...
[18:22:11] [spechunter] [Grep] pattern='EnvPMM|PMM|pm_en|pointer.?mask'
[18:22:12] [spechunter] [text] Now I have a thorough picture. Here is the complete JSON report.  ```json {   "locations": [     {       "file_path": "a...
[18:22:16] [spechunter] [Read] /home/yzs/riscv/linux/arch/riscv/kernel/signal.c
[18:22:16] [spechunter] [Grep] pattern='kvm_riscv_vcpu_mmio_load|kvm_riscv_vcpu_mmio_store'
[18:22:25] [spechunter] [Read] /home/yzs/riscv/XiangShan/src/main/scala/xiangshan/cache/mmu/TLB.scala
[18:22:42] [spechunter] [Read] /home/yzs/riscv/linux/arch/riscv/kvm/vcpu_insn.c
[18:22:42] [spechunter] [Grep] pattern='kvm_riscv_vcpu_mmio'
[18:23:12] [spechunter] [text] Now let me trace the `sepc`/`mepc` setting and CSR read/write paths, plus migration code.    
[18:23:12] [spechunter] [Read] /home/yzs/riscv/qemu/target/riscv/machine.c
[18:23:12] [spechunter] [Grep] pattern='sepc|mepc|stval|mtval|htval'
[18:23:26] [spechunter] [text] ```json {   "violation_condition": "In the FreeBSD kernel, when pointer masking is enabled for the faulting privilege mo...
[18:23:40] [spechunter] [Grep] pattern='frame->tf_stval'
[18:23:40] [spechunter] [Grep] pattern='csr_read\\(stval\\)|csr_read\\(vstval\\)'
[18:23:40] [spechunter] [Grep] pattern='tf_stval'
[18:23:40] [spechunter] [Grep] pattern='stval'
[18:23:40] [spechunter] [Agent] description, prompt
[18:23:48] [spechunter] [Grep] pattern='stval'
[18:23:48] [spechunter] [Grep] pattern='stval'
[18:23:48] [spechunter] [Grep] pattern='stval'
[18:23:53] [spechunter] [text] Now let me check how the memory exception address is sourced, to understand if pointer masking is double-applied or miss...
[18:23:53] [spechunter] [Read] /home/yzs/riscv/XiangShan/src/main/scala/xiangshan/mem/lsqueue/ExceptionInfoGen.scala
[18:23:53] [spechunter] [Grep] pattern='exceptionFullva|fullva.*exception|exceptionVa'
[18:24:04] [spechunter] [Grep] pattern='tf_stval'
[18:24:04] [spechunter] [Grep] pattern='csr_read\\(stval\\)|csr_read\\(vstval\\)'
[18:24:04] [spechunter] [Grep] pattern='\\bstval\\b'
[18:24:04] [spechunter] [Grep] pattern='stval|tf_stval'
[18:24:13] [spechunter] [text] Let me get more context on the key files to provide accurate function names and line ranges.  
[18:24:13] [spechunter] [Grep] pattern='^(static )?void\\s+\\w+|^(static )?int\\s+\\w+|^[a-zA-Z_][a-zA-Z0-9_]*\\s+\\w+\\('
[18:24:13] [spechunter] [Read] sys/riscv/riscv/trap.c
[18:24:13] [spechunter] [Read] sys/riscv/riscv/trap.c
[18:24:13] [spechunter] [Read] sys/riscv/vmm/vmm_riscv.c
[18:24:13] [spechunter] [Read] sys/riscv/vmm/vmm_riscv.c
[18:24:14] [spechunter] [Read] /home/yzs/riscv/freebsd-src/sys/riscv/include/frame.h
[18:24:14] [spechunter] [Read] /home/yzs/riscv/freebsd-src/sys/riscv/riscv/exception.S
[18:24:14] [spechunter] [Read] /home/yzs/riscv/freebsd-src/sys/riscv/riscv/trap.c
[18:24:14] [spechunter] [Read] /home/yzs/riscv/freebsd-src/sys/riscv/include/encoding.h
[18:24:25] [spechunter] [Grep] pattern='def GenExceptionVa'
[18:24:27] [spechunter] [Read] sys/riscv/vmm/vmm_riscv.c
[18:24:27] [spechunter] [Read] sys/riscv/riscv/exception.S
[18:24:27] [spechunter] [Read] sys/riscv/vmm/vmm_switch.S
[18:24:27] [spechunter] [Read] sys/riscv/vmm/vmm_riscv.c
[18:24:32] [spechunter] [Read] /home/yzs/riscv/linux/arch/riscv/kvm/vcpu.c
[18:24:32] [spechunter] [Read] /home/yzs/riscv/linux/arch/riscv/kvm/vcpu.c
[18:24:36] [spechunter] [Read] /home/yzs/riscv/XiangShan/src/main/scala/xiangshan/mem/lsqueue/ExceptionInfoGen.scala
[18:24:39] [spechunter] [Read] /home/yzs/riscv/freebsd-src/sys/riscv/riscv/gdb_machdep.c
[18:24:39] [spechunter] [Read] /home/yzs/riscv/freebsd-src/sys/riscv/riscv/db_interface.c
[18:24:39] [spechunter] [Read] /home/yzs/riscv/freebsd-src/sys/riscv/riscv/db_trace.c
[18:24:39] [spechunter] [Read] /home/yzs/riscv/freebsd-src/sys/riscv/riscv/genassym.c
[18:24:39] [spechunter] [Read] /home/yzs/riscv/freebsd-src/sys/cddl/dev/dtrace/riscv/dtrace_subr.c
[18:24:39] [spechunter] [Read] /home/yzs/riscv/freebsd-src/sys/riscv/vmm/vmm_riscv.c
[18:24:41] [spechunter] [text] Now let me look at the `riscv_v_first_use_handler` function and `__show_regs` more carefully, and the signal handling co...
[18:24:41] [spechunter] [Grep] pattern='insn_is_vector'
[18:24:41] [spechunter] [Read] /home/yzs/riscv/linux/arch/riscv/kernel/signal.c
[18:24:45] [spechunter] [Read] sys/riscv/riscv/trap.c
[18:24:45] [spechunter] [Read] sys/riscv/riscv/db_trace.c
[18:24:45] [spechunter] [Read] sys/riscv/vmm/vmm_riscv.c
[18:24:50] [spechunter] [text] Now let me check the function name containing the exit-loop csr_read at vmm_riscv.c:701.  
[18:24:50] [spechunter] [Grep] pattern='^(static )?void\\s+\\w+|^(static )?int\\s+\\w+'
[18:24:52] [spechunter] [Grep] pattern='restore_sigcontext'
[18:24:56] [spechunter] [Read] sys/riscv/vmm/vmm_riscv.c
[18:24:57] [spechunter] [Read] /home/yzs/riscv/freebsd-src/sys/riscv/riscv/swtch.S
[18:24:57] [spechunter] [Read] /home/yzs/riscv/freebsd-src/sys/riscv/vmm/vmm_switch.S
[18:24:57] [spechunter] [Read] /home/yzs/riscv/freebsd-src/sys/riscv/vmm/riscv.h
[18:24:57] [spechunter] [Read] /home/yzs/riscv/freebsd-src/sys/riscv/include/vmm.h
[18:24:57] [spechunter] [Grep] pattern='CSR_STVAL|DECLARE_CSR'
[18:24:57] [spechunter] [Grep] pattern='tf_stval|stval'
[18:25:05] [spechunter] [text] Let me now trace the CSR read/write paths for `stval`, `mtval`, `sepc`, `mepc`, and check CSR definitions and migration ...
[18:25:05] [spechunter] [Grep] pattern='STVAL|MTVAL|HTVAL|SEPC|MEPC'
[18:25:05] [spechunter] [Read] /home/yzs/riscv/qemu/target/riscv/cpu_helper.c
[18:25:10] [spechunter] [Grep] pattern='^(bool|int|void|static)\\s+riscv_'
[18:25:13] [spechunter] [Read] sys/riscv/vmm/vmm_riscv.c
[18:25:18] [spechunter] [Read] sys/riscv/vmm/vmm_riscv.c
[18:25:25] [spechunter] [Grep] pattern='#define DECLARE_CSR'
[18:25:25] [spechunter] [Grep] pattern='GDB_REG_STVAL'
[18:25:25] [spechunter] [Grep] pattern='stval'
[18:25:25] [spechunter] [Grep] pattern='stval'
[18:25:25] [spechunter] [Grep] pattern='stval|tf_stval'
[18:25:25] [spechunter] [Grep] pattern='vf_stval|VS_STVAL'
[18:25:45] [spechunter] [Grep] pattern='DECLARE_CSR'
[18:25:45] [spechunter] [Read] /home/yzs/riscv/freebsd-src/sys/riscv/include/gdb_machdep.h
[18:25:45] [spechunter] [Read] /home/yzs/riscv/freebsd-src/sys/riscv/vmm/vmm_switch.S
[18:25:45] [spechunter] [Read] /home/yzs/riscv/freebsd-src/sys/riscv/include/riscvreg.h
[18:25:56] [spechunter] [text] ```json {   "locations": [     {       "file_path": "sys/riscv/include/frame.h",       "function_name": "(struct trapfra...
[18:26:04] [spechunter] [Grep] pattern='define\\s+DECLARE_CSR'
[18:26:04] [spechunter] [Grep] pattern='DECLARE_CSR'
[18:26:04] [spechunter] [Grep] pattern='ktrap_frame|sf_si|send_sig|si_addr|ksi_addr'
[18:26:04] [spechunter] [Grep] pattern='vf_stval|vstval'
[18:26:12] [spechunter] [Read] /home/yzs/riscv/freebsd-src/sys/riscv/riscv/exec_machdep.c
[18:26:12] [spechunter] [Read] /home/yzs/riscv/freebsd-src/sys/riscv/riscv/db_disasm.c
[18:26:12] [spechunter] [Grep] pattern='call_trapsignal'
[18:26:12] [spechunter] [Read] /home/yzs/riscv/freebsd-src/sys/riscv/riscv/copyinout.S
[18:26:27] [spechunter] [Grep] pattern='DECLARE_CSR|csr_read|csr_write|csr_swap'
[18:26:27] [spechunter] [Grep] pattern='stval|tf_stval'
[18:26:27] [spechunter] [Grep] pattern='VVAR_STVAL|VDSO.*stval'
[18:26:32] [spechunter] [Grep] pattern='static RISCVException read_(mepc|mtval|sepc|stval|htval|vsepc|vstval|mtval2)\\b'
[18:26:32] [spechunter] [Grep] pattern='static RISCVException write_(mepc|mtval|sepc|stval|htval|vsepc|vstval|mtval2)\\b'
[18:26:33] [spechunter] [Read] /home/yzs/riscv/freebsd-src/sys/riscv/include/riscvreg.h
[18:26:33] [spechunter] [Read] /home/yzs/riscv/freebsd-src/sys/riscv/include/encoding.h
[18:26:36] [spechunter] [Read] /home/yzs/riscv/qemu/target/riscv/csr.c
[18:26:36] [spechunter] [Read] /home/yzs/riscv/qemu/target/riscv/csr.c
[18:26:39] [spechunter] [Read] /home/yzs/riscv/XiangShan/src/main/scala/xiangshan/mem/lsqueue/ExceptionInfoGen.scala
[18:27:25] [spechunter] [Grep] pattern='stval|tf_stval'
[18:27:25] [spechunter] [Grep] pattern='VIRT_IS_VALID'
[18:27:25] [spechunter] [Grep] pattern='VIRT_IS_VALID'
[18:27:32] [spechunter] [Read] /home/yzs/riscv/qemu/target/riscv/tcg/tcg-cpu.c
[18:27:34] [spechunter] [text] Now let me also look at the `pt_regs` structure to understand `badaddr` (which is `stval`) and its usage in the KVM nest...
[18:27:34] [spechunter] [Grep] pattern='struct pt_regs'
[18:27:34] [spechunter] [Read] /home/yzs/riscv/linux/arch/riscv/kvm/vcpu_sbi.c
[18:27:36] [spechunter] [Grep] pattern='stval'
[18:27:36] [spechunter] [Grep] pattern='VIRT_IS_VALID'
[18:27:36] [spechunter] [Read] /home/yzs/riscv/freebsd-src/sys/cddl/dev/dtrace/riscv/dtrace_subr.c
[18:27:47] [spechunter] [Read] /home/yzs/riscv/freebsd-src/sys/riscv/include/pmap.h
[18:28:08] [spechunter] [text] I'll cross-validate the fast-path locations against the actual code before producing the final set.  
[18:28:08] [spechunter] [Read] /home/yzs/riscv/qemu/target/riscv/csr.c
[18:28:08] [spechunter] [Read] /home/yzs/riscv/qemu/target/riscv/csr.c
[18:28:08] [spechunter] [Read] /home/yzs/riscv/qemu/target/riscv/csr.c
[18:28:16] [spechunter] [Read] /home/yzs/riscv/qemu/target/riscv/cpu_helper.c
[18:28:16] [spechunter] [Read] /home/yzs/riscv/qemu/target/riscv/cpu_helper.c
[18:28:16] [spechunter] [Read] /home/yzs/riscv/qemu/target/riscv/internals.h
[18:28:32] [spechunter] [Read] /home/yzs/riscv/qemu/target/riscv/op_helper.c
[18:28:32] [spechunter] [Read] /home/yzs/riscv/qemu/target/riscv/op_helper.c
[18:28:32] [spechunter] [Read] /home/yzs/riscv/qemu/target/riscv/cpu_helper.c
[18:28:39] [spechunter] [Grep] pattern='fromMem.*excpVA|excpVA.*fromMem'
[18:28:43] [spechunter] [Read] /home/yzs/riscv/XiangShan/src/main/scala/xiangshan/backend/fu/NewCSR/NewCSR.scala
[18:29:08] [spechunter] [text] Now let me verify the remaining locations that were flagged as potential boilerplate.  
[18:29:08] [spechunter] [Read] /home/yzs/riscv/qemu/target/riscv/csr.c
[18:29:08] [spechunter] [Read] /home/yzs/riscv/qemu/target/riscv/csr.c
[18:29:08] [spechunter] [Read] /home/yzs/riscv/qemu/target/riscv/csr.c
[18:29:08] [spechunter] [Read] /home/yzs/riscv/qemu/target/riscv/machine.c
[18:29:08] [spechunter] [Read] /home/yzs/riscv/qemu/target/riscv/cpu.h
[18:29:10] [spechunter] [text] Now let me also check the `new_vmalloc_check` macro path more carefully, and verify whether there's any explicit `sext.w...
[18:29:10] [spechunter] [Read] /home/yzs/riscv/linux/arch/riscv/kvm/vcpu.c
[18:29:10] [spechunter] [Grep] pattern='sign_extend|SIGN_EXTEND|__untagged_addr'
[18:29:18] [spechunter] [Grep] pattern='excpVA'
[18:29:51] [spechunter] [text] Now I have all the information needed for cross-validation. Let me verify the remaining lower-priority locations before ...
[18:29:51] [spechunter] [Read] /home/yzs/riscv/qemu/target/riscv/cpu_helper.c
[18:30:20] [spechunter] [text] Now let me read the key files to verify exact line numbers and understand the full context.  
[18:30:20] [spechunter] [Read] /home/yzs/riscv/freebsd-src/sys/riscv/riscv/trap.c
[18:30:20] [spechunter] [Read] /home/yzs/riscv/freebsd-src/sys/riscv/riscv/exception.S
[18:30:20] [spechunter] [Read] /home/yzs/riscv/freebsd-src/sys/riscv/vmm/vmm_riscv.c
[18:30:32] [spechunter] [text] ```json {   "locations": [     {       "file": "arch/riscv/mm/fault.c",       "func": "handle_page_fault",       "lines"...
[18:30:35] [spechunter] [text] Let me also check for pointer masking support and the signal delivery path.  
[18:30:35] [spechunter] [Grep] pattern='senvcfg|PMLEN|pointer_mask|pmm|menvcfg'
[18:30:35] [spechunter] [Read] /home/yzs/riscv/freebsd-src/sys/riscv/riscv/trap.c
[18:30:35] [spechunter] [Read] /home/yzs/riscv/freebsd-src/sys/riscv/riscv/trap.c
[18:30:41] [spechunter] [text] Let me also check the VMM guest page fault handling and DTrace path more carefully.  
[18:30:41] [spechunter] [Read] /home/yzs/riscv/freebsd-src/sys/riscv/vmm/vmm_riscv.c
[18:30:41] [spechunter] [Read] /home/yzs/riscv/freebsd-src/sys/cddl/dev/dtrace/riscv/dtrace_subr.c
[18:30:41] [spechunter] [Read] /home/yzs/riscv/freebsd-src/sys/riscv/vmm/vmm_riscv.c
[18:30:49] [spechunter] [text] Let me also verify the signal delivery path and read the dtrace trap handler entry point.  
[18:30:49] [spechunter] [Read] /home/yzs/riscv/freebsd-src/sys/cddl/dev/dtrace/riscv/dtrace_subr.c
[18:30:49] [spechunter] [Grep] pattern='tf_stval|tf->tf_stval'
[18:30:50] [spechunter] [Agent] description, prompt
[18:31:02] [spechunter] [text] Let me also check the signal frame construction to confirm si_addr flow, and look for any pointer-masking-related config...
[18:31:02] [spechunter] [Grep] pattern='ksi_addr|si_addr|sf_si'
[18:31:02] [spechunter] [Grep] pattern='senvcfg|SENVCFG|ENVCFG'
[18:31:06] [spechunter] [Read] /home/yzs/riscv/linux/arch/riscv/kernel/traps.c
[18:31:06] [spechunter] [Read] /home/yzs/riscv/linux/arch/riscv/mm/fault.c
[18:31:06] [spechunter] [Read] /home/yzs/riscv/linux/arch/riscv/kernel/asm-offsets.c
[18:31:06] [spechunter] [Grep] pattern='stval'
[18:31:06] [spechunter] [Grep] pattern='stval'
[18:31:06] [spechunter] [Grep] pattern='stval'
[18:31:20] [spechunter] [text] Let me check the unpriv trap handler and vstval save/restore paths.  
[18:31:20] [spechunter] [Read] /home/yzs/riscv/freebsd-src/sys/riscv/vmm/vmm_switch.S
[18:31:20] [spechunter] [Read] /home/yzs/riscv/freebsd-src/sys/riscv/vmm/vmm_riscv.c
[18:31:26] [spechunter] [Read] /home/yzs/riscv/linux/arch/riscv/kernel/entry.S
[18:31:26] [spechunter] [Read] /home/yzs/riscv/linux/arch/riscv/kvm/vcpu.c
[18:31:26] [spechunter] [Read] /home/yzs/riscv/linux/arch/riscv/kvm/vcpu_exit.c
[18:31:26] [spechunter] [Read] /home/yzs/riscv/linux/arch/riscv/kernel/head.h
[18:31:26] [spechunter] [Grep] pattern='sext\\.w|sext_w|SIGN_EXT|sign.extend|sign_extend|SignExtend'
[18:31:26] [spechunter] [Grep] pattern='pointer_mask|pmask|PointerMask|complimentary'
[18:31:26] [spechunter] [Grep] pattern='CSR_STVAL|CSR_VSTVAL|csr_stval|csr_vstval'
[18:31:40] [spechunter] [text] Let me check the `VIRT_IS_VALID` macro and any existing pointer-masking references in the RISC-V headers.  
[18:31:40] [spechunter] [Grep] pattern='VIRT_IS_VALID|VM_MIN_KERNEL_ADDRESS|VM_MAX_USER_ADDRESS|VM_MAX_KERNEL_ADDRESS'
[18:31:40] [spechunter] [Grep] pattern='PMLEN|pmlen|pointer_mask|PNTB|pntb'
[18:31:41] [spechunter] [text] Now let me check how the frontend feeds the fetch PC into the trap entry path to see if pointer masking could be applied...
[18:31:41] [spechunter] [Grep] pattern='trapPc'
[18:31:47] [spechunter] [text] Let me check how `trapPC` is generated in the CSR module.  
[18:31:47] [spechunter] [Read] /home/yzs/riscv/XiangShan/src/main/scala/xiangshan/backend/fu/NewCSR/NewCSR.scala
[18:32:03] [spechunter] [Grep] pattern='trapPC\\b.*=|val trapPC'
[18:32:04] [spechunter] [Read] /home/yzs/riscv/linux/arch/riscv/errata/sifive/errata_cip_453.S
[18:32:04] [spechunter] [Read] /home/yzs/riscv/linux/arch/riscv/kvm/vcpu.c
[18:32:04] [spechunter] [Read] /home/yzs/riscv/linux/arch/riscv/kvm/trace.h
[18:32:04] [spechunter] [Read] /home/yzs/riscv/linux/arch/riscv/include/asm/kvm_host.h
[18:32:04] [spechunter] [Grep] pattern='badaddr|BADADDR|stval'
[18:32:04] [spechunter] [Grep] pattern='show_regs|__show_regs|badaddr|BADADDR'
[18:32:04] [spechunter] [Grep] pattern='stval|badaddr|STVAL|BADADDR'
[18:32:04] [spechunter] [Grep] pattern='stval|STVAL'
[18:32:04] [spechunter] [Grep] pattern='__kvm_riscv_unpriv_trap|EXC_UNPRIV'
[18:32:13] [spechunter] [text] Now I have full visibility into all referenced locations. Here's my cross-validated analysis and final location set:  **...
[18:32:15] [spechunter] [Grep] pattern='tval'
[18:32:15] [spechunter] [Grep] pattern='pointer.mask'
[18:32:15] [spechunter] [Grep] pattern='mtval|stval|xtval|htval'
[18:32:23] [spechunter] [Read] /home/yzs/riscv/linux/arch/riscv/kvm/vcpu_switch.S
[18:32:24] [spechunter] [Read] /home/yzs/riscv/linux/arch/riscv/kvm/vcpu_insn.c
[18:32:24] [spechunter] [Read] /home/yzs/riscv/linux/arch/riscv/kvm/vcpu_insn.c
[18:32:24] [spechunter] [Grep] pattern='stval|STVAL|tval'
[18:32:24] [spechunter] [Read] /home/yzs/riscv/linux/arch/riscv/include/asm/ptrace.h
[18:32:24] [spechunter] [Read] /home/yzs/riscv/linux/arch/riscv/include/asm/uaccess.h
[18:32:24] [spechunter] [Read] /home/yzs/riscv/linux/arch/riscv/kvm/vcpu_sbi_fwft.c
[18:32:24] [spechunter] [Read] /home/yzs/riscv/linux/arch/riscv/kernel/traps_misaligned.c
[18:32:24] [spechunter] [Grep] pattern='tval.*pointer|pointer.*tval|pmask|pmmask|ptr_mask'
[18:32:24] [spechunter] [Read] /home/yzs/riscv/XiangShan/src/main/scala/xiangshan/backend/fu/NewCSR/TrapTvalMod.scala
[18:32:24] [spechunter] [Read] /home/yzs/riscv/XiangShan/src/main/scala/xiangshan/backend/fu/NewCSR/CSREvents/TrapEntryMEvent.scala
[18:32:25] [spechunter] [TodoWrite] 5 items
[18:32:25] [spechunter] [Agent] description, prompt
[18:32:33] [spechunter] [Read] /home/yzs/riscv/XiangShan/src/main/scala/xiangshan/backend/fu/NewCSR/CSREvents/TrapEntryHSEvent.scala
[18:32:33] [spechunter] [Read] /home/yzs/riscv/XiangShan/src/main/scala/xiangshan/backend/fu/NewCSR/CSREvents/TrapEntryVSEvent.scala
[18:32:33] [spechunter] [Read] /home/yzs/riscv/XiangShan/src/main/scala/xiangshan/backend/fu/NewCSR/NewCSR.scala
[18:32:41] [spechunter] [Read] /home/yzs/riscv/linux/arch/riscv/include/asm/kgdb.h
[18:32:41] [spechunter] [Read] /home/yzs/riscv/linux/arch/riscv/include/asm/csr.h
[18:32:41] [spechunter] [Read] /home/yzs/riscv/linux/arch/riscv/include/asm/csr.h
[18:32:41] [spechunter] [Read] /home/yzs/riscv/linux/arch/riscv/include/asm/csr.h
[18:32:41] [spechunter] [Grep] pattern='tval|TVAL'
[18:32:41] [spechunter] [Read] /home/yzs/riscv/linux/arch/riscv/kernel/head.S
[18:32:43] [spechunter] [Grep] pattern='genTrapVA'
[18:32:43] [spechunter] [Grep] pattern='pointer.mask|pm_en|PME|pmask|PointerMask'
[18:32:45] [spechunter] [Agent] subagent_type, description
[18:32:45] [spechunter] [Agent] subagent_type, description
[18:32:45] [spechunter] [text] Now I have the full picture. Here is the final vulnerability report.  ---  ## Vulnerability Report  ### Summary  The Fre...
[18:32:46] [spechunter] [Read] /home/yzs/riscv/XiangShan/src/main/scala/xiangshan/backend/fu/NewCSR/CSREvents/CSREvent.scala
[18:32:55] [spechunter] [text] Now let me search for pointer masking related CSR fields and any address masking applied to tval values.  
[18:32:55] [spechunter] [Grep] pattern='ADUE|PBMTE|STCE|CBZE|CBCFE|CBIE|DTE|PMM'
[18:32:55] [spechunter] [Grep] pattern='pointer.mask|pm_en|pm_\\b|pmen|upm|spm|mpm|hupm|spmmen|mpmmen'
[18:32:55] [spechunter] [Read] /home/yzs/riscv/XiangShan/src/main/scala/xiangshan/backend/fu/NewCSR/CSREvents/TrapEntryMNEvent.scala
[18:33:00] [spechunter] [Grep] pattern='riscv_cpu_do_interrupt'
[18:33:00] [spechunter] [Grep] pattern='helper_raise_exception'
[18:33:00] [spechunter] [Grep] pattern='tval'
[18:33:00] [spechunter] [Grep] pattern='pm_mask|pointer_mask|riscv_pointer_masked|apply_pm'
[18:33:00] [spechunter] [Grep] pattern='cpu_reset'
[18:33:00] [spechunter] [Grep] pattern='vmstate.*csr|csr.*vmstate|VMState.*csr'
[18:33:05] [spechunter] [Grep] pattern='ADUE|Sspm|Smnpm|Smnmpm|Ssnpm|Ssnmpm|Smpm|Smmmpm|Supm|Smmmpm'
[18:33:05] [spechunter] [Grep] pattern='tvalFillPc|tval.*pc|pc.*tval|writeTval|tvalWrite|tval.*assign'
[18:33:05] [spechunter] [Grep] pattern='menvcfg|senvcfg|henvcfg|ADUE|PBMTE|STCE|CBZE|CBCFE|CBIE|DTE'
[18:33:07] [spechunter] [Glob] **/*.scala
[18:33:07] [spechunter] [Grep] pattern='(mtval|stval|htval)'
[18:33:07] [spechunter] [Grep] pattern='[Tt]val'
[18:33:07] [spechunter] [Grep] pattern='(pointer|\\bpmask?\\b|\\.mask\\b|PMP|pmp)'
[18:33:11] [spechunter] [Grep] pattern='pointer.mask|PointerMask|pm_en|pm_'
[18:33:11] [spechunter] [Read] /home/yzs/riscv/XiangShan/src/main/scala/xiangshan/backend/fu/NewCSR/CSREvents/TrapEntryDEvent.scala
[18:33:12] [spechunter] [Read] /home/yzs/riscv/qemu/target/riscv/cpu_helper.c
[18:33:12] [spechunter] [Read] /home/yzs/riscv/qemu/target/riscv/op_helper.c
[18:33:12] [spechunter] [Read] /home/yzs/riscv/qemu/target/riscv/cpu_helper.c
[18:33:12] [spechunter] [Read] /home/yzs/riscv/qemu/target/riscv/machine.c
[18:33:12] [spechunter] [Grep] pattern='cpu_reset'
[18:33:18] [spechunter] [Read] /home/yzs/riscv/XiangShan/src/main/scala/xiangshan/cache/mmu/MMUBundle.scala
[18:33:18] [spechunter] [Read] /home/yzs/riscv/XiangShan/src/main/scala/xiangshan/backend/fu/wrapper/CSR.scala
[18:33:23] [spechunter] [Read] /home/yzs/riscv/XiangShan/src/main/scala/xiangshan/backend/fu/NewCSR/TrapTvalMod.scala
[18:33:23] [spechunter] [Read] /home/yzs/riscv/XiangShan/src/main/scala/xiangshan/backend/fu/NewCSR/CSREvents/TrapEntryMEvent.scala
[18:33:23] [spechunter] [Read] /home/yzs/riscv/XiangShan/src/main/scala/xiangshan/backend/fu/NewCSR/CSREvents/TrapEntryHSEvent.scala
[18:33:23] [spechunter] [Read] /home/yzs/riscv/XiangShan/src/main/scala/xiangshan/backend/fu/NewCSR/CSREvents/TrapEntryVSEvent.scala
[18:33:23] [spechunter] [Read] /home/yzs/riscv/XiangShan/src/main/scala/xiangshan/backend/fu/NewCSR/CSREvents/TrapEntryDEvent.scala
[18:33:23] [spechunter] [Read] /home/yzs/riscv/XiangShan/src/main/scala/xiangshan/backend/fu/NewCSR/CSREvents/TrapEntryMNEvent.scala
[18:33:23] [spechunter] [Read] /home/yzs/riscv/XiangShan/src/main/scala/xiangshan/backend/fu/NewCSR/CSREvents/CSREvent.scala
[18:33:35] [spechunter] [Read] /home/yzs/riscv/qemu/target/riscv/cpu_helper.c
[18:33:35] [spechunter] [Read] /home/yzs/riscv/qemu/target/riscv/cpu.c
[18:33:35] [spechunter] [Grep] pattern='pm_mask|pointer_mask|riscv_pointer_masked|apply_pm'
[18:33:35] [spechunter] [Grep] pattern='pm_mask|pointer_masked|apply_pm'
[18:33:35] [spechunter] [Grep] pattern='pointer_masking|pointermask'
[18:33:39] [spechunter] [Grep] pattern='pointer.mask|fullva|pm_en|upm_en|spm_en|mpm_en|hupm_en|pm\\b'
[18:33:39] [spechunter] [Read] /home/yzs/riscv/XiangShan/src/main/scala/xiangshan/backend/fu/NewCSR/SupervisorLevel.scala
[18:33:41] [spechunter] [text] I'll cross-validate the fast-path locations against the PR context ("Clarify that instruction addresses store to *tval a...
[18:33:41] [spechunter] [Read] /home/yzs/riscv/freebsd-src/sys/riscv/riscv/trap.c
[18:33:41] [spechunter] [Read] /home/yzs/riscv/freebsd-src/sys/riscv/riscv/trap.c
[18:33:41] [spechunter] [Read] /home/yzs/riscv/freebsd-src/sys/riscv/riscv/trap.c
[18:33:41] [spechunter] [Read] /home/yzs/riscv/freebsd-src/sys/riscv/vmm/vmm_riscv.c
[18:33:42] [spechunter] [Read] /home/yzs/riscv/XiangShan/src/main/scala/xiangshan/backend/fu/NewCSR/MachineLevel.scala
[18:33:42] [spechunter] [Read] /home/yzs/riscv/XiangShan/src/main/scala/xiangshan/backend/fu/NewCSR/SupervisorLevel.scala
[18:33:42] [spechunter] [Read] /home/yzs/riscv/XiangShan/src/main/scala/xiangshan/backend/fu/NewCSR/HypervisorLevel.scala
[18:33:42] [spechunter] [Read] /home/yzs/riscv/XiangShan/src/main/scala/xiangshan/backend/fu/NewCSR/VirtualSupervisorLevel.scala
[18:33:42] [spechunter] [Read] /home/yzs/riscv/XiangShan/src/main/scala/xiangshan/backend/fu/NewCSR/NewCSR.scala
[18:33:53] [spechunter] [Read] /home/yzs/riscv/XiangShan/src/main/scala/xiangshan/backend/fu/wrapper/CSR.scala
[18:33:55] [spechunter] [Read] /home/yzs/riscv/qemu/target/riscv/cpu.h
[18:33:55] [spechunter] [Grep] pattern='pointer_mask|pm_mask|pointer_masking|riscv_pm'
[18:33:55] [spechunter] [Grep] pattern='RISCV_EXCP'
[18:33:55] [spechunter] [Grep] pattern='stval|mtval|tval'
[18:33:55] [spechunter] [Grep] pattern='badaddr'
[18:34:01] [spechunter] [Read] /home/yzs/riscv/XiangShan/src/main/scala/xiangshan/backend/fu/wrapper/CSR.scala
[18:34:03] [spechunter] [Read] /home/yzs/riscv/XiangShan/src/main/scala/xiangshan/backend/fu/NewCSR/CSRBundles.scala
[18:34:03] [spechunter] [Read] /home/yzs/riscv/XiangShan/src/main/scala/xiangshan/ExceptionNO.scala
[18:34:03] [spechunter] [Read] /home/yzs/riscv/XiangShan/src/main/scala/xiangshan/backend/CtrlBlock.scala
[18:34:03] [spechunter] [Read] /home/yzs/riscv/XiangShan/src/main/scala/xiangshan/backend/fu/NewCSR/ExceptionBundle.scala
[18:34:08] [spechunter] [Grep] pattern='tval|mtval|stval'
[18:34:08] [spechunter] [Grep] pattern='pointerMask|pointer_mask|pm_en|applyPointerMask|maskPtr'
[18:34:09] [spechunter] [Read] /home/yzs/riscv/qemu/target/riscv/cpu_helper.c
[18:34:09] [spechunter] [Read] /home/yzs/riscv/qemu/target/riscv/internals.h
[18:34:09] [spechunter] [Read] /home/yzs/riscv/qemu/target/riscv/tcg/tcg-cpu.c
[18:34:09] [spechunter] [Read] /home/yzs/riscv/qemu/target/riscv/translate.c
[18:34:09] [spechunter] [Read] /home/yzs/riscv/qemu/target/riscv/cpu_helper.c
[18:34:11] [spechunter] [Grep] pattern='object ExceptionNO'
[18:34:11] [spechunter] [Grep] pattern='trap.*tval|tval.*trap|writeTval|tvalWen|tval.*write|write.*tval'
[18:34:11] [spechunter] [Grep] pattern='(genTrapVA|trapPC|trapPc|trap_pc|trapPCGPA|trapMemVA|fetchMalTval)'
[18:34:12] [spechunter] [Read] /home/yzs/riscv/XiangShan/src/main/scala/xiangshan/backend/fu/CSR.scala
[18:34:20] [spechunter] [text] Let me look more carefully at the trap handling code where `stval` is consumed, to determine which locations are truly r...
[18:34:20] [spechunter] [Read] /home/yzs/riscv/freebsd-src/sys/riscv/riscv/trap.c
[18:34:20] [spechunter] [Read] /home/yzs/riscv/freebsd-src/sys/riscv/riscv/exception.S
[18:34:20] [spechunter] [Grep] pattern='pointer.?mask|pm_mask|PM_MASK|ptr_mask\\|hstatus.*PM|SENVCFG'
[18:34:35] [spechunter] [Grep] pattern='adjust_addr'
[18:34:35] [spechunter] [Read] /home/yzs/riscv/qemu/target/riscv/cpu_helper.c
[18:34:35] [spechunter] [Read] /home/yzs/riscv/qemu/target/riscv/internals.h
[18:34:35] [spechunter] [Grep] pattern='RISCVPmPmm|PMM_FIELD|FIELD_PMM|PMLEN'
[18:34:35] [spechunter] [Grep] pattern='read_mtval|read_stval|write_mtval|write_stval'
[18:34:53] [spechunter] [text] Now I have a comprehensive picture. Let me also check the `Parameters.scala` for relevant tval-related parameters.  
[18:34:53] [spechunter] [Grep] pattern='tval|Tval|TVAL'
[18:34:53] [spechunter] [Grep] pattern='class Xtval|class XtvalBundle|class OneField'
[18:34:56] [spechunter] [Grep] pattern='gen_helper_raise_exception|badaddr.*gen_st|gen_st.*badaddr'
[18:34:56] [spechunter] [Read] /home/yzs/riscv/qemu/target/riscv/insn_trans/trans_privileged.c.inc
[18:34:56] [spechunter] [Grep] pattern='addr_xl|PM_MASK|pm_len|pmlen|pointer_mask'
[18:34:56] [spechunter] [Read] /home/yzs/riscv/qemu/target/riscv/translate.c
[18:34:56] [spechunter] [Read] /home/yzs/riscv/qemu/target/riscv/insn_trans/trans_rvi.c.inc
[18:35:02] [spechunter] [Read] /home/yzs/riscv/XiangShan/src/main/scala/xiangshan/package.scala
[18:35:02] [spechunter] [Grep] pattern='(pointer.mask|Ssnpm|Smnpm|Smpm|SPMM|spmm|ppmm|pointerMask|PMASK|pmask|XLEN.*mask|mask.*XLEN|mask.*addr|addr.*mask)'
[18:35:02] [spechunter] [Grep] pattern='(pointer.mask|Ssnpm|Smnpm|Smpm|SPMM|spmm|ppmm|uppm|hupmm|menvcfg.*PMM|hstatus.*PMM|senvcfg.*PMM|henvcfg.*PMM)'
[18:35:11] [spechunter] [Read] /home/yzs/riscv/XiangShan/src/main/scala/xiangshan/backend/fu/NewCSR/CSRBundles.scala
[18:35:12] [spechunter] [Grep] pattern='PointerMask|pointer_mask|ptrmask|PTR_MASK'
[18:35:12] [spechunter] [Grep] pattern='zpm|Zpm'
[18:35:12] [spechunter] [Grep] pattern='pmbits|pm_bits|pmBits'
[18:35:12] [spechunter] [Grep] pattern='mseccfg|PMM|PointerMasking'
[18:35:12] [spechunter] [Grep] pattern='mentry|mpentry'
[18:35:12] [spechunter] [Grep] pattern='tval.*mask|mask.*tval|address.*transform|upper.*bits.*mask'
[18:35:12] [spechunter] [Grep] pattern='stval|mtval|sepc|mepc'
[18:35:13] [spechunter] [Read] /home/yzs/riscv/qemu/target/riscv/translate.c
[18:35:13] [spechunter] [Grep] pattern='bins.*=.*ctx|ctx.*bins|gen_set_bins|sw_check_code'
[18:35:13] [spechunter] [Read] /home/yzs/riscv/qemu/target/riscv/cpu_helper.c
[18:35:13] [spechunter] [Grep] pattern='sw_check_code'
[18:35:13] [spechunter] [Grep] pattern='two_stage_indirect_lookup|two_stage_lookup|promote_load_fault|always_storeamo'
[18:35:19] [spechunter] [text] Let me read the critical source files to perform the detailed security analysis.  
[18:35:19] [spechunter] [Read] /home/yzs/riscv/linux/arch/riscv/errata/sifive/errata_cip_453.S
[18:35:19] [spechunter] [Read] /home/yzs/riscv/linux/arch/riscv/mm/fault.c
[18:35:19] [spechunter] [Read] /home/yzs/riscv/linux/arch/riscv/include/asm/uaccess.h
[18:35:24] [spechunter] [Read] /home/yzs/riscv/qemu/target/riscv/cpu_helper.c
[18:35:24] [spechunter] [Read] /home/yzs/riscv/qemu/target/riscv/cpu_helper.c
[18:35:24] [spechunter] [Read] /home/yzs/riscv/qemu/target/riscv/cpu_helper.c
[18:35:24] [spechunter] [Read] /home/yzs/riscv/qemu/target/riscv/translate.c
[18:35:24] [spechunter] [Grep] pattern='pointer_masking|pointer_mask|pm_enabled|PM_ENABLED|pm_mask'
[18:35:27] [spechunter] [text] Now let me check the VMM locations more carefully to determine relevance.  
[18:35:27] [spechunter] [Read] /home/yzs/riscv/freebsd-src/sys/riscv/vmm/vmm_riscv.c
[18:35:27] [spechunter] [Read] /home/yzs/riscv/freebsd-src/sys/riscv/vmm/vmm_riscv.c
[18:35:27] [spechunter] [Read] /home/yzs/riscv/freebsd-src/sys/riscv/include/frame.h
[18:35:30] [spechunter] [Read] /home/yzs/riscv/linux/arch/riscv/kernel/traps.c
[18:35:30] [spechunter] [Read] /home/yzs/riscv/linux/arch/riscv/kvm/vcpu_exit.c
[18:35:33] [spechunter] [Read] /home/yzs/riscv/XiangShan/src/main/scala/xiangshan/backend/fu/NewCSR/CSREvents/TrapEntryMEvent.scala
[18:35:33] [spechunter] [Read] /home/yzs/riscv/XiangShan/src/main/scala/xiangshan/backend/fu/NewCSR/CSREvents/TrapEntryHSEvent.scala
[18:35:33] [spechunter] [Read] /home/yzs/riscv/XiangShan/src/main/scala/xiangshan/backend/fu/NewCSR/CSREvents/TrapEntryVSEvent.scala
[18:35:33] [spechunter] [Read] /home/yzs/riscv/XiangShan/src/main/scala/xiangshan/backend/fu/NewCSR/CSREvents/SretEvent.scala
[18:35:33] [spechunter] [Read] /home/yzs/riscv/XiangShan/src/main/scala/xiangshan/backend/fu/NewCSR/CSREvents/MretEvent.scala
[18:35:41] [spechunter] [Read] /home/yzs/riscv/linux/arch/riscv/kernel/entry.S
[18:35:41] [spechunter] [Read] /home/yzs/riscv/linux/arch/riscv/kernel/entry.S
[18:35:41] [spechunter] [Read] /home/yzs/riscv/linux/arch/riscv/kernel/entry.S
[18:35:41] [spechunter] [Read] /home/yzs/riscv/linux/arch/riscv/kernel/entry.S
[18:35:41] [spechunter] [Read] /home/yzs/riscv/linux/arch/riscv/kvm/vcpu.c
[18:35:43] [spechunter] [Read] /home/yzs/riscv/XiangShan/src/main/scala/xiangshan/backend/fu/wrapper/CSR.scala
[18:35:43] [spechunter] [Read] /home/yzs/riscv/XiangShan/src/main/scala/xiangshan/cache/mmu/MMUBundle.scala
[18:35:43] [spechunter] [Grep] pattern='(pointerMask|pointer_mask|PointerMask|fullva|fullVa|full_va)'
[18:35:43] [spechunter] [Grep] pattern='(PMM.*Disable|PMM.*Pointer|pointer.*PMM|apply_mask|applyMask|pmmMode|pointer_masking)'
[18:35:46] [spechunter] [Grep] pattern='pointer_mask|pm_mask|tval|badaddr|do_interrupt'
[18:35:46] [spechunter] [Grep] pattern='pointer_mask|pm_mask|tval|badaddr'
[18:35:46] [spechunter] [Read] /home/yzs/riscv/qemu/target/riscv/cpu_helper.c
[18:35:46] [spechunter] [Grep] pattern='riscv_transformed_insn'
[18:35:46] [spechunter] [Read] /home/yzs/riscv/qemu/target/riscv/cpu.c
[18:35:47] [spechunter] [Grep] pattern='def genTrapVA'
[18:35:47] [spechunter] [Grep] pattern='PMM|pmm'
[18:35:47] [spechunter] [Read] /home/yzs/riscv/XiangShan/src/main/scala/xiangshan/backend/fu/NewCSR/PMPEntryModule.scala
[18:35:57] [spechunter] [Read] /home/yzs/riscv/XiangShan/src/main/scala/xiangshan/backend/fu/NewCSR/CSREvents/CSREvent.scala
[18:35:57] [spechunter] [Read] /home/yzs/riscv/XiangShan/src/main/scala/xiangshan/backend/fu/NewCSR/CSRDefines.scala
[18:35:57] [spechunter] [Read] /home/yzs/riscv/XiangShan/src/main/scala/xiangshan/cache/mmu/TLB.scala
[18:35:57] [spechunter] [Read] /home/yzs/riscv/XiangShan/src/main/scala/xiangshan/Bundle.scala
[18:35:59] [spechunter] [Read] /home/yzs/riscv/qemu/target/riscv/cpu.h
[18:35:59] [spechunter] [Grep] pattern='MENVCFG_PMM|SENVCFG_PMM|HENVCFG_PMM|MSECCFG_PMM'
[18:35:59] [spechunter] [Grep] pattern='pm_pmm|PM_PMM|PMM_FIELD'
[18:35:59] [spechunter] [Grep] pattern='jnx|smnpm|smmpm|ssnpm|ssmpm'
[18:36:10] [spechunter] [text] Now let me check the alternative instruction framework and the KVM vcpu switch assembly.  
[18:36:10] [spechunter] [Read] /home/yzs/riscv/linux/arch/riscv/kvm/vcpu_switch.S
[18:36:10] [spechunter] [Grep] pattern='ALT_INSN_FAULT|ALT_PAGE_FAULT'
[18:36:10] [spechunter] [Grep] pattern='(tval|fetchMalTval|trapPc|excpVA|excpGPA|memException)'
[18:36:10] [spechunter] [Grep] pattern='(tval|fetchMalTval|trapPc|excpVA|memException)'
[18:36:10] [spechunter] [Grep] pattern='(tval|fetchMalTval|fetch_mal|excpmal|fetchMal|malTval)'
[18:36:11] [spechunter] [Grep] pattern='PMLEN7|PMLEN16'
[18:36:11] [spechunter] [Grep] pattern='EnvPMM'
[18:36:11] [spechunter] [Read] /home/yzs/riscv/XiangShan/src/main/scala/xiangshan/backend/fu/NewCSR/MachineLevel.scala
[18:36:11] [spechunter] [Read] /home/yzs/riscv/XiangShan/src/main/scala/xiangshan/backend/fu/NewCSR/HypervisorLevel.scala
[18:36:11] [spechunter] [Read] /home/yzs/riscv/XiangShan/src/main/scala/xiangshan/backend/fu/NewCSR/SupervisorLevel.scala
[18:36:12] [spechunter] [Read] /home/yzs/riscv/linux/arch/riscv/include/asm/errata_list.h
[18:36:14] [spechunter] [Grep] pattern='MSECCFG_PMM'
[18:36:14] [spechunter] [Read] /home/yzs/riscv/qemu/target/riscv/cpu_helper.c
[18:36:14] [spechunter] [Read] /home/yzs/riscv/qemu/target/riscv/csr.c
[18:36:14] [spechunter] [Read] /home/yzs/riscv/qemu/target/riscv/csr.c
[18:36:14] [spechunter] [Read] /home/yzs/riscv/qemu/target/riscv/csr.c
[18:36:20] [spechunter] [text] The analysis is complete. The JSON above documents all locations in the codebase where `*tval` CSRs are filled during tr...
[18:36:25] [spechunter] [Grep] pattern='MSECCFG_MMWP|MSECCFG_MML|MSECCFG_PMM|MSECCFG'
[18:36:25] [spechunter] [Grep] pattern='read_mseccfg|write_mseccfg'
[18:36:25] [spechunter] [Read] /home/yzs/riscv/qemu/target/riscv/cpu.c
[18:36:25] [spechunter] [Grep] pattern='riscv_cpu_set_mode'
[18:36:28] [spechunter] [text] Now let me look at the specific VMM handling to confirm additional details.  
[18:36:28] [spechunter] [Read] /home/yzs/riscv/freebsd-src/sys/riscv/vmm/vmm_riscv.c
[18:36:28] [spechunter] [Read] /home/yzs/riscv/freebsd-src/sys/riscv/vmm/vmm_riscv.c
[18:36:32] [spechunter] [Grep] pattern='mseccfg_csr_read|mseccfg_csr_write'
[18:36:32] [spechunter] [Grep] pattern='riscv_raise_exception'
[18:36:37] [spechunter] [Read] /home/yzs/riscv/XiangShan/src/main/scala/xiangshan/backend/fu/NewCSR/CSRBundles.scala
[18:36:37] [spechunter] [Read] /home/yzs/riscv/XiangShan/src/main/scala/xiangshan/cache/mmu/MMUConst.scala
[18:36:37] [spechunter] [Grep] pattern='senvcfg|Senvcfg|SEnvcfg'
[18:36:37] [spechunter] [Grep] pattern='menvcfg|Menvcfg|MenvCfg'
[18:36:40] [spechunter] [Read] /home/yzs/riscv/qemu/target/riscv/pmp.c
[18:36:40] [spechunter] [Grep] pattern='MSECCFG'
[18:36:40] [spechunter] [Grep] pattern='MSECCFG_PMM|MSECCFG_MMWP|MSECCFG_MML'
[18:36:56] [spechunter] [Grep] pattern='class MEnvCfg|class Menvcfg'
[18:36:56] [spechunter] [Grep] pattern='trapPcGPA|trapPc\\b|memExceptionVAddr|fetchMalTval'
[18:36:56] [spechunter] [Grep] pattern='trapEntry.*\\.in|trapEntry.*io\\.in'
[18:37:14] [spechunter] [Grep] pattern='trapEntry.*\\.in\\.'
[18:37:14] [spechunter] [Read] /home/yzs/riscv/XiangShan/src/main/scala/xiangshan/backend/Backend.scala
[18:37:32] [spechunter] [Grep] pattern='trapEntryMEvent\\.in\\.|trapEntryHSEvent\\.in\\.'
[18:37:32] [spechunter] [Grep] pattern='trapEntryVSEvent\\.in\\.'
[18:37:45] [spechunter] [Grep] pattern='trapEntry.*in\\s*:=|\\.in\\.(trapPc|memException|fetchMalTval|causeNO|isFetchMalAddr)'
[18:37:54] [spechunter] [Read] /home/yzs/riscv/XiangShan/src/main/scala/xiangshan/backend/fu/wrapper/CSR.scala
[18:38:03] [spechunter] [text] Now let me check a few more files to verify the fast-path claims.  
[18:38:03] [spechunter] [Read] /home/yzs/riscv/freebsd-src/sys/riscv/include/vmm.h
[18:38:03] [spechunter] [Read] /home/yzs/riscv/freebsd-src/sys/riscv/vmm/riscv.h
[18:38:03] [spechunter] [Read] /home/yzs/riscv/freebsd-src/sys/riscv/riscv/trap.c
[18:38:05] [spechunter] [Grep] pattern='trapEntry.*Event.*valid|out\\.valid.*trap'
[18:38:05] [spechunter] [Grep] pattern='trapEntryMEvent|trapEntryHSEvent|trapEntryVSEvent'
[18:38:13] [spechunter] [Read] /home/yzs/riscv/XiangShan/src/main/scala/xiangshan/backend/fu/NewCSR/NewCSR.scala
[18:38:32] [spechunter] [Grep] pattern='trapPc\\b'
[18:38:32] [spechunter] [Grep] pattern='val trapPC\\b'
[18:38:44] [spechunter] [Grep] pattern='exception.*pc|Exception.*pc'
[18:38:44] [spechunter] [Grep] pattern='iaf|ipf|InstructionAccessFault|InstructionPageFault'
[18:38:44] [spechunter] [Read] /home/yzs/riscv/XiangShan/src/main/scala/xiangshan/frontend/ifu/Bundles.scala
[18:38:46] [spechunter] [text] Now let me verify the key code paths directly.  
[18:38:46] [spechunter] [Read] /home/yzs/riscv/qemu/target/riscv/cpu_helper.c
[18:38:46] [spechunter] [Read] /home/yzs/riscv/qemu/target/riscv/cpu_helper.c
[18:38:55] [spechunter] [text] Let me also check how `badaddr` is set during MMU exceptions and how address adjustment works for memory accesses.  
[18:38:55] [spechunter] [Read] /home/yzs/riscv/qemu/target/riscv/cpu_helper.c
[18:38:55] [spechunter] [Read] /home/yzs/riscv/qemu/target/riscv/internals.h
[18:38:55] [spechunter] [Read] /home/yzs/riscv/qemu/target/riscv/cpu_helper.c
[18:39:01] [spechunter] [text] Now let me check the critical path — how `tlb_fill` invokes the MMU and what address it passes.  
[18:39:01] [spechunter] [Grep] pattern='static bool riscv_cpu_tlb_fill'
[18:39:01] [spechunter] [Grep] pattern='raise_mmu_exception'
[18:39:03] [spechunter] [Grep] pattern='iaf|ipf|ExceptionType'
[18:39:03] [spechunter] [Grep] pattern='iaf|ipf|ExceptionType'
[18:39:03] [spechunter] [Read] /home/yzs/riscv/XiangShan/src/main/scala/xiangshan/frontend/ifu/Ifu.scala
[18:39:12] [spechunter] [text] Now let me verify the `page_fault_handler` function where stval is used as a faulting address for page faults (including...
[18:39:12] [spechunter] [Read] /home/yzs/riscv/freebsd-src/sys/riscv/riscv/trap.c
[18:39:12] [spechunter] [Read] /home/yzs/riscv/freebsd-src/sys/riscv/vmm/vmm_switch.S
[18:39:12] [spechunter] [Read] /home/yzs/riscv/freebsd-src/sys/riscv/vmm/vmm_riscv.c
[18:39:15] [spechunter] [Grep] pattern='backendException|isPf|isAf'
[18:39:15] [spechunter] [Grep] pattern='backendException'
[18:39:20] [spechunter] [Read] /home/yzs/riscv/qemu/target/riscv/cpu_helper.c
[18:39:24] [spechunter] [Grep] pattern='isBackendException'
[18:39:24] [spechunter] [Grep] pattern='class FetchRequestBundle|class FetchToIBuffer'
[18:39:24] [spechunter] [Read] /home/yzs/riscv/XiangShan/src/main/scala/xiangshan/frontend/icache/ICacheMainPipe.scala
[18:39:25] [spechunter] [text] Now let me check the generic mm layer's handling of tagged addresses in VMA lookup:  
[18:39:25] [spechunter] [Grep] pattern='untagged_addr|arch_untagged_fault_addr|untagged_fault_addr'
[18:39:25] [spechunter] [Grep] pattern='untagged_addr'
[18:39:38] [spechunter] [text] Let me check how instruction fetch addresses flow through TLB lookup.  
[18:39:38] [spechunter] [Grep] pattern='tlb_fill'
[18:39:38] [spechunter] [Grep] pattern='tlb_fill_riscv|riscv.*tlb_fill'
[18:39:40] [spechunter] [Read] /home/yzs/riscv/XiangShan/src/main/scala/xiangshan/backend/Bundles.scala
[18:39:40] [spechunter] [Read] /home/yzs/riscv/XiangShan/src/main/scala/xiangshan/Bundle.scala
[18:39:40] [spechunter] [Read] /home/yzs/riscv/XiangShan/src/main/scala/xiangshan/frontend/Bundles.scala
[18:39:50] [spechunter] [Grep] pattern='gen_exception_inst_addr_mis'
[18:39:50] [spechunter] [Grep] pattern='get_physical_address_pm|pmp_hart_has_privs'
[18:40:04] [spechunter] [text] Let me check how the instruction fetch address is computed in the TCG translator — specifically whether pointer masking ...
[18:40:04] [spechunter] [Grep] pattern='ctx->addr_xl|ctx->addr_signed'
[18:40:10] [spechunter] [Read] /home/yzs/riscv/XiangShan/src/main/scala/xiangshan/mem/lsqueue/LoadQueueUncache.scala
[18:40:10] [spechunter] [Grep] pattern='pmm|mseccfg'
[18:40:10] [spechunter] [Grep] pattern='pmm|mseccfg'
[18:40:10] [spechunter] [Grep] pattern='pmm|mseccfg'
[18:40:10] [spechunter] [Read] /home/yzs/riscv/XiangShan/src/main/scala/xiangshan/backend/fu/NewCSR/MachineLevel.scala
[18:40:16] [spechunter] [Grep] pattern='PMM|pmm|mseccfg'
[18:40:16] [spechunter] [Read] /home/yzs/riscv/XiangShan/src/main/scala/xiangshan/backend/fu/NewCSR/VirtualSupervisorLevel.scala
[18:40:20] [spechunter] [text] Now I have a thorough understanding of all the locations. Let me assess relevance against the PR context.  **PR**: "Clar...
[18:40:29] [spechunter] [text] Now let me check whether `handle_page_fault` applies any untagging to the address before the VMA lookup and `handle_mm_f...
[18:40:29] [spechunter] [Grep] pattern='untagged_addr|untagged_fault_addr'
[18:40:29] [spechunter] [Grep] pattern='lock_vma_under_rcu|lock_mm_and_find_vma'
[18:40:35] [spechunter] [Grep] pattern='Snpm|Smnpm|Ssnpm|Smmpm|zpn'
[18:40:35] [spechunter] [Grep] pattern='signExt|sign_ext|ZeroExt|SignExt'
[18:40:35] [spechunter] [Grep] pattern='SignExt|ZeroExt|signExt'
[18:40:35] [spechunter] [Grep] pattern='exception.*pc|trapPC|exceptionPC'
[18:40:35] [spechunter] [Grep] pattern='exception.*pc|debug_pc'
[18:40:41] [spechunter] [Agent] description, prompt
[18:40:41] [spechunter] [Agent] description, prompt
[18:40:49] [spechunter] [text] Now let me check the KVM path for completeness.  
[18:40:49] [spechunter] [Grep] pattern='mtval|stval|tval|badaddr'
[18:40:49] [spechunter] [Grep] pattern='pointer_mask|pm_mask|apply_pm|adjust_addr'
[18:40:57] [spechunter] [Grep] pattern='Snpm|Smnpm|Ssnpm|Smmpm|Zpn|zpn'
[18:40:57] [spechunter] [Grep] pattern='PMM|pmm|mseccfg'
[18:40:57] [spechunter] [Grep] pattern='tf_stval'
[18:40:57] [spechunter] [Grep] pattern='csr_read\\(stval\\)'
[18:40:57] [spechunter] [Grep] pattern='csr_read\\(vstval\\)'
[18:40:57] [spechunter] [Grep] pattern='stval'
[18:41:09] [spechunter] [Grep] pattern='mtval|htval|vstval|mtval2'
[18:41:09] [spechunter] [Grep] pattern='PMLEN'
[18:41:09] [spechunter] [Grep] pattern='senvcfg|menvcfg|henvcfg'
[18:41:09] [spechunter] [Grep] pattern='pointer.?mask'
[18:41:09] [spechunter] [Grep] pattern='pmask|pmm'
[18:41:09] [spechunter] [Bash] Find bhyve-related RISC-V files
[18:41:43] [spechunter] [Grep] pattern='PMM|pmm|mseccfg'
[18:41:43] [spechunter] [Grep] pattern='memExceptionVAddr'
[18:41:43] [spechunter] [Grep] pattern='memExceptionVAddr'
[18:41:44] [spechunter] [Grep] pattern='HENVCFG|SENVCFG|MENVCFG'
[18:41:44] [spechunter] [Grep] pattern='HENVCFG|SENVCFG|MENVCFG'
[18:41:44] [spechunter] [Grep] pattern='smmpm|smnpm|ssnpm|Smmpm|Smnpm|Ssnpm'
[18:41:44] [spechunter] [Grep] pattern='envcfg'
[18:41:44] [spechunter] [Glob] sys/riscv/**/*bhyve*
[18:41:44] [spechunter] [Glob] sys/riscv/**/locore.S
[18:41:46] [spechunter] [Grep] pattern='tf_stval'
[18:41:46] [spechunter] [Grep] pattern='tf_stval'
[18:41:46] [spechunter] [Grep] pattern='tf_stval'
[18:41:46] [spechunter] [Grep] pattern='tf_stval'
[18:41:46] [spechunter] [Grep] pattern='tf_stval'
[18:41:46] [spechunter] [Grep] pattern='tf_stval'
[18:41:46] [spechunter] [Grep] pattern='stval'
[18:41:46] [spechunter] [Grep] pattern='stval'
[18:41:46] [spechunter] [Grep] pattern='stval'
[18:41:46] [spechunter] [Grep] pattern='stval'
[18:41:46] [spechunter] [Grep] pattern='stval'
[18:41:46] [spechunter] [Grep] pattern='stval'
[18:41:46] [spechunter] [Grep] pattern='stval'
[18:41:46] [spechunter] [Grep] pattern='stval'
[18:41:49] [spechunter] [Grep] pattern='memExceptionVAddr'
[18:41:49] [spechunter] [Grep] pattern='memExceptionVAddr'
[18:42:03] [spechunter] [Read] /home/yzs/riscv/freebsd-src/sys/riscv/riscv/trap.c
[18:42:03] [spechunter] [Grep] pattern='VIRT_IS_VALID'
[18:42:03] [spechunter] [Grep] pattern='VIRT_IS_VALID'
[18:42:03] [spechunter] [Read] /home/yzs/riscv/freebsd-src/sys/riscv/include/vmm.h
[18:42:09] [spechunter] [text] Now let me verify one more important path — the address flow for data accesses in the TCG op_helper path.  
[18:42:09] [spechunter] [Grep] pattern='adjust_addr|adjust_addr_virt|adjust_addr_body'
[18:42:13] [spechunter] [Read] /home/yzs/riscv/freebsd-src/sys/riscv/riscv/locore.S
[18:42:13] [spechunter] [Grep] pattern='initriscv'
[18:42:13] [spechunter] [Grep] pattern='PM\\b|pointer.*mask'
[18:42:13] [spechunter] [Grep] pattern='CSR_SENVCFG|CSR_MENVCFG|CSR_HENVCFG'
[18:42:20] [spechunter] [Grep] pattern='stval'
[18:42:20] [spechunter] [Grep] pattern='stval'
[18:42:20] [spechunter] [Read] /home/yzs/riscv/freebsd-src/sys/riscv/riscv/trap.c
[18:42:20] [spechunter] [Read] /home/yzs/riscv/freebsd-src/sys/riscv/riscv/exception.S
[18:42:29] [spechunter] [Grep] pattern='SENVCFG|MENVCFG|HENVCFG'
[18:42:29] [spechunter] [Read] /home/yzs/riscv/freebsd-src/sys/riscv/riscv/machdep.c
[18:42:29] [spechunter] [Grep] pattern='smmpm|smnpm|ssnpm|Smmpm|Smnpm|Ssnpm'
[18:42:29] [spechunter] [Grep] pattern='pointer_mask|pointer-mask|pointermask'
[18:42:34] [spechunter] [Grep] pattern='call_trapsignal'
[18:42:34] [spechunter] [Grep] pattern='struct hyptrap'
[18:42:34] [spechunter] [Read] /home/yzs/riscv/freebsd-src/sys/riscv/vmm/vmm_switch.S
[18:42:40] [spechunter] [Grep] pattern='0x10A|0x30A|0x60A|CSR_.*ENVCFG'
[18:42:40] [spechunter] [Grep] pattern='identify_cpu'
[18:42:40] [spechunter] [Grep] pattern='identify_cpu'
[18:42:40] [spechunter] [Grep] pattern='PM'
[18:42:56] [spechunter] [Read] /home/yzs/riscv/freebsd-src/sys/riscv/riscv/identcpu.c
[18:42:56] [spechunter] [Grep] pattern='\\bPM\\b|pm\\b|PMP|pmp'
[18:42:56] [spechunter] [Read] /home/yzs/riscv/freebsd-src/sys/riscv/include/riscvreg.h
[18:43:11] [spechunter] [text] Now let me verify the final remaining path — how instruction fetch addresses reach `tlb_fill` and confirm there's no ina...
[18:43:11] [spechunter] [Grep] pattern='gen_goto_tb|gen_set_pc_imm|gen_set_pc'
[18:43:11] [spechunter] [Grep] pattern='generate_exception.*RISCV_EXCP_INST'
[18:43:21] [spechunter] [text] Good, the first agent found the PMM and trap paths. Now let me trace more carefully whether there's any edge case where ...
[18:43:21] [spechunter] [TodoWrite] 5 items
[18:43:27] [spechunter] [Read] /home/yzs/riscv/freebsd-src/sys/riscv/include/riscvreg.h
[18:43:27] [spechunter] [Grep] pattern='envcfg|ENVCFG'
[18:43:27] [spechunter] [Grep] pattern='PMLEN|pmask|pmm|pointer.*mask'
[18:43:27] [spechunter] [Grep] pattern='CSR_SENVCFG|CSR_MENVCFG|CSR_HENVCFG'
[18:43:27] [spechunter] [Grep] pattern='0x10A|0x30A|0x60A'
[18:43:30] [spechunter] [text] Now I have all the information needed for a thorough analysis. Let me produce the final security audit.  ```json {   "fi...
[18:43:35] [spechunter] [Read] /home/yzs/riscv/freebsd-src/sys/riscv/include/encoding.h
[18:43:35] [spechunter] [Read] /home/yzs/riscv/freebsd-src/sys/riscv/include/encoding.h
[18:43:35] [spechunter] [Read] /home/yzs/riscv/freebsd-src/sys/riscv/vmm/vmm_riscv.c
[18:43:35] [spechunter] [Read] /home/yzs/riscv/freebsd-src/sys/riscv/vmm/riscv.h
[18:43:39] [spechunter] [text] Let me read the key files to verify the exact logic.  
[18:43:39] [spechunter] [Read] /home/yzs/riscv/XiangShan/src/main/scala/xiangshan/backend/fu/NewCSR/CSREvents/CSREvent.scala
[18:43:39] [spechunter] [Read] /home/yzs/riscv/XiangShan/src/main/scala/xiangshan/backend/fu/NewCSR/CSREvents/TrapEntryMEvent.scala
[18:43:45] [spechunter] [Grep] pattern='ENVCFG|envcfg|0x10a|0x30a|0x60a'
[18:43:45] [spechunter] [Grep] pattern='envcfg|ENVCFG'
[18:43:45] [spechunter] [Read] /home/yzs/riscv/freebsd-src/sys/riscv/include/encoding.h
[18:43:45] [spechunter] [Grep] pattern='ssnpm|smnpm|smmpm|spmp|Ssnpm|Smnpm|Smmpm'
[18:43:58] [spechunter] [Grep] pattern='senvcfg|henvcfg|menvcfg'
[18:43:58] [spechunter] [Grep] pattern='CSR_HENVCFG|CSR_SENVCFG|CSR_MENVCFG'
[18:43:58] [spechunter] [Grep] pattern='DECLARE_CSR.*envcfg'
[18:43:58] [spechunter] [Grep] pattern='pm\\b|pmm'
[18:44:15] [spechunter] [text] Let me check the `riscv_pointer_wrap` callback to complete the picture.  
[18:44:15] [spechunter] [Grep] pattern='riscv_pointer_wrap'
[18:44:20] [spechunter] [Grep] pattern='0x10A|0x10a|0x30A|0x30a|0x60A|0x60a'
[18:44:20] [spechunter] [Grep] pattern='pointer.*mask|mask.*pointer'
[18:44:20] [spechunter] [Grep] pattern='pm_current|riscv_pm'
[18:44:20] [spechunter] [Grep] pattern='HENVCFG_STCE|HENVCFG_PBMTE|HENVCFG_CBZE|HENVCFG_CBCFE|HENVCFG_CBIE|HENVCFG_FIOM'
[18:44:29] [spechunter] [text] Now let me trace the address origin more carefully — where does `trapPc` come from and could it arrive already masked?  
[18:44:29] [spechunter] [Read] /home/yzs/riscv/XiangShan/src/main/scala/xiangshan/backend/fu/NewCSR/CSREvents/TrapEntryHSEvent.scala
[18:44:29] [spechunter] [Read] /home/yzs/riscv/XiangShan/src/main/scala/xiangshan/backend/fu/NewCSR/CSREvents/TrapEntryVSEvent.scala
[18:45:33] [spechunter] [text] Now let me trace the origin of `trapPc` and `memExceptionVAddr` to see if any PMM masking happens upstream.  
[18:45:33] [spechunter] [Read] /home/yzs/riscv/XiangShan/src/main/scala/xiangshan/backend/fu/NewCSR/NewCSR.scala
[18:45:33] [spechunter] [Read] /home/yzs/riscv/XiangShan/src/main/scala/xiangshan/backend/fu/NewCSR/NewCSR.scala
[18:45:52] [spechunter] [text] Now let me trace the upstream sources of both addresses — PC from ROB and excpVA from memory.  
[18:45:52] [spechunter] [Grep] pattern='excpVA'
[18:45:52] [spechunter] [Grep] pattern='memExceptionVAddr|exceptionAddr'
[18:45:52] [spechunter] [Grep] pattern='trap.*pc|trapPc|trapPC'
[18:46:12] [spechunter] [text] Now let me read the key files to verify exact code at each location.  
[18:46:12] [spechunter] [Read] /home/yzs/riscv/freebsd-src/sys/riscv/riscv/trap.c
[18:46:12] [spechunter] [Read] /home/yzs/riscv/freebsd-src/sys/riscv/riscv/trap.c
[18:46:12] [spechunter] [Read] /home/yzs/riscv/freebsd-src/sys/riscv/riscv/exception.S
[18:46:25] [spechunter] [text] Now I have a complete picture of the code. Let me verify one final detail — whether the `get_address` PM-masked address ...
[18:46:25] [spechunter] [Grep] pattern='generate_exception.*RISCV_EXCP_INST_PAGE'
[18:46:25] [spechunter] [Read] /home/yzs/riscv/qemu/target/riscv/cpu_helper.c
[18:46:26] [spechunter] [text] Let me trace the memory exception VA source more deeply.  
[18:46:26] [spechunter] [Grep] pattern='exceptionAddr'
[18:46:30] [spechunter] [Glob] **/MemBlock*.scala
[18:46:34] [spechunter] [Grep] pattern='exceptionAddr|excpVA|excpGPA'
[18:46:36] [spechunter] [Read] /home/yzs/riscv/freebsd-src/sys/riscv/riscv/trap.c
[18:46:36] [spechunter] [Read] /home/yzs/riscv/freebsd-src/sys/riscv/vmm/vmm_riscv.c
[18:46:36] [spechunter] [Read] /home/yzs/riscv/freebsd-src/sys/riscv/vmm/vmm_riscv.c
[18:46:51] [spechunter] [text] Let me also read the VMM save/restore code and the vm_exit struct.  
[18:46:51] [spechunter] [Read] /home/yzs/riscv/freebsd-src/sys/riscv/vmm/vmm_riscv.c
[18:46:51] [spechunter] [Read] /home/yzs/riscv/freebsd-src/sys/riscv/include/vmm.h
[18:47:03] [spechunter] [Grep] pattern='exceptionAddr'
[18:47:19] [spechunter] [text] This is critical. The memory exception VA comes directly from the LSQ via memBlock, without PMM transformation. Now let ...
[18:47:19] [spechunter] [Read] /home/yzs/riscv/XiangShan/src/main/scala/xiangshan/cache/mmu/TLB.scala
[18:47:53] [spechunter] [text] Let me trace the `fetchMalTval` origin and the ROB pc path for completeness.  
[18:47:53] [spechunter] [Grep] pattern='fetchMalTval'
[18:47:53] [spechunter] [Read] /home/yzs/riscv/XiangShan/src/main/scala/xiangshan/backend/rob/Rob.scala
[18:48:07] [spechunter] [text] Let me find the TrapTval module and verify the PTE page fault path for load/store tval.    
[18:48:07] [spechunter] [Glob] **/TrapTval*.scala
[18:48:07] [spechunter] [Grep] pattern='trapTvalMod'
[18:48:11] [spechunter] [text] Now I have a complete understanding of the code. Let me also verify the vmstate coverage for tval-related fields.  
[18:48:11] [spechunter] [Read] /home/yzs/riscv/qemu/target/riscv/machine.c
[18:48:11] [spechunter] [Read] /home/yzs/riscv/qemu/target/riscv/machine.c
[18:48:15] [spechunter] [Read] /home/yzs/riscv/XiangShan/src/main/scala/xiangshan/backend/fu/NewCSR/TrapTvalMod.scala
[18:48:48] [spechunter] [text] Now I have a complete picture of the entire tval/pointer-masking flow. Let me produce the analysis.  
[18:48:48] [spechunter] [Read] /home/yzs/riscv/qemu/target/riscv/cpu_helper.c
[18:48:49] [spechunter] [text] Now I have all the data needed. Let me compile the analysis.  
[18:48:49] [spechunter] [Grep] pattern='csr_read\\(stval\\)'
[18:48:49] [spechunter] [Grep] pattern='csr_write\\(senvcfg|csr_write\\(menvcfg'
[18:49:34] [spechunter] [text] Now let me look at the CSR wrapper's exception data routing and also check the PTW for any PMM logic on the fault addres...
[18:49:34] [spechunter] [Read] /home/yzs/riscv/XiangShan/src/main/scala/xiangshan/backend/fu/wrapper/CSR.scala
[18:49:34] [spechunter] [Grep] pattern='EffectiveVa|fullva|pmm'
[18:49:48] [spechunter] [Grep] pattern='vaddr'
[18:49:48] [spechunter] [Grep] pattern='lsqio.*vaddr|mem_to_ooo.*vaddr'
[18:50:03] [spechunter] [Grep] pattern='vaddr'
[18:50:07] [spechunter] [Glob] **/ExceptionInfoGen*.scala
[18:50:12] [spechunter] [text] Now I have the complete code flow. Let me produce the analysis.  <tool_calls> <tool_calls> <invoke name="CronCreate"> <i...
[18:51:25] [spechunter] [text] Here is the security audit analysis:  ```json {   "findings": [     {       "file_path": "sys/riscv/riscv/trap.c",      ...
[18:52:19] [spechunter] [text] Now let me verify the Rob.scala exception PC source and check for any Zpm-specific references.  
[18:52:19] [spechunter] [Read] /home/yzs/riscv/XiangShan/src/main/scala/xiangshan/backend/rob/Rob.scala
[18:52:19] [spechunter] [Grep] pattern='Zpm|zpm'
[18:52:36] [spechunter] [Grep] pattern='tval'
[18:52:36] [spechunter] [Grep] pattern='pointer.?mask'
[18:52:36] [spechunter] [Grep] pattern='stval|mtval|xtval'
[18:52:47] [spechunter] [Read] /home/yzs/riscv/XiangShan/src/main/scala/xiangshan/backend/fu/NewCSR/TrapTvalMod.scala
[18:52:47] [spechunter] [Read] /home/yzs/riscv/XiangShan/src/main/scala/xiangshan/backend/fu/NewCSR/CSREvents/TrapEntryMEvent.scala
[18:52:47] [spechunter] [Read] /home/yzs/riscv/XiangShan/src/main/scala/xiangshan/backend/fu/NewCSR/CSREvents/TrapEntryHSEvent.scala
[18:53:01] [spechunter] [Grep] pattern='def genTrapVA'
[18:53:01] [spechunter] [Read] /home/yzs/riscv/XiangShan/src/main/scala/xiangshan/backend/fu/NewCSR/CSREvents/TrapEntryVSEvent.scala
[18:53:07] [spechunter] [Read] /home/yzs/riscv/XiangShan/src/main/scala/xiangshan/backend/fu/NewCSR/CSREvents/CSREvent.scala
[18:53:27] [spechunter] [Read] /home/yzs/riscv/XiangShan/src/main/scala/xiangshan/backend/fu/NewCSR/CSREvents/CSREvent.scala
[18:53:27] [spechunter] [Grep] pattern='pointerMask|pm_en|pmm|PMM|Ssnpm|Smmpm|pointer.*mask'
[18:53:38] [spechunter] [Grep] pattern='trapPc'
[18:53:38] [spechunter] [Grep] pattern='pointerMask|pmpm|pm_en'
[18:53:57] [spechunter] [Grep] pattern='pmm|PMM|pm_en|pointerMask|upm|senvcfg|menvcfg.*PMM'
[18:53:57] [spechunter] [Grep] pattern='pmm|PMM|pointer.*mask|pm_en'
[18:54:17] [spechunter] [Read] /home/yzs/riscv/XiangShan/src/main/scala/xiangshan/backend/fu/NewCSR/CSREvents/TrapEntryDEvent.scala
[18:54:17] [spechunter] [Read] /home/yzs/riscv/XiangShan/src/main/scala/xiangshan/backend/fu/NewCSR/CSREvents/TrapEntryMNEvent.scala
[18:54:31] [spechunter] [text] Now let me trace where the `trapPc` input comes from to understand if pointer masking is applied anywhere upstream.  
[18:54:31] [spechunter] [Grep] pattern='trapPc\\s*:=|\\.trapPc\\s*:'
[18:54:31] [spechunter] [Grep] pattern='trapPc|tval'
[18:54:45] [spechunter] [Read] /home/yzs/riscv/XiangShan/src/main/scala/xiangshan/backend/fu/NewCSR/NewCSR.scala
[18:54:54] [spechunter] [Grep] pattern='val trapPC\\b|def trapPC|trapPC\\s*='
[18:55:26] [spechunter] [Grep] pattern='pmm|mask.*addr|addr.*mask'
[18:55:26] [spechunter] [Grep] pattern='pointerMask|applyPointerMask|maskVa|vaMask'
[18:55:47] [spechunter] [text] Let me check if there's any address transformation in the frontend path.  
[18:55:47] [spechunter] [Grep] pattern='Ssnpm|Smnpm|Smmpm|pointerMask|ptrMask|addrMask|applyPmm'
[18:56:12] [spechunter] [text] Now I have a thorough understanding of the trap-value code path. Let me verify there are no pointer-masking applications...
[18:56:12] [spechunter] [Grep] pattern='\\.pc\\b.*\\.tval\\b|tval.*=.*\\.pc\\b|tval\\b.*:=.*trapPC|tval\\b.*:=.*pc'
[18:56:12] [spechunter] [Grep] pattern='\\.tval\\s*:=\\s*'
[18:56:27] [spechunter] [text] Let me verify whether pointer masking is applied to the PC anywhere before it reaches the trap value path.  
[18:56:27] [spechunter] [Grep] pattern='\\.trap\\b|\\.pc\\b'
[18:56:27] [spechunter] [Grep] pattern='applyPointer|pmmAddr|pmAddr|PMM.*addr|pointerMask.*pc|pc.*pointerMask'
[18:57:07] [spechunter] [text] Now I have a complete picture. Let me check one final thing to see if there are any pointer-masking applications hidden ...
[18:57:07] [spechunter] [Grep] pattern='Sext.*pc|SignExt.*pc|ZeroExt.*pc|Cat.*pc|pc.*SignExt|pc.*ZeroExt'
[18:58:04] [spechunter] [text] Now I have a complete picture of the trap-value generation path and pointer masking in the codebase. Here is the cross-v...
[18:58:22] [spechunter] [text] Let me first understand the codebase and find relevant code related to pointer masking and tval handling.  
[18:58:22] [spechunter] [Agent] description, prompt
[18:58:40] [spechunter] [Grep] pattern='stval|mtval|\\btval\\b'
[18:58:40] [spechunter] [Grep] pattern='pm_current|pm_inst|pm_data|lghl|hghl|pointer.*mask|pmEnable|mteEnable|mte_enable|mte_inst|mte_data'
[18:58:40] [spechunter] [Glob] **/src/**/*Pointer*
[18:58:40] [spechunter] [Glob] **/src/**/*PM*
[18:58:40] [spechunter] [Grep] pattern='tval|stval|mtval'
[18:58:59] [spechunter] [Read] /home/yzs/riscv/XiangShan/src/main/scala/xiangshan/backend/fu/NewCSR/TrapTvalMod.scala
[18:58:59] [spechunter] [Read] /home/yzs/riscv/XiangShan/src/main/scala/xiangshan/backend/fu/NewCSR/CSREvents/TrapEntryMEvent.scala
[18:58:59] [spechunter] [Read] /home/yzs/riscv/XiangShan/src/main/scala/xiangshan/backend/fu/NewCSR/CSREvents/TrapEntryHSEvent.scala
[18:58:59] [spechunter] [Read] /home/yzs/riscv/XiangShan/src/main/scala/xiangshan/backend/fu/NewCSR/CSREvents/TrapEntryVSEvent.scala
[18:58:59] [spechunter] [Read] /home/yzs/riscv/XiangShan/src/main/scala/xiangshan/cache/mmu/MMUBundle.scala
[18:58:59] [spechunter] [Read] /home/yzs/riscv/XiangShan/src/main/scala/xiangshan/backend/fu/NewCSR/CSRPMA.scala
[18:59:14] [spechunter] [Grep] pattern='genTrapVA'
[18:59:14] [spechunter] [Grep] pattern='TrapEntryEventInput'
[18:59:14] [spechunter] [Grep] pattern='pointer.*mask|PointerMask|pm_current|pm_inst|pm_data|lghl|hghl|mteEnable|mte_enable|mte_inst'
[18:59:14] [spechunter] [Grep] pattern='CSREventBase'
[18:59:20] [spechunter] [Read] /home/yzs/riscv/XiangShan/src/main/scala/xiangshan/backend/fu/NewCSR/CSREvents/CSREvent.scala
[18:59:20] [spechunter] [Read] /home/yzs/riscv/XiangShan/src/main/scala/xiangshan/backend/fu/wrapper/CSR.scala
[18:59:30] [spechunter] [Grep] pattern='pmm|Uppmm|Sppmm|pointer.mask'
[18:59:30] [spechunter] [Grep] pattern='class TlbCsrBundle|class.*CsrBundle'
[18:59:30] [spechunter] [Grep] pattern='trapPc|memExceptionVAddr'
[18:59:43] [spechunter] [Read] /home/yzs/riscv/XiangShan/src/main/scala/xiangshan/cache/mmu/TLB.scala
[18:59:43] [spechunter] [Read] /home/yzs/riscv/XiangShan/src/main/scala/xiangshan/Bundle.scala
[18:59:43] [spechunter] [Read] /home/yzs/riscv/XiangShan/src/main/scala/xiangshan/backend/fu/NewCSR/NewCSR.scala
[18:59:57] [spechunter] [Grep] pattern='trapEntryMEvent\\.in\\.|trapEntryHSEvent\\.in\\.|trapEntryVSEvent\\.in\\.'
[18:59:57] [spechunter] [Read] /home/yzs/riscv/XiangShan/src/main/scala/xiangshan/backend/fu/NewCSR/CSREvents/TrapEntryDEvent.scala
[18:59:57] [spechunter] [Read] /home/yzs/riscv/XiangShan/src/main/scala/xiangshan/backend/fu/NewCSR/CSREvents/TrapEntryMNEvent.scala
[19:00:02] [spechunter] [Grep] pattern='\\.trapPc|\\.memExceptionVAddr|\\.memExceptionGPAddr|trapEntry.*\\.in'
[19:00:20] [spechunter] [Read] /home/yzs/riscv/XiangShan/src/main/scala/xiangshan/backend/fu/NewCSR/NewCSR.scala
[19:00:20] [spechunter] [Read] /home/yzs/riscv/XiangShan/src/main/scala/xiangshan/backend/fu/NewCSR/NewCSR.scala
[19:00:30] [spechunter] [Grep] pattern='trapPC\\s*:?'
[19:00:30] [spechunter] [Grep] pattern='\\.excpVA\\b|excpVA\\s*[:=]'
[19:00:30] [spechunter] [Grep] pattern='fullva|fullVa|FullVA'
[19:00:58] [spechunter] [Read] /home/yzs/riscv/XiangShan/src/main/scala/xiangshan/backend/fu/wrapper/CSR.scala
[19:00:58] [spechunter] [Grep] pattern='memExceptionVAddr|memExceptionGPAddr|memExceptionIsForVSnonLeafPTE'
[19:00:58] [spechunter] [Grep] pattern='class.*CSRIn|csrIn.*Wire|csrIn\\s*=|memExceptionVAddr'
[19:01:05] [spechunter] [Read] /home/yzs/riscv/XiangShan/src/main/scala/xiangshan/backend/fu/wrapper/CSR.scala
[19:01:05] [spechunter] [Read] /home/yzs/riscv/XiangShan/src/main/scala/xiangshan/cache/mmu/TLB.scala
[19:01:05] [spechunter] [Read] /home/yzs/riscv/XiangShan/src/main/scala/xiangshan/backend/CtrlBlock.scala
[19:01:15] [spechunter] [Grep] pattern='memExceptionVAddr'
[19:01:15] [spechunter] [Grep] pattern='class.*CsrIO|exceptionInfo.*vaddr'
[19:01:20] [spechunter] [Grep] pattern='exceptionAddr'
[19:01:36] [spechunter] [Grep] pattern='mem_to_ooo.*lsqio.*vaddr|lsqio\\.vaddr'
[19:01:36] [spechunter] [Grep] pattern='val vaddr.*exception|exceptionInfo.*vaddr|vaddr.*=.*fullva|fullva.*vaddr'
[19:02:19] [spechunter] [Grep] pattern='io\\.trap\\.bits\\.pc|trap\\.bits\\.pc\\s*:?='
[19:02:19] [spechunter] [Read] /home/yzs/riscv/XiangShan/src/main/scala/xiangshan/mem/lsqueue/ExceptionInfoGen.scala
[19:02:19] [spechunter] [Read] /home/yzs/riscv/XiangShan/src/main/scala/xiangshan/backend/fu/NewCSR/NewCSR.scala
[19:02:54] [spechunter] [Grep] pattern='\\.pc\\s*:=|val pc\\s*=.*exception|trapIO.*pc\\s*:='
[19:02:54] [spechunter] [Grep] pattern='class RobCSRIO|val pc|\\.pc'
[19:03:08] [spechunter] [Grep] pattern='debug_pc|debug_pc\\s*[:=]'
[19:03:08] [spechunter] [Grep] pattern='pointer.*mask|Ssnpm|Smnpm|Smmpm'
[19:03:45] [spechunter] [Grep] pattern='pointer.?mask|pm_|pmCurrent|pointerMask'
[19:03:45] [spechunter] [Grep] pattern='tval|stval|mtval'
[19:03:52] [spechunter] [Read] /home/yzs/riscv/XiangShan/src/main/scala/xiangshan/backend/fu/NewCSR/TrapTvalMod.scala
[19:03:52] [spechunter] [Read] /home/yzs/riscv/XiangShan/src/main/scala/xiangshan/backend/fu/NewCSR/CSRBundles.scala
[19:04:13] [spechunter] [Grep] pattern='PMM|Smpmp|Ssnpm|pointer_mask|pointerMask|pm_current'
[19:04:13] [spechunter] [Grep] pattern='pointer_mask|pointerMask|pm_mask|pmCurrent'
[02:12:02] [spechunter] PR loaded: #2440 riscv/riscv-isa-manual — "Clarify that instruction addresses store to *tval are not pointer masked"
[02:12:02] [spechunter]   diff: 1232 chars  body: 1 chars  reviews: 0
[02:12:02] [spechunter] Global pre-filter running...
[02:12:23] [spechunter] [text] {"should_skip": false}
[02:12:24] [spechunter] pre-filter: should_skip=False reason=""
[02:12:34] [spechunter] [text] ```json {"should_skip": false} ```
[02:12:39] [spechunter] [text] {"should_skip": false}
[02:12:41] [spechunter] [text] {"should_skip": true, "skip_reason": "Clarification about pointer masking on stval (S-mode CSR) only; does not affect M-...
[02:12:47] [spechunter] [text] {"should_skip": false}
[02:12:49] [spechunter] [text] {"should_skip": false}
[02:13:12] [spechunter] [text] ```json {   "violation_condition": "QEMU applies pointer masking uniformly to all addresses written to stval during exce...
[02:13:13] [spechunter] [text] {   "violation_condition": "When an instruction-fetch exception (e.g., instruction page fault, instruction access fault,...
[02:13:17] [spechunter] [Agent] description, prompt
[02:13:32] [spechunter] [TodoWrite] 5 items
[02:13:33] [spechunter] [Grep] pattern='stval|CSR_TVAL|csr_read.*tval'
[02:13:33] [spechunter] [Grep] pattern='pointer_mask|pm_enable|pm_current'
[02:13:37] [spechunter] [Grep] pattern='stval|mtval|htval'
[02:13:37] [spechunter] [Grep] pattern='PointerMask|pointerMask|pointer_mask|pm_enabled|pm_mask|ptr_mask|applyPM'
[02:13:37] [spechunter] [Grep] pattern='menvcfg|senvcfg|henvcfg'
[02:13:37] [spechunter] [Grep] pattern='(tval_write|stval_write|mtval_write|htval_write|ExceptionToTval|GPADdrToTval)'
[02:13:37] [spechunter] [Grep] pattern='ExceptionHandler|InstructionFetchException'
[02:13:37] [spechunter] [TodoWrite] 5 items
[02:13:40] [spechunter] [Grep] pattern='stval'
[02:13:40] [spechunter] [Grep] pattern='pointer.?mask|Zpm|zpm|pointer_mask|POINTER_MASK'
[02:13:40] [spechunter] [Glob] **/riscv/riscv/trap.c
[02:13:40] [spechunter] [Glob] **/riscv/riscv/locore*
[02:13:40] [spechunter] [Glob] **/riscv/**/*.h
[02:13:40] [spechunter] [Grep] pattern='stval'
[02:13:40] [spechunter] [Grep] pattern='mtval'
[02:13:40] [spechunter] [Grep] pattern='pmask'
[02:13:40] [spechunter] [Grep] pattern='Smmpm|Ssnpm'
[02:13:40] [spechunter] [Grep] pattern='riscv_cpu_do_interrupt'
[02:13:40] [spechunter] [Grep] pattern='xtval'
[02:13:45] [spechunter] [Grep] pattern='pmask|pointer_mask|pmlen|PM_'
[02:13:45] [spechunter] [Grep] pattern='stval|mtval|xtval|tval'
[02:13:45] [spechunter] [Grep] pattern='riscv_cpu_do_interrupt'
[02:13:50] [spechunter] [Read] /home/yzs/riscv/linux/arch/riscv/kernel/traps.c
[02:13:50] [spechunter] [Read] /home/yzs/riscv/linux/arch/riscv/kvm/vcpu_insn.c
[02:14:00] [spechunter] [Read] /home/yzs/riscv/qemu/target/riscv/cpu_helper.c
[02:14:00] [spechunter] [Read] /home/yzs/riscv/qemu/target/riscv/cpu_helper.c
[02:14:00] [spechunter] [Read] /home/yzs/riscv/freebsd-src/sys/riscv/riscv/trap.c
[02:14:00] [spechunter] [Read] /home/yzs/riscv/freebsd-src/sys/riscv/riscv/exception.S
[02:14:00] [spechunter] [Read] /home/yzs/riscv/freebsd-src/sys/riscv/include/frame.h
[02:14:00] [spechunter] [Read] /home/yzs/riscv/freebsd-src/sys/riscv/include/encoding.h
[02:14:00] [spechunter] [Grep] pattern='stval|sepc|scause|stvec'
[02:14:00] [spechunter] [Grep] pattern='stval'
[02:14:00] [spechunter] [Grep] pattern='stval|sepc|scause|stvec'
[02:14:02] [spechunter] [Grep] pattern='pmask|pmlen|get_physical_addr|pointer_mask'
[02:14:02] [spechunter] [Grep] pattern='pmask|pmlen|pointer_mask'
[02:14:02] [spechunter] [Grep] pattern='pmask|pmlen|pointer_mask'
[02:14:10] [spechunter] [text] Let me dive deeper into the key files to find exact line locations for tval writes and envcfg definitions.  
[02:14:10] [spechunter] [Grep] pattern='stval|mtval|htval'
[02:14:10] [spechunter] [Grep] pattern='stval|mtval|htval'
[02:14:10] [spechunter] [Grep] pattern='stval|mtval|htval'
[02:14:10] [spechunter] [Grep] pattern='stval|mtval|htval'
[02:14:10] [spechunter] [Grep] pattern='stval|mtval|htval'
[02:14:10] [spechunter] [Grep] pattern='stval|mtval|htval'
[02:14:10] [spechunter] [Grep] pattern='menvcfg|senvcfg|henvcfg'
[02:14:10] [spechunter] [Grep] pattern='menvcfg|senvcfg|henvcfg'
[02:14:13] [spechunter] [Agent] description, prompt
[02:14:13] [spechunter] [Agent] description, prompt
[02:14:13] [spechunter] [Agent] description, prompt
[02:14:16] [spechunter] [Read] /home/yzs/riscv/qemu/target/riscv/internals.h
[02:14:16] [spechunter] [Grep] pattern='riscv_cpu_do_interrupt'
[02:14:17] [spechunter] [text] Now let me search for the pointer-masking functions and how they interact with tval/instruction addresses.  
[02:14:17] [spechunter] [Grep] pattern='riscv_pm_get_pmm|pointer_mask|pm_pointer|apply_pm|get_physical_addr.*pm|xtval.*mask|tval.*pointer_mask'
[02:14:17] [spechunter] [Grep] pattern='pointer_mask|ptr_mask|pm_enabled|PMM_FIELD|ext_smmpm|ext_smnpm|ext_ssnpm'
[02:14:17] [spechunter] [Grep] pattern='pointer_mask|ptr_mask|pm_enabled|PMM_FIELD|ext_smmpm|ext_smnpm|ext_ssnpm'
[02:14:19] [spechunter] [Grep] pattern='stval'
[02:14:19] [spechunter] [Grep] pattern='stval|STVAL|TF_STVAL'
[02:14:19] [spechunter] [Read] /home/yzs/riscv/freebsd-src/sys/riscv/include/trap.h
[02:14:19] [spechunter] [Grep] pattern='stval'
[02:14:19] [spechunter] [Grep] pattern='stval'
[02:14:19] [spechunter] [Grep] pattern='stval'
[02:14:19] [spechunter] [Grep] pattern='stvec|STVEC|cpu_exception_handler'
[02:14:19] [spechunter] [Grep] pattern='VIRT_IS_VALID'
[02:14:24] [spechunter] [Read] /home/yzs/riscv/qemu/target/riscv/internals.h
[02:14:24] [spechunter] [Grep] pattern='badaddr|get_physical_addr|env->badaddr'
[02:14:27] [spechunter] [Grep] pattern='handle_page_fault|do_page_fault|bad_area|si_addr'
[02:14:27] [spechunter] [Read] /home/yzs/riscv/linux/arch/riscv/kvm/vcpu_exit.c
[02:14:29] [spechunter] [Grep] pattern='gpaddr'
[02:14:29] [spechunter] [Grep] pattern='tval'
[02:14:29] [spechunter] [Grep] pattern='exception_addr|fault_addr|fetch_exception|ifu_exception'
[02:14:29] [spechunter] [Grep] pattern='stval|mtval'
[02:14:29] [spechunter] [Grep] pattern='page_fault|access_fault|guest_page_fault'
[02:14:34] [spechunter] [Read] /home/yzs/riscv/freebsd-src/sys/riscv/include/pmap.h
[02:14:34] [spechunter] [Read] /home/yzs/riscv/freebsd-src/sys/riscv/riscv/locore.S
[02:14:34] [spechunter] [Read] /home/yzs/riscv/freebsd-src/sys/riscv/riscv/locore.S
[02:14:34] [spechunter] [Read] /home/yzs/riscv/freebsd-src/sys/riscv/vmm/vmm_riscv.c
[02:14:34] [spechunter] [Read] /home/yzs/riscv/freebsd-src/sys/riscv/vmm/vmm_riscv.c
[02:14:34] [spechunter] [Grep] pattern='Zpm|zpm|pointer.?mask|PMCN|pmcn|SPMPT|spmpt'
[02:14:34] [spechunter] [Grep] pattern='Zpm|zpm|pointer.?mask'
[02:14:36] [spechunter] [Read] /home/yzs/riscv/qemu/target/riscv/cpu_helper.c
[02:14:36] [spechunter] [Grep] pattern='stval|mtval|htval'
[02:14:36] [spechunter] [Grep] pattern='stval|mtval|htval'
[02:14:36] [spechunter] [Grep] pattern='stval|mtval|htval'
[02:14:36] [spechunter] [Grep] pattern='ExceptionToTval|GPADdrToTval|tval_write|stval_write|mtval_write|htval_write'
[02:14:36] [spechunter] [Grep] pattern='class.*Tval|def.*tval|val.*tval|Tval'
[02:14:37] [spechunter] [Grep] pattern='PointerMasking|pointerMask|pointer_mask'
[02:14:37] [spechunter] [Grep] pattern='ptr_mask|pm_enabled|applyPM'
[02:14:37] [spechunter] [Grep] pattern='[Zz]pm'
[02:14:37] [spechunter] [Grep] pattern='senvcfg|menvcfg|henvcfg'
[02:14:37] [spechunter] [Grep] pattern='pointerMask|PointerMask|ptr_mask|applyPM|pm_enabled|zpm|Zpm'
[02:14:38] [spechunter] [Read] /home/yzs/riscv/qemu/target/riscv/cpu_helper.c
[02:14:38] [spechunter] [Read] /home/yzs/riscv/qemu/target/riscv/cpu_helper.c
[02:14:38] [spechunter] [Grep] pattern='tval|fetchMalTval|isFetchMalAddr'
[02:14:38] [spechunter] [Grep] pattern='tval|fetchMalTval|isFetchMalAddr'
[02:14:38] [spechunter] [Grep] pattern='PointerMask|PME|PMM|pm_enable|ptr_mask|pointer_mask'
[02:14:38] [spechunter] [Grep] pattern='envcfg|EnvCfg|ENVCFG'
[02:14:38] [spechunter] [Grep] pattern='envcfg|EnvCfg'
[02:14:48] [spechunter] [text] Let me search for more pointer-masking-related patterns and also read the key bundle definitions.  
[02:14:48] [spechunter] [Grep] pattern='PMM|pm_mask|pointer_mask|PointerMask|Smnpm|Ssnpm'
[02:14:48] [spechunter] [Grep] pattern='PMM|pm_mask|pointer_mask|PointerMask|Smnpm|Ssnpm'
[02:14:48] [spechunter] [Read] /home/yzs/riscv/XiangShan/src/main/scala/xiangshan/backend/fu/NewCSR/CSRBundles.scala
[02:14:48] [spechunter] [Read] /home/yzs/riscv/XiangShan/src/main/scala/xiangshan/backend/fu/NewCSR/CSRDefines.scala
[02:14:49] [spechunter] [Read] /home/yzs/riscv/qemu/target/riscv/cpu_helper.c
[02:14:52] [spechunter] [Grep] pattern='exception|page.fault|access.fault|guest.page'
[02:14:52] [spechunter] [Grep] pattern='gpaddr|exception|tval|fault_addr'
[02:14:52] [spechunter] [Grep] pattern='gpaddr|exception|tval|fault_addr|ifu'
[02:14:52] [spechunter] [Grep] pattern='gpaddr|exception|tval|fault_addr'
[02:14:54] [spechunter] [Read] /home/yzs/riscv/XiangShan/src/main/scala/xiangshan/backend/fu/NewCSR/TrapTvalMod.scala
[02:14:54] [spechunter] [Read] /home/yzs/riscv/XiangShan/src/main/scala/xiangshan/backend/fu/NewCSR/SupervisorLevel.scala
[02:14:54] [spechunter] [Read] /home/yzs/riscv/XiangShan/src/main/scala/xiangshan/backend/fu/NewCSR/MachineLevel.scala
[02:14:54] [spechunter] [Read] /home/yzs/riscv/XiangShan/src/main/scala/xiangshan/backend/fu/NewCSR/HypervisorLevel.scala
[02:14:54] [spechunter] [Read] /home/yzs/riscv/XiangShan/src/main/scala/xiangshan/backend/fu/NewCSR/VirtualSupervisorLevel.scala
[02:14:54] [spechunter] [Read] /home/yzs/riscv/XiangShan/src/main/scala/xiangshan/frontend/icache/Bundles.scala
[02:14:56] [spechunter] [Read] /home/yzs/riscv/qemu/target/riscv/cpu_helper.c
[02:14:56] [spechunter] [Read] /home/yzs/riscv/qemu/target/riscv/op_helper.c
[02:14:56] [spechunter] [Grep] pattern='adjust_addr|adjust_addr_virt|adjust_addr_body'
[02:15:03] [spechunter] [Read] /home/yzs/riscv/freebsd-src/sys/riscv/vmm/riscv.h
[02:15:03] [spechunter] [Grep] pattern='stval'
[02:15:03] [spechunter] [Grep] pattern='stval'
[02:15:03] [spechunter] [Grep] pattern='stval'
[02:15:03] [spechunter] [Grep] pattern='Zpm|Ssnpm|Smmpm|Smnpm|pointer.?mask|mask.*pointer'
[02:15:03] [spechunter] [Grep] pattern='CONFIG|#ifdef.*ZPM|#ifdef.*MASK'
[02:15:03] [spechunter] [Grep] pattern='csr_write.*stvec|csrw.*stvec|stvec'
[02:15:03] [spechunter] [Grep] pattern='dtrace_subr.*stval|stval.*dtrace'
[02:15:04] [spechunter] [text] Now I need to trace where `env->badaddr` is set before the interrupt handler is called. This is where pointer masking is...
[02:15:04] [spechunter] [Grep] pattern='env->badaddr\\s*='
[02:15:04] [spechunter] [Grep] pattern='badaddr'
[02:15:05] [spechunter] [Read] /home/yzs/riscv/XiangShan/src/main/scala/xiangshan/backend/fu/NewCSR/VirtualSupervisorLevel.scala
[02:15:05] [spechunter] [Grep] pattern='stval|mtval|htval'
[02:15:05] [spechunter] [Grep] pattern='fetchMalTval|isFetchMalAddr'
[02:15:05] [spechunter] [Grep] pattern='PtvalToTval|tval.*ptr|tval.*mask|tval.*pm_'
[02:15:10] [spechunter] [Grep] pattern='class XtvalBundle|class Xtval'
[02:15:10] [spechunter] [Read] /home/yzs/riscv/XiangShan/src/main/scala/xiangshan/backend/fu/NewCSR/CSREvents/TrapEntryHSEvent.scala
[02:15:10] [spechunter] [Read] /home/yzs/riscv/XiangShan/src/main/scala/xiangshan/backend/fu/NewCSR/CSREvents/TrapEntryMEvent.scala
[02:15:10] [spechunter] [Read] /home/yzs/riscv/XiangShan/src/main/scala/xiangshan/backend/fu/NewCSR/CSREvents/TrapEntryVSEvent.scala
[02:15:10] [spechunter] [Read] /home/yzs/riscv/XiangShan/src/main/scala/xiangshan/backend/fu/NewCSR/CSREvents/TrapEntryDEvent.scala
[02:15:10] [spechunter] [Read] /home/yzs/riscv/XiangShan/src/main/scala/xiangshan/backend/fu/NewCSR/CSREvents/TrapEntryMNEvent.scala
[02:15:11] [spechunter] [Read] /home/yzs/riscv/qemu/target/riscv/cpu_helper.c
[02:15:11] [spechunter] [Grep] pattern='riscv_cpu_tlb_fill'
[02:15:11] [spechunter] [Grep] pattern='class MEnvCfg|class SEnvCfg|class HEnvCfg|class EnvCfg'
[02:15:11] [spechunter] [Grep] pattern='PM\\b.*(bit|field|RW|RO)|pointer.*mask|mask.*pointer|Uppn|Upn|pm_enable'
[02:15:11] [spechunter] [Grep] pattern='apply.*pm|nopm|maskhigh|highmask|addr.*mask'
[02:15:11] [spechunter] [Glob] **/Env*Cfg*.scala
[02:15:16] [spechunter] [Read] /home/yzs/riscv/qemu/target/riscv/cpu_helper.c
[02:15:16] [spechunter] [Read] /home/yzs/riscv/qemu/target/riscv/cpu_helper.c
[02:15:17] [spechunter] [text] Now let me trace how the `badaddr` is set, particularly whether pointer masking is applied before it's stored.  
[02:15:17] [spechunter] [Read] /home/yzs/riscv/qemu/target/riscv/cpu_helper.c
[02:15:18] [spechunter] [Read] /home/yzs/riscv/freebsd-src/sys/riscv/vmm/vmm_riscv.c
[02:15:18] [spechunter] [Read] /home/yzs/riscv/freebsd-src/sys/riscv/vmm/vmm_riscv.c
[02:15:18] [spechunter] [Grep] pattern='Zpm|pointer.mask|Ssnpm|Smmpm|Smnpm|pm_en|pm_cur|senvcfg'
[02:15:18] [spechunter] [Read] /home/yzs/riscv/freebsd-src/sys/riscv/vmm/vmm_riscv.c
[02:15:18] [spechunter] [Grep] pattern='Zpm|Smmpm|Smnpm|Ssnpm|pointer_mask|pointer.mask'
[02:15:18] [spechunter] [Read] /home/yzs/riscv/freebsd-src/sys/riscv/conf/GENERIC
[02:15:18] [spechunter] [Grep] pattern='gpaddr|exception|gpf|page.fault|access.fault|guest'
[02:15:18] [spechunter] [Grep] pattern='gpaddr|gpAddrMem|exception|gpf|page.fault|access.fault|guest'
[02:15:18] [spechunter] [Grep] pattern='gpAddr|gpaddr|GPAddr'
[02:15:18] [spechunter] [Grep] pattern='gpaddr|GPAddr'
[02:15:18] [spechunter] [Grep] pattern='gpAddrMem|gpaddr|GPAddr'
[02:15:19] [spechunter] [Read] /home/yzs/riscv/XiangShan/src/main/scala/xiangshan/backend/fu/NewCSR/TrapTvalMod.scala
[02:15:19] [spechunter] [Read] /home/yzs/riscv/XiangShan/src/main/scala/xiangshan/backend/fu/NewCSR/CSREvents/CSREvent.scala
[02:15:19] [spechunter] [Read] /home/yzs/riscv/XiangShan/src/main/scala/xiangshan/backend/fu/NewCSR/CSREvents/TrapEntryMEvent.scala
[02:15:33] [spechunter] [text] Now let me also check for any interaction between pointer masking and tval in the trigger/debug path and the htval path....
[02:15:33] [spechunter] [Grep] pattern='htval'
[02:15:33] [spechunter] [Grep] pattern='env->bins'
[02:15:33] [spechunter] [Grep] pattern='set_tval|trigger.*tval|tval.*trigger'
[02:15:38] [spechunter] [Read] /home/yzs/riscv/XiangShan/src/main/scala/xiangshan/backend/fu/NewCSR/CSRBundles.scala
[02:15:38] [spechunter] [Read] /home/yzs/riscv/XiangShan/src/main/scala/xiangshan/backend/fu/NewCSR/MachineLevel.scala
[02:15:38] [spechunter] [Read] /home/yzs/riscv/XiangShan/src/main/scala/xiangshan/backend/fu/NewCSR/HypervisorLevel.scala
[02:15:38] [spechunter] [Read] /home/yzs/riscv/XiangShan/src/main/scala/xiangshan/backend/fu/NewCSR/SupervisorLevel.scala
[02:15:38] [spechunter] [Read] /home/yzs/riscv/XiangShan/src/main/scala/xiangshan/cache/mmu/MMUBundle.scala
[02:15:38] [spechunter] [Read] /home/yzs/riscv/XiangShan/src/main/scala/xiangshan/backend/fu/wrapper/CSR.scala
[02:15:38] [spechunter] [text] Now let me trace the callers — where do these functions get called and is pointer masking applied before `badaddr` is se...
[02:15:38] [spechunter] [Grep] pattern='raise_mmu_exception'
[02:15:38] [spechunter] [Read] /home/yzs/riscv/qemu/target/riscv/cpu_helper.c
[02:15:42] [spechunter] [Read] /home/yzs/riscv/XiangShan/src/main/scala/xiangshan/backend/fu/NewCSR/CSRBundles.scala
[02:15:42] [spechunter] [Read] /home/yzs/riscv/XiangShan/src/main/scala/xiangshan/backend/fu/NewCSR/CSREvents/CSREvent.scala
[02:15:42] [spechunter] [Grep] pattern='TrapEntryEventInput'
[02:15:42] [spechunter] [Grep] pattern='class ExceptionType|object ExceptionType'
[02:15:42] [spechunter] [Grep] pattern='genTrapVA'
[02:15:54] [spechunter] [TodoWrite] 5 items
[02:15:55] [spechunter] [text] Let me also check the DretEvent (double-trap) and the CSR wrapper for completeness.  
[02:15:55] [spechunter] [Grep] pattern='tval|stval|mtval|htval|vstval'
[02:15:55] [spechunter] [Grep] pattern='tval|stval|mtval|htval|vstval|trapTvalMod'
[02:15:55] [spechunter] [Grep] pattern='tval|stval|mtval|htval'
[02:15:55] [spechunter] [Grep] pattern='envcfg|EnvCfg'
[02:15:56] [spechunter] [Grep] pattern='EnvPMM|class.*PMM|object.*PMM|PMM.*Bundle'
[02:15:56] [spechunter] [Grep] pattern='fullva|fullVA'
[02:15:56] [spechunter] [Grep] pattern='\\.pmm\\b|pmm\\.'
[02:15:56] [spechunter] [Grep] pattern='pointerMask|pointer mask|PointerMask'
[02:16:06] [spechunter] [Read] /home/yzs/riscv/XiangShan/src/main/scala/xiangshan/frontend/icache/Bundles.scala
[02:16:06] [spechunter] [Read] /home/yzs/riscv/XiangShan/src/main/scala/xiangshan/frontend/ifu/Ifu.scala
[02:16:06] [spechunter] [Read] /home/yzs/riscv/XiangShan/src/main/scala/xiangshan/frontend/Bundles.scala
[02:16:06] [spechunter] [Read] /home/yzs/riscv/XiangShan/src/main/scala/xiangshan/backend/GPAMem.scala
[02:16:06] [spechunter] [Grep] pattern='gpAddrMem|gpaddr|toBackend'
[02:16:07] [spechunter] [Read] /home/yzs/riscv/linux/arch/riscv/mm/fault.c
[02:16:08] [spechunter] [Read] /home/yzs/riscv/qemu/target/riscv/cpu_helper.c
[02:16:08] [spechunter] [Read] /home/yzs/riscv/qemu/hw/riscv/riscv-iommu.c
[02:16:08] [spechunter] [Grep] pattern='stval|mtval|tval|badaddr'
[02:16:15] [spechunter] [Read] /home/yzs/riscv/XiangShan/src/main/scala/xiangshan/backend/fu/NewCSR/CSRDefines.scala
[02:16:15] [spechunter] [Read] /home/yzs/riscv/XiangShan/src/main/scala/xiangshan/cache/mmu/TLB.scala
[02:16:15] [spechunter] [Grep] pattern='class.*PMM\\b|class.*TlbPmm|class.*TLBPMM|PmmStruct|PmmBundle'
[02:16:15] [spechunter] [Grep] pattern='pmm\\b.*Input|pmm\\b.*Output|val pmm'
[02:16:15] [spechunter] [Read] /home/yzs/riscv/XiangShan/src/main/scala/xiangshan/cache/mmu/TLB.scala
[02:16:16] [spechunter] [text] Let me also check the frontend references and the Bundle file for more envcfg context.  
[02:16:16] [spechunter] [Read] /home/yzs/riscv/XiangShan/src/main/scala/xiangshan/frontend/icache/Bundles.scala
[02:16:16] [spechunter] [Grep] pattern='envcfg|EnvCfg|MEnvCfg|HEnvCfg|SEnvCfg'
[02:16:16] [spechunter] [Grep] pattern='envcfg|pmm|PMM|PointerMask'
[02:16:19] [spechunter] [Read] /home/yzs/riscv/XiangShan/src/main/scala/xiangshan/frontend/Bundles.scala
[02:16:19] [spechunter] [Grep] pattern='hasBackendFault|backendException|itlbException'
[02:16:19] [spechunter] [Grep] pattern='tval|trapPc|trapPcGPA|memException'
[02:16:19] [spechunter] [Read] /home/yzs/riscv/XiangShan/src/main/scala/xiangshan/backend/CtrlBlock.scala
[02:16:23] [spechunter] [Grep] pattern='PMLEN|prevmEnable|prevm|prevM|EffectiveVa'
[02:16:23] [spechunter] [Read] /home/yzs/riscv/XiangShan/src/main/scala/xiangshan/backend/fu/NewCSR/CSREvents/TrapEntryVSEvent.scala
[02:16:23] [spechunter] [Read] /home/yzs/riscv/XiangShan/src/main/scala/xiangshan/backend/fu/NewCSR/CSREvents/TrapEntryHSEvent.scala
[02:16:24] [spechunter] [text] Now let me look at how TCG translation applies pointer masking — this is where addresses get masked before reaching the ...
[02:16:24] [spechunter] [Grep] pattern='adjust_addr|pmask|pmlen|pointer_mask'
[02:16:24] [spechunter] [Grep] pattern='adjust_addr|pmask|pmlen'
[02:16:26] [spechunter] [Read] /home/yzs/riscv/qemu/hw/riscv/riscv-iommu.c
[02:16:26] [spechunter] [Grep] pattern='guest_phys_fault_addr'
[02:16:28] [spechunter] [Grep] pattern='gpAddrMem|GPAMem|toBackend|fromIFU'
[02:16:28] [spechunter] [Grep] pattern='gpAddrMem|GPAMem|toBackend|fromIFU|gpaddr|gpAddr'
[02:16:28] [spechunter] [Grep] pattern='gpaddr|GPAddr|gpAddrMem|gpf|guest.page|instr.page|instr.access|ExceptionInfo'
[02:16:28] [spechunter] [Grep] pattern='gpAddrMem|GPAMem|exceptionReadAddr|exceptionReadData|gpaddr'
[02:16:28] [spechunter] [Grep] pattern='ExceptionInfo'
[02:16:30] [spechunter] [Read] /home/yzs/riscv/XiangShan/src/main/scala/xiangshan/Bundle.scala
[02:16:30] [spechunter] [Read] /home/yzs/riscv/XiangShan/src/main/scala/xiangshan/backend/fu/NewCSR/NewCSR.scala
[02:16:30] [spechunter] [Grep] pattern='PMLEN'
[02:16:30] [spechunter] [Grep] pattern='Smpmp|Smnpm|Ssnpm'
[02:16:30] [spechunter] [Read] /home/yzs/riscv/XiangShan/src/main/scala/xiangshan/cache/mmu/TLB.scala
[02:16:34] [spechunter] [Read] /home/yzs/riscv/XiangShan/src/main/scala/xiangshan/backend/fu/NewCSR/NewCSR.scala
[02:16:34] [spechunter] [Read] /home/yzs/riscv/XiangShan/src/main/scala/xiangshan/backend/fu/NewCSR/NewCSR.scala
[02:16:34] [spechunter] [Grep] pattern='RedirectGenerator|Redirect|fullTarget|hasBackendFault'
[02:16:34] [spechunter] [Grep] pattern='FetchFault|getFetchFault|EX_IPF|EX_IAF|EX_IGPF'
[02:16:35] [spechunter] [Read] /home/yzs/riscv/qemu/target/riscv/tcg/tcg-cpu.c
[02:16:35] [spechunter] [Grep] pattern='adjust_addr|gen_pm_adjust|addr_xl|pointer_mask|pmask'
[02:16:37] [spechunter] [Grep] pattern='MENVCFG_PMM|SENVCFG_PMM|HENVCFG_PMM|MSECCFG_PMM|HSTATUS_HUPMM'
[02:16:37] [spechunter] [Read] /home/yzs/riscv/qemu/target/riscv/cpu_helper.c
[02:16:46] [spechunter] [Read] /home/yzs/riscv/XiangShan/src/main/scala/xiangshan/cache/mmu/MMUConst.scala
[02:16:46] [spechunter] [Grep] pattern='class.*Mseccfg|Mseccfg.*Bundle|object.*mseccfg'
[02:16:46] [spechunter] [Read] /home/yzs/riscv/XiangShan/src/main/scala/xiangshan/backend/fu/NewCSR/MachineLevel.scala
[02:16:46] [spechunter] [Read] /home/yzs/riscv/XiangShan/src/main/scala/xiangshan/backend/fu/NewCSR/HypervisorLevel.scala
[02:16:46] [spechunter] [Read] /home/yzs/riscv/XiangShan/src/main/scala/xiangshan/backend/fu/wrapper/CSR.scala
[02:16:47] [spechunter] [text] Now let me check a few more locations for completeness.  
[02:16:47] [spechunter] [Read] /home/yzs/riscv/XiangShan/src/main/scala/xiangshan/cache/mmu/TLB.scala
[02:16:47] [spechunter] [Grep] pattern='trapEntryMEvent|trapEntryHSEvent|trapEntryVSEvent|trapEntryDEvent'
[02:16:47] [spechunter] [Read] /home/yzs/riscv/XiangShan/src/main/scala/xiangshan/backend/fu/NewCSR/CSREvents/TrapEntryMEvent.scala
[02:16:54] [spechunter] [Grep] pattern='class TlbReq\\b|fullva|checkfullva'
[02:16:54] [spechunter] [Grep] pattern='EXT_SSTC|EXT_DBLTRP|EXT_ZICBOM|EXT_ZICBOZ|EXT_ZICFILP|CSRConfig'
[02:16:54] [spechunter] [Grep] pattern='class CSRConfig|object CSRConfig'
[02:16:59] [spechunter] [Grep] pattern='RISCV_EXCP_INST_ADDR_MIS|RISCV_EXCP_INST_ACCESS|RISCV_EXCP_INST_PAGE'
[02:16:59] [spechunter] [Read] /home/yzs/riscv/qemu/target/riscv/cpu_helper.c
[02:17:03] [spechunter] [text] Now let me examine how breakpoints/triggers set badaddr, and how the trigger mechanism interacts with stval.  
[02:17:03] [spechunter] [Grep] pattern='badaddr|trigger.*tval|stval.*trigger|itrigger'
[02:17:03] [spechunter] [Glob] target/riscv/debug.*
[02:17:09] [spechunter] [Read] /home/yzs/riscv/qemu/target/riscv/debug.c
[02:17:09] [spechunter] [Read] /home/yzs/riscv/qemu/target/riscv/cpu.h
[02:17:09] [spechunter] [Read] /home/yzs/riscv/qemu/target/riscv/cpu.h
[02:17:11] [spechunter] [Grep] pattern='class ExceptionInfo|ExceptionInfo|gpaddr|pc'
[02:17:11] [spechunter] [Grep] pattern='class ExceptionInfo|class ExceptionBundle'
[02:17:11] [spechunter] [Grep] pattern='ExceptionInfo|exceptionInfo'
[02:17:11] [spechunter] [Read] /home/yzs/riscv/XiangShan/src/main/scala/xiangshan/backend/rob/Rob.scala
[02:17:13] [spechunter] [Read] /home/yzs/riscv/XiangShan/src/main/scala/xiangshan/backend/fu/NewCSR/NewCSR.scala
[02:17:13] [spechunter] [Read] /home/yzs/riscv/XiangShan/src/main/scala/xiangshan/cache/mmu/TLB.scala
[02:17:13] [spechunter] [Read] /home/yzs/riscv/XiangShan/src/main/scala/xiangshan/cache/mmu/MMUConst.scala
[02:17:13] [spechunter] [Read] /home/yzs/riscv/XiangShan/src/main/scala/xiangshan/mem/prefetch/L1PrefetchComponent.scala
[02:17:39] [spechunter] [Read] /home/yzs/riscv/XiangShan/src/main/scala/xiangshan/backend/fu/CSR.scala
[02:17:39] [spechunter] [Read] /home/yzs/riscv/XiangShan/src/main/scala/xiangshan/backend/fu/CSR.scala
[02:17:39] [spechunter] [Read] /home/yzs/riscv/XiangShan/src/main/scala/xiangshan/backend/fu/CSR.scala
[02:17:39] [spechunter] [Read] /home/yzs/riscv/XiangShan/src/main/scala/xiangshan/backend/fu/CSR.scala
[02:17:39] [spechunter] [Read] /home/yzs/riscv/XiangShan/src/main/scala/xiangshan/backend/fu/CSR.scala
[02:17:39] [spechunter] [Grep] pattern='MaxMaskedWidth|MaxMask'
[02:17:40] [spechunter] [Read] /home/yzs/riscv/XiangShan/src/main/scala/xiangshan/backend/fu/NewCSR/ExceptionBundle.scala
[02:17:40] [spechunter] [Grep] pattern='getFetchFault|FetchFault|EX_IPF|EX_IAF|EX_IGPF|EX_IAM'
[02:17:40] [spechunter] [Read] /home/yzs/riscv/XiangShan/src/main/scala/xiangshan/backend/ctrlblock/RedirectGenerator.scala
[02:17:40] [spechunter] [Grep] pattern='fullTarget'
[02:17:40] [spechunter] [Read] /home/yzs/riscv/XiangShan/src/main/scala/xiangshan/backend/Bundles.scala
[02:17:40] [spechunter] [Read] /home/yzs/riscv/XiangShan/src/main/scala/xiangshan/backend/rob/RobBundles.scala
[02:17:40] [spechunter] [Grep] pattern='crossPageIPFFix|isFetchMalAddr|ftqPtr|ftqOffset'
[02:17:40] [spechunter] [Grep] pattern='isFetchMalAddr|crossPageIPFFix|ftqPtr|ftqOffset'
[02:17:50] [spechunter] [Read] /home/yzs/riscv/XiangShan/src/main/scala/xiangshan/backend/fu/CSR.scala
[02:17:50] [spechunter] [Read] /home/yzs/riscv/XiangShan/src/main/scala/xiangshan/cache/mmu/MMUBundle.scala
[02:17:50] [spechunter] [Grep] pattern='class.*TlbCsr|class.*TlbCSR|class.*TLBCSR'
[02:17:50] [spechunter] [Read] /home/yzs/riscv/XiangShan/src/main/scala/xiangshan/cache/mmu/TLB.scala
[02:17:50] [spechunter] [Read] /home/yzs/riscv/XiangShan/src/main/scala/xiangshan/mem/pipeline/NewLoadUnit.scala
[02:17:51] [spechunter] [Grep] pattern='trapPc|trapPC\\b|trapHandleMod'
[02:17:51] [spechunter] [Grep] pattern='hasBackendFault'
[02:17:51] [spechunter] [Grep] pattern='class Redirect\\b'
[02:17:51] [spechunter] [Grep] pattern='TrapHandleMod|trapHandle'
[02:17:52] [spechunter] [text] Now let me check how `adjust_addr` is used throughout the codebase, and whether it affects `tval` in any paths.  
[02:17:52] [spechunter] [Grep] pattern='adjust_addr|adjust_addr_virt|adjust_addr_body'
[02:17:52] [spechunter] [Grep] pattern='pointer_wrap|riscv_pointer_wrap'
[02:17:57] [spechunter] [Grep] pattern='ldinFullva\\b|stinFullva\\b'
[02:17:57] [spechunter] [Read] /home/yzs/riscv/XiangShan/src/main/scala/xiangshan/backend/fu/NewCSR/NewCSR.scala
[02:17:57] [spechunter] [Grep] pattern='TransformVaddr|transformVaddr|vaNeedExt'
[02:17:59] [spechunter] [Read] /home/yzs/riscv/XiangShan/src/main/scala/xiangshan/Bundle.scala
[02:17:59] [spechunter] [Read] /home/yzs/riscv/XiangShan/src/main/scala/xiangshan/backend/fu/NewCSR/TrapHandleModule.scala
[02:17:59] [spechunter] [Read] /home/yzs/riscv/XiangShan/src/main/scala/xiangshan/backend/fu/NewCSR/NewCSR.scala
[02:17:59] [spechunter] [Read] /home/yzs/riscv/XiangShan/src/main/scala/xiangshan/backend/fu/NewCSR/NewCSR.scala
[02:18:00] [spechunter] [Grep] pattern='isFetchMalAddr|crossPageIPFFix|ftqPtr|ftqOffset'
[02:18:00] [spechunter] [Grep] pattern='isFetchMalAddr|crossPageIPFFix|ftqPtr|ftqOffset'
[02:18:00] [spechunter] [Grep] pattern='isFetchMalAddr|crossPageIPFFix'
[02:18:00] [spechunter] [Grep] pattern='isFetchMalAddr|crossPageIPFFix'
[02:18:08] [spechunter] [Grep] pattern='isFetchMalAddr|crossPageIPFFix'
[02:18:08] [spechunter] [Grep] pattern='isFetchMalAddr|crossPageIPFFix'
[02:18:10] [spechunter] [Read] /home/yzs/riscv/XiangShan/src/main/scala/xiangshan/mem/lsqueue/ExceptionInfoGen.scala
[02:18:10] [spechunter] [Grep] pattern='class CSRPermitModule|class HypervisorLevel|class MachineLevel'
[02:18:10] [spechunter] [Read] /home/yzs/riscv/XiangShan/src/main/scala/xiangshan/backend/fu/NewCSR/CSREvents/CSREvent.scala
[02:18:11] [spechunter] [Read] /home/yzs/riscv/linux/arch/riscv/mm/fault.c
[02:18:11] [spechunter] [Grep] pattern='si_addr|force_sig_fault|SIGSEGV|signal.*fault'
[02:18:18] [spechunter] [Grep] pattern='class GPAMem|GPAMem'
[02:18:18] [spechunter] [Grep] pattern='class RobTrap|class RobCSR|trap.*bits.*pc'
[02:18:18] [spechunter] [Grep] pattern='toRob.*trap|trap.*pc|gpAddr'
[02:18:18] [spechunter] [Read] /home/yzs/riscv/XiangShan/src/main/scala/xiangshan/frontend/ibuffer/Bundles.scala
[02:18:18] [spechunter] [Grep] pattern='crossPageIPFFix|fetchMalAddr|isFetchMalAddr|backendException|exceptionCrossPage|exceptionOffset'
[02:18:18] [spechunter] [Grep] pattern='crossPageIPFFix|fetchMalAddr|isFetchMalAddr|backendException|exceptionCrossPage|exceptionOffset'
[02:18:18] [spechunter] [Read] /home/yzs/riscv/XiangShan/src/main/scala/xiangshan/frontend/icache/Bundles.scala
[02:18:37] [spechunter] [text] ```json {   "violation_condition": "When Ssnpm/Smnpm pointer masking is enabled via senvcfg, the hardware writes the poi...
[02:18:39] [spechunter] [text] Now let me check how `pointer_wrap` is called in the QEMU TCG infrastructure — this is where the CPU loop may apply poin...
[02:18:39] [spechunter] [Grep] pattern='pointer_wrap'
[02:18:39] [spechunter] [Grep] pattern='pointer_wrap'
[02:18:43] [spechunter] [Grep] pattern='itlbException|gpAddr|isForVSnonLeafPTE|exceptionEntry|WayLookupException'
[02:18:43] [spechunter] [Grep] pattern='itlbException|gpAddr|isForVSnonLeafPTE|exceptionEntry'
[02:18:46] [spechunter] [Grep] pattern='pointer_wrap'
[02:18:46] [spechunter] [Grep] pattern='pointer_wrap'
[02:18:46] [spechunter] [Grep] pattern='pointer_wrap'
[02:18:51] [spechunter] [Grep] pattern='itlbException|gpAddr|isForVSnonLeafPTE|exceptionEntry|ExceptionType'
[02:18:51] [spechunter] [Grep] pattern='itlbException|gpAddr|isForVSnonLeafPTE|exceptionEntry|ExceptionType'
[02:18:51] [spechunter] [Read] /home/yzs/riscv/XiangShan/src/main/scala/xiangshan/frontend/icache/ICachePrefetchPipe.scala
[02:18:51] [spechunter] [Read] /home/yzs/riscv/XiangShan/src/main/scala/xiangshan/backend/rob/RobBundles.scala
[02:18:51] [spechunter] [Grep] pattern='class GPAMem'
[02:18:51] [spechunter] [Grep] pattern='pcGPA|trapPcGPA|fromFrontend.*gpAddr|gpAddr'
[02:18:51] [spechunter] [Grep] pattern='pcGPA|trapPcGPA|gpAddr'
[02:18:52] [spechunter] [text] Let me check where `pointer_wrap` is called in the TLB lookup path, specifically at the initial TLB lookup (not just pag...
[02:18:52] [spechunter] [Grep] pattern='pointer_wrap|tlb_fill'
[02:18:57] [spechunter] [text] Now I have a complete picture. Here is the final JSON output:  ```json {   "locations": [     {       "file_path": "src/...
[02:19:05] [spechunter] [text] Now I have a complete picture of all relevant locations. Here is the JSON report.  ```json {   "locations": [     {     ...
[02:19:08] [spechunter] [text] ```json {   "violation_condition": "kernel page fault handler or KVM trap injection code reads stval and applies pointer...
[02:19:10] [spechunter] [Grep] pattern='stval'
[02:19:10] [spechunter] [Grep] pattern='stval'
[02:19:10] [spechunter] [Grep] pattern='stval'
[02:19:10] [spechunter] [Grep] pattern='stval'
[02:19:10] [spechunter] [Grep] pattern='senvcfg'
[02:19:10] [spechunter] [Grep] pattern='senvcfg'
[02:19:10] [spechunter] [Grep] pattern='senvcfg'
[02:19:12] [spechunter] [Read] /home/yzs/riscv/XiangShan/src/main/scala/xiangshan/frontend/icache/ICacheMainPipe.scala
[02:19:12] [spechunter] [Grep] pattern='toIfu|exception|gpAddr|isForVSnonLeaf|isBackendException'
[02:19:12] [spechunter] [Grep] pattern='toIfu|exception|gpAddr|isBackendException'
[02:19:12] [spechunter] [Read] /home/yzs/riscv/XiangShan/src/main/scala/xiangshan/backend/GPAMem.scala
[02:19:12] [spechunter] [Grep] pattern='class RobTrap|RobTrapIO|fromRob.*trap'
[02:19:12] [spechunter] [Read] /home/yzs/riscv/XiangShan/src/main/scala/xiangshan/backend/fu/NewCSR/NewCSR.scala
[02:19:12] [spechunter] [Read] /home/yzs/riscv/XiangShan/src/main/scala/xiangshan/backend/fu/NewCSR/NewCSR.scala
[02:19:18] [spechunter] [TodoWrite] 7 items
[02:19:22] [spechunter] [Grep] pattern='tf_stval'
[02:19:22] [spechunter] [Grep] pattern='senvcfg'
[02:19:22] [spechunter] [Grep] pattern='pointer.mask|pm_en|pm_current|Zpm|ssnpm|smnpm'
[02:19:26] [spechunter] [Grep] pattern='toIfu|toFtqAndIfu|gpAddr|gpaddr|exception|itlbException|isForVSnonLeaf|isBackendException'
[02:19:26] [spechunter] [Grep] pattern='tval|mtval|stval|htval|vstval|mtval2|fetchMalTval|gpaddr|writeTval|getTval'
[02:19:26] [spechunter] [Read] /home/yzs/riscv/XiangShan/src/main/scala/xiangshan/backend/fu/NewCSR/NewCSR.scala
[02:19:28] [spechunter] [Grep] pattern='trapIO|trap.*pc|trap.*gpa|fromFrontend|ToRob.*trap'
[02:19:28] [spechunter] [Grep] pattern='frontendTrap|fromFrontend|trapValid|hasBackendFault|backendIGPF|backendIPF|backendIAF'
[02:19:28] [spechunter] [Grep] pattern='exception.*gpAddr|gpAddrMem|gpAddr|itlbException|backendException'
[02:19:28] [spechunter] [Read] /home/yzs/riscv/freebsd-src/sys/riscv/riscv/trap.c
[02:19:28] [spechunter] [Grep] pattern='tf_stval'
[02:19:28] [spechunter] [Grep] pattern='tf_stval'
[02:19:34] [spechunter] [Grep] pattern='stval'
[02:19:34] [spechunter] [Grep] pattern='mtval'
[02:19:34] [spechunter] [Grep] pattern='vstval'
[02:19:34] [spechunter] [Grep] pattern='stval'
[02:19:34] [spechunter] [Grep] pattern='stval'
[02:19:35] [spechunter] [text] Let me also check the `get_physical_address` for any inline pointer masking and look at CSR/migration/KVM/GDB paths.  
[02:19:35] [spechunter] [Read] /home/yzs/riscv/qemu/target/riscv/cpu_helper.c
[02:19:35] [spechunter] [Grep] pattern='stval|mtval|htval|mtval2|tval'
[02:19:35] [spechunter] [Grep] pattern='stval|mtval|htval|mtval2|tval|KVM_REG_RISCV'
[02:19:41] [spechunter] [Grep] pattern='fetchMalTval|gpaddr|tval|pcGPA'
[02:19:41] [spechunter] [Grep] pattern='fetchMalTval|gpaddr|tval|pcGPA'
[02:19:41] [spechunter] [Grep] pattern='fetchMalTval|gpaddr|tval|pcGPA'
[02:19:41] [spechunter] [Grep] pattern='fetchMalTval|gpaddr|pcGPA'
[02:19:41] [spechunter] [Grep] pattern='fetchMalTval|gpaddr|pcGPA'
[02:19:41] [spechunter] [Read] /home/yzs/riscv/freebsd-src/sys/riscv/riscv/trap.c
[02:19:41] [spechunter] [Read] /home/yzs/riscv/freebsd-src/sys/riscv/riscv/trap.c
[02:19:42] [spechunter] [Read] /home/yzs/riscv/XiangShan/src/main/scala/xiangshan/backend/rob/Rob.scala
[02:19:42] [spechunter] [Grep] pattern='pcGPA|gpaMem|exceptionRead'
[02:19:42] [spechunter] [Grep] pattern='exceptionRead|gpaMem'
[02:19:42] [spechunter] [Read] /home/yzs/riscv/XiangShan/src/main/scala/xiangshan/backend/fu/NewCSR/NewCSR.scala
[02:19:47] [spechunter] [Agent] description, subagent_type
[02:19:48] [spechunter] [Read] /home/yzs/riscv/XiangShan/src/main/scala/xiangshan/backend/fu/NewCSR/TrapTvalMod.scala
[02:19:48] [spechunter] [Grep] pattern='fromIfu|toBackend|gpAddrMem|gpaddr'
[02:19:48] [spechunter] [Grep] pattern='class FrontendIO|fromIfu|toBackend'
[02:19:55] [spechunter] [text] Let me read the key trap handling code to understand the full context.  
[02:19:55] [spechunter] [Read] /home/yzs/riscv/freebsd-src/sys/riscv/riscv/trap.c
[02:19:55] [spechunter] [Read] /home/yzs/riscv/freebsd-src/sys/riscv/riscv/exception.S
[02:19:55] [spechunter] [Read] /home/yzs/riscv/freebsd-src/sys/riscv/include/frame.h
[02:19:55] [spechunter] [Read] /home/yzs/riscv/freebsd-src/sys/riscv/include/encoding.h
[02:19:55] [spechunter] [Grep] pattern='CSR_STVAL|CSR_SENVCFG'
[02:19:55] [spechunter] [Read] /home/yzs/riscv/freebsd-src/sys/riscv/vmm/riscv.h
[02:20:03] [spechunter] [Grep] pattern='mtval'
[02:20:03] [spechunter] [Grep] pattern='CSR_STVAL|CSR_MTVAL|CSR_VSTVAL|CSR_TVAL'
[02:20:03] [spechunter] [Grep] pattern='badaddr'
[02:20:03] [spechunter] [Grep] pattern='fault_addr.*stval|stval.*fault_addr'
[02:20:03] [spechunter] [Grep] pattern='trap->stval|trap->mtval'
[02:20:05] [spechunter] [Grep] pattern='CSR_TVAL|CSR_STVAL|CSR_MTVAL|CSR_VSTVAL'
[02:20:05] [spechunter] [Grep] pattern='csr_read.*[Tt][Vv][Aa][Ll]'
[02:20:05] [spechunter] [Grep] pattern='badaddr'
[02:20:05] [spechunter] [Grep] pattern='[sS]tval|[mM]tval|[vV]stval'
[02:20:08] [spechunter] [Grep] pattern='gpaddr|gpf|instr|excp'
[02:20:08] [spechunter] [Grep] pattern='gpaddr|excp'
[02:20:08] [spechunter] [Read] /home/yzs/riscv/XiangShan/src/main/scala/xiangshan/frontend/Frontend.scala
[02:20:08] [spechunter] [Read] /home/yzs/riscv/XiangShan/src/main/scala/xiangshan/frontend/Frontend.scala
[02:20:09] [spechunter] [Read] /home/yzs/riscv/freebsd-src/sys/riscv/include/frame.h
[02:20:09] [spechunter] [Grep] pattern='VIRT_IS_VALID'
[02:20:09] [spechunter] [Grep] pattern='senvcfg|pm_en|pointer.mask|pm_current|Zpm|ssnpm|smnpm'
[02:20:09] [spechunter] [Grep] pattern='senvcfg|pm_en|pointer.mask|ssnpm|smnpm|Zpm'
[02:20:11] [spechunter] [text] Let me also check the DTrace and remaining VMM-related files for stval references.  
[02:20:11] [spechunter] [Read] /home/yzs/riscv/freebsd-src/sys/cddl/dev/dtrace/riscv/dtrace_subr.c
[02:20:11] [spechunter] [Read] /home/yzs/riscv/freebsd-src/sys/riscv/riscv/trap.c
[02:20:11] [spechunter] [Read] /home/yzs/riscv/freebsd-src/sys/riscv/riscv/trap.c
[02:20:11] [spechunter] [Grep] pattern='senvcfg|CSR_SENVCFG'
[02:20:18] [spechunter] [text] Let me also check for CSR_SENVCFG definition in encoding.h and look at the db_trace.c reference for completeness.  
[02:20:18] [spechunter] [Grep] pattern='CSR_SENVCFG|0x10A'
[02:20:18] [spechunter] [Read] /home/yzs/riscv/freebsd-src/sys/riscv/riscv/db_trace.c
[02:20:18] [spechunter] [Read] /home/yzs/riscv/freebsd-src/sys/riscv/vmm/vmm_switch.S
[02:20:25] [spechunter] [Grep] pattern='class FrontendToCtrlIO|fromIfu|fromFtq'
[02:20:25] [spechunter] [Read] /home/yzs/riscv/XiangShan/src/main/scala/xiangshan/backend/CtrlBlock.scala
[02:20:25] [spechunter] [Read] /home/yzs/riscv/XiangShan/src/main/scala/xiangshan/backend/CtrlBlock.scala
[02:20:25] [spechunter] [Read] /home/yzs/riscv/XiangShan/src/main/scala/xiangshan/backend/fu/NewCSR/CSREvents/TrapEntryMEvent.scala
[02:20:26] [spechunter] [text] Let me read the key files for accurate function and line information.  
[02:20:26] [spechunter] [Read] /home/yzs/riscv/linux/arch/riscv/kernel/traps.c
[02:20:26] [spechunter] [Read] /home/yzs/riscv/linux/arch/riscv/kernel/entry.S
[02:20:26] [spechunter] [Read] /home/yzs/riscv/linux/arch/riscv/kernel/entry.S
[02:20:26] [spechunter] [Read] /home/yzs/riscv/linux/arch/riscv/kernel/entry.S
[02:20:26] [spechunter] [Read] /home/yzs/riscv/linux/arch/riscv/mm/fault.c
[02:20:26] [spechunter] [Read] /home/yzs/riscv/linux/arch/riscv/kvm/vcpu.c
[02:20:32] [spechunter] [Read] /home/yzs/riscv/freebsd-src/sys/riscv/vmm/riscv.h
[02:20:32] [spechunter] [Grep] pattern='stval|tf_stval'
[02:20:32] [spechunter] [Glob] sys/riscv/riscv/exception.S
[02:20:32] [spechunter] [Grep] pattern='stval|STVAL'
[02:20:36] [spechunter] [Read] /home/yzs/riscv/XiangShan/src/main/scala/xiangshan/backend/fu/wrapper/CSR.scala
[02:20:36] [spechunter] [Read] /home/yzs/riscv/XiangShan/src/main/scala/xiangshan/backend/fu/NewCSR/CSREvents/TrapEntryMEvent.scala
[02:20:36] [spechunter] [Read] /home/yzs/riscv/XiangShan/src/main/scala/xiangshan/cache/mmu/TLB.scala
[02:20:36] [spechunter] [Read] /home/yzs/riscv/XiangShan/src/main/scala/xiangshan/frontend/icache/ICacheWayLookup.scala
[02:20:37] [spechunter] [Read] /home/yzs/riscv/linux/arch/riscv/kvm/vcpu.c
[02:20:37] [spechunter] [Read] /home/yzs/riscv/linux/arch/riscv/kvm/vcpu_exit.c
[02:20:37] [spechunter] [Read] /home/yzs/riscv/linux/arch/riscv/kvm/vcpu_exit.c
[02:20:37] [spechunter] [Read] /home/yzs/riscv/linux/arch/riscv/kvm/vcpu_exit.c
[02:20:37] [spechunter] [Read] /home/yzs/riscv/linux/arch/riscv/kvm/vcpu_insn.c
[02:20:37] [spechunter] [Read] /home/yzs/riscv/linux/arch/riscv/kernel/traps_misaligned.c
[02:20:39] [spechunter] [Read] /home/yzs/riscv/freebsd-src/sys/riscv/riscv/exception.S
[02:20:39] [spechunter] [Read] /home/yzs/riscv/freebsd-src/sys/riscv/include/pmap.h
[02:20:39] [spechunter] [Grep] pattern='pmap_fault'
[02:20:40] [spechunter] [Read] /home/yzs/riscv/XiangShan/src/main/scala/xiangshan/frontend/ifu/Ifu.scala
[02:20:40] [spechunter] [Grep] pattern='itlbException|gpAddr|isForVSnonLeafPTE|hasException|exception'
[02:20:40] [spechunter] [Read] /home/yzs/riscv/XiangShan/src/main/scala/xiangshan/frontend/ibuffer/Bundles.scala
[02:20:40] [spechunter] [Grep] pattern='class ToBackend|toBackend|toRob|exceptionVec|gpAddr'
[02:20:53] [spechunter] [Read] /home/yzs/riscv/linux/arch/riscv/kernel/vector.c
[02:20:53] [spechunter] [Read] /home/yzs/riscv/linux/arch/riscv/kernel/process.c
[02:20:53] [spechunter] [Read] /home/yzs/riscv/linux/arch/riscv/kernel/kgdb.c
[02:20:53] [spechunter] [Read] /home/yzs/riscv/linux/arch/riscv/kernel/suspend_entry.S
[02:20:53] [spechunter] [Read] /home/yzs/riscv/linux/arch/riscv/kernel/crash_save_regs.S
[02:20:53] [spechunter] [Read] /home/yzs/riscv/linux/arch/riscv/kvm/vcpu_switch.S
[02:20:53] [spechunter] [Grep] pattern='class FrontendToCtrlIO'
[02:20:53] [spechunter] [Read] /home/yzs/riscv/XiangShan/src/main/scala/xiangshan/frontend/icache/ICacheWayLookup.scala
[02:20:53] [spechunter] [Read] /home/yzs/riscv/XiangShan/src/main/scala/xiangshan/frontend/ifu/Ifu.scala
[02:20:53] [spechunter] [TodoWrite] 7 items
[02:20:55] [spechunter] [Read] /home/yzs/riscv/XiangShan/src/main/scala/xiangshan/backend/fu/wrapper/CSR.scala
[02:20:55] [spechunter] [Read] /home/yzs/riscv/XiangShan/src/main/scala/xiangshan/backend/fu/wrapper/CSR.scala
[02:20:55] [spechunter] [Grep] pattern='exceptionHappen|deqHasException|exceptionVec|ftqPtr|trapVec'
[02:20:55] [spechunter] [Grep] pattern='io\\.toCSR|io\\.csr\\.trap|csrIO\\.trap|RobCSR'
[02:21:02] [spechunter] [text] Now let me check the remaining key files — the KVM structure definitions, CSR header defines, and the tools/arch headers...
[02:21:02] [spechunter] [Read] /home/yzs/riscv/linux/arch/riscv/include/uapi/asm/kvm.h
[02:21:02] [spechunter] [Read] /home/yzs/riscv/linux/arch/riscv/include/asm/kvm_host.h
[02:21:02] [spechunter] [Read] /home/yzs/riscv/linux/arch/riscv/include/asm/csr.h
[02:21:02] [spechunter] [Read] /home/yzs/riscv/linux/arch/riscv/include/asm/csr.h
[02:21:02] [spechunter] [Read] /home/yzs/riscv/linux/arch/riscv/include/asm/kgdb.h
[02:21:02] [spechunter] [Read] /home/yzs/riscv/linux/arch/riscv/kvm/vcpu_insn.c
[02:21:03] [spechunter] [text] Now let me look at the remaining files that touch stval, plus the context-switch and bhyve paths.  
[02:21:03] [spechunter] [Read] /home/yzs/riscv/freebsd-src/sys/riscv/vmm/vmm_switch.S
[02:21:03] [spechunter] [Read] /home/yzs/riscv/freebsd-src/sys/riscv/vmm/vmm_riscv.c
[02:21:03] [spechunter] [Read] /home/yzs/riscv/freebsd-src/sys/riscv/vmm/vmm_riscv.c
[02:21:03] [spechunter] [Read] /home/yzs/riscv/freebsd-src/sys/riscv/vmm/vmm_riscv.c
[02:21:03] [spechunter] [Grep] pattern='class FrontendToCtrlIO'
[02:21:03] [spechunter] [Read] /home/yzs/riscv/XiangShan/src/main/scala/xiangshan/Bundle.scala
[02:21:03] [spechunter] [Grep] pattern='class FrontendToCtrlIO|class FrontendIO'
[02:21:06] [spechunter] [text] Here is the complete location report:  ```json {   "locations": [     {       "file_path": "sys/riscv/riscv/exception.S"...
[02:21:12] [spechunter] [Read] /home/yzs/riscv/freebsd-src/sys/riscv/riscv/db_interface.c
[02:21:12] [spechunter] [Read] /home/yzs/riscv/freebsd-src/sys/riscv/riscv/db_trace.c
[02:21:12] [spechunter] [Read] /home/yzs/riscv/freebsd-src/sys/riscv/riscv/gdb_machdep.c
[02:21:12] [spechunter] [Grep] pattern='senvcfg'
[02:21:12] [spechunter] [Read] /home/yzs/riscv/linux/tools/arch/riscv/include/asm/csr.h
[02:21:12] [spechunter] [Read] /home/yzs/riscv/linux/tools/testing/selftests/kvm/lib/riscv/handlers.S
[02:21:12] [spechunter] [Read] /home/yzs/riscv/linux/arch/riscv/include/asm/assembler.h
[02:21:12] [spechunter] [Read] /home/yzs/riscv/linux/arch/riscv/kernel/traps_misaligned.c
[02:21:12] [spechunter] [Read] /home/yzs/riscv/linux/arch/riscv/kernel/asm-offsets.c
[02:21:12] [spechunter] [Read] /home/yzs/riscv/linux/arch/riscv/kernel/asm-offsets.c
[02:21:13] [spechunter] [Read] /home/yzs/riscv/XiangShan/src/main/scala/xiangshan/Bundle.scala
[02:21:13] [spechunter] [Read] /home/yzs/riscv/XiangShan/src/main/scala/xiangshan/backend/fu/NewCSR/NewCSR.scala
[02:21:13] [spechunter] [Read] /home/yzs/riscv/XiangShan/src/main/scala/xiangshan/backend/fu/NewCSR/NewCSR.scala
[02:21:21] [spechunter] [Read] /home/yzs/riscv/XiangShan/src/main/scala/xiangshan/backend/Bundles.scala
[02:21:21] [spechunter] [Grep] pattern='backendException|isBackendException'
[02:21:21] [spechunter] [Grep] pattern='backendException|isBackendException|fromBackend'
[02:21:23] [spechunter] [Grep] pattern='senvcfg'
[02:21:23] [spechunter] [Grep] pattern='SENVCFG|senvcfg'
[02:21:23] [spechunter] [Grep] pattern='pointer_mask|pmm|PM_|pm_en'
[02:21:25] [spechunter] [Grep] pattern='csr_read.*[Tt][Vv][Aa][Ll]'
[02:21:25] [spechunter] [Grep] pattern='csr_read.*[Tt][Vv][Aa][Ll]'
[02:21:25] [spechunter] [Grep] pattern='badaddr'
[02:21:25] [spechunter] [Grep] pattern='CSR_TVAL|CSR_STVAL|CSR_MTVAL|tval|stval|mtval'
[02:21:25] [spechunter] [Grep] pattern='badaddr'
[02:21:25] [spechunter] [Grep] pattern='badaddr'
[02:21:25] [spechunter] [Grep] pattern='CSR_STVAL|stval|mtval'
[02:21:25] [spechunter] [Grep] pattern='stval|vstval|SCAUSE'
[02:21:25] [spechunter] [Grep] pattern='CSR_STVAL|stval'
[02:21:25] [spechunter] [Grep] pattern='CSR_STVAL|stval|tval'
[02:21:25] [spechunter] [Grep] pattern='CSR_STVAL|stval|tval'
[02:21:25] [spechunter] [Grep] pattern='CSR_STVAL|stval|tval'
[02:21:25] [spechunter] [Grep] pattern='badaddr'
[02:21:25] [spechunter] [Grep] pattern='badaddr'
[02:21:25] [spechunter] [Grep] pattern='badaddr'
[02:21:25] [spechunter] [Grep] pattern='badaddr'
[02:21:25] [spechunter] [Grep] pattern='badaddr'
[02:21:30] [spechunter] [Grep] pattern='senvcfg|SENVCFG'
[02:21:30] [spechunter] [Grep] pattern='pm_enable|PME|PM_CURRENT|PM_EN|pointer.mask'
[02:21:31] [spechunter] [text] Now let me check the remaining references.  
[02:21:31] [spechunter] [Read] /home/yzs/riscv/linux/arch/riscv/Kconfig.errata
[02:21:31] [spechunter] [Read] /home/yzs/riscv/linux/arch/riscv/kvm/trace.h
[02:21:31] [spechunter] [Read] /home/yzs/riscv/linux/arch/riscv/errata/sifive/errata_cip_453.S
[02:21:31] [spechunter] [Read] /home/yzs/riscv/linux/arch/riscv/include/asm/ptrace.h
[02:21:37] [spechunter] [Read] /home/yzs/riscv/XiangShan/src/main/scala/xiangshan/backend/rob/Rob.scala
[02:21:37] [spechunter] [Read] /home/yzs/riscv/XiangShan/src/main/scala/xiangshan/backend/rob/ExceptionGen.scala
[02:21:38] [spechunter] [Grep] pattern='vm_fault_trap'
[02:21:38] [spechunter] [Grep] pattern='call_trapsignal'
[02:21:43] [spechunter] [text] Now let me look at the CSR read/write for stval, the GDB stub, and the `csr.c` file.    
[02:21:43] [spechunter] [Grep] pattern='stval|mtval'
[02:21:43] [spechunter] [Grep] pattern='pmask|pmlen|pmm|pointer_mask|PM_'
[02:21:46] [spechunter] [Read] /home/yzs/riscv/XiangShan/src/main/scala/xiangshan/backend/fu/NewCSR/CSREvents/TrapEntryHSEvent.scala
[02:21:46] [spechunter] [Read] /home/yzs/riscv/XiangShan/src/main/scala/xiangshan/backend/rob/Rob.scala
[02:21:51] [spechunter] [Read] /home/yzs/riscv/XiangShan/src/main/scala/xiangshan/backend/rob/Rob.scala
[02:21:51] [spechunter] [Read] /home/yzs/riscv/XiangShan/src/main/scala/xiangshan/backend/rob/Rob.scala
[02:22:10] [spechunter] [Grep] pattern='stval|mtval|tval'
[02:22:10] [spechunter] [Grep] pattern='stval|mtval|tval'
[02:22:10] [spechunter] [Grep] pattern='pmask|pmlen|pmm|pointer_mask|PM_PMM|PM_SIGNEXTEND'
[02:22:10] [spechunter] [Grep] pattern='fromICache|toICache|fetchResp'
[02:22:10] [spechunter] [Grep] pattern='fromICache|fetchResp|exception|gpAddr|isBackendException'
[02:22:16] [spechunter] [Grep] pattern='pm|pointer.mask|smnpm|ssnpm'
[02:22:16] [spechunter] [Grep] pattern='trapsignal'
[02:22:16] [spechunter] [Read] /home/yzs/riscv/freebsd-src/sys/riscv/riscv/db_trace.c
[02:22:17] [spechunter] [Grep] pattern='badaddr|stval|tval'
[02:22:17] [spechunter] [Grep] pattern='stval|vstval'
[02:22:17] [spechunter] [Grep] pattern='stval|vstval'
[02:22:17] [spechunter] [Grep] pattern='stval|vstval|badaddr'
[02:22:17] [spechunter] [Grep] pattern='stval|vstval'
[02:22:17] [spechunter] [Grep] pattern='badaddr'
[02:22:17] [spechunter] [Grep] pattern='CSR_STVAL|badaddr'
[02:22:17] [spechunter] [Grep] pattern='CSR_STVAL|badaddr|stval'
[02:22:17] [spechunter] [Grep] pattern='CSR_STVAL|CSR_MTVAL|CSR_TVAL|badaddr|stval|mtval'
[02:22:17] [spechunter] [Grep] pattern='badaddr'
[02:22:17] [spechunter] [Grep] pattern='stval|vstval|STVAL|VSTVAL'
[02:22:17] [spechunter] [Grep] pattern='badaddr'
[02:22:35] [spechunter] [text] Now let me check how DDB/KDB uses stval in trap handling, look for CSR_HENVCFG, and check pmap for any other address usa...
[02:22:35] [spechunter] [Grep] pattern='CSR_SENVCFG|SENVCFG'
[02:22:35] [spechunter] [Grep] pattern='CSR_HENVCFG|henvcfg'
[02:22:35] [spechunter] [Grep] pattern='kdb_trap'
[02:22:45] [spechunter] [Grep] pattern='0x10a|CSR_ENVCFG|envcfg'
[02:22:45] [spechunter] [Grep] pattern='CSR_STVAL|CSR_SCAUSE|CSR_SEPC|CSR_SSTATUS'
[02:22:45] [spechunter] [Read] /home/yzs/riscv/freebsd-src/sys/riscv/vmm/vmm_riscv.c
[02:22:50] [spechunter] [Grep] pattern='_save_tf|save.*trap|STVAL|badaddr|PT_BADADDR'
[02:22:50] [spechunter] [Grep] pattern='PT_BADADDR|STVAL|badaddr'
[02:22:50] [spechunter] [Grep] pattern='REG_L.*badaddr|REG_S.*badaddr|stval|mtval'
[02:22:50] [spechunter] [Grep] pattern='handle_user_cfi_violation'
[02:22:50] [spechunter] [Grep] pattern='vstval'
[02:22:50] [spechunter] [Grep] pattern='KVM_ARCH_TRAP_STVAL'
[02:22:50] [spechunter] [Grep] pattern='stval|vstval'
[02:22:50] [spechunter] [Grep] pattern='stval|mtval|tval'
[02:22:55] [spechunter] [text] Let me read the critical code paths to cross-validate whether the current implementation correctly does NOT apply pointe...
[02:22:55] [spechunter] [Read] /home/yzs/riscv/qemu/target/riscv/cpu_helper.c
[02:22:55] [spechunter] [Read] /home/yzs/riscv/qemu/target/riscv/cpu_helper.c
[02:22:55] [spechunter] [Read] /home/yzs/riscv/qemu/target/riscv/cpu_helper.c
[02:23:00] [spechunter] [Read] /home/yzs/riscv/XiangShan/src/main/scala/xiangshan/cache/mmu/MMUBundle.scala
[02:23:00] [spechunter] [Read] /home/yzs/riscv/XiangShan/src/main/scala/xiangshan/frontend/ifu/Bundles.scala
[02:23:00] [spechunter] [Read] /home/yzs/riscv/XiangShan/src/main/scala/xiangshan/frontend/icache/ICacheMainPipe.scala
[02:23:05] [spechunter] [Read] /home/yzs/riscv/qemu/target/riscv/cpu_helper.c
[02:23:05] [spechunter] [Read] /home/yzs/riscv/qemu/target/riscv/cpu_helper.c
[02:23:09] [spechunter] [Grep] pattern='badaddr|stval'
[02:23:09] [spechunter] [Grep] pattern='badaddr|PT_BADADDR|stval'
[02:23:09] [spechunter] [Grep] pattern='CSR_TVAL'
[02:23:15] [spechunter] [Grep] pattern='save_from_x6_to_x31|save_to_x6_to_x31'
[02:23:15] [spechunter] [Read] /home/yzs/riscv/linux/arch/riscv/kernel/entry.S
[02:23:18] [spechunter] [text] Now I have the complete picture. Here is the JSON output:  ```json {   "locations": [     {       "file_path": "arch/ris...
[02:23:20] [spechunter] [text] Now let me check how the address reaches `tlb_fill` from the translator — specifically whether pointer masking is applie...
[02:23:20] [spechunter] [Grep] pattern='adjust_addr'
[02:23:20] [spechunter] [Grep] pattern='tlb_fill.*INST_FETCH\\|MMU_INST_FETCH.*tlb_fill\\|cpu_ldub_code\\|cpu_lduw_code\\|cpu_ldl_code\\|cpu_ldq_code\\|translator_ld'
[02:23:20] [spechunter] [Grep] pattern='riscv_pm_get_pmm\\|riscv_pm_get_pmlen\\|pointer_mask\\|pm_mask'
[02:23:29] [spechunter] [Grep] pattern='riscv_pm_get_pmm\\|riscv_pm_get_pmlen'
[02:23:29] [spechunter] [Read] /home/yzs/riscv/qemu/target/riscv/internals.h
[02:23:39] [spechunter] [Read] /home/yzs/riscv/freebsd-src/sys/riscv/vmm/vmm_riscv.c
[02:23:39] [spechunter] [Read] /home/yzs/riscv/freebsd-src/sys/riscv/vmm/vmm_riscv.c
[02:23:39] [spechunter] [Grep] pattern='dbtrap|KDB_WHY_TRAP|kdb_trap'
[02:23:54] [spechunter] [Grep] pattern='CSR_VSTVAL|CSR_VSCAUSE|0x243'
[02:23:54] [spechunter] [Grep] pattern='new_vmalloc_check|CSR_CAUSE|handle_exception'
[02:24:00] [spechunter] [Grep] pattern='riscv_gen_inst_emul_data'
[02:24:00] [spechunter] [Read] /home/yzs/riscv/freebsd-src/sys/riscv/vmm/vmm_riscv.c
[02:24:00] [spechunter] [Grep] pattern='SENVCFG|envcfg'
[02:24:04] [spechunter] [Read] /home/yzs/riscv/freebsd-src/sys/riscv/include/riscvreg.h
[02:24:12] [spechunter] [Grep] pattern='riscv_tr_init_disas_context\\|riscv_cpu_tlb_fill'
[02:24:12] [spechunter] [Read] /home/yzs/riscv/qemu/target/riscv/cpu_helper.c
[02:24:24] [spechunter] [Read] /home/yzs/riscv/freebsd-src/sys/riscv/riscv/swtch.S
[02:24:24] [spechunter] [Grep] pattern='stval|tf_stval|scause|senvcfg|pointer.mask|Zpm'
[02:24:24] [spechunter] [Grep] pattern='sendsig|sigframe'
[02:24:25] [spechunter] [Grep] pattern='riscv_tr_init_disas_context'
[02:24:25] [spechunter] [Grep] pattern='translator_ld\\|riscv_tr_translate_insn\\|\\\\.pc_next\\|base\\.pc_next'
[02:24:43] [spechunter] [Grep] pattern='sendsig|exec_setregs|set_syscall_retval'
[02:24:43] [spechunter] [Grep] pattern='ksiginfo_init_trap|ksi_addr|ksi_signo|ksi_code'
[02:24:43] [spechunter] [Grep] pattern='CPU_EXCEPTION_HANDLER'
[02:25:05] [spechunter] [Read] /home/yzs/riscv/qemu/target/riscv/translate.c
[02:25:34] [spechunter] [text] Now let me check the critical instruction-fetch path — whether the translator/TCG applies pointer masking to instruction...
[02:25:34] [spechunter] [Grep] pattern='cpu_ldub_code\\|cpu_lduw_code\\|cpu_ldl_code\\|cpu_ldq_code\\|translator_ld'
[02:25:34] [spechunter] [Grep] pattern='adjust_addr'
[02:25:34] [spechunter] [Read] /home/yzs/riscv/qemu/target/riscv/translate.c
[02:25:35] [spechunter] [text] I'll cross-validate the fast-path locations against the PR's intent: clarifying that `stval` CSR values (captured instru...
[02:25:35] [spechunter] [Read] /home/yzs/riscv/freebsd-src/sys/riscv/riscv/trap.c
[02:25:35] [spechunter] [Read] /home/yzs/riscv/freebsd-src/sys/riscv/riscv/exception.S
[02:25:51] [spechunter] [Read] /home/yzs/riscv/freebsd-src/sys/riscv/vmm/vmm_switch.S
[02:25:51] [spechunter] [Read] /home/yzs/riscv/freebsd-src/sys/riscv/vmm/vmm_riscv.c
[02:25:51] [spechunter] [Read] /home/yzs/riscv/freebsd-src/sys/riscv/vmm/riscv.h
[02:25:51] [spechunter] [Read] /home/yzs/riscv/freebsd-src/sys/riscv/include/encoding.h
[02:26:05] [spechunter] [Grep] pattern='riscv_pm_get_pmm\\|riscv_pm_get_pmlen\\|riscv_pm_get_vm_ldst_pmm'
[02:26:08] [spechunter] [text] Now let me read the critical files to verify the tval computation and check for any pointer masking interaction.  
[02:26:08] [spechunter] [TodoWrite] 5 items
[02:26:22] [spechunter] [Grep] pattern='riscv_pm_get_pmm\\|riscv_pm_get_pmlen\\|riscv_pm_get_vm_ldst_pmm'
[02:26:26] [spechunter] [text] Let me read the critical files to check whether pointer masking interacts with the tval exception path.  
[02:26:26] [spechunter] [Read] /home/yzs/riscv/XiangShan/src/main/scala/xiangshan/backend/fu/NewCSR/CSREvents/TrapEntryMEvent.scala
[02:26:26] [spechunter] [Read] /home/yzs/riscv/XiangShan/src/main/scala/xiangshan/cache/mmu/TLB.scala
[02:26:26] [spechunter] [Read] /home/yzs/riscv/XiangShan/src/main/scala/xiangshan/backend/fu/NewCSR/CSREvents/TrapEntryHSEvent.scala
[02:26:32] [spechunter] [text] Now let me check the critical `genTrapVA` function — this is what transforms the trap PC before writing to tval.  
[02:26:32] [spechunter] [Grep] pattern='def genTrapVA'
[02:26:33] [spechunter] [text] Now let me trace the actual code paths in detail - the page fault handler, pointer masking code, and KVM trap injection....
[02:26:33] [spechunter] [Read] /home/yzs/riscv/linux/arch/riscv/mm/fault.c
[02:26:33] [spechunter] [Read] /home/yzs/riscv/linux/arch/riscv/kvm/vcpu_exit.c
[02:26:33] [spechunter] [Grep] pattern='pointer_mask|pm_enable|senvcfg|XLEN_MASK|untag|untagged|pm\\.'
[02:26:38] [spechunter] [Grep] pattern='riscv_pm_get_pmm'
[02:26:38] [spechunter] [Grep] pattern='PMM_FIELD_DISABLED\\|pmm_get_pmlen\\|pm_get_pmm'
[02:26:42] [spechunter] [Read] /home/yzs/riscv/XiangShan/src/main/scala/xiangshan/backend/fu/NewCSR/CSREvents/CSREvent.scala
[02:26:54] [spechunter] [text] Now let me verify the VMM stval consumption path.  
[02:26:54] [spechunter] [Read] /home/yzs/riscv/freebsd-src/sys/riscv/vmm/vmm_riscv.c
[02:26:54] [spechunter] [Grep] pattern='pointer_mask|pm_enable|XLEN_MASK|untag|untagged_addr|pm\\.'
[02:26:54] [spechunter] [Grep] pattern='pointer_mask|pm_enable|XLEN_MASK|untag|untagged_addr'
[02:26:54] [spechunter] [Grep] pattern='EXC_INST_PAGE_FAULT|EXC_LOAD_PAGE_FAULT|EXC_STORE_PAGE_FAULT'
[02:26:56] [spechunter] [Read] /home/yzs/riscv/qemu/target/riscv/cpu_helper.c
[02:26:56] [spechunter] [Read] /home/yzs/riscv/qemu/target/riscv/cpu_helper.c
[02:27:39] [spechunter] [text] Let me now check a few more critical paths to be thorough.    
[02:27:39] [spechunter] [Read] /home/yzs/riscv/XiangShan/src/main/scala/xiangshan/backend/fu/NewCSR/CSREvents/TrapEntryVSEvent.scala
[02:27:39] [spechunter] [Read] /home/yzs/riscv/XiangShan/src/main/scala/xiangshan/backend/fu/NewCSR/NewCSR.scala
[02:27:39] [spechunter] [Grep] pattern='memExceptionVAddr'
[02:27:40] [spechunter] [text] Let me dig deeper into the pointer masking and signal delivery paths.  
[02:27:40] [spechunter] [Grep] pattern='do_trap|force_sig_fault|force_sig'
[02:27:40] [spechunter] [Grep] pattern='untagged_addr|mm_untag_mask|__untagged_addr'
[02:27:40] [spechunter] [Read] /home/yzs/riscv/linux/arch/riscv/include/asm/uaccess.h
[02:27:46] [spechunter] [text] Now let me check the critical instruction-fetch TCG path to confirm no pointer masking is applied to `pc_next`.  
[02:27:46] [spechunter] [Grep] pattern='translator_ldl_end\\|translator_lduw_end'
[02:27:46] [spechunter] [Grep] pattern='pm_pmm\\|PM_PMM\\|pm_signext\\|addr_xl\\|addr_signed'
[02:27:46] [spechunter] [Read] /home/yzs/riscv/qemu/target/riscv/cpu_helper.c
[02:28:04] [spechunter] [text] Now cross-validating by reading remaining files to confirm each location's role.  
[02:28:04] [spechunter] [Read] /home/yzs/riscv/freebsd-src/sys/riscv/riscv/trap.c
[02:28:04] [spechunter] [Read] /home/yzs/riscv/freebsd-src/sys/riscv/riscv/db_interface.c
[02:28:04] [spechunter] [Read] /home/yzs/riscv/freebsd-src/sys/riscv/riscv/db_trace.c
[02:28:04] [spechunter] [Read] /home/yzs/riscv/freebsd-src/sys/riscv/riscv/gdb_machdep.c
[02:28:04] [spechunter] [Read] /home/yzs/riscv/freebsd-src/sys/riscv/riscv/genassym.c
[02:28:04] [spechunter] [Read] /home/yzs/riscv/freebsd-src/sys/cddl/dev/dtrace/riscv/dtrace_subr.c
[02:28:10] [spechunter] [Grep] pattern='untagged_addr'
[02:28:10] [spechunter] [Grep] pattern='untagged_addr'
[02:28:10] [spechunter] [Grep] pattern='untagged_addr|force_sig_fault'
[02:28:15] [spechunter] [Read] /home/yzs/riscv/freebsd-src/sys/riscv/include/frame.h
[02:28:15] [spechunter] [Read] /home/yzs/riscv/freebsd-src/sys/riscv/vmm/riscv.h
[02:28:15] [spechunter] [Read] /home/yzs/riscv/freebsd-src/sys/riscv/include/vmm.h
[02:28:15] [spechunter] [Read] /home/yzs/riscv/freebsd-src/sys/riscv/include/encoding.h
[02:28:16] [spechunter] [text] Now let me check the old CSR path for completeness, and look at how `trapPC` gets its value in the NewCSR module.  
[02:28:16] [spechunter] [Read] /home/yzs/riscv/XiangShan/src/main/scala/xiangshan/backend/fu/NewCSR/NewCSR.scala
[02:28:16] [spechunter] [Read] /home/yzs/riscv/XiangShan/src/main/scala/xiangshan/backend/fu/CSR.scala
[02:28:22] [spechunter] [text] Now let me check whether there's a specific comment or code change already in the working tree.  
[02:28:22] [spechunter] [Bash] Show uncommitted diff in cpu_helper.c
[02:28:25] [spechunter] [Bash] Show staged diff in cpu_helper.c
[02:28:40] [spechunter] [Grep] pattern='lock_vma_under_rcu|lock_mm_and_find_vma'
[02:28:40] [spechunter] [Grep] pattern='EXC_INST_PAGE_FAULT'
[02:29:01] [spechunter] [Grep] pattern='untagged_addr'
[02:29:01] [spechunter] [Grep] pattern='untagged_addr|mm_untag_mask'
[02:29:01] [spechunter] [Grep] pattern='mm_untag_mask|untagged_addr'
[02:29:29] [spechunter] [Grep] pattern='lock_vma_under_rcu|lock_mm_and_find_vma'
[02:29:29] [spechunter] [Grep] pattern='untagged_addr'
[02:29:43] [spechunter] [text] Now let me check the actual instruction-fetch TCG path to verify pointer masking is NOT applied to `pc_next`.  
[02:29:43] [spechunter] [Grep] pattern='gen_pm_adjust_address\\|addr_signed\\|addr_xl'
[02:29:43] [spechunter] [Grep] pattern='gen_pm_adjust_address'
[02:29:44] [spechunter] [text] Now let me verify the memory exception address source path to complete the analysis.  
[02:29:44] [spechunter] [Read] /home/yzs/riscv/XiangShan/src/main/scala/xiangshan/backend/Backend.scala
[02:29:44] [spechunter] [Read] /home/yzs/riscv/XiangShan/src/main/scala/xiangshan/package.scala
[02:29:48] [spechunter] [Grep] pattern='addr_signed\\|addr_xl'
[02:29:49] [spechunter] [text] ```json {   "locations": [     {       "file": "sys/riscv/riscv/exception.S",       "line": "110-111",       "symbol": "...
[02:29:53] [spechunter] [Grep] pattern='adjust_addr\\|addr_signed\\|pointer_mask\\|pm_pmm'
[02:30:10] [spechunter] [text] I'll start by reading the key file mentioned in the spec and searching for all `tf_stval` usage across the RISC-V codeba...
[02:30:10] [spechunter] [Read] /home/yzs/riscv/freebsd-src/sys/riscv/riscv/trap.c
[02:30:10] [spechunter] [Grep] pattern='tf_stval'
[02:30:10] [spechunter] [Grep] pattern='senvcfg|pm_en|pmmte|pointer_mask|Ssnpm|Smnpm|Zpm'
[02:30:33] [spechunter] [text] Let me check the stval/mtval write locations in `riscv_cpu_do_interrupt`.  
[02:30:33] [spechunter] [Grep] pattern='env->stval = tval|env->mtval = tval'
[02:30:33] [spechunter] [Read] /home/yzs/riscv/qemu/target/riscv/cpu_helper.c
[02:30:36] [spechunter] [Grep] pattern='EXC_INST_PAGE_FAULT|is_exec_fault|instruction.*fault'
[02:30:36] [spechunter] [Grep] pattern='lock_vma_under_rcu'
[02:30:39] [spechunter] [Read] /home/yzs/riscv/qemu/target/riscv/csr.c
[02:30:39] [spechunter] [Read] /home/yzs/riscv/qemu/target/riscv/csr.c
[02:30:41] [spechunter] [text] Let me explore additional context — the trap frame save path in exception.S, the `VIRT_IS_VALID` macro, the `pmap_fault`...
[02:30:41] [spechunter] [Grep] pattern='VIRT_IS_VALID'
[02:30:41] [spechunter] [Grep] pattern='senvcfg|SENVCFG'
[02:30:41] [spechunter] [Grep] pattern='stval|STVAL'
[02:30:41] [spechunter] [Grep] pattern='pointer_mask|pmmte|pm_en|Ssnpm|Smnpm|Zpn'
[02:30:53] [spechunter] [Grep] pattern='riscv_cpu_do_interrupt'
[02:30:53] [spechunter] [Grep] pattern='stval|xtval|mtval'
[02:30:53] [spechunter] [Grep] pattern='pmask|pointer_mask|pmlen'
[02:30:55] [spechunter] [text] Let me verify one more detail about the iTLB response fullva for completeness.  
[02:30:55] [spechunter] [Read] /home/yzs/riscv/XiangShan/src/main/scala/xiangshan/cache/mmu/TLB.scala
[02:30:55] [spechunter] [Read] /home/yzs/riscv/XiangShan/src/main/scala/xiangshan/cache/mmu/TLB.scala
[02:30:55] [spechunter] [Read] /home/yzs/riscv/XiangShan/src/main/scala/xiangshan/backend/rob/Rob.scala
[02:30:57] [spechunter] [Read] /home/yzs/riscv/qemu/target/riscv/cpu_helper.c
[02:31:04] [spechunter] [text] Let me check the exception.S save path and look for any CSR writes to `senvcfg`.  
[02:31:04] [spechunter] [Read] /home/yzs/riscv/freebsd-src/sys/riscv/riscv/exception.S
[02:31:04] [spechunter] [Grep] pattern='senvcfg'
[02:31:04] [spechunter] [Grep] pattern='CSR_SENVCFG|SENVCFG_PMM|PME|PM_'
[02:31:04] [spechunter] [Grep] pattern='csr_write.*senvcfg|csr_write.*envcfg'
[02:31:14] [spechunter] [text] Let me check the CSR encoding for SENVCFG, the vmm handling of senvcfg, and the locore.S boot initialization.  
[02:31:14] [spechunter] [Grep] pattern='CSR_SENVCFG|SENVCFG|CSR_ENVCFG'
[02:31:14] [spechunter] [Read] /home/yzs/riscv/freebsd-src/sys/riscv/vmm/vmm_riscv.c
[02:31:14] [spechunter] [Grep] pattern='senvcfg|envcfg|Zpm|Ssnpm|Smnpm|pointer_mask|pmmte'
[02:31:14] [spechunter] [Grep] pattern='csr_write.*senvcfg|senvcfg|CSR_SENVCFG'
[02:31:33] [spechunter] [text] Let me check a few more things — whether `senvcfg` is even defined as a CSR in the encoding header, and how the bhyve se...
[02:31:33] [spechunter] [Grep] pattern='SENVCFG|senvcfg'
[02:31:33] [spechunter] [Grep] pattern='senvcfg'
[02:31:33] [spechunter] [Grep] pattern='csr_read.*stval|csrr.*stval'
[02:31:33] [spechunter] [Read] /home/yzs/riscv/freebsd-src/sys/riscv/riscv/locore.S
[02:31:38] [spechunter] [text] Let me now trace how instruction-fetch addresses reach `tval`/`badaddr`, and whether any pointer masking is applied alon...
[02:31:38] [spechunter] [Grep] pattern='riscv_cpu_tlb_fill|tlb_fill'
[02:31:38] [spechunter] [Grep] pattern='get_physical_address|pmask|pmlen|pointer_mask'
[02:31:43] [spechunter] [text] Let me also check the VMM trap handling and the `vstval` path.  
[02:31:43] [spechunter] [Read] /home/yzs/riscv/freebsd-src/sys/riscv/vmm/vmm_riscv.c
[02:31:43] [spechunter] [Read] /home/yzs/riscv/freebsd-src/sys/riscv/vmm/vmm_riscv.c
[02:31:43] [spechunter] [Read] /home/yzs/riscv/freebsd-src/sys/riscv/vmm/vmm_switch.S
[02:31:43] [spechunter] [Read] /home/yzs/riscv/freebsd-src/sys/riscv/riscv/pmap.c
[02:31:46] [spechunter] [Read] /home/yzs/riscv/qemu/target/riscv/translate.c
[02:31:46] [spechunter] [Read] /home/yzs/riscv/qemu/target/riscv/op_helper.c
[02:31:55] [spechunter] [Grep] pattern='gen_load|gen_store|tcg_gen_qemu_ld|tcg_gen_qemu_st'
[02:31:55] [spechunter] [Grep] pattern='gen_pm_adjust_address|pm_adjust|pointer_mask|gen_pm_pointer'
[02:31:55] [spechunter] [text] Now I have a thorough understanding of the complete data path. Let me do a final verification on a couple of edge-case p...
[02:31:55] [spechunter] [Read] /home/yzs/riscv/XiangShan/src/main/scala/xiangshan/cache/mmu/TLB.scala
[02:31:55] [spechunter] [Read] /home/yzs/riscv/XiangShan/src/main/scala/xiangshan/backend/rob/Rob.scala
[02:31:55] [spechunter] [Grep] pattern='trapPc|trapPC[^G]'
[02:32:00] [spechunter] [Grep] pattern='gen_pm|addr_xl|pointer_mask|pmask'
[02:32:00] [spechunter] [text] Let me verify one more thing — whether `CSR_SENVCFG` exists anywhere in the tree and check the locore.S boot initializat...
[02:32:00] [spechunter] [Grep] pattern='SENVCFG|senvcfg'
[02:32:00] [spechunter] [Grep] pattern='envcfg'
[02:32:00] [spechunter] [Grep] pattern='envcfg'
[02:32:09] [spechunter] [Grep] pattern='mm_untag_mask'
[02:32:09] [spechunter] [Grep] pattern='untagged_addr'
[02:32:15] [spechunter] [Grep] pattern='PMM|PMMTE|PM_ENABLE|SENVCFG'
[02:32:15] [spechunter] [Grep] pattern='STCE|CBZE|CBCFE|FIOM'
[02:32:54] [spechunter] [text] Let me also check the helper functions that handle memory accesses in TCG, to see if pointer-masked addresses ever leak ...
[02:32:54] [spechunter] [Grep] pattern='helper.*mmu|helper.*ld|helper.*st'
[02:32:54] [spechunter] [Grep] pattern='badaddr'
[02:33:00] [spechunter] [text] Now I have a complete picture. Let me verify one final detail about how the instruction PC flows through the frontend.  
[02:33:00] [spechunter] [Read] /home/yzs/riscv/XiangShan/src/main/scala/xiangshan/cache/mmu/TLB.scala
[02:33:00] [spechunter] [Read] /home/yzs/riscv/XiangShan/src/main/scala/xiangshan/cache/mmu/TLB.scala
[02:33:07] [spechunter] [text] Now I have a complete picture. Let me verify one final detail — the `vmm_unpriv_trap` usage of stval for potential maski...
[02:33:07] [spechunter] [Read] /home/yzs/riscv/freebsd-src/sys/riscv/vmm/riscv.h
[02:33:37] [spechunter] [Read] /home/yzs/riscv/qemu/target/riscv/translate.c
[02:33:37] [spechunter] [Read] /home/yzs/riscv/qemu/target/riscv/translate.c
[02:33:37] [spechunter] [Read] /home/yzs/riscv/qemu/target/riscv/insn_trans/trans_privileged.c.inc
[02:33:38] [spechunter] [text] Let me verify how the TLB is instantiated — specifically the `fetchi` parameter.  
[02:33:38] [spechunter] [Grep] pattern='new TLB\\b|new Tlb\\b|Module\\(new TLB'
[02:34:10] [spechunter] [Grep] pattern='lock_mm_and_find_vma'
[02:34:10] [spechunter] [Grep] pattern='handle_mm_fault'
[02:34:17] [spechunter] [text] Now I have a complete understanding. Let me compile the findings.  
[02:34:17] [spechunter] [TodoWrite] 5 items
[02:34:17] [spechunter] [text] Now I have a complete picture. Here is the analysis:  ```json {   "findings": [     {       "file_path": "sys/riscv/risc...
[02:34:23] [spechunter] [text] Now let me check the CSR code for `stval`/`mtval` read/write paths and the debug trigger path.  
[02:34:23] [spechunter] [Grep] pattern='stval|mtval'
[02:34:23] [spechunter] [Read] /home/yzs/riscv/qemu/target/riscv/debug.c
[02:34:33] [spechunter] [Grep] pattern='lock_mm_and_find_vma'
[02:34:33] [spechunter] [Grep] pattern='PM_ENABLE|pointer.*mask|zpm|supm|SUPM'
[02:34:40] [spechunter] [Grep] pattern='lock_mm_and_find_vma'
[02:34:40] [spechunter] [Read] /home/yzs/riscv/linux/arch/riscv/kvm/vcpu_insn.c
[02:35:14] [spechunter] [Grep] pattern='lock_mm_and_find_vma'
[02:35:14] [spechunter] [Read] /home/yzs/riscv/linux/arch/riscv/kvm/vcpu_switch.S
[02:35:14] [spechunter] [text] Let me also check the KVM path and migration for completeness.  
[02:35:14] [spechunter] [Read] /home/yzs/riscv/qemu/target/riscv/machine.c
[02:35:14] [spechunter] [Grep] pattern='stval|mtval|badaddr'
[02:35:22] [spechunter] [text] Let me verify one more critical path — how the instruction PC flows from the IFU through decode.  
[02:35:22] [spechunter] [Grep] pattern='debug_pc'
[02:35:22] [spechunter] [Read] /home/yzs/riscv/XiangShan/src/main/scala/xiangshan/cache/mmu/TLB.scala
[02:35:41] [spechunter] [text] Let me trace how JALR instruction-fetch addresses wind up in `badaddr` through pointer masking.  
[02:35:41] [spechunter] [Grep] pattern='gen_exception_inst_addr_mis'
[02:35:41] [spechunter] [Grep] pattern='jalr|JALR|indirect'
[02:35:48] [spechunter] [Read] /home/yzs/riscv/qemu/target/riscv/insn_trans/trans_rvi.c.inc
[02:35:48] [spechunter] [Read] /home/yzs/riscv/qemu/target/riscv/insn_trans/trans_rvi.c.inc
[02:36:08] [spechunter] [text] Now let me verify the `TrapTvalMod` path for completeness.  
[02:36:08] [spechunter] [Read] /home/yzs/riscv/XiangShan/src/main/scala/xiangshan/backend/fu/NewCSR/TrapTvalMod.scala
[02:36:10] [spechunter] [Grep] pattern='lock_mm_and_find_vma'
[02:36:10] [spechunter] [Grep] pattern='lock_mm_and_find_vma'
[02:36:22] [spechunter] [text] Let me also check arm64's handling of instruction faults vs pointer masking, and the KVM htval/stval details.  
[02:36:22] [spechunter] [Grep] pattern='is_exec_fault|EXC_INST_PAGE_FAULT|instruction.*fault|write_fault'
[02:36:22] [spechunter] [Grep] pattern='force_sig_fault|send_sig|si_addr|si_code'
[02:36:22] [spechunter] [Grep] pattern='force_sig_fault|force_sig'
[02:36:47] [spechunter] [text] Now I have a thorough understanding of the full code flow. Let me verify one more thing — whether `env->pc` is ever set ...
[02:36:47] [spechunter] [Grep] pattern='cpu_pc\\b.*get_address|env->pc\\s*='
[02:36:47] [spechunter] [Grep] pattern='gen_set_pc\\b|tcg_gen_mov_tl\\(cpu_pc'
[02:37:23] [spechunter] [text] Now I have a thorough understanding. Let me compile the final report. The analysis reveals that XiangShan **correctly do...
[02:37:23] [spechunter] [TodoWrite] 5 items
[02:38:17] [spechunter] [text] Let me verify the op_helper path and any other places where `badaddr` could get a pointer-masked address for instruction...
[02:38:17] [spechunter] [Read] /home/yzs/riscv/qemu/target/riscv/op_helper.c
[02:38:17] [spechunter] [Read] /home/yzs/riscv/qemu/target/riscv/op_helper.c
[02:39:18] [spechunter] [Grep] pattern='adjust_addr_virt'
[02:39:23] [spechunter] [Read] /home/yzs/riscv/qemu/target/riscv/internals.h
[02:39:26] [spechunter] [Grep] pattern='adjust_addr_body'
[02:39:39] [spechunter] [text] Now I have the complete picture. Let me compile the findings into the JSON report.  
[02:39:39] [spechunter] [Write] /home/yzs/riscv/XiangShan/tval_itype_findings.json
[02:39:40] [spechunter] [Read] /home/yzs/riscv/qemu/target/riscv/internals.h
[02:39:41] [spechunter] [text] Now let me check how arm64's page fault handler distinguishes instruction faults in relation to pointer masking, and ver...
[02:39:41] [spechunter] [Grep] pattern='untagged_addr|is_exec_fault|insn_fault|instruction.*fault'
[02:39:41] [spechunter] [Read] /home/yzs/riscv/linux/arch/riscv/kvm/vcpu.c
[02:39:45] [spechunter] [Read] /home/yzs/riscv/XiangShan/tval_itype_findings.json
[02:40:22] [spechunter] [Write] /home/yzs/riscv/XiangShan/tval_itype_findings.json
[02:40:30] [spechunter] [text] Now I have all the information needed to produce the security analysis. Let me verify one final detail — the `debug.c` t...
[02:40:30] [spechunter] [Read] /home/yzs/riscv/qemu/target/riscv/debug.c
[02:40:31] [spechunter] [text] Now I have a thorough understanding. Let me check one more important detail — how `do_trap` delivers `si_addr` to usersp...
[02:40:31] [spechunter] [Read] /home/yzs/riscv/linux/arch/riscv/kernel/traps.c
[02:40:31] [spechunter] [Read] /home/yzs/riscv/linux/arch/riscv/kernel/traps.c
[02:41:00] [spechunter] [Read] /home/yzs/riscv/XiangShan/src/main/scala/xiangshan/backend/fu/NewCSR/CSREvents/CSREvent.scala
[02:41:00] [spechunter] [Read] /home/yzs/riscv/XiangShan/src/main/scala/xiangshan/backend/fu/NewCSR/CSREvents/TrapEntryMEvent.scala
[02:41:00] [spechunter] [Read] /home/yzs/riscv/XiangShan/src/main/scala/xiangshan/backend/fu/NewCSR/CSREvents/TrapEntryHSEvent.scala
[02:41:00] [spechunter] [Read] /home/yzs/riscv/XiangShan/src/main/scala/xiangshan/backend/fu/NewCSR/CSREvents/TrapEntryVSEvent.scala
[02:41:17] [spechunter] [text] Let me verify the migration state includes `stval` and `mtval`.  
[02:41:17] [spechunter] [Read] /home/yzs/riscv/qemu/target/riscv/machine.c
[02:42:04] [spechunter] [text] Now let me read the remaining key locations for cross-validation.  
[02:42:04] [spechunter] [Read] /home/yzs/riscv/XiangShan/src/main/scala/xiangshan/backend/fu/NewCSR/TrapTvalMod.scala
[02:42:04] [spechunter] [Read] /home/yzs/riscv/XiangShan/src/main/scala/xiangshan/cache/mmu/TLB.scala
[02:42:04] [spechunter] [Read] /home/yzs/riscv/XiangShan/src/main/scala/xiangshan/backend/fu/NewCSR/NewCSR.scala
[02:42:06] [spechunter] [text] Now I have a comprehensive understanding of the codebase. Let me synthesize the findings into the JSON output.  ```json ...
[02:43:01] [spechunter] [Read] /home/yzs/riscv/XiangShan/src/main/scala/xiangshan/backend/fu/wrapper/CSR.scala
[02:43:01] [spechunter] [Read] /home/yzs/riscv/XiangShan/src/main/scala/xiangshan/backend/fu/wrapper/CSR.scala
[02:43:01] [spechunter] [Read] /home/yzs/riscv/XiangShan/src/main/scala/xiangshan/backend/fu/NewCSR/NewCSR.scala
[02:43:01] [spechunter] [Read] /home/yzs/riscv/XiangShan/src/main/scala/xiangshan/backend/fu/NewCSR/NewCSR.scala
[02:43:28] [spechunter] [text] Now I have enough context to cross-validate and produce the final location set.  
[02:43:28] [spechunter] [TodoWrite] 2 items
[02:44:44] [spechunter] [text] Let me check the continuation of the input connection loop to see if menvcfg/henvcfg are passed.  
[02:44:44] [spechunter] [Read] /home/yzs/riscv/XiangShan/src/main/scala/xiangshan/backend/fu/NewCSR/NewCSR.scala
[02:45:00] [spechunter] [text] Let me check where `genTrapVA` is actually called to confirm it's used in the tval path.  
[02:45:00] [spechunter] [Grep] pattern='genTrapVA'
[02:45:30] [spechunter] [text] Now let me verify the `TrapEntryMNEvent` for completeness, since it was referenced as a caller of `genTrapVA`.  
[02:45:30] [spechunter] [Read] /home/yzs/riscv/XiangShan/src/main/scala/xiangshan/backend/fu/NewCSR/CSREvents/TrapEntryMNEvent.scala
[02:46:18] [spechunter] [text] ## Cross-validation Analysis  **PR intent**: This PR clarifies at the spec level that when `*tval` CSR holds an instruct...
[02:46:19] [spechunter] [TodoWrite] 2 items
[02:46:42] [spechunter] [text] I'll start by searching for the relevant code locations that handle `stval`/`badaddr`/`tval` in the RISC-V kernel.  
[02:46:42] [spechunter] [Agent] description, prompt
[02:47:12] [spechunter] [TodoWrite] 2 items
[02:48:34] [spechunter] [text] ---  ## Final Location Set  ```json {   "locations": [     {       "file": "src/main/scala/xiangshan/backend/fu/NewCSR/C...
[02:49:00] [spechunter] [text] I need to find the relevant code locations myself since the provided locations are empty. Let me search for the vulnerab...
[02:49:00] [spechunter] [Agent] description, subagent_type
[02:49:00] [spechunter] [Grep] pattern='(tval_write|stval_write|mtval_write|htval_write)'
[02:49:00] [spechunter] [Grep] pattern='(ExceptionToTval|GPADdrToTval|applyPM|pointerMask|PointerMask|ptr_mask|pm_enabled|pm_mask)'
[02:49:12] [spechunter] [Grep] pattern='stval|CSR_TVAL'
[02:49:12] [spechunter] [Grep] pattern='badaddr'
[02:49:12] [spechunter] [Grep] pattern='fault_addr'
[02:49:12] [spechunter] [Grep] pattern='RISCV_ISA_POINTER_MASKING|pointer_masking'
[02:49:12] [spechunter] [Grep] pattern='PMASK|pmask|pointer_mask'
[02:49:28] [spechunter] [Grep] pattern='badaddr|fault_addr|stval|TVAL'
[02:49:28] [spechunter] [Grep] pattern='badaddr|fault_addr|stval|TVAL|do_trap|exception'
[02:49:28] [spechunter] [Grep] pattern='CSR_TVAL|CSR_STVAL|CSR_VSTVAL|CSR_HTVAL'
[02:49:28] [spechunter] [Grep] pattern='struct kvm_cpu_trap'
[02:49:41] [spechunter] [Grep] pattern='struct kvm_cpu_trap \\{'
[02:49:41] [spechunter] [Grep] pattern='stval|STVAL|tval'
[02:49:41] [spechunter] [Grep] pattern='STVAL|stval'
[02:49:41] [spechunter] [Grep] pattern='badaddr|addr|fault'
[02:49:41] [spechunter] [Read] /home/yzs/riscv/linux/arch/riscv/kvm/vcpu_exit.c
[02:49:41] [spechunter] [Grep] pattern='tval_write|stval_write|mtval_write|htval_write'
[02:49:41] [spechunter] [Grep] pattern='ExceptionToTval|GPADdrToTval'
[02:49:41] [spechunter] [Grep] pattern='pm_enabled|pm_mask|ptr_mask|applyPM|pointerMask|PointerMask|pm'
[02:49:41] [spechunter] [Grep] pattern='senvcfg|menvcfg'
[02:49:57] [spechunter] [Read] /home/yzs/riscv/linux/arch/riscv/kernel/signal.c
[02:49:57] [spechunter] [Grep] pattern='force_sig|sig_fault|addr|fault'
[02:49:57] [spechunter] [Read] /home/yzs/riscv/linux/arch/riscv/kernel/traps.c
[02:49:57] [spechunter] [Read] /home/yzs/riscv/linux/arch/riscv/mm/fault.c
[02:49:57] [spechunter] [Read] /home/yzs/riscv/linux/arch/riscv/kernel/entry.S
[02:49:57] [spechunter] [Grep] pattern='regs->badaddr|regs->epc|addr'
[02:50:08] [spechunter] [Grep] pattern='tval'
[02:50:08] [spechunter] [Grep] pattern='PointerMask|pointer_mask|pointerMask'
[02:50:08] [spechunter] [Grep] pattern='pmm\\.'
[02:50:08] [spechunter] [Grep] pattern='stval|mtval|htval|xtval'
[02:50:31] [spechunter] [Read] /home/yzs/.claude/projects/-home-yzs-riscv-XiangShan/453a02b5-e530-418d-8577-c857e047540e/tool-results/call_a3cab71474ea44e0aa366cd5.txt
[02:50:31] [spechunter] [Grep] pattern='fullTarget'
[02:50:31] [spechunter] [Grep] pattern='XtvalBundle|TrapEntryHSEventSinkBundle|TrapEntryEventSinkBundle'
[02:50:39] [spechunter] [Read] /home/yzs/riscv/linux/arch/riscv/mm/fault.c
[02:50:39] [spechunter] [Read] /home/yzs/riscv/linux/arch/riscv/kernel/entry.S
[02:50:39] [spechunter] [Read] /home/yzs/riscv/linux/arch/riscv/kernel/entry.S
[02:50:39] [spechunter] [Read] /home/yzs/riscv/linux/arch/riscv/errata/sifive/errata_cip_453.S
[02:50:39] [spechunter] [Read] /home/yzs/riscv/linux/arch/riscv/kernel/traps_misaligned.c
[02:50:39] [spechunter] [Read] /home/yzs/riscv/linux/arch/riscv/include/asm/assembler.h
[02:50:42] [spechunter] [Read] /home/yzs/riscv/XiangShan/src/main/scala/xiangshan/backend/fu/NewCSR/CSREvents/TrapEntryHSEvent.scala
[02:50:42] [spechunter] [Read] /home/yzs/riscv/XiangShan/src/main/scala/xiangshan/backend/fu/NewCSR/CSREvents/TrapEntryMEvent.scala
[02:50:42] [spechunter] [Read] /home/yzs/riscv/XiangShan/src/main/scala/xiangshan/backend/fu/NewCSR/CSREvents/TrapEntryVSEvent.scala
[02:50:42] [spechunter] [Read] /home/yzs/riscv/XiangShan/src/main/scala/xiangshan/backend/fu/NewCSR/TrapTvalMod.scala
[02:51:07] [spechunter] [Grep] pattern='genTrapVA'
[02:51:07] [spechunter] [Grep] pattern='PMM|Smnpm|Ssnpm|Smpmm|Smupm|SumPm|Zpm|zpm'
[02:51:07] [spechunter] [Grep] pattern='envcfg'
[02:51:12] [spechunter] [Read] /home/yzs/riscv/linux/arch/riscv/kvm/vcpu_switch.S
[02:51:12] [spechunter] [Grep] pattern='stval|badaddr|fault_addr|CSR_TVAL'
[02:51:12] [spechunter] [Read] /home/yzs/riscv/linux/arch/riscv/kernel/entry.S
[02:51:12] [spechunter] [Grep] pattern='force_sig_fault|do_trap'
[02:51:12] [spechunter] [Grep] pattern='ENVCFG_PMM|PMM'
[02:51:26] [spechunter] [Grep] pattern='ENVCFG_PMM|PMLEN'
[02:51:26] [spechunter] [Read] /home/yzs/riscv/linux/arch/riscv/kernel/entry.S
[02:51:26] [spechunter] [Grep] pattern='SMNPM|SUPM'
[02:51:26] [spechunter] [Grep] pattern='htval'
[02:51:32] [spechunter] [Read] /home/yzs/riscv/XiangShan/src/main/scala/xiangshan/backend/fu/NewCSR/CSREvents/CSREvent.scala
[02:51:32] [spechunter] [Grep] pattern='TrapEntryEventInput'
[02:51:41] [spechunter] [Read] /home/yzs/riscv/XiangShan/src/main/scala/xiangshan/backend/fu/CSR.scala
[02:51:41] [spechunter] [Grep] pattern='EnvPMM|PMLEN|pm_enable|pm_mask|ptr_mask|applyPM|pointerMask|PointerMask'
[02:51:41] [spechunter] [Grep] pattern='trapPc|trap_pc|trapPC|TrapPC'
[02:53:04] [spechunter] [Read] /home/yzs/riscv/XiangShan/src/main/scala/xiangshan/backend/fu/NewCSR/CSREvents/TrapEntryDEvent.scala
[02:53:04] [spechunter] [Read] /home/yzs/riscv/XiangShan/src/main/scala/xiangshan/backend/fu/NewCSR/CSREvents/TrapEntryMNEvent.scala
[02:53:04] [spechunter] [Grep] pattern='iexceptionPC'
[02:53:15] [spechunter] [Grep] pattern='trapEntryMEvent\\.in|trapEntryHSEvent\\.in|trapEntryVSEvent\\.in|trapEntryDEvent\\.in'
[02:53:15] [spechunter] [Grep] pattern='frontendTval|backendTval|fetchMalTval|fetchBkptTval'
[02:53:15] [spechunter] [Grep] pattern='exception\\.bits\\.pc'
[02:53:34] [spechunter] [Read] /home/yzs/riscv/XiangShan/src/main/scala/xiangshan/backend/fu/NewCSR/NewCSR.scala
[02:53:34] [spechunter] [Grep] pattern='class SEnvCfg|class MEnvCfg'
[02:53:34] [spechunter] [Grep] pattern='Supm|Sspm|Smupm'
[02:54:02] [spechunter] [text] Let me read the critical code locations directly to verify the findings.  
[02:54:02] [spechunter] [Read] /home/yzs/riscv/linux/arch/riscv/mm/fault.c
[02:54:02] [spechunter] [Read] /home/yzs/riscv/linux/arch/riscv/kernel/traps.c
[02:54:02] [spechunter] [Read] /home/yzs/riscv/linux/arch/riscv/kvm/vcpu_exit.c
[02:54:13] [spechunter] [text] Now let me read the KVM VCPU enter/exit code and the pointer masking handling.  
[02:54:13] [spechunter] [Read] /home/yzs/riscv/linux/arch/riscv/kvm/vcpu.c
[02:54:13] [spechunter] [Read] /home/yzs/riscv/linux/arch/riscv/include/asm/mmu_context.h
[02:54:13] [spechunter] [Read] /home/yzs/riscv/linux/arch/riscv/include/asm/uaccess.h
[02:54:24] [spechunter] [Grep] pattern='trapPC\\b'
[02:54:24] [spechunter] [Grep] pattern='trapPC|trapPc|trap_pc'
[02:54:24] [spechunter] [Grep] pattern='fullva|fullVA|FullVA|full_va'
[02:54:34] [spechunter] [Grep] pattern='ssnpm|smnpm'
[02:54:34] [spechunter] [Grep] pattern='PMM\\.asUInt|PMM\\.asBool|\\.PMM\\b'
[02:54:34] [spechunter] [Grep] pattern='HasHypervisorEnvBundle'
[02:55:12] [spechunter] [Read] /home/yzs/riscv/XiangShan/tval_itype_findings.json
[02:55:12] [spechunter] [Grep] pattern='tval|stval|mtval|htval'
[02:55:12] [spechunter] [Grep] pattern='pointerMask|PointerMask|pmask|pm_enable|pm_mask|applyPM'
[02:55:31] [spechunter] [text] Let me read the critical source files to verify the analysis.  
[02:55:31] [spechunter] [Read] /home/yzs/riscv/XiangShan/src/main/scala/xiangshan/backend/fu/NewCSR/CSREvents/CSREvent.scala
[02:55:31] [spechunter] [Read] /home/yzs/riscv/XiangShan/src/main/scala/xiangshan/backend/fu/NewCSR/CSREvents/TrapEntryMEvent.scala
[02:55:31] [spechunter] [Read] /home/yzs/riscv/XiangShan/src/main/scala/xiangshan/backend/fu/NewCSR/CSREvents/TrapEntryHSEvent.scala
[02:55:31] [spechunter] [Read] /home/yzs/riscv/XiangShan/src/main/scala/xiangshan/backend/fu/NewCSR/CSREvents/TrapEntryVSEvent.scala
[02:55:31] [spechunter] [Read] /home/yzs/riscv/XiangShan/src/main/scala/xiangshan/backend/fu/NewCSR/TrapTvalMod.scala
[02:55:31] [spechunter] [Read] /home/yzs/riscv/XiangShan/src/main/scala/xiangshan/cache/mmu/TLB.scala
[02:55:42] [spechunter] [text] Let me also read the remaining critical files to complete the verification.  
[02:55:42] [spechunter] [Read] /home/yzs/riscv/XiangShan/src/main/scala/xiangshan/backend/fu/NewCSR/NewCSR.scala
[02:55:42] [spechunter] [Read] /home/yzs/riscv/XiangShan/src/main/scala/xiangshan/backend/fu/NewCSR/CSRBundles.scala
[02:55:42] [spechunter] [Read] /home/yzs/riscv/XiangShan/src/main/scala/xiangshan/backend/fu/NewCSR/CSRDefines.scala
[02:55:42] [spechunter] [Read] /home/yzs/riscv/XiangShan/src/main/scala/xiangshan/backend/rob/Rob.scala
[02:55:49] [spechunter] [text] Let me also verify the legacy CSR path and the frontend/ICache exception paths.  
[02:55:49] [spechunter] [Read] /home/yzs/riscv/XiangShan/src/main/scala/xiangshan/backend/fu/CSR.scala
[02:55:49] [spechunter] [Read] /home/yzs/riscv/XiangShan/src/main/scala/xiangshan/cache/mmu/TLB.scala
[02:55:49] [spechunter] [Read] /home/yzs/riscv/XiangShan/src/main/scala/xiangshan/mem/lsqueue/ExceptionInfoGen.scala
[02:56:09] [spechunter] [text] Now let me check if `handle_mm_fault()` or VMA lookup functions do any address untagging internally, and compare with ho...
[02:56:09] [spechunter] [Grep] pattern='untagged_addr'
[02:56:09] [spechunter] [Grep] pattern='untagged_addr'
[02:56:44] [spechunter] [text] Let me check the remaining references.  
[02:56:44] [spechunter] [Read] /home/yzs/riscv/XiangShan/src/main/scala/xiangshan/backend/fu/NewCSR/NewCSR.scala
[02:56:44] [spechunter] [Read] /home/yzs/riscv/XiangShan/src/main/scala/xiangshan/backend/fu/NewCSR/NewCSR.scala
[02:56:44] [spechunter] [Read] /home/yzs/riscv/XiangShan/src/main/scala/xiangshan/backend/fu/NewCSR/NewCSR.scala
[02:56:44] [spechunter] [Read] /home/yzs/riscv/XiangShan/src/main/scala/xiangshan/frontend/ifu/Ifu.scala
[02:56:44] [spechunter] [Read] /home/yzs/riscv/XiangShan/src/main/scala/xiangshan/frontend/icache/ICacheMainPipe.scala
[02:56:44] [spechunter] [Read] /home/yzs/riscv/XiangShan/src/main/scala/xiangshan/backend/fu/NewCSR/CSREvents/CSREvent.scala
[02:56:51] [spechunter] [Read] /home/yzs/riscv/XiangShan/src/main/scala/xiangshan/frontend/icache/ICacheMainPipe.scala
[02:56:51] [spechunter] [Read] /home/yzs/riscv/XiangShan/src/main/scala/xiangshan/frontend/icache/ICacheMainPipe.scala
[02:56:51] [spechunter] [Grep] pattern='fetchi'
[02:58:02] [spechunter] [text] Let me also check the SiFive CIP-453 errata handler (which directly modifies `badaddr`) and whether any existing code ap...
[02:58:02] [spechunter] [Read] /home/yzs/riscv/linux/arch/riscv/errata/sifive/errata_cip_453.S
[02:58:02] [spechunter] [Grep] pattern='untagged_addr|untag|pmlen|pointer_mask'
[02:58:02] [spechunter] [Grep] pattern='untagged_addr|untag'
[02:58:09] [spechunter] [text] Now let me check how the entry.S invokes the page fault handler, and whether there's any `scause`-based branching to han...
[02:58:09] [spechunter] [Read] /home/yzs/riscv/linux/arch/riscv/kernel/entry.S
[02:58:09] [spechunter] [Grep] pattern='EXC_INST_PAGE_FAULT|EXC_LOAD_PAGE_FAULT|EXC_STORE_PAGE_FAULT'
[02:58:16] [spechunter] [text] Let me check the exception vector table and the KVM unpriv trap handler in vcpu_switch.S.  
[02:58:16] [spechunter] [Grep] pattern='excp_vect_table|do_page_fault'
[02:58:16] [spechunter] [Read] /home/yzs/riscv/linux/arch/riscv/kvm/vcpu_switch.S
[02:58:33] [spechunter] [text] Let me check one more critical area - the KVM unprivileged read path where instruction fetch page faults are distinguish...
[02:58:33] [spechunter] [Read] /home/yzs/riscv/linux/arch/riscv/kvm/vcpu_exit.c
[02:58:33] [spechunter] [Read] /home/yzs/riscv/linux/arch/riscv/kernel/process.c
[02:58:41] [spechunter] [text] Now I have a thorough understanding of all the code paths. Let me produce the analysis.  
[02:58:41] [spechunter] [Write] /home/yzs/riscv/XiangShan/tval_itype_findings.json
[02:59:03] [spechunter] [text] The analysis is complete. Here's a summary of the findings:  ## Conclusion: **compliant**  All 15 code locations were ve...
[03:00:12] [spechunter] [text] Let me check one more critical point - whether `handle_mm_fault()` in the mm core applies untagging.  
[03:00:12] [spechunter] [Read] /home/yzs/riscv/linux/mm/memory.c
[03:00:12] [spechunter] [Read] /home/yzs/riscv/linux/mm/memory.c
[03:02:42] [spechunter] [text] Now let me verify whether the `lock_vma_under_rcu` and `lock_mm_and_find_vma` paths apply any address untagging that cou...
[03:02:42] [spechunter] [Grep] pattern='untagged_addr'
[03:02:42] [spechunter] [Grep] pattern='untagged_addr'
[03:04:42] [spechunter] [text] Now I have all the data. Let me also verify one critical question - does `handle_mm_fault()` or the lockless VMA lookup ...
[06:24:36] [spechunter] PR loaded: #2440 riscv/riscv-isa-manual — "Clarify that instruction addresses store to *tval are not pointer masked"
[06:24:36] [spechunter]   diff: 1232 chars  body: 1 chars  reviews: 0
[06:24:36] [spechunter] Global pre-filter running...
[06:24:55] [spechunter] [text] {"should_skip": false}
[06:24:56] [spechunter] pre-filter: should_skip=False reason=""
[06:25:07] [spechunter] [text] {"should_skip": false}
[06:25:08] [spechunter] [text] {"should_skip": false}
[06:25:13] [spechunter] [text] {"should_skip": false}
[06:25:22] [spechunter] [text] {"should_skip": false}
[06:25:25] [spechunter] [text] {"should_skip": true, "skip_reason": "Minor wording clarification for S-mode stval CSR behavior only; no impact on M-mod...
[06:25:58] [spechunter] [text] ```json {   "violation_condition": "In XiangShan RTL, when the trap delivery logic in the CSR module writes an instructi...
[06:26:04] [spechunter] [text] ```json {   "violation_condition": "QEMU applies pointer masking (PM) uniformly to all values written to *tval CSRs duri...
[06:26:06] [spechunter] [Grep] pattern='stval'
[06:26:06] [spechunter] [Grep] pattern='senvcfg.*PMM|pointer.mask|PM_PMM'
[06:26:10] [spechunter] [Read] /home/yzs/riscv/freebsd-src/sys/riscv/riscv/trap.c
[06:26:10] [spechunter] [Grep] pattern='stval'
[06:26:14] [spechunter] [TodoWrite] 5 items
[06:26:22] [spechunter] [Grep] pattern='do_trap_supervisor|data_abort|page_fault|call_trapsignal'
[06:26:22] [spechunter] [Grep] pattern='pmap_fault_fixup|VIRT_IS_VALID|VM_MIN_KERNEL'
[06:26:23] [spechunter] [Agent] description, subagent_type
[06:26:27] [spechunter] [Read] /home/yzs/riscv/freebsd-src/sys/riscv/riscv/trap.c
[06:26:27] [spechunter] [Grep] pattern='tf_stval'
[06:26:32] [spechunter] [Grep] pattern='stval|mtval|vstval'
[06:26:32] [spechunter] [Grep] pattern='PointerMask(ing)?Module|PointerMask'
[06:26:32] [spechunter] [Grep] pattern='ExceptionGen|TrapEntryLogic'
[06:26:32] [spechunter] [Grep] pattern='tval.*pm|pointer_mask.*tval|stval.*mask|mtval.*mask|trap.*addr.*pm|exception.*addr.*mask|inst_page_fault.*mask|ifetch.*pm|ignore_transform.*stval|PMLEN.*tval'
[06:26:32] [spechunter] [Grep] pattern='write_tval|stval|mtval|htval|vstval'
[06:26:32] [spechunter] [Grep] pattern='pointer_mask|pm_mask|apply_pm|PMLEN.*tval|riscv_cpu_do_interrupt|riscv_cpu_trap'
[06:26:32] [spechunter] [Grep] pattern='stval|mtval|htval|vstval'
[06:26:34] [spechunter] [Grep] pattern='stval|mtval|htval'
[06:26:34] [spechunter] [Grep] pattern='pm_mask|pointer_mask|apply_pm|PMLEN'
[06:26:34] [spechunter] [Grep] pattern='riscv_cpu_do_interrupt|riscv_cpu_trap'
[06:26:35] [spechunter] [Grep] pattern='tval|badaddr|st_val'
[06:26:35] [spechunter] [Grep] pattern='do_page_fault|handle_page_fault|do_trap_insn_fault|do_trap_insn_misaligned'
[06:26:40] [spechunter] [Read] /home/yzs/riscv/linux/arch/riscv/kernel/traps.c
[06:26:40] [spechunter] [Grep] pattern='badaddr|stval'
[06:26:55] [spechunter] [text] Let me now look at the key interrupt handler where tval values are actually set, and search for any pointer masking inte...
[06:26:55] [spechunter] [Read] /home/yzs/riscv/qemu/target/riscv/cpu_helper.c
[06:26:55] [spechunter] [Grep] pattern='pointer_mask|pm_mask|apply_pm|get_physical_address.*pm'
[06:26:55] [spechunter] [Grep] pattern='tval'
[06:26:57] [spechunter] [Agent] description, prompt
[06:26:57] [spechunter] [Agent] description, prompt
[06:26:57] [spechunter] [Agent] description, prompt
[06:26:58] [spechunter] [Read] /home/yzs/riscv/XiangShan/src/main/scala/xiangshan/backend/fu/NewCSR/CSREvents/TrapEntryMEvent.scala
[06:26:58] [spechunter] [Grep] pattern='CSR_TVAL|csr_write.*tval|csr_read.*tval'
[06:26:58] [spechunter] [Read] /home/yzs/riscv/linux/arch/riscv/kernel/entry.S
[06:26:58] [spechunter] [Read] /home/yzs/riscv/XiangShan/src/main/scala/xiangshan/backend/fu/NewCSR/CSREvents/TrapEntryHSEvent.scala
[06:26:58] [spechunter] [Read] /home/yzs/riscv/XiangShan/src/main/scala/xiangshan/backend/fu/NewCSR/CSREvents/TrapEntryVSEvent.scala
[06:26:58] [spechunter] [Read] /home/yzs/riscv/XiangShan/src/main/scala/xiangshan/backend/rob/ExceptionGen.scala
[06:27:05] [spechunter] [Grep] pattern='stval|mtval|vstval'
[06:27:06] [spechunter] [Grep] pattern='riscv_cpu_do_interrupt'
[06:27:06] [spechunter] [Grep] pattern='pm_mask|pointer_mask|apply_pm'
[06:27:06] [spechunter] [Grep] pattern='pm_mask|pointer_mask|apply_pm'
[06:27:06] [spechunter] [Grep] pattern='stval|mtval|htval'
[06:27:06] [spechunter] [Grep] pattern='stval|mtval|htval'
[06:27:07] [spechunter] [Grep] pattern='genTrapVA'
[06:27:07] [spechunter] [Grep] pattern='pointerMask|pointer_mask|ptr_mask|ignore_transform|transform.*addr|addr.*transform'
[06:27:07] [spechunter] [Grep] pattern='PMLEN|sstvala|shtvala|shvstvala|tval.*addr|addr.*tval'
[06:27:08] [spechunter] [text] Let me check the continuation of the M-mode handler and look for any pointer masking on addresses that get stored to tva...
[06:27:08] [spechunter] [Read] /home/yzs/riscv/qemu/target/riscv/cpu_helper.c
[06:27:08] [spechunter] [Grep] pattern='apply_pointer_masking|pm_mask|pointer_masking'
[06:27:08] [spechunter] [Grep] pattern='apply_pointer_masking|pm_mask'
[06:27:12] [spechunter] [Read] /home/yzs/riscv/XiangShan/src/main/scala/xiangshan/backend/fu/NewCSR/CSREvents/CSREvent.scala
[06:27:12] [spechunter] [Read] /home/yzs/riscv/XiangShan/src/main/scala/xiangshan/backend/fu/NewCSR/CSREvents/TrapEventInput.scala
[06:27:12] [spechunter] [Grep] pattern='stval|mtval|vstval|Sbadaddr|Mbadaddr'
[06:27:18] [spechunter] [Read] /home/yzs/riscv/XiangShan/src/main/scala/xiangshan/backend/fu/NewCSR/CSREvents/TrapEntryHSEvent.scala
[06:27:22] [spechunter] [Read] /home/yzs/riscv/XiangShan/src/main/scala/xiangshan/backend/fu/NewCSR/CSREvents/TrapEntryMEvent.scala
[06:27:24] [spechunter] [Glob] src/main/scala/**/*PointerMask*
[06:27:24] [spechunter] [Glob] src/main/scala/**/*pointer_mask*
[06:27:24] [spechunter] [Glob] src/main/scala/**/*PointerMatch*
[06:27:24] [spechunter] [Grep] pattern='PointerM'
[06:27:24] [spechunter] [Grep] pattern='pointer_mask|pointerMask|PointerMask|pointer mask'
[06:27:24] [spechunter] [Grep] pattern='PMLEN|pm\\.'
[06:27:24] [spechunter] [Grep] pattern='ignore_transform'
[06:27:25] [spechunter] [Read] /home/yzs/riscv/qemu/target/riscv/cpu_helper.c
[06:27:25] [spechunter] [Grep] pattern='pm_mask|pointer_masking|apply_pm|pmlen|PMLEN|pointer_mask'
[06:27:25] [spechunter] [Grep] pattern='riscv_cpu_trap'
[06:27:27] [spechunter] [text] Let me also check where `badaddr` (the source of tval for address-related traps) is set, and search for pointer mask cod...
[06:27:27] [spechunter] [Grep] pattern='badaddr\\s*='
[06:27:27] [spechunter] [Grep] pattern='pointer_mask|apply_pm|PMLEN|pm_mask|zpuntpointer'
[06:27:28] [spechunter] [Read] /home/yzs/riscv/XiangShan/src/main/scala/xiangshan/backend/fu/NewCSR/CSREvents/TrapEntryVSEvent.scala
[06:27:28] [spechunter] [Read] /home/yzs/riscv/XiangShan/src/main/scala/xiangshan/backend/fu/CSR.scala
[06:27:28] [spechunter] [Read] /home/yzs/riscv/XiangShan/src/main/scala/xiangshan/backend/fu/wrapper/CSR.scala
[06:27:28] [spechunter] [Grep] pattern='trapTvalMod|trapTval'
[06:27:29] [spechunter] [Glob] **/ExceptionGen*.scala
[06:27:29] [spechunter] [Glob] **/TrapEntry*.scala
[06:27:29] [spechunter] [Grep] pattern='class ExceptionGen'
[06:27:29] [spechunter] [Grep] pattern='class TrapEntry'
[06:27:33] [spechunter] [Grep] pattern='static target_ulong apply_pm|static.*pointer_mask|static.*pm_mask'
[06:27:33] [spechunter] [Grep] pattern='mtval|stval|htval|vstval|tval'
[06:27:33] [spechunter] [Grep] pattern='TrapTvalMod'
[06:27:33] [spechunter] [Grep] pattern='isFetchMalAddr|fetchMalTval|fetchMalAddr'
[06:27:35] [spechunter] [Read] /home/yzs/riscv/linux/arch/riscv/kernel/entry.S
[06:27:35] [spechunter] [Read] /home/yzs/riscv/linux/arch/riscv/kernel/entry.S
[06:27:35] [spechunter] [Grep] pattern='handle_page_fault|badaddr'
[06:27:37] [spechunter] [Grep] pattern='senvcfg|henvcfg|SENVCFG|HENVCFG'
[06:27:37] [spechunter] [Grep] pattern='VIRT_IS_VALID'
[06:27:37] [spechunter] [Grep] pattern='pointer.mask|pmask|PMM|pmlen|PM.*mask'
[06:27:42] [spechunter] [Read] /home/yzs/riscv/XiangShan/src/main/scala/xiangshan/backend/fu/NewCSR/SupervisorLevel.scala
[06:27:43] [spechunter] [Read] /home/yzs/riscv/XiangShan/src/main/scala/xiangshan/backend/fu/NewCSR/TrapTvalMod.scala
[06:27:43] [spechunter] [Read] /home/yzs/riscv/XiangShan/src/main/scala/xiangshan/backend/fu/NewCSR/NewCSR.scala
[06:27:48] [spechunter] [Read] /home/yzs/riscv/XiangShan/src/main/scala/xiangshan/backend/fu/NewCSR/NewCSR.scala
[06:27:48] [spechunter] [Grep] pattern='memExceptionVAddr'
[06:27:48] [spechunter] [Grep] pattern='class TrapEntryEventInput|class TrapEntryEventOutput|class TrapEntryBundles|trapToM|trapToHS|trapToVS|trapEntryHSEvent|trapEntryMEvent|trapEntryVSEvent'
[06:27:49] [spechunter] [Read] /home/yzs/riscv/XiangShan/src/main/scala/xiangshan/backend/rob/ExceptionGen.scala
[06:27:49] [spechunter] [Read] /home/yzs/riscv/XiangShan/src/main/scala/xiangshan/backend/fu/NewCSR/CSREvents/TrapEntryMEvent.scala
[06:27:49] [spechunter] [Read] /home/yzs/riscv/XiangShan/src/main/scala/xiangshan/backend/fu/NewCSR/CSREvents/TrapEntryHSEvent.scala
[06:27:49] [spechunter] [Read] /home/yzs/riscv/XiangShan/src/main/scala/xiangshan/backend/fu/NewCSR/CSREvents/TrapEntryDEvent.scala
[06:27:49] [spechunter] [Read] /home/yzs/riscv/XiangShan/src/main/scala/xiangshan/backend/fu/NewCSR/CSREvents/TrapEntryVSEvent.scala
[06:27:49] [spechunter] [Read] /home/yzs/riscv/XiangShan/src/main/scala/xiangshan/backend/fu/NewCSR/CSREvents/TrapEntryMNEvent.scala
[06:27:50] [spechunter] [Grep] pattern='pointer_mask|PointerMask|pointerMask|pm\\.|PMLEN'
[06:27:50] [spechunter] [Grep] pattern='pointer_mask|PointerMask|pointerMask|pm\\.|PMLEN'
[06:27:50] [spechunter] [Grep] pattern='pointer_mask|PointerMask|pointerMask|pm\\.|PMLEN'
[06:27:50] [spechunter] [Grep] pattern='pointer_mask|PointerMask|pointerMask|pm\\.|PMLEN'
[06:27:50] [spechunter] [Grep] pattern='pointer_mask|PointerMask|pointerMask|pm\\.|PMLEN'
[06:27:50] [spechunter] [Grep] pattern='pointer_mask|PointerMask|pointerMask|pm\\.|PMLEN'
[06:27:50] [spechunter] [Read] /home/yzs/riscv/qemu/target/riscv/internals.h
[06:27:50] [spechunter] [Read] /home/yzs/riscv/qemu/target/riscv/cpu_helper.c
[06:27:50] [spechunter] [Grep] pattern='badaddr'
[06:27:50] [spechunter] [Grep] pattern='badaddr'
[06:27:51] [spechunter] [text] Let me check the relevant translation files and the CSR definitions for completeness
[06:27:51] [spechunter] [Grep] pattern='CSR_MTVAL|CSR_STVAL|CSR_HTVAL|CSR_VSTVAL|CSR_MTVAL2'
[06:27:51] [spechunter] [Grep] pattern='mtval|stval|htval|vstval'
[06:27:51] [spechunter] [Grep] pattern='get_pmlen|apply_pm_mask|pmm|pm_mask|ziofilp|zicfilp'
[06:27:59] [spechunter] [Read] /home/yzs/riscv/XiangShan/src/main/scala/xiangshan/backend/fu/NewCSR/CSREvents/CSREvent.scala
[06:28:04] [spechunter] [text] Let me also check the pointer masking application in the translation path and how `badaddr` is derived, to see if pointe...
[06:28:04] [spechunter] [Read] /home/yzs/riscv/qemu/target/riscv/cpu_helper.c
[06:28:04] [spechunter] [Grep] pattern='riscv_pm_get_pm_mask|apply_pointer|pm_mask.*addr|addr.*pm_mask'
[06:28:04] [spechunter] [Read] /home/yzs/riscv/qemu/target/riscv/cpu_helper.c
[06:28:04] [spechunter] [Read] /home/yzs/riscv/qemu/target/riscv/cpu_helper.c
[06:28:04] [spechunter] [Grep] pattern='riscv_cpu_tlb_fill|raise_mmu_exception|guest_phys_fault'
[06:28:04] [spechunter] [Grep] pattern='adjust_addr'
[06:28:05] [spechunter] [Grep] pattern='prevmEnable|prevm|PrevM|pmm|EnvPMM|senvcfg|menvcfg|henvcfg|pointer_mask'
[06:28:05] [spechunter] [Grep] pattern='prevmEnable|prevm|PrevM|pmm|EnvPMM|senvcfg|menvcfg|pointer_mask'
[06:28:05] [spechunter] [Grep] pattern='EnvPMM|prevmEnable|PrevM'
[06:28:09] [spechunter] [text] Let me check the callers of `raise_mmu_exception` to see if pointer masking is applied to the address before it becomes ...
[06:28:09] [spechunter] [Grep] pattern='raise_mmu_exception'
[06:28:09] [spechunter] [Read] /home/yzs/riscv/qemu/target/riscv/cpu_helper.c
[06:28:11] [spechunter] [Read] /home/yzs/riscv/linux/arch/riscv/mm/fault.c
[06:28:11] [spechunter] [Read] /home/yzs/riscv/XiangShan/src/main/scala/xiangshan/backend/fu/NewCSR/TrapHandleModule.scala
[06:28:21] [spechunter] [Read] /home/yzs/riscv/qemu/target/riscv/cpu_helper.c
[06:28:21] [spechunter] [Read] /home/yzs/riscv/qemu/target/riscv/cpu_helper.c
[06:28:21] [spechunter] [Grep] pattern='riscv_pm_get_pmm|riscv_pm_get_vm_ldst_pmm'
[06:28:23] [spechunter] [Read] /home/yzs/riscv/XiangShan/src/main/scala/xiangshan/backend/fu/NewCSR/TrapHandleModule.scala
[06:28:25] [spechunter] [Grep] pattern='memExceptionVAddr|memException'
[06:28:25] [spechunter] [Grep] pattern='memExceptionVAddr|memException'
[06:28:25] [spechunter] [Grep] pattern='isFetchMalAddr|exception.*bits|trap.*bits'
[06:28:27] [spechunter] [Read] /home/yzs/riscv/XiangShan/src/main/scala/xiangshan/backend/fu/NewCSR/CSREvents/CSREvent.scala
[06:28:27] [spechunter] [Grep] pattern='getFetchFault|getLoadFault|getStoreFault|getLSGuestPageFault'
[06:28:27] [spechunter] [Grep] pattern='class RobExceptionInfo'
[06:28:27] [spechunter] [Grep] pattern='def genTrapVA'
[06:28:27] [spechunter] [Grep] pattern='memExceptionVAddr|memExceptionGPAddr|fetchMalTval|isCrossPageIPF|isFetchMalAddr'
[06:28:27] [spechunter] [Grep] pattern='TrapEntryEventInput'
[06:28:29] [spechunter] [Read] /home/yzs/riscv/qemu/target/riscv/cpu_helper.c
[06:28:29] [spechunter] [Grep] pattern='pointer_mask|pm_mask|apply_pm|PMLEN|pmm'
[06:28:33] [spechunter] [Read] /home/yzs/riscv/XiangShan/src/main/scala/xiangshan/cache/mmu/TLB.scala
[06:28:33] [spechunter] [Grep] pattern='pointer_mask|PointerMask|stval|mtval'
[06:28:33] [spechunter] [Grep] pattern='senvcfg|menvcfg|henvcfg|seccfg|hstatus'
[06:28:33] [spechunter] [Grep] pattern='pointer_mask|PointerMask|senvcfg|menvcfg|henvcfg|hstatus|PMLEN|pmm'
[06:28:33] [spechunter] [Grep] pattern='ifetch.*pmm|pmm.*ifetch|ifetch.*pointer|pointer.*ifetch'
[06:28:34] [spechunter] [Read] /home/yzs/riscv/XiangShan/src/main/scala/xiangshan/backend/fu/NewCSR/NewCSR.scala
[06:28:37] [spechunter] [Read] /home/yzs/riscv/qemu/target/riscv/cpu_helper.c
[06:28:37] [spechunter] [Read] /home/yzs/riscv/qemu/target/riscv/cpu_helper.c
[06:28:37] [spechunter] [Grep] pattern='adjust_addr|badaddr|pointer_mask'
[06:28:37] [spechunter] [Grep] pattern='adjust_addr'
[06:28:41] [spechunter] [Read] /home/yzs/riscv/XiangShan/src/main/scala/xiangshan/backend/rob/RobBundles.scala
[06:28:41] [spechunter] [Grep] pattern='ExceptionNO\\.'
[06:28:41] [spechunter] [Grep] pattern='class ExceptionBundle'
[06:28:41] [spechunter] [Grep] pattern='trapEntryMEvent\\.in|trapEntryHSEvent\\.in|trapEntryVSEvent\\.in|trapEntryDEvent\\.in'
[06:28:41] [spechunter] [Grep] pattern='stval|mtval|vstval|PointerMask|tval.*mask|trap.*addr'
[06:28:41] [spechunter] [Grep] pattern='TrapEntry|ExceptionGen|TrapTval'
[06:28:43] [spechunter] [Grep] pattern='trapPC\\b|trapIsFetchMalAddr|trapIsCrossPageIPF|trapIsHls|trapIsFetchBkpt|trapIsForVSnonLeafPTE'
[06:28:44] [spechunter] [text] Let me do a final search for any pointer masking interaction specifically with tval stval/mtval across the entire tree, ...
[06:28:44] [spechunter] [Grep] pattern='tval|mtval|stval|htval|vstval'
[06:28:44] [spechunter] [Grep] pattern='tval.*pointer_mask|pointer_mask.*tval|pm_mask.*tval|tval.*pm_mask|pm.*stval|pm.*mtval'
[06:28:44] [spechunter] [Grep] pattern='PM_PMM|PM_SIGNEXTEND|pointer_mask|zpuntpointer'
[06:28:49] [spechunter] [Read] /home/yzs/riscv/XiangShan/src/main/scala/xiangshan/backend/fu/NewCSR/NewCSR.scala
[06:28:50] [spechunter] [Read] /home/yzs/riscv/XiangShan/src/main/scala/xiangshan/backend/fu/NewCSR/ExceptionBundle.scala
[06:28:50] [spechunter] [Grep] pattern='trapEntryMEvent\\.|trapEntryHSEvent\\.|trapEntryVSEvent\\.|trapEntryMNEvent'
[06:28:50] [spechunter] [Grep] pattern='excpVec|exceptionVec|causeNO|memExceptionVAddr|memExceptionGPAddr|trapPc|\\bisFetchMalAddr\\b|isCrossPageIPF|fetchMalTval'
[06:28:53] [spechunter] [text] Here's the structured security specification:  ```json {   "violation_condition": "In arch/riscv/kernel/entry.S and arch...
[06:28:56] [spechunter] [Read] /home/yzs/riscv/XiangShan/src/main/scala/xiangshan/backend/fu/NewCSR/NewCSR.scala
[06:28:56] [spechunter] [Grep] pattern='TrapHandle|trapHandleMod|class TrapHandleModule'
[06:28:56] [spechunter] [Read] /home/yzs/riscv/XiangShan/src/main/scala/xiangshan/package.scala
[06:28:57] [spechunter] [Grep] pattern='class RobTrapIO|fetchMalTval|excpVA|excpGPA|excpIsForVSnonLeafPTE'
[06:28:59] [spechunter] [Grep] pattern='stval|mtval|stvalMasked|pointer_mask'
[06:28:59] [spechunter] [Grep] pattern='stval|mtval|stvalMasked|pointer_mask'
[06:28:59] [spechunter] [Grep] pattern='stval|mtval|stvalMasked|pointer_mask'
[06:28:59] [spechunter] [Grep] pattern='stval|mtval|stvalMasked|pointer_mask'
[06:28:59] [spechunter] [Grep] pattern='stval'
[06:29:02] [spechunter] [Read] /home/yzs/riscv/qemu/target/riscv/op_helper.c
[06:29:02] [spechunter] [Read] /home/yzs/riscv/qemu/target/riscv/cpu_helper.c
[06:29:02] [spechunter] [Grep] pattern='adjust_addr'
[06:29:02] [spechunter] [Grep] pattern='INST_FETCH'
[06:29:02] [spechunter] [Grep] pattern='TrapTvalMod|class TrapTval'
[06:29:04] [spechunter] [text] ```json {   "violation_condition": "In the FreeBSD kernel, when pointer masking is enabled via senvcfg.PMM (Ssnpm) for u...
[06:29:05] [spechunter] [Grep] pattern='vstval|Xtval'
[06:29:05] [spechunter] [Grep] pattern='stval|Xtval|TrapEntryHSEventSinkBundle'
[06:29:05] [spechunter] [Grep] pattern='mtval|Xtval|TrapEntryMEventSinkBundle'
[06:29:11] [spechunter] [text] I'll systematically search for code paths that handle `stval`/`badaddr` and check for the vulnerability pattern describe...
[06:29:11] [spechunter] [TodoWrite] 6 items
[06:29:12] [spechunter] [Grep] pattern='CSR_STVAL|CSR_MTVAL|CSR_VSTVAL'
[06:29:12] [spechunter] [Grep] pattern='badaddr.*PMLEN|CSR_TVAL.*sign\\.extend|CSR_TVAL.*pointer\\.mask|badaddr.*untag|handle_page_fault.*transform.*addr'
[06:29:13] [spechunter] [Grep] pattern='stval|mtval|vstval'
[06:29:13] [spechunter] [Grep] pattern='pm\\\\.|PMPort|pmp|pma|Sspm|sspm|SPM|Mseccfg|mseccfg|PMM|UPMM'
[06:29:13] [spechunter] [Grep] pattern='translate_addr|untransformAddr|trans_from|trans_to|va_pa_z|unmasked'
[06:29:13] [spechunter] [Read] /home/yzs/riscv/XiangShan/src/main/scala/xiangshan/backend/fu/NewCSR/TrapTvalMod.scala
[06:29:17] [spechunter] [Read] /home/yzs/riscv/XiangShan/src/main/scala/xiangshan/backend/fu/NewCSR/TrapHandleModule.scala
[06:29:17] [spechunter] [Grep] pattern='trapPCGPA|trapIsCrossPageIPF|trapIsHls|trapIsFetchMalAddr|trapIsFetchBkpt|trapIsForVSnonLeafPTE|hasDTExcp'
[06:29:17] [spechunter] [Grep] pattern='ExceptionVec|ExceptionNO\\.'
[06:29:19] [spechunter] [Read] /home/yzs/riscv/XiangShan/src/main/scala/xiangshan/backend/fu/wrapper/CSR.scala
[06:29:19] [spechunter] [Read] /home/yzs/riscv/linux/arch/riscv/kernel/entry.S
[06:29:19] [spechunter] [Read] /home/yzs/riscv/linux/arch/riscv/mm/fault.c
[06:29:19] [spechunter] [Grep] pattern='badaddr'
[06:29:24] [spechunter] [Grep] pattern='trapPC|pcGPA|crossPageIPFFix|isForVSnonLeafPTE|trap\\.bits|trap\\.valid'
[06:29:24] [spechunter] [Grep] pattern='ExceptionGen|exceptionGen'
[06:29:24] [spechunter] [Grep] pattern='fromRob.*trap|trap.*fromRob'
[06:29:28] [spechunter] [Read] /home/yzs/riscv/XiangShan/src/main/scala/xiangshan/backend/fu/wrapper/CSR.scala
[06:29:29] [spechunter] [Grep] pattern='stval'
[06:29:29] [spechunter] [Grep] pattern='stval'
[06:29:29] [spechunter] [Grep] pattern='senvcfg'
[06:29:29] [spechunter] [Grep] pattern='stval'
[06:29:29] [spechunter] [Grep] pattern='stval'
[06:29:29] [spechunter] [TodoWrite] 8 items
[06:29:34] [spechunter] [text] Now let me trace deeper. I need to check the SiFive errata sign-extension, pointer masking code, and KVM paths
[06:29:34] [spechunter] [Read] /home/yzs/riscv/linux/arch/riscv/errata/sifive/errata_cip_453.S
[06:29:34] [spechunter] [Read] /home/yzs/riscv/linux/arch/riscv/kernel/traps_misaligned.c
[06:29:34] [spechunter] [Grep] pattern='PMLEN|pointer_mask|untag|pm\\.h|zpmp|snpm|Zpm|Ssnpm'
[06:29:34] [spechunter] [text] ```json {   "locations": [     {       "file_path": "target/riscv/cpu_helper.c",       "function_name": "riscv_cpu_do_in...
[06:29:35] [spechunter] [Grep] pattern='tval|fetchMalTval'
[06:29:35] [spechunter] [Grep] pattern='pmm\\.|mseccfg\\.|menvcfg\\.|senvcfg\\.|henvcfg\\.|hstatus\\.'
[06:29:35] [spechunter] [Grep] pattern='pmm'
[06:29:38] [spechunter] [Grep] pattern='adjust_addr|adjust_addr_virt'
[06:29:38] [spechunter] [Grep] pattern='adjust_addr|adjust_addr_virt'
[06:29:38] [spechunter] [Grep] pattern='adjust_addr|pointer_mask|pm_pmm|PM_PMM'
[06:29:38] [spechunter] [Grep] pattern='helper_cbo|helper_sc_probe'
[06:29:41] [spechunter] [Read] /home/yzs/riscv/XiangShan/src/main/scala/xiangshan/backend/rob/Rob.scala
[06:29:41] [spechunter] [Read] /home/yzs/riscv/XiangShan/src/main/scala/xiangshan/backend/rob/Rob.scala
[06:29:41] [spechunter] [Grep] pattern='class RobToCSR|trap.*=.*Wire|RobTrapIO|fromRob.*trap'
[06:29:48] [spechunter] [text] Let me read the key files to get function names and precise line ranges
[06:29:48] [spechunter] [Read] /home/yzs/riscv/freebsd-src/sys/riscv/riscv/trap.c
[06:29:48] [spechunter] [Read] /home/yzs/riscv/freebsd-src/sys/riscv/riscv/exception.S
[06:29:48] [spechunter] [Read] /home/yzs/riscv/freebsd-src/sys/riscv/include/encoding.h
[06:29:48] [spechunter] [Read] /home/yzs/riscv/freebsd-src/sys/riscv/include/frame.h
[06:29:48] [spechunter] [Grep] pattern='class CSRIn|memExceptionVAddr|memExceptionGPAddr|memExceptionIsForVSnonLeafPTE'
[06:29:48] [spechunter] [Read] /home/yzs/riscv/freebsd-src/sys/riscv/riscv/trap.c
[06:29:48] [spechunter] [Grep] pattern='stval|tf_stval|sepc'
[06:29:48] [spechunter] [Grep] pattern='smpm_unmask|smpm|SMPM|senvcfg|SENVCFG'
[06:29:50] [spechunter] [Grep] pattern='PM_PMM|pm_pmm|PM_MASK_ENABLED|pm_mask|pointer_mask'
[06:29:50] [spechunter] [Grep] pattern='PM_PMM|pm_pmm|PM_MASK|pm_mask'
[06:29:51] [spechunter] [Grep] pattern='trap.*=.*Wire|trap.*Valid|class.*Trap|RobTrap'
[06:29:51] [spechunter] [Grep] pattern='class.*RobTrap|class Rob.*Trap'
[06:29:51] [spechunter] [Grep] pattern='trapPc|pcGPA'
[06:29:52] [spechunter] [Read] /home/yzs/riscv/XiangShan/src/main/scala/xiangshan/backend/fu/CSR.scala
[06:29:53] [spechunter] [text] ```json {   "locations": [     {       "file_path": "src/main/scala/xiangshan/backend/fu/NewCSR/CSREvents/CSREvent.scala...
[06:29:55] [spechunter] [text] Now let me trace the critical paths deeper — the `untagged_addr` usage in fault handling and KVM stval handling.  
[06:29:55] [spechunter] [Grep] pattern='untagged_addr'
[06:29:55] [spechunter] [Grep] pattern='stval|STVAL|htval|HTVAL|mtval|MTVAL|vstval|VSTVAL'
[06:29:55] [spechunter] [Grep] pattern='mm_untag_mask|untagged_addr'
[06:29:56] [spechunter] [Grep] pattern='badaddr'
[06:29:56] [spechunter] [Grep] pattern='trap->stval|trap_entry.*stval'
[06:29:56] [spechunter] [Grep] pattern='pointer_mask|pointer_masking|pm_enable'
[06:29:57] [spechunter] [Grep] pattern='getFetchFault|getLoadFault|getStoreFault|getLSGuestPageFault|EX_IAM|EX_IAF|EX_IPF|EX_LAM|EX_LAF|EX_SAM|EX_SAF|EX_LPF|EX_SPF|EX_IGPF|EX_BP|EX_II|EX_VI'
[06:30:00] [spechunter] [Grep] pattern='PM_PMM|pm_pmm|addr_xl|adjust_addr'
[06:30:00] [spechunter] [Grep] pattern='PBMTE|CBMO|CBZE|CFLUSH'
[06:30:00] [spechunter] [Grep] pattern='tcg_gen_calli|gen_helper_cbo|gen_helper_sc_probe'
[06:30:02] [spechunter] [Read] /home/yzs/riscv/XiangShan/src/main/scala/xiangshan/package.scala
[06:30:06] [spechunter] [TodoWrite] 6 items
[06:30:07] [spechunter] [Grep] pattern='smpm_unmask|VIRT_IS_VALID'
[06:30:07] [spechunter] [Grep] pattern='senvcfg'
[06:30:07] [spechunter] [Grep] pattern='call_trapsignal'
[06:30:07] [spechunter] [Read] /home/yzs/riscv/freebsd-src/sys/riscv/riscv/trap.c
[06:30:08] [spechunter] [Read] /home/yzs/riscv/XiangShan/src/main/scala/xiangshan/backend/Bundles.scala
[06:30:08] [spechunter] [Grep] pattern='val trap|val exception'
[06:30:08] [spechunter] [Grep] pattern='readGPAMemData|readGPAMemAddr|gpaddr'
[06:30:11] [spechunter] [Grep] pattern='tval|fetchMalTval'
[06:30:11] [spechunter] [Grep] pattern='senvcfg|menvcfg|henvcfg|mseccfg|hstatus"'
[06:30:11] [spechunter] [Grep] pattern='senvcfg|PMM|PMLEN'
[06:30:11] [spechunter] [Grep] pattern='PMM|PMLEN'
[06:30:11] [spechunter] [Grep] pattern='PMM|PMLEN|HUPMM'
[06:30:19] [spechunter] [text] Now let me trace where `mm_untag_mask` is consumed in the kernel's generic fault path and the KVM stval handling.  
[06:30:19] [spechunter] [Read] /home/yzs/riscv/linux/arch/riscv/include/asm/mmu_context.h
[06:30:19] [spechunter] [Read] /home/yzs/riscv/linux/arch/riscv/include/asm/uaccess.h
[06:30:19] [spechunter] [Grep] pattern='mm_untag_mask|untagged_addr'
[06:30:21] [spechunter] [Grep] pattern='class ExceptionInfo'
[06:30:26] [spechunter] [text] Now let me search for VIRT_IS_VALID, VM_MIN_KERNEL_ADDRESS, the frame structure, and any pointer-masking-related code.  
[06:30:26] [spechunter] [Grep] pattern='VIRT_IS_VALID|VM_MIN_KERNEL_ADDRESS|VM_MAX_USER_ADDRESS'
[06:30:26] [spechunter] [Grep] pattern='tf_stval|tf_sepc|tf_scause'
[06:30:26] [spechunter] [Grep] pattern='smpm_unmask|pointer_mask|PMM|pointer masking|Ssnpm|Ssnpm'
[06:30:32] [spechunter] [Read] /home/yzs/riscv/XiangShan/src/main/scala/xiangshan/backend/Bundles.scala
[06:30:32] [spechunter] [Read] /home/yzs/riscv/XiangShan/src/main/scala/xiangshan/backend/rob/Rob.scala
[06:30:32] [spechunter] [Grep] pattern='io\\.fromRob\\.trap|fromRob.*trap|trap.*=.*Wire|class Trap'
[06:30:36] [spechunter] [Grep] pattern='val mtval|val stval|val vstval|val mtval2|val htval|val xtval"'
[06:30:37] [spechunter] [Grep] pattern='PMM|PMLEN'
[06:30:37] [spechunter] [Grep] pattern='class.*EnvCfg|Senvcfg|Menvcfg|Henvcfg|SEnvCfg|MEnvCfg|HEnvCfg'
[06:30:37] [spechunter] [Grep] pattern='pointer_mask|isFetch|ifetch"'
[06:30:37] [spechunter] [Grep] pattern='pointer_mask|stval.*mask|mask.*stval|mtval.*mask|mask.*mtval'
[06:30:38] [spechunter] [Grep] pattern='fromRob.*trap|val trap\\b'
[06:30:38] [spechunter] [Grep] pattern='class NewCSRFromRob|trapPc|trapVec'
[06:30:40] [spechunter] [Grep] pattern='bins'
[06:30:40] [spechunter] [Grep] pattern='env->bins'
[06:30:40] [spechunter] [Read] /home/yzs/riscv/qemu/target/riscv/cpu.h
[06:30:41] [spechunter] [Read] /home/yzs/riscv/freebsd-src/sys/riscv/include/pmap.h
[06:30:41] [spechunter] [Grep] pattern='smpm'
[06:30:41] [spechunter] [Read] /home/yzs/riscv/freebsd-src/sys/riscv/riscv/db_interface.c
[06:30:41] [spechunter] [Read] /home/yzs/riscv/freebsd-src/sys/riscv/riscv/db_trace.c
[06:30:43] [spechunter] [Bash] List files in NewCSR directory
[06:30:43] [spechunter] [Grep] pattern='class NewCSRFromRob|trapVec|trapPc|pcGPA'
[06:30:43] [spechunter] [text] Let me dig deeper into the key files where stval/badaddr is used in the trap/fault handling path.  
[06:30:43] [spechunter] [Read] /home/yzs/riscv/linux/arch/riscv/kernel/entry.S
[06:30:43] [spechunter] [Read] /home/yzs/riscv/linux/arch/riscv/kernel/entry.S
[06:30:43] [spechunter] [Read] /home/yzs/riscv/linux/arch/riscv/mm/fault.c
[06:30:43] [spechunter] [Read] /home/yzs/riscv/linux/arch/riscv/kernel/traps_misaligned.c
[06:30:47] [spechunter] [Read] /home/yzs/riscv/qemu/target/riscv/translate.c
[06:30:47] [spechunter] [Grep] pattern='gen_load|gen_store|gen_goto_tb|inst_fetch|INST_FETCH'
[06:30:50] [spechunter] [Read] /home/yzs/riscv/freebsd-src/sys/riscv/include/pmap.h
[06:30:50] [spechunter] [Read] /home/yzs/riscv/freebsd-src/sys/riscv/include/frame.h
[06:30:50] [spechunter] [Grep] pattern='senvcfg|SENVCFG|stval|tf_stval'
[06:30:50] [spechunter] [Read] /home/yzs/riscv/XiangShan/src/main/scala/xiangshan/backend/fu/NewCSR/TrapTvalMod.scala
[06:30:50] [spechunter] [Grep] pattern='fromRob|trap|class NewCSR'
[06:30:56] [spechunter] [Read] /home/yzs/riscv/XiangShan/src/main/scala/xiangshan/backend/decode/isa/CSRs.scala
[06:30:58] [spechunter] [text] Let me also check the vector context save and any pointer masking related trap handling.  
[06:30:58] [spechunter] [Read] /home/yzs/riscv/linux/arch/riscv/kernel/vector.c
[06:30:58] [spechunter] [Read] /home/yzs/riscv/linux/arch/riscv/kvm/vcpu_switch.S
[06:30:58] [spechunter] [Grep] pattern='CSR_TVAL'
[06:31:00] [spechunter] [text] Now let me check the generic page fault code where `mm_untag_mask` / `untagged_addr_remote` is used, and the SiFive erra...
[06:31:00] [spechunter] [Read] /home/yzs/riscv/linux/mm/memory.c
[06:31:00] [spechunter] [Read] /home/yzs/riscv/linux/mm/memory.c
[06:31:00] [spechunter] [Read] /home/yzs/riscv/linux/arch/riscv/kvm/vcpu_exit.c
[06:31:01] [spechunter] [Grep] pattern='stval|mtval|vstval|mtval2'
[06:31:01] [spechunter] [Read] /home/yzs/riscv/XiangShan/src/main/scala/xiangshan/backend/fu/CSR.scala
[06:31:01] [spechunter] [Read] /home/yzs/riscv/XiangShan/src/main/scala/xiangshan/backend/fu/CSR.scala
[06:31:01] [spechunter] [Read] /home/yzs/riscv/XiangShan/src/main/scala/xiangshan/backend/fu/CSR.scala
[06:31:03] [spechunter] [Read] /home/yzs/riscv/XiangShan/src/main/scala/xiangshan/backend/fu/NewCSR/NewCSR.scala
[06:31:03] [spechunter] [Read] /home/yzs/riscv/XiangShan/src/main/scala/xiangshan/backend/fu/NewCSR/NewCSR.scala
[06:31:03] [spechunter] [Read] /home/yzs/riscv/XiangShan/src/main/scala/xiangshan/backend/fu/NewCSR/TrapInstMod.scala
[06:31:04] [spechunter] [text] Now let me also check the remaining files.  
[06:31:04] [spechunter] [Read] /home/yzs/riscv/freebsd-src/sys/riscv/riscv/genassym.c
[06:31:04] [spechunter] [Read] /home/yzs/riscv/freebsd-src/sys/riscv/riscv/gdb_machdep.c
[06:31:04] [spechunter] [Read] /home/yzs/riscv/freebsd-src/sys/riscv/vmm/vmm_riscv.c
[06:31:04] [spechunter] [Read] /home/yzs/riscv/freebsd-src/sys/riscv/vmm/vmm_riscv.c
[06:31:04] [spechunter] [Read] /home/yzs/riscv/freebsd-src/sys/riscv/vmm/vmm_riscv.c
[06:31:04] [spechunter] [Read] /home/yzs/riscv/freebsd-src/sys/riscv/vmm/vmm_switch.S
[06:31:08] [spechunter] [text] Let me check the remaining files for completeness
[06:31:08] [spechunter] [Read] /home/yzs/riscv/linux/arch/riscv/kernel/traps.c
[06:31:08] [spechunter] [Read] /home/yzs/riscv/linux/arch/riscv/kernel/crash_save_regs.S
[06:31:08] [spechunter] [Read] /home/yzs/riscv/linux/arch/riscv/kernel/suspend_entry.S
[06:31:08] [spechunter] [Read] /home/yzs/riscv/linux/arch/riscv/include/asm/assembler.h
[06:31:08] [spechunter] [Read] /home/yzs/riscv/linux/arch/riscv/kernel/entry.S
[06:31:11] [spechunter] [Read] /home/yzs/riscv/XiangShan/src/main/scala/xiangshan/backend/fu/NewCSR/MachineLevel.scala
[06:31:15] [spechunter] [text] Now let me read the VMM code and related files more deeply.  
[06:31:15] [spechunter] [Read] /home/yzs/riscv/freebsd-src/sys/riscv/vmm/riscv.h
[06:31:15] [spechunter] [Read] /home/yzs/riscv/freebsd-src/sys/riscv/vmm/vmm_riscv.c
[06:31:15] [spechunter] [Read] /home/yzs/riscv/freebsd-src/sys/riscv/vmm/vmm_riscv.c
[06:31:15] [spechunter] [Grep] pattern='stval|mtval|vstval|stvalMask|mtvalMask|tval'
[06:31:15] [spechunter] [Grep] pattern='pointer_mask|PointerMask|pointerMask|PMLEN|EnvPMM'
[06:31:15] [spechunter] [Grep] pattern='ifetch'
[06:31:18] [spechunter] [Grep] pattern='fromMem\\.excpVA|fromMem\\.excpGPA|excpVA|excpGPA'
[06:31:18] [spechunter] [Grep] pattern='trapIsForVSnonLeafPTE|isForVSnonLeafPTE'
[06:31:19] [spechunter] [text] Now let me trace the signal delivery path and the generic page fault handler that calls `untagged_addr`.  
[06:31:19] [spechunter] [Grep] pattern='do_trap|force_sig_fault|handle_page_fault'
[06:31:19] [spechunter] [Grep] pattern='handle_mm_fault|handle_pte_fault|do_pte_missing|do_fault'
[06:31:19] [spechunter] [Read] /home/yzs/riscv/linux/arch/riscv/kvm/vcpu_switch.S
[06:31:23] [spechunter] [Grep] pattern='riscv_raise_exception'
[06:31:23] [spechunter] [Grep] pattern='riscv_raise_exception'
[06:31:23] [spechunter] [Read] /home/yzs/riscv/qemu/target/riscv/cpu.h
[06:31:23] [spechunter] [Read] /home/yzs/riscv/XiangShan/src/main/scala/xiangshan/backend/GPAMem.scala
[06:31:23] [spechunter] [Grep] pattern='class CSRWrapper|csrMod\\.io\\.fromRob|trapPc|trapPCGPA'
[06:31:25] [spechunter] [text] Let me also check the KVM trap exit path and the errata for completeness.  
[06:31:25] [spechunter] [Read] /home/yzs/riscv/linux/arch/riscv/kvm/vcpu_exit.c
[06:31:25] [spechunter] [Read] /home/yzs/riscv/linux/arch/riscv/kvm/vcpu_exit.c
[06:31:25] [spechunter] [Read] /home/yzs/riscv/linux/arch/riscv/kvm/vcpu_insn.c
[06:31:28] [spechunter] [Read] /home/yzs/riscv/XiangShan/src/main/scala/xiangshan/backend/fu/NewCSR/VirtualSupervisorLevel.scala
[06:31:32] [spechunter] [text] Now let me check the remaining pieces: context-switch code, signal delivery, and the exception handler that populates st...
[06:31:32] [spechunter] [Grep] pattern='senvcfg|SENVCFG|stval|tf_stval'
[06:31:32] [spechunter] [Grep] pattern='tf_stval|stval|si_addr|ksi_addr'
[06:31:32] [spechunter] [Grep] pattern='senvcfg|SENVCFG'
[06:31:35] [spechunter] [Read] /home/yzs/riscv/XiangShan/src/main/scala/xiangshan/backend/fu/NewCSR/PFEvent.scala
[06:31:35] [spechunter] [Grep] pattern='class CSRWrapper|def connectCSR|csrMod\\.io\\.from|io\\.exception\\.valid|io\\.exception\\.bits'
[06:31:37] [spechunter] [Grep] pattern='val ifetch'
[06:31:37] [spechunter] [Grep] pattern='io\\.tlb\\.pmm|tlb.*pmm'
[06:31:37] [spechunter] [Grep] pattern='PMM'
[06:31:37] [spechunter] [Read] /home/yzs/riscv/freebsd-src/sys/riscv/riscv/exception.S
[06:31:37] [spechunter] [Grep] pattern='sv_sendsig|sendsig|sigcode|si_addr'
[06:31:41] [spechunter] [Grep] pattern='csrIn.*exception|robs_.*exception|exception.*Valid|robs_.*exception'
[06:31:41] [spechunter] [Grep] pattern='class CSRWrapperInput|csrIn\\.exception'
[06:31:42] [spechunter] [Grep] pattern='isFetchMalAddr'
[06:31:46] [spechunter] [TodoWrite] 9 items
[06:31:48] [spechunter] [Grep] pattern='ExceptionGen|class ExceptionGen'
[06:31:51] [spechunter] [Read] /home/yzs/riscv/XiangShan/src/main/scala/xiangshan/backend/rob/ExceptionGen.scala
[06:31:54] [spechunter] [Read] /home/yzs/riscv/XiangShan/src/main/scala/xiangshan/backend/fu/wrapper/CSR.scala
[06:31:54] [spechunter] [Grep] pattern='tval|stval|mtval|pointer_mask|PointerMask|PMLEN|EnvPMM|pmm'
[06:31:54] [spechunter] [Read] /home/yzs/riscv/XiangShan/src/main/scala/xiangshan/cache/mmu/TLB.scala
[06:31:54] [spechunter] [text] Now let me check for any additional relevant references in the tools and include paths
[06:31:54] [spechunter] [Grep] pattern='stval|mtval|badaddr'
[06:31:54] [spechunter] [Grep] pattern='CSR_STVAL|CSR_MTVAL|CSR_VSTVAL|CSR_TVAL'
[06:31:56] [spechunter] [text] Now let me look at sendsig to trace full si_addr flow, and the irq/iommu trap paths.  
[06:31:56] [spechunter] [Read] /home/yzs/riscv/freebsd-src/sys/riscv/riscv/exec_machdep.c
[06:31:56] [spechunter] [Read] /home/yzs/riscv/freebsd-src/sys/riscv/riscv/exec_machdep.c
[06:31:56] [spechunter] [Grep] pattern='stval|tf_stval|senvcfg'
[06:31:56] [spechunter] [Read] /home/yzs/riscv/XiangShan/src/main/scala/xiangshan/package.scala
[06:31:56] [spechunter] [Read] /home/yzs/riscv/XiangShan/src/main/scala/xiangshan/backend/fu/wrapper/CSR.scala
[06:32:02] [spechunter] [Grep] pattern='isFetchMalAddr|backendException'
[06:32:02] [spechunter] [Read] /home/yzs/riscv/XiangShan/src/main/scala/xiangshan/backend/fu/NewCSR/CSREvents/TrapEntryMEvent.scala
[06:32:02] [spechunter] [Read] /home/yzs/riscv/XiangShan/src/main/scala/xiangshan/backend/fu/NewCSR/CSREvents/CSREvent.scala
[06:32:02] [spechunter] [Read] /home/yzs/riscv/XiangShan/src/main/scala/xiangshan/backend/fu/NewCSR/CSRBundles.scala
[06:32:09] [spechunter] [text] Let me also check if there are any userspace/test references that materialize stval/mtval in the selftests.  
[06:32:09] [spechunter] [Grep] pattern='stval|mtval|badaddr'
[06:32:09] [spechunter] [Grep] pattern='CSR_TVAL|CSR_STVAL|CSR_MTVAL|CSR_VSTVAL'
[06:32:10] [spechunter] [text] Here is the complete audit result:  ```json {   "locations": [     {       "file_path": "sys/riscv/riscv/trap.c",       ...
[06:32:10] [spechunter] [Grep] pattern='backendException'
[06:32:11] [spechunter] [Grep] pattern='class.*EnvCfg|class.*envcfg'
[06:32:11] [spechunter] [Grep] pattern='class.*EnvCfg|class.*envcfg'
[06:32:11] [spechunter] [Grep] pattern='HUPMM|henvcfg.*PMM|hstatus.*PMM'
[06:32:11] [spechunter] [Read] /home/yzs/riscv/XiangShan/src/main/scala/xiangshan/cache/mmu/TLB.scala
[06:32:11] [spechunter] [text] Now let me check the interrupt handling path and other VMM stval usage.  
[06:32:11] [spechunter] [Grep] pattern='intr_irq_handler'
[06:32:11] [spechunter] [Grep] pattern='stval|tf_stval'
[06:32:11] [spechunter] [Read] /home/yzs/riscv/freebsd-src/sys/riscv/vmm/vmm_riscv.c
[06:32:14] [spechunter] [Read] /home/yzs/riscv/XiangShan/src/main/scala/xiangshan/frontend/ifu/Ifu.scala
[06:32:19] [spechunter] [Grep] pattern='isBackendException'
[06:32:19] [spechunter] [Grep] pattern='checkfullva'
[06:32:19] [spechunter] [Grep] pattern='pointer_mask|stval.*pm|mtval.*pm|pm.*stval|pm.*mtval|tval.*pm|pm.*tval'
[06:32:19] [spechunter] [Grep] pattern='PMM|PMLEN|ENVPMM'
[06:32:19] [spechunter] [Grep] pattern='PMM|PMLEN'
[06:32:24] [spechunter] [text] Let me check the VMM switch code for senvcfg handling, and look deeper at the trap path in vmm_switch.S.  
[06:32:24] [spechunter] [Read] /home/yzs/riscv/freebsd-src/sys/riscv/vmm/vmm_switch.S
[06:32:24] [spechunter] [Grep] pattern='SENVCFG|senvcfg'
[06:32:27] [spechunter] [Read] /home/yzs/riscv/XiangShan/src/main/scala/xiangshan/cache/mmu/MMUConst.scala
[06:32:27] [spechunter] [Grep] pattern='supm|sspm|smmpm|smnpm|ssnpm|Ssnpm|Smnpm|Ssmmpm'
[06:32:27] [spechunter] [Read] /home/yzs/riscv/XiangShan/src/main/scala/xiangshan/backend/fu/NewCSR/HypervisorLevel.scala
[06:32:32] [spechunter] [Read] /home/yzs/riscv/linux/arch/riscv/kernel/traps.c
[06:32:32] [spechunter] [Grep] pattern='untagged_addr|mm_untag_mask'
[06:32:32] [spechunter] [Grep] pattern='si_addr|siginfo'
[06:32:36] [spechunter] [Grep] pattern='checkfullva'
[06:32:36] [spechunter] [Grep] pattern='class TlbReq|checkfullva'
[06:32:36] [spechunter] [Grep] pattern='class TlbCsrBundle|pmm"'
[06:32:36] [spechunter] [Grep] pattern='mtval.*write|stval.*write|write.*mtval|write.*stval|xtval'
[06:32:37] [spechunter] [Grep] pattern='class XtvalBundle|class Mtval2Bundle|class OneFieldBundle'
[06:32:37] [spechunter] [Grep] pattern='force_sig_fault'
[06:32:37] [spechunter] [Grep] pattern='untagged_addr|mm_untag_mask|untag|si_addr'
[06:32:39] [spechunter] [text] Let me check the SCAUSE constants and the existing JSON audit files for format reference.  
[06:32:39] [spechunter] [Grep] pattern='SCAUSE_INST_PAGE_FAULT|SCAUSE_LOAD_PAGE_FAULT|SCAUSE_STORE_PAGE_FAULT'
[06:32:39] [spechunter] [Glob] *_audit.json
[06:32:39] [spechunter] [Read] /home/yzs/riscv/freebsd-src/sys/riscv/include/trap.h
[06:32:46] [spechunter] [Read] /home/yzs/riscv/qemu/target/riscv/cpu_helper.c
[06:32:46] [spechunter] [Read] /home/yzs/riscv/qemu/target/riscv/tcg/tcg-cpu.c
[06:32:47] [spechunter] [Grep] pattern='exceptionAddr|ExceptionAddr'
[06:32:49] [spechunter] [Grep] pattern='arch_untagged_si_addr'
[06:32:49] [spechunter] [Read] /home/yzs/riscv/linux/kernel/signal.c
[06:32:49] [spechunter] [Grep] pattern='arch_untagged_si_addr'
[06:32:51] [spechunter] [Grep] pattern='riscv_cpu_trap'
[06:32:51] [spechunter] [Read] /home/yzs/riscv/qemu/target/riscv/internals.h
[06:32:52] [spechunter] [Read] /home/yzs/riscv/XiangShan/src/main/scala/xiangshan/backend/fu/CSR.scala
[06:32:55] [spechunter] [Grep] pattern='class TlbCsrBundle'
[06:32:55] [spechunter] [Grep] pattern='class.*EnvPMM|object.*EnvPMM|val.*PMLEN'
[06:32:55] [spechunter] [Bash] Read trap.h
[06:32:55] [spechunter] [Read] /home/yzs/riscv/freebsd-src/sstvala_breakpoint_audit.json
[06:33:04] [spechunter] [text] Let me check the context management for stval in get/set_mcontext and cpu_switch paths
[06:33:04] [spechunter] [Grep] pattern='tf_stval|stval|senvcfg'
[06:33:04] [spechunter] [Grep] pattern='tf_stval|stval|senvcfg'
[06:33:04] [spechunter] [Grep] pattern='tf_stval|stval'
[06:33:06] [spechunter] [Read] /home/yzs/riscv/linux/include/linux/signal.h
[06:33:06] [spechunter] [Read] /home/yzs/riscv/linux/arch/riscv/kvm/vcpu_onereg.c
[06:33:06] [spechunter] [Grep] pattern='handle_mm_fault.*untag|untag.*handle_mm|handle_pte_fault.*untag'
[06:33:08] [spechunter] [text] 现在我有了完整的图景。以下是全面的结果：  ```json {   "locations": [     {       "file_path": "arch/riscv/include/asm/csr.h",       "functio...
[06:33:08] [spechunter] [Read] /home/yzs/riscv/XiangShan/src/main/scala/xiangshan/backend/fu/CSR.scala
[06:33:24] [spechunter] [Grep] pattern='get_mcontext|set_mcontext'
[06:33:24] [spechunter] [Grep] pattern='csr_write.*senvcfg|csr_read.*senvcfg'
[06:33:26] [spechunter] [Read] /home/yzs/riscv/XiangShan/src/main/scala/xiangshan/frontend/ftq/Ftq.scala
[06:33:35] [spechunter] [Grep] pattern='pointer_wrap'
[06:33:35] [spechunter] [Grep] pattern='pointer_wrap'
[06:33:41] [spechunter] [Read] /home/yzs/riscv/freebsd-src/sys/riscv/riscv/exec_machdep.c
[06:33:44] [spechunter] [Read] /home/yzs/riscv/XiangShan/src/main/scala/xiangshan/backend/rob/Rob.scala
[06:33:47] [spechunter] [Read] /home/yzs/riscv/freebsd-src/sys/riscv/vmm/vmm_riscv.c
[06:33:47] [spechunter] [Read] /home/yzs/riscv/freebsd-src/sys/riscv/vmm/vmm_riscv.c
[06:33:48] [spechunter] [Read] /home/yzs/riscv/XiangShan/src/main/scala/xiangshan/backend/fu/wrapper/CSR.scala
[06:33:49] [spechunter] [Grep] pattern='pointer_wrap'
[06:33:49] [spechunter] [Read] /home/yzs/riscv/qemu/target/riscv/internals.h
[06:33:52] [spechunter] [Read] /home/yzs/riscv/freebsd-src/sys/riscv/vmm/vmm_riscv.c
[06:33:52] [spechunter] [Grep] pattern='vm_exit|struct vm_exit'
[06:33:55] [spechunter] [text] Let me check the SiFive errata path, the KVM stval write-back path, and the ENVCFG_PMM management.  
[06:33:55] [spechunter] [Grep] pattern='sifive_cip_453|ADD_SIGN_EXT|ALT_INSN_FAULT|ALT_PAGE_FAULT'
[06:33:55] [spechunter] [Read] /home/yzs/riscv/linux/arch/riscv/kernel/cpufeature.c
[06:33:55] [spechunter] [Grep] pattern='envcfg_update_bits|ENVCFG_PMM|CSR_ENVCFG|write_envcfg'
[06:34:23] [spechunter] [Grep] pattern='struct vm_exit|stval'
[06:34:23] [spechunter] [Grep] pattern='stval'
[06:34:23] [spechunter] [Grep] pattern='VM_RUN|copyout|vm_exit|stval'
[06:34:37] [spechunter] [Read] /home/yzs/riscv/freebsd-src/sys/amd64/include/vmm.h
[06:34:37] [spechunter] [Glob] **/vmm/vmm_dev.c
[06:34:49] [spechunter] [text] Now let me check for any other places where badaddr gets transformed and the KVM unpriv read path more carefully.  
[06:34:49] [spechunter] [Read] /home/yzs/riscv/linux/arch/riscv/kvm/vcpu_exit.c
[06:34:49] [spechunter] [Grep] pattern='ALT_INSN_FAULT|ALT_PAGE_FAULT'
[06:34:49] [spechunter] [Read] /home/yzs/riscv/linux/arch/riscv/kvm/vcpu_onereg.c
[06:34:55] [spechunter] [Grep] pattern='gen_jalr|helper_jalr|trans_jalr'
[06:34:55] [spechunter] [Grep] pattern='gen_set_gpri|gen_set_pc|gen_load_target_address|set_pc'
[06:35:06] [spechunter] [Grep] pattern='trans_jalr'
[06:35:06] [spechunter] [Grep] pattern='gen_jalr'
[06:35:26] [spechunter] [Read] /home/yzs/riscv/qemu/target/riscv/insn_trans/trans_rvi.c.inc
[06:35:26] [spechunter] [Read] /home/yzs/riscv/qemu/target/riscv/kvm/kvm-cpu.c
[06:35:28] [spechunter] [text] Now let me trace the data path more carefully to understand how `trapMemVA` is computed and whether pointer masking coul...
[06:35:28] [spechunter] [TodoWrite] 6 items
[06:35:32] [spechunter] [TodoWrite] 6 items
[06:35:34] [spechunter] [Read] /home/yzs/riscv/XiangShan/src/main/scala/xiangshan/backend/fu/NewCSR/CSREvents/TrapEntryHSEvent.scala
[06:35:34] [spechunter] [Read] /home/yzs/riscv/XiangShan/src/main/scala/xiangshan/backend/fu/NewCSR/CSREvents/TrapEntryMEvent.scala
[06:35:34] [spechunter] [Read] /home/yzs/riscv/XiangShan/src/main/scala/xiangshan/backend/fu/NewCSR/CSREvents/TrapEntryVSEvent.scala
[06:35:41] [spechunter] [Grep] pattern='gen_exception_inst_addr_mis'
[06:35:41] [spechunter] [Grep] pattern='gen_exception'
[06:35:54] [spechunter] [text] I'll analyze these locations against the PR: "Clarify that instruction addresses store to *tval are not pointer masked."...
[06:35:54] [spechunter] [Read] /home/yzs/riscv/freebsd-src/sys/riscv/riscv/trap.c
[06:35:54] [spechunter] [Read] /home/yzs/riscv/freebsd-src/sys/riscv/riscv/trap.c
[06:35:54] [spechunter] [Read] /home/yzs/riscv/freebsd-src/sys/riscv/riscv/trap.c
[06:35:55] [spechunter] [text] Now let me trace where `memExceptionVAddr` originates — this is critical for understanding whether pointer masking is ap...
[06:35:55] [spechunter] [Read] /home/yzs/riscv/XiangShan/src/main/scala/xiangshan/backend/fu/NewCSR/NewCSR.scala
[06:35:55] [spechunter] [Grep] pattern='excpVA|memExceptionVAddr|fromMem.*excp'
[06:36:01] [spechunter] [Grep] pattern='fromMem|excpVA'
[06:36:01] [spechunter] [Read] /home/yzs/riscv/XiangShan/src/main/scala/xiangshan/backend/fu/NewCSR/NewCSR.scala
[06:36:02] [spechunter] [Read] /home/yzs/riscv/linux/mm/memory.c
[06:36:02] [spechunter] [Read] /home/yzs/riscv/linux/mm/memory.c
[06:36:07] [spechunter] [text] Now let me trace back where `csrIn.memExceptionVAddr` originates — it's the crucial path for whether PM could be applied...
[06:36:07] [spechunter] [Grep] pattern='memExceptionVAddr|excpVA'
[06:36:07] [spechunter] [Grep] pattern='memExceptionVAddr'
[06:36:12] [spechunter] [Grep] pattern='exceptionAddr'
[06:36:32] [spechunter] [Grep] pattern='pm|pointer_mask|badaddr|stval|mtval'
[06:36:32] [spechunter] [Read] /home/yzs/riscv/qemu/target/riscv/cpu.c
[06:36:36] [spechunter] [Read] /home/yzs/riscv/qemu/target/riscv/machine.c
[06:36:39] [spechunter] [Read] /home/yzs/riscv/XiangShan/src/main/scala/xiangshan/XSCore.scala
[06:36:39] [spechunter] [Grep] pattern='mem_to_ooo'
[06:36:43] [spechunter] [Grep] pattern='lsqio\\.vaddr|lsqio'
[06:37:03] [spechunter] [Grep] pattern='exceptionInfoGen'
[06:37:09] [spechunter] [text] Now let me look at `ExceptionInfoGen` to understand the vaddr source, and also check whether `genTrapVA` or the instruct...
[06:37:09] [spechunter] [Glob] **/ExceptionInfoGen.scala
[06:37:19] [spechunter] [text] Now let me verify the specific instruction-fault handling path against the spec distinction.  
[06:37:19] [spechunter] [Read] /home/yzs/riscv/freebsd-src/sys/riscv/riscv/exception.S
[06:37:19] [spechunter] [Read] /home/yzs/riscv/freebsd-src/sys/riscv/include/frame.h
[06:37:19] [spechunter] [Read] /home/yzs/riscv/freebsd-src/sys/riscv/include/encoding.h
[06:37:27] [spechunter] [Read] /home/yzs/riscv/XiangShan/src/main/scala/xiangshan/mem/lsqueue/ExceptionInfoGen.scala
[06:37:27] [spechunter] [Read] /home/yzs/riscv/XiangShan/src/main/scala/xiangshan/backend/fu/NewCSR/CSREvents/CSREvent.scala
[06:38:12] [spechunter] [text] Now I have enough data to compile the findings. Let me verify one more thing — whether there's any existing cause-based ...
[06:38:12] [spechunter] [Grep] pattern='cause.*INST_PAGE|INST_PAGE.*cause|EXC_INST_PAGE_FAULT'
[06:38:12] [spechunter] [Grep] pattern='EXC_INST_PAGE_FAULT'
[06:38:41] [spechunter] [text] Now let me check the legacy CSR implementation and look for any PM application to the tval path.  
[06:38:41] [spechunter] [TodoWrite] 7 items
[06:38:43] [spechunter] [text] Let me now check the actual fix that's applied on this branch, and also verify a few specific code paths more carefully....
[06:38:43] [spechunter] [Bash] Show the fix commit diff
[06:38:53] [spechunter] [text] Let me trace `in.trapPc` to its source and also look at the TLB's PM logic for ifetch more carefully.  
[06:38:53] [spechunter] [Grep] pattern='trapPc|in\\.trapPc'
[06:39:03] [spechunter] [text] Now let me verify the VMM locations for completeness
[06:39:03] [spechunter] [Read] /home/yzs/riscv/freebsd-src/sys/riscv/vmm/vmm_riscv.c
[06:39:03] [spechunter] [Read] /home/yzs/riscv/freebsd-src/sys/riscv/vmm/vmm_riscv.c
[06:39:03] [spechunter] [Read] /home/yzs/riscv/freebsd-src/sys/riscv/vmm/vmm_riscv.c
[06:39:03] [spechunter] [Read] /home/yzs/riscv/freebsd-src/sys/riscv/vmm/vmm_riscv.c
[06:39:14] [spechunter] [Read] /home/yzs/riscv/XiangShan/src/main/scala/xiangshan/backend/fu/NewCSR/NewCSR.scala
[06:39:14] [spechunter] [Read] /home/yzs/riscv/XiangShan/src/main/scala/xiangshan/cache/mmu/TLB.scala
[06:39:18] [spechunter] [text] Now let me also look at the KVM host trap handler to complete the analysis  
[06:39:18] [spechunter] [Read] /home/yzs/riscv/linux/arch/riscv/kvm/vcpu_switch.S
[06:39:18] [spechunter] [Grep] pattern='try_to_set_pmm|henvcfg.*PMM|ENVCFG_PMM|pointer_masking'
[06:39:18] [spechunter] [text] Let me look more carefully at the actual code in `riscv_cpu_do_interrupt` and the hypervisor paths, since the explore ag...
[06:39:18] [spechunter] [Read] /home/yzs/riscv/qemu/target/riscv/cpu_helper.c
[06:39:18] [spechunter] [Read] /home/yzs/riscv/qemu/target/riscv/cpu_helper.c
[06:39:27] [spechunter] [Read] /home/yzs/riscv/qemu/target/riscv/cpu_helper.c
[06:39:27] [spechunter] [Read] /home/yzs/riscv/qemu/target/riscv/cpu_helper.c
[06:39:58] [spechunter] [text] Now let me also check the KVM path and search for any explicit PM application to tval values
[06:39:58] [spechunter] [Grep] pattern='apply_pm|pm_mask|pointer_mask.*tval|tval.*pm_mask|tval.*PMLEN|PMLEN.*tval'
[06:39:58] [spechunter] [Grep] pattern='stval|mtval|htval|vstval'
[06:39:58] [spechunter] [Grep] pattern='riscv_pm_get_pmlen|riscv_pm_get_pmm|adjust_addr'
[06:40:07] [spechunter] [text] Now let me verify the KVM unpriv read path to see if there's a semantic issue with stval when reclassifying load faults ...
[06:40:07] [spechunter] [Read] /home/yzs/riscv/linux/arch/riscv/kvm/vcpu_exit.c
[06:40:07] [spechunter] [Read] /home/yzs/riscv/linux/arch/riscv/kvm/vcpu_insn.c
[06:40:12] [spechunter] [Read] /home/yzs/riscv/qemu/target/riscv/cpu_helper.c
[06:40:12] [spechunter] [Grep] pattern='adjust_addr|pm_mask|pmlen|PM_PMM'
[06:40:36] [spechunter] [text] Now let me check the front-end IFU to see whether it applies PM to the PC before generating exceptions, and also look at...
[06:40:36] [spechunter] [Read] /home/yzs/riscv/XiangShan/src/main/scala/xiangshan/backend/fu/NewCSR/TrapTvalMod.scala
[06:40:36] [spechunter] [Grep] pattern='pointer_mask|PointerMask|pmm|PMLEN|pm.*mask'
[06:40:43] [spechunter] [text] Let me check for more paths where PM might be inadvertently applied to instruction fetch addresses, and look at addition...
[06:40:43] [spechunter] [Grep] pattern='riscv_cpu_trap\\b'
[06:40:43] [spechunter] [Grep] pattern='pointer_wrap'
[06:40:58] [spechunter] [text] Now I have enough context to produce the cross-validated location set. Here's my analysis:  **The PR clarifies**: `stval...
[06:40:58] [spechunter] [Read] /home/yzs/riscv/freebsd-src/sys/riscv/include/pmap.h
[06:41:05] [spechunter] [Read] /home/yzs/riscv/qemu/target/riscv/tcg/tcg-cpu.c
[06:41:05] [spechunter] [Grep] pattern='adjust_addr\\b|adjust_addr_virt\\b'
[06:41:09] [spechunter] [Read] /home/yzs/riscv/qemu/target/riscv/internals.h
[06:41:09] [spechunter] [Read] /home/yzs/riscv/qemu/target/riscv/cpu_helper.c
[06:41:40] [spechunter] [text] Let me also check KVM paths and the `pointer_wrap` caller in the softmmu to see if instruction fetches could get PM-mask...
[06:41:40] [spechunter] [Grep] pattern='stval|mtval|htval|tval|badaddr'
[06:41:40] [spechunter] [Grep] pattern='get_address|addr_xl|PM_PMM|pmlen|pm_pmm'
[06:41:40] [spechunter] [Read] /home/yzs/riscv/qemu/target/riscv/translate.c
[06:42:06] [spechunter] [Grep] pattern='MemExceptionInfo'
[06:42:28] [spechunter] [Grep] pattern='vaddr.*=|\\.vaddr'
[06:42:42] [spechunter] [text] Now I have a thorough understanding of the full picture. Let me compile the findings.  
[06:42:42] [spechunter] [Write] /home/yzs/riscv/linux/semantic_analysis.json
[06:43:18] [spechunter] [text] Now I have all the context. Let me produce the cross-validated result.  **Key analysis insight**: The fast-path uniforml...
[06:43:33] [spechunter] [text] Let me also check GDB stub and migration paths related to tval CSRs.  
[06:43:33] [spechunter] [Grep] pattern='stval|mtval|htval|vstval|badaddr'
[06:43:33] [spechunter] [Grep] pattern='gdb_read_register|gdb_write_register|gdb_get.*csr|gdb.*tval|gdb.*stval|gdb.*mtval'
[06:43:33] [spechunter] [Read] /home/yzs/riscv/qemu/target/riscv/cpu_helper.c
[06:43:38] [spechunter] [Read] /home/yzs/riscv/qemu/target/riscv/kvm/kvm-cpu.c
[06:43:38] [spechunter] [Read] /home/yzs/riscv/qemu/target/riscv/gdbstub.c
[06:43:42] [spechunter] [text] I'll start by locating the relevant code and spec documents in parallel
[06:43:42] [spechunter] [Grep] pattern='tf_stval'
[06:43:42] [spechunter] [Grep] pattern='page_fault_handler'
[06:43:42] [spechunter] [Grep] pattern='smpm_unmask\\|stval.*mask\\|pm.*stval\\|stval.*pm'
[06:43:42] [spechunter] [Grep] pattern='VIRT_IS_VALID'
[06:43:42] [spechunter] [Glob] **/spec_ref/**/*supervisor*
[06:43:45] [spechunter] [text] Let me check how `pointer_wrap` is invoked in the core softmmu — this is critical because if it wraps instruction fetch ...
[06:43:45] [spechunter] [Grep] pattern='pointer_wrap'
[06:43:45] [spechunter] [Grep] pattern='pointer_wrap'
[06:43:45] [spechunter] [Grep] pattern='mmu_lookup.*pointer_wrap|pointer_wrap.*\\binst\\b|pointer_wrap.*exec|pointer_wrap.*fetch'
[06:43:49] [spechunter] [Read] /home/yzs/riscv/qemu/accel/tcg/cputlb.c
[06:43:49] [spechunter] [Read] /home/yzs/riscv/qemu/accel/tcg/cpu-exec.c
[06:43:51] [spechunter] [Read] /home/yzs/riscv/freebsd-src/sys/riscv/riscv/trap.c
[06:43:51] [spechunter] [Read] /home/yzs/riscv/rv-isa-sec/spec_ref/riscv-isa-manual/src/priv/supervisor.adoc
[06:43:51] [spechunter] [Grep] pattern='pointer.mask|smpm|snmask|tval.*mask|mask.*tval|PM.*stval|stval.*PM|Ssnpm|senvcfg.PMM'
[06:43:59] [spechunter] [text] Now let me look at the source of vaddr in the load queue (where data fault addresses come from), and also the legacy CSR...
[06:43:59] [spechunter] [Grep] pattern='vaddr'
[06:43:59] [spechunter] [Read] /home/yzs/riscv/XiangShan/src/main/scala/xiangshan/backend/fu/CSR.scala
[06:44:05] [spechunter] [text] Now let me read the pointer masking spec and the VIRT_IS_VALID definition.  
[06:44:05] [spechunter] [Read] /home/yzs/riscv/rv-isa-sec/spec_ref/riscv-isa-manual/src/priv/zpm.adoc
[06:44:05] [spechunter] [Grep] pattern='VIRT_IS_VALID'
[06:44:05] [spechunter] [Grep] pattern='Ssnpm|smpm|pm_mask|pointer_mask|PMM|PMLEN'
[06:44:09] [spechunter] [TodoWrite] 3 items
[06:44:22] [spechunter] [text] Let me check how instruction fetches flow through `riscv_cpu_tlb_fill` and whether `pointer_wrap` can apply PM to instru...
[06:44:22] [spechunter] [Read] /home/yzs/riscv/qemu/target/riscv/cpu_helper.c
[06:44:22] [spechunter] [Read] /home/yzs/riscv/qemu/target/riscv/cpu_helper.c
[06:44:37] [spechunter] [text] Let me validate the locations by checking for pointer masking logic in the riscv tree and reading the key locations.  
[06:44:37] [spechunter] [Grep] pattern='pointer_mask|pmask|SNPM|Smmpm'
[06:44:37] [spechunter] [Grep] pattern='tval.*mask|mask.*tval|badaddr.*mask|mask.*badaddr'
[06:44:37] [spechunter] [Grep] pattern='pointer.*mask|mask.*pointer'
[06:44:41] [spechunter] [Read] /home/yzs/riscv/freebsd-src/sys/riscv/include/pmap.h
[06:44:41] [spechunter] [Grep] pattern='tf_stval'
[06:44:41] [spechunter] [Grep] pattern='VM_MIN_KERNEL_ADDRESS'
[06:45:08] [spechunter] [text] Now let me verify if FreeBSD has any Ssnpm support at all, and check the frame structure
[06:45:08] [spechunter] [Read] /home/yzs/riscv/freebsd-src/sys/riscv/include/frame.h
[06:45:08] [spechunter] [Grep] pattern='senvcfg|Senvcfg|SENVCFG'
[06:45:08] [spechunter] [Grep] pattern='Ssnpm|ssnpm|pointer_mask|pm_mask|PMLEN|pmm'
[06:45:10] [spechunter] [text] Let me check the actual commit to understand what changed
[06:45:10] [spechunter] [Bash] Check recent commits touching riscv
[06:45:10] [spechunter] [Bash] Search for commits mentioning tval and pointer masking
[06:45:10] [spechunter] [Bash] Search for commits mentioning instruction addresses
[06:45:25] [spechunter] [text] Let me check the vmm/riscv.h for senvcfg context and also verify there's truly no Ssnpm infrastructure
[06:45:25] [spechunter] [Grep] pattern='senvcfg|PMM|pointer.mask'
[06:45:25] [spechunter] [Grep] pattern='senvcfg|PMM|ssnpm|pointer_mask'
[06:45:25] [spechunter] [Grep] pattern='senvcfg|SENVCFG'
[06:45:47] [spechunter] [Grep] pattern='CSR_TVAL|CSR_STVAL|badaddr|tval'
[06:45:47] [spechunter] [Read] /home/yzs/riscv/linux/arch/riscv/kernel/entry.S
[06:45:47] [spechunter] [Read] /home/yzs/riscv/linux/arch/riscv/mm/fault.c
[06:45:51] [spechunter] [text] Looking at the PR context ("instruction addresses store to *tval are not pointer masked"), I'll cross-validate each loca...
[06:45:51] [spechunter] [Write] /home/yzs/riscv/XiangShan/context_clarification_issue44_locations.json
[06:45:53] [spechunter] [text] Now I have a complete picture. Let me also verify there's no Ssnpm-related infrastructure anywhere in the repo
[06:45:53] [spechunter] [Grep] pattern='Ssnpm|ssnpm|Senpm|senpm'
[06:45:57] [spechunter] [Bash] Check if file exists
[06:46:01] [spechunter] [Read] /home/yzs/riscv/linux/arch/riscv/include/asm/mmu.h
[06:46:01] [spechunter] [Grep] pattern='badaddr|tval|stval'
[06:46:01] [spechunter] [Grep] pattern='pointer_mask|pmask|tagged_addr|supm'
[06:46:10] [spechunter] [Read] /home/yzs/riscv/qemu/target/riscv/kvm/kvm-cpu.c
[06:46:10] [spechunter] [Grep] pattern='mtval|htval|vstval|vsstatus|MXR'
[06:46:12] [spechunter] [Read] /home/yzs/riscv/XiangShan/context_clarification_issue44_locations.json
[06:46:16] [spechunter] [text] Let me also verify there's no boot-time `senvcfg` configuration.  
[06:46:16] [spechunter] [Grep] pattern='senvcfg'
[06:47:18] [spechunter] [text] Now I have all the information needed. Let me compile the analysis.  Summary of findings: - FreeBSD RISC-V has **zero** ...
[06:47:19] [spechunter] [text] Let me verify the key instruction-address-related locations.  
[06:47:19] [spechunter] [Read] /home/yzs/riscv/linux/arch/riscv/kernel/vector.c
[06:47:19] [spechunter] [Read] /home/yzs/riscv/linux/arch/riscv/kvm/vcpu_insn.c
[06:47:19] [spechunter] [Read] /home/yzs/riscv/linux/arch/riscv/kvm/vcpu_insn.c
[06:47:51] [spechunter] [text] The existing file contains a completely different analysis (scontext/hcontext CSRs). Overwriting with the correct *tval ...
[06:47:51] [spechunter] [Write] /home/yzs/riscv/XiangShan/context_clarification_issue44_locations.json
[06:48:06] [spechunter] [text] Now let me look at one more critical path — how instruction fetches reach `riscv_cpu_tlb_fill`  
[06:48:06] [spechunter] [Grep] pattern='MMU_INST_FETCH|access_type.*INST'
[06:48:06] [spechunter] [Read] /home/yzs/riscv/qemu/target/riscv/cpu_helper.c
[06:48:09] [spechunter] [Read] /home/yzs/riscv/qemu/target/riscv/cpu_helper.c
[06:48:18] [spechunter] [text] ## Cross-validation summary  **PR**: "Clarify that instruction addresses store to *tval are not pointer masked"  **Of 19...
[06:48:38] [spechunter] [Agent] description, prompt
[06:49:02] [spechunter] [Read] /home/yzs/riscv/linux/arch/riscv/kvm/vcpu.c
[06:49:02] [spechunter] [Read] /home/yzs/riscv/linux/arch/riscv/kvm/vcpu_exit.c
[06:49:02] [spechunter] [Read] /home/yzs/riscv/linux/arch/riscv/errata/sifive/errata_cip_453.S
[06:49:10] [spechunter] [Glob] **/*.scala
[06:49:10] [spechunter] [Grep] pattern='tval|stval|mtval'
[06:49:10] [spechunter] [Grep] pattern='pointer_mask|PMLEN|pointerMask|pmlen'
[06:49:10] [spechunter] [Grep] pattern='inst_page_fault|inst_access_fault|inst_guest_page'
[06:49:10] [spechunter] [Grep] pattern='ignore_transform|ignoreTransform'
[06:49:30] [spechunter] [Read] /home/yzs/riscv/XiangShan/src/main/scala/xiangshan/backend/fu/NewCSR/TrapTvalMod.scala
[06:49:30] [spechunter] [Read] /home/yzs/riscv/XiangShan/src/main/scala/xiangshan/backend/fu/NewCSR/CSREvents/TrapEntryHSEvent.scala
[06:49:30] [spechunter] [Read] /home/yzs/riscv/XiangShan/src/main/scala/xiangshan/backend/fu/NewCSR/CSREvents/TrapEntryMEvent.scala
[06:49:30] [spechunter] [Read] /home/yzs/riscv/XiangShan/src/main/scala/xiangshan/backend/fu/NewCSR/CSREvents/TrapEntryVSEvent.scala
[06:49:30] [spechunter] [Read] /home/yzs/riscv/XiangShan/src/main/scala/xiangshan/cache/mmu/TLB.scala
[06:49:30] [spechunter] [Read] /home/yzs/riscv/XiangShan/src/main/scala/xiangshan/cache/mmu/MMUConst.scala
[06:49:30] [spechunter] [Read] /home/yzs/riscv/XiangShan/src/main/scala/xiangshan/backend/fu/NewCSR/CSRDefines.scala
[06:49:52] [spechunter] [Grep] pattern='genTrapVA'
[06:49:52] [spechunter] [Grep] pattern='TrapEntryEventInput'
[06:49:52] [spechunter] [Grep] pattern='getFetchFault|EX_IAF|EX_IPF|EX_IGPF|EX_IAM'
[06:49:52] [spechunter] [Grep] pattern='pointer_mask|pointerMask|pmlen|PMLEN'
[06:49:52] [spechunter] [Grep] pattern='class TrapEntryEventInput'
[06:49:52] [spechunter] [text] Now let me check how instruction fetch travels through `riscv_cpu_tlb_fill` — specifically whether the `address` paramet...
[06:49:52] [spechunter] [Read] /home/yzs/riscv/qemu/accel/tcg/cputlb.c
[06:49:58] [spechunter] [text] Let me check where `mmu_lookup` is called for instruction fetches to see if `pointer_wrap` wraps everywhere uniformly
[06:49:58] [spechunter] [Grep] pattern='mmu_lookup\\('
[06:49:58] [spechunter] [Grep] pattern='MMU_INST_FETCH'
[06:50:10] [spechunter] [TodoWrite] 3 items
[06:50:10] [spechunter] [Read] /home/yzs/riscv/XiangShan/src/main/scala/xiangshan/backend/fu/NewCSR/CSREvents/CSREvent.scala
[06:50:10] [spechunter] [Read] /home/yzs/riscv/XiangShan/src/main/scala/xiangshan/package.scala
[06:50:10] [spechunter] [Read] /home/yzs/riscv/XiangShan/src/main/scala/xiangshan/backend/fu/NewCSR/NewCSR.scala
[06:50:10] [spechunter] [Read] /home/yzs/riscv/XiangShan/src/main/scala/xiangshan/cache/mmu/TLB.scala
[06:50:10] [spechunter] [Read] /home/yzs/riscv/XiangShan/src/main/scala/xiangshan/backend/fu/NewCSR/ExceptionBundle.scala
[06:50:22] [spechunter] [text] Let me validate the key locations against the actual code and PR context.  
[06:50:22] [spechunter] [Read] /home/yzs/riscv/qemu/target/riscv/cpu_helper.c
[06:50:22] [spechunter] [Read] /home/yzs/riscv/qemu/target/riscv/cpu_helper.c
[06:50:22] [spechunter] [Read] /home/yzs/riscv/qemu/target/riscv/cpu_helper.c
[06:50:27] [spechunter] [Grep] pattern='tval ='
[06:50:35] [spechunter] [Read] /home/yzs/riscv/qemu/target/riscv/cpu_helper.c
[06:50:35] [spechunter] [Read] /home/yzs/riscv/qemu/target/riscv/cpu_helper.c
[06:50:36] [spechunter] [Grep] pattern='trapEntryMEvent|trapEntryHSEvent|trapEntryVSEvent'
[06:50:36] [spechunter] [Grep] pattern='trapPc|trapPcGPA|memExceptionVAddr|memExceptionGPAddr'
[06:50:36] [spechunter] [Read] /home/yzs/riscv/XiangShan/src/main/scala/xiangshan/backend/fu/NewCSR/NewCSR.scala
[06:50:36] [spechunter] [Grep] pattern='TrapTvalMod'
[06:50:55] [spechunter] [Read] /home/yzs/riscv/XiangShan/src/main/scala/xiangshan/backend/fu/NewCSR/NewCSR.scala
[06:50:55] [spechunter] [Grep] pattern='TrapTvalMod'
[06:50:55] [spechunter] [Read] /home/yzs/riscv/XiangShan/src/main/scala/xiangshan/backend/fu/NewCSR/NewCSR.scala
[06:50:58] [spechunter] [Grep] pattern='addr_xl|pm_mask|pointer_mask|pmlen|PM_PMM'
[06:51:15] [spechunter] [Grep] pattern='trapVec|trap.*pc|raiseIPF|raiseIAF|raiseIGPF|raiseFault'
[06:51:15] [spechunter] [Grep] pattern='trapPc|trapVec|trap.*bits.*pc'
[06:51:15] [spechunter] [Grep] pattern='pointer_mask|PMLEN|pmlen|pointerMask'
[06:51:15] [spechunter] [Grep] pattern='class MbmcBundle|MbmcBundle|mbmc'
[06:51:36] [spechunter] [Grep] pattern='trapPc|trap.*pc|trapVec'
[06:51:36] [spechunter] [Grep] pattern='class MbmcBundle|MbmcBundle|mbmc'
[06:51:36] [spechunter] [Grep] pattern='HasBitmapCheck|BitmapCheck'
[06:51:36] [spechunter] [Read] /home/yzs/riscv/XiangShan/src/main/scala/xiangshan/backend/fu/wrapper/CSR.scala
[06:51:37] [spechunter] [text] Now I have a clear picture. Let me produce the final review
[06:51:37] [spechunter] [TodoWrite] 3 items
[06:51:53] [spechunter] [Read] /home/yzs/riscv/XiangShan/src/main/scala/xiangshan/backend/fu/NewCSR/MachineLevel.scala
[06:51:53] [spechunter] [Grep] pattern='raiseIPF|raiseIAF|raiseIGPF|raiseFault|TargetPCBundle|targetPc'
[06:51:53] [spechunter] [Grep] pattern='raiseIPF|raiseIAF|raiseIGPF|TargetPCBundle|targetPc'
[06:51:53] [spechunter] [Grep] pattern='EffectiveVa|fullva|fullTarget'
[06:51:57] [spechunter] [Read] /home/yzs/riscv/qemu/target/riscv/cpu_helper.c
[06:51:57] [spechunter] [Grep] pattern='badaddr'
[06:51:57] [spechunter] [Grep] pattern='badaddr'
[06:52:03] [spechunter] [Grep] pattern='fullTarget|hasBackendFault|Redirect'
[06:52:03] [spechunter] [Grep] pattern='class Redirect|fullTarget|hasBackendFault'
[06:52:03] [spechunter] [Read] /home/yzs/riscv/XiangShan/src/main/scala/xiangshan/backend/fu/NewCSR/CSREvents/TrapEntryDEvent.scala
[06:52:35] [spechunter] [Grep] pattern='class Redirect|hasBackendFault|fullTarget|backendIAF|backendIPF|backendIGPF'
[06:52:35] [spechunter] [Grep] pattern='backendIAF|backendIPF|backendIGPF|Redirect'
[06:52:35] [spechunter] [Grep] pattern='getFetchFault|EX_IAF|EX_IPF|EX_IGPF|EX_IAM'
[06:52:48] [spechunter] [Read] /home/yzs/riscv/XiangShan/src/main/scala/xiangshan/Bundle.scala
[06:52:48] [spechunter] [Grep] pattern='backendFlush|backend.*fault|fullTarget|backend.*IPF|backend.*IAF|backend.*IGPF|hasBackendFault'
[06:52:48] [spechunter] [Grep] pattern='checkfullva|fullva'
[06:53:03] [spechunter] [Grep] pattern='stval|mtval'
[06:53:03] [spechunter] [Grep] pattern='stval|mtval'
[06:53:03] [spechunter] [Grep] pattern='stval|mtval'
[06:53:03] [spechunter] [Grep] pattern='OneFieldBundle|class OneField'
[06:53:05] [spechunter] [text] ## Final Review  **PR Context:** Clarifies that when a trap causes an *instruction address* to be stored into `*tval` (s...
[06:53:11] [spechunter] [Grep] pattern='excpVA|excpGPA|excpIsForVSnonLeafPTE'
[06:53:11] [spechunter] [Read] /home/yzs/riscv/XiangShan/src/main/scala/xiangshan/backend/fu/NewCSR/VirtualSupervisorLevel.scala
[06:53:11] [spechunter] [Read] /home/yzs/riscv/XiangShan/src/main/scala/xiangshan/backend/fu/NewCSR/SupervisorLevel.scala
[06:53:22] [spechunter] [text] I'll start by reading the relevant source files to understand how CSR_TVAL is read and used in the exception entry and p...
[06:53:22] [spechunter] [Read] /home/yzs/riscv/linux/arch/riscv/kernel/entry.S
[06:53:22] [spechunter] [Read] /home/yzs/riscv/linux/arch/riscv/mm/fault.c
[06:53:29] [spechunter] [Grep] pattern='itlb|iTLB|fetchi|itlb_resp|itlb.*fault|ifetch.*fault'
[06:53:29] [spechunter] [Grep] pattern='instructionPageFault|instPageFault|instAccessFault|instGuestPageFault|instrPageFault'
[06:53:29] [spechunter] [Grep] pattern='icacheTlb|ICacheTlb|icache_tlb'
[06:53:39] [spechunter] [Grep] pattern='instPageFault|instAccessFault|instGuestPageFault'
[06:53:39] [spechunter] [Grep] pattern='icacheToFtq|exceptionType|exceptionFromIc'
[06:53:39] [spechunter] [Grep] pattern='isFetchMalAddr|fetchMalTval|fetchMal'
[06:53:51] [spechunter] [text] Now let me check if there's any code that performs transformations on `badaddr` (e.g., in signal handling or the `do_tra...
[06:53:51] [spechunter] [Grep] pattern='badaddr|PT_BADADDR'
[06:53:51] [spechunter] [Grep] pattern='PMLEN|untag|sign.extend|pointer.mask|pointer_mask'
[06:53:51] [spechunter] [Bash] List spec reference directories
[06:54:08] [spechunter] [text] Let me read the critical errata file that does sign-extension on `badaddr`, and also the `untagged_addr` / `mm_untag_mas...
[06:54:08] [spechunter] [Read] /home/yzs/riscv/linux/arch/riscv/errata/sifive/errata_cip_453.S
[06:54:08] [spechunter] [Read] /home/yzs/riscv/linux/arch/riscv/include/asm/uaccess.h
[06:54:08] [spechunter] [Read] /home/yzs/riscv/linux/arch/riscv/include/asm/mmu_context.h
[06:54:28] [spechunter] [text] Now I have all the data. Let me cross-validate and produce the final set.  **Analysis**: The PR clarifies that instructi...
[06:54:30] [spechunter] [Grep] pattern='pmm|PMLEN|pmlen|pointer_mask'
[06:54:30] [spechunter] [Grep] pattern='PMLEN|pmlen|pointer_mask'
[06:54:30] [spechunter] [Grep] pattern='PMLEN|pmlen|pointer_mask'
[06:54:30] [spechunter] [Read] /home/yzs/riscv/XiangShan/src/main/scala/xiangshan/backend/fu/NewCSR/CSRDefines.scala
[06:54:38] [spechunter] [text] Let me check how the errata handlers are wired in and whether the page fault path applies `untagged_addr` on `badaddr
[06:54:38] [spechunter] [Grep] pattern='ALT_PAGE_FAULT|ALT_INSN_FAULT'
[06:54:38] [spechunter] [Grep] pattern='untagged_addr'
[06:54:38] [spechunter] [Read] /home/yzs/riscv/linux/arch/riscv/include/asm/alternative-macros.h
[06:54:44] [spechunter] [Read] /home/yzs/riscv/linux/arch/riscv/include/asm/errata_list.h
[06:54:46] [spechunter] [text] I'll start by locating the relevant code for pointer masking and tval handling in the QEMU RISC-V implementation
[06:54:46] [spechunter] [Grep] pattern='riscv_cpu_do_interrupt'
[06:54:46] [spechunter] [Grep] pattern='pointer_mask|pm_mask|apply_pm|PMLEN'
[06:54:46] [spechunter] [Grep] pattern='stval|mtval|htval|write_tval'
[06:55:02] [spechunter] [Grep] pattern='pointer_mask|pm_mask|apply_pm|PMLEN|get_pointer_mask'
[06:55:02] [spechunter] [Grep] pattern='pointer_mask|pm_mask|apply_pm|PMLEN|get_pointer_mask'
[06:55:02] [spechunter] [Grep] pattern='riscv_cpu_do_interrupt'
[06:55:05] [spechunter] [text] Now let me check the RISC-V spec for the normative text about pointer masking and `stval` behavior on instruction vs dat...
[06:55:05] [spechunter] [Grep] pattern='stval|tval|pointer.mask.*instruction|instruction.*page.fault.*transform|raw.*untransformed|pointer.*masking.*address'
[06:55:05] [spechunter] [Grep] pattern='SPMP|Supm|Ssnpm|Zpm|pointer_mask'
[06:55:10] [spechunter] [Read] /home/yzs/riscv/qemu/target/riscv/cpu_helper.c
[06:55:10] [spechunter] [Grep] pattern='get_phys_addr|tval|stval|mtval|pm_mask|pointer_mask'
[06:55:11] [spechunter] [text] Let me read the Zpm pointer masking specification and the supervisor spec for `stval
[06:55:11] [spechunter] [Read] /home/yzs/riscv/rv-isa-sec/spec_ref/riscv-isa-manual/modules/priv/zpm.adoc
[06:55:21] [spechunter] [Read] /home/yzs/riscv/XiangShan/src/main/scala/xiangshan/backend/rob/Rob.scala
[06:55:21] [spechunter] [Grep] pattern='checkfullva|fullva|preaf|prepf|pregpf|mmio'
[06:55:21] [spechunter] [Grep] pattern='hasException|backendException|exceptionVec'
[06:55:26] [spechunter] [Glob] **/*zpm*
[06:55:26] [spechunter] [Glob] **/*supervisor*
[06:55:27] [spechunter] [text] Let me look at the pointer masking functions and how they interact with tval
[06:55:27] [spechunter] [Read] /home/yzs/riscv/qemu/target/riscv/cpu_helper.c
[06:55:27] [spechunter] [Grep] pattern='static.*pm_mask|static.*pmlen|pm_enabled|pointer_masking'
[06:55:32] [spechunter] [Grep] pattern='riscv_pm_get_pmlen|pm_get_pmlen'
[06:55:34] [spechunter] [Read] /home/yzs/riscv/rv-isa-sec/spec_ref/riscv-isa-manual/src/priv/zpm.adoc
[06:55:34] [spechunter] [Read] /home/yzs/riscv/rv-isa-sec/spec_ref/riscv-isa-manual/normative_rule_defs/zpm.yaml
[06:55:42] [spechunter] [text] Now I need to understand where `env->badaddr` is set and whether pointer masking is applied before it's stored in tval  
[06:55:42] [spechunter] [Grep] pattern='pmlen|pm_mask|riscv_pm_get'
[06:55:42] [spechunter] [Grep] pattern='env->badaddr'
[06:55:58] [spechunter] [Grep] pattern='faultPC|fault.*pc|ftq.*pc|startAddr|exceptionPc|trapPc|trap_pc'
[06:55:58] [spechunter] [Read] /home/yzs/riscv/XiangShan/src/main/scala/xiangshan/frontend/ibuffer/Bundles.scala
[06:55:58] [spechunter] [Grep] pattern='class FrontendRedirect|FrontendRedirect'
[06:55:58] [spechunter] [Read] /home/yzs/riscv/XiangShan/src/main/scala/xiangshan/frontend/Bundles.scala
[06:55:59] [spechunter] [text] Let me also check the SiFive CIP-453 errata Kconfig description, as it mentions instruction page faults specifically.  
[06:55:59] [spechunter] [Read] /home/yzs/riscv/linux/arch/riscv/Kconfig.errata
[06:55:59] [spechunter] [Read] /home/yzs/riscv/rv-isa-sec/spec_ref/riscv-isa-manual/src/priv/supervisor.adoc
[06:56:00] [spechunter] [Read] /home/yzs/riscv/qemu/target/riscv/cpu_helper.c
[06:56:05] [spechunter] [Grep] pattern='adjust_addr|riscv_pm_get_pmm|riscv_pm_get_vm_ldst_pmm'
[06:56:23] [spechunter] [text] Now let me check how instruction fetch addresses are handled — whether `adjust_addr` is applied to instruction fetches  
[06:56:23] [spechunter] [Grep] pattern='env->badaddr = address'
[06:56:23] [spechunter] [Grep] pattern='raise_mmu_exception'
[06:56:28] [spechunter] [Read] /home/yzs/riscv/qemu/target/riscv/cpu_helper.c
[06:56:58] [spechunter] [text] Now let me trace the call chain to see where `address` comes from — whether PM has already been applied before `raise_mm...
[06:56:58] [spechunter] [Grep] pattern='get_physical_address_wrapper|static bool.*get_physical_addr'
[06:57:04] [spechunter] [Grep] pattern='^static.*get_physical_address'
[06:57:16] [spechunter] [Grep] pattern='riscv_cpu_tlb_fill|adjust_addr'
[06:57:19] [spechunter] [Read] /home/yzs/riscv/qemu/target/riscv/cpu_helper.c
[06:57:24] [spechunter] [Grep] pattern='(s|m)tval'
[06:57:24] [spechunter] [Grep] pattern='pointer_mask|PMLEN|ignore_transform|pm_en|pointerMask'
[06:57:24] [spechunter] [Grep] pattern='trap.*addr|exception.*addr|inst_page_fault|inst_access_fault|inst_guest_page'
[06:57:35] [spechunter] [text] Now let me check how TCG translation applies the address adjustment (pointer masking) before TLB fills
[06:57:35] [spechunter] [Grep] pattern='adjust_addr|addr_xl|addr_src'
[06:57:40] [spechunter] [text] Let me check whether the mm layer's VMA functions apply `untagged_addr` to the address
[06:57:40] [spechunter] [Grep] pattern='lock_vma_under_rcu|lock_mm_and_find_vma'
[06:57:41] [spechunter] [Read] /home/yzs/riscv/XiangShan/src/main/scala/xiangshan/backend/fu/NewCSR/CSREvents/TrapEntryHSEvent.scala
[06:57:41] [spechunter] [Read] /home/yzs/riscv/XiangShan/src/main/scala/xiangshan/backend/fu/NewCSR/CSREvents/TrapEntryMEvent.scala
[06:57:41] [spechunter] [Read] /home/yzs/riscv/XiangShan/src/main/scala/xiangshan/backend/fu/NewCSR/CSREvents/TrapEntryVSEvent.scala
[06:57:55] [spechunter] [text] Now let me find the `genTrapVA` function and the `CSREventBase` definition, which are critical to understanding whether ...
[06:57:55] [spechunter] [Grep] pattern='genTrapVA'
[06:57:55] [spechunter] [Grep] pattern='trait CSREventBase|class CSREvent|genTrapVA'
[06:58:02] [spechunter] [text] Now let me check the key question: whether instruction fetch addresses ever go through PM masking before reaching `badad...
[06:58:02] [spechunter] [Grep] pattern='adjust_addr|get_address|gen_load|gen_store'
[06:58:02] [spechunter] [Read] /home/yzs/riscv/XiangShan/src/main/scala/xiangshan/backend/fu/NewCSR/CSREvents/CSREvent.scala
[06:58:02] [spechunter] [Read] /home/yzs/riscv/XiangShan/src/main/scala/xiangshan/backend/fu/NewCSR/CSREvents/TrapEntryDEvent.scala
[06:58:02] [spechunter] [Read] /home/yzs/riscv/XiangShan/src/main/scala/xiangshan/backend/fu/NewCSR/CSREvents/TrapEntryMNEvent.scala
[06:58:27] [spechunter] [Grep] pattern='adjust_addr\\b'
[06:58:28] [spechunter] [text] Now let me trace where the `trapPc` input comes from and how the CSR module connects these events. I also need to check ...
[06:58:28] [spechunter] [Read] /home/yzs/riscv/XiangShan/src/main/scala/xiangshan/backend/fu/NewCSR/NewCSR.scala
[06:58:28] [spechunter] [Grep] pattern='trapPc|memExceptionVAddr|memExceptionGPAddr'
[06:58:28] [spechunter] [Grep] pattern='pointerMask|pointer_mask|PMLEN|ignore_transform|pm_en'
[06:58:45] [spechunter] [text] Now let me check how instruction fetches specifically reach TLB fill and what address is passed
[06:58:45] [spechunter] [Grep] pattern='tlb_fill|riscv_tr_tb_stop'
[06:58:45] [spechunter] [Grep] pattern='MMU_INST_FETCH.*adjust_addr|adjust_addr.*MMU_INST_FETCH'
[06:58:48] [spechunter] [Read] /home/yzs/riscv/XiangShan/src/main/scala/xiangshan/backend/fu/NewCSR/NewCSR.scala
[06:58:50] [spechunter] [text] Let me check how `do_trap` and the signal path handle the address, and also look at the `lock_mm_and_find_vma` and `lock...
[06:58:50] [spechunter] [Grep] pattern='do_trap\\b'
[06:58:50] [spechunter] [Read] /home/yzs/riscv/linux/mm/mmap_lock.c
[06:58:50] [spechunter] [Grep] pattern='untagged_addr'
[06:59:05] [spechunter] [text] Now let me find where `trapPC` is computed in the NewCSR module, as it's the key variable.  
[06:59:05] [spechunter] [Grep] pattern='trapPC\\b'
[06:59:21] [spechunter] [text] Let me check where `excpVA` originates to see if it has pointer masking applied
[06:59:21] [spechunter] [Grep] pattern='excpVA'
[06:59:23] [spechunter] [text] Let me now look at the CSR handlers and the code that stores tval to STVAL/MTVAL, and also check how the kernel side han...
[06:59:23] [spechunter] [Read] /home/yzs/riscv/qemu/target/riscv/cpu_helper.c
[06:59:23] [spechunter] [Grep] pattern='stval|mtval|htval|tval'
[06:59:25] [spechunter] [text] Now let me check where `memExceptionVAddr` is generated in the backend to see if pointer masking is applied  
[06:59:25] [spechunter] [Grep] pattern='memExceptionVAddr'
[06:59:47] [spechunter] [text] Now let me focus specifically on the pointer masking in the TLB and how addresses are passed to the CSR
[06:59:47] [spechunter] [Read] /home/yzs/riscv/XiangShan/src/main/scala/xiangshan/cache/mmu/TLB.scala
[06:59:47] [spechunter] [Read] /home/yzs/riscv/XiangShan/src/main/scala/xiangshan/cache/mmu/MMUConst.scala
[06:59:47] [spechunter] [Grep] pattern='exceptionAddr'
[06:59:52] [spechunter] [text] Now let me check the QEMU softmmu template to understand what address is passed for instruction fetch faults
[06:59:52] [spechunter] [Grep] pattern='do_transaction_failed|do_unaligned_access'
[06:59:52] [spechunter] [Grep] pattern='VIRT_INST|INST_GUEST_PAGE_FAULT'
[07:00:28] [spechunter] [text] Now let me look at the TLB pointer masking implementation and check whether address masking is applied to instruction fe...
[07:00:28] [spechunter] [Read] /home/yzs/riscv/XiangShan/src/main/scala/xiangshan/cache/mmu/TLB.scala
[07:00:28] [spechunter] [Read] /home/yzs/riscv/XiangShan/src/main/scala/xiangshan/cache/mmu/MMUConst.scala
[07:00:46] [spechunter] [text] Let me check what the vaddr in the LSQ contains — whether the original VA or the effective VA  
[07:00:46] [spechunter] [Grep] pattern='vaddr'
[07:01:05] [spechunter] [text] Now let me check how the exception VA is generated in the LSQ  
[07:01:05] [spechunter] [Read] /home/yzs/riscv/XiangShan/src/main/scala/xiangshan/mem/lsqueue/ExceptionInfoGen.scala
[07:01:16] [spechunter] [Read] /home/yzs/riscv/linux/arch/riscv/kernel/traps.c
[07:01:16] [spechunter] [Read] /home/yzs/riscv/linux/mm/memory.c
[07:01:16] [spechunter] [Read] /home/yzs/riscv/linux/mm/memory.c
[07:02:09] [spechunter] [text] Now let me check the pointer masking spec and the menvcfg PMM fields in the CSR definition:  
[07:02:09] [spechunter] [Read] /home/yzs/riscv/XiangShan/src/main/scala/xiangshan/backend/fu/NewCSR/CSRDefines.scala
[07:02:09] [spechunter] [Bash] List spec reference directories
[07:02:44] [spechunter] [text] Let me trace the exception VA path from the load/store pipeline  
[07:02:44] [spechunter] [Grep] pattern='exceptionInfo|exceptionVa|exception.*vaddr'
[07:02:44] [spechunter] [Grep] pattern='exceptionInfo|exceptionVa|exception.*vaddr'
[07:02:44] [spechunter] [Read] /home/yzs/riscv/XiangShan/src/main/scala/xiangshan/mem/lsqueue/LoadQueueUncache.scala
[07:02:44] [spechunter] [text] Let me also check the signal delivery path and how `badaddr` flows through signal handling.  
[07:02:44] [spechunter] [Grep] pattern='badaddr|siginfo|si_addr'
[07:02:44] [spechunter] [Grep] pattern='mm_untag_mask'
[07:03:03] [spechunter] [Grep] pattern='mm_untag_mask'
[07:03:03] [spechunter] [Grep] pattern='untagged_addr'
[07:03:07] [spechunter] [Bash] List spec files
[07:03:18] [spechunter] [Grep] pattern='exceptionFullva'
[07:03:55] [spechunter] [Grep] pattern='trap.*pc|trapPc|\\.pc\\b'
[07:03:55] [spechunter] [Grep] pattern='pointer.mask.*tval|tval.*pointer.mask|instruction.*pointer.mask|ifetch.*pointer|PMLEN|stval.*instruction|mtval.*instruction'
[07:04:23] [spechunter] [text] Now let me search for the relevant spec text about pointer masking for instruction fetches vs tval
[07:04:23] [spechunter] [Grep] pattern='pointer.mask|PMLEN|pointer-mask|tval.*instruction|instruction.*val'
[07:04:56] [spechunter] [text] Now I have a complete picture. Let me also check how the CIP-453 errata is wired to confirm it's scoped only to instruct...
[07:04:56] [spechunter] [Grep] pattern='ERRATA_SIFIVE_CIP_453'
[07:06:48] [spechunter] [text] Now let me verify a few more details about how the `handle_page_fault` caller dispatches, and check whether `handle_mm_f...
[07:06:48] [spechunter] [Read] /home/yzs/riscv/linux/arch/riscv/kernel/traps.c
[07:06:48] [spechunter] [Grep] pattern='do_page_fault'
[07:07:58] [spechunter] [text] Now I have a complete picture. Let me compose the final analysis.  
[07:07:58] [spechunter] [Read] /home/yzs/riscv/linux/arch/riscv/kernel/signal.c
[07:09:10] [spechunter] [text] Now let me check if there's any code path that applies untagging in VMA lookup functions that might be called from the p...
[07:09:10] [spechunter] [Grep] pattern='untagged_addr'
[07:09:10] [spechunter] [Grep] pattern='untagged_addr'
[07:09:10] [spechunter] [Read] /home/yzs/riscv/linux/arch/riscv/kernel/traps.c
[07:10:09] [spechunter] [text] Now let me also check the `__set_pt_regs` path and verify there are no other transformations happening, and look at the ...
[07:10:09] [spechunter] [Read] /home/yzs/riscv/rv-isa-sec/spec_ref/riscv-isa-manual/src/priv/zpm.adoc
[07:10:09] [spechunter] [Read] /home/yzs/riscv/rv-isa-sec/spec_ref/riscv-isa-manual/src/priv/zpm.adoc
