[05:12:10] [spechunter] PR loaded: #2576 riscv/riscv-isa-manual — "[Zvdot4a8i] Extension for vector dot product (4-element, 8-bit integer) Version 0.1"
[05:12:10] [spechunter]   diff: 97572 chars  body: 794 chars  reviews: 1
[05:12:10] [spechunter] Global pre-filter running...
[05:12:20] [spechunter] [text] {"should_skip": false}
[05:12:21] [spechunter] pre-filter: should_skip=False reason=""
[05:12:36] [spechunter] [text] {"should_skip": false}
[05:12:38] [spechunter] [text] {"should_skip": true, "skip_reason": "Zvdot4a8i is a vector ISA instruction extension for dot product operations; it doe...
[05:12:40] [spechunter] [text] {"should_skip": false}
[05:12:47] [spechunter] [Grep] pattern='zvdot|Zvdot|vector.*dot|vdot'
[05:12:47] [spechunter] [Grep] pattern='HasVector|Zve32x|ZVFH|vector.*extension'
[05:12:53] [spechunter] [text] {"should_skip": true, "skip_reason": "Pure vector compute extension adding dot-product instructions; no new CSRs, archit...
[05:13:03] [spechunter] [Grep] pattern='Zvdot|Zvdot4a8i|vdot4'
[05:13:04] [spechunter] [text] ```json {   "violation_condition": "QEMU executes vdot4a/vdot4au/vdot4asu/vdot4aus with vsew != 32 (e.g. SEW=8, 16, or 6...
[05:13:20] [spechunter] [text] {"should_skip": false}
[05:13:21] [spechunter] [Grep] pattern='vdot4a|vdot4au|vdot4asu'
[05:13:21] [spechunter] [Grep] pattern='OPMVV.*101100|OPMVX.*101110'
[05:13:21] [spechunter] [Grep] pattern='vext_check_dot_product|vdot4a.*vsew|s->vsew\\s*!=\\s*2'
[05:13:28] [spechunter] [text] ```json {   "violation_condition": "Kernel code (e.g., crypto, checksum, or integrity verification) uses Zvdot4a8i instr...
[05:13:35] [spechunter] [Grep] pattern='dot.*product|vdot|vdota'
[05:13:35] [spechunter] [Grep] pattern='zvdot|dot4a'
[05:13:35] [spechunter] [Grep] pattern='101100|101110'
[05:13:41] [spechunter] [Agent] description, subagent_type
[05:13:41] [spechunter] [Agent] description, subagent_type
[05:13:50] [spechunter] [text] ```json {   "violation_condition": "When the vector decoder dispatches a Zvdot4a8i instruction (vdot4a, vdot4au, vdot4as...
[05:13:52] [spechunter] [Grep] pattern='vdot4a[su]?\\.(vv|vx)'
[05:13:52] [spechunter] [Grep] pattern='vdot4a'
[05:13:52] [spechunter] [Grep] pattern='vdot4a[su]?\\.(vv|vx).*(checksum|crc|hash|mac|integrity|auth|crypto)'
[05:13:53] [spechunter] [text] No matches found for any of the Zvdot4a8i-related entities across the entire QEMU codebase. The instruction encodings `1...
[05:14:07] [spechunter] [Grep] pattern='vdot4a'
[05:14:07] [spechunter] [Grep] pattern='dotProduct|dot_product|DOT_PRODUCT|ZDOT'
[05:14:07] [spechunter] [Grep] pattern='isReservedSEW|reservedSEW'
[05:14:07] [spechunter] [Grep] pattern='SEW.*!=.*32|SEW.*===.*32|isSEW32|SEW32'
[05:14:07] [spechunter] [Grep] pattern='vtypeCheck|vtype_check|VtypeCheck|vtypeIllegal'
[05:14:08] [spechunter] [Grep] pattern='vext_check_'
[05:14:08] [spechunter] [Grep] pattern='vext_check_dot_product\\|vext_check_dot'
[05:14:08] [spechunter] [Grep] pattern='vsew\\|require_vsew\\|require_vext_check'
[05:14:08] [spechunter] [Grep] pattern='vext_check_isa_ill'
[05:14:08] [spechunter] [Grep] pattern='OPMVV\\|OPMVX'
[05:14:08] [spechunter] [Grep] pattern='require_vsew\\|require_vext'
[05:14:08] [spechunter] [Grep] pattern='vext_check_'
[05:14:08] [spechunter] [Grep] pattern='OP_VDOT|vdots|vdoth|MATCH_V.*[Dd]ot'
[05:14:08] [spechunter] [Grep] pattern='dot4|dot_product|dotprod'
[05:14:08] [spechunter] [Grep] pattern='0x[0-9a-fA-F]+.*dot|dot.*0x[0-9a-fA-F]+'
[05:14:10] [spechunter] [TodoWrite] 6 items
[05:14:12] [spechunter] [Grep] pattern='vdot4a|vdot[a]|vdota'
[05:14:12] [spechunter] [Grep] pattern='zvdot|dot.product'
[05:14:12] [spechunter] [Grep] pattern='101100|101110'
[05:14:12] [spechunter] [Glob] target/riscv/**/*.decode
[05:14:12] [spechunter] [Grep] pattern='vext_check.*[Dd]ot|vext_check.*[Ss]ew|vext_check.*8'
[05:14:13] [spechunter] [Agent] description, subagent_type
[05:14:13] [spechunter] [text] ```json {   "locations": [] } ```
[05:14:26] [spechunter] [Grep] pattern='vdot4a[us]?'
[05:14:26] [spechunter] [Grep] pattern='vdot4'
[05:14:26] [spechunter] [Grep] pattern='zvdot'
[05:14:26] [spechunter] [Grep] pattern='dot4'
[05:14:28] [spechunter] [Grep] pattern='SEW.*!=.*32'
[05:14:28] [spechunter] [Grep] pattern='vtypeCheck|vtypeIllegal'
[05:14:28] [spechunter] [Grep] pattern='isReservedSEW'
[05:14:28] [spechunter] [Grep] pattern='sew.*illegal|illegalSEW|illegal.*SEW|SEW.*illegal|SEW.*error'
[05:14:28] [spechunter] [Grep] pattern='vlmul_vtype|vtype_check|vtypeCheck|checkVtype'
[05:14:34] [spechunter] [Read] /home/yzs/riscv/qemu/target/riscv/insn_trans/trans_rvv.c.inc
[05:14:34] [spechunter] [Read] /home/yzs/riscv/qemu/target/riscv/insn_trans/trans_rvv.c.inc
[05:14:34] [spechunter] [Grep] pattern='dot_product\\|vedot\\|vdot\\|OPMVV\\|OPMVX'
[05:14:34] [spechunter] [Grep] pattern='require_vsew\\|check_vsew\\|sew == \\|sew ==\\|s->sew == '
[05:14:34] [spechunter] [Grep] pattern='sew'
[05:14:34] [spechunter] [Grep] pattern='sew'
[05:14:36] [spechunter] [Grep] pattern='dot_product|dot_prod|vdot'
[05:14:36] [spechunter] [Grep] pattern='zvdot|ZVVDOT|Zvdot'
[05:14:36] [spechunter] [Grep] pattern='vdot4|dot4|dota'
[05:14:36] [spechunter] [Grep] pattern='sew.*!=.*8|sew.*==.*8|require.*sew|vsew'
[05:14:36] [spechunter] [Bash] List all RVV trans files
[05:14:39] [spechunter] [Grep] pattern='vdot4a'
[05:14:39] [spechunter] [Grep] pattern='isReservedSEW'
[05:14:39] [spechunter] [Grep] pattern='vtypeCheck.{0,5}dot|dot.{0,5}vtypeCheck'
[05:14:39] [spechunter] [Grep] pattern='dot4|dotProduct|dot_product'
[05:14:47] [spechunter] [text] No direct instruction matches. Let me broaden the search to find the semantic equivalent — RISC-V vector crypto, dot pro...
[05:14:47] [spechunter] [Grep] pattern='riscv.*vector.*crypto|vector.*crypto.*riscv|zvk|zvbb|zvbc|zvkg|zvkn'
[05:14:47] [spechunter] [Grep] pattern='riscv.*isa.*ext.*vector|vector.*isa.*ext'
[05:14:47] [spechunter] [Grep] pattern='(checksum|crc|hash|mac|integrity|auth|crypto).*vector|vector.*(checksum|crc|hash|mac|integrity|auth|crypto)'
[05:14:47] [spechunter] [Glob] **/crypto/**/*riscv*
[05:14:47] [spechunter] [Glob] **/arch/riscv/crypto/**
[05:14:51] [spechunter] [Grep] pattern='illegalSEW|SEW.*reserved|reserved.*SEW|VSew\\.isReserved|isReserved'
[05:14:51] [spechunter] [Grep] pattern='illegalSEW|SEW.*reserved|reserved.*SEW|VSew\\.isReserved|isReserved'
[05:14:51] [spechunter] [Grep] pattern='SEW.*!=.*32'
[05:14:51] [spechunter] [Grep] pattern='VecExceptionGen|vecException'
[05:14:58] [spechunter] [Grep] pattern='require_rvv'
[05:14:58] [spechunter] [Read] /home/yzs/riscv/qemu/target/riscv/insn_trans/trans_rvv.c.inc
[05:14:58] [spechunter] [Read] /home/yzs/riscv/qemu/target/riscv/insn_trans/trans_rvv.c.inc
[05:14:58] [spechunter] [Grep] pattern='OPMVV\\|OPMVX'
[05:15:03] [spechunter] [Bash] List top-level source directories
[05:15:03] [spechunter] [Grep] pattern='zv.*dot|dot4|vdot'
[05:15:03] [spechunter] [Grep] pattern='SEW'
[05:15:03] [spechunter] [Glob] **/vpu/**/*.scala
[05:15:03] [spechunter] [Glob] **/vector/**/*.scala
[05:15:04] [spechunter] [Grep] pattern='vdot4a|zvdot|vdot'
[05:15:04] [spechunter] [Grep] pattern='vdot4a|zvdot|vdot'
[05:15:04] [spechunter] [Grep] pattern='vdot4a|zvdot|vdot'
[05:15:04] [spechunter] [Bash] Search git history for vdot-related commits
[05:15:04] [spechunter] [Bash] Search git history for dot product related commits
[05:15:13] [spechunter] [Grep] pattern='SEW'
[05:15:13] [spechunter] [Grep] pattern='vdot|dot.?product|dot4a|vdota'
[05:15:13] [spechunter] [Grep] pattern='SEW'
[05:15:20] [spechunter] [Bash] List vector ISA decode directory
[05:15:20] [spechunter] [Bash] List decode directory contents
[05:15:20] [spechunter] [Bash] List vector functional unit directory
[05:15:31] [spechunter] [text] Now let me explore the RISC-V vector crypto code deeply to find semantically equivalent dot-product-and-accumulate patte...
[05:15:31] [spechunter] [TodoWrite] 6 items
[05:15:31] [spechunter] [Grep] pattern='101100.*1010111|101110.*1010111|010100.*1110111|010110.*1110111'
[05:15:31] [spechunter] [Grep] pattern='opivv|opfvv|opmvx|opmvv|1010111|1110111'
[05:15:31] [spechunter] [Grep] pattern='@r_vm_1|@r_vm'
[05:15:31] [spechunter] [Bash] Count lines in key files
[05:15:31] [spechunter] [Bash] Check current HEAD commit
[05:15:31] [spechunter] [Bash] Show current branch
[05:15:34] [spechunter] [Read] /home/yzs/riscv/XiangShan/src/main/scala/xiangshan/backend/decode/VecDecoder.scala
[05:15:34] [spechunter] [Read] /home/yzs/riscv/XiangShan/src/main/scala/xiangshan/backend/decode/VecExceptionGen.scala
[05:15:34] [spechunter] [Read] /home/yzs/riscv/XiangShan/src/main/scala/xiangshan/backend/fu/vector/Bundles.scala
[05:15:34] [spechunter] [Read] /home/yzs/riscv/XiangShan/src/main/scala/xiangshan/backend/fu/vector/VIMacU.scala
[05:15:35] [spechunter] [text] Let me also check the decode tables and vector-related definitions for completeness.  
[05:15:35] [spechunter] [Grep] pattern='VSew'
[05:15:35] [spechunter] [Grep] pattern='VIMacU|VIMac'
[05:15:35] [spechunter] [Grep] pattern='vector.*decode|DecodeTable|vArith|isVArith|VECTOR_ARITH|OPFV'
[05:15:38] [spechunter] [Read] /home/yzs/riscv/qemu/target/riscv/insn_trans/trans_rvv.c.inc
[05:15:38] [spechunter] [Grep] pattern='OPMVV'
[05:15:38] [spechunter] [Grep] pattern='OPMVX'
[05:15:38] [spechunter] [Grep] pattern='dot_product\\|vdot\\|DOT\\|dotp'
[05:15:38] [spechunter] [Read] /home/yzs/riscv/qemu/target/riscv/vector_internals.h
[05:15:38] [spechunter] [Grep] pattern='GEN_OPIVV_TRANS\\|GEN_OPIVX_TRANS'
[05:15:42] [spechunter] [Read] /home/yzs/riscv/linux/arch/riscv/crypto/aes-macros.S
[05:15:42] [spechunter] [Read] /home/yzs/riscv/linux/arch/riscv/crypto/sm3-riscv64-zvksh-zvkb.S
[05:15:42] [spechunter] [Read] /home/yzs/riscv/linux/arch/riscv/crypto/sm4-riscv64-zvksed-zvkb.S
[05:15:42] [spechunter] [Read] /home/yzs/riscv/linux/arch/riscv/crypto/ghash-riscv64-zvkg.S
[05:15:45] [spechunter] [Grep] pattern='vdot|dotProduct|dot_product|vmac|vmadd'
[05:15:45] [spechunter] [Grep] pattern='vdot|dotProduct|dot_product|vmac|vmadd'
[05:15:45] [spechunter] [Glob] src/main/scala/xiangshan/backend/fu/vector/**/*.scala
[05:15:55] [spechunter] [Grep] pattern='dot|vdot|DotProduct'
[05:15:55] [spechunter] [Grep] pattern='VimacType|VipuType'
[05:15:55] [spechunter] [Bash] Find yunsuan library files
[05:15:55] [spechunter] [Grep] pattern='vdot|zvedot|zvk|zve32'
[05:15:56] [spechunter] [Read] /home/yzs/riscv/qemu/target/riscv/insn32.decode
[05:15:56] [spechunter] [Read] /home/yzs/riscv/qemu/target/riscv/insn32.decode
[05:15:56] [spechunter] [Read] /home/yzs/riscv/qemu/target/riscv/insn32.decode
[05:15:56] [spechunter] [Grep] pattern='1110111'
[05:15:56] [spechunter] [Grep] pattern='010100|010110|010101|010111'
[05:16:01] [spechunter] [text] Let me now search for the semantic equivalents — vector multiply-accumulate patterns in crypto/checksum code paths that ...
[05:16:01] [spechunter] [Grep] pattern='vmacc|vnmsac|vmadd|vwmacc|vmul\\.vv|vwmul'
[05:16:01] [spechunter] [Grep] pattern='vmacc|vnmsac|vmadd|vwmacc|vmul\\.vv|vwmul'
[05:16:01] [spechunter] [Grep] pattern='vector.*(dot|mac|multiply.*accum|widening)|(dot|mac|multiply.*accum|widening).*vector'
[05:16:03] [spechunter] [Grep] pattern='sew.*32|SEW.*32|e32|isSEW32'
[05:16:03] [spechunter] [Grep] pattern='VIMac|vimac|VimacType|Vmadd|VMADD|vmadd|Vmacc|VMACC|vmacc'
[05:16:03] [spechunter] [Grep] pattern='sewIllegal|eewIllegal|isReserved'
[05:16:09] [spechunter] [Grep] pattern='s->sew \\=\\= '
[05:16:09] [spechunter] [Grep] pattern='ctx->sew \\=\\= '
[05:16:09] [spechunter] [Read] /home/yzs/riscv/qemu/target/riscv/insn_trans/trans_rvvk.c.inc
[05:16:09] [spechunter] [Grep] pattern='GEN_OPIV'
[05:16:09] [spechunter] [Grep] pattern='vimac|VimacType|isVimac'
[05:16:09] [spechunter] [Grep] pattern='vimac|VimacType|vmacc|vmadd'
[05:16:09] [spechunter] [Read] src/main/scala/xiangshan/backend/fu/Vsetu.scala
[05:16:10] [spechunter] [Bash] List all trans instruction files and key target files
[05:16:10] [spechunter] [Grep] pattern='zvdot|ZVVDOT|Zvdot|ext_zvdot'
[05:16:10] [spechunter] [Grep] pattern='ext_zv|ext_icsr|ext_isa'
[05:16:10] [spechunter] [Grep] pattern='ext_zv|isa_ext_data|Zv'
[05:16:10] [spechunter] [Glob] target/riscv/vector_internals.*
[05:16:13] [spechunter] [Read] src/main/scala/xiangshan/backend/decode/VecExceptionGen.scala
[05:16:13] [spechunter] [Read] src/main/scala/xiangshan/backend/fu/vector/VIMacU.scala
[05:16:14] [spechunter] [Grep] pattern='vmacc|vnmsac|vmadd|vwmacc|vmul|vwmul'
[05:16:14] [spechunter] [Read] /home/yzs/riscv/linux/lib/crypto/riscv/sha256-riscv64-zvknha_or_zvknhb-zvkb.S
[05:16:14] [spechunter] [Read] /home/yzs/riscv/linux/lib/crypto/riscv/sha512-riscv64-zvknhb-zvkb.S
[05:16:14] [spechunter] [Read] /home/yzs/riscv/linux/lib/crypto/riscv/chacha-riscv64-zvkb.S
[05:16:20] [spechunter] [Grep] pattern='custom-3|custom.opcode3|OPIVV_V|ZVDOT|zvdot|zvink|zvinx|zvfhmin'
[05:16:20] [spechunter] [Grep] pattern='101100 0|101110 0|010100 1|010110 1'
[05:16:20] [spechunter] [Grep] pattern='1110111'
[05:16:20] [spechunter] [Read] /home/yzs/riscv/qemu/target/riscv/insn32.decode
[05:16:24] [spechunter] [Grep] pattern='opivv_check\\|opivx_check\\|opivv_widen_check\\|opivx_widen_check'
[05:16:24] [spechunter] [Grep] pattern='dot_product\\|vdot\\|dotp\\|vedot\\|zvdot\\|vsmdot\\|vwdot'
[05:16:24] [spechunter] [Grep] pattern='OPMVV\\|OPMVX'
[05:16:24] [spechunter] [Read] /home/yzs/riscv/qemu/target/riscv/translate.c
[05:16:30] [spechunter] [text] Let me also check the yunsuan vector library since the VIMacU references it.  
[05:16:30] [spechunter] [Grep] pattern='vdot|dot.?product|dot4a'
[05:16:30] [spechunter] [Grep] pattern='VIMac64b|VIMac'
[05:16:30] [spechunter] [Grep] pattern='vsew.*32|sew.*32|SEW.*32'
[05:16:35] [spechunter] [Grep] pattern='static bool opiv[vx]_check'
[05:16:35] [spechunter] [Grep] pattern='opivv_check\\b|opivx_check\\b'
[05:16:35] [spechunter] [Read] /home/yzs/riscv/qemu/target/riscv/insn_trans/trans_rvv.c.inc
[05:16:35] [spechunter] [Read] /home/yzs/riscv/qemu/target/riscv/insn_trans/trans_rvv.c.inc
[05:16:35] [spechunter] [Read] /home/yzs/riscv/qemu/target/riscv/insn_trans/trans_rvv.c.inc
[05:16:36] [spechunter] [text] Let me also check the `VSETOpType` and `VimacType` references in the decode path, and look at the CSR file referenced ea...
[05:16:36] [spechunter] [Grep] pattern='VSETOpType|VSETOp'
[05:16:36] [spechunter] [Grep] pattern='sewIllegal|eewIllegal|isReserved'
[05:16:36] [spechunter] [Read] src/main/scala/xiangshan/backend/fu/vector/Bundles.scala
[05:16:54] [spechunter] [Grep] pattern='OPMVV\\|OPMVX'
[05:16:54] [spechunter] [Grep] pattern='OPMVV\\|OPMVX'
[05:16:54] [spechunter] [Glob] target/riscv/insn32/*
[05:16:54] [spechunter] [Grep] pattern='sew\\|SEW'
[05:16:54] [spechunter] [Read] /home/yzs/riscv/qemu/target/riscv/insn_trans/trans_rvv.c.inc
[05:16:54] [spechunter] [text] Let me now search for the feature detection/registration paths, KVM vector support, and any semantic equivalents like GC...
[05:16:54] [spechunter] [Read] /home/yzs/riscv/linux/arch/riscv/include/uapi/asm/hwprobe.h
[05:16:54] [spechunter] [Read] /home/yzs/riscv/linux/arch/riscv/include/asm/hwcap.h
[05:16:54] [spechunter] [Read] /home/yzs/riscv/linux/arch/riscv/include/asm/cpufeature.h
[05:17:04] [spechunter] [text] Here are my findings. The XianShan codebase has **no references at all** to `vdot4a`, `vdot`, `dotProduct`, or any dot-p...
[05:17:05] [spechunter] [Read] /home/yzs/riscv/XiangShan/src/main/scala/xiangshan/backend/fu/wrapper/VIMacU.scala
[05:17:05] [spechunter] [Read] /home/yzs/riscv/XiangShan/src/main/scala/xiangshan/backend/fu/wrapper/VIPU.scala
[05:17:05] [spechunter] [Grep] pattern='zvk|zvedot|dot4|vdot'
[05:17:05] [spechunter] [Grep] pattern='yunsuan'
[05:17:12] [spechunter] [Glob] target/riscv/insn*/**
[05:17:12] [spechunter] [Grep] pattern='OPMVV\\|OPMVX'
[05:17:12] [spechunter] [Grep] pattern='opivv_check\\b'
[05:17:13] [spechunter] [Grep] pattern='010100.*1010111|010110.*1010111'
[05:17:13] [spechunter] [Grep] pattern='vdot|vdota'
[05:17:13] [spechunter] [Grep] pattern='vdot|vdota'
[05:17:13] [spechunter] [Grep] pattern='010100 0 00001 010|010110 0 00001 010'
[05:17:18] [spechunter] [TodoWrite] 6 items
[05:17:23] [spechunter] [Grep] pattern='OPMVV|OPMVX|OPM.VV|OPM.VX'
[05:17:23] [spechunter] [Grep] pattern='VMASK\\|VFUNC'
[05:17:23] [spechunter] [Read] /home/yzs/riscv/qemu/target/riscv/insn_trans/trans_rvv.c.inc
[05:17:23] [spechunter] [Read] /home/yzs/riscv/qemu/target/riscv/insn_trans/trans_rvv.c.inc
[05:17:23] [spechunter] [Grep] pattern='reduction_check\\|reduction_widen_check'
[05:17:27] [spechunter] [Bash] Find build files
[05:17:27] [spechunter] [Grep] pattern='Zv|zve|VectorExtension'
[05:17:27] [spechunter] [Grep] pattern='reserved.*sew|sew.*reserved|isReserved'
[05:17:27] [spechunter] [Grep] pattern='vtypeCheck|vtype.*check|check.*vtype'
[05:17:31] [spechunter] [Grep] pattern='zvdot|vdot4|dot.*product|DOTP|dotp'
[05:17:31] [spechunter] [Grep] pattern='zvdot|vdot4|dot.*product'
[05:17:31] [spechunter] [Grep] pattern='zvdot|vdot4|dot.*product|DOTP'
[05:17:42] [spechunter] [Read] /home/yzs/riscv/XiangShan/src/main/scala/xiangshan/backend/fu/Vsetu.scala
[05:17:42] [spechunter] [Bash] Find RocketChip Instructions.scala
[05:17:42] [spechunter] [Grep] pattern='IncludeOnlyExtensions|extensions.*=.*Seq|HasVector|HasVE'
[05:17:46] [spechunter] [Glob] *decode*
[05:17:46] [spechunter] [Glob] *insn32*
[05:17:46] [spechunter] [Grep] pattern='vadd_vv\\|OPIVV\\|vadd_vv'
[05:17:53] [spechunter] [text] Now let me search for semantic equivalents — post-quantum crypto (ML-KEM, ML-DSA) that use polynomial multiplication (do...
[05:17:53] [spechunter] [Grep] pattern='poly1305|mlkem|mldsa|kyber|dilithium|ntt|polynomial.*multiply|poly_mul'
[05:17:53] [spechunter] [Grep] pattern='poly1305|mlkem|mldsa|kyber|dilithium|ntt|polynomial'
[05:17:53] [spechunter] [Grep] pattern='poly1305|mlkem|mldsa|kyber|dilithium'
[05:17:55] [spechunter] [Grep] pattern='OPIVV\\|OPIVX\\|OPIVI\\|OPFVV\\|OPMVV\\|OPMVX'
[05:17:55] [spechunter] [Grep] pattern='vadd|vsub|vedot|vdot|vector|@r_vm'
[05:17:55] [spechunter] [Read] /home/yzs/riscv/qemu/target/riscv/insn_trans/trans_rvv.c.inc
[05:18:00] [spechunter] [Bash] Check git submodules
[05:18:00] [spechunter] [Grep] pattern='dot|vdot|dot4|DotProduct'
[05:18:00] [spechunter] [Grep] pattern='dot|vdot|dot4|DotProduct'
[05:18:00] [spechunter] [Grep] pattern='dot|vdot|dot4|DotProduct'
[05:18:00] [spechunter] [Grep] pattern='dot|vdot|dot4|DotProduct'
[05:18:05] [spechunter] [Read] /home/yzs/riscv/linux/lib/crypto/riscv/poly1305-riscv.pl
[05:18:05] [spechunter] [Read] /home/yzs/riscv/linux/arch/riscv/crypto/ghash-riscv64-glue.c
[05:18:05] [spechunter] [Read] /home/yzs/riscv/linux/arch/riscv/crypto/aes-riscv64-glue.c
[05:18:10] [spechunter] [Bash] Check yunsuan submodule status
[05:18:10] [spechunter] [Bash] List yunsuan root directory
[05:18:10] [spechunter] [Grep] pattern='dot|vdot|dot4'
[05:18:12] [spechunter] [Grep] pattern='require_align\\|require_vm\\|require_nf\\|require_noover'
[05:18:12] [spechunter] [Read] /home/yzs/riscv/qemu/target/riscv/insn_trans/trans_rvv.c.inc
[05:18:12] [spechunter] [Read] /home/yzs/riscv/qemu/target/riscv/insn_trans/trans_rvv.c.inc
[05:18:26] [spechunter] [Bash] Check if submodule directories exist
[05:18:32] [spechunter] [text] Now let me search for semantic equivalents — RISC-V vector multiply-accumulate code in assembly, and checksum/CRC implem...
[05:18:32] [spechunter] [Grep] pattern='\\.option arch.*\\+.*v'
[05:18:32] [spechunter] [Grep] pattern='\\.option arch.*\\+.*v'
[05:18:32] [spechunter] [Grep] pattern='ip_fast_csum|csum_ipv6_magic|csum_partial|do_csum'
[05:18:32] [spechunter] [Glob] **/arch/riscv/lib/**
[05:18:42] [spechunter] [Bash] Check gitmodules for yunsuan
[05:18:42] [spechunter] [Bash] Search parent dirs for yunsuan
[05:18:42] [spechunter] [Grep] pattern='VimacType|VipuType'
[05:18:52] [spechunter] [Bash] List yunsuan directory contents
[05:18:52] [spechunter] [Bash] Find build files
[05:18:58] [spechunter] [Read] /home/yzs/riscv/linux/arch/riscv/lib/csum.c
[05:18:58] [spechunter] [Read] /home/yzs/riscv/linux/arch/riscv/include/asm/checksum.h
[05:18:58] [spechunter] [Read] /home/yzs/riscv/linux/arch/riscv/include/asm/vector.h
[05:19:01] [spechunter] [Read] /home/yzs/riscv/XiangShan/Makefile
[05:19:01] [spechunter] [Bash] Search for yunsuan source files anywhere
[05:19:01] [spechunter] [Bash] Search for yunsuan jars in cache
[05:19:03] [spechunter] [Grep] pattern='static bool require_align|static bool require_vm|static bool require_nf|static bool require_noover'
[05:19:03] [spechunter] [Grep] pattern='opivv_widen_check\\b'
[05:19:11] [spechunter] [text] Prompt is too long
[05:19:16] [spechunter] [Read] /home/yzs/riscv/qemu/target/riscv/insn_trans/trans_rvv.c.inc
[05:19:16] [spechunter] [Read] /home/yzs/riscv/qemu/target/riscv/insn_trans/trans_rvv.c.inc
[05:19:16] [spechunter] [Read] /home/yzs/riscv/qemu/target/riscv/insn_trans/trans_rvv.c.inc
[05:19:17] [spechunter] [Grep] pattern='dot'
[05:19:17] [spechunter] [Grep] pattern='dot'
[05:19:17] [spechunter] [Grep] pattern='SEW|sew|vsew'
[05:19:17] [spechunter] [Read] /home/yzs/riscv/XiangShan/src/main/scala/xiangshan/backend/decode/Instructions.scala
[05:19:26] [spechunter] [Read] /home/yzs/riscv/XiangShan/src/main/scala/xiangshan/backend/dispatch/Dispatch.scala
[05:19:26] [spechunter] [Grep] pattern='SEW|sew|vsew'
[05:19:26] [spechunter] [Grep] pattern='VIAluFix|VialuFixType'
[05:19:30] [spechunter] [Grep] pattern='zvdot|Zvdot|ZDOT|dot4a8'
[05:19:30] [spechunter] [Grep] pattern='Zvdot|zvdot'
[05:19:30] [spechunter] [Grep] pattern='vector.*dot.*product|vdot|dot_product'
[05:19:30] [spechunter] [Grep] pattern='opivv_trans\\(|opivx_trans\\(|opivi_trans\\('
[05:19:30] [spechunter] [Read] /home/yzs/riscv/qemu/target/riscv/insn_trans/trans_rvv.c.inc
[05:19:30] [spechunter] [Grep] pattern='opivv_trans\\('
[05:19:38] [spechunter] [Read] /home/yzs/riscv/qemu/target/riscv/insn_trans/trans_rvv.c.inc
[05:19:38] [spechunter] [Read] /home/yzs/riscv/qemu/target/riscv/insn_trans/trans_rvv.c.inc
[05:19:38] [spechunter] [Read] /home/yzs/riscv/qemu/target/riscv/insn_trans/trans_rvv.c.inc
[05:19:51] [spechunter] [Read] /home/yzs/riscv/qemu/target/riscv/insn_trans/trans_rvbf16.c.inc
[05:19:51] [spechunter] [Grep] pattern='dot_product\\|vdot\\|vedot\\|vdotsu\\|zvdot\\|smdot\\|wdot'
[05:19:51] [spechunter] [Grep] pattern='ext_zv\\|ext_zve'
[05:20:00] [spechunter] [text] ## Cross-validation result  ```json {   "locations": [],   "removed_locations": [],   "merge_notes": "Both fast-path and...
[05:20:00] [spechunter] [Grep] pattern='dot\\|vext_check\\|SEW\\|\\bsew\\b'
[05:20:00] [spechunter] [Grep] pattern='vedot|vdot|vsmdot|vwdot|dot'
[05:20:00] [spechunter] [Grep] pattern='sew|SEW|require'
[05:20:16] [spechunter] [Read] /home/yzs/riscv/qemu/target/riscv/translate.c
[05:20:16] [spechunter] [Grep] pattern='MO_8\\|MO_16\\|MO_32\\|MO_64'
[05:20:16] [spechunter] [Grep] pattern='smul_check\\|vsmul_check\\|vsmul_vv_check\\|vsmul_vx_check'
[05:20:23] [spechunter] [text] I'll start by searching for Zvdot4a8i-related code and any dot-product instruction usage in the kernel, then analyze eac...
[05:20:23] [spechunter] [Grep] pattern='zvdot4a8i|Zvdot4a8i|ZVdot4a8i'
[05:20:23] [spechunter] [Grep] pattern='vdot4a[su]\\b'
[05:20:23] [spechunter] [Grep] pattern='vdot4a'
[05:20:23] [spechunter] [Grep] pattern='\\bdot4a'
[05:20:25] [spechunter] [Grep] pattern='vsmul_vv_check|vsmul_vx_check'
[05:20:25] [spechunter] [Grep] pattern='vsmul'
[05:20:37] [spechunter] [Read] /home/yzs/riscv/qemu/target/riscv/insn_trans/trans_rvv.c.inc
[05:20:37] [spechunter] [Read] /home/yzs/riscv/qemu/target/riscv/insn_trans/trans_rvv.c.inc
[05:20:37] [spechunter] [Read] /home/yzs/riscv/qemu/target/riscv/vector_helper.c
[05:20:37] [spechunter] [text] Let me search more broadly for any related extension enablement code, hwprobe entries, or DT bindings.  
[05:20:37] [spechunter] [Grep] pattern='Zvdot|zvdot'
[05:20:37] [spechunter] [Grep] pattern='vdot.*vv|vdot.*vx'
[05:20:37] [spechunter] [Grep] pattern='vector.*dot.*product|dot.*product.*vector'
[05:20:56] [spechunter] [text] Let me check if this extension has any code in the kernel yet - looking at hwprobe, KVM, and ISA extension handling.  
[05:20:56] [spechunter] [Grep] pattern='zvdot|ZVDOT|Zvdot'
[05:20:56] [spechunter] [Grep] pattern='dot4a|DOT4A'
[05:20:56] [spechunter] [Grep] pattern='vdot[a-z]*[au]?[su]?'
[05:21:11] [spechunter] [text] Let me also verify there are no inline assembly usages of these instructions anywhere in the kernel tree.  
[05:21:11] [spechunter] [Grep] pattern='vdot4a'
[05:21:11] [spechunter] [Grep] pattern='\\.insn.*vdot|vdot.*\\.insn'
[05:21:11] [spechunter] [Grep] pattern='RISCV_ISA_EXT.*ZVDO|ZVDOT|Zvdot'
[05:21:41] [spechunter] [text] Based on exhaustive searching of the kernel tree, the Zvdot4a8i extension code has **not yet been merged** into the Linu...
[05:21:42] [spechunter] [text] The agent found no Zvdot4a8i implementation in XiangShan. But the violation says the instructions ARE executed. Let me d...
[05:21:42] [spechunter] [Agent] description, prompt
[05:21:42] [spechunter] [Agent] description, prompt
[05:21:57] [spechunter] [Bash] List yunsuan directory contents
[05:21:57] [spechunter] [Bash] Check gitmodules and .git file in yunsuan
[05:21:57] [spechunter] [Bash] Find all Scala, SV, and V files in yunsuan
[05:22:00] [spechunter] [Read] /home/yzs/riscv/XiangShan/src/main/scala/xiangshan/backend/decode/VecExceptionGen.scala
[05:22:00] [spechunter] [Read] /home/yzs/riscv/XiangShan/src/main/scala/xiangshan/backend/decode/VecDecoder.scala
[05:22:00] [spechunter] [Read] /home/yzs/riscv/XiangShan/src/main/scala/xiangshan/backend/fu/wrapper/VIMacU.scala
[05:22:00] [spechunter] [Read] /home/yzs/riscv/XiangShan/src/main/scala/xiangshan/backend/fu/vector/Bundles.scala
[05:22:00] [spechunter] [Bash] Check if yunsuan submodule is empty
[05:22:00] [spechunter] [Glob] src/main/scala/xiangshan/backend/decode/isa/**/*.scala
[05:22:07] [spechunter] [Bash] Check git submodule status for yunsuan
[05:22:07] [spechunter] [Bash] Check if there are any files at all in yunsuan directory (including hidden)
[05:22:15] [spechunter] [Bash] Final check of all files in yunsuan including hidden
[05:22:18] [spechunter] [Read] /home/yzs/riscv/XiangShan/src/main/scala/xiangshan/backend/decode/isa/bitfield/RiscvInst.scala
[05:22:18] [spechunter] [Read] /home/yzs/riscv/XiangShan/src/main/scala/xiangshan/backend/decode/isa/predecode/predecode.scala
[05:22:18] [spechunter] [Grep] pattern='isReserved'
[05:22:18] [spechunter] [Grep] pattern='reserved'
[05:22:18] [spechunter] [Grep] pattern='zvdot|vdot4|VDOT'
[05:22:18] [spechunter] [Grep] pattern='opcode7Bit|OPCODE7Bit|FUNCT6|FUNCT3|OPM_VV'
[05:22:18] [spechunter] [Grep] pattern='class XSInstBitFields|InstVType|VECTOR_ARITH'
[05:22:31] [spechunter] [Grep] pattern='opmvv|OPMVV|FUNCT6|Vwmacc|vdot|zvdot|Zvdot'
[05:22:31] [spechunter] [Glob] **/*Zvbb*
[05:22:31] [spechunter] [Grep] pattern='VecDecoder'
[05:22:31] [spechunter] [Read] /home/yzs/riscv/XiangShan/src/main/scala/xiangshan/backend/fu/Vsetu.scala
[05:22:31] [spechunter] [Grep] pattern='vwmacc|VWMACC'
[05:22:43] [spechunter] [Glob] **/*Zvbb*
[05:22:43] [spechunter] [Grep] pattern='object Zvbb'
[05:22:43] [spechunter] [Grep] pattern='abstract class XSDecodeBase|object DecodeConstants|class DecodeConstants'
[05:23:02] [spechunter] [Grep] pattern='object Zvbb'
[05:23:02] [spechunter] [Read] /home/yzs/riscv/XiangShan/src/main/scala/xiangshan/backend/decode/Instructions.scala
[05:23:02] [spechunter] [Read] /home/yzs/riscv/XiangShan/src/main/scala/xiangshan/backend/decode/DecodeUnit.scala
[05:23:02] [spechunter] [Grep] pattern='VecDecoder|ILLEGAL|illegalInst'
[05:23:09] [spechunter] [text] Let me search more specifically for these instructions, as they might exist under slightly different names or in recentl...
[05:23:09] [spechunter] [Grep] pattern='vdot|vdota|dot4a|dot4'
[05:23:09] [spechunter] [Grep] pattern='101100|101110'
[05:23:09] [spechunter] [Grep] pattern='sew.*MO_32|MO_32.*sew|s->sew.*==.*3|sew.*==.*32'
[05:23:35] [spechunter] [Grep] pattern='VecExceptionGen|exceptionII|isOPMVV|decode.*match'
[05:23:35] [spechunter] [Read] /home/yzs/riscv/XiangShan/src/main/scala/xiangshan/backend/decode/DecodeUnit.scala
[05:23:35] [spechunter] [Grep] pattern='VWMACC_VV'
[05:23:55] [spechunter] [Grep] pattern='object Instructions'
[05:23:55] [spechunter] [Grep] pattern='freechips.rocketchip.rocket.Instructions'
[05:23:55] [spechunter] [Read] /home/yzs/riscv/XiangShan/src/main/scala/xiangshan/backend/decode/DecodeUnit.scala
[05:23:55] [spechunter] [text] Let me check one more thing — the current extension flags and any recent vector-related additions.  
[05:23:55] [spechunter] [Grep] pattern='ext_zvdot|zvdot|ZVDOT|Zvdot'
[05:23:55] [spechunter] [Grep] pattern='ext_zv'
[05:23:55] [spechunter] [Grep] pattern='OPIVV|OPIVX|OPIVI'
[05:24:03] [spechunter] [Bash] Find the Rocket Chip instruction definitions file
[05:24:03] [spechunter] [Read] /home/yzs/riscv/XiangShan/src/main/scala/xiangshan/backend/decode/DecodeUnit.scala
[05:24:03] [spechunter] [Grep] pattern='VecExceptionGen'
[05:24:09] [spechunter] [Bash] Find scala files containing VWMACC_VV definition
[05:24:09] [spechunter] [Read] /home/yzs/riscv/XiangShan/src/main/scala/xiangshan/backend/decode/DecodeUnitComp.scala
[05:24:22] [spechunter] [Bash] Find rocket chip source files
[05:24:22] [spechunter] [Bash] Search for Instructions class in jars
[05:24:22] [spechunter] [Bash] Search rocket cache for instruction definitions
[05:24:42] [spechunter] [Bash] Find jar files in the project
[05:24:42] [spechunter] [Bash] Find build.sbt for dependencies
[05:24:42] [spechunter] [Grep] pattern='VWMACC_VV|VWMACC_VX|isOPMVV'
[05:24:42] [spechunter] [Grep] pattern='vmaInsts'
[05:24:50] [spechunter] [Bash] Find cached class files
[05:24:50] [spechunter] [Bash] Find the rocket Instructions.scala in system paths
[05:24:50] [spechunter] [Glob] **/*.scala
[05:25:14] [spechunter] [Read] /home/yzs/riscv/qemu/target/riscv/insn32.decode
[05:25:14] [spechunter] [Read] /home/yzs/riscv/qemu/target/riscv/insn_trans/trans_rvvk.c.inc
[05:25:14] [spechunter] [Read] /home/yzs/riscv/qemu/target/riscv/insn_trans/trans_rvv.c.inc
[05:25:33] [spechunter] [Grep] pattern='import freechips.rocketchip.rocket.Instructions._'
[05:25:33] [spechunter] [Bash] Search for VWMACC_VV definition
[05:25:33] [spechunter] [Bash] Find all files using VWMACC_VV
[05:25:33] [spechunter] [Read] /home/yzs/riscv/XiangShan/src/main/scala/xiangshan/backend/decode/DecodeStage.scala
[05:26:02] [spechunter] [Read] /home/yzs/riscv/XiangShan/src/main/scala/xiangshan/backend/decode/DecodeUnit.scala
[05:26:02] [spechunter] [Read] /home/yzs/riscv/XiangShan/src/main/scala/xiangshan/backend/decode/DecodeUnit.scala
[05:26:02] [spechunter] [Grep] pattern='isComplex|isOPMVV|OPM_VV|func.decode|DecodeOutUop'
[05:26:02] [spechunter] [text] Let me also check how the decoder handles unmatched opcodes in the vector space, and look at whether any `.vv` / `.vx` e...
[05:26:02] [spechunter] [Grep] pattern='decode.*opcode|decode_inst|trans_func|illegal.*instr|gen_illegal'
[05:26:02] [spechunter] [Read] /home/yzs/riscv/qemu/target/riscv/insn32.decode
[05:26:12] [spechunter] [Read] /home/yzs/riscv/XiangShan/src/main/scala/xiangshan/backend/decode/UopInfoGen.scala
[05:26:12] [spechunter] [Grep] pattern='def decode|class DecodeOutUop'
[05:26:12] [spechunter] [Grep] pattern='def decode'
[05:26:13] [spechunter] [Grep] pattern='decode_inst32|illegal_inst|gen_exception_illegal'
[05:26:13] [spechunter] [Grep] pattern='vdot4a|zvdot4a|ZV_DOT|ZDOT'
[05:26:13] [spechunter] [Read] /home/yzs/riscv/qemu/target/riscv/insn_trans/trans_rvv.c.inc
[05:26:20] [spechunter] [Read] /home/yzs/riscv/qemu/target/riscv/translate.c
[05:26:20] [spechunter] [Grep] pattern='decode_opcode|decode_inst_opcode|decode.*insn32|insn32.*decode'
[05:26:28] [spechunter] [Read] /home/yzs/riscv/qemu/target/riscv/translate.c
[05:26:28] [spechunter] [Read] /home/yzs/riscv/qemu/target/riscv/insn_trans/trans_rvv.c.inc
[05:27:08] [spechunter] [text] Let me check a few more critical areas for semantic relevance.  
[05:27:08] [spechunter] [Read] /home/yzs/riscv/qemu/target/riscv/translate.c
[05:27:08] [spechunter] [Grep] pattern='vreg_ofs|vlenb'
[05:27:08] [spechunter] [Grep] pattern='opivx_trans|opivi_trans'
[05:27:18] [spechunter] [Read] /home/yzs/riscv/XiangShan/src/main/scala/xiangshan/backend/Bundles.scala
[05:27:18] [spechunter] [Grep] pattern='Mgu|def illegal|vsew'
[05:27:18] [spechunter] [Glob] **/Mgu.scala
[05:27:26] [spechunter] [Read] /home/yzs/riscv/qemu/target/riscv/insn_trans/trans_rvv.c.inc
[05:27:26] [spechunter] [Grep] pattern='vtype|vstart|vsew|vlmul|vlenb'
[05:27:26] [spechunter] [Grep] pattern='vtype|vsew|vlmul|vill'
[05:27:26] [spechunter] [Read] /home/yzs/riscv/XiangShan/src/main/scala/xiangshan/backend/fu/vector/Mgu.scala
[05:27:26] [spechunter] [Grep] pattern='class VecPipedFuncUnit'
[05:27:26] [spechunter] [Grep] pattern='wmaccus|wmaccsu'
[05:28:07] [spechunter] [text] Let me read the critical files directly to understand the vulnerability paths.  
[05:28:07] [spechunter] [Read] /home/yzs/riscv/XiangShan/src/main/scala/xiangshan/backend/decode/VecDecoder.scala
[05:28:07] [spechunter] [Read] /home/yzs/riscv/XiangShan/src/main/scala/xiangshan/backend/decode/VecExceptionGen.scala
[05:28:20] [spechunter] [text] Now let me check the remaining semantic vectors: the IOMMU file (modified in working tree), the vector helper dispatch, ...
[05:28:20] [spechunter] [Grep] pattern='dot|vdota|vdot|sew|vsew'
[05:28:20] [spechunter] [Grep] pattern='gen_helper_vext'
[05:28:20] [spechunter] [Glob] target/riscv/helper*.h
[05:28:40] [spechunter] [text] Let me now read the critical bundles and execution unit files.  
[05:28:40] [spechunter] [Read] /home/yzs/riscv/XiangShan/src/main/scala/xiangshan/backend/fu/vector/Bundles.scala
[05:28:40] [spechunter] [Read] /home/yzs/riscv/XiangShan/src/main/scala/xiangshan/backend/fu/wrapper/VIMacU.scala
[05:28:40] [spechunter] [Read] /home/yzs/riscv/XiangShan/src/main/scala/xiangshan/backend/decode/Instructions.scala
[05:28:47] [spechunter] [Read] /home/yzs/riscv/qemu/target/riscv/helper.h
[05:28:47] [spechunter] [Grep] pattern='DEF_HELPER.*vext|DEF_HELPER.*vector'
[05:29:09] [spechunter] [text] Now let me examine the decode matching mechanism and how the dispatch/control flows work for vector instructions.  
[05:29:09] [spechunter] [Agent] description, prompt
[05:29:09] [spechunter] [Grep] pattern='vdot4a|dot4a|dot4|Zvdot|zvdot|vdotproduct|FixedPointDot'
[05:29:32] [spechunter] [Glob] src/main/scala/xiangshan/backend/decode/DecodeUnit*.scala
[05:29:32] [spechunter] [Glob] src/main/scala/xiangshan/backend/fu/FuType.scala
[05:29:32] [spechunter] [Glob] src/main/scala/xiangshan/backend/fu/vector/VecPipedFuncUnit.scala
[05:29:32] [spechunter] [Glob] src/main/scala/xiangshan/backend/fu/vector/VecSrcTypeModule.scala
[05:29:32] [spechunter] [Grep] pattern='VimacType'
[05:29:32] [spechunter] [Grep] pattern='object VimacType'
[05:29:32] [spechunter] [Glob] src/main/scala/xiangshan/backend/decode/DecodeTable*.scala
[05:29:32] [spechunter] [Glob] src/main/scala/xiangshan/backend/decode/Decoder*.scala
[05:29:54] [spechunter] [Read] /home/yzs/riscv/XiangShan/src/main/scala/xiangshan/backend/decode/DecodeUnit.scala
[05:29:54] [spechunter] [Read] /home/yzs/riscv/XiangShan/src/main/scala/xiangshan/backend/fu/FuType.scala
[05:29:54] [spechunter] [Read] /home/yzs/riscv/XiangShan/src/main/scala/xiangshan/backend/fu/vector/VecPipedFuncUnit.scala
[05:29:54] [spechunter] [Read] /home/yzs/riscv/XiangShan/src/main/scala/xiangshan/backend/fu/vector/VecSrcTypeModule.scala
[05:29:54] [spechunter] [Glob] src/main/scala/xiangshan/backend/decode/VecDecoder.scala
[05:29:54] [spechunter] [Grep] pattern='vdot4a'
[05:29:54] [spechunter] [Glob] src/main/scala/xiangshan/backend/decode/BitPat*.scala
[05:29:54] [spechunter] [Grep] pattern='class DecodeTable|object DecodeConstants|class DecodeUnitComp'
[05:30:33] [spechunter] [Read] /home/yzs/riscv/XiangShan/src/main/scala/xiangshan/backend/decode/VecDecoder.scala
[05:30:33] [spechunter] [Read] /home/yzs/riscv/XiangShan/src/main/scala/xiangshan/backend/decode/DecodeUnitComp.scala
[05:30:33] [spechunter] [Grep] pattern='class BitPat|def === |def decode'
[05:30:33] [spechunter] [Grep] pattern='VimacType'
[05:30:33] [spechunter] [Grep] pattern='VimacType'
[05:30:33] [spechunter] [Grep] pattern='VimacType'
[05:30:55] [spechunter] [Grep] pattern='def decode'
[05:30:55] [spechunter] [Glob] yunsuan/**/VimacType.scala
[05:30:55] [spechunter] [Bash] Check yunsuan submodule directory
[05:30:55] [spechunter] [Read] /home/yzs/riscv/XiangShan/src/main/scala/xiangshan/backend/fu/vector/VIMacU.scala
[05:31:11] [spechunter] [Grep] pattern='object VimacType|class VimacType|VimacType\\b'
[05:31:11] [spechunter] [Grep] pattern='def ListLookup'
[05:31:11] [spechunter] [Grep] pattern='VimacType'
[05:31:11] [spechunter] [Grep] pattern='INVALID_INSTR|decodeDefault|illegal.*instr|fuOpType.*X|SelImm\\.X'
[05:31:11] [spechunter] [Read] /home/yzs/riscv/XiangShan/src/main/scala/xiangshan/backend/fu/wrapper/VIMacU.scala
[05:31:11] [spechunter] [text] Now I have a complete picture. Let me compile the findings into the JSON output format.  ```json {   "target": "qemu",  ...
[05:31:44] [spechunter] [Agent] description, subagent_type
[05:31:44] [spechunter] [Agent] description, subagent_type
[05:31:54] [spechunter] [text] Let me search more specifically for the key vulnerability mechanisms.  
[05:31:54] [spechunter] [Grep] pattern='widenIllegal|isReserved|sewIllegal|eewIllegal'
[05:31:54] [spechunter] [Grep] pattern='FuType\\.vimac|isVArith'
[05:31:54] [spechunter] [Grep] pattern='VimacType'
[05:31:58] [spechunter] [Grep] pattern='ext_zv|cfg_v|ext_v\\b|Zvbb|Zvbc|Zvkg|Zvkned|Zvksh'
[05:31:58] [spechunter] [Glob] target/riscv/cpu.{h,c}
[05:31:58] [spechunter] [Glob] target/riscv/tcg/*.{h,c}
[05:31:58] [spechunter] [Glob] target/riscv/cpu_cfg*
[05:32:11] [spechunter] [Read] /home/yzs/riscv/XiangShan/src/main/scala/xiangshan/backend/fu/FuType.scala
[05:32:11] [spechunter] [Glob] src/main/scala/xiangshan/backend/decode/DecodeUnit*.scala
[05:32:11] [spechunter] [Read] /home/yzs/riscv/XiangShan/src/main/scala/xiangshan/backend/fu/vector/VecPipedFuncUnit.scala
[05:32:24] [spechunter] [Grep] pattern='ext_zv|cfg_v|ext_v\\b'
[05:32:24] [spechunter] [Grep] pattern='ext_zv|cfg_v|ext_v\\b'
[05:32:24] [spechunter] [Grep] pattern='ext_zv|cfg_v|Zvbb|Zvbc|Zvkg|Zvkned|Zvksh'
[05:32:24] [spechunter] [Grep] pattern='ext_zv|cfg_v|Zvbb|Zvbc|Zvkg|Zvkned|Zvksh|ext_v\\b'
[05:32:24] [spechunter] [Grep] pattern='ISA_EXT_DATA_ENTRY.*zv|ISA_EXT_DATA_ENTRY.*Zv'
[05:32:26] [spechunter] [Grep] pattern='zvdot|Zvdot|ZVDOT'
[05:32:26] [spechunter] [Grep] pattern='vdot[uv]?'
[05:32:26] [spechunter] [Grep] pattern='dot_product|dot_product|DOT_PRODUCT|dotp'
[05:32:26] [spechunter] [Grep] pattern='ext_zv|vext.*flag|has.*zve|has.*vector'
[05:32:45] [spechunter] [text] Now let me look at how the decode unit handles unrecognized instructions.  
[05:32:45] [spechunter] [Read] /home/yzs/riscv/XiangShan/src/main/scala/xiangshan/backend/decode/DecodeUnit.scala
[05:32:45] [spechunter] [Grep] pattern='illegalInstr|illegalInst|ExceptionNO'
[05:32:45] [spechunter] [Grep] pattern='DecodeOutUop|default.*decode|noMatch|unmatched|XDecode|decodeArray'
[05:32:48] [spechunter] [Grep] pattern='ext_v\\b|BOOL_FIELD\\(ext_v\\)|"v"'
[05:32:48] [spechunter] [Grep] pattern='riscv,isa|dt_node|DT_NODE|fdt.*isa'
[05:32:48] [spechunter] [Grep] pattern='ISA_EXT_DATA_ENTRY\\(v\\b|ISA_EXT_DATA_ENTRY\\(v,|ext_v\\b"'
[05:32:48] [spechunter] [Grep] pattern='MULTI_EXT_CFG_BOOL\\(\\"v\\"'
[05:32:48] [spechunter] [Grep] pattern='ext_zvbb|ext_zvbc|ext_zvkg|ext_zvkned|ext_zvksh'
[05:32:53] [spechunter] [Read] /home/yzs/riscv/XiangShan/src/main/scala/xiangshan/backend/decode/DecodeUnit.scala
[05:32:53] [spechunter] [Read] /home/yzs/riscv/XiangShan/src/main/scala/xiangshan/backend/decode/DecodeUnitComp.scala
[05:32:58] [spechunter] [Grep] pattern='vmacc|vnmsac|vmadd|vmul|vfmacc'
[05:32:58] [spechunter] [Grep] pattern='vmacc|vnmsac|vmadd|vmul|vfmacc'
[05:32:58] [spechunter] [Grep] pattern='vmacc|vnmsac|vmadd|vmul|vfmacc'
[05:32:58] [spechunter] [Grep] pattern='"v[a-z]'
[05:32:58] [spechunter] [Grep] pattern='OPIVV|OPMVV|OPFVV|OPIVX|OPFVF'
[05:32:58] [spechunter] [Glob] target/riscv/insn_trans/trans_rvv*.inc
[05:33:00] [spechunter] [Read] /home/yzs/riscv/qemu/target/riscv/cpu_cfg.h
[05:33:00] [spechunter] [Grep] pattern='riscv,isa|isa_ext_update|isa_edata'
[05:33:00] [spechunter] [Grep] pattern='ext_v\\b'
[05:33:15] [spechunter] [Read] /home/yzs/riscv/qemu/target/riscv/cpu_cfg_fields.h.inc
[05:33:15] [spechunter] [Grep] pattern='ISA_EXT_DATA_ENTRY\\(v\\b|ISA_EXT_DATA_ENTRY\\(v,'
[05:33:15] [spechunter] [Grep] pattern='riscv_single_letter_exts|single_letter'
[05:33:23] [spechunter] [Grep] pattern='vmacc|vnmsac|vmadd|vfmacc|vfnmacc|vfmadd|vfwmacc'
[05:33:23] [spechunter] [Grep] pattern='gen_helper.*vmacc|gen_helper.*vnmsac|gen_helper.*vmadd|gen_helper.*vwmacc'
[05:33:23] [spechunter] [Grep] pattern='DEF_HELPER.*vmacc|DEF_HELPER.*vnmsac|DEF_HELPER.*vmadd|DEF_HELPER.*vwmacc|DEF_HELPER.*vmul'
[05:33:23] [spechunter] [Grep] pattern='OPIVV|OPMVV|OPIVX|OPMVX|OPFVV|OPFVF'
[05:33:23] [spechunter] [Grep] pattern='vmacc_vv|vmacc_vx|vnmsac_vv|vnmsac_vx|vmadd_vv|vmadd_vx'
[05:33:38] [spechunter] [Grep] pattern='ISA_EXT_DATA_ENTRY'
[05:33:38] [spechunter] [Grep] pattern='#define ISA_EXT_DATA_ENTRY'
[05:33:38] [spechunter] [Grep] pattern='riscv_isa_string_ext'
[05:33:38] [spechunter] [Grep] pattern='riscv_fdt_patch|riscv_isa_string_fdt'
[05:33:38] [spechunter] [Read] /home/yzs/riscv/qemu/target/riscv/cpu.c
[05:33:47] [spechunter] [Grep] pattern='OPIVV|OPMVV|OPFVV|OPIVX|OPMVX|OPFVF'
[05:33:47] [spechunter] [Grep] pattern='rv_fmt_vd_vs1_vs2_vm|rv_fmt_vd_rs1_vs2_vm|rv_fmt_vd_vs2_vs1_vm'
[05:33:47] [spechunter] [Grep] pattern='DO_MACC|DO_MADD|DO_NMSAC|DO_WMACC'
[05:33:47] [spechunter] [Grep] pattern='vwmacc|vwmul'
[05:33:47] [spechunter] [Bash] Count lines in key files
[05:33:56] [spechunter] [Read] /home/yzs/riscv/qemu/disas/riscv.c
[05:33:56] [spechunter] [Read] /home/yzs/riscv/qemu/target/riscv/vector_helper.c
[05:33:56] [spechunter] [Read] /home/yzs/riscv/qemu/target/riscv/insn_trans/trans_rvv.c.inc
[05:33:56] [spechunter] [Grep] pattern='OPIVV3|OPIVV2|OPIVX3|OPIVX2|WOP_'
[05:34:03] [spechunter] [Read] /home/yzs/riscv/qemu/disas/riscv.c
[05:34:03] [spechunter] [Read] /home/yzs/riscv/qemu/target/riscv/vector_internals.h
[05:34:03] [spechunter] [Grep] pattern='rv_fmt_vd_vs1_vs2_vm|rv_fmt_vd_vs2_rs1_vm|rv_fmt_vd_rs1_vs2_vm'
[05:34:10] [spechunter] [Grep] pattern='struct RISCVIsaExtData|RISCVIsaExtData|CPU_CFG_OFFSET'
[05:34:10] [spechunter] [Grep] pattern='riscv_cpu_validate_v|finalize.*v|validate_v'
[05:34:10] [spechunter] [Read] /home/yzs/riscv/qemu/target/riscv/tcg/tcg-cpu.c
[05:34:10] [spechunter] [Grep] pattern='misaval.*RVV|RVV'
[05:34:10] [spechunter] [Read] /home/yzs/riscv/qemu/target/riscv/cpu.c
[05:34:17] [spechunter] [Grep] pattern='rv_op_vwmaccu|rv_op_vwmaccsu|rv_op_vwmaccus|rv_op_vwmacc_v'
[05:34:17] [spechunter] [Grep] pattern='ext_zve32x|ext_zve64x|ext_zve32f|ext_zve64d'
[05:34:17] [spechunter] [Read] /home/yzs/riscv/qemu/disas/riscv.c
[05:34:17] [spechunter] [Grep] pattern='static.*rv_decode.*inst|static.*decode.*vext|case 101:'
[05:34:26] [spechunter] [Grep] pattern='case 101:'
[05:34:26] [spechunter] [Grep] pattern='trans_rvv|decode.*v.*inst|vext_decode|opcode.*101'
[05:34:26] [spechunter] [Grep] pattern='funct3.*1.*opcode.*5.*7|0x57|VECTOR'
[05:34:26] [spechunter] [Bash] Find vector decode dispatch in disas/riscv.c
[05:34:31] [spechunter] [Read] /home/yzs/riscv/qemu/target/riscv/tcg/tcg-cpu.c
[05:34:31] [spechunter] [Grep] pattern='misaval|validate_misa_priv|misa.*ext.*v\\b|\\"v\\"'
[05:34:31] [spechunter] [Read] /home/yzs/riscv/qemu/target/riscv/tcg/tcg-cpu.c
[05:34:31] [spechunter] [Read] /home/yzs/riscv/qemu/target/riscv/cpu.c
[05:34:41] [spechunter] [Grep] pattern='0x57|rv_codec_v_|case 0x'
[05:34:41] [spechunter] [Grep] pattern='decode_inst_opcode|inst_opcode|\\\\.opcode|inst \\\\& 0x'
[05:34:46] [spechunter] [Grep] pattern='implied_exts_rules|implied_exts_rule|riscv_implied_exts'
[05:34:46] [spechunter] [Grep] pattern='riscv_validate_misa_priv|validate_misa_priv'
[05:34:46] [spechunter] [Grep] pattern='property.*\\"v\\"|property.*\\bv\\b.*bool|V_EXT|rvv"'
[05:34:46] [spechunter] [Read] /home/yzs/riscv/qemu/target/riscv/cpu.c
[05:34:55] [spechunter] [Read] /home/yzs/riscv/qemu/disas/riscv.c
[05:34:55] [spechunter] [Grep] pattern='translate.*trans_rvv|bool trans_rvv|case 0x57'
[05:34:55] [spechunter] [Grep] pattern='opcode.*0x57|funct3.*0x57'
[05:35:10] [spechunter] [Grep] pattern='RVV_IMPLIED'
[05:35:10] [spechunter] [Read] /home/yzs/riscv/qemu/target/riscv/cpu.c
[05:35:10] [spechunter] [Grep] pattern='riscv_cpu_init_implied_exts_rules|riscv_cpu_enable_implied_rules'
[05:35:10] [spechunter] [Read] /home/yzs/riscv/qemu/target/riscv/cpu.c
[05:35:27] [spechunter] [text] Now let me trace the SEW propagation path and check how dispatch handles these signals.  
[05:35:27] [spechunter] [Grep] pattern='class VuopCtrl|vsew.*=.*vtype|vtype.*vsew|vmask.*vsew|sew.*width'
[05:35:27] [spechunter] [Read] /home/yzs/riscv/XiangShan/src/main/scala/xiangshan/backend/decode/DecodeUnitComp.scala
[05:35:27] [spechunter] [Grep] pattern='class VuopSplitType|object UopSplitType'
[05:35:33] [spechunter] [Read] /home/yzs/riscv/qemu/disas/riscv.c
[05:35:33] [spechunter] [Grep] pattern='trans_rvv|bool trans_v|static bool trans_v'
[05:35:33] [spechunter] [Grep] pattern='rv_codec_v_r|rv_codec_v_i|rv_codec_v_ldst|\\"v\\"'
[05:35:36] [spechunter] [Read] /home/yzs/riscv/XiangShan/src/main/scala/xiangshan/package.scala
[05:35:36] [spechunter] [Grep] pattern='OPMVV|OPMVX|funct6.*1111|funct6.*1000|funct6.*dot'
[05:35:38] [spechunter] [Read] /home/yzs/riscv/qemu/target/riscv/tcg/tcg-cpu.c
[05:35:38] [spechunter] [Read] /home/yzs/riscv/qemu/target/riscv/tcg/tcg-cpu.c
[05:35:38] [spechunter] [Grep] pattern='MULTI_EXT_CFG_BOOL\\(\\"zv|MULTI_EXT_CFG_BOOL.*\\bzv|\\"zvbb\\"|\\"zvbc\\"|\\"zvkg\\"|\\"zvkned\\"|\\"zvksh\\"|\\"zvkn\\"|\\"zvks\\"|\\"zvkt\\"'
[05:35:38] [spechunter] [Grep] pattern='#define MULTI_EXT_CFG_BOOL'
[05:35:44] [spechunter] [Grep] pattern='ext_zv'
[05:35:44] [spechunter] [Read] /home/yzs/riscv/qemu/target/riscv/cpu.c
[05:35:46] [spechunter] [Read] /home/yzs/riscv/qemu/disas/riscv.c
[05:35:46] [spechunter] [Grep] pattern='DO_MUL\\b'
[05:35:46] [spechunter] [Read] /home/yzs/riscv/qemu/target/riscv/insn_trans/trans_rvv.c.inc
[05:35:56] [spechunter] [text] Prompt is too long
[05:35:56] [spechunter] [Grep] pattern='\\.name = \\"rva22u64\\"'
[05:35:56] [spechunter] [Read] /home/yzs/riscv/qemu/target/riscv/cpu.c
[05:36:17] [spechunter] [Read] /home/yzs/riscv/XiangShan/src/main/scala/xiangshan/backend/fu/vector/Bundles.scala
[05:36:17] [spechunter] [Read] /home/yzs/riscv/XiangShan/src/main/scala/xiangshan/backend/fu/Vsetu.scala
[05:36:17] [spechunter] [Read] /home/yzs/riscv/XiangShan/src/main/scala/xiangshan/backend/decode/VecExceptionGen.scala
[05:36:17] [spechunter] [Read] /home/yzs/riscv/XiangShan/src/main/scala/xiangshan/backend/fu/FuType.scala
[05:36:39] [spechunter] [Read] /home/yzs/riscv/XiangShan/src/main/scala/xiangshan/backend/fu/FuConfig.scala
[05:36:39] [spechunter] [Read] /home/yzs/riscv/XiangShan/src/main/scala/xiangshan/backend/fu/wrapper/VIMacU.scala
[05:36:39] [spechunter] [Read] /home/yzs/riscv/XiangShan/src/main/scala/xiangshan/backend/decode/VecDecoder.scala
[05:36:39] [spechunter] [Read] /home/yzs/riscv/XiangShan/src/main/scala/xiangshan/backend/decode/DecodeUnitComp.scala
[05:37:29] [spechunter] [text] Let me look deeper at specific decode and split-related locations for completeness.  
[05:37:29] [spechunter] [Grep] pattern='vdot|dot4|VDOT'
[05:37:29] [spechunter] [Grep] pattern='VEC_VRED|VEC_VVW|VEC_VVV|UopSplitType'
[05:37:29] [spechunter] [Grep] pattern='isVArithMem|isVArith|isVall|isVset'
[05:38:03] [spechunter] [text] Now let me check the modified file and recent changes for any related work.  
[05:38:03] [spechunter] [Bash] Check modified IOMMU file for relevance
[05:38:03] [spechunter] [Grep] pattern='vdot|zvdot|Zvdot|VDOT'
[05:38:03] [spechunter] [Grep] pattern='vdot|zvdot|Zvdot|VDOT'
[05:38:17] [spechunter] [text] ## Cross-validation Report: Zvdot4a8i  ### Fast-path (entity-index): No matches ### Slow-path (semantic search): All 28 ...
[05:38:30] [spechunter] [text] I'll systematically analyze the code locations related to the Zvdot4a8i extension. Let me start by searching for the rel...
[05:38:30] [spechunter] [TodoWrite] 5 items
[05:38:38] [spechunter] [text] Now let me look at how the VEC_VVV split in DecodeUnitComp works to confirm vdot4a wouldn't need new split logic.  
[05:38:38] [spechunter] [Read] /home/yzs/riscv/XiangShan/src/main/scala/xiangshan/backend/decode/DecodeUnitComp.scala
[05:38:38] [spechunter] [Read] /home/yzs/riscv/XiangShan/src/main/scala/xiangshan/backend/decode/DecodeUnitComp.scala
[05:38:40] [spechunter] [Grep] pattern='vdot4a'
[05:38:40] [spechunter] [Grep] pattern='OPMVV.*101100|OPMVX.*101110'
[05:38:40] [spechunter] [Grep] pattern='vext_check_dot_product'
[05:38:52] [spechunter] [text] Let me search more broadly for these instructions and patterns.  
[05:38:52] [spechunter] [Grep] pattern='zvdot|vdot|dot_product'
[05:38:52] [spechunter] [Grep] pattern='101100|101110'
[05:38:52] [spechunter] [Grep] pattern='vsew.*!=.*2|vsew.*==.*2'
[05:39:09] [spechunter] [Grep] pattern='Zvdot|zvdot4a|vdot4'
[05:39:09] [spechunter] [Bash] Check recent git history for Zvdot4a8i PR
[05:39:26] [spechunter] [text] Let me check the uncommitted changes and investigate the vector instruction pipeline.  
[05:39:26] [spechunter] [Bash] Check git diff for changes in riscv-iommu.c
[05:39:26] [spechunter] [Bash] List branches to find Zvdot work
[05:39:26] [spechunter] [Grep] pattern='VM_OPMVV|VM_OPMVX|vext_check_isa|require_vector|require_scale'
[05:39:32] [spechunter] [text] Now I have a thorough understanding of all the files. Let me also check the yunsuan library side for VimacType and Vimac...
[05:39:32] [spechunter] [Grep] pattern='VimacType|VimacOpcode'
[05:39:32] [spechunter] [Read] /home/yzs/riscv/XiangShan/src/main/scala/xiangshan/backend/decode/DecodeUnitComp.scala
[05:39:56] [spechunter] [text] Let me search more broadly to understand what exists and what might be relevant.  
[05:39:56] [spechunter] [Grep] pattern='SEW|vsew|s->sew'
[05:39:56] [spechunter] [Bash] Check for stashed changes
[05:39:56] [spechunter] [Grep] pattern='zvdot|zvdot4|vdotu|vdot4'
[05:40:14] [spechunter] [Grep] pattern='require_scale|require_scale_vw|vext_check_ra|require_vm|require_align'
[05:40:14] [spechunter] [Grep] pattern='SEW.*check|vsew.*check|check.*vsew|check.*SEW|vext_check.*sew'
[05:40:47] [spechunter] [text] Let me examine the generic OPMVV handler and vector check infrastructure to understand how SEW validation works.  
[05:40:47] [spechunter] [Grep] pattern='GEN_OPIVV_GVEC_TRANS_CHECK|do_opivv_gvec'
[05:40:47] [spechunter] [Grep] pattern='require_rvv|vext_check_isa_ill'
[05:41:09] [spechunter] [text] Let me read the key validation and generic handler functions more closely.  
[05:41:09] [spechunter] [Read] /home/yzs/riscv/qemu/target/riscv/insn_trans/trans_rvv.c.inc
[05:41:09] [spechunter] [Read] /home/yzs/riscv/qemu/target/riscv/insn_trans/trans_rvv.c.inc
[05:41:09] [spechunter] [Read] /home/yzs/riscv/qemu/target/riscv/insn_trans/trans_rvv.c.inc
[05:41:16] [spechunter] [text] Now I have all the data needed. Let me cross-validate each fast-path location against the actual XiangShan codebase and ...
[05:41:29] [spechunter] [text] Let me search for any work-in-progress files or patches related to this PR.  
[05:41:29] [spechunter] [Bash] Look for patches or WIP branches related to vdot
[05:41:30] [spechunter] [Bash] Check all branches for dot product commits
[05:41:37] [spechunter] [text] I'll start by searching the codebase for Zvdot4a8i-related code, focusing on the vulnerability pattern (SEW checking, vd...
[05:41:37] [spechunter] [Agent] description, prompt
[05:41:50] [spechunter] [TodoWrite] 4 items
[05:42:09] [spechunter] [text] Let me thoroughly verify the absence of vdot4a instructions and study how similar SEW-constrained instructions are valid...
[05:42:09] [spechunter] [Read] /home/yzs/riscv/qemu/target/riscv/insn32.decode
[05:42:09] [spechunter] [Grep] pattern='1110111|OPIVV.*funct6|OPMVV|OPMVX'
[05:42:09] [spechunter] [Grep] pattern='1110111'
[05:42:13] [spechunter] [Grep] pattern='vdot4a'
[05:42:13] [spechunter] [Grep] pattern='Zvdot4a8i'
[05:42:13] [spechunter] [Grep] pattern='zvdot'
[05:42:13] [spechunter] [Grep] pattern='dot4a'
[05:42:13] [spechunter] [Grep] pattern='dotProduct'
[05:42:33] [spechunter] [text] Let me do one final exhaustive search to be absolutely certain these instructions don't exist anywhere.  
[05:42:33] [spechunter] [Bash] Exhaustive search for vdot4a in non-arm parts of tree
[05:42:33] [spechunter] [Bash] Exhaustive search across entire repo
[05:42:35] [spechunter] [Grep] pattern='vdota'
[05:42:35] [spechunter] [Grep] pattern='vdot'
[05:42:35] [spechunter] [Grep] pattern='Zvdot'
[05:42:35] [spechunter] [Grep] pattern='dot4'
[05:42:35] [spechunter] [Grep] pattern='dot_product'
[05:42:35] [spechunter] [Grep] pattern='opVE.*dot|dot.*opVE'
[05:42:49] [spechunter] [Bash] Search entire repo for vdot/zvdot patterns
[05:42:49] [spechunter] [Bash] Check for vector dot product in riscv TCG helpers
[05:43:03] [spechunter] [Grep] pattern='vma[a-z]*\\.vv|vmadd|vmacc|vnmacc'
[05:43:03] [spechunter] [Grep] pattern='opmvv'
[05:43:03] [spechunter] [Grep] pattern='101100|101101|101110|101111'
[05:43:03] [spechunter] [Grep] pattern='vsm4|vsm3|vsha512|vsha256|vghsh|vgmul|Zvk'
[05:43:09] [spechunter] [text] The vdot4a instructions don't exist in this repo. Let me fully understand the V extension infrastructure to assess the r...
[05:43:09] [spechunter] [Read] /home/yzs/riscv/qemu/target/riscv/insn_trans/trans_rvvk.c.inc
[05:43:09] [spechunter] [Grep] pattern='vext_check_sss|vext_check_store|vext_check_ds'
[05:43:09] [spechunter] [Read] /home/yzs/riscv/qemu/target/riscv/insn_trans/trans_rvvk.c.inc
[05:43:13] [spechunter] [Read] /home/yzs/riscv/XiangShan/src/main/scala/xiangshan/backend/decode/VecDecoder.scala
[05:43:13] [spechunter] [Grep] pattern='Zvk|Zvdot|Zvbb|Zvbc|Zvkg|Zvkn|Zvks|vector.*crypto|crypto.*vector'
[05:43:27] [spechunter] [Grep] pattern='Zvdot|Zvbb|vsm4|vsha|vghsh|vsm3|Zvk|clmul|vrol|vror|vclz|vctz|vcpop|vbrev|vrev8|vandn'
[05:43:27] [spechunter] [Grep] pattern='illegalInstr|illegal.*vector|illegal.*vtype|SEW.*check|vtype.*check'
[05:43:27] [spechunter] [Grep] pattern='VANDN_VV|VROL_VV|VROR_VV|VWSLL_VV|VBREV_V|VCLZ_V|VCTZ_V|VCPOP_V|VREV8_V'
[05:43:39] [spechunter] [Grep] pattern='dot4|vdot|dotProduct'
[05:43:39] [spechunter] [Read] /home/yzs/riscv/XiangShan/src/main/scala/xiangshan/backend/decode/VecExceptionGen.scala
[05:43:39] [spechunter] [Glob] **/backend/decode/Zvbb*
[05:43:39] [spechunter] [Grep] pattern='dot4|vdot|dotProduct'
[05:43:40] [spechunter] [text] Now let me understand what happens for reserved/unused opcode spaces and how the V extension infrastructure handles unkn...
[05:43:40] [spechunter] [Grep] pattern='trans_.*opivv|trans_.*_vv.*1110111|101100.*1110111|101110.*1110111|trans_vghsh|trans_vsha2ch'
[05:43:40] [spechunter] [Bash] Check the full vector decode for all 1110111 entries
[05:43:53] [spechunter] [Glob] Zv*
[05:43:53] [spechunter] [Grep] pattern='Zvdot|Zvbb|Zvbc|Zvkb|Zvkg|Zvkned|Zvknhb|Zvksed|Zvksh'
[05:43:53] [spechunter] [Grep] pattern='VDOT|vdot|dot4|dotProduct'
[05:43:59] [spechunter] [text] Now let me look at how existing narrowing instructions (at funct6=101100, 101110) handle SEW validation, and examine the...
[05:43:59] [spechunter] [Grep] pattern='trans_vnsrl|trans_vnclipu'
[05:43:59] [spechunter] [Read] /home/yzs/riscv/qemu/target/riscv/insn_trans/trans_rvv.c.inc
[05:44:00] [spechunter] [Read] /home/yzs/riscv/XiangShan/src/main/scala/xiangshan/backend/decode/Instructions.scala
[05:44:00] [spechunter] [Grep] pattern='zvdot|Zvdot'
[05:44:05] [spechunter] [Grep] pattern='vnsrl|vnclipu'
[05:44:05] [spechunter] [Read] /home/yzs/riscv/qemu/target/riscv/insn32.decode
[05:44:10] [spechunter] [Grep] pattern='dot4a|vdot4a'
[05:44:10] [spechunter] [Bash] Check for submodules and their paths
[05:44:10] [spechunter] [Grep] pattern='VimacType|VialuFixType|VipuType'
[05:44:22] [spechunter] [Grep] pattern='dot4a|vdot4a|dot4|dotProduct|DOT4|VDOT4'
[05:44:22] [spechunter] [Grep] pattern='dot4a|vdot4a|dot4|dotProduct|DOT4|VDOT4'
[05:44:26] [spechunter] [Grep] pattern='GEN_OPIWV_NARROW_TRANS|OPIWV_NARROW|narrow_check'
[05:44:32] [spechunter] [Grep] pattern='vdota|vdot4|dot4a|zvdot'
[05:44:32] [spechunter] [Grep] pattern='dot4|4a8i'
[05:44:32] [spechunter] [Glob] **/VimacType*
[05:44:32] [spechunter] [Glob] **/VipuType*
[05:44:32] [spechunter] [Glob] **/VialuFixType*
[05:44:47] [spechunter] [Bash] List yunsuan directory
[05:44:55] [spechunter] [Bash] List yunsuan directory with hidden files
[05:44:55] [spechunter] [Glob] **/VfaluType*
[05:45:04] [spechunter] [Grep] pattern='object VimacType|object VipuType|object VfaluType|object VialuFixType'
[05:45:04] [spechunter] [Grep] pattern='package yunsuan'
[05:45:12] [spechunter] [TodoWrite] 4 items
[05:45:23] [spechunter] [Grep] pattern='zvdot|vdot4|dot4a|4a8i|dot_product.*vector|vector.*dot_product'
[05:45:23] [spechunter] [Bash] List root-level files
[05:45:23] [spechunter] [Bash] Find build configuration files
[05:46:48] [spechunter] [text] Let me verify these findings directly and check for any recent additions related to Zvdot4a8i.  
[05:46:48] [spechunter] [Grep] pattern='vdot4a|dot4a|Zvdot|zvdot'
[05:46:48] [spechunter] [Grep] pattern='dotProduct|DOT4|VDOT4'
[05:46:48] [spechunter] [Bash] Search git history for Zvdot4a8i commits
[05:47:44] [spechunter] [text] Let me also check what happens to unrecognized vector instructions in the decoder default path.  
[05:47:44] [spechunter] [Read] /home/yzs/riscv/XiangShan/src/main/scala/xiangshan/backend/decode/VecDecoder.scala
[05:47:44] [spechunter] [Read] /home/yzs/riscv/XiangShan/src/main/scala/xiangshan/backend/decode/VecExceptionGen.scala
[05:47:55] [spechunter] [text] Let me check the decoder's handling of unrecognized vector instructions.  
[05:47:55] [spechunter] [Read] /home/yzs/riscv/XiangShan/src/main/scala/xiangshan/backend/decode/VecExceptionGen.scala
[05:47:55] [spechunter] [Read] /home/yzs/riscv/XiangShan/src/main/scala/xiangshan/backend/decode/VecDecoder.scala
[05:48:12] [spechunter] [text] Let me also check what happens in the broader decoder when an instruction pattern doesn't match any entry.  
[05:48:12] [spechunter] [Grep] pattern='vecXDecode|vecDecodeTable'
[05:48:12] [spechunter] [Grep] pattern='class DecodeUnit|vecDecodeStr'
[05:48:14] [spechunter] [Read] /home/yzs/riscv/XiangShan/src/main/scala/xiangshan/backend/decode/DecodeUnit.scala
[05:49:12] [spechunter] [text] Now I have a complete picture. Let me compile the security analysis.  ---  ## Security Audit: Zvdot4a8i SEW Vulnerabilit...
[03:56:27] [spechunter] PR loaded: #2576 riscv/riscv-isa-manual — "[Zvdot4a8i] Extension for vector dot product (4-element, 8-bit integer) Version 0.1"
[03:56:27] [spechunter]   diff: 97572 chars  body: 794 chars  reviews: 1
[03:56:27] [spechunter] Global pre-filter running...
[03:56:29] [spechunter] [text] API Error: 400 {"detail":"Error code: 400 - {'detail': 'Rate limit exceeded for team: AI_PRD_SELF-ygOCagDg1IJPqSZyFTZ2lU...
[03:56:30] [spechunter] pre-filter: should_skip=False reason=""
[03:56:34] [spechunter] [text] API Error: 400 {"detail":"Error code: 400 - {'detail': 'Rate limit exceeded for team: AI_PRD_SELF-ygOCagDg1IJPqSZyFTZ2lU...
[03:56:36] [spechunter] [text] API Error: 400 {"detail":"Error code: 400 - {'detail': 'Rate limit exceeded for team: AI_PRD_SELF-ygOCagDg1IJPqSZyFTZ2lU...
[03:56:36] [spechunter] [text] API Error: 400 {"detail":"Error code: 400 - {'detail': 'Rate limit exceeded for team: AI_PRD_SELF-ygOCagDg1IJPqSZyFTZ2lU...
[03:56:36] [spechunter] [text] API Error: 400 {"detail":"Error code: 400 - {'detail': 'Rate limit exceeded for team: AI_PRD_SELF-ygOCagDg1IJPqSZyFTZ2lU...
[03:56:38] [spechunter] [text] API Error: 400 {"detail":"Error code: 400 - {'detail': 'Rate limit exceeded for team: AI_PRD_SELF-ygOCagDg1IJPqSZyFTZ2lU...
[03:56:40] [spechunter] [text] API Error: 400 {"detail":"Error code: 400 - {'detail': 'Rate limit exceeded for team: AI_PRD_SELF-ygOCagDg1IJPqSZyFTZ2lU...
[03:56:40] [spechunter] [text] API Error: 400 {"detail":"Error code: 400 - {'detail': 'Rate limit exceeded for team: AI_PRD_SELF-ygOCagDg1IJPqSZyFTZ2lU...
[03:56:40] [spechunter] [text] API Error: 400 {"detail":"Error code: 400 - {'detail': 'Rate limit exceeded for team: AI_PRD_SELF-ygOCagDg1IJPqSZyFTZ2lU...
[03:56:43] [spechunter] [text] API Error: 400 {"detail":"Error code: 400 - {'detail': 'Rate limit exceeded for team: AI_PRD_SELF-ygOCagDg1IJPqSZyFTZ2lU...
[03:56:47] [spechunter] [text] API Error: 400 {"detail":"Error code: 400 - {'detail': 'Rate limit exceeded for team: AI_PRD_SELF-ygOCagDg1IJPqSZyFTZ2lU...
[03:56:49] [spechunter] [text] API Error: 400 {"detail":"Error code: 400 - {'detail': 'Rate limit exceeded for team: AI_PRD_SELF-ygOCagDg1IJPqSZyFTZ2lU...
[03:56:49] [spechunter] [text] API Error: 400 {"detail":"Error code: 400 - {'detail': 'Rate limit exceeded for team: AI_PRD_SELF-ygOCagDg1IJPqSZyFTZ2lU...
[03:56:49] [spechunter] [text] API Error: 400 {"detail":"Error code: 400 - {'detail': 'Rate limit exceeded for team: AI_PRD_SELF-ygOCagDg1IJPqSZyFTZ2lU...
[03:56:51] [spechunter] [text] API Error: 400 {"detail":"Error code: 400 - {'detail': 'Rate limit exceeded for team: AI_PRD_SELF-ygOCagDg1IJPqSZyFTZ2lU...
[03:56:53] [spechunter] [text] API Error: 400 {"detail":"Error code: 400 - {'detail': 'Rate limit exceeded for team: AI_PRD_SELF-ygOCagDg1IJPqSZyFTZ2lU...
[03:57:28] [spechunter] [Grep] pattern='zvdot|Zvdot|ZVDOT|vdot4a8|vdot|dot.product|vector.*dot'
[03:57:28] [spechunter] [Grep] pattern='zvdot4a8|Zvdot4a8i|zvdot4'
[03:57:28] [spechunter] [Grep] pattern='vdot|vdotp|vdotu'
[03:57:29] [spechunter] [TodoWrite] 6 items
[03:57:29] [spechunter] [text] {"should_skip": false}
[03:57:30] [spechunter] [text] ## Cross-validation Result  Both fast-path (entity-index) and slow-path (semantic search) returned no locations.  **Asse...
[03:57:38] [spechunter] [Grep] pattern='vector|vstart|vtype|vcsr|vlenb|vl[^a-z]'
[03:57:38] [spechunter] [Grep] pattern='SATP|satp|trap.*handler|mtvec|mtrap'
[03:57:38] [spechunter] [Grep] pattern='sbi_ecall|ecall_handler|sbi_trap'
[03:57:38] [spechunter] [Glob] lib/sbi/*.c
[03:57:49] [spechunter] [text] ```json {   "violation_condition": "QEMU TCG translates vdot4a/vdot4au/vdot4asu/vdot4aus instructions without checking t...
[03:57:52] [spechunter] [Grep] pattern='vector|vtype|vlenb|vstart|vxsat|vcsr|vsetvli'
[03:57:52] [spechunter] [Grep] pattern='vector|vtype|vlenb|vstart|vcsr|vsetvli'
[03:57:52] [spechunter] [Grep] pattern='VECTOR|ISA_EXT|riscv_isa_extension|isa_ext'
[03:57:57] [spechunter] [Agent] description, subagent_type
[03:57:57] [spechunter] [Agent] description, subagent_type
[03:58:06] [spechunter] [Agent] description, subagent_type
[03:58:09] [spechunter] [text] No references to the Zvdot4a8i extension or any related vector dot-product instructions were found anywhere in the OpenS...
[03:58:10] [spechunter] [Agent] description, subagent_type
[03:58:10] [spechunter] [Agent] description, subagent_type
[03:58:12] [spechunter] [TodoWrite] 7 items
[03:58:20] [spechunter] [Bash] List all spec repos under spec_ref
[03:58:20] [spechunter] [Grep] pattern='Zvdot4a8i|zvdot4a8i|Zvdot|zvdot'
[03:58:20] [spechunter] [Grep] pattern='vdot4a8i|vdot4a'
[03:58:20] [spechunter] [Grep] pattern='vector dot product'
[03:58:20] [spechunter] [text] Let me read the core trap handling and context-switching code
[03:58:20] [spechunter] [Read] /home/yzs/riscv/opensbi/lib/sbi/sbi_trap.c
[03:58:20] [spechunter] [Read] /home/yzs/riscv/opensbi/lib/sbi/sbi_hart.c
[03:58:20] [spechunter] [Read] /home/yzs/riscv/opensbi/lib/sbi/sbi_domain_context.c
[03:58:27] [spechunter] [Grep] pattern='vdot4a'
[03:58:27] [spechunter] [Grep] pattern='vdot4au'
[03:58:27] [spechunter] [Grep] pattern='vdot4asu'
[03:58:27] [spechunter] [Grep] pattern='vdot4aus'
[03:58:28] [spechunter] [Grep] pattern='vdot4a'
[03:58:28] [spechunter] [Grep] pattern='vdot4au'
[03:58:28] [spechunter] [Grep] pattern='vdot4asu'
[03:58:28] [spechunter] [Grep] pattern='vdot4aus'
[03:58:28] [spechunter] [Grep] pattern='zvdot'
[03:58:29] [spechunter] [Grep] pattern='zvdot4a8i|Zvdot4a8i|DOT4A8I|vdot4a8i|zvdot'
[03:58:29] [spechunter] [Grep] pattern='Zvdot|ZVKNOT|zvknot|ZVKNHA|zvknha|ZVB|zvb'
[03:58:29] [spechunter] [Grep] pattern='riscv,isa-extensions'
[03:58:30] [spechunter] [Grep] pattern='dot|vdot|zvdot|dot4|dot_product'
[03:58:30] [spechunter] [Grep] pattern='vdot4a|vdot4a8i|zvdot4a8i'
[03:58:30] [spechunter] [Glob] **/*dot*
[03:58:30] [spechunter] [Glob] **/*Dot*
[03:58:30] [spechunter] [Bash] List all directories under src/main/scala to understand vector subsystem structure
[03:58:31] [spechunter] [Glob] src/main/scala/**/vector/**
[03:58:31] [spechunter] [Glob] src/main/scala/**/*decode*
[03:58:31] [spechunter] [Glob] src/main/scala/**/*Decode*
[03:58:31] [spechunter] [Glob] src/main/scala/**/vector/**/*.scala
[03:58:31] [spechunter] [Grep] pattern='vmul'
[03:58:31] [spechunter] [Grep] pattern='BitPat'
[03:58:33] [spechunter] [text] API Error: 400 {"detail":"Error code: 400 - {'detail': 'Rate limit exceeded for team: AI_PRD_SELF-ygOCagDg1IJPqSZyFTZ2lU...
[03:58:36] [spechunter] [text] API Error: 400 {"detail":"Error code: 400 - {'detail': 'Rate limit exceeded for team: AI_PRD_SELF-ygOCagDg1IJPqSZyFTZ2lU...
[03:58:49] [spechunter] [text] Looks like the API rate limit has been exceeded. The limit resets at 2026-05-10 19:59:29 UTC. Let me check the current t...
[03:58:49] [spechunter] [Bash] Check current UTC time
[03:58:53] [spechunter] [Bash] List target/riscv directory
[03:58:53] [spechunter] [Grep] pattern='vdot'
[03:58:53] [spechunter] [Bash] List insn_trans directory
[03:58:57] [spechunter] [text] The rate limit resets in about 40 seconds. Let me do the searches directly to save context.  
[03:58:57] [spechunter] [Bash] Wait for rate limit reset
[03:59:07] [spechunter] [Grep] pattern='vdot'
[03:59:07] [spechunter] [Bash] List tcg directory
[03:59:07] [spechunter] [Grep] pattern='dot4'
[03:59:12] [spechunter] [text] Let me proceed with the searches directly now.  
[03:59:12] [spechunter] [Grep] pattern='Zvdot4a8i|zvdot4a8i|zvdot|DOT4A8I|vdot4a8i'
[03:59:12] [spechunter] [Bash] List spec ref directories
[03:59:14] [spechunter] [Read] /home/yzs/riscv/XiangShan/src/main/scala/xiangshan/backend/decode/VecDecoder.scala
[03:59:14] [spechunter] [Read] /home/yzs/riscv/XiangShan/src/main/scala/xiangshan/backend/fu/vector/VIAluFix.scala
[03:59:14] [spechunter] [Read] /home/yzs/riscv/XiangShan/src/main/scala/xiangshan/backend/fu/vector/VIPU.scala
[03:59:14] [spechunter] [Read] /home/yzs/riscv/XiangShan/src/main/scala/xiangshan/backend/fu/vector/Bundles.scala
[03:59:14] [spechunter] [Read] /home/yzs/riscv/XiangShan/src/main/scala/xiangshan/backend/fu/vector/Utils.scala
[03:59:14] [spechunter] [Read] /home/yzs/riscv/XiangShan/src/main/scala/xiangshan/backend/fu/vector/VecPipedFuncUnit.scala
[03:59:19] [spechunter] [text] Both fast-path and slow-path sets are empty, so nothing to cross-validate or deduplicate. Let me verify there's genuinel...
[03:59:19] [spechunter] [Grep] pattern='zvdot|vdot|vector.*dot|dot.*product'
[03:59:19] [spechunter] [Grep] pattern='vector.*extension|vext|VEXT'
[03:59:19] [spechunter] [Grep] pattern='vector.*save|vector.*restore|vector.*context|vreg'
[03:59:34] [spechunter] [Grep] pattern='zvdot|Zvdot|ZV_DOT|zv_dot'
[03:59:34] [spechunter] [Grep] pattern='zvdot|Zvdot|vector.*dot.*product'
[03:59:34] [spechunter] [Bash] Search git history for Zvdot4a8i commits
[03:59:41] [spechunter] [Grep] pattern='vector|vreg|VN|VCSR'
[03:59:41] [spechunter] [Grep] pattern='MSTATEEN|SSTATEEN'
[03:59:42] [spechunter] [Grep] pattern='dot'
[03:59:42] [spechunter] [Grep] pattern='dot'
[03:59:42] [spechunter] [Grep] pattern='dot'
[03:59:42] [spechunter] [Grep] pattern='dot'
[03:59:42] [spechunter] [Grep] pattern='dot'
[03:59:48] [spechunter] [Grep] pattern='VMUL_VV|VMULH_VV|VMULHU_VV|VMULHSU_VV|VWMUL_VV|VWMULU_VV'
[03:59:48] [spechunter] [Grep] pattern='FuType'
[03:59:48] [spechunter] [Read] /home/yzs/riscv/XiangShan/src/main/scala/xiangshan/backend/fu/vector/VPUSubModule.scala
[03:59:48] [spechunter] [Read] /home/yzs/riscv/XiangShan/src/main/scala/xiangshan/backend/fu/vector/VecNonPipedFuncUnit.scala
[03:59:48] [spechunter] [Read] /home/yzs/riscv/XiangShan/src/main/scala/xiangshan/backend/fu/vector/VIMacU.scala
[03:59:48] [spechunter] [Grep] pattern='class VpuCtrlSignals|class VecCtrlBundle|vpu\\b'
[03:59:58] [spechunter] [text] Let me check the PR branch and look at the spec more broadly.  
[03:59:58] [spechunter] [Bash] Check for branch with zvdot or dot
[03:59:58] [spechunter] [Bash] List riscv-isa-manual spec files
[03:59:58] [spechunter] [Bash] Check recent commits for context
[04:00:10] [spechunter] [Read] /home/yzs/riscv/XiangShan/src/main/scala/xiangshan/backend/fu/FuType.scala
[04:00:10] [spechunter] [Grep] pattern='class VPUCtrlSignals|VPUCtrlSignals extends'
[04:00:10] [spechunter] [Grep] pattern='VMUL_VV|VMULH_VV|VWMUL_VV|VMUL_VX|VWMAC'
[04:00:10] [spechunter] [Grep] pattern='class VIMacU|def VIMacU|new VIMacU|class.*VIMacU'
[04:00:10] [spechunter] [Grep] pattern='VialuFixType|VimacType|VipuType|VpermType|VfaluType'
[04:00:10] [spechunter] [Grep] pattern='class DecodeUnit|def table'
[04:00:12] [spechunter] [Grep] pattern='vdot|dot4|zvdot|ZVdot|zvediv'
[04:00:12] [spechunter] [Grep] pattern='vdot|dot4|zvdot'
[04:00:12] [spechunter] [Bash] Search git history for vdot4 mentions
[04:00:12] [spechunter] [Bash] Search git history for dot4 mentions
[04:00:15] [spechunter] [text] Let me also verify there's nothing in the encoding header that's V-extension specific
[04:00:15] [spechunter] [Grep] pattern='ZDOT|zvdot|VDOT|vdot[0-9]'
[04:00:15] [spechunter] [Grep] pattern='vector.*csr|vcsr|VSSTATUS|VSTART|VLENB'
[04:00:20] [spechunter] [text] Let me search the spec reference for any vector dot product specification and look for any spec-related files.  
[04:00:20] [spechunter] [Grep] pattern='dot|Zvdot|zvdot'
[04:00:20] [spechunter] [Glob] **/*zvdot*
[04:00:20] [spechunter] [Glob] **/*DOT*
[04:00:29] [spechunter] [Grep] pattern='class VPUCtrlSignals'
[04:00:29] [spechunter] [Read] /home/yzs/riscv/XiangShan/src/main/scala/xiangshan/backend/fu/wrapper/VIMacU.scala
[04:00:29] [spechunter] [Read] /home/yzs/riscv/XiangShan/src/main/scala/xiangshan/backend/decode/UopInfoGen.scala
[04:00:29] [spechunter] [Glob] src/main/scala/**/yunsuan/**/*.scala
[04:00:29] [spechunter] [Grep] pattern='val VADD_VV|val VMUL_VV|val VMULH_VV|val VWMUL_VV|val VMUL_VX'
[04:00:37] [spechunter] [Grep] pattern='vwmaccsu|vwmaccus|vwmaccu|vwmacc'
[04:00:37] [spechunter] [Bash] Search git history for extension names
[04:00:37] [spechunter] [Grep] pattern='require_sew|require_no_sew'
[04:00:37] [spechunter] [Bash] Count lines in decode file
[04:00:40] [spechunter] [text] Both input sets are empty, and verification confirms **no OpenSBI code is relevant** to the Zvdot4a8i spec change.  **Wh...
[04:00:42] [spechunter] [Glob] **/*vector*
[04:00:42] [spechunter] [Glob] **/*zv*
[04:01:03] [spechunter] [text] Let me first explore the repo state and find any code related to Zvdot4a8i or vector dot product extensions
[04:01:03] [spechunter] [Bash] Check recent commits for Zvdot4a8i changes
[04:01:03] [spechunter] [Bash] Check files changed in latest commit
[04:01:03] [spechunter] [Grep] pattern='zvdot|Zvdot|vdot|vector.*dot'
[04:01:04] [spechunter] [Bash] Search the entire qemu codebase for any mention of Zvdot, Zvediv, vdot
[04:01:04] [spechunter] [Grep] pattern='Zvdot|Zvediv|zvdot|zvediv|vediv'
[04:01:04] [spechunter] [Grep] pattern='vmacc|vnmsac|vsm'
[04:01:04] [spechunter] [Bash] Check decode file for all vector ops in the tail
[04:01:08] [spechunter] [Grep] pattern='dot|Zvdot|zvdot'
[04:01:08] [spechunter] [Grep] pattern='dot|Zvdot|zvdot'
[04:01:11] [spechunter] [Grep] pattern='def VADD_VV|def VMUL_VV|def VMULH_VV|def VWMUL_VV'
[04:01:11] [spechunter] [Read] /home/yzs/riscv/XiangShan/src/main/scala/xiangshan/backend/fu/wrapper/VIAluFix.scala
[04:01:11] [spechunter] [Read] /home/yzs/riscv/XiangShan/src/main/scala/xiangshan/backend/fu/wrapper/VIPU.scala
[04:01:11] [spechunter] [Read] /home/yzs/riscv/XiangShan/src/main/scala/xiangshan/backend/fu/vector/VecSrcTypeModule.scala
[04:01:11] [spechunter] [Grep] pattern='object Instructions|object.*Instructions'
[04:01:26] [spechunter] [Grep] pattern='Zvdot|zvdot|vdot|Vdot|ZDOT|VDOT'
[04:01:26] [spechunter] [Grep] pattern='vector.*dot|dot.*product|zvdot|Zvdot4'
[04:01:26] [spechunter] [Bash] List branches for Zvdot4a8i related work
[04:01:27] [spechunter] [Read] /home/yzs/riscv/XiangShan/src/main/scala/xiangshan/backend/decode/Instructions.scala
[04:01:27] [spechunter] [Read] /home/yzs/riscv/XiangShan/src/main/scala/xiangshan/backend/decode/DecodeUnit.scala
[04:01:27] [spechunter] [Read] /home/yzs/riscv/XiangShan/src/main/scala/xiangshan/backend/decode/DecodeUnitComp.scala
[04:01:27] [spechunter] [Grep] pattern='import freechips.rocketchip.rocket.Instructions'
[04:01:27] [spechunter] [Grep] pattern='VMUL_VV|VMULH_VV|VWMUL_VV|VMUL_VX|VMULH_VX'
[04:01:36] [spechunter] [Grep] pattern='dot|Zvdot|zvdot'
[04:01:36] [spechunter] [Grep] pattern='dot|Zvdot|zvdot'
[04:01:38] [spechunter] [Bash] Count all vector instruction lines
[04:01:38] [spechunter] [Grep] pattern='zvbb|zvbc|zvkb|zvkg|zvkn|zvknh|zvks|zvksed|zvksh|zvk|zve32|zve64|zve|zvfh|zvfbf|zvb|zfa'
[04:01:38] [spechunter] [Grep] pattern='zvbb|zvbc|zvkb|zvkg|zvkn|zvknh|zvks|zvksed|zvksh|zvk|zve32|zve64|zve|zvfh|zvfbf|zvb|zfa'
[04:01:38] [spechunter] [Bash] Count git log matches
[04:01:47] [spechunter] [Grep] pattern='VMUL_VV|VMULH_VV|VWMUL_VV|VMUL_VX|VMULH_VX|VWMUL_VX'
[04:01:47] [spechunter] [Read] /home/yzs/riscv/XiangShan/src/main/scala/xiangshan/backend/decode/DecodeUnit.scala
[04:01:47] [spechunter] [Grep] pattern='class VIAluCtrlSignals'
[04:01:47] [spechunter] [Grep] pattern='class FuConfig|VimacCfg|VialuCfg'
[04:01:47] [spechunter] [Read] /home/yzs/riscv/XiangShan/src/main/scala/xiangshan/backend/fu/vector/NewMgu.scala
[04:01:53] [spechunter] [text] Let me check if there are any CSR configuration or ISA extension enablement aspects related to vector extensions in Open...
[04:01:53] [spechunter] [Grep] pattern='mstateen|menvcfg|sstateen|senvcfg'
[04:01:53] [spechunter] [Grep] pattern='vector|Vector|VECTOR'
[04:02:13] [spechunter] [Read] /home/yzs/riscv/XiangShan/src/main/scala/xiangshan/backend/fu/FuConfig.scala
[04:02:13] [spechunter] [Read] /home/yzs/riscv/XiangShan/src/main/scala/xiangshan/backend/fu/vector/Mgtu.scala
[04:02:13] [spechunter] [Read] /home/yzs/riscv/XiangShan/src/main/scala/xiangshan/backend/fu/vector/ByteMaskTailGen.scala
[04:02:14] [spechunter] [Bash] Check available branches
[04:02:14] [spechunter] [Grep] pattern='zvbb|zvbc|zvkb|zvkg|zvkn|zvknh|zvksed|zvksh|zvks|zvkt'
[04:02:14] [spechunter] [Grep] pattern='zvbb|zvbc|zvkb'
[04:02:14] [spechunter] [Bash] Search for nibble or dot4 in decode
[04:02:14] [spechunter] [Bash] Search for nibble/dot4 in full directory
[04:02:19] [spechunter] [Grep] pattern='mstateen0|MSTATEEN'
[04:02:19] [spechunter] [Grep] pattern='sbi_hart'
[04:02:19] [spechunter] [Read] /home/yzs/riscv/opensbi/include/sbi/riscv_encoding.h
[04:02:31] [spechunter] [Grep] pattern='MENVCFG|menvcfg'
[04:02:31] [spechunter] [Grep] pattern='CBIE|CBCFE|CBZE|ADUE|PBMTE|STCE|PME'
[04:02:58] [spechunter] [Read] /home/yzs/riscv/opensbi/lib/sbi/sbi_hart.c
[04:02:58] [spechunter] [Read] /home/yzs/riscv/opensbi/include/sbi/sbi_hart.h
[04:03:07] [spechunter] [text] Let me look for any Zvdot-related changes in progress and check the diff and security spec files more carefully.  
[04:03:07] [spechunter] [Bash] Check all branches for Zvdot related commits
[04:03:07] [spechunter] [Bash] Check for any pending changes or stashes
[04:03:07] [spechunter] [Grep] pattern='zvdot|Zvdot|ZDOT|ZDOT4A8I|zvdot4a8i'
[04:03:19] [spechunter] [text] Let me check the security spec and spec reference documents for Zvdot4a8i-related content
[04:03:19] [spechunter] [Read] /home/yzs/riscv/opensbi/security_spec.json
[04:03:19] [spechunter] [Bash] List spec reference directories
[04:03:39] [spechunter] [Bash] Search for Zvdot4a8i in spec reference
[04:03:39] [spechunter] [Bash] Search for vector-related menvcfg bits in spec
[04:03:58] [spechunter] [Grep] pattern='zvdot.*|vdot4a|zv(ed|dot)'
[04:03:58] [spechunter] [Grep] pattern='zvdot|vdot4a|zv(ed|dot)'
[04:03:59] [spechunter] [Bash] List files in locations directory
[04:04:10] [spechunter] [text] Let me search more directly since the rate-limited agent didn't return results.  
[04:04:10] [spechunter] [Grep] pattern='dot'
[04:04:10] [spechunter] [Grep] pattern='vdot|zvdot|dot4|dot_product'
[04:04:10] [spechunter] [Glob] src/main/scala/**/vector/**/*decode*
[04:04:10] [spechunter] [Glob] src/main/scala/**/vector/**/*BitPat*
[04:04:10] [spechunter] [Glob] src/main/scala/**/vector/**/V*Decode*
[04:04:15] [spechunter] [text] Now let me do a final check to confirm that Zvdot4a8i has no firmware-level enablement requirements by searching the RIS...
[04:04:15] [spechunter] [Bash] Search spec for Zvdot4a8i related text
[04:04:15] [spechunter] [Grep] pattern='mstateen.*vector|vector.*mstateen|MSTATEEN.*vector|mstateen0'
[04:04:21] [spechunter] [text] Based on my thorough analysis, here are the findings:  1. **No Zvdot4a8i code exists in the Linux kernel tree** — Grep s...
[04:04:24] [spechunter] [Grep] pattern='dot4|DOT4|nibble.*dot|dot.*nibble'
[04:04:24] [spechunter] [Grep] pattern='OPMVV.*0b101[01]'
[04:04:24] [spechunter] [Grep] pattern='require.*zvdot|require.*zvedi|require.*vedot|require.*vdot'
[04:04:37] [spechunter] [Grep] pattern='OPMVV|OPMVX|OPIVV|OPIVX'
[04:04:38] [spechunter] [text] Let me search more broadly for the vector infrastructure.  
[04:04:38] [spechunter] [Grep] pattern='VectorDecode|VDecode|vector.*decode|decode.*vector'
[04:04:38] [spechunter] [Grep] pattern='BitPat.*v[lm]|vmul|vmacc|vnmsac|vwmacc'
[04:04:38] [spechunter] [Grep] pattern='VIAlu|VIMac|VPU|VectorALU|VectorPU'
[04:04:38] [spechunter] [Bash] List all Scala source directories
[04:04:49] [spechunter] [text] Now I have a complete picture. Let me verify one more aspect — whether Zvdot4a8i introduces any new CSRs or architectura...
[04:04:49] [spechunter] [Bash] Search for Zvdot4a8i spec files and vector extension specs
[04:04:56] [spechunter] [Bash] Count lines in decode file
[04:04:56] [spechunter] [Grep] pattern='vedot|vwdot|vsmdot|vfred|vfwred|vfmv|vdot|vred'
[04:04:57] [spechunter] [TodoWrite] 5 items
[04:05:07] [spechunter] [Bash] Check for vector-related mstateen/hstateen bits
[04:05:07] [spechunter] [Grep] pattern='MSTATEEN0_|SMSTATEEN0_'
[04:05:13] [spechunter] [text] Now let me read the key vector decode and execution files.  
[04:05:13] [spechunter] [Read] /home/yzs/riscv/XiangShan/src/main/scala/xiangshan/backend/decode/VecDecoder.scala
[04:05:13] [spechunter] [Read] /home/yzs/riscv/XiangShan/src/main/scala/xiangshan/backend/fu/vector/VIMacU.scala
[04:05:13] [spechunter] [Read] /home/yzs/riscv/XiangShan/src/main/scala/xiangshan/backend/fu/wrapper/VIMacU.scala
[04:05:22] [spechunter] [text] Now let me trace the VimacType opcodes and instruction definitions to see what's wired in.  
[04:05:22] [spechunter] [Grep] pattern='VimacType|vimac'
[04:05:22] [spechunter] [Grep] pattern='VimacType'
[04:05:35] [spechunter] [Read] /home/yzs/riscv/XiangShan/yunsuan/src/main/scala/yunsuan/package.scala
[04:05:37] [spechunter] [Grep] pattern='110000|110001|110010|110011|110100|110101|110110|110111'
[04:05:37] [spechunter] [Grep] pattern='010000|010001|010010|010011'
[04:05:48] [spechunter] [text] Now let me check the VimacOpcode definitions to see the actual opcode encoding and check for any dot product references
[04:05:48] [spechunter] [Grep] pattern='VimacOpcode'
[04:05:48] [spechunter] [Grep] pattern='Vimac64b|VIMac\\b'
[04:05:49] [spechunter] [text] Here's my complete analysis based on thorough examination of the OpenSBI codebase:  **Zvdot4a8i** is an unprivileged ISA...
[04:05:52] [spechunter] [Grep] pattern='110000|110001|110010|110011|110100|110101|110110|110111'
[04:05:53] [spechunter] [Read] /home/yzs/riscv/XiangShan/yunsuan/src/main/scala/yunsuan/encoding/Opcode/VimacOpcode.scala
[04:05:53] [spechunter] [Read] /home/yzs/riscv/XiangShan/yunsuan/src/main/scala/yunsuan/vector/vectorIMAC/VIMac.scala
[04:06:13] [spechunter] [text] Let me search more semantically — focusing on the infrastructure that *would* be affected if these instructions were imp...
[04:06:13] [spechunter] [Agent] description, prompt
[04:06:13] [spechunter] [Agent] description, prompt
[04:06:15] [spechunter] [text] Now let me look at the VIMac64b implementation and also check for instruction encoding definitions  
[04:06:15] [spechunter] [Glob] **/*
[04:06:15] [spechunter] [Grep] pattern='\\bVDOT\\b|\\bvdot\\b|VDOT4|vdot4|\\bdot_product\\b|Zvdot|zvdot'
[04:06:15] [spechunter] [Grep] pattern='VADD_VV|VMUL_VV|VMACC_VV|VWMACC_VV|Instructions'
[04:06:30] [spechunter] [Grep] pattern='funct6=110[01][01][01]'
[04:06:30] [spechunter] [Grep] pattern='110[01][01][01]'
[04:06:30] [spechunter] [Grep] pattern='OPMVV|OPMVX|OPFVV|OPFVF|OPIVV|OPIVX|OPIVI'
[04:06:35] [spechunter] [text] No references to VDOT/Zvdot anywhere. This extension is not yet implemented. Let me now trace the key files where new in...
[04:06:35] [spechunter] [TodoWrite] 5 items
[04:06:42] [spechunter] [Read] /home/yzs/riscv/XiangShan/src/main/scala/xiangshan/backend/fu/FuType.scala
[04:06:42] [spechunter] [Read] /home/yzs/riscv/XiangShan/src/main/scala/xiangshan/backend/fu/FuConfig.scala
[04:06:57] [spechunter] [Grep] pattern='require_sew'
[04:06:57] [spechunter] [Grep] pattern='require_rvv'
[04:06:57] [spechunter] [Grep] pattern='require_scale'
[04:06:57] [spechunter] [Grep] pattern='s->sew'
[04:06:57] [spechunter] [Grep] pattern='vext_check'
[04:07:09] [spechunter] [Read] /home/yzs/riscv/qemu/target/riscv/insn32.decode
[04:07:09] [spechunter] [Read] /home/yzs/riscv/qemu/target/riscv/insn32.decode
[04:07:09] [spechunter] [Read] /home/yzs/riscv/qemu/target/riscv/insn32.decode
[04:07:15] [spechunter] [text] Now let me check the instruction encoding definitions and the exception generation logic
[04:07:15] [spechunter] [Grep] pattern='VADD_VV|VMUL_VV|VMACC_VV'
[04:07:15] [spechunter] [Grep] pattern='VADD_VV.*=.*BitPat|def VADD_VV'
[04:07:25] [spechunter] [text] Prompt is too long
[04:07:26] [spechunter] [Read] /home/yzs/riscv/qemu/target/riscv/insn32.decode
[04:07:26] [spechunter] [Bash] Search for funct6=110xxx patterns explicitly in decode file
[04:07:26] [spechunter] [Bash] Count all vector opcode instructions
[04:07:37] [spechunter] [Read] /home/yzs/riscv/qemu/target/riscv/insn_trans/trans_rvv.c.inc
[04:07:37] [spechunter] [Grep] pattern='vext_check_isa_ill'
[04:07:37] [spechunter] [Grep] pattern='vext_check_isa_ill'
[04:07:37] [spechunter] [Grep] pattern='vsew|CSR_VSEW|vtype.*write|vtype.*WARL'
[04:07:37] [spechunter] [Grep] pattern='illegal.instruction|RISCV_EXCP_ILLEGAL_INST|generate_exception'
[04:07:45] [spechunter] [Bash] Extract all vector instructions with funct6=110xxx at opcode 1010111
[04:07:45] [spechunter] [Bash] Extract all instructions with funct6=110xxx at opcode 1010111 (alternate pattern)
[04:07:58] [spechunter] [Read] /home/yzs/riscv/qemu/target/riscv/insn_trans/trans_rvv.c.inc
[04:07:58] [spechunter] [Grep] pattern='vext_check_\\w+'
[04:07:58] [spechunter] [Glob] target/riscv/vector_helper.c
[04:07:58] [spechunter] [Grep] pattern='vsew|CSR_VSEW'
[04:08:01] [spechunter] [Agent] description, prompt
[04:08:01] [spechunter] [Grep] pattern='vdot|vdotu|zvdot|dot4a8i|Zvdot4a8i|ZVDOT'
[04:08:01] [spechunter] [Grep] pattern='vdov|vdot|dot.*prod|dot_product'
[04:08:02] [spechunter] [Bash] Extract instructions with funct6=111xxx at opcode 1010111
[04:08:02] [spechunter] [Grep] pattern='SEW.*==.*32|SEW_32|sew.*32'
[04:08:26] [spechunter] [Read] /home/yzs/riscv/qemu/target/riscv/insn_trans/trans_rvv.c.inc
[04:08:26] [spechunter] [Grep] pattern='vdot|vsm4|vaes|EGS|egs'
[04:08:26] [spechunter] [Grep] pattern='require_egs|EGS|\\.egs|egs\\b'
[04:08:27] [spechunter] [Grep] pattern='vdot|zvdot|vdotu|vdot4a8i|zve32x'
[04:08:27] [spechunter] [Grep] pattern='dot|Dot'
[04:08:27] [spechunter] [Glob] **/xiangshan/**/[Vv]ector*
[04:08:27] [spechunter] [Glob] **/xiangshan/**/[Vv]A[lL]u*
[04:08:27] [spechunter] [Glob] **/xiangshan/**/[Vv]Exec*
[04:08:27] [spechunter] [Glob] **/xiangshan/**/[Dd]ecode*
[04:08:27] [spechunter] [Glob] **/xiangshan/**/[Ii]nstr*
[04:08:32] [spechunter] [Grep] pattern='vdot|vsm4|vaes|EGS'
[04:08:32] [spechunter] [Read] /home/yzs/riscv/qemu/target/riscv/insn32.decode
[04:08:32] [spechunter] [Read] /home/yzs/riscv/qemu/target/riscv/insn32.decode
[04:08:38] [spechunter] [Read] /home/yzs/riscv/qemu/target/riscv/insn_trans/trans_rvv.c.inc
[04:08:38] [spechunter] [Read] /home/yzs/riscv/qemu/target/riscv/vector_helper.c
[04:08:38] [spechunter] [Grep] pattern='vtype|vsew|vext_set_vsew'
[04:08:38] [spechunter] [Grep] pattern='illegal_inst|excp.*ILLEGAL|RISCV_EXCP'
[04:08:38] [spechunter] [Grep] pattern='vsew.*write|write.*vsew|warl|WARL'
[04:08:54] [spechunter] [Bash] List top-level directory structure of xiangshan
[04:08:54] [spechunter] [Grep] pattern='vector|Vector|VECTOR'
[04:08:54] [spechunter] [Grep] pattern='ZVK|zvk|Zvbb|zvbb|Zve|zve|Zvfh|zvfh|zvkg|Zvkg|Zvbc|zvbc'
[04:08:54] [spechunter] [Grep] pattern='dot'
[04:08:54] [spechunter] [Read] /home/yzs/riscv/XiangShan/src/main/scala/xiangshan/backend/decode/Instructions.scala
[04:08:58] [spechunter] [Grep] pattern='vtype_reserved'
[04:08:58] [spechunter] [Grep] pattern='reset_ill_vtype'
[04:08:58] [spechunter] [Grep] pattern='vext_check_ds\\b|vext_check_dd\\b|vext_check_dss|vext_check_dds|vext_check_sd\\b|vext_check_sds'
[04:08:58] [spechunter] [Grep] pattern='vill|sew.*widening|sew.*narrowing|widening.*sew|narrowing.*sew'
[04:09:05] [spechunter] [Grep] pattern='qdot|vdot|dot4|dot2|dot8|sew'
[04:09:05] [spechunter] [Grep] pattern='require_sew|MO_32|SEW_32|vext_check_sew'
[04:09:05] [spechunter] [Read] /home/yzs/riscv/qemu/target/riscv/insn32.decode
[04:09:15] [spechunter] [Grep] pattern='vdot'
[04:09:15] [spechunter] [Grep] pattern='^@r_vm|^@r_vm_1|^@r_vm_0|^@r2_vm|^@r2_vm_1'
[04:09:15] [spechunter] [Grep] pattern='^@r2_'
[04:09:16] [spechunter] [Bash] List all files in the vector FU directory
[04:09:16] [spechunter] [Bash] List files in the execution unit directory
[04:09:16] [spechunter] [Read] /home/yzs/riscv/XiangShan/src/main/scala/xiangshan/backend/decode/Instructions.scala
[04:09:16] [spechunter] [Read] /home/yzs/riscv/XiangShan/src/main/scala/xiangshan/backend/fu/vector/Bundles.scala
[04:09:16] [spechunter] [Grep] pattern='VIMacU|VIMac|vimac|mac'
[04:09:22] [spechunter] [Read] /home/yzs/riscv/qemu/target/riscv/vector_helper.c
[04:09:22] [spechunter] [Read] /home/yzs/riscv/qemu/target/riscv/insn_trans/trans_rvv.c.inc
[04:09:22] [spechunter] [Read] /home/yzs/riscv/qemu/target/riscv/insn_trans/trans_rvv.c.inc
[04:09:34] [spechunter] [Read] /home/yzs/riscv/XiangShan/src/main/scala/xiangshan/backend/fu/vector/VIMacU.scala
[04:09:34] [spechunter] [Read] /home/yzs/riscv/XiangShan/src/main/scala/xiangshan/backend/fu/FuType.scala
[04:09:34] [spechunter] [Read] /home/yzs/riscv/XiangShan/src/main/scala/xiangshan/backend/fu/FuConfig.scala
[04:09:34] [spechunter] [Grep] pattern='VIMacU|vimac|Vimac|VIMac'
[04:09:34] [spechunter] [Glob] **/*
[04:09:41] [spechunter] [Read] /home/yzs/riscv/qemu/target/riscv/insn_trans/trans_rvv.c.inc
[04:09:41] [spechunter] [Grep] pattern='trans_vw|trans_vnclip|trans_v[sw]e?xt|widening|narrowing|sew.*<=|sew.*>=|sew.*MO_'
[04:09:41] [spechunter] [Grep] pattern='vtype|csv.*0x008|vizvtype'
[04:09:41] [spechunter] [Grep] pattern='decode.*vector|trans_v.*decode|reserved.*vector|vector.*reserved|OPIVV|OPMVV|OPIVX'
[04:09:56] [spechunter] [Read] /home/yzs/riscv/XiangShan/src/main/scala/xiangshan/backend/decode/VecDecoder.scala
[04:09:56] [spechunter] [Grep] pattern='vdot|VimacType|Vimac|vimac'
[04:09:56] [spechunter] [Grep] pattern='VimacType|Vimac|vimac'
[04:09:56] [spechunter] [Glob] **/yunsuan**
[04:09:56] [spechunter] [Grep] pattern='VimacCfg|VimacType'
[04:09:57] [spechunter] [Read] /home/yzs/riscv/qemu/target/riscv/csr.c
[04:09:57] [spechunter] [Glob] target/riscv/insn_trans/trans_rvv.c.inc
[04:09:57] [spechunter] [Grep] pattern='decode_op_v|decode_insn16|decode_opc|OPIVV|OPMVV|OPIVX'
[04:09:57] [spechunter] [Read] /home/yzs/riscv/qemu/target/riscv/insn_trans/trans_rvv.c.inc
[04:10:05] [spechunter] [Read] /home/yzs/riscv/qemu/target/riscv/insn_trans/trans_rvv.c.inc
[04:10:05] [spechunter] [Read] /home/yzs/riscv/qemu/target/riscv/insn_trans/trans_rvv.c.inc
[04:10:05] [spechunter] [Grep] pattern='vill|vstart_eq_zero'
[04:10:05] [spechunter] [Read] /home/yzs/riscv/qemu/target/riscv/insn_trans/trans_rvv.c.inc
[04:10:06] [spechunter] [Read] /home/yzs/riscv/XiangShan/src/main/scala/xiangshan/backend/fu/wrapper/VIMacU.scala
[04:10:06] [spechunter] [Read] /home/yzs/riscv/XiangShan/src/main/scala/xiangshan/backend/fu/FuConfig.scala
[04:10:06] [spechunter] [Read] /home/yzs/riscv/XiangShan/yunsuan/src/main/scala/yunsuan/encoding/Opcode/VimacOpcode.scala
[04:10:06] [spechunter] [Read] /home/yzs/riscv/XiangShan/yunsuan/src/main/scala/yunsuan/package.scala
[04:10:07] [spechunter] [Read] /home/yzs/riscv/qemu/target/riscv/insn_trans/trans_rvvk.c.inc
[04:10:07] [spechunter] [Read] /home/yzs/riscv/qemu/target/riscv/insn_trans/trans_rvvk.c.inc
[04:10:07] [spechunter] [Grep] pattern='vwsll|vwredsum|vwadd|vwsub|vwaddu|vwsubu|vfwadd|vfwsub|vfwred|OPMVV|OPMVX'
[04:10:20] [spechunter] [Grep] pattern='decode_op_v|OP_V|_decode.*opc|decode.*vsetvli|vext_xl|vext_ldst'
[04:10:20] [spechunter] [Grep] pattern='disas_rvv_ext|disas.*vector|trans_.*table|rvv_op'
[04:10:20] [spechunter] [Grep] pattern='finalize_rvv_inst'
[04:10:25] [spechunter] [Glob] **/yunsuan/vector/**/VIMac*
[04:10:25] [spechunter] [Read] /home/yzs/riscv/XiangShan/src/main/scala/xiangshan/backend/decode/VecExceptionGen.scala
[04:10:25] [spechunter] [Grep] pattern='VDOT|vdot|dot|DOT'
[04:10:25] [spechunter] [Grep] pattern='VDOT|VDOTU|CUSTOM|zve32x|ZVEDOT'
[04:10:25] [spechunter] [Grep] pattern='VDOT|vdot|dot4|4a8i|dot_product'
[04:10:27] [spechunter] [Bash] Extract all funct6=110xxx vector instructions at opcode 1010111
[04:10:27] [spechunter] [Bash] Extract all funct6=111xxx vector instructions at opcode 1010111
[04:10:27] [spechunter] [Bash] Extract all vector instructions with funct6 column and funct3 column
[04:10:28] [spechunter] [Read] /home/yzs/riscv/qemu/target/riscv/translate.c
[04:10:28] [spechunter] [Grep] pattern='bool trans.*\\(DisasContext'
[04:10:28] [spechunter] [Grep] pattern='rvv_decode|disas_rvv|decode_rvv|decode_inst.*b10101|MASK_OP_FP_VEC'
[04:10:28] [spechunter] [Grep] pattern='riscv_tr_translate_insn|decode.*OP_V|trans_.*\\bfalse\\b|gen_exception_illegal'
[04:10:35] [spechunter] [Read] /home/yzs/riscv/XiangShan/yunsuan/src/main/scala/yunsuan/vector/vectorIMAC/VIMac64b.scala
[04:10:35] [spechunter] [Grep] pattern='VWMACC|VMACC|VMUL|VSMUL|vdot|VDOT'
[04:10:35] [spechunter] [Grep] pattern='VWMACC|VMACC|VMUL|VSMUL|vdot|VDOT'
[04:10:35] [spechunter] [Read] /home/yzs/riscv/XiangShan/src/main/scala/xiangshan/backend/fu/vector/VPUSubModule.scala
[04:10:41] [spechunter] [Read] /home/yzs/riscv/qemu/target/riscv/translate.c
[04:10:41] [spechunter] [Read] /home/yzs/riscv/qemu/target/riscv/translate.c
[04:10:41] [spechunter] [Grep] pattern='b0001010|0x0a|opcode.*vector|MASK_OP_VEC'
[04:10:48] [spechunter] [Grep] pattern='decoders.*append|decoders.*add|decode_opcode|MASK_OP_VEC|0x57'
[04:10:48] [spechunter] [Glob] target/riscv/insn_trans/*decode*
[04:10:48] [spechunter] [Grep] pattern='decode_rvv|decodetree|decode_insn32.*opcode'
[04:10:55] [spechunter] [Grep] pattern='decode_inst32|decodetree|decode.*\\.decode'
[04:10:55] [spechunter] [Grep] pattern='decoders|append|add_decoder'
[04:10:55] [spechunter] [Grep] pattern='decode_insn32'
[04:11:14] [spechunter] [Glob] target/riscv/insn32.decode
[04:11:14] [spechunter] [Read] /home/yzs/riscv/qemu/target/riscv/tcg/tcg-cpu.c
[04:11:14] [spechunter] [Grep] pattern='decode_insn32|decoder_table_size|always_true_p'
[04:11:21] [spechunter] [Grep] pattern='b10101|0x57|LOAD_FP|STORE_FP|vsetvl\\|vsetvli\\|opivv\\|opmvx\\|opivi\\|opfvv\\|vle'
[04:11:21] [spechunter] [Grep] pattern='decode_xthead|opcode.*0001010|b0001010'
[04:11:32] [spechunter] [Grep] pattern='0001010|0x0a|vsetvl|vsetvli|opivv|opmvx|opivi|vle8|vle16|vfadd|vadd'
[04:11:32] [spechunter] [Read] /home/yzs/riscv/qemu/target/riscv/insn32.decode
[04:11:35] [spechunter] [Grep] pattern='vdot|dot_add|dot_product|widening.*dot'
[04:11:35] [spechunter] [Grep] pattern='OPMVV|OPMVX|OPFVV|OPFVF|OPIVV|OPIVX|OPIVI'
[04:11:35] [spechunter] [Read] /home/yzs/riscv/qemu/target/riscv/insn32.decode
[04:11:37] [spechunter] [text] Let me investigate the files found and also look at the relevant vector execution unit and decode infrastructure
[04:11:37] [spechunter] [Read] /home/yzs/riscv/XiangShan/src/main/scala/xiangshan/backend/decode/VecExceptionGen.scala
[04:11:37] [spechunter] [Grep] pattern='vdov'
[04:11:37] [spechunter] [Grep] pattern='dot.*prod|dot_product|dotProd'
[04:11:37] [spechunter] [Glob] src/main/scala/xiangshan/**/V*Decoder*
[04:11:37] [spechunter] [Glob] src/main/scala/xiangshan/**/DecodeTable*
[04:11:40] [spechunter] [Grep] pattern='opivv_check|opmvx_check|opivx_check|opfv_check|opfvf_check|opivi_check'
[04:11:40] [spechunter] [Read] /home/yzs/riscv/qemu/target/riscv/insn_trans/trans_rvv.c.inc
[04:11:40] [spechunter] [Read] /home/yzs/riscv/qemu/target/riscv/insn_trans/trans_rvv.c.inc
[04:11:46] [spechunter] [Read] /home/yzs/riscv/qemu/target/riscv/insn_trans/trans_rvv.c.inc
[04:11:46] [spechunter] [Read] /home/yzs/riscv/qemu/target/riscv/insn_trans/trans_rvv.c.inc
[04:11:46] [spechunter] [Read] /home/yzs/riscv/qemu/target/riscv/insn_trans/trans_rvv.c.inc
[04:11:54] [spechunter] [text] Now let me look at the vector decode and ALU infrastructure to confirm there's no existing dot product support and ident...
[04:11:54] [spechunter] [Glob] src/main/scala/xiangshan/backend/decode/*Decode*
[04:11:54] [spechunter] [Glob] src/main/scala/xiangshan/backend/decode/isa/*
[04:11:54] [spechunter] [Glob] src/main/scala/xiangshan/backend/fu/vector/*
[04:12:02] [spechunter] [Read] /home/yzs/riscv/XiangShan/src/main/scala/xiangshan/backend/decode/VecDecoder.scala
[04:12:02] [spechunter] [Read] /home/yzs/riscv/XiangShan/src/main/scala/xiangshan/backend/fu/vector/Bundles.scala
[04:12:02] [spechunter] [Read] /home/yzs/riscv/XiangShan/src/main/scala/xiangshan/backend/fu/vector/VecSrcTypeModule.scala
[04:12:08] [spechunter] [Grep] pattern='write_vtype|vtype.*write|vs.*write'
[04:12:08] [spechunter] [Grep] pattern='CSR_VTYPE|0x008|read_vtype|write_vtype'
[04:12:08] [spechunter] [Grep] pattern='decodetree.*generate|decode_insn32.*_c|decode.*_c\\.'
[04:12:08] [spechunter] [Glob] target/riscv/**/decode_insn32*
[04:12:12] [spechunter] [text] Let me also check the VIMacU and the instruction definitions to complete the picture
[04:12:12] [spechunter] [Read] /home/yzs/riscv/XiangShan/src/main/scala/xiangshan/backend/fu/vector/VIMacU.scala
[04:12:12] [spechunter] [Grep] pattern='vdot|VDOT|vdotu|VDOTU'
[04:12:12] [spechunter] [Grep] pattern='vdot|zvdot4|ZVDOT'
[04:12:24] [spechunter] [text] Let me check the yunsuan library for VimacType and the instruction definitions  
[04:12:24] [spechunter] [Grep] pattern='VimacType'
[04:12:24] [spechunter] [Grep] pattern='VDOT|VDOTU|vdot|vdotu|dot4'
[04:12:24] [spechunter] [Bash] Find yunsuan and Vimac source files
[04:12:28] [spechunter] [Grep] pattern='decode_insn32\\b'
[04:12:28] [spechunter] [Grep] pattern='decode_insn32\\b'
[04:12:28] [spechunter] [Read] /home/yzs/riscv/qemu/target/riscv/csr.c
[04:12:30] [spechunter] [Read] /home/yzs/riscv/XiangShan/yunsuan/src/main/scala/yunsuan/encoding/Opcode/VimacOpcode.scala
[04:12:30] [spechunter] [Read] /home/yzs/riscv/XiangShan/src/main/scala/xiangshan/backend/fu/wrapper/VIMacU.scala
[04:12:36] [spechunter] [Grep] pattern='VimacType|vimacType|vimac.*dot|dotp'
[04:12:36] [spechunter] [Grep] pattern='mac|dot|mul|Vimac'
[04:12:37] [spechunter] [Bash] Check if decode directory exists
[04:12:37] [spechunter] [Grep] pattern='decode_insn32'
[04:12:37] [spechunter] [Grep] pattern='always_false|always_true_p'
[04:12:38] [spechunter] [Read] /home/yzs/riscv/qemu/target/riscv/insn_trans/trans_rvvk.c.inc
[04:12:38] [spechunter] [Grep] pattern='Zvediv|zvediv|vdot|vediv'
[04:12:38] [spechunter] [Grep] pattern='zvfbfwma|zvfbfmin|zvfbfa|bfloat16|bf16'
[04:12:41] [spechunter] [Read] /home/yzs/riscv/XiangShan/yunsuan/src/main/scala/yunsuan/package.scala
[04:12:41] [spechunter] [Glob] **/VIMac*.scala
[04:12:58] [spechunter] [Grep] pattern='^static bool decode_insn32|return false'
[04:12:58] [spechunter] [Grep] pattern='vadd_vv|vle8_v'
[04:12:58] [spechunter] [Read] /home/yzs/riscv/qemu/build/libqemu-riscv64-softmmu.a.p/decode-insn32.c.inc
[04:12:59] [spechunter] [Grep] pattern='dot|vdov|VDOT|zvdot'
[04:12:59] [spechunter] [Grep] pattern='Vimac'
[04:12:59] [spechunter] [Read] /home/yzs/riscv/XiangShan/yunsuan/src/main/scala/yunsuan/vector/vectorIMAC/VIMac64b.scala
[04:13:04] [spechunter] [Read] /home/yzs/riscv/qemu/build/libqemu-riscv64-softmmu.a.p/decode-insn32.c.inc
[04:13:04] [spechunter] [Read] /home/yzs/riscv/qemu/build/libqemu-riscv64-softmmu.a.p/decode-insn32.c.inc
[04:13:04] [spechunter] [Grep] pattern='int_ext_check|vsext_vf2|vzext'
[04:13:04] [spechunter] [text] Now let me also check the Instructions definitions (the `VWDOT_VV` etc. instruction patterns) that would come from Rocke...
[04:13:04] [spechunter] [Grep] pattern='VWDOT|VDOT|VWMACC'
[04:13:04] [spechunter] [Bash] Find Instructions.scala in Rocket Chip dependency
[04:13:12] [spechunter] [Grep] pattern='VDOT|dot|zvdot'
[04:13:12] [spechunter] [Grep] pattern='VWMUL|VWMACC'
[04:13:12] [spechunter] [Grep] pattern='VWMACC|VWMUL'
[04:13:16] [spechunter] [Read] /home/yzs/riscv/qemu/target/riscv/insn_trans/trans_rvv.c.inc
[04:13:16] [spechunter] [Read] /home/yzs/riscv/qemu/target/riscv/insn_trans/trans_rvv.c.inc
[04:13:16] [spechunter] [Read] /home/yzs/riscv/XiangShan/src/main/scala/xiangshan/backend/decode/DecodeUnit.scala
[04:13:34] [spechunter] [Bash] Search for Zvediv or vediv references in target/riscv
[04:13:34] [spechunter] [Grep] pattern='111001'
[04:13:34] [spechunter] [Grep] pattern='111110'
[04:13:34] [spechunter] [Grep] pattern='vext_check_isa_ill|require_rvv'
[04:13:34] [spechunter] [Grep] pattern='TB_FLAGS.*VILL|TB_FLAGS.*SEW|TB_FLAGS.*VSTART|vtype_reserved'
[04:13:34] [spechunter] [Read] /home/yzs/riscv/qemu/target/riscv/insn_trans/trans_rvv.c.inc
[04:13:34] [spechunter] [Read] /home/yzs/riscv/qemu/target/riscv/insn_trans/trans_rvv.c.inc
[04:13:40] [spechunter] [text] Now I have a complete picture. Let me verify one more area — the VIMac64b datapath stages for any dot-product-like logic...
[04:13:40] [spechunter] [Grep] pattern='zvbb|zve|zvfh|zvk|extension|custom'
[04:13:40] [spechunter] [Grep] pattern='zvdot|ZVDOT|Zvdot'
[04:13:43] [spechunter] [Read] /home/yzs/riscv/qemu/target/riscv/tcg/tcg-cpu.c
[04:13:43] [spechunter] [Read] /home/yzs/riscv/qemu/target/riscv/insn_trans/trans_rvv.c.inc
[04:13:43] [spechunter] [Read] /home/yzs/riscv/qemu/target/riscv/insn_trans/trans_rvv.c.inc
[04:14:06] [spechunter] [Read] /home/yzs/riscv/qemu/target/riscv/translate.c
[04:14:06] [spechunter] [Grep] pattern='struct DisasContext|bool vill|uint8_t sew|int8_t lmul|bool vstart_eq_zero'
[04:14:06] [spechunter] [Grep] pattern='target_ulong vtype|uint.*vill'
[04:14:06] [spechunter] [Read] /home/yzs/riscv/qemu/target/riscv/cpu.h
[04:14:11] [spechunter] [text] Now I have a complete picture. Let me summarize my findings and produce the final location set.  ```json {   "locations"...
[04:14:35] [spechunter] [Agent] description, prompt
[04:14:35] [spechunter] [Agent] description, prompt
[04:14:37] [spechunter] [Read] /home/yzs/riscv/qemu/target/riscv/insn_trans/trans_rvvk.c.inc
[04:14:37] [spechunter] [Read] /home/yzs/riscv/qemu/target/riscv/insn_trans/trans_rvv.c.inc
[04:14:44] [spechunter] [Bash] Check 111001 at 1010111
[04:14:44] [spechunter] [Bash] Check 111010 at 1010111
[04:14:44] [spechunter] [Bash] Check 111011 at 1010111
[04:14:44] [spechunter] [Grep] pattern='vwmaccus_vv'
[04:14:58] [spechunter] [Grep] pattern='vdot4'
[04:14:58] [spechunter] [Grep] pattern='vdot'
[04:14:58] [spechunter] [Grep] pattern='Zvdot'
[04:14:58] [spechunter] [Grep] pattern='dot4'
[04:14:58] [spechunter] [Grep] pattern='zvdot4a8i'
[04:14:58] [spechunter] [Glob] **/*vdot*
[04:14:58] [spechunter] [Glob] **/*dot4*
[04:15:10] [spechunter] [Grep] pattern='(?i)zvdot'
[04:15:10] [spechunter] [Grep] pattern='(?i)vector dot product'
[04:15:10] [spechunter] [Grep] pattern='(?i)vector.?crypto|vcrypto|crypto.*vector'
[04:15:10] [spechunter] [Bash] List all files in the spec_ref directory
[04:15:20] [spechunter] [Grep] pattern='zvk|zvbb|zvbc|zvkg|zvkn|zvks|zvkt'
[04:15:20] [spechunter] [Grep] pattern='vector.*crypto|crypto.*vector'
[04:15:20] [spechunter] [Glob] **/decode/**
[04:15:20] [spechunter] [Bash] List top-level scala source directories
[04:15:39] [spechunter] [Grep] pattern='vdot|qdot|dot_add'
[04:15:39] [spechunter] [Grep] pattern='EGS|ZVK'
[04:15:39] [spechunter] [Grep] pattern='vdot|dot4|zvdot'
[04:15:39] [spechunter] [Grep] pattern='vdot|dot4|zvdot'
[04:15:39] [spechunter] [Grep] pattern='vdot|dot4|zvdot'
[04:15:39] [spechunter] [Grep] pattern='dot'
[04:15:41] [spechunter] [Grep] pattern='4a8i|dot4|vdot'
[04:15:41] [spechunter] [Grep] pattern='(?i)dot.?product|dot.*vector|vector.*dot'
[04:15:41] [spechunter] [Grep] pattern='[Zz]v'
[04:15:41] [spechunter] [Read] /home/yzs/riscv/rv-isa-sec/spec_ref/riscv-isa-manual/src/unpriv/crypto.adoc
[04:16:06] [spechunter] [Read] /home/yzs/riscv/rv-isa-sec/spec_ref/riscv-cheri/src/vector-crypto.adoc
[04:16:06] [spechunter] [Grep] pattern='(?i)vdot|vdota|vdotq|vdotn'
[04:16:06] [spechunter] [Grep] pattern='zvbb|zvbc|zvkn|Zve32|Zve64|zvk[^snt]'
[04:16:06] [spechunter] [Glob] **/*zvdot*
[04:16:10] [spechunter] [Grep] pattern='zvk'
[04:16:10] [spechunter] [Grep] pattern='zvk'
[04:16:10] [spechunter] [Grep] pattern='zvk|vsm4|vaes|vsha|vghsh|vgmul|vandn|vbrev|vclz|vctz|vcpop|vrol|vror|vwsll|vrev8'
[04:16:10] [spechunter] [Grep] pattern='zvk|vsm4|vaes|vsha|vghsh|vgmul|vandn|vbrev|vclz|vctz|vcpop|vrol|vror|vwsll|vrev8'
[04:16:10] [spechunter] [Grep] pattern='zvk|vsm4|vaes|vsha|vghsh|vgmul|vandn|vbrev|vclz|vctz|vcpop|vrol|vror|vwsll|vrev8'
[04:16:41] [spechunter] [Grep] pattern='vwsll'
[04:16:41] [spechunter] [Grep] pattern='s->sew|MO_32'
[04:16:41] [spechunter] [Grep] pattern='zvbb|zvkt|zvfh'
[04:16:41] [spechunter] [Grep] pattern='sm3|sm4|aes|sha512|sha256|ghash|gmul'
[04:16:41] [spechunter] [Grep] pattern='sm3|sm4|aes|sha512|sha256|ghash|gmul'
[04:16:41] [spechunter] [Grep] pattern='VSM4|VSHA|VAES|VGMUL|VGHSH'
[04:16:41] [spechunter] [Read] /home/yzs/riscv/XiangShan/yunsuan/src/main/scala/yunsuan/encoding/Opcode/VialuOpcode.scala
[04:16:49] [spechunter] [Read] /home/yzs/riscv/qemu/target/riscv/insn_trans/trans_rvv.c.inc
[04:16:49] [spechunter] [Grep] pattern='vwsll_trans|trans_vwsll'
[04:16:55] [spechunter] [Read] /home/yzs/riscv/XiangShan/src/main/scala/xiangshan/backend/decode/Instructions.scala
[04:16:55] [spechunter] [Grep] pattern='vsm3|vsm4|vaes|vsha|vghsh|vgmul|vkl'
[04:16:55] [spechunter] [Grep] pattern='dot'
[04:17:04] [spechunter] [Grep] pattern='vwsll'
[04:17:04] [spechunter] [Grep] pattern='vwsll'
[04:17:12] [spechunter] [Read] /home/yzs/riscv/XiangShan/src/main/scala/xiangshan/Parameters.scala
[04:17:12] [spechunter] [Grep] pattern='zvdot|Zvdot|vdot'
[04:17:35] [spechunter] [Grep] pattern='vdot'
[04:17:35] [spechunter] [Grep] pattern='vdot'
[04:17:35] [spechunter] [Grep] pattern='vsm3|vsm4|vaes|vsha|vghsh|vgmul|vsm4|vacc'
[04:17:35] [spechunter] [Bash] List functional unit directories
[04:17:35] [spechunter] [Grep] pattern='zvkg|zvkn|zvks|zvkb|zvkned|zvknh'
[04:17:59] [spechunter] [Read] /home/yzs/riscv/XiangShan/src/main/scala/xiangshan/backend/decode/VecDecoder.scala
[04:17:59] [spechunter] [Bash] Extract vdot reference from SVG
[04:18:14] [spechunter] [Bash] List vector subdirectories in yunsuan
[04:18:14] [spechunter] [Grep] pattern='Zvdot|zvdot'
[04:18:14] [spechunter] [Grep] pattern='Zvdot|zvdot'
[04:18:14] [spechunter] [Grep] pattern='Zvdot|zvdot'
[04:18:14] [spechunter] [Grep] pattern='vdot|dot4|Zvdot'
[04:18:43] [spechunter] [text] ## Result  The `vdot4a`/`vdot4au`/`vdot4asu`/`vdot4aus` instructions from the **Zvediv** extension are **not implemented...
[04:19:08] [spechunter] [Agent] description, subagent_type
[04:19:24] [spechunter] [Bash] List vectorIMAC directory contents
[04:19:24] [spechunter] [Grep] pattern='dot|Dot|DOT'
[04:19:24] [spechunter] [Grep] pattern='dot|Dot|DOT'
[04:19:24] [spechunter] [Read] /home/yzs/riscv/XiangShan/yunsuan/src/main/scala/yunsuan/package.scala
[04:19:34] [spechunter] [Grep] pattern='VimacOpcode'
[04:19:34] [spechunter] [Bash] Check SVG for vdot text references
[04:19:41] [spechunter] [Grep] pattern='zvdot|Zvdot|ZVDOT'
[04:19:41] [spechunter] [Grep] pattern='vdot|vdotu'
[04:19:41] [spechunter] [Grep] pattern='ext_zv'
[04:19:41] [spechunter] [Glob] target/riscv/insn_trans/trans_rvv*.inc
[04:19:41] [spechunter] [Grep] pattern='trans_##.*vdot|trans_vdot'
[04:19:49] [spechunter] [Read] /home/yzs/riscv/XiangShan/yunsuan/src/main/scala/yunsuan/encoding/Opcode/VimacOpcode.scala
[04:19:49] [spechunter] [Bash] Find vdot in SVG with context
[04:20:04] [spechunter] [Grep] pattern='dot.product|dotproduct|dot_prod'
[04:20:04] [spechunter] [Grep] pattern='vpmacc|vpmac|vpmadd|vpmul|vpmaccu|vpmulh'
[04:20:04] [spechunter] [Grep] pattern='Zvdot|zvdot|VDOT|vdot'
[04:20:04] [spechunter] [Bash] Find documentation files
[04:20:10] [spechunter] [Grep] pattern='dot_product|dotp|dotprod|sdot|udot'
[04:20:10] [spechunter] [Glob] target/riscv/insn_trans/trans_rvv*.inc
[04:20:10] [spechunter] [Grep] pattern='gen_helper.*dot|HELPER.*dot'
[04:20:10] [spechunter] [Glob] target/riscv/*decode*
[04:20:10] [spechunter] [Grep] pattern='vmacc|vnmsac|vmadd|vwmacc|vsmul|vwmul'
[04:20:10] [spechunter] [Grep] pattern='vext_vv|vext_vx|vector_helper|HELPER\\('
[04:20:26] [spechunter] [Grep] pattern='Zvdot|zvdot|vdote|Vdot'
[04:20:26] [spechunter] [Grep] pattern='Zvdot|zvdot|vdote'
[04:20:26] [spechunter] [Grep] pattern='Zvdot|zvdot'
[04:20:26] [spechunter] [Grep] pattern='zvdot|vdot4'
[04:20:26] [spechunter] [Grep] pattern='vdot4|vdot'
[04:20:36] [spechunter] [Read] /home/yzs/riscv/qemu/target/riscv/insn32.decode
[04:20:36] [spechunter] [Grep] pattern='^#.*Vector|OPIVV|OPMVV|OPIVI|OPIVX|OPFVV'
[04:20:36] [spechunter] [Grep] pattern='vwmacc|vwmul|vmacc|vnmsac|vmadd'
[04:20:36] [spechunter] [Glob] target/riscv/helper.h
[04:20:36] [spechunter] [Read] /home/yzs/riscv/qemu/target/riscv/insn_trans/trans_rvvk.c.inc
[04:20:36] [spechunter] [Bash] Check file sizes for vector_helper.c and trans_rvv.c.inc
[04:20:42] [spechunter] [Bash] Extract vdot context from SVG
[04:20:48] [spechunter] [Bash] Search SVG for vdot using iconv
[04:20:52] [spechunter] [Read] /home/yzs/riscv/XiangShan/images/xs-arch-kunminghu.svg
[04:20:56] [spechunter] [Read] /home/yzs/riscv/qemu/target/riscv/insn_trans/trans_rvv.c.inc
[04:20:56] [spechunter] [Read] /home/yzs/riscv/qemu/target/riscv/insn32.decode
[04:20:56] [spechunter] [Grep] pattern='vwmacc|vwmul|vwaddu|vwadd|vwsub'
[04:20:56] [spechunter] [Grep] pattern='vwmacc|vwaddu|vwadd|vwsubu|vwsub'
[04:20:56] [spechunter] [Grep] pattern='GEN_OPIVV_WIDEN_TRANS|GEN_OPIVI_WIDEN_TRANS|GEN_OPIVX_WIDEN_TRANS|opivv_widen_check|opivx_widen_check|opivv_overwrite_widen_check'
[04:21:09] [spechunter] [Bash] Extract vdot context from SVG line 4
[04:21:12] [spechunter] [Read] /home/yzs/riscv/qemu/target/riscv/insn_trans/trans_rvv.c.inc
[04:21:12] [spechunter] [Read] /home/yzs/riscv/qemu/target/riscv/vector_helper.c
[04:21:12] [spechunter] [Read] /home/yzs/riscv/qemu/target/riscv/insn32.decode
[04:21:12] [spechunter] [Grep] pattern='vnclip|vasrl|vasr|vssrl|vssra|vnclipu|vnclip'
[04:21:12] [spechunter] [Grep] pattern='^#.*Vector Opcode|^#.*Vector Arith|^# ***'
[04:21:13] [spechunter] [Bash] Search first 5 lines of SVG for vdot
[04:21:29] [spechunter] [Read] /home/yzs/riscv/qemu/target/riscv/vector_helper.c
[04:21:29] [spechunter] [Grep] pattern='vwredsum|wredsum'
[04:21:29] [spechunter] [Grep] pattern='vnclip|widen|narrow|d_dd|d_ss|DO_VW'
[04:21:29] [spechunter] [Glob] target/riscv/insn_trans/trans_rvv*
[04:21:29] [spechunter] [Grep] pattern='vext_check_dss|vext_check_ds\\b|vext_check_dd|vext_check_overwrite'
[04:21:29] [spechunter] [Grep] pattern='vnclip|narrow'
[04:21:33] [spechunter] [Bash] Search SVG content for vdot references
[04:21:39] [spechunter] [Read] /home/yzs/riscv/qemu/target/riscv/vector_helper.c
[04:21:39] [spechunter] [Read] /home/yzs/riscv/qemu/target/riscv/vector_helper.c
[04:21:39] [spechunter] [Grep] pattern='RVVCALL\\(|WOP_SSS_B|WOP_UUU_B|WOP_SUS_B|#define WOP_'
[04:21:39] [spechunter] [Grep] pattern='require_rvv_vext|has_ext\\(s, RVV\\)|require_rvv\\b'
[04:21:39] [spechunter] [Read] /home/yzs/riscv/qemu/target/riscv/insn_trans/trans_rvv.c.inc
[04:21:41] [spechunter] [Bash] Search line 4 of SVG for vdot/dot4 with line breaks
[04:21:50] [spechunter] [Grep] pattern='WOP_SSS|WOP_SUS|WOP_SSU|NOP_SSS|NOP_UUU|#define OP_SSS'
[04:21:50] [spechunter] [Grep] pattern='trans_rvv'
[04:21:50] [spechunter] [Grep] pattern='trans_rvv'
[04:21:50] [spechunter] [Read] /home/yzs/riscv/qemu/target/riscv/insn_trans/trans_rvv.c.inc
[04:21:50] [spechunter] [Grep] pattern='#define vext_check_dss|#define vext_check_ds\\b|#define vext_check_dd\\b|#define vext_check_dds|#define vext_check_overwrite'
[04:22:28] [spechunter] [Grep] pattern='vext_check_dss|vext_check_ds\\b|vext_check_dd\\b|vext_check_dds|vext_check_overwrite|vext_check_input_eew'
[04:22:28] [spechunter] [Grep] pattern='OP_SSS|OP_UUU|OP_SUS|OP_SSU|NOP_SSS|NOP_UUU'
[04:22:28] [spechunter] [Grep] pattern='DO_MACC|DO_MUL|OPIVV3'
[04:22:28] [spechunter] [Read] /home/yzs/riscv/qemu/target/riscv/translate.c
[04:22:28] [spechunter] [Grep] pattern='vext_check_dss|vext_check_ds\\b|vext_check_dd\\b|vext_check_dds|vext_check_overwrite|vext_check_input_eew'
[04:22:29] [spechunter] [TodoWrite] 3 items
[04:22:38] [spechunter] [Read] /home/yzs/riscv/qemu/target/riscv/vector_internals.h
[04:22:38] [spechunter] [Grep] pattern='trans_rvv'
[04:22:38] [spechunter] [Grep] pattern='GEN_VEXT_VV_RM|GEN_VEXT_VX_RM|OPIVV2_RM'
[04:22:38] [spechunter] [Read] /home/yzs/riscv/qemu/target/riscv/insn_trans/trans_rvv.c.inc
[04:22:38] [spechunter] [Read] /home/yzs/riscv/qemu/target/riscv/insn_trans/trans_rvv.c.inc
[04:22:58] [spechunter] [Grep] pattern='narrow|NARROW|vnclip|sds_check|opivv_narrow|opivx_narrow'
[04:22:58] [spechunter] [Read] /home/yzs/riscv/qemu/target/riscv/insn_trans/trans_rvv.c.inc
[04:22:58] [spechunter] [Read] /home/yzs/riscv/qemu/target/riscv/insn_trans/trans_rvv.c.inc
[04:22:58] [spechunter] [Grep] pattern='vnclip.*trans|trans_vnclip'
[04:23:17] [spechunter] [Read] /home/yzs/riscv/qemu/target/riscv/insn_trans/trans_rvv.c.inc
[04:23:17] [spechunter] [Read] /home/yzs/riscv/qemu/target/riscv/insn_trans/trans_rvv.c.inc
[04:23:17] [spechunter] [Read] /home/yzs/riscv/qemu/target/riscv/insn_trans/trans_rvv.c.inc
[04:23:17] [spechunter] [Read] /home/yzs/riscv/qemu/target/riscv/insn32.decode
[04:23:22] [spechunter] [text] ```json {   "findings": [     {       "file_path": "/home/yzs/riscv/XiangShan/src/main/scala/xiangshan/Parameters.scala"...
[04:23:34] [spechunter] [Grep] pattern='#define WOP_SSS|#define WOP_SSU|#define WOP_SUS|#define NOP_SSS|#define NOP_UUU'
[04:23:34] [spechunter] [Read] /home/yzs/riscv/qemu/target/riscv/vector_helper.c
[04:23:34] [spechunter] [Grep] pattern='OPIVV3|OPIVX3'
[04:23:45] [spechunter] [Grep] pattern='#define OPIVV3|#define OPIVX3'
[04:23:45] [spechunter] [Read] /home/yzs/riscv/qemu/target/riscv/vector_helper.c
[04:23:45] [spechunter] [Grep] pattern='GEN_VEXT_RED|vext_widen_reduction'
[04:25:31] [spechunter] [Bash] Check recent RISC-V related commits
[04:25:56] [spechunter] [text] Now let me verify the key file paths exist and check some critical details
[04:25:56] [spechunter] [Glob] target/riscv/insn_trans/trans_rvv*.c.inc
[04:25:56] [spechunter] [Grep] pattern='ext_zve32x'
[04:25:56] [spechunter] [Grep] pattern='GEN_OPIVV_WIDEN_TRANS'
[04:26:34] [spechunter] [text] Let me verify a few more details to ensure completeness.  
[04:26:34] [spechunter] [Grep] pattern='ext_zvbb.*ext_zve32x'
[04:26:34] [spechunter] [Grep] pattern='def check_isa_rvv.*zv'
[04:26:34] [spechunter] [Grep] pattern='dependencies_require.*ext_zv'
[04:26:55] [spechunter] [Grep] pattern='ext_zv'
[04:26:55] [spechunter] [Read] /home/yzs/riscv/qemu/target/riscv/insn32.decode
[04:27:00] [spechunter] [Grep] pattern='include.*trans_rvv'
[04:27:00] [spechunter] [Read] /home/yzs/riscv/qemu/target/riscv/insn_trans/trans_rvvk.c.inc
[04:27:32] [spechunter] [text] I'll now produce the final location set based on the thorough codebase exploration.  ```json {   "locations": [     {   ...
[04:28:04] [spechunter] [text] I'll search for the Zvdot4 implementation code in the QEMU codebase.  
[04:28:04] [spechunter] [Grep] pattern='vdot4a'
[04:28:04] [spechunter] [Grep] pattern='zvdot'
[04:28:04] [spechunter] [Grep] pattern='OPMVV.*0b101[01]'
[04:28:15] [spechunter] [Grep] pattern='vdot'
[04:28:15] [spechunter] [Grep] pattern='zvdot'
[04:28:15] [spechunter] [Grep] pattern='dot4'
[04:28:35] [spechunter] [Bash] Show recent Git commits
[04:28:35] [spechunter] [Grep] pattern='zvdot4a'
[04:28:43] [spechunter] [text] The Zvdot4a8i instructions are not yet implemented in this QEMU source tree. I confirmed there are no references to `vdo...
[04:28:43] [spechunter] [Grep] pattern='vdot|zvdot|dot4|zvdot4'
[04:29:06] [spechunter] [text] Let me also verify the RISC-V vector opcode decode tables don't reference these instructions.  
[04:29:06] [spechunter] [Grep] pattern='0b101[01]'
[04:29:06] [spechunter] [Grep] pattern='zvdot'
[04:29:12] [spechunter] [Read] /home/yzs/riscv/rv-isa-sec/spec_ref/riscv-isa-manual
[04:29:34] [spechunter] [text] 我已在 QEMU 代码库中完成了对 Zvdot4a8i 扩展的分析。以下是结果：  - **QEMU 中未找到实现** — `vdot4a`/`vdot4au`/`vdot4asu`/`vdot4aus` 指令均未在该 QEMU 源码树的任...
