[01:29:16] [spechunter] PR loaded: #662 riscv/riscv-fast-interrupt — "Rework aclic structure"
[01:29:16] [spechunter]   diff: 17143 chars  body: 1 chars  reviews: 3
[01:29:16] [spechunter] Global pre-filter running...
[01:29:24] [spechunter] [text] {"should_skip": false}
[01:29:25] [spechunter] pre-filter: should_skip=False reason=""
[01:29:41] [spechunter] [text] {"should_skip": false}
[01:29:56] [spechunter] [text] {"should_skip": true, "skip_reason": "ACLIC/CLIC fast interrupt spec targets single-hart embedded systems; Linux on RISC...
[01:30:03] [spechunter] [text] {"should_skip": true, "skip_reason": "Documentation restructuring and extension renaming (Smaclic→Smidctrl, Ssaclic→Ssid...
[01:30:45] [spechunter] [Grep] pattern='sbi_trap_nonaia_irq'
[01:30:45] [spechunter] [Grep] pattern='eidelivery'
[01:30:45] [spechunter] [Grep] pattern='mcause.*IRQ_MASK\\|mcause.*IRQ_EXT\\|IRQ_M_EXT'
[01:31:12] [spechunter] [Grep] pattern='eidelivery|eip|eie|eithreshold|eipk|setip|clrip|setie|clrie|xtopei|topi|mvip|mvien'
[01:31:12] [spechunter] [Grep] pattern='CSR_EIDELIVERY|CSR_TOPEI|CSR_ITHRESHOLD|CSR_SETIP|CSR_CLRIP|CSR_SETIE|CSR_CLRIE|CSR_EIP|CSR_EIE|CSR_EITHRESHOLD'
[01:32:11] [spechunter] [Grep] pattern='CSR_MTOPI|CSR_STOPI|TOPI'
[01:32:11] [spechunter] [Grep] pattern='CSR_MEIP\\|CSR_SEIP\\|CSR_MIP\\|CSR_SIP\\|external.*interrupt\\|MEIP\\|SEIP'
[01:33:07] [spechunter] [Read] /home/yzs/riscv/opensbi/lib/sbi/sbi_trap.c
[01:33:07] [spechunter] [Grep] pattern='eidelivery|CSR_MEIDELIVERY|CSR_SEIDELIVERY'
[01:33:37] [spechunter] [Read] /home/yzs/riscv/opensbi/lib/sbi/sbi_trap.c
[01:33:37] [spechunter] [Grep] pattern='MEIDELIVERY|SEIDELIVERY|eidelivery|CSR_EIDELIVERY'
[01:34:05] [spechunter] [text] ```json {   "violation_condition": "OpenSBI reads the eidelivery CSR expecting it to be runtime-configurable (e.g., to d...
[01:34:20] [spechunter] [Grep] pattern='eidelivery|MEIDELIVERY|SEIDELIVERY'
[01:34:20] [spechunter] [Grep] pattern='aclic|ACLIC|Aclic'
[01:34:20] [spechunter] [Grep] pattern='Smidctrl|Ssidctrl|smidctrl|ssidctrl|SMIDCTRL|SSIDCTRL'
[01:34:28] [spechunter] [Grep] pattern='CSR_MEIDELIVERY|CSR_SEIDELIVERY|MEIDELIVERY|SEIDELIVERY|eidelivery'
[01:34:28] [spechunter] [Grep] pattern='domaincfg\\.DM|domaincfg\\.IE|domaincfg\\.BE|domaincfg.*DM|domaincfg.*[IE]|domaincfg.*BE'
[01:34:28] [spechunter] [Grep] pattern='csr_write.*eidelivery|csr_read.*eidelivery|switch.*eidelivery|if.*eidelivery'
[01:34:28] [spechunter] [Grep] pattern='eidelivery|EIDELIVERY'
[01:34:38] [spechunter] [Grep] pattern='domaincfg|domain_cfg|DOMAINCFG'
[01:34:38] [spechunter] [Grep] pattern='csr_write|csr_read|CSR_WRITE|CSR_READ|csr_write_num|csr_read_num'
[01:34:38] [spechunter] [Grep] pattern='pmp_set|pmp_cfg|pmp_addr|sbi_pmp|PMP_'
[01:34:38] [spechunter] [Grep] pattern='interrupt.*rout|intr.*delivery|delivery.*mode|MEIP|SEIP|mip.*read'
[01:34:50] [spechunter] [Read] /home/yzs/riscv/opensbi/lib/utils/irqchip/imsic.c
[01:34:50] [spechunter] [Read] /home/yzs/riscv/opensbi/lib/utils/irqchip/aplic.c
[01:34:50] [spechunter] [Read] /home/yzs/riscv/opensbi/lib/sbi/sbi_trap.c
[01:34:51] [spechunter] [text] Let me also search more broadly for the CSR numbers and related domain context patterns.  
[01:34:51] [spechunter] [Grep] pattern='0x70|0x7F0|0x7F1|eid'
[01:34:51] [spechunter] [Grep] pattern='domain_context|domaincfg|sbi_domain_context'
[01:34:51] [spechunter] [Grep] pattern='CSR_SEIDELIVERY|CSR_MEIDELIVERY|0x7F0|0x7F1'
[01:35:01] [spechunter] [Read] /home/yzs/riscv/opensbi/lib/sbi/sbi_domain_context.c
[01:35:01] [spechunter] [Read] /home/yzs/riscv/opensbi/include/sbi/sbi_domain_context.h
[01:35:01] [spechunter] [Grep] pattern='CSR_M|CSR_S|csr_write|csr_read|csr_set|csr_clear'
[01:35:13] [spechunter] [Read] /home/yzs/riscv/opensbi/lib/sbi/sbi_irqchip.c
[01:35:13] [spechunter] [Read] /home/yzs/riscv/opensbi/lib/sbi/sbi_hart.c
[01:35:13] [spechunter] [Grep] pattern='SBI_HART_EXT_SMAIA|smaia|SMAIA'
[01:35:14] [spechunter] [Grep] pattern='clic|CLIC|mclicbase|mnxti|mintstatus|mintthresh|snxti|sintstatus|sintthresh|sclicbase'
[01:35:14] [spechunter] [Grep] pattern='sbi_domain_context|domain_context|save.*csr|restore.*csr|context.*switch'
[01:35:14] [spechunter] [Grep] pattern='0x346|0x347|0x348|0x349|0x34c|0x34d|0x34e|0x34f|0x350|meid|seid'
[01:35:26] [spechunter] [text] Now let me also check the patch file and search for any remaining references in the imsic file context.  
[01:35:26] [spechunter] [Read] /home/yzs/riscv/opensbi/0001-lib-sbi_domain_context-Flush-TLB-after-SATP-mode-swi.patch
[01:35:26] [spechunter] [Read] /home/yzs/riscv/opensbi/lib/utils/irqchip/imsic.c
[01:35:26] [spechunter] [Read] /home/yzs/riscv/opensbi/lib/utils/irqchip/imsic.c
[01:35:37] [spechunter] [Read] /home/yzs/riscv/opensbi/lib/sbi/sbi_domain.c
[01:35:37] [spechunter] [Read] /home/yzs/riscv/opensbi/lib/sbi/sbi_hsm.c
[01:35:37] [spechunter] [Read] /home/yzs/riscv/opensbi/lib/sbi/sbi_init.c
[01:35:45] [spechunter] [Grep] pattern='aclic|ACLIC'
[01:35:45] [spechunter] [Grep] pattern='sbi_hart_has_extension|SBI_HART_EXT_|hart_ext'
[01:35:45] [spechunter] [Grep] pattern='SBI_HART_EXT'
[01:36:09] [spechunter] [Grep] pattern='MEIDELIVERY|SEIDELIVERY|meidelivery|seidelivery|CSR_EIDELIVERY'
[01:36:09] [spechunter] [Grep] pattern='clic|CLIC|Clic'
[01:36:16] [spechunter] [text] Here is the comprehensive search result:  ```json {   "locations": [     {       "file_path": "lib/sbi/sbi_domain_contex...
[01:36:38] [spechunter] [Grep] pattern='imsic_csr_read.*EIDELIVERY|read.*eidelivery|check.*eidelivery'
[01:36:38] [spechunter] [Grep] pattern='mstateen_val.*AIA|SMSTATEEN0_AIA|SMSTATEEN0_IMSIC|SMSTATEEN0_SVSLCT'
[01:36:38] [spechunter] [Grep] pattern='SMAIA|smaia|aia_irq|nonaia_irq'
[01:37:18] [spechunter] [text] Now I have a thorough understanding of the codebase. Let me look at a few more specific details to be precise about the ...
[01:37:18] [spechunter] [Read] /home/yzs/riscv/opensbi/lib/sbi/sbi_hart_pmp.c
[01:37:18] [spechunter] [Read] /home/yzs/riscv/opensbi/lib/utils/fdt/fdt_fixup.c
[01:38:25] [spechunter] [text] Now let me look at a few more specific areas to confirm my semantic analysis:  
[01:38:25] [spechunter] [Grep] pattern='pmp_set|pmp_disable|pmp_set_csr|csr_write.*PMP'
[01:38:25] [spechunter] [Grep] pattern='mstateen.*sbi|SMSTATEEN|smstateen'
[01:39:23] [spechunter] [Read] /home/yzs/riscv/opensbi/findings.json
[01:39:23] [spechunter] [Read] /home/yzs/riscv/opensbi/include/sbi/riscv_encoding.h
[01:40:11] [spechunter] [text] Now let me look at the firmware entry points for completeness.  
[01:40:11] [spechunter] [Grep] pattern='_trap_handler|_trap_handler_hyp|__sbi_expected_trap|fw_base'
[01:40:11] [spechunter] [Grep] pattern='Smidctrl|Ssidctrl|SMIDCTRL|SSIDCTRL|smid|ssid'
[01:41:41] [spechunter] [text] Prompt is too long
[01:42:11] [spechunter] [text] Let me first check what ACLIC-related code currently exists in the codebase to properly cross-validate these locations a...
[01:42:11] [spechunter] [Grep] pattern='aclic|ACLIC|clic|CLIC'
[01:42:11] [spechunter] [Grep] pattern='eidelivery|mnxti|mclicbase|mintstatus|mintthresh'
[01:42:11] [spechunter] [Grep] pattern='smclic|SMCLIC'
[01:42:20] [spechunter] [text] Let me verify the key files to cross-validate.  
[01:42:20] [spechunter] [Read] /home/yzs/riscv/opensbi/lib/sbi/sbi_domain_context.c
[01:42:20] [spechunter] [Read] /home/yzs/riscv/opensbi/include/sbi/sbi_domain_context.h
[01:42:20] [spechunter] [Read] /home/yzs/riscv/opensbi/findings.json
[01:42:51] [spechunter] [Read] /home/yzs/riscv/opensbi/include/sbi/riscv_encoding.h
[01:42:51] [spechunter] [Read] /home/yzs/riscv/opensbi/include/sbi/riscv_encoding.h
[01:42:51] [spechunter] [Read] /home/yzs/riscv/opensbi/include/sbi/sbi_hart.h
[01:42:51] [spechunter] [Read] /home/yzs/riscv/opensbi/lib/utils/irqchip/imsic.c
[01:42:51] [spechunter] [Read] /home/yzs/riscv/opensbi/lib/utils/irqchip/imsic.c
[01:43:19] [spechunter] [Read] /home/yzs/riscv/opensbi/lib/utils/irqchip/imsic.c
[01:43:56] [spechunter] [text] Now let me verify the imsic eidelivery context — the `0x70` is an IMSIC indirect register select value, not a CSR number...
[01:43:56] [spechunter] [Read] /home/yzs/riscv/opensbi/lib/utils/irqchip/imsic.c
[01:44:49] [spechunter] [text] Now I have all the data needed for cross-validation. Here is the final analysis and output.  ## Cross-validation analysi...
[01:45:08] [spechunter] [Grep] pattern='eidelivery|aclic|ACLIC'
[01:45:08] [spechunter] [Grep] pattern='aplic_domain|APLIC|aplic'
[01:45:20] [spechunter] [Glob] **/*aclic*
[01:45:20] [spechunter] [Glob] **/*ACLIC*
[01:45:28] [spechunter] [Bash] Show recent commits
[01:45:28] [spechunter] [Read] /home/yzs/riscv/opensbi/lib/utils/irqchip/imsic.c
[01:46:00] [spechunter] PR loaded: #662 riscv/riscv-fast-interrupt — "Rework aclic structure"
[01:46:00] [spechunter]   diff: 17143 chars  body: 1 chars  reviews: 3
[01:46:00] [spechunter] Global pre-filter running...
[01:46:15] [spechunter] [text] {"should_skip": false}
[01:46:16] [spechunter] pre-filter: should_skip=False reason=""
[01:46:30] [spechunter] [text] {"should_skip": false}
[01:46:40] [spechunter] [text] {"should_skip": true, "skip_reason": "Spec documentation restructuring (renaming Smaclic/Ssaclic to Smidctrl/Ssidctrl) f...
[01:46:48] [spechunter] [text] {"should_skip": true, "skip_reason": "ACLIC/Smidctrl/Ssidctrl fast-interrupt extensions are not implemented in QEMU, and...
[01:46:53] [spechunter] [text] {"should_skip": false}
[01:47:38] [spechunter] [text] {  
[01:47:38] [spechunter] [Grep] pattern='eidelivery|Smaclic|Ssaclic|aclic|APLIC'
[01:47:38] [spechunter] [Grep] pattern='Smidctrl|Ssidctrl|xaclic'
[01:47:47] [spechunter] [Grep] pattern='xtopei|topi|eipk|eiek|eithreshold|imsic|IMSIC|setip|clrip|setie|clrie'
[01:47:47] [spechunter] [Grep] pattern='CSR_TOPI|CSR_XTOPEI|CSR_eidelivery|aplic'
[01:48:00] [spechunter] [Grep] pattern='eidelivery|xtopei|topi|topei'
[01:48:00] [spechunter] [Grep] pattern='eidelivery|xtopei|topi|topei'
[01:48:00] [spechunter] [Grep] pattern='DM|delivery.*mode|domaincfg|ACLIC'
[01:48:04] [spechunter] [Read] /home/yzs/riscv/freebsd-src/sys/riscv/riscv/aplic.c
[01:48:49] [spechunter] [text] Now let me check the bhyve VMM APLIC emulation and CSR handling.  
[01:48:49] [spechunter] [Read] /home/yzs/riscv/freebsd-src/sys/riscv/vmm/vmm_aplic.c
[01:48:49] [spechunter] [Grep] pattern='eidelivery|xtopei|aclic|imehv|eipk|eiek|eithreshold'
[01:48:49] [spechunter] [Grep] pattern='aisr|AISR|iselect|ireg|csrind|CSR_ISE'
[01:49:27] [spechunter] [text] ```json {   "violation_condition": "FreeBSD kernel (or bhyve VMM) writes to the {eidelivery} CSR expecting to change int...
[01:49:30] [spechunter] [Bash] Check current commit
[01:49:55] [spechunter] [TodoWrite] 7 items
[01:50:09] [spechunter] [text] I'll systematically search the codebase for ACLIC-related CSR references, trap handling, and interrupt delivery paths.  
[01:50:09] [spechunter] [Grep] pattern='eidelivery|CSR_EIDELIVERY'
[01:50:09] [spechunter] [Grep] pattern='mideleg|sideleg|MIDELEG|SIDELEG'
[01:50:09] [spechunter] [Grep] pattern='eipk|eiek|eithreshold|xtopei|xacliciprio|xaclicsourcecfg'
[01:50:09] [spechunter] [Grep] pattern='MEIP|SEIP|CSR_MIP|CSR_SIP|mip|sip'
[01:50:13] [spechunter] [text] ```json {   "violation_condition": "Linux kernel writes to {eidelivery} CSR (via miselect/siselect indirect access) to d...
[01:50:16] [spechunter] [text] I'll search for all affected entities and vulnerability patterns in parallel across the key paths.  
[01:50:16] [spechunter] [Grep] pattern='mideleg'
[01:50:16] [spechunter] [Grep] pattern='sideleg'
[01:50:16] [spechunter] [Grep] pattern='eidelivery'
[01:50:16] [spechunter] [Grep] pattern='eipk'
[01:50:16] [spechunter] [Grep] pattern='eiek'
[01:50:16] [spechunter] [Grep] pattern='eithreshold'
[01:50:16] [spechunter] [Grep] pattern='xtopei'
[01:50:16] [spechunter] [Grep] pattern='xacliciprio'
[01:50:16] [spechunter] [Grep] pattern='xaclicsourcecfg'
[01:50:16] [spechunter] [Grep] pattern='CSR_EIDELIVERY|csr_write.*eidelivery|siselect.*sireg'
[01:50:16] [spechunter] [Grep] pattern='MIDELEG|MEIP|SIDELEG|SEIP'
[01:50:16] [spechunter] [Grep] pattern='mip|sip'
[01:50:25] [spechunter] [Read] /home/yzs/riscv/freebsd-src/sys/riscv/include/encoding.h
[01:50:25] [spechunter] [Read] /home/yzs/riscv/freebsd-src/sys/riscv/riscv/mp_machdep.c
[01:50:25] [spechunter] [Read] /home/yzs/riscv/freebsd-src/sys/riscv/riscv/sbi_ipi.c
[01:50:25] [spechunter] [Grep] pattern='aplic|APLIC|imsic|IMSIC|clic|CLIC|aclic|ACLIC'
[01:50:37] [spechunter] [text] Let me get more context on the key matches.  
[01:50:37] [spechunter] [Read] /home/yzs/riscv/freebsd-src/sys/riscv/include/encoding.h
[01:50:37] [spechunter] [Read] /home/yzs/riscv/freebsd-src/sys/riscv/include/encoding.h
[01:50:37] [spechunter] [Read] /home/yzs/riscv/freebsd-src/sys/riscv/include/riscvreg.h
[01:50:37] [spechunter] [Read] /home/yzs/riscv/freebsd-src/sys/riscv/vmm/vmm_riscv.c
[01:50:37] [spechunter] [Read] /home/yzs/riscv/freebsd-src/sys/riscv/vmm/vmm_riscv.c
[01:50:37] [spechunter] [Read] /home/yzs/riscv/freebsd-src/sys/riscv/riscv/sbi_ipi.c
[01:50:37] [spechunter] [Read] /home/yzs/riscv/freebsd-src/sys/riscv/riscv/mp_machdep.c
[01:50:37] [spechunter] [Agent] description, prompt
[01:50:37] [spechunter] [Agent] description, prompt
[01:50:41] [spechunter] [Grep] pattern='eidelivery'
[01:50:41] [spechunter] [Grep] pattern='eithreshold'
[01:50:41] [spechunter] [Grep] pattern='xtopei'
[01:50:41] [spechunter] [Grep] pattern='\\bmvip\\b'
[01:50:41] [spechunter] [Grep] pattern='\\bmip\\b'
[01:50:41] [spechunter] [Grep] pattern='\\bsip\\b'
[01:50:41] [spechunter] [Grep] pattern='\\beip\\b'
[01:50:41] [spechunter] [Grep] pattern='\\beie\\b'
[01:50:42] [spechunter] [text] Let me dig deeper into the indirect CSR access mechanism and the APLIC/bhyve paths.  
[01:50:42] [spechunter] [Grep] pattern='siselect|sireg|SISELECT|SIREG|CSR_SIREG'
[01:50:42] [spechunter] [Grep] pattern='CSR_MIDELEG|csr_write.*mideleg|csr_set.*mideleg|csr_clear.*mideleg'
[01:50:42] [spechunter] [Grep] pattern='MIP_MEIP|MIP_SEIP|SIP_SEIP|MEIP|SEIP'
[01:50:42] [spechunter] [Read] /home/yzs/riscv/freebsd-src/sys/riscv/riscv/aplic.c
[01:50:52] [spechunter] [Read] /home/yzs/riscv/freebsd-src/sys/riscv/riscv/trap.c
[01:50:52] [spechunter] [Read] /home/yzs/riscv/freebsd-src/sys/riscv/include/riscvreg.h
[01:50:52] [spechunter] [Read] /home/yzs/riscv/freebsd-src/sys/riscv/riscv/swtch.S
[01:50:55] [spechunter] [text] While those searches run in the background, let me start reading the key source files directly.  
[01:50:55] [spechunter] [Grep] pattern='eidelivery'
[01:50:55] [spechunter] [Grep] pattern='miselect'
[01:50:55] [spechunter] [Grep] pattern='smidctrl|ssidctrl'
[01:50:55] [spechunter] [text] Let me also search for `siselect` and `sireg` (AIA indirect CSR access), and verify there are no uses of `mideleg` in ru...
[01:50:55] [spechunter] [Grep] pattern='siselect|sireg'
[01:50:55] [spechunter] [Grep] pattern='csr_write.*mideleg|csr_read.*mideleg|mideleg'
[01:50:55] [spechunter] [Grep] pattern='siselect|sireg'
[01:50:55] [spechunter] [Grep] pattern='SIE_SSIE'
[01:50:55] [spechunter] [text] Let me read the main file and search for additional references.  
[01:50:55] [spechunter] [Read] /home/yzs/riscv/linux/arch/riscv/kvm/aia_imsic.c
[01:50:55] [spechunter] [Grep] pattern='IMSIC_EIDELIVERY|IMSIC_EITHRESHOLD|IMSIC_EIP|IMSIC_EIE'
[01:50:55] [spechunter] [Grep] pattern='miselect|siselect'
[01:50:55] [spechunter] [Grep] pattern='mideleg|mip|mie|mvip'
[01:50:55] [spechunter] [Grep] pattern='Smidctrl|Ssidctrl|smidctrl|ssidctrl'
[02:04:39] [spechunter] PR loaded: #662 riscv/riscv-fast-interrupt — "Rework aclic structure"
[02:04:39] [spechunter]   diff: 17143 chars  body: 1 chars  reviews: 3
[02:04:39] [spechunter] Global pre-filter running...
[02:04:51] [spechunter] [text] {"should_skip": false, "skip_reason": "Substantive spec change to interrupt controller specification with extension rena...
[02:04:52] [spechunter] pre-filter: should_skip=False reason="Substantive spec change to interrupt controller specification with extension renames and architectural restructuring, not a trivial chore or typo fix."
[02:05:04] [spechunter] [text] {"should_skip": false}
[02:05:12] [spechunter] [text] ```json {"should_skip": false} ```
[02:05:18] [spechunter] [text] {"should_skip": true, "skip_reason": "Spec documentation restructuring (extension renames from Smaclic/Ssaclic to Smidct...
[02:05:22] [spechunter] [text] ```json {"should_skip": false} ```
[02:05:22] [spechunter] [Grep] pattern='aclic|smaclic|clint|clint|fast.interrupt|smidctrl|ssidctrl'
[02:05:40] [spechunter] [Grep] pattern='aclic|fast.interrupt|smidctrl|ssidctrl|smivt|ssivt|smehv|smcsps|sscsps|smnip|ssnip'
[02:05:53] [spechunter] [text] {"should_skip": true, "skip_reason": "XiangShan does not implement the ACLIC/fast-interrupt extension (Smaclic/Smidctrl,...
[02:06:11] [spechunter] [text] ```json {   "violation_condition": "QEMU implements eidelivery CSR as writable (old spec: 'reset initializes to 0x200000...
[02:06:17] [spechunter] [text] Based on the spec diff, the most impactful kernel security concern is the `eidelivery` CSR becoming read-only (fixed to ...
[02:06:22] [spechunter] [Grep] pattern='eidelivery|eithreshold|aclic|ACLIC|Smaclic|Ssaclic'
[02:06:22] [spechunter] [Grep] pattern='eidelivery|eithreshold|aclic|ACLIC'
[02:06:27] [spechunter] [Grep] pattern='eidelivery'
[02:06:27] [spechunter] [Grep] pattern='eipk|eiek'
[02:06:27] [spechunter] [Grep] pattern='xtopei'
[02:06:27] [spechunter] [Grep] pattern='eithreshold'
[02:06:30] [spechunter] [text] Let me examine FreeBSD's existing RISC-V interrupt handling to understand the impact.  
[02:06:30] [spechunter] [Grep] pattern='IMSIC|imsic|aplic|APLIC|aia|AIA'
[02:06:32] [spechunter] [TodoWrite] 5 items
[02:06:34] [spechunter] [Read] /home/yzs/riscv/freebsd-src/sys/riscv/riscv/aplic.c
[02:06:42] [spechunter] [Grep] pattern='eidelivery'
[02:06:42] [spechunter] [Grep] pattern='ACLIC|aclic|eipk|eiek|eithreshold|eip(?![a-z])|eie(?![a-z])'
[02:06:42] [spechunter] [Grep] pattern='0x20000000'
[02:06:46] [spechunter] [Grep] pattern='\\beie\\b'
[02:06:46] [spechunter] [Grep] pattern='\\beie\\b'
[02:06:46] [spechunter] [Grep] pattern='\\beie\\b'
[02:06:46] [spechunter] [Grep] pattern='\\beip\\b'
[02:06:52] [spechunter] [Grep] pattern='eidelivery|eithreshold|xtopei|xacliciprio|xaclicsourcecfg'
[02:06:52] [spechunter] [Grep] pattern='Smaclic|Ssaclic|Smidctrl|Ssidctrl'
[02:06:52] [spechunter] [Grep] pattern='eip|eie'
[02:06:52] [spechunter] [Grep] pattern='aclic|ACLIC|aclint|ACLINT'
[02:06:55] [spechunter] [Grep] pattern='ISELECT_EIE|ISELECT_EIP|eidelivery|eithreshold|seteipnum|seteienum|clreipnum|clreienum'
[02:06:55] [spechunter] [Read] /home/yzs/riscv/qemu/hw/intc/riscv_imsic.c
[02:06:58] [spechunter] [text] Good, I found the key file. Let me read the IMSIC source and header, plus search for related CSR definitions.  
[02:06:58] [spechunter] [Read] /home/yzs/riscv/qemu/hw/intc/riscv_imsic.c
[02:06:58] [spechunter] [Read] /home/yzs/riscv/qemu/include/hw/intc/riscv_imsic.h
[02:07:08] [spechunter] [text] Now let me find the CSR definitions and ISELECT constants.  
[02:07:08] [spechunter] [Read] /home/yzs/riscv/qemu/include/hw/intc/riscv_imsic.h
[02:07:08] [spechunter] [Read] /home/yzs/riscv/qemu/target/riscv/csr.c
[02:07:08] [spechunter] [Grep] pattern='ISELECT_IMSIC'
[02:07:12] [spechunter] [TodoWrite] 7 items
[02:07:17] [spechunter] [text] Now let me trace the indirect CSR access mechanism, the ISELECT definitions, and other related paths.  
[02:07:17] [spechunter] [Grep] pattern='ISELECT_IMSIC_EIDELIVERY|ISELECT_IMSIC_EITHRESHOLD|ISELECT_IMSIC_TOPEI|ISELECT_IMSIC_EIP|ISELECT_IMSIC_EIE'
[02:07:17] [spechunter] [Grep] pattern='aia_ireg_rmw_fn|riscv_cpu_set_aia_ireg_rmw_fn'
[02:07:17] [spechunter] [Grep] pattern='smidctrl|ssidctrl|Smidctrl|Ssidctrl'
[02:07:19] [spechunter] [text] Let me read the key CSR functions that handle IMSIC indirect register access.  
[02:07:19] [spechunter] [Read] /home/yzs/riscv/qemu/target/riscv/csr.c
[02:07:19] [spechunter] [Read] /home/yzs/riscv/qemu/target/riscv/csr.c
[02:07:19] [spechunter] [Read] /home/yzs/riscv/qemu/target/riscv/csr.c
[02:07:19] [spechunter] [Read] /home/yzs/riscv/qemu/target/riscv/cpu_bits.h
[02:07:25] [spechunter] [text] Now let me trace the CSR read/write paths and check for Smidctrl/Ssidctrl extensions.  
[02:07:25] [spechunter] [Read] /home/yzs/riscv/qemu/target/riscv/csr.c
[02:07:25] [spechunter] [Read] /home/yzs/riscv/qemu/target/riscv/csr.c
[02:07:25] [spechunter] [Read] /home/yzs/riscv/qemu/target/riscv/csr.c
[02:07:25] [spechunter] [Grep] pattern='smidctrl|ssidctrl|Smidctrl|Ssidctrl|ext_smidctrl|ext_ssidctrl'
[02:07:25] [spechunter] [text] Now let me look at how FreeBSD handles interrupt delivery and context-switch paths that would interact with CSR-based in...
[02:07:25] [spechunter] [Grep] pattern='sstatus|SSTATUS|sie|SIE|sip|SIP|stvec|STVEC|scause|SCAUSE'
[02:07:25] [spechunter] [Grep] pattern='xtopei|TOPI|topi|topi'
[02:07:27] [spechunter] [Grep] pattern='eidelivery|eithreshold|xtopei|xacliciprio|xaclicsourcecfg|eip|eie'
[02:07:27] [spechunter] [Grep] pattern='eip|eie'
[02:07:27] [spechunter] [Grep] pattern='aclic|ACLIC|Smaia|Ssaia|IMSIC|imsic|AIA|aia_'
[02:07:32] [spechunter] [text] Let me check for any additional references in the APLIC code and machine files.  
[02:07:32] [spechunter] [Grep] pattern='eidelivery|eithreshold|topei_rmw|eix_rmw'
[02:07:32] [spechunter] [Grep] pattern='eidelivery|eithreshold'
[02:07:32] [spechunter] [Grep] pattern='IMSIC_EIP|IMSIC_EIE|AIA_IREG|aia_ireg'
[02:07:33] [spechunter] [Grep] pattern='IRQ_EXTERNAL_SUPERVISOR|EXTERNAL_SUPERVISOR|IRQ_EXTERNAL'
[02:07:33] [spechunter] [Read] /home/yzs/riscv/freebsd-src/sys/riscv/riscv/trap.c
[02:07:47] [spechunter] [Grep] pattern='IMSIC_EIDELIVERY|IMSIC_EITHRESHOLD|IMSIC_EIP|IMSIC_EIE|IMSIC_TOPEI|IMSIC_XTOPEI'
[02:07:47] [spechunter] [Grep] pattern='EIDELIVERY|EITHRESHOLD|EIP|EIE|TOPEI|XTOPEI'
[02:07:47] [spechunter] [Grep] pattern='imsic_mrif|IMSIC_MRIF|imsic_vs_csr|imsic_eix'
[02:07:47] [spechunter] [Grep] pattern='TOPEI_ID_SHIFT|topei|TOPEI'
[02:07:47] [spechunter] [TodoWrite] 5 items
[02:07:48] [spechunter] [Grep] pattern='eidelivery|EIDELIVERY'
[02:07:48] [spechunter] [Grep] pattern='smaclic|ssaclic|smidctrl|ssidctrl|Smaclic|Ssaclic|Smidctrl|Ssidctrl'
[02:07:48] [spechunter] [Grep] pattern='aclic|ACLIC'
[02:07:48] [spechunter] [Grep] pattern='eithreshold|eip|eie|xtopei|xacliciprio|xaclicsourcecfg'
[02:07:54] [spechunter] [Grep] pattern='aclic|ACLIC'
[02:07:54] [spechunter] [Grep] pattern='eistate'
[02:08:02] [spechunter] [text] Good. Now let me look deeper into the CSR functions that map to eidelivery, and check for Smidctrl/Ssidctrl extension de...
[02:08:02] [spechunter] [Grep] pattern='rmw_xireg\\b'
[02:08:02] [spechunter] [Grep] pattern='SISEIE_DELIVERY|SISEIE|siseie'
[02:08:02] [spechunter] [Grep] pattern='AIA_MAKE_IREG'
[02:08:02] [spechunter] [Grep] pattern='ext_sstc|ext_smaia|ext_ssaia|ext_sscof|ext_smcof'
[02:08:07] [spechunter] [Read] /home/yzs/riscv/linux/include/linux/irqchip/riscv-imsic.h
[02:08:07] [spechunter] [Read] /home/yzs/riscv/linux/arch/riscv/include/asm/kvm_aia.h
[02:08:07] [spechunter] [Grep] pattern='EIDELIVERY|EITHRESHOLD|EIP|EIE|TOPEI|XTOPEI'
[02:08:07] [spechunter] [Grep] pattern='EIDELIVERY|EITHRESHOLD|EIP|EIE|TOPEI|XTOPEI|aclic'
[02:08:10] [spechunter] [text] Let me narrow the search to RISC-V specific files and start reading the key files.  
[02:08:10] [spechunter] [Grep] pattern='eithreshold|EITHRESHOLD|eip|xtopei|xacliciprio|xaclicsourcecfg'
[02:08:10] [spechunter] [Grep] pattern='eithreshold|EITHRESHOLD|xtopei|xacliciprio|xaclicsourcecfg'
[02:08:10] [spechunter] [Read] /home/yzs/riscv/linux/drivers/irqchip/irq-riscv-imsic-state.c
[02:08:10] [spechunter] [Read] /home/yzs/riscv/linux/arch/riscv/kvm/aia_imsic.c
[02:08:10] [spechunter] [Read] /home/yzs/riscv/linux/include/linux/irqchip/riscv-imsic.h
[02:08:11] [spechunter] [text] Now let me read the CSR table entries that dispatch to `rmw_xireg`, the `AIA_MAKE_IREG` macro, and check for any initial...
[02:08:11] [spechunter] [Read] /home/yzs/riscv/qemu/target/riscv/csr.c
[02:08:11] [spechunter] [Read] /home/yzs/riscv/qemu/target/riscv/csr.c
[02:08:11] [spechunter] [Read] /home/yzs/riscv/qemu/target/riscv/csr.c
[02:08:11] [spechunter] [Read] /home/yzs/riscv/qemu/target/riscv/csr.c
[02:08:11] [spechunter] [Read] /home/yzs/riscv/qemu/target/riscv/cpu.h
[02:08:20] [spechunter] [Grep] pattern='xtopei|xacliciprio|xaclicsourcecfg'
[02:08:20] [spechunter] [Grep] pattern='CSR_STOPEI|CSR_VSTOPEI|CSR_HVIPRIO|CSR_VSIEH|CSR_HVIPH|CSR_HVIPRIO1H|CSR_HVIPRIO2H|CSR_SIREG|CSR_VSIREG|CSR_HGEIE|CSR_HGEIP'
[02:08:20] [spechunter] [Grep] pattern='IMSIC_EIP|IMSIC_EIE|IMSIC_EIDELIVERY|IMSIC_EITHRESHOLD|TOPEI'
[02:08:20] [spechunter] [Grep] pattern='imsic_mrif|eidelivery|eithreshold|eip|eie|topei'
[02:08:24] [spechunter] [TodoWrite] 7 items
[02:08:25] [spechunter] [text] ```json {   "violation_condition": "In the FreeBSD kernel, when running on a hart with Smidctrl/Ssidctrl where eideliver...
[02:08:30] [spechunter] [text] Now let me check the TOPEI CSR table entries, `xiselect_aia_range`, reset/init code, KVM, and GDB paths.  
[02:08:30] [spechunter] [Grep] pattern='xiselect_aia_range'
[02:08:30] [spechunter] [Grep] pattern='CSR_MTOPEI|CSR_STOPEI|CSR_VSTOPEI'
[02:08:30] [spechunter] [Grep] pattern='smstateen|SMSTATEEN0_SVSLCT'
[02:08:30] [spechunter] [Read] /home/yzs/riscv/qemu/target/riscv/cpu_bits.h
[02:08:31] [spechunter] [Grep] pattern='CSR_STOPEI|CSR_VSTOPEI|CSR_HVIPRIO|CSR_SIREG|CSR_VSIREG|CSR_HGEIE|CSR_HGEIP|CSR_VSIEH|CSR_HVIPH|topei|TOPEI'
[02:08:31] [spechunter] [Grep] pattern='EIDELIVERY|EITHRESHOLD|EIP|EIE|TOPEI|aclic'
[02:08:31] [spechunter] [Read] /home/yzs/riscv/linux/drivers/irqchip/irq-riscv-imsic-state.c
[02:08:33] [spechunter] [text] ```json {   "locations": [     {       "file_path": "hw/intc/riscv_imsic.c",       "function_name": "riscv_imsic_topei",...
[02:08:37] [spechunter] [text] Let me now read `xiselect_aia_range` and the AIA predicate functions, and also check KVM CSR handling and GDB stub for t...
[02:08:37] [spechunter] [Read] /home/yzs/riscv/qemu/target/riscv/csr.c
[02:08:37] [spechunter] [Grep] pattern='aia_any|aia_smode|aia_hmode|csrind_or_aia'
[02:08:41] [spechunter] [text] Now let me trace the call chains and search for more context on ACLIC, AIA device creation, and callers.  
[02:08:41] [spechunter] [Grep] pattern='imsic_local_delivery'
[02:08:41] [spechunter] [Grep] pattern='SxAIA|SSAIA|riscv_isa_extension.*aia|sxaia|ssaia'
[02:08:41] [spechunter] [Grep] pattern='imsic_starting_cpu|imsic_dying_cpu|imsic_local_delivery'
[02:08:41] [spechunter] [Grep] pattern='CSR_ISELECT|CSR_IREG|CSR_VSISELECT|CSR_VSIREG|CSR_HGEIP|CSR_HGEIE'
[02:08:44] [spechunter] [Agent] description, prompt
[02:08:46] [spechunter] [Read] /home/yzs/riscv/linux/drivers/irqchip/irq-riscv-imsic-early.c
[02:08:46] [spechunter] [Read] /home/yzs/riscv/linux/arch/riscv/kvm/aia.c
[02:08:46] [spechunter] [Read] /home/yzs/riscv/linux/drivers/irqchip/irq-riscv-imsic-state.h
[02:08:49] [spechunter] [text] Let me also check a few more paths to ensure completeness.  
[02:08:49] [spechunter] [Grep] pattern='topei|TOPEI'
[02:08:49] [spechunter] [Grep] pattern='CSR_HGEIE|CSR_HGEIP|CSR_VSIEH|CSR_HVIPH|CSR_HVIPRIO'
[02:08:49] [spechunter] [Grep] pattern='imsic_mrif_eix|imsic_mrif\\b'
[02:08:59] [spechunter] [Glob] **/irq-riscv-imsic-state.h
[02:08:59] [spechunter] [Grep] pattern='imsic_mrif_atomic_read|imsic_mrif_atomic_write'
[02:08:59] [spechunter] [Grep] pattern='CSR_MTOPEI|CSR_MTOPI|MTOPEI'
[02:08:59] [spechunter] [Grep] pattern='aplic|APLIC'
[02:09:02] [spechunter] [Grep] pattern='eidelivery'
[02:09:02] [spechunter] [Grep] pattern='eithreshold'
[02:09:02] [spechunter] [Grep] pattern='[^a-z]eip[^a-z]'
[02:09:02] [spechunter] [Grep] pattern='[^a-z]eie[^a-z]'
[02:09:02] [spechunter] [Grep] pattern='xtopei'
[02:09:02] [spechunter] [Grep] pattern='xacliciprio'
[02:09:02] [spechunter] [Grep] pattern='xaclicsourcecfg'
[02:09:02] [spechunter] [Grep] pattern='Smidctrl'
[02:09:02] [spechunter] [Grep] pattern='Ssidctrl'
[02:09:09] [spechunter] [text] Now let me search for ISA extension infrastructure, CSR definitions, and the KVM init path.  
[02:09:09] [spechunter] [Grep] pattern='SxAIA|SSAIA|RISCV_ISA_EXT_SXAIA|RISCV_ISA_EXT_SSAIA'
[02:09:09] [spechunter] [Grep] pattern='SxAIA|SSAIA|RISCV_ISA_EXT_SXAIA|RISCV_ISA_EXT_SSAIA'
[02:09:09] [spechunter] [Grep] pattern='CSR_ISELECT|CSR_IREG|CSR_TOPEI|CSR_SISELECT|CSR_SIREG|CSR_VSISELECT|CSR_VSIREG'
[02:09:09] [spechunter] [Grep] pattern='kvm_riscv_aia_init|kvm_riscv_nacl'
[02:09:11] [spechunter] [Read] /home/yzs/riscv/qemu/target/riscv/csr.c
[02:09:11] [spechunter] [Read] /home/yzs/riscv/qemu/target/riscv/csr.c
[02:09:11] [spechunter] [Read] /home/yzs/riscv/qemu/target/riscv/csr.c
[02:09:11] [spechunter] [Grep] pattern='SMSTATEEN0_IMSIC|SMSTATEEN0_AIA|SMSTATEEN0_SVSLCT|ext_smstateen'
[02:09:14] [spechunter] [Read] /home/yzs/riscv/linux/drivers/irqchip/irq-riscv-imsic-state.h
[02:09:14] [spechunter] [Grep] pattern='IMSIC_EIP|IMSIC_EIE|IMSIC_EIDELIVERY|IMSIC_EITHRESHOLD|IMSIC_TOPEI|TOPEI'
[02:09:14] [spechunter] [Grep] pattern='aclic|eidelivery|eithreshold|xtopei|xaclic'
[02:09:14] [spechunter] [Grep] pattern='aclic|eidelivery|eithreshold|xtopei|xaclic'
[02:09:32] [spechunter] [TodoWrite] 5 items
[02:09:43] [spechunter] [text] Now let me check KVM paths, GDB stub, and machine init/reset code for IMSIC state.  
[02:09:43] [spechunter] [Grep] pattern='IMSIC|imsic|eidelivery|eithreshold|topei'
[02:09:43] [spechunter] [Grep] pattern='siselect|sireg|eidelivery|eithreshold|topei|IMSIC'
[02:09:43] [spechunter] [Grep] pattern='siselect|sireg|miselect|mireg'
[02:09:54] [spechunter] [Glob] target/riscv/gdbstub*
[02:09:54] [spechunter] [Grep] pattern='siselect|sireg|miselect|mireg|eidelivery|eithreshold|topei'
[02:09:54] [spechunter] [Grep] pattern='eidelivery|eithreshold|imsic|siselect|sireg|miselect|mireg'
[02:09:54] [spechunter] [Grep] pattern='eidelivery|eithreshold|siselect|sireg'
[02:10:06] [spechunter] [text] Let me check the vstopi read function (which touches TOPEI) and the GDB stub, plus the machine.c for CSR state serializa...
[02:10:06] [spechunter] [Read] /home/yzs/riscv/qemu/target/riscv/csr.c
[02:10:06] [spechunter] [Read] /home/yzs/riscv/qemu/target/riscv/machine.c
[02:10:06] [spechunter] [Read] /home/yzs/riscv/qemu/target/riscv/machine.c
[02:10:06] [spechunter] [Read] /home/yzs/riscv/qemu/target/riscv/gdbstub.c
[02:10:06] [spechunter] [Grep] pattern='csr_ops|riscv_csrr'
[02:10:07] [spechunter] [text] Let me also search for the fallback vulnerability pattern and do a broader sweep of RISC-V-specific directories.  
[02:10:07] [spechunter] [Grep] pattern='csr_write.*eidelivery|csr_read.*eidelivery|eidelivery.*==|switch.*eidelivery|SMAIA.*eidelivery|SSAIA.*eidelivery'
[02:10:07] [spechunter] [Grep] pattern='aclic|eidelivery|eithreshold|xtopei|xaclic|Smidctrl|Ssidctrl|SMAIA|SSAIA'
[02:10:07] [spechunter] [Grep] pattern='aclic|eidelivery|eithreshold|xtopei|xaclic|Smidctrl|Ssidctrl|SMAIA|SSAIA'
[02:10:07] [spechunter] [Grep] pattern='aclic|eidelivery|eithreshold|xtopei|xaclic|Smidctrl|Ssidctrl|SMAIA|SSAIA'
[02:10:07] [spechunter] [Grep] pattern='aclic|eidelivery|eithreshold|xtopei|xaclic|Smidctrl|Ssidctrl|SMAIA|SSAIA'
[02:10:16] [spechunter] [text] Here is the complete location report:  ```json {   "locations": [     {       "file_path": "include/linux/irqchip/riscv-...
[02:10:28] [spechunter] [Read] /home/yzs/riscv/qemu/target/riscv/gdbstub.c
[02:10:28] [spechunter] [Grep] pattern='riscv_csrrw_debug'
[02:10:47] [spechunter] [Grep] pattern='aclic|aplic|imsic|eidelivery|eithreshold'
[02:10:47] [spechunter] [Grep] pattern='aclic|aplic|imsic'
[02:10:47] [spechunter] [Grep] pattern='riscv.*plic|plic'
[02:10:55] [spechunter] [Read] /home/yzs/riscv/qemu/target/riscv/csr.c
[02:10:55] [spechunter] [Grep] pattern='SMSTATEEN0_IMSIC|SMSTATEEN0_AIA'
[02:10:55] [spechunter] [Grep] pattern='SMSTATEEN0'
[02:11:01] [spechunter] [Grep] pattern='imsic|IMSIC'
[02:11:01] [spechunter] [Grep] pattern='SMAIA|SSAIA|Smicontrol|Sscontrol'
[02:11:01] [spechunter] [Grep] pattern='xsstatus|xsrcfg|MIDELEG|HIDELEG|MVIP|HVIP|VSIE|VSEIP'
[02:11:16] [spechunter] [Grep] pattern='CSR.*SIE|CSR.*SIP|CSR.*EIE|CSR.*EIP|sie|sip|eie|eip'
[02:11:16] [spechunter] [Grep] pattern='csr_write|csr_read|csr_set|csr_clear'
[02:11:18] [spechunter] [Grep] pattern='eidelivery|eithreshold|eip|eie'
[02:11:18] [spechunter] [Grep] pattern='Smaia|Ssaia|Smidctrl|Ssidctrl'
[02:11:18] [spechunter] [Grep] pattern='IMSIC|APLIC|AIA'
[02:11:18] [spechunter] [Grep] pattern='xtopei|xacliciprio|xaclicsourcecfg'
[02:11:18] [spechunter] [Grep] pattern='plic|PLIC'
[02:11:18] [spechunter] [Grep] pattern='CSR_'
[02:11:18] [spechunter] [Glob] sys/riscv/**/*
[02:11:18] [spechunter] [Grep] pattern='trap\\.c|swtch\\.S'
[02:11:22] [spechunter] [text] Let me now check the ISA extension definitions more closely and look at the KVM device creation for AIA.  
[02:11:22] [spechunter] [Grep] pattern='RISCV_ISA_EXT_SMAIA|RISCV_ISA_EXT_SxAIA'
[02:11:22] [spechunter] [Read] /home/yzs/riscv/linux/arch/riscv/kvm/aia_device.c
[02:11:22] [spechunter] [Grep] pattern='csr_write.*CSR_ISELECT|csr_write.*CSR_IREG|select.*eidelivery|ISELECT.*IMSIC'
[02:11:22] [spechunter] [Read] /home/yzs/riscv/linux/arch/riscv/include/asm/hwcap.h
[02:11:24] [spechunter] [text] Let me check for any explicit reset value initialization of eidelivery and examine any ACLIC-related code.  
[02:11:24] [spechunter] [Grep] pattern='eidelivery\\[.*\\]\\s*=|siseie|eipk|eiek|direct.*deliver'
[02:11:24] [spechunter] [Grep] pattern='APLIC|aplic'
[02:11:24] [spechunter] [Grep] pattern='ssidctrl|smidctrl|Ssidctrl|Smidctrl'
[02:11:34] [spechunter] [Grep] pattern='idctrl|ID_ctrl|id_control'
[02:11:34] [spechunter] [Read] /home/yzs/riscv/qemu/target/riscv/csr.c
[02:11:34] [spechunter] [Read] /home/yzs/riscv/qemu/target/riscv/csr.c
[02:11:36] [spechunter] [text] Now let me look for the interrupt handling path to understand the TOPEI CSR read/write and see what happens on the hotpl...
[02:11:36] [spechunter] [Grep] pattern='ISELECT_IPRIO|ISELECT_MASK|TOPEI_ID_SHIFT|TOPI_IPRIO'
[02:11:36] [spechunter] [Grep] pattern='imsic_vsfile_local_update|imsic_vsfile_local_read|imsic_vsfile_local_clear'
[02:11:36] [spechunter] [Read] /home/yzs/riscv/linux/arch/riscv/kvm/main.c
[02:11:40] [spechunter] [text] ```json {   "locations": [] } ```  **Summary of findings:** None of the specified entities (`eidelivery`, `eithreshold`,...
[02:11:43] [spechunter] [Grep] pattern='IMSIC'
[02:11:43] [spechunter] [Grep] pattern='AIA|aia|Advanced Interrupt Architecture'
[02:11:43] [spechunter] [Grep] pattern='idelivery|ithreshold|eidelivery|eithreshold'
[02:11:43] [spechunter] [Grep] pattern='HYPERVISOR|hypervisor'
[02:11:43] [spechunter] [Grep] pattern='trap\\.c|swtch\\.S'
[02:11:43] [spechunter] [Glob] sys/riscv/riscv/trap.c
[02:11:43] [spechunter] [Glob] sys/riscv/riscv/swtch.S
[02:11:43] [spechunter] [Grep] pattern='bhyve'
[02:11:43] [spechunter] [Glob] usr.sbin/bhyve/**/*riscv*
[02:11:43] [spechunter] [Glob] usr.sbin/bhyve/**/*RISCV*
[02:11:43] [spechunter] [Grep] pattern='riscv|RISCV'
[02:11:53] [spechunter] [Grep] pattern='smidctrl|ssidctrl|Sm.*Ctrl|SmidCtrl'
[02:11:53] [spechunter] [Grep] pattern='ext_sstc|ext_smaia|ext_ssaia|ext_sscof|ext_smcof|ext_ssdbltrp|ext_ssstateen'
[02:11:54] [spechunter] [text] Let me look at a few more critical details - the interrupt handler path where eidelivery is checked, and any platform-le...
[02:11:54] [spechunter] [Grep] pattern='TOPEI|topei|csr_swap.*CSR_TOPEI|csr_swap.*CSR_STOPEI'
[02:11:54] [spechunter] [Grep] pattern='CPU_PM_EXIT|cpu_pm_notifier|suspend|resume'
[02:11:54] [spechunter] [Grep] pattern='imsic_vsfile_read|imsic_vsfile_local_read'
[02:12:05] [spechunter] [Grep] pattern='CSR_.*SIE|CSR_.*SIP|CSR_.*MIE|CSR_.*MIP'
[02:12:05] [spechunter] [Grep] pattern='0x6'
[02:12:05] [spechunter] [Read] /home/yzs/riscv/freebsd-src/sys/riscv/riscv/trap.c
[02:12:05] [spechunter] [Read] /home/yzs/riscv/freebsd-src/sys/riscv/riscv/swtch.S
[02:12:05] [spechunter] [Grep] pattern='topi|TOPI|xtopi'
[02:12:05] [spechunter] [Read] /home/yzs/riscv/freebsd-src/sys/riscv/include/intr.h
[02:12:05] [spechunter] [Grep] pattern='IMSIC|imsic'
[02:12:05] [spechunter] [Glob] sys/conf/**riscv*
[02:12:05] [spechunter] [Glob] sys/modules/**/riscv*
[02:12:05] [spechunter] [Read] /home/yzs/riscv/freebsd-src/usr.sbin/bhyve/riscv/bhyverun_machdep.c
[02:12:10] [spechunter] [text] I need to first verify whether the listed IMSIC locations are actually relevant to a PR titled "Rework aclic structure."...
[02:12:10] [spechunter] [Agent] description, prompt
[02:12:10] [spechunter] [Grep] pattern='aclic'
[02:12:16] [spechunter] [Grep] pattern='eidelivery|eithreshold|eip|eie'
[02:12:16] [spechunter] [Glob] sys/riscv/vmm/*
[02:12:16] [spechunter] [Grep] pattern='CSR_HIDELEG|CSR_HVIP|CSR_HVIPRIO|CSR_HVSIE|CSR_HVSTATUS|CSR_HCOUNTEREN'
[02:12:16] [spechunter] [Read] /home/yzs/riscv/freebsd-src/sys/riscv/vmm/vmm_riscv.c
[02:12:16] [spechunter] [Read] /home/yzs/riscv/freebsd-src/sys/riscv/conf/files.riscv
[02:12:16] [spechunter] [Read] /home/yzs/riscv/freebsd-src/sys/riscv/riscv/intr_machdep.c
[02:12:22] [spechunter] [Glob] **/*aclic*
[02:12:22] [spechunter] [Grep] pattern='aclic'
[02:12:22] [spechunter] [Bash] Search git log for commits mentioning aclic
[02:12:37] [spechunter] [Glob] **/*aclint*
[02:12:37] [spechunter] [Grep] pattern='aclic|ACLIC'
[02:12:37] [spechunter] [Grep] pattern='aclint'
[02:12:37] [spechunter] [Bash] List files in the RISC-V interrupt controller directory
[02:12:37] [spechunter] [Bash] Search git log for ACLINT or aclic
[02:12:42] [spechunter] [Read] /home/yzs/riscv/freebsd-src/sys/conf/files.riscv
[02:12:42] [spechunter] [Glob] sys/riscv/riscv/intr*
[02:12:42] [spechunter] [Grep] pattern='plic|PLIC'
[02:12:42] [spechunter] [Grep] pattern='plic|PLIC'
[02:12:42] [spechunter] [Grep] pattern='aplic|APLIC'
[02:12:42] [spechunter] [Grep] pattern='HVIP|hvip|HVIPRIO|vseip|VSEIP'
[02:12:42] [spechunter] [Grep] pattern='hideleg|HIDELEG|hvip|HVIP|hie|HIE'
[02:12:42] [spechunter] [Grep] pattern='has_hyp|has_sstc'
[02:12:47] [spechunter] [Read] /home/yzs/riscv/qemu/hw/intc/riscv_aclint.c
[02:12:47] [spechunter] [Read] /home/yzs/riscv/qemu/include/hw/intc/riscv_aclint.h
[02:12:47] [spechunter] [Read] /home/yzs/riscv/qemu/hw/intc/Kconfig
[02:12:47] [spechunter] [Grep] pattern='RISCV_ACLINT|riscv_aclint'
[02:12:58] [spechunter] [Grep] pattern='aclint'
[02:12:58] [spechunter] [Grep] pattern='aclint'
[02:12:58] [spechunter] [Bash] Search for initial commits that added ACLINT support
[02:13:00] [spechunter] [Grep] pattern='CSR_HIDELEG|CSR_HVI|CSR_HIDELEG|CSR_HV|D_HIDELEG|DECLARE_CSR.*h'
[02:13:00] [spechunter] [Read] /home/yzs/riscv/freebsd-src/sys/riscv/include/encoding.h
[02:13:00] [spechunter] [Read] /home/yzs/riscv/freebsd-src/sys/riscv/include/riscvreg.h
[02:13:00] [spechunter] [Grep] pattern='locore|exception\\.S'
[02:13:00] [spechunter] [Read] /home/yzs/riscv/freebsd-src/sys/riscv/riscv/exception.S
[02:13:00] [spechunter] [Grep] pattern='ACPI_MADT_TYPE_IMSIC|ACPI_MADT_TYPE_APLIC|MADT_TYPE_RINTC'
[02:13:00] [spechunter] [Grep] pattern='imsic|IMSIC'
[02:13:11] [spechunter] [Bash] Full git log for aclint
[02:13:11] [spechunter] [Bash] Show the rename commit and subsequent ACLINT changes
[02:13:12] [spechunter] [Read] /home/yzs/riscv/freebsd-src/sys/riscv/riscv/intc.c
[02:13:12] [spechunter] [Grep] pattern='scause|SCAUSE|stvec|STVEC'
[02:13:12] [spechunter] [Grep] pattern='Smaia|Ssaia|Smidctrl|Ssidctrl'
[02:13:12] [spechunter] [Grep] pattern='smaia|ssaia|smidctrl|ssidctrl'
[02:13:12] [spechunter] [Read] /home/yzs/riscv/freebsd-src/sys/riscv/include/vmm_dev.h
[02:13:12] [spechunter] [Read] /home/yzs/riscv/freebsd-src/usr.sbin/bhyve/riscv/vmexit.c
[02:13:38] [spechunter] [Grep] pattern='smaia|ssaia|smidctrl|ssidctrl'
[02:13:38] [spechunter] [Grep] pattern='smaia|ssaia'
[02:13:38] [spechunter] [Grep] pattern='imsic|IMSIC|imsics'
[02:13:38] [spechunter] [Grep] pattern='riscv,aplic'
[02:13:38] [spechunter] [Grep] pattern='msi-parent|imsic|APLIC'
[02:13:38] [spechunter] [Grep] pattern='RISC-V.*AIA|AIA.*RISC-V|Advanced Interrupt Architecture'
[02:13:38] [spechunter] [Grep] pattern='plic|PLIC'
[02:13:41] [spechunter] [text] Now let me check the interrupt handler entry point and any other relevant RISC-V files.    
[02:13:41] [spechunter] [Read] /home/yzs/riscv/linux/drivers/irqchip/irq-riscv-imsic-early.c
[02:13:41] [spechunter] [Grep] pattern='__imsic_id_set_enable|__imsic_id_clear_enable|__imsic_eix_update'
[02:13:41] [spechunter] [Grep] pattern='imsic_swfile_extirq_update|imsic_swfile_update|imsic_swfile_read'
[02:14:23] [spechunter] [text] Now I have a thorough understanding of the code. Let me compile the final report.  
[02:14:23] [spechunter] [TodoWrite] 7 items
[02:14:47] [spechunter] [text] Let me check the recent git activity and understand what "aclic" refers to.  
[02:14:47] [spechunter] [Bash] Check recent git commits for rework/aclic context
[02:14:47] [spechunter] [Grep] pattern='aclint|aclic'
[02:14:47] [spechunter] [Grep] pattern='Rework|rework'
[02:14:55] [spechunter] [text] Let me examine the ACLINT source to understand the current structure and determine if the IMSIC locations are relevant. ...
[02:14:55] [spechunter] [Read] /home/yzs/riscv/qemu/include/hw/intc/riscv_aclint.h
[02:14:55] [spechunter] [Read] /home/yzs/riscv/qemu/hw/intc/riscv_aclint.c
[02:15:26] [spechunter] [text] Now let me read the IMSIC header and search for any connection between these locations and a concept called "aclic."  
[02:15:26] [spechunter] [Read] /home/yzs/riscv/qemu/include/hw/intc/riscv_imsic.h
[02:15:26] [spechunter] [Grep] pattern='aclint|aclic|imsic'
[02:15:52] [spechunter] [text] Now I have a clear picture. Let me verify the key files to make the final determination.  
[02:15:52] [spechunter] [Read] /home/yzs/riscv/qemu/hw/intc/riscv_imsic.c
[02:15:52] [spechunter] [Read] /home/yzs/riscv/qemu/hw/intc/riscv_imsic.c
[02:16:03] [spechunter] [text] Let me do a thorough search myself across the codebase.  
[02:16:03] [spechunter] [Grep] pattern='eidelivery|eithreshold|Smaia|Ssaia|Smidctrl|Ssidctrl|IMSIC|APLIC|xtopei|xacliciprio|xaclicsourcecfg'
[02:16:03] [spechunter] [Grep] pattern='eidelivery|eithreshold|Smaia|Ssaia|Smidctrl|Ssidctrl|IMSIC|APLIC|xtopei|xacliciprio|xaclicsourcecfg'
[02:16:03] [spechunter] [Grep] pattern='eidelivery|eithreshold|Smaia|Ssaia|Smidctrl|Ssidctrl|IMSIC|APLIC'
[02:16:25] [spechunter] [text] Let me read the key files that could be affected by this violation.  
[02:16:25] [spechunter] [Read] /home/yzs/riscv/freebsd-src/sys/riscv/riscv/aplic.c
[02:16:25] [spechunter] [Read] /home/yzs/riscv/freebsd-src/sys/riscv/vmm/vmm_aplic.c
[02:16:25] [spechunter] [Read] /home/yzs/riscv/freebsd-src/sys/riscv/riscv/trap.c
[02:16:36] [spechunter] [Grep] pattern='eidelivery|eithreshold|eip\\b|eie\\b|xteoi|xtvec'
[02:16:36] [spechunter] [Grep] pattern='AIA|aia|Smaia|Ssaia|Smidctrl|Ssidctrl'
[02:16:36] [spechunter] [Grep] pattern='intr_irq_handler|INTR_ROOT_IRQ|intr_irq_root'
[02:16:46] [spechunter] [text] Let me look at the interrupt handling path and the PLIC/intc driver, as well as the RISC-V CSR definitions.  
[02:16:46] [spechunter] [Read] /home/yzs/riscv/freebsd-src/sys/riscv/riscv/intc.c
[02:16:46] [spechunter] [Read] /home/yzs/riscv/freebsd-src/sys/riscv/include/intr.h
[02:16:46] [spechunter] [Grep] pattern='CSR_.*EI|CSR_.*IP|CSR_.*IE|CSR_.*THRESHOLD|CSR_.*DELIVERY|CSR_.*TOPI|CSR_.*CLAIM'
[02:17:09] [spechunter] [Read] /home/yzs/riscv/freebsd-src/sys/riscv/include/encoding.h
[02:17:09] [spechunter] [Grep] pattern='sie|sip|stvec|scause|stval|sscratch'
[02:17:09] [spechunter] [Grep] pattern='csr_write|csr_read|csr_set|csr_clear'
[02:17:25] [spechunter] [text] Now let me verify the remaining weaker locations and check the full CSR registration context.  
[02:17:25] [spechunter] [Read] /home/yzs/riscv/qemu/target/riscv/csr.c
[02:17:25] [spechunter] [Read] /home/yzs/riscv/qemu/target/riscv/csr.c
[02:17:25] [spechunter] [Read] /home/yzs/riscv/qemu/target/riscv/csr.c
[02:17:48] [spechunter] [Grep] pattern='eidelivery|eithreshold|eip|eie|xtopei|xtvec|xteoi|AIA|Smaia|Ssaia'
[02:17:48] [spechunter] [Grep] pattern='CSR_SIE|CSR_SIP|CSR_SISEI|CSR_SIPEI|SIE_|SIP_'
[02:17:48] [spechunter] [Grep] pattern='plic'
[02:18:04] [spechunter] [Read] /home/yzs/riscv/freebsd-src/sys/riscv/riscv/plic.c
[02:18:04] [spechunter] [Read] /home/yzs/riscv/freebsd-src/sys/riscv/vmm/vmm_riscv.c
[02:18:24] [spechunter] [text] Let me verify the actual line numbers for all the handler functions in the IMSIC source file.  
[02:18:24] [spechunter] [Read] /home/yzs/riscv/qemu/hw/intc/riscv_imsic.c
[02:18:24] [spechunter] [Read] /home/yzs/riscv/qemu/hw/intc/riscv_imsic.c
[02:18:38] [spechunter] [text] Now I'll compile the final report. Here's my analysis:  The kernel treats `eidelivery` as a writable CSR that configures...
[02:18:38] [spechunter] [Write] /home/yzs/riscv/linux/tmp/aclic_violation_report.json
[02:18:41] [spechunter] [Read] /home/yzs/riscv/linux/tmp/aclic_violation_report.json
[02:19:08] [spechunter] [text] Let me also check for hypervisor CSR handling and any IMSIC-related code.  
[02:19:08] [spechunter] [Grep] pattern='hstatus|hideleg|hedeleg|hvip|vsie|vsip|vstvec|vsepc|vscause|vstval|vsatp|vsstatus|hgatp|henvcfg|hcounteren'
[02:19:08] [spechunter] [Grep] pattern='SEIP|SEIE|SIE_|SIP_|HIE_|HVIP_|VSEIP|VSEIE|VSSIP|VSTIP'
[02:19:08] [spechunter] [Read] /home/yzs/riscv/freebsd-src/sys/riscv/riscv/swtch.S
[02:19:19] [spechunter] [Read] /home/yzs/riscv/freebsd-src/sys/riscv/include/encoding.h
[02:19:19] [spechunter] [Grep] pattern='SSTATUS_|SIE_|SIP_|SEIP|SEIE|SSIE|STIE'
[02:19:19] [spechunter] [Grep] pattern='hvip|vsie|vsip|hideleg|hstatus|hie'
[02:19:25] [spechunter] [Read] /home/yzs/riscv/freebsd-src/sys/riscv/vmm/vmm_switch.S
[02:19:25] [spechunter] [Read] /home/yzs/riscv/freebsd-src/sys/riscv/vmm/riscv.h
[02:19:29] [spechunter] [text] Now I have a clear picture. Let me analyze the core issue.  **Key finding**: The PR title says "Rework **aclic** structu...
[02:19:39] [spechunter] [Grep] pattern='eidelivery'
[02:19:39] [spechunter] [Grep] pattern='0x20000000'
[02:19:39] [spechunter] [Grep] pattern='aclic|ACLIC|Aclic'
[02:19:48] [spechunter] [Grep] pattern='eidelivery'
[02:19:48] [spechunter] [Grep] pattern='imsic|IMSIC|Imsic'
[02:19:51] [spechunter] [text] Prompt is too long
[02:19:55] [spechunter] [Read] /home/yzs/riscv/qemu/hw/intc/riscv_imsic.c
[02:19:55] [spechunter] [Read] /home/yzs/riscv/qemu/hw/intc/riscv_imsic.c
[02:19:55] [spechunter] [Read] /home/yzs/riscv/qemu/include/hw/intc/riscv_imsic.h
[02:20:12] [spechunter] [Grep] pattern='ISELECT_IMSIC_EIDELIVERY|ISELEX_IMSIC_EIDELIVERY|IMSIC_EIDELIVERY'
[02:20:12] [spechunter] [Grep] pattern='Smidctrl|Ssidctrl|smidctrl|ssidctrl'
[02:20:12] [spechunter] [Grep] pattern='geilen|set_geilen'
[02:20:23] [spechunter] [text] Now let me check the CSR definitions more carefully and the interrupt controller init paths.  
[02:20:23] [spechunter] [Read] /home/yzs/riscv/freebsd-src/sys/riscv/include/riscvreg.h
[02:20:23] [spechunter] [Grep] pattern='has_sstc|aplic_attached|plic|cpu-intc|riscv,aplic'
[02:20:23] [spechunter] [Grep] pattern='intr_irq_handler|intr_pic_claim_root|intr_isrc_dispatch|intr_enable'
[02:20:25] [spechunter] [Read] /home/yzs/riscv/qemu/target/riscv/csr.c
[02:20:25] [spechunter] [Grep] pattern='ext_ssaia|ext_smaia'
[02:20:53] [spechunter] [Read] /home/yzs/riscv/qemu/hw/intc/riscv_imsic.c
[02:21:10] [spechunter] [text] Prompt is too long
[02:21:30] [spechunter] [text] Now let me check if there's any ACLIC-related code or references in the broader codebase.  
[02:21:30] [spechunter] [Grep] pattern='aclic|ACLIC'
[02:21:30] [spechunter] [Grep] pattern='eidelivery.*read.only|eidelivery.*RO|eidelivery.*fixed'
[02:21:30] [spechunter] [Grep] pattern='smidctrl|ssidctrl|Smidctrl|Ssidctrl'
[02:21:32] [spechunter] [text] Let me search the codebase to understand what "aclic" refers to and find relevant locations.  
[02:21:32] [spechunter] [Grep] pattern='aclic'
[02:21:32] [spechunter] [Bash] Search git log for aclic-related commits
[02:21:39] [spechunter] [Bash] Output final location set as JSON
[02:21:50] [spechunter] [text] The grep for "aclic" returned no results. Let me search for the actual code structure being referenced.  
[02:21:50] [spechunter] [Grep] pattern='aclic'
[02:21:50] [spechunter] [Bash] Search for aclic in git log across all branches
[02:22:11] [spechunter] [text] Now let me check the CSRs related to `siselect` and write path.  
[02:22:11] [spechunter] [Grep] pattern='siselect.*IMSIC|IMSIC.*siselect|CSR_SIREG|CSR_MIREG'
[02:22:11] [spechunter] [Read] /home/yzs/riscv/qemu/hw/intc/riscv_imsic.c
[02:22:12] [spechunter] [Grep] pattern='acli'
[02:22:12] [spechunter] [Grep] pattern='acli[ck]'
[02:22:15] [spechunter] [text] Now let me look at the CSR `siselect` write path to understand how the IMSIC register (including `eidelivery`) is access...
[02:22:15] [spechunter] [Read] /home/yzs/riscv/qemu/target/riscv/csr.c
[02:22:23] [spechunter] [Agent] description, prompt
[02:22:25] [spechunter] [text] ```json {   "locations": [     "arch/riscv/kvm/aia_imsic.c:23-26 imsic_mrif_eix — MRIF per-context struct holding eip[] ...
[02:22:41] [spechunter] [Read] /home/yzs/riscv/qemu/target/riscv/csr.c
[02:22:50] [spechunter] [Grep] pattern='csr_write.*eidelivery|eidelivery.*csr_write|write.*EIDELIVERY|EIDELIVERY.*write'
[02:22:50] [spechunter] [Grep] pattern='smaclic|ssaclic|smidctrl|ssidctrl|riscv_isa_extension.*aclic'
[02:22:50] [spechunter] [Grep] pattern='eidelivery'
[02:23:02] [spechunter] [Grep] pattern='aclic'
[02:23:02] [spechunter] [Glob] **/*aclic*
[02:23:02] [spechunter] [Grep] pattern='aclc'
[02:23:02] [spechunter] [Grep] pattern='acli_c'
[02:23:02] [spechunter] [Glob] sys/sys/acl.h
[02:23:02] [spechunter] [Glob] sys/kern/*acl*
[02:23:02] [spechunter] [Glob] sys/ufs/*acl*
[02:23:02] [spechunter] [Bash] Search git history for commits mentioning "aclic"
[02:23:02] [spechunter] [Bash] Search git history for commits mentioning "acli"
[02:23:08] [spechunter] [Read] /home/yzs/riscv/linux/drivers/irqchip/irq-riscv-imsic-state.c
[02:23:08] [spechunter] [Read] /home/yzs/riscv/linux/arch/riscv/kvm/aia_imsic.c
[02:23:08] [spechunter] [Read] /home/yzs/riscv/linux/arch/riscv/kvm/aia_imsic.c
[02:23:08] [spechunter] [Read] /home/yzs/riscv/linux/arch/riscv/kvm/aia_imsic.c
[02:23:08] [spechunter] [Read] /home/yzs/riscv/linux/include/linux/irqchip/riscv-imsic.h
[02:23:18] [spechunter] [text] Now let me verify the CSR indirect register access path (siselect/miselect) and check for any KVM-related IMSIC synchron...
[02:23:18] [spechunter] [Read] /home/yzs/riscv/qemu/target/riscv/csr.c
[02:23:18] [spechunter] [Grep] pattern='aia_ireg_rmw_fn|xiselect_aia_range'
[02:23:23] [spechunter] [text] Let me dig deeper into the IMSIC driver's handling of eidelivery and check for ACLIC-related awareness.  
[02:23:23] [spechunter] [Grep] pattern='aclic|ACLIC'
[02:23:23] [spechunter] [Grep] pattern='IMSIC_ENABLE_EIDELIVERY|IMSIC_DISABLE_EIDELIVERY'
[02:23:23] [spechunter] [Grep] pattern='imsic_csr_write|imsic_vs_csr_write|imsic_csr_read|imsic_vs_csr_read'
[02:23:26] [spechunter] [Read] /home/yzs/riscv/freebsd-src/sys/sys/acl.h
[02:23:26] [spechunter] [Read] /home/yzs/riscv/freebsd-src/sys/kern/subr_acl_nfs4.c
[02:23:26] [spechunter] [Read] /home/yzs/riscv/freebsd-src/sys/kern/subr_acl_posix1e.c
[02:23:26] [spechunter] [Read] /home/yzs/riscv/freebsd-src/sys/kern/vfs_acl.c
[02:23:26] [spechunter] [Grep] pattern='struct acl[^c]'
[02:23:26] [spechunter] [Grep] pattern='acli[^cn]'
[02:23:26] [spechunter] [Grep] pattern='acli[^cn]'
[02:23:41] [spechunter] [Read] /home/yzs/riscv/linux/drivers/irqchip/irq-riscv-imsic-state.c
[02:23:41] [spechunter] [Read] /home/yzs/riscv/linux/arch/riscv/kvm/aia_imsic.c
[02:23:41] [spechunter] [Grep] pattern='imsic_local_delivery'
[02:23:44] [spechunter] [Glob] sys/ufs/**/*acl*
[02:23:44] [spechunter] [Glob] sys/**/*acl*.c
[02:23:44] [spechunter] [Grep] pattern='struct.*acli'
[02:23:44] [spechunter] [Grep] pattern='aclinit'
[02:24:03] [spechunter] [Grep] pattern='imsic_local_delivery'
[02:24:03] [spechunter] [Read] /home/yzs/riscv/linux/drivers/irqchip/irq-riscv-imsic-state.c
[02:24:03] [spechunter] [Read] /home/yzs/riscv/linux/drivers/irqchip/irq-riscv-imsic-early.c
[02:24:05] [spechunter] [Read] /home/yzs/riscv/freebsd-src/sys/ufs/ufs/acl.h
[02:24:05] [spechunter] [Read] /home/yzs/riscv/freebsd-src/sys/ufs/ufs/ufs_acl.c
[02:24:26] [spechunter] [Read] /home/yzs/riscv/linux/arch/riscv/kvm/aia_imsic.c
[02:24:26] [spechunter] [Grep] pattern='imsic_vs_csr_write'
[02:24:26] [spechunter] [Grep] pattern='aclic|ACLIC|smidctrl|Smidctrl|Smidctrl|ssidctrl'
[02:24:26] [spechunter] [Grep] pattern='aclic|ACLIC|smidctrl|Smidctrl|ssidctrl'
[02:24:26] [spechunter] [Grep] pattern='ISELECT_IMSIC_LAST|ISELECT_IMSIC_TOPEI|ISELECT_IMSIC_EIE|ISELECT_IMSIC_EIP'
[02:24:26] [spechunter] [Read] /home/yzs/riscv/qemu/target/riscv/cpu_bits.h
[02:24:54] [spechunter] [Read] /home/yzs/riscv/linux/tmp/aclic_violation_report.json
[02:24:54] [spechunter] [Grep] pattern='smaclic|ssaclic'
[02:24:54] [spechunter] [Read] /home/yzs/riscv/linux/arch/riscv/kvm/aia_imsic.c
[02:25:02] [spechunter] [text] Now let me check the CSR `siselect` write path and reset initialization for completeness.  
[02:25:02] [spechunter] [Read] /home/yzs/riscv/qemu/target/riscv/csr.c
[02:25:02] [spechunter] [Grep] pattern='siselect|miselect'
[02:25:27] [spechunter] [text] Now let me check for any reset-value initialization or ACLIC-specific code patterns related to the `0x20000000` value me...
[02:25:27] [spechunter] [Grep] pattern='0x20000000'
[02:25:27] [spechunter] [Grep] pattern='delivery'
[02:25:29] [spechunter] [text] Let me also look at the APLIC driver code paths that handle delivery configuration, which is relevant to the ACLIC conte...
[02:25:29] [spechunter] [Grep] pattern='APLIC_IDC_IDELIVERY|APLIC_ENABLE_IDELIVERY|APLIC_DISABLE_IDELIVERY'
[02:25:29] [spechunter] [Read] /home/yzs/riscv/linux/drivers/irqchip/irq-riscv-aplic-direct.c
[02:25:29] [spechunter] [Read] /home/yzs/riscv/linux/drivers/irqchip/irq-riscv-aplic-main.c
[02:25:41] [spechunter] [text] ## Merge Result  ```json {   "locations": [],   "removed_locations": [],   "merge_notes": "The term 'aclic' does not exi...
[02:26:03] [spechunter] [text] I'll start by searching for the relevant code locations related to `eidelivery`, AIA interrupt handling, and IMSIC/APLIC...
[02:26:03] [spechunter] [Grep] pattern='eidelivery'
[02:26:03] [spechunter] [Grep] pattern='AIA|IMSIC|APLIC|ACLIC|aiclic'
[02:26:03] [spechunter] [Grep] pattern='eidelivery|eie|eithreshold'
[02:26:09] [spechunter] [text] Now let me check the APLIC driver headers for the full register definitions.  
[02:26:09] [spechunter] [Read] /home/yzs/riscv/linux/include/linux/irqchip/riscv-aplic.h
[02:26:09] [spechunter] [Read] /home/yzs/riscv/linux/drivers/irqchip/irq-riscv-aplic-main.c
[02:26:15] [spechunter] [Grep] pattern='ACLIC|aclic'
[02:26:15] [spechunter] [Grep] pattern='SMAIA|SSAIA|smaia|ssaia'
[02:26:15] [spechunter] [Grep] pattern='csr_write.*mideleg|csr_write.*sideleg|csr_read.*mideleg'
[02:26:35] [spechunter] [text] Let me look at the relevant source files for interrupt handling and AIA support.  
[02:26:35] [spechunter] [Grep] pattern='intr_irq|aplic|imsic'
[02:26:35] [spechunter] [Grep] pattern='CSR.*EI|csr_read.*siph|csr_write.*siph|csr.*SMAIA|csr.*SSAIA'
[02:26:35] [spechunter] [Glob] sys/riscv/**/*.c
[02:26:38] [spechunter] [text] Now I have a complete picture of all the relevant code. Let me compile the analysis.  ```json {   "findings": [     {   ...
[02:26:53] [spechunter] [text] Now let me read the key interrupt handling files and search for relevant patterns.  
[02:26:53] [spechunter] [Read] /home/yzs/riscv/freebsd-src/sys/riscv/riscv/aplic.c
[02:26:53] [spechunter] [Read] /home/yzs/riscv/freebsd-src/sys/riscv/riscv/intc.c
[02:26:53] [spechunter] [Read] /home/yzs/riscv/freebsd-src/sys/riscv/vmm/vmm_aplic.c
[02:27:08] [spechunter] [text] Let me now look at the PLIC driver, trap handler, and VMM interrupt emulation for the complete picture.  
[02:27:08] [spechunter] [Read] /home/yzs/riscv/freebsd-src/sys/riscv/riscv/plic.c
[02:27:08] [spechunter] [Read] /home/yzs/riscv/freebsd-src/sys/riscv/riscv/trap.c
[02:27:08] [spechunter] [Read] /home/yzs/riscv/freebsd-src/sys/riscv/vmm/vmm_riscv.c
[02:27:09] [spechunter] [Grep] pattern='smaclic|ssaclic|smidctrl|ssidctrl|aclic|ACLIC'
[02:27:09] [spechunter] [Read] /home/yzs/riscv/linux/drivers/irqchip/irq-riscv-aplic-main.c
[02:27:15] [spechunter] [text] Let me now look at the boot code, CSR definitions, VMM instruction emulation for CSR handling, and the SMP startup code....
[02:27:15] [spechunter] [Read] /home/yzs/riscv/freebsd-src/sys/riscv/vmm/vmm_instruction_emul.c
[02:27:15] [spechunter] [Grep] pattern='locore|initriscv|init_riscv'
[02:27:15] [spechunter] [Grep] pattern='SMAIA|SSAIA|Smcidctrl|Ssidctrl|Smaia|Ssaia|smidctrl|ssidctrl'
[02:27:20] [spechunter] [Read] /home/yzs/riscv/freebsd-src/sys/riscv/riscv/locore.S
[02:27:20] [spechunter] [Grep] pattern='isa_ext|hasext|riscv_isa|ISA_EXT|Smaia'
[02:27:27] [spechunter] [text] Let me now check how the ISA extension detection works and look for any IMSIC/interrupt file handling code.  
[02:27:27] [spechunter] [Read] /home/yzs/riscv/freebsd-src/sys/riscv/riscv/identcpu.c
[02:27:27] [spechunter] [Grep] pattern='has_hyp|has_sstc|has_smaia|has_ssaia'
[02:27:27] [spechunter] [Grep] pattern='IMSIC|imsic|msi-parent|aplic_domain'
[02:27:41] [spechunter] [Read] /home/yzs/riscv/freebsd-src/sys/riscv/riscv/identcpu.c
[02:27:41] [spechunter] [Read] /home/yzs/riscv/freebsd-src/sys/riscv/riscv/identcpu.c
[02:27:41] [spechunter] [Read] /home/yzs/riscv/freebsd-src/sys/riscv/vmm/vmm.c
[02:27:43] [spechunter] [text] Now I have a thorough understanding of all the code. Let me compile the analysis against the security spec.  The critica...
[02:27:43] [spechunter] [Grep] pattern='smaclic|ssaclic|smidctrl|ssidctrl|aclic'
[02:27:43] [spechunter] [Grep] pattern='smaclic|ssaclic|smidctrl|ssidctrl|aclic'
[02:27:54] [spechunter] [text] Let me also check how the supervisor extension parsing handles AIA-related extensions and look at the SMP startup code. ...
[02:27:54] [spechunter] [Read] /home/yzs/riscv/freebsd-src/sys/riscv/riscv/identcpu.c
[02:27:54] [spechunter] [Read] /home/yzs/riscv/freebsd-src/sys/riscv/riscv/mp_machdep.c
[02:28:13] [spechunter] [text] Let me also check the RISC-V register definitions and the VMM CSR handling for any AIA-related CSRs.  
[02:28:13] [spechunter] [Grep] pattern='vsieh|vsiph|hviph|hidelegh|hvien|hvictl|hviprio'
[02:28:13] [spechunter] [Grep] pattern='riscvreg|HWCAP_ISA'
[02:28:17] [spechunter] [Grep] pattern='riscvreg\\.h'
[02:28:17] [spechunter] [Glob] sys/riscv/include/*.h
[02:28:32] [spechunter] [Grep] pattern='eidelivery|eie|eithreshold|hvien|hvictl|hviprio|sieh|siph|HIDELEG|SMAIA|SSAIA|aia|AIA'
[02:28:32] [spechunter] [Grep] pattern='HWCAP_ISA'
[02:28:55] [spechunter] [text] Now I have complete information. Let me produce the analysis.  ```json {   "findings": [     {       "file_path": "drive...
[02:29:28] [spechunter] [Grep] pattern='sieh|siph|vsieh|vsiph|stopei|stopi|scause|SIE_SEIE|SIE_SSIE|IRQ_EXTERNAL'
[02:29:28] [spechunter] [Read] /home/yzs/riscv/freebsd-src/sys/riscv/include/riscvreg.h
[02:29:55] [spechunter] [text] Prompt is too long
[05:24:25] [spechunter] PR loaded: #662 riscv/riscv-fast-interrupt — "Rework aclic structure"
[05:24:25] [spechunter]   diff: 17143 chars  body: 1 chars  reviews: 3
[05:24:25] [spechunter] Global pre-filter running...
[05:24:43] [spechunter] [text] {"should_skip": false}
[05:24:44] [spechunter] pre-filter: should_skip=False reason=""
[05:24:58] [spechunter] [text] ```json {"should_skip": false} ```
[05:25:04] [spechunter] [text] {"should_skip": false}
[05:25:14] [spechunter] [text] {"should_skip": true, "skip_reason": "ACLIC is an embedded-class interrupt controller (single-hart, low-area) unrelated ...
[05:25:15] [spechunter] [text] {"should_skip": true, "skip_reason": "Fast interrupt spec (riscv-fast-interrupt) for resource-constrained embedded syste...
[05:25:42] [spechunter] [text] {"should_skip": false}
[05:25:43] [spechunter] [text] ```json {   "violation_condition": "QEMU emulates Smidctrl/Ssidctrl (formerly Smaclic/Ssaclic) but allows software write...
[05:26:02] [spechunter] [Grep] pattern='eidelivery'
[05:26:02] [spechunter] [Grep] pattern='xireg|domaincfg'
[05:26:02] [spechunter] [Grep] pattern='xtopei'
[05:26:02] [spechunter] [Grep] pattern='eipk|eiek|eithreshold'
[05:26:02] [spechunter] [Grep] pattern='aclic|ACLIC|smaclic|SMAIA|smidctrl'
[05:26:06] [spechunter] [text] ```json {   "violation_condition": "OpenSBI HSM suspend handler saves/restores existing AIA CSRs (eip, eie, eithreshold)...
[05:26:06] [spechunter] [Agent] description, prompt
[05:26:24] [spechunter] [text] Let me get more detail on some of the key functions.  
[05:26:24] [spechunter] [Grep] pattern='eip\\b|write_eie|\\.eie\\b'
[05:26:24] [spechunter] [Grep] pattern='eie\\b|eip\\b|APLIC_DOMAINCFG|APLIC_SOURCECFG'
[05:26:24] [spechunter] [Read] /home/yzs/riscv/qemu/hw/intc/riscv_imsic.c
[05:26:24] [spechunter] [Read] /home/yzs/riscv/qemu/hw/intc/riscv_aplic.c
[05:26:26] [spechunter] [text] ```json {   "violation_condition": "Linux kernel AIA interrupt driver (irq-riscv-imsic.c, irq-riscv-aplic.c) reads eidel...
[05:26:33] [spechunter] [TodoWrite] 4 items
[05:26:35] [spechunter] [Read] /home/yzs/riscv/qemu/target/riscv/csr.c
[05:26:35] [spechunter] [Read] /home/yzs/riscv/qemu/hw/intc/riscv_aplic.c
[05:26:35] [spechunter] [Read] /home/yzs/riscv/qemu/hw/intc/riscv_imsic.c
[05:26:35] [spechunter] [Read] /home/yzs/riscv/qemu/target/riscv/csr.c
[05:26:43] [spechunter] [Grep] pattern='ISELECT_IMSIC|EISTATE'
[05:26:43] [spechunter] [Grep] pattern='ISELECT_IMSIC'
[05:26:43] [spechunter] [Grep] pattern='idelivery|iforce|ithreshold|APLIC_IDC'
[05:26:43] [spechunter] [Read] /home/yzs/riscv/qemu/include/hw/intc/riscv_imsic.h
[05:26:44] [spechunter] [Grep] pattern='macliciprio|MACLICIPRIO|macliciprio'
[05:26:44] [spechunter] [Grep] pattern='maclicsourcecfg|MACLICSOURCECFG|maclicsourcecfg'
[05:26:44] [spechunter] [Grep] pattern='sacliciprio|SACLICIPRIO|sacliciprio'
[05:26:44] [spechunter] [Grep] pattern='saclicsourcecfg|SACLICSOURCECFG|saclicsourcecfg'
[05:26:44] [spechunter] [Grep] pattern='mstateen|MSTATEEN|mstateen'
[05:26:44] [spechunter] [Grep] pattern='sstateen|SSTATEEN|sstateen'
[05:26:44] [spechunter] [Grep] pattern='eidelivery|EIDELIVERY|eidelivery'
[05:26:47] [spechunter] [TodoWrite] 8 items
[05:26:48] [spechunter] [Grep] pattern='eidelivery'
[05:26:48] [spechunter] [Grep] pattern='domaincfg'
[05:26:48] [spechunter] [Grep] pattern='xtopei'
[05:26:48] [spechunter] [Grep] pattern='eipk|eiek|eithreshold'
[05:26:48] [spechunter] [Grep] pattern='aclic'
[05:26:48] [spechunter] [Grep] pattern='smaclic|ssaclic|smidctrl|ssidctrl'
[05:26:53] [spechunter] [Read] /home/yzs/riscv/qemu/hw/intc/riscv_aplic.c
[05:26:53] [spechunter] [Read] /home/yzs/riscv/qemu/hw/intc/riscv_aplic.c
[05:26:53] [spechunter] [Read] /home/yzs/riscv/qemu/hw/intc/riscv_imsic.c
[05:26:53] [spechunter] [Read] /home/yzs/riscv/qemu/hw/intc/riscv_aplic.c
[05:26:59] [spechunter] [Grep] pattern='eidelivery'
[05:26:59] [spechunter] [Grep] pattern='CSR_IEIDELIVERY|EIDELIVERY|eidelivery'
[05:26:59] [spechunter] [Glob] **/irq-riscv-imsic*
[05:26:59] [spechunter] [Glob] **/irq-riscv-aplic*
[05:27:00] [spechunter] [Agent] description, prompt
[05:27:01] [spechunter] [text] Let me also search for the HSM save/restore mechanism and aclic-related structures
[05:27:01] [spechunter] [Grep] pattern='aclic|ACLIC|smaclic|ssaclic|saclic|maclic'
[05:27:01] [spechunter] [Grep] pattern='saved_menvcfg|saved_mie|saved_mip|saved_medeleg|saved_mideleg'
[05:27:01] [spechunter] [Grep] pattern='__sbi_hsm_suspend_non_ret_save|__sbi_hsm_suspend_non_ret_restore'
[05:27:01] [spechunter] [Grep] pattern='sbi_hsm_hart_resume_finish|sbi_hsm_hart_suspend'
[05:27:05] [spechunter] [text] I'll search for all affected entities and the vulnerability pattern in parallel.  
[05:27:05] [spechunter] [Grep] pattern='eidelivery|eip\\b|eie\\b|eithreshold|eipk|eiek'
[05:27:05] [spechunter] [Grep] pattern='xtopei|xacliciprio|xaclicsourcecfg'
[05:27:05] [spechunter] [Grep] pattern='setip|setie|in_clrip|clrie'
[05:27:05] [spechunter] [Grep] pattern='eidelivery|eip\\b|eie\\b|eithreshold|eipk|eiek'
[05:27:05] [spechunter] [Grep] pattern='eidelivery|eip\\b|eie\\b|eithreshold|eipk|eiek'
[05:27:05] [spechunter] [Grep] pattern='eidelivery|eip\\b|eie\\b|eithreshold|eipk|eiek'
[05:27:11] [spechunter] [Read] /home/yzs/riscv/linux/drivers/irqchip/irq-riscv-imsic-state.c
[05:27:11] [spechunter] [Read] /home/yzs/riscv/linux/include/linux/irqchip/riscv-imsic.h
[05:27:11] [spechunter] [Read] /home/yzs/riscv/linux/arch/riscv/kvm/aia_imsic.c
[05:27:14] [spechunter] [text] Let me read the key source files to get precise line numbers
[05:27:14] [spechunter] [Read] /home/yzs/riscv/opensbi/lib/sbi/sbi_hsm.c
[05:27:14] [spechunter] [Read] /home/yzs/riscv/opensbi/lib/sbi/sbi_hsm.c
[05:27:14] [spechunter] [Read] /home/yzs/riscv/opensbi/lib/sbi/sbi_hsm.c
[05:27:14] [spechunter] [Read] /home/yzs/riscv/opensbi/lib/sbi/sbi_hart.c
[05:27:14] [spechunter] [Read] /home/yzs/riscv/opensbi/lib/sbi/sbi_init.c
[05:27:22] [spechunter] [Grep] pattern='xireg'
[05:27:22] [spechunter] [Read] /home/yzs/riscv/qemu/target/riscv/cpu_bits.h
[05:27:22] [spechunter] [Read] /home/yzs/riscv/qemu/hw/intc/riscv_imsic.c
[05:27:22] [spechunter] [Read] /home/yzs/riscv/qemu/hw/intc/riscv_imsic.c
[05:27:22] [spechunter] [Read] /home/yzs/riscv/qemu/hw/intc/riscv_imsic.c
[05:27:22] [spechunter] [Read] /home/yzs/riscv/qemu/hw/intc/riscv_aplic.c
[05:27:22] [spechunter] [Read] /home/yzs/riscv/qemu/hw/intc/riscv_aplic.c
[05:27:22] [spechunter] [Read] /home/yzs/riscv/qemu/hw/intc/riscv_aplic.c
[05:27:22] [spechunter] [Read] /home/yzs/riscv/qemu/hw/intc/riscv_aplic.c
[05:27:22] [spechunter] [Read] /home/yzs/riscv/qemu/hw/intc/riscv_aplic.c
[05:27:22] [spechunter] [Read] /home/yzs/riscv/qemu/include/hw/intc/riscv_imsic.h
[05:27:22] [spechunter] [Read] /home/yzs/riscv/qemu/include/hw/intc/riscv_aplic.h
[05:27:22] [spechunter] [Read] /home/yzs/riscv/qemu/target/riscv/csr.c
[05:27:22] [spechunter] [Grep] pattern='smidctrl|ssidctrl|SMIDCTRL|SSIDCTRL'
[05:27:22] [spechunter] [Read] /home/yzs/riscv/opensbi/include/sbi/sbi_hart.h
[05:27:22] [spechunter] [Grep] pattern='aclic|ACLIC'
[05:27:22] [spechunter] [Grep] pattern='aclic|ACLIC'
[05:27:32] [spechunter] [Grep] pattern='xtopei|xacliciprio|xaclicsourcecfg'
[05:27:32] [spechunter] [Grep] pattern='eipk|eiek'
[05:27:32] [spechunter] [Grep] pattern='in_clrip|in_clrip|inclrip'
[05:27:32] [spechunter] [Grep] pattern='SETIP|SETIE|CLRIE'
[05:27:32] [spechunter] [Grep] pattern='IMSIC_MMIO_SETIPNUM|IMSIC_MMIO_SETIENUM'
[05:27:32] [spechunter] [Grep] pattern='eidelivery.*0x[01]|CSR_IEIDELIVERY|riscv_imsic_eidelivery|switch.*delivery.mode|imsic.*probe.*eidelivery|aplic.*probe.*eidelivery|case 0x40000000|readl.*IEIDELIVERY|writel.*IEIDELIVERY'
[05:27:34] [spechunter] [text] Now let me search for the APLIC side and the eidelivery mode switching logic.  
[05:27:34] [spechunter] [Grep] pattern='eidelivery|EIDELIVERY'
[05:27:34] [spechunter] [Grep] pattern='eidelivery|EIDELIVERY'
[05:27:34] [spechunter] [Grep] pattern='eidelivery|EIDELIVERY'
[05:27:34] [spechunter] [Grep] pattern='0x40000000|IMSIC_DELIVERY|APLIC_DELIVERY|delivery_mode'
[05:27:44] [spechunter] [text] ```json {   "locations": [     {       "file_path": "target/riscv/cpu_bits.h",       "function_name": null,       "line_...
[05:27:45] [spechunter] [Glob] lib/**/hsm*
[05:27:45] [spechunter] [Glob] lib/**/Hsm*
[05:27:45] [spechunter] [Grep] pattern='hsm.*suspend|suspend.*hsm|sbi_hsm|HART_STATE_SUSPEND'
[05:27:45] [spechunter] [Grep] pattern='eip|eie|eithreshold|aclic|acliciprio|aclicsourcecfg|Smidctrl|Ssidctrl|mstateen|sstateen'
[05:27:45] [spechunter] [Grep] pattern='save.*restore|restore.*save|csr_save|csr_restore'
[05:27:47] [spechunter] [Read] /home/yzs/riscv/qemu/target/riscv/csr.c
[05:27:47] [spechunter] [Read] /home/yzs/riscv/qemu/target/riscv/csr.c
[05:27:47] [spechunter] [Read] /home/yzs/riscv/qemu/target/riscv/csr.c
[05:27:47] [spechunter] [Read] /home/yzs/riscv/qemu/target/riscv/csr.c
[05:27:47] [spechunter] [Read] /home/yzs/riscv/qemu/target/riscv/csr.c
[05:27:47] [spechunter] [Read] /home/yzs/riscv/qemu/target/riscv/csr.c
[05:27:47] [spechunter] [Read] /home/yzs/riscv/qemu/hw/intc/riscv_aplic.c
[05:27:55] [spechunter] [TodoWrite] 7 items
[05:27:56] [spechunter] [Grep] pattern='eidelivery|eithreshold|eip\\b|eie\\b|setip|setie|clrie'
[05:27:56] [spechunter] [Grep] pattern='eidelivery|eithreshold|eip\\b|eie\\b|setip|setie|clrie'
[05:27:56] [spechunter] [Grep] pattern='EIE|EIP|EIDELIVERY|EITHRESHOLD'
[05:27:56] [spechunter] [Grep] pattern='EIE|EIP|EIDELIVERY|EITHRESHOLD'
[05:27:56] [spechunter] [Grep] pattern='SETIP|SETIE|CLRIE|SETIPNUM|SETIENUM|CLRIENUM|EIDELIVERY|EITHRESHOLD'
[05:28:07] [spechunter] [Read] /home/yzs/riscv/opensbi/lib/sbi/sbi_hsm.c
[05:28:07] [spechunter] [Read] /home/yzs/riscv/opensbi/lib/sbi/sbi_domain_context.c
[05:28:07] [spechunter] [Read] /home/yzs/riscv/opensbi/lib/sbi/sbi_hart.c
[05:28:07] [spechunter] [Read] /home/yzs/riscv/opensbi/include/sbi/sbi_hart.h
[05:28:10] [spechunter] [Read] /home/yzs/riscv/linux/drivers/irqchip/irq-riscv-imsic-early.c
[05:28:10] [spechunter] [Read] /home/yzs/riscv/linux/drivers/irqchip/irq-riscv-imsic-platform.c
[05:28:10] [spechunter] [Read] /home/yzs/riscv/linux/drivers/irqchip/irq-riscv-aplic-main.c
[05:28:11] [spechunter] [text] ```json {   "locations": [     {       "file_path": "lib/sbi/sbi_hsm.c",       "function_name": "sbi_hsm_data (struct)",...
[05:28:13] [spechunter] [text] Let me get more details on the key files found and search for remaining entities
[05:28:13] [spechunter] [Read] /home/yzs/riscv/linux/include/linux/irqchip/riscv-imsic.h
[05:28:13] [spechunter] [Read] /home/yzs/riscv/linux/include/linux/irqchip/riscv-aplic.h
[05:28:13] [spechunter] [Read] /home/yzs/riscv/linux/arch/riscv/kvm/aia_imsic.c
[05:28:13] [spechunter] [Read] /home/yzs/riscv/linux/arch/riscv/kvm/aia_aplic.c
[05:28:16] [spechunter] [Read] /home/yzs/riscv/opensbi/lib/utils/hsm/fdt_hsm_sifive_tmc0.c
[05:28:16] [spechunter] [Read] /home/yzs/riscv/opensbi/lib/utils/hsm/fdt_hsm_spacemit.c
[05:28:16] [spechunter] [Read] /home/yzs/riscv/opensbi/lib/utils/suspend/fdt_suspend_andes_atcsmu.c
[05:28:16] [spechunter] [Read] /home/yzs/riscv/opensbi/lib/utils/suspend/fdt_suspend_sifive_smc0.c
[05:28:16] [spechunter] [Read] /home/yzs/riscv/opensbi/lib/utils/hsm/fdt_hsm_andes_atcsmu.c
[05:28:16] [spechunter] [Read] /home/yzs/riscv/opensbi/lib/utils/hsm/fdt_hsm_rpmi.c
[05:28:20] [spechunter] [text] Let me also check the irqchip driver files for the remaining entities
[05:28:20] [spechunter] [Read] /home/yzs/riscv/linux/drivers/irqchip/irq-riscv-imsic-state.c
[05:28:20] [spechunter] [Read] /home/yzs/riscv/linux/drivers/irqchip/irq-riscv-aplic-main.c
[05:28:28] [spechunter] [text] Let me also check the remaining files and search for the `xtopei` entity more broadly.  
[05:28:28] [spechunter] [Grep] pattern='TOPEI|topei'
[05:28:28] [spechunter] [Grep] pattern='CLRIP_BASE|CLRIPNUM|clrip'
[05:28:28] [spechunter] [Grep] pattern='imsic_local_delivery|imsic_csr_write|imsic_csr_read'
[05:28:30] [spechunter] [text] Now let me dive deeper into the APLIC direct mode and the affected CSRs.  
[05:28:30] [spechunter] [Read] /home/yzs/riscv/linux/drivers/irqchip/irq-riscv-aplic-direct.c
[05:28:30] [spechunter] [Read] /home/yzs/riscv/linux/drivers/irqchip/irq-riscv-imsic-state.h
[05:28:30] [spechunter] [Grep] pattern='idelivery|iforce|ithreshold'
[05:28:30] [spechunter] [Grep] pattern='aia_ireg_rmw_fn'
[05:28:30] [spechunter] [Grep] pattern='aia_ireg_rmw_fn'
[05:28:30] [spechunter] [Grep] pattern='ext_smaia|ext_ssaia'
[05:28:30] [spechunter] [Grep] pattern='eidelivery|eithreshold|eipk|eiek'
[05:28:30] [spechunter] [Grep] pattern='eidelivery|eithreshold|domaincfg'
[05:28:30] [spechunter] [Grep] pattern='eidelivery|eithreshold|domaincfg|xtopei|aclic'
[05:28:38] [spechunter] [Grep] pattern='ae350_non_ret_save'
[05:28:38] [spechunter] [Grep] pattern='saved_mie|saved_mip|saved_medeleg|saved_mideleg|saved_menvcfg'
[05:28:38] [spechunter] [Grep] pattern='CSR_.*EIP|CSR_.*EIE|CSR_.*EITHRESHOLD|CSR_MTOPI|CSR_STOPI|CSR_MTOPEI'
[05:28:38] [spechunter] [Grep] pattern='aclic|acliciprio|aclicsourcecfg|Smidctrl|Ssidctrl'
[05:28:42] [spechunter] [text] Now let me search for the CSR constants, the affected CSR register numbers, and the SMP/context-switch paths
[05:28:42] [spechunter] [Grep] pattern='IMSIC_EIDELIVERY|APLIC_IDC_IDELIVERY|EIDELIVERY|eidelivery'
[05:28:42] [spechunter] [Grep] pattern='CSR_ISELECT|CSR_IREG|CSR_VSISELECT|CSR_VSIREG|CSR_EIDELIVERY|CSR_EITHRESHOLD|CSR_TOPEI|CSR_HGEI[EP]'
[05:28:42] [spechunter] [Grep] pattern='APLIC_IDC_IDELIVERY|APLIC_IDC_ITHRESHOLD|APLIC_ENABLE_IDELIVERY|APLIC_DISABLE_IDELIVERY'
[05:28:47] [spechunter] [Read] /home/yzs/riscv/qemu/hw/intc/riscv_aplic.c
[05:28:47] [spechunter] [Read] /home/yzs/riscv/qemu/hw/intc/riscv_aplic.c
[05:28:47] [spechunter] [Read] /home/yzs/riscv/qemu/target/riscv/cpu_helper.c
[05:28:47] [spechunter] [Read] /home/yzs/riscv/qemu/target/riscv/cpu_helper.c
[05:28:47] [spechunter] [Read] /home/yzs/riscv/qemu/target/riscv/csr.c
[05:28:47] [spechunter] [Grep] pattern='eidelivery|eithreshold|domaincfg|xtopei|idelivery|iforce|ithreshold|IPRIO'
[05:28:47] [spechunter] [Grep] pattern='aplic|imsic|eidelivery|eithreshold|domaincfg'
[05:28:47] [spechunter] [Grep] pattern='KVM.*imsic|kvm.*aplic|riscv_kvm_aia|kvm_riscv_aia'
[05:28:50] [spechunter] [TodoWrite] 7 items
[05:28:59] [spechunter] [Read] /home/yzs/riscv/opensbi/platform/generic/include/andes/andes.h
[05:28:59] [spechunter] [Read] /home/yzs/riscv/opensbi/platform/generic/andes/ae350.c
[05:28:59] [spechunter] [Grep] pattern='CSR_MTOPI|CSR_STOPI|CSR_MTOPEI|CSR_MEIP|CSR_SEIP|CSR_MIEH|CSR_SIEH|CSR_MIPH|CSR_SIPH|CSR_MVIEN|CSR_MVIP|CSR_HVIPRIO'
[05:28:59] [spechunter] [Grep] pattern='SMSTATEEN|mstateen|sstateen|MSTATEEN'
[05:29:11] [spechunter] [Read] /home/yzs/riscv/linux/include/linux/irqchip/riscv-aplic.h
[05:29:11] [spechunter] [Grep] pattern='CSR_ISELECT|CSR_IREG|csr_write.*ISELECT|csr_read.*IREG|csr_write.*IREG|csr_set.*IREG|csr_clear.*IREG'
[05:29:11] [spechunter] [Grep] pattern='SxAIA|riscv_isa_extension_available.*SxAIA|HGEIE|HGEIP'
[05:29:12] [spechunter] [Read] /home/yzs/riscv/opensbi/include/sbi/sbi_hsm.h
[05:29:12] [spechunter] [Read] /home/yzs/riscv/opensbi/lib/sbi/sbi_ecall_hsm.c
[05:29:12] [spechunter] [Read] /home/yzs/riscv/opensbi/lib/sbi/sbi_init.c
[05:29:16] [spechunter] [text] Now let me search the INTC driver for eidelivery branching, KVM AIA code, and SMP-related context switch paths
[05:29:16] [spechunter] [Read] /home/yzs/riscv/linux/drivers/irqchip/irq-riscv-intc.c
[05:29:16] [spechunter] [Grep] pattern='eidelivery|EIDELIVERY|idelivery|IDELIVERY'
[05:29:19] [spechunter] [Grep] pattern='domaincfg|eidelivery|eithreshold|idelivery|iforce|ithreshold'
[05:29:19] [spechunter] [Grep] pattern='domaincfg|eidelivery|eithreshold|idelivery|iforce|ithreshold'
[05:29:19] [spechunter] [Grep] pattern='domaincfg|eidelivery|eithreshold|idelivery|iforce|ithreshold'
[05:29:19] [spechunter] [Grep] pattern='smstateen|SMSTATEEN0_SVSLCT'
[05:29:19] [spechunter] [Read] /home/yzs/riscv/qemu/target/riscv/csr.c
[05:29:19] [spechunter] [Read] /home/yzs/riscv/qemu/target/riscv/csr.c
[05:29:19] [spechunter] [Read] /home/yzs/riscv/qemu/target/riscv/csr.c
[05:29:24] [spechunter] [text] Now I have comprehensive results. Let me compile the final JSON.  The entities `eipk`, `eiek`, `xtopei`, `xacliciprio`, ...
[05:29:25] [spechunter] [text] Now let me search for ACLIC-specific references and the KVM AIA code paths.  
[05:29:25] [spechunter] [Grep] pattern='aclic|ACLIC|ACLINT'
[05:29:25] [spechunter] [Grep] pattern='kvm.*aia|aia.*mode|KVM_DEV_RISCV_AIA|kvm_riscv_aia'
[05:29:25] [spechunter] [Grep] pattern='CSR_TOPEI|TOPEI|topei|xtopei|XTOPEI'
[05:29:28] [spechunter] [Read] /home/yzs/riscv/opensbi/lib/sbi/sbi_init.c
[05:29:28] [spechunter] [Read] /home/yzs/riscv/opensbi/lib/sbi/sbi_irqchip.c
[05:29:28] [spechunter] [Grep] pattern='MSTATEEN0_|SSTATEEN0_|SMSTATEEN0_'
[05:29:42] [spechunter] [Read] /home/yzs/riscv/qemu/target/riscv/csr.c
[05:29:42] [spechunter] [Grep] pattern='csrind_or_aia_any|csrind_or_aia_smode|aia_any|aia_smode|csrind_any'
[05:29:42] [spechunter] [Grep] pattern='xiselect_cd_range|xiselect_ctr_range'
[05:29:42] [spechunter] [Grep] pattern='SMSTATEEN0_SVSLCT|SMSTATEEN0_IMSIC|SMSTATEEN0_AIA'
[05:29:42] [spechunter] [Read] /home/yzs/riscv/qemu/target/riscv/csr.c
[05:29:42] [spechunter] [Read] /home/yzs/riscv/qemu/target/riscv/csr.c
[05:29:44] [spechunter] [Read] /home/yzs/riscv/linux/arch/riscv/kvm/aia.c
[05:29:44] [spechunter] [Read] /home/yzs/riscv/linux/arch/riscv/include/asm/kvm_aia.h
[05:29:44] [spechunter] [Grep] pattern='imsic.*save|imsic.*restore|sstopei|stopei|istatus|IEH|ieh'
[05:29:44] [spechunter] [Grep] pattern='IMSIC_EIE|IMSIC_EIP|IMSIC_EITHRESHOLD|IMSIC_EIDELIVERY'
[05:29:50] [spechunter] [Grep] pattern='IMSIC'
[05:29:50] [spechunter] [Grep] pattern='SMSTATEEN_STATEN'
[05:29:52] [spechunter] [Read] /home/yzs/riscv/qemu/target/riscv/csr.c
[05:29:52] [spechunter] [Read] /home/yzs/riscv/qemu/target/riscv/cpu_bits.h
[05:29:52] [spechunter] [Read] /home/yzs/riscv/qemu/target/riscv/kvm/kvm-cpu.c
[05:29:52] [spechunter] [Read] /home/yzs/riscv/qemu/target/riscv/csr.c
[05:29:52] [spechunter] [Read] /home/yzs/riscv/qemu/target/riscv/csr.c
[05:29:52] [spechunter] [Read] /home/yzs/riscv/qemu/target/riscv/csr.c
[05:30:24] [spechunter] [text] Now let me look at the SMP boot paths, CSRs, and the KVM vcpu context switch code for eidelivery interactions
[05:30:24] [spechunter] [Grep] pattern='kvm_riscv_vcpu_aia_load|kvm_riscv_vcpu_aia_put|kvm_riscv_vcpu_aia_update'
[05:30:24] [spechunter] [Grep] pattern='imsic_starting_cpu|imsic_dying_cpu|imsic_hw_states_init|imsic_local_delivery|imsic_handle_irq'
[05:30:24] [spechunter] [Grep] pattern='csr_write.*IREG|csr_read.*IREG|csr_set.*IREG|csr_clear.*IREG|csr_swap.*IREG|csr_write.*ISELECT|csr_read.*ISELECT'
[05:30:35] [spechunter] [text] Prompt is too long
[05:30:35] [spechunter] [Read] /home/yzs/riscv/qemu/target/riscv/csr.c
[05:30:35] [spechunter] [Grep] pattern='eipk|eiek'
[05:30:35] [spechunter] [Grep] pattern='ISELECT_IMSIC_EIP0|ISELECT_IMSIC_EIE0'
[05:30:35] [spechunter] [Read] /home/yzs/riscv/qemu/target/riscv/csr.c
[05:30:35] [spechunter] [Grep] pattern='migrat|vmstate|register_savevm'
[05:30:35] [spechunter] [Grep] pattern='eidelivery|eithreshold|domaincfg|idelivery|iforce|ithreshold'
[05:30:35] [spechunter] [Grep] pattern='eidelivery|eithreshold|domaincfg|idelivery|iforce|ithreshold'
[05:30:49] [spechunter] [Read] /home/yzs/riscv/qemu/target/riscv/machine.c
[05:30:49] [spechunter] [Grep] pattern='mstateen|hstateen|sstateen|miselect|siselect|vsiselect'
[05:30:49] [spechunter] [Read] /home/yzs/riscv/qemu/target/riscv/cpu.h
[05:30:49] [spechunter] [Grep] pattern='miselect|siselect|vsiselect|miprio|siprio|hviprio'
[05:30:49] [spechunter] [Grep] pattern='riscv_imsic_rmw'
[05:30:49] [spechunter] [Read] /home/yzs/riscv/qemu/hw/intc/riscv_imsic.c
[05:31:09] [spechunter] [Read] /home/yzs/riscv/qemu/target/riscv/cpu.h
[05:31:09] [spechunter] [Read] /home/yzs/riscv/qemu/target/riscv/machine.c
[05:31:09] [spechunter] [Read] /home/yzs/riscv/qemu/target/riscv/machine.c
[05:31:09] [spechunter] [Read] /home/yzs/riscv/qemu/target/riscv/kvm/kvm-cpu.c
[05:31:09] [spechunter] [Read] /home/yzs/riscv/qemu/hw/intc/riscv_imsic.c
[05:31:09] [spechunter] [Grep] pattern='riscv_aplic_request|riscv_kvm_aplic_request'
[05:31:09] [spechunter] [Read] /home/yzs/riscv/qemu/target/riscv/csr.c
[05:31:10] [spechunter] [text] Excellent. Let me now verify the key findings by reading the critical files directly
[05:31:10] [spechunter] [Read] /home/yzs/riscv/opensbi/lib/sbi/sbi_hsm.c
[05:31:10] [spechunter] [Read] /home/yzs/riscv/opensbi/lib/sbi/sbi_hsm.c
[05:31:10] [spechunter] [Read] /home/yzs/riscv/opensbi/lib/sbi/sbi_hsm.c
[05:31:20] [spechunter] [text] Now let me check the warmboot resume path and the mstatus_init for mstateen/sstateen handling
[05:31:20] [spechunter] [Read] /home/yzs/riscv/opensbi/lib/sbi/sbi_init.c
[05:31:20] [spechunter] [Read] /home/yzs/riscv/opensbi/lib/sbi/sbi_hart.c
[05:31:20] [spechunter] [Grep] pattern='CSR_MSTATEEN0_AIA|CSR_MSTATEEN0_IMSIC|SMSTATEEN0_AIA|SMSTATEEN0_IMSIC|macliciprio|maclicsourcecfg|sacliciprio|saclicsourcecfg|aclic'
[05:31:26] [spechunter] [Grep] pattern='APLIC_IDC_BASE|APLIC_IDC_SIZE|APLIC_IDC_IDELIVERY|APLIC_IDC_IFORCE|APLIC_IDC_ITHRESHOLD|APLIC_IDC_TOPI|APLIC_IDC_CLAIMI'
[05:31:26] [spechunter] [Grep] pattern='csrind_or_aia_extensions_present|csrind_extensions_present'
[05:31:26] [spechunter] [Read] /home/yzs/riscv/qemu/hw/intc/riscv_aplic.c
[05:31:26] [spechunter] [Read] /home/yzs/riscv/qemu/hw/intc/riscv_imsic.c
[05:31:38] [spechunter] [text] Let me also check for AIA CSR save/restore patterns and the hart feature detection
[05:31:38] [spechunter] [Grep] pattern='eip|eie|eithreshold|hviprio|stopi|mtopi|mvi|mvip|mieh|miph|siph|sieh'
[05:31:38] [spechunter] [Grep] pattern='aclic|Smidctrl|Ssidctrl|xacliciprio|xaclicsourcecfg'
[05:31:38] [spechunter] [Read] /home/yzs/riscv/opensbi/lib/sbi/sbi_hart.c
[05:31:41] [spechunter] [Grep] pattern='CSR_MTOPEI|CSR_STOPEI|CSR_VSTOPEI|CSR_MIREG|CSR_SIREG|CSR_VSIREG'
[05:31:41] [spechunter] [Grep] pattern='APLIC_DOMAINCFG_DM'
[05:31:41] [spechunter] [Read] /home/yzs/riscv/qemu/hw/intc/riscv_imsic.c
[05:31:41] [spechunter] [Grep] pattern='aia_ireg_rmw_fn|riscv_imsic_rmw'
[05:32:11] [spechunter] [text] Let me check for the hart extensions enum and any existing ACLIC-related #defines
[05:32:11] [spechunter] [Grep] pattern='SBI_HART_EXT_SMAIA|SBI_HART_EXT_SMACLIC|SBI_HART_EXT_SSACLIC|SMSTATEEN0_ACLIC'
[05:32:11] [spechunter] [Read] /home/yzs/riscv/opensbi/include/sbi/sbi_hart.h
[05:32:11] [spechunter] [text] I'll cross-validate the locations against the PR title "Rework aclic structure" with an empty body. The likely meaning i...
[05:32:11] [spechunter] [Grep] pattern='aclic'
[05:32:11] [spechunter] [Grep] pattern='struct\\s+aclic|aclic_struct|aclic_reg'
[05:32:28] [spechunter] [Grep] pattern='struct\\s+aplic\\b'
[05:32:28] [spechunter] [Grep] pattern='struct\\s+imsic\\b'
[05:32:43] [spechunter] [Read] /home/yzs/riscv/linux/arch/riscv/kvm/aia_aplic.c
[05:32:43] [spechunter] [Read] /home/yzs/riscv/linux/arch/riscv/kvm/aia_imsic.c
[05:32:48] [spechunter] [Read] /home/yzs/riscv/opensbi/include/sbi/sbi_hart.h
[05:32:48] [spechunter] [Grep] pattern='eidelivery|eip|eie|eithreshold|hviprio|MVIP|MVIEN|CSR_MTOPI|CSR_STOPI|CSR_MTOPEI'
[05:32:48] [spechunter] [Read] /home/yzs/riscv/opensbi/lib/sbi/sbi_domain_context.c
[05:33:16] [spechunter] [text] Now let me check the existing spec file area for ACLIC-related specs and look at what CSR save loops exist in the platfo...
[05:33:16] [spechunter] [Glob] **/aclic*
[05:33:16] [spechunter] [Grep] pattern='non_ret_save|non_ret_restore|suspend_non_ret'
[05:33:16] [spechunter] [Grep] pattern='non_ret_save|non_ret_restore|suspend_non_ret'
[05:33:22] [spechunter] [Read] /home/yzs/riscv/opensbi/platform/generic/andes/ae350.c
[05:33:22] [spechunter] [Read] /home/yzs/riscv/opensbi/platform/generic/include/andes/andes.h
[05:33:22] [spechunter] [Read] /home/yzs/riscv/opensbi/lib/sbi/sbi_trap.c
[05:33:45] [spechunter] [text] Now let me verify the exact line ranges of the key struct definitions and confirm structure.  
[05:33:45] [spechunter] [Read] /home/yzs/riscv/linux/arch/riscv/kvm/aia_imsic.c
[05:33:45] [spechunter] [Read] /home/yzs/riscv/linux/arch/riscv/kvm/aia_aplic.c
[05:34:06] [spechunter] [text] Let me check for any existing indirect CSR access patterns in the codebase.  
[05:34:06] [spechunter] [Grep] pattern='hviprio|MVIP|MVIEN|VIPRIO|IPRIO'
[05:34:06] [spechunter] [Grep] pattern='sourcecfg|source_cfg|SETIP|setip|CLRIP|clrip'
[05:34:15] [spechunter] [text] Let me also check the locations directory for reference on expected output format and look at the spec file  
[05:34:15] [spechunter] [Bash] List locations directory
[05:34:15] [spechunter] [Grep] pattern='aclic|smidctrl|ssidctrl|midctrl|sidctrl'
[05:34:15] [spechunter] [text] Let me verify the key locations by reading the actual source files.  
[05:34:15] [spechunter] [Read] /home/yzs/riscv/qemu/hw/intc/riscv_imsic.c
[05:34:15] [spechunter] [Read] /home/yzs/riscv/qemu/hw/intc/riscv_aplic.c
[05:34:15] [spechunter] [Read] /home/yzs/riscv/qemu/hw/intc/riscv_aplic.c
[05:34:15] [spechunter] [Read] /home/yzs/riscv/qemu/target/riscv/csr.c
[05:34:29] [spechunter] [Read] /home/yzs/riscv/qemu/hw/intc/riscv_imsic.c
[05:34:29] [spechunter] [Read] /home/yzs/riscv/qemu/hw/intc/riscv_aplic.c
[05:34:29] [spechunter] [Read] /home/yzs/riscv/qemu/target/riscv/csr.c
[05:34:31] [spechunter] [Read] /home/yzs/riscv/opensbi/locations/pmp_sfence_vma_audit.json
[05:34:31] [spechunter] [Read] /home/yzs/riscv/opensbi/semantic_finding_aclic_mstateen.json
[05:34:35] [spechunter] [text] Let me also check the APLIC realize init and IDC register paths
[05:34:35] [spechunter] [Read] /home/yzs/riscv/qemu/hw/intc/riscv_aplic.c
[05:34:35] [spechunter] [Read] /home/yzs/riscv/qemu/hw/intc/riscv_aplic.c
[05:34:35] [spechunter] [Read] /home/yzs/riscv/qemu/hw/intc/riscv_aplic.c
[05:34:37] [spechunter] [text] Let me also check the system suspend path and verify the `mstatus_init` calling path during warmboot more carefully.  
[05:34:37] [spechunter] [Read] /home/yzs/riscv/opensbi/lib/sbi/sbi_system.c
[05:34:37] [spechunter] [Grep] pattern='suspend|non_ret|suspend_non_ret'
[05:34:41] [spechunter] [Read] /home/yzs/riscv/opensbi/lib/sbi/sbi_system.c
[05:34:46] [spechunter] [Read] /home/yzs/riscv/qemu/hw/intc/riscv_aplic.c
[05:34:46] [spechunter] [Read] /home/yzs/riscv/qemu/hw/intc/riscv_aplic.c
[05:34:46] [spechunter] [Read] /home/yzs/riscv/qemu/hw/intc/riscv_aplic.c
[05:34:46] [spechunter] [Read] /home/yzs/riscv/qemu/target/riscv/cpu_bits.h
[05:35:02] [spechunter] [text] Now let me check the KVM paths and the IDC read for idelivery.  
[05:35:02] [spechunter] [Read] /home/yzs/riscv/qemu/target/riscv/kvm/kvm-cpu.c
[05:35:02] [spechunter] [Read] /home/yzs/riscv/qemu/include/hw/intc/riscv_imsic.h
[05:35:02] [spechunter] [Read] /home/yzs/riscv/qemu/include/hw/intc/riscv_aplic.h
[05:35:05] [spechunter] [text] Now I have a thorough understanding of the codebase. Let me update my progress and write the output.  
[05:35:05] [spechunter] [TodoWrite] 4 items
[05:35:11] [spechunter] [text] Let me also check the IMSIC RMW dispatch and the xtopei handler in the IMSIC file.  
[05:35:11] [spechunter] [Read] /home/yzs/riscv/qemu/hw/intc/riscv_imsic.c
[05:35:11] [spechunter] [Read] /home/yzs/riscv/qemu/hw/intc/riscv_imsic.c
[05:35:18] [spechunter] [text] Now let me verify the CSR table registrations for completeness.  
[05:35:18] [spechunter] [Read] /home/yzs/riscv/qemu/hw/intc/riscv_aplic.c
[05:35:18] [spechunter] [Grep] pattern='CSR_MIREG|CSR_SIREG|CSR_VSIREG|CSR_MTOPEI|CSR_STOPEI|CSR_VSTOPEI'
[05:36:10] [spechunter] [text] Now I have a clear picture. "aclic" does not exist in the kernel source — it's very likely a typo for "aplic" given the ...
[05:36:27] [spechunter] [Grep] pattern='eidelivery|CSR_IEIDELIVERY|riscv_imsic_eidelivery|IEIDELIVERY'
[05:36:27] [spechunter] [Grep] pattern='aclic|ACLIC'
[05:36:27] [spechunter] [Glob] **/irq-riscv-imsic*
[05:36:27] [spechunter] [Glob] **/irq-riscv-aplic*
[05:36:32] [spechunter] [text] Now I have all the data to compile the JSON report.  ```json {   "target": "qemu",   "violation": "QEMU emulates Smidctr...
[05:36:40] [spechunter] [Read] /home/yzs/riscv/linux/drivers/irqchip/irq-riscv-imsic-state.c
[05:36:40] [spechunter] [Read] /home/yzs/riscv/linux/drivers/irqchip/irq-riscv-imsic-early.c
[05:36:40] [spechunter] [Read] /home/yzs/riscv/linux/drivers/irqchip/irq-riscv-imsic-platform.c
[05:36:57] [spechunter] [text] Now let me read the APLIC driver files and the IMSIC state header, and check for more eidelivery-related patterns.  
[05:36:57] [spechunter] [Read] /home/yzs/riscv/linux/drivers/irqchip/irq-riscv-imsic-state.h
[05:36:57] [spechunter] [Read] /home/yzs/riscv/linux/drivers/irqchip/irq-riscv-aplic-main.c
[05:36:57] [spechunter] [Grep] pattern='IMSIC_EIDELIVERY|IMSIC_EITHRESHOLD'
[05:37:05] [spechunter] [text] Let me validate the fast-path locations against the actual code
[05:37:05] [spechunter] [Read] /home/yzs/riscv/qemu/target/riscv/cpu_bits.h
[05:37:05] [spechunter] [Read] /home/yzs/riscv/qemu/hw/intc/riscv_imsic.c
[05:37:05] [spechunter] [Read] /home/yzs/riscv/qemu/hw/intc/riscv_imsic.c
[05:37:05] [spechunter] [Read] /home/yzs/riscv/qemu/include/hw/intc/riscv_imsic.h
[05:37:10] [spechunter] [text] Now I have a comprehensive picture. Let me write the findings JSON.  
[05:37:10] [spechunter] [Write] /home/yzs/riscv/opensbi/semantic_finding_aclic_hsm_suspend.json
[05:37:14] [spechunter] [Read] /home/yzs/riscv/linux/include/linux/irqchip/riscv-imsic.h
[05:37:14] [spechunter] [Read] /home/yzs/riscv/linux/drivers/irqchip/irq-riscv-aplic-direct.c
[05:37:14] [spechunter] [Read] /home/yzs/riscv/linux/drivers/irqchip/irq-riscv-aplic-msi.c
[05:37:25] [spechunter] [TodoWrite] 4 items
[05:37:27] [spechunter] [text] Now let me verify the CSR-related locations
[05:37:27] [spechunter] [Read] /home/yzs/riscv/qemu/target/riscv/csr.c
[05:37:27] [spechunter] [Read] /home/yzs/riscv/qemu/target/riscv/csr.c
[05:37:27] [spechunter] [Read] /home/yzs/riscv/qemu/target/riscv/csr.c
[05:37:27] [spechunter] [Read] /home/yzs/riscv/qemu/target/riscv/csr.c
[05:37:33] [spechunter] [text] Let me also check the KVM aia_imsic driver for the eidelivery handling, and look at the ACLIC spec reference docs.  
[05:37:33] [spechunter] [Read] /home/yzs/riscv/linux/arch/riscv/kvm/aia_imsic.c
[05:37:33] [spechunter] [Read] /home/yzs/riscv/linux/drivers/irqchip/irq-riscv-aplic-main.h
[05:37:33] [spechunter] [Bash] List spec reference directories
[05:37:40] [spechunter] [Grep] pattern='static RISCVException aia_smode'
[05:37:40] [spechunter] [Grep] pattern='static RISCVException aia_hmode'
[05:37:40] [spechunter] [Read] /home/yzs/riscv/qemu/target/riscv/csr.c
[05:37:40] [spechunter] [Read] /home/yzs/riscv/qemu/target/riscv/csr.c
[05:37:44] [spechunter] [Grep] pattern='eidelivery|eithreshold|EIDELIVERY|EITHRESHOLD'
[05:37:44] [spechunter] [Bash] List spec manual files
[05:37:49] [spechunter] [Read] /home/yzs/riscv/qemu/target/riscv/csr.c
[05:37:49] [spechunter] [Read] /home/yzs/riscv/qemu/target/riscv/cpu_helper.c
[05:37:49] [spechunter] [Read] /home/yzs/riscv/qemu/target/riscv/cpu.c
[05:37:49] [spechunter] [text] Findings written to `semantic_finding_aclic_hsm_suspend.json`. Here's a summary of the semantic analysis:  ## Core gap  ...
[05:37:51] [spechunter] [Grep] pattern='eidelivery|eithreshold|EIDELIVERY|EITHRESHOLD'
[05:37:51] [spechunter] [Read] /home/yzs/riscv/linux/tmp/aclic_violation_report.json
[05:37:57] [spechunter] [text] Now let me also look at the spec for the eidelivery delivery mode values and how the IMSIC code handles eidelivery for A...
[05:37:57] [spechunter] [Grep] pattern='eidelivery|EIDELIVERY|eithreshold|EITHRESHOLD'
[05:37:57] [spechunter] [Grep] pattern='eidelivery|eithreshold'
[05:38:11] [spechunter] [text] Let me check what the actual PR is about by looking at the diff and the branch.  
[05:38:11] [spechunter] [Bash] Check recent commit diffs
[05:38:11] [spechunter] [Bash] Check recent commits
[05:38:11] [spechunter] [Bash] Show current branch
[05:38:12] [spechunter] [TodoWrite] 3 items
[05:38:17] [spechunter] [Bash] Show the actual PR diff
[05:38:17] [spechunter] [Bash] Show diff for modified files only
[05:38:18] [spechunter] [Grep] pattern='eidelivery'
[05:38:18] [spechunter] [Grep] pattern='eidelivery|EIDELIVERY'
[05:38:25] [spechunter] [Read] /home/yzs/riscv/opensbi/lib/sbi/sbi_hsm.c
[05:38:25] [spechunter] [Read] /home/yzs/riscv/opensbi/lib/sbi/sbi_hsm.c
[05:38:25] [spechunter] [Read] /home/yzs/riscv/opensbi/lib/sbi/sbi_hsm.c
[05:38:25] [spechunter] [Read] /home/yzs/riscv/opensbi/lib/sbi/sbi_init.c
[05:38:39] [spechunter] [text] Now I have the actual PR. Let me look at the relevant context for the real changes.  
[05:38:39] [spechunter] [Read] /home/yzs/riscv/qemu/target/riscv/csr.c
[05:38:39] [spechunter] [Grep] pattern='MENVCFG_CDE'
[05:38:39] [spechunter] [Read] /home/yzs/riscv/qemu/hw/riscv/riscv-iommu.c
[05:38:39] [spechunter] [Grep] pattern='RISCV_IOMMU_DC_IOHGATP_MODE_BARE'
[05:38:44] [spechunter] [Read] /home/yzs/riscv/rv-isa-sec/spec_ref/riscv-isa-manual/src/priv/csrs.adoc
[05:38:46] [spechunter] [Read] /home/yzs/riscv/opensbi/lib/sbi/sbi_hart.c
[05:38:46] [spechunter] [Read] /home/yzs/riscv/opensbi/lib/sbi/sbi_hart.c
[05:38:46] [spechunter] [Read] /home/yzs/riscv/opensbi/include/sbi/sbi_hart.h
[05:39:13] [spechunter] [text] Now I have the full picture. Let me verify a few more line numbers for the actually relevant locations.  
[05:39:13] [spechunter] [Grep] pattern='SCOUNTINHIBIT'
[05:39:13] [spechunter] [Grep] pattern='MENVCFG_CDE'
[05:39:13] [spechunter] [Grep] pattern='RISCV_IOMMU_DC_MSIPTP_MODE|RISCV_IOMMU_DC_MSIPTP'
[05:39:13] [spechunter] [Grep] pattern='riscv_iommu_validate_device_ctx'
[05:39:24] [spechunter] [Read] /home/yzs/riscv/qemu/hw/riscv/riscv-iommu.c
[05:39:44] [spechunter] [text] Now let me look at the AIA-specific spec and how the IMSIC code probes/detects the eidelivery delivery mode.  
[05:39:44] [spechunter] [Grep] pattern='delivery.mode|0x40000000|0x20000000|eidelivery.*0x[01]'
[05:39:44] [spechunter] [Grep] pattern='siselect|SISELECT|CSR_SISELECT|eidelivery'
[05:40:03] [spechunter] [text] Now I have the full picture. Let me analyze this carefully.  **PR actual changes** (from git diff): 1. `target/riscv/csr...
[05:40:25] [spechunter] [text] Now let me look at the KVM code path that checks eidelivery as a condition, and the IMSIC probe/setup path more carefull...
[05:40:25] [spechunter] [Read] /home/yzs/riscv/linux/arch/riscv/kvm/aia_imsic.c
[05:40:25] [spechunter] [Read] /home/yzs/riscv/linux/arch/riscv/kvm/aia_imsic.c
[05:40:25] [spechunter] [Read] /home/yzs/riscv/linux/arch/riscv/kvm/aia_imsic.c
[05:40:31] [spechunter] [text] I'll start by searching for the relevant code locations related to eidelivery, domaincfg, and ACLIC emulation in the QEM...
[05:40:31] [spechunter] [Grep] pattern='eidelivery'
[05:40:31] [spechunter] [Grep] pattern='domaincfg'
[05:40:31] [spechunter] [Grep] pattern='smidctrl|ssidctrl|smaclic|ssaclic'
[05:40:31] [spechunter] [Grep] pattern='aclic'
[05:40:43] [spechunter] [Grep] pattern='eidelivery|eithreshold|eie'
[05:40:43] [spechunter] [Grep] pattern='eidelivery|eithreshold|eie'
[05:40:43] [spechunter] [Grep] pattern='domaincfg|DM|delivery'
[05:40:58] [spechunter] [Read] /home/yzs/riscv/qemu/hw/intc/riscv_imsic.c
[05:40:58] [spechunter] [Read] /home/yzs/riscv/qemu/hw/intc/riscv_imsic.c
[05:40:58] [spechunter] [Read] /home/yzs/riscv/qemu/hw/intc/riscv_aplic.c
[05:40:58] [spechunter] [Read] /home/yzs/riscv/qemu/hw/intc/riscv_imsic.c
[05:41:02] [spechunter] [text] Now let me verify the encoding header and check for any ACLIC-related references in the codebase.  
[05:41:02] [spechunter] [Read] /home/yzs/riscv/opensbi/include/sbi/riscv_encoding.h
[05:41:02] [spechunter] [Grep] pattern='aclic|ACLIC|smaia|SMAIA|Smaclic|SMACLIC|Ssaclic|SSACLIC|maclic|saclic|eidelivery|sourcecfg|iprio'
[05:41:02] [spechunter] [Grep] pattern='mscratch|mepc|mcause|mtval|smidctrl|ssidctrl|IMSIC'
[05:41:33] [spechunter] [Grep] pattern='ISELECT_IMSIC|IMSIC_MAX_ID|IMSIC_EIDELIVERY'
[05:41:33] [spechunter] [Grep] pattern='APLIC_DOMAINCFG'
[05:41:35] [spechunter] [Read] /home/yzs/riscv/opensbi/semantic_finding_aclic_hsm_suspend.json
[05:41:35] [spechunter] [Read] /home/yzs/riscv/opensbi/semantic_finding_aclic_mstateen.json
[05:41:37] [spechunter] [Grep] pattern='imsic_csr_read.*EIDELIVERY|csr_read.*IREG.*eidelivery|read.*eidelivery'
[05:41:37] [spechunter] [Grep] pattern='0x40000000|0x20000000'
[05:41:37] [spechunter] [Grep] pattern='SxAIA.*available|riscv_isa_extension.*AIA'
[05:41:42] [spechunter] [Glob] **/riscv_imsic*
[05:41:42] [spechunter] [Glob] **/riscv_aplic*
[05:41:46] [spechunter] [Read] /home/yzs/riscv/qemu/include/hw/intc/riscv_imsic.h
[05:41:46] [spechunter] [Read] /home/yzs/riscv/qemu/include/hw/intc/riscv_aplic.h
[05:41:52] [spechunter] [Grep] pattern='APLIC_DOMAINCFG|APLIC_DOMAINCFG_IE|APLIC_DOMAINCFG_RDONLY|APLIC_DOMAINCFG_DM|ISELECT_IMSIC|IMSIC_MAX_ID|IMSIC_EISTATE_ENPEND'
[05:41:56] [spechunter] [Grep] pattern='aclic|ACLIC|Ssaclic|Smaclic'
[05:41:56] [spechunter] [Grep] pattern='eidelivery.*description|description.*eidelivery|delivery.mode|eidelivery.*0x'
[05:42:03] [spechunter] [Read] /home/yzs/riscv/rv-isa-sec/spec_ref/riscv-fast-interrupt/src/aclic.adoc
[05:42:04] [spechunter] [Grep] pattern='aclic|ACLIC|smidctrl|ssidctrl|Smidctrl|Ssidctrl'
[05:42:04] [spechunter] [Grep] pattern='ISELECT_IMSIC_EIDELIVERY|ISELECT_IMSIC_EITHRESHOLD|IMSIC_MAX_ID|IMSIC_EISTATE_ENPEND|IMSIC_TOPEI_IID_MASK'
[05:42:04] [spechunter] [text] Let me also check additional locations mentioned in the semantic findings
[05:42:04] [spechunter] [Grep] pattern='non_ret_save|non_ret_restore|suspend_non_ret'
[05:42:04] [spechunter] [Grep] pattern='sbi_trap_aia_irq|nonaia_irq|SBI_HART_EXT_SMAIA'
[05:42:04] [spechunter] [Grep] pattern='domain_context.*save|domain_context.*restore|sbi_domain_context'
[05:42:06] [spechunter] [Read] /home/yzs/riscv/qemu/hw/intc/riscv_imsic.c
[05:42:12] [spechunter] [text] Now let me look at the CSR-side handling of eidelivery and eithreshold in the TCG CPU code
[05:42:12] [spechunter] [Grep] pattern='ISELECT_IMSIC|IMSIC_TOPEI_IID_MASK'
[05:42:17] [spechunter] [Read] /home/yzs/riscv/qemu/target/riscv/csr.c
[05:42:17] [spechunter] [Read] /home/yzs/riscv/qemu/target/riscv/cpu_bits.h
[05:42:37] [spechunter] [Read] /home/yzs/riscv/opensbi/lib/sbi/sbi_trap.c
[05:42:37] [spechunter] [Read] /home/yzs/riscv/opensbi/lib/sbi/sbi_domain_context.c
[05:42:37] [spechunter] [Read] /home/yzs/riscv/opensbi/platform/generic/andes/ae350.c
[05:42:55] [spechunter] [text] Now let me check the spec documents for the ACLIC/eidelivery requirements.  
[05:42:55] [spechunter] [Bash] List spec reference directories
[05:43:01] [spechunter] [Grep] pattern='aclic|eidelivery.*0x20000000|eidelivery.*fixed|eidelivery.*read.only'
[05:43:01] [spechunter] [Bash] List spec ref files
[05:43:08] [spechunter] [Grep] pattern='aclic|smidctrl|ssidctrl'
[05:43:08] [spechunter] [Grep] pattern='eidelivery|eithreshold'
[05:43:20] [spechunter] [Bash] Check current branch commits and diff
[05:43:20] [spechunter] [Grep] pattern='eidelivery|eithreshold'
[05:43:30] [spechunter] [Read] /home/yzs/riscv/rv-isa-sec/spec_ref/riscv-isa-manual/src/priv/csrs.adoc
[05:43:33] [spechunter] [TodoWrite] 3 items
[05:43:35] [spechunter] [text] Now I have all the information needed. Let me synthesize the analysis.  
[05:43:35] [spechunter] [Read] /home/yzs/riscv/rv-isa-sec/spec_ref/riscv-fast-interrupt/src/aclic.adoc
[05:43:41] [spechunter] [text] Now let me do a final sweep to check for any existing ACLIC references in the actual code:  
[05:43:41] [spechunter] [Grep] pattern='aclic|ACLIC|Smaclic|Ssaclic|SMACLIC|SSACLIC'
[05:43:41] [spechunter] [Grep] pattern='macliciprio|maclicsourcecfg|sacliciprio|saclicsourcecfg'
[05:43:41] [spechunter] [Grep] pattern='smidctrl|ssidctrl|SMIDCTRL|SSIDCTRL'
[05:44:15] [spechunter] [TodoWrite] 3 items
[05:44:22] [spechunter] [text] Let me do a broader search for any ACLIC-related implementation, including in the machine init code.  
[05:44:22] [spechunter] [Grep] pattern='smidctrl|ssidctrl|smaclic|ssaclic|aclic|SMIDCTRL|SSIDCTRL|SMACLIC|SSACLIC'
[05:44:22] [spechunter] [Grep] pattern='0x20000000'
[05:44:22] [spechunter] [Grep] pattern='0x20000000'
[05:44:31] [spechunter] [text] Let me search more specifically for delivery mode handling and the DM field.  
[05:44:31] [spechunter] [Grep] pattern='DM.*=.*2|delivery.*mode|APLIC_DOMAINCFG_DM|domaincfg.*DM'
[05:44:31] [spechunter] [Grep] pattern='DM.*=.*2|delivery.*mode|APLIC_DOMAINCFG_DM'
[05:44:31] [spechunter] [Grep] pattern='eidelivery.*writable|eidelivery.*write|eidelivery.*readonly'
[05:44:54] [spechunter] [text] Let me also check the IMSIC reset values and verify the full read/write flow.  
[05:44:54] [spechunter] [Read] /home/yzs/riscv/qemu/hw/intc/riscv_imsic.c
[05:44:54] [spechunter] [Grep] pattern='eidelivery|eithreshold|domaincfg|DM|APLIC_DOMAINCFG'
[05:45:21] [spechunter] [text] Now I have all the information needed for a complete analysis. Let me compile the findings.  
[05:45:21] [spechunter] [Write] /home/yzs/riscv/linux/tmp/aclic_audit_result.json
[05:45:22] [spechunter] [text] Now let me check the overall reset/value initialization and the CSR-side handling to complete the picture
[05:45:22] [spechunter] [Read] /home/yzs/riscv/qemu/hw/intc/riscv_imsic.c
[05:45:22] [spechunter] [Read] /home/yzs/riscv/qemu/hw/intc/riscv_aplic.c
[05:45:25] [spechunter] [text] Now I have all the data needed. Let me produce the final cross-validated location set.  **Cross-validation notes:**  1. ...
[05:45:46] [spechunter] [text] The code locations provided are all empty (`:0-0`). Let me first find the actual relevant code in the OpenSBI repository...
[05:45:46] [spechunter] [Agent] description, prompt
[05:46:03] [spechunter] [text] Here is the analysis:  ```json {   "findings": [     {       "file_path": "drivers/irqchip/irq-riscv-imsic-state.c",    ...
[05:46:12] [spechunter] [Grep] pattern='hsm.*suspend|suspend.*hsm|sbi_hsm_suspend'
[05:46:12] [spechunter] [Grep] pattern='save.*csr|csr.*save|CSR_SAVE|csr_save|saved_csr'
[05:46:12] [spechunter] [Grep] pattern='aclic|ACLIC|AIA.*indirect|indirect.*AIA|xaclic'
[05:46:12] [spechunter] [Grep] pattern='xacliciprio|xaclicsourcecfg|acliciprio|aclicsourcecfg'
[05:46:12] [spechunter] [Grep] pattern='save_context|restore_context|context_save|context_restore|suspend_save|suspend_restore'
[05:46:40] [spechunter] [Read] /home/yzs/riscv/opensbi/lib/sbi/sbi_hsm.c
[05:46:40] [spechunter] [Grep] pattern='sbi_hsm_data|hsm_data|HSM_DATA|hdata'
[05:46:40] [spechunter] [Grep] pattern='eidelivery|eithreshold|mvien|mvip|mieh|miph|eip|eie'
[05:46:40] [spechunter] [Grep] pattern='sbi_hart_extensions|SBI_HART_EXT_'
[05:47:11] [spechunter] [Grep] pattern='SMSTATEEN0|mstateen0'
[05:47:11] [spechunter] [Grep] pattern='domain.*save|domain.*swap|csr_swap|suspend_save|suspend_restore'
[05:47:11] [spechunter] [Grep] pattern='mstatus_init'
[05:47:11] [spechunter] [Grep] pattern='hart_detect_features|SBI_HART_EXT_SMAIA'
[05:47:11] [spechunter] [Grep] pattern='IMSIC_EI|imsic.*sid|imsic.*eidelivery|imsic.*eithreshold|IMSIC_EIDELIVERY|IMSIC_EITHRESHOLD'
[05:47:25] [spechunter] [Read] /home/yzs/riscv/opensbi/lib/sbi/sbi_hart.c
[05:47:25] [spechunter] [Read] /home/yzs/riscv/opensbi/lib/sbi/sbi_hart.c
[05:47:25] [spechunter] [Read] /home/yzs/riscv/opensbi/lib/sbi/sbi_hart.c
[05:47:25] [spechunter] [Read] /home/yzs/riscv/opensbi/lib/sbi/sbi_domain_context.c
[05:47:25] [spechunter] [Read] /home/yzs/riscv/opensbi/lib/utils/irqchip/imsic.c
[05:47:40] [spechunter] [Read] /home/yzs/riscv/opensbi/include/sbi/sbi_hsm.h
[05:47:40] [spechunter] [Read] /home/yzs/riscv/opensbi/lib/sbi/sbi_system.c
[05:47:40] [spechunter] [Grep] pattern='__sbi_hsm_suspend_non_ret_save|__sbi_hsm_suspend_non_ret_restore'
[05:47:40] [spechunter] [Grep] pattern='suspend_save|non_ret_save|suspend_non_ret'
[05:48:01] [spechunter] [Grep] pattern='suspend|save|restore|non_ret'
[05:48:01] [spechunter] [Read] /home/yzs/riscv/opensbi/platform/generic/include/andes/andes.h
[05:48:01] [spechunter] [Grep] pattern='SMSTATEEN0_IMSIC|SMSTATEEN0_AIA'
[05:48:04] [spechunter] [Read] /home/yzs/riscv/opensbi/platform/generic/andes/ae350.c
[05:49:05] [spechunter] [text] Let me read the exact code locations to produce precise findings
[05:49:05] [spechunter] [Read] /home/yzs/riscv/opensbi/lib/sbi/sbi_hsm.c
[05:49:05] [spechunter] [Read] /home/yzs/riscv/opensbi/lib/sbi/sbi_hsm.c
[05:49:05] [spechunter] [Read] /home/yzs/riscv/opensbi/lib/sbi/sbi_hsm.c
[05:49:14] [spechunter] [text] Now let me check the spec references for the Smidctrl/Ssidctrl extension and ACLIC indirect CSRs.  
[05:49:14] [spechunter] [Bash] List spec reference directories
[05:49:14] [spechunter] [Grep] pattern='aclic|ACLIC|smidctrl|Smidctrl|SMIDCTRL|ssidctrl|Ssidctrl|SSIDCTRL'
[05:49:21] [spechunter] [Read] /home/yzs/riscv/rv-isa-sec/spec_ref/riscv-fast-interrupt/src/aclic.adoc
[05:49:34] [spechunter] [text] Let me check the mstateen0 bit definitions in OpenSBI to confirm ACLIC bit 53 is missing.  
[05:49:34] [spechunter] [Grep] pattern='SMSTATEEN0|MSTATEEN0|stateen0'
[05:49:34] [spechunter] [Grep] pattern='SBI_HART_EXT_SMAIA|SBI_HART_EXT_SMACLIC|SBI_HART_EXT_SSACLIC|SBI_HART_EXT_'
[05:50:20] [spechunter] [text] Now I have all the data needed. Let me produce the comprehensive audit finding.  ```json {   "findings": [     {       "...
