[04:48:38] [spechunter] PR loaded: #732 riscv/riscv-fast-interrupt — "Smnip: fixing situation in which an exception leads to the interrupt …"
[04:48:38] [spechunter]   diff: 4026 chars  body: 23 chars  reviews: 0
[04:48:38] [spechunter] Global pre-filter running...
[04:48:55] [spechunter] [text] {"should_skip": false}
[04:48:56] [spechunter] pre-filter: should_skip=False reason=""
[04:49:10] [spechunter] [text] {"should_skip": false}
[04:49:12] [spechunter] [text] {"should_skip": false}
[04:49:19] [spechunter] [text] {"should_skip": true, "skip_reason": "changes to the in-development Smnip fast interrupt extension that FreeBSD does not...
[04:49:19] [spechunter] [text] {"should_skip": false}
[04:49:21] [spechunter] [Grep] pattern='CLIC|clic|Smnip|smnip'
[04:49:27] [spechunter] [Grep] pattern='CLIC|clic|Smnip|smnip|fast.interrupt'
[04:49:36] [spechunter] [text] {"should_skip": true, "skip_reason": "XiangShan does not implement the CLIC/Smnip fast interrupt extension; no CLIC-rela...
[04:49:46] [spechunter] [Grep] pattern='xithreshold|pithreshold|sipstatus|siph|snmi|smnip|IRQ_PRIO'
[04:49:46] [spechunter] [Grep] pattern='xithreshold|pithreshold|sipstatus|smnip'
[04:49:55] [spechunter] [Grep] pattern='xithreshold|pithreshold|sipstatus|hvictl|HVICTL'
[04:49:55] [spechunter] [Grep] pattern='xithreshold|pithreshold|sipstatus'
[04:49:59] [spechunter] [text] {  
[04:49:59] [spechunter] [Bash] Check recent git history for context
[04:50:09] [spechunter] [Grep] pattern='do_notify_resume|handle_exception|do_irq|handle_irq|trap_entry|trap_exit'
[04:50:09] [spechunter] [Grep] pattern='smnip|SMNIP|smstateen|SMSTATEEN'
[04:50:09] [spechunter] [Grep] pattern='kvm_riscv_vcpu|vcpu.*trap|aia.*irq|kvm.*aia'
[04:50:14] [spechunter] [Agent] description, subagent_type
[04:50:21] [spechunter] [Agent] description, prompt
[04:50:27] [spechunter] [Grep] pattern='mpistatus|mithreshold|mnreti|clic|smnip|CLIC|Smnip'
[04:50:27] [spechunter] [Grep] pattern='mie|MIE|mstatus.*MIE|csr.*mie'
[04:50:27] [spechunter] [Glob] **/*trap*
[04:50:27] [spechunter] [Glob] **/*.S
[04:50:27] [spechunter] [Glob] **/hsm*
[04:50:40] [spechunter] [Read] /home/yzs/riscv/opensbi/lib/sbi/sbi_trap.c
[04:50:40] [spechunter] [Read] /home/yzs/riscv/opensbi/include/sbi/sbi_trap.h
[04:50:40] [spechunter] [Read] /home/yzs/riscv/opensbi/firmware/fw_base.S
[04:50:40] [spechunter] [Read] /home/yzs/riscv/opensbi/lib/sbi/sbi_hsm.c
[04:50:40] [spechunter] [Read] /home/yzs/riscv/opensbi/lib/sbi/sbi_expected_trap.S
[04:50:40] [spechunter] [Read] /home/yzs/riscv/opensbi/include/sbi/sbi_double_trap.h
[04:50:41] [spechunter] [Grep] pattern='clicext|smnip|CLIC|clic'
[04:50:41] [spechunter] [Grep] pattern='clicext|smnip|CLIC|clic'
[04:50:41] [spechunter] [Grep] pattern='xithreshold|pithreshold|ithreshold'
[04:50:41] [spechunter] [Grep] pattern='xithreshold|pithreshold|ithreshold'
[04:50:41] [spechunter] [Grep] pattern='xpistatus|pistatus'
[04:50:56] [spechunter] [Read] /home/yzs/riscv/opensbi/lib/sbi/sbi_double_trap.c
[04:50:56] [spechunter] [Grep] pattern='CSR_MIE|CSR_MIP|CSR_MSTATUS|CSR_MEPC|CSR_MCAUSE|CSR_MTVAL'
[04:50:56] [spechunter] [Read] /home/yzs/riscv/opensbi/lib/sbi/sbi_irqchip.c
[04:50:56] [spechunter] [Read] /home/yzs/riscv/opensbi/lib/sbi/sbi_init.c
[04:50:56] [spechunter] [Read] /home/yzs/riscv/opensbi/lib/sbi/sbi_hart.c
[04:51:05] [spechunter] [Grep] pattern='ithreshold'
[04:51:05] [spechunter] [Grep] pattern='ithreshold'
[04:51:05] [spechunter] [Grep] pattern='ithreshold'
[04:51:05] [spechunter] [Grep] pattern='ithreshold'
[04:51:05] [spechunter] [Grep] pattern='clicext|smclic|mnxti|mnret'
[04:51:05] [spechunter] [Grep] pattern='smext|mnxti|mnret'
[04:51:21] [spechunter] [Grep] pattern='sithreshold|sipstatus|siselect|sireg'
[04:51:21] [spechunter] [Grep] pattern='sithreshold|sipstatus|pithreshold'
[04:51:21] [spechunter] [Grep] pattern='SMNIP|smnip|Smsnpm|smsnpm'
[04:51:24] [spechunter] [Read] /home/yzs/riscv/opensbi/findings.json
[04:51:24] [spechunter] [Grep] pattern='MSTATUS_MIE|MSTATUS_MPIE|MSTATUS_MPP|mstatus_init|MSTATUS_MPRV'
[04:51:24] [spechunter] [Grep] pattern='MSTATUS_MDT|MIP_MEIP|MIP_MSIP|MIP_MTIP'
[04:51:24] [spechunter] [Grep] pattern='mret|MRET|_trap_handler'
[04:51:30] [spechunter] [Read] /home/yzs/riscv/opensbi/findings.json
[04:51:30] [spechunter] [Read] /home/yzs/riscv/opensbi/platform/generic/thead/thead_c9xx_tlb_trap_handler.S
[04:51:30] [spechunter] [Grep] pattern='sbi_trap_context|trap_context|SBI_TRAP_CONTEXT'
[04:51:41] [spechunter] [Grep] pattern='mnxti|mnret'
[04:51:41] [spechunter] [Grep] pattern='mnxti|mnret'
[04:51:41] [spechunter] [Grep] pattern='mnxti|mnret'
[04:51:41] [spechunter] [Grep] pattern='mnxti|mnret'
[04:51:41] [spechunter] [Grep] pattern='trap.*entry|riscv.*trap|handle_trap|riscv_cpu_do_interrupt'
[04:51:59] [spechunter] [Grep] pattern='riscv_cpu_do_interrupt|riscv_trap|handle_trap|RISCV_EXCP'
[04:51:59] [spechunter] [Grep] pattern='mnret'
[04:51:59] [spechunter] [Grep] pattern='smstateen|mstateen|hstateen|SSTATEEN|CLIC|clic|smclic'
[04:51:59] [spechunter] [Grep] pattern='set_pc_and_rmode|riscv_cpu_set_mode'
[04:52:08] [spechunter] [Grep] pattern='SMNIP|smnip'
[04:52:08] [spechunter] [Read] /home/yzs/riscv/linux/arch/riscv/kernel/entry.S
[04:52:22] [spechunter] [Read] /home/yzs/riscv/qemu/target/riscv/cpu_helper.c
[04:52:22] [spechunter] [Grep] pattern='mnstatus|mnepc|mncause|mnscratch|mntval'
[04:52:22] [spechunter] [Grep] pattern='mnstatus|mnepc|mncause|mnscratch|mntval'
[04:52:22] [spechunter] [Grep] pattern='ithreshold|pithreshold|xithreshold|intthresh'
[04:52:53] [spechunter] [Glob] **/*clic*
[04:52:53] [spechunter] [Grep] pattern='smnip|smclint|clint|clicext'
[04:52:53] [spechunter] [Grep] pattern='irq.*priorit|priorit.*irq|int.*threshold|threshold.*int|fast.*irq|irq.*fast'
[04:52:53] [spechunter] [Grep] pattern='interrupt.*mask|mask.*interrupt|mie.*set|set.*mie|MSTATUS.*MIE.*0|SIE.*0'
[04:52:53] [spechunter] [Grep] pattern='cpu_get_current_irq|get_interrupt|pending_interrupt|next_interrupt'
[04:53:12] [spechunter] [Read] /home/yzs/riscv/qemu/target/riscv/cpu_helper.c
[04:53:12] [spechunter] [Grep] pattern='xip|XIP|mip|MIP|sip|SIP|hire'
[04:53:12] [spechunter] [Grep] pattern='RISCV_EXCP.*INT|IRQ_|cause.*irq|irq.*cause'
[04:53:12] [spechunter] [Read] /home/yzs/riscv/qemu/hw/intc/riscv_imsic.c
[04:53:32] [spechunter] [Grep] pattern='sipstatus|pithreshold|sithreshold'
[04:53:32] [spechunter] [Grep] pattern='CSR_SISELECT|CSR_SIREG|CSR_SIREG2|SIPSTATUS|siselect|sireg'
[04:53:33] [spechunter] [Grep] pattern='xithreshold|pithreshold|intthresh'
[04:53:33] [spechunter] [Grep] pattern='xithreshold|pithreshold'
[04:53:33] [spechunter] [Grep] pattern='pistatus|xpistatus'
[04:53:33] [spechunter] [Grep] pattern='clic|CLIC|clicext|smclic|SMCLIC|Smlcic'
[04:53:33] [spechunter] [Read] /home/yzs/riscv/qemu/target/riscv/cpu_helper.c
[04:53:55] [spechunter] [Grep] pattern='IPRIO|iprio|miprio|siprio|hviprio'
[04:53:55] [spechunter] [Grep] pattern='miprio|siprio|hviprio'
[04:53:55] [spechunter] [Grep] pattern='miprio|siprio|hviprio|IPRIO_MMAXIPRIO|IPRIO_IRQ_BITS|IPRIO_DEFAULT'
[04:53:55] [spechunter] [Grep] pattern='smaia|ssaia|AIA'
[04:53:55] [spechunter] [Read] /home/yzs/riscv/qemu/target/riscv/cpu_helper.c
[04:54:09] [spechunter] [Read] /home/yzs/riscv/qemu/target/riscv/cpu_helper.c
[04:54:09] [spechunter] [Grep] pattern='smnip|SMNIP|Smnip'
[04:54:09] [spechunter] [Grep] pattern='fast.interrupt|CLIC|clicext'
[04:54:09] [spechunter] [Grep] pattern='xstatus|xcause|xtvec|xepc|xtval|xscratch'
[04:54:09] [spechunter] [Grep] pattern='CSR_.*THRESH|thresh|THRESH'
[04:54:26] [spechunter] [Grep] pattern='CSR_XTVEC|CSR_XTVT|CSR_XCAUSE|CSR_XEPC|CSR_XSCRATCH|CSR_XSTATUS|CSR_XNXTI'
[04:54:26] [spechunter] [Grep] pattern='CSR_NNXTI|CSR_XNXTI|xnxti|Xnxti'
[04:54:26] [spechunter] [Grep] pattern='rnmi|RNMI|smrnmi'
[04:54:26] [spechunter] [Read] /home/yzs/riscv/qemu/target/riscv/cpu_helper.c
[04:54:26] [spechunter] [Grep] pattern='CSR_XT|CSR_XN'
[04:54:40] [spechunter] [text] Now let me look at the specific code that OpenSBI uses for double trap handling and trap context management to formulate...
[04:54:40] [spechunter] [Read] /home/yzs/riscv/opensbi/lib/sbi/sbi_double_trap.c
[04:54:40] [spechunter] [Read] /home/yzs/riscv/opensbi/include/sbi/sbi_trap.h
[04:54:44] [spechunter] [Grep] pattern='riscv_cpu_local_irq_pending|riscv_cpu_exec_interrupt'
[04:54:44] [spechunter] [Grep] pattern='default_iprio'
[04:54:44] [spechunter] [Grep] pattern='Smclic|Smnip|Zclic|Smsc|CLIC'
[04:54:44] [spechunter] [Grep] pattern='prv.*lint|prv.*int|rv_clic|riscv_clic'
[04:54:44] [spechunter] [Bash] Check git history for any CLIC-related file additions
[04:54:56] [spechunter] [Bash] Check recent git history for RISC-V interrupt controller changes
[04:54:56] [spechunter] [Bash] Search git history for CLIC-related commits
[04:54:56] [spechunter] [Bash] Search git history for related interrupt concepts
[04:54:56] [spechunter] [Grep] pattern='zicfilp|zicfiss|mseccfg|mseccfgh'
[04:54:56] [spechunter] [Read] /home/yzs/riscv/qemu/target/riscv/cpu_bits.h
[04:55:06] [spechunter] [text] Now let me look at the KVM side more carefully and understand the existing AIA/Smnip support level.  
[04:55:06] [spechunter] [Grep] pattern='hvictl|IPRIO|iprio|hgeie|vsieh'
[04:55:06] [spechunter] [Grep] pattern='kvm_riscv_vcpu_aia.*csr|vcpu_aia_csr'
[04:55:09] [spechunter] [Read] /home/yzs/riscv/qemu/target/riscv/cpu_bits.h
[04:55:09] [spechunter] [Read] /home/yzs/riscv/qemu/target/riscv/cpu_bits.h
[04:55:09] [spechunter] [Read] /home/yzs/riscv/qemu/hw/intc/riscv_aplic.c
[04:55:09] [spechunter] [Read] /home/yzs/riscv/qemu/hw/intc/riscv_aplic.c
[04:55:26] [spechunter] [Read] /home/yzs/riscv/qemu/target/riscv/cpu_helper.c
[04:55:26] [spechunter] [Grep] pattern='mnxti|xnxti|Mnxti|MNRET'
[04:55:26] [spechunter] [Grep] pattern='CSR_MSTATUS|MSTATUS_MIE|MSTATUS_MPIE|MSTATUS_SIE|MSTATUS_SPIE'
[04:55:41] [spechunter] [Bash] Check for any branches with CLIC code
[04:55:41] [spechunter] [Read] /home/yzs/riscv/qemu/include/hw/intc/riscv_aplic.h
[04:55:41] [spechunter] [Grep] pattern='CSR_MINTERRUPTS|MTOPI|STOPI|VSTOPI|topei|TOPEI'
[04:55:41] [spechunter] [Read] /home/yzs/riscv/qemu/target/riscv/cpu_helper.c
[04:55:54] [spechunter] [text] Now I have a clear picture. Let me look at one more thing — how the kernel currently handles status register saves and w...
[04:55:54] [spechunter] [Grep] pattern='local_irq_enable|raw_local_irq_enable|condition.*interrupt|interrupt.*on'
[04:56:14] [spechunter] [text] ```json {   "violation_condition": "OpenSBI M-mode trap handler (or any M-mode code path) writes to mithreshold CSR to r...
[04:56:20] [spechunter] [text] Now I have a thorough understanding of the PR and the kernel's current AIA/Smnip state. Let me construct the analysis.  ...
[04:56:34] [spechunter] [TodoWrite] 5 items
[04:56:36] [spechunter] [Grep] pattern='mithreshold'
[04:56:36] [spechunter] [Grep] pattern='mpistatus'
[04:56:36] [spechunter] [Grep] pattern='CSR_MNTHRESH'
[04:56:36] [spechunter] [Grep] pattern='MNTHRESH'
[04:56:36] [spechunter] [Grep] pattern='mret'
[04:56:36] [spechunter] [Grep] pattern='mpie|MPIE|mstatus.*MPIE'
[04:56:40] [spechunter] [TodoWrite] 6 items
[04:56:47] [spechunter] [Grep] pattern='sithreshold'
[04:56:47] [spechunter] [Grep] pattern='pithreshold'
[04:56:47] [spechunter] [Grep] pattern='sipstatus'
[04:56:47] [spechunter] [Grep] pattern='vsithreshold'
[04:56:47] [spechunter] [Grep] pattern='vsipstatus'
[04:56:47] [spechunter] [Grep] pattern='HVICTL|hvictl'
[04:56:51] [spechunter] [Grep] pattern='mithreshold|MNTHRESH|mpistatus|MNXTI|mnxti'
[04:56:51] [spechunter] [Grep] pattern='smnip|Smnip|SMNIP|smaia|Smaia|SMAIA'
[04:56:51] [spechunter] [Grep] pattern='mret'
[04:57:05] [spechunter] [Grep] pattern='CSR_MTOPI|CSR_MNTHE|MTOPI|MNTH'
[04:57:05] [spechunter] [Grep] pattern='sbi_hart_switch_mode|sbi_hsm_hart_resume'
[04:57:05] [spechunter] [Grep] pattern='_trap_handler|_start_warm'
[04:57:05] [spechunter] [Grep] pattern='mithreshold|MNTHRESH|mintthresh'
[04:57:05] [spechunter] [Grep] pattern='mithreshold|MNTHRESH|mintthresh'
[04:57:05] [spechunter] [Grep] pattern='mithreshold|MNTHRESH|mintthresh'
[04:57:05] [spechunter] [Grep] pattern='mithreshold|MNTHRESH|mintthresh'
[04:57:08] [spechunter] [text] Let me start by exploring the codebase systematically for Smnip-related code, exception handlers, and the affected CSRs....
[04:57:08] [spechunter] [Agent] description, subagent_type
[04:57:08] [spechunter] [Agent] description, subagent_type
[04:57:08] [spechunter] [Agent] description, subagent_type
[04:57:10] [spechunter] [Grep] pattern='mnxti|MNXTI|smsi|SMSI|sscof|SSCOF|CSR_MTVT|mtvt|MTVT|CSR_MIDELEGH'
[04:57:10] [spechunter] [Read] /home/yzs/riscv/opensbi/lib/sbi/sbi_trap.c
[04:57:10] [spechunter] [Read] /home/yzs/riscv/opensbi/firmware/fw_base.S
[04:57:15] [spechunter] [Read] /home/yzs/riscv/opensbi/firmware/fw_base.S
[04:57:15] [spechunter] [Read] /home/yzs/riscv/opensbi/firmware/fw_base.S
[04:57:15] [spechunter] [Read] /home/yzs/riscv/opensbi/lib/sbi/sbi_hart.c
[04:57:15] [spechunter] [Read] /home/yzs/riscv/opensbi/lib/sbi/sbi_hsm.c
[04:57:25] [spechunter] [Grep] pattern='do_page_fault|do_trap_break|do_trap_ecall_u|handle_break'
[04:57:25] [spechunter] [Grep] pattern='handle_exception'
[04:57:25] [spechunter] [Grep] pattern='excp_vect_table'
[04:57:25] [spechunter] [Grep] pattern='\\bsret\\b|SRET'
[04:57:25] [spechunter] [Grep] pattern='\\bmret\\b|MRET'
[04:57:25] [spechunter] [Grep] pattern='local_irq_enable'
[04:57:25] [spechunter] [Bash] List KVM directory for RISC-V
[04:57:25] [spechunter] [Glob] arch/riscv/kvm/**/*.c
[04:57:25] [spechunter] [Grep] pattern='HVICTL|hvicl|hvictl'
[04:57:25] [spechunter] [Grep] pattern='kvm_riscv_vcpu_inject_'
[04:57:25] [spechunter] [Grep] pattern='kvm_riscv_aia_'
[04:57:25] [spechunter] [Grep] pattern='vsithreshold|sithreshold'
[04:57:25] [spechunter] [text] Let me also check the HSM suspend save/restore and domain context code.  
[04:57:25] [spechunter] [Grep] pattern='__sbi_hsm_suspend_non_ret'
[04:57:25] [spechunter] [Read] /home/yzs/riscv/opensbi/lib/sbi/sbi_hsm.c
[04:57:26] [spechunter] [Read] /home/yzs/riscv/opensbi/include/sbi/sbi_trap.h
[04:57:26] [spechunter] [Read] /home/yzs/riscv/opensbi/lib/sbi/sbi_hart.c
[04:57:26] [spechunter] [Read] /home/yzs/riscv/opensbi/include/sbi/sbi_hart.h
[04:57:30] [spechunter] [text] ```json {   "violation_condition": "In QEMU's CLIC trap entry (riscv_cpu_do_interrupt or equivalent), if the handler (1)...
[04:57:30] [spechunter] [Grep] pattern='handle_exception'
[04:57:30] [spechunter] [Grep] pattern='excp_vect_table'
[04:57:30] [spechunter] [Grep] pattern='do_page_fault'
[04:57:30] [spechunter] [Grep] pattern='do_trap_break|do_trap_ecall_u|handle_break'
[04:57:30] [spechunter] [Grep] pattern='local_irq_enable'
[04:57:30] [spechunter] [Grep] pattern='local_irq_enable'
[04:57:30] [spechunter] [Glob] arch/riscv/kernel/entry*
[04:57:30] [spechunter] [Glob] arch/riscv/kernel/traps*
[04:57:30] [spechunter] [Glob] arch/riscv/mm/fault*
[04:57:36] [spechunter] [Grep] pattern='inject'
[04:57:36] [spechunter] [Grep] pattern='threshold'
[04:57:36] [spechunter] [Read] /home/yzs/riscv/linux/arch/riscv/kvm/aia.c
[04:57:36] [spechunter] [Read] /home/yzs/riscv/linux/arch/riscv/include/asm/kvm_aia.h
[04:57:36] [spechunter] [text] Let me look at the key files in more detail to understand the exception handling paths and their relationship to the int...
[04:57:36] [spechunter] [Read] /home/yzs/riscv/linux/arch/riscv/kernel/entry.S
[04:57:36] [spechunter] [Read] /home/yzs/riscv/linux/arch/riscv/kernel/traps.c
[04:57:36] [spechunter] [Read] /home/yzs/riscv/linux/arch/riscv/kernel/traps.c
[04:57:36] [spechunter] [Read] /home/yzs/riscv/linux/arch/riscv/mm/fault.c
[04:57:38] [spechunter] [Read] /home/yzs/riscv/opensbi/lib/sbi/sbi_hsm.c
[04:57:40] [spechunter] [TodoWrite] 5 items
[04:57:41] [spechunter] [Read] /home/yzs/riscv/linux/arch/riscv/kernel/entry.S
[04:57:41] [spechunter] [Read] /home/yzs/riscv/linux/arch/riscv/kernel/traps.c
[04:57:41] [spechunter] [Read] /home/yzs/riscv/linux/arch/riscv/mm/fault.c
[04:57:41] [spechunter] [Read] /home/yzs/riscv/linux/arch/riscv/include/asm/asm-prototypes.h
[04:57:41] [spechunter] [Read] /home/yzs/riscv/linux/arch/riscv/include/asm/entry-common.h
[04:57:44] [spechunter] [text] Let me also check the domain context code and the semihosting mret.  
[04:57:44] [spechunter] [Read] /home/yzs/riscv/opensbi/lib/sbi/sbi_domain_context.c
[04:57:44] [spechunter] [Read] /home/yzs/riscv/opensbi/lib/utils/serial/semihosting.c
[04:57:50] [spechunter] [Read] /home/yzs/riscv/linux/arch/riscv/kvm/vcpu_exit.c
[04:57:50] [spechunter] [Read] /home/yzs/riscv/linux/arch/riscv/kvm/aia_imsic.c
[04:57:50] [spechunter] [Read] /home/yzs/riscv/linux/arch/riscv/kvm/aia_device.c
[04:57:50] [spechunter] [Read] /home/yzs/riscv/linux/arch/riscv/kvm/aia_aplic.c
[04:57:50] [spechunter] [Read] /home/yzs/riscv/linux/arch/riscv/kvm/vm.c
[04:57:52] [spechunter] [TodoWrite] 4 items
[04:57:52] [spechunter] [Grep] pattern='xithreshold'
[04:57:52] [spechunter] [Grep] pattern='xpistatus'
[04:57:52] [spechunter] [Grep] pattern='\\bxret\\b'
[04:57:52] [spechunter] [Grep] pattern='\\bmnret\\b'
[04:57:52] [spechunter] [Grep] pattern='riscv_cpu_do_interrupt.*xithreshold|async.*xithreshold|xithreshold.*async|pithreshold.*overwrite|double.trap.*pithreshold|env->priv.*PRV_M.*xithreshold|xithreshold\\s*=\\s*[^I]'
[04:57:54] [spechunter] [text] Now let me look at the KVM vcpu code and the ret_from_exception path.  
[04:57:54] [spechunter] [Read] /home/yzs/riscv/linux/arch/riscv/kvm/vcpu.c
[04:57:54] [spechunter] [Read] /home/yzs/riscv/linux/arch/riscv/kvm/vcpu.c
[04:57:54] [spechunter] [Read] /home/yzs/riscv/linux/arch/riscv/kernel/entry.S
[04:57:54] [spechunter] [Read] /home/yzs/riscv/linux/arch/riscv/kvm/aia.c
[04:57:54] [spechunter] [text] Now let me check the CSR encoding definitions and the IMSIC driver for AIA/mithreshold-related code.  
[04:57:54] [spechunter] [Grep] pattern='MNTHRESH|MENTH|mnthresh|mnthi'
[04:57:54] [spechunter] [Read] /home/yzs/riscv/opensbi/lib/utils/irqchip/imsic.c
[04:57:59] [spechunter] [Grep] pattern='sithreshold'
[04:57:59] [spechunter] [Grep] pattern='sithreshold'
[04:57:59] [spechunter] [Grep] pattern='sipstatus'
[04:57:59] [spechunter] [Grep] pattern='sipstatus'
[04:57:59] [spechunter] [Grep] pattern='vsithreshold'
[04:57:59] [spechunter] [Grep] pattern='vsithreshold'
[04:57:59] [spechunter] [Grep] pattern='HVICTL'
[04:57:59] [spechunter] [Grep] pattern='HVICTL'
[04:57:59] [spechunter] [Grep] pattern='Smnip|smnip'
[04:57:59] [spechunter] [Grep] pattern='Smnip|smnip'
[04:57:59] [spechunter] [Grep] pattern='pithreshold'
[04:57:59] [spechunter] [Grep] pattern='pithreshold'
[04:57:59] [spechunter] [Grep] pattern='xithreshold'
[04:57:59] [spechunter] [Grep] pattern='xithreshold'
[04:57:59] [spechunter] [Grep] pattern='IRQ_PRIO'
[04:57:59] [spechunter] [Grep] pattern='IRQ_PRIO'
[04:57:59] [spechunter] [Grep] pattern='SENVCFG'
[04:57:59] [spechunter] [Grep] pattern='SENVCFG'
[04:57:59] [spechunter] [Grep] pattern='sithreshold|sipstatus|vsithreshold|HVICTL|Smnip|smnip|pithreshold|xithreshold|IRQ_PRIO|SENVCFG'
[04:57:59] [spechunter] [Grep] pattern='sithreshold|sipstatus|vsithreshold|HVICTL|Smnip|smnip|pithreshold|xithreshold|IRQ_PRIO|SENVCFG'
[04:58:02] [spechunter] [Grep] pattern='riscv_cpu_do_interrupt'
[04:58:02] [spechunter] [Grep] pattern='xithreshold|xpistatus'
[04:58:02] [spechunter] [Grep] pattern='clic|CLIC|smclic'
[04:58:03] [spechunter] [text] Let me check the CSR encoding file for AIA-related CSRs and trace the actual Smnip/mithreshold code paths.  
[04:58:03] [spechunter] [Grep] pattern='MTOPEI|MTOPI|MIREG|MISELECT|CSR_M'
[04:58:03] [spechunter] [Grep] pattern='smnip|SMNIP|mnip|mni'
[04:58:03] [spechunter] [Grep] pattern='aplic|APLIC'
[04:58:08] [spechunter] [Read] /home/yzs/riscv/linux/arch/riscv/kvm/vcpu.c
[04:58:08] [spechunter] [Grep] pattern='HVICTL'
[04:58:08] [spechunter] [Grep] pattern='ISTATUS|ireg|sireg|topei|vsiselect|vsireg'
[04:58:08] [spechunter] [Read] /home/yzs/riscv/linux/arch/riscv/kvm/vcpu_onereg.c
[04:58:10] [spechunter] [Grep] pattern='pithreshold'
[04:58:10] [spechunter] [Grep] pattern='mnstatus'
[04:58:10] [spechunter] [Grep] pattern='snext'
[04:58:10] [spechunter] [Grep] pattern='snret'
[04:58:10] [spechunter] [Grep] pattern='xithreshold|xpistatus'
[04:58:10] [spechunter] [Grep] pattern='mnret'
[04:58:12] [spechunter] [Grep] pattern='irqentry_enter\\b'
[04:58:12] [spechunter] [Grep] pattern='regs_irqs_disabled'
[04:58:12] [spechunter] [Grep] pattern='irqentry_nmi_enter|irqentry_nmi_exit'
[04:58:12] [spechunter] [Grep] pattern='irqentry_enter_from_user_mode|irqentry_exit_to_user_mode'
[04:58:12] [spechunter] [Grep] pattern='EXC_LOAD_PAGE_FAULT|EXC_STORE_PAGE_FAULT|EXC_INST_PAGE_FAULT'
[04:58:13] [spechunter] [text] Let me also check the remaining KVM AIA code and the vcpu_switch.S for sret handling, plus check if `sithreshold` appear...
[04:58:13] [spechunter] [Read] /home/yzs/riscv/linux/arch/riscv/kvm/aia.c
[04:58:13] [spechunter] [Read] /home/yzs/riscv/linux/arch/riscv/kvm/aia.c
[04:58:13] [spechunter] [Read] /home/yzs/riscv/linux/arch/riscv/kvm/vcpu_switch.S
[04:58:13] [spechunter] [Read] /home/yzs/riscv/linux/arch/riscv/kvm/vcpu_switch.S
[04:58:13] [spechunter] [Grep] pattern='vsithreshold|vsipstatus'
[04:58:15] [spechunter] [Read] /home/yzs/riscv/opensbi/lib/utils/irqchip/aplic.c
[04:58:15] [spechunter] [Grep] pattern='threshold|THRESHOLD|thresh'
[04:58:16] [spechunter] [text] No hits for `xithreshold`, `xpistatus`, `clic`, or `smclic` in the QEMU RISC-V target. That's a strong signal — let me v...
[04:58:16] [spechunter] [Grep] pattern='xithreshold|xpistatus'
[04:58:16] [spechunter] [Grep] pattern='clic|smclic|CLIC|SMCLIC'
[04:58:16] [spechunter] [Grep] pattern='mphardwareid|mintstatus|mintthresh|mnscratch|mnepc|mncause|mnstatus|mnret'
[04:58:17] [spechunter] [Read] /home/yzs/riscv/linux/arch/riscv/include/asm/csr.h
[04:58:17] [spechunter] [Read] /home/yzs/riscv/linux/arch/riscv/kvm/vcpu_insn.c
[04:58:17] [spechunter] [Grep] pattern='IMSIC_EI'
[04:58:17] [spechunter] [Grep] pattern='VSIP_TO_HVIP|IRQ_VS|IRQ_S_EXT|IRQ_VS_EXT|IRQ_LOCAL_MAX|KVM_RISCV_VCPU_NR_IRQS'
[04:58:18] [spechunter] [Grep] pattern='irqentry_enter\\b'
[04:58:18] [spechunter] [Grep] pattern='irqentry_nmi_enter'
[04:58:18] [spechunter] [Grep] pattern='irqentry_enter_from_user_mode|irqentry_exit_to_user_mode'
[04:58:19] [spechunter] [text] Here is the complete search result:  ```json {   "locations": [     {       "file_path": "include/sbi/riscv_encoding.h",...
[04:58:23] [spechunter] [Read] /home/yzs/riscv/qemu/target/riscv/op_helper.c
[04:58:23] [spechunter] [Read] /home/yzs/riscv/qemu/target/riscv/cpu_helper.c
[04:58:23] [spechunter] [Read] /home/yzs/riscv/qemu/target/riscv/cpu_helper.c
[04:58:23] [spechunter] [Read] /home/yzs/riscv/qemu/target/riscv/cpu_helper.c
[04:58:23] [spechunter] [text] Let me also check for any existing Smnpm/Smnip-related code and look at the excp_vect_table definition more closely.  
[04:58:23] [spechunter] [Grep] pattern='smnpm|smnip|Smnpm|Smnip|SMNPM|SMNIP'
[04:58:23] [spechunter] [Read] /home/yzs/riscv/linux/arch/riscv/kernel/entry.S
[04:58:23] [spechunter] [Read] /home/yzs/riscv/linux/arch/riscv/kernel/traps.c
[04:58:23] [spechunter] [Grep] pattern='threshold'
[04:58:27] [spechunter] [Grep] pattern='sithreshold|sipstatus|vsithreshold|HVICTL|pithreshold|xithreshold|SENVCFG'
[04:58:27] [spechunter] [Grep] pattern='HVICTL|hvictl'
[04:58:27] [spechunter] [Grep] pattern='SENVCFG'
[04:58:27] [spechunter] [Grep] pattern='IRQ_PRIO'
[04:58:27] [spechunter] [Grep] pattern='sithreshold|sipstatus|vsithreshold|pithreshold|xithreshold|hstateen|smnmi|smnpm'
[04:58:27] [spechunter] [Grep] pattern='sithreshold|sipstatus|vsithreshold|pithreshold|xithreshold|hstateen|smnmi|smnpm'
[04:58:27] [spechunter] [Grep] pattern='threshold'
[04:58:33] [spechunter] [Read] /home/yzs/riscv/linux/include/linux/irq-entry-common.h
[04:58:33] [spechunter] [Read] /home/yzs/riscv/linux/arch/riscv/include/asm/ptrace.h
[04:58:36] [spechunter] [text] No CLIC/Smclic CSRs exist in this codebase. Let me now trace the interrupt handling path deeply.  
[04:58:36] [spechunter] [Read] /home/yzs/riscv/qemu/target/riscv/cpu_helper.c
[04:58:36] [spechunter] [Grep] pattern='xithreshold|xpistatus|mintthresh|sintthresh|mintstatus|sintstatus|PITH'
[04:58:36] [spechunter] [Grep] pattern='smclic|Smpclic|SMCLIC|SMPCLIC'
[04:58:38] [spechunter] [Grep] pattern='irqentry_state_t noinstr irqentry_enter'
[04:58:38] [spechunter] [Grep] pattern='irqentry_enter'
[04:58:39] [spechunter] [Read] /home/yzs/riscv/linux/arch/riscv/include/asm/irqflags.h
[04:58:39] [spechunter] [Grep] pattern='CSR_SIP|CSR_SIE|CSR_SSTATUS'
[04:58:39] [spechunter] [Read] /home/yzs/riscv/linux/arch/riscv/kernel/traps.c
[04:58:41] [spechunter] [Grep] pattern='threshold'
[04:58:41] [spechunter] [Grep] pattern='threshold'
[04:58:41] [spechunter] [Grep] pattern='smrnmi|smnip|RNMI|rnmi'
[04:58:41] [spechunter] [Grep] pattern='pistatus|mintstatus|sintstatus|intstatus'
[04:58:44] [spechunter] [Read] /home/yzs/riscv/linux/arch/riscv/include/asm/csr.h
[04:58:44] [spechunter] [Read] /home/yzs/riscv/linux/arch/riscv/kvm/aia.c
[04:58:44] [spechunter] [Read] /home/yzs/riscv/linux/arch/riscv/kvm/vcpu.c
[04:58:44] [spechunter] [Read] /home/yzs/riscv/linux/include/xen/events.h
[04:58:46] [spechunter] [Grep] pattern='IMSIC_EIP|IMSIC_EIE|IMSIC_EIDELIVERY|IMSIC_EITHRESHOLD|IMSIC_FIRST|IMSIC_LAST'
[04:58:46] [spechunter] [Grep] pattern='KVM_RISCV|IRQ_LOCAL|IRQ_S_EXT'
[04:58:46] [spechunter] [Grep] pattern='IRQ_S_SOFT|IRQ_S_TIMER|IRQ_S_EXT|IRQ_VS_SOFT|IRQ_VS_TIMER|IRQ_VS_EXT|IRQ_S_GEXT|IRQ_PMU_OVF|IRQ_LOCAL_MAX'
[04:58:49] [spechunter] [text] No CLIC CSR support exists in this codebase at all. Let me now deeply trace the interrupt handling path to identify the ...
[04:58:49] [spechunter] [TodoWrite] 4 items
[04:58:59] [spechunter] [Grep] pattern='void riscv_cpu_do_interrupt'
[04:58:59] [spechunter] [Grep] pattern='riscv_cpu_do_interrupt|rmnmi_trap|helper_mnret|nmiie|NMIE|rnmi'
[04:59:04] [spechunter] [Grep] pattern='thresh|i_threshold|irq_threshold'
[04:59:04] [spechunter] [Grep] pattern='hvictl'
[04:59:04] [spechunter] [Grep] pattern='siselect'
[04:59:04] [spechunter] [Grep] pattern='miprio|hviprio'
[04:59:04] [spechunter] [Grep] pattern='mintthresh|sintthresh'
[04:59:07] [spechunter] [Grep] pattern='senvcfg|menvcfg|henvcfg'
[04:59:07] [spechunter] [Grep] pattern='pointer_mask|ptr_mask|PMM|pmask'
[04:59:07] [spechunter] [Grep] pattern='do_trap_ecall_u'
[04:59:09] [spechunter] [Grep] pattern='ISELECT_IPRIO|isithreshold'
[04:59:09] [spechunter] [Read] /home/yzs/riscv/linux/arch/riscv/kvm/vcpu_onereg.c
[04:59:09] [spechunter] [Read] /home/yzs/riscv/linux/arch/riscv/kvm/main.c
[04:59:09] [spechunter] [Grep] pattern='interrupt|irq|hvip|hvictl'
[04:59:09] [spechunter] [Grep] pattern='irqentry_state_t noinstr irqentry_enter'
[04:59:09] [spechunter] [Grep] pattern='irqentry_state_t noinstr irqentry_nmi_enter'
[04:59:09] [spechunter] [Grep] pattern='noinstr irqentry_exit'
[04:59:11] [spechunter] [Grep] pattern='Smnip|smnip|smstateen|hstateen|threshold|IRQ_PRIO|SENVCFG|pmm'
[04:59:11] [spechunter] [Grep] pattern='Smnip|smnip|smstateen|hstateen|threshold|IRQ_PRIO|SENVCFG'
[04:59:11] [spechunter] [Grep] pattern='Smnip|smnip|smstateen|hstateen|threshold|IRQ_PRIO|SENVCFG'
[04:59:11] [spechunter] [Grep] pattern='Smnip|smnip|smstateen|hstateen|threshold|IRQ_PRIO|SENVCFG'
[04:59:11] [spechunter] [Grep] pattern='Smnip|smnip|smstateen|hstateen|threshold|IRQ_PRIO|SENVCFG'
[04:59:11] [spechunter] [Grep] pattern='Smnip|smnip|smstateen|hstateen|threshold|IRQ_PRIO|SENVCFG'
[04:59:11] [spechunter] [Grep] pattern='Smnip|smnip|smstateen|hstateen|threshold|IRQ_PRIO|SENVCFG'
[04:59:12] [spechunter] [text] Let me now search for M-mode code paths that could trigger synchronous exceptions (page faults, misaligned accesses) and...
[04:59:12] [spechunter] [Grep] pattern='sbi_load_access_handler|sbi_store_access_handler|sbi_misaligned_load|sbi_misaligned_store'
[04:59:12] [spechunter] [Read] /home/yzs/riscv/opensbi/lib/sbi/sbi_trap_ldst.c
[04:59:12] [spechunter] [Grep] pattern='csr_write_allowed|csr_read_allowed|sbi_expected_trap'
[04:59:16] [spechunter] [Grep] pattern='ISELECT_IMSIC_EITHRESHOLD|eithreshold'
[04:59:16] [spechunter] [Grep] pattern='xtopi|stopi'
[04:59:16] [spechunter] [Grep] pattern='pistatus|mintstatus|sintstatus|vstopi'
[04:59:16] [spechunter] [Grep] pattern='aia_ireg|ISELECT_IMSIC'
[04:59:17] [spechunter] [Read] /home/yzs/riscv/qemu/target/riscv/cpu_helper.c
[04:59:17] [spechunter] [Read] /home/yzs/riscv/qemu/target/riscv/cpu_helper.c
[04:59:18] [spechunter] [Read] /home/yzs/riscv/linux/kernel/entry/common.c
[04:59:21] [spechunter] [Read] /home/yzs/riscv/linux/arch/riscv/kvm/vcpu_insn.c
[04:59:21] [spechunter] [Grep] pattern='kvm_arch_vcpu_ioctl_run|kvm_vcpu_check_block|kvm_vcpu_has_events|kvm_arch_vcpu_runnable'
[04:59:22] [spechunter] [Read] /home/yzs/riscv/qemu/target/riscv/cpu_helper.c
[04:59:23] [spechunter] [text] Let me also search for sithreshold and sipstatus more broadly, including in the csr.h file for any new CSR definitions r...
[04:59:23] [spechunter] [Grep] pattern='CSR_S|CSR_VS'
[04:59:23] [spechunter] [Grep] pattern='sit|sithreshold|sipstatus'
[04:59:23] [spechunter] [Read] /home/yzs/riscv/linux/arch/riscv/kernel/process.c
[04:59:23] [spechunter] [Read] /home/yzs/riscv/linux/arch/riscv/kernel/process.c
[04:59:35] [spechunter] [Grep] pattern='sithreshold|sipstatus|vsithreshold|pithreshold|xithreshold'
[04:59:36] [spechunter] [Grep] pattern='sithreshold|sipstatus|vsithreshold|pithreshold|xithreshold'
[04:59:36] [spechunter] [Grep] pattern='Smnip'
[04:59:36] [spechunter] [Grep] pattern='smnip'
[04:59:36] [spechunter] [Grep] pattern='IRQ_PRIO'
[04:59:36] [spechunter] [Grep] pattern='IRQ_PRIO'
[04:59:36] [spechunter] [Read] /home/yzs/riscv/linux/arch/riscv/kvm/vcpu_onereg.c
[04:59:36] [spechunter] [Read] /home/yzs/riscv/linux/arch/riscv/include/asm/kvm_host.h
[04:59:36] [spechunter] [Read] /home/yzs/riscv/qemu/target/riscv/cpu_helper.c
[04:59:36] [spechunter] [Read] /home/yzs/riscv/qemu/target/riscv/cpu_helper.c
[04:59:37] [spechunter] [Read] /home/yzs/riscv/opensbi/lib/sbi/sbi_expected_trap.S
[04:59:37] [spechunter] [Grep] pattern='non_retentive|sbi_hsm_hart_resume|sbi_hart_suspend|suspend'
[04:59:39] [spechunter] [text] Now let me check the CPU state structure, CSR definitions, and migration code for any CLIC-related fields.  
[04:59:39] [spechunter] [Grep] pattern='xithreshold|xpistatus|mintthresh|sintthresh|mintstatus|sintstatus|irq\\.prio|irq_prio|int_prio|intprio|cliciofix|cliccfg|clicint'
[04:59:39] [spechunter] [Grep] pattern='0x[0-9a-fA-F]40[0-9a-fA-F]|0x[0-9a-fA-F]41[0-9a-fA-F]|0x345|0x346|0x347|0x348'
[04:59:41] [spechunter] [Grep] pattern='handle_exception|trap_entry|EXC_VEC'
[04:59:41] [spechunter] [Grep] pattern='ALT_PAGE_FAULT|ALT_INSN_FAULT'
[04:59:46] [spechunter] [Grep] pattern='smnip|SMNIP|Smnip'
[04:59:46] [spechunter] [Grep] pattern='CSR_XITHRESHOLD|CSR_MXITHRESHOLD|CSR_SXITHRESHOLD|csr_xithreshold'
[04:59:46] [spechunter] [Grep] pattern='xireg|XIREG|ireg'
[04:59:46] [spechunter] [Read] /home/yzs/riscv/qemu/target/riscv/cpu_helper.c
[04:59:48] [spechunter] [text] Now let me look at the remaining relevant areas.  
[04:59:48] [spechunter] [Read] /home/yzs/riscv/linux/arch/riscv/mm/fault.c
[04:59:48] [spechunter] [Read] /home/yzs/riscv/linux/arch/riscv/kernel/entry.S
[04:59:48] [spechunter] [Read] /home/yzs/riscv/linux/arch/riscv/kvm/vcpu.c
[04:59:52] [spechunter] [Read] /home/yzs/riscv/linux/arch/riscv/include/uapi/asm/kvm.h
[04:59:52] [spechunter] [Read] /home/yzs/riscv/linux/arch/riscv/include/asm/kvm_host.h
[04:59:52] [spechunter] [Grep] pattern='threshold'
[04:59:52] [spechunter] [Grep] pattern='threshold'
[04:59:52] [spechunter] [Grep] pattern='smnip|smnpm|Smnip|Smnpm'
[04:59:53] [spechunter] [Read] /home/yzs/riscv/opensbi/lib/sbi/sbi_system.c
[04:59:53] [spechunter] [Read] /home/yzs/riscv/opensbi/lib/sbi/sbi_ecall_susp.c
[04:59:53] [spechunter] [Read] /home/yzs/riscv/opensbi/lib/sbi/sbi_hsm.c
[04:59:53] [spechunter] [Read] /home/yzs/riscv/linux/arch/riscv/include/asm/kvm_host.h
[04:59:53] [spechunter] [Grep] pattern='istatus|isetatus'
[04:59:54] [spechunter] [text] Let me trace deeper — check for interrupt priority handling, migration serialization, and CSR address ranges related to ...
[04:59:54] [spechunter] [Grep] pattern='ext_smclic|ext_ssclic|ext_smclics|smclic|smpclic'
[04:59:54] [spechunter] [Grep] pattern='irq_prio|int_prio|interrupt.*priorit|priorit.*interrupt|irq.*level|threshold.*interrupt'
[04:59:54] [spechunter] [Grep] pattern='IRQ_LOCAL_MAX|IRQ_SSOFT|IRQ_VSOFT|IRQ_MTIMER|IRQ_STIMER|IRQ_VSTIMER|IRQ_MEXT|IRQ_SEXT|IRQ_VSEXT|IRQ_SGE|IRQ_LCOF'
[04:59:59] [spechunter] [text] Let me look at the interrupt priority handling and the CPU state structure more deeply.  
[04:59:59] [spechunter] [Read] /home/yzs/riscv/qemu/target/riscv/cpu_helper.c
[04:59:59] [spechunter] [Read] /home/yzs/riscv/qemu/target/riscv/cpu_bits.h
[05:00:02] [spechunter] [Grep] pattern='SMSTATEEN|smstateen|smtopei|stopi'
[05:00:02] [spechunter] [Read] /home/yzs/riscv/qemu/target/riscv/cpu_bits.h
[05:00:02] [spechunter] [Read] /home/yzs/riscv/qemu/target/riscv/csr.c
[05:00:02] [spechunter] [Grep] pattern='smcdeleg|sscdeleg|cdeleg|smtopei|mintstatus|sintstatus'
[05:00:05] [spechunter] [Grep] pattern='smnpm|Smnpm'
[05:00:05] [spechunter] [Grep] pattern='smnpm|Smnpm'
[05:00:05] [spechunter] [Read] /home/yzs/riscv/linux/arch/riscv/kvm/aia_imsic.c
[05:00:05] [spechunter] [Grep] pattern='eithreshold|EITHRESHOLD|threshold'
[05:00:05] [spechunter] [Grep] pattern='eithreshold|EITHRESHOLD|threshold'
[05:00:05] [spechunter] [Read] /home/yzs/riscv/linux/arch/riscv/kvm/aia_imsic.c
[05:00:07] [spechunter] [text] Now let me check migration serialization, the CPU state structure, GDB stubs, and verify the KVM paths for CLIC fields. ...
[05:00:07] [spechunter] [Grep] pattern='miprio|siprio|hviprio|hviprio1|hviprio2'
[05:00:07] [spechunter] [Grep] pattern='miprio|siprio|hviprio'
[05:00:07] [spechunter] [Grep] pattern='mnstatus|mnepc|mncause|mnscratch|rnmi'
[05:00:07] [spechunter] [Grep] pattern='gdb_csr|rv_is_csr|gdb_read_register|gdb_write_register'
[05:00:14] [spechunter] [text] Let me check the GDB stub, reset code, and machine.c more deeply for SMCLIC gaps.  
[05:00:14] [spechunter] [Read] /home/yzs/riscv/qemu/target/riscv/gdbstub.c
[05:00:14] [spechunter] [Grep] pattern='mnstatus|mnepc|mncause|mnscratch|rnmi_irqvec|rnmi_excpvec|rnmip'
[05:00:14] [spechunter] [Grep] pattern='ext_smrnmi'
[05:00:21] [spechunter] [Read] /home/yzs/riscv/qemu/target/riscv/csr.c
[05:00:21] [spechunter] [Grep] pattern='rmw_topei|TOPEI|topei'
[05:00:21] [spechunter] [Read] /home/yzs/riscv/qemu/hw/intc/riscv_imsic.c
[05:00:21] [spechunter] [Grep] pattern='smnpm|Smnpm|SMNPM'
[05:00:21] [spechunter] [Grep] pattern='smnpm|Smnpm|SMNPM'
[05:00:21] [spechunter] [Grep] pattern='smnpm|Smnpm|SMNPM'
[05:00:21] [spechunter] [Grep] pattern='smnpm|Smnpm|SMNPM|SMNPM'
[05:00:21] [spechunter] [Read] /home/yzs/riscv/linux/arch/riscv/kvm/vcpu_onereg.c
[05:00:34] [spechunter] [text] Let me look at the full machine.c to confirm migration gaps, and also check the KVM path.  
[05:00:34] [spechunter] [Read] /home/yzs/riscv/qemu/target/riscv/machine.c
[05:00:34] [spechunter] [Grep] pattern='rnmi_irqvec|rnmi_excpvec|rnmip|mnstatus|mnepc|mncause|mnscratch'
[05:00:37] [spechunter] [Read] /home/yzs/riscv/qemu/target/riscv/csr.c
[05:00:37] [spechunter] [Read] /home/yzs/riscv/qemu/hw/intc/riscv_imsic.c
[05:00:37] [spechunter] [Read] /home/yzs/riscv/qemu/target/riscv/insn_trans/trans_privileged.c.inc
[05:00:40] [spechunter] [Read] /home/yzs/riscv/qemu/target/riscv/machine.c
[05:00:40] [spechunter] [Read] /home/yzs/riscv/qemu/target/riscv/cpu.h
[05:00:40] [spechunter] [Read] /home/yzs/riscv/linux/drivers/irqchip/irq-riscv-imsic-state.c
[05:00:40] [spechunter] [Read] /home/yzs/riscv/linux/drivers/irqchip/irq-riscv-imsic-state.c
[05:00:40] [spechunter] [Grep] pattern='ITHRESHOLD|ithreshold|threshold'
[05:00:40] [spechunter] [Read] /home/yzs/riscv/linux/arch/riscv/kvm/aia_imsic.c
[05:00:40] [spechunter] [Read] /home/yzs/riscv/linux/arch/riscv/kvm/aia_imsic.c
[05:00:40] [spechunter] [Read] /home/yzs/riscv/linux/arch/riscv/kvm/aia_imsic.c
[05:00:40] [spechunter] [Read] /home/yzs/riscv/linux/arch/riscv/kvm/aia_imsic.c
[05:00:42] [spechunter] [text] Here is the comprehensive JSON report of all located references:  ```json {   "locations": [     {       "file_path": "a...
[05:00:44] [spechunter] [Read] /home/yzs/riscv/qemu/target/riscv/cpu.h
[05:00:44] [spechunter] [Read] /home/yzs/riscv/qemu/target/riscv/machine.c
[05:00:46] [spechunter] [Grep] pattern='IMSIC_EITHRESHOLD|IMSIC_EIDELIVERY|EITHRESHOLD|EIP0|EIE0|TOPEI|TOPI'
[05:00:46] [spechunter] [Read] /home/yzs/riscv/linux/arch/riscv/kvm/aia_imsic.c
[05:00:51] [spechunter] [Grep] pattern='IMSIC_EITHRESHOLD|IMSIC_EIDELIVERY|IMSIC_EIP0|IMSIC_EIE0|IMSIC_MAX_ID|IMSIC_TOPEI'
[05:00:55] [spechunter] [Grep] pattern='intstatus|INTSTATUS|mintstatus|sintstatus'
[05:00:55] [spechunter] [Grep] pattern='double.trap|smode_double_trap'
[05:00:55] [spechunter] [Read] /home/yzs/riscv/qemu/target/riscv/cpu_bits.h
[05:00:55] [spechunter] [Grep] pattern='MNSTATUS|MNPP|MNPV|NMIE|MNPELP|mnepc|mncause|mnscratch'
[05:00:56] [spechunter] [Read] /home/yzs/riscv/linux/include/linux/irqchip/riscv-imsic.h
[05:00:56] [spechunter] [Grep] pattern='IMSIC_EITHRESHOLD|IMSIC_EIDELIVERY|IMSIC_EIP0|IMSIC_EIE0|IMSIC_TOPEI|IMSIC_MAX_ID'
[05:00:57] [spechunter] [Grep] pattern='sbi_load_u8|sbi_store_u8|sbi_get_insn|sbi_unpriv|trap_redirect'
[05:00:57] [spechunter] [Read] /home/yzs/riscv/opensbi/include/sbi/riscv_encoding.h
[05:00:57] [spechunter] [Read] /home/yzs/riscv/opensbi/lib/sbi/sbi_init.c
[05:01:01] [spechunter] [text] Let me check for KVM CLIC support and the ISA extension list for smclic.  
[05:01:01] [spechunter] [Grep] pattern='smclic|smmpm|smpclic'
[05:01:01] [spechunter] [Grep] pattern='ext_smrnmi|ext_smclic'
[05:01:01] [spechunter] [Grep] pattern='CSR_XTHRESHOLD|CSR_XPISTATUS|xithreshold|xpistatus|0x145|0x146|0x147|0x148|0x240'
[05:01:06] [spechunter] [Grep] pattern='siprio'
[05:01:06] [spechunter] [Grep] pattern='riscv_cpu_sirq_pending|riscv_cpu_vsirq_pending'
[05:01:06] [spechunter] [Read] /home/yzs/riscv/qemu/target/riscv/cpu.h
[05:01:08] [spechunter] [TodoWrite] 4 items
[05:01:10] [spechunter] [TodoWrite] 4 items
[05:01:25] [spechunter] [Read] /home/yzs/riscv/qemu/target/riscv/cpu_helper.c
[05:01:25] [spechunter] [Grep] pattern='riscv_cpu_all_pending|riscv_cpu_pending_to_irq'
[05:01:44] [spechunter] [text] Prompt is too long
[05:02:08] [spechunter] [text] Let me cross-validate each location against the actual code and the PR's concern about interrupt threshold correctness. ...
[05:02:08] [spechunter] [Read] /home/yzs/riscv/opensbi/firmware/fw_base.S
[05:02:08] [spechunter] [Read] /home/yzs/riscv/opensbi/firmware/fw_base.S
[05:02:08] [spechunter] [Read] /home/yzs/riscv/opensbi/lib/sbi/sbi_hart.c
[05:02:08] [spechunter] [text] ```json {   "locations": [     {       "file_path": "target/riscv/cpu_helper.c",       "function_name": "riscv_cpu_do_in...
[05:02:09] [spechunter] [text] Now let me read the specific files to get exact line numbers and code details for the affected locations.  
[05:02:09] [spechunter] [Read] /home/yzs/riscv/linux/arch/riscv/kernel/traps.c
[05:02:09] [spechunter] [Read] /home/yzs/riscv/linux/arch/riscv/mm/fault.c
[05:02:09] [spechunter] [Read] /home/yzs/riscv/linux/arch/riscv/kernel/entry.S
[05:02:23] [spechunter] [text] Now let me read the KVM files for the HVICTL injection paths.  
[05:02:23] [spechunter] [Read] /home/yzs/riscv/linux/arch/riscv/kvm/aia.c
[05:02:23] [spechunter] [Read] /home/yzs/riscv/linux/arch/riscv/kvm/vcpu_exit.c
[05:02:23] [spechunter] [Read] /home/yzs/riscv/linux/arch/riscv/include/asm/csr.h
[05:02:23] [spechunter] [Read] /home/yzs/riscv/opensbi/lib/sbi/sbi_hsm.c
[05:02:23] [spechunter] [Read] /home/yzs/riscv/opensbi/lib/sbi/sbi_expected_trap.S
[05:02:23] [spechunter] [Read] /home/yzs/riscv/opensbi/lib/sbi/sbi_domain_context.c
[05:02:31] [spechunter] [text] Let me check a few more critical files — the KVM virtual instruction handling and the irqflags implementation.  
[05:02:31] [spechunter] [Read] /home/yzs/riscv/linux/arch/riscv/kvm/vcpu_insn.c
[05:02:31] [spechunter] [Read] /home/yzs/riscv/linux/arch/riscv/include/asm/irqflags.h
[05:02:31] [spechunter] [Grep] pattern='local_irq_enable|local_irq_disable|local_irq_save|local_irq_restore'
[05:02:38] [spechunter] [Read] /home/yzs/riscv/opensbi/lib/sbi/sbi_domain_context.c
[05:02:38] [spechunter] [Read] /home/yzs/riscv/opensbi/lib/utils/serial/semihosting.c
[05:02:38] [spechunter] [Read] /home/yzs/riscv/opensbi/lib/sbi/sbi_init.c
[05:02:38] [spechunter] [Grep] pattern='mnthresh|mithreshold|MNTHRESH|MITHRESH|mintthresh|MINTTHRESH'
[05:02:47] [spechunter] [text] Now let me check the semihosting line more carefully and also examine the `sbi_domain_context.c` more carefully (the lin...
[05:02:47] [spechunter] [Grep] pattern='mret'
[05:02:47] [spechunter] [Read] /home/yzs/riscv/opensbi/lib/utils/serial/semihosting.c
[05:02:47] [spechunter] [Grep] pattern='sbi_hart_switch_mode'
[05:02:54] [spechunter] [text] Let me also check for any nacl/KVM CSR swap code and the `handle_exception` context switch interaction.  
[05:02:54] [spechunter] [Grep] pattern='sithreshold|sipstatus|pithreshold|xithreshold|vsithreshold|smnip|Smnip|SMNIP'
[05:02:54] [spechunter] [Grep] pattern='HVICTL|hvictl'
[05:02:54] [spechunter] [Grep] pattern='eithreshold|EITHRESHOLD'
[05:03:09] [spechunter] [text] Let me also check the existing audit file and look for any context-switch CSR save/restore paths that could be affected....
[05:03:09] [spechunter] [Read] /home/yzs/riscv/linux/tmp/pr668_audit.json
[05:03:09] [spechunter] [Read] /home/yzs/riscv/linux/tmp/audit_result.json
[05:03:20] [spechunter] [text] Let me check the CSR table and TCG translation paths for any CLIC footprint, and verify the reset/power-on code paths.  
[05:03:20] [spechunter] [Grep] pattern='CSR_TABLE_SIZE|csr_ops\\['
[05:03:20] [spechunter] [Grep] pattern='mstatus_hs|ext_smrnmi'
[05:03:20] [spechunter] [Grep] pattern='ext_smrnmi'
[05:03:20] [spechunter] [Read] /home/yzs/riscv/qemu/target/riscv/cpu_bits.h
[05:03:27] [spechunter] [text] Let me check one more area — the KVM IMSIC threshold handling and how it relates to interrupt delivery.    
[05:03:27] [spechunter] [Read] /home/yzs/riscv/linux/arch/riscv/kvm/aia_imsic.c
[05:03:27] [spechunter] [Read] /home/yzs/riscv/linux/arch/riscv/kvm/aia_imsic.c
[05:03:27] [spechunter] [Read] /home/yzs/riscv/linux/arch/riscv/kvm/aia_imsic.c
[05:03:36] [spechunter] [Grep] pattern='CSR_TABLE_SIZE'
[05:03:36] [spechunter] [Grep] pattern='0x145.*xithreshold|0x146.*xpistatus|xithreshold|xpistatus'
[05:03:36] [spechunter] [Grep] pattern='IRQ_M_EXT|IRQ_S_EXT|IRQ_VS_EXT|IRQ_VS_TIMER|IRQ_VS_SOFT|IRQ_S_TIMER|IRQ_S_SOFT|IRQ_M_TIMER|IRQ_M_SOFT|IRQ_S_EXT|IRQ_PMU_OVF'
[05:03:36] [spechunter] [text] Now let me check the APLIC driver and IMSIC state code for any threshold-related comparisons.  
[05:03:36] [spechunter] [Read] /home/yzs/riscv/linux/drivers/irqchip/irq-riscv-imsic-state.c
[05:03:36] [spechunter] [Read] /home/yzs/riscv/linux/drivers/irqchip/irq-riscv-aplic-direct.c
[05:03:36] [spechunter] [Grep] pattern='itreshold|threshold|ITHRESHOLD'
[05:03:42] [spechunter] [Read] /home/yzs/riscv/linux/drivers/irqchip/irq-riscv-imsic-state.c
[05:03:42] [spechunter] [Read] /home/yzs/riscv/linux/drivers/irqchip/irq-riscv-aplic-direct.c
[05:03:42] [spechunter] [Read] /home/yzs/riscv/linux/arch/riscv/kvm/aia_imsic.c
[05:03:47] [spechunter] [Bash] Check recent commits for the smnip fix
[05:03:50] [spechunter] [text] Now let me verify one more detail about the sbi_hsm suspend save/restore lines to check if they're truly distinct locati...
[05:03:50] [spechunter] [Read] /home/yzs/riscv/opensbi/lib/sbi/sbi_hsm.c
[05:03:53] [spechunter] [Bash] Search for smnip/smnip/threshold commits
[05:04:09] [spechunter] [TodoWrite] 6 items
[05:04:12] [spechunter] [Bash] Search for mnstatus and rnmi commits
[05:04:21] [spechunter] [Bash] Check the Smrnmi interrupt and exception commit
[05:04:44] [spechunter] [text] Now I have all the data to cross-validate. Let me produce the final analysis.  ```json {   "locations": [     {       "f...
[05:05:05] [spechunter] [Grep] pattern='mithreshold|CSR_MNTHRESH|mnthresh'
[05:05:05] [spechunter] [Grep] pattern='mpistatus'
[05:05:05] [spechunter] [Grep] pattern='mnip|smnip|SMNIP'
[05:05:09] [spechunter] [text] Let me examine the core code paths to validate relevance.  
[05:05:09] [spechunter] [Grep] pattern='nnmi_excep'
[05:05:14] [spechunter] [Read] /home/yzs/riscv/qemu/target/riscv/cpu_helper.c
[05:05:19] [spechunter] [Grep] pattern='snmip|Smnmi|SMNMI|smnip|smpnip'
[05:05:22] [spechunter] [text] Let me search for the actual source code relevant to this PR.  
[05:05:22] [spechunter] [Grep] pattern='_trap_handler'
[05:05:22] [spechunter] [Grep] pattern='mithreshold|mnthresh|CSR_MNTHRESH|mnip|smnip'
[05:05:22] [spechunter] [Grep] pattern='sbi_trap_regs'
[05:05:31] [spechunter] [Read] /home/yzs/riscv/opensbi/include/sbi/sbi_trap.h
[05:05:31] [spechunter] [Read] /home/yzs/riscv/opensbi/firmware/fw_base.S
[05:05:31] [spechunter] [Read] /home/yzs/riscv/opensbi/lib/sbi/sbi_trap.c
[05:05:44] [spechunter] [text] Let me also check the key security-critical code paths: HSM suspend/resume, double trap handler, and PMP configuration. ...
[05:05:44] [spechunter] [Read] /home/yzs/riscv/opensbi/lib/sbi/sbi_double_trap.c
[05:05:44] [spechunter] [Grep] pattern='sbi_hart_switch_mode|sbi_hsm_hart_resume_finish|sbi_hart_reinit'
[05:05:48] [spechunter] [Read] /home/yzs/riscv/opensbi/lib/sbi/sbi_hsm.c
[05:05:48] [spechunter] [Read] /home/yzs/riscv/opensbi/lib/sbi/sbi_hart.c
[05:05:56] [spechunter] [text] Let me also check the RISC-V CSR encoding header and the sbi_init path for completeness.  
[05:05:56] [spechunter] [Grep] pattern='MTOPI|MTOPEI|MNTHRESH|MTHRESH|mnthresh|mithreshold'
[05:05:56] [spechunter] [Read] /home/yzs/riscv/opensbi/lib/sbi/sbi_init.c
[05:05:56] [spechunter] [Grep] pattern='smnip|SMNIP|Snmi|SNMI'
[05:05:57] [spechunter] [Grep] pattern='eithreshold|eidelivery'
[05:06:20] [spechunter] [text] Now let me read the existing findings.json to understand prior analysis.  
[05:06:20] [spechunter] [Read] /home/yzs/riscv/opensbi/findings.json
[05:06:31] [spechunter] [text] Let me read the remaining critical files for complete analysis.  
[05:06:31] [spechunter] [Read] /home/yzs/riscv/opensbi/lib/sbi/sbi_hart_pmp.c
[05:06:31] [spechunter] [Read] /home/yzs/riscv/opensbi/lib/sbi/sbi_domain_context.c
[05:06:42] [spechunter] [text] Now I have all the data. Let me compile the comprehensive findings.  
[05:06:42] [spechunter] [Write] /home/yzs/riscv/linux/tmp/smnip_audit_result.json
[05:06:51] [spechunter] [text] Now let me read the key IMSIC functions to validate them.  
[05:06:51] [spechunter] [Read] /home/yzs/riscv/qemu/hw/intc/riscv_imsic.c
[05:06:52] [spechunter] [text] Prompt is too long
[05:07:33] [spechunter] [text] I'll cross-validate by reading the key source files to verify the claimed locations and their relevance to the sithresho...
[05:07:33] [spechunter] [Read] /home/yzs/riscv/linux/arch/riscv/kernel/entry.S
[05:07:33] [spechunter] [Read] /home/yzs/riscv/linux/arch/riscv/kernel/entry.S
[05:07:33] [spechunter] [Read] /home/yzs/riscv/linux/arch/riscv/kernel/traps.c
[05:07:33] [spechunter] [Read] /home/yzs/riscv/linux/arch/riscv/mm/fault.c
[05:07:54] [spechunter] [Read] /home/yzs/riscv/linux/arch/riscv/kernel/traps.c
[05:07:54] [spechunter] [Read] /home/yzs/riscv/linux/arch/riscv/mm/fault.c
[05:07:54] [spechunter] [Read] /home/yzs/riscv/linux/arch/riscv/include/asm/irqflags.h
[05:07:54] [spechunter] [Read] /home/yzs/riscv/linux/arch/riscv/include/asm/csr.h
[05:08:04] [spechunter] [Read] /home/yzs/riscv/linux/arch/riscv/mm/fault.c
[05:08:04] [spechunter] [Read] /home/yzs/riscv/linux/arch/riscv/kvm/aia.c
[05:08:04] [spechunter] [Read] /home/yzs/riscv/linux/arch/riscv/kvm/aia.c
[05:08:04] [spechunter] [Read] /home/yzs/riscv/linux/arch/riscv/kvm/vcpu_switch.S
[05:08:09] [spechunter] [Read] /home/yzs/riscv/linux/arch/riscv/kvm/vcpu.c
[05:08:09] [spechunter] [Read] /home/yzs/riscv/linux/arch/riscv/kvm/vcpu.c
[05:08:09] [spechunter] [Read] /home/yzs/riscv/linux/arch/riscv/kvm/aia.c
[05:08:10] [spechunter] [text] Now I have a solid understanding of the code and the bug. Let me produce the cross-validated location set.  ---  ## Cros...
[05:08:41] [spechunter] [text] Let me start by finding the relevant CLIC-related code in the QEMU codebase.  
[05:08:41] [spechunter] [Agent] description, prompt
[05:08:45] [spechunter] [Grep] pattern='^asmlinkage.*do_page_fault'
[05:08:45] [spechunter] [Grep] pattern='sithreshold'
[05:08:46] [spechunter] [text] Now I have a complete picture of the codebase. Here is the security audit for the Smnip mithreshold vulnerability.  ```j...
[05:09:02] [spechunter] [Grep] pattern='riscv_cpu_do_interrupt'
[05:09:02] [spechunter] [Grep] pattern='xithreshold'
[05:09:02] [spechunter] [Grep] pattern='xpistatus|pithreshold'
[05:09:02] [spechunter] [Grep] pattern='snmip|SMNIP|snmi'
[05:09:02] [spechunter] [Grep] pattern='clic|CLIC'
[05:09:09] [spechunter] [Grep] pattern='do_page_fault'
[05:09:09] [spechunter] [Read] /home/yzs/riscv/linux/arch/riscv/kernel/entry.S
[05:09:09] [spechunter] [Read] /home/yzs/riscv/linux/arch/riscv/kvm/vcpu.c
[05:09:27] [spechunter] [Grep] pattern='do_page_fault'
[05:09:27] [spechunter] [Grep] pattern='asmlinkage.*do_page_fault'
[05:09:35] [spechunter] [Read] /home/yzs/riscv/linux/arch/riscv/kernel/traps.c
[05:09:41] [spechunter] [Read] /home/yzs/riscv/qemu/target/riscv/cpu_helper.c
[05:09:41] [spechunter] [Read] /home/yzs/riscv/qemu/target/riscv/cpu_helper.c
[05:09:41] [spechunter] [Read] /home/yzs/riscv/qemu/target/riscv/cpu_helper.c
[05:09:41] [spechunter] [Read] /home/yzs/riscv/qemu/target/riscv/cpu.h
[05:09:41] [spechunter] [Grep] pattern='clic|CLIC'
[05:09:41] [spechunter] [Grep] pattern='smsdedbcnf|smcdeleg|smtdeleg|smstateen|smcstateen|smnxti'
[05:10:00] [spechunter] [Read] /home/yzs/riscv/qemu/target/riscv/cpu_helper.c
[05:10:00] [spechunter] [Grep] pattern='xnxti|mintstatus|mintthresh|xscratchcsw|xcause|xtval|xtvec|mtvt|miph'
[05:10:00] [spechunter] [Grep] pattern='xnxti|mintstatus|mintthresh|xscratchcsw|xcause|xtval|xtvec|mtvt|miph'
[05:10:00] [spechunter] [Grep] pattern='rnmi|smrnmi|RNMI|SMIRNM'
[05:10:24] [spechunter] [Grep] pattern='riscv_cpu_local_irq_pending'
[05:10:24] [spechunter] [Grep] pattern='riscv_do_nmi|rnmi_excpvec|rnmi_irqvec|rnmi|CPU_INTERRUPT_RNMI'
[05:10:24] [spechunter] [Grep] pattern='rnmi_excpvec|rnmi_irqvec|rnmi|CPU_INTERRUPT_RNMI'
[05:10:24] [spechunter] [Grep] pattern='rnmi|RNMI'
[05:10:24] [spechunter] [Grep] pattern='rnmi|RNMI'
[05:10:24] [spechunter] [Read] /home/yzs/riscv/qemu/target/riscv/cpu_helper.c
[05:10:46] [spechunter] [text] Now I have all the data needed for cross-validation. Let me compile my analysis.  Key findings: 1. **sithreshold** does ...
[05:10:46] [spechunter] [Read] /home/yzs/riscv/qemu/target/riscv/cpu_helper.c
[05:10:46] [spechunter] [Read] /home/yzs/riscv/qemu/target/riscv/cpu_helper.c
[05:10:46] [spechunter] [Read] /home/yzs/riscv/qemu/target/riscv/cpu_bits.h
[05:10:46] [spechunter] [Read] /home/yzs/riscv/qemu/target/riscv/cpu_bits.h
[05:10:46] [spechunter] [Read] /home/yzs/riscv/qemu/target/riscv/csr.c
[05:10:46] [spechunter] [Grep] pattern='smrnmi'
[05:11:04] [spechunter] [text] The code locations provided are all empty (`:0-0`), so I need to find the actual relevant kernel code. Let me search for...
[05:11:04] [spechunter] [Agent] description, prompt
[05:11:08] [spechunter] [Read] /home/yzs/riscv/qemu/target/riscv/csr.c
[05:11:08] [spechunter] [Read] /home/yzs/riscv/qemu/target/riscv/csr.c
[05:11:08] [spechunter] [Read] /home/yzs/riscv/qemu/target/riscv/csr.c
[05:11:08] [spechunter] [Grep] pattern='insn_trans/trans_privileged.c.inc'
[05:11:08] [spechunter] [Grep] pattern='rnmi|RNMI'
[05:11:08] [spechunter] [Grep] pattern='aia_any|aia_any32|aia_sx|aia_sx32'
[05:11:26] [spechunter] [Read] /home/yzs/riscv/qemu/target/riscv/insn_trans/trans_privileged.c.inc
[05:11:26] [spechunter] [Read] /home/yzs/riscv/qemu/target/riscv/insn_trans/trans_privileged.c.inc
[05:11:26] [spechunter] [Grep] pattern='riscv_cpu_all_pending|riscv_cpu_pending_to_irq'
[05:11:26] [spechunter] [Read] /home/yzs/riscv/qemu/target/riscv/csr.c
[05:11:26] [spechunter] [Grep] pattern='ext_smrnmi'
[05:11:26] [spechunter] [Grep] pattern='ext_smrnmi'
[05:11:37] [spechunter] [Read] /home/yzs/riscv/qemu/target/riscv/cpu_helper.c
[05:11:37] [spechunter] [Grep] pattern='IRQ_M_EXT|IRQ_S_EXT|IPRIO_DEFAULT|IPRIO_MMAX|IPRIO_SMAX|LOCAL_INTERRUPTS|S_MODE_INTERRUPTS|VS_MODE_INTERRUPTS'
[05:11:37] [spechunter] [Read] /home/yzs/riscv/qemu/target/riscv/cpu_bits.h
[05:11:37] [spechunter] [Grep] pattern='rmw_mtopi|read_mtopi|rmw_stopi|rmw_xtopei|mtopei'
[05:11:43] [spechunter] [Read] /home/yzs/riscv/qemu/target/riscv/csr.c
[05:11:43] [spechunter] [Read] /home/yzs/riscv/qemu/target/riscv/csr.c
[05:11:43] [spechunter] [Read] /home/yzs/riscv/qemu/target/riscv/cpu_helper.c
[05:11:43] [spechunter] [Read] /home/yzs/riscv/qemu/target/riscv/cpu_helper.c
[05:11:46] [spechunter] [Grep] pattern='do_page_fault'
[05:11:46] [spechunter] [Grep] pattern='do_trap_break'
[05:11:46] [spechunter] [Grep] pattern='do_trap_ecall_u'
[05:11:46] [spechunter] [Grep] pattern='handle_break'
[05:11:46] [spechunter] [Grep] pattern='excp_vect'
[05:11:46] [spechunter] [Grep] pattern='local_irq_enable'
[05:11:46] [spechunter] [Grep] pattern='hvictl|hgeip|hgeie'
[05:11:46] [spechunter] [Grep] pattern='sithreshold|siprio|sncsr|sncpc'
[05:11:46] [spechunter] [Grep] pattern='handle_exception'
[05:11:56] [spechunter] [Read] /home/yzs/riscv/qemu/target/riscv/cpu_helper.c
[05:11:56] [spechunter] [Grep] pattern='RISCV_EXCP_INT_FLAG|mcause|scause'
[05:11:56] [spechunter] [Read] /home/yzs/riscv/qemu/target/riscv/cpu_bits.h
[05:11:56] [spechunter] [Read] /home/yzs/riscv/qemu/target/riscv/cpu_bits.h
[05:11:56] [spechunter] [Grep] pattern='XLEN|xlen|mxlen|sxlen'
[05:11:56] [spechunter] [Read] /home/yzs/riscv/qemu/target/riscv/cpu_helper.c
[05:12:25] [spechunter] [Read] /home/yzs/riscv/linux/arch/riscv/kernel/traps.c
[05:12:25] [spechunter] [Read] /home/yzs/riscv/linux/arch/riscv/kernel/traps.c
[05:12:25] [spechunter] [Read] /home/yzs/riscv/linux/arch/riscv/kernel/traps.c
[05:12:25] [spechunter] [Read] /home/yzs/riscv/linux/arch/riscv/kernel/entry.S
[05:12:25] [spechunter] [Read] /home/yzs/riscv/linux/arch/riscv/kernel/entry.S
[05:12:25] [spechunter] [Read] /home/yzs/riscv/linux/arch/riscv/mm/fault.c
[05:12:25] [spechunter] [Read] /home/yzs/riscv/linux/arch/riscv/kvm/aia.c
[05:12:25] [spechunter] [Read] /home/yzs/riscv/linux/arch/riscv/kvm/aia.c
[05:12:25] [spechunter] [Read] /home/yzs/riscv/linux/arch/riscv/kvm/aia.c
[05:12:35] [spechunter] [Read] /home/yzs/riscv/qemu/target/riscv/cpu_helper.c
[05:12:35] [spechunter] [Grep] pattern='cpu_get_fcfien'
[05:12:35] [spechunter] [Grep] pattern='MASK_OP_SYSTEM|OPC_RISC_HLVHSV'
[05:12:35] [spechunter] [Grep] pattern='Zicond|CLICK|clicint'
[05:12:35] [spechunter] [Read] /home/yzs/riscv/qemu/target/riscv/cpu.h
[05:12:35] [spechunter] [Read] /home/yzs/riscv/qemu/target/riscv/cpu.h
[05:12:49] [spechunter] [Glob] **/clic*
[05:12:49] [spechunter] [Glob] **/CLIC*
[05:12:49] [spechunter] [Grep] pattern='xcause|xtval|xtvec|xnxti|xscratch|csw'
[05:12:49] [spechunter] [Read] /home/yzs/riscv/qemu/target/riscv/cpu_helper.c
[05:12:49] [spechunter] [Grep] pattern='default_iprio'
[05:12:49] [spechunter] [Read] /home/yzs/riscv/qemu/target/riscv/cpu.c
[05:12:55] [spechunter] [Read] /home/yzs/riscv/linux/arch/riscv/kernel/traps.c
[05:12:55] [spechunter] [Read] /home/yzs/riscv/linux/arch/riscv/kernel/entry.S
[05:12:55] [spechunter] [Read] /home/yzs/riscv/linux/arch/riscv/kvm/aia.c
[05:12:55] [spechunter] [Read] /home/yzs/riscv/linux/arch/riscv/kvm/aia.c
[05:12:55] [spechunter] [Read] /home/yzs/riscv/linux/arch/riscv/kvm/vcpu.c
[05:12:55] [spechunter] [Read] /home/yzs/riscv/linux/arch/riscv/kvm/vcpu.c
[05:12:55] [spechunter] [Grep] pattern='sithreshold|SITHRESHOLD|siprio|SIPRIO'
[05:12:55] [spechunter] [Grep] pattern='sncsr|sncpc|SNCSR|SNCPC|Smnip|smnip|SMNIP'
[05:12:55] [spechunter] [Read] /home/yzs/riscv/linux/arch/riscv/kvm/aia.c
[05:13:13] [spechunter] [Grep] pattern='handle_page_fault'
[05:13:13] [spechunter] [Grep] pattern='CSR_SENVCFG|senvcfg'
[05:13:13] [spechunter] [Grep] pattern='csr_swap|swap_in_guest'
[05:13:13] [spechunter] [Read] /home/yzs/riscv/linux/arch/riscv/mm/fault.c
[05:13:13] [spechunter] [Read] /home/yzs/riscv/linux/arch/riscv/kvm/vcpu.c
[05:13:13] [spechunter] [Grep] pattern='CSR_SITHRESHOLD|CSR_VSITHRESHOLD|CSR_SIPRIO|CSR_VSIPRIO|0x1B1|0x1A1'
[05:13:13] [spechunter] [Grep] pattern='CSR_SNCSR|CSR_SNCPC|SNCSR|SNCPC'
[05:13:13] [spechunter] [Grep] pattern='vsithreshold|vsipstatus|VSITHRESHOLD|VSIPSTATUS'
[05:13:34] [spechunter] [Grep] pattern='TASK_THREAD_SUM_RA|__switch_to_asm'
[05:13:34] [spechunter] [Grep] pattern='SR_SUM|save_from_x6|restore_from_x6'
[05:13:34] [spechunter] [Read] /home/yzs/riscv/linux/arch/riscv/kernel/entry.S
[05:13:34] [spechunter] [Grep] pattern='sithreshold|siprio|sipstatus|SITHRESHOLD|SIPRIO|SIPSTATUS'
[05:13:34] [spechunter] [Grep] pattern='sncsr|sncpc|SNCSR|SNCPC'
[05:13:34] [spechunter] [Grep] pattern='irqentry_enter_from_user_mode|irqentry_enter\\(regs\\)'
[05:13:34] [spechunter] [Read] /home/yzs/riscv/linux/arch/riscv/kernel/entry.S
[05:13:45] [spechunter] [Grep] pattern='Smnip|Smnxt|SMNIP|SMNXT'
[05:13:45] [spechunter] [Grep] pattern='IRQ_S_EXT|IRQ_VS_EXT|IRQ_S_GEXT'
[05:13:45] [spechunter] [Grep] pattern='imsic_mrif_topei|eithreshold|EITHRESHOLD'
[05:13:45] [spechunter] [Grep] pattern='vsstatus|VSSTATUS'
[05:14:22] [spechunter] [text] Let me read the actual interrupt handler code to confirm and provide a thorough analysis.  
[05:14:22] [spechunter] [Read] /home/yzs/riscv/qemu/target/riscv/cpu_helper.c
[05:14:22] [spechunter] [Grep] pattern='xithreshold|xpistatus|pithreshold|snmip|smnip|clic|CLIC|snmi'
[05:14:28] [spechunter] [text] Let me do a final check across the entire repository to be absolutely certain.  
[05:14:28] [spechunter] [Grep] pattern='xithreshold|xpistatus|pithreshold|snmip|smnip'
[05:14:41] [spechunter] [text] Here is the security audit analysis:  ```json {   "findings": [     {       "file_path": "target/riscv/cpu_helper.c",   ...
[05:15:52] [spechunter] [text] Let me verify the key code locations by reading the actual source files.  
[05:15:52] [spechunter] [Read] /home/yzs/riscv/linux/arch/riscv/mm/fault.c
[05:15:52] [spechunter] [Read] /home/yzs/riscv/linux/arch/riscv/kernel/traps.c
[05:15:52] [spechunter] [Read] /home/yzs/riscv/linux/arch/riscv/kernel/traps.c
[05:15:52] [spechunter] [Read] /home/yzs/riscv/linux/arch/riscv/kernel/traps.c
[05:15:59] [spechunter] [Read] /home/yzs/riscv/linux/arch/riscv/kvm/aia.c
[05:15:59] [spechunter] [Read] /home/yzs/riscv/linux/arch/riscv/kernel/entry.S
[05:15:59] [spechunter] [Read] /home/yzs/riscv/linux/arch/riscv/kvm/vcpu.c
[05:16:10] [spechunter] [text] Let me also check the KVM AIA vcpu_load and the trap return path for completeness.  
[05:16:10] [spechunter] [Read] /home/yzs/riscv/linux/arch/riscv/kvm/aia.c
[05:16:10] [spechunter] [Read] /home/yzs/riscv/linux/arch/riscv/kernel/entry.S
[05:16:10] [spechunter] [Read] /home/yzs/riscv/linux/arch/riscv/kernel/entry.S
[05:17:09] [spechunter] [text] Now I have all the code read. Let me compile the complete analysis.  ```json {   "findings": [     {       "file_path": ...
[08:32:06] [spechunter] PR loaded: #732 riscv/riscv-fast-interrupt — "Smnip: fixing situation in which an exception leads to the interrupt …"
[08:32:06] [spechunter]   diff: 4026 chars  body: 23 chars  reviews: 0
[08:32:06] [spechunter] Global pre-filter running...
[08:32:17] [spechunter] [text] {"should_skip": false}
[08:32:18] [spechunter] pre-filter: should_skip=False reason=""
[08:32:35] [spechunter] [text] {"should_skip": false}
[08:32:41] [spechunter] [text] {"should_skip": false}
[08:32:42] [spechunter] [text] {"should_skip": false}
[08:32:43] [spechunter] [text] {"should_skip": false}
[08:32:57] [spechunter] [text] {"should_skip": false}
[08:33:24] [spechunter] [text] Let me first check what QEMU currently implements for CLIC/Smnip to ground this analysis.  
[08:33:24] [spechunter] [Grep] pattern='mnthresh|smnthresh|mnstatus|smnstatus'
[08:33:24] [spechunter] [Grep] pattern='xithreshold|pithreshold'
[08:33:24] [spechunter] [Grep] pattern='smnip|SMNIP|Smnip|CLIC|clic'
[08:33:30] [spechunter] [Grep] pattern='xithreshold|pithreshold|xpistatus'
[08:33:30] [spechunter] [Grep] pattern='sret|mret|trap.*frame|trapframe|TF_'
[08:33:39] [spechunter] [Read] /home/yzs/riscv/freebsd-src/sys/riscv/riscv/trap.c
[08:33:39] [spechunter] [Read] /home/yzs/riscv/freebsd-src/sys/riscv/riscv/exception.S
[08:33:39] [spechunter] [text] Let me look at the relevant QEMU code for CLIC/Smnip threshold handling.  
[08:33:39] [spechunter] [Grep] pattern='mnthresh|mnstatus|smtrap'
[08:33:39] [spechunter] [Grep] pattern='smstateen|mnret|snret'
[08:33:42] [spechunter] [text] ```json {   "violation_condition": "OpenSBI M-mode exception handler enables MIE (mstatus.MIE=1) to allow nested interru...
[08:33:53] [spechunter] [Grep] pattern='mnstatus|mnthresh|MNSTATUS'
[08:33:53] [spechunter] [Grep] pattern='MNSTATUS|MNTHRESH'
[08:33:56] [spechunter] [TodoWrite] 4 items
[08:34:00] [spechunter] [Grep] pattern='xpistatus|pithreshold|xithreshold'
[08:34:00] [spechunter] [Grep] pattern='sstatus|sip|sie'
[08:34:04] [spechunter] [text] ```json {   "violation_condition": "In XiangShan RTL, when a synchronous exception trap is taken (e.g., page fault, ille...
[08:34:11] [spechunter] [Grep] pattern='mip_status|mipstatus|pithreshold'
[08:34:11] [spechunter] [Grep] pattern='MPIP|mpip|MNIP|mnip|MIP_STATUS'
[08:34:11] [spechunter] [Grep] pattern='mstatus.*MIE|MIE.*mstatus|CSR_MIE|mstatus_set_mie|mstatus.*mie'
[08:34:11] [spechunter] [Grep] pattern='mret'
[08:34:11] [spechunter] [Grep] pattern='mcause'
[08:34:15] [spechunter] [Agent] description, subagent_type
[08:34:15] [spechunter] [Agent] description, subagent_type
[08:34:22] [spechunter] [Grep] pattern='smtrap|CLIC|clic|threshold|thresh|mnstatus'
[08:34:22] [spechunter] [Grep] pattern='mnstatus|mnret|smtrap|CLIC|clic|threshold|thresh'
[08:34:22] [spechunter] [Grep] pattern='riscv_cpu_do_interrupt|MSTATUS_NMIE|mnstatus'
[08:34:24] [spechunter] [Read] /home/yzs/riscv/opensbi/firmware/fw_base.S
[08:34:24] [spechunter] [Read] /home/yzs/riscv/opensbi/lib/sbi/sbi_trap.c
[08:34:24] [spechunter] [Read] /home/yzs/riscv/opensbi/lib/sbi/sbi_expected_trap.S
[08:34:25] [spechunter] [Grep] pattern='CLIC|clic|fast.interrupt|xithreshold|xnxti'
[08:34:25] [spechunter] [Grep] pattern='sstatus.*save|save.*sstatus|restore.*sstatus|sstatus.*restore'
[08:34:34] [spechunter] [text] Let me look at whether QEMU implements CLIC/Smnip threshold fields at all.  
[08:34:34] [spechunter] [Grep] pattern='smnip|SMNIP|cliciof|CLICIOF|clicshv|CLICSHV|mnxt|snext|mnintstatus|snintstatus|intthresh|intstatus'
[08:34:34] [spechunter] [Grep] pattern='MSTATUS_MIE|mstatus.*MPIE|trap.*mstatus|double.*trap|doubletrap'
[08:34:38] [spechunter] [Grep] pattern='MCAUSE_IRQ_MASK|MCAUSE_IRQ|mstatus.*MPP|MSTATUS_MPP|MSTATUS_MIE|CSR_MIE'
[08:34:38] [spechunter] [Grep] pattern='mstatus|MSTATUS|mstatus_set_mie|mstatus_mie'
[08:34:38] [spechunter] [Grep] pattern='MNIP|mnip|EITHRESH|eithresh|ithreshold|MITHRESH|mithresh'
[08:34:40] [spechunter] [Read] /home/yzs/riscv/qemu/target/riscv/cpu_helper.c
[08:34:40] [spechunter] [Grep] pattern='ext_smdbltrp|smdbltrp|MSTATUS_MDT|SIE.*trap|mie.*trap'
[08:34:45] [spechunter] [Grep] pattern='snip|smnip|SNIP|Smnip'
[08:34:45] [spechunter] [Grep] pattern='mpistatus|pithreshold|mireg'
[08:34:45] [spechunter] [Grep] pattern='mideleg'
[08:34:45] [spechunter] [Grep] pattern='mstatus.*MIE|MIE.*mstatus|CSR_MIE'
[08:34:45] [spechunter] [Grep] pattern='mcause'
[08:34:45] [spechunter] [Glob] **/*trap*
[08:34:45] [spechunter] [Glob] **/*aclic*
[08:34:45] [spechunter] [Glob] **/*interrupt*
[08:34:46] [spechunter] [Glob] **/*trap*
[08:34:46] [spechunter] [Glob] **/*mtrap*
[08:34:46] [spechunter] [Grep] pattern='trap_handler|handle_trap|sbi_trap_handler|trap_vector'
[08:34:46] [spechunter] [Grep] pattern='mcause|MCAUSE'
[08:34:46] [spechunter] [Grep] pattern='mstatus.*MIE|MIE.*mstatus|MSTATUS_MIE'
[08:34:49] [spechunter] [text] ```json {   "violation_condition": "In a FreeBSD kernel with CLIC/Smnip enabled, a synchronous exception (page fault, il...
[08:34:49] [spechunter] [Agent] description, prompt
[08:34:49] [spechunter] [Agent] description, prompt
[08:34:49] [spechunter] [Agent] description, prompt
[08:34:56] [spechunter] [Grep] pattern='mithreshold'
[08:34:56] [spechunter] [Grep] pattern='sithreshold'
[08:34:56] [spechunter] [Grep] pattern='mpistatus'
[08:34:56] [spechunter] [Grep] pattern='spistatus'
[08:34:56] [spechunter] [Grep] pattern='mret'
[08:34:56] [spechunter] [Grep] pattern='sret'
[08:34:56] [spechunter] [Grep] pattern='CSR_xithreshold|xithreshold'
[08:34:56] [spechunter] [Grep] pattern='CSR_xpistatus|xpistatus'
[08:34:56] [spechunter] [Grep] pattern='trap_entry_FSM|trap_entry'
[08:34:56] [spechunter] [Grep] pattern='CLINT_CSR|CLINT'
[08:34:59] [spechunter] [Read] /home/yzs/riscv/opensbi/lib/sbi/sbi_hsm.c
[08:34:59] [spechunter] [Read] /home/yzs/riscv/opensbi/lib/sbi/sbi_hart.c
[08:34:59] [spechunter] [Read] /home/yzs/riscv/opensbi/lib/utils/irqchip/imsic.c
[08:35:06] [spechunter] [Read] /home/yzs/riscv/opensbi/lib/sbi/sbi_trap.c
[08:35:06] [spechunter] [Read] /home/yzs/riscv/opensbi/include/sbi/sbi_trap.h
[08:35:06] [spechunter] [Read] /home/yzs/riscv/opensbi/lib/sbi/sbi_expected_trap.S
[08:35:06] [spechunter] [Read] /home/yzs/riscv/opensbi/firmware/fw_base.S
[08:35:06] [spechunter] [Read] /home/yzs/riscv/opensbi/lib/sbi/sbi_double_trap.c
[08:35:06] [spechunter] [Read] /home/yzs/riscv/opensbi/include/sbi/sbi_double_trap.h
[08:35:10] [spechunter] [Grep] pattern='pistatus|PISTATUS'
[08:35:10] [spechunter] [Grep] pattern='xpistatus|XPISTATUS'
[08:35:10] [spechunter] [Grep] pattern='pithreshold|PITHRESHOLD'
[08:35:11] [spechunter] [Grep] pattern='ithreshold'
[08:35:11] [spechunter] [Grep] pattern='ITHOLD'
[08:35:11] [spechunter] [Grep] pattern='xithreshold'
[08:35:11] [spechunter] [Grep] pattern='XITHRESHOLD'
[08:35:12] [spechunter] [Grep] pattern='CLIC|fast.interrupt|CLINT|CLIC'
[08:35:12] [spechunter] [Grep] pattern='context.*switch|switch_to|__switch'
[08:35:14] [spechunter] [Grep] pattern='ithreshold|IPRIO_THRESHOLD|threshold'
[08:35:14] [spechunter] [Grep] pattern='ithreshold|mtvt|stvt|Threshold'
[08:35:14] [spechunter] [Grep] pattern='trapEntry|trap_entry|TrapEntry'
[08:35:14] [spechunter] [Grep] pattern='IPRIO|xiprio|pistatus|PISTATUS'
[08:35:16] [spechunter] [Grep] pattern='xithreshold'
[08:35:16] [spechunter] [Grep] pattern='xpistatus'
[08:35:16] [spechunter] [Grep] pattern='scause'
[08:35:20] [spechunter] [Read] /home/yzs/riscv/opensbi/lib/sbi/sbi_trap_ldst.c
[08:35:20] [spechunter] [Read] /home/yzs/riscv/opensbi/lib/sbi/sbi_trap_v_ldst.c
[08:35:20] [spechunter] [Read] /home/yzs/riscv/opensbi/platform/generic/thead/thead_c9xx_tlb_trap_handler.S
[08:35:20] [spechunter] [Read] /home/yzs/riscv/opensbi/include/sbi/sbi_trap_ldst.h
[08:35:20] [spechunter] [Grep] pattern='MSTATUS_MIE|MSTATUS_MPIE|MIE_MASK|MSTATUS_SIE'
[08:35:20] [spechunter] [Grep] pattern='MCAUSE_IRQ_MASK|IRQ_M_TIMER|IRQ_M_SOFT|IRQ_M_EXT|CAUSE_ILLEGAL|CAUSE_MISALIGNED|CAUSE_SUPERVISOR|CAUSE_MACHINE|CAUSE_LOAD_ACCESS|CAUSE_STORE_ACCESS|CAUSE_DOUBLE_TRAP'
[08:35:20] [spechunter] [Grep] pattern='sbi_misaligned_load_handler|sbi_misaligned_store_handler|sbi_load_access_handler|sbi_store_access_handler'
[08:35:22] [spechunter] [Read] /home/yzs/riscv/opensbi/firmware/fw_base.S
[08:35:22] [spechunter] [Read] /home/yzs/riscv/opensbi/lib/sbi/sbi_trap.c
[08:35:22] [spechunter] [Read] /home/yzs/riscv/opensbi/lib/utils/irqchip/imsic.c
[08:35:22] [spechunter] [Read] /home/yzs/riscv/opensbi/include/sbi/riscv_encoding.h
[08:35:22] [spechunter] [Read] /home/yzs/riscv/opensbi/lib/sbi/sbi_hsm.c
[08:35:22] [spechunter] [Grep] pattern='\\bsnip\\b|\\bsmnip\\b'
[08:35:22] [spechunter] [Grep] pattern='\\bmth\\b'
[08:35:22] [spechunter] [Grep] pattern='mpistatus|pithreshold|threshold'
[08:35:25] [spechunter] [Grep] pattern='trap.*entry|trap_entry|exception_entry'
[08:35:25] [spechunter] [Grep] pattern='isInterrupt|isException'
[08:35:25] [spechunter] [Grep] pattern='double.*trap|NMI|mnstatus'
[08:35:25] [spechunter] [Grep] pattern='mret|sret|xRET'
[08:35:25] [spechunter] [Glob] **/src/main/scala/**/*trap*
[08:35:25] [spechunter] [Glob] **/src/main/scala/**/*Trap*
[08:35:26] [spechunter] [Bash] List top-level directory structure
[08:35:26] [spechunter] [Grep] pattern='ithreshold'
[08:35:27] [spechunter] [Agent] description, prompt
[08:35:30] [spechunter] [Grep] pattern='trapEntry.*IPRIO|exception.*threshold|double_trap|synchronous_exception.*ithreshold'
[08:35:30] [spechunter] [Grep] pattern='Smnip|smnip|SMNIP|Mnip|mnip'
[08:35:30] [spechunter] [Grep] pattern='DblTrp|dbltrp|doubleTrap|double_trap'
[08:35:30] [spechunter] [Grep] pattern='hasTrap|hasException|entryPrivState'
[08:35:30] [spechunter] [Grep] pattern='TrapEntryEventInput'
[08:35:32] [spechunter] [text] Now let me search for the specific pattern of MIE being set relative to mcause branching, and any trap handler that touc...
[08:35:32] [spechunter] [Read] /home/yzs/riscv/opensbi/lib/sbi/sbi_hart.c
[08:35:32] [spechunter] [Read] /home/yzs/riscv/opensbi/lib/utils/irqchip/imsic.c
[08:35:32] [spechunter] [Grep] pattern='MSTATUS_MIE|csr_set.*MIE|csr_clear.*MIE|mstatus.*mie|=.*MSTATUS_MIE'
[08:35:35] [spechunter] [Grep] pattern='xithreshold|xpistatus'
[08:35:35] [spechunter] [Read] /home/yzs/riscv/freebsd-src/sys/riscv/riscv/trap.c
[08:35:35] [spechunter] [Read] /home/yzs/riscv/freebsd-src/sys/riscv/riscv/exception.S
[08:35:37] [spechunter] [Grep] pattern='sbi_ecall_handler|sbi_illegal_insn_handler'
[08:35:37] [spechunter] [Grep] pattern='sbi_sse_process_pending_events'
[08:35:37] [spechunter] [Grep] pattern='CSR_MTVEC|mtvec'
[08:35:37] [spechunter] [Grep] pattern='csr[swc].*MSTATUS|csr[swc].*MIE|MSTATUS_MIE|MSTATUS_MPIE'
[08:35:37] [spechunter] [Grep] pattern='MSTATUS_MPRV'
[08:35:37] [spechunter] [Read] /home/yzs/riscv/opensbi/include/sbi/riscv_encoding.h
[08:35:38] [spechunter] [Grep] pattern='mpistatus|MPISTATUS'
[08:35:38] [spechunter] [Grep] pattern='spistatus|SPISTATUS'
[08:35:38] [spechunter] [Grep] pattern='pithreshold|PITHRESHOLD'
[08:35:38] [spechunter] [Grep] pattern='pistatus|PISTATUS'
[08:35:43] [spechunter] [Read] /home/yzs/riscv/XiangShan/src/main/scala/xiangshan/backend/fu/NewCSR/TrapHandleModule.scala
[08:35:43] [spechunter] [Read] /home/yzs/riscv/XiangShan/src/main/scala/xiangshan/backend/fu/NewCSR/CSREvents/CSREvent.scala
[08:35:43] [spechunter] [Read] /home/yzs/riscv/XiangShan/src/main/scala/xiangshan/backend/fu/NewCSR/CSRAIA.scala
[08:35:46] [spechunter] [Grep] pattern='ithreshold|ITHOLD|ithresh'
[08:35:46] [spechunter] [Grep] pattern='ithreshold|ITHOLD|ithresh'
[08:35:46] [spechunter] [Grep] pattern='threshold'
[08:35:50] [spechunter] [Read] /home/yzs/riscv/opensbi/locations/smnip_xithreshold_iprio.json
[08:35:50] [spechunter] [Read] /home/yzs/riscv/opensbi/semantic_finding_smidctrl_eithreshold_eidelivery.json
[08:35:50] [spechunter] [Read] /home/yzs/riscv/opensbi/semantic_finding_aclic_hsm_suspend.json
[08:35:50] [spechunter] [Read] /home/yzs/riscv/opensbi/include/sbi/sbi_trap.h
[08:35:50] [spechunter] [Read] /home/yzs/riscv/opensbi/lib/sbi/sbi_hart.c
[08:35:50] [spechunter] [Read] /home/yzs/riscv/opensbi/semantic_finding_smip_trap_handler.json
[08:35:57] [spechunter] [Glob] sys/riscv/**/*
[08:35:57] [spechunter] [Glob] sys/riscv/**/*.[chS]
[08:35:57] [spechunter] [Grep] pattern='xithreshold|xpistatus|xiprio'
[08:35:57] [spechunter] [Grep] pattern='smnip|clic|SMNIP|CLIC'
[08:35:57] [spechunter] [Grep] pattern='scause'
[08:35:57] [spechunter] [Grep] pattern='INTR|INTR_BIT'
[08:35:57] [spechunter] [Grep] pattern='threshold|pithreshold'
[08:35:57] [spechunter] [Grep] pattern='MSTATUS_MIE|MSTATUS_MPIE'
[08:35:57] [spechunter] [Grep] pattern='csr_set.*MSTATUS|CSR_MSTATUS'
[08:36:04] [spechunter] [text] Let me also check the trapframe struct and the VMM exception handling in more detail
[08:36:04] [spechunter] [Read] /home/yzs/riscv/freebsd-src/sys/riscv/include/frame.h
[08:36:04] [spechunter] [Read] /home/yzs/riscv/freebsd-src/sys/riscv/riscv/intc.c
[08:36:04] [spechunter] [Read] /home/yzs/riscv/freebsd-src/sys/riscv/vmm/vmm_riscv.c
[08:36:04] [spechunter] [Read] /home/yzs/riscv/opensbi/lib/sbi/sbi_ecall.c
[08:36:04] [spechunter] [Read] /home/yzs/riscv/opensbi/lib/sbi/sbi_sse.c
[08:36:04] [spechunter] [Read] /home/yzs/riscv/opensbi/lib/sbi/sbi_illegal_insn.c
[08:36:05] [spechunter] [Grep] pattern='\\bsmip\\b|Snmpi|smnpi|SNIP'
[08:36:05] [spechunter] [Read] /home/yzs/riscv/opensbi/semantic_finding_aclic_mstateen.json
[08:36:05] [spechunter] [Read] /home/yzs/riscv/opensbi/lib/sbi/sbi_expected_trap.S
[08:36:05] [spechunter] [Read] /home/yzs/riscv/opensbi/lib/sbi/sbi_trap.c
[08:36:07] [spechunter] [Grep] pattern='pistat'
[08:36:07] [spechunter] [Grep] pattern='pithreshold'
[08:36:07] [spechunter] [Grep] pattern='pistat'
[08:36:07] [spechunter] [Grep] pattern='pithreshold'
[08:36:08] [spechunter] [Read] /home/yzs/riscv/XiangShan/src/main/scala/xiangshan/backend/fu/NewCSR/TrapHandleModule.scala
[08:36:08] [spechunter] [Read] /home/yzs/riscv/XiangShan/src/main/scala/xiangshan/backend/fu/NewCSR/CSREvents/TrapEntryMEvent.scala
[08:36:08] [spechunter] [Read] /home/yzs/riscv/XiangShan/src/main/scala/xiangshan/backend/fu/NewCSR/CSREvents/TrapEntryHSEvent.scala
[08:36:08] [spechunter] [Read] /home/yzs/riscv/XiangShan/src/main/scala/xiangshan/backend/fu/NewCSR/CSREvents/TrapEntryMNEvent.scala
[08:36:08] [spechunter] [Read] /home/yzs/riscv/XiangShan/src/main/scala/xiangshan/backend/fu/NewCSR/CSREvents/TrapEntryVSEvent.scala
[08:36:08] [spechunter] [Read] /home/yzs/riscv/XiangShan/src/main/scala/xiangshan/backend/fu/NewCSR/CSREvents/TrapEntryDEvent.scala
[08:36:09] [spechunter] [Grep] pattern='mithreshold|sithreshold|mpistatus|spistatus|CSR_xithreshold|CSR_xpistatus'
[08:36:09] [spechunter] [Grep] pattern='smnip|ssnip|smnip|ssnip'
[08:36:09] [spechunter] [Grep] pattern='pistatus|ithreshold'
[08:36:17] [spechunter] [text] ```json {   "violation_condition": "In arch/riscv/kernel/entry.S, the kernel's CLIC-aware trap entry path enables interr...
[08:36:19] [spechunter] [text] Now let me check whether QEMU has an existing CLIC/Smnip CSR implementation or if it's purely a future concern
[08:36:19] [spechunter] [Grep] pattern='CSR_MEPC|CSR_SEPC|CSR_MSTATUS"'
[08:36:19] [spechunter] [Grep] pattern='0x345|0x346|0x347|0x34[0-9]"'
[08:36:24] [spechunter] [Read] /home/yzs/riscv/freebsd-src/sys/riscv/riscv/trap.c
[08:36:24] [spechunter] [Read] /home/yzs/riscv/freebsd-src/sys/riscv/riscv/exception.S
[08:36:24] [spechunter] [Read] /home/yzs/riscv/freebsd-src/sys/riscv/riscv/swtch.S
[08:36:24] [spechunter] [Read] /home/yzs/riscv/freebsd-src/sys/riscv/include/riscvreg.h
[08:36:24] [spechunter] [Read] /home/yzs/riscv/freebsd-src/sys/riscv/include/frame.h
[08:36:24] [spechunter] [Read] /home/yzs/riscv/freebsd-src/sys/riscv/include/encoding.h
[08:36:26] [spechunter] [Read] /home/yzs/riscv/XiangShan/src/main/scala/xiangshan/backend/fu/NewCSR/InterruptFilter.scala
[08:36:26] [spechunter] [Grep] pattern='hasTrap|entryPrivState|exception.*interrupt|trap.*pistatus'
[08:36:26] [spechunter] [Grep] pattern='trap.*mstatus|trap.*vsstatus|trap.*mnstatus|isInterrupt|isException'
[08:36:26] [spechunter] [Grep] pattern='mipreemptcfg|MFIE|mfie|fithresh'
[08:36:28] [spechunter] [Grep] pattern='threshold|Threshold'
[08:36:28] [spechunter] [Glob] src/main/scala/xiangshan/backend/fu/NewCSR/**/*.scala
[08:36:28] [spechunter] [Grep] pattern='threshold|Threshold'
[08:36:33] [spechunter] [Grep] pattern='aiaCSRMods|AiaCsrMod'
[08:36:33] [spechunter] [Grep] pattern='eithreshold|eidelivery|mithreshold'
[08:36:33] [spechunter] [Grep] pattern='mtopei|stopei|vstopei|Mtopei|Stopei|Vstopei'
[08:36:33] [spechunter] [Glob] **/*Aia*
[08:36:36] [spechunter] [Read] /home/yzs/riscv/XiangShan/src/main/scala/xiangshan/backend/fu/NewCSR/CSREvents/TrapEntryMEvent.scala
[08:36:36] [spechunter] [Read] /home/yzs/riscv/XiangShan/src/main/scala/xiangshan/backend/fu/NewCSR/CSREvents/MretEvent.scala
[08:36:36] [spechunter] [Read] /home/yzs/riscv/XiangShan/src/main/scala/xiangshan/backend/fu/NewCSR/CSREvents/SretEvent.scala
[08:36:36] [spechunter] [Read] /home/yzs/riscv/opensbi/lib/sbi/sbi_hsm.c
[08:36:36] [spechunter] [Grep] pattern='domain_context|saved_mie|saved_mip|saved_menvcfg|saved_m'
[08:36:36] [spechunter] [Grep] pattern='saved_mie|saved_mip|saved_menvcfg|saved_medeleg|saved_mideleg'
[08:36:36] [spechunter] [Grep] pattern='xnxti'
[08:36:36] [spechunter] [Grep] pattern='xithreshold'
[08:36:36] [spechunter] [Grep] pattern='xpistatus'
[08:36:36] [spechunter] [Grep] pattern='xRET'
[08:36:42] [spechunter] [Read] /home/yzs/riscv/freebsd-src/sys/riscv/riscv/intc.c
[08:36:42] [spechunter] [Read] /home/yzs/riscv/freebsd-src/sys/riscv/vmm/vmm_riscv.c
[08:36:42] [spechunter] [Read] /home/yzs/riscv/freebsd-src/sys/riscv/vmm/vmm.c
[08:36:42] [spechunter] [Read] /home/yzs/riscv/freebsd-src/sys/riscv/vmm/riscv.h
[08:36:42] [spechunter] [Read] /home/yzs/riscv/freebsd-src/sys/riscv/vmm/vmm_switch.S
[08:36:42] [spechunter] [Read] /home/yzs/riscv/freebsd-src/sys/riscv/include/trap.h
[08:36:42] [spechunter] [Read] /home/yzs/riscv/XiangShan/src/main/scala/xiangshan/backend/fu/NewCSR/NewCSR.scala
[08:36:42] [spechunter] [Read] /home/yzs/riscv/XiangShan/src/main/scala/xiangshan/backend/fu/NewCSR/CSREvents/MretEvent.scala
[08:36:42] [spechunter] [Read] /home/yzs/riscv/XiangShan/src/main/scala/xiangshan/backend/fu/NewCSR/CSREvents/SretEvent.scala
[08:36:42] [spechunter] [Read] /home/yzs/riscv/XiangShan/src/main/scala/xiangshan/backend/fu/NewCSR/CSREvents/MNretEvent.scala
[08:36:42] [spechunter] [Read] /home/yzs/riscv/XiangShan/src/main/scala/xiangshan/backend/fu/NewCSR/CSREvents/CSREvent.scala
[08:36:47] [spechunter] [Read] /home/yzs/riscv/XiangShan/src/main/scala/xiangshan/backend/fu/NewCSR/CSRAIA.scala
[08:36:48] [spechunter] [Read] /home/yzs/riscv/XiangShan/src/main/scala/xiangshan/backend/fu/NewCSR/CSRAIA.scala
[08:36:48] [spechunter] [Read] /home/yzs/riscv/XiangShan/src/main/scala/xiangshan/backend/fu/NewCSR/InterruptFilter.scala
[08:36:48] [spechunter] [Read] /home/yzs/riscv/XiangShan/src/main/scala/xiangshan/backend/fu/NewCSR/CSRDefines.scala
[08:36:54] [spechunter] [TodoWrite] 4 items
[08:36:56] [spechunter] [Read] /home/yzs/riscv/XiangShan/src/main/scala/xiangshan/backend/fu/NewCSR/MachineLevel.scala
[08:36:56] [spechunter] [Read] /home/yzs/riscv/XiangShan/src/main/scala/xiangshan/backend/fu/NewCSR/InterruptFilter.scala
[08:36:56] [spechunter] [Read] /home/yzs/riscv/XiangShan/src/main/scala/xiangshan/backend/fu/NewCSR/ExceptionBundle.scala
[08:36:56] [spechunter] [Read] /home/yzs/riscv/XiangShan/src/main/scala/xiangshan/backend/fu/NewCSR/CSRPermitModule.scala
[08:36:58] [spechunter] [text] Here are the complete findings across the FreeBSD kernel RISC-V port:  ```json {   "locations": [     {       "file_path...
[08:36:59] [spechunter] [Read] /home/yzs/riscv/XiangShan/src/main/scala/xiangshan/backend/fu/NewCSR/NewCSR.scala
[08:36:59] [spechunter] [Read] /home/yzs/riscv/XiangShan/src/main/scala/xiangshan/backend/fu/NewCSR/NewCSR.scala
[08:36:59] [spechunter] [Read] /home/yzs/riscv/XiangShan/src/main/scala/xiangshan/backend/fu/NewCSR/NewCSR.scala
[08:37:04] [spechunter] [text] QEMU currently has no CLIC/Smnip CSR implementation. The spec diff clarifies a subtle behavioral change: on exception en...
[08:37:06] [spechunter] [Grep] pattern='smnip|SMNIP|clic|CLIC'
[08:37:06] [spechunter] [Grep] pattern='nmi|NMI'
[08:37:06] [spechunter] [Grep] pattern='iprio'
[08:37:06] [spechunter] [Grep] pattern='xithreshold|xpistatus'
[08:37:06] [spechunter] [Read] /home/yzs/riscv/freebsd-src/sys/riscv/vmm/vmm_aplic.h
[08:37:06] [spechunter] [Read] /home/yzs/riscv/freebsd-src/sys/riscv/riscv/db_trace.c
[08:37:08] [spechunter] [Grep] pattern='mthreshold|mthreshold|mthresh'
[08:37:08] [spechunter] [Grep] pattern='Csr.*=.*0x[0-9a-fA-F]{3}'
[08:37:12] [spechunter] [Grep] pattern='Smnip|smnip|SMNIP'
[08:37:12] [spechunter] [Grep] pattern='nxti|NXTI'
[08:37:12] [spechunter] [Grep] pattern='pithreshold|PITHRESHOLD|sithreshold|SITHRESHOLD|pistatus|PISTATUS'
[08:37:12] [spechunter] [Grep] pattern='sstatus.*SIE|SIE.*sstatus|csr_write.*sstatus|csr_set.*sstatus|csr_clear.*sstatus'
[08:37:14] [spechunter] [Read] /home/yzs/riscv/linux/arch/riscv/kernel/entry.S
[08:37:14] [spechunter] [Grep] pattern='xpistatus|xithreshold|xnxti'
[08:37:15] [spechunter] [Grep] pattern='0x35|0x15|mpistat|spistat'
[08:37:15] [spechunter] [Grep] pattern='mret|sret|mnret|snret'
[08:37:15] [spechunter] [Grep] pattern='trapEntry|TrapEntry|trap_entry|exceptionEntry|ExceptionEntry'
[08:37:17] [spechunter] [Grep] pattern='class ExceptionNO|object ExceptionNO|EX_DT|EX_DBLTRP'
[08:37:17] [spechunter] [Read] /home/yzs/riscv/XiangShan/src/main/scala/xiangshan/backend/fu/NewCSR/CSRBundles.scala
[08:37:17] [spechunter] [Read] /home/yzs/riscv/XiangShan/src/main/scala/xiangshan/backend/fu/NewCSR/InterruptBundle.scala
[08:37:17] [spechunter] [Read] /home/yzs/riscv/XiangShan/src/main/scala/xiangshan/backend/fu/NewCSR/SupervisorLevel.scala
[08:37:19] [spechunter] [Read] /home/yzs/riscv/freebsd-src/sys/riscv/riscv/aplic.c
[08:37:19] [spechunter] [Read] /home/yzs/riscv/freebsd-src/sys/riscv/riscv/plic.c
[08:37:19] [spechunter] [Read] /home/yzs/riscv/freebsd-src/sys/riscv/riscv/locore.S
[08:37:19] [spechunter] [Read] /home/yzs/riscv/freebsd-src/sys/riscv/riscv/genassym.c
[08:37:25] [spechunter] [Grep] pattern='struct sbi_hsm_data|saved_mie|saved_mip|saved_medeleg|saved_mideleg|saved_menvcfg'
[08:37:25] [spechunter] [Read] /home/yzs/riscv/opensbi/lib/sbi/sbi_domain_context.c
[08:37:25] [spechunter] [Agent] description, prompt
[08:37:28] [spechunter] [Grep] pattern='pistatus|pithreshold'
[08:37:28] [spechunter] [Grep] pattern='Pistatus|Pithreshold|PISTATUS|PITHRESHOLD'
[08:37:33] [spechunter] [Grep] pattern='xithreshold'
[08:37:35] [spechunter] [Read] /home/yzs/riscv/XiangShan/smidctrl_cross_validated_locations.json
[08:37:35] [spechunter] [Read] /home/yzs/riscv/XiangShan/smidctrl_threshold_findings.json
[08:37:37] [spechunter] [Glob] **/CSRs.scala
[08:37:37] [spechunter] [Grep] pattern='mthreshold|mthreshold|xithresh'
[08:37:38] [spechunter] [Grep] pattern='pithreshold'
[08:37:38] [spechunter] [Grep] pattern='xithreshold'
[08:37:38] [spechunter] [Grep] pattern='pithreshold'
[08:37:38] [spechunter] [Grep] pattern='mnstatus'
[08:37:38] [spechunter] [Grep] pattern='smnip|smtrap|smrnmi'
[08:37:40] [spechunter] [Grep] pattern='object ExceptionNO'
[08:37:40] [spechunter] [Read] /home/yzs/riscv/XiangShan/src/main/scala/xiangshan/backend/fu/NewCSR/TrapInstMod.scala
[08:37:40] [spechunter] [Read] /home/yzs/riscv/XiangShan/src/main/scala/xiangshan/backend/fu/NewCSR/CSREvents/DretEvent.scala
[08:37:44] [spechunter] [Grep] pattern='mpistatus|mth|pithreshold|mireg|mtopi|mnxti'
[08:37:44] [spechunter] [Grep] pattern='snip|smnip|aclic|aiclic'
[08:37:44] [spechunter] [Grep] pattern='mtoPI|MTOPI|smaia|SMAIA|mtopei|MTOPEI'
[08:37:44] [spechunter] [Grep] pattern='pistat'
[08:37:44] [spechunter] [Read] /home/yzs/riscv/XiangShan/src/main/scala/xiangshan/backend/fu/NewCSR/InterruptFilter.scala
[08:37:55] [spechunter] [Grep] pattern='CLIC|clic|Smclic|smclic|CLINT|clint'
[08:37:55] [spechunter] [Grep] pattern='CSR_XSTATUS|CSR_STATUS|CSR_EPC|CSR_CAUSE|CSR_TVAL|CSR_SCRATCH'
[08:37:55] [spechunter] [Grep] pattern='pithreshold|PITHRESHOLD|threshold.*interrupt|interrupt.*threshold|int.*prio|prio.*int'
[08:37:55] [spechunter] [Bash] Check recent commits on current branch
[08:37:55] [spechunter] [Grep] pattern='threshold'
[08:37:55] [spechunter] [Grep] pattern='threshold'
[08:37:55] [spechunter] [Bash] Check what files the latest commit changed
[08:37:57] [spechunter] [Grep] pattern='mnstatus'
[08:37:58] [spechunter] [Grep] pattern='SNXTI|snxti|sit_threshold|SIT_THRESHOLD|si_threshold|sithreshold|SITHRESH'
[08:37:58] [spechunter] [Grep] pattern='CSR_XI|CSR_SI|CSR_PI|CSR_SN|CSR_VSIT|CSR_VNXT'
[08:37:58] [spechunter] [Grep] pattern='SRET|sret|mret'
[08:37:58] [spechunter] [Grep] pattern='topi|TOPI|TOPI_DATA|topi_data'
[08:38:02] [spechunter] [text] Let me now read the key files deeply.  
[08:38:02] [spechunter] [Read] /home/yzs/riscv/opensbi/lib/sbi/sbi_trap.c
[08:38:02] [spechunter] [Read] /home/yzs/riscv/opensbi/include/sbi/sbi_trap.h
[08:38:10] [spechunter] [Read] /home/yzs/riscv/linux/arch/riscv/include/asm/csr.h
[08:38:10] [spechunter] [Read] /home/yzs/riscv/linux/arch/riscv/kernel/entry.S
[08:38:12] [spechunter] [Grep] pattern='threshold'
[08:38:12] [spechunter] [Bash] Check uncommitted changes in csr.c
[08:38:12] [spechunter] [Grep] pattern='smnip|SMNIP|smeip|SMEIP'
[08:38:12] [spechunter] [Grep] pattern='xpistatus|XPISTATUS|xi_status|xistatus'
[08:38:12] [spechunter] [Grep] pattern='xiselect|XISELECT|xi_select'
[08:38:13] [spechunter] [Grep] pattern='sstatus.*SIE|SR_IE|IE.*enable|interrupt.*enable|local_irq_enable|csrs.*IE|csrsi'
[08:38:13] [spechunter] [Grep] pattern='XPISTATUS|xpistatus|XSTATUS|xstatus'
[08:38:13] [spechunter] [Grep] pattern='XNXTI|xnxti|NEXT_IRQ|next_irq|clic.*next|next.*clic'
[08:38:23] [spechunter] [Bash] Check exact git state
[08:38:23] [spechunter] [Grep] pattern='xireg[23456]|sxireg|vsxireg|mxireg'
[08:38:23] [spechunter] [Grep] pattern='smtrap|SMTRAP|sm_nmi_trap|smeip|SMEIP|hipc'
[08:38:24] [spechunter] [Grep] pattern='0xFB1|0x1B1|0x348|0x148'
[08:38:24] [spechunter] [Grep] pattern='mthreshold|sthreshold|threshold.*csr|CSR.*THRESH|CSR.*THR'
[08:38:24] [spechunter] [Grep] pattern='local_irq_enable|local_irq_disable|local_irq_save|local_irq_restore'
[08:38:24] [spechunter] [Grep] pattern='xtopi|mnxti|snxti|mnxt|snxt'
[08:38:24] [spechunter] [Grep] pattern='do_irq|handle_exception|do_page_fault|do_trap_break|do_trap_ecall'
[08:38:29] [spechunter] [text] Now I have a complete picture. Here is the JSON result:  ```json {   "locations": [     {       "file_path": "firmware/f...
[08:38:35] [spechunter] [text] Now let me search for where MIE gets explicitly enabled and look at the assembly entry path more carefully.  
[08:38:35] [spechunter] [Grep] pattern='MSTATUS_MIE|mstatus.*MIE|mie.*enable|csr.*mie|csrs.*mstatus'
[08:38:35] [spechunter] [Read] /home/yzs/riscv/opensbi/firmware/fw_base.S
[08:38:35] [spechunter] [Grep] pattern='mpistatus|mth[^i]|CSR_MTH|csr.*0x'
[08:38:42] [spechunter] [Grep] pattern='double.?trap|double_trap|doubletrap'
[08:38:42] [spechunter] [Grep] pattern='smtrap'
[08:38:42] [spechunter] [Grep] pattern='EITHRESHOLD'
[08:38:42] [spechunter] [Grep] pattern='riscv_cpu_do_interrupt'
[08:38:42] [spechunter] [Grep] pattern='pithreshold|xithreshold'
[08:38:43] [spechunter] [Grep] pattern='ithreshold|eithreshold|IPRIO_MASK|ithres'
[08:38:43] [spechunter] [Grep] pattern='ithreshold|eithreshold'
[08:38:43] [spechunter] [Grep] pattern='riscv_cpu_do_interrupt'
[08:38:50] [spechunter] [text] Now I have all the data needed to compile the comprehensive location report. Here is the JSON:  ```json {   "locations":...
[08:38:50] [spechunter] [Read] /home/yzs/riscv/linux/arch/riscv/kernel/traps.c
[08:38:50] [spechunter] [Read] /home/yzs/riscv/linux/tmp/smnip_audit_result.json
[08:38:55] [spechunter] [Grep] pattern='csr_read.*(xit|iprio|threshold|topi|topei|stopi|stopei|mtopi|mtopei)'
[08:38:55] [spechunter] [Grep] pattern='csr_write.*(xit|iprio|threshold|topi|topei|stopi|stopei|mtopi|mtopei)'
[08:38:55] [spechunter] [Grep] pattern='DECLARE_CSR.*(xit|iprio|threshold|topi|topei|stopi|stopei)'
[08:38:55] [spechunter] [Grep] pattern='vmmops_run|vmm_switch|hyptrap|hypctx|hstatus|hideleg|hedeleg'
[08:38:55] [spechunter] [Grep] pattern='sret|mret|SRET|MRET'
[08:38:55] [spechunter] [Grep] pattern='intr_enable|intr_disable|intr_restore'
[08:38:55] [spechunter] [Grep] pattern='Smnip|smnip|SMNIP|snip|SNIP'
[08:38:55] [spechunter] [Grep] pattern='CSR_XPISTATUS|CSR_XNXT|CSR_XITHRESHOLD|CSR_XTOPI|CSR_SNXT|CSR_SITHRESHOLD|CSR_STOPI'
[08:38:55] [spechunter] [Grep] pattern='local_irq_enable|local_irq_restore|irqs_disabled|raw_local_irq'
[08:39:00] [spechunter] [Read] /home/yzs/riscv/qemu/target/riscv/cpu_helper.c
[08:39:00] [spechunter] [Read] /home/yzs/riscv/qemu/target/riscv/cpu_helper.c
[08:39:00] [spechunter] [Read] /home/yzs/riscv/qemu/target/riscv/cpu_bits.h
[08:39:00] [spechunter] [Read] /home/yzs/riscv/qemu/target/riscv/csr.c
[08:39:00] [spechunter] [Read] /home/yzs/riscv/qemu/target/riscv/op_helper.c
[08:39:00] [spechunter] [Read] /home/yzs/riscv/qemu/hw/intc/riscv_imsic.c
[08:39:06] [spechunter] [text] Let me look at the key files more deeply to confirm exact line numbers
[08:39:06] [spechunter] [Read] /home/yzs/riscv/linux/arch/riscv/include/asm/irqflags.h
[08:39:06] [spechunter] [Read] /home/yzs/riscv/linux/arch/riscv/mm/fault.c
[08:39:06] [spechunter] [Read] /home/yzs/riscv/linux/arch/riscv/kvm/aia.c
[08:39:12] [spechunter] [Grep] pattern='intr_enable|intr_disable|intr_restore'
[08:39:12] [spechunter] [Read] /home/yzs/riscv/freebsd-src/sys/riscv/include/vmm.h
[08:39:12] [spechunter] [Grep] pattern='.*'
[08:39:12] [spechunter] [Grep] pattern='vm_exit|vmm_switch|critical|intr_disable|intr_enable|scause'
[08:39:12] [spechunter] [Read] /home/yzs/riscv/freebsd-src/sys/riscv/riscv/machdep.c
[08:39:13] [spechunter] [Read] /home/yzs/riscv/qemu/target/riscv/cpu_helper.c
[08:39:13] [spechunter] [Read] /home/yzs/riscv/qemu/target/riscv/cpu_helper.c
[08:39:13] [spechunter] [Read] /home/yzs/riscv/qemu/target/riscv/cpu_helper.c
[08:39:15] [spechunter] [text] Let me look deeper for Smnip/Smnmi specific CSR definitions and nested interrupt enable paths.  
[08:39:15] [spechunter] [Grep] pattern='mnstatus|mnscratch|mnepc|mncause|mepc_h|mnxti|CSR_MNS'
[08:39:15] [spechunter] [Grep] pattern='mnstatus|mnepc|mncause|mnscratch|mnxti'
[08:39:15] [spechunter] [Grep] pattern='CLEAR_MDT|clear.*mdt|MDT|MSTATUS_SDT|MSTATUS_MDT'
[08:39:19] [spechunter] [Read] /home/yzs/riscv/linux/arch/riscv/kvm/vcpu_exit.c
[08:39:19] [spechunter] [Read] /home/yzs/riscv/linux/arch/riscv/kvm/vcpu.c
[08:39:19] [spechunter] [Read] /home/yzs/riscv/linux/arch/riscv/mm/fault.c
[08:39:19] [spechunter] [Read] /home/yzs/riscv/linux/drivers/irqchip/irq-riscv-imsic-state.c
[08:39:28] [spechunter] [TodoWrite] 5 items
[08:39:34] [spechunter] [Read] /home/yzs/riscv/qemu/target/riscv/cpu_helper.c
[08:39:34] [spechunter] [Grep] pattern='IPRIO_DEFAULT_M|iprio_mask|topi|TOPI|IPRIO'
[08:39:34] [spechunter] [Grep] pattern='riscv_cpu_pending_to_irq'
[08:39:36] [spechunter] [Grep] pattern='riscv_env_smode_dbltrp_enabled'
[08:39:36] [spechunter] [Grep] pattern='MSTATUS_SDT|MSTATUS_MDT'
[08:39:36] [spechunter] [Grep] pattern='ssdbltrp|smdbltrp'
[08:39:36] [spechunter] [Grep] pattern='riscv_imsic_eithreshold'
[08:39:36] [spechunter] [Grep] pattern='eithreshold|eidelivery'
[08:39:36] [spechunter] [Grep] pattern='ext_ssdbltrp|ext_smdbltrp'
[08:39:38] [spechunter] [Read] /home/yzs/riscv/freebsd-src/sys/riscv/riscv/locore.S
[08:39:38] [spechunter] [Grep] pattern='stvec|mtvec|exception|trap|irq|interrupt'
[08:39:38] [spechunter] [Grep] pattern='scause|trap|frame'
[08:39:38] [spechunter] [Read] /home/yzs/riscv/freebsd-src/sys/riscv/include/cpufunc.h
[08:39:38] [spechunter] [Glob] **/bhyve/**
[08:39:38] [spechunter] [Grep] pattern='SIE|sie|status|SSTATUS'
[08:39:50] [spechunter] [Bash] Check uncommitted csr.c changes
[08:39:50] [spechunter] [Bash] Check if there are any branches with smnip-related changes
[08:39:50] [spechunter] [Grep] pattern='IPRIO_DEFAULT|riscv_cpu_pending_to_irq'
[08:39:57] [spechunter] [Grep] pattern='0x325|0x326|0x327|0x328|0x329|0xB38|0xB39|0xB3A|0xB3B|mipreemptcf|mipreempt'
[08:39:57] [spechunter] [Read] /home/yzs/riscv/XiangShan/src/main/scala/xiangshan/backend/decode/isa/CSRs.scala
[08:40:05] [spechunter] [Read] /home/yzs/riscv/qemu/target/riscv/cpu_helper.c
[08:40:05] [spechunter] [Read] /home/yzs/riscv/qemu/target/riscv/cpu_helper.c
[08:40:05] [spechunter] [Read] /home/yzs/riscv/qemu/hw/intc/riscv_imsic.c
[08:40:05] [spechunter] [Read] /home/yzs/riscv/qemu/target/riscv/op_helper.c
[08:40:05] [spechunter] [Read] /home/yzs/riscv/qemu/target/riscv/csr.c
[08:40:05] [spechunter] [Read] /home/yzs/riscv/qemu/target/riscv/csr.c
[08:40:05] [spechunter] [Read] /home/yzs/riscv/qemu/target/riscv/cpu.c
[08:40:05] [spechunter] [Read] /home/yzs/riscv/qemu/target/riscv/csr.c
[08:40:14] [spechunter] [Grep] pattern='pithreshold|PI_THRESHOLD|pi_threshold'
[08:40:14] [spechunter] [Grep] pattern='xithreshold|XI_THRESHOLD|xi_threshold'
[08:40:14] [spechunter] [Grep] pattern='smnip|Smnip|SMNIP'
[08:40:14] [spechunter] [Grep] pattern='interrupt.*threshold|threshold.*interrupt'
[08:40:15] [spechunter] [text] Let me look more specifically for where MIE is set in the code.  
[08:40:15] [spechunter] [Grep] pattern='MSTATUS_MIE'
[08:40:15] [spechunter] [Grep] pattern='csr_set.*MSTATUS|csrw.*MSTATUS|csrs.*mstatus|csrsi.*0x300'
[08:40:19] [spechunter] [text] Let me trace the call chains more deeply to find where interrupts might be enabled before CSR save/restore.  
[08:40:19] [spechunter] [Read] /home/yzs/riscv/linux/arch/riscv/kernel/traps.c
[08:40:19] [spechunter] [Grep] pattern='do_irq|handle_irq|riscv_do_irq'
[08:40:19] [spechunter] [Grep] pattern='arch_local_irq_enable|arch_local_irq_restore|__asm__.*csr[sr].*IE|SR_SIE|SSTATUS_SIE|\\bSIE\\b'
[08:40:37] [spechunter] [text] Based on my comprehensive search, here is the complete JSON report:  ```json {   "locations": [     {       "file_path":...
[08:40:41] [spechunter] [Grep] pattern='xpistatus|xi_pi_status|xipistatus'
[08:40:41] [spechunter] [Grep] pattern='riscv_do_nmi'
[08:40:41] [spechunter] [Grep] pattern='rnmi_excpvec|rnmip|MNSTATUS'
[08:40:43] [spechunter] [text] Let me search for these entities across the codebase systematically.  
[08:40:43] [spechunter] [Grep] pattern='xithreshold|xpistatus'
[08:40:43] [spechunter] [Grep] pattern='smnip|clic|CLIC'
[08:40:43] [spechunter] [Grep] pattern='scause|SCAUSE'
[08:40:43] [spechunter] [Grep] pattern='xiprio|iprio|IPRIO|pithreshold|PITHRESHOLD'
[08:40:43] [spechunter] [Grep] pattern='INTR'
[08:40:48] [spechunter] [Grep] pattern='InterruptFilter|force_write|forceWrite|intrFilter'
[08:40:48] [spechunter] [Grep] pattern='force_write|forceWrite'
[08:40:48] [spechunter] [Read] /home/yzs/riscv/XiangShan/src/main/scala/xiangshan/backend/fu/NewCSR/CSREvents/TrapEntryMEvent.scala
[08:40:49] [spechunter] [Grep] pattern='mdbltrp|dbltrp|sdbltrp'
[08:40:49] [spechunter] [Grep] pattern='CSR_MNSTATUS|CSR_MNEPC|CSR_MNCAUSE|CSR_MSCRATCH'
[08:40:49] [spechunter] [Grep] pattern='MSTATUS_MIE|MSTATUS_SIE|MSTATUS_MPIE|MSTATUS_SPIE'
[08:40:49] [spechunter] [Grep] pattern='dtbltrp|smtrap|pithreshold|xithreshold'
[08:40:49] [spechunter] [Read] /home/yzs/riscv/qemu/target/riscv/op_helper.c
[08:40:49] [spechunter] [Read] /home/yzs/riscv/qemu/target/riscv/csr.c
[08:40:56] [spechunter] [text] Now let me read the critical files to understand the trap flow.  
[08:40:56] [spechunter] [Read] /home/yzs/riscv/freebsd-src/sys/riscv/riscv/exception.S
[08:40:56] [spechunter] [Read] /home/yzs/riscv/freebsd-src/sys/riscv/riscv/trap.c
[08:40:56] [spechunter] [Read] /home/yzs/riscv/freebsd-src/sys/riscv/riscv/swtch.S
[08:40:56] [spechunter] [Read] /home/yzs/riscv/freebsd-src/sys/riscv/riscv/intc.c
[08:41:00] [spechunter] [Read] /home/yzs/riscv/XiangShan/src/main/scala/xiangshan/backend/fu/NewCSR/NewCSR.scala
[08:41:00] [spechunter] [Read] /home/yzs/riscv/XiangShan/src/main/scala/xiangshan/backend/fu/NewCSR/NewCSR.scala
[08:41:12] [spechunter] [Grep] pattern='threshold|Threshold|THRESHOLD|ithresh'
[08:41:12] [spechunter] [Grep] pattern='threshold|Threshold|THRESHOLD|ithresh'
[08:41:12] [spechunter] [Grep] pattern='threshold|Threshold|THRESHOLD|ithresh'
[08:41:13] [spechunter] [Read] /home/yzs/riscv/qemu/target/riscv/csr.c
[08:41:13] [spechunter] [Read] /home/yzs/riscv/qemu/target/riscv/cpu_helper.c
[08:41:13] [spechunter] [Read] /home/yzs/riscv/qemu/target/riscv/csr.c
[08:41:13] [spechunter] [Read] /home/yzs/riscv/qemu/target/riscv/tcg/tcg-cpu.c
[08:41:13] [spechunter] [Read] /home/yzs/riscv/qemu/target/riscv/cpu.c
[08:41:13] [spechunter] [Read] /home/yzs/riscv/qemu/target/riscv/cpu_bits.h
[08:41:13] [spechunter] [Read] /home/yzs/riscv/qemu/target/riscv/cpu_helper.c
[08:41:23] [spechunter] [Read] /home/yzs/riscv/qemu/target/riscv/cpu_helper.c
[08:41:23] [spechunter] [Read] /home/yzs/riscv/qemu/target/riscv/csr.c
[08:41:23] [spechunter] [Read] /home/yzs/riscv/qemu/hw/intc/riscv_aplic.c
[08:41:23] [spechunter] [Read] /home/yzs/riscv/qemu/hw/intc/riscv_aplic.c
[08:41:23] [spechunter] [Read] /home/yzs/riscv/XiangShan/src/main/scala/xiangshan/backend/fu/NewCSR/CSREvents/TrapEntryHSEvent.scala
[08:41:23] [spechunter] [Read] /home/yzs/riscv/XiangShan/src/main/scala/xiangshan/backend/fu/NewCSR/CSREvents/TrapEntryVSEvent.scala
[08:41:23] [spechunter] [Read] /home/yzs/riscv/XiangShan/src/main/scala/xiangshan/backend/fu/NewCSR/CSREvents/TrapEntryMNEvent.scala
[08:41:31] [spechunter] [text] Now let me look at the preemptive vector extension and KVM paths, and the irqflags implementation.  
[08:41:31] [spechunter] [Read] /home/yzs/riscv/linux/arch/riscv/include/asm/irqflags.h
[08:41:31] [spechunter] [Read] /home/yzs/riscv/linux/arch/riscv/kernel/traps.c
[08:41:31] [spechunter] [Grep] pattern='riscv_v_context|V_PREEMPTIVE|v_context'
[08:41:44] [spechunter] [Bash] Check if ChiselAIA submodule is populated
[08:41:44] [spechunter] [Read] /home/yzs/riscv/XiangShan/src/main/scala/xiangshan/backend/fu/NewCSR/TrapHandleModule.scala
[08:41:44] [spechunter] [Read] /home/yzs/riscv/XiangShan/src/main/scala/device/AXI4Plic.scala
[08:41:44] [spechunter] [text] Now let me look at the VMM trap handling and search for any CSR definitions related to CLIC/Smnip, as well as the trap f...
[08:41:44] [spechunter] [Read] /home/yzs/riscv/freebsd-src/sys/riscv/vmm/vmm_switch.S
[08:41:44] [spechunter] [Read] /home/yzs/riscv/freebsd-src/sys/riscv/vmm/vmm_riscv.c
[08:41:44] [spechunter] [Read] /home/yzs/riscv/freebsd-src/sys/riscv/vmm/vmm_riscv.c
[08:41:44] [spechunter] [Grep] pattern='mnip|smstateen|siselect|sireg|mnstatus|mnscratch|mepc'
[08:41:44] [spechunter] [Read] /home/yzs/riscv/freebsd-src/sys/riscv/include/encoding.h
[08:42:04] [spechunter] [Grep] pattern='smrnmi|ext_smrnmi'
[08:42:04] [spechunter] [Read] /home/yzs/riscv/qemu/target/riscv/cpu_helper.c
[08:42:04] [spechunter] [Grep] pattern='MSTATUS_MIE|MSTATUS_SIE'
[08:42:04] [spechunter] [Grep] pattern='threshold'
[08:42:09] [spechunter] [text] Now let me look at the KVM save/restore paths and the preemptive vector handler, plus the actual irqentry paths
[08:42:09] [spechunter] [Grep] pattern='sstatus|vsstatus|hsstatus'
[08:42:09] [spechunter] [Grep] pattern='irqentry_enter|irqentry_exit|irqentry_nmi|irq_enter_rcu'
[08:42:09] [spechunter] [Grep] pattern='riscv_v_context_nesting_start|riscv_v_context_nesting_end'
[08:42:11] [spechunter] [TodoWrite] 4 items
[08:42:12] [spechunter] [Read] /home/yzs/riscv/XiangShan/src/main/scala/xiangshan/backend/fu/NewCSR/InterruptBundle.scala
[08:42:12] [spechunter] [Grep] pattern='mthreshold|mithreshold|sithreshold|eithreshold|xithreshold|mthresh|ithresh|preempt'
[08:42:12] [spechunter] [Grep] pattern='mpreempt|fithresh|mipreempt|mthreshold'
[08:42:13] [spechunter] [text] Let me explore the frame structure, interrupt dispatch chain, and search for CSR definitions more broadly
[08:42:13] [spechunter] [Read] /home/yzs/riscv/freebsd-src/sys/riscv/include/frame.h
[08:42:13] [spechunter] [Grep] pattern='intr_irq_handler|intr_isrc_dispatch'
[08:42:13] [spechunter] [Grep] pattern='stvec|mtvec|tvec'
[08:42:13] [spechunter] [Grep] pattern='sret|mret'
[08:42:14] [spechunter] [Read] /home/yzs/riscv/linux/arch/riscv/kvm/vcpu_exit.c
[08:42:14] [spechunter] [Read] /home/yzs/riscv/linux/kernel/entry/common.c
[08:42:19] [spechunter] [text] Let me now look at the kernel interrupt handler and locore.S for the trap vector setup
[08:42:19] [spechunter] [Read] /home/yzs/riscv/freebsd-src/sys/kern/subr_intr.c
[08:42:19] [spechunter] [Read] /home/yzs/riscv/freebsd-src/sys/riscv/riscv/locore.S
[08:42:19] [spechunter] [Read] /home/yzs/riscv/freebsd-src/sys/riscv/include/trap.h
[08:42:34] [spechunter] [Bash] Check recent git history for any threshold-related commits
[08:42:34] [spechunter] [Grep] pattern='xithreshold|pithreshold'
[08:42:34] [spechunter] [Grep] pattern='mnstatus|MNSTATUS'
[08:42:38] [spechunter] [text] Now let me get the precise locations for the existing infrastructure that would be modified:  
[08:42:38] [spechunter] [Grep] pattern='helper_sret|helper_mret'
[08:42:38] [spechunter] [Grep] pattern='MNSTATUS|MSTATUS_MPP|MSTATUS_MPRV|SSTATUS_SUM|SSTATUS_SPP'
[08:42:38] [spechunter] [Grep] pattern='rmw_xireg|rmw_xiselect'
[08:42:50] [spechunter] [Bash] see uncommitted iommu changes
[08:42:50] [spechunter] [Bash] check for related branches
[08:42:57] [spechunter] [text] Let me search for where MIE gets explicitly enabled during handler execution and look at paths that might re-enable inte...
[08:42:57] [spechunter] [Grep] pattern='MSTATUS_MPIE|MPIE|mstatus.*0x80|csr_set.*mstatus'
[08:42:57] [spechunter] [Grep] pattern='__sbi_expected_trap|expected_trap'
[08:43:04] [spechunter] [text] Now let me look at the KVM vcpu run loop and other critical paths
[08:43:04] [spechunter] [Grep] pattern='kvm_arch_vcpu_ioctl_run|kvm_riscv_vcpu_switch|csr_write.*STATUS|csr_read.*STATUS'
[08:43:04] [spechunter] [Grep] pattern='__kvm_riscv_switch'
[08:43:11] [spechunter] [Read] /home/yzs/riscv/opensbi/lib/sbi/sbi_hart.c
[08:43:11] [spechunter] [Grep] pattern='sbi_hart_switch_mode|mstatus_init'
[08:43:18] [spechunter] [Read] /home/yzs/riscv/linux/arch/riscv/kvm/vcpu_switch.S
[08:43:18] [spechunter] [Read] /home/yzs/riscv/linux/arch/riscv/kvm/vcpu.c
[08:43:20] [spechunter] [Grep] pattern='mstatus_init'
[08:43:31] [spechunter] [Read] /home/yzs/riscv/freebsd-src/sys/riscv/vmm/vmm_riscv.c
[08:43:31] [spechunter] [Read] /home/yzs/riscv/freebsd-src/sys/riscv/vmm/vmm_riscv.c
[08:43:31] [spechunter] [Read] /home/yzs/riscv/freebsd-src/sys/riscv/vmm/riscv.h
[08:43:38] [spechunter] [text] Here are the complete search results. Based on exhaustive grep/search:  **No matches found for any of the affected entit...
[08:43:44] [spechunter] [Grep] pattern='csr_set.*MSTATUS|csrs.*mie|sbi_set_mie|local_irq_enable|irq_enable|unmask.*interrupt'
[08:43:44] [spechunter] [Read] /home/yzs/riscv/opensbi/lib/sbi/sbi_ecall.c
[08:43:54] [spechunter] [text] Now let me read the key files to get precise line numbers for the semantically affected locations
[08:43:54] [spechunter] [Read] /home/yzs/riscv/XiangShan/src/main/scala/xiangshan/backend/fu/NewCSR/CSREvents/TrapEntryMEvent.scala
[08:43:54] [spechunter] [Read] /home/yzs/riscv/XiangShan/src/main/scala/xiangshan/backend/fu/NewCSR/CSREvents/MretEvent.scala
[08:43:54] [spechunter] [Read] /home/yzs/riscv/XiangShan/src/main/scala/xiangshan/backend/fu/NewCSR/CSREvents/TrapEntryHSEvent.scala
[08:43:54] [spechunter] [Read] /home/yzs/riscv/XiangShan/src/main/scala/xiangshan/backend/fu/NewCSR/CSREvents/TrapEntryMNEvent.scala
[08:43:54] [spechunter] [Read] /home/yzs/riscv/XiangShan/src/main/scala/xiangshan/backend/fu/NewCSR/CSREvents/SretEvent.scala
[08:44:13] [spechunter] [text] Let me look at the existing audit files, the VMM resume path, and search for any M-mode handling
[08:44:13] [spechunter] [Read] /home/yzs/riscv/freebsd-src/smip_trap_stack_audit.json
[08:44:13] [spechunter] [Read] /home/yzs/riscv/freebsd-src/sys/riscv/vmm/vmm_riscv.c
[08:44:13] [spechunter] [Read] /home/yzs/riscv/freebsd-src/sys/riscv/vmm/vmm_riscv.c
[08:44:23] [spechunter] [text] Now let me read the top-level CSR wiring and the TrapHandleModule for double-trap logic.  
[08:44:23] [spechunter] [Read] /home/yzs/riscv/XiangShan/src/main/scala/xiangshan/backend/fu/NewCSR/NewCSR.scala
[08:44:23] [spechunter] [Read] /home/yzs/riscv/XiangShan/src/main/scala/xiangshan/backend/fu/NewCSR/TrapHandleModule.scala
[08:44:23] [spechunter] [Read] /home/yzs/riscv/XiangShan/src/main/scala/xiangshan/backend/fu/NewCSR/MachineLevel.scala
[08:44:40] [spechunter] [text] Let me look at the MstatusBundle definition and the MstatusModule to understand how MDT/SDT fields are handled.  
[08:44:40] [spechunter] [Grep] pattern='class MstatusBundle|MDT|SDT|MPIE|MPP'
[08:44:40] [spechunter] [Grep] pattern='class MnstatusBundle|NMIE|MNPP|MNPV'
[08:44:46] [spechunter] [Grep] pattern='class MstatusBundle'
[08:44:46] [spechunter] [Grep] pattern='prioNum|iprio|IPRIO|ithreshold|threshold'
[08:44:58] [spechunter] [TodoWrite] 5 items
[08:45:07] [spechunter] [Grep] pattern='class MstatusBundle'
[08:45:21] [spechunter] [text] Now let me check the spec file referenced in the PR and look for any CLIC-related headers or macros
[08:45:21] [spechunter] [Glob] **/aclic.adoc
[08:45:21] [spechunter] [Grep] pattern='xithreshold|xpistatus|xtvec|xnxti|xepc|xcause|xtval|xscratch'
[08:45:21] [spechunter] [Grep] pattern='trap.h'
[08:45:21] [spechunter] [Grep] pattern='intr_disable|intr_enable|intr_restore'
[08:45:31] [spechunter] [text] Let me dig deeper into the specific trap handling code paths to understand the interaction between interrupts and thresh...
[08:45:31] [spechunter] [Grep] pattern='smnip|Smnip|SMNIP|smtrap|Smtrap|SMTRAP'
[08:45:31] [spechunter] [Grep] pattern='xithreshold|pithreshold|iprio|IPRIO'
[08:45:31] [spechunter] [Grep] pattern='smtval|smtvec|smext|sscsrind|smstateen'
[08:45:48] [spechunter] [text] Let me check for related audit files and the CSR encoding header for completeness  
[08:45:48] [spechunter] [Read] /home/yzs/riscv/freebsd-src/envcfg_wpri_audit.json
[08:45:48] [spechunter] [Grep] pattern='intr_disable|intr_restore|intr_enable'
[08:45:48] [spechunter] [Read] /home/yzs/riscv/freebsd-src/sys/riscv/include/encoding.h
[08:45:48] [spechunter] [Grep] pattern='critical_enter|critical_exit'
[08:45:51] [spechunter] [Read] /home/yzs/riscv/opensbi/lib/sbi/sbi_hsm.c
[08:45:51] [spechunter] [Read] /home/yzs/riscv/opensbi/lib/sbi/sbi_init.c
[08:45:56] [spechunter] [Read] /home/yzs/riscv/XiangShan/src/main/scala/xiangshan/backend/fu/NewCSR/MachineLevel.scala
[08:45:57] [spechunter] [Grep] pattern='smnip|SMNIP|smnmi|SMNMI|smrnmi|SMRNMI'
[08:45:57] [spechunter] [Grep] pattern='siselect|SISELECT|iselect.*0x3'
[08:45:57] [spechunter] [Grep] pattern='xstatus|XSTATUS|mxstatus|sxstatus|vsxstatus'
[08:46:03] [spechunter] [text] Let me read the remaining critical files.  
[08:46:03] [spechunter] [Read] /home/yzs/riscv/XiangShan/src/main/scala/xiangshan/backend/fu/NewCSR/InterruptFilter.scala
[08:46:03] [spechunter] [Read] /home/yzs/riscv/XiangShan/src/main/scala/xiangshan/backend/fu/NewCSR/CSREvents/MNretEvent.scala
[08:46:03] [spechunter] [Read] /home/yzs/riscv/XiangShan/src/main/scala/xiangshan/backend/fu/NewCSR/CSREvents/DretEvent.scala
[08:46:13] [spechunter] [text] Now let me read the critical function `riscv_cpu_do_interrupt` and trace the threshold/smnip logic.  
[08:46:13] [spechunter] [Read] /home/yzs/riscv/qemu/target/riscv/cpu_helper.c
[08:46:13] [spechunter] [Read] /home/yzs/riscv/qemu/target/riscv/cpu.h
[08:46:14] [spechunter] [text] Now let me check the InterruptFilter for interrupt priority gating against threshold and the TrapEntryVSEvent
[08:46:14] [spechunter] [Read] /home/yzs/riscv/XiangShan/src/main/scala/xiangshan/backend/fu/NewCSR/InterruptFilter.scala
[08:46:14] [spechunter] [Read] /home/yzs/riscv/XiangShan/src/main/scala/xiangshan/backend/fu/NewCSR/CSREvents/TrapEntryVSEvent.scala
[08:46:15] [spechunter] [Grep] pattern='intr_disable|intr_enable|intr_restore'
[08:46:15] [spechunter] [Grep] pattern='#define intr_disable|#define intr_enable|#define intr_restore'
[08:46:15] [spechunter] [Grep] pattern='intr_disable|intr_enable|intr_restore'
[08:46:33] [spechunter] [Bash] Check recent commits on current branch
[08:46:33] [spechunter] [Bash] Check changes in the most recent commit
[08:46:44] [spechunter] [text] Now let me look at the generic irqentry helpers to trace the full call chain through `irqentry_enter`/`irqentry_exit` to...
[08:46:44] [spechunter] [Grep] pattern='local_irq_enable|local_irq_disable|SR_IE|irqentry_enter|irqentry_exit'
[08:46:44] [spechunter] [Grep] pattern='local_irq_enable_in_hardirq|__irqentry_text|irqentry_state'
[08:46:44] [spechunter] [Grep] pattern='irqentry_state_t irqentry_enter|irqentry_state_t noinstr irqentry_nmi_enter|void noinstr irqentry_exit|void noinstr irqentry_nmi_exit'
[08:46:54] [spechunter] [Read] /home/yzs/riscv/linux/kernel/entry/common.c
[08:46:54] [spechunter] [Grep] pattern='CSR_STATUS|CSR_SSTATUS|sstatus|SSTATUS|CSR_XSTATUS|xpistatus'
[08:47:12] [spechunter] [Bash] Search git log for relevant commits
[08:47:12] [spechunter] [Grep] pattern='smnip'
[08:47:53] [spechunter] [TodoWrite] 4 items
[08:47:55] [spechunter] [text] Now I have all the information needed. Let me synthesize the findings and produce the locations JSON.  
[08:47:55] [spechunter] [Bash] Write findings JSON
[08:48:00] [spechunter] [text] Now let me read the double-trap and threshold-related sections more closely, plus check for any existing xstatus/pistatu...
[08:48:00] [spechunter] [Grep] pattern='pistatus|PISTATUS|xpistatus|XPISTATUS'
[08:48:00] [spechunter] [Grep] pattern='0x30[0-9a-fA-F]|0x10[0-9a-fA-F]|0x34[0-9a-fA-F]|0x35[0-9a-fA-F].*CSR'
[08:48:00] [spechunter] [Read] /home/yzs/riscv/qemu/target/riscv/cpu_helper.c
[08:48:04] [spechunter] [text] Let me verify the exact line numbers for the TrapEntryEventInput bundle.  
[08:48:04] [spechunter] [Grep] pattern='class TrapEntryEventInput|class CSREventBase|trait CSREventBase'
[08:48:04] [spechunter] [Grep] pattern='val aiaCSRMods'
[08:48:12] [spechunter] [text] Now let me check for the `irqentry_exit` function's interaction with `local_irq_enable_exit_to_user` since that path als...
[08:48:12] [spechunter] [Grep] pattern='irqentry_exit_to_user_mode|local_irq_enable_exit_to_user|local_irq_disable_exit_to_user'
[08:48:12] [spechunter] [Grep] pattern='regs_irqs_disabled|irqs_disabled_flags'
[08:48:15] [spechunter] [Grep] pattern='riscv_cpu_local_irq_pending|riscv_cpu_mirq_pending|riscv_cpu_sirq_pending|riscv_cpu_vsirq_pending'
[08:48:15] [spechunter] [Read] /home/yzs/riscv/qemu/target/riscv/cpu_helper.c
[08:48:43] [spechunter] [text] Now let me check if there's a spec file or documentation about Smnip/ACLIC in the repo.  
[08:48:43] [spechunter] [Glob] **/aclic*
[08:48:43] [spechunter] [Grep] pattern='smtrap|Smnip|smnip|aclic'
[08:48:44] [spechunter] [Read] /home/yzs/riscv/XiangShan/src/main/scala/xiangshan/backend/fu/NewCSR/CSREvents/CSREvent.scala
[08:49:08] [spechunter] [text] Let me verify a few more line ranges
[08:49:08] [spechunter] [Grep] pattern='class InterruptFilterIO|class InterruptFilter|io\\.in\\s*'
[08:49:08] [spechunter] [Read] /home/yzs/riscv/XiangShan/src/main/scala/xiangshan/backend/fu/NewCSR/NewCSR.scala
[08:49:16] [spechunter] [text] Now let me look at the expected trap handler and the SSE event processing to check for any interrupt re-enable paths
[08:49:16] [spechunter] [Read] /home/yzs/riscv/opensbi/lib/sbi/sbi_expected_trap.S
[08:49:16] [spechunter] [Read] /home/yzs/riscv/opensbi/lib/sbi/sbi_sse.c
[08:49:30] [spechunter] [Read] /home/yzs/riscv/qemu/analysis_smip_trap_swap_async.json
[08:49:30] [spechunter] [Read] /home/yzs/riscv/qemu/analysis_smip_trap_swap_async_result.json
[08:49:51] [spechunter] [text] Now let me get the final line ranges for the InterruptFilterIO definition:  
[08:49:51] [spechunter] [Read] /home/yzs/riscv/XiangShan/src/main/scala/xiangshan/backend/fu/NewCSR/InterruptFilter.scala
[08:49:58] [spechunter] [text] Now I have a thorough understanding of the codebase. Let me write the audit result
[08:49:58] [spechunter] [Write] /home/yzs/riscv/freebsd-src/smnip_trap_stack_audit.json
[08:50:07] [spechunter] [text] Now I have all the line numbers verified. Let me write the final, precise JSON findings
[08:50:07] [spechunter] [Read] /home/yzs/riscv/XiangShan/smnip_exception_threshold_audit.json
[08:50:17] [spechunter] [text] Now let me check the specific double-trap handling and IMSIC threshold-related code more deeply to find the semantically...
[08:50:17] [spechunter] [Read] /home/yzs/riscv/qemu/target/riscv/cpu_helper.c
[08:50:17] [spechunter] [Read] /home/yzs/riscv/qemu/target/riscv/csr.c
[08:50:17] [spechunter] [Read] /home/yzs/riscv/qemu/target/riscv/csr.c
[08:50:32] [spechunter] [text] The audit is complete. Results written to `smnip_exception_threshold_audit.json`. Here is the summary:  ## Findings Summ...
[08:50:39] [spechunter] [text] Let me look for any paths that might enable interrupts during handler execution, and check the SSE interrupt injection p...
[08:50:39] [spechunter] [Read] /home/yzs/riscv/opensbi/lib/sbi/sbi_sse.c
[08:50:39] [spechunter] [Read] /home/yzs/riscv/opensbi/lib/sbi/sbi_illegal_insn.c
[08:50:39] [spechunter] [Grep] pattern='clear.*mstatus.*mie|set.*mstatus.*mie|csrs.*mie|csrc.*mie|csrw.*mie'
[08:50:46] [spechunter] [text] The audit is complete. Here's a summary of the findings:  ## Smnip/xithreshold Trap Stack Audit Results  **Zero referenc...
[08:51:20] [spechunter] [Bash] Show uncommitted changes
[08:51:20] [spechunter] [Grep] pattern='xithreshold|pithreshold|ithreshold'
[08:51:38] [spechunter] [Read] /home/yzs/riscv/XiangShan/src/main/scala/xiangshan/backend/fu/NewCSR/TrapHandleModule.scala
[08:51:38] [spechunter] [Read] /home/yzs/riscv/XiangShan/src/main/scala/xiangshan/backend/fu/NewCSR/InterruptFilter.scala
[08:51:39] [spechunter] [text] Let me verify the key files against the PR context before producing the final set
[08:51:39] [spechunter] [Read] /home/yzs/riscv/freebsd-src/sys/riscv/riscv/exception.S
[08:51:39] [spechunter] [Read] /home/yzs/riscv/freebsd-src/sys/riscv/riscv/exception.S
[08:51:39] [spechunter] [Read] /home/yzs/riscv/freebsd-src/sys/riscv/riscv/trap.c
[08:51:39] [spechunter] [Read] /home/yzs/riscv/freebsd-src/sys/riscv/include/frame.h
[08:52:06] [spechunter] [text] Now I have a comprehensive picture. Let me write the final report.  
[08:52:06] [spechunter] [Bash] Write audit result JSON
[08:52:06] [spechunter] [TodoWrite] 5 items
[08:52:12] [spechunter] [text] Now let me check the IOMMU diff file for relevant threshold context and verify the migration/KVM paths.  
[08:52:12] [spechunter] [Read] /home/yzs/riscv/qemu/target/riscv/machine.c
[08:52:12] [spechunter] [Grep] pattern='threshold|xithreshold|pithreshold'
[08:52:29] [spechunter] [text] Report written to `tmp/smnip_audit_result.json`. Here's what I found:  ## Semantic Audit Summary  **14 locations** ident...
[08:52:42] [spechunter] [text] Let me also verify the CSR declaration file and a couple of the low-relevance locations.  
[08:52:42] [spechunter] [Grep] pattern='xithreshold|xpistatus'
[08:52:42] [spechunter] [Grep] pattern='DECLARE_CSR.*scause'
[08:52:42] [spechunter] [Read] /home/yzs/riscv/freebsd-src/sys/riscv/riscv/intc.c
[08:52:47] [spechunter] [text] Let me verify whether mithreshold/sithreshold/mpistatus/spistatus CSRs already exist in the codebase, and check the trap...
[08:52:47] [spechunter] [Grep] pattern='mithreshold|sithreshold|mpistatus|spistatus'
[08:52:47] [spechunter] [Read] /home/yzs/riscv/XiangShan/src/main/scala/xiangshan/backend/fu/NewCSR/CSREvents/TrapEntryMEvent.scala
[08:52:47] [spechunter] [Read] /home/yzs/riscv/XiangShan/src/main/scala/xiangshan/backend/fu/NewCSR/CSREvents/CSREvent.scala
[08:53:01] [spechunter] [text] Let me cross-validate the fast-path locations by checking actual kernel source.  
[08:53:01] [spechunter] [Bash] Check current kernel version
[08:53:01] [spechunter] [Bash] Check if Smnip CSRs exist in csr.h
[08:53:01] [spechunter] [Bash] Check Smnip references in entry.S
[08:53:02] [spechunter] [Bash] Check Smnip references in traps.c
[08:53:22] [spechunter] [text] Now let me verify the specific line-number claims against the actual source.  
[08:53:22] [spechunter] [Grep] pattern='handle_exception'
[08:53:22] [spechunter] [Grep] pattern='ret_from_exception'
[08:53:22] [spechunter] [Grep] pattern='__switch_to'
[08:53:22] [spechunter] [Grep] pattern='DO_ERROR_INFO|do_trap_unknown|do_trap_insn_misaligned|do_trap_insn_fault|do_trap_ecall'
[08:53:31] [spechunter] [text] Now let me verify a few more of the proposed removal candidates.  
[08:53:31] [spechunter] [Read] /home/yzs/riscv/freebsd-src/sys/riscv/riscv/db_trace.c
[08:53:31] [spechunter] [Read] /home/yzs/riscv/freebsd-src/sys/riscv/riscv/db_interface.c
[08:53:31] [spechunter] [Read] /home/yzs/riscv/freebsd-src/sys/riscv/riscv/gdb_machdep.c
[08:53:43] [spechunter] [Grep] pattern='csr_set|csr_write|csr_read'
[08:53:43] [spechunter] [Grep] pattern='csrs.*mie|csr_set.*MIE'
[08:53:45] [spechunter] [Read] /home/yzs/riscv/linux/arch/riscv/kernel/entry.S
[08:53:45] [spechunter] [Read] /home/yzs/riscv/linux/arch/riscv/kernel/entry.S
[08:53:45] [spechunter] [Read] /home/yzs/riscv/linux/arch/riscv/kernel/entry.S
[08:53:45] [spechunter] [Read] /home/yzs/riscv/linux/arch/riscv/kernel/traps.c
[08:53:47] [spechunter] [text] Let me verify the key NewCSR.scala locations referenced by the fast-path.  
[08:53:47] [spechunter] [Read] /home/yzs/riscv/XiangShan/src/main/scala/xiangshan/backend/fu/NewCSR/NewCSR.scala
[08:53:47] [spechunter] [Read] /home/yzs/riscv/XiangShan/src/main/scala/xiangshan/backend/fu/NewCSR/NewCSR.scala
[08:54:03] [spechunter] [Read] /home/yzs/riscv/linux/arch/riscv/mm/fault.c
[08:54:03] [spechunter] [Read] /home/yzs/riscv/linux/arch/riscv/kernel/traps.c
[08:54:03] [spechunter] [Read] /home/yzs/riscv/linux/arch/riscv/include/asm/irqflags.h
[08:54:03] [spechunter] [Read] /home/yzs/riscv/linux/arch/riscv/kernel/traps.c
[08:54:36] [spechunter] [text] Let me verify the genassym.c reference and check the load_registers macro for completeness.  
[08:54:36] [spechunter] [Grep] pattern='TF_SCAUSE'
[08:54:36] [spechunter] [Read] /home/yzs/riscv/freebsd-src/sys/riscv/riscv/exception.S
[08:54:37] [spechunter] [text] Let me verify a few more locations.  
[08:54:37] [spechunter] [Read] /home/yzs/riscv/linux/arch/riscv/kernel/traps.c
[08:54:37] [spechunter] [Bash] Check aia.c line counts
[08:54:37] [spechunter] [Bash] Check vcpu_exit.c line counts
[08:54:37] [spechunter] [Bash] Check irqchip file line counts
[08:54:50] [spechunter] [Read] /home/yzs/riscv/XiangShan/src/main/scala/xiangshan/backend/fu/NewCSR/MachineLevel.scala
[08:54:50] [spechunter] [Read] /home/yzs/riscv/XiangShan/src/main/scala/xiangshan/backend/fu/NewCSR/NewCSR.scala
[08:54:50] [spechunter] [Read] /home/yzs/riscv/XiangShan/src/main/scala/xiangshan/backend/fu/NewCSR/NewCSR.scala
[08:54:50] [spechunter] [Read] /home/yzs/riscv/XiangShan/src/main/scala/xiangshan/backend/fu/NewCSR/NewCSR.scala
[08:55:38] [spechunter] [text] Now I have a clear picture of the relevant locations against the PR context.  The PR addresses Smnip (AIA) interrupt thr...
[08:55:38] [spechunter] [Bash] Output final location set as JSON
[08:55:41] [spechunter] [text] Let me check the sbi_irqchip.c file for the MEIP re-enable path and also look at the git log for recent Smnip-related ch...
[08:55:41] [spechunter] [Read] /home/yzs/riscv/opensbi/lib/sbi/sbi_irqchip.c
[08:55:41] [spechunter] [Bash] Check recent git log for Smnip-related commits
[08:55:41] [spechunter] [Grep] pattern='smnip|smstateen|smsdid|mncause|mnepc|mnscratch|mnstatus|mtvt|mpistatus|mthreshold'
[08:55:44] [spechunter] [text] Let me now compile the findings. The Smnip extension, xithreshold, and pithreshold do not exist anywhere in this QEMU co...
[08:55:53] [spechunter] [text] Now let me verify the line ranges for CSR definitions and the irqchip/KVM files to confirm my cross-validation.  
[08:55:53] [spechunter] [Bash] Check csr.h line count
[08:55:53] [spechunter] [Grep] pattern='sithreshold\\|mithreshold\\|CSR_SITHRESHOLD\\|sipstatus\\|snxti\\|mnxti'
[08:55:53] [spechunter] [Grep] pattern='sithreshold\\|mithreshold\\|Smnip\\|sipstatus'
[08:55:53] [spechunter] [text] ## Cross-validation summary  Final set: **7 locations** (down from 19), grouped into three tiers:  **Tier 1 — Direct cha...
[08:55:56] [spechunter] [Grep] pattern='TrapEntryHSEvent'
[08:55:56] [spechunter] [Grep] pattern='topi|TOPI|mtopei|stopei|mtoPI|stopi'
[08:56:11] [spechunter] [TodoWrite] 3 items
[08:56:23] [spechunter] [text] I'll systematically audit the FreeBSD RISC-V trap handling code for the Smnip/CLIC exception-inside-interrupt vulnerabil...
[08:56:23] [spechunter] [Agent] description, subagent_type
[08:56:23] [spechunter] [Agent] description, subagent_type
[08:56:27] [spechunter] [text] Let me verify the fast-path locations against the actual code
[08:56:27] [spechunter] [Read] /home/yzs/riscv/qemu/target/riscv/cpu_helper.c
[08:56:27] [spechunter] [Read] /home/yzs/riscv/qemu/target/riscv/cpu_helper.c
[08:56:27] [spechunter] [Read] /home/yzs/riscv/qemu/target/riscv/cpu_bits.h
[08:56:27] [spechunter] [Read] /home/yzs/riscv/qemu/target/riscv/csr.c
[08:56:40] [spechunter] [Read] /home/yzs/riscv/qemu/target/riscv/cpu_helper.c
[08:56:40] [spechunter] [Read] /home/yzs/riscv/qemu/target/riscv/cpu_helper.c
[08:56:40] [spechunter] [Read] /home/yzs/riscv/qemu/target/riscv/csr.c
[08:56:40] [spechunter] [Read] /home/yzs/riscv/qemu/target/riscv/csr.c
[08:56:42] [spechunter] [Bash] List top-level contents of spec_ref directory
[08:56:42] [spechunter] [Grep] pattern='smnip|Smnip|SMNIP'
[08:56:42] [spechunter] [Bash] List all directories up to 2 levels deep in spec_ref
[08:56:42] [spechunter] [Grep] pattern='threshold|Threshold'
[08:56:42] [spechunter] [Read] /home/yzs/riscv/XiangShan/src/main/scala/xiangshan/backend/fu/NewCSR/InterruptFilter.scala
[08:57:07] [spechunter] [Glob] sys/riscv/riscv/**/*
[08:57:07] [spechunter] [Glob] sys/riscv/include/**/*
[08:57:07] [spechunter] [Grep] pattern='xpistatus|xithreshold|xnxti'
[08:57:07] [spechunter] [Grep] pattern='scause'
[08:57:07] [spechunter] [Grep] pattern='CLIC|Smnip|smnip|clic'
[08:57:08] [spechunter] [Grep] pattern='Smnip|smnip'
[08:57:08] [spechunter] [Grep] pattern='CLIC|clic'
[08:57:08] [spechunter] [Grep] pattern='xpistatus|xithreshold|xnxti'
[08:57:08] [spechunter] [Grep] pattern='pithreshold'
[08:57:08] [spechunter] [Grep] pattern='scause\\.INTR|scause.*INTR|interrupt.*scause'
[08:57:08] [spechunter] [Grep] pattern='exception.*interrupt|interrupt.*exception|trap.*handler'
[08:57:11] [spechunter] [Read] /home/yzs/riscv/qemu/target/riscv/op_helper.c
[08:57:11] [spechunter] [Read] /home/yzs/riscv/qemu/target/riscv/tcg/tcg-cpu.c
[08:57:11] [spechunter] [Read] /home/yzs/riscv/qemu/target/riscv/cpu.c
[08:57:12] [spechunter] [text] Now let me verify the KVM and irqchip locations for completeness before making decisions.  
[08:57:12] [spechunter] [Grep] pattern='sithreshold\\|mithreshold\\|vsithreshold\\|sipstatus'
[08:57:12] [spechunter] [Grep] pattern='sithreshold\\|mithreshold\\|Smnip'
[08:57:12] [spechunter] [Grep] pattern='sithreshold\\|mithreshold\\|vsithreshold\\|sipstatus'
[08:57:33] [spechunter] [Read] /home/yzs/riscv/freebsd-src/sys/riscv/riscv/exception.S
[08:57:33] [spechunter] [Read] /home/yzs/riscv/freebsd-src/sys/riscv/riscv/trap.c
[08:57:33] [spechunter] [Read] /home/yzs/riscv/freebsd-src/sys/riscv/riscv/intc.c
[08:57:33] [spechunter] [Read] /home/yzs/riscv/freebsd-src/sys/riscv/include/riscvreg.h
[08:57:33] [spechunter] [Read] /home/yzs/riscv/freebsd-src/sys/riscv/include/frame.h
[08:57:33] [spechunter] [Read] /home/yzs/riscv/freebsd-src/sys/riscv/riscv/genassym.c
[08:57:33] [spechunter] [Read] /home/yzs/riscv/freebsd-src/sys/riscv/riscv/swtch.S
[08:57:33] [spechunter] [Read] /home/yzs/riscv/freebsd-src/sys/riscv/include/trap.h
[08:57:33] [spechunter] [Read] /home/yzs/riscv/freebsd-src/sys/riscv/include/intr.h
[08:57:33] [spechunter] [Read] /home/yzs/riscv/freebsd-src/sys/riscv/include/psl.h
[08:57:36] [spechunter] [Read] /home/yzs/riscv/rv-isa-sec/spec_ref/riscv-fast-interrupt/src/aclic.adoc
[08:57:36] [spechunter] [Read] /home/yzs/riscv/rv-isa-sec/spec_ref/riscv-fast-interrupt/src/aclic.adoc
[08:57:36] [spechunter] [Read] /home/yzs/riscv/rv-isa-sec/spec_ref/riscv-fast-interrupt/src/aclic.adoc
[08:57:36] [spechunter] [Read] /home/yzs/riscv/rv-isa-sec/spec_ref/riscv-fast-interrupt/src/aclic.adoc
[08:57:36] [spechunter] [Read] /home/yzs/riscv/rv-isa-sec/spec_ref/riscv-fast-interrupt/src/aclic.adoc
[08:57:36] [spechunter] [Read] /home/yzs/riscv/rv-isa-sec/spec_ref/riscv-fast-interrupt/test-plan-clic.adoc
[08:57:39] [spechunter] [text] Let me verify more context on the tcg-cpu.c line and check what function wraps those lines.  
[08:57:39] [spechunter] [Read] /home/yzs/riscv/qemu/target/riscv/tcg/tcg-cpu.c
[08:57:39] [spechunter] [Grep] pattern='ext_smnip|smnip|SNIP|pithreshold|PITHERHOLD|xpistatus|XPISTATUS|xithreshold|XITHRESHOLD'
[08:57:52] [spechunter] [Read] /home/yzs/riscv/freebsd-src/sys/riscv/riscv/plic.c
[08:57:52] [spechunter] [Read] /home/yzs/riscv/freebsd-src/sys/riscv/riscv/aplic.c
[08:57:52] [spechunter] [Read] /home/yzs/riscv/freebsd-src/sys/riscv/riscv/db_trace.c
[08:57:52] [spechunter] [Grep] pattern='intr_enable|intr_disable|intr_restore|intr_irq_handler'
[08:57:52] [spechunter] [Grep] pattern='threshold|priority|nestin|preempt.*interrupt'
[08:57:53] [spechunter] [Read] /home/yzs/riscv/rv-isa-sec/spec_ref/riscv-fast-interrupt/src/aclic.adoc
[08:57:53] [spechunter] [Read] /home/yzs/riscv/rv-isa-sec/spec_ref/riscv-fast-interrupt/src/aclic.adoc
[08:57:53] [spechunter] [Read] /home/yzs/riscv/rv-isa-sec/spec_ref/riscv-fast-interrupt/src/aclic.adoc
[08:57:53] [spechunter] [Read] /home/yzs/riscv/rv-isa-sec/spec_ref/riscv-isa-manual/src/priv/supervisor.adoc
[08:57:53] [spechunter] [Grep] pattern='mnxti|snxti|xnxti'
[08:58:04] [spechunter] [text] Prompt is too long
[08:58:14] [spechunter] [Read] /home/yzs/riscv/freebsd-src/sys/riscv/include/cpufunc.h
[08:58:14] [spechunter] [Read] /home/yzs/riscv/freebsd-src/sys/riscv/include/encoding.h
[08:58:14] [spechunter] [Grep] pattern='sstatus.*SIE|intr_disable|intr_enable|sscratch|sepc|stvec'
[08:58:14] [spechunter] [Read] /home/yzs/riscv/freebsd-src/sys/riscv/riscv/machdep.c
[08:58:14] [spechunter] [Grep] pattern='CSR_|DECLARE_CSR'
[08:58:23] [spechunter] [Glob] sys/riscv/vmm/**/*
[08:58:23] [spechunter] [Read] /home/yzs/riscv/freebsd-src/sys/riscv/vmm/vmm_switch.S
[08:58:23] [spechunter] [Read] /home/yzs/riscv/freebsd-src/sys/riscv/vmm/riscv.h
[08:58:23] [spechunter] [Read] /home/yzs/riscv/freebsd-src/sys/riscv/vmm/vmm_riscv.c
[08:58:23] [spechunter] [Read] /home/yzs/riscv/freebsd-src/sys/riscv/vmm/vmm_riscv.c
[08:58:32] [spechunter] [text] Now I have complete cross-validation. Let me synthesize the findings.  **Cross-validation findings:** - Zero references ...
[08:58:34] [spechunter] [Read] /home/yzs/riscv/freebsd-src/sys/riscv/vmm/vmm_switch.S
[08:58:34] [spechunter] [Read] /home/yzs/riscv/freebsd-src/sys/riscv/vmm/vmm_aplic.c
[08:58:34] [spechunter] [Read] /home/yzs/riscv/freebsd-src/sys/riscv/vmm/vmm_riscv.c
[08:58:34] [spechunter] [Read] /home/yzs/riscv/freebsd-src/sys/riscv/vmm/vmm_riscv.c
[08:58:34] [spechunter] [Read] /home/yzs/riscv/freebsd-src/sys/riscv/vmm/vmm_riscv.c
[08:58:34] [spechunter] [Read] /home/yzs/riscv/freebsd-src/sys/riscv/vmm/vmm_riscv.c
[08:58:35] [spechunter] [Read] /home/yzs/riscv/qemu/target/riscv/csr.c
[08:58:35] [spechunter] [Grep] pattern='xiselect_aia_range'
[08:58:35] [spechunter] [Read] /home/yzs/riscv/qemu/target/riscv/csr.c
[08:58:45] [spechunter] [Read] /home/yzs/riscv/linux/arch/riscv/kernel/entry.S
[08:58:54] [spechunter] [Grep] pattern='CNE|CNI|override|NMI|RSA'
[08:58:54] [spechunter] [Read] /home/yzs/riscv/rv-isa-sec/spec_ref/riscv-isa-manual/src/priv/machine.adoc
[08:58:54] [spechunter] [Grep] pattern='interrupt.*during|during.*interrupt|exception.*trapped|trapped.*during'
[08:58:58] [spechunter] [text] Let me verify the key locations against the actual source code before producing the final set.  
[08:58:58] [spechunter] [Grep] pattern='_trap_handler'
[08:58:58] [spechunter] [Grep] pattern='sbi_trap_aia_irq|sbi_trap_aia'
[08:58:58] [spechunter] [Grep] pattern='mithreshold|mpistatus|MITHRE|MPIS|smeip|smaia'
[08:59:00] [spechunter] [Read] /home/yzs/riscv/rv-isa-sec/spec_ref/riscv-isa-manual/src/priv/supervisor.adoc
[08:59:00] [spechunter] [Bash] List all files in fast-interrupt spec repo
[08:59:08] [spechunter] [text] Now I have enough context to cross-validate thoroughly. Let me produce the final review.  ```json {   "locations": [    ...
[08:59:08] [spechunter] [Grep] pattern='\\bclic\\b|CLIC|smnip|Smnip|SMNIP'
[08:59:08] [spechunter] [Grep] pattern='\\bclic\\b'
[08:59:08] [spechunter] [Read] /home/yzs/riscv/freebsd-src/sys/riscv/riscv/locore.S
[08:59:08] [spechunter] [Read] /home/yzs/riscv/freebsd-src/sys/riscv/include/vmm.h
[08:59:08] [spechunter] [Read] /home/yzs/riscv/freebsd-src/sys/riscv/include/pcpu.h
[08:59:11] [spechunter] [Read] /home/yzs/riscv/opensbi/lib/sbi/sbi_trap.c
[08:59:11] [spechunter] [Read] /home/yzs/riscv/opensbi/firmware/fw_base.S
[08:59:11] [spechunter] [Grep] pattern='smeip|smsip|smaia|srnmi|TOPI|MTOPI'
[08:59:23] [spechunter] [Read] /home/yzs/riscv/opensbi/lib/sbi/sbi_hsm.c
[08:59:23] [spechunter] [Read] /home/yzs/riscv/opensbi/lib/sbi/sbi_hsm.c
[08:59:23] [spechunter] [Read] /home/yzs/riscv/opensbi/lib/utils/irqchip/imsic.c
[08:59:23] [spechunter] [Read] /home/yzs/riscv/opensbi/lib/sbi/sbi_hart.c
[08:59:26] [spechunter] [Grep] pattern='smode_double_trap|smrnmi|nnmi_excep|double.trap'
[08:59:26] [spechunter] [Read] /home/yzs/riscv/qemu/target/riscv/cpu_helper.c
[08:59:32] [spechunter] [Grep] pattern='0x347|0x346|0x345|0x34[5-7]|xnxti|xithreshold|xpistatus'
[08:59:32] [spechunter] [Grep] pattern='0x347|0x346|0x345|0x34[5-7]|xnxti|xithreshold|xpistatus'
[08:59:32] [spechunter] [Read] /home/yzs/riscv/freebsd-src/sys/riscv/vmm/vmm_riscv.c
[08:59:32] [spechunter] [Grep] pattern='SCAUSE_INTR'
[08:59:37] [spechunter] [text] I'll search the codebase for the relevant Smnip/xithreshold/trap entry code since no specific line numbers were provided
[08:59:37] [spechunter] [Grep] pattern='xithreshold|ithreshold|Smnip|smnip|SNIP'
[08:59:37] [spechunter] [Grep] pattern='pithreshold|xpistatus'
[08:59:37] [spechunter] [Grep] pattern='trap_entry|trapEntry|mnstatus|MNSTATUS'
[08:59:42] [spechunter] [Grep] pattern='CSR_S|CSR_M|0x34'
[08:59:42] [spechunter] [Read] /home/yzs/riscv/freebsd-src/sys/riscv/vmm/vmm_riscv.c
[08:59:42] [spechunter] [Read] /home/yzs/riscv/freebsd-src/sys/riscv/riscv/machdep.c
[08:59:42] [spechunter] [Read] /home/yzs/riscv/freebsd-src/sys/riscv/include/vmm.h
[08:59:44] [spechunter] [Bash] View recent commits on current branch
[08:59:44] [spechunter] [Bash] Show files changed in the most recent commit
[08:59:54] [spechunter] [Read] /home/yzs/riscv/XiangShan/src/main/scala/xiangshan/backend/fu/NewCSR/CSREvents/TrapEntryMNEvent.scala
[08:59:54] [spechunter] [Read] /home/yzs/riscv/XiangShan/src/main/scala/xiangshan/backend/fu/NewCSR/CSREvents/MNretEvent.scala
[08:59:54] [spechunter] [Read] /home/yzs/riscv/XiangShan/smnip_exception_threshold_audit.json
[08:59:59] [spechunter] [text] Let me check for any existing Smnip-related CSR definitions and the broader context
[08:59:59] [spechunter] [Grep] pattern='MTHRE|MITHR|mthreshold|SMNIP|smnip'
[08:59:59] [spechunter] [Read] /home/yzs/riscv/opensbi/lib/sbi/sbi_trap.c
[08:59:59] [spechunter] [Read] /home/yzs/riscv/opensbi/lib/sbi/sbi_hart.c
[08:59:59] [spechunter] [Read] /home/yzs/riscv/opensbi/lib/sbi/sbi_expected_trap.S
[09:00:16] [spechunter] [Bash] Show the actual diff of the most recent commit
[09:00:16] [spechunter] [Bash] Show diff for csr.c in latest commit
[09:00:30] [spechunter] [text] Now let me independently verify these claims by reading the actual RTL source files.  
[09:00:30] [spechunter] [Read] /home/yzs/riscv/XiangShan/src/main/scala/xiangshan/backend/fu/NewCSR/CSREvents/TrapEntryMEvent.scala
[09:00:30] [spechunter] [Read] /home/yzs/riscv/XiangShan/src/main/scala/xiangshan/backend/fu/NewCSR/CSREvents/TrapEntryHSEvent.scala
[09:00:30] [spechunter] [Read] /home/yzs/riscv/XiangShan/src/main/scala/xiangshan/backend/fu/NewCSR/CSREvents/TrapEntryVSEvent.scala
[09:00:30] [spechunter] [Read] /home/yzs/riscv/XiangShan/src/main/scala/xiangshan/backend/fu/NewCSR/CSREvents/CSREvent.scala
[09:00:36] [spechunter] [text] Let me search for xpistatus and CLIC-related code in the kernel to understand the full picture
[09:00:36] [spechunter] [Grep] pattern='xpistatus'
[09:00:36] [spechunter] [Grep] pattern='CLIC|clic'
[09:00:36] [spechunter] [Grep] pattern='pithreshold|xithreshold'
[09:00:41] [spechunter] [Grep] pattern='^(static )?void \\w+.*\\{$'
[09:00:41] [spechunter] [Grep] pattern='riscv_tcg_cpu_plugin_instance_init'
[09:00:41] [spechunter] [Grep] pattern='ext_smnip|ext_smrnmi'
[09:00:43] [spechunter] [text] Now let me read the remaining key files.  
[09:00:43] [spechunter] [Read] /home/yzs/riscv/XiangShan/src/main/scala/xiangshan/backend/fu/NewCSR/InterruptFilter.scala
[09:00:43] [spechunter] [Read] /home/yzs/riscv/XiangShan/src/main/scala/xiangshan/backend/fu/NewCSR/CSREvents/MretEvent.scala
[09:00:43] [spechunter] [Read] /home/yzs/riscv/XiangShan/src/main/scala/xiangshan/backend/fu/NewCSR/CSREvents/SretEvent.scala
[09:00:43] [spechunter] [Read] /home/yzs/riscv/XiangShan/src/main/scala/xiangshan/backend/fu/NewCSR/CSREvents/DretEvent.scala
[09:00:46] [spechunter] [Read] /home/yzs/riscv/qemu/target/riscv/tcg/tcg-cpu.c
[09:01:10] [spechunter] [text] Now let me read the remaining key files.  
[09:01:10] [spechunter] [Read] /home/yzs/riscv/XiangShan/src/main/scala/xiangshan/backend/fu/NewCSR/TrapHandleModule.scala
[09:01:10] [spechunter] [Read] /home/yzs/riscv/XiangShan/src/main/scala/xiangshan/backend/fu/NewCSR/NewCSR.scala
[09:01:10] [spechunter] [Read] /home/yzs/riscv/XiangShan/src/main/scala/xiangshan/backend/fu/NewCSR/NewCSR.scala
[09:01:10] [spechunter] [Grep] pattern='CSRAIA|aiaCSRMods|mithreshold|sithreshold|mpistatus|spistatus'
[09:01:11] [spechunter] [text] Now let me check the actual Smnip-related content in the broader codebase and verify the function name for tcg-cpu.c
[09:01:11] [spechunter] [Grep] pattern='ext_smnip'
[09:01:11] [spechunter] [Read] /home/yzs/riscv/qemu/target/riscv/csr.c
[09:01:17] [spechunter] [Read] /home/yzs/riscv/XiangShan/src/main/scala/xiangshan/backend/fu/NewCSR/CSRAIA.scala
[09:01:17] [spechunter] [Read] /home/yzs/riscv/XiangShan/src/main/scala/xiangshan/backend/fu/NewCSR/MachineLevel.scala
[09:01:23] [spechunter] [text] Now let me check the spec reference documents.  
[09:01:23] [spechunter] [Bash] List spec reference directories
[09:01:45] [spechunter] [Grep] pattern='xithreshold|mithreshold|sithreshold|pithreshold|Smnip|Smidctrl|smnip|smidctrl'
[09:01:49] [spechunter] [Read] /home/yzs/riscv/rv-isa-sec/spec_ref/riscv-fast-interrupt/src/aclic.adoc
[09:02:03] [spechunter] [TodoWrite] 3 items
[09:02:03] [spechunter] [text] Now let me check the spec reference files for CLIC-related documentation
[09:02:03] [spechunter] [Bash] List spec reference directories
[09:02:03] [spechunter] [Grep] pattern='smnip|SMNIP|Smnip'
[09:02:11] [spechunter] [Grep] pattern='0x346|0x347|0x348|0x146|0x147|mithreshold|sithreshold|mpistatus|spistatus|mipreemptcfg'
[09:02:14] [spechunter] [Bash] List riscv-fast-interrupt spec directory
[09:02:15] [spechunter] [text] Let me read the key FreeBSD RISC-V trap handling code to confirm the findings.  
[09:02:15] [spechunter] [Read] /home/yzs/riscv/freebsd-src/sys/riscv/riscv/trap.c
[09:02:15] [spechunter] [Read] /home/yzs/riscv/freebsd-src/sys/riscv/riscv/exception.S
[09:02:15] [spechunter] [Read] /home/yzs/riscv/freebsd-src/sys/riscv/riscv/swtch.S
[09:02:29] [spechunter] [text] Let me also check the interrupt handling and any CLIC-related code.  
[09:02:29] [spechunter] [Grep] pattern='xpistatus|xithreshold|xnxti|pithreshold|mithreshold|sithreshold|mpistatus|spistatus'
[09:02:29] [spechunter] [Grep] pattern='Smnip|smnip|CLIC|clic|mnip|snip'
[09:02:29] [spechunter] [Grep] pattern='SCAUSE_INTR|scause.*INTR'
[09:03:08] [spechunter] [text] Let me verify the CLIC reference in aplic.c and check a few more files for completeness
[09:03:08] [spechunter] [Grep] pattern='clic|CLIC'
[09:03:08] [spechunter] [Grep] pattern='xpistatus|xithreshold|xnxti|pithreshold|mithreshold|sithreshold|mpistatus|spistatus|mipreemptcfg|xtopei|mnxti|snxti'
[09:03:08] [spechunter] [Read] /home/yzs/riscv/freebsd-src/sys/riscv/riscv/genassym.c
[09:03:27] [spechunter] [Read] /home/yzs/riscv/freebsd-src/sys/riscv/riscv/intc.c
[09:03:27] [spechunter] [Read] /home/yzs/riscv/freebsd-src/sys/riscv/include/riscvreg.h
[09:03:53] [spechunter] [text] Let me also check the bhyve/vmm code and the spec document for the exact normative text.  
[09:03:53] [spechunter] [Read] /home/yzs/riscv/freebsd-src/sys/riscv/vmm/vmm_riscv.c
[09:03:53] [spechunter] [Grep] pattern='xpistatus|xithreshold|pithreshold|scause'
[09:04:16] [spechunter] [text] Now let me read the existing curated location set for context
[09:04:16] [spechunter] [Read] /home/yzs/riscv/opensbi/locations/smnip_xithreshold_iprio.json
[09:04:36] [spechunter] [text] Let me read the key spec sections for the exact normative text.  
[09:04:36] [spechunter] [Read] /home/yzs/riscv/rv-isa-sec/spec_ref/riscv-fast-interrupt/src/aclic.adoc
[09:04:38] [spechunter] [Grep] pattern='xpistatus|pithreshold|xnxti'
[09:04:38] [spechunter] [Grep] pattern='smnip|SMNIP|Smnip'
[09:04:57] [spechunter] [text] Let me read the critical spec sections about the xpistatus vulnerability pattern
[09:04:57] [spechunter] [Read] /home/yzs/riscv/rv-isa-sec/spec_ref/riscv-fast-interrupt/src/aclic.adoc
[09:05:12] [spechunter] [Grep] pattern='hart_detect_features'
[09:05:33] [spechunter] [text] Now let me produce the final analysis.  ```json {   "locations": [     {       "file": "target/riscv/cpu_helper.c",     ...
[09:05:41] [spechunter] [text] Now let me verify the bhyve guest trap handling and the aplic reference to complete the picture.  
[09:05:41] [spechunter] [Read] /home/yzs/riscv/freebsd-src/sys/riscv/riscv/aplic.c
[09:05:41] [spechunter] [Grep] pattern='xpistatus|xithreshold|pithreshold|threshold|mipreemptcfg'
[09:05:42] [spechunter] [Read] /home/yzs/riscv/opensbi/lib/sbi/sbi_hart.c
[09:05:42] [spechunter] [Read] /home/yzs/riscv/opensbi/lib/sbi/sbi_hart.c
[09:05:54] [spechunter] [text] Now let me check the remaining key context — the `MachineLevel.scala` for `mintstatus` at address `0x346` which conflict...
[09:05:54] [spechunter] [Grep] pattern='0x146|0x147|0x346|0x347|0x348'
[09:05:54] [spechunter] [Read] /home/yzs/riscv/XiangShan/src/main/scala/xiangshan/backend/fu/NewCSR/MachineLevel.scala
[09:06:05] [spechunter] [Agent] description, subagent_type
[09:06:05] [spechunter] [Agent] description, subagent_type
[09:06:09] [spechunter] [text] Now let me check the `do_irq` function to see if it enables interrupts, completing the analysis.  
[09:06:09] [spechunter] [Grep] pattern='do_irq'
[09:06:09] [spechunter] [Grep] pattern='spistatus|CSR_SPISTATUS|CSR_XPISTATUS'
[09:06:19] [spechunter] [Bash] List directory structure under spec_ref
[09:06:19] [spechunter] [Glob] **/*.adoc
[09:06:19] [spechunter] [Glob] **/*.md
[09:06:19] [spechunter] [Glob] **/*.pdf
[09:06:19] [spechunter] [Glob] **/*.txt
[09:06:40] [spechunter] [Read] /home/yzs/riscv/linux/arch/riscv/kernel/traps.c
[09:06:40] [spechunter] [Grep] pattern='sithreshold|CSR_SITHRESHOLD'
[09:06:40] [spechunter] [text] Now I have all the data to produce the cross-validated, deduplicated location set.  ```json {   "locations": [     {    ...
[09:06:47] [spechunter] [TodoWrite] 5 items
[09:06:53] [spechunter] [Grep] pattern='xithreshold'
[09:06:53] [spechunter] [Grep] pattern='xithreshold'
[09:06:53] [spechunter] [Grep] pattern='xithreshold'
[09:06:53] [spechunter] [Grep] pattern='pithreshold'
[09:06:53] [spechunter] [Grep] pattern='pithreshold'
[09:06:53] [spechunter] [Grep] pattern='mnstatus'
[09:06:53] [spechunter] [Grep] pattern='mnstatus'
[09:06:53] [spechunter] [Grep] pattern='xpistatus'
[09:06:54] [spechunter] [Grep] pattern='spistatus|CSR number|encoding|address'
[09:06:58] [spechunter] [text] Now I have all the information needed for a complete analysis. Here is the audit result:  ```json {   "findings": [     ...
[09:07:03] [spechunter] [Grep] pattern='mpistatus|pithreshold|SMNIP|smnip|mnip'
[09:07:03] [spechunter] [Grep] pattern='mstatus.*MIE|MIE.*mstatus|csr_write.*mstatus|csr_set.*mstatus'
[09:07:03] [spechunter] [Grep] pattern='mcause.*exception|exception.*mcause|trap.*handler|handle.*trap|mret'
[09:07:04] [spechunter] [text] Now let me check the CSR address file more carefully for any address conflicts with the ACLIC spec-allocated CSRs
[09:07:04] [spechunter] [Read] /home/yzs/riscv/XiangShan/src/main/scala/xiangshan/backend/decode/isa/CSRs.scala
[09:07:04] [spechunter] [Grep] pattern='mintstatus|sintstatus|Mintstatus'
[09:07:13] [spechunter] [Read] /home/yzs/riscv/rv-isa-sec/spec_ref/riscv-fast-interrupt/src/aclic.adoc
[09:07:18] [spechunter] [Read] /home/yzs/riscv/opensbi/locations/smnip_xithreshold_iprio.json
[09:07:18] [spechunter] [Read] /home/yzs/riscv/opensbi/lib/sbi/sbi_trap.c
[09:07:18] [spechunter] [Read] /home/yzs/riscv/opensbi/lib/sbi/sbi_hart.c
[09:07:26] [spechunter] [Grep] pattern='mnstatus|MNSTATUS'
[09:07:26] [spechunter] [Grep] pattern='double.trap|doubletrap'
[09:07:26] [spechunter] [Grep] pattern='pithreshold|xithreshold'
[09:07:26] [spechunter] [Grep] pattern='exception.leads|exception leads to'
[09:07:26] [spechunter] [Grep] pattern='interrupt.priority|interrupt.threshold'
[09:07:26] [spechunter] [Grep] pattern='Smnip|smnip'
[09:07:26] [spechunter] [Grep] pattern='Smdbltrp|smdbltrp|dbltrp'
[09:07:26] [spechunter] [Glob] **/smrnmi*
[09:07:26] [spechunter] [Glob] **/smdbl*
[09:07:26] [spechunter] [Glob] **/aia*
[09:07:26] [spechunter] [Glob] **/*nmi*
[09:07:32] [spechunter] [Grep] pattern='riscv_cpu_do_interrupt'
[09:07:32] [spechunter] [Grep] pattern='smtrap'
[09:07:32] [spechunter] [Grep] pattern='smtrap'
[09:07:32] [spechunter] [Grep] pattern='smdbltrp|double.trap|dbltrp'
[09:07:32] [spechunter] [Grep] pattern='smnip'
[09:07:32] [spechunter] [Grep] pattern='smrnmi|smnip|smdbltrp'
[09:07:32] [spechunter] [Grep] pattern='threshold'
[09:08:07] [spechunter] [Read] /home/yzs/riscv/rv-isa-sec/spec_ref/riscv-isa-manual/src/priv/smrnmi.adoc
[09:08:07] [spechunter] [Read] /home/yzs/riscv/rv-isa-sec/spec_ref/riscv-isa-manual/src/priv/smdbltrp.adoc
[09:08:07] [spechunter] [Read] /home/yzs/riscv/rv-isa-sec/spec_ref/riscv-isa-manual/src/priv/ssdbltrp.adoc
[09:08:07] [spechunter] [Read] /home/yzs/riscv/rv-isa-sec/spec_ref/riscv-fast-interrupt/src/aclic.adoc
[09:08:07] [spechunter] [Bash] List fast-interrupt directory structure
[09:08:07] [spechunter] [Read] /home/yzs/riscv/rv-isa-sec/spec_ref/riscv-isa-manual/normative_rule_defs/rnmi.yaml
[09:08:07] [spechunter] [Read] /home/yzs/riscv/rv-isa-sec/spec_ref/riscv-isa-manual/normative_rule_defs/smdbltrp.yaml
[09:08:07] [spechunter] [Read] /home/yzs/riscv/rv-isa-sec/spec_ref/riscv-isa-manual/normative_rule_defs/ssdbltrp.yaml
[09:08:07] [spechunter] [text] Now I have all the information needed to produce the full audit. Let me compile the findings based on my independent ver...
[09:08:07] [spechunter] [Grep] pattern='mintstatus|Mintstatus'
[09:08:07] [spechunter] [Grep] pattern='mithreshold|sithreshold|mpistatus|spistatus|mipreemptcfg'
[09:08:18] [spechunter] [Read] /home/yzs/riscv/qemu/target/riscv/cpu_helper.c
[09:08:18] [spechunter] [Grep] pattern='MSTATUS_MDT|MSTATUS_SDT|MNSTATUS'
[09:08:18] [spechunter] [Grep] pattern='xpistatus|CSR_XPISTATUS'
[09:08:18] [spechunter] [Grep] pattern='CSR_XPISTATUS|CSR_MNSTATUS'
[09:08:18] [spechunter] [Grep] pattern='smtrap'
[09:08:18] [spechunter] [Grep] pattern='smtrap'
[09:08:18] [spechunter] [Grep] pattern='ssdbltrp|smdbltrp'
[09:08:28] [spechunter] [text] Let me examine the assembly trap entry and exception handlers for MIE enablement.  
[09:08:28] [spechunter] [Grep] pattern='mstatus.*MIE|MIE.*mstatus|csr_set.*MSTATUS|csr_write.*MSTATUS|mstatus_val.*MIE|MSTATUS_MIE'
[09:08:28] [spechunter] [Read] /home/yzs/riscv/opensbi/firmware/fw_base.S
[09:08:35] [spechunter] [Grep] pattern='machine-double-trap|double.trap|Smdbltrp|critical.error'
[09:08:35] [spechunter] [Grep] pattern='supv-double-trap|double.trap|Ssdbltrp|DTE'
[09:08:35] [spechunter] [Grep] pattern='snstatus|SNSTATUS'
[09:08:35] [spechunter] [Grep] pattern='Smnip|smnip|Nested Interrupt Preemption|interrupt.priority|ipp|mpipp|spipp|pip'
[09:08:35] [spechunter] [Grep] pattern='Smnip|smnip|Nested Interrupt Preemption|sipreempt|spistatus|sithreshold'
[09:08:38] [spechunter] [Grep] pattern='irqentry_enter|irqentry_exit'
[09:08:38] [spechunter] [Grep] pattern='arch_local_irq_enable|arch_local_irq_disable|SR_SIE'
[09:08:46] [spechunter] [Read] /home/yzs/riscv/opensbi/firmware/fw_base.S
[09:08:46] [spechunter] [Read] /home/yzs/riscv/opensbi/lib/sbi/sbi_expected_trap.S
[09:08:46] [spechunter] [Read] /home/yzs/riscv/opensbi/lib/sbi/sbi_double_trap.c
[09:08:46] [spechunter] [Grep] pattern='riscv_env_smode_dbltrp_enabled'
[09:08:46] [spechunter] [Grep] pattern='xpistatus'
[09:08:46] [spechunter] [Grep] pattern='riscv_cpu_local_irq_pending'
[09:08:46] [spechunter] [Grep] pattern='xithreshold|pithreshold'
[09:08:46] [spechunter] [Grep] pattern='mnstatus.*MNSTATUS_MNPP|write_mnstatus'
[09:08:46] [spechunter] [Grep] pattern='RISCV_EXCP_DOUBLE_TRAP'
[09:08:46] [spechunter] [Grep] pattern='RNMI|rnmi'
[09:08:53] [spechunter] [Read] /home/yzs/riscv/rv-isa-sec/spec_ref/riscv-isa-manual/src/priv/machine.adoc
[09:08:53] [spechunter] [Read] /home/yzs/riscv/rv-isa-sec/spec_ref/riscv-isa-manual/src/priv/supervisor.adoc
[09:08:53] [spechunter] [Grep] pattern='double.trap|doubletrap|Smdbltrp|critical.error|mnstatus.NMIE|mnstatus_nmie'
[09:09:17] [spechunter] [text] Prompt is too long
[09:09:31] [spechunter] [text] Let me check what `irqentry_enter` does for the interrupt path and whether it re-enables interrupts
[09:09:31] [spechunter] [Grep] pattern='irqentry_enter\\b'
[09:09:31] [spechunter] [Grep] pattern='__visible noinstr irqentry_enter|^irqentry_enter'
[09:09:34] [spechunter] [TodoWrite] 6 items
[09:09:47] [spechunter] [Grep] pattern='MSTATUS_MIE|csr_set.*MIE|csrs.*MIE|mie.*set|enable.*interrupt|interrupt.*enable'
[09:09:47] [spechunter] [Read] /home/yzs/riscv/opensbi/lib/sbi/sbi_trap_ldst.c
[09:09:51] [spechunter] [Read] /home/yzs/riscv/linux/kernel/entry/common.c
[09:09:59] [spechunter] [Read] /home/yzs/riscv/qemu/target/riscv/csr.c
[09:09:59] [spechunter] [Read] /home/yzs/riscv/qemu/target/riscv/cpu_helper.c
[09:09:59] [spechunter] [Read] /home/yzs/riscv/qemu/target/riscv/cpu_helper.c
[09:09:59] [spechunter] [Grep] pattern='mnstatus|rnmi'
[09:09:59] [spechunter] [Grep] pattern='rnmi|mnstatus|mnscratch|mnepc|mncause'
[09:09:59] [spechunter] [Grep] pattern='MENVCFG_DTE|HENVCFG_DTE'
[09:09:59] [spechunter] [Grep] pattern='xipio|xistatus'
[09:10:12] [spechunter] [text] Let me check the trap entry assembly macros more carefully for any MIE manipulation
[09:10:12] [spechunter] [Read] /home/yzs/riscv/opensbi/firmware/fw_base.S
[09:10:12] [spechunter] [Grep] pattern='CLEAR_MDT|MSTATUS_MIE|SET_MIE|mie'
[09:10:33] [spechunter] [Grep] pattern='rnmi|smnip|threshold|aia|imsic'
[09:10:33] [spechunter] [Grep] pattern='imsic|aplic|threshold'
[09:10:33] [spechunter] [Grep] pattern='rnmi|smnip|smrnmi'
[09:10:33] [spechunter] [Grep] pattern='IPRIO_DEFAULT|riscv_cpu_pending_to_irq'
[09:10:33] [spechunter] [Grep] pattern='IPRIO_DEFAULT'
[09:10:33] [spechunter] [Grep] pattern='riscv_cpu_set_rnmi'
[09:10:41] [spechunter] [Read] /home/yzs/riscv/opensbi/firmware/fw_base.S
[09:10:41] [spechunter] [Grep] pattern='CLEAR_MDT'
[09:10:55] [spechunter] [Read] /home/yzs/riscv/qemu/target/riscv/cpu_helper.c
[09:10:55] [spechunter] [Grep] pattern='smnip|Ssnip|Smsnip|ext_smnip'
[09:10:55] [spechunter] [Read] /home/yzs/riscv/qemu/tests/tcg/riscv64/doubletrap.S
[09:10:55] [spechunter] [Grep] pattern='read_mstatus|write_mstatus'
[09:10:55] [spechunter] [Grep] pattern='CSR_XI|CSR_XP'
[09:10:55] [spechunter] [Read] /home/yzs/riscv/qemu/target/riscv/cpu_bits.h
[09:11:37] [spechunter] [Read] /home/yzs/riscv/qemu/target/riscv/csr.c
[09:11:37] [spechunter] [Read] /home/yzs/riscv/qemu/hw/riscv/riscv_hart.c
[09:11:37] [spechunter] [Read] /home/yzs/riscv/qemu/target/riscv/cpu_helper.c
[09:11:39] [spechunter] [text] Now let me look at the key spec section about xpistatus and trap behavior, and verify the sstatus encoding difference
[09:11:39] [spechunter] [Read] /home/yzs/riscv/rv-isa-sec/spec_ref/riscv-fast-interrupt/src/aclic.adoc
[09:11:39] [spechunter] [Read] /home/yzs/riscv/rv-isa-sec/spec_ref/riscv-fast-interrupt/src/aclic.adoc
[09:11:39] [spechunter] [Grep] pattern='MSTATUS_MIE|MIE|mie|interrupt.*enable|enable.*interrupt'
[09:11:39] [spechunter] [Grep] pattern='mstatus|MIE|mpistatus|mithreshold|mnipthresh|pithreshold|threshold'
[09:11:39] [spechunter] [Grep] pattern='MNIPTHRESH|mnipthresh|mithreshold|MITHRESHOLD|mpistatus|MPISTATUS|pithreshold'
[09:12:09] [spechunter] [Read] /home/yzs/riscv/rv-isa-sec/spec_ref/riscv-fast-interrupt/src/aclic.adoc
[09:12:21] [spechunter] [Grep] pattern='mnip|csr_xithreshold|threshold'
[09:12:21] [spechunter] [Grep] pattern='threshold'
[09:12:21] [spechunter] [Grep] pattern='smnip'
[09:12:55] [spechunter] [Grep] pattern='threshold'
[09:12:55] [spechunter] [Grep] pattern='threshold'
[09:12:55] [spechunter] [Grep] pattern='threshold'
[09:12:55] [spechunter] [Grep] pattern='threshold'
[09:13:50] [spechunter] [text] Now let me look at the existing audit result for additional context on code locations to check
[09:13:50] [spechunter] [Read] /home/yzs/riscv/linux/tmp/smnip_audit_result.json
[09:14:18] [spechunter] [text] Now let me check whether OpenSBI's exception handlers ever re-enable interrupts by setting MSTATUS.MIE.  
[09:14:18] [spechunter] [Grep] pattern='MSTATUS_MIE'
[09:14:18] [spechunter] [Grep] pattern='MPISTATUS|mpistatus'
[09:14:26] [spechunter] [Read] /home/yzs/riscv/linux/arch/riscv/kernel/traps.c
[09:14:59] [spechunter] [text] Let me check the current git log for Smnip-related commits and any pending patches
[09:14:59] [spechunter] [Bash] Check recent commits
[09:14:59] [spechunter] [Bash] Check all branches
[09:15:21] [spechunter] [text] Now let me read the specific spec text and the key code paths to produce precise citations
[09:15:21] [spechunter] [Read] /home/yzs/riscv/rv-isa-sec/spec_ref/riscv-fast-interrupt/src/aclic.adoc
[09:15:21] [spechunter] [Read] /home/yzs/riscv/qemu/target/riscv/cpu_helper.c
[09:15:45] [spechunter] [text] Let me check the actual changes in this PR and the relevant spec sections more carefully
[09:15:45] [spechunter] [Bash] Check what files are changed in this branch
[09:15:45] [spechunter] [Bash] Check recent commits
[09:16:03] [spechunter] [text] Now let me look at the HSM suspend/resume code and the encoding header for the CSR definitions  
[09:16:03] [spechunter] [Grep] pattern='CSR_MTOPI|TOPI_IPRIO|TOPI_IID'
[09:16:03] [spechunter] [Grep] pattern='suspend|resume|saved_mie|non_ret'
[09:16:08] [spechunter] [Read] /home/yzs/riscv/opensbi/lib/sbi/sbi_hsm.c
[09:16:08] [spechunter] [Read] /home/yzs/riscv/opensbi/lib/sbi/sbi_hsm.c
[09:16:08] [spechunter] [Bash] Check head commit contents
[09:16:08] [spechunter] [Bash] Check uncommitted IOMMU changes
[09:16:30] [spechunter] [text] Now let me check for the Smnip-related findings and the actual exception-to-interrupt scenario  
[09:16:30] [spechunter] [Read] /home/yzs/riscv/opensbi/semantic_finding_smip_trap_handler.json
[09:16:30] [spechunter] [Read] /home/yzs/riscv/opensbi/semantic_finding_smip_mtvec_direct.json
[09:16:30] [spechunter] [text] Now let me verify there's truly no Smnip code anywhere, and check if there are any threshold-related traps in the interr...
[09:16:30] [spechunter] [Grep] pattern='xithreshold|pithreshold|mithreshold|sithreshold|mpistatus|spistatus|smnip|ext_smnip|mipreemptcfg'
[09:16:30] [spechunter] [Grep] pattern='xithreshold|pithreshold|mithreshold|sithreshold|mpistatus|spistatus|smnip|ext_smnip|mipreemptcfg'
[09:16:30] [spechunter] [Grep] pattern='xithreshold|pithreshold|mithreshold|sithreshold|mpistatus|spistatus|smnip|ext_smnip|mipreemptcfg'
[09:17:00] [spechunter] [text] Now I have all the information needed. Here is the audit result:  ```json {   "findings": [     {       "file_path": "ta...
[09:17:36] [spechunter] [Read] /home/yzs/riscv/linux/kernel/entry/common.c
[09:17:36] [spechunter] [Read] /home/yzs/riscv/linux/include/linux/irq-entry-common.h
[09:17:52] [spechunter] [text] Let me do a final comprehensive check for any indirect MIE enablement paths.  
[09:17:52] [spechunter] [Grep] pattern='csr_set.*MSTATUS|csrs.*MSTATUS|csr_write.*mstatus|mstatus.*\\|\\s*MSTATUS_MIE|mstatus_val.*MSTATUS_MIE'
[09:17:52] [spechunter] [Grep] pattern='sbi_irqchip_process'
[09:18:57] [spechunter] [text] Now let me also check for any inline assembly or macros that might enable MIE during exception handling, and look at the...
[09:18:57] [spechunter] [Grep] pattern='csr_set|csrs|csrw.*mie|mstatus|MPIE'
[09:18:57] [spechunter] [Grep] pattern='sbi_trap_redirect|trap_redirect'
[09:19:13] [spechunter] [text] Now let me also look at the signal frame and smp hotplug paths for completeness.  
[09:19:13] [spechunter] [Grep] pattern='setup_sigcontext|setup_rt_frame'
[09:19:13] [spechunter] [Grep] pattern='CSR_STATUS|spistatus|sithreshold'
[09:19:59] [spechunter] [text] Now let me check whether any path in the trap handler could enable MIE during exception processing
[09:19:59] [spechunter] [Grep] pattern='csr_set|csrs|csr_write|csrw'
[09:19:59] [spechunter] [Read] /home/yzs/riscv/opensbi/lib/sbi/sbi_irqchip.c
[09:22:02] [spechunter] [text] Now I have a comprehensive understanding of the code and spec. Let me compile the final audit analysis
[09:22:02] [spechunter] [Write] /home/yzs/riscv/linux/tmp/smnip_audit_result.json
[09:22:09] [spechunter] [text] Now I have a thorough understanding of the code. Let me produce my analysis.  The security spec describes a vulnerabilit...
[09:22:09] [spechunter] [Bash] Check for uncommitted changes to sbi_trap.c
[09:23:01] [spechunter] [text] Now I have a comprehensive understanding of the entire trap handling flow, exception dispatch, and Smnip-related state. ...
[09:23:01] [spechunter] [Read] /home/yzs/riscv/opensbi/lib/sbi/sbi_trap.c
[09:23:49] [spechunter] [text] Now let me produce the final analysis JSON.  Based on my thorough analysis of the entire trap handling flow, here is my ...
[09:23:49] [spechunter] [Bash] Output final analysis JSON
[09:24:08] [spechunter] [text] ## Analysis Summary  **Overall severity: `potential_risk`** — The exact vulnerability pattern in the security spec (exce...
