repo	pr_number	title	state	merged_at	author	created_at	updated_at	labels
riscv-isa-manual	2999	Use {asterisk} in macros	closed	omasanori	2026-04-28T01:53:24Z	2026-04-28T10:15:44Z		
riscv-isa-manual	3000	Clarify norm:fcvt_int_float_valid_input	open	omasanori	2026-04-28T04:21:51Z	2026-04-28T05:18:54Z		
riscv-isa-manual	2993	Use macros	open	omasanori	2026-04-27T11:50:05Z	2026-04-28T01:19:44Z		
riscv-isa-manual	2997	Add Zvt family of VME extensions	open	aswaterman	2026-04-27T20:51:24Z	2026-04-27T23:34:53Z		
riscv-isa-manual	2721	Allow ELEN>VLEN in Vector extension 	closed	2026-04-27T21:52:58Z	DmitryUtyansky	2026-03-04T03:01:46Z	2026-04-27T21:52:58Z	
riscv-isa-manual	2994	Added norm rules of all profile priv extensions	closed	2026-04-27T20:42:29Z	UmerShahidengr	2026-04-27T14:20:34Z	2026-04-27T20:42:29Z	
riscv-isa-manual	2991	Added normative rules of all unpriv profile extensions	closed	2026-04-27T20:39:43Z	UmerShahidengr	2026-04-27T06:50:06Z	2026-04-27T20:39:43Z	
riscv-isa-manual	2995	Add matrix placeholder chapter	closed	2026-04-27T20:26:47Z	aswaterman	2026-04-27T20:09:31Z	2026-04-27T20:26:49Z	
riscv-isa-manual	2996	Clarify that WRS interrupt interaction matches WFI	open	aswaterman	2026-04-27T20:23:18Z	2026-04-27T20:26:37Z		
riscv-isa-manual	2979	Add Zvfofp8min v0.9 spec	open	aswaterman	2026-04-25T01:56:43Z	2026-04-27T19:58:04Z		
riscv-isa-manual	2716	ci: harden Actions workflows and restore 'Normative Rule Changes Detected' PR comment	open	rpsene	2026-03-02T15:47:39Z	2026-04-27T15:19:26Z		
riscv-isa-manual	2731	Integrated matrix extension	open	joseemoreira	2026-03-09T16:46:10Z	2026-04-27T15:00:46Z		
riscv-isa-manual	2986	added KianV Stealth RISC-V marchID	open	splinedrive	2026-04-26T09:13:13Z	2026-04-27T14:12:13Z		
riscv-isa-manual	2984	Deduplicate FP fmt encoding tables	open	omasanori	2026-04-25T23:54:24Z	2026-04-27T08:06:22Z		
riscv-isa-manual	2990	contributors: Add myself	closed	2026-04-27T04:35:34Z	omasanori	2026-04-27T04:22:31Z	2026-04-27T04:37:16Z	
riscv-isa-manual	2987	F: Clarify a note on reserved dynamic rounding mode	closed	2026-04-27T00:50:17Z	omasanori	2026-04-26T12:52:22Z	2026-04-27T03:36:14Z	
riscv-isa-manual	2978	Update documentation for mstatus and mstatush registers	closed	2026-04-27T00:57:23Z	davidharrishmc	2026-04-24T21:42:58Z	2026-04-27T00:57:23Z	
riscv-isa-manual	2981	Zf, Zvfbf: Use macros	closed	2026-04-25T23:20:39Z	omasanori	2026-04-25T12:28:41Z	2026-04-25T23:21:13Z	
riscv-isa-manual	2982	unpriv: rationale: Use macros	closed	2026-04-25T23:08:02Z	omasanori	2026-04-25T13:39:15Z	2026-04-25T23:12:59Z	
riscv-isa-manual	2970	Tweak	closed	2026-04-24T20:59:38Z	omasanori	2026-04-24T08:10:35Z	2026-04-24T20:59:38Z	
riscv-isa-manual	2971	Zacas: Tweak	closed	2026-04-24T20:56:36Z	omasanori	2026-04-24T11:05:30Z	2026-04-24T20:56:37Z	
riscv-isa-manual	2973	Clarify wording in misa register documentation	closed	2026-04-24T20:49:01Z	davidharrishmc	2026-04-24T18:15:25Z	2026-04-24T20:49:03Z	
riscv-isa-manual	2974	Clarify `mip` and `mie` register implementation and WARL field requirements	closed	2026-04-24T20:47:04Z	davidharrishmc	2026-04-24T18:50:05Z	2026-04-24T20:47:04Z	
riscv-isa-manual	2977	Update documentation for menvcfg and menvcfgh registers	closed	2026-04-24T20:41:56Z	davidharrishmc	2026-04-24T19:51:37Z	2026-04-24T20:41:56Z	
riscv-isa-manual	2976	Clarify that mscratch, mepc, mcause, mtval must be implemented	closed	2026-04-24T20:07:18Z	davidharrishmc	2026-04-24T19:34:20Z	2026-04-24T20:07:19Z	
riscv-isa-manual	2958	Fix unwanted #	closed	2026-04-24T19:00:53Z	demin-han	2026-04-23T07:11:04Z	2026-04-24T19:00:53Z	
riscv-isa-manual	2901	Add Zisb extension	open	aswaterman	2026-04-14T23:22:45Z	2026-04-24T07:51:07Z		
riscv-isa-manual	2967	za: Move sample code to appendix	closed	2026-04-24T07:01:18Z	omasanori	2026-04-24T01:16:53Z	2026-04-24T07:02:16Z	
riscv-isa-manual	2966	Tweak	closed	2026-04-24T07:01:31Z	omasanori	2026-04-24T00:39:22Z	2026-04-24T07:01:54Z	
riscv-isa-manual	2701	Redid Zawrs version tweak from 1.01 to 1.0	closed	2026-02-24T23:09:54Z	bgrayson-mips	2026-02-24T21:15:06Z	2026-04-24T02:53:37Z	
riscv-isa-manual	2957	zf: Add section for formats	closed	2026-04-23T19:14:31Z	omasanori	2026-04-23T03:22:14Z	2026-04-23T20:52:33Z	
riscv-isa-manual	2962	za: Use macros	closed	2026-04-23T18:38:22Z	omasanori	2026-04-23T10:20:55Z	2026-04-23T20:51:45Z	
riscv-isa-manual	2953	Remove unnumbered section from ToC	closed	2026-04-22T23:39:29Z	aswaterman	2026-04-22T21:15:52Z	2026-04-22T23:39:31Z	
riscv-isa-manual	2954	Tweak the wording	closed	2026-04-22T21:56:31Z	omasanori	2026-04-22T21:28:53Z	2026-04-22T22:00:58Z	
riscv-isa-manual	2951	rvwmo: Tweak	closed	2026-04-22T21:08:56Z	omasanori	2026-04-22T20:28:34Z	2026-04-22T21:13:54Z	
riscv-isa-manual	2952	za: Remove unnumbered section	closed	omasanori	2026-04-22T20:35:39Z	2026-04-22T20:51:28Z		
riscv-isa-manual	2950	mm: Use macros	closed	2026-04-22T18:56:32Z	omasanori	2026-04-22T18:43:32Z	2026-04-22T18:57:21Z	
riscv-isa-manual	2948	Ziccif: Use macros	closed	2026-04-22T18:26:53Z	omasanori	2026-04-22T18:16:36Z	2026-04-22T18:26:53Z	
riscv-isa-manual	2946	Zicsr: Tweak title	closed	2026-04-22T18:19:52Z	omasanori	2026-04-22T15:31:43Z	2026-04-22T18:19:52Z	
riscv-isa-manual	2917	machine: Fix hyphenation in AMO PMAs	closed	2026-04-20T22:27:24Z	omasanori	2026-04-16T16:25:09Z	2026-04-22T18:18:20Z	
riscv-isa-manual	2937	CFI: Use macros	closed	2026-04-22T18:07:52Z	omasanori	2026-04-22T05:05:28Z	2026-04-22T18:12:06Z	
riscv-isa-manual	2924	Fix bug with BSD sed	closed	2026-04-22T16:58:32Z	omasanori	2026-04-18T10:20:27Z	2026-04-22T17:59:05Z	
riscv-isa-manual	2618	Add Zvdota/Zvbdota draft	open	aswaterman	2026-01-29T03:29:13Z	2026-04-22T16:56:35Z		
riscv-isa-manual	2942	Ziccif: Use macros	closed	2026-04-22T16:48:48Z	omasanori	2026-04-22T11:04:43Z	2026-04-22T16:48:49Z	
riscv-isa-manual	2944	Add MARCHID for Sargantana	closed	2026-04-22T16:47:15Z	narcisrodas	2026-04-22T11:53:02Z	2026-04-22T16:47:16Z	
riscv-isa-manual	2935	Use macros	closed	2026-04-21T22:44:13Z	omasanori	2026-04-21T09:12:05Z	2026-04-21T22:50:27Z	
riscv-isa-manual	2934	Tweak CMO	closed	2026-04-21T22:47:19Z	omasanori	2026-04-21T08:36:17Z	2026-04-21T22:50:15Z	
riscv-isa-manual	2920	Add the table of FP formats	closed	2026-04-21T06:23:12Z	omasanori	2026-04-18T03:19:02Z	2026-04-21T06:24:08Z	
riscv-isa-manual	2933	CMO: Use macros	closed	2026-04-21T06:20:50Z	omasanori	2026-04-21T05:58:24Z	2026-04-21T06:21:23Z	
riscv-isa-manual	2918	Use macros	closed	omasanori	2026-04-17T07:16:37Z	2026-04-21T06:07:03Z		
riscv-isa-manual	2916	Add Normative Rule on Ziccamoa	closed	2026-04-21T00:07:41Z	omasanori	2026-04-16T15:37:34Z	2026-04-21T00:07:49Z	NormRules
riscv-isa-manual	2926	zifencei: Tweak wording	closed	omasanori	2026-04-18T14:48:46Z	2026-04-20T23:18:40Z		
riscv-isa-manual	2922	Add Normative Rules on Ziccrse	closed	2026-04-20T21:32:51Z	omasanori	2026-04-18T09:43:27Z	2026-04-20T23:18:05Z	
riscv-isa-manual	2576	[Zvdot4a8i] Extension for vector dot product (4-element, 8-bit integer) Version 0.1	open	nibrunieAtSi5	2026-01-17T18:37:58Z	2026-04-18T15:07:02Z		
riscv-isa-manual	2913	Use macros	closed	2026-04-16T16:29:58Z	omasanori	2026-04-16T11:40:32Z	2026-04-16T16:30:22Z	
riscv-isa-manual	2598	Add Ziccid draft spec	open	aswaterman	2026-01-22T21:03:24Z	2026-04-16T15:49:36Z		
riscv-isa-manual	2915	profiles: Tweak section level	closed	2026-04-16T15:23:18Z	omasanori	2026-04-16T14:31:16Z	2026-04-16T15:23:45Z	
riscv-isa-manual	2912	Migrate Ziccamoa and Ziccamoc to new macros	closed	omasanori	2026-04-16T08:07:12Z	2026-04-16T11:45:44Z		
riscv-isa-manual	2911	zc: Move C before Zca	closed	omasanori	2026-04-16T06:57:23Z	2026-04-16T07:02:29Z		
riscv-isa-manual	2904	naming: Use macros	closed	2026-04-16T05:58:34Z	omasanori	2026-04-15T05:01:52Z	2026-04-16T06:05:18Z	
riscv-isa-manual	2910	naming: Move K back	closed	2026-04-15T23:51:22Z	omasanori	2026-04-15T23:40:37Z	2026-04-16T00:09:55Z	
riscv-isa-manual	2903	Align the extension order with the chapter order	closed	2026-04-15T22:52:45Z	omasanori	2026-04-14T23:45:25Z	2026-04-15T23:41:59Z	
riscv-isa-manual	2909	unpriv: Add Normative Rules on IEEE 754 compliance	closed	omasanori	2026-04-15T13:27:20Z	2026-04-15T22:34:25Z	NormRules	
riscv-isa-manual	2905	zc: Remove remnant	closed	2026-04-15T22:05:53Z	omasanori	2026-04-15T05:48:07Z	2026-04-15T22:06:28Z	
riscv-isa-manual	2902	Clarify that mnstatus.MNPV depends on H extension	closed	2026-04-14T23:48:49Z	aswaterman	2026-04-14T23:31:07Z	2026-04-14T23:48:50Z	
riscv-isa-manual	2900	Move unpriv preface to unpriv	closed	2026-04-14T23:11:00Z	aswaterman	2026-04-14T22:43:03Z	2026-04-14T23:11:03Z	
riscv-isa-manual	2897	Reorganize Zc chapters	closed	2026-04-14T16:28:07Z	aswaterman	2026-04-14T15:05:42Z	2026-04-14T16:28:09Z	
riscv-isa-manual	2898	Bump actions/upload-pages-artifact from 4 to 5	open	dependabot[bot]	2026-04-14T16:13:52Z	2026-04-14T16:13:53Z	dependencies;github_actions	
riscv-isa-manual	2896	Enforce cross-reference resolution	closed	2026-04-14T12:49:21Z	aswaterman	2026-04-14T12:16:34Z	2026-04-14T12:49:23Z	
riscv-isa-manual	2895	naming: Fix citation	closed	2026-04-14T11:09:13Z	omasanori	2026-04-14T10:59:28Z	2026-04-14T11:16:06Z	
riscv-isa-manual	2894	naming: Minor updates	closed	2026-04-14T10:26:08Z	omasanori	2026-04-14T10:10:35Z	2026-04-14T10:35:54Z	
riscv-isa-manual	2529	Add Zvzip extension	open	ved-rivos	2025-12-21T16:47:55Z	2026-04-14T08:39:01Z	Ratification Pending	
riscv-isa-manual	2893	naming: Minor fixes	closed	2026-04-14T06:42:13Z	omasanori	2026-04-14T06:25:54Z	2026-04-14T06:42:40Z	
riscv-isa-manual	2892	profiles: Cosmetic changes	closed	2026-04-14T05:20:43Z	omasanori	2026-04-14T05:11:20Z	2026-04-14T05:23:16Z	
riscv-isa-manual	2891	profiles: Update cross reference text	closed	2026-04-14T05:14:31Z	omasanori	2026-04-14T01:52:39Z	2026-04-14T05:15:16Z	
riscv-isa-manual	2861	unpriv: preface: Minor fixes	closed	2026-04-14T02:49:49Z	omasanori	2026-04-09T23:17:01Z	2026-04-14T05:06:18Z	
riscv-isa-manual	2890	Assorted fixes to the naming conventions	closed	2026-04-14T05:04:40Z	omasanori	2026-04-14T00:48:16Z	2026-04-14T05:05:03Z	
riscv-isa-manual	2885	Add Normative Rules on Ziccamoc and Zama16b	closed	2026-04-13T22:58:29Z	omasanori	2026-04-13T06:47:09Z	2026-04-14T00:15:05Z	
riscv-isa-manual	2879	Assorted fixes to the naming conventions	closed	2026-04-13T22:52:24Z	omasanori	2026-04-12T05:53:09Z	2026-04-14T00:14:54Z	
riscv-isa-manual	2886	Reorganize notes on FENCE.TSO	closed	2026-04-13T21:38:20Z	omasanori	2026-04-13T08:33:57Z	2026-04-13T22:26:13Z	
riscv-isa-manual	2884	Add marchid for Raptor	closed	2026-04-13T22:21:24Z	Kingfish404	2026-04-13T02:35:14Z	2026-04-13T22:21:24Z	
riscv-isa-manual	2867	Clarify the word "canonical" in "canonical NaN"	closed	2026-04-13T21:00:50Z	dramforever	2026-04-10T09:40:19Z	2026-04-13T21:00:50Z	
riscv-isa-manual	2887	Bump softprops/action-gh-release from 2.6.1 to 3.0.0	open	dependabot[bot]	2026-04-13T17:36:00Z	2026-04-13T17:36:01Z	dependencies;github_actions	
riscv-isa-manual	2882	Fix Table 103 for mobile rendering.	closed	2026-04-13T13:36:11Z	wmat	2026-04-12T15:56:09Z	2026-04-13T13:36:13Z	
riscv-isa-manual	2871	Clarify which Smdbltrp SRET behaviors are qualified by M-mode	closed	2026-04-13T02:05:00Z	aswaterman	2026-04-10T23:48:35Z	2026-04-13T07:18:47Z	
riscv-isa-manual	2883	Add marchid for Raptor	closed	Kingfish404	2026-04-12T17:35:47Z	2026-04-13T02:22:58Z		
riscv-isa-manual	2872	priv: intro: Reformat tables	closed	2026-04-11T05:05:05Z	omasanori	2026-04-11T04:43:24Z	2026-04-11T05:05:40Z	
riscv-isa-manual	2868	fixed #2849: Update zalrsc.adoc normative rule	closed	2026-04-10T20:00:08Z	UmerShahidengr	2026-04-10T16:08:48Z	2026-04-10T20:00:08Z	NormRules
riscv-isa-manual	2862	priv: preface: Move H	closed	2026-04-10T18:12:42Z	omasanori	2026-04-09T23:50:58Z	2026-04-10T19:13:52Z	
riscv-isa-manual	2869	Bump actions/github-script from 7 to 9	open	dependabot[bot]	2026-04-10T16:15:09Z	2026-04-10T16:15:11Z	dependencies;github_actions	
riscv-isa-manual	2860	unpriv: preface: Add missing extensions	closed	2026-04-09T22:55:34Z	omasanori	2026-04-09T13:47:35Z	2026-04-09T22:56:27Z	
riscv-isa-manual	2859	Zce: Fix examples	closed	2026-04-09T22:54:36Z	omasanori	2026-04-09T11:26:01Z	2026-04-09T22:55:50Z	
riscv-isa-manual	2646	Zicfiss SSE clarifications and corrections	open	Timmmm	2026-02-04T13:28:08Z	2026-04-09T18:54:47Z		
riscv-isa-manual	2858	priv: preface: Fix typo	closed	2026-04-09T11:23:18Z	omasanori	2026-04-09T10:52:43Z	2026-04-09T11:34:14Z	
riscv-isa-manual	2857	priv: preface: Fix the modules table	closed	2026-04-09T06:45:39Z	omasanori	2026-04-09T06:33:44Z	2026-04-09T10:50:23Z	
riscv-isa-manual	2855	D: Trivial fix.	closed	2026-04-09T05:21:07Z	omasanori	2026-04-09T05:11:52Z	2026-04-09T05:23:21Z	
riscv-isa-manual	2844	profiles: More cleanups	closed	2026-04-09T05:17:52Z	omasanori	2026-04-08T01:26:44Z	2026-04-09T05:18:21Z	
riscv-isa-manual	2853	priv: preface: Rearrange the modules table	closed	2026-04-09T05:12:28Z	omasanori	2026-04-09T00:27:59Z	2026-04-09T05:12:47Z	
riscv-isa-manual	2852	Remove incorrect comment about standard extensions not conflicting	closed	2026-04-08T23:56:09Z	aswaterman	2026-04-08T22:56:46Z	2026-04-08T23:56:10Z	
riscv-isa-manual	2843	profiles: Restore an accidentally removed note	closed	2026-04-08T22:24:22Z	omasanori	2026-04-08T01:01:41Z	2026-04-08T23:49:14Z	
riscv-isa-manual	2851	priv: Align the tables in preface with ones in Volume I	closed	2026-04-08T22:10:13Z	omasanori	2026-04-08T17:12:02Z	2026-04-08T23:48:48Z	
riscv-isa-manual	2846	profiles: Remove the use of RVIA	closed	2026-04-08T22:11:29Z	omasanori	2026-04-08T05:00:25Z	2026-04-08T23:48:32Z	
riscv-isa-manual	2848	Spell out RVWMO at first use	closed	2026-04-08T22:11:51Z	omasanori	2026-04-08T08:31:05Z	2026-04-08T23:48:17Z	
riscv-isa-manual	2850	unpriv: Remove status from the table in preface	closed	2026-04-08T22:09:49Z	omasanori	2026-04-08T13:48:43Z	2026-04-08T23:47:55Z	
riscv-isa-manual	2845	bib: Treat SAC as the author of SM3 and SM4	closed	2026-04-08T21:34:02Z	omasanori	2026-04-08T04:44:38Z	2026-04-08T21:39:25Z	
riscv-isa-manual	2840	Smcdeleg/Ssccfg depend on Sscsrind	closed	2026-04-07T21:13:38Z	aswaterman	2026-04-07T19:38:09Z	2026-04-08T21:10:55Z	
riscv-isa-manual	2837	profiles: Remove outdated notes	closed	2026-04-07T19:54:28Z	omasanori	2026-04-07T08:37:37Z	2026-04-08T01:02:49Z	
riscv-isa-manual	2842	Refer to correct profile names in Ssstrict NOTE	closed	2026-04-07T21:25:35Z	aswaterman	2026-04-07T20:07:05Z	2026-04-07T21:25:38Z	
riscv-isa-manual	2841	Zicclsm doesn't affect any Za extension's instructions	closed	2026-04-07T20:07:24Z	aswaterman	2026-04-07T19:56:05Z	2026-04-07T20:07:26Z	
riscv-isa-manual	2825	profiles: capitalize instruction names	closed	omasanori	2026-04-05T06:57:44Z	2026-04-07T17:01:05Z		
riscv-isa-manual	2819	Bibliography database cleanup	closed	2026-04-07T06:45:24Z	omasanori	2026-04-03T02:27:23Z	2026-04-07T06:54:14Z	
riscv-isa-manual	2834	Restructure and move FP chapters	closed	2026-04-07T06:38:46Z	aswaterman	2026-04-07T06:09:30Z	2026-04-07T06:38:48Z	
riscv-isa-manual	2832	Define floating-point formats based on IEEE 754	closed	2026-04-07T05:36:38Z	omasanori	2026-04-07T00:54:46Z	2026-04-07T05:37:46Z	
riscv-isa-manual	2833	Reorganize unpriv appendices	closed	2026-04-07T05:18:14Z	aswaterman	2026-04-07T01:30:09Z	2026-04-07T05:18:16Z	
riscv-isa-manual	2828	Cleanup text on Sha	closed	2026-04-07T00:03:02Z	omasanori	2026-04-05T11:09:21Z	2026-04-07T00:03:09Z	
riscv-isa-manual	2824	Preface: add new extensions from the Profile spec	closed	2026-04-06T22:59:38Z	omasanori	2026-04-05T05:46:20Z	2026-04-06T23:52:28Z	
riscv-isa-manual	2823	Volume III: Unify styling	closed	omasanori	2026-04-04T17:27:31Z	2026-04-05T08:59:19Z		
riscv-isa-manual	2820	List Zalrsc and Zaamo in preface	closed	2026-04-05T05:24:57Z	omasanori	2026-04-03T03:05:04Z	2026-04-05T05:25:37Z	
riscv-isa-manual	2821	Recover some missing numbers	closed	2026-04-05T05:21:34Z	int-e	2026-04-04T13:28:56Z	2026-04-05T05:21:34Z	
riscv-isa-manual	2817	intro: use the phrase IEEE 754-2008	closed	2026-04-03T01:00:45Z	omasanori	2026-04-02T06:26:40Z	2026-04-03T01:01:35Z	
riscv-isa-manual	2814	Tidy IEEE 754 bibliography entries	closed	2026-04-03T00:07:37Z	omasanori	2026-04-02T05:16:58Z	2026-04-03T00:54:17Z	
riscv-isa-manual	2815	BF16: use official IEEE 754 terms	closed	2026-04-03T00:07:21Z	omasanori	2026-04-02T06:12:34Z	2026-04-03T00:54:02Z	
riscv-isa-manual	2816	RVV: use official IEEE 754 terms	closed	2026-04-03T00:05:19Z	omasanori	2026-04-02T06:16:24Z	2026-04-03T00:53:47Z	
riscv-isa-manual	2804	Reorganize Zi, memory model chapters	closed	2026-04-03T00:30:10Z	aswaterman	2026-04-01T03:50:58Z	2026-04-03T00:30:12Z	
riscv-isa-manual	2818	Clarify that V is compatible with Zfinx	closed	aswaterman	2026-04-02T22:03:07Z	2026-04-02T22:31:09Z		
riscv-isa-manual	2813	Use the phrase "IEEE 754-2008" consistently	closed	2026-04-02T02:21:15Z	omasanori	2026-04-02T01:51:32Z	2026-04-02T02:23:53Z	
riscv-isa-manual	2812	Add DOI to IEEE 754	closed	2026-04-02T00:52:27Z	omasanori	2026-04-02T00:42:03Z	2026-04-02T01:25:58Z	
riscv-isa-manual	2807	Update 800-90C reference to the final version	closed	2026-04-01T22:11:54Z	omasanori	2026-04-01T08:24:17Z	2026-04-01T22:14:48Z	
riscv-isa-manual	2811	Add bibliography entry for IEEE 754-2019	closed	2026-04-01T20:42:17Z	omasanori	2026-04-01T15:06:28Z	2026-04-01T21:19:09Z	
riscv-isa-manual	2806	Fix misformatted citation	closed	2026-04-01T07:40:08Z	aswaterman	2026-04-01T07:29:57Z	2026-04-01T07:40:11Z	
riscv-isa-manual	2753	Bump softprops/action-gh-release from 2.5.0 to 2.6.1	closed	2026-03-31T02:34:05Z	dependabot[bot]	2026-03-16T17:05:05Z	2026-03-31T02:34:07Z	dependencies;github_actions
riscv-isa-manual	2789	Bump actions/deploy-pages from 4 to 5	closed	2026-03-31T02:33:27Z	dependabot[bot]	2026-03-26T16:15:55Z	2026-03-31T02:33:29Z	dependencies;github_actions
riscv-isa-manual	2802	Fixed names of normative rules related to set in hypervisor	closed	2026-03-31T02:33:06Z	davidharrishmc	2026-03-30T05:16:31Z	2026-03-31T02:33:06Z	
riscv-isa-manual	2796	Fixes in norm rules found today (Mar 27 2026)	closed	2026-03-30T22:07:01Z	james-ball-qualcomm	2026-03-27T21:25:40Z	2026-03-30T23:41:47Z	
riscv-isa-manual	2709	Bump actions/upload-artifact from 6 to 7	open	dependabot[bot]	2026-02-27T16:15:13Z	2026-03-30T13:09:41Z	dependencies;github_actions	
riscv-isa-manual	2800	Implement root redirect to index.html	closed	2026-03-30T13:09:35Z	wmat	2026-03-28T14:10:11Z	2026-03-30T13:09:38Z	
riscv-isa-manual	2791	Improve GPG signing instructions in CONTRIBUTING.md	closed	2026-03-27T20:07:31Z	rpsene	2026-03-27T00:04:10Z	2026-03-30T08:14:05Z	
riscv-isa-manual	2799	Increase ToC level for the whole spec	closed	inochisa	2026-03-28T09:41:49Z	2026-03-30T00:04:22Z		
riscv-isa-manual	2772	Update link after merge	closed	skyhgzsh	2026-03-23T16:03:07Z	2026-03-28T13:46:17Z		
riscv-isa-manual	2793	Minor fixes to the Profiles volume	closed	2026-03-27T23:25:17Z	omasanori	2026-03-27T07:39:43Z	2026-03-28T02:43:31Z	
riscv-isa-manual	2797	fix: correct privileged nav label typos	closed	2026-03-27T21:54:59Z	yashodipmore	2026-03-27T21:29:55Z	2026-03-27T21:54:59Z	
riscv-isa-manual	2790	Added missing WARL norm rule for mip/mie CSRs and add missing impl-def for MCAUSE_EXCCODE_MISALIGNED_VS_FAULT_PRI	closed	2026-03-26T22:42:13Z	james-ball-qualcomm	2026-03-26T18:42:49Z	2026-03-27T13:52:41Z	
riscv-isa-manual	2792	Add Profiles to README	closed	2026-03-27T06:48:21Z	omasanori	2026-03-27T01:30:22Z	2026-03-27T06:49:10Z	
riscv-isa-manual	2786	Update links for unprivileged and privileged specs	closed	2026-03-26T22:40:16Z	wmat	2026-03-26T13:04:47Z	2026-03-26T22:40:18Z	
riscv-isa-manual	2787	Remove section on profile-defined extensions in RVB23	closed	2026-03-26T21:14:54Z	omasanori	2026-03-26T15:01:50Z	2026-03-26T21:17:43Z	
riscv-isa-manual	2784	Fix Sstc section level	closed	2026-03-26T09:20:49Z	omasanori	2026-03-26T09:06:16Z	2026-03-26T09:22:15Z	
riscv-isa-manual	2783	Restructure privileged architecture	closed	2026-03-26T07:47:46Z	aswaterman	2026-03-26T02:10:55Z	2026-03-26T07:47:48Z	
riscv-isa-manual	2782	cfi: fix ordering of textual SSPUSH behavior, clarify ordering.	open	dtzSiFive	2026-03-25T22:48:06Z	2026-03-25T23:11:55Z		
riscv-isa-manual	2780	Since Smstateen is ratified, link internally, not externally	closed	2026-03-25T23:08:42Z	bgrayson-mips	2026-03-25T01:15:58Z	2026-03-25T23:08:42Z	
riscv-isa-manual	2779	Made some minor fixes to M-mode norm rules and impl-defs	closed	2026-03-25T23:08:09Z	james-ball-qualcomm	2026-03-25T00:46:34Z	2026-03-25T23:08:09Z	
riscv-isa-manual	2776	Fix norm rules in smctr and also update norm tag reference to match Andrew's ISA manual changes	closed	2026-03-25T20:06:09Z	james-ball-qualcomm	2026-03-24T17:21:29Z	2026-03-25T20:06:09Z	
riscv-isa-manual	2775	Restore previous appendix structure	closed	2026-03-24T16:01:33Z	aswaterman	2026-03-24T15:49:42Z	2026-03-24T16:01:36Z	
riscv-isa-manual	2773	Sets :appendix-number: to @	closed	wmat	2026-03-24T12:37:56Z	2026-03-24T15:45:46Z		
riscv-isa-manual	2771	Integrate profiles as Volume III	closed	2026-03-24T15:10:34Z	aswaterman	2026-03-23T02:32:30Z	2026-03-24T15:10:37Z	
riscv-isa-manual	2770	Merge Volumes I and II into a single document	closed	2026-03-23T01:18:49Z	aswaterman	2026-03-20T22:27:30Z	2026-03-23T01:18:52Z	
riscv-isa-manual	2767	[RVBNA] Generalizing the definition of RVBNA to non symmetric product operands	closed	2026-03-21T22:38:13Z	nibrunieAtSi5	2026-03-19T02:13:15Z	2026-03-21T22:38:13Z	
riscv-isa-manual	2743	Incorporate Zvfbfa spec	open	aswaterman	2026-03-12T06:34:21Z	2026-03-21T15:24:38Z		
riscv-isa-manual	2725	Add `norm-rules.json` and `norm-rules.html` to releases	closed	2026-03-20T22:49:57Z	jordancarlin	2026-03-05T04:08:57Z	2026-03-20T22:55:01Z	NormRules
riscv-isa-manual	2676	Bump actions/checkout from 4 to 6	open	dependabot[bot]	2026-02-16T17:25:48Z	2026-03-20T22:50:04Z	dependencies;github_actions	
riscv-isa-manual	2769	MSTATUS_UXL_LEGAL_VALS_SMODE not impl-def	closed	2026-03-20T01:26:49Z	james-ball-qualcomm	2026-03-20T01:07:34Z	2026-03-20T01:26:49Z	
riscv-isa-manual	2766	Fixes for normative rules while creating parameters on March 18, 2026	closed	2026-03-19T22:55:40Z	james-ball-qualcomm	2026-03-18T17:26:29Z	2026-03-19T22:55:40Z	NormRules
riscv-isa-manual	2760	Fix for several norm rule problems I noticed today (mostly missing impl-defs)	closed	2026-03-19T22:00:58Z	james-ball-qualcomm	2026-03-17T20:56:22Z	2026-03-19T22:00:58Z	NormRules
riscv-isa-manual	2756	Fix quote typos	closed	2026-03-18T01:16:36Z	skyhgzsh	2026-03-17T06:59:02Z	2026-03-18T05:53:00Z	
riscv-isa-manual	2758	Add funct6 to vmv<nr>r in Zvbb/Zvbc vector instruction table	closed	2026-03-17T21:44:10Z	tim-wt-hsu	2026-03-17T17:22:09Z	2026-03-17T21:44:10Z	
riscv-isa-manual	2751	FLEN not an impl-def. ENDIANNESS_LITTLE_OR_BIG renamed ENDIANNESS.	closed	2026-03-17T19:25:18Z	james-ball-qualcomm	2026-03-13T21:04:52Z	2026-03-17T19:25:18Z	NormRules
riscv-isa-manual	2741	Tagged norm rule as impl-def. 	closed	2026-03-17T19:24:52Z	james-ball-qualcomm	2026-03-11T22:47:34Z	2026-03-17T19:24:52Z	NormRules
riscv-isa-manual	2722	Draft: Added Normative Rules pull request template	closed	mmhus	2026-03-04T15:37:37Z	2026-03-17T17:50:27Z	NormRules	
riscv-isa-manual	2755	[PRIV] Clarification to STIP behavior when STCE=1	open	bgrayson-mips	2026-03-16T23:33:46Z	2026-03-17T16:39:05Z		
riscv-isa-manual	2754	Unbreak bullet-list formatting that was broken by normative rules.	closed	2026-03-16T21:47:49Z	pmundkur	2026-03-16T19:41:52Z	2026-03-16T22:04:10Z	
riscv-isa-manual	2750	Replace 'low word' and 'high word' in descriptions of vector multiply with 'low half' and 'high half'	closed	2026-03-13T21:39:39Z	topperc	2026-03-13T18:32:01Z	2026-03-13T21:48:58Z	
riscv-isa-manual	2737	Added impldef tag to PMP_ENTRY_COUNT	closed	2026-03-10T23:39:09Z	james-ball-qualcomm	2026-03-09T22:06:32Z	2026-03-13T21:00:48Z	NormRules
riscv-isa-manual	2735	Removed duplicate (29 times) norm rules for HPM counters	closed	2026-03-10T23:39:00Z	james-ball-qualcomm	2026-03-09T21:52:10Z	2026-03-13T21:00:45Z	NormRules
riscv-isa-manual	2738	Add base/extension information about each implementation-defined behavior normative rule	closed	2026-03-11T08:02:45Z	james-ball-qualcomm	2026-03-09T23:22:48Z	2026-03-13T21:00:41Z	NormRules
riscv-isa-manual	2739	Redid Zbkc section to mostly reference Zbc	closed	2026-03-11T21:23:58Z	bgrayson-mips	2026-03-11T01:01:13Z	2026-03-11T21:23:58Z	
riscv-isa-manual	2524	Issue #2523 fixes	closed	bgrayson-mips	2025-12-19T21:20:15Z	2026-03-11T01:04:55Z		
riscv-isa-manual	2635	[vector-crypto] Clarifying relationship between Zvknhb and Zvknha	closed	2026-03-09T22:29:33Z	nibrunieAtSi5	2026-02-02T04:21:18Z	2026-03-09T22:29:34Z	
riscv-isa-manual	2734	Add Zicond to Zkt section	closed	2026-03-09T21:58:21Z	aswaterman	2026-03-09T21:47:40Z	2026-03-09T21:58:23Z	
riscv-isa-manual	2707	Added WARL norm rules only declared in wavedrom reg layouts and those missing impl-def-behavior = true property	closed	2026-03-04T20:22:43Z	james-ball-qualcomm	2026-02-26T19:50:43Z	2026-03-09T21:44:01Z	NormRules
riscv-isa-manual	2712	LR_SC_ALIGNMENT now identified as a impldef and combined for misaligned load/store impldefs into one	closed	2026-03-04T20:23:04Z	james-ball-qualcomm	2026-02-28T00:24:24Z	2026-03-09T21:43:58Z	NormRules
riscv-isa-manual	2729	Additions for tile load/strore	closed	efocht-oct	2026-03-08T19:22:33Z	2026-03-08T19:24:34Z		
riscv-isa-manual	2728	Update GitHub Actions to requested versions	open	rpsene	2026-03-06T21:41:29Z	2026-03-06T21:41:29Z		
riscv-isa-manual	2727	Use ghcr.io/riscv/riscv-docs-base-container-image:latest	closed	2026-03-06T16:59:38Z	rpsene	2026-03-06T14:25:11Z	2026-03-06T16:59:40Z	
riscv-isa-manual	2723	Fix a typo on the Zawrs extension	open	albert-azcarate	2026-03-04T17:55:23Z	2026-03-04T19:36:34Z		
riscv-isa-manual	2696	Use latest docs-resources with Python tooling replacing Ruby	closed	2026-02-25T10:45:25Z	james-ball-qualcomm	2026-02-23T16:24:12Z	2026-03-02T21:31:16Z	NormRules
riscv-isa-manual	2713	Fix Ctrl-C when building in Docker container	closed	2026-02-28T01:41:17Z	aswaterman	2026-02-28T01:22:29Z	2026-02-28T01:41:19Z	
riscv-isa-manual	2703	Replaced hyphen with underscores except for instruction names that have a "." in them	closed	2026-02-27T20:45:28Z	james-ball-qualcomm	2026-02-25T22:41:19Z	2026-02-27T21:26:08Z	
riscv-isa-manual	2655	[NormRules] Update issue templates	closed	2026-02-25T10:42:03Z	mmhus	2026-02-05T20:09:08Z	2026-02-25T15:55:09Z	NormRules
riscv-isa-manual	2697	Add some missed Sdtrig CSRs to the currently allocated CSR list.	closed	2026-02-24T23:13:59Z	pmundkur	2026-02-24T04:22:20Z	2026-02-25T01:53:01Z	
riscv-isa-manual	2694	docs: Add Zihpm extension to colophon	closed	2026-02-24T23:05:56Z	DymShanks	2026-02-23T04:07:55Z	2026-02-24T23:05:56Z	
riscv-isa-manual	2699	Improves notes about vmslt{u}.vi and vmsge{u}.vi.	closed	2026-02-24T22:00:06Z	topperc	2026-02-24T17:51:58Z	2026-02-24T22:00:07Z	
riscv-isa-manual	2698	Adjusted Zawrs version number from non-canonical 1.01 to 1.0	closed	bgrayson-mips	2026-02-24T17:34:07Z	2026-02-24T21:09:06Z		
riscv-isa-manual	2512	Added pre-commit check for norm tagged text changes and ref files to compare against.	closed	james-ball-qualcomm	2025-12-18T03:44:16Z	2026-02-23T15:37:51Z	NormRules	
riscv-isa-manual	2693	Remove non-normative tags from smstateen	open	ayeshaanwaar05	2026-02-21T20:31:38Z	2026-02-22T08:56:28Z		
riscv-isa-manual	2573	Add Sspmp extension	open	aswaterman	2026-01-15T23:29:54Z	2026-02-19T23:05:36Z		
riscv-isa-manual	2689	Update check-normative-tags.yml workflow	closed	2026-02-19T02:50:27Z	rpsene	2026-02-19T02:40:39Z	2026-02-19T02:50:28Z	
riscv-isa-manual	2686	Added CACHE_BLOCK_SIZE norm rule	closed	2026-02-18T21:28:38Z	james-ball-qualcomm	2026-02-18T21:06:33Z	2026-02-18T21:28:39Z	NormRules
riscv-isa-manual	2688	Renamed norm rule MCONFIGPTR_ZERO to MCONFIGPTR_VAL	closed	2026-02-18T21:27:58Z	james-ball-qualcomm	2026-02-18T21:17:38Z	2026-02-18T21:27:59Z	NormRules
riscv-isa-manual	2684	Renamed SATP_ASIDLEN to ASIDLEN to match ISA manual and removed bogus norm rule for hypervisor related to this.	closed	2026-02-18T21:27:40Z	james-ball-qualcomm	2026-02-18T20:49:04Z	2026-02-18T21:27:41Z	NormRules
riscv-isa-manual	2680	Missed two minor fixes in PR 2674 (norm rule changes for Parameters SIG)	closed	2026-02-18T19:55:17Z	james-ball-qualcomm	2026-02-18T17:10:00Z	2026-02-18T19:55:18Z	NormRules
riscv-isa-manual	2682	Use new update-ref Makefile target instead of manual commands	closed	2026-02-18T19:53:15Z	james-ball-qualcomm	2026-02-18T17:30:20Z	2026-02-18T19:53:18Z	NormRules
riscv-isa-manual	2609	Draft of Smpmpind, Smcfiss, Smucfiss, and Sspmpss extensions	open	ved-rivos	2026-01-23T23:25:07Z	2026-02-18T19:10:18Z	Ratification Pending	
riscv-isa-manual	2674	Make changes to normative rules to align with Parameters SIG	closed	2026-02-18T17:01:04Z	james-ball-qualcomm	2026-02-15T22:58:57Z	2026-02-18T17:02:00Z	NormRules
riscv-isa-manual	2677	Fix broken character in RVC quadrant diagrams	closed	2026-02-17T22:04:37Z	arichardson	2026-02-17T01:13:44Z	2026-02-17T22:11:02Z	
riscv-isa-manual	2673	[Norm Tags] Updated Normative rules for scalar-crypto.adoc	closed	2026-02-17T08:45:21Z	UmerShahidengr	2026-02-15T17:06:21Z	2026-02-17T08:45:21Z	NormRules
riscv-isa-manual	2639	Add weekly stale-branch monitor workflow	open	rpsene	2026-02-03T00:54:57Z	2026-02-16T22:21:39Z		
riscv-isa-manual	2670	[Norm Tags] Added Normative rules for zalasr.adoc	closed	2026-02-15T11:43:52Z	UmerShahidengr	2026-02-12T18:10:22Z	2026-02-15T11:44:47Z	NormRules
riscv-isa-manual	2654	clarify misa.X means "implemented" (not "present")	closed	2026-02-14T22:30:08Z	ThinkOpenly	2026-02-05T19:07:43Z	2026-02-14T22:30:08Z	
riscv-isa-manual	2671	Update the check-normative-tags.yml	closed	2026-02-14T15:51:54Z	rpsene	2026-02-14T15:20:18Z	2026-02-14T15:51:55Z	
riscv-isa-manual	2638	Added pre-commit check for norm tagged text changes and ref files to compare against.	closed	2026-02-13T16:20:10Z	rpsene	2026-02-02T23:35:00Z	2026-02-13T16:20:12Z	NormRules
riscv-isa-manual	2663	Added normative rules for RVWMO chapter	closed	2026-02-13T00:08:33Z	james-ball-qualcomm	2026-02-11T21:59:16Z	2026-02-13T15:58:57Z	NormRules
riscv-isa-manual	2665	Fix a typo	closed	2026-02-12T23:36:57Z	ZzzRongyi	2026-02-12T07:02:02Z	2026-02-12T23:36:57Z	
riscv-isa-manual	2662	[Norm Tags] Added Normative rules for sstc.adoc	closed	2026-02-12T22:51:26Z	UmerShahidengr	2026-02-11T19:28:20Z	2026-02-12T22:51:26Z	NormRules
riscv-isa-manual	2570	[Norm Tags] Normative Rules of Pointer Masking Extension	closed	2026-02-12T21:43:44Z	UmerShahidengr	2026-01-15T13:48:43Z	2026-02-12T21:43:55Z	NormRules
riscv-isa-manual	2626	Fixed spelling of Zicfilp in priv-cfi.yaml	closed	davidharrishmc	2026-01-30T06:17:20Z	2026-02-12T17:12:40Z		
riscv-isa-manual	2627	Fixed spelling of Zicfilp in priv-cfi.adoc	closed	davidharrishmc	2026-01-30T06:19:22Z	2026-02-12T17:12:15Z		
riscv-isa-manual	2508	109 add normative rules for machine mode	closed	james-ball-qualcomm	2025-12-16T20:35:38Z	2026-02-12T14:42:47Z	NormRules	
riscv-isa-manual	2518	Adding ~2000 normative rules from CSC to main repo	closed	2026-01-05T23:31:48Z	james-ball-qualcomm	2025-12-19T02:50:59Z	2026-02-12T14:42:43Z	NormRules
riscv-isa-manual	2561	Adding more normative rules added in the last 3 weeks 	closed	james-ball-qualcomm	2026-01-08T03:29:50Z	2026-02-12T14:42:38Z	NormRules	
riscv-isa-manual	2560	Pushing new norm rules added in the last 3 weeks	closed	james-ball-qualcomm	2026-01-07T21:54:30Z	2026-02-12T14:42:35Z	NormRules	
riscv-isa-manual	2577	Fixed spelling of mcountinhibit in normative rules, added branch and jump tags	closed	2026-01-21T00:52:44Z	davidharrishmc	2026-01-18T16:14:46Z	2026-02-12T14:42:30Z	NormRules
riscv-isa-manual	2601	Added normative rules for M-mode chapter (except PMP handled by someone else)	closed	james-ball-qualcomm	2026-01-23T00:37:54Z	2026-02-12T14:41:47Z	NormRules	
riscv-isa-manual	2621	[Norm Tags] Added Normative rules for supervisor chapter (Sv39, Sv48, Sv57, Svnapot, Svpbmt, Svinval, svadu, svvptc, svrsw60t59b, ssqosid)	closed	2026-01-29T21:32:19Z	UmerShahidengr	2026-01-29T17:56:08Z	2026-02-12T14:41:38Z	NormRules
riscv-isa-manual	2628	[Norm Tags] Updated Norm Rules for B-extension	closed	2026-02-06T22:13:18Z	UmerShahidengr	2026-01-30T10:10:13Z	2026-02-12T14:41:32Z	NormRules
riscv-isa-manual	2636	[Norm Tags] Cfi patch, merged PR #2627 & PR #2626	closed	2026-02-02T21:49:09Z	UmerShahidengr	2026-02-02T08:24:53Z	2026-02-12T14:41:28Z	NormRules
riscv-isa-manual	2652	[Norm Tags] Resolved Jamesball reported issues	closed	2026-02-06T22:07:06Z	UmerShahidengr	2026-02-05T17:10:14Z	2026-02-12T14:41:08Z	NormRules
riscv-isa-manual	2659	[Norm Tags] Added Normative rules for Smrnmi.adoc	closed	2026-02-11T21:26:26Z	UmerShahidengr	2026-02-11T18:52:13Z	2026-02-12T14:40:15Z	NormRules
riscv-isa-manual	2660	[Norm Tags] Added Normative rules for Smcntrpmf.adoc	closed	2026-02-11T21:26:58Z	UmerShahidengr	2026-02-11T19:02:14Z	2026-02-12T14:40:06Z	NormRules
riscv-isa-manual	2661	[Norm Tags] Added Normative rules for smepmp.adoc	closed	2026-02-11T21:27:20Z	UmerShahidengr	2026-02-11T19:17:59Z	2026-02-12T14:39:50Z	NormRules
riscv-isa-manual	2653	Found and tagged WARL/WLRL with Copilot AI assistance.	closed	2026-02-11T01:18:41Z	james-ball-qualcomm	2026-02-05T18:35:37Z	2026-02-11T01:26:21Z	NormRules
riscv-isa-manual	2589	Official Release 20260120	closed	2026-02-08T14:33:20Z	aswaterman	2026-01-21T07:44:36Z	2026-02-08T14:34:24Z	
riscv-isa-manual	2637	remove spurious smstateen text from JVT	closed	2026-02-05T22:57:20Z	tariqkurd-repo	2026-02-02T12:39:55Z	2026-02-05T22:57:20Z	
riscv-isa-manual	2656	Fix some typos	closed	2026-02-05T22:36:31Z	aswaterman	2026-02-05T22:01:47Z	2026-02-05T22:36:34Z	
riscv-isa-manual	2649	Mention where `mvip` is defined.	closed	2026-02-05T21:57:34Z	pmundkur	2026-02-05T15:06:32Z	2026-02-05T22:02:54Z	
riscv-isa-manual	2648	Fix typos, grammar, and make a few things more consistent.	closed	eak	2026-02-05T02:18:32Z	2026-02-05T22:00:51Z		
riscv-isa-manual	2562	Add normative rules for B extension	closed	james-ball-qualcomm	2026-01-08T17:08:20Z	2026-02-04T13:52:30Z	NormRules	
riscv-isa-manual	2634	Fix: Standardize terminology in Figure 29 (Hypervisor-Level -> HS-Level)	closed	2026-02-03T00:45:26Z	DymShanks	2026-02-01T09:18:41Z	2026-02-03T00:45:26Z	
riscv-isa-manual	2532	Bump docs-resources from `1fb9a74` to `edf32fb`	open	dependabot[bot]	2025-12-22T16:11:47Z	2026-02-02T23:30:15Z	dependencies;submodules	
riscv-isa-manual	2610	Add CONTRIBUTING.md	closed	2026-02-02T21:46:09Z	rpsene	2026-01-24T13:20:28Z	2026-02-02T21:46:09Z	
riscv-isa-manual	2629	Fix typo zvkhnb -> zvknhb.	closed	2026-02-01T14:58:44Z	topperc	2026-01-30T17:04:05Z	2026-02-01T14:58:45Z	
riscv-isa-manual	2633	Add marchid for River	closed	2026-01-31T23:12:21Z	RossComputerGuy	2026-01-31T10:46:39Z	2026-01-31T23:18:42Z	
riscv-isa-manual	2631	Clarify CSR privilege encoding convention for hypervisor CSRs.	closed	2026-01-30T23:16:31Z	pmundkur	2026-01-30T23:09:17Z	2026-01-31T08:41:54Z	
riscv-isa-manual	2259	Remove Changelog from Scalar Cryptography.	closed	2025-09-05T21:59:28Z	topperc	2025-09-05T21:20:09Z	2026-01-30T17:01:48Z	
riscv-isa-manual	2258	Add Zcb c.mul, c.not, and c.zext to Zkt.	closed	2025-09-05T21:59:58Z	topperc	2025-09-05T20:54:45Z	2026-01-30T17:01:43Z	
riscv-isa-manual	2369	Add Zvbc32e and Zvkgs specifications (into vector crypto chapter)	open	nibrunieAtSi5	2025-11-01T23:04:19Z	2026-01-29T23:13:40Z	Ratification Pending	
riscv-isa-manual	2579	[Norm Tags] Normative Rules for scalar crypto extension	closed	2026-01-29T21:53:48Z	UmerShahidengr	2026-01-19T17:00:53Z	2026-01-29T21:53:48Z	NormRules
riscv-isa-manual	2571	[Norm Tags] Normative Rules for smcdeleg extension	closed	2026-01-29T21:53:38Z	UmerShahidengr	2026-01-15T14:13:02Z	2026-01-29T21:53:38Z	NormRules
riscv-isa-manual	2608	[Norm Tags] Normative Rules for smstateen extension	closed	2026-01-29T21:34:03Z	UmerShahidengr	2026-01-23T17:19:58Z	2026-01-29T21:34:03Z	NormRules
riscv-isa-manual	2606	[Norm Tags] Normative Rules for indirect-csr-access extension	closed	2026-01-29T21:33:56Z	UmerShahidengr	2026-01-23T16:06:35Z	2026-01-29T21:33:56Z	NormRules
riscv-isa-manual	2605	[Norm Tags] Normative Rules for Sscofpmf extension	closed	2026-01-29T21:33:48Z	UmerShahidengr	2026-01-23T15:47:01Z	2026-01-29T21:33:48Z	NormRules
riscv-isa-manual	2604	[Norm Tags] Normative Rules for Zawrs Extension	closed	2026-01-29T21:33:38Z	UmerShahidengr	2026-01-23T15:38:06Z	2026-01-29T21:33:39Z	NormRules
riscv-isa-manual	2581	[Norm Tags] Normative Rules for Zabha Extension	closed	2026-01-29T21:33:32Z	UmerShahidengr	2026-01-19T17:46:58Z	2026-01-29T21:33:32Z	NormRules
riscv-isa-manual	2580	[Norm Tags] Normative Rules for Zacas Extension	closed	2026-01-29T21:33:27Z	UmerShahidengr	2026-01-19T17:18:44Z	2026-01-29T21:33:27Z	NormRules
riscv-isa-manual	2616	Update Docker image reference in Makefile	closed	2026-01-29T13:31:16Z	rpsene	2026-01-28T23:09:32Z	2026-01-29T13:31:19Z	
riscv-isa-manual	2611	Clarify fflags field width consistency with fcsrwith fcsr	closed	DymShanks	2026-01-24T16:36:51Z	2026-01-29T10:56:47Z		
riscv-isa-manual	2569	[Norm Tags] Normative Rules of Atomic Extension	closed	2026-01-26T17:38:21Z	UmerShahidengr	2026-01-15T13:32:46Z	2026-01-26T17:38:29Z	
riscv-isa-manual	2599	Add note that Svnapot is usable in G-stage PTEs	closed	2026-01-25T21:51:25Z	aswaterman	2026-01-22T22:19:23Z	2026-01-25T21:51:27Z	
riscv-isa-manual	2582	Clarify misaligned address exception text	open	Timmmm	2026-01-19T18:49:51Z	2026-01-24T12:58:41Z		
riscv-isa-manual	2593	Improve manual formating of Chapter CSR in Privilige Manual	closed	2026-01-23T23:21:34Z	cebarobot	2026-01-22T09:16:23Z	2026-01-23T23:21:34Z	
riscv-isa-manual	2607	[Norm Tags] Normative Rules for Machine mode	closed	2026-01-23T22:34:09Z	UmerShahidengr	2026-01-23T16:28:37Z	2026-01-23T22:34:35Z	
riscv-isa-manual	2597	Clarify that Zicfiss depends on the Zaamo extension.	closed	2026-01-23T15:51:12Z	pmundkur	2026-01-22T18:41:55Z	2026-01-23T18:24:42Z	
riscv-isa-manual	2600	Added normative rules for M-mode chapter (except PMP handled by someone else)	closed	james-ball-qualcomm	2026-01-23T00:29:56Z	2026-01-23T00:37:24Z		
riscv-isa-manual	2584	[UDB] Add architectural parameter tags to mtval register	open	beingamanforever	2026-01-20T06:20:57Z	2026-01-20T06:38:04Z		
riscv-isa-manual	2521	Add the Sspmp specification	closed	ybc-alkaid	2025-12-19T14:20:45Z	2026-01-19T02:49:20Z		
riscv-isa-manual	2575	Make mseccfgh presence explicit	closed	2026-01-17T00:37:13Z	aswaterman	2026-01-17T00:22:19Z	2026-01-17T00:37:14Z	
riscv-isa-manual	2572	Clarify which vstart values are reserved for whole register instructions	closed	2026-01-17T00:10:53Z	aswaterman	2026-01-15T21:40:23Z	2026-01-17T00:10:55Z	
riscv-isa-manual	2567	Fix 'Reserved for counter-overflow interrupt' text	closed	2026-01-16T00:42:43Z	Timmmm	2026-01-14T16:06:07Z	2026-01-16T00:42:44Z	
riscv-isa-manual	2568	Clarify counter/timer behavior in critical-error state	closed	2026-01-15T00:56:43Z	ved-rivos	2026-01-15T00:21:02Z	2026-01-15T17:59:52Z	
riscv-isa-manual	2169	add missing Oxford commas	closed	2025-07-30T23:41:43Z	ghost	2025-07-30T23:34:15Z	2026-01-13T23:58:52Z	
riscv-isa-manual	2006	chore: add check for merge conflicts in commit	closed	2025-05-06T21:18:48Z	ghost	2025-05-06T15:49:26Z	2026-01-13T23:58:51Z	
riscv-isa-manual	2004	chore: update pre-commit hook repo versions	closed	2025-05-05T20:19:15Z	ghost	2025-05-05T17:35:32Z	2026-01-13T23:58:50Z	
riscv-isa-manual	2557	Syncing CSC fork of ISA manual repo to upstream	closed	james-ball-qualcomm	2026-01-07T17:29:50Z	2026-01-07T17:32:46Z		
riscv-isa-manual	2444	Refactor Makefile	closed	rpsene	2025-12-04T02:57:34Z	2026-01-06T23:34:12Z		
riscv-isa-manual	2550	Clarify when mseccfg exists	closed	2026-01-06T01:13:05Z	jordancarlin	2026-01-04T20:52:25Z	2026-01-06T01:45:26Z	
riscv-isa-manual	2551	Update misaligned atomicity granule summary in A chapter to match Machine chapter	closed	2026-01-05T04:54:29Z	jordancarlin	2026-01-04T21:04:57Z	2026-01-05T04:54:29Z	
riscv-isa-manual	2548	Fix Zbkb-sc, Zbkc-sc, and Zbkx-sc references	closed	2026-01-02T22:37:12Z	davidharrishmc	2026-01-01T22:50:32Z	2026-01-02T22:37:12Z	
riscv-isa-manual	2533	Bump actions/upload-artifact from 4 to 6	closed	2025-12-27T13:53:33Z	dependabot[bot]	2025-12-22T16:18:49Z	2025-12-27T13:53:35Z	dependencies;github_actions
riscv-isa-manual	2534	Bump actions/checkout from 5 to 6	closed	2025-12-27T12:53:21Z	dependabot[bot]	2025-12-22T16:18:54Z	2025-12-27T12:53:23Z	dependencies;github_actions
riscv-isa-manual	2539	Clarify ill-configured counters	closed	2025-12-25T06:45:47Z	ved-rivos	2025-12-24T23:20:57Z	2025-12-25T06:45:47Z	
riscv-isa-manual	2538	Fix bitmanip extensions integration	closed	2025-12-25T06:27:00Z	ved-rivos	2025-12-24T21:30:46Z	2025-12-25T06:27:00Z	
riscv-isa-manual	2487	Fix bit-width for RoundKeyB in vaeskf2.vi Sail pseudocode	closed	2025-12-24T00:48:08Z	GH4169	2025-12-10T16:16:38Z	2025-12-24T15:24:50Z	
riscv-isa-manual	2480	Add workflow to tag and untag stalled issues and PRs	open	rpsene	2025-12-09T15:42:54Z	2025-12-24T00:40:21Z		
riscv-isa-manual	2162	[scalar-crypto] Importing up-to-date SAIL code for Zkn's aes64ks1i instruction	open	nibrunieAtSi5	2025-07-28T20:04:48Z	2025-12-24T00:38:28Z		
riscv-isa-manual	2091	Adding Zalasr to the main spec	closed	2025-12-24T00:37:52Z	mehnadnerd	2025-06-18T21:03:45Z	2025-12-24T00:37:52Z	
riscv-isa-manual	1950	[Zvknhk] initial draft for Zvknhk (vector Keccak acceleration)	open	nibrunieAtSi5	2025-04-02T20:25:57Z	2025-12-24T00:36:17Z	Draft Proposal	
riscv-isa-manual	1879	Re-integrate Smepmp	open	mickflemm	2025-03-03T04:49:27Z	2025-12-24T00:33:40Z		
riscv-isa-manual	1922	Zabhlrsc (required by CHERI)	open	tariqkurd-repo	2025-03-21T20:19:10Z	2025-12-24T00:33:17Z	Ratification Pending	
riscv-isa-manual	1838	Add initial Sail snippets	closed	Timmmm	2025-01-31T12:43:00Z	2025-12-24T00:32:00Z	docs-requirement	
riscv-isa-manual	2536	Fix a typo in operation of vsha2c[hl].vv instruction	closed	2025-12-23T17:37:07Z	cebarobot	2025-12-23T16:43:42Z	2025-12-23T17:37:08Z	
riscv-isa-manual	2530	Remove redundant parentheses in vghsh.vv Sail pseudocode	closed	2025-12-23T00:07:59Z	GH4169	2025-12-22T08:54:21Z	2025-12-23T09:38:39Z	
riscv-isa-manual	2531	vgmul.vv: correct reduction polynomial in Sail comment	closed	GH4169	2025-12-22T09:08:25Z	2025-12-23T03:18:47Z		
riscv-isa-manual	2535	Fix incorrect non-normative text in memory-model appendix	closed	2025-12-23T00:25:39Z	aswaterman	2025-12-23T00:05:49Z	2025-12-23T00:25:41Z	
riscv-isa-manual	2527	[#2386] unifying carry-less spelling in vector crypto chapter	closed	2025-12-20T13:02:03Z	nibrunieAtSi5	2025-12-20T12:53:47Z	2025-12-20T13:02:03Z	
riscv-isa-manual	2316	fix inconsistent use of hyphens in modes	closed	ghost	2025-10-03T18:17:18Z	2025-12-20T11:14:21Z		
riscv-isa-manual	2280	Bump pre-commit/action from 3.0.0 to 3.0.1	closed	dependabot[bot]	2025-09-11T17:39:02Z	2025-12-20T11:13:28Z	dependencies;github_actions	
riscv-isa-manual	2439	Bump docs-resources from `1fb9a74` to `8bda051`	closed	dependabot[bot]	2025-12-03T16:16:24Z	2025-12-20T11:12:56Z	dependencies;submodules	
riscv-isa-manual	2481	Bump actions/github-script from 6 to 8	closed	dependabot[bot]	2025-12-09T16:23:21Z	2025-12-20T11:12:24Z	dependencies;github_actions	
riscv-isa-manual	2358	Bump actions/upload-artifact from 4 to 5	closed	dependabot[bot]	2025-10-27T17:42:20Z	2025-12-20T11:12:12Z	dependencies;github_actions	
riscv-isa-manual	2282	Bump actions/setup-python from 5 to 6	closed	dependabot[bot]	2025-09-11T17:39:08Z	2025-12-20T11:11:59Z	dependencies;github_actions	
riscv-isa-manual	2279	Bump actions/upload-pages-artifact from 3 to 4	closed	dependabot[bot]	2025-09-11T17:39:00Z	2025-12-20T11:11:38Z	dependencies;github_actions	
riscv-isa-manual	2526	Synchronize RV32 and RV64 HINT tables wrt. FENCE	closed	2025-12-20T10:15:51Z	aswaterman	2025-12-20T04:59:46Z	2025-12-20T10:15:53Z	
riscv-isa-manual	2517	Explicitly clarify that WFI in U-mode is unaffected by mstatus.TW	closed	2025-12-20T04:06:28Z	ved-rivos	2025-12-18T23:38:10Z	2025-12-20T04:06:28Z	
riscv-isa-manual	2516	Fix a typo in vaesdf.vs encoding	closed	2025-12-18T21:07:13Z	GH4169	2025-12-18T11:48:04Z	2025-12-19T09:59:20Z	
riscv-isa-manual	2507	Fix spacing in V=1	closed	2025-12-16T03:06:02Z	aswaterman	2025-12-16T02:57:53Z	2025-12-16T03:06:04Z	
riscv-isa-manual	2503	Move SSEED and USEED description to mseccfg section	closed	2025-12-16T02:56:57Z	ved-rivos	2025-12-12T21:18:40Z	2025-12-16T02:56:57Z	
riscv-isa-manual	2504	Move Sstc text to relevant sections in Machine, Supervisor, and Hypervisor chapters	closed	2025-12-16T02:56:20Z	ved-rivos	2025-12-12T22:21:22Z	2025-12-16T02:56:20Z	
riscv-isa-manual	2501	Move Zicboz/Zicbom *envcfg controls to their corresponding section	closed	2025-12-16T02:52:23Z	ved-rivos	2025-12-12T19:55:20Z	2025-12-16T02:52:23Z	
riscv-isa-manual	2506	Better integrate Zacas and Zabha into ISA manual	closed	2025-12-16T02:23:51Z	ved-rivos	2025-12-15T22:08:05Z	2025-12-16T02:23:51Z	
riscv-isa-manual	2502	Clarify that mstatus.TW applies to privilege modes less than M	closed	2025-12-12T22:35:38Z	ved-rivos	2025-12-12T20:40:01Z	2025-12-16T00:28:33Z	
riscv-isa-manual	2500	Fix formatting of some text in machine and priv. rationale chapter	closed	2025-12-12T20:04:14Z	ved-rivos	2025-12-12T14:46:07Z	2025-12-12T20:04:14Z	
riscv-isa-manual	2493	Integrate Smepmp chapter into Priv spec	closed	2025-12-11T21:51:28Z	ved-rivos	2025-12-10T21:07:20Z	2025-12-11T21:51:28Z	
riscv-isa-manual	2494	Move Smmpm and Smnpm to machine and Ssnpm to machine/supervisor/hypervisor chapter	closed	2025-12-11T21:28:58Z	ved-rivos	2025-12-10T22:50:37Z	2025-12-11T21:28:59Z	
riscv-isa-manual	2496	Improve wording of hart ID constraint	closed	2025-12-11T01:18:40Z	aswaterman	2025-12-11T00:54:36Z	2025-12-11T01:18:42Z	
riscv-isa-manual	2495	156 remove xlsx and adoc output formats from norm rule tool	closed	james-ball-qualcomm	2025-12-11T00:37:57Z	2025-12-11T01:00:06Z		
riscv-isa-manual	2492	Fix duplicate cite	closed	2025-12-10T18:48:52Z	wmat	2025-12-10T18:35:59Z	2025-12-10T18:48:54Z	
riscv-isa-manual	2490	Escape a { character	closed	2025-12-10T18:28:47Z	wmat	2025-12-10T17:53:17Z	2025-12-10T18:28:49Z	
riscv-isa-manual	2488	2486 all characters need to be escaped with	closed	2025-12-10T17:43:41Z	wmat	2025-12-10T17:34:19Z	2025-12-10T17:43:43Z	
riscv-isa-manual	2482	Add CBO instructions to permission check text	closed	2025-12-09T16:38:10Z	Timmmm	2025-12-09T16:29:30Z	2025-12-10T16:19:23Z	
riscv-isa-manual	2485	Remove extending and naming from Antora nav.	closed	2025-12-10T15:40:17Z	wmat	2025-12-10T15:32:00Z	2025-12-10T15:40:19Z	
riscv-isa-manual	2367	Add toggle to enable tag styling	closed	2025-12-10T02:24:59Z	Timmmm	2025-10-31T11:10:13Z	2025-12-10T02:24:59Z	
riscv-isa-manual	1608	Makefile changes to include Highlighter Sail	closed	AlfredoRodrigues4	2024-08-22T10:50:49Z	2025-12-09T17:30:40Z		
riscv-isa-manual	1581	Specify the interaction between CSRRS/C and "reads as" bits	closed	2025-12-09T17:29:55Z	Timmmm	2024-08-06T11:32:12Z	2025-12-09T17:29:55Z	
riscv-isa-manual	2289	Fixup typo of RL for PPO6 & 7	closed	2025-12-09T16:32:05Z	guoren83	2025-09-18T11:26:18Z	2025-12-09T16:32:05Z	
riscv-isa-manual	1902	Fix typo on sscofpmf.adoc	closed	2025-12-09T16:28:41Z	Tiago-R	2025-03-12T15:10:38Z	2025-12-09T16:28:41Z	
riscv-isa-manual	2283	Fix FCVT.int.fmt type symbol	closed	2025-12-09T16:18:49Z	tomeksowi	2025-09-12T12:28:52Z	2025-12-09T16:18:49Z	
riscv-isa-manual	2361	Update CTR chapter with NT branch target info, addresses issue #2349	closed	2025-12-09T16:14:33Z	bcstrongx	2025-10-28T21:57:25Z	2025-12-09T16:14:33Z	
riscv-isa-manual	2375	Update .PHONY rules in Makefile	closed	2025-12-09T16:12:46Z	Timmmm	2025-11-04T14:55:04Z	2025-12-09T16:12:47Z	
riscv-isa-manual	2434	Fix backticks in HTML	closed	2025-12-09T16:12:25Z	pfusik	2025-12-02T11:37:33Z	2025-12-09T16:12:25Z	
riscv-isa-manual	1541	Define format of memory-mapped msip register	closed	2025-12-09T16:11:42Z	aswaterman	2024-07-17T01:13:15Z	2025-12-09T16:11:44Z	Privileged Architecture v1.14
riscv-isa-manual	1557	Clarify that misaligned atomicity granule PMA applies to the compress…	closed	2025-12-09T16:09:43Z	romanheros	2024-07-24T06:27:53Z	2025-12-09T16:09:43Z	
riscv-isa-manual	1613	Release the constraint to enable e8mf8 in EEW=32	closed	sequencer	2024-08-24T14:48:32Z	2025-12-09T16:07:49Z		
riscv-isa-manual	1434	Update PMP spec to use "memory operation"	closed	2025-12-09T15:54:54Z	Timmmm	2024-05-29T12:33:53Z	2025-12-09T15:54:54Z	
riscv-isa-manual	1301	Rewrite memory/IO/vacant description	closed	kersten1	2024-03-27T16:48:40Z	2025-12-09T15:06:16Z		
riscv-isa-manual	1603	Added Instruction Description	closed	AFOliveira	2024-08-16T14:07:44Z	2025-12-09T13:58:30Z		
riscv-isa-manual	2479	"Loads and stores" -> "Explicit memory accesses"	closed	2025-12-09T13:23:51Z	aswaterman	2025-12-09T12:56:45Z	2025-12-09T13:23:53Z	
riscv-isa-manual	2478	Hyphenate "right-shift type"	closed	2025-12-09T12:07:26Z	aswaterman	2025-12-09T11:57:16Z	2025-12-09T12:07:27Z	
riscv-isa-manual	2450	Bump softprops/action-gh-release from 2.4.2 to 2.5.0	closed	2025-12-09T11:26:18Z	dependabot[bot]	2025-12-04T16:29:38Z	2025-12-09T11:26:20Z	dependencies;github_actions
riscv-isa-manual	2475	Improve R-type ALU op section title	closed	2025-12-09T10:10:00Z	aswaterman	2025-12-09T09:50:35Z	2025-12-09T10:10:02Z	
riscv-isa-manual	2474	Mention IALIGN in NOTEs on misaligned fetch exceptions	closed	2025-12-09T09:48:19Z	aswaterman	2025-12-09T09:31:04Z	2025-12-09T09:48:21Z	
riscv-isa-manual	2473	Remove remark about implementing wide coutners with traps	closed	2025-12-09T09:06:27Z	aswaterman	2025-12-09T08:59:16Z	2025-12-09T09:06:30Z	
riscv-isa-manual	2472	Add note about highest-address TOR in RV32	closed	2025-12-09T01:24:13Z	aswaterman	2025-12-09T00:48:08Z	2025-12-09T01:24:15Z	
riscv-isa-manual	2471	Avoid use of inline HTML entities	closed	2025-12-09T00:46:28Z	aswaterman	2025-12-09T00:32:17Z	2025-12-09T00:46:55Z	
riscv-isa-manual	2454	Add RISC-V ISA clarification issue template	closed	2025-12-08T15:53:43Z	rpsene	2025-12-04T18:43:31Z	2025-12-08T15:53:45Z	
riscv-isa-manual	2452	Add workflow to allow /clarification label via comment	closed	2025-12-08T15:41:42Z	rpsene	2025-12-04T17:24:05Z	2025-12-08T15:41:44Z	
riscv-isa-manual	1306	[New extensions] Specifying Zvbc32e and Zvkgs (vector carryless SEW <= 32, vector-scalar GHASH) 	closed	nibrunieAtSi5	2024-03-28T14:37:50Z	2025-12-06T16:50:13Z		
riscv-isa-manual	2460	Removing duplicate entry	closed	2025-12-04T21:27:18Z	wmat	2025-12-04T21:14:50Z	2025-12-04T21:27:19Z	
riscv-isa-manual	2458	Fixing more missing braces	closed	2025-12-04T19:53:14Z	wmat	2025-12-04T19:42:57Z	2025-12-04T19:53:16Z	
riscv-isa-manual	2457	Fix month field in bib file	closed	2025-12-04T19:38:42Z	wmat	2025-12-04T19:21:10Z	2025-12-04T19:38:44Z	
riscv-isa-manual	2456	Add brackets around month	closed	2025-12-04T19:16:29Z	wmat	2025-12-04T18:55:32Z	2025-12-04T19:16:31Z	
riscv-isa-manual	2451	2417 add antora requirements	closed	2025-12-04T18:37:33Z	wmat	2025-12-04T16:37:23Z	2025-12-04T18:37:35Z	
riscv-isa-manual	2388	Bump softprops/action-gh-release from 2.4.1 to 2.4.2	closed	2025-12-04T14:19:06Z	dependabot[bot]	2025-11-10T18:06:18Z	2025-12-04T14:19:08Z	dependencies;github_actions
riscv-isa-manual	2418	Use unicode symbols instead of HTML entities	closed	2025-12-04T10:49:19Z	Timmmm	2025-11-25T18:48:02Z	2025-12-04T10:49:19Z	
riscv-isa-manual	2446	Issue #2443: Removed target_address, replaced misleading use of jal, added comment about clearing LSB	closed	2025-12-04T09:59:11Z	bgrayson-mips	2025-12-04T05:34:58Z	2025-12-04T09:59:11Z	
riscv-isa-manual	2445	Issue #2443: Removed target_address, replaced misleading use of jal, added comment about clearing LSB	closed	bgrayson-mips	2025-12-04T05:08:25Z	2025-12-04T05:37:41Z		
riscv-isa-manual	2442	Clarify pointer masking is applied only if applicable on HW writes to *tval	closed	2025-12-03T22:32:44Z	ved-rivos	2025-12-03T21:41:23Z	2025-12-03T22:32:44Z	
riscv-isa-manual	2440	Clarify that instruction addresses store to *tval are not pointer masked	closed	2025-12-03T21:07:11Z	ved-rivos	2025-12-03T20:47:17Z	2025-12-03T21:42:04Z	
riscv-isa-manual	2441	Generalize RVWMO rule for atomic memory access	closed	2025-12-03T21:29:26Z	ved-rivos	2025-12-03T21:07:19Z	2025-12-03T21:29:26Z	
riscv-isa-manual	2435	Bump docs-resources from `1fb9a74` to `116d24e`	closed	dependabot[bot]	2025-12-02T16:15:34Z	2025-12-03T16:16:29Z	dependencies;submodules	
riscv-isa-manual	2437	Removing the last 2 calls to latexmath	closed	2025-12-02T21:54:45Z	james-ball-qualcomm	2025-12-02T17:45:17Z	2025-12-02T21:54:45Z	
riscv-isa-manual	2426	Bump docs-resources from `1fb9a74` to `22a17b0`	closed	dependabot[bot]	2025-11-28T16:10:28Z	2025-12-02T16:15:39Z	dependencies;submodules	
riscv-isa-manual	2432	CMO (Zicbo*): Created PR to enable review (won't show all changes like normal)	closed	jrgrimm11	2025-12-01T18:42:44Z	2025-12-01T18:43:57Z		
riscv-isa-manual	2431	Fix Issue #2430 	closed	2025-12-01T17:12:18Z	mariocodesforfun	2025-12-01T15:43:30Z	2025-12-01T17:12:18Z	
riscv-isa-manual	2427	Add missing closing paren	closed	2025-12-01T00:19:58Z	aswaterman	2025-12-01T00:09:39Z	2025-12-01T00:20:00Z	
riscv-isa-manual	2425	Bump docs-resources from `1fb9a74` to `19d71fa`	closed	dependabot[bot]	2025-11-27T16:14:43Z	2025-11-28T16:10:33Z	dependencies;submodules	
riscv-isa-manual	2416	Bump docs-resources from `1fb9a74` to `49eff17`	closed	dependabot[bot]	2025-11-24T17:21:41Z	2025-11-27T16:14:47Z	dependencies;submodules	
riscv-isa-manual	2419	Fix non-normative description of RV32V_Zdinx	closed	2025-11-26T13:27:33Z	aswaterman	2025-11-25T21:48:34Z	2025-11-26T13:27:36Z	
riscv-isa-manual	2399	Bump docs-resources from `1fb9a74` to `1660fd9`	closed	dependabot[bot]	2025-11-18T16:14:54Z	2025-11-24T17:21:48Z	dependencies;submodules	
riscv-isa-manual	2413	Tagged priv-intro	closed	davidharrishmc	2025-11-23T06:23:48Z	2025-11-23T06:32:24Z		
riscv-isa-manual	2412	Add zilsd docs and normative rule	closed	james-ball-qualcomm	2025-11-22T16:13:20Z	2025-11-22T16:39:25Z		
riscv-isa-manual	2411	Replace all latexmath calls with built-in AsciiDoc substitutes	closed	2025-11-22T00:23:53Z	aswaterman	2025-11-22T00:05:15Z	2025-11-22T00:23:54Z	
riscv-isa-manual	2410	Replaced all latexmath calls with built-in AsciiDoc substitutes.	closed	james-ball-qualcomm	2025-11-21T02:40:41Z	2025-11-22T00:04:27Z		
riscv-isa-manual	2400	Clarify synchronization requirements when changing xenvcfg.ADUE	closed	2025-11-19T00:03:48Z	ingallsj	2025-11-18T22:26:06Z	2025-11-19T00:04:36Z	
riscv-isa-manual	2397	Update PMP rule note in machine.adoc	closed	davidharrishmc	2025-11-17T18:31:19Z	2025-11-18T20:26:37Z		
riscv-isa-manual	2395	Bump docs-resources from `1fb9a74` to `8e51e9f`	closed	dependabot[bot]	2025-11-14T16:13:57Z	2025-11-18T16:15:02Z	dependencies;submodules	
riscv-isa-manual	2394	Bump docs-resources from `1fb9a74` to `707d21c`	closed	dependabot[bot]	2025-11-13T16:17:34Z	2025-11-14T16:14:02Z	dependencies;submodules	
riscv-isa-manual	2391	Bump docs-resources from `1fb9a74` to `098f02b`	closed	dependabot[bot]	2025-11-11T16:15:14Z	2025-11-13T16:17:39Z	dependencies;submodules	
riscv-isa-manual	2387	Bump docs-resources from `1fb9a74` to `40844de`	closed	dependabot[bot]	2025-11-10T17:26:41Z	2025-11-11T16:15:19Z	dependencies;submodules	
riscv-isa-manual	2384	Bump docs-resources from `1fb9a74` to `3e01674`	closed	dependabot[bot]	2025-11-07T16:13:20Z	2025-11-10T17:26:46Z	dependencies;submodules	
riscv-isa-manual	2373	Bump docs-resources from `1fb9a74` to `75c71b5`	closed	dependabot[bot]	2025-11-03T17:08:30Z	2025-11-07T16:13:24Z	dependencies;submodules	
riscv-isa-manual	2383	87 switch to native html output of normative rules and use Tim's norm tagging in ISA manual (HTML view)	closed	james-ball-qualcomm	2025-11-07T06:34:20Z	2025-11-07T06:39:23Z		
riscv-isa-manual	2379	Normative rule definitions for Sv32, Sv39, Sv48 and Sv 57.	closed	hamza-1821	2025-11-05T14:28:44Z	2025-11-05T14:31:56Z		
riscv-isa-manual	2376	Remove dependency of html/pdf on tags	closed	2025-11-05T03:05:34Z	Timmmm	2025-11-04T15:03:58Z	2025-11-05T03:05:35Z	
riscv-isa-manual	2377	Update README to reflect the latest situation	closed	2025-11-05T02:38:28Z	omasanori	2025-11-04T22:17:05Z	2025-11-05T02:57:58Z	
riscv-isa-manual	2363	Bump docs-resources from `1fb9a74` to `8b88469`	closed	dependabot[bot]	2025-10-29T16:13:20Z	2025-11-03T17:08:35Z	dependencies;submodules	
riscv-isa-manual	2371	Move Zihintpause rationale to appendix	closed	2025-11-02T06:53:12Z	aswaterman	2025-11-02T02:07:48Z	2025-11-02T06:53:14Z	
riscv-isa-manual	2368	Minor typo in rationale.adoc	closed	2025-11-02T02:11:09Z	nibrunieAtSi5	2025-11-01T18:15:07Z	2025-11-02T02:39:28Z	
riscv-isa-manual	2366	Mention STCE when describing STIP readability	closed	Timmmm	2025-10-30T15:38:23Z	2025-11-01T00:28:49Z		
riscv-isa-manual	2365	Remove erroneous statement about HINTs	closed	2025-10-30T01:51:01Z	aswaterman	2025-10-30T01:40:35Z	2025-10-30T01:51:02Z	
riscv-isa-manual	2364	Add normative rules for c-st-ext and zilsd	closed	james-ball-qualcomm	2025-10-29T22:43:42Z	2025-10-29T23:07:09Z		
riscv-isa-manual	2360	Bump docs-resources from `1fb9a74` to `07ae7be`	closed	dependabot[bot]	2025-10-28T16:17:05Z	2025-10-29T16:13:25Z	dependencies;submodules	
riscv-isa-manual	2348	Bump docs-resources from `1fb9a74` to `4b6af80`	closed	dependabot[bot]	2025-10-20T16:28:44Z	2025-10-28T16:17:09Z	dependencies;submodules	
riscv-isa-manual	2357	Fix punctuation in RISC-V ISA explanation	closed	2025-10-26T07:53:16Z	ktkovachev	2025-10-25T22:11:53Z	2025-10-26T07:53:17Z	
riscv-isa-manual	2354	[#2352] Fixing vsha2c[h|l].vv description	closed	2025-10-24T22:38:34Z	nibrunieAtSi5	2025-10-22T22:34:31Z	2025-10-24T22:38:34Z	
riscv-isa-manual	2344	Bump docs-resources from `1fb9a74` to `14a3283`	closed	dependabot[bot]	2025-10-17T16:11:43Z	2025-10-20T16:28:49Z	dependencies;submodules	
riscv-isa-manual	2343	Bump docs-resources from `1fb9a74` to `2f436fa`	closed	dependabot[bot]	2025-10-16T16:13:22Z	2025-10-17T16:11:47Z	dependencies;submodules	
riscv-isa-manual	2333	Bump docs-resources from `1fb9a74` to `d71e312`	closed	dependabot[bot]	2025-10-13T16:23:12Z	2025-10-16T16:13:28Z	dependencies;submodules	
riscv-isa-manual	2334	Bump softprops/action-gh-release from 2.3.4 to 2.4.1	closed	2025-10-16T13:37:37Z	dependabot[bot]	2025-10-13T16:43:46Z	2025-10-16T13:37:39Z	dependencies;github_actions
riscv-isa-manual	2342	Rearrange the list of contributors	closed	2025-10-16T10:49:53Z	omasanori	2025-10-16T05:35:07Z	2025-10-16T10:55:49Z	
riscv-isa-manual	2339	Unify the style of title even further	closed	2025-10-16T00:31:21Z	omasanori	2025-10-15T19:08:21Z	2025-10-16T00:31:21Z	
riscv-isa-manual	2340	Add missing commas in titles	closed	2025-10-15T20:11:44Z	aswaterman	2025-10-15T19:32:24Z	2025-10-15T20:11:45Z	
riscv-isa-manual	2330	Making titles consistent	closed	2025-10-15T13:55:56Z	wmat	2025-10-10T13:40:15Z	2025-10-15T13:55:58Z	
riscv-isa-manual	2336	Add new draft preface to priv spec	closed	2025-10-15T01:04:50Z	aswaterman	2025-10-15T00:45:30Z	2025-10-15T01:04:51Z	
riscv-isa-manual	2335	Zicond: Use add to merge values in conditional select example	closed	2025-10-14T09:07:06Z	tomeksowi	2025-10-14T08:58:18Z	2025-10-14T09:07:06Z	
riscv-isa-manual	2323	Bump softprops/action-gh-release from 2.3.4 to 2.4.0	closed	dependabot[bot]	2025-10-07T16:23:30Z	2025-10-13T16:43:50Z	dependencies;github_actions	
riscv-isa-manual	2313	Bump docs-resources from `1fb9a74` to `c90c0bf`	closed	dependabot[bot]	2025-10-02T16:11:55Z	2025-10-13T16:23:18Z	dependencies;submodules	
riscv-isa-manual	2325	Create Rationale appendix; move Zicond rationale there	closed	2025-10-10T00:13:36Z	aswaterman	2025-10-08T02:06:39Z	2025-10-10T00:13:38Z	
riscv-isa-manual	2328	Remove unused rows in tables corresponding to RV128C loads/stores	closed	2025-10-09T20:50:55Z	aswaterman	2025-10-09T20:39:10Z	2025-10-09T20:50:56Z	
riscv-isa-manual	2324	Upgrade GitHub Action to setup-python@v6	closed	MamunC0der	2025-10-07T16:45:26Z	2025-10-08T08:41:19Z		
riscv-isa-manual	2326	Avoid legacy-ISA terminology in Smepmp description	closed	2025-10-08T02:41:25Z	aswaterman	2025-10-08T02:32:42Z	2025-10-08T02:41:26Z	
riscv-isa-manual	2320	Bump softprops/action-gh-release from 2.2.2 to 2.3.4	closed	2025-10-07T14:29:58Z	dependabot[bot]	2025-10-06T16:32:18Z	2025-10-07T14:30:00Z	dependencies;github_actions
riscv-isa-manual	2322	Enable section links	closed	2025-10-07T11:46:35Z	Timmmm	2025-10-07T10:44:40Z	2025-10-07T11:46:35Z	
riscv-isa-manual	2319	Clarify: PTE A/D bits must be updated in memory after setting	closed	2025-10-06T23:18:51Z	ved-rivos	2025-10-06T15:26:26Z	2025-10-06T23:18:52Z	
riscv-isa-manual	2321	Fix incorrect source language annotations.	closed	2025-10-06T22:15:22Z	pmundkur	2025-10-06T16:33:42Z	2025-10-06T22:19:22Z	
riscv-isa-manual	2281	Bump softprops/action-gh-release from 2.2.2 to 2.3.3	closed	dependabot[bot]	2025-09-11T17:39:06Z	2025-10-06T16:32:24Z	dependencies;github_actions	
riscv-isa-manual	2303	Add seemingly obvious statement that fetch precedes execute	closed	2025-10-03T21:45:12Z	aswaterman	2025-09-29T21:16:44Z	2025-10-03T21:45:14Z	
riscv-isa-manual	2314	Generalize RVWMO statement about wide FP loads/stores	closed	2025-10-03T21:45:01Z	aswaterman	2025-10-02T22:18:21Z	2025-10-03T21:45:02Z	
riscv-isa-manual	2305	RVWMO: Fixup litmus_ppoca sequence description	closed	guoren83	2025-09-30T09:31:16Z	2025-10-02T23:00:56Z		
riscv-isa-manual	2306	Bump docs-resources from `1fb9a74` to `ff1e5eb`	closed	dependabot[bot]	2025-09-30T16:35:29Z	2025-10-02T16:11:59Z	dependencies;submodules	
riscv-isa-manual	2309	Supervisor Chapter normative rules	closed	Marina-Bellido	2025-10-01T23:16:16Z	2025-10-01T23:36:13Z		
riscv-isa-manual	2304	Progress Axiom: Fixup spin_unlock description	closed	2025-09-30T21:49:39Z	guoren83	2025-09-30T03:42:55Z	2025-09-30T21:49:40Z	
riscv-isa-manual	1564	Add draft of Svukte extension	open	aswaterman	2024-07-25T01:46:52Z	2025-09-30T20:14:45Z	Ratification Pending	
riscv-isa-manual	2291	Bump docs-resources from `1fb9a74` to `6ef1a1f`	closed	dependabot[bot]	2025-09-18T16:15:20Z	2025-09-30T16:35:34Z	dependencies;submodules	
riscv-isa-manual	2297	Slightly improve PMP description	closed	2025-09-25T23:10:07Z	aswaterman	2025-09-25T23:01:57Z	2025-09-25T23:10:07Z	
riscv-isa-manual	2293	fix zcmp/zcmt instruction pages formatting	closed	2025-09-24T05:49:04Z	tariqkurd-repo	2025-09-23T12:28:10Z	2025-09-24T05:49:04Z	
riscv-isa-manual	2295	Remove freeze/ratification note from vector spec	closed	2025-09-24T05:45:45Z	jordancarlin	2025-09-24T04:26:48Z	2025-09-24T05:45:45Z	
riscv-isa-manual	2294	Remove redundant intro in Zicond spec	closed	2025-09-24T05:44:19Z	jordancarlin	2025-09-24T03:56:07Z	2025-09-24T05:44:19Z	
riscv-isa-manual	2274	Add GitHub Actions to Dependabot	closed	2025-09-11T17:38:19Z	jordancarlin	2025-09-09T23:32:31Z	2025-09-24T03:57:07Z	
riscv-isa-manual	2288	Bump docs-resources from `1fb9a74` to `a0a938e`	closed	dependabot[bot]	2025-09-17T16:14:20Z	2025-09-18T16:15:24Z	dependencies;submodules	
riscv-isa-manual	2278	Bump docs-resources from `1fb9a74` to `6124035`	closed	dependabot[bot]	2025-09-11T16:14:18Z	2025-09-17T16:14:26Z	dependencies;submodules	
riscv-isa-manual	2284	Adding blank heading to fix errors	closed	2025-09-12T16:45:28Z	kersten1	2025-09-12T16:04:07Z	2025-09-12T16:45:30Z	
riscv-isa-manual	2265	Update GitHub Actions	closed	2025-09-11T16:40:57Z	Daulox92	2025-09-09T05:22:53Z	2025-09-11T16:40:57Z	
riscv-isa-manual	2276	Bump docs-resources from `1fb9a74` to `c71d56b`	closed	dependabot[bot]	2025-09-10T16:14:32Z	2025-09-11T16:14:22Z	dependencies;submodules	
riscv-isa-manual	2277	Fix a missing bit number	closed	2025-09-11T15:55:41Z	pfusik	2025-09-11T15:00:21Z	2025-09-11T15:55:42Z	
riscv-isa-manual	2275	Fixed typo of "architecture class"	closed	2025-09-10T19:47:24Z	davidharrishmc	2025-09-10T09:12:13Z	2025-09-10T19:47:24Z	
riscv-isa-manual	2273	fix: removed extra right square bracket	closed	2025-09-10T17:04:14Z	james-ball-qualcomm	2025-09-09T21:51:49Z	2025-09-10T17:04:16Z	
riscv-isa-manual	1923	Zish4add (required by CHERI)	closed	tariqkurd-repo	2025-03-21T21:00:36Z	2025-09-09T20:54:30Z		
riscv-isa-manual	2266	Bump docs-resources from `3a40e07` to `1fb9a74`	closed	dependabot[bot]	2025-09-09T16:13:20Z	2025-09-09T20:51:34Z	dependencies;submodules	
riscv-isa-manual	2269	Add support for normative rule definitions to ISA manual - take 2	closed	2025-09-09T20:50:12Z	james-ball-qualcomm	2025-09-09T19:18:59Z	2025-09-09T20:50:12Z	
riscv-isa-manual	2271	fixing logo	closed	2025-09-09T20:15:27Z	kersten1	2025-09-09T20:14:34Z	2025-09-09T20:15:28Z	
riscv-isa-manual	2270	fixing front pages	closed	2025-09-09T20:03:05Z	kersten1	2025-09-09T20:01:15Z	2025-09-09T20:03:07Z	
riscv-isa-manual	2262	Add support for normative rule definitions to ISA manual	closed	james-ball-qualcomm	2025-09-09T01:33:49Z	2025-09-09T19:17:38Z		
riscv-isa-manual	2268	Added --preserve-quotes to yamlfmt pre-commit check.	closed	2025-09-09T18:44:50Z	james-ball-qualcomm	2025-09-09T18:32:17Z	2025-09-09T18:44:52Z	
riscv-isa-manual	2256	Bump docs-resources from `3a40e07` to `d7974ea`	closed	dependabot[bot]	2025-09-04T04:14:31Z	2025-09-09T16:13:25Z	dependencies;submodules	
riscv-isa-manual	2263	updates to nav files and contributors	closed	2025-09-09T02:07:59Z	kersten1	2025-09-09T02:06:27Z	2025-09-09T02:08:01Z	
riscv-isa-manual	2261	Add Zqinx extension and quad-precision details	closed	Liaoshihua	2025-09-09T01:06:04Z	2025-09-09T01:35:24Z		
riscv-isa-manual	2260	fix: small inconsistency	closed	2025-09-08T23:09:14Z	hawkadrian	2025-09-08T22:29:24Z	2025-09-08T23:09:15Z	
riscv-isa-manual	2157	Bump docs-resources from `ab24eec` to `3a40e07`	closed	dependabot[bot]	2025-07-24T17:06:47Z	2025-09-04T04:14:35Z	dependencies;submodules	
riscv-isa-manual	2255	Page titles	closed	2025-09-03T21:06:26Z	wmat	2025-09-03T21:05:43Z	2025-09-03T21:06:28Z	
riscv-isa-manual	2254	Fix broken links	closed	2025-09-03T20:02:21Z	wmat	2025-09-03T20:00:28Z	2025-09-03T20:02:23Z	
riscv-isa-manual	2235	Antora refactor 2	closed	wmat	2025-08-27T13:45:33Z	2025-09-02T23:42:35Z		
riscv-isa-manual	2252	Change image macro to include macro.	closed	2025-09-02T23:04:28Z	wmat	2025-09-02T22:49:59Z	2025-09-02T23:04:30Z	
riscv-isa-manual	1769	Add basic support for tagging text in the spec	closed	Timmmm	2024-12-11T18:12:09Z	2025-09-01T12:25:30Z		
riscv-isa-manual	2195	Add normative rule tags for RV32I and RV64I base ISAs	closed	2025-08-26T13:05:59Z	james-ball-qualcomm	2025-08-08T22:30:02Z	2025-09-01T09:28:06Z	
riscv-isa-manual	2246	Fix typo in colophon.adoc	closed	2025-08-30T00:14:53Z	nadime15	2025-08-29T18:48:17Z	2025-08-30T00:14:54Z	
riscv-isa-manual	2244	Remove a few dangling RV128 references	closed	2025-08-28T23:01:09Z	aswaterman	2025-08-28T22:51:55Z	2025-08-28T23:01:09Z	
riscv-isa-manual	2241	Add Svrsw60t59b Extension	closed	2025-08-28T22:30:50Z	ved-rivos	2025-08-28T14:27:34Z	2025-08-28T22:30:50Z	
riscv-isa-manual	2233	created page attributes for antora to pull pdf links	closed	2025-08-28T16:39:35Z	danielmrichter	2025-08-26T18:59:40Z	2025-08-28T16:39:35Z	
riscv-isa-manual	2236	Clarify prohibition on memory access by SS instructions when satp mode is Bare	closed	2025-08-27T23:55:45Z	ved-rivos	2025-08-27T14:12:43Z	2025-08-27T23:55:45Z	
riscv-isa-manual	2238	Fix diagram includes	closed	2025-08-27T16:53:13Z	wmat	2025-08-27T16:52:32Z	2025-08-27T16:53:14Z	
riscv-isa-manual	1907	Add draft of Svrsw60t59b extension	closed	ved-rivos	2025-03-14T01:02:39Z	2025-08-27T15:29:41Z	Ratification Pending	
riscv-isa-manual	2206	7-add-normative-rule-tags-for-Sm-ext	closed	2025-08-26T13:06:01Z	james-ball-qualcomm	2025-08-13T22:32:49Z	2025-08-26T13:06:01Z	
riscv-isa-manual	2230	Update Makefile for better podman support	closed	2025-08-25T21:37:12Z	jordancarlin	2025-08-25T16:50:39Z	2025-08-26T05:49:28Z	
riscv-isa-manual	2232	When menvcfg.* is 0, the henvcfg.* and senvcfg.* fields may still be written	closed	2025-08-26T00:29:31Z	ingallsj	2025-08-26T00:21:38Z	2025-08-26T00:29:31Z	
riscv-isa-manual	2228	Fix Makefile warning message for submodule checkout	closed	2025-08-25T15:29:48Z	jordancarlin	2025-08-25T14:39:18Z	2025-08-25T15:30:28Z	
riscv-isa-manual	2214	Clarify trap to S-mode with nonnormative explanation	closed	davidharrishmc	2025-08-17T13:59:11Z	2025-08-23T14:45:59Z		
riscv-isa-manual	2220	Improve description of Zfbfmin extension	closed	2025-08-20T06:00:23Z	aswaterman	2025-08-20T04:50:23Z	2025-08-20T06:00:25Z	
riscv-isa-manual	2205	Add sctrclr to listing of privileged instructions.	closed	2025-08-20T04:56:16Z	dtzSiFive	2025-08-13T16:06:09Z	2025-08-20T05:22:33Z	
riscv-isa-manual	2219	Clarify constrained-unpredictable translation rule wrt VA-width change	closed	2025-08-19T22:40:40Z	aswaterman	2025-08-19T22:26:58Z	2025-08-19T22:40:41Z	
riscv-isa-manual	2215	Zihintntl compressed hints are predicated on Zca, not C	closed	2025-08-19T01:56:18Z	aswaterman	2025-08-18T23:15:50Z	2025-08-19T01:56:20Z	
riscv-isa-manual	2213	Fix C++ rendering when multiple ++ pairs in same paragraph	closed	2025-08-18T23:25:43Z	jiangshengdev	2025-08-17T02:07:01Z	2025-08-18T23:25:43Z	
riscv-isa-manual	2211	Change the term "proposal" in ratified extensions	closed	2025-08-18T23:17:13Z	davidharrishmc	2025-08-16T12:21:24Z	2025-08-18T23:17:13Z	
riscv-isa-manual	2204	Treat asciidoctor warnings as errors	closed	2025-08-13T01:38:56Z	aswaterman	2025-08-12T22:14:19Z	2025-08-13T01:38:58Z	
riscv-isa-manual	2201	priv-csr:table 8: add missing +	closed	2025-08-12T02:12:46Z	brennennen	2025-08-12T02:01:38Z	2025-08-12T02:12:46Z	
riscv-isa-manual	2198	Remove TODOs left for Sail operations in the CMO extension	closed	2025-08-12T00:31:14Z	martonbognar	2025-08-11T10:34:02Z	2025-08-12T00:31:14Z	
riscv-isa-manual	2098	Improve c.nop hint description	closed	jordancarlin	2025-06-20T07:46:21Z	2025-08-08T02:02:36Z		
riscv-isa-manual	2187	Spell out superpage sizes in Sv48 and Sv57 specs	closed	2025-08-05T23:41:14Z	aswaterman	2025-08-05T23:33:53Z	2025-08-05T23:41:15Z	
riscv-isa-manual	2183	Fix small inconsistencies	closed	2025-08-04T08:46:22Z	AFOliveira	2025-08-04T08:38:28Z	2025-08-04T08:46:22Z	
riscv-isa-manual	2178	Remove commented out reference to old png files	closed	2025-08-01T01:47:05Z	arichardson	2025-08-01T01:39:42Z	2025-08-01T01:47:05Z	
riscv-isa-manual	2176	Drop references to deleted chapter	closed	2025-07-31T23:39:32Z	arichardson	2025-07-31T23:24:42Z	2025-08-01T01:35:01Z	
riscv-isa-manual	2167	Clearly specify FENCE.I ordering requirements	closed	2025-07-29T23:09:53Z	aswaterman	2025-07-29T21:40:53Z	2025-07-29T23:09:55Z	
riscv-isa-manual	2166	add nonbreaking space between number and unit of measure	closed	2025-07-29T20:30:34Z	ghost	2025-07-29T20:11:49Z	2025-07-29T20:30:35Z	
riscv-isa-manual	2164	Sync branch to main	closed	wmat	2025-07-29T09:18:22Z	2025-07-29T09:41:52Z		
riscv-isa-manual	2142	Fix unterminated example block	closed	2025-07-17T14:27:17Z	Timmmm	2025-07-17T14:13:10Z	2025-07-29T07:45:13Z	
riscv-isa-manual	2141	Simplify Makefile and remove recursive Make calls	closed	2025-07-17T14:26:48Z	Timmmm	2025-07-17T14:12:54Z	2025-07-29T07:45:08Z	
riscv-isa-manual	2143	Add hyperlinks to Makefile output	closed	2025-07-17T14:28:03Z	Timmmm	2025-07-17T14:13:40Z	2025-07-29T07:45:03Z	
riscv-isa-manual	2155	Avoid stating that G bit is reserved in PTE of G-stage	closed	2025-07-24T18:55:16Z	jrahmeh	2025-07-24T13:14:57Z	2025-07-24T18:55:16Z	
riscv-isa-manual	2156	Fix the title of  m-st-ext.adoc	closed	2025-07-24T17:22:39Z	zhangkanqi	2025-07-24T16:17:04Z	2025-07-24T17:22:40Z	
riscv-isa-manual	2152	Bump docs-resources from `ab24eec` to `36f09ee`	closed	dependabot[bot]	2025-07-23T16:28:42Z	2025-07-24T17:06:52Z	dependencies;submodules	
riscv-isa-manual	2151	Remove obsolete non-normative text in scalar crypto chapter	closed	2025-07-24T00:28:14Z	aswaterman	2025-07-23T02:05:25Z	2025-07-24T00:28:15Z	
riscv-isa-manual	2153	Add adoc anchors required by RV32I normative rules	closed	james-ball-qualcomm	2025-07-23T21:19:08Z	2025-07-23T21:32:30Z		
riscv-isa-manual	2144	Bump docs-resources from `ab24eec` to `45d29d9`	closed	dependabot[bot]	2025-07-17T16:34:02Z	2025-07-23T16:28:46Z	dependencies;submodules	
riscv-isa-manual	2139	add indirect CSR listing, addresses issue #2127	closed	2025-07-16T23:05:27Z	bcstrongx	2025-07-16T22:39:56Z	2025-07-16T23:05:28Z	
riscv-isa-manual	2136	Solidify description of how tval is populated on EBREAK	closed	2025-07-15T22:01:49Z	aswaterman	2025-07-15T19:32:22Z	2025-07-15T22:01:50Z	
riscv-isa-manual	2138	List hardware-error exceptions in relevant tval text	closed	2025-07-15T22:01:35Z	aswaterman	2025-07-15T20:13:42Z	2025-07-15T22:01:36Z	
riscv-isa-manual	2137	Avoid describing vmv<nr>r.v vd, vd as a NOP	closed	2025-07-15T20:18:50Z	aswaterman	2025-07-15T20:11:16Z	2025-07-15T20:18:51Z	
riscv-isa-manual	2131	Fixed hyphenation of illegal-instruction exception and virtual-instruction exception 	closed	2025-07-15T14:45:36Z	davidharrishmc	2025-07-14T12:29:58Z	2025-07-15T14:45:37Z	
riscv-isa-manual	1570	Clarify interaction of CBOs and PBMTs	closed	2025-07-14T22:49:36Z	Timmmm	2024-07-26T10:22:34Z	2025-07-14T22:49:36Z	
riscv-isa-manual	2125	Improve code highlighting	closed	2025-07-11T12:18:18Z	Timmmm	2025-07-10T11:33:18Z	2025-07-14T14:34:58Z	
riscv-isa-manual	2126	Simplify make command in CI workflows	closed	2025-07-10T21:01:43Z	Timmmm	2025-07-10T11:39:08Z	2025-07-14T14:34:34Z	
riscv-isa-manual	2123	Bump docs-resources from `7165596` to `ab24eec`	closed	2025-07-09T20:15:40Z	dependabot[bot]	2025-07-09T16:57:22Z	2025-07-09T20:15:41Z	dependencies;submodules
riscv-isa-manual	2084	Bump docs-resources from `7165596` to `f38f756`	closed	dependabot[bot]	2025-06-16T17:37:29Z	2025-07-09T16:57:26Z	dependencies;submodules	
riscv-sbi-doc	261	doc: clarify 4-byte alignment requirement for start_addr	open	guoren83	2026-04-25T05:05:10Z	2026-04-25T05:05:10Z		
riscv-sbi-doc	259	Antora refactor	closed	2026-03-19T16:43:29Z	wmat	2026-03-19T16:40:36Z	2026-03-26T15:10:37Z	
riscv-sbi-doc	258	ext-debug-triggers: Fix SBI_ERR_BAD_RANGE inequality test	open	npigginTT	2026-03-19T05:09:47Z	2026-03-26T15:06:15Z		
riscv-sbi-doc	254	build(deps): bump docs-resources from `ab24eec` to `be002f1`	open	dependabot[bot]	2026-01-30T23:23:28Z	2026-03-26T15:06:15Z	dependencies;submodules	
riscv-sbi-doc	223	ext-sse: add local unknown nmi event id	open	cuiyunhui	2025-09-25T12:46:18Z	2026-03-26T15:06:15Z		
riscv-sbi-doc	214	Clarify sbi_debug_read_triggers return values	open	Mr-Bossman	2025-07-29T03:07:49Z	2026-03-26T15:06:15Z		
riscv-sbi-doc	260	Revert "Antora refactor"	closed	2026-03-20T08:18:36Z	wmat	2026-03-20T08:00:32Z	2026-03-20T08:18:36Z	
riscv-sbi-doc	256	Update GitHub Actions to requested versions	closed	2026-03-07T14:53:34Z	rpsene	2026-03-06T22:08:36Z	2026-03-07T14:53:34Z	
riscv-sbi-doc	255	Use ghcr.io/riscv/riscv-docs-base-container-image:latest	closed	2026-03-06T17:06:00Z	rpsene	2026-03-06T16:58:52Z	2026-03-06T17:06:00Z	
riscv-sbi-doc	252	build(deps): bump docs-resources from `ab24eec` to `b5eaf50`	closed	dependabot[bot]	2025-12-29T23:12:43Z	2026-01-30T23:23:32Z	dependencies;submodules	
riscv-sbi-doc	251	build(deps): bump docs-resources from `ab24eec` to `edf32fb`	closed	dependabot[bot]	2025-12-18T23:11:52Z	2025-12-29T23:12:47Z	dependencies;submodules	
riscv-sbi-doc	250	build(deps): bump docs-resources from `ab24eec` to `8789870`	closed	dependabot[bot]	2025-12-17T23:13:12Z	2025-12-18T23:11:56Z	dependencies;submodules	
riscv-sbi-doc	249	build(deps): bump docs-resources from `ab24eec` to `d644eb9`	closed	dependabot[bot]	2025-12-11T23:15:29Z	2025-12-17T23:13:15Z	dependencies;submodules	
riscv-sbi-doc	248	build(deps): bump docs-resources from `ab24eec` to `75d6a61`	closed	dependabot[bot]	2025-12-10T23:10:37Z	2025-12-11T23:15:33Z	dependencies;submodules	
riscv-sbi-doc	247	build(deps): bump docs-resources from `ab24eec` to `eefda19`	closed	dependabot[bot]	2025-12-09T23:14:39Z	2025-12-10T23:10:41Z	dependencies;submodules	
riscv-sbi-doc	246	build(deps): bump docs-resources from `ab24eec` to `d631f07`	closed	dependabot[bot]	2025-12-08T23:13:38Z	2025-12-09T23:14:43Z	dependencies;submodules	
riscv-sbi-doc	245	build(deps): bump docs-resources from `ab24eec` to `8bd1a63`	closed	dependabot[bot]	2025-12-04T23:11:28Z	2025-12-08T23:13:41Z	dependencies;submodules	
riscv-sbi-doc	244	build(deps): bump docs-resources from `ab24eec` to `8bda051`	closed	dependabot[bot]	2025-12-03T23:14:26Z	2025-12-04T23:11:32Z	dependencies;submodules	
riscv-sbi-doc	243	build(deps): bump docs-resources from `ab24eec` to `80ef127`	closed	dependabot[bot]	2025-12-02T23:11:57Z	2025-12-03T23:14:30Z	dependencies;submodules	
riscv-sbi-doc	242	build(deps): bump docs-resources from `ab24eec` to `116d24e`	closed	dependabot[bot]	2025-12-02T02:29:05Z	2025-12-02T23:12:01Z	dependencies;submodules	
riscv-sbi-doc	241	build(deps): bump docs-resources from `ab24eec` to `22a17b0`	closed	dependabot[bot]	2025-11-27T23:10:59Z	2025-12-02T02:29:10Z	dependencies;submodules	
riscv-sbi-doc	240	build(deps): bump docs-resources from `ab24eec` to `49eff17`	closed	dependabot[bot]	2025-11-21T23:12:57Z	2025-11-27T23:11:03Z	dependencies;submodules	
riscv-sbi-doc	239	build(deps): bump docs-resources from `ab24eec` to `1660fd9`	closed	dependabot[bot]	2025-11-18T23:27:59Z	2025-11-21T23:13:00Z	dependencies;submodules	
riscv-sbi-doc	238	build(deps): bump docs-resources from `ab24eec` to `8e51e9f`	closed	dependabot[bot]	2025-11-13T23:13:24Z	2025-11-18T23:28:03Z	dependencies;submodules	
riscv-sbi-doc	237	build(deps): bump docs-resources from `ab24eec` to `707d21c`	closed	dependabot[bot]	2025-11-12T23:15:09Z	2025-11-13T23:13:29Z	dependencies;submodules	
riscv-sbi-doc	236	build(deps): bump docs-resources from `ab24eec` to `098f02b`	closed	dependabot[bot]	2025-11-10T23:24:45Z	2025-11-12T23:15:13Z	dependencies;submodules	
riscv-sbi-doc	235	build(deps): bump docs-resources from `ab24eec` to `7f7f63a`	closed	dependabot[bot]	2025-11-07T23:12:48Z	2025-11-10T23:24:50Z	dependencies;submodules	
riscv-sbi-doc	234	build(deps): bump docs-resources from `ab24eec` to `93422ee`	closed	dependabot[bot]	2025-11-06T23:14:55Z	2025-11-07T23:12:51Z	dependencies;submodules	
riscv-sbi-doc	233	build(deps): bump docs-resources from `ab24eec` to `75c71b5`	closed	dependabot[bot]	2025-11-03T23:22:20Z	2025-11-06T23:14:59Z	dependencies;submodules	
riscv-sbi-doc	232	build(deps): bump docs-resources from `ab24eec` to `8b88469`	closed	dependabot[bot]	2025-10-28T23:14:35Z	2025-11-03T23:22:26Z	dependencies;submodules	
riscv-sbi-doc	231	build(deps): bump docs-resources from `ab24eec` to `07ae7be`	closed	dependabot[bot]	2025-10-27T23:41:41Z	2025-10-28T23:14:39Z	dependencies;submodules	
riscv-sbi-doc	230	build(deps): bump docs-resources from `ab24eec` to `4b6af80`	closed	dependabot[bot]	2025-10-17T23:12:43Z	2025-10-27T23:41:44Z	dependencies;submodules	
riscv-sbi-doc	229	build(deps): bump docs-resources from `ab24eec` to `2f436fa`	closed	dependabot[bot]	2025-10-16T23:16:20Z	2025-10-17T23:12:47Z	dependencies;submodules	
riscv-sbi-doc	228	build(deps): bump docs-resources from `ab24eec` to `4bf7840`	closed	dependabot[bot]	2025-10-15T23:37:28Z	2025-10-16T23:16:24Z	dependencies;submodules	
riscv-sbi-doc	227	build(deps): bump docs-resources from `ab24eec` to `d71e312`	closed	dependabot[bot]	2025-10-13T23:12:56Z	2025-10-15T23:37:31Z	dependencies;submodules	
riscv-sbi-doc	226	build(deps): bump docs-resources from `ab24eec` to `6862903`	closed	dependabot[bot]	2025-10-10T23:11:45Z	2025-10-13T23:13:01Z	dependencies;submodules	
riscv-sbi-doc	225	build(deps): bump docs-resources from `ab24eec` to `c90c0bf`	closed	dependabot[bot]	2025-10-01T23:20:59Z	2025-10-10T23:11:48Z	dependencies;submodules	
riscv-sbi-doc	222	Improve the prior shared memory setup requirements	closed	2025-10-09T18:14:14Z	pathakraul	2025-09-20T05:18:29Z	2025-10-09T18:14:14Z	
riscv-sbi-doc	224	build(deps): bump docs-resources from `ab24eec` to `ff1e5eb`	closed	dependabot[bot]	2025-09-30T23:15:12Z	2025-10-01T23:21:02Z	dependencies;submodules	
riscv-sbi-doc	221	build(deps): bump docs-resources from `ab24eec` to `6ef1a1f`	closed	dependabot[bot]	2025-09-17T23:11:46Z	2025-09-30T23:15:16Z	dependencies;submodules	
riscv-sbi-doc	220	build(deps): bump docs-resources from `ab24eec` to `6124035`	closed	dependabot[bot]	2025-09-11T23:13:55Z	2025-09-17T23:11:49Z	dependencies;submodules	
riscv-sbi-doc	219	build(deps): bump docs-resources from `ab24eec` to `c71d56b`	closed	dependabot[bot]	2025-09-10T23:12:21Z	2025-09-11T23:13:59Z	dependencies;submodules	
riscv-sbi-doc	218	build(deps): bump docs-resources from `ab24eec` to `1fb9a74`	closed	dependabot[bot]	2025-09-09T23:12:10Z	2025-09-10T23:12:25Z	dependencies;submodules	
riscv-sbi-doc	217	build(deps): bump docs-resources from `ab24eec` to `d7974ea`	closed	dependabot[bot]	2025-09-04T08:36:16Z	2025-09-09T23:12:13Z	dependencies;submodules	
riscv-sbi-doc	216	build(deps): bump docs-resources from `ab24eec` to `48beddb`	closed	dependabot[bot]	2025-09-03T18:43:26Z	2025-09-04T08:36:19Z	dependencies;submodules	
riscv-sbi-doc	212	build(deps): bump docs-resources from `ab24eec` to `3a40e07`	closed	dependabot[bot]	2025-07-24T23:48:18Z	2025-09-03T18:43:30Z	dependencies;submodules	
riscv-sbi-doc	211	build(deps): bump docs-resources from `ab24eec` to `36f09ee`	closed	dependabot[bot]	2025-07-23T23:51:43Z	2025-07-24T23:48:21Z	dependencies;submodules	
riscv-sbi-doc	210	build(deps): bump docs-resources from `ab24eec` to `45d29d9`	closed	dependabot[bot]	2025-07-18T00:00:35Z	2025-07-23T23:51:46Z	dependencies;submodules	
riscv-sbi-doc	209	build(deps): bump docs-resources from `7558472` to `ab24eec`	closed	2025-07-16T18:06:06Z	dependabot[bot]	2025-07-08T23:40:02Z	2025-07-16T18:06:14Z	dependencies;submodules
riscv-sbi-doc	208	build(deps): bump docs-resources from `7558472` to `f38f756`	closed	dependabot[bot]	2025-06-17T01:54:07Z	2025-07-08T23:40:06Z	dependencies;submodules	
riscv-sbi-doc	186	fix broken link to images in intro.adoc.	closed	qqwqqw689	2024-11-13T04:14:40Z	2025-06-12T17:44:53Z		
riscv-sbi-doc	144	Update images directory	closed	QuanDool	2024-03-25T17:37:25Z	2025-06-12T17:34:22Z		
riscv-sbi-doc	108	[RFC] SBI: Attestation Extension	closed	sameo	2023-04-05T14:08:40Z	2025-06-12T17:34:11Z		
riscv-sbi-doc	106	Added TEE SBI Extension description	closed	liushiwei007	2023-01-16T13:06:13Z	2025-06-12T17:34:01Z		
riscv-sbi-doc	205	build(deps): bump docs-resources from `1d5bcd2` to `7558472`	closed	2025-06-10T17:38:11Z	dependabot[bot]	2025-05-08T23:37:30Z	2025-06-10T17:38:19Z	dependencies;submodules
riscv-sbi-doc	207	Reference fixes	closed	2025-06-10T17:37:22Z	atishp04	2025-06-09T22:35:00Z	2025-06-10T17:37:23Z	
riscv-sbi-doc	206	Improve legacy extension deprecation notice	closed	2025-06-05T08:17:22Z	jones-drew	2025-06-04T14:37:58Z	2025-06-05T08:17:29Z	
riscv-sbi-doc	204	V3.0 rc6 final push	closed	2025-04-22T18:03:12Z	atishp04	2025-04-21T18:22:20Z	2025-04-22T18:03:12Z	
riscv-sbi-doc	203	V3.0 rc6 updates	closed	2025-04-17T15:56:19Z	atishp04	2025-04-07T22:44:20Z	2025-04-17T15:56:19Z	
riscv-sbi-doc	202	sse fixes	closed	2025-03-25T18:44:21Z	atishp04	2025-03-25T18:40:09Z	2025-03-25T18:44:22Z	
riscv-sbi-doc	200	Replace tabs with spaces	closed	2025-03-20T20:55:17Z	jones-drew	2025-03-07T09:45:22Z	2025-03-20T20:55:17Z	
riscv-sbi-doc	199	Fixes based on ARC feedback on rc4 	closed	2025-03-05T23:06:29Z	atishp04	2025-03-03T19:38:11Z	2025-03-05T23:06:29Z	
riscv-sbi-doc	198	Bump docs-resources from `62576cd` to `1d5bcd2`	closed	2025-03-03T18:52:46Z	dependabot[bot]	2025-02-19T12:31:02Z	2025-03-03T18:52:54Z	dependencies
riscv-sbi-doc	197	Clarify hart_mask_base requirements	closed	2025-02-18T07:57:51Z	jones-drew	2025-02-16T10:50:14Z	2025-02-18T20:14:22Z	
riscv-sbi-doc	196	Add CONTROL_TRANSFER_RECORDS bit to the SBI FWFT extension	closed	rajnesh-kanwal	2025-02-04T10:10:55Z	2025-02-04T15:27:30Z		
riscv-sbi-doc	195	Address SBI mpxy ARC feedback	closed	2025-02-03T05:42:36Z	avpatel	2025-01-21T14:55:24Z	2025-02-03T05:42:36Z	
riscv-sbi-doc	194	ext-sse: Fixes	closed	2025-01-24T15:30:39Z	jones-drew	2025-01-16T12:52:55Z	2025-01-24T15:30:40Z	
riscv-sbi-doc	190	Arc review comments	closed	2025-01-07T00:33:42Z	atishp04	2024-12-17T07:48:16Z	2025-01-07T00:33:43Z	
riscv-sbi-doc	192	Bump docs-resources from `07b9904` to `62576cd`	closed	2025-01-07T00:29:59Z	dependabot[bot]	2025-01-03T09:32:42Z	2025-01-07T00:30:07Z	dependencies
riscv-sbi-doc	187	add dependabot to create PR to update the submodules to latest	closed	2025-01-03T09:32:05Z	ghost	2024-12-10T04:00:54Z	2025-01-03T09:32:05Z	
riscv-sbi-doc	191	Collection of fixes	closed	2025-01-03T01:22:42Z	atishp04	2025-01-03T01:14:05Z	2025-01-03T01:22:42Z	
riscv-sbi-doc	189	DBTR typos	closed	2024-12-17T06:31:37Z	pdonahue-ventana	2024-12-10T23:30:37Z	2024-12-17T06:31:37Z	
riscv-sbi-doc	184	Clarify the sbiret.value	closed	2024-11-08T22:32:56Z	atishp04	2024-11-08T00:28:36Z	2024-11-08T22:32:57Z	
riscv-sbi-doc	185	Fix the table reference in set/get functions	closed	2024-11-08T22:32:45Z	atishp04	2024-11-08T00:41:33Z	2024-11-08T22:32:46Z	
riscv-sbi-doc	182	Pmu and fwft fixes pr	closed	2024-10-29T19:02:36Z	atishp04	2024-10-29T02:50:00Z	2024-10-29T19:02:36Z	
riscv-sbi-doc	181	PMU fixes and fwft pr	closed	atishp04	2024-10-29T02:43:03Z	2024-10-29T02:46:01Z		
riscv-sbi-doc	180	pmu fixes	closed	atishp04	2024-10-29T02:36:26Z	2024-10-29T02:37:41Z		
riscv-sbi-doc	178	Add Samuel Holland to contributor list	closed	2024-10-29T02:37:33Z	SiFiveHolland	2024-10-17T17:59:57Z	2024-10-29T02:37:33Z	
riscv-sbi-doc	172	Fix typo in Chapter 17.8 and 17.7: Read/Write software event attributes (SSE ext)	closed	2024-10-17T17:49:56Z	sfiedler0	2024-10-16T13:10:34Z	2024-10-17T18:50:08Z	
riscv-sbi-doc	177	Fix typos in MPXY extension	closed	2024-10-17T17:49:32Z	sfiedler0	2024-10-17T11:45:17Z	2024-10-17T18:49:58Z	
riscv-sbi-doc	173	Add me in the contributor list	closed	2024-10-17T17:49:43Z	pathakraul	2024-10-16T13:36:41Z	2024-10-17T17:49:44Z	
riscv-sbi-doc	164	Add SBI_ERR_FAILED to several functions	closed	jones-drew	2024-09-09T13:16:20Z	2024-09-16T18:42:51Z		
riscv-sbi-doc	165	pmu updates	closed	atishp04	2024-09-12T06:58:21Z	2024-09-16T18:42:30Z		
riscv-sbi-doc	166	Add SBI MPXY extension [Outdated]	closed	pathakraul	2024-09-12T08:29:44Z	2024-09-16T17:23:38Z		
riscv-sbi-doc	167	Sse merge	closed	2024-09-13T20:26:03Z	atishp04	2024-09-13T20:23:10Z	2024-09-13T20:26:03Z	
riscv-sbi-doc	161	Add POINTER_MASKING_PMLEN to the SBI FWFT extension	closed	2024-09-13T20:16:44Z	SiFiveHolland	2024-08-14T08:28:03Z	2024-09-13T20:16:44Z	
riscv-sbi-doc	155	Clarify the description of the `set_timer` function	closed	2024-09-09T22:35:34Z	jamestiotio	2024-07-21T15:05:20Z	2024-09-10T12:44:40Z	
riscv-sbi-doc	156	Clarify SBI IPI and RFENCE error codes	closed	jamestiotio	2024-07-24T16:57:15Z	2024-09-10T12:44:39Z		
riscv-sbi-doc	162	Fix GitHub CI build issue	closed	2024-08-30T17:25:40Z	avpatel	2024-08-15T06:09:29Z	2024-09-10T08:06:25Z	
riscv-sbi-doc	160	159 fix spec builds local and gh action	closed	wmat	2024-08-08T18:47:42Z	2024-08-30T17:26:14Z		
riscv-sbi-doc	153	Sbi dbtr extension support	closed	2024-08-07T08:12:44Z	atishp04	2024-07-17T06:58:35Z	2024-08-07T08:12:44Z	
riscv-sbi-doc	154	Update doc-resources to the latest	closed	atishp04	2024-07-17T07:08:30Z	2024-08-07T08:12:06Z		
riscv-sbi-doc	150	Fwft remove software check	closed	2024-06-08T07:11:21Z	atishp04	2024-06-07T16:54:20Z	2024-06-08T07:11:21Z	
riscv-sbi-doc	149	Add bhyve — FreeBSD-native hypervisor.	closed	2024-06-07T16:58:15Z	bukinr	2024-05-23T10:04:30Z	2024-06-07T16:58:15Z	
riscv-sbi-doc	147	SSE spec	closed	2024-05-14T21:46:36Z	atishp04	2024-04-08T19:39:12Z	2024-05-14T21:46:37Z	
riscv-sbi-doc	143	Add coreboot and oreboot extension IDs	closed	2024-04-08T18:51:09Z	rminnich	2024-03-15T22:00:34Z	2024-04-08T18:51:09Z	
riscv-sbi-doc	140	Miscellaneous clarifications	closed	2024-01-13T00:16:34Z	atishp04	2024-01-12T19:51:50Z	2024-01-13T00:16:34Z	
riscv-sbi-doc	129	Define configuration of the mseccfg CSR	closed	xypron	2023-10-29T09:24:10Z	2023-12-29T14:08:40Z		
riscv-sbi-doc	135	STA: Clarify the number of bytes zeroed	closed	2023-12-06T18:27:04Z	jones-drew	2023-12-04T11:05:58Z	2023-12-06T18:27:04Z	
riscv-sbi-doc	134	Clarify the logical counter index in the snapshot area.	closed	2023-12-03T09:02:26Z	atishp04	2023-12-03T08:59:29Z	2023-12-03T09:02:26Z	
riscv-sbi-doc	131	sbi_system_suspend() cannot return SBI_SUCCESS	closed	2023-11-27T08:52:04Z	SiFiveHolland	2023-11-22T16:10:01Z	2023-11-27T08:52:04Z	
riscv-sbi-doc	128	Fix the wording for remote fence address ranges	closed	2023-11-21T09:36:29Z	SiFiveHolland	2023-10-17T22:04:21Z	2023-11-21T09:36:30Z	
riscv-sbi-doc	127	The SBI spec is frozen now. Update the headers to reflect that.	closed	2023-10-06T19:43:39Z	atishp04	2023-10-06T19:42:18Z	2023-10-06T19:43:40Z	
riscv-sbi-doc	126	Minor fixes binary-encoding.adoc	closed	2023-09-29T06:48:36Z	xypron	2023-09-22T21:37:33Z	2023-09-29T06:48:36Z	
riscv-sbi-doc	125	Refer me as Luo Jia / Zhouqi Jiang <luojia@hust.edu.cn>	closed	2023-09-26T08:13:03Z	luojia65	2023-09-20T09:37:14Z	2023-09-26T08:13:03Z	
riscv-sbi-doc	124	V2.0 rc4	closed	2023-09-15T18:55:53Z	atishp04	2023-09-15T18:54:01Z	2023-09-15T18:55:53Z	
riscv-sbi-doc	123	Update contact information of mine	closed	2023-09-15T18:19:35Z	a4lg	2023-09-09T07:37:40Z	2023-09-15T18:19:35Z	
riscv-sbi-doc	122	Various cleanups	closed	2023-09-08T07:42:23Z	atishp04	2023-09-06T07:52:50Z	2023-09-08T07:42:24Z	
riscv-sbi-doc	120	Few changes before SBI v2 public review	closed	2023-09-06T07:01:15Z	avpatel	2023-09-05T06:55:46Z	2023-09-06T07:12:18Z	
riscv-sbi-doc	121	Makefile: Avoid diff error	closed	2023-09-05T23:49:27Z	jones-drew	2023-09-05T08:46:31Z	2023-09-05T23:49:27Z	
riscv-sbi-doc	119	Enable GitHub Actions for Automated Spec Build and Release	closed	2023-08-30T17:28:36Z	rpsene	2023-08-29T00:30:18Z	2023-08-30T17:28:36Z	
riscv-sbi-doc	118	Correct 32-bit type values	closed	2023-08-15T18:31:20Z	lbmeng	2023-07-25T14:24:14Z	2023-08-15T18:31:20Z	
riscv-sbi-doc	110	fix: ambiguous and invisible characters	closed	jakezhu9	2023-04-24T01:08:18Z	2023-08-15T04:07:48Z		
riscv-sbi-doc	107	HSM: Improve error description grammar	closed	2023-02-16T01:20:49Z	jones-drew	2023-01-18T12:03:04Z	2023-08-09T06:07:42Z	
riscv-sbi-doc	113	SUSP: fixups per ARC review	closed	2023-07-18T00:43:28Z	jones-drew	2023-07-17T14:36:09Z	2023-08-09T06:06:59Z	
riscv-sbi-doc	115	spec-wide: fixups per ARC review	closed	2023-07-18T01:12:27Z	jones-drew	2023-07-17T17:01:20Z	2023-08-09T06:06:57Z	
riscv-sbi-doc	114	STA: fixups per ARC review	closed	2023-07-18T01:06:12Z	jones-drew	2023-07-17T14:37:34Z	2023-08-09T06:06:57Z	
riscv-sbi-doc	117	Update the replacement for legacy console SBI functions	closed	2023-08-01T15:50:23Z	lbmeng	2023-07-24T16:15:45Z	2023-08-01T15:50:23Z	
riscv-sbi-doc	116	Arc feedback changes	closed	2023-07-18T14:50:33Z	atishp04	2023-07-18T07:49:07Z	2023-07-18T14:50:34Z	
riscv-sbi-doc	112	Add Hart Software Services SBI Implementation ID	closed	2023-07-14T06:58:00Z	ConchuOD	2023-06-22T09:14:15Z	2023-07-14T10:44:25Z	
riscv-sbi-doc	109	Add Xen Project SBI Implementation ID	closed	2023-04-14T22:21:21Z	sstabellini	2023-04-14T17:37:18Z	2023-04-14T22:21:21Z	
riscv-sbi-doc	69	SRST documentation improvment and table captions	closed	2021-05-06T06:43:43Z	avpatel	2021-04-29T03:16:11Z	2023-01-04T10:53:49Z	
riscv-sbi-doc	91	Improve documentation of ABI followed by legacy SBI extensions	closed	2022-02-28T18:53:58Z	avpatel	2022-02-17T08:45:54Z	2023-01-04T10:52:20Z	
riscv-sbi-doc	73	Add performance monitoring unit extension	closed	2021-06-07T22:34:41Z	avpatel	2021-06-07T09:13:02Z	2023-01-04T10:51:09Z	
riscv-sbi-doc	72	Add performance monitoring unit extension	closed	avpatel	2021-05-22T05:46:31Z	2023-01-04T10:50:47Z		
riscv-sbi-doc	99	HSM chapter grammar fixes	closed	2022-10-18T06:39:10Z	jones-drew	2022-07-11T09:51:33Z	2023-01-03T18:24:33Z	
riscv-sbi-doc	100	PMU chapter clarifications	closed	2022-10-18T06:39:22Z	jones-drew	2022-07-20T12:19:51Z	2023-01-03T18:23:59Z	
riscv-sbi-doc	105	Fixups	closed	2022-12-15T19:52:23Z	atishp04	2022-12-15T17:23:20Z	2022-12-15T19:52:23Z	
riscv-sbi-doc	104	Change reference design of SBI to a list of SBI impls included in specification	closed	2022-12-08T15:29:54Z	luojia65	2022-11-19T08:06:02Z	2022-12-08T15:29:54Z	
riscv-sbi-doc	60	Add Hart Discovery Extension	closed	Forty-Bot	2020-10-12T00:54:07Z	2022-11-01T06:39:17Z		
riscv-sbi-doc	61	Add RustSBI to implementation ID list	closed	2020-10-27T19:48:46Z	luojia65	2020-10-16T16:27:17Z	2022-10-24T15:52:24Z	
riscv-sbi-doc	94	Fix typo in the PMU Extension	closed	2022-03-07T22:02:42Z	yiting16	2022-03-02T14:32:18Z	2022-03-07T22:02:42Z	
riscv-sbi-doc	93	Add a abbreviation table	closed	2022-02-28T18:58:18Z	atishp04	2022-02-28T18:57:38Z	2022-02-28T18:58:19Z	
riscv-sbi-doc	90	Update the calling convention	closed	2022-02-09T18:11:19Z	atishp04	2022-02-08T00:12:03Z	2022-02-09T18:25:53Z	
riscv-sbi-doc	89	public review comments & style change	closed	2022-02-04T18:23:18Z	atishp04	2022-01-27T08:36:18Z	2022-02-04T21:50:07Z	
riscv-sbi-doc	80	Fix minor typo in HSM Extension	closed	2022-01-27T08:50:11Z	hasheddan	2021-09-26T18:57:45Z	2022-01-27T08:50:11Z	
riscv-sbi-doc	77	[PATCH 1/1] Proposal to add Coffer to the SBI impl IDs list	closed	2022-01-27T08:47:51Z	jwnhy	2021-07-28T15:43:54Z	2022-01-27T08:47:51Z	
riscv-sbi-doc	86	Convert project to RISC-V template (docs-resources)	closed	jjscheel	2022-01-12T21:17:51Z	2022-01-27T08:38:31Z		
riscv-sbi-doc	87	Explicitly mention the integer data model	closed	axel-h	2022-01-20T18:59:33Z	2022-01-27T08:37:55Z		
riscv-sbi-doc	88	Mention RV32 integer model	closed	axel-h	2022-01-21T11:22:44Z	2022-01-27T08:36:50Z		
riscv-sbi-doc	85	Adopt the RISC-V template	closed	jjscheel	2022-01-11T19:44:23Z	2022-01-12T21:14:52Z		
riscv-sbi-doc	79	Fix a typo in SBI documentation	closed	2021-09-09T08:39:58Z	luojia65	2021-08-24T04:44:56Z	2021-09-09T08:39:59Z	
riscv-sbi-doc	76	Add CC-BY-4.0 text into file	closed	2021-06-29T21:46:54Z	jjscheel	2021-06-22T19:09:58Z	2021-06-30T12:28:53Z	
riscv-sbi-doc	74	Some small changes	closed	2021-06-23T02:17:30Z	palmer-dabbelt	2021-06-13T00:47:27Z	2021-06-23T02:17:30Z	
riscv-sbi-doc	71	Fix HART get status extension typo	closed	2021-05-20T06:49:38Z	vpelletier	2021-05-17T13:09:24Z	2021-05-20T06:49:38Z	
riscv-sbi-doc	66	SBI HSM suspend support	closed	2021-03-11T20:30:36Z	avpatel	2021-03-03T12:31:24Z	2021-03-19T10:16:48Z	
riscv-sbi-doc	67	Handling of unsupported EIDs and FIDs	closed	2021-03-11T20:30:16Z	xypron	2021-03-09T11:05:11Z	2021-03-11T20:30:17Z	
riscv-sbi-doc	65	Improve introduction and HSM sections	closed	2021-01-13T05:31:15Z	avpatel	2020-12-26T10:15:08Z	2021-01-13T06:01:45Z	
riscv-sbi-doc	63	Top-level makefile and other cleanups	closed	2020-12-23T04:16:27Z	avpatel	2020-11-18T10:03:03Z	2020-12-24T04:50:04Z	
riscv-sbi-doc	64	Using a7 for the syscall number is Linux-specific	closed	2020-12-17T22:19:19Z	jrtc27	2020-12-17T21:46:36Z	2020-12-17T22:19:56Z	
riscv-sbi-doc	39	Add system reset extension	closed	2020-11-16T21:59:56Z	avpatel	2020-03-31T04:17:26Z	2020-11-17T05:37:20Z	
riscv-sbi-doc	62	Add Diosix as SBI Implementation ID 5	closed	2020-11-02T22:23:42Z	diodesign	2020-10-31T08:03:33Z	2020-11-02T22:23:42Z	
riscv-sbi-doc	58	Clean up instances of double-spaces	closed	2020-11-02T22:20:24Z	Forty-Bot	2020-10-12T00:40:49Z	2020-11-02T22:20:24Z	
riscv-sbi-doc	57	Add SBI implementation ID for Diosix	closed	diodesign	2020-09-02T08:12:42Z	2020-10-29T09:01:08Z		
riscv-sbi-doc	51	Clarify error codes	closed	JohnAZoidberg	2020-05-17T18:12:32Z	2020-10-27T19:55:59Z		
riscv-sbi-doc	59	Define some terms and initial state	closed	Forty-Bot	2020-10-12T00:53:21Z	2020-10-27T19:50:41Z		
riscv-sbi-doc	50	Add README	closed	2020-06-01T17:51:40Z	JohnAZoidberg	2020-05-17T17:30:58Z	2020-06-01T17:58:35Z	
riscv-sbi-doc	52	Fix few IPI related text	closed	2020-05-24T07:26:27Z	atishp04	2020-05-18T21:46:38Z	2020-05-24T07:26:27Z	
riscv-sbi-doc	49	Clarify VMID consideration for SBI HFENCE VVMA calls	closed	2020-05-18T21:24:30Z	avpatel	2020-05-08T08:29:36Z	2020-05-23T05:09:06Z	
riscv-sbi-doc	43	Firmware Code Base SBI Extension space	closed	2020-05-18T21:40:43Z	changab	2020-04-09T08:22:13Z	2020-05-18T21:40:43Z	
riscv-sbi-doc	44	Fix presumed typo in experimental SBI extension space range	closed	2020-05-18T21:40:08Z	fintelia	2020-04-09T16:20:51Z	2020-05-18T21:40:08Z	
riscv-sbi-doc	48	Sbi clear ipi deprecated	closed	konrad-schwarz	2020-05-05T09:20:06Z	2020-05-18T21:23:42Z		
riscv-sbi-doc	15	Add sbi_fence_dma function in memory model.	closed	guoren83	2019-04-20T07:40:57Z	2020-05-18T21:21:23Z		
riscv-sbi-doc	37	Introduce Physical Memory Protection Extension	closed	lbmeng	2020-03-07T06:16:49Z	2020-05-18T21:19:03Z		
riscv-sbi-doc	45	Fix sbi_hart_status syntax highlighting	closed	2020-05-18T21:18:02Z	Skallwar	2020-04-17T20:09:07Z	2020-05-18T21:18:02Z	
riscv-sbi-doc	41	Added sbi_get_misa()	closed	konrad-schwarz	2020-04-01T12:36:31Z	2020-05-05T22:32:35Z		
riscv-sbi-doc	36	Console functions deprecated, Function number listings for Timer & IPI extensions	closed	2020-03-11T19:32:55Z	konrad-schwarz	2020-03-06T12:06:41Z	2020-04-23T07:56:09Z	
riscv-sbi-doc	28	Minor fixes	closed	2020-02-27T05:33:42Z	a4lg	2020-02-19T05:20:18Z	2020-03-03T05:24:31Z	
riscv-sbi-doc	32	Fix list rendering in RFENCE Extension	closed	2020-02-27T05:34:23Z	JohnAZoidberg	2020-02-26T14:14:00Z	2020-02-27T08:15:17Z	
riscv-sbi-doc	31	Clarify INVALID_PARAM for sbi_hart_status	closed	2020-02-27T05:33:23Z	JohnAZoidberg	2020-02-26T13:50:31Z	2020-02-27T08:14:55Z	
riscv-sbi-doc	29	Non-legacy calls all have return values	closed	2020-02-27T05:34:38Z	JohnAZoidberg	2020-02-21T11:44:43Z	2020-02-27T08:14:37Z	
riscv-sbi-doc	30	Fix layout of register table for sbi_hart_start	closed	JohnAZoidberg	2020-02-26T13:36:04Z	2020-02-27T08:14:05Z		
riscv-sbi-doc	27	Replace required legacy extensions	closed	2020-02-17T19:12:12Z	atishp04	2019-10-07T21:57:16Z	2020-02-21T10:23:44Z	
riscv-sbi-doc	24	1st draft of Hart state management SBI extension.	closed	2020-01-15T16:58:57Z	atishp04	2019-09-10T10:22:02Z	2020-01-15T16:58:58Z	
riscv-sbi-doc	23	1st draft of Hart hotplug SBI extension.	closed	atishp04	2019-08-22T21:08:02Z	2019-09-10T10:22:46Z		
riscv-sbi-doc	20	Commit a first draft of PM extension	closed	mickflemm	2019-06-12T13:31:20Z	2019-08-26T03:10:27Z		
riscv-sbi-doc	22	Fix the my name and email address.	closed	2019-08-08T07:50:19Z	atishp04	2019-08-08T04:03:28Z	2019-08-08T07:50:19Z	
riscv-sbi-doc	19	Include more information in 'Function Listings'	closed	2019-07-25T01:11:56Z	fintelia	2019-06-11T17:28:13Z	2019-07-25T01:11:56Z	
riscv-sbi-doc	21	Fix the return type and naming of SBI functions.	closed	2019-07-25T01:11:09Z	atishp04	2019-06-17T18:43:03Z	2019-07-25T01:11:09Z	
riscv-sbi-doc	18	Fix the typo in IPI call.	closed	2019-06-13T05:58:08Z	atishp04	2019-06-03T09:19:25Z	2019-06-13T05:58:08Z	
riscv-sbi-doc	16	Switch to asciidoc format	closed	2019-05-13T18:08:28Z	mickflemm	2019-05-01T17:44:26Z	2019-05-13T18:08:34Z	
riscv-sbi-doc	12	proposal to extend SBI.	closed	atishp04	2018-11-10T02:30:14Z	2019-05-01T04:48:33Z		
riscv-sbi-doc	9	Change the return values	closed	rminnich	2018-11-01T05:55:30Z	2019-05-01T04:47:39Z		
riscv-sbi-doc	14	Start v0.2 of the SBI spec	closed	2019-05-01T04:46:52Z	palmer-dabbelt	2019-03-13T10:33:39Z	2019-05-01T04:46:55Z	
riscv-sbi-doc	11	SBI extension proposal	closed	atishp04	2018-11-10T02:15:38Z	2018-11-10T02:17:48Z		
riscv-sbi-doc	7	Some content updates	closed	2018-09-24T19:52:33Z	atishp04	2018-09-14T23:28:19Z	2018-09-24T19:52:33Z	
riscv-sbi-doc	6	Update 14th sep	closed	atishp04	2018-09-14T22:28:54Z	2018-09-14T23:28:40Z		
riscv-sbi-doc	3	Typography, enhanced readability, refined ABI defs	closed	sam-falvo	2018-08-07T17:11:23Z	2018-09-14T22:30:05Z		
riscv-sbi-doc	1	sbi-doc PR (Updated)	closed	2018-08-04T00:50:49Z	atishp04	2018-07-07T00:47:05Z	2018-08-04T00:50:49Z	
riscv-aia	132	AdvPLIC: Fix offset typo	closed	2026-04-18T00:25:45Z	RuoqingHe	2025-07-31T03:28:06Z	2026-04-18T00:25:45Z	
riscv-aia	157	Update GitHub Actions to requested versions	closed	2026-03-10T14:07:51Z	rpsene	2026-03-06T21:38:24Z	2026-03-10T14:07:52Z	
riscv-aia	156	Use ghcr.io/riscv/riscv-docs-base-container-image:latest	closed	2026-03-06T16:55:44Z	rpsene	2026-03-06T14:22:34Z	2026-03-06T16:55:45Z	
riscv-aia	155	add changes for local asynchronous memory buffer interrupt (LAMBI)	open	bcstrongx	2026-03-04T01:53:10Z	2026-03-04T18:43:46Z		
riscv-aia	138	Feature/pdf url	closed	2025-08-28T16:38:33Z	danielmrichter	2025-08-26T19:16:38Z	2025-08-28T16:38:33Z	
riscv-aia	120	Merge multiple clarifications	closed	2025-03-18T22:11:47Z	jhauser-us	2025-03-18T20:14:44Z	2025-03-18T22:11:47Z	
riscv-aia	108	add dependabot to create PR to update the submodules to latest	open	ghost	2024-12-10T04:11:22Z	2024-12-10T04:11:22Z		
riscv-aia	88	Fix minor typo	closed	pdonahue-ventana	2024-08-01T23:20:45Z	2024-11-15T15:48:57Z		
riscv-aia	87	Fixing typo	closed	xieby1	2024-07-26T09:30:54Z	2024-11-15T15:44:03Z		
riscv-aia	69	workflow updates	closed	kersten1	2024-03-05T14:57:39Z	2024-11-15T15:41:59Z		
riscv-aia	53	Conversion of LaTeX spec to asciidoc.	closed	2024-11-13T18:20:44Z	wmat	2023-09-13T19:31:54Z	2024-11-13T18:20:44Z	
riscv-aia	49	Update to ratified version 1.0	closed	2023-07-01T00:23:33Z	jhauser-us	2023-07-01T00:23:17Z	2024-11-06T20:09:54Z	
riscv-aia	48	Fix inconsistencies about virtual instruction exceptions	closed	2023-06-16T02:04:22Z	jhauser-us	2023-06-16T02:02:30Z	2024-11-06T20:09:51Z	
riscv-aia	47	Better align indirect registers with hypervisor, Smcsrind extensions	closed	2023-06-11T05:02:58Z	jhauser-us	2023-06-11T05:02:02Z	2024-11-06T20:09:48Z	
riscv-aia	81	Update Makefile to support docker build	closed	somyadashora	2024-05-21T08:51:20Z	2024-06-07T15:46:14Z		
riscv-aia	52	Conversion to asciidoc.	closed	wmat	2023-09-13T19:21:04Z	2023-09-13T19:25:00Z		
riscv-aia	46	Added clarification about the term IOMMU	closed	2023-06-11T05:12:22Z	avpatel	2023-06-08T10:33:14Z	2023-06-11T05:12:23Z	
riscv-aia	39	Allocate local interrupts for RAS events	closed	2023-03-11T21:01:24Z	jhauser-us	2023-03-11T21:00:12Z	2023-06-11T04:49:17Z	
riscv-aia	42	Updates for RC4	closed	2023-05-09T04:25:12Z	jhauser-us	2023-05-09T04:21:29Z	2023-06-11T04:49:13Z	
riscv-aia	43	Add clarification about MSI write replaced by MRIF update	closed	2023-06-05T21:53:30Z	avpatel	2023-06-05T16:15:10Z	2023-06-05T21:53:31Z	
riscv-aia	37	Allow mvien + mvip virtual interrupts SEI, SSI	closed	2023-02-27T22:08:21Z	jhauser-us	2023-01-22T21:09:21Z	2023-03-11T20:54:53Z	
riscv-aia	38	Upgrade chapter status; remove Duo-PLIC chapter to a separate document	closed	2023-02-28T02:28:57Z	jhauser-us	2023-02-28T02:27:11Z	2023-03-11T20:54:51Z	
riscv-aia	11	fix typo in intro.tex	closed	wxjstz	2022-02-15T16:38:21Z	2023-01-25T14:54:53Z		
riscv-aia	33	Add DPR to hvictl to specify default priority order of virtual interrupts	closed	2022-11-08T02:54:00Z	jhauser-us	2022-11-01T18:35:41Z	2023-01-22T20:57:27Z	
riscv-aia	28	MSI page tables apply to all forms of memory accesses	closed	2022-11-08T02:11:39Z	jhauser-us	2022-10-05T23:14:47Z	2023-01-22T20:57:25Z	
riscv-aia	13	Clarify requirements that AdvPLIC places on IMSICs.	closed	pdonahue-ventana	2022-02-17T01:52:41Z	2023-01-20T02:05:52Z		
riscv-aia	36	Make clear that the draft chapters won't change ratified parts	closed	cmuellner	2022-12-07T23:43:38Z	2023-01-19T14:02:40Z		
riscv-aia	25	Clarify that reset leaves most IMSIC and APLIC state unspecified	closed	2022-08-30T00:39:22Z	jhauser-us	2022-08-30T00:38:16Z	2022-10-05T22:54:34Z	
riscv-aia	26	Numerous small improvements to text	closed	2022-09-06T03:41:42Z	jhauser-us	2022-09-06T03:41:05Z	2022-10-05T22:54:32Z	
riscv-aia	27	Updates for version 0.3.2-draft	closed	2022-09-08T00:46:41Z	jhauser-us	2022-09-08T00:46:26Z	2022-10-05T22:54:30Z	
riscv-aia	23	Remove term 'master', replace with appropriate term	closed	cetola	2022-08-18T14:27:11Z	2022-09-06T15:33:38Z		
riscv-aia	22	Jhauser 2022 stable	closed	2022-08-15T18:21:49Z	jhauser-us	2022-08-15T18:20:58Z	2022-08-30T00:39:48Z	
riscv-aia	21	Jhauser 2022 0.3.1	closed	2022-08-13T04:19:40Z	jhauser-us	2022-08-13T04:18:33Z	2022-08-30T00:39:48Z	
riscv-aia	20	Improve text about the arrangement of IMSIC pages in memory	closed	2022-08-10T17:32:44Z	jhauser-us	2022-08-10T17:32:29Z	2022-08-15T18:37:04Z	
riscv-aia	19	Replace "I/O MMU" with "IOMMU"	closed	2022-08-10T16:21:23Z	jhauser-us	2022-08-10T16:21:08Z	2022-08-15T18:36:59Z	
riscv-aia	18	Revert last commit the hard way	closed	2022-06-13T20:22:59Z	jhauser-us	2022-06-13T20:22:39Z	2022-06-13T21:09:42Z	
riscv-aia	17	Remove CSRs that set/clear an IMSIC interrupt file bit by number	closed	2022-06-13T19:48:51Z	jhauser-us	2022-05-22T20:11:41Z	2022-06-13T21:09:38Z	
riscv-aia	15	Reorganize local and custom major interrupts	closed	2022-06-13T19:48:25Z	jhauser-us	2022-05-05T01:45:28Z	2022-06-13T19:48:26Z	
riscv-aia	12	Fix lots of typos	closed	2022-02-27T19:54:07Z	pdonahue-ventana	2022-02-15T21:50:57Z	2022-02-27T19:54:07Z	
riscv-aia	8	For Adv. PLIC, allow clearing level-sensitive intrs. with MSI delivery	closed	2022-02-11T03:15:52Z	jhauser-us	2022-01-12T18:49:15Z	2022-02-11T03:15:53Z	
riscv-aia	7	Reduce complexity of Adv. PLIC's msiaddrcfg registers	closed	2022-02-11T03:15:10Z	jhauser-us	2022-01-12T18:21:06Z	2022-02-11T03:15:10Z	
riscv-plic-spec	67	Add Makefile based on the riscv-isa-manual Makefile	open	Timmmm	2025-11-06T11:28:49Z	2025-11-06T11:28:49Z		
riscv-plic-spec	66	Clarify interrupt claim signalling to gateway	open	Timmmm	2025-11-06T11:25:57Z	2025-11-06T11:25:57Z		
riscv-plic-spec	65	Fix "clear down" wording	open	Timmmm	2025-11-06T11:23:47Z	2025-11-06T11:23:47Z		
riscv-plic-spec	64	Improve wording of "context-based"	open	Timmmm	2025-11-06T11:22:17Z	2025-11-06T11:22:17Z		
riscv-plic-spec	63	Explain gateways and PLIC core	open	Timmmm	2025-11-06T11:20:07Z	2025-11-06T11:20:07Z		
riscv-plic-spec	62	Inline introduction.adoc	open	Timmmm	2025-11-06T11:11:28Z	2025-11-06T11:12:53Z		
riscv-plic-spec	61	Update docs-resources submodule to latest version	open	Timmmm	2025-11-06T11:09:17Z	2025-11-06T11:09:17Z		
riscv-plic-spec	60	Move source files into `src` directory	open	Timmmm	2025-11-06T11:08:30Z	2025-11-06T11:08:30Z		
riscv-plic-spec	59	Fix PLIC/target typo in interrupt completion section and remove redundant paragraph     	open	Timmmm	2025-11-04T16:00:55Z	2025-11-05T11:08:11Z		
riscv-plic-spec	58	Feature/pdf url	closed	2025-08-26T19:07:17Z	danielmrichter	2025-08-26T19:05:26Z	2025-08-26T19:07:17Z	
riscv-plic-spec	55	Reword introduction	open	Timmmm	2025-02-13T11:01:37Z	2025-02-13T11:01:37Z		
riscv-plic-spec	54	add dependabot to create PR to update the submodules to latest	open	ghost	2024-12-10T04:12:14Z	2024-12-10T04:12:14Z		
riscv-plic-spec	49	Ratified v1.0.0	closed	2023-03-12T15:40:29Z	AbnerChang	2023-03-12T15:40:12Z	2023-03-12T15:40:29Z	
riscv-plic-spec	48	Complete the name of the contributor Yan	closed	2023-03-12T15:32:33Z	Phantom1003	2023-03-02T16:27:49Z	2023-03-12T15:32:34Z	
riscv-plic-spec	47	Update introduction.adoc	closed	2023-01-16T02:37:36Z	rpsene	2023-01-13T14:44:32Z	2023-01-16T02:37:36Z	
riscv-plic-spec	44	Remove hypervisor mode from the PLIC spec becasue H-mode has been removed since priv spec 1.10.	closed	changab	2022-12-13T15:23:13Z	2023-01-16T02:37:21Z		
riscv-plic-spec	45	Remove Hypervisor mode from the PLIC spec	closed	changab	2022-12-20T00:07:11Z	2023-01-16T02:37:12Z		
riscv-plic-spec	46	Remove U mode from PLIC spec	closed	2023-01-05T14:28:50Z	AbnerChang	2023-01-05T14:28:42Z	2023-01-05T14:28:50Z	
riscv-plic-spec	43	Drop obsolete hypervisor privilege mode descriptions	closed	2023-01-05T14:08:51Z	lbmeng	2022-11-28T16:34:59Z	2023-01-05T14:08:51Z	
riscv-plic-spec	42	Fix the order in contributor.adoc	closed	2023-01-05T14:04:42Z	lbmeng	2022-11-28T16:31:51Z	2023-01-05T14:04:42Z	
riscv-plic-spec	39	Fix missing space	closed	2022-08-01T14:06:16Z	donlon	2022-07-30T10:53:26Z	2022-08-01T14:06:16Z	
riscv-plic-spec	38	Fix typo	closed	2022-07-27T20:09:52Z	ZenithalHourlyRate	2022-07-27T10:46:40Z	2022-07-28T02:52:55Z	
riscv-plic-spec	37	For rc3 release	closed	2022-07-12T16:55:55Z	changab	2022-07-11T16:05:33Z	2022-07-12T16:55:58Z	
riscv-plic-spec	35	Update documents for the pre-public review	closed	2022-04-16T04:28:24Z	changab	2022-04-16T04:27:52Z	2022-04-16T04:28:24Z	
riscv-plic-spec	34	Add more description about Interrupt Flow	closed	2022-04-05T03:07:04Z	changab	2022-04-05T03:06:58Z	2022-04-05T03:07:04Z	
riscv-plic-spec	33	Add more descriptions for Interrupt Completion section	closed	2022-04-04T13:37:20Z	changab	2022-04-04T13:37:13Z	2022-04-04T13:37:21Z	
riscv-plic-spec	32	Pull over more info from plic spec (RISC-V Privilege spec 1.9)	closed	2022-04-03T12:26:06Z	changab	2022-04-03T12:25:50Z	2022-04-03T12:26:13Z	
riscv-plic-spec	31	Fix minor mispellings	closed	2021-11-17T05:36:01Z	tommythorn	2021-11-17T05:33:29Z	2021-11-17T07:03:04Z	
riscv-plic-spec	29	Add AsciiDoc metafiles	closed	2021-09-17T05:24:54Z	changab	2021-09-17T05:24:46Z	2021-09-17T05:24:57Z	
riscv-plic-spec	28	Remove PLIC ACPI figures	closed	2021-09-12T05:26:04Z	changab	2021-09-12T05:25:54Z	2021-09-12T05:26:04Z	
riscv-plic-spec	27	Remove PLIC ACPI spec	closed	2021-09-12T05:21:48Z	changab	2021-09-12T05:21:41Z	2021-09-12T05:21:53Z	
riscv-plic-spec	4	riscv-plic.adoc: fix image paths and  add more descriptive alt-texts	closed	yksflip	2019-09-01T08:40:41Z	2021-08-02T02:29:39Z		
riscv-plic-spec	6	Fix broken image links.	closed	atishp04	2020-02-19T09:01:06Z	2021-08-02T02:27:17Z		
riscv-plic-spec	25	Add reference to the original PLIC Spec	closed	2021-07-28T03:34:19Z	changab	2021-07-27T06:06:39Z	2021-07-28T03:34:19Z	
riscv-plic-spec	18	add some description for context	closed	2021-07-27T06:14:35Z	SKTT1Ryze	2021-05-09T02:41:14Z	2021-07-27T06:14:35Z	
riscv-plic-spec	7	misswrite in address	closed	2021-07-27T04:16:36Z	Phantom1003	2020-02-21T09:05:51Z	2021-07-27T04:16:37Z	
riscv-plic-spec	15	riscv-plic-acpi: Fix images	closed	2021-07-27T04:06:18Z	jrtc27	2020-12-17T15:35:42Z	2021-07-27T04:06:18Z	
riscv-plic-spec	23	fix(typo): context 15871 start from 0x3FFF000	closed	2021-07-27T03:50:22Z	duskmoon314	2021-07-18T13:17:59Z	2021-07-27T03:50:22Z	
riscv-plic-spec	22	Correct the number of interrupt source	closed	2021-07-16T09:51:07Z	changab	2021-07-16T09:50:58Z	2021-07-16T09:51:07Z	
riscv-plic-spec	21	Update riscv-plic.adoc	closed	2021-07-04T05:19:59Z	changab	2021-07-04T05:19:30Z	2021-07-04T05:19:59Z	
riscv-plic-spec	19	Fix spelling	closed	2021-05-25T06:46:11Z	bluewww	2021-05-25T06:35:40Z	2021-05-25T09:26:29Z	
riscv-plic-spec	8	Fix issue #5	closed	2020-03-22T03:38:09Z	rongcuid	2020-03-20T13:08:47Z	2020-03-22T03:38:09Z	
riscv-plic-spec	3	PR for UNIX-class platform PLIC spec.	closed	2019-08-30T06:31:26Z	changab	2019-07-18T03:41:12Z	2019-08-30T06:33:48Z	
riscv-plic-spec	2	Draft of revised PLIC spec based on previous commit.	closed	changab	2019-06-14T16:36:35Z	2019-08-30T06:33:24Z		
riscv-plic-spec	1	Preview the proposed change	closed	changab	2019-06-01T03:16:26Z	2019-06-14T16:37:28Z		
riscv-iommu	735	Pull changes from main into antora-refactor	open	wmat	2026-02-27T12:48:59Z	2026-04-18T21:49:45Z		
riscv-iommu	744	Bump docs-resources from `b024d67` to `0904c8a`	closed	2026-04-18T21:49:43Z	dependabot[bot]	2026-04-02T00:36:03Z	2026-04-18T21:49:44Z	dependencies;submodules
riscv-iommu	739	Update GitHub Actions to requested versions	closed	2026-03-07T21:45:09Z	rpsene	2026-03-06T22:07:38Z	2026-03-07T21:45:10Z	
riscv-iommu	738	Use ghcr.io/riscv/riscv-docs-base-container-image:latest	closed	2026-03-06T18:34:03Z	rpsene	2026-03-06T16:58:05Z	2026-03-06T18:34:04Z	
riscv-iommu	737	Bump docs-resources from `be002f1` to `b024d67`	closed	2026-03-03T13:27:53Z	dependabot[bot]	2026-03-01T19:54:37Z	2026-03-03T13:27:53Z	dependencies;submodules
riscv-iommu	736	Add few gpaw tests	closed	2026-02-28T17:14:05Z	ved-rivos	2026-02-28T17:13:56Z	2026-02-28T17:14:06Z	
riscv-iommu	734	Use original pid_valid for fault reporting	closed	2026-02-26T14:21:40Z	ved-rivos	2026-02-26T14:21:31Z	2026-02-26T14:21:40Z	
riscv-iommu	732	Update Release name 20260222	closed	2026-02-22T18:09:00Z	ved-rivos	2026-02-22T18:08:50Z	2026-02-22T18:09:01Z	
riscv-iommu	617	Clarification updates to IOMMU v20250828	closed	2026-02-22T17:46:02Z	ved-rivos	2025-09-05T17:52:57Z	2026-02-22T17:46:02Z	
riscv-iommu	731	Use original pid_valid for fault reporting	closed	2026-02-14T21:21:32Z	ved-rivos	2026-02-14T21:18:50Z	2026-02-14T21:21:33Z	
riscv-iommu	725	Update comments to match specification.	closed	2026-02-08T17:51:49Z	ved-rivos	2026-02-08T17:51:28Z	2026-02-08T17:51:50Z	
riscv-iommu	722	Bump docs-resources from `b5eaf50` to `be002f1`	closed	2026-02-01T20:01:53Z	dependabot[bot]	2026-02-01T19:56:48Z	2026-02-01T20:01:53Z	dependencies;submodules
riscv-iommu	718	Add another missing macro prefix	closed	2026-01-26T20:34:44Z	pkennedyTT	2026-01-26T20:08:18Z	2026-01-26T20:34:44Z	
riscv-iommu	717	Add missing RVI_IOMMU_ prefix to macro usage in header	closed	2026-01-26T19:38:49Z	pkennedyTT	2026-01-26T19:29:35Z	2026-01-26T19:38:49Z	
riscv-iommu	716	Add RVI_IOMMU_ prefix for all preprocessor macros	closed	2026-01-26T17:37:05Z	pkennedyTT	2026-01-26T17:12:23Z	2026-01-26T17:37:05Z	
riscv-iommu	714	Update D bit for ATS no-write=0 explicit only if D is 0 and W is 1	closed	2026-01-21T17:47:29Z	ved-rivos	2026-01-21T17:47:15Z	2026-01-21T17:47:29Z	
riscv-iommu	708	Bump docs-resources from `116d24e` to `b5eaf50`	closed	2026-01-04T04:17:05Z	dependabot[bot]	2026-01-01T19:07:47Z	2026-01-04T04:17:05Z	dependencies;submodules
riscv-iommu	710	Update comment to clarify PSCV role	closed	2026-01-04T04:16:52Z	ved-rivos	2026-01-04T04:16:42Z	2026-01-04T04:16:53Z	
riscv-iommu	700	Add big-endian memory model	closed	2025-12-09T17:45:09Z	ved-rivos	2025-12-06T20:24:55Z	2025-12-09T17:45:09Z	
riscv-iommu	699	Handle GPA superpage overlap with virtual interrupt file	closed	2025-12-06T19:47:24Z	ved-rivos	2025-12-06T19:45:22Z	2025-12-06T19:47:24Z	
riscv-iommu	696	Make ATS commands illegal when capabilities.ATS is 0	closed	2025-12-01T22:24:08Z	pkennedyTT	2025-12-01T20:57:42Z	2025-12-01T22:24:08Z	
riscv-iommu	697	Bump docs-resources from `75c71b5` to `116d24e`	closed	2025-12-01T22:22:48Z	dependabot[bot]	2025-12-01T21:24:45Z	2025-12-01T22:22:48Z	dependencies;submodules
riscv-iommu	694	Correct the value for Sv32x4 to 8	closed	2025-11-30T16:40:16Z	pkennedyTT	2025-11-30T02:13:58Z	2025-11-30T16:40:16Z	
riscv-iommu	693	Add missing PDT invalidation on IODIR.INVAL_DDT	closed	2025-11-25T11:30:48Z	ved-rivos	2025-11-25T11:30:09Z	2025-11-25T11:30:48Z	
riscv-iommu	690	Fix trailing white space.	closed	2025-11-13T19:19:46Z	ved-rivos	2025-11-13T19:19:27Z	2025-11-13T19:19:46Z	
riscv-iommu	683	Include MGPAW in msi detection	closed	2025-11-07T14:33:55Z	ved-rivos	2025-11-07T14:33:43Z	2025-11-07T14:33:55Z	
riscv-iommu	681	Fix oversetting of iotval2[1] on implicit guest page fault	closed	2025-11-05T08:14:08Z	ved-rivos	2025-11-05T08:13:58Z	2025-11-05T08:14:08Z	
riscv-iommu	679	Fix PDT corruption cause code	closed	2025-11-03T10:58:36Z	ved-rivos	2025-11-03T10:58:23Z	2025-11-03T10:58:36Z	
riscv-iommu	677	Bump docs-resources from `c90c0bf` to `75c71b5`	closed	2025-11-03T10:41:12Z	dependabot[bot]	2025-11-01T19:09:35Z	2025-11-03T10:41:13Z	dependencies;submodules
riscv-iommu	678	Fix comment: PDT->second-stage data corruption	closed	2025-11-03T10:41:00Z	ved-rivos	2025-11-03T10:40:49Z	2025-11-03T10:41:00Z	
riscv-iommu	671	qualify read with untranslated exec	closed	2025-10-25T01:39:35Z	ved-rivos	2025-10-25T01:39:21Z	2025-10-25T01:39:35Z	
riscv-iommu	668	FIx typo in MSI edge detection	closed	2025-10-21T22:26:46Z	ved-rivos	2025-10-21T22:26:36Z	2025-10-21T22:26:47Z	
riscv-iommu	662	Replace global state with struct	closed	2025-10-21T20:21:03Z	pkennedyTT	2025-10-17T22:03:49Z	2025-10-21T20:21:03Z	
riscv-iommu	661	Check supported PA width prior to memory access	closed	2025-10-16T14:39:43Z	ved-rivos	2025-10-16T14:39:35Z	2025-10-16T14:39:43Z	
riscv-iommu	659	Ignore AV when GV is 0	closed	2025-10-15T18:17:42Z	ved-rivos	2025-10-15T18:17:29Z	2025-10-15T18:17:42Z	
riscv-iommu	655	Add missing DC checks	closed	2025-10-13T14:24:47Z	ved-rivos	2025-10-13T14:24:37Z	2025-10-13T14:24:47Z	
riscv-iommu	654	Fix edge detection on MSI-x mask bits	closed	2025-10-13T13:12:44Z	ved-rivos	2025-10-13T13:12:29Z	2025-10-13T13:12:44Z	
riscv-iommu	413	GIPC: Introduce G-stage page table In Process Context (GIPC) capability	open	guoren83	2024-08-29T03:36:36Z	2025-10-11T05:55:10Z		
riscv-iommu	651	Replace return -1 with fail_if	closed	2025-10-03T20:41:01Z	pkennedyTT	2025-10-03T20:29:52Z	2025-10-03T20:41:01Z	
riscv-iommu	650	Update maintainer information in MAINTAINERS.md	closed	2025-10-03T20:26:01Z	ved-rivos	2025-10-03T20:25:54Z	2025-10-03T20:26:01Z	
riscv-iommu	649	Rename variable declarations to match definitions	closed	2025-10-03T20:24:07Z	pkennedyTT	2025-10-03T20:17:30Z	2025-10-03T20:24:07Z	
riscv-iommu	648	Update ref model README to match code	closed	2025-10-03T20:22:09Z	pkennedyTT	2025-10-03T20:17:25Z	2025-10-03T20:22:15Z	
riscv-iommu	647	Fix typo in section 6.4	closed	pkennedyTT	2025-10-03T18:35:54Z	2025-10-03T18:43:42Z		
riscv-iommu	645	Initialize Exe bit to 0 in tr_req_ctrl	closed	2025-10-03T01:24:10Z	pkennedyTT	2025-10-02T19:54:29Z	2025-10-03T01:24:10Z	
riscv-iommu	644	Bump docs-resources from `6ef1a1f` to `c90c0bf`	closed	2025-10-01T19:14:03Z	dependabot[bot]	2025-10-01T19:11:59Z	2025-10-01T19:14:04Z	dependencies;submodules
riscv-iommu	643	No address trans. or prot when pid valid but pdt mode is bare	closed	2025-09-30T19:51:52Z	ved-rivos	2025-09-30T19:51:43Z	2025-09-30T19:51:53Z	
riscv-iommu	642	separate bare sizes for G and VS stage	closed	2025-09-29T16:51:18Z	ved-rivos	2025-09-29T16:50:57Z	2025-09-29T16:51:18Z	
riscv-iommu	633	Bump docs-resources from `a0a938e` to `6ef1a1f`	closed	2025-09-21T20:05:11Z	dependabot[bot]	2025-09-18T17:23:00Z	2025-09-21T20:05:11Z	dependencies;submodules
riscv-iommu	632	Change Dependabot update interval to monthly	closed	2025-09-18T17:22:22Z	ved-rivos	2025-09-18T17:22:11Z	2025-09-18T17:22:22Z	
riscv-iommu	631	Bump docs-resources from `6124035` to `a0a938e`	closed	2025-09-17T19:23:39Z	dependabot[bot]	2025-09-17T19:14:47Z	2025-09-17T19:23:39Z	dependencies;submodules
riscv-iommu	623	Bump docs-resources from `c71d56b` to `6124035`	closed	2025-09-13T15:55:50Z	dependabot[bot]	2025-09-11T19:13:37Z	2025-09-13T15:55:50Z	dependencies;submodules
riscv-iommu	621	Bump docs-resources from `1fb9a74` to `c71d56b`	closed	2025-09-10T23:26:11Z	dependabot[bot]	2025-09-10T19:15:38Z	2025-09-10T23:26:12Z	dependencies;submodules
riscv-iommu	620	Bump docs-resources from `d7974ea` to `1fb9a74`	closed	2025-09-09T19:21:45Z	dependabot[bot]	2025-09-09T19:14:10Z	2025-09-09T19:21:46Z	dependencies;submodules
riscv-iommu	615	Bump docs-resources from `48beddb` to `d7974ea`	closed	2025-09-04T13:03:55Z	dependabot[bot]	2025-09-04T08:48:54Z	2025-09-04T13:03:55Z	dependencies;submodules
riscv-iommu	613	Bump docs-resources from `3a40e07` to `48beddb`	closed	2025-09-03T18:58:40Z	dependabot[bot]	2025-09-03T14:28:50Z	2025-09-03T18:58:40Z	dependencies;submodules
riscv-iommu	611	Add section break	closed	2025-08-28T15:01:28Z	ved-rivos	2025-08-28T15:01:18Z	2025-08-28T15:01:28Z	
riscv-iommu	569	Clarification updates to IOMMU v06252025	closed	2025-08-28T14:40:34Z	ved-rivos	2025-06-27T19:03:59Z	2025-08-28T14:40:34Z	
riscv-iommu	543	Svrsw60t59b - PTE Reserved for SW bits 60:59 Extension	closed	2025-08-28T14:37:58Z	ved-rivos	2025-04-09T20:18:23Z	2025-08-28T14:37:58Z	
riscv-iommu	605	Add Svrsw60t59b to model	closed	2025-08-28T14:29:59Z	ved-rivos	2025-08-11T14:51:05Z	2025-08-28T14:30:00Z	
riscv-iommu	610	Feature/pdf url	closed	2025-08-28T14:29:32Z	danielmrichter	2025-08-26T19:11:10Z	2025-08-28T14:29:32Z	
riscv-iommu	597	Bump docs-resources from `36f09ee` to `3a40e07`	closed	2025-07-24T19:31:20Z	dependabot[bot]	2025-07-24T19:28:59Z	2025-07-24T19:31:20Z	dependencies;submodules
riscv-iommu	596	Bump docs-resources from `45d29d9` to `36f09ee`	closed	2025-07-23T19:45:38Z	dependabot[bot]	2025-07-23T19:42:57Z	2025-07-23T19:45:38Z	dependencies;submodules
riscv-iommu	595	GSCID and PSCID are not valid when GV and PSCV are 0 respectively	closed	2025-07-23T16:55:11Z	ved-rivos	2025-07-23T16:55:02Z	2025-07-23T16:55:11Z	
riscv-iommu	591	Bump docs-resources from `ab24eec` to `45d29d9`	closed	2025-07-20T15:14:48Z	dependabot[bot]	2025-07-17T19:35:42Z	2025-07-20T15:14:48Z	dependencies;submodules
riscv-iommu	584	U and SUM bit based checks are active only when iosatp.MODE is not Bare	closed	2025-07-15T14:40:22Z	ved-rivos	2025-07-15T14:40:08Z	2025-07-15T14:40:22Z	
riscv-iommu	577	Bump docs-resources from `f38f756` to `ab24eec`	closed	2025-07-08T22:33:47Z	dependabot[bot]	2025-07-08T19:18:16Z	2025-07-08T22:33:47Z	dependencies;submodules
riscv-iommu	568	PDT implicit access should report exception per original access type	closed	2025-06-27T18:54:41Z	ved-rivos	2025-06-27T18:54:20Z	2025-06-27T18:54:41Z	
riscv-iommu	565	Fix build pdf	closed	2025-06-20T15:37:36Z	ved-rivos	2025-06-20T15:37:26Z	2025-06-20T15:37:36Z	
riscv-iommu	441	Clarification updates to IOMMU v1.0.1	closed	2025-06-20T14:20:38Z	ved-rivos	2024-10-26T21:14:04Z	2025-06-20T14:20:38Z	
riscv-iommu	464	Non-leaf PTE Invalidation extension and Address range Invalidation extension	closed	2025-06-20T14:18:38Z	ved-rivos	2025-01-13T18:46:40Z	2025-06-20T14:18:38Z	
riscv-iommu	514	Add Non-leaf PTE Invalidation and Address Range Invalidation Extensions to model	closed	2025-06-20T13:52:47Z	ved-rivos	2025-03-02T19:09:35Z	2025-06-20T13:52:47Z	
riscv-iommu	564	Remove content duplicated from the next paragraph.	closed	BillXiang	2025-06-19T08:22:46Z	2025-06-19T08:35:52Z		
riscv-iommu	563	Bump docs-resources from `7558472` to `f38f756`	closed	2025-06-17T17:43:50Z	dependabot[bot]	2025-06-16T21:09:14Z	2025-06-17T17:43:50Z	dependencies;submodules
riscv-iommu	562	Add pma to memory accessesor	closed	2025-06-12T22:52:48Z	ved-rivos	2025-06-12T22:51:46Z	2025-06-12T22:52:48Z	
riscv-iommu	561	align code to use same notation as spec	closed	2025-06-12T13:12:28Z	ved-rivos	2025-06-12T13:12:09Z	2025-06-12T13:12:28Z	
riscv-iommu	558	separate constants for PRGR vs. req/rsp	closed	2025-06-04T22:40:51Z	ved-rivos	2025-06-04T22:40:42Z	2025-06-04T22:40:51Z	
riscv-iommu	554	Bump docs-resources from `1d5bcd2` to `7558472`	closed	2025-05-12T15:15:17Z	dependabot[bot]	2025-05-08T19:34:03Z	2025-05-12T15:15:17Z	dependencies;submodules
riscv-iommu	551	fix images	closed	2025-04-24T13:54:07Z	radimkrcmar	2025-04-24T10:12:49Z	2025-04-24T13:54:07Z	
riscv-iommu	501	fix image location.	closed	2025-03-07T14:01:08Z	jyao1	2025-02-25T06:28:32Z	2025-04-23T18:00:53Z	
riscv-iommu	547	Use a_gpa to reports GPA	closed	2025-04-10T15:24:11Z	ved-rivos	2025-04-10T15:23:43Z	2025-04-10T15:24:11Z	
riscv-iommu	527	update comment about D bit update on implicit	closed	2025-03-14T13:37:35Z	ved-rivos	2025-03-14T13:36:57Z	2025-03-14T13:37:35Z	
riscv-iommu	526	retain gpa of pte for reload	closed	2025-03-13T14:45:37Z	ved-rivos	2025-03-13T14:45:06Z	2025-03-13T14:45:38Z	
riscv-iommu	521	Use PASID valid for ATS trans. resp	closed	2025-03-07T14:00:45Z	ved-rivos	2025-03-07T13:57:57Z	2025-03-07T14:00:46Z	
riscv-iommu	513	add Quality of Service (QoS) Identifiers extension	closed	2025-03-02T16:51:44Z	ved-rivos	2025-03-02T16:51:33Z	2025-03-02T16:51:45Z	
riscv-iommu	497	implicit G-stage D bit updates must only be qualified by SADE	closed	2025-02-20T17:28:56Z	ved-rivos	2025-02-20T17:28:45Z	2025-02-20T17:28:56Z	
riscv-iommu	492	add missing is_implicit term	closed	2025-02-19T14:31:53Z	ved-rivos	2025-02-19T14:31:40Z	2025-02-19T14:31:53Z	
riscv-iommu	488	Bump docs-resources from `62576cd` to `1d5bcd2`	closed	2025-02-19T12:49:19Z	dependabot[bot]	2025-02-18T23:18:26Z	2025-02-19T12:49:20Z	dependencies
riscv-iommu	486	G field is not set for MSI trans	closed	2025-02-17T22:27:35Z	ved-rivos	2025-02-17T22:27:25Z	2025-02-17T22:27:35Z	
riscv-iommu	485	G bit is only defined for VS-stage	closed	2025-02-17T22:18:12Z	ved-rivos	2025-02-17T22:18:01Z	2025-02-17T22:18:12Z	
riscv-iommu	480	G should be returned only if PASID present	closed	2025-02-14T17:44:15Z	ved-rivos	2025-02-14T17:44:01Z	2025-02-14T17:44:15Z	
riscv-iommu	459	MSI stay pending when masked and are released when unmasked	closed	2024-12-25T21:51:57Z	ved-rivos	2024-12-25T21:51:27Z	2024-12-25T21:51:57Z	
riscv-iommu	458	Add config knobs for Bare translation size	closed	2024-12-21T22:05:49Z	ved-rivos	2024-12-21T22:05:03Z	2024-12-21T22:05:49Z	
riscv-iommu	457	Bump docs-resources from `a76dd1d` to `62576cd`	closed	2024-12-18T20:28:37Z	dependabot[bot]	2024-12-18T20:04:53Z	2024-12-18T20:28:37Z	dependencies
riscv-iommu	454	Bump docs-resources from `1456c0d` to `a76dd1d`	closed	2024-12-11T20:27:05Z	dependabot[bot]	2024-12-11T20:07:50Z	2024-12-11T20:27:05Z	dependencies
riscv-iommu	453	Bump docs-resources from `35203a4` to `1456c0d`	closed	2024-12-10T15:22:07Z	dependabot[bot]	2024-12-10T13:57:54Z	2024-12-10T15:22:07Z	dependencies
riscv-iommu	452	add dependabot to create PR to update the submodules to latest	closed	2024-12-10T13:57:13Z	ghost	2024-12-10T04:02:26Z	2024-12-10T13:57:13Z	
riscv-iommu	449	Fix iohgatp mode check	closed	2024-11-19T13:50:36Z	ved-rivos	2024-11-19T13:48:56Z	2024-11-19T13:50:37Z	
riscv-iommu	447	Add missing check for debug trans	closed	2024-11-16T16:21:48Z	ved-rivos	2024-11-16T16:18:58Z	2024-11-16T16:21:48Z	
riscv-iommu	433	Remove additional pa size check	closed	2024-09-27T09:35:26Z	ved-rivos	2024-09-27T09:35:08Z	2024-09-27T09:35:26Z	
riscv-iommu	432	Fix PF vs. GPF priority	closed	2024-09-26T20:25:06Z	ved-rivos	2024-09-26T20:25:00Z	2024-09-26T20:25:06Z	
riscv-iommu	431	Refactor H/W A/D update for implicit walk	closed	2024-09-26T17:54:14Z	ved-rivos	2024-09-26T17:49:50Z	2024-09-26T17:54:14Z	
riscv-iommu	243	Clarification updates to IOMMU v1.0.0	closed	2024-09-11T13:30:38Z	ved-rivos	2023-07-24T13:03:14Z	2024-09-11T13:30:39Z	
riscv-iommu	425	add a portable version of log2szm1	closed	2024-09-08T15:31:48Z	ved-rivos	2024-09-08T15:31:40Z	2024-09-08T15:31:48Z	
riscv-iommu	424	move test code out of utils into app	closed	2024-09-08T15:11:02Z	ved-rivos	2024-09-08T15:10:56Z	2024-09-08T15:11:02Z	
riscv-iommu	423	Remove hard-coded entry sizes and compute queue size correctly	closed	2024-09-08T14:49:26Z	ved-rivos	2024-09-08T14:49:06Z	2024-09-08T14:49:26Z	
riscv-iommu	419	fix lru search	closed	2024-08-30T23:26:49Z	ved-rivos	2024-08-30T23:26:40Z	2024-08-30T23:26:49Z	
riscv-iommu	417	fix iotinval.vma test	closed	2024-08-29T12:45:08Z	ved-rivos	2024-08-29T12:44:54Z	2024-08-29T12:45:08Z	
riscv-iommu	415	fix PTE addition to S-stage PT for S-stage permission test	closed	2024-08-29T11:50:09Z	ved-rivos	2024-08-29T11:49:55Z	2024-08-29T11:50:09Z	
riscv-iommu	410	fix error in G-stage test	closed	2024-08-24T15:15:23Z	ved-rivos	2024-08-24T15:15:07Z	2024-08-24T15:15:23Z	
riscv-iommu	398	add invalid sv32 mode tests	closed	2024-08-14T02:07:06Z	ved-rivos	2024-08-14T02:06:54Z	2024-08-14T02:07:06Z	
riscv-iommu	397	update Sv32 encoding	closed	2024-08-13T13:09:54Z	ved-rivos	2024-08-13T13:08:07Z	2024-08-13T13:09:55Z	
riscv-iommu	390	pte PPN cannot hold 64 bit PA	closed	2024-07-27T17:24:21Z	ved-rivos	2024-07-27T17:23:58Z	2024-07-27T17:24:21Z	
riscv-iommu	389	T2GPA should feed into cxl.io	closed	2024-07-26T10:47:38Z	ved-rivos	2024-07-26T10:47:08Z	2024-07-26T10:47:39Z	
riscv-iommu	388	Fix G accumulation	closed	2024-07-26T10:40:17Z	ved-rivos	2024-07-26T10:39:51Z	2024-07-26T10:40:17Z	
riscv-iommu	378	remove trailing white space	closed	2024-07-13T21:11:29Z	ved-rivos	2024-07-13T21:10:32Z	2024-07-13T21:11:29Z	
riscv-iommu	376	Turn eventID mask into a limit	closed	2024-07-11T14:11:16Z	ved-rivos	2024-07-11T14:11:08Z	2024-07-11T14:11:16Z	
riscv-iommu	374	Missing reserved checks for NL PTEs	closed	2024-07-04T11:32:34Z	ved-rivos	2024-07-04T11:32:26Z	2024-07-04T11:32:34Z	
riscv-iommu	370	Defer cqon clearing if a iofence is pending	closed	2024-07-01T15:14:30Z	ved-rivos	2024-07-01T15:14:18Z	2024-07-01T15:14:30Z	
riscv-iommu	369	add cqen for illustration	closed	2024-07-01T14:23:34Z	ved-rivos	2024-07-01T14:23:27Z	2024-07-01T14:23:34Z	
riscv-iommu	367	signal fence_w_ip only if iofence completes	closed	2024-06-28T13:58:14Z	ved-rivos	2024-06-28T13:57:36Z	2024-06-28T13:58:14Z	
riscv-iommu	365	add missing size validation	closed	2024-06-27T15:09:02Z	ved-rivos	2024-06-27T15:08:52Z	2024-06-27T15:09:02Z	
riscv-iommu	363	Update unspecified behavior	closed	2024-06-27T13:32:20Z	ved-rivos	2024-06-27T13:31:39Z	2024-06-27T13:32:21Z	
riscv-iommu	359	set is_mrif to 0 on IOATC hit	closed	2024-06-22T15:14:54Z	ved-rivos	2024-06-22T15:14:46Z	2024-06-22T15:14:54Z	
riscv-iommu	358	is_msi should be cached unless is_mrif is 1	closed	2024-06-22T14:41:18Z	ved-rivos	2024-06-22T14:40:20Z	2024-06-22T14:41:18Z	
riscv-iommu	355	test	closed	ved-rivos	2024-06-18T22:40:12Z	2024-06-18T23:48:01Z		
riscv-iommu	353	Bumping docs-resources version	closed	2024-06-12T15:21:15Z	wmat	2024-06-12T15:16:35Z	2024-06-12T15:21:15Z	
riscv-iommu	350	Bumping docs-resources version	closed	2024-06-11T19:25:03Z	wmat	2024-06-11T19:08:00Z	2024-06-11T19:25:04Z	
riscv-iommu	348	test themes	closed	ved-rivos	2024-06-07T21:49:30Z	2024-06-08T00:21:24Z		
riscv-iommu	346	345 fix note icon ul marker size dot leader	closed	2024-06-08T00:16:02Z	wmat	2024-06-07T20:38:04Z	2024-06-08T00:16:02Z	
riscv-iommu	347	exclude svg from lint checks	closed	2024-06-07T21:11:26Z	ghost	2024-06-07T21:08:38Z	2024-06-07T21:11:26Z	
riscv-iommu	342	update spec to use latest docs-spec-template features	closed	2024-06-07T18:15:17Z	ghost	2024-06-03T18:40:30Z	2024-06-07T19:54:24Z	
riscv-iommu	338	Stop Marker are not auto-resp	closed	2024-05-31T11:36:12Z	ved-rivos	2024-05-31T11:29:34Z	2024-05-31T11:36:13Z	
riscv-iommu	339	Add RAS errors handling	closed	2024-05-31T11:35:37Z	ved-rivos	2024-05-31T11:34:14Z	2024-05-31T11:35:37Z	
riscv-iommu	323	Add missing did too wide check to inval_pdt	closed	2024-05-20T12:47:10Z	ved-rivos	2024-05-20T12:46:48Z	2024-05-20T12:47:10Z	
riscv-iommu	322	Add missing DID too wide check for inval_pdt	closed	ved-rivos	2024-05-20T12:39:44Z	2024-05-20T12:40:48Z		
riscv-iommu	315	Update response code for too wide device ID	closed	2024-05-10T11:18:12Z	ved-rivos	2024-05-10T11:18:04Z	2024-05-10T11:18:12Z	
riscv-iommu	314	Add missing too wide device ID check	closed	2024-05-10T11:09:55Z	ved-rivos	2024-05-10T11:09:29Z	2024-05-10T11:09:55Z	
riscv-iommu	308	Use check_access_perms term	closed	2024-05-04T21:57:56Z	ved-rivos	2024-05-04T21:57:47Z	2024-05-04T21:57:56Z	
riscv-iommu	307	update step 16 of MSI trans to match spec	closed	2024-05-04T21:51:16Z	ved-rivos	2024-05-03T16:34:44Z	2024-05-04T21:51:16Z	
riscv-iommu	306	Add a helper to extract attributes	closed	2024-05-04T21:48:02Z	ved-rivos	2024-05-02T13:56:31Z	2024-05-04T21:48:02Z	
riscv-iommu	301	add missing Bare and Off check	closed	2024-04-25T15:40:56Z	ved-rivos	2024-04-25T15:11:03Z	2024-04-25T15:40:56Z	
riscv-iommu	298	revert bad commit	closed	2024-04-23T14:13:03Z	ved-rivos	2024-04-23T14:12:46Z	2024-04-23T14:13:04Z	
riscv-iommu	297	Update *en behavior to latest spec	closed	2024-04-23T14:09:01Z	ved-rivos	2024-04-23T14:08:51Z	2024-04-23T14:09:01Z	
riscv-iommu	293	Shadow Stack page type (Zicfiss) remains reserved	closed	ved-rivos	2024-04-21T17:21:51Z	2024-04-21T17:22:00Z		
riscv-iommu	292	grant exec only if requested	closed	2024-04-19T11:41:14Z	ved-rivos	2024-04-19T11:41:04Z	2024-04-19T11:41:14Z	
riscv-iommu	290	Fix issue 289	closed	2024-04-12T11:47:19Z	ved-rivos	2024-04-12T11:47:08Z	2024-04-12T11:47:19Z	
riscv-iommu	288	Missing reserved  check - issue 287	closed	2024-04-11T13:23:40Z	ved-rivos	2024-04-11T13:20:53Z	2024-04-11T13:23:40Z	
riscv-iommu	286	Fix IOVA bits 63:32 must be 0 check for SXL=1	closed	2024-03-19T08:13:24Z	ved-rivos	2024-03-19T07:45:35Z	2024-03-19T08:13:24Z	
riscv-iommu	283	Fix missing fault logging in reference model for ATS Translation request with UR/CA resp…	closed	2024-03-08T22:57:00Z	ved-rivos	2024-03-01T19:08:28Z	2024-03-08T22:57:00Z	
riscv-iommu	276	Issue 275	closed	2023-12-27T14:56:09Z	ved-rivos	2023-12-27T14:55:18Z	2023-12-27T14:56:09Z	
riscv-iommu	271	Fix return values	closed	2023-11-10T14:57:47Z	ved-rivos	2023-11-10T14:55:28Z	2023-11-10T14:57:47Z	
riscv-iommu	269	do not qualifty is_exec for untrans with pid_valid	closed	2023-11-08T13:14:27Z	ved-rivos	2023-11-08T13:14:10Z	2023-11-08T13:14:27Z	
riscv-iommu	266	Fix index wrap around in model	closed	2023-11-03T14:32:36Z	ved-rivos	2023-11-03T01:39:03Z	2023-11-03T14:32:36Z	
riscv-iommu	264	do not qualify exec_req with pid_valid for untranslated requests	closed	2023-10-27T17:32:45Z	ved-rivos	2023-10-27T17:32:33Z	2023-10-27T17:32:45Z	
riscv-iommu	258	Errata Fixes	closed	rpsene	2023-09-19T19:41:07Z	2023-09-19T23:56:43Z		
riscv-iommu	257	Detect Docker robustly	closed	2023-09-12T13:19:36Z	a4lg	2023-09-12T02:26:29Z	2023-09-12T13:19:36Z	
riscv-iommu	255	PDT and DDT indices should be 16-bit wide	closed	2023-08-28T12:59:10Z	ved-rivos	2023-08-28T12:56:30Z	2023-08-28T12:59:10Z	
riscv-iommu	251	fix pc field order	closed	2023-08-08T17:54:29Z	ved-rivos	2023-08-08T17:53:20Z	2023-08-08T17:54:29Z	
riscv-iommu	241	bug fix - issue 240	closed	2023-07-21T23:40:46Z	ved-rivos	2023-07-21T23:40:27Z	2023-07-21T23:40:46Z	
riscv-iommu	237	Moving specification to ratified state	closed	2023-07-05T11:16:30Z	ved-rivos	2023-07-05T11:16:22Z	2023-07-05T11:16:30Z	
riscv-iommu	236	Updated clarifying text about atomicity of 8 byte register access	closed	2023-06-16T18:01:34Z	ved-rivos	2023-06-16T13:48:28Z	2023-06-16T18:01:34Z	
riscv-iommu	235	updating to rc6	closed	2023-06-12T13:41:11Z	ved-rivos	2023-06-12T13:40:13Z	2023-06-12T13:41:11Z	
riscv-iommu	220	define iohpmcycles.OF bit	closed	2023-05-04T15:09:59Z	pperesse	2023-04-27T16:31:28Z	2023-06-12T13:35:34Z	
riscv-iommu	234	Clarify that IOMMU interfaces related to MRIF are impdef	closed	2023-06-12T13:32:54Z	ved-rivos	2023-06-09T22:56:00Z	2023-06-12T13:32:55Z	
riscv-iommu	233	Updating ref code to split AMO bit in capabilities into HWAD and MRIF AMO bits	closed	2023-06-12T13:32:32Z	ved-rivos	2023-06-09T22:55:43Z	2023-06-12T13:32:32Z	
riscv-iommu	231	Enumerate HWAD and MRIF AMO separately	closed	2023-05-25T15:56:59Z	ved-rivos	2023-05-21T17:19:30Z	2023-05-25T15:57:00Z	
riscv-iommu	232	Editorial updates	closed	2023-05-25T15:56:42Z	ved-rivos	2023-05-21T18:01:50Z	2023-05-25T15:56:42Z	
riscv-iommu	228	updating rc version	closed	2023-05-15T18:24:08Z	ved-rivos	2023-05-15T18:23:53Z	2023-05-15T18:24:08Z	
riscv-iommu	227	fixing typos	closed	2023-05-15T17:26:32Z	ved-rivos	2023-05-15T16:59:01Z	2023-05-15T17:26:32Z	
riscv-iommu	225	fix TTYP field width 5->6	closed	2023-05-12T13:34:55Z	ved-rivos	2023-05-11T14:02:21Z	2023-05-12T13:34:55Z	
riscv-iommu	222	Update IOMMU ref model with option to cache ATS translations in IOMMU ATC	closed	2023-05-04T15:22:29Z	ved-rivos	2023-04-30T16:40:20Z	2023-05-04T15:22:30Z	
riscv-iommu	223	updating revision, date, and state	closed	2023-05-04T15:12:18Z	ved-rivos	2023-05-04T14:34:46Z	2023-05-04T15:12:18Z	
riscv-iommu	221	Fix error in section 3.1.3	closed	sboeuf	2023-04-28T07:20:13Z	2023-04-28T07:43:10Z		
riscv-iommu	188	bug fixes	closed	2023-02-02T15:26:59Z	pperesse	2023-01-19T09:40:33Z	2023-03-29T14:51:19Z	
riscv-iommu	193	MSI conversion even if iohgatp is bare	closed	2023-02-02T16:42:30Z	pperesse	2023-02-01T11:07:47Z	2023-03-29T14:51:12Z	
riscv-iommu	219	Freezing specification on Mar 29 2023	closed	2023-03-29T14:25:57Z	ved-rivos	2023-03-29T14:22:12Z	2023-03-29T14:25:58Z	
riscv-iommu	218	clarifying use of undefined functions in standard commands	closed	2023-03-29T14:15:11Z	ved-rivos	2023-03-23T14:34:14Z	2023-03-29T14:15:11Z	
riscv-iommu	216	Comments from IOMMU TG	closed	2023-02-21T14:04:05Z	ved-rivos	2023-02-21T13:59:29Z	2023-02-21T14:04:05Z	
riscv-iommu	68	PR for issue #52 - part 2	closed	2022-10-06T19:58:37Z	ved-rivos	2022-10-04T22:51:57Z	2023-02-17T18:50:27Z	
riscv-iommu	63	PR for issue #57	closed	2022-10-06T19:50:00Z	ved-rivos	2022-09-30T19:35:03Z	2023-02-17T18:50:26Z	
riscv-iommu	69	Spell check	closed	2022-10-06T19:58:56Z	ved-rivos	2022-10-06T13:11:35Z	2023-02-17T18:50:25Z	
riscv-iommu	66	PR for issue 65	closed	2022-10-06T19:50:24Z	ved-rivos	2022-10-04T13:13:18Z	2023-02-17T18:50:24Z	
riscv-iommu	67	PR for issue #52 - part 1	closed	2022-10-06T19:50:49Z	ved-rivos	2022-10-04T21:08:36Z	2023-02-17T18:50:23Z	
riscv-iommu	215	issue 208	closed	2023-02-17T18:42:18Z	ved-rivos	2023-02-17T18:42:08Z	2023-02-17T18:42:19Z	
riscv-iommu	214	update to clarify scope of fields	closed	2023-02-17T17:15:19Z	ved-rivos	2023-02-17T17:15:12Z	2023-02-17T17:15:19Z	
riscv-iommu	209	issue 208	closed	2023-02-17T16:44:38Z	ved-rivos	2023-02-16T18:56:59Z	2023-02-17T16:44:38Z	
riscv-iommu	213	issue 212	closed	2023-02-17T16:44:23Z	ved-rivos	2023-02-16T20:10:16Z	2023-02-17T16:44:23Z	
riscv-iommu	207	fix for issue 206	closed	2023-02-15T11:19:04Z	ved-rivos	2023-02-13T18:18:59Z	2023-02-15T11:19:05Z	
riscv-iommu	201	further guidance on PQ overflow	closed	2023-02-09T17:09:30Z	ved-rivos	2023-02-08T14:39:18Z	2023-02-09T17:09:30Z	
riscv-iommu	204	update IDT=1 match wordings	closed	2023-02-09T16:25:12Z	ved-rivos	2023-02-09T13:35:59Z	2023-02-09T16:25:12Z	
riscv-iommu	203	fixing ttyp encoding table	closed	2023-02-09T16:20:32Z	ved-rivos	2023-02-09T13:32:31Z	2023-02-09T16:20:32Z	
riscv-iommu	198	drop poll on busy bits for initialization	closed	2023-02-09T16:15:20Z	ved-rivos	2023-02-07T21:07:39Z	2023-02-09T16:15:20Z	
riscv-iommu	196	Drop use of enabled/disabled for second stage	closed	2023-02-09T16:13:35Z	ved-rivos	2023-02-06T20:29:03Z	2023-02-09T16:13:36Z	
riscv-iommu	195	added clarifications on operand validity	closed	2023-02-09T16:12:06Z	ved-rivos	2023-02-03T14:28:35Z	2023-02-09T16:12:06Z	
riscv-iommu	200	make overflow guideline crisper	closed	ved-rivos	2023-02-08T02:29:05Z	2023-02-08T14:39:33Z		
riscv-iommu	194	fixing typo	closed	2023-02-03T13:17:58Z	ved-rivos	2023-02-03T13:17:21Z	2023-02-03T13:17:58Z	
riscv-iommu	191	MSI translation mode should be Off, not Bare	closed	2023-02-02T16:14:29Z	jhauser-us	2023-01-24T20:27:22Z	2023-02-02T16:14:30Z	
riscv-iommu	190	Address translation stages cannot be disabled	closed	2023-02-02T16:12:36Z	jhauser-us	2023-01-24T05:56:49Z	2023-02-02T16:12:37Z	
riscv-iommu	189	fqh and fqt values swapped in some places	closed	2023-02-02T16:08:57Z	laxel	2023-01-20T08:10:25Z	2023-02-02T16:08:57Z	
riscv-iommu	187	updated title	closed	2023-01-06T14:51:22Z	ved-rivos	2023-01-06T14:27:29Z	2023-01-06T14:51:22Z	
riscv-smmtt	281	Bump docs-resources from `0904c8a` to `47257de`	open	dependabot[bot]	2026-04-27T19:35:36Z	2026-04-27T19:35:37Z	dependencies;submodules	
riscv-smmtt	278	Bump docs-resources from `ed7a9df` to `0904c8a`	closed	2026-04-07T04:31:05Z	dependabot[bot]	2026-04-01T20:04:49Z	2026-04-07T04:31:13Z	dependencies;submodules
riscv-smmtt	277	Bump docs-resources from `ed7a9df` to `a88e6af`	closed	dependabot[bot]	2026-03-31T15:43:52Z	2026-04-01T20:04:53Z	dependencies;submodules	
riscv-smmtt	276	Bump docs-resources from `a73e1bd` to `ed7a9df`	closed	2026-03-31T05:43:51Z	dependabot[bot]	2026-03-30T17:16:58Z	2026-03-31T05:44:00Z	dependencies;submodules
riscv-smmtt	265	ARC review updates and address issue #262	closed	2026-03-31T05:43:32Z	ved-rivos	2026-03-14T23:29:24Z	2026-03-31T05:43:32Z	
riscv-smmtt	275	Bump docs-resources from `a73e1bd` to `78567fd`	closed	dependabot[bot]	2026-03-27T15:44:09Z	2026-03-30T17:17:02Z	dependencies;submodules	
riscv-smmtt	274	Bump docs-resources from `a73e1bd` to `29879cc`	closed	dependabot[bot]	2026-03-26T15:44:28Z	2026-03-27T15:44:14Z	dependencies;submodules	
riscv-smmtt	273	Bump docs-resources from `a73e1bd` to `a9baab8`	closed	dependabot[bot]	2026-03-25T15:44:53Z	2026-03-26T15:44:35Z	dependencies;submodules	
riscv-smmtt	272	Bump docs-resources from `a73e1bd` to `7d8a94b`	closed	dependabot[bot]	2026-03-24T15:44:20Z	2026-03-25T15:44:58Z	dependencies;submodules	
riscv-smmtt	271	Bump docs-resources from `a73e1bd` to `b387152`	closed	dependabot[bot]	2026-03-20T15:43:56Z	2026-03-24T15:44:24Z	dependencies;submodules	
riscv-smmtt	270	Bump docs-resources from `a73e1bd` to `286c2a7`	closed	dependabot[bot]	2026-03-19T15:44:31Z	2026-03-20T15:44:01Z	dependencies;submodules	
riscv-smmtt	269	Bump docs-resources from `a73e1bd` to `f0caa68`	closed	dependabot[bot]	2026-03-18T15:44:53Z	2026-03-19T15:44:36Z	dependencies;submodules	
riscv-smmtt	268	Bump docs-resources from `a73e1bd` to `cd4446b`	closed	dependabot[bot]	2026-03-17T15:44:50Z	2026-03-18T15:44:58Z	dependencies;submodules	
riscv-smmtt	266	Fix typo: MINVAL.SPA to MINVAL.PA	closed	2026-03-17T05:37:39Z	frankchang0125	2026-03-15T10:41:52Z	2026-03-17T05:37:39Z	
riscv-smmtt	267	Bump docs-resources from `9069637` to `a73e1bd`	closed	2026-03-17T05:33:44Z	dependabot[bot]	2026-03-16T16:18:59Z	2026-03-17T05:33:53Z	dependencies;submodules
riscv-smmtt	263	Bump docs-resources from `9069637` to `1108f25`	closed	dependabot[bot]	2026-03-12T15:45:11Z	2026-03-16T16:19:03Z	dependencies;submodules	
riscv-smmtt	261	Bump docs-resources from `9069637` to `394d032`	closed	dependabot[bot]	2026-03-10T15:45:21Z	2026-03-12T15:45:16Z	dependencies;submodules	
riscv-smmtt	259	Bump docs-resources from `9069637` to `f756855`	closed	dependabot[bot]	2026-03-09T17:30:23Z	2026-03-10T15:45:26Z	dependencies;submodules	
riscv-smmtt	258	Update GitHub Actions to requested versions	closed	2026-03-10T14:18:07Z	rpsene	2026-03-06T21:44:06Z	2026-03-10T14:18:07Z	
riscv-smmtt	256	Bump docs-resources from `9069637` to `b024d67`	closed	dependabot[bot]	2026-02-27T15:43:59Z	2026-03-09T17:30:27Z	dependencies;submodules	
riscv-smmtt	257	Use ghcr.io/riscv/riscv-docs-base-container-image:latest	closed	2026-03-06T17:01:47Z	rpsene	2026-03-06T14:27:39Z	2026-03-06T17:01:47Z	
riscv-smmtt	255	Bump docs-resources from `a41c354` to `9069637`	closed	2026-02-24T07:03:55Z	dependabot[bot]	2026-02-20T15:42:32Z	2026-02-24T07:04:03Z	dependencies;submodules
riscv-smmtt	254	Bump docs-resources from `a41c354` to `1666258`	closed	dependabot[bot]	2026-02-18T15:49:53Z	2026-02-20T15:42:36Z	dependencies;submodules	
riscv-smmtt	253	Bump docs-resources from `a41c354` to `c066d8f`	closed	dependabot[bot]	2026-02-17T15:44:11Z	2026-02-18T15:49:59Z	dependencies;submodules	
riscv-smmtt	252	Bump docs-resources from `40aed03` to `a41c354`	closed	2026-02-17T07:34:05Z	dependabot[bot]	2026-02-16T16:58:06Z	2026-02-17T07:34:13Z	dependencies;submodules
riscv-smmtt	250	Bump docs-resources from `be002f1` to `40aed03`	closed	2026-02-10T02:49:06Z	dependabot[bot]	2026-02-09T18:02:50Z	2026-02-10T02:49:13Z	dependencies;submodules
riscv-smmtt	248	Bump docs-resources from `be002f1` to `7a9931f`	closed	dependabot[bot]	2026-02-05T15:48:35Z	2026-02-09T18:02:55Z	dependencies;submodules	
riscv-smmtt	247	Bump docs-resources from `b5eaf50` to `be002f1`	closed	2026-02-03T06:55:14Z	dependabot[bot]	2026-01-30T15:43:45Z	2026-02-03T06:55:22Z	dependencies;submodules
riscv-smmtt	245	Bump docs-resources from `d644eb9` to `b5eaf50`	closed	2026-01-13T06:44:27Z	dependabot[bot]	2025-12-29T15:13:18Z	2026-01-13T06:44:35Z	dependencies;submodules
riscv-smmtt	243	Bump docs-resources from `d644eb9` to `edf32fb`	closed	dependabot[bot]	2025-12-18T15:15:03Z	2025-12-29T15:13:21Z	dependencies;submodules	
riscv-smmtt	242	Bump docs-resources from `08bdece` to `d644eb9`	closed	2025-12-16T16:53:36Z	dependabot[bot]	2025-12-11T15:18:09Z	2025-12-16T16:53:45Z	dependencies;submodules
riscv-smmtt	239	Add missing constraints on SRL/SML when SSRM=1/SSMM=1	closed	2025-12-16T16:53:22Z	ved-rivos	2025-12-08T18:06:00Z	2025-12-16T16:53:22Z	
riscv-smmtt	241	Bump docs-resources from `08bdece` to `75d6a61`	closed	dependabot[bot]	2025-12-10T15:15:14Z	2025-12-11T15:18:13Z	dependencies;submodules	
riscv-smmtt	240	Bump docs-resources from `08bdece` to `cdc5c1c`	closed	dependabot[bot]	2025-12-09T15:15:40Z	2025-12-10T15:15:19Z	dependencies;submodules	
riscv-smmtt	238	Bump docs-resources from `22a17b0` to `08bdece`	closed	2025-12-09T06:30:51Z	dependabot[bot]	2025-12-08T15:14:08Z	2025-12-09T06:30:59Z	dependencies;submodules
riscv-smmtt	235	Bump docs-resources from `22a17b0` to `8bd1a63`	closed	dependabot[bot]	2025-12-04T15:21:04Z	2025-12-08T15:14:12Z	dependencies;submodules	
riscv-smmtt	233	Bump docs-resources from `22a17b0` to `36dcc26`	closed	dependabot[bot]	2025-12-03T15:16:36Z	2025-12-04T15:21:08Z	dependencies;submodules	
riscv-smmtt	232	Bump docs-resources from `22a17b0` to `116d24e`	closed	dependabot[bot]	2025-12-01T16:31:13Z	2025-12-03T15:16:41Z	dependencies;submodules	
riscv-smmtt	230	add missing text -as described in-	closed	2025-12-01T02:39:48Z	rsahita	2025-12-01T02:30:33Z	2025-12-01T02:39:48Z	
riscv-smmtt	229	Bump docs-resources from `707d21c` to `22a17b0`	closed	2025-12-01T02:17:28Z	dependabot[bot]	2025-11-28T15:11:36Z	2025-12-01T02:17:36Z	dependencies;submodules
riscv-smmtt	227	Bump docs-resources from `707d21c` to `7a01efe`	closed	dependabot[bot]	2025-11-27T15:12:13Z	2025-11-28T15:11:40Z	dependencies;submodules	
riscv-smmtt	224	Bump docs-resources from `707d21c` to `49eff17`	closed	dependabot[bot]	2025-11-24T16:31:08Z	2025-11-27T15:12:17Z	dependencies;submodules	
riscv-smmtt	222	Bump docs-resources from `707d21c` to `1660fd9`	closed	dependabot[bot]	2025-11-18T15:17:08Z	2025-11-24T16:31:15Z	dependencies;submodules	
riscv-smmtt	221	Bump docs-resources from `707d21c` to `8e51e9f`	closed	dependabot[bot]	2025-11-14T15:15:18Z	2025-11-18T15:17:13Z	dependencies;submodules	
riscv-smmtt	220	Bump docs-resources from `098f02b` to `707d21c`	closed	2025-11-13T19:40:38Z	dependabot[bot]	2025-11-13T15:13:30Z	2025-11-13T19:40:45Z	dependencies;submodules
riscv-smmtt	219	Addressing issue 216	closed	2025-11-13T02:26:21Z	rsahita	2025-11-12T20:08:23Z	2025-11-13T02:26:22Z	
riscv-smmtt	218	ARC feedback updates to Smsdedbga/Smsdetrca	closed	2025-11-11T23:27:15Z	ved-rivos	2025-11-11T19:34:50Z	2025-11-11T23:27:15Z	
riscv-smmtt	217	Bump docs-resources from `40844de` to `098f02b`	closed	2025-11-11T21:02:53Z	dependabot[bot]	2025-11-11T15:13:41Z	2025-11-11T21:03:02Z	dependencies;submodules
riscv-smmtt	215	Bump docs-resources from `3e01674` to `40844de`	closed	2025-11-11T07:11:19Z	dependabot[bot]	2025-11-10T16:55:06Z	2025-11-11T07:11:27Z	dependencies;submodules
riscv-smmtt	214	Bump docs-resources from `75c71b5` to `3e01674`	closed	2025-11-07T19:42:56Z	dependabot[bot]	2025-11-07T15:14:35Z	2025-11-07T19:43:03Z	dependencies;submodules
riscv-smmtt	213	Bump docs-resources from `4b6af80` to `75c71b5`	closed	2025-11-04T05:19:45Z	dependabot[bot]	2025-11-03T15:32:55Z	2025-11-04T05:19:53Z	dependencies;submodules
riscv-smmtt	212	Bump docs-resources from `4b6af80` to `8b88469`	closed	dependabot[bot]	2025-10-29T15:20:54Z	2025-11-03T15:32:59Z	dependencies;submodules	
riscv-smmtt	211	Bump docs-resources from `4b6af80` to `07ae7be`	closed	dependabot[bot]	2025-10-28T15:15:45Z	2025-10-29T15:20:58Z	dependencies;submodules	
riscv-smmtt	210	Bump docs-resources from `14a3283` to `4b6af80`	closed	2025-10-21T05:23:41Z	dependabot[bot]	2025-10-20T15:45:12Z	2025-10-21T05:23:49Z	dependencies;submodules
riscv-smmtt	209	Bump docs-resources from `d71e312` to `14a3283`	closed	2025-10-18T22:12:59Z	dependabot[bot]	2025-10-17T15:14:22Z	2025-10-18T22:13:07Z	dependencies;submodules
riscv-smmtt	208	Bump docs-resources from `d71e312` to `2f436fa`	closed	dependabot[bot]	2025-10-16T15:15:50Z	2025-10-17T15:14:26Z	dependencies;submodules	
riscv-smmtt	207	arc updates to chapter 9 and address issue 202	closed	2025-10-14T16:10:05Z	rsahita	2025-10-14T01:05:07Z	2025-10-14T16:10:06Z	
riscv-smmtt	205	ARC review updates	closed	2025-10-14T00:03:43Z	ved-rivos	2025-10-10T21:01:55Z	2025-10-14T00:03:43Z	
riscv-smmtt	206	Bump docs-resources from `c90c0bf` to `d71e312`	closed	2025-10-13T21:27:43Z	dependabot[bot]	2025-10-13T15:43:12Z	2025-10-13T21:27:50Z	dependencies;submodules
riscv-smmtt	204	Bump docs-resources from `6ef1a1f` to `c90c0bf`	closed	2025-10-09T20:24:30Z	dependabot[bot]	2025-10-02T15:16:42Z	2025-10-09T20:24:38Z	dependencies;submodules
riscv-smmtt	203	Bump docs-resources from `6ef1a1f` to `ff1e5eb`	closed	dependabot[bot]	2025-09-30T15:13:10Z	2025-10-02T15:16:47Z	dependencies;submodules	
riscv-smmtt	200	Additional I/O MPT Checker updates	closed	2025-09-22T07:44:47Z	ved-rivos	2025-09-21T20:03:32Z	2025-09-22T07:44:48Z	
riscv-smmtt	199	Bump docs-resources from `a0a938e` to `6ef1a1f`	closed	2025-09-19T05:34:12Z	dependabot[bot]	2025-09-18T15:14:08Z	2025-09-19T05:34:20Z	dependencies;submodules
riscv-smmtt	198	ARC review updates - chapter 6	closed	2025-09-18T09:18:01Z	ved-rivos	2025-09-17T20:54:57Z	2025-09-18T09:18:01Z	
riscv-smmtt	197	Remove unspecified note for not matching rules	closed	2025-09-18T02:17:47Z	ved-rivos	2025-09-17T17:40:08Z	2025-09-18T02:17:47Z	
riscv-smmtt	196	Bump docs-resources from `6124035` to `a0a938e`	closed	2025-09-18T02:17:13Z	dependabot[bot]	2025-09-17T15:14:05Z	2025-09-18T02:17:21Z	dependencies;submodules
riscv-smmtt	195	Bump docs-resources from `1fb9a74` to `6124035`	closed	2025-09-11T21:17:02Z	dependabot[bot]	2025-09-11T15:15:57Z	2025-09-11T21:17:09Z	dependencies;submodules
riscv-smmtt	192	IOMPT checker ARC review updates	closed	2025-09-10T18:23:15Z	ved-rivos	2025-09-04T23:33:14Z	2025-09-10T18:23:15Z	
riscv-smmtt	193	Update GitHub Actions	closed	2025-09-10T18:22:34Z	Daulox92	2025-09-09T05:21:14Z	2025-09-10T18:22:34Z	
riscv-smmtt	194	Bump docs-resources from `d7974ea` to `1fb9a74`	closed	2025-09-09T22:36:13Z	dependabot[bot]	2025-09-09T15:13:56Z	2025-09-09T22:36:20Z	dependencies;submodules
riscv-smmtt	190	Bump docs-resources from `3a40e07` to `d7974ea`	closed	2025-09-09T04:54:01Z	dependabot[bot]	2025-09-04T03:52:51Z	2025-09-09T04:54:08Z	dependencies;submodules
riscv-smmtt	189	Add 'mttp' and 'msdcfg' csr address number.	closed	pz9115	2025-08-26T11:41:38Z	2025-09-09T04:53:44Z		
riscv-smmtt	188	editorial fixes	closed	2025-08-22T18:04:28Z	rsahita	2025-08-22T18:03:58Z	2025-08-22T18:04:28Z	
riscv-smmtt	183	Organize IOMPT registers to be laid out by operation	closed	2025-08-22T16:57:54Z	ved-rivos	2025-08-16T22:24:36Z	2025-08-22T16:57:54Z	
riscv-smmtt	187	Rename Smsdedbg to Smsdedbga (same for etrc)	closed	2025-08-20T18:49:21Z	rsahita	2025-08-20T02:06:59Z	2025-08-20T18:49:21Z	
riscv-smmtt	184	Address ARC review comments for Smsdedbga and Smsdetrca chapter	closed	2025-08-20T01:43:12Z	ved-rivos	2025-08-16T23:04:13Z	2025-08-20T02:09:12Z	
riscv-smmtt	185	Rename MFENCE/MINVAL.SPA to MFENCE/MINVAL.MPA	closed	2025-08-20T01:53:29Z	ved-rivos	2025-08-16T23:26:47Z	2025-08-20T01:53:30Z	
riscv-smmtt	181	Typos 0.41	closed	2025-08-08T03:51:21Z	eckhard-delfs-qualcomm	2025-08-07T10:23:34Z	2025-08-08T03:51:21Z	
riscv-smmtt	180	Update IOMPT ruleid width	closed	2025-08-06T23:22:22Z	ved-rivos	2025-08-06T23:02:11Z	2025-08-06T23:22:22Z	
riscv-smmtt	179	use short acronyms for external debug and trace allow	closed	2025-08-06T23:21:42Z	ved-rivos	2025-08-06T22:59:44Z	2025-08-06T23:21:42Z	
riscv-smmtt	178	Smmpt page sizes and mppt.ppn alignment	closed	2025-08-05T23:38:15Z	ved-rivos	2025-08-05T13:33:31Z	2025-08-05T23:38:16Z	
riscv-smmtt	172	Updates to Chapter 9 and Chapter 6	closed	2025-08-05T23:35:39Z	ved-rivos	2025-07-31T00:33:53Z	2025-08-05T23:35:39Z	
riscv-smmtt	176	Correct list of superpage sizes	closed	2025-08-04T23:51:51Z	ved-rivos	2025-08-02T16:53:19Z	2025-08-04T23:51:51Z	
riscv-smmtt	171	ARC review updates to Smsdia/Smgeien	closed	2025-08-04T20:25:42Z	ved-rivos	2025-07-30T19:16:02Z	2025-08-04T20:25:42Z	
riscv-smmtt	173	ARC review updates to Smsdid	closed	2025-08-04T20:23:13Z	ved-rivos	2025-07-31T00:47:37Z	2025-08-04T20:23:42Z	
riscv-smmtt	169	Bump docs-resources from `45d29d9` to `3a40e07`	closed	2025-08-02T17:00:33Z	dependabot[bot]	2025-07-24T15:16:16Z	2025-08-02T17:00:41Z	dependencies;submodules
riscv-smmtt	167	Bump docs-resources from `45d29d9` to `36f09ee`	closed	dependabot[bot]	2025-07-23T15:17:02Z	2025-07-24T15:16:20Z	dependencies;submodules	
riscv-smmtt	166	Bump docs-resources from `ab24eec` to `45d29d9`	closed	2025-07-22T05:02:02Z	dependabot[bot]	2025-07-17T15:54:19Z	2025-07-22T05:02:09Z	dependencies;submodules
riscv-smmtt	163	Update determination of msideip	closed	2025-07-12T17:11:36Z	ved-rivos	2025-07-12T17:11:28Z	2025-07-16T20:16:29Z	
riscv-smmtt	151	Updates to rv64 mmpt and mpte per ARC feedback	closed	2025-06-09T18:20:24Z	rsahita	2025-06-09T17:37:07Z	2025-07-13T21:11:53Z	
riscv-smmtt	162	Bump docs-resources from `f38f756` to `ab24eec`	closed	2025-07-12T17:12:51Z	dependabot[bot]	2025-07-09T15:41:08Z	2025-07-12T17:12:58Z	dependencies;submodules
riscv-smmtt	161	Chapter4 - updated mpt-walk description + minor fixes	closed	2025-07-08T06:26:28Z	eckhard-delfs-qualcomm	2025-07-07T13:59:11Z	2025-07-08T16:16:49Z	
riscv-smmtt	160	system -> supervisor physical address	closed	2025-07-07T22:46:19Z	ved-rivos	2025-07-06T16:44:23Z	2025-07-07T22:46:19Z	
riscv-smmtt	156	Updates to Smsdia from ARC review	closed	2025-07-07T22:45:24Z	ved-rivos	2025-06-21T22:43:13Z	2025-07-07T22:45:25Z	
riscv-smmtt	158	Additional Smmpt ARC review updates	closed	2025-07-02T20:19:20Z	ved-rivos	2025-07-02T19:19:00Z	2025-07-02T20:19:20Z	
riscv-smmtt	157	Update MPTE format	closed	2025-07-01T01:16:49Z	ved-rivos	2025-06-29T21:59:56Z	2025-07-01T01:16:49Z	
riscv-smmtt	153	Editorial updates to Smsdia	closed	2025-06-09T21:54:48Z	ved-rivos	2025-06-09T20:56:14Z	2025-06-30T16:15:16Z	
riscv-smmtt	155	Bump docs-resources from `7558472` to `f38f756`	closed	2025-06-23T22:23:31Z	dependabot[bot]	2025-06-17T15:37:42Z	2025-06-23T22:23:39Z	dependencies;submodules
riscv-smmtt	154	minor clarification	closed	2025-06-13T20:43:01Z	rsahita	2025-06-13T20:28:06Z	2025-06-13T20:43:02Z	
riscv-smmtt	152	Editorial updates to Smsdia	closed	ved-rivos	2025-06-09T18:13:50Z	2025-06-09T20:56:25Z		
riscv-smmtt	150	ARC review updates to Smsdia	closed	2025-06-09T17:48:18Z	ved-rivos	2025-06-07T21:32:30Z	2025-06-09T17:48:18Z	
riscv-smmtt	149	fix errors in sizes of large page sizes supported	closed	2025-06-04T18:06:40Z	rsahita	2025-06-04T05:24:26Z	2025-06-04T18:10:49Z	
riscv-smmtt	148	Remove repeated text from Smsdia	closed	2025-06-03T16:54:21Z	ved-rivos	2025-06-01T19:27:49Z	2025-06-03T16:54:21Z	
riscv-smmtt	147	Updates from ARC review of Smsdia	closed	2025-05-27T04:04:45Z	ved-rivos	2025-05-24T16:05:04Z	2025-05-27T04:04:45Z	
riscv-smmtt	145	add DXW to constrain address	closed	2025-05-27T04:01:29Z	ved-rivos	2025-05-19T21:40:26Z	2025-05-27T04:01:29Z	
riscv-smmtt	144	Updates to Smsdia to address ARC feedback	closed	2025-05-12T15:26:33Z	ved-rivos	2025-05-11T19:20:17Z	2025-05-12T15:26:33Z	
riscv-smmtt	143	Bump docs-resources from `1d5bcd2` to `7558472`	closed	2025-05-08T18:56:43Z	dependabot[bot]	2025-05-08T15:50:52Z	2025-05-08T18:56:51Z	dependencies;submodules
riscv-smmtt	140	Custom mode encodings	closed	2025-05-07T19:05:33Z	eckhard-delfs-qualcomm	2025-04-24T17:35:59Z	2025-05-07T19:05:34Z	
riscv-smmtt	132	Updates for 1-bit permission MPT formats	closed	rsahita	2025-04-14T21:14:35Z	2025-04-22T17:00:47Z		
riscv-smmtt	138	clarification for issue 133-134; fix field name	closed	2025-04-22T15:11:41Z	rsahita	2025-04-21T22:21:40Z	2025-04-22T15:11:41Z	
riscv-smmtt	136	Updates to Smsdia	closed	2025-04-21T22:17:44Z	ved-rivos	2025-04-20T19:10:00Z	2025-04-21T22:17:45Z	
riscv-smmtt	135	Updates for issue 124	closed	2025-04-21T21:18:02Z	rsahita	2025-04-18T22:30:25Z	2025-04-21T21:18:02Z	
riscv-smmtt	137	Rename SDICN to SIDN	closed	2025-04-20T23:47:18Z	ved-rivos	2025-04-20T19:22:33Z	2025-04-20T23:47:18Z	
riscv-smmtt	130	Update to address ARC feedback on Smsdia	closed	2025-04-11T16:29:58Z	ved-rivos	2025-03-23T22:37:58Z	2025-04-20T19:11:49Z	
riscv-smmtt	131	Bump docs-resources from `62576cd` to `1d5bcd2`	closed	2025-04-11T16:30:21Z	dependabot[bot]	2025-03-25T16:24:26Z	2025-04-11T16:30:29Z	dependencies;submodules
riscv-smmtt	129	Address issue 122	closed	2025-03-21T16:07:49Z	rsahita	2025-03-20T23:05:43Z	2025-03-21T16:07:49Z	
riscv-smmtt	127	Additional Smmptnlnapot editorial fixes	closed	2025-02-27T19:42:19Z	SiFiveHolland	2025-02-27T18:27:32Z	2025-02-27T19:42:19Z	
riscv-smmtt	121	Updated Smmpt to address ARC feedback	closed	2025-02-27T17:39:29Z	rsahita	2025-02-04T10:30:32Z	2025-02-27T18:34:51Z	
riscv-smmtt	125	Bump docs-resources from `62576cd` to `1d5bcd2`	closed	2025-02-27T17:42:05Z	dependabot[bot]	2025-02-20T16:08:59Z	2025-02-27T17:42:13Z	dependencies
riscv-smmtt	126	Simplify the definition of Smmptnlnapot	closed	SiFiveHolland	2025-02-22T03:50:29Z	2025-02-25T22:36:05Z		
riscv-smmtt	120	Bump docs-resources from `a76dd1d` to `62576cd`	closed	2024-12-18T15:49:03Z	dependabot[bot]	2024-12-18T15:42:41Z	2024-12-18T15:49:11Z	dependencies
riscv-smmtt	119	Bump docs-resources from `6a2d5b1` to `a76dd1d`	closed	2024-12-15T22:22:07Z	dependabot[bot]	2024-12-15T20:54:56Z	2024-12-15T22:22:14Z	dependencies
riscv-smmtt	117	add dependabot to create PR to update the submodules to latest	closed	2024-12-15T20:54:13Z	ghost	2024-12-10T04:12:26Z	2024-12-15T20:54:13Z	
riscv-smmtt	112	Correct top-level MPT size/alignment requirements	closed	2024-11-20T21:02:09Z	SiFiveHolland	2024-11-15T05:45:17Z	2024-12-08T23:08:20Z	
riscv-smmtt	115	addressed bug noted in issue 113	closed	2024-12-04T02:06:37Z	rsahita	2024-11-25T21:44:23Z	2024-12-04T02:06:49Z	
riscv-smmtt	110	address feedback from allen baum on mailing list dated oct 29, 2024	closed	2024-11-05T21:47:26Z	rsahita	2024-11-04T22:45:08Z	2024-11-05T21:47:26Z	
riscv-smmtt	109	address issue 108	closed	2024-11-04T04:39:03Z	rsahita	2024-10-31T05:08:25Z	2024-11-04T04:39:11Z	
riscv-smmtt	104	encoding clarification for MTT implicit accesses	closed	2024-10-28T17:33:08Z	rsahita	2024-10-28T06:06:12Z	2024-11-01T14:29:48Z	
riscv-smmtt	107	address issue 106	closed	2024-10-29T07:24:02Z	rsahita	2024-10-29T07:21:19Z	2024-10-29T07:24:02Z	
riscv-smmtt	105	Change name of MTT to MPT, mttp to mmpt, & ext. name from Smmtt to Smmpt	closed	2024-10-29T06:59:49Z	rsahita	2024-10-28T06:54:34Z	2024-10-29T06:59:50Z	
riscv-smmtt	103	added ref to normative MTT section from non-normative overview	closed	2024-10-28T17:25:18Z	rsahita	2024-10-28T05:57:34Z	2024-10-28T17:25:18Z	
riscv-smmtt	102	clarifications/updates to address issue 74	closed	2024-10-28T17:06:59Z	rsahita	2024-10-28T05:53:33Z	2024-10-28T17:06:59Z	
riscv-smmtt	101	fix SSM value in example	closed	2024-10-25T18:36:30Z	ved-rivos	2024-10-21T01:27:54Z	2024-10-25T18:36:30Z	
riscv-smmtt	96	add valid bit to MTTL3 entry	closed	2024-10-15T06:13:20Z	rsahita	2024-10-14T21:02:35Z	2024-10-15T06:13:21Z	
riscv-smmtt	97	minor clarification to modes	closed	2024-10-15T05:33:15Z	rsahita	2024-10-14T21:23:46Z	2024-10-15T05:33:19Z	
riscv-smmtt	95	remove fault for other fields of mttp csr	closed	2024-10-15T05:31:45Z	rsahita	2024-10-14T20:11:05Z	2024-10-15T05:31:50Z	
riscv-smmtt	93	specify a reset for SDICN	closed	2024-10-10T23:10:32Z	ved-rivos	2024-10-10T14:50:10Z	2024-10-10T23:10:33Z	
riscv-smmtt	92	provide legalization of MCID/RCID in SSM=1 mode	closed	2024-10-10T12:53:50Z	ved-rivos	2024-10-09T21:27:38Z	2024-10-10T12:53:50Z	
riscv-smmtt	89	Updated MFENCE.VMA description	closed	2024-10-09T03:28:10Z	eckhard-delfs-qualcomm	2024-10-04T17:43:03Z	2024-10-09T03:28:10Z	
riscv-smmtt	90	Remove RULEID == 0 special case	closed	SiFiveHolland	2024-10-07T23:24:36Z	2024-10-09T02:34:22Z		
riscv-smmtt	88	add check for pa width during MTT walk	closed	2024-10-08T22:21:55Z	rsahita	2024-10-03T23:44:43Z	2024-10-08T22:22:02Z	
riscv-smmtt	84	Describe behavior ext. for SFENCE.VMA and HFENCE.VMA	closed	2024-10-08T22:17:35Z	rsahita	2024-10-01T21:44:01Z	2024-10-08T22:17:42Z	
riscv-smmtt	87	updates to address issue 66	closed	2024-10-07T22:29:46Z	ved-rivos	2024-10-03T01:16:28Z	2024-10-07T22:29:46Z	
riscv-smmtt	85	clarification on SDID as a local identifer	closed	2024-10-03T03:02:40Z	rsahita	2024-10-01T22:26:49Z	2024-10-03T03:02:48Z	
riscv-smmtt	83	Address comments in issue 72	closed	2024-10-02T20:48:20Z	ved-rivos	2024-10-01T15:37:04Z	2024-10-02T20:48:20Z	
riscv-smmtt	67	v0.1 editorial change suggestions	closed	2024-10-01T16:52:17Z	SiFiveHolland	2024-09-11T06:55:00Z	2024-10-02T20:02:36Z	
riscv-smmtt	79	clarify behavior of invalid SDICN	closed	2024-10-01T21:21:09Z	ved-rivos	2024-10-01T13:22:14Z	2024-10-01T21:21:09Z	
riscv-smmtt	82	Clarifications to IOMTT	closed	2024-10-01T21:11:58Z	ved-rivos	2024-10-01T14:24:24Z	2024-10-01T21:11:58Z	
riscv-smmtt	81	clarify the priority order is default priority order	closed	2024-10-01T21:09:50Z	ved-rivos	2024-10-01T13:38:22Z	2024-10-01T21:09:50Z	
riscv-smmtt	80	SDICN is WLRL	closed	2024-10-01T21:08:55Z	ved-rivos	2024-10-01T13:29:16Z	2024-10-01T21:08:55Z	
riscv-smmtt	71	QC suggestions for RC1 (some minor clarifications)	closed	2024-09-30T22:26:54Z	eckhard-delfs-qualcomm	2024-09-16T16:07:06Z	2024-09-30T22:26:54Z	
riscv-smmtt	58	described MTT lookup process	closed	2024-08-27T18:59:39Z	rsahita	2024-07-08T21:20:46Z	2024-08-27T18:59:39Z	
riscv-smmtt	53	Correct signs and explicitly clarify MTTL2 table sizes	closed	2024-07-02T07:35:42Z	grg-haas	2024-06-19T23:26:26Z	2024-07-02T07:35:42Z	
riscv-smmtt	55	Minor typos & improvement suggestions	closed	2024-07-02T07:16:42Z	eckhard-delfs-qualcomm	2024-06-20T12:13:49Z	2024-07-02T07:16:42Z	
riscv-smmtt	52	Adjust written value for SDIDMAX to match mttp register diagrams	closed	2024-07-02T07:16:10Z	grg-haas	2024-06-11T20:34:08Z	2024-07-02T07:16:11Z	
riscv-smmtt	54	Update chapter3.adoc	closed	eckhard-delfs-qualcomm	2024-06-20T11:42:40Z	2024-06-20T11:56:42Z		
riscv-smmtt	46	Clarification of external tracing	closed	2024-04-12T23:38:14Z	eckhard-delfs-qualcomm	2024-04-12T16:19:26Z	2024-06-20T11:56:17Z	
riscv-smmtt	48	smmtt updates per TG call on 4/30	closed	2024-05-29T23:00:19Z	rsahita	2024-05-13T23:12:27Z	2024-05-29T23:00:25Z	
riscv-smmtt	47	add glossary	closed	2024-04-25T04:38:45Z	rsahita	2024-04-24T23:00:30Z	2024-04-25T04:38:59Z	
riscv-smmtt	44	chapter2: plural 'accesses' with 'is'	closed	2024-04-11T06:17:16Z	xypron	2024-04-10T05:52:19Z	2024-04-11T06:17:16Z	
riscv-smmtt	43	chapter2: describe abbreviation RoT	closed	2024-04-11T06:16:59Z	xypron	2024-04-10T05:42:22Z	2024-04-11T06:17:00Z	
riscv-smmtt	35	Updates to Smsdedbg per issue 21 and 26	closed	2024-04-08T16:03:00Z	rsahita	2024-02-23T21:52:59Z	2024-04-08T16:03:05Z	
riscv-smmtt	41	Update to fig1 per issue 18	closed	2024-03-25T18:50:07Z	rsahita	2024-03-22T16:35:14Z	2024-03-25T18:50:07Z	
riscv-smmtt	39	Add CBQRI support for supervisor domains	closed	2024-03-21T05:17:25Z	ved-rivos	2024-03-05T20:59:05Z	2024-03-21T05:17:25Z	
riscv-smmtt	40	Enable delegation of any-supervisor-domain-external-interrupt-pending	closed	2024-03-21T05:13:37Z	ved-rivos	2024-03-19T13:53:44Z	2024-03-21T05:13:37Z	
riscv-smmtt	30	Add CBQRI support for supervisor domains	closed	ved-rivos	2024-02-19T20:08:24Z	2024-03-05T20:59:37Z		
riscv-smmtt	36	Update bibliography to use bibtex for all citations	closed	2024-02-26T00:45:11Z	rsahita	2024-02-25T22:00:25Z	2024-02-26T00:45:17Z	
riscv-smmtt	32	specifications: Typo fix in chapter 6	closed	2024-02-23T20:15:02Z	sameo	2024-02-22T08:10:07Z	2024-02-23T20:15:03Z	
riscv-smmtt	31	smmtt: Correct images path	closed	2024-02-20T18:35:04Z	sameo	2024-02-20T05:59:41Z	2024-02-20T18:35:04Z	
riscv-smmtt	29	Update sdedbgalw bit position	closed	2024-02-20T05:54:12Z	ved-rivos	2024-02-18T21:47:54Z	2024-02-20T05:54:12Z	
riscv-smmtt	28	Update IOMMU_ID and IOMTT SDID width to 8-bits	closed	2024-02-20T05:44:04Z	ved-rivos	2024-02-18T21:43:41Z	2024-02-20T05:44:05Z	
riscv-smmtt	25	Remove Svpams chapter (consider in future if needed)	closed	2024-02-07T20:52:23Z	rsahita	2024-02-07T02:48:38Z	2024-02-07T20:52:24Z	
riscv-smmtt	20	Address external debug issue #11	closed	2024-02-07T02:15:38Z	rsahita	2024-01-23T08:42:46Z	2024-02-07T02:15:39Z	
riscv-smmtt	19	Addressing issue #3	closed	2024-02-07T02:01:09Z	rsahita	2024-01-22T23:28:40Z	2024-02-07T02:01:09Z	
riscv-smmtt	17	Updates to chapter 7 - issue 16	closed	2024-01-22T22:25:57Z	ved-rivos	2024-01-15T15:11:40Z	2024-01-22T22:25:57Z	
riscv-smmtt	15	Proposed changes to mttp CSR	closed	2023-12-11T15:13:03Z	rsahita	2023-11-28T08:11:36Z	2023-12-11T22:39:22Z	
riscv-smmtt	14	Update Smsdia details	closed	2023-11-15T05:35:37Z	ved-rivos	2023-11-08T17:40:34Z	2023-11-15T05:35:38Z	
riscv-smmtt	9	Add outline of Smsdia: SD interrupt-file assignment	closed	2023-09-26T13:57:23Z	rsahita	2023-09-26T11:14:27Z	2023-09-26T13:57:23Z	
riscv-smmtt	8	Add a TOR match option to IOMTT	closed	2023-09-26T10:26:07Z	ved-rivos	2023-09-19T15:08:45Z	2023-09-26T10:26:07Z	
riscv-smmtt	6	Detect Docker robustly	closed	2023-09-26T10:18:24Z	a4lg	2023-09-12T02:04:33Z	2023-09-26T10:18:24Z	
riscv-smmtt	4	Add IOMTT chapter	closed	2023-09-05T08:23:19Z	ved-rivos	2023-09-04T22:57:23Z	2023-09-05T08:23:19Z	
riscv-smmtt	1	Upgrade GH Actions to build using the containerized solution	closed	2023-07-25T14:50:54Z	rpsene	2023-07-25T14:35:03Z	2023-07-25T14:50:54Z	
riscv-svvptc	138	Bump specification/docs-resources from `1d5bcd2` to `0904c8a`	closed	dependabot[bot]	2026-04-02T11:06:57Z	2026-04-28T11:09:04Z	dependencies;submodules	
riscv-svvptc	139	Bump specification/docs-resources from `1d5bcd2` to `47257de`	open	dependabot[bot]	2026-04-28T11:08:59Z	2026-04-28T11:09:00Z	dependencies;submodules	
riscv-svvptc	137	Bump specification/docs-resources from `1d5bcd2` to `a88e6af`	closed	dependabot[bot]	2026-03-31T11:07:13Z	2026-04-02T11:07:02Z	dependencies;submodules	
riscv-svvptc	136	Bump specification/docs-resources from `1d5bcd2` to `ed7a9df`	closed	dependabot[bot]	2026-03-30T11:44:15Z	2026-03-31T11:07:17Z	dependencies;submodules	
riscv-svvptc	135	Bump specification/docs-resources from `1d5bcd2` to `78567fd`	closed	dependabot[bot]	2026-03-27T11:06:41Z	2026-03-30T11:44:18Z	dependencies;submodules	
riscv-svvptc	134	Bump specification/docs-resources from `1d5bcd2` to `29879cc`	closed	dependabot[bot]	2026-03-26T11:07:42Z	2026-03-27T11:06:45Z	dependencies;submodules	
riscv-svvptc	133	Bump specification/docs-resources from `1d5bcd2` to `a9baab8`	closed	dependabot[bot]	2026-03-25T11:06:57Z	2026-03-26T11:07:47Z	dependencies;submodules	
riscv-svvptc	88	Bump docs-resources from `a41c354` to `0904c8a`	closed	dependabot[bot]	2026-04-01T21:26:10Z	2026-04-27T20:43:37Z	dependencies;submodules	
riscv-svvptc	89	Bump docs-resources from `a41c354` to `47257de`	open	dependabot[bot]	2026-04-27T20:43:32Z	2026-04-27T20:43:33Z	dependencies;submodules	
riscv-svvptc	87	Bump docs-resources from `a41c354` to `a88e6af`	closed	dependabot[bot]	2026-03-31T16:44:46Z	2026-04-01T21:26:15Z	dependencies;submodules	
riscv-svvptc	86	Bump docs-resources from `a41c354` to `ed7a9df`	closed	dependabot[bot]	2026-03-30T18:18:18Z	2026-03-31T16:44:51Z	dependencies;submodules	
riscv-svvptc	85	Bump docs-resources from `a41c354` to `78567fd`	closed	dependabot[bot]	2026-03-27T16:43:57Z	2026-03-30T18:18:22Z	dependencies;submodules	
riscv-svvptc	84	Bump docs-resources from `a41c354` to `29879cc`	closed	dependabot[bot]	2026-03-26T16:43:54Z	2026-03-27T16:44:02Z	dependencies;submodules	
riscv-svvptc	83	Bump docs-resources from `a41c354` to `a9baab8`	closed	dependabot[bot]	2026-03-25T16:48:30Z	2026-03-26T16:44:00Z	dependencies;submodules	
riscv-svvptc	82	Bump docs-resources from `a41c354` to `7d8a94b`	closed	dependabot[bot]	2026-03-24T16:44:09Z	2026-03-25T16:48:34Z	dependencies;submodules	
riscv-svvptc	81	Bump docs-resources from `a41c354` to `b387152`	closed	dependabot[bot]	2026-03-20T16:43:47Z	2026-03-24T16:44:14Z	dependencies;submodules	
riscv-svvptc	80	Bump docs-resources from `a41c354` to `286c2a7`	closed	dependabot[bot]	2026-03-19T16:44:49Z	2026-03-20T16:43:50Z	dependencies;submodules	
riscv-svvptc	79	Bump docs-resources from `a41c354` to `f0caa68`	closed	dependabot[bot]	2026-03-18T16:44:23Z	2026-03-19T16:44:53Z	dependencies;submodules	
riscv-svvptc	78	Bump docs-resources from `a41c354` to `cd4446b`	closed	dependabot[bot]	2026-03-17T16:44:21Z	2026-03-18T16:44:28Z	dependencies;submodules	
riscv-svvptc	77	Bump docs-resources from `a41c354` to `a73e1bd`	closed	dependabot[bot]	2026-03-16T17:32:04Z	2026-03-17T16:44:26Z	dependencies;submodules	
riscv-svvptc	76	Bump docs-resources from `a41c354` to `1108f25`	closed	dependabot[bot]	2026-03-12T16:44:21Z	2026-03-16T17:32:08Z	dependencies;submodules	
riscv-svvptc	75	Bump docs-resources from `a41c354` to `394d032`	closed	dependabot[bot]	2026-03-10T16:49:04Z	2026-03-12T16:44:25Z	dependencies;submodules	
riscv-svvptc	74	Bump docs-resources from `a41c354` to `f756855`	closed	dependabot[bot]	2026-03-09T18:29:45Z	2026-03-10T16:49:08Z	dependencies;submodules	
riscv-svvptc	72	Bump docs-resources from `a41c354` to `b024d67`	closed	dependabot[bot]	2026-02-27T16:44:09Z	2026-03-09T18:29:49Z	dependencies;submodules	
riscv-svvptc	73	Use ghcr.io/riscv/riscv-docs-base-container-image:latest	closed	2026-03-06T17:02:08Z	rpsene	2026-03-06T14:28:35Z	2026-03-06T17:02:08Z	
riscv-svvptc	71	Bump docs-resources from `a41c354` to `9069637`	closed	dependabot[bot]	2026-02-20T16:44:30Z	2026-02-27T16:44:14Z	dependencies;submodules	
riscv-svvptc	70	Bump docs-resources from `a41c354` to `1666258`	closed	dependabot[bot]	2026-02-18T16:51:10Z	2026-02-20T16:44:35Z	dependencies;submodules	
riscv-svvptc	69	Bump docs-resources from `a41c354` to `c066d8f`	closed	dependabot[bot]	2026-02-17T16:45:31Z	2026-02-18T16:51:15Z	dependencies;submodules	
riscv-svvptc	68	Bump docs-resources from `be002f1` to `a41c354`	closed	2026-02-16T18:03:33Z	dependabot[bot]	2026-02-16T17:45:30Z	2026-02-16T18:03:40Z	dependencies;submodules
riscv-svvptc	67	Bump docs-resources from `be002f1` to `40aed03`	closed	dependabot[bot]	2026-02-09T20:07:26Z	2026-02-16T17:45:34Z	dependencies;submodules	
riscv-svvptc	66	Bump docs-resources from `be002f1` to `7a9931f`	closed	dependabot[bot]	2026-02-05T16:44:28Z	2026-02-09T20:07:31Z	dependencies;submodules	
riscv-svvptc	65	Bump docs-resources from `edf32fb` to `be002f1`	closed	2026-01-30T17:05:40Z	dependabot[bot]	2026-01-30T16:43:53Z	2026-01-30T17:05:48Z	dependencies;submodules
riscv-svvptc	64	Bump docs-resources from `edf32fb` to `b5eaf50`	closed	dependabot[bot]	2025-12-29T16:11:41Z	2026-01-30T16:43:59Z	dependencies;submodules	
riscv-svvptc	63	Bump docs-resources from `098f02b` to `edf32fb`	closed	2025-12-19T20:12:26Z	dependabot[bot]	2025-12-19T16:10:17Z	2025-12-19T20:12:35Z	dependencies;submodules
riscv-svvptc	62	Bump docs-resources from `098f02b` to `d644eb9`	closed	dependabot[bot]	2025-12-11T16:13:44Z	2025-12-19T16:10:21Z	dependencies;submodules	
riscv-svvptc	61	Bump docs-resources from `098f02b` to `75d6a61`	closed	dependabot[bot]	2025-12-10T16:14:36Z	2025-12-11T16:13:48Z	dependencies;submodules	
riscv-svvptc	60	Bump docs-resources from `098f02b` to `cdc5c1c`	closed	dependabot[bot]	2025-12-09T16:13:51Z	2025-12-10T16:14:42Z	dependencies;submodules	
riscv-svvptc	59	Bump docs-resources from `098f02b` to `08bdece`	closed	dependabot[bot]	2025-12-08T16:14:27Z	2025-12-09T16:13:55Z	dependencies;submodules	
riscv-svvptc	58	Bump docs-resources from `098f02b` to `8bd1a63`	closed	dependabot[bot]	2025-12-04T16:17:19Z	2025-12-08T16:14:31Z	dependencies;submodules	
riscv-svvptc	57	Bump docs-resources from `098f02b` to `8bda051`	closed	dependabot[bot]	2025-12-03T16:16:23Z	2025-12-04T16:17:24Z	dependencies;submodules	
riscv-svvptc	56	Bump docs-resources from `098f02b` to `116d24e`	closed	dependabot[bot]	2025-12-02T16:15:39Z	2025-12-03T16:16:27Z	dependencies;submodules	
riscv-svvptc	55	Bump docs-resources from `098f02b` to `22a17b0`	closed	dependabot[bot]	2025-11-28T16:09:41Z	2025-12-02T16:15:43Z	dependencies;submodules	
riscv-svvptc	54	Bump docs-resources from `098f02b` to `19d71fa`	closed	dependabot[bot]	2025-11-27T16:14:55Z	2025-11-28T16:09:45Z	dependencies;submodules	
riscv-svvptc	53	Bump docs-resources from `098f02b` to `49eff17`	closed	dependabot[bot]	2025-11-24T16:53:55Z	2025-11-27T16:14:58Z	dependencies;submodules	
riscv-svvptc	52	Bump docs-resources from `098f02b` to `1660fd9`	closed	dependabot[bot]	2025-11-18T16:14:45Z	2025-11-24T16:53:59Z	dependencies;submodules	
riscv-svvptc	51	Bump docs-resources from `098f02b` to `8e51e9f`	closed	dependabot[bot]	2025-11-14T16:14:03Z	2025-11-18T16:14:50Z	dependencies;submodules	
riscv-svvptc	50	Bump docs-resources from `098f02b` to `707d21c`	closed	dependabot[bot]	2025-11-13T16:17:46Z	2025-11-14T16:14:07Z	dependencies;submodules	
riscv-svvptc	49	Bump docs-resources from `8b88469` to `098f02b`	closed	2025-11-11T16:24:13Z	dependabot[bot]	2025-11-11T16:15:22Z	2025-11-11T16:24:20Z	dependencies;submodules
riscv-svvptc	48	Bump docs-resources from `8b88469` to `40844de`	closed	dependabot[bot]	2025-11-10T18:13:37Z	2025-11-11T16:15:26Z	dependencies;submodules	
riscv-svvptc	47	Bump docs-resources from `8b88469` to `3e01674`	closed	dependabot[bot]	2025-11-07T16:13:24Z	2025-11-10T18:13:41Z	dependencies;submodules	
riscv-svvptc	46	Bump docs-resources from `8b88469` to `75c71b5`	closed	dependabot[bot]	2025-11-03T17:14:16Z	2025-11-07T16:13:27Z	dependencies;submodules	
riscv-svvptc	45	Bump docs-resources from `07ae7be` to `8b88469`	closed	2025-10-29T16:25:01Z	dependabot[bot]	2025-10-29T16:12:59Z	2025-10-29T16:25:10Z	dependencies;submodules
riscv-svvptc	44	Bump docs-resources from `ff1e5eb` to `07ae7be`	closed	2025-10-28T19:59:42Z	dependabot[bot]	2025-10-28T16:17:06Z	2025-10-28T19:59:49Z	dependencies;submodules
riscv-svvptc	43	Bump docs-resources from `ff1e5eb` to `4b6af80`	closed	dependabot[bot]	2025-10-20T16:36:38Z	2025-10-28T16:17:10Z	dependencies;submodules	
riscv-svvptc	42	Bump docs-resources from `ff1e5eb` to `14a3283`	closed	dependabot[bot]	2025-10-17T16:11:42Z	2025-10-20T16:36:42Z	dependencies;submodules	
riscv-svvptc	41	Bump docs-resources from `ff1e5eb` to `2f436fa`	closed	dependabot[bot]	2025-10-16T16:13:29Z	2025-10-17T16:11:46Z	dependencies;submodules	
riscv-svvptc	40	Bump docs-resources from `ff1e5eb` to `d71e312`	closed	dependabot[bot]	2025-10-13T16:30:42Z	2025-10-16T16:13:34Z	dependencies;submodules	
riscv-svvptc	39	Bump docs-resources from `ff1e5eb` to `c90c0bf`	closed	dependabot[bot]	2025-10-02T16:11:56Z	2025-10-13T16:30:47Z	dependencies;submodules	
riscv-svvptc	38	Bump docs-resources from `a0a938e` to `ff1e5eb`	closed	2025-09-30T17:29:10Z	dependabot[bot]	2025-09-30T16:35:31Z	2025-09-30T17:29:18Z	dependencies;submodules
riscv-svvptc	37	Bump docs-resources from `a0a938e` to `6ef1a1f`	closed	dependabot[bot]	2025-09-18T16:15:29Z	2025-09-30T16:35:35Z	dependencies;submodules	
riscv-svvptc	36	Bump docs-resources from `6124035` to `a0a938e`	closed	2025-09-17T16:15:20Z	dependabot[bot]	2025-09-17T16:14:24Z	2025-09-17T16:15:28Z	dependencies;submodules
riscv-svvptc	35	Bump docs-resources from `3a40e07` to `6124035`	closed	2025-09-11T16:34:50Z	dependabot[bot]	2025-09-11T16:14:30Z	2025-09-11T16:34:57Z	dependencies;submodules
riscv-svvptc	34	Bump docs-resources from `3a40e07` to `c71d56b`	closed	dependabot[bot]	2025-09-10T16:14:32Z	2025-09-11T16:14:35Z	dependencies;submodules	
riscv-svvptc	33	Bump docs-resources from `3a40e07` to `1fb9a74`	closed	dependabot[bot]	2025-09-09T16:13:34Z	2025-09-10T16:14:36Z	dependencies;submodules	
riscv-svvptc	32	Bump docs-resources from `3a40e07` to `d7974ea`	closed	dependabot[bot]	2025-09-04T01:18:00Z	2025-09-09T16:13:38Z	dependencies;submodules	
riscv-svvptc	31	Bump docs-resources from `45d29d9` to `3a40e07`	closed	2025-07-24T16:58:04Z	dependabot[bot]	2025-07-24T16:21:18Z	2025-07-24T16:58:12Z	dependencies;submodules
riscv-svvptc	30	Bump docs-resources from `45d29d9` to `36f09ee`	closed	dependabot[bot]	2025-07-23T16:26:59Z	2025-07-24T16:21:21Z	dependencies;submodules	
riscv-svvptc	29	Bump docs-resources from `ab24eec` to `45d29d9`	closed	2025-07-20T15:15:21Z	dependabot[bot]	2025-07-17T16:19:49Z	2025-07-20T15:15:28Z	dependencies;submodules
riscv-svvptc	28	Bump docs-resources from `1d5bcd2` to `ab24eec`	closed	2025-07-09T18:15:44Z	dependabot[bot]	2025-07-09T16:54:55Z	2025-07-09T18:15:53Z	dependencies;submodules
riscv-svvptc	27	Bump docs-resources from `1d5bcd2` to `f38f756`	closed	dependabot[bot]	2025-06-16T18:19:17Z	2025-07-09T16:54:59Z	dependencies;submodules	
riscv-svvptc	26	Bump docs-resources from `1d5bcd2` to `7558472`	closed	dependabot[bot]	2025-05-08T16:24:28Z	2025-06-16T18:19:21Z	dependencies;submodules	
riscv-svvptc	25	Bump docs-resources from `62576cd` to `1d5bcd2`	closed	2025-02-19T19:25:54Z	dependabot[bot]	2025-02-19T17:27:21Z	2025-02-19T19:26:01Z	dependencies
riscv-svvptc	24	Bump docs-resources from `a76dd1d` to `62576cd`	closed	2024-12-18T16:16:45Z	dependabot[bot]	2024-12-18T16:15:58Z	2024-12-18T16:16:53Z	dependencies
riscv-svvptc	23	Bump docs-resources from `1456c0d` to `a76dd1d`	closed	2024-12-11T16:19:59Z	dependabot[bot]	2024-12-11T16:18:01Z	2024-12-11T16:20:08Z	dependencies
riscv-svvptc	22	Bump docs-resources from `8abc934` to `1456c0d`	closed	2024-12-10T15:30:17Z	dependabot[bot]	2024-12-10T15:30:07Z	2024-12-10T15:30:26Z	dependencies
riscv-svvptc	21	add dependabot to create PR to update the submodules to latest	closed	2024-12-10T15:29:26Z	ghost	2024-12-10T04:12:40Z	2024-12-10T15:29:26Z	
riscv-svvptc	19	Update to ratified state	closed	2024-06-29T13:33:23Z	ved-rivos	2024-06-29T13:33:17Z	2024-06-29T13:33:23Z	
riscv-svvptc	18	harts -> hart's	closed	2024-05-23T16:10:32Z	ved-rivos	2024-05-23T16:10:24Z	2024-05-23T16:10:32Z	
riscv-svvptc	17	add hart to qualify caches	closed	2024-05-23T12:10:21Z	ved-rivos	2024-05-23T12:10:15Z	2024-05-23T12:10:22Z	
riscv-svvptc	16	Updates from TSC review	closed	2024-05-23T11:11:56Z	ved-rivos	2024-05-23T11:11:25Z	2024-05-23T11:11:56Z	
riscv-svvptc	14	update to frozen state	closed	2024-03-08T22:45:15Z	ved-rivos	2024-03-08T22:39:49Z	2024-03-08T22:45:16Z	
riscv-svvptc	12	Clarify visibility	closed	2024-02-20T13:08:12Z	ved-rivos	2024-02-16T18:28:13Z	2024-02-20T13:08:12Z	
riscv-svvptc	11	Fix typo in my name: Alexander -> Alexandre	closed	2024-02-11T14:36:04Z	AlexGhiti	2024-02-11T14:33:18Z	2024-02-11T14:36:27Z	
riscv-svvptc	10	AR review updates	closed	2024-02-08T23:33:18Z	ved-rivos	2024-02-08T23:33:11Z	2024-02-08T23:33:18Z	
riscv-svvptc	8	update copyright and contributors	closed	2024-01-29T15:06:26Z	ved-rivos	2024-01-29T15:04:33Z	2024-01-29T15:06:26Z	
riscv-svvptc	7	updated language	closed	2024-01-17T19:21:40Z	ved-rivos	2024-01-17T19:21:24Z	2024-01-17T19:21:40Z	
riscv-svvptc	6	Reword to remove ATC references	closed	2024-01-17T02:05:57Z	ved-rivos	2024-01-17T02:05:46Z	2024-01-17T02:05:57Z	
riscv-svvptc	5	Fix heading	closed	2024-01-15T13:31:12Z	Gorvah	2024-01-14T22:17:16Z	2024-01-15T15:14:54Z	
riscv-svvptc	4	edit update	closed	2024-01-14T18:36:41Z	ved-rivos	2024-01-14T18:34:33Z	2024-01-14T18:36:41Z	
riscv-svvptc	3	remove non-needed files	closed	2024-01-04T18:30:42Z	ved-rivos	2024-01-04T18:30:33Z	2024-01-04T18:30:42Z	
riscv-svvptc	2	wording updates	closed	2024-01-04T18:28:15Z	ved-rivos	2024-01-04T18:28:06Z	2024-01-04T18:28:15Z	
riscv-svvptc	1	Initial version	closed	2023-12-27T21:10:40Z	ved-rivos	2023-12-27T21:06:28Z	2023-12-27T21:10:40Z	
riscv-security-model	138	Bump specification/docs-resources from `1d5bcd2` to `0904c8a`	closed	dependabot[bot]	2026-04-02T11:06:57Z	2026-04-28T11:09:04Z	dependencies;submodules	
riscv-security-model	139	Bump specification/docs-resources from `1d5bcd2` to `47257de`	open	dependabot[bot]	2026-04-28T11:08:59Z	2026-04-28T11:09:00Z	dependencies;submodules	
riscv-security-model	137	Bump specification/docs-resources from `1d5bcd2` to `a88e6af`	closed	dependabot[bot]	2026-03-31T11:07:13Z	2026-04-02T11:07:02Z	dependencies;submodules	
riscv-security-model	136	Bump specification/docs-resources from `1d5bcd2` to `ed7a9df`	closed	dependabot[bot]	2026-03-30T11:44:15Z	2026-03-31T11:07:17Z	dependencies;submodules	
riscv-security-model	135	Bump specification/docs-resources from `1d5bcd2` to `78567fd`	closed	dependabot[bot]	2026-03-27T11:06:41Z	2026-03-30T11:44:18Z	dependencies;submodules	
riscv-security-model	134	Bump specification/docs-resources from `1d5bcd2` to `29879cc`	closed	dependabot[bot]	2026-03-26T11:07:42Z	2026-03-27T11:06:45Z	dependencies;submodules	
riscv-security-model	133	Bump specification/docs-resources from `1d5bcd2` to `a9baab8`	closed	dependabot[bot]	2026-03-25T11:06:57Z	2026-03-26T11:07:47Z	dependencies;submodules	
riscv-security-model	132	Bump specification/docs-resources from `1d5bcd2` to `b387152`	closed	dependabot[bot]	2026-03-20T11:06:35Z	2026-03-25T11:07:01Z	dependencies;submodules	
riscv-security-model	123	Add Worlds to the isolation section	closed	2026-03-19T14:43:47Z	lfiolhais	2026-03-18T14:17:53Z	2026-03-24T16:45:00Z	
riscv-security-model	131	Correct misspells and typos	closed	2026-03-20T16:33:59Z	pathakraul	2026-03-20T09:54:48Z	2026-03-20T16:33:59Z	
riscv-security-model	125	Adellow  post arc rework v2	closed	2026-03-20T16:31:17Z	andrewdellow	2026-03-19T14:46:45Z	2026-03-20T16:31:23Z	
riscv-security-model	104	Update chapter3.adoc	closed	2026-03-06T11:09:46Z	andrewdellow	2026-02-05T12:32:10Z	2026-03-20T11:23:18Z	
riscv-security-model	113	Update GitHub Actions to requested versions	closed	2026-03-20T11:21:48Z	rpsene	2026-03-06T21:43:40Z	2026-03-20T11:21:48Z	
riscv-security-model	124	Bump specification/docs-resources from `1d5bcd2` to `286c2a7`	closed	dependabot[bot]	2026-03-19T11:07:02Z	2026-03-20T11:06:39Z	dependencies;submodules	
riscv-security-model	130	Update chapter3.adoc	closed	2026-03-19T16:10:24Z	andrewdellow	2026-03-19T16:10:07Z	2026-03-19T16:10:28Z	
riscv-security-model	110	Update chapter4.adoc	closed	2026-03-19T15:39:24Z	andrewdellow	2026-03-06T13:34:22Z	2026-03-19T15:39:34Z	
riscv-security-model	129	Update chapter4.adoc	closed	2026-03-19T15:38:18Z	andrewdellow	2026-03-19T15:33:02Z	2026-03-19T15:38:26Z	
riscv-security-model	128	Update chapter3.adoc	closed	2026-03-19T15:37:28Z	andrewdellow	2026-03-19T15:29:23Z	2026-03-19T15:37:34Z	
riscv-security-model	127	Update chapter1.adoc	closed	2026-03-19T15:36:01Z	andrewdellow	2026-03-19T15:15:42Z	2026-03-19T15:36:06Z	
riscv-security-model	126	Update chapter2.adoc	closed	2026-03-19T15:34:53Z	andrewdellow	2026-03-19T15:10:35Z	2026-03-19T15:35:13Z	
riscv-security-model	120	Bump specification/docs-resources from `1d5bcd2` to `f0caa68`	closed	dependabot[bot]	2026-03-18T11:07:25Z	2026-03-19T11:07:07Z	dependencies;submodules	
riscv-security-model	119	Bump specification/docs-resources from `1d5bcd2` to `f32e76d`	closed	dependabot[bot]	2026-03-17T11:07:12Z	2026-03-18T11:07:29Z	dependencies;submodules	
riscv-security-model	118	Bump specification/docs-resources from `1d5bcd2` to `a73e1bd`	closed	dependabot[bot]	2026-03-16T11:24:23Z	2026-03-17T11:07:17Z	dependencies;submodules	
riscv-security-model	117	Bump specification/docs-resources from `1d5bcd2` to `1108f25`	closed	dependabot[bot]	2026-03-12T11:07:22Z	2026-03-16T11:24:27Z	dependencies;submodules	
riscv-security-model	116	Bump specification/docs-resources from `1d5bcd2` to `394d032`	closed	dependabot[bot]	2026-03-11T11:07:44Z	2026-03-12T11:07:26Z	dependencies;submodules	
riscv-security-model	115	Bump specification/docs-resources from `1d5bcd2` to `d245338`	closed	dependabot[bot]	2026-03-10T11:08:08Z	2026-03-11T11:07:48Z	dependencies;submodules	
riscv-security-model	114	Bump specification/docs-resources from `1d5bcd2` to `f756855`	closed	dependabot[bot]	2026-03-09T11:41:24Z	2026-03-10T11:08:13Z	dependencies;submodules	
riscv-security-model	109	Bump specification/docs-resources from `1d5bcd2` to `b024d67`	closed	dependabot[bot]	2026-03-06T10:44:12Z	2026-03-09T11:41:28Z	dependencies;submodules	
riscv-security-model	112	Post ARC Review bulk updates (#111)	closed	2026-03-06T15:21:57Z	andrewdellow	2026-03-06T15:04:13Z	2026-03-06T15:21:57Z	
riscv-security-model	111	Post ARC Review bulk updates	closed	2026-03-06T15:00:01Z	andrewdellow	2026-03-06T14:51:32Z	2026-03-06T15:00:02Z	
riscv-security-model	108	Andrewdellow patch 4	closed	2026-03-06T11:23:42Z	andrewdellow	2026-02-27T15:56:53Z	2026-03-06T11:23:48Z	
riscv-security-model	103	Bump specification/docs-resources from `1d5bcd2` to `7a9931f`	closed	dependabot[bot]	2026-02-05T11:06:34Z	2026-03-06T10:44:18Z	dependencies;submodules	
riscv-security-model	105	Update chapter3.adoc	closed	2026-02-20T15:57:43Z	andrewdellow	2026-02-05T12:35:58Z	2026-02-20T15:57:44Z	
riscv-security-model	106	Update chapter4.adoc	closed	2026-02-20T15:57:14Z	andrewdellow	2026-02-05T12:36:17Z	2026-02-20T15:57:15Z	
riscv-security-model	107	Update chapter3.adoc	closed	2026-02-05T13:44:41Z	andrewdellow	2026-02-05T13:41:44Z	2026-02-05T13:44:41Z	
riscv-security-model	102	Bump specification/docs-resources from `1d5bcd2` to `be002f1`	closed	dependabot[bot]	2026-01-30T11:06:18Z	2026-02-05T11:06:38Z	dependencies;submodules	
riscv-security-model	101	Bump specification/docs-resources from `1d5bcd2` to `b5eaf50`	closed	dependabot[bot]	2025-12-29T11:14:29Z	2026-01-30T11:06:23Z	dependencies;submodules	
riscv-security-model	100	Bump specification/docs-resources from `1d5bcd2` to `edf32fb`	closed	dependabot[bot]	2025-12-18T11:16:49Z	2025-12-29T11:14:32Z	dependencies;submodules	
riscv-security-model	99	Bump specification/docs-resources from `1d5bcd2` to `d644eb9`	closed	dependabot[bot]	2025-12-12T11:15:22Z	2025-12-18T11:16:53Z	dependencies;submodules	
riscv-security-model	98	Bump specification/docs-resources from `1d5bcd2` to `75d6a61`	closed	dependabot[bot]	2025-12-10T11:14:25Z	2025-12-12T11:15:27Z	dependencies;submodules	
riscv-security-model	97	Bump specification/docs-resources from `1d5bcd2` to `cdc5c1c`	closed	dependabot[bot]	2025-12-09T11:13:33Z	2025-12-10T11:14:29Z	dependencies;submodules	
riscv-security-model	96	Bump specification/docs-resources from `1d5bcd2` to `08bdece`	closed	dependabot[bot]	2025-12-08T11:15:46Z	2025-12-09T11:13:38Z	dependencies;submodules	
riscv-security-model	95	Bump specification/docs-resources from `1d5bcd2` to `8bd1a63`	closed	dependabot[bot]	2025-12-05T11:15:34Z	2025-12-08T11:15:50Z	dependencies;submodules	
riscv-security-model	94	Bump specification/docs-resources from `1d5bcd2` to `8bda051`	closed	dependabot[bot]	2025-12-04T11:19:05Z	2025-12-05T11:15:39Z	dependencies;submodules	
riscv-security-model	93	Bump specification/docs-resources from `1d5bcd2` to `36dcc26`	closed	dependabot[bot]	2025-12-03T11:17:47Z	2025-12-04T11:19:09Z	dependencies;submodules	
riscv-security-model	92	Bump specification/docs-resources from `1d5bcd2` to `116d24e`	closed	dependabot[bot]	2025-12-02T11:13:07Z	2025-12-03T11:17:51Z	dependencies;submodules	
riscv-security-model	91	Bump specification/docs-resources from `1d5bcd2` to `22a17b0`	closed	dependabot[bot]	2025-11-28T11:15:39Z	2025-12-02T11:13:13Z	dependencies;submodules	
riscv-security-model	90	Bump specification/docs-resources from `1d5bcd2` to `824bd66`	closed	dependabot[bot]	2025-11-27T11:14:40Z	2025-11-28T11:15:43Z	dependencies;submodules	
riscv-security-model	89	Bump specification/docs-resources from `1d5bcd2` to `49eff17`	closed	dependabot[bot]	2025-11-24T12:04:46Z	2025-11-27T11:14:44Z	dependencies;submodules	
riscv-security-model	88	Bump specification/docs-resources from `1d5bcd2` to `1660fd9`	closed	dependabot[bot]	2025-11-18T11:16:22Z	2025-11-24T12:04:50Z	dependencies;submodules	
riscv-security-model	87	Bump specification/docs-resources from `1d5bcd2` to `8e51e9f`	closed	dependabot[bot]	2025-11-14T11:15:49Z	2025-11-18T11:16:26Z	dependencies;submodules	
riscv-security-model	86	Bump specification/docs-resources from `1d5bcd2` to `707d21c`	closed	dependabot[bot]	2025-11-13T11:16:23Z	2025-11-14T11:15:53Z	dependencies;submodules	
riscv-security-model	85	Bump specification/docs-resources from `1d5bcd2` to `098f02b`	closed	dependabot[bot]	2025-11-11T11:15:37Z	2025-11-13T11:16:27Z	dependencies;submodules	
riscv-security-model	84	Bump specification/docs-resources from `1d5bcd2` to `40844de`	closed	dependabot[bot]	2025-11-10T12:07:54Z	2025-11-11T11:15:41Z	dependencies;submodules	
riscv-security-model	83	Bump specification/docs-resources from `1d5bcd2` to `3e01674`	closed	dependabot[bot]	2025-11-07T11:14:56Z	2025-11-10T12:07:59Z	dependencies;submodules	
riscv-security-model	82	Bump specification/docs-resources from `1d5bcd2` to `75c71b5`	closed	dependabot[bot]	2025-11-03T11:22:07Z	2025-11-07T11:15:00Z	dependencies;submodules	
riscv-security-model	81	Bump specification/docs-resources from `1d5bcd2` to `8b88469`	closed	dependabot[bot]	2025-10-29T11:17:07Z	2025-11-03T11:22:11Z	dependencies;submodules	
riscv-security-model	80	Bump specification/docs-resources from `1d5bcd2` to `07ae7be`	closed	dependabot[bot]	2025-10-28T11:17:44Z	2025-10-29T11:17:10Z	dependencies;submodules	
riscv-security-model	78	Bump specification/docs-resources from `1d5bcd2` to `4b6af80`	closed	dependabot[bot]	2025-10-20T12:17:26Z	2025-10-28T11:17:47Z	dependencies;submodules	
riscv-security-model	77	Bump specification/docs-resources from `1d5bcd2` to `14a3283`	closed	dependabot[bot]	2025-10-17T11:29:41Z	2025-10-20T12:17:30Z	dependencies;submodules	
riscv-security-model	76	Bump specification/docs-resources from `1d5bcd2` to `2f436fa`	closed	dependabot[bot]	2025-10-16T11:15:01Z	2025-10-17T11:29:45Z	dependencies;submodules	
riscv-security-model	75	Bump specification/docs-resources from `1d5bcd2` to `d71e312`	closed	dependabot[bot]	2025-10-13T11:51:21Z	2025-10-16T11:15:05Z	dependencies;submodules	
riscv-security-model	73	Bump specification/docs-resources from `1d5bcd2` to `c90c0bf`	closed	dependabot[bot]	2025-10-02T11:15:40Z	2025-10-13T11:51:26Z	dependencies;submodules	
riscv-security-model	72	Bump specification/docs-resources from `1d5bcd2` to `ff1e5eb`	closed	dependabot[bot]	2025-09-30T11:19:22Z	2025-10-02T11:15:44Z	dependencies;submodules	
riscv-security-model	70	Bump specification/docs-resources from `1d5bcd2` to `6ef1a1f`	closed	dependabot[bot]	2025-09-18T11:14:50Z	2025-09-30T11:19:26Z	dependencies;submodules	
riscv-security-model	69	Bump specification/docs-resources from `1d5bcd2` to `a0a938e`	closed	dependabot[bot]	2025-09-17T11:18:11Z	2025-09-18T11:14:54Z	dependencies;submodules	
riscv-security-model	68	Bump specification/docs-resources from `1d5bcd2` to `6124035`	closed	dependabot[bot]	2025-09-12T11:12:46Z	2025-09-17T11:18:15Z	dependencies;submodules	
riscv-security-model	67	Bump specification/docs-resources from `1d5bcd2` to `c71d56b`	closed	dependabot[bot]	2025-09-11T11:13:44Z	2025-09-12T11:12:50Z	dependencies;submodules	
riscv-security-model	66	Bump specification/docs-resources from `1d5bcd2` to `1fb9a74`	closed	dependabot[bot]	2025-09-09T11:14:41Z	2025-09-11T11:13:48Z	dependencies;submodules	
riscv-security-model	65	Bump specification/docs-resources from `1d5bcd2` to `d7974ea`	closed	dependabot[bot]	2025-09-04T13:35:30Z	2025-09-09T11:14:45Z	dependencies;submodules	
riscv-security-model	64	Bump specification/docs-resources from `1d5bcd2` to `48beddb`	closed	dependabot[bot]	2025-09-04T01:41:36Z	2025-09-04T13:35:34Z	dependencies;submodules	
riscv-security-model	63	Bump specification/docs-resources from `1d5bcd2` to `3a40e07`	closed	dependabot[bot]	2025-07-24T11:30:59Z	2025-09-04T01:41:39Z	dependencies;submodules	
riscv-security-model	62	Bump specification/docs-resources from `1d5bcd2` to `36f09ee`	closed	dependabot[bot]	2025-07-23T11:50:04Z	2025-07-24T11:31:03Z	dependencies;submodules	
riscv-security-model	61	Bump specification/docs-resources from `1d5bcd2` to `45d29d9`	closed	dependabot[bot]	2025-07-18T12:09:53Z	2025-07-23T11:50:08Z	dependencies;submodules	
riscv-security-model	60	Bump specification/docs-resources from `1d5bcd2` to `ab24eec`	closed	dependabot[bot]	2025-07-09T12:07:25Z	2025-07-18T12:09:56Z	dependencies;submodules	
riscv-security-model	59	Bump specification/docs-resources from `1d5bcd2` to `f38f756`	closed	dependabot[bot]	2025-06-17T11:20:27Z	2025-07-09T12:07:29Z	dependencies;submodules	
riscv-security-model	58	Bump specification/docs-resources from `1d5bcd2` to `7558472`	closed	dependabot[bot]	2025-05-09T12:00:33Z	2025-06-17T11:20:31Z	dependencies;submodules	
riscv-security-model	57	add link to doc containing mapping of building blocks to spec & code refs	closed	2025-03-27T23:50:50Z	rsahita	2025-03-27T16:25:48Z	2025-03-27T23:50:57Z	
riscv-security-model	55	 post arc review modifications	closed	2025-03-26T11:17:56Z	andrewdellow	2025-03-13T10:50:50Z	2025-03-26T11:17:56Z	
riscv-security-model	56	Updated chapter 2 to fold lines - minor typos addressed	closed	rsahita	2025-03-13T17:39:18Z	2025-03-25T15:24:51Z		
riscv-security-model	50	T_PHY_002 modified to address explicitely fault injection attacks	closed	2025-03-13T10:45:31Z	ronan-lashermes	2025-03-06T15:20:57Z	2025-03-13T10:45:31Z	
riscv-security-model	54	Folded chapter 1 and fixed minor typos	closed	2025-03-12T09:20:36Z	rsahita	2025-03-11T20:33:48Z	2025-03-12T09:20:37Z	
riscv-security-model	53	minor changes that were posted as PRs to the main branch	closed	2025-03-11T20:27:24Z	rsahita	2025-03-11T20:25:15Z	2025-03-11T20:27:24Z	
riscv-security-model	52	sync with other commits into main 	closed	2025-03-11T17:52:37Z	rsahita	2025-03-11T17:46:28Z	2025-03-11T17:52:37Z	
riscv-security-model	51	fix wrong image location	closed	2025-03-11T17:43:15Z	jyao1	2025-03-10T02:46:09Z	2025-03-11T17:43:15Z	
riscv-security-model	48	Bump specification/docs-resources from `d7a4606` to `1d5bcd2`	closed	2025-03-11T17:34:09Z	dependabot[bot]	2025-02-19T13:10:46Z	2025-03-11T17:34:16Z	dependencies
riscv-security-model	47	Bump specification/docs-resources from `d7a4606` to `62576cd`	closed	dependabot[bot]	2025-01-28T18:16:52Z	2025-02-19T13:10:50Z	dependencies	
riscv-security-model	45	add dependabot to create PR to update the submodules to latest	closed	2025-01-28T18:16:12Z	ghost	2024-12-10T04:00:49Z	2025-01-28T18:16:12Z	
riscv-security-model	43	Update chapter2.adoc	closed	2024-11-25T14:50:24Z	andrewdellow	2024-09-24T10:16:28Z	2025-01-03T11:32:26Z	
riscv-security-model	36	Nw ch2 boot attack enhancement	closed	2024-07-30T16:35:19Z	NicholasWoodIMG	2024-06-04T14:32:34Z	2024-07-30T16:35:19Z	
riscv-security-model	38	Update theme.	closed	2024-07-30T16:17:42Z	wmat	2024-06-12T14:17:54Z	2024-07-30T16:17:42Z	
riscv-security-model	35	Chapter 1 PoC fix.	closed	2024-07-25T16:41:26Z	NicholasWoodIMG	2024-06-04T13:36:05Z	2024-07-25T16:41:26Z	
riscv-security-model	39	New section "architectural storage" in chapter 3.	closed	2024-07-25T16:38:23Z	NicholasWoodIMG	2024-06-28T11:11:02Z	2024-07-25T16:38:23Z	
riscv-security-model	34	Clarifications to intro section regarding scope and "get out of jail"…	closed	2024-05-28T22:45:05Z	NicholasWoodIMG	2024-05-24T12:02:05Z	2024-05-28T22:45:11Z	
riscv-security-model	33	Update build path	closed	2024-05-21T20:52:44Z	rpsene	2024-05-21T20:48:45Z	2024-05-21T20:52:44Z	
riscv-security-model	32	Update header.adoc version to 0.3 and update date to 5/24	closed	2024-05-21T10:54:35Z	rsahita	2024-05-20T23:14:32Z	2024-05-21T10:54:35Z	
riscv-security-model	31	Nwood cleanup	closed	2024-05-20T23:12:13Z	NicholasWoodIMG	2024-05-14T10:18:15Z	2024-05-20T23:12:23Z	
riscv-security-model	29	SiFive feedback	closed	2024-05-13T17:08:34Z	robin-randhawa-sifive	2024-04-22T18:03:12Z	2024-05-13T17:08:34Z	
riscv-security-model	30	Update contributors	closed	2024-05-11T02:04:02Z	rsahita	2024-05-07T18:44:09Z	2024-05-11T02:04:07Z	
riscv-security-model	28	Update chapter3.adoc	closed	2024-04-15T17:58:33Z	elliops	2024-03-14T17:11:29Z	2024-04-15T17:58:37Z	
riscv-security-model	26	QCom Fixes and clarifications	closed	2024-03-14T18:14:33Z	NicholasWoodIMG	2024-03-04T15:09:15Z	2024-03-14T18:14:34Z	
riscv-security-model	24	Minor spelling fixes	closed	2024-03-05T05:48:09Z	steven-bellock	2024-02-13T22:06:20Z	2024-03-05T05:48:09Z	
riscv-security-model	21	Spelling nits	closed	2024-01-24T21:50:08Z	andreiw	2024-01-24T17:13:15Z	2024-01-24T21:50:08Z	
riscv-security-model	20	CH2: Added memory safety entry to adversarial model (logical attacks).	closed	2024-01-16T17:47:13Z	NicholasWoodIMG	2024-01-15T11:10:06Z	2024-01-16T17:47:13Z	
riscv-security-model	13	fix typo	closed	axel-h	2023-12-02T16:45:23Z	2023-12-15T00:02:00Z		
riscv-security-model	19	First draft chapter 5 for review	closed	2023-12-14T19:42:34Z	NicholasWoodIMG	2023-12-12T12:25:27Z	2023-12-14T19:42:34Z	
riscv-security-model	7	Section 2D Progress Tracking	closed	lfiolhais	2023-10-27T16:11:36Z	2023-12-14T15:35:08Z		
riscv-security-model	18	Latest, with ch4	closed	2023-12-14T14:56:23Z	NicholasWoodIMG	2023-12-11T17:44:11Z	2023-12-14T14:56:23Z	
riscv-security-model	17	To bring branch nwood-ch4-newtoc up to date with main (BEFORE we create a PR from nwood-ch4-newtoc for chapter 4 and related changes)	closed	rsahita	2023-12-08T20:56:39Z	2023-12-11T17:03:19Z		
riscv-security-model	16	Chapter 4 added for review	closed	NicholasWoodIMG	2023-12-08T16:36:26Z	2023-12-08T17:22:46Z		
riscv-security-model	11	Chapter three, first draft for review.	closed	2023-11-30T16:44:32Z	NicholasWoodIMG	2023-11-21T16:13:25Z	2023-11-30T17:04:18Z	
riscv-security-model	10	Chapter two, first draft for review.	closed	2023-11-30T16:12:10Z	NicholasWoodIMG	2023-11-21T16:11:43Z	2023-11-30T16:12:10Z	
riscv-security-model	9	Chapter one, first draft for review	closed	2023-11-30T16:11:08Z	NicholasWoodIMG	2023-11-21T16:10:17Z	2023-11-30T16:11:09Z	
riscv-security-model	8	Nwood newtoc	closed	2023-11-15T07:24:15Z	NicholasWoodIMG	2023-11-08T16:37:03Z	2023-11-15T07:24:15Z	
riscv-security-model	6	Upgrade the build process	closed	2023-10-18T16:25:37Z	rpsene	2023-10-18T12:54:14Z	2023-10-18T16:25:38Z	
riscv-security-model	5	Use container build for spec pdf	closed	rsahita	2023-10-18T02:50:11Z	2023-10-18T12:51:17Z		
riscv-security-model	3	ignore .ini files	closed	2022-02-28T09:10:37Z	ssugumar81	2022-02-28T09:08:59Z	2022-02-28T09:11:16Z	
riscv-security-model	2	ignore .ini files	closed	ssugumar81	2022-02-28T08:20:16Z	2022-02-28T09:11:16Z		
riscv-security-model	1	Conversion	closed	2022-02-25T21:36:27Z	moffen	2022-02-19T16:20:05Z	2022-02-25T21:36:38Z	
riscv-cfi	317	Bump docs-resources from `0904c8a` to `47257de`	open	dependabot[bot]	2026-04-28T03:12:48Z	2026-04-28T03:12:49Z	dependencies;submodules	
riscv-cfi	301	Update GitHub Actions to requested versions	closed	2026-04-03T12:19:34Z	rpsene	2026-03-06T21:38:51Z	2026-04-03T12:19:34Z	
riscv-cfi	316	Bump docs-resources from `a41c354` to `0904c8a`	closed	2026-04-03T12:18:57Z	dependabot[bot]	2026-04-02T04:52:57Z	2026-04-03T12:19:06Z	dependencies;submodules
riscv-cfi	315	Bump docs-resources from `a41c354` to `a88e6af`	closed	dependabot[bot]	2026-03-31T01:13:21Z	2026-04-02T04:53:00Z	dependencies;submodules	
riscv-cfi	314	Bump docs-resources from `a41c354` to `ed7a9df`	closed	dependabot[bot]	2026-03-30T01:15:27Z	2026-03-31T01:13:25Z	dependencies;submodules	
riscv-cfi	313	Bump docs-resources from `a41c354` to `78567fd`	closed	dependabot[bot]	2026-03-27T01:13:21Z	2026-03-30T01:15:32Z	dependencies;submodules	
riscv-cfi	312	Bump docs-resources from `a41c354` to `29879cc`	closed	dependabot[bot]	2026-03-26T01:13:26Z	2026-03-27T01:13:25Z	dependencies;submodules	
riscv-cfi	311	Bump docs-resources from `a41c354` to `a9baab8`	closed	dependabot[bot]	2026-03-25T01:13:31Z	2026-03-26T01:13:30Z	dependencies;submodules	
riscv-cfi	310	Bump docs-resources from `a41c354` to `b387152`	closed	dependabot[bot]	2026-03-20T01:13:17Z	2026-03-25T01:13:35Z	dependencies;submodules	
riscv-cfi	309	Bump docs-resources from `a41c354` to `286c2a7`	closed	dependabot[bot]	2026-03-19T01:13:26Z	2026-03-20T01:13:20Z	dependencies;submodules	
riscv-cfi	308	Bump docs-resources from `a41c354` to `f0caa68`	closed	dependabot[bot]	2026-03-18T01:13:35Z	2026-03-19T01:13:29Z	dependencies;submodules	
riscv-cfi	307	Bump docs-resources from `a41c354` to `a73e1bd`	closed	dependabot[bot]	2026-03-16T01:13:40Z	2026-03-18T01:13:39Z	dependencies;submodules	
riscv-cfi	306	Bump docs-resources from `a41c354` to `1108f25`	closed	dependabot[bot]	2026-03-13T01:13:37Z	2026-03-16T01:13:43Z	dependencies;submodules	
riscv-cfi	305	Bump docs-resources from `a41c354` to `1bb6392`	closed	dependabot[bot]	2026-03-12T01:13:27Z	2026-03-13T01:13:41Z	dependencies;submodules	
riscv-cfi	304	Bump docs-resources from `a41c354` to `394d032`	closed	dependabot[bot]	2026-03-11T01:13:43Z	2026-03-12T01:13:31Z	dependencies;submodules	
riscv-cfi	303	Bump docs-resources from `a41c354` to `d245338`	closed	dependabot[bot]	2026-03-10T01:13:30Z	2026-03-11T01:13:47Z	dependencies;submodules	
riscv-cfi	302	Bump docs-resources from `a41c354` to `f756855`	closed	dependabot[bot]	2026-03-09T01:15:47Z	2026-03-10T01:13:33Z	dependencies;submodules	
riscv-cfi	299	Bump docs-resources from `a41c354` to `b024d67`	closed	dependabot[bot]	2026-02-27T01:13:13Z	2026-03-09T01:15:51Z	dependencies;submodules	
riscv-cfi	300	Use ghcr.io/riscv/riscv-docs-base-container-image:latest	closed	2026-03-06T16:56:52Z	rpsene	2026-03-06T14:23:33Z	2026-03-06T16:56:52Z	
riscv-cfi	298	Bump docs-resources from `a41c354` to `9069637`	closed	dependabot[bot]	2026-02-23T01:16:54Z	2026-02-27T01:13:16Z	dependencies;submodules	
riscv-cfi	297	Bump docs-resources from `a41c354` to `1666258`	closed	dependabot[bot]	2026-02-18T01:13:39Z	2026-02-23T01:16:57Z	dependencies;submodules	
riscv-cfi	296	Bump docs-resources from `a41c354` to `c066d8f`	closed	dependabot[bot]	2026-02-17T01:13:34Z	2026-02-18T01:13:42Z	dependencies;submodules	
riscv-cfi	295	Bump docs-resources from `b5eaf50` to `a41c354`	closed	2026-02-16T18:02:48Z	dependabot[bot]	2026-02-16T01:16:50Z	2026-02-16T18:02:56Z	dependencies;submodules
riscv-cfi	294	Bump docs-resources from `b5eaf50` to `40aed03`	closed	dependabot[bot]	2026-02-09T01:17:40Z	2026-02-16T01:16:54Z	dependencies;submodules	
riscv-cfi	293	Bump docs-resources from `b5eaf50` to `7a9931f`	closed	dependabot[bot]	2026-02-05T01:13:41Z	2026-02-09T01:17:43Z	dependencies;submodules	
riscv-cfi	292	Bump docs-resources from `b5eaf50` to `be002f1`	closed	dependabot[bot]	2026-02-02T01:28:36Z	2026-02-05T01:13:44Z	dependencies;submodules	
riscv-cfi	291	Bump docs-resources from `116d24e` to `b5eaf50`	closed	2026-01-23T12:46:45Z	dependabot[bot]	2025-12-29T01:12:53Z	2026-01-23T12:46:53Z	dependencies;submodules
riscv-cfi	290	Bump docs-resources from `116d24e` to `edf32fb`	closed	dependabot[bot]	2025-12-19T01:12:47Z	2025-12-29T01:12:56Z	dependencies;submodules	
riscv-cfi	289	Bump docs-resources from `116d24e` to `8789870`	closed	dependabot[bot]	2025-12-18T01:11:16Z	2025-12-19T01:12:50Z	dependencies;submodules	
riscv-cfi	288	Bump docs-resources from `116d24e` to `d644eb9`	closed	dependabot[bot]	2025-12-11T01:12:10Z	2025-12-18T01:11:20Z	dependencies;submodules	
riscv-cfi	287	Bump docs-resources from `116d24e` to `eefda19`	closed	dependabot[bot]	2025-12-10T01:13:25Z	2025-12-11T01:12:13Z	dependencies;submodules	
riscv-cfi	286	Bump docs-resources from `116d24e` to `7237bf1`	closed	dependabot[bot]	2025-12-09T01:13:32Z	2025-12-10T01:13:28Z	dependencies;submodules	
riscv-cfi	285	Bump docs-resources from `116d24e` to `08bdece`	closed	dependabot[bot]	2025-12-08T01:11:35Z	2025-12-09T01:13:36Z	dependencies;submodules	
riscv-cfi	284	Bump docs-resources from `116d24e` to `8bd1a63`	closed	dependabot[bot]	2025-12-05T01:16:18Z	2025-12-08T01:11:38Z	dependencies;submodules	
riscv-cfi	283	Bump docs-resources from `116d24e` to `8bda051`	closed	dependabot[bot]	2025-12-04T01:11:18Z	2025-12-05T01:16:22Z	dependencies;submodules	
riscv-cfi	282	Bump docs-resources from `116d24e` to `36dcc26`	closed	dependabot[bot]	2025-12-03T01:11:14Z	2025-12-04T01:11:21Z	dependencies;submodules	
riscv-cfi	281	Bump docs-resources from `1660fd9` to `116d24e`	closed	2025-12-01T18:13:06Z	dependabot[bot]	2025-12-01T01:52:26Z	2025-12-01T18:13:14Z	dependencies;submodules
riscv-cfi	280	Bump docs-resources from `1660fd9` to `22a17b0`	closed	dependabot[bot]	2025-11-28T01:11:43Z	2025-12-01T01:52:31Z	dependencies;submodules	
riscv-cfi	279	Bump docs-resources from `1660fd9` to `824bd66`	closed	dependabot[bot]	2025-11-27T01:13:48Z	2025-11-28T01:11:47Z	dependencies;submodules	
riscv-cfi	278	Bump docs-resources from `1660fd9` to `49eff17`	closed	dependabot[bot]	2025-11-24T01:16:16Z	2025-11-27T01:13:51Z	dependencies;submodules	
riscv-cfi	277	Bump docs-resources from `098f02b` to `1660fd9`	closed	2025-11-18T01:15:26Z	dependabot[bot]	2025-11-18T01:14:28Z	2025-11-18T01:15:35Z	dependencies;submodules
riscv-cfi	275	Bump docs-resources from `098f02b` to `8e51e9f`	closed	dependabot[bot]	2025-11-14T01:13:35Z	2025-11-18T01:14:32Z	dependencies;submodules	
riscv-cfi	274	Bump docs-resources from `098f02b` to `707d21c`	closed	dependabot[bot]	2025-11-13T01:12:42Z	2025-11-14T01:13:39Z	dependencies;submodules	
riscv-cfi	273	Bump docs-resources from `7f7f63a` to `098f02b`	closed	2025-11-11T02:26:32Z	dependabot[bot]	2025-11-11T01:13:43Z	2025-11-11T02:26:41Z	dependencies;submodules
riscv-cfi	272	Bump docs-resources from `93422ee` to `7f7f63a`	closed	2025-11-10T01:48:55Z	dependabot[bot]	2025-11-10T01:11:47Z	2025-11-10T01:49:03Z	dependencies;submodules
riscv-cfi	271	Bump docs-resources from `07ae7be` to `93422ee`	closed	2025-11-07T01:26:14Z	dependabot[bot]	2025-11-07T01:14:59Z	2025-11-07T01:26:21Z	dependencies;submodules
riscv-cfi	270	Bump docs-resources from `07ae7be` to `75c71b5`	closed	dependabot[bot]	2025-11-03T01:13:08Z	2025-11-07T01:15:03Z	dependencies;submodules	
riscv-cfi	269	Bump docs-resources from `07ae7be` to `8b88469`	closed	dependabot[bot]	2025-10-29T01:14:43Z	2025-11-03T01:13:12Z	dependencies;submodules	
riscv-cfi	268	Bump docs-resources from `14a3283` to `07ae7be`	closed	2025-10-28T18:42:45Z	dependabot[bot]	2025-10-28T01:30:22Z	2025-10-28T18:42:54Z	dependencies;submodules
riscv-cfi	264	Bump docs-resources from `14a3283` to `4b6af80`	closed	dependabot[bot]	2025-10-20T01:15:18Z	2025-10-28T01:30:25Z	dependencies;submodules	
riscv-cfi	263	Bump docs-resources from `4bf7840` to `14a3283`	closed	2025-10-18T22:18:03Z	dependabot[bot]	2025-10-17T01:13:03Z	2025-10-18T22:18:11Z	dependencies;submodules
riscv-cfi	262	Bump docs-resources from `6124035` to `4bf7840`	closed	2025-10-16T01:17:08Z	dependabot[bot]	2025-10-16T01:11:49Z	2025-10-16T01:17:16Z	dependencies;submodules
riscv-cfi	261	Bump docs-resources from `6124035` to `d71e312`	closed	dependabot[bot]	2025-10-13T01:13:39Z	2025-10-16T01:11:52Z	dependencies;submodules	
riscv-cfi	260	Bump docs-resources from `6124035` to `c90c0bf`	closed	dependabot[bot]	2025-10-02T01:11:41Z	2025-10-13T01:13:43Z	dependencies;submodules	
riscv-cfi	259	Bump docs-resources from `6124035` to `ff1e5eb`	closed	dependabot[bot]	2025-10-01T01:14:03Z	2025-10-02T01:11:44Z	dependencies;submodules	
riscv-cfi	258	Bump docs-resources from `6124035` to `6ef1a1f`	closed	dependabot[bot]	2025-09-18T01:10:21Z	2025-10-01T01:14:06Z	dependencies;submodules	
riscv-cfi	257	Bump docs-resources from `6124035` to `a0a938e`	closed	dependabot[bot]	2025-09-17T01:15:11Z	2025-09-18T01:10:24Z	dependencies;submodules	
riscv-cfi	256	Bump docs-resources from `c71d56b` to `6124035`	closed	2025-09-14T15:52:54Z	dependabot[bot]	2025-09-12T01:13:35Z	2025-09-14T15:53:01Z	dependencies;submodules
riscv-cfi	255	Bump docs-resources from `1fb9a74` to `c71d56b`	closed	2025-09-11T01:14:12Z	dependabot[bot]	2025-09-11T01:10:24Z	2025-09-11T01:14:20Z	dependencies;submodules
riscv-cfi	254	Bump docs-resources from `d7974ea` to `1fb9a74`	closed	2025-09-10T23:27:46Z	dependabot[bot]	2025-09-10T01:12:25Z	2025-09-10T23:27:53Z	dependencies;submodules
riscv-cfi	253	Bump docs-resources from `3a40e07` to `d7974ea`	closed	2025-09-04T13:05:37Z	dependabot[bot]	2025-09-04T09:29:53Z	2025-09-04T13:05:44Z	dependencies;submodules
riscv-cfi	252	Bump docs-resources from `3a40e07` to `48beddb`	closed	dependabot[bot]	2025-09-03T20:55:19Z	2025-09-04T09:29:58Z	dependencies;submodules	
riscv-cfi	250	Bump docs-resources from `45d29d9` to `3a40e07`	closed	2025-07-24T01:33:42Z	dependabot[bot]	2025-07-24T01:21:38Z	2025-07-24T01:33:49Z	dependencies;submodules
riscv-cfi	249	Bump docs-resources from `ab24eec` to `45d29d9`	closed	2025-07-20T15:16:13Z	dependabot[bot]	2025-07-18T01:52:32Z	2025-07-20T15:16:21Z	dependencies;submodules
riscv-cfi	248	Bump docs-resources from `f38f756` to `ab24eec`	closed	2025-07-11T20:04:29Z	dependabot[bot]	2025-07-09T01:30:57Z	2025-07-11T20:04:37Z	dependencies;submodules
riscv-cfi	245	Bump docs-resources from `7558472` to `f38f756`	closed	2025-06-18T20:56:18Z	dependabot[bot]	2025-06-17T02:38:35Z	2025-06-18T20:56:25Z	dependencies;submodules
riscv-cfi	243	Bump docs-resources from `1d5bcd2` to `7558472`	closed	2025-06-16T19:43:57Z	dependabot[bot]	2025-05-09T01:24:53Z	2025-06-16T19:44:05Z	dependencies;submodules
riscv-cfi	242	Bump docs-resources from `62576cd` to `1d5bcd2`	closed	2025-02-20T16:19:14Z	dependabot[bot]	2025-02-20T01:41:05Z	2025-02-20T16:19:23Z	dependencies
riscv-cfi	240	Bump docs-resources from `a76dd1d` to `62576cd`	closed	2024-12-18T01:35:21Z	dependabot[bot]	2024-12-18T01:20:43Z	2024-12-18T01:35:29Z	dependencies
riscv-cfi	239	Bump docs-resources from `1456c0d` to `a76dd1d`	closed	2024-12-11T01:17:38Z	dependabot[bot]	2024-12-11T01:14:09Z	2024-12-11T01:17:47Z	dependencies
riscv-cfi	237	Bump docs-resources from `51d3e82` to `1456c0d`	closed	2024-12-10T17:33:51Z	dependabot[bot]	2024-12-10T13:49:00Z	2024-12-10T17:33:59Z	dependencies
riscv-cfi	236	add dependabot to create PR to update the submodules to latest	closed	2024-12-10T13:48:18Z	ghost	2024-12-10T04:11:35Z	2024-12-10T13:48:18Z	
riscv-cfi	231	highlight a bit more the deprecation state	closed	2024-11-20T12:12:32Z	kacouane	2024-11-14T13:14:50Z	2024-11-20T12:12:32Z	
riscv-cfi	229	Update cfi_intro.adoc: remove redundant 'rd == x0'	closed	jrahmeh	2024-10-17T19:44:03Z	2024-11-01T14:34:12Z		
riscv-cfi	226	Clarify menvcfg.SSE is 0 then henvcfg.SSE/senvcfg.SSE are read-only zero	closed	2024-07-08T22:40:31Z	ved-rivos	2024-07-08T22:40:20Z	2024-07-09T10:16:17Z	
riscv-cfi	227	fix typo	closed	2024-07-09T10:15:58Z	ved-rivos	2024-07-09T10:15:47Z	2024-07-09T10:15:58Z	
riscv-cfi	222	Update to ratified state	closed	2024-07-03T11:28:13Z	ved-rivos	2024-06-29T13:31:09Z	2024-07-03T11:28:13Z	
riscv-cfi	221	Fix table number of RAS hint	closed	2024-04-16T16:17:58Z	gagachang	2024-04-16T06:37:25Z	2024-04-16T16:17:58Z	
riscv-cfi	218	Fix formating	closed	2024-03-21T14:07:54Z	ved-rivos	2024-03-21T14:02:40Z	2024-03-21T14:07:54Z	
riscv-cfi	217	Update to Frozen state	closed	2024-03-21T13:56:53Z	ved-rivos	2024-03-21T13:30:41Z	2024-03-21T13:56:53Z	
riscv-cfi	216	Update to Frozen state	closed	ved-rivos	2024-03-21T13:24:14Z	2024-03-21T13:29:04Z		
riscv-cfi	215	Note that not all MOP.RR.7 or MOP.R.28 encodings are used for Zicfiss	closed	2024-03-21T13:09:57Z	ved-rivos	2024-03-18T23:07:05Z	2024-03-21T13:09:57Z	
riscv-cfi	214	add register layout for mnstatus	closed	2024-03-18T23:12:13Z	ved-rivos	2024-03-16T20:58:09Z	2024-03-18T23:12:13Z	
riscv-cfi	213	update makefile to correct PDF name	closed	2024-03-16T20:47:57Z	ved-rivos	2024-03-16T20:45:07Z	2024-03-16T20:47:58Z	
riscv-cfi	212	update governance and maintainer	closed	2024-03-15T21:34:55Z	ved-rivos	2024-03-15T21:33:03Z	2024-03-15T21:34:55Z	
riscv-cfi	210	update to latest cfg from docs-spec-template	closed	2024-03-15T21:00:23Z	ghost	2024-03-15T18:53:30Z	2024-03-15T21:33:22Z	
riscv-cfi	209	Add Smrnmi handling	closed	2024-03-15T21:10:38Z	ved-rivos	2024-03-14T21:36:37Z	2024-03-15T21:10:38Z	
riscv-cfi	205	Create CHARTER.md	closed	2024-02-14T19:04:32Z	gcchri	2024-02-14T19:04:24Z	2024-02-14T19:04:32Z	
riscv-cfi	202	Clarify Zicfiss dependencies	closed	2024-01-03T18:52:06Z	ved-rivos	2024-01-03T18:46:20Z	2024-01-03T18:52:06Z	
riscv-cfi	200	Editoral update	closed	2023-12-12T15:21:58Z	henry-hsieh	2023-12-12T15:11:02Z	2023-12-12T15:21:59Z	
riscv-cfi	199	Clarify LPAD exceptions	closed	henry-hsieh	2023-12-12T12:34:29Z	2023-12-12T15:06:22Z		
riscv-cfi	198	Fix typo	closed	2023-12-08T14:03:50Z	henry-hsieh	2023-12-08T10:58:48Z	2023-12-08T14:03:50Z	
riscv-cfi	196	Change ssamoswap.w/d encoding to svg	closed	2023-12-07T14:48:04Z	henry-hsieh	2023-12-07T05:08:01Z	2023-12-07T14:48:04Z	
riscv-cfi	194	Editoral update	closed	2023-12-06T12:41:53Z	henry-hsieh	2023-12-06T05:07:59Z	2023-12-06T12:41:53Z	
riscv-cfi	192	Editoral update	closed	2023-12-05T16:33:04Z	henry-hsieh	2023-12-05T16:28:03Z	2023-12-06T04:58:37Z	
riscv-cfi	193	Add description of exceptions to CSRs	closed	2023-12-05T22:33:28Z	ved-rivos	2023-12-05T17:09:46Z	2023-12-05T22:33:29Z	
riscv-cfi	191	Editorial updates	closed	2023-12-05T16:13:19Z	ved-rivos	2023-12-05T15:46:39Z	2023-12-05T16:13:19Z	
riscv-cfi	187	formating fixes	closed	2023-11-24T19:42:07Z	ved-rivos	2023-11-24T18:40:44Z	2023-11-24T19:42:07Z	
riscv-cfi	186	add missing MPV and GVA bits	closed	2023-11-24T18:23:10Z	ved-rivos	2023-11-24T18:23:02Z	2023-11-24T18:23:11Z	
riscv-cfi	185	formating fixes	closed	2023-11-22T16:19:05Z	ved-rivos	2023-11-22T15:13:54Z	2023-11-22T16:19:05Z	
riscv-cfi	184	PR for issue #183	closed	2023-11-22T14:31:33Z	ved-rivos	2023-11-22T14:29:59Z	2023-11-22T14:31:33Z	
riscv-cfi	182	Update amoswap description	closed	2023-11-22T14:07:40Z	ved-rivos	2023-11-21T02:34:27Z	2023-11-22T14:07:40Z	
riscv-cfi	181	PR for issue #180	closed	2023-11-21T17:11:02Z	ved-rivos	2023-11-13T14:35:02Z	2023-11-21T17:11:02Z	
riscv-cfi	179	update access fault type	closed	2023-11-04T23:32:53Z	ved-rivos	2023-11-04T23:32:47Z	2023-11-04T23:32:53Z	
riscv-cfi	178	Exception caused when SS instructions access non-SS pages	closed	2023-11-04T23:18:48Z	ved-rivos	2023-11-02T00:48:20Z	2023-11-04T23:18:48Z	
riscv-cfi	169	SS access to non-SS pages cause page fault	closed	ved-rivos	2023-10-22T16:39:58Z	2023-11-02T00:47:07Z		
riscv-cfi	177	fix typo in ssamoswap encoding	closed	2023-11-01T13:05:45Z	ved-rivos	2023-11-01T13:04:30Z	2023-11-01T13:05:45Z	
riscv-cfi	175	editorial updates	closed	2023-10-31T22:54:36Z	ved-rivos	2023-10-31T22:54:21Z	2023-10-31T22:54:36Z	
riscv-cfi	174	Updates for AR feedback	closed	2023-10-31T15:44:38Z	ved-rivos	2023-10-31T15:16:56Z	2023-10-31T15:44:38Z	
riscv-cfi	173	Updates for AR feedback	closed	2023-10-31T14:12:47Z	ved-rivos	2023-10-30T15:19:04Z	2023-10-31T14:12:47Z	
riscv-cfi	171	Rename software error exception to software check exception	closed	2023-10-26T19:36:28Z	ved-rivos	2023-10-26T19:35:28Z	2023-10-26T19:36:28Z	
riscv-cfi	167	Drop support for M-mode PMP region	closed	2023-10-26T19:30:32Z	ved-rivos	2023-10-21T20:43:07Z	2023-10-26T19:30:33Z	
riscv-cfi	166	Add note that inst fetches are only implicit accesses subject to VS/single-stage addr. trans. at the moment	closed	2023-10-17T14:38:38Z	ved-rivos	2023-10-14T20:34:24Z	2023-10-17T14:38:38Z	
riscv-cfi	164	Zicfiss use in U-mode require S-mode to be supported	closed	2023-10-17T14:38:25Z	ved-rivos	2023-10-13T16:11:11Z	2023-10-17T14:38:25Z	
riscv-cfi	165	formatting fixes	closed	2023-10-13T16:19:30Z	ved-rivos	2023-10-13T16:19:19Z	2023-10-13T16:19:30Z	
riscv-cfi	163	Updates from ARC feedback	closed	2023-10-13T15:59:01Z	ved-rivos	2023-10-07T19:59:07Z	2023-10-13T15:59:01Z	
riscv-cfi	162	Editorial updates	closed	2023-10-07T00:13:17Z	ved-rivos	2023-10-07T00:13:11Z	2023-10-07T00:13:17Z	
riscv-cfi	161	update mnemonics of c.mop and update ssrdp to mop.r.28	closed	2023-10-06T23:49:53Z	ved-rivos	2023-10-06T23:49:41Z	2023-10-06T23:49:53Z	
riscv-cfi	160	Editorial updates	closed	2023-10-06T23:41:06Z	ved-rivos	2023-10-06T23:40:46Z	2023-10-06T23:41:07Z	
riscv-cfi	159	Update Zicfiss encodings	closed	2023-10-06T12:43:00Z	ved-rivos	2023-10-05T17:46:00Z	2023-10-06T12:43:00Z	
riscv-cfi	156	Updates for AR feedback from 09/26 review	closed	2023-10-03T10:20:33Z	ved-rivos	2023-09-29T13:07:52Z	2023-10-03T10:20:33Z	
riscv-cfi	155	Detect Docker robustly	closed	2023-09-12T13:19:17Z	a4lg	2023-09-12T01:54:47Z	2023-09-12T13:19:17Z	
riscv-cfi	153	Updates and recommendations	closed	2023-09-06T21:27:07Z	ved-rivos	2023-09-05T15:04:27Z	2023-09-06T21:27:08Z	
riscv-cfi	152	Clarify xSSE and xLPE for a M+U configuration - i.e. when S-mode is not supported	closed	2023-09-01T17:59:53Z	ved-rivos	2023-08-30T14:31:00Z	2023-09-01T17:59:53Z	
riscv-cfi	150	Fixing mseccfg wavedrom	closed	2023-08-28T13:28:46Z	ved-rivos	2023-08-28T13:28:38Z	2023-08-28T13:28:47Z	
riscv-cfi	146	Update cfi_backward.adoc	closed	2023-08-23T17:44:09Z	gcchri	2023-08-23T17:08:18Z	2023-08-23T17:44:10Z	
riscv-cfi	147	Update readme.adoc	closed	2023-08-23T17:31:56Z	gcchri	2023-08-23T17:08:32Z	2023-08-23T17:31:56Z	
riscv-cfi	144	set tval for integrity fault as 2 and 3	closed	2023-08-23T13:19:16Z	ved-rivos	2023-08-17T21:17:10Z	2023-08-23T13:19:16Z	
riscv-cfi	141	rename integrity fault and a few cleanups	closed	2023-08-16T19:02:44Z	ved-rivos	2023-08-16T19:02:05Z	2023-08-16T19:02:44Z	
riscv-cfi	140	AR updates	closed	2023-08-16T18:03:34Z	ved-rivos	2023-08-15T13:13:58Z	2023-08-16T18:03:34Z	
riscv-cfi	139	AR review updates	closed	2023-08-11T20:33:57Z	ved-rivos	2023-08-11T01:12:20Z	2023-08-11T20:33:57Z	
riscv-cfi	137	Introduce integrity-fault exception	closed	2023-08-10T20:01:13Z	ved-rivos	2023-08-04T20:05:43Z	2023-08-10T20:01:14Z	
riscv-cfi	106	Forward CFI updates to address issue 104	closed	2023-05-26T15:22:19Z	ved-rivos	2023-05-26T15:21:36Z	2023-07-31T23:35:12Z	
riscv-cfi	134	Additional ARC review updates	closed	2023-07-31T23:34:39Z	ved-rivos	2023-07-30T20:50:40Z	2023-07-31T23:34:40Z	
riscv-cfi	135	Fix typo in cfi_backward.adoc	closed	2023-07-31T14:22:56Z	AndybnACT	2023-07-31T10:19:45Z	2023-07-31T14:22:57Z	
riscv-cfi	129	proposal for Zcmp/Zcmt integration	closed	sorear	2023-07-08T07:58:16Z	2023-07-25T20:27:49Z		
riscv-cfi	130	Additional ARC review updates	closed	2023-07-09T18:34:23Z	ved-rivos	2023-07-08T17:03:03Z	2023-07-09T18:34:24Z	
riscv-cfi	126	Updates from AR review 	closed	2023-07-07T13:29:13Z	ved-rivos	2023-07-07T13:21:38Z	2023-07-09T16:08:18Z	
riscv-cfi	128	update pseudocode syntax	closed	2023-07-07T16:09:32Z	ved-rivos	2023-07-07T16:09:25Z	2023-07-07T16:09:33Z	
riscv-cfi	127	fixing format issues	closed	2023-07-07T13:50:14Z	ved-rivos	2023-07-07T13:40:10Z	2023-07-07T13:50:14Z	
riscv-cfi	124	?013 -> ?017	closed	2023-06-24T22:47:24Z	ved-rivos	2023-06-24T22:47:10Z	2023-06-24T22:47:24Z	
riscv-cfi	122	issue 118	closed	2023-06-17T15:55:48Z	ved-rivos	2023-06-16T22:26:53Z	2023-06-17T15:55:49Z	
riscv-cfi	123	editorial updates	closed	2023-06-17T00:03:23Z	ved-rivos	2023-06-17T00:03:17Z	2023-06-17T00:03:24Z	
riscv-cfi	121	editorial updates	closed	2023-06-16T22:05:34Z	ved-rivos	2023-06-16T22:05:26Z	2023-06-16T22:05:35Z	
riscv-cfi	120	updates for issue 119	closed	2023-06-16T19:32:01Z	ved-rivos	2023-06-16T16:27:45Z	2023-06-16T19:32:01Z	
riscv-cfi	117	editorial updates	closed	2023-06-14T14:18:57Z	ved-rivos	2023-06-14T14:18:50Z	2023-06-14T14:18:57Z	
riscv-cfi	116	editorial updates	closed	2023-06-14T13:45:53Z	ved-rivos	2023-06-14T13:45:47Z	2023-06-14T13:45:54Z	
riscv-cfi	115	Update mop use with removal of lpcll/lpcnl - related to issue 113	closed	2023-06-14T13:02:14Z	ved-rivos	2023-06-11T17:15:19Z	2023-06-14T13:02:15Z	
riscv-cfi	114	Landing pad encoding updates	closed	2023-06-14T10:32:56Z	ved-rivos	2023-06-11T14:16:19Z	2023-06-14T10:32:56Z	
riscv-cfi	108	Forward CFI updates to address issue 104	closed	2023-06-05T16:08:39Z	ved-rivos	2023-05-26T15:42:14Z	2023-06-05T16:08:40Z	
riscv-cfi	110	Switch all wavedrom diagrams to output svg images.	closed	2023-06-01T14:21:57Z	rajnesh-kanwal	2023-06-01T09:08:01Z	2023-06-01T14:21:57Z	
riscv-cfi	107	Forward CFI updates to address issue 104	closed	ved-rivos	2023-05-26T15:33:12Z	2023-05-26T15:36:04Z		
riscv-cfi	105	Forward CFI updates to address issue 104	closed	2023-05-25T18:34:08Z	ved-rivos	2023-05-21T19:17:52Z	2023-05-25T18:34:09Z	
riscv-cfi	103	Updated introduction to include additional text about CFI interoperability	closed	2023-05-19T15:21:11Z	ved-rivos	2023-05-18T18:18:23Z	2023-05-19T15:21:11Z	
riscv-cfi	102	Change extension name to Zicfisslp	closed	2023-05-12T15:02:00Z	ved-rivos	2023-05-08T11:21:30Z	2023-05-12T15:02:01Z	
riscv-cfi	100	PR for issue 99	closed	2023-05-03T14:37:43Z	ved-rivos	2023-04-28T18:49:57Z	2023-05-03T14:37:43Z	
riscv-cfi	98	Typo fix: Priv -> Unpriv	closed	2023-04-27T17:59:21Z	ved-rivos	2023-04-27T14:58:15Z	2023-04-27T17:59:21Z	
riscv-cfi	96	Editorial updates.	closed	2023-04-21T23:27:33Z	ved-rivos	2023-04-21T14:46:11Z	2023-04-21T23:27:33Z	
riscv-cfi	97	Update cfi_backward.adoc	closed	2023-04-21T18:50:39Z	gcchri	2023-04-21T18:12:13Z	2023-04-21T18:50:39Z	
riscv-cfi	72	Editorial updates	closed	ved-rivos	2023-03-30T17:57:20Z	2023-04-20T15:48:44Z		
riscv-cfi	95	Few editorial updates	closed	2023-04-20T02:25:29Z	ved-rivos	2023-04-20T02:21:34Z	2023-04-20T02:25:29Z	
riscv-cfi	94	Fixing typo in wavedrom	closed	2023-04-18T15:09:06Z	ved-rivos	2023-04-18T15:08:40Z	2023-04-18T15:09:06Z	
riscv-cfi	93	Issue 84 - software guarded branch	closed	2023-04-18T15:07:00Z	ved-rivos	2023-04-17T20:25:17Z	2023-04-18T15:07:01Z	
riscv-cfi	88	recognize jalr and jr with rs1==link as return	closed	2023-04-14T01:01:46Z	ved-rivos	2023-04-12T19:36:58Z	2023-04-14T01:01:47Z	
riscv-cfi	86	Introducing compressed shadow stack instructions	closed	2023-04-14T01:01:31Z	ved-rivos	2023-04-11T02:02:03Z	2023-04-14T01:01:31Z	
riscv-cfi	91	adding wavedrom diags for ss and lp insts	closed	2023-04-14T01:01:15Z	ved-rivos	2023-04-13T16:50:49Z	2023-04-14T01:01:15Z	
riscv-cfi	90	update extension dependency list	closed	2023-04-14T01:00:45Z	ved-rivos	2023-04-12T20:15:13Z	2023-04-14T01:00:45Z	
riscv-cfi	85	Clarify that set and check upper/middle labels dont need to be in order	closed	2023-04-10T11:50:47Z	ved-rivos	2023-04-07T15:48:10Z	2023-04-13T00:50:53Z	
riscv-cfi	83	Issue 80	closed	2023-04-05T22:30:28Z	ved-rivos	2023-04-05T22:29:04Z	2023-04-13T00:50:52Z	
riscv-cfi	81	Clarifications and updates (issue 79/80)	closed	2023-04-05T12:27:22Z	ved-rivos	2023-04-05T00:47:22Z	2023-04-13T00:50:50Z	
riscv-cfi	78	testing new format	closed	2023-04-04T18:43:58Z	ved-rivos	2023-04-04T18:01:22Z	2023-04-13T00:50:45Z	
riscv-cfi	73	Editorial updates	closed	2023-03-30T21:49:15Z	ved-rivos	2023-03-30T19:31:55Z	2023-04-13T00:50:44Z	
riscv-cfi	76	Adding a stack diagram illustrating push and pop	closed	2023-04-04T14:48:09Z	ved-rivos	2023-04-03T13:55:17Z	2023-04-13T00:50:42Z	
riscv-cfi	67	Misaligned shadow stack stores should access-fault	closed	2023-03-30T13:45:17Z	ved-rivos	2023-03-28T23:54:54Z	2023-04-13T00:50:39Z	
riscv-cfi	65	Explain why non-SS stores cause access fault	closed	2023-03-24T23:59:55Z	ved-rivos	2023-03-24T23:34:44Z	2023-04-13T00:50:38Z	
riscv-cfi	64	Update ind. call/jmp identification and its placement	closed	2023-03-24T23:09:21Z	ved-rivos	2023-03-24T17:18:21Z	2023-04-13T00:50:35Z	
riscv-cfi	59	AR feedback updates - issue 58	closed	2023-03-24T15:33:34Z	ved-rivos	2023-03-17T19:43:22Z	2023-04-13T00:50:34Z	
riscv-cfi	62	Additional clarifications	closed	2023-03-24T15:27:26Z	ved-rivos	2023-03-23T23:45:23Z	2023-04-13T00:50:32Z	
riscv-cfi	60	Fixing a few typos	closed	2023-03-23T13:43:18Z	ved-rivos	2023-03-21T23:41:58Z	2023-04-13T00:50:30Z	
riscv-cfi	57	Clarifying C instructions that are indirect call/jmp	closed	2023-03-13T17:54:12Z	ved-rivos	2023-03-10T16:54:27Z	2023-04-13T00:50:28Z	
riscv-cfi	56	add note for alignment	closed	2023-03-10T16:17:33Z	ved-rivos	2023-03-09T15:44:18Z	2023-04-13T00:50:27Z	
riscv-cfi	55	clarifying trap behavior	closed	2023-03-08T17:18:10Z	ved-rivos	2023-03-07T19:48:57Z	2023-04-13T00:50:26Z	
riscv-cfi	50	fixing typos	closed	2023-02-22T13:35:18Z	ved-rivos	2023-02-22T13:30:54Z	2023-04-13T00:50:24Z	
riscv-cfi	49	Issue 48	closed	2023-02-22T13:24:37Z	ved-rivos	2023-02-22T13:20:28Z	2023-04-13T00:50:23Z	
riscv-cfi	20	nop to zimops	closed	2022-12-16T14:18:33Z	ved-rivos	2022-12-16T14:17:59Z	2023-04-13T00:50:14Z	
riscv-cfi	16	PR for issue #9	closed	2022-11-28T23:09:06Z	ved-rivos	2022-11-28T13:37:11Z	2023-04-13T00:50:08Z	
riscv-cfi	15	PR for issue #14	closed	2022-11-28T23:09:18Z	ved-rivos	2022-11-28T13:33:30Z	2023-04-13T00:50:06Z	
riscv-cfi	13	encoding clarifications	closed	2022-11-22T21:19:25Z	ved-rivos	2022-11-22T21:18:59Z	2023-04-13T00:50:05Z	
riscv-cfi	12	clarifying encoding restrictions	closed	ved-rivos	2022-11-22T21:15:46Z	2023-04-13T00:50:03Z		
riscv-cfi	2	renamed to Zisslpcfi based on tech chairs feedback	closed	2022-11-09T15:37:50Z	ved-rivos	2022-11-09T15:37:30Z	2023-04-13T00:50:02Z	
riscv-cfi	77	Editorial changes on intro: typos and consistency	closed	2023-04-04T14:49:11Z	gcchri	2023-04-04T12:53:05Z	2023-04-04T14:49:11Z	
riscv-cfi	66	typo: minor typo fix	closed	2023-03-25T16:40:44Z	deepak0414	2023-03-25T00:36:00Z	2023-03-25T16:40:44Z	
riscv-cfi	63	Suggestion for an indirect forward edge determination pseudocode	closed	2023-03-24T15:35:06Z	kacouane	2023-03-24T09:22:17Z	2023-03-24T15:35:06Z	
riscv-cfi	61	sspmp: typo fix for sspmp entry	closed	deepak0414	2023-03-22T22:52:51Z	2023-03-22T23:39:18Z		
riscv-cfi	52	Change LPLR to lpl	closed	2023-03-04T16:29:47Z	henry-hsieh	2023-03-02T12:46:59Z	2023-03-04T16:29:47Z	
riscv-cfi	45	rename lplr to lpl	closed	2023-02-22T13:24:17Z	ved-rivos	2023-02-17T20:37:41Z	2023-02-22T13:24:17Z	
riscv-cfi	46	Fix typos	closed	2023-02-20T18:34:35Z	kacouane	2023-02-20T10:04:15Z	2023-02-20T18:34:36Z	
riscv-cfi	42	fix typos	closed	kacouane	2023-02-17T16:00:37Z	2023-02-20T08:15:55Z		
riscv-cfi	43	suggested update for foo - bar 	closed	2023-02-17T20:21:44Z	kacouane	2023-02-17T16:05:15Z	2023-02-17T20:21:44Z	
riscv-cfi	38	update sspush encoding	closed	2023-02-15T11:21:10Z	ved-rivos	2023-02-12T17:32:12Z	2023-02-15T11:21:10Z	
riscv-cheri	1009	Reword to clarify that load LM permission clearing is based on written back tag	open	PeterRugg	2026-04-28T10:41:39Z	2026-04-28T14:51:14Z		
riscv-cheri	1008	Bump docs-resources from `0904c8a` to `47257de`	open	dependabot[bot]	2026-04-28T03:01:03Z	2026-04-28T03:01:04Z	dependencies;submodules	
riscv-cheri	1006	ARC review (keeping Zysentry) and includes renaming hybrid modes and M-bit->P-bit	open	tariqkurd-repo	2026-04-24T11:01:15Z	2026-04-24T17:55:48Z	documentation;change-post-0.9.7	
riscv-cheri	1004	fix typo	closed	2026-04-24T16:41:13Z	tariqkurd-repo	2026-04-23T13:39:33Z	2026-04-24T16:41:13Z	
riscv-cheri	1005	Move YBLD into the base	open	tariqkurd-repo	2026-04-24T10:14:30Z	2026-04-24T16:40:37Z		
riscv-cheri	994	put YSENTRY, YBLD into the base	open	tariqkurd-repo	2026-04-17T09:52:43Z	2026-04-24T14:55:38Z	change-post-0.9.7	
riscv-cheri	1000	ARC cleanup including renaming hybrid modes and M-bit->P-bit	open	tariqkurd-repo	2026-04-22T09:02:07Z	2026-04-24T11:03:01Z	documentation;change-post-0.9.7	
riscv-cheri	1001	Fix description and rename YLT to YSS and SYEQ to YEQ	closed	2026-04-24T02:52:03Z	tariqkurd-repo	2026-04-22T09:20:45Z	2026-04-24T02:52:03Z	change-post-0.9.7
riscv-cheri	1003	Typo	closed	tariqkurd-repo	2026-04-23T13:38:11Z	2026-04-23T13:38:37Z		
riscv-cheri	1002	Draft: new instruction encodings	open	arichardson	2026-04-23T05:49:15Z	2026-04-23T05:49:24Z		
riscv-cheri	995	Postpone Zylevels1	closed	2026-04-20T16:41:55Z	tariqkurd-repo	2026-04-17T15:21:44Z	2026-04-20T16:41:56Z	documentation
riscv-cheri	998	put YTOPR into the base	closed	2026-04-20T16:41:38Z	tariqkurd-repo	2026-04-20T15:43:42Z	2026-04-20T16:41:38Z	change-post-0.9.7
riscv-cheri	989	Bump softprops/action-gh-release from 2 to 3	closed	2026-04-20T15:35:53Z	dependabot[bot]	2026-04-13T00:56:29Z	2026-04-20T15:35:56Z	dependencies;github_actions
riscv-cheri	988	Bump actions/github-script from 8 to 9	closed	2026-04-20T15:35:40Z	dependabot[bot]	2026-04-10T00:54:27Z	2026-04-20T15:35:48Z	dependencies;github_actions
riscv-cheri	996	Make svyrg PTE bits the default	closed	tariqkurd-repo	2026-04-17T16:12:23Z	2026-04-20T15:35:14Z	change-post-0.9.7	
riscv-cheri	997	Fix YTOPR description	closed	2026-04-20T14:51:47Z	tariqkurd-repo	2026-04-20T08:47:32Z	2026-04-20T14:51:48Z	documentation
riscv-cheri	873	restrict YBNDSWI to 8-bits (anticipating a smaller immediate following ARC review)	closed	tariqkurd-repo	2025-12-01T09:37:42Z	2026-04-16T08:09:54Z	change-post-0.9.6	
riscv-cheri	990	Bump actions/upload-pages-artifact from 4 to 5	closed	2026-04-14T03:48:01Z	dependabot[bot]	2026-04-14T00:57:32Z	2026-04-14T03:48:03Z	dependencies;github_actions
riscv-cheri	983	move RV32 formats and extensions out of v1 ratification	closed	2026-04-07T19:10:13Z	tariqkurd-repo	2026-03-27T13:14:25Z	2026-04-07T19:10:13Z	documentation
riscv-cheri	987	Bump docs-resources from `a88e6af` to `0904c8a`	closed	2026-04-02T08:51:03Z	dependabot[bot]	2026-04-02T04:44:33Z	2026-04-02T08:51:05Z	dependencies;submodules
riscv-cheri	986	Bump docs-resources from `ed7a9df` to `a88e6af`	closed	2026-03-31T08:07:11Z	dependabot[bot]	2026-03-31T00:53:25Z	2026-03-31T08:07:13Z	dependencies;submodules
riscv-cheri	985	Add a riscv-cheri-full.pdf build target	closed	2026-03-30T17:22:16Z	arichardson	2026-03-30T16:56:30Z	2026-03-30T17:45:50Z	
riscv-cheri	984	Bump docs-resources from `29879cc` to `ed7a9df`	closed	2026-03-30T17:24:03Z	dependabot[bot]	2026-03-30T00:54:31Z	2026-03-30T17:24:06Z	dependencies;submodules
riscv-cheri	982	Bump docs-resources from `29879cc` to `78567fd`	closed	dependabot[bot]	2026-03-27T00:53:15Z	2026-03-30T00:54:35Z	dependencies;submodules	
riscv-cheri	981	Bump actions/deploy-pages from 4 to 5	closed	2026-03-26T08:54:42Z	dependabot[bot]	2026-03-26T00:54:17Z	2026-03-26T08:54:44Z	dependencies;github_actions
riscv-cheri	980	Bump docs-resources from `a9baab8` to `29879cc`	closed	2026-03-26T08:54:31Z	dependabot[bot]	2026-03-26T00:53:23Z	2026-03-26T08:54:33Z	dependencies;submodules
riscv-cheri	979	Bump docs-resources from `b387152` to `a9baab8`	closed	2026-03-25T18:00:46Z	dependabot[bot]	2026-03-25T00:53:22Z	2026-03-25T18:00:49Z	dependencies;submodules
riscv-cheri	978	Bump docs-resources from `286c2a7` to `b387152`	closed	2026-03-20T08:55:07Z	dependabot[bot]	2026-03-20T00:53:17Z	2026-03-20T08:55:10Z	dependencies;submodules
riscv-cheri	977	Bump docs-resources from `f0caa68` to `286c2a7`	closed	2026-03-19T10:42:49Z	dependabot[bot]	2026-03-19T00:53:10Z	2026-03-19T10:42:51Z	dependencies;submodules
riscv-cheri	976	Bump docs-resources from `a73e1bd` to `f0caa68`	closed	2026-03-18T08:40:43Z	dependabot[bot]	2026-03-18T00:53:33Z	2026-03-18T08:40:45Z	dependencies;submodules
riscv-cheri	975	remove misleading SAIL for YPERMC	closed	2026-03-17T16:46:38Z	tariqkurd-repo	2026-03-17T15:28:41Z	2026-03-17T16:46:38Z	documentation
riscv-cheri	974	Minor fixes throughout the doc	closed	2026-03-17T15:31:22Z	marnovandermaas	2026-03-17T11:11:22Z	2026-03-17T15:31:23Z	documentation
riscv-cheri	973	Bump docs-resources from `1108f25` to `a73e1bd`	closed	2026-03-16T09:39:26Z	dependabot[bot]	2026-03-16T00:54:34Z	2026-03-16T09:39:28Z	dependencies;submodules
riscv-cheri	972	Bump docs-resources from `1bb6392` to `1108f25`	closed	2026-03-13T09:46:16Z	dependabot[bot]	2026-03-13T00:53:34Z	2026-03-13T09:46:18Z	dependencies;submodules
riscv-cheri	971	Bump docs-resources from `394d032` to `1bb6392`	closed	2026-03-12T10:50:00Z	dependabot[bot]	2026-03-12T00:53:30Z	2026-03-12T10:50:01Z	dependencies;submodules
riscv-cheri	970	Bump docs-resources from `d245338` to `394d032`	closed	2026-03-11T11:14:50Z	dependabot[bot]	2026-03-11T00:53:38Z	2026-03-11T11:14:53Z	dependencies;submodules
riscv-cheri	969	Bump docs-resources from `f756855` to `d245338`	closed	2026-03-10T08:40:07Z	dependabot[bot]	2026-03-10T00:53:30Z	2026-03-10T08:40:09Z	dependencies;submodules
riscv-cheri	964	[ARC Feedback] Update names of bases to drop _ before the L	closed	2026-03-09T23:05:43Z	arichardson	2026-03-09T02:59:09Z	2026-03-10T01:10:14Z	change-post-0.9.7
riscv-cheri	958	Bump actions/upload-artifact from 6 to 7	closed	2026-03-09T17:54:55Z	dependabot[bot]	2026-02-27T00:54:32Z	2026-03-09T17:54:57Z	dependencies;github_actions
riscv-cheri	966	[ARC Feedback] Address the remaining comments	closed	2026-03-09T17:54:26Z	arichardson	2026-03-09T05:40:18Z	2026-03-09T17:54:27Z	documentation
riscv-cheri	963	Address ARC feedback on introduction chapter	closed	2026-03-09T17:44:25Z	arichardson	2026-03-09T02:59:03Z	2026-03-09T17:44:28Z	documentation
riscv-cheri	961	[ARC Feedback] Rename ADD(I)Y to YADD(I)	closed	2026-03-09T17:43:15Z	arichardson	2026-03-08T23:55:06Z	2026-03-09T17:43:22Z	change-post-0.9.7
riscv-cheri	955	Invert which branches are reserved	closed	2026-03-09T17:41:51Z	tobywenman	2026-02-23T13:36:14Z	2026-03-09T17:41:51Z	change-post-0.9.7
riscv-cheri	947	zytopr: fix typos	closed	2026-02-13T08:42:24Z	Flowdalic	2026-02-13T08:21:31Z	2026-03-09T17:39:39Z	documentation
riscv-cheri	946	Fix prefetch instruction descriptions in generated table	closed	2026-02-13T08:53:12Z	stuartmenefy	2026-02-12T18:28:52Z	2026-03-09T17:39:39Z	documentation
riscv-cheri	968	[ARC Feedback] Update names of bases to drop _ before the L	closed	arichardson	2026-03-09T06:00:30Z	2026-03-09T06:01:44Z		
riscv-cheri	962	Bump docs-resources from `1666258` to `f756855`	closed	2026-03-09T05:46:13Z	dependabot[bot]	2026-03-09T00:54:22Z	2026-03-09T05:46:15Z	dependencies;submodules
riscv-cheri	960	Update GitHub Actions to requested versions	closed	2026-03-09T05:46:00Z	rpsene	2026-03-06T21:39:05Z	2026-03-09T05:46:02Z	
riscv-cheri	957	Bump docs-resources from `1666258` to `b024d67`	closed	dependabot[bot]	2026-02-27T00:53:19Z	2026-03-09T00:54:25Z	dependencies;submodules	
riscv-cheri	959	Use ghcr.io/riscv/riscv-docs-base-container-image:latest	closed	2026-03-06T16:34:47Z	rpsene	2026-03-06T14:23:47Z	2026-03-06T16:34:51Z	
riscv-cheri	953	Bump docs-resources from `1666258` to `9069637`	closed	dependabot[bot]	2026-02-23T00:54:58Z	2026-02-27T00:53:22Z	dependencies;submodules	
riscv-cheri	956	Test MR	closed	stuartmenefy	2026-02-23T14:47:23Z	2026-02-23T14:48:09Z		
riscv-cheri	952	Bump docs-resources from `c066d8f` to `1666258`	closed	2026-02-18T08:53:30Z	dependabot[bot]	2026-02-18T00:53:36Z	2026-02-18T08:53:31Z	dependencies;submodules
riscv-cheri	950	Fix font warnings	closed	2026-02-17T01:06:59Z	arichardson	2026-02-16T23:24:51Z	2026-02-17T01:07:03Z	
riscv-cheri	951	Bump docs-resources from `a41c354` to `c066d8f`	closed	dependabot[bot]	2026-02-17T00:53:32Z	2026-02-17T01:01:44Z	dependencies;submodules	
riscv-cheri	949	Bump docs-resources from `40aed03` to `a41c354`	closed	2026-02-16T08:29:53Z	dependabot[bot]	2026-02-16T00:54:53Z	2026-02-16T08:29:55Z	dependencies;submodules
riscv-cheri	948	Spelling and grammar pass 097	closed	2026-02-15T14:30:33Z	arichardson	2026-02-15T07:46:16Z	2026-02-15T14:30:38Z	documentation
riscv-cheri	933	4-bit pte scheme to support all states of existing revoker software	closed	2026-02-14T08:09:06Z	tariqkurd-repo	2026-02-03T10:13:55Z	2026-02-14T08:09:07Z	change-post-0.9.6
riscv-cheri	944	ymodew: remove unnecessary requirement of rs1's failing integrity check	closed	2026-02-13T08:41:02Z	Flowdalic	2026-02-11T10:40:38Z	2026-02-13T08:51:34Z	documentation
riscv-cheri	942	ypermc: clarify that the fixed point is not just a set of permissions	closed	2026-02-13T08:48:04Z	Flowdalic	2026-02-11T10:40:05Z	2026-02-13T08:48:04Z	documentation
riscv-cheri	940	Fix fault type in exception table	closed	2026-02-13T08:42:46Z	tariqkurd-repo	2026-02-10T17:11:19Z	2026-02-13T08:42:46Z	documentation
riscv-cheri	900	Clarify behaviour of prefetch instructions	closed	2026-02-13T08:33:09Z	tariqkurd-repo	2025-12-16T09:55:44Z	2026-02-13T08:33:09Z	documentation
riscv-cheri	945	drootcsel is WARL	closed	2026-02-12T15:34:09Z	tariqkurd-repo	2026-02-12T11:52:31Z	2026-02-12T15:34:10Z	documentation
riscv-cheri	943	integrity checks: clarify that this is about valid capabilities	closed	2026-02-12T14:53:17Z	Flowdalic	2026-02-11T10:40:22Z	2026-02-12T15:19:54Z	documentation
riscv-cheri	932	Clarify what the various Xstateen0.TID bits control access to.	closed	2026-02-11T17:33:02Z	awiseAtCodasip	2026-02-02T16:04:34Z	2026-02-11T17:33:02Z	documentation
riscv-cheri	939	Bump docs-resources from `7a9931f` to `40aed03`	closed	2026-02-09T09:00:19Z	dependabot[bot]	2026-02-09T00:54:55Z	2026-02-09T09:00:22Z	dependencies;submodules
riscv-cheri	929	Fix up Svucrg so load faults and AMOs work	closed	tariqkurd-repo	2026-01-30T17:11:01Z	2026-02-06T09:43:02Z	change-post-0.9.6	
riscv-cheri	937	Bump docs-resources from `be002f1` to `7a9931f`	closed	2026-02-06T09:42:13Z	dependabot[bot]	2026-02-06T00:53:47Z	2026-02-06T09:42:15Z	dependencies;submodules
riscv-cheri	935	Remove redundant Xtval RVY text	closed	2026-02-05T15:49:47Z	tariqkurd-repo	2026-02-05T13:03:30Z	2026-02-05T15:49:47Z	documentation
riscv-cheri	936	Temporary: change SRLIY encoding to avoid clash with old SCBNDSI	closed	tariqkurd-repo	2026-02-05T15:33:55Z	2026-02-05T15:49:27Z		
riscv-cheri	931	Fix heading levels for priv spec integration	closed	2026-02-05T10:13:56Z	tariqkurd-repo	2026-02-02T14:15:43Z	2026-02-05T10:13:56Z	documentation
riscv-cheri	934	Fix a typo in srliy/gchi func5 definition.	closed	2026-02-05T09:41:11Z	rrcswork	2026-02-04T17:03:35Z	2026-02-05T10:13:02Z	documentation
riscv-cheri	930	Bump docs-resources from `b5eaf50` to `be002f1`	closed	2026-02-02T21:38:42Z	dependabot[bot]	2026-02-02T00:55:14Z	2026-02-02T21:38:44Z	dependencies;submodules
riscv-cheri	919	Svucrg clarification	closed	2026-01-29T18:32:54Z	tariqkurd-repo	2026-01-20T13:54:53Z	2026-01-30T11:24:02Z	documentation
riscv-cheri	926	Clarify M=1 X=0 spec	closed	2026-01-29T18:34:01Z	tariqkurd-repo	2026-01-29T11:34:56Z	2026-01-29T18:34:01Z	documentation
riscv-cheri	927	fix typo	closed	2026-01-29T18:33:22Z	tariqkurd-repo	2026-01-29T15:34:13Z	2026-01-29T18:33:22Z	documentation
riscv-cheri	921	cheri-pte-ext: fix note	closed	Flowdalic	2026-01-22T14:57:16Z	2026-01-23T07:46:30Z		
riscv-cheri	913	Svucrg clarification	closed	tariqkurd-repo	2025-12-30T15:03:35Z	2026-01-20T13:55:24Z	documentation	
riscv-cheri	918	Fix tag clearing for YBNDRW	closed	2026-01-20T09:43:51Z	James-Williams	2026-01-19T17:50:11Z	2026-01-20T09:43:52Z	documentation
riscv-cheri	912	fix table	closed	2025-12-30T14:33:50Z	tariqkurd-repo	2025-12-30T12:19:39Z	2025-12-30T14:33:51Z	
riscv-cheri	910	fix periods	closed	2025-12-29T16:30:29Z	tariqkurd-repo	2025-12-29T08:58:51Z	2025-12-29T16:30:29Z	
riscv-cheri	909	Bump docs-resources from `edf32fb` to `b5eaf50`	closed	2025-12-29T08:51:32Z	dependabot[bot]	2025-12-29T00:12:35Z	2025-12-29T08:51:33Z	dependencies;submodules
riscv-cheri	905	Bump docs-resources from `8789870` to `edf32fb`	closed	2025-12-19T09:25:44Z	dependabot[bot]	2025-12-19T00:14:15Z	2025-12-19T09:25:46Z	dependencies;submodules
riscv-cheri	902	jumps not authorised by PCC in hybrid mode	closed	2025-12-18T11:33:46Z	tariqkurd-repo	2025-12-17T11:23:05Z	2025-12-18T11:33:46Z	documentation
riscv-cheri	904	Bump docs-resources from `d644eb9` to `8789870`	closed	2025-12-18T11:31:52Z	dependabot[bot]	2025-12-18T00:13:19Z	2025-12-18T11:31:54Z	dependencies;submodules
riscv-cheri	903	fix mcause numbers	closed	2025-12-18T11:31:37Z	tariqkurd-repo	2025-12-17T13:00:37Z	2025-12-18T11:31:37Z	documentation
riscv-cheri	901	fix page break formatting	closed	2025-12-17T09:27:46Z	tariqkurd-repo	2025-12-16T10:10:49Z	2025-12-17T09:27:46Z	documentation
riscv-cheri	853	push YBLD into Zybld	closed	2025-11-25T17:48:25Z	tariqkurd-repo	2025-11-20T10:47:24Z	2025-12-15T15:53:12Z	change-post-0.9.6
riscv-cheri	899	Bump actions/upload-artifact from 5 to 6	closed	2025-12-15T05:41:55Z	dependabot[bot]	2025-12-15T00:27:24Z	2025-12-15T05:41:57Z	dependencies;github_actions
riscv-cheri	898	Bump actions/upload-pages-artifact from 3 to 4	closed	2025-12-12T06:06:57Z	dependabot[bot]	2025-12-12T00:30:24Z	2025-12-12T06:06:59Z	dependencies;github_actions
riscv-cheri	897	Remove "begin new" annotations in preparation for release tag	closed	2025-12-11T20:32:13Z	arichardson	2025-12-11T17:59:31Z	2025-12-11T20:32:19Z	
riscv-cheri	894	Bump actions/setup-python from 5 to 6	closed	2025-12-11T18:27:46Z	dependabot[bot]	2025-12-11T17:58:40Z	2025-12-11T18:27:48Z	dependencies;github_actions
riscv-cheri	890	fix overlapping encoding with ybndsrw	closed	2025-12-11T18:21:29Z	tariqkurd-repo	2025-12-11T11:12:26Z	2025-12-11T18:21:29Z	change-post-0.9.6
riscv-cheri	892	Bump docs-resources from `75d6a61` to `d644eb9`	closed	2025-12-11T18:18:25Z	dependabot[bot]	2025-12-11T17:58:35Z	2025-12-11T18:18:27Z	dependencies;submodules
riscv-cheri	891	Bump actions/upload-artifact from 4 to 5	closed	2025-12-11T18:15:55Z	dependabot[bot]	2025-12-11T17:58:33Z	2025-12-11T18:15:57Z	dependencies;github_actions
riscv-cheri	893	Bump actions/github-script from 6 to 8	closed	2025-12-11T18:14:53Z	dependabot[bot]	2025-12-11T17:58:36Z	2025-12-11T18:14:55Z	dependencies;github_actions
riscv-cheri	895	Bump pre-commit/action from 3.0.0 to 3.0.1	closed	2025-12-11T18:14:16Z	dependabot[bot]	2025-12-11T17:58:43Z	2025-12-11T18:14:18Z	dependencies;github_actions
riscv-cheri	896	Bump actions/checkout from 5 to 6	closed	2025-12-11T18:13:49Z	dependabot[bot]	2025-12-11T17:58:48Z	2025-12-11T18:13:51Z	dependencies;github_actions
riscv-cheri	888	Sync with isa manual	closed	2025-12-11T17:57:55Z	arichardson	2025-12-11T05:58:05Z	2025-12-11T18:06:26Z	
riscv-cheri	889	ybndswi immediate isn't signed	closed	2025-12-11T15:23:10Z	tariqkurd-repo	2025-12-11T09:54:31Z	2025-12-11T15:23:10Z	documentation
riscv-cheri	887	Bump docs-resources from `eefda19` to `75d6a61`	closed	2025-12-11T06:08:55Z	dependabot[bot]	2025-12-11T00:16:34Z	2025-12-11T06:08:57Z	dependencies;submodules
riscv-cheri	886	Bump docs-resources from `d631f07` to `eefda19`	closed	2025-12-10T11:00:35Z	dependabot[bot]	2025-12-10T00:16:45Z	2025-12-10T11:00:36Z	dependencies;submodules
riscv-cheri	883	Clarify reset values for CSRs, in line with priv spec	closed	2025-12-09T18:06:12Z	tariqkurd-repo	2025-12-05T10:02:52Z	2025-12-09T18:10:13Z	documentation
riscv-cheri	885	Bump docs-resources from `8bd1a63` to `d631f07`	closed	2025-12-09T03:25:15Z	dependabot[bot]	2025-12-09T00:14:20Z	2025-12-09T03:25:17Z	dependencies;submodules
riscv-cheri	884	Bump docs-resources from `8bd1a63` to `08bdece`	closed	dependabot[bot]	2025-12-08T00:14:57Z	2025-12-09T00:14:24Z	dependencies;submodules	
riscv-cheri	880	make JALR more readable	closed	2025-12-08T17:58:38Z	tariqkurd-repo	2025-12-03T18:08:47Z	2025-12-08T17:58:39Z	documentation
riscv-cheri	877	mark "future extensions may..." as notes	closed	2025-12-05T18:37:51Z	tariqkurd-repo	2025-12-03T13:12:57Z	2025-12-05T18:37:51Z	documentation
riscv-cheri	882	Bump docs-resources from `8bda051` to `8bd1a63`	closed	2025-12-05T09:36:31Z	dependabot[bot]	2025-12-05T00:19:48Z	2025-12-05T09:36:33Z	dependencies;submodules
riscv-cheri	878	fix YMODEW to have full integrity checks	closed	2025-12-04T09:04:06Z	tariqkurd-repo	2025-12-03T16:03:27Z	2025-12-04T09:04:06Z	change-post-0.9.6
riscv-cheri	881	Bump docs-resources from `80ef127` to `8bda051`	closed	2025-12-04T09:02:40Z	dependabot[bot]	2025-12-04T00:15:56Z	2025-12-04T09:02:42Z	dependencies;submodules
riscv-cheri	879	uncontroversial subset of PR 877	closed	2025-12-03T21:37:37Z	tariqkurd-repo	2025-12-03T16:58:22Z	2025-12-03T21:37:37Z	documentation
riscv-cheri	876	Proofreading	closed	tariqkurd-repo	2025-12-03T13:03:35Z	2025-12-03T13:13:19Z		
riscv-cheri	874	Bump docs-resources from `116d24e` to `80ef127`	closed	2025-12-03T09:10:44Z	dependabot[bot]	2025-12-03T00:17:21Z	2025-12-03T09:10:46Z	dependencies;submodules
riscv-cheri	858	First draft of CHERIoT encoding chapters.	closed	2025-12-02T23:43:04Z	rmn30	2025-11-25T19:28:58Z	2025-12-02T23:43:04Z	change-post-0.9.6
riscv-cheri	870	Zybndsrd	closed	2025-12-02T18:26:44Z	nwf	2025-11-28T20:33:38Z	2025-12-02T18:26:44Z	new extension;change-post-0.9.6
riscv-cheri	868	YTOPR	closed	2025-12-02T15:44:23Z	tariqkurd-repo	2025-11-28T17:32:55Z	2025-12-02T15:44:23Z	new extension;change-post-0.9.6
riscv-cheri	867	Add Svucrg enable bit.	closed	2025-12-02T12:48:38Z	qwattash	2025-11-28T08:47:23Z	2025-12-02T12:48:38Z	change-post-0.9.6
riscv-cheri	872	Zys -> Zysentry	closed	2025-12-01T17:08:34Z	tariqkurd-repo	2025-12-01T09:25:04Z	2025-12-01T17:08:34Z	change-post-0.9.6
riscv-cheri	869	nwf/20251128 last-minute notes	closed	2025-12-01T17:07:58Z	nwf	2025-11-28T18:44:30Z	2025-12-01T17:07:58Z	documentation
riscv-cheri	871	Bump docs-resources from `22a17b0` to `116d24e`	closed	2025-12-01T11:21:45Z	dependabot[bot]	2025-12-01T00:36:13Z	2025-12-01T11:21:47Z	dependencies;submodules
riscv-cheri	865	allow revocation tag clearing in LY defn	closed	2025-11-28T15:44:24Z	tariqkurd-repo	2025-11-27T17:12:33Z	2025-11-28T15:44:24Z	documentation
riscv-cheri	866	Bump docs-resources from `49eff17` to `22a17b0`	closed	2025-11-28T14:05:46Z	dependabot[bot]	2025-11-28T00:13:20Z	2025-11-28T14:05:48Z	dependencies;submodules
riscv-cheri	863	Svucrg: Reword PTE bits extension.	closed	qwattash	2025-11-27T11:23:21Z	2025-11-27T17:22:23Z	change-post-0.9.6	
riscv-cheri	862	Tweak CBLD prose	closed	2025-11-27T17:20:57Z	nwf	2025-11-27T05:54:37Z	2025-11-27T17:20:58Z	documentation
riscv-cheri	864	remove cheriot as a future encoding, and comment out dedicated chapter	closed	tariqkurd-repo	2025-11-27T14:30:45Z	2025-11-27T17:20:34Z	documentation	
riscv-cheri	861	refactor .ct into YBLD rules	closed	tariqkurd-repo	2025-11-26T18:11:15Z	2025-11-27T05:47:26Z	change-post-0.9.6	
riscv-cheri	860	enable vector for v1 ratification	closed	2025-11-26T16:27:24Z	tariqkurd-repo	2025-11-26T09:34:15Z	2025-11-26T16:27:24Z	
riscv-cheri	859	Various small grammar and spelling fixes	closed	2025-11-26T16:12:52Z	arichardson	2025-11-26T00:27:36Z	2025-11-26T16:12:55Z	
riscv-cheri	852	put ifdefs around Xycfg	closed	2025-11-25T22:33:40Z	tariqkurd-repo	2025-11-20T09:54:27Z	2025-11-25T22:33:40Z	change-post-0.9.6
riscv-cheri	857	Add CHERIoT encoding chapters	closed	rmn30	2025-11-25T18:50:04Z	2025-11-25T19:29:29Z		
riscv-cheri	856	Bump docs-resources from `1660fd9` to `49eff17`	closed	2025-11-25T17:48:47Z	dependabot[bot]	2025-11-24T00:24:23Z	2025-11-25T17:48:49Z	dependencies;submodules
riscv-cheri	845	Draft of _L<params> for capability encodings	closed	2025-11-25T17:47:09Z	arichardson	2025-11-13T05:53:15Z	2025-11-25T17:47:13Z	change-post-0.9.6
riscv-cheri	854	fix priv xrefs	closed	2025-11-21T09:42:46Z	tariqkurd-repo	2025-11-20T10:54:37Z	2025-11-21T09:42:47Z	documentation
riscv-cheri	851	Bump docs-resources from `098f02b` to `1660fd9`	closed	2025-11-19T17:17:05Z	dependabot[bot]	2025-11-19T00:15:17Z	2025-11-19T17:17:07Z	dependencies;submodules
riscv-cheri	849	Bump docs-resources from `098f02b` to `8e51e9f`	closed	dependabot[bot]	2025-11-18T00:17:07Z	2025-11-19T00:15:21Z	dependencies;submodules	
riscv-cheri	850	zyhybrid: clarify role of rs1 in (Non-CHERI) Address Mode	closed	2025-11-18T17:59:35Z	Flowdalic	2025-11-18T15:56:44Z	2025-11-18T20:05:03Z	
riscv-cheri	846	Zyhybrid tweaks	closed	2025-11-14T21:46:58Z	nwf	2025-11-13T18:09:52Z	2025-11-14T21:46:58Z	
riscv-cheri	848	Minor fix for zylevels1 description	closed	2025-11-14T17:20:57Z	francislaus	2025-11-14T13:06:23Z	2025-11-14T17:20:57Z	
riscv-cheri	839	clarify base strategy	closed	tariqkurd-repo	2025-11-05T19:44:16Z	2025-11-14T02:29:53Z		
riscv-cheri	844	Fixes in zylevels1	closed	2025-11-12T15:41:26Z	francislaus	2025-11-12T14:48:18Z	2025-11-12T16:11:35Z	
riscv-cheri	843	Bump docs-resources from `7f7f63a` to `098f02b`	closed	2025-11-11T09:00:48Z	dependabot[bot]	2025-11-11T00:20:40Z	2025-11-11T09:00:50Z	dependencies;submodules
riscv-cheri	842	Bump docs-resources from `75c71b5` to `7f7f63a`	closed	2025-11-10T08:55:44Z	dependabot[bot]	2025-11-10T00:28:04Z	2025-11-10T08:55:45Z	dependencies;submodules
riscv-cheri	841	Bump docs-resources from `75c71b5` to `93422ee`	closed	dependabot[bot]	2025-11-07T00:17:49Z	2025-11-10T00:28:08Z	dependencies;submodules	
riscv-cheri	838	CL -> GL rename	closed	2025-11-05T19:59:10Z	tariqkurd-repo	2025-11-05T18:02:55Z	2025-11-05T19:59:10Z	
riscv-cheri	837	Bump docs-resources from `8b88469` to `75c71b5`	closed	2025-11-03T15:37:08Z	dependabot[bot]	2025-11-03T00:20:11Z	2025-11-03T15:37:10Z	dependencies;submodules
riscv-cheri	836	Bump docs-resources from `d71e312` to `8b88469`	closed	2025-10-29T11:06:02Z	dependabot[bot]	2025-10-29T00:15:29Z	2025-10-29T11:06:03Z	dependencies;submodules
riscv-cheri	835	Bump docs-resources from `d71e312` to `07ae7be`	closed	dependabot[bot]	2025-10-28T01:09:10Z	2025-10-29T00:15:33Z	dependencies;submodules	
riscv-cheri	831	Bump docs-resources from `d71e312` to `4b6af80`	closed	dependabot[bot]	2025-10-20T00:24:39Z	2025-10-26T19:15:46Z	dependencies;submodules	
riscv-cheri	827	riscv-unpriv-integration: (trivial) fix the wording	closed	2025-10-24T21:29:07Z	martin-kaiser	2025-10-09T09:55:43Z	2025-10-24T21:29:21Z	documentation
riscv-cheri	822	clarify mtval reporting for bounds faults	closed	tariqkurd-repo	2025-10-02T12:14:10Z	2025-10-24T21:28:09Z		
riscv-cheri	830	Bump docs-resources from `d71e312` to `14a3283`	closed	dependabot[bot]	2025-10-17T00:14:25Z	2025-10-20T00:24:42Z	dependencies;submodules	
riscv-cheri	829	Bump docs-resources from `d71e312` to `4bf7840`	closed	dependabot[bot]	2025-10-16T00:36:40Z	2025-10-17T00:14:28Z	dependencies;submodules	
riscv-cheri	828	Bump docs-resources from `c90c0bf` to `d71e312`	closed	2025-10-13T17:47:57Z	dependabot[bot]	2025-10-13T00:19:19Z	2025-10-13T17:47:59Z	dependencies;submodules
riscv-cheri	825	YPERMC permissions readability improvements	closed	2025-10-06T08:21:28Z	tariqkurd-repo	2025-10-03T14:53:26Z	2025-10-06T08:21:28Z	documentation
riscv-cheri	821	Enforce integrity checks	closed	2025-10-02T16:16:24Z	tariqkurd-repo	2025-10-02T09:50:11Z	2025-10-02T16:16:24Z	
riscv-cheri	824	Zylevels1: remove optional imposition on YPERMC	closed	2025-10-02T16:15:12Z	nwf	2025-10-02T15:18:26Z	2025-10-02T16:15:12Z	
riscv-cheri	817	Add isa deltas since 0.9.5	closed	2025-10-02T09:50:35Z	tariqkurd-repo	2025-09-30T16:53:18Z	2025-10-02T09:50:35Z	documentation
riscv-cheri	820	Bump docs-resources from `ff1e5eb` to `c90c0bf`	closed	2025-10-02T07:57:50Z	dependabot[bot]	2025-10-02T00:14:52Z	2025-10-02T07:57:52Z	dependencies;submodules
riscv-cheri	819	Made use of TID vs TIDC consistent	closed	2025-10-01T13:12:00Z	francislaus	2025-10-01T09:14:49Z	2025-10-01T13:12:01Z	
riscv-cheri	818	Bump docs-resources from `6ef1a1f` to `ff1e5eb`	closed	2025-10-01T07:46:11Z	dependabot[bot]	2025-10-01T00:21:30Z	2025-10-01T07:46:13Z	dependencies;submodules
riscv-cheri	816	put C.JAL into Zca	closed	2025-09-30T16:59:54Z	tariqkurd-repo	2025-09-30T16:46:31Z	2025-09-30T16:59:55Z	
riscv-cheri	815	reinstantiate YLEN CSR table, and fix xrefs	closed	2025-09-30T14:35:51Z	tariqkurd-repo	2025-09-30T09:45:28Z	2025-09-30T14:35:51Z	
riscv-cheri	793	Finish renaming to rvy_sentry_insn_ext	closed	2025-09-19T02:19:58Z	nwf	2025-09-19T02:17:10Z	2025-09-30T14:05:24Z	documentation
riscv-cheri	698	resinstate Zabhlrsc encodings	closed	2025-08-04T14:26:22Z	tariqkurd-repo	2025-08-04T12:20:47Z	2025-09-30T13:43:16Z	documentation
riscv-cheri	686	Drop note that branches can raise exceptions	closed	2025-07-30T16:25:02Z	arichardson	2025-07-30T01:36:45Z	2025-09-30T13:39:50Z	documentation
riscv-cheri	545	Update for ratified spec: Zilsd, Zclsd	closed	2025-02-26T20:22:09Z	tariqkurd-repo	2025-02-24T09:32:53Z	2025-09-30T13:08:52Z	change-post-0.9.5
riscv-cheri	501	Ensure GCPERM result is forwards-compatible with software	closed	2025-02-14T02:01:50Z	arichardson	2025-01-07T19:50:54Z	2025-09-30T13:07:27Z	change-pre-0.9.5
riscv-cheri	509	sealed exceptions missing	closed	2025-01-23T16:04:51Z	tariqkurd-repo	2025-01-23T15:58:39Z	2025-09-30T13:05:45Z	documentation
riscv-cheri	512	clarify top bound and how it feeds into rep range check	closed	2025-02-03T14:27:25Z	tariqkurd-repo	2025-01-30T14:28:33Z	2025-09-30T13:05:22Z	documentation
riscv-cheri	511	Minor changes from read-through	closed	2025-01-30T12:34:21Z	arichardson	2025-01-30T00:21:20Z	2025-09-30T13:05:21Z	documentation
riscv-cheri	515	cheripte: Make PTE bits reserved in guest page tables	closed	2025-02-04T15:12:05Z	chrehrhardt	2025-01-31T08:25:56Z	2025-09-30T13:05:03Z	change-pre-0.9.5
riscv-cheri	518	clarify mtval2/stval2/vstval2 handling	closed	2025-02-06T11:16:27Z	tariqkurd-repo	2025-02-04T14:14:25Z	2025-09-30T13:04:28Z	change-pre-0.9.5
riscv-cheri	517	FoF clarification	closed	2025-02-05T17:10:15Z	tariqkurd-repo	2025-02-03T14:24:33Z	2025-09-30T13:03:46Z	change-pre-0.9.5
riscv-cheri	516	stop using term executable vector	closed	2025-02-03T16:21:47Z	tariqkurd-repo	2025-02-03T09:08:36Z	2025-09-30T13:03:11Z	documentation
riscv-cheri	524	Fix indentation of sub-items	closed	2025-02-07T02:13:24Z	arichardson	2025-02-05T19:20:17Z	2025-09-30T13:02:56Z	documentation
riscv-cheri	520	Minor revision	closed	2025-02-05T19:10:27Z	marnovandermaas	2025-02-05T12:22:59Z	2025-09-30T13:02:55Z	documentation
riscv-cheri	527	Remove xtdc CSRs zcherihybrid extension	closed	2025-02-07T14:10:00Z	andresag01	2025-02-07T07:08:07Z	2025-09-30T13:02:44Z	change-pre-0.9.5
riscv-cheri	528	Write note about traps for capability stores	closed	2025-02-07T14:07:01Z	andresag01	2025-02-07T07:20:22Z	2025-09-30T13:02:29Z	documentation
riscv-cheri	550	make M-bit dependent on X for RV64	closed	2025-03-05T17:12:11Z	tariqkurd-repo	2025-02-28T13:31:51Z	2025-09-30T13:01:56Z	change-post-0.9.5
riscv-cheri	544	Improve consistency of CSR descriptions	closed	2025-02-26T18:00:43Z	arichardson	2025-02-21T20:10:05Z	2025-09-30T13:00:52Z	documentation
riscv-cheri	542	do mtvecc rep check with MODE field zeroed	closed	2025-03-13T17:08:25Z	tariqkurd-repo	2025-02-19T13:19:25Z	2025-09-30T13:00:04Z	change-post-0.9.5
riscv-cheri	531	CHERI PTE fault overhaul	closed	2025-02-12T17:45:27Z	tariqkurd-repo	2025-02-12T11:15:47Z	2025-09-30T12:59:18Z	change-pre-0.9.5
riscv-cheri	547	Clarify CHERI PTE fault priority when 2-stage translation is in use	closed	2025-03-03T10:23:29Z	tariqkurd-repo	2025-02-26T11:45:53Z	2025-09-30T12:58:11Z	change-post-0.9.5
riscv-cheri	526	Replace bounds decoding ascii art with bytefield diagram	closed	2025-02-07T02:13:59Z	andresag01	2025-02-06T05:45:16Z	2025-09-30T12:52:56Z	documentation
riscv-cheri	541	Update specifications status to "Stable"	closed	2025-02-20T16:19:18Z	arichardson	2025-02-18T19:49:03Z	2025-09-30T12:52:27Z	documentation
riscv-cheri	539	Update contributors.	closed	2025-02-17T23:41:18Z	pmundkur	2025-02-16T22:43:04Z	2025-09-30T12:52:26Z	documentation
riscv-cheri	538	Minor wording fix for mtvecc vectored check	closed	2025-02-17T09:20:19Z	tomaird	2025-02-14T15:05:02Z	2025-09-30T12:52:26Z	documentation
riscv-cheri	543	Bump docs-resources from `62576cd` to `1d5bcd2`	closed	2025-02-21T19:34:49Z	dependabot[bot]	2025-02-20T01:04:15Z	2025-09-30T12:52:08Z	documentation;dependencies
riscv-cheri	546	fix typo in rep range section	closed	2025-02-25T13:37:37Z	tariqkurd-repo	2025-02-24T17:31:04Z	2025-09-30T12:51:53Z	documentation
riscv-cheri	559	If CRE=0, PTE bits are reserved	closed	2025-03-13T16:38:47Z	tariqkurd-repo	2025-03-13T12:11:15Z	2025-09-30T12:51:35Z	change-post-0.9.5
riscv-cheri	564	remove PTE bits being reserved	closed	2025-03-14T17:29:40Z	tariqkurd-repo	2025-03-14T13:35:03Z	2025-09-30T12:50:02Z	change-post-0.9.5
riscv-cheri	569	add note about ACPERM without Zcherilevels	closed	2025-03-26T15:13:12Z	tariqkurd-repo	2025-03-24T11:43:21Z	2025-09-30T12:48:13Z	change-post-0.9.5
riscv-cheri	576	Clarify CHERI page fault dependence on PTE.U	closed	2025-04-16T14:19:54Z	Timmmm	2025-04-11T09:28:52Z	2025-09-30T12:47:44Z	change-post-0.9.5
riscv-cheri	584	ARC feedback on unpriv	closed	2025-04-24T09:46:08Z	tariqkurd-repo	2025-04-23T14:39:51Z	2025-09-30T12:45:34Z	change-post-0.9.5
riscv-cheri	585	Attempt to create consistency regarding commas around e.g. and i.e.	closed	2025-04-25T12:09:31Z	francislaus	2025-04-24T07:28:58Z	2025-09-30T12:44:42Z	documentation
riscv-cheri	590	clarify implicit ACPERM behaviour	closed	2025-05-08T14:44:01Z	tariqkurd-repo	2025-04-25T12:31:48Z	2025-09-30T12:44:25Z	documentation
riscv-cheri	600	Lots of unpriv spec reviewing 	closed	2025-05-08T10:37:49Z	tariqkurd-repo	2025-05-06T17:20:40Z	2025-09-30T12:44:08Z	documentation
riscv-cheri	602	rework unpriv CSR section	closed	2025-05-20T09:39:26Z	tariqkurd-repo	2025-05-07T15:21:07Z	2025-09-30T12:41:56Z	documentation
riscv-cheri	607	Revert back to requiring whole-line bounds for CBO.INVAL	closed	2025-05-16T09:02:11Z	jrtc27	2025-05-15T21:03:31Z	2025-09-30T12:41:31Z	documentation
riscv-cheri	620	add hybrid boot comment	closed	2025-06-05T07:55:40Z	tariqkurd-repo	2025-06-04T13:45:57Z	2025-09-30T12:41:09Z	documentation
riscv-cheri	624	attempting to separate out code and data checks	closed	2025-06-10T08:49:02Z	tariqkurd-repo	2025-06-06T13:59:40Z	2025-09-30T12:40:43Z	documentation
riscv-cheri	598	fix amoswap.c defn	closed	2025-05-06T09:46:49Z	tariqkurd-repo	2025-05-02T10:39:08Z	2025-09-30T12:40:05Z	documentation
riscv-cheri	641	Improve description of EF=0 and EF=1 cases for clarity.	closed	2025-06-23T21:41:57Z	jonwoodruff	2025-06-23T10:32:21Z	2025-09-30T12:39:45Z	documentation
riscv-cheri	662	add missing integrity check into ACPERM	closed	2025-07-17T09:15:04Z	tariqkurd-repo	2025-07-15T09:46:53Z	2025-09-30T12:39:29Z	change-post-0.9.5
riscv-cheri	554	making c.addi16sp/c.addi4spn more consistent with the RISC-V arch spec	closed	2025-03-10T19:04:33Z	tariqkurd-repo	2025-03-10T12:21:14Z	2025-09-30T12:38:30Z	documentation
riscv-cheri	604	reapply changes from PR 600	closed	2025-05-08T11:03:42Z	tariqkurd-repo	2025-05-08T10:52:46Z	2025-09-30T12:37:57Z	documentation
riscv-cheri	595	instruction page readability improvements	closed	2025-05-06T10:04:55Z	tariqkurd-repo	2025-04-30T13:43:18Z	2025-09-30T12:37:30Z	documentation
riscv-cheri	637	Minor consistency fixes in scss and cbld instructions	closed	2025-06-20T12:15:13Z	francislaus	2025-06-20T11:24:11Z	2025-09-30T12:37:16Z	documentation
riscv-cheri	634	fix permission check wording to be unambiguous	closed	2025-06-20T12:15:31Z	tariqkurd-repo	2025-06-19T11:58:42Z	2025-09-30T12:37:02Z	documentation
riscv-cheri	625	Add comment on PCC	closed	2025-06-18T09:07:06Z	tariqkurd-repo	2025-06-10T10:26:50Z	2025-09-30T12:36:55Z	documentation
riscv-cheri	563	small fixes	closed	2025-03-14T13:32:12Z	tariqkurd-repo	2025-03-14T13:31:45Z	2025-09-30T12:36:36Z	documentation
riscv-cheri	560	Clarify scbndsr rounding	closed	2025-03-13T15:07:02Z	PeterRugg	2025-03-13T14:34:30Z	2025-09-30T12:36:35Z	documentation
riscv-cheri	556	CSR cleanup	closed	2025-03-12T09:05:41Z	tariqkurd-repo	2025-03-11T15:57:49Z	2025-09-30T12:36:34Z	documentation
riscv-cheri	553	Add note about PTW	closed	2025-03-05T17:17:00Z	tariqkurd-repo	2025-03-05T11:28:53Z	2025-09-30T12:36:34Z	documentation
riscv-cheri	586	clean up cap instruction page section, and some other improvements	closed	2025-04-30T13:41:18Z	tariqkurd-repo	2025-04-24T11:33:34Z	2025-09-30T12:36:08Z	documentation
riscv-cheri	632	Addressing ARC Priv feedback	closed	2025-06-20T14:23:38Z	tariqkurd-repo	2025-06-18T12:19:48Z	2025-09-30T12:35:28Z	documentation
riscv-cheri	640	add mtvecc note	closed	2025-06-24T11:44:05Z	tariqkurd-repo	2025-06-23T09:32:29Z	2025-09-30T12:35:02Z	documentation
riscv-cheri	573	minor fix to c.scsp	closed	2025-03-31T14:51:45Z	tariqkurd-repo	2025-03-31T14:51:05Z	2025-09-30T12:34:34Z	documentation
riscv-cheri	570	fix major opcode label for SH4ADD.UW	closed	2025-03-24T14:07:40Z	tariqkurd-repo	2025-03-24T14:07:24Z	2025-09-30T12:34:34Z	documentation
riscv-cheri	567	rep range clarifications	closed	2025-03-25T08:12:13Z	tariqkurd-repo	2025-03-24T11:26:31Z	2025-09-30T12:34:33Z	documentation
riscv-cheri	622	Proofreading and restructuring some sections for a better logical flow	closed	2025-06-06T09:25:51Z	tariqkurd-repo	2025-06-05T14:03:09Z	2025-09-30T12:33:57Z	documentation
riscv-cheri	619	riscv-unpriv: Fix up the description of Valid Tag	closed	2025-06-04T13:47:15Z	guoren83	2025-06-04T10:04:12Z	2025-09-30T12:33:56Z	documentation
riscv-cheri	612	reorganize and simplify CSR accesses, and extensive unpriv proofreading	closed	2025-05-23T20:19:45Z	tariqkurd-repo	2025-05-21T16:26:23Z	2025-09-30T12:33:56Z	documentation
riscv-cheri	610	improvements to readability	closed	2025-05-20T17:26:18Z	tariqkurd-repo	2025-05-19T16:29:18Z	2025-09-30T12:33:55Z	documentation
riscv-cheri	599	fix ifdef syntax	closed	2025-05-06T10:46:33Z	tariqkurd-repo	2025-05-06T10:46:18Z	2025-09-30T12:33:55Z	documentation
riscv-cheri	591	Minor consistency improvements	closed	2025-05-13T17:12:19Z	francislaus	2025-04-25T14:49:15Z	2025-09-30T12:33:54Z	documentation
riscv-cheri	650	Clarify ADD/CADD behaviour	closed	2025-07-07T13:25:13Z	tariqkurd-repo	2025-07-07T10:53:57Z	2025-09-30T12:33:07Z	documentation
riscv-cheri	645	instruction page cleanup	closed	2025-06-26T13:00:07Z	tariqkurd-repo	2025-06-26T12:39:16Z	2025-09-30T12:32:40Z	documentation
riscv-cheri	642	insn page tidy up	closed	2025-06-24T11:31:11Z	tariqkurd-repo	2025-06-24T10:58:37Z	2025-09-30T12:32:39Z	documentation
riscv-cheri	537	Fix encoding of C.FSD instruction	closed	2025-02-17T17:30:21Z	tomaird	2025-02-14T15:02:48Z	2025-09-30T12:32:09Z	documentation
riscv-cheri	534	update version	closed	2025-02-12T17:47:48Z	tariqkurd-repo	2025-02-12T17:47:28Z	2025-09-30T12:32:08Z	documentation
riscv-cheri	533	remove unnecessary line breaks	closed	2025-02-12T17:33:19Z	tariqkurd-repo	2025-02-12T16:46:19Z	2025-09-30T12:32:07Z	documentation
riscv-cheri	532	Revert MXLEN to XLEN in RV memory description	closed	2025-03-04T09:52:38Z	andresag01	2025-02-12T11:51:31Z	2025-09-30T12:32:07Z	documentation
riscv-cheri	530	small fixes	closed	2025-02-10T16:41:48Z	tariqkurd-repo	2025-02-10T16:25:27Z	2025-09-30T12:32:06Z	documentation
riscv-cheri	529	bump version number	closed	2025-02-07T14:17:17Z	tariqkurd-repo	2025-02-07T14:16:13Z	2025-09-30T12:32:06Z	documentation
riscv-cheri	525	Changes to pointer masking	closed	2025-02-13T22:16:51Z	LawrenceEsswood	2025-02-05T21:31:29Z	2025-09-30T12:32:05Z	documentation
riscv-cheri	652	tidy up exception reporting using tables	closed	2025-07-08T08:59:41Z	tariqkurd-repo	2025-07-07T15:36:57Z	2025-09-30T12:28:09Z	documentation
riscv-cheri	651	tidy up removal of branch fault, and add note about invalid address fault	closed	2025-07-07T14:08:17Z	tariqkurd-repo	2025-07-07T11:46:46Z	2025-09-30T12:28:08Z	documentation
riscv-cheri	675	Address latest round of unpriv ARC feedback	closed	2025-07-29T17:15:28Z	arichardson	2025-07-28T07:16:53Z	2025-09-30T12:27:38Z	documentation
riscv-cheri	671	Bump docs-resources from `1d5bcd2` to `3a40e07`	closed	2025-07-24T15:32:18Z	dependabot[bot]	2025-07-24T00:37:36Z	2025-09-30T12:26:31Z	documentation;dependencies;submodules
riscv-cheri	656	JALR clarification	closed	2025-07-11T14:30:32Z	tariqkurd-repo	2025-07-09T16:26:23Z	2025-09-30T12:25:42Z	documentation
riscv-cheri	654	exception reworking	closed	2025-07-11T18:23:20Z	tariqkurd-repo	2025-07-08T12:44:34Z	2025-09-30T12:25:41Z	documentation;change-post-0.9.5
riscv-cheri	663	small fixes noticed when making the ACPERM PR	closed	2025-07-15T12:43:03Z	tariqkurd-repo	2025-07-15T09:49:01Z	2025-09-30T12:25:19Z	documentation
riscv-cheri	673	fix two typos	closed	2025-07-24T15:52:56Z	tariqkurd-repo	2025-07-24T14:38:18Z	2025-09-30T12:23:30Z	documentation
riscv-cheri	682	Drop virtual memory notes from unpriv atomics description	closed	2025-07-30T16:23:31Z	arichardson	2025-07-30T01:12:14Z	2025-09-30T12:23:18Z	documentation
riscv-cheri	685	Fix incorrect operand name in SCBNDS description	closed	2025-07-30T16:55:15Z	arichardson	2025-07-30T01:24:09Z	2025-09-30T12:23:04Z	documentation
riscv-cheri	713	Fix suggested assembly syntax for ADDIY aka CADDI aka CIncOffsetImm	closed	2025-08-18T22:02:36Z	jrtc27	2025-08-18T18:19:05Z	2025-09-30T12:22:54Z	change-post-0.9.5
riscv-cheri	712	Fix column heading for Table 21. Encoding of architectural permissions for MXLEN=32	closed	2025-08-19T11:25:23Z	david-henley	2025-08-18T13:07:27Z	2025-09-30T12:22:19Z	documentation
riscv-cheri	711	Tidy up RVC variables and tables 	closed	2025-08-18T12:46:48Z	tariqkurd-repo	2025-08-18T12:27:49Z	2025-09-30T12:22:19Z	documentation
riscv-cheri	696	Clean up C chapter	closed	2025-08-01T16:31:55Z	tariqkurd-repo	2025-08-01T10:10:15Z	2025-09-30T12:22:18Z	documentation
riscv-cheri	695	16-bit shift encodings are not HINTs for RVY	closed	2025-08-01T16:32:59Z	tariqkurd-repo	2025-08-01T10:03:02Z	2025-09-30T12:22:17Z	documentation
riscv-cheri	691	remove stale notes	closed	2025-07-30T18:03:23Z	tariqkurd-repo	2025-07-30T12:37:11Z	2025-09-30T12:22:16Z	documentation
riscv-cheri	688	Fix typo in attribute name	closed	2025-07-30T16:26:53Z	arichardson	2025-07-30T05:06:43Z	2025-09-30T12:22:16Z	documentation
riscv-cheri	678	tidying up	closed	2025-07-29T16:36:54Z	tariqkurd-repo	2025-07-29T16:23:22Z	2025-09-30T12:22:15Z	documentation
riscv-cheri	729	Fix permission compression with Zylevels1	closed	2025-08-26T15:28:41Z	nwf	2025-08-20T19:09:22Z	2025-09-30T12:21:26Z	change-post-0.9.5
riscv-cheri	743	Xycheriot extension & cap encoding	closed	2025-09-23T19:08:01Z	nwf	2025-08-29T21:44:42Z	2025-09-30T12:20:42Z	Important but after v1.0 ratification;change-post-0.9.5
riscv-cheri	748	Defined root caps should be unsealed	closed	2025-09-02T03:11:52Z	nwf	2025-09-01T17:55:08Z	2025-09-30T12:20:23Z	documentation
riscv-cheri	780	Add mediated sealing permissions and instructions	closed	2025-09-22T16:50:03Z	nwf	2025-09-11T17:31:30Z	2025-09-30T12:19:38Z	Important but after v1.0 ratification;unpriv cheri spec;change-post-0.9.5
riscv-cheri	719	fix typos	closed	2025-08-20T13:52:03Z	tariqkurd-repo	2025-08-20T13:34:26Z	2025-09-30T12:19:23Z	documentation
riscv-cheri	771	Update name of default encoding, and a bit of tidy-up around that	closed	2025-09-09T16:32:00Z	tariqkurd-repo	2025-09-09T11:03:05Z	2025-09-30T12:19:10Z	change-post-0.9.5
riscv-cheri	726	Small typo and xref fixes	closed	2025-08-20T15:20:54Z	arichardson	2025-08-20T14:53:36Z	2025-09-30T12:19:02Z	documentation
riscv-cheri	725	Small fixes found while refactoring	closed	2025-08-20T15:39:52Z	nwf	2025-08-20T14:44:29Z	2025-09-30T12:19:01Z	documentation
riscv-cheri	765	Remove Svy name	closed	2025-09-04T16:07:54Z	tariqkurd-repo	2025-09-04T11:34:52Z	2025-09-30T12:18:47Z	change-post-0.9.5
riscv-cheri	763	replace Smyre with Zyhybrid for Privileged Architectures	closed	2025-09-04T16:08:40Z	tariqkurd-repo	2025-09-04T10:21:12Z	2025-09-30T12:18:47Z	change-post-0.9.5
riscv-cheri	749	Move SH*ADDY from RVY base chapter to Zba	closed	2025-09-02T15:19:32Z	arichardson	2025-09-02T05:11:44Z	2025-09-30T12:18:46Z	change-post-0.9.5
riscv-cheri	732	rename execution modes	closed	2025-08-28T15:56:17Z	tariqkurd-repo	2025-08-22T15:35:42Z	2025-09-30T12:18:46Z	change-post-0.9.5
riscv-cheri	811	xycheriot: drop YBNDSWBigI	closed	2025-09-25T19:43:18Z	nwf	2025-09-25T15:36:44Z	2025-09-30T12:18:21Z	change-post-0.9.5
riscv-cheri	762	make C and Zca equivalent for RV64Y	closed	2025-09-08T08:56:10Z	tariqkurd-repo	2025-09-04T08:50:52Z	2025-09-30T12:18:07Z	documentation
riscv-cheri	739	Simplify hybrid mode chapter	closed	2025-08-28T09:34:46Z	arichardson	2025-08-28T06:05:11Z	2025-09-30T12:17:28Z	documentation
riscv-cheri	752	Fix remaining misa xrefs text	closed	2025-09-02T17:40:51Z	arichardson	2025-09-02T17:18:43Z	2025-09-30T12:17:03Z	documentation
riscv-cheri	751	Priv spec proofreading	closed	2025-09-02T17:08:51Z	tariqkurd-repo	2025-09-02T12:00:43Z	2025-09-30T12:17:02Z	documentation
riscv-cheri	755	Distinguish between capability values and variables (registers)	closed	2025-09-03T14:41:34Z	arichardson	2025-09-03T05:30:29Z	2025-09-30T12:16:52Z	documentation
riscv-cheri	754	More proofreading	closed	2025-09-03T04:44:35Z	arichardson	2025-09-03T00:08:51Z	2025-09-30T12:16:51Z	documentation
riscv-cheri	753	Proofreading	closed	2025-09-02T23:46:05Z	arichardson	2025-09-02T22:52:12Z	2025-09-30T12:16:51Z	documentation
riscv-cheri	744	Clean up instruction tables appendix	closed	2025-09-02T05:25:01Z	arichardson	2025-08-29T22:54:48Z	2025-09-30T12:16:36Z	documentation
riscv-cheri	738	730 minor cleanups	closed	2025-08-28T05:36:30Z	arichardson	2025-08-28T05:25:53Z	2025-09-30T12:16:16Z	documentation
riscv-cheri	733	Fix incorrect description for JALR	closed	2025-08-24T19:56:25Z	arichardson	2025-08-22T16:39:24Z	2025-09-30T12:15:50Z	documentation
riscv-cheri	735	priv spec review	closed	2025-08-27T16:02:24Z	tariqkurd-repo	2025-08-26T15:02:30Z	2025-09-30T12:15:24Z	documentation
riscv-cheri	758	More minor changes	closed	2025-09-03T16:13:57Z	arichardson	2025-09-03T16:10:40Z	2025-09-30T12:14:48Z	documentation
riscv-cheri	757	textual improvements to PTE chapter	closed	2025-09-03T16:08:06Z	tariqkurd-repo	2025-09-03T15:35:03Z	2025-09-30T12:14:47Z	documentation
riscv-cheri	756	make Svucrglct more visible in the extension list	closed	2025-09-03T15:08:59Z	tariqkurd-repo	2025-09-03T14:05:29Z	2025-09-30T12:14:46Z	documentation
riscv-cheri	766	speccification vs extension, and some other minor tidy-up	closed	2025-09-05T04:09:46Z	tariqkurd-repo	2025-09-04T16:39:31Z	2025-09-30T12:14:31Z	documentation
riscv-cheri	740	proofreading of Zylevels chapter	closed	2025-09-02T02:44:22Z	tariqkurd-repo	2025-08-28T16:22:31Z	2025-09-30T12:14:22Z	documentation
riscv-cheri	769	Fix comment in misc/rv32y_perms.hs	closed	2025-09-09T16:29:47Z	nwf	2025-09-05T20:49:40Z	2025-09-30T12:13:55Z	documentation
riscv-cheri	747	tidy up atomic pages - no spec changes	closed	2025-09-02T02:42:16Z	tariqkurd-repo	2025-09-01T15:38:05Z	2025-09-30T12:13:23Z	documentation
riscv-cheri	746	use ctag variable	closed	2025-09-01T15:29:44Z	tariqkurd-repo	2025-09-01T11:45:41Z	2025-09-30T12:13:22Z	documentation
riscv-cheri	787	clean priv and unpriv xrefs and include files	closed	2025-09-16T11:17:35Z	tariqkurd-repo	2025-09-15T12:18:30Z	2025-09-30T12:13:01Z	documentation
riscv-cheri	784	20250912 nwf nits from reading through	closed	2025-09-16T07:11:07Z	nwf	2025-09-12T21:44:04Z	2025-09-30T12:12:53Z	documentation
riscv-cheri	774	Tidy up	closed	2025-09-09T16:50:08Z	tariqkurd-repo	2025-09-09T12:17:12Z	2025-09-30T12:12:45Z	documentation
riscv-cheri	773	Dont use caps as variables rep check	closed	2025-09-11T07:56:37Z	tariqkurd-repo	2025-09-09T12:15:09Z	2025-09-30T12:12:44Z	documentation
riscv-cheri	775	remove hardcoded DDC address	closed	2025-09-09T14:52:10Z	tariqkurd-repo	2025-09-09T12:28:17Z	2025-09-30T12:12:33Z	documentation
riscv-cheri	772	Use RVnY instead MXLEN=n for consistency	closed	2025-09-09T16:35:02Z	tariqkurd-repo	2025-09-09T12:10:10Z	2025-09-30T12:11:31Z	documentation
riscv-cheri	761	More proofreading	closed	2025-09-05T04:24:02Z	arichardson	2025-09-04T05:36:38Z	2025-09-30T12:11:19Z	documentation
riscv-cheri	759	Bump docs-resources from `3a40e07` to `48beddb`	closed	2025-09-03T22:19:10Z	dependabot[bot]	2025-09-03T18:37:35Z	2025-09-30T12:11:19Z	documentation;dependencies;submodules
riscv-cheri	764	Bump docs-resources from `48beddb` to `d7974ea`	closed	2025-09-04T11:35:10Z	dependabot[bot]	2025-09-04T10:53:01Z	2025-09-30T12:10:52Z	documentation;dependencies;submodules
riscv-cheri	790	Bump docs-resources from `6124035` to `6ef1a1f`	closed	2025-09-18T03:29:02Z	dependabot[bot]	2025-09-18T00:16:33Z	2025-09-30T12:09:32Z	documentation;dependencies;submodules
riscv-cheri	789	Bump docs-resources from `6124035` to `a0a938e`	closed	dependabot[bot]	2025-09-17T00:15:35Z	2025-09-30T12:09:32Z	documentation;dependencies;submodules	
riscv-cheri	781	Bump docs-resources from `c71d56b` to `6124035`	closed	2025-09-12T08:48:19Z	dependabot[bot]	2025-09-12T00:15:16Z	2025-09-30T12:09:31Z	documentation;dependencies;submodules
riscv-cheri	779	Bump docs-resources from `1fb9a74` to `c71d56b`	closed	2025-09-11T08:12:50Z	dependabot[bot]	2025-09-11T00:18:16Z	2025-09-30T12:09:30Z	documentation;dependencies;submodules
riscv-cheri	777	Bump docs-resources from `d7974ea` to `1fb9a74`	closed	2025-09-10T09:04:02Z	dependabot[bot]	2025-09-10T00:15:58Z	2025-09-30T12:09:30Z	documentation;dependencies;submodules
riscv-spmp	90	Multiple Upates on Hypervisor Extensions	closed	2026-03-31T07:03:21Z	josecm	2026-03-26T14:19:59Z	2026-03-31T07:03:22Z	
riscv-spmp	89	Update GitHub Actions to requested versions	closed	2026-03-16T07:36:31Z	rpsene	2026-03-06T21:44:32Z	2026-03-16T07:36:31Z	
riscv-spmp	88	update version number	closed	2026-03-04T01:14:24Z	ybc-alkaid	2026-03-04T01:13:56Z	2026-03-04T01:14:24Z	
riscv-spmp	87	Update the specification to align with the freeze requirements.	closed	2026-03-02T08:15:43Z	ybc-alkaid	2026-03-02T08:15:16Z	2026-03-02T08:15:43Z	
riscv-spmp	80	Polish the specification.	closed	2025-12-07T14:53:24Z	ybc-alkaid	2025-12-07T14:53:02Z	2025-12-07T14:53:25Z	
riscv-spmp	79	polish and restructure the specification to enhance readability	closed	2025-12-02T13:07:55Z	ybc-alkaid	2025-12-02T13:07:04Z	2025-12-02T13:07:55Z	
riscv-spmp	76	update the spmpcfg register format	closed	2025-11-25T13:56:56Z	ybc-alkaid	2025-11-25T13:56:46Z	2025-11-25T13:56:56Z	
riscv-spmp	75	incorporate hspmp into spmp	closed	2025-11-20T12:01:33Z	ybc-alkaid	2025-11-20T12:01:11Z	2025-11-20T12:01:33Z	
riscv-spmp	73	Polish the specification according to the ARC feedback.	closed	2025-11-11T04:34:38Z	ybc-alkaid	2025-11-11T04:34:16Z	2025-11-11T04:34:39Z	
riscv-spmp	72	Polish the specification.	closed	2025-11-06T10:28:18Z	ybc-alkaid	2025-11-06T10:28:05Z	2025-11-06T10:28:18Z	
riscv-spmp	70	clarify behavior of hspmpdeleg update do to mpmpdeleg write taking in…	closed	2025-11-03T12:58:42Z	josecm	2025-11-03T12:13:37Z	2025-11-03T12:58:43Z	
riscv-spmp	69	hSPMP clarifications	closed	2025-10-27T17:29:27Z	josecm	2025-10-27T16:11:47Z	2025-10-27T17:29:27Z	
riscv-spmp	68	polish the text and remove legacy content	closed	2025-10-27T14:28:47Z	ybc-alkaid	2025-10-27T14:17:55Z	2025-10-27T14:28:48Z	
riscv-spmp	61	hypervisor draft v0.2	closed	2025-10-09T08:05:03Z	josecm	2025-10-08T09:48:21Z	2025-10-09T08:05:03Z	
riscv-spmp	60	update and polish the spec according to the ARC review	closed	2025-10-03T16:26:57Z	ybc-alkaid	2025-10-03T16:26:46Z	2025-10-03T16:26:57Z	
riscv-spmp	58	v1.0.0-rc3	closed	2025-10-03T14:42:13Z	ybc-alkaid	2025-08-28T02:55:12Z	2025-10-03T14:42:14Z	
riscv-spmp	51	v1.0.0-rc2 regarding feedback from the ARC and TG	closed	2025-08-16T10:57:16Z	ybc-alkaid	2025-08-14T14:08:00Z	2025-08-16T10:57:16Z	
riscv-spmp	44	Many editorial modifications; nothing that should affect the functionality of the extension.	closed	2025-08-13T16:55:53Z	bgrayson-mips	2025-08-10T14:51:36Z	2025-08-13T16:55:54Z	
riscv-spmp	50	Update the specification according to feedback from SPMP TG	closed	2025-08-11T07:22:20Z	ybc-alkaid	2025-08-11T07:21:52Z	2025-08-11T07:22:20Z	
riscv-spmp	43	update the spec according to feedbacks from the task group and second-round ARC review	closed	2025-07-03T10:15:35Z	ybc-alkaid	2025-07-03T10:15:24Z	2025-07-03T10:15:35Z	
riscv-spmp	41	A bit of spelling and grammar cleanup	closed	2025-06-25T16:58:51Z	tariqkurd-repo	2025-06-25T16:38:05Z	2025-06-25T16:58:51Z	
riscv-spmp	42	delete redundant pdf	closed	2025-06-25T16:56:29Z	ybc-alkaid	2025-06-25T16:56:21Z	2025-06-25T16:56:29Z	
riscv-spmp	40	refine accessing logic of spmp[i]cfg.L	closed	2025-06-25T14:27:57Z	ybc-alkaid	2025-06-25T14:27:49Z	2025-06-25T14:27:57Z	
riscv-spmp	39	update pdf	closed	2025-06-24T13:57:42Z	ybc-alkaid	2025-06-24T13:57:35Z	2025-06-24T13:57:42Z	
riscv-spmp	38	add notes on L bit and contex-switch optimization	closed	2025-06-23T14:49:54Z	josecm	2025-06-23T14:11:23Z	2025-06-23T14:49:55Z	
riscv-spmp	37	Refine the specification according to the ARC feedback.	closed	2025-06-23T12:17:27Z	ybc-alkaid	2025-06-23T12:17:12Z	2025-06-23T12:17:27Z	
riscv-spmp	36	refine the indirect CSR access method according to Allen's suggestion	closed	2025-05-16T16:12:30Z	ybc-alkaid	2025-05-16T16:12:00Z	2025-05-16T16:12:30Z	
riscv-spmp	35	refine the indirect CSR access method according to Allen's suggestion	closed	ybc-alkaid	2025-05-16T16:08:23Z	2025-05-16T16:09:57Z		
riscv-spmp	34	v0.9.9	closed	2025-04-30T15:09:24Z	ybc-alkaid	2025-04-30T15:08:59Z	2025-04-30T15:09:25Z	
riscv-spmp	33	v0.9.8	closed	2025-04-27T12:53:54Z	ybc-alkaid	2025-04-27T12:53:07Z	2025-04-27T12:53:54Z	
riscv-spmp	32	refine encoding table to make the encoding more symmetrical	closed	2025-04-23T16:03:14Z	ybc-alkaid	2025-04-23T16:01:55Z	2025-04-23T16:03:15Z	
riscv-spmp	31	update version and PDF	closed	2025-04-23T15:28:06Z	ybc-alkaid	2025-04-23T15:27:26Z	2025-04-23T15:28:06Z	
riscv-spmp	30	add software guidelines chapter	closed	2025-04-23T15:20:16Z	josecm	2025-04-23T15:11:39Z	2025-04-23T15:20:16Z	
riscv-spmp	29	refine indirect csr access	closed	2025-04-23T15:07:25Z	ybc-alkaid	2025-04-23T15:06:55Z	2025-04-23T15:07:25Z	
riscv-spmp	28	Containerize the SPMP build	closed	2025-04-11T11:33:44Z	ybc-alkaid	2025-04-11T11:31:49Z	2025-04-11T11:33:44Z	
riscv-spmp	26	RFC: DO NOT MERGE: Containerize the SPMP build(s)	closed	geoffthorpe-mips	2025-04-03T19:02:06Z	2025-04-11T11:32:47Z		
riscv-spmp	27	v0.9.6	closed	2025-04-10T13:03:58Z	ybc-alkaid	2025-04-10T13:03:25Z	2025-04-10T13:03:59Z	
riscv-spmp	24	Refine the specification according to the March 18, 2025 meeting.	closed	2025-03-18T16:01:06Z	ybc-alkaid	2025-03-18T16:00:32Z	2025-03-18T16:01:06Z	
riscv-spmp	23	Refine the resource sharing mechanism	closed	2025-03-17T13:55:05Z	ybc-alkaid	2025-03-17T13:54:34Z	2025-03-17T13:55:05Z	
riscv-spmp	22	Miscellaneous (minor) suggestions	closed	2025-03-14T08:13:41Z	aitsaid-sifive	2025-03-10T14:17:25Z	2025-03-14T08:19:41Z	
riscv-spmp	21	remove stale pdf	closed	josecm	2025-03-10T12:07:31Z	2025-03-11T12:26:35Z		
riscv-spmp	20	Add first (unified) hpmp draft	closed	2025-03-08T11:32:58Z	josecm	2025-03-06T11:36:43Z	2025-03-08T11:32:58Z	
riscv-spmp	19	Add new CSR seccfg (whitelist policy and match-any logic functionlity) and multiple clarifications and fixes	closed	2025-03-08T11:30:36Z	josecm	2025-03-06T11:34:55Z	2025-03-08T11:30:36Z	
riscv-spmp	16	Update the SPMP spec according to feedbacks from the community.	closed	2025-03-04T08:34:51Z	ybc-alkaid	2024-10-29T14:51:45Z	2025-03-04T08:34:51Z	
riscv-spmp	18	add dependabot to create PR to update the submodules to latest	closed	2025-03-04T08:33:02Z	ghost	2024-12-10T04:12:29Z	2025-03-04T08:33:02Z	
riscv-spmp	14	Use bytefield to generate images	closed	2024-09-10T12:39:15Z	henry-hsieh	2023-12-09T03:09:18Z	2024-09-10T12:39:15Z	
riscv-spmp	13	Polish the specification according to Earl's comments	closed	2023-10-29T13:05:08Z	ybc-alkaid	2023-10-23T09:18:57Z	2023-10-29T13:05:09Z	
riscv-spmp	11	remove the subsection about interaction with hypervisor extension	closed	2023-10-15T08:36:30Z	ybc-alkaid	2023-10-08T13:51:19Z	2023-10-15T08:36:31Z	
riscv-spmp	10	add subsection about access methods of SPMP CSRs	closed	2023-10-15T08:36:11Z	ybc-alkaid	2023-10-08T13:49:17Z	2023-10-15T08:36:12Z	
riscv-spmp	9	Add subsection about access methods of SPMP CSRs	closed	ybc-alkaid	2023-10-08T13:00:48Z	2023-10-14T16:06:18Z		
riscv-spmp	8	Refine the spec according to Qualcomm's comments	closed	2023-10-14T03:21:06Z	ASaltFishy	2023-10-08T12:56:14Z	2023-10-14T03:21:06Z	
riscv-spmp	6	Update PDF: fix title of chapter 2.2	closed	2023-02-15T12:17:54Z	ybc-alkaid	2023-02-15T12:15:57Z	2023-02-15T12:17:54Z	
riscv-spmp	5	Chapter 2.2: fix title	closed	2023-02-15T12:11:41Z	ybc-alkaid	2023-02-15T12:09:46Z	2023-02-15T12:11:41Z	
riscv-spmp	4	refine spec according to Allen's suggestion	closed	2023-02-15T12:07:44Z	ybc-alkaid	2023-02-06T08:28:37Z	2023-02-15T12:07:44Z	
riscv-spmp	2	refine spec	closed	2022-10-12T09:09:31Z	ybc-alkaid	2022-10-11T15:31:00Z	2022-10-12T09:09:31Z	
riscv-spmp	1	spec: refine spmp encoding table	closed	2022-10-11T13:24:14Z	ybc-alkaid	2022-10-11T13:18:02Z	2022-10-11T13:24:15Z	
riscv-memory-tagging	91	Fix M-mode tag check logic	closed	2026-04-15T03:46:18Z	Adam-pi3	2026-04-15T03:29:15Z	2026-04-15T03:46:18Z	
riscv-memory-tagging	90	Add example for optimized codegen	open	fmayer	2026-03-27T23:56:42Z	2026-04-01T03:38:19Z		
riscv-memory-tagging	89	Fix stack tagging example again	closed	2026-03-29T06:23:19Z	fmayer	2026-03-27T23:38:34Z	2026-03-29T06:23:19Z	
riscv-memory-tagging	88	Fix stack tagging example	closed	2026-03-20T06:26:30Z	fmayer	2026-03-18T20:41:38Z	2026-03-20T06:26:30Z	
riscv-memory-tagging	87	Update MAINTAINERS	closed	2026-03-14T23:32:55Z	fmayer	2026-03-13T23:12:50Z	2026-03-14T23:32:55Z	
riscv-memory-tagging	86	Fix invalid code block	closed	2026-03-14T23:20:09Z	fmayer	2026-03-13T22:28:12Z	2026-03-14T23:20:10Z	
riscv-memory-tagging	85	Update GitHub Actions to requested versions	closed	2026-03-10T16:01:48Z	rpsene	2026-03-06T21:42:24Z	2026-03-10T16:01:48Z	
riscv-memory-tagging	84	Use ghcr.io/riscv/riscv-docs-base-container-image:latest	closed	2026-03-06T17:00:22Z	rpsene	2026-03-06T14:26:13Z	2026-03-06T17:00:22Z	
riscv-memory-tagging	83	src/mte_tag: cleanup "removeme" comments from spec	closed	2025-12-18T00:03:32Z	deepak0414	2025-12-18T00:03:22Z	2025-12-18T00:03:32Z	
riscv-memory-tagging	82	src/mte_tag: HLV/HSV/MPRV support for opt-out based on PTE.MTAG for c…	closed	2025-12-17T18:48:30Z	deepak0414	2025-12-11T00:43:38Z	2025-12-17T18:48:30Z	
riscv-memory-tagging	77	src/mte_tag: HLV/HSV support for opt-out based on PTE.MTAG for codepage	closed	deepak0414	2025-10-28T21:42:39Z	2025-12-11T00:46:43Z		
riscv-memory-tagging	79	src/mte_tag: tighten the first stage page table conditions for MTAG	closed	2025-11-11T16:28:14Z	deepak0414	2025-10-30T04:39:34Z	2025-11-11T16:28:14Z	
riscv-memory-tagging	81	src/mte_tagelide: remove zitagelide	closed	2025-11-04T21:21:33Z	deepak0414	2025-11-03T19:40:24Z	2025-11-04T21:21:33Z	
riscv-memory-tagging	80	src/mte_tag: remove asynchronous mode from specification	closed	2025-10-30T19:52:04Z	deepak0414	2025-10-30T04:52:49Z	2025-10-30T19:52:04Z	
riscv-memory-tagging	76	src/mte_tag: reporting tag mismatches in asynchronous mode	closed	deepak0414	2025-10-03T00:22:35Z	2025-10-30T04:46:43Z		
riscv-memory-tagging	66	src/mte*: add rules supervisor access to user page and hv loads and stores	closed	2025-10-23T01:15:44Z	deepak0414	2025-08-12T23:24:50Z	2025-10-23T01:15:44Z	
riscv-memory-tagging	74	 src/mte_tag: Add a spec prescription for generated tag	closed	2025-09-24T02:20:16Z	deepak0414	2025-09-23T01:14:55Z	2025-09-24T02:20:16Z	
riscv-memory-tagging	75	src/mte_tag: fix a typo for checktag instruction	closed	2025-09-24T00:17:13Z	deepak0414	2025-09-23T21:28:11Z	2025-09-24T00:17:13Z	
riscv-memory-tagging	73	src/mte_tag: clarify misaligned access wordings.	closed	2025-09-23T21:25:50Z	deepak0414	2025-09-23T00:53:28Z	2025-09-23T21:25:50Z	
riscv-memory-tagging	70	Remove duplicate sentence	closed	2025-09-08T22:36:56Z	fmayer	2025-09-08T22:25:42Z	2025-09-08T22:36:56Z	
riscv-memory-tagging	68	src/mte_tag: add checktag instruction to Zimt spec	closed	2025-08-26T17:09:07Z	deepak0414	2025-08-13T00:40:03Z	2025-08-26T17:09:08Z	
riscv-memory-tagging	69	src/mte_tag: Guidance on implementing Zicclsm to avoid misaligned acc…	closed	2025-08-15T23:08:36Z	deepak0414	2025-08-13T04:33:40Z	2025-08-15T23:30:08Z	
riscv-memory-tagging	67	src/mte_tag: Update MTE_MODE to MT_MODE	closed	2025-08-13T00:40:26Z	deepak0414	2025-08-12T23:44:53Z	2025-08-13T00:40:26Z	
riscv-memory-tagging	65	src/mte_tag: clarify MTAG for code fetches and accesses crossing memory chunk	closed	2025-08-12T18:51:31Z	deepak0414	2025-08-05T19:32:52Z	2025-08-12T18:51:31Z	
riscv-memory-tagging	64	src/mte*: change Zimte to Zimt	closed	2025-08-12T18:50:42Z	deepak0414	2025-08-05T18:58:20Z	2025-08-12T18:50:42Z	
riscv-memory-tagging	28	Clarify CMO operations under MTE (#6)	closed	Adam-pi3	2025-02-26T01:48:21Z	2025-08-12T04:14:17Z		
riscv-memory-tagging	63	src/mte_tag: clarify which memory accesses subject to tag checks	closed	2025-08-11T23:24:57Z	deepak0414	2025-08-05T18:43:24Z	2025-08-11T23:24:57Z	
riscv-memory-tagging	57	Elide tag separate extn	closed	2025-08-05T18:00:36Z	deepak0414	2025-07-22T22:48:20Z	2025-08-05T18:00:37Z	
riscv-memory-tagging	56	Improve Svatag Section	closed	2025-07-09T19:00:11Z	lfiolhais	2025-07-01T11:12:23Z	2025-07-09T19:00:11Z	
riscv-memory-tagging	55	`gentag` doesn't make use of rs1 and the encoding indicates it's always x0	closed	2025-07-01T22:43:43Z	lfiolhais	2025-07-01T10:51:13Z	2025-07-01T22:43:43Z	
riscv-memory-tagging	53	src/mte_vatag: update on bare and m-mode lower/highest addresses	closed	2025-06-13T21:43:27Z	deepak0414	2025-06-10T22:39:13Z	2025-06-13T21:43:27Z	
riscv-memory-tagging	51	src/mte_tag: define bit ranges as per priv spec convention	closed	2025-06-09T23:43:46Z	deepak0414	2025-06-09T21:58:45Z	2025-06-09T23:43:46Z	
riscv-memory-tagging	50	src/mte: some minor cleanup	closed	2025-06-09T21:26:17Z	deepak0414	2025-06-09T20:09:58Z	2025-06-09T21:26:17Z	
riscv-memory-tagging	49	taxnomoy of ldst should be under zimte chapter section.	closed	2025-06-02T16:54:10Z	deepak0414	2025-05-31T01:37:26Z	2025-06-02T16:54:10Z	
riscv-memory-tagging	48	Reword intro.	closed	2025-05-31T01:25:19Z	fmayer	2025-05-30T22:25:03Z	2025-05-31T01:25:19Z	
riscv-memory-tagging	47	Ldst taxonomy	closed	2025-05-31T01:10:57Z	deepak0414	2025-05-29T03:56:25Z	2025-05-31T01:10:57Z	
riscv-memory-tagging	46	Fix messed up bullet list.	closed	2025-05-29T03:58:16Z	fmayer	2025-05-28T21:08:11Z	2025-05-29T03:58:16Z	
riscv-memory-tagging	45	src/mte_vatag: change table formatting and calculation mistakes	closed	2025-05-28T05:01:12Z	deepak0414	2025-05-28T05:01:05Z	2025-05-28T05:01:12Z	
riscv-memory-tagging	44	Allow to use different binary for docker	closed	2025-05-28T03:34:29Z	fmayer	2025-05-28T02:35:42Z	2025-05-28T03:34:29Z	
riscv-memory-tagging	43	Also mention HWASan of software implementation	closed	2025-05-28T03:17:29Z	fmayer	2025-05-28T01:12:54Z	2025-05-28T03:17:29Z	
riscv-memory-tagging	42	src/mte_tag: formatting changes for better readability	closed	2025-05-27T23:41:48Z	deepak0414	2025-05-27T23:41:31Z	2025-05-27T23:41:48Z	
riscv-memory-tagging	41	src/mte_tag: formatting changes for better readability	closed	2025-05-27T23:30:09Z	deepak0414	2025-05-27T23:30:01Z	2025-05-27T23:30:09Z	
riscv-memory-tagging	40	src/mte_tag: remove inconsistency on behavior of settag, gentag and a…	closed	2025-05-27T23:17:08Z	deepak0414	2025-05-27T23:17:02Z	2025-05-27T23:17:08Z	
riscv-memory-tagging	39	src/mte_tag: formatting changes to have better readability	closed	2025-05-27T23:04:35Z	deepak0414	2025-05-27T23:02:41Z	2025-05-27T23:04:35Z	
riscv-memory-tagging	38	src/mte_tag: `settag`, `gentag` and `addtag` are independent of MTAG=1	closed	2025-05-27T22:37:14Z	deepak0414	2025-05-27T22:35:18Z	2025-05-27T22:37:14Z	
riscv-memory-tagging	37	gentag takes rs1 = x0 and impact on mte instructions due to MTAG for code pages	closed	2025-05-22T05:38:55Z	deepak0414	2025-05-22T05:36:54Z	2025-05-22T05:38:55Z	
riscv-memory-tagging	36	gentag rs1 = x0 and impact on mte instruction behavior due to MTAG for code pages	closed	deepak0414	2025-05-22T05:31:33Z	2025-05-22T05:32:20Z		
riscv-memory-tagging	35	Code page tag check elision	closed	2025-05-22T05:29:18Z	deepak0414	2025-05-22T05:27:11Z	2025-05-22T05:29:18Z	
riscv-memory-tagging	21	src/mte_tag: prefix based elide tag checks	closed	2025-05-22T03:17:06Z	deepak0414	2025-01-27T21:02:48Z	2025-05-22T03:17:07Z	
riscv-memory-tagging	34	contribs: Listing contributors names	closed	2025-05-22T03:03:41Z	deepak0414	2025-05-07T23:34:48Z	2025-05-22T03:03:42Z	
riscv-memory-tagging	32	src/mte_vatag: Split Svatag and add dependency on Svukte	closed	2025-05-07T22:55:32Z	deepak0414	2025-05-06T16:57:09Z	2025-05-07T22:55:33Z	
riscv-memory-tagging	31	Clarify output of gentag	closed	2025-05-07T22:36:33Z	fmayer	2025-04-15T21:15:39Z	2025-05-07T22:36:47Z	
riscv-memory-tagging	30	Clarify zimops behavior of settag	closed	2025-05-07T22:22:46Z	fmayer	2025-04-15T20:20:57Z	2025-05-07T22:22:46Z	
riscv-memory-tagging	27	Adding requirement to fault on settag to normal data	closed	sqzsq	2025-02-19T08:23:51Z	2025-05-07T22:20:32Z		
riscv-memory-tagging	33	Adding requirement to fault on settag to VITT range	closed	2025-05-07T22:19:37Z	deepak0414	2025-05-07T22:19:08Z	2025-05-07T22:19:37Z	
riscv-memory-tagging	29	src/mte*: remove notion of invalid tags	closed	2025-03-11T23:16:54Z	deepak0414	2025-03-10T19:32:34Z	2025-03-11T23:16:54Z	
riscv-memory-tagging	23	Clarify that ADDTAG's #tag_imm4 is unsigned	closed	2025-02-14T23:39:37Z	cmuellner	2025-02-13T11:36:14Z	2025-02-14T23:39:37Z	
riscv-memory-tagging	22	Fix function_prologue example	closed	2025-02-14T23:37:43Z	fmayer	2025-02-11T18:47:05Z	2025-02-14T23:37:43Z	
riscv-memory-tagging	20	src/mte_tag: fix bit position convention	closed	2025-01-25T00:53:51Z	deepak0414	2025-01-25T00:50:22Z	2025-01-25T00:53:52Z	
riscv-memory-tagging	18	src/mte_tag: clearly define tag check conditions per privilege mode	closed	2025-01-07T05:13:04Z	deepak0414	2025-01-07T05:11:11Z	2025-01-07T05:13:04Z	
riscv-memory-tagging	17	src/mte_tag: fix bit positions menvcfg/henvcfg	closed	2025-01-07T02:46:35Z	deepak0414	2025-01-07T02:43:06Z	2025-01-07T02:46:35Z	
riscv-memory-tagging	16	src/mte_tag: fix bit position for mte enabling in *envcfg	closed	2025-01-07T02:16:15Z	deepak0414	2025-01-07T01:46:04Z	2025-01-07T02:16:16Z	
riscv-memory-tagging	15	m-mode tagging: Standardize support for m-mode tagging	closed	2025-01-07T01:31:29Z	deepak0414	2025-01-07T01:21:05Z	2025-01-07T01:31:29Z	
riscv-memory-tagging	14	src/mte_tag: tagged memory and tagged storage are idempotent	closed	2025-01-06T19:30:20Z	deepak0414	2025-01-06T19:24:12Z	2025-01-06T19:30:20Z	
riscv-memory-tagging	13	src/mte_vatag: define lowest and highest virtual addresses for U and S	closed	2025-01-04T05:06:56Z	deepak0414	2025-01-04T04:43:33Z	2025-01-04T05:06:56Z	
riscv-memory-tagging	12	src/mte_tag: sw control eliding tag checks on per-pointer basis	closed	2025-01-04T00:32:18Z	deepak0414	2025-01-04T00:00:43Z	2025-01-04T00:32:18Z	
riscv-memory-tagging	11	src/mte_tag: change bit position for mte control	closed	2025-01-03T01:38:44Z	deepak0414	2025-01-03T01:30:38Z	2025-01-03T01:38:44Z	
riscv-memory-tagging	10	src/mte_tag: revise pointer tag instructions	closed	2025-01-01T00:45:22Z	deepak0414	2024-12-20T13:47:25Z	2025-01-01T00:45:22Z	
riscv-memory-tagging	7	Clarify multiple VA to PA mapping	closed	2024-12-02T03:11:33Z	sqzsq	2024-11-19T08:32:51Z	2024-12-02T03:11:33Z	
riscv-memory-tagging	3	First draft	closed	2024-11-01T17:07:50Z	deepak0414	2024-10-19T01:00:11Z	2024-11-01T17:07:50Z	
riscv-memory-tagging	2	updating governance and maintainers	closed	2024-10-11T06:15:01Z	deepak0414	2024-10-04T00:15:19Z	2024-10-11T06:15:01Z	
riscv-spec-barrier	56	Bump docs-resources from `9069637` to `0904c8a`	closed	dependabot[bot]	2026-04-02T04:57:06Z	2026-04-28T03:18:34Z	dependencies;submodules	
riscv-spec-barrier	58	Bump docs-resources from `9069637` to `47257de`	open	dependabot[bot]	2026-04-28T03:18:30Z	2026-04-28T03:18:30Z	dependencies;submodules	
riscv-spec-barrier	55	Bump docs-resources from `9069637` to `a88e6af`	closed	dependabot[bot]	2026-03-31T01:24:36Z	2026-04-02T04:57:09Z	dependencies;submodules	
riscv-spec-barrier	54	Bump docs-resources from `9069637` to `ed7a9df`	closed	dependabot[bot]	2026-03-30T01:29:22Z	2026-03-31T01:24:40Z	dependencies;submodules	
riscv-spec-barrier	53	Bump docs-resources from `9069637` to `78567fd`	closed	dependabot[bot]	2026-03-27T01:24:04Z	2026-03-30T01:29:25Z	dependencies;submodules	
riscv-spec-barrier	52	Bump docs-resources from `9069637` to `29879cc`	closed	dependabot[bot]	2026-03-26T01:24:14Z	2026-03-27T01:24:07Z	dependencies;submodules	
riscv-spec-barrier	51	Bump docs-resources from `9069637` to `a9baab8`	closed	dependabot[bot]	2026-03-25T01:24:17Z	2026-03-26T01:24:17Z	dependencies;submodules	
riscv-spec-barrier	50	Bump docs-resources from `9069637` to `b387152`	closed	dependabot[bot]	2026-03-20T01:24:05Z	2026-03-25T01:24:20Z	dependencies;submodules	
riscv-spec-barrier	49	Bump docs-resources from `9069637` to `286c2a7`	closed	dependabot[bot]	2026-03-19T01:24:09Z	2026-03-20T01:24:08Z	dependencies;submodules	
riscv-spec-barrier	48	Bump docs-resources from `9069637` to `f0caa68`	closed	dependabot[bot]	2026-03-18T01:24:12Z	2026-03-19T01:24:13Z	dependencies;submodules	
riscv-spec-barrier	47	Bump docs-resources from `9069637` to `a73e1bd`	closed	dependabot[bot]	2026-03-16T01:25:56Z	2026-03-18T01:24:16Z	dependencies;submodules	
riscv-spec-barrier	46	Bump docs-resources from `9069637` to `1108f25`	closed	dependabot[bot]	2026-03-13T01:24:30Z	2026-03-16T01:25:59Z	dependencies;submodules	
riscv-spec-barrier	45	Bump docs-resources from `9069637` to `1bb6392`	closed	dependabot[bot]	2026-03-12T01:24:25Z	2026-03-13T01:24:33Z	dependencies;submodules	
riscv-spec-barrier	44	Bump docs-resources from `9069637` to `394d032`	closed	dependabot[bot]	2026-03-11T01:24:37Z	2026-03-12T01:24:29Z	dependencies;submodules	
riscv-spec-barrier	43	Bump docs-resources from `9069637` to `d245338`	closed	dependabot[bot]	2026-03-10T01:24:28Z	2026-03-11T01:24:41Z	dependencies;submodules	
riscv-spec-barrier	42	Bump docs-resources from `9069637` to `f756855`	closed	dependabot[bot]	2026-03-09T01:26:17Z	2026-03-10T01:24:32Z	dependencies;submodules	
riscv-spec-barrier	39	Bump docs-resources from `9069637` to `b024d67`	closed	dependabot[bot]	2026-02-27T01:24:39Z	2026-03-09T01:26:21Z	dependencies;submodules	
riscv-spec-barrier	41	Update GitHub Actions to requested versions	closed	2026-03-07T15:25:09Z	rpsene	2026-03-06T21:44:20Z	2026-03-07T15:25:10Z	
riscv-spec-barrier	38	Add Zihpd and Zifencehpd extensions	open	ved-rivos	2026-02-23T19:09:12Z	2026-03-06T15:43:57Z		
riscv-spec-barrier	40	Use ghcr.io/riscv/riscv-docs-base-container-image:latest	closed	2026-03-06T14:51:35Z	rpsene	2026-03-06T14:27:53Z	2026-03-06T14:51:36Z	
riscv-spec-barrier	37	Bump docs-resources from `1666258` to `9069637`	closed	2026-02-23T19:13:31Z	dependabot[bot]	2026-02-23T01:25:48Z	2026-02-23T19:13:39Z	dependencies;submodules
riscv-spec-barrier	33	Zihpd: Hardware Protection Domain	closed	2026-02-19T23:32:01Z	ved-rivos	2026-02-10T14:56:48Z	2026-02-19T23:37:19Z	
riscv-spec-barrier	36	Bump docs-resources from `40aed03` to `1666258`	closed	2026-02-19T23:20:27Z	dependabot[bot]	2026-02-18T01:24:46Z	2026-02-19T23:20:35Z	dependencies;submodules
riscv-spec-barrier	35	Bump docs-resources from `40aed03` to `c066d8f`	closed	dependabot[bot]	2026-02-17T01:24:36Z	2026-02-18T01:24:49Z	dependencies;submodules	
riscv-spec-barrier	34	Bump docs-resources from `40aed03` to `a41c354`	closed	dependabot[bot]	2026-02-16T01:26:49Z	2026-02-17T01:24:40Z	dependencies;submodules	
riscv-spec-barrier	32	Bump docs-resources from `b5eaf50` to `40aed03`	closed	2026-02-10T13:52:05Z	dependabot[bot]	2026-02-09T01:27:16Z	2026-02-10T13:52:13Z	dependencies;submodules
riscv-spec-barrier	31	Bump docs-resources from `b5eaf50` to `7a9931f`	closed	dependabot[bot]	2026-02-05T01:25:07Z	2026-02-09T01:27:20Z	dependencies;submodules	
riscv-spec-barrier	30	Bump docs-resources from `b5eaf50` to `be002f1`	closed	dependabot[bot]	2026-02-02T01:42:42Z	2026-02-05T01:25:11Z	dependencies;submodules	
riscv-spec-barrier	29	update MDB language to indicate last store	closed	2026-01-13T18:13:56Z	ved-rivos	2026-01-13T17:31:08Z	2026-01-13T18:13:56Z	
riscv-spec-barrier	27	Add note that example uses data cache as a covert channel	closed	2026-01-13T18:11:52Z	ved-rivos	2026-01-12T18:54:48Z	2026-01-13T18:11:52Z	
riscv-spec-barrier	26	Clarify tagging of predictions	closed	2026-01-13T18:10:33Z	ved-rivos	2026-01-12T18:16:28Z	2026-01-13T18:10:33Z	
riscv-spec-barrier	28	reword MDB semantics for clarity	closed	ved-rivos	2026-01-12T19:06:42Z	2026-01-12T19:10:18Z		
riscv-spec-barrier	25	Bump docs-resources from `1660fd9` to `b5eaf50`	closed	2026-01-12T16:45:47Z	dependabot[bot]	2025-12-29T01:22:50Z	2026-01-12T16:45:56Z	dependencies;submodules
riscv-spec-barrier	24	Bump docs-resources from `1660fd9` to `edf32fb`	closed	dependabot[bot]	2025-12-19T01:23:48Z	2025-12-29T01:22:53Z	dependencies;submodules	
riscv-spec-barrier	18	Bump docs-resources from `1660fd9` to `8789870`	closed	dependabot[bot]	2025-12-18T01:39:51Z	2025-12-19T01:23:51Z	dependencies;submodules	
riscv-spec-barrier	17	Bump docs-resources from `1660fd9` to `d644eb9`	closed	dependabot[bot]	2025-12-11T01:23:22Z	2025-12-18T01:39:55Z	dependencies;submodules	
riscv-spec-barrier	16	Bump docs-resources from `1660fd9` to `eefda19`	closed	dependabot[bot]	2025-12-10T01:25:31Z	2025-12-11T01:23:26Z	dependencies;submodules	
riscv-spec-barrier	15	Bump docs-resources from `1660fd9` to `7237bf1`	closed	dependabot[bot]	2025-12-09T01:25:35Z	2025-12-10T01:25:35Z	dependencies;submodules	
riscv-spec-barrier	14	Bump docs-resources from `1660fd9` to `08bdece`	closed	dependabot[bot]	2025-12-08T01:27:42Z	2025-12-09T01:25:39Z	dependencies;submodules	
riscv-spec-barrier	13	Bump docs-resources from `1660fd9` to `8bd1a63`	closed	dependabot[bot]	2025-12-05T01:26:53Z	2025-12-08T01:27:47Z	dependencies;submodules	
riscv-spec-barrier	12	Bump docs-resources from `1660fd9` to `8bda051`	closed	dependabot[bot]	2025-12-04T01:22:15Z	2025-12-05T01:26:57Z	dependencies;submodules	
riscv-spec-barrier	11	Bump docs-resources from `1660fd9` to `36dcc26`	closed	dependabot[bot]	2025-12-03T01:22:01Z	2025-12-04T01:22:18Z	dependencies;submodules	
riscv-spec-barrier	10	Bump docs-resources from `1660fd9` to `116d24e`	closed	dependabot[bot]	2025-12-01T02:02:59Z	2025-12-03T01:22:04Z	dependencies;submodules	
riscv-spec-barrier	9	Bump docs-resources from `1660fd9` to `22a17b0`	closed	dependabot[bot]	2025-11-28T01:23:32Z	2025-12-01T02:03:03Z	dependencies;submodules	
riscv-spec-barrier	8	Bump docs-resources from `1660fd9` to `824bd66`	closed	dependabot[bot]	2025-11-27T01:28:07Z	2025-11-28T01:23:36Z	dependencies;submodules	
riscv-spec-barrier	7	Bump docs-resources from `1660fd9` to `49eff17`	closed	dependabot[bot]	2025-11-24T01:27:29Z	2025-11-27T01:28:12Z	dependencies;submodules	
riscv-spec-barrier	6	Fix formating	closed	2025-11-18T17:11:08Z	ved-rivos	2025-11-18T17:10:39Z	2025-11-18T17:11:08Z	
riscv-spec-barrier	5	Fix build errors	closed	2025-11-18T16:03:57Z	ved-rivos	2025-11-18T16:03:51Z	2025-11-18T16:03:57Z	
riscv-spec-barrier	4	fix lint errors	closed	2025-11-18T15:50:13Z	ved-rivos	2025-11-18T15:50:05Z	2025-11-18T15:50:13Z	
riscv-spec-barrier	2	Bump docs-resources from `3dd7194` to `1660fd9`	closed	2025-11-18T15:46:45Z	dependabot[bot]	2025-11-18T01:29:54Z	2025-11-18T15:46:54Z	dependencies;submodules
riscv-spec-barrier	3	Initial version	closed	2025-11-18T15:46:33Z	ved-rivos	2025-11-18T15:46:20Z	2025-11-18T15:46:33Z	
riscv-spec-barrier	1	Bump docs-resources from `3dd7194` to `8e51e9f`	closed	dependabot[bot]	2025-11-18T00:49:47Z	2025-11-18T01:29:57Z	dependencies;submodules	
riscv-fast-interrupt	825	816 issue smnip guard changed trap behavior of smnip with state bits and add handler examples	open	christian-herber-nxp	2026-04-14T15:57:42Z	2026-04-28T15:23:33Z		
riscv-fast-interrupt	818	Bump docs-resources from `b5eaf50` to `0904c8a`	closed	dependabot[bot]	2026-04-01T20:59:44Z	2026-04-27T20:23:23Z	dependencies;submodules	
riscv-fast-interrupt	826	Bump docs-resources from `b5eaf50` to `47257de`	open	dependabot[bot]	2026-04-27T20:23:18Z	2026-04-27T20:23:19Z	dependencies;submodules	
riscv-fast-interrupt	798	General: Split document into two major parts	closed	2026-04-07T15:27:42Z	christian-herber-nxp	2026-03-10T12:01:53Z	2026-04-07T15:27:47Z	
riscv-fast-interrupt	813	add rationale for which systems are being targetted	open	jackwdandrew	2026-03-30T14:14:24Z	2026-04-07T15:27:46Z		
riscv-fast-interrupt	819	Add seivt to list of CSRs whose access is controlled by mstateen0.ACLIC.	closed	2026-04-07T15:05:55Z	pkennedyTT	2026-04-01T23:52:21Z	2026-04-07T15:05:55Z	
riscv-fast-interrupt	822	Smidctrl: Added state enable by bit58 (IMSIC)	closed	2026-04-07T15:02:10Z	christian-herber-nxp	2026-04-07T09:26:15Z	2026-04-07T15:02:16Z	
riscv-fast-interrupt	823	Smcsps: Clarify that stack pointer swapping always operates on x2	open	christian-herber-nxp	2026-04-07T09:39:06Z	2026-04-07T13:54:30Z		
riscv-fast-interrupt	815	Bump docs-resources from `b5eaf50` to `a88e6af`	closed	dependabot[bot]	2026-03-31T16:24:40Z	2026-04-01T20:59:48Z	dependencies;submodules	
riscv-fast-interrupt	814	Bump docs-resources from `b5eaf50` to `ed7a9df`	closed	dependabot[bot]	2026-03-30T17:56:25Z	2026-03-31T16:24:44Z	dependencies;submodules	
riscv-fast-interrupt	809	doc: remove hypervisor extension references from State Enable sections	closed	2026-03-31T11:01:22Z	DymShanks	2026-03-24T17:13:22Z	2026-03-31T11:01:23Z	
riscv-fast-interrupt	812	Bump docs-resources from `b5eaf50` to `78567fd`	closed	dependabot[bot]	2026-03-27T16:23:58Z	2026-03-30T17:56:29Z	dependencies;submodules	
riscv-fast-interrupt	811	Bump docs-resources from `b5eaf50` to `29879cc`	closed	dependabot[bot]	2026-03-26T16:24:14Z	2026-03-27T16:24:02Z	dependencies;submodules	
riscv-fast-interrupt	810	Bump docs-resources from `b5eaf50` to `a9baab8`	closed	dependabot[bot]	2026-03-25T16:24:31Z	2026-03-26T16:24:19Z	dependencies;submodules	
riscv-fast-interrupt	807	Bump docs-resources from `b5eaf50` to `7d8a94b`	closed	dependabot[bot]	2026-03-24T16:24:25Z	2026-03-25T16:24:36Z	dependencies;submodules	
riscv-fast-interrupt	806	Bump docs-resources from `b5eaf50` to `b387152`	closed	dependabot[bot]	2026-03-20T16:23:56Z	2026-03-24T16:24:29Z	dependencies;submodules	
riscv-fast-interrupt	805	Bump docs-resources from `b5eaf50` to `286c2a7`	closed	dependabot[bot]	2026-03-19T16:25:12Z	2026-03-20T16:24:01Z	dependencies;submodules	
riscv-fast-interrupt	804	Bump docs-resources from `b5eaf50` to `f0caa68`	closed	dependabot[bot]	2026-03-18T16:24:34Z	2026-03-19T16:25:16Z	dependencies;submodules	
riscv-fast-interrupt	803	Bump docs-resources from `b5eaf50` to `cd4446b`	closed	dependabot[bot]	2026-03-17T16:24:23Z	2026-03-18T16:24:39Z	dependencies;submodules	
riscv-fast-interrupt	801	Bump docs-resources from `b5eaf50` to `a73e1bd`	closed	dependabot[bot]	2026-03-16T17:12:43Z	2026-03-17T16:24:29Z	dependencies;submodules	
riscv-fast-interrupt	800	Bump docs-resources from `b5eaf50` to `1108f25`	closed	dependabot[bot]	2026-03-12T16:24:40Z	2026-03-16T17:12:48Z	dependencies;submodules	
riscv-fast-interrupt	799	Bump docs-resources from `b5eaf50` to `394d032`	closed	dependabot[bot]	2026-03-10T16:25:44Z	2026-03-12T16:24:45Z	dependencies;submodules	
riscv-fast-interrupt	796	Bump docs-resources from `b5eaf50` to `f756855`	closed	dependabot[bot]	2026-03-09T18:08:27Z	2026-03-10T16:25:49Z	dependencies;submodules	
riscv-fast-interrupt	795	Update GitHub Actions to requested versions	closed	2026-03-10T14:13:00Z	rpsene	2026-03-06T21:40:48Z	2026-03-10T14:13:00Z	
riscv-fast-interrupt	732	Smnip: fixing situation in which an exception leads to the interrupt …	closed	2026-03-10T08:53:53Z	christian-herber-nxp	2026-01-29T12:17:59Z	2026-03-10T08:53:56Z	
riscv-fast-interrupt	790	Bump docs-resources from `b5eaf50` to `b024d67`	closed	dependabot[bot]	2026-02-27T16:24:14Z	2026-03-09T18:08:31Z	dependencies;submodules	
riscv-fast-interrupt	794	Use ghcr.io/riscv/riscv-docs-base-container-image:latest	closed	2026-03-06T14:05:05Z	rpsene	2026-03-06T13:49:47Z	2026-03-06T14:05:05Z	
riscv-fast-interrupt	793	Smidctrl: Adding non-normative note explaining claim with xtopei	closed	2026-03-06T11:21:03Z	christian-herber-nxp	2026-03-05T13:54:17Z	2026-03-06T11:21:07Z	
riscv-fast-interrupt	730	Smip: specified fault handling behavior	closed	2026-03-05T14:10:15Z	christian-herber-nxp	2026-01-28T16:03:46Z	2026-03-05T14:10:17Z	
riscv-fast-interrupt	781	Smivt: Add notes of permission controls for shared vector tables	closed	2026-03-05T14:01:17Z	gagachang	2026-02-24T02:47:32Z	2026-03-05T14:01:17Z	
riscv-fast-interrupt	785	Smidctrl: Added non-normative note clarifying interrupt-enable and -p…	closed	2026-03-05T13:57:17Z	christian-herber-nxp	2026-02-26T12:21:46Z	2026-03-05T13:57:20Z	
riscv-fast-interrupt	784	Smcsps: rename xsp to xspcs	closed	2026-03-05T13:55:59Z	christian-herber-nxp	2026-02-26T07:50:40Z	2026-03-05T13:56:02Z	
riscv-fast-interrupt	787	Smcsps: Increase number of bits in stack pointer field of mcsps	closed	2026-03-05T13:54:40Z	christian-herber-nxp	2026-02-26T15:47:12Z	2026-03-05T13:54:42Z	
riscv-fast-interrupt	786	Smidctrl: Correcting first element definition fo aclicsrccfg	closed	2026-03-04T08:18:30Z	christian-herber-nxp	2026-02-26T12:35:31Z	2026-03-04T08:18:34Z	
riscv-fast-interrupt	776	Bump docs-resources from `b5eaf50` to `9069637`	closed	dependabot[bot]	2026-02-20T16:24:11Z	2026-02-27T16:24:19Z	dependencies;submodules	
riscv-fast-interrupt	765	Smnip: Clarified wording for mithreshold general intro	closed	2026-02-27T16:06:46Z	christian-herber-nxp	2026-02-09T12:15:31Z	2026-02-27T16:06:50Z	
riscv-fast-interrupt	775	Smidctrl: clarified target[0] and sourcecfg[0] are roz	closed	2026-02-20T16:46:04Z	christian-herber-nxp	2026-02-20T16:16:41Z	2026-02-26T12:36:22Z	
riscv-fast-interrupt	780	Smidctrl: Fixing bit position labels	closed	2026-02-22T10:11:19Z	christian-herber-nxp	2026-02-22T10:11:12Z	2026-02-22T10:11:22Z	
riscv-fast-interrupt	779	Ssehv: Added dependency towards Ssivt	closed	2026-02-22T10:07:11Z	christian-herber-nxp	2026-02-22T09:58:05Z	2026-02-22T10:07:23Z	
riscv-fast-interrupt	770	Bump docs-resources from `b5eaf50` to `1666258`	closed	dependabot[bot]	2026-02-18T16:34:35Z	2026-02-20T16:24:15Z	dependencies;submodules	
riscv-fast-interrupt	769	Bump docs-resources from `b5eaf50` to `c066d8f`	closed	dependabot[bot]	2026-02-17T16:24:32Z	2026-02-18T16:34:41Z	dependencies;submodules	
riscv-fast-interrupt	768	Bump docs-resources from `b5eaf50` to `a41c354`	closed	dependabot[bot]	2026-02-16T17:30:50Z	2026-02-17T16:24:37Z	dependencies;submodules	
riscv-fast-interrupt	766	Bump docs-resources from `b5eaf50` to `40aed03`	closed	dependabot[bot]	2026-02-09T18:43:14Z	2026-02-16T17:30:54Z	dependencies;submodules	
riscv-fast-interrupt	729	Smivt: Clear interrupt pending bit in IVT mode upon trap	closed	2026-02-12T11:44:42Z	christian-herber-nxp	2026-01-28T15:28:26Z	2026-02-12T11:44:45Z	
riscv-fast-interrupt	760	Smivt: Fixing inconsistent definition of handler address	closed	2026-02-12T11:42:05Z	christian-herber-nxp	2026-02-04T09:59:39Z	2026-02-12T11:42:09Z	
riscv-fast-interrupt	761	Smidctrl: Fixing xiselect range	closed	2026-02-12T11:41:44Z	christian-herber-nxp	2026-02-04T12:11:59Z	2026-02-12T11:41:47Z	
riscv-fast-interrupt	764	Bump docs-resources from `b5eaf50` to `7a9931f`	closed	dependabot[bot]	2026-02-05T16:24:48Z	2026-02-09T18:43:20Z	dependencies;submodules	
riscv-fast-interrupt	737	cspspush -> xcspspush in Smip & Ssip section	closed	2026-02-06T11:04:24Z	topperc	2026-01-31T01:21:37Z	2026-02-06T11:04:24Z	
riscv-fast-interrupt	736	Bump docs-resources from `b5eaf50` to `be002f1`	closed	dependabot[bot]	2026-01-30T16:23:51Z	2026-02-05T16:24:54Z	dependencies;submodules	
riscv-fast-interrupt	735	Smip: specifying effective privilege level at which interrupt push/po…	open	christian-herber-nxp	2026-01-29T15:11:06Z	2026-02-04T09:28:54Z		
riscv-fast-interrupt	757	Fix: Remove misleading statement regarding H-extension scope	closed	2026-02-03T12:45:40Z	DymShanks	2026-02-03T12:40:12Z	2026-02-03T15:12:42Z	
riscv-fast-interrupt	728	Smip: Explicitly calling out depenency on Smcsps	closed	2026-01-28T15:11:11Z	christian-herber-nxp	2026-01-28T15:11:00Z	2026-01-28T15:11:15Z	
riscv-fast-interrupt	727	Smcsps: Making instruction illegal when MSBs are not zero	open	christian-herber-nxp	2026-01-28T15:07:51Z	2026-01-28T15:08:25Z		
riscv-fast-interrupt	716	Smip: Removed a6 from pop behavior	closed	2026-01-23T12:33:36Z	christian-herber-nxp	2026-01-23T12:18:42Z	2026-01-23T12:33:39Z	
riscv-fast-interrupt	717	Smivt: fixing field width in xivt	closed	2026-01-23T12:33:23Z	christian-herber-nxp	2026-01-23T12:24:58Z	2026-01-23T12:33:26Z	
riscv-fast-interrupt	718	Smnip: correctly setting xithreshold to IPRIO	closed	2026-01-23T12:33:09Z	christian-herber-nxp	2026-01-23T12:28:09Z	2026-01-23T12:33:12Z	
riscv-fast-interrupt	715	remove duplicate note about resuming after a fault	closed	2026-01-23T08:48:49Z	smatherd	2026-01-19T16:30:44Z	2026-01-23T08:48:54Z	
riscv-fast-interrupt	714	Uptate bit ?? to bit 53 for Smstateen extension note to match rest of…	closed	2026-01-23T08:48:17Z	smatherd	2026-01-19T16:27:35Z	2026-01-23T08:48:17Z	
riscv-fast-interrupt	686	Bump docs-resources from `d644eb9` to `b5eaf50`	closed	2026-01-13T11:25:06Z	dependabot[bot]	2025-12-29T16:11:37Z	2026-01-13T11:25:11Z	dependencies;submodules
riscv-fast-interrupt	708	Fixing typos, improve hyphenization	closed	2026-01-12T18:09:57Z	christian-herber-nxp	2026-01-12T18:09:37Z	2026-01-12T18:10:00Z	
riscv-fast-interrupt	706	Smip: Introduce state bits to control the trap behavior	closed	2026-01-12T18:02:30Z	christian-herber-nxp	2026-01-09T16:11:27Z	2026-01-12T18:02:39Z	
riscv-fast-interrupt	702	698 smtp add sstp extension which add an s mode equivalent return instruction	closed	2026-01-12T17:56:45Z	christian-herber-nxp	2026-01-06T13:33:47Z	2026-01-12T17:58:59Z	
riscv-fast-interrupt	707	Smip: Fixing wording issue for incompatibility with shared entry points	closed	2026-01-12T16:51:39Z	christian-herber-nxp	2026-01-12T12:19:22Z	2026-01-12T16:51:42Z	
riscv-fast-interrupt	703	Smip: Adding note stating incompatiblity with shared entry points for…	closed	2026-01-09T14:46:32Z	christian-herber-nxp	2026-01-06T15:10:55Z	2026-01-12T12:19:37Z	
riscv-fast-interrupt	705	Smidctrl: Adding definition of behavior in unimplemented registers	closed	2026-01-09T14:47:58Z	christian-herber-nxp	2026-01-07T13:39:32Z	2026-01-09T14:48:02Z	
riscv-fast-interrupt	696	Smnip: Simplified definition of threshold, fully relying on IPRIO	closed	2026-01-09T14:46:02Z	christian-herber-nxp	2025-12-30T14:37:59Z	2026-01-09T14:46:05Z	
riscv-fast-interrupt	691	Smip: Remove conditional stack swap from trap behavior	closed	christian-herber-nxp	2025-12-30T11:09:10Z	2026-01-06T10:17:48Z		
riscv-fast-interrupt	700	Smip: Performing stack pointer swap at the end of trap	closed	2026-01-06T10:17:28Z	christian-herber-nxp	2026-01-05T16:46:00Z	2026-01-06T10:17:32Z	
riscv-fast-interrupt	699	680 blocking selective enable of smehv	closed	2026-01-06T10:17:10Z	christian-herber-nxp	2026-01-05T13:28:34Z	2026-01-06T10:17:13Z	
riscv-fast-interrupt	695	Smnip: fixing CSR addresses	closed	2026-01-02T09:21:32Z	christian-herber-nxp	2025-12-30T12:32:10Z	2026-01-02T09:21:35Z	
riscv-fast-interrupt	697	Smidctrl: Removing x-prefix from icsrs	closed	2026-01-02T09:11:26Z	christian-herber-nxp	2025-12-30T15:49:25Z	2026-01-02T09:11:29Z	
riscv-fast-interrupt	694	aclic: explicitly mention interaction with AIA	closed	2025-12-30T12:24:21Z	christian-herber-nxp	2025-12-30T12:20:13Z	2025-12-30T12:24:21Z	
riscv-fast-interrupt	693	Smip: Fixed typo	closed	2025-12-30T12:14:34Z	christian-herber-nxp	2025-12-30T12:14:15Z	2025-12-30T12:14:34Z	
riscv-fast-interrupt	692	fixed typos	closed	2025-12-30T11:14:55Z	christian-herber-nxp	2025-12-30T11:14:38Z	2025-12-30T11:15:35Z	
riscv-fast-interrupt	690	Smip: Fixed typo lr->lw	closed	2025-12-30T10:43:07Z	christian-herber-nxp	2025-12-30T10:08:36Z	2025-12-30T10:49:22Z	
riscv-fast-interrupt	689	aclic: correcting child index from 1 to 0	closed	2025-12-30T10:04:30Z	christian-herber-nxp	2025-12-30T09:56:29Z	2025-12-30T10:06:25Z	
riscv-fast-interrupt	674	Bump docs-resources from `d644eb9` to `edf32fb`	closed	dependabot[bot]	2025-12-19T16:10:18Z	2025-12-29T16:11:41Z	dependencies;submodules	
riscv-fast-interrupt	673	Fixing typos	closed	2025-12-19T13:49:35Z	christian-herber-nxp	2025-12-19T13:41:29Z	2025-12-19T13:50:33Z	
riscv-fast-interrupt	672	Bump docs-resources from `8bd1a63` to `d644eb9`	closed	2025-12-19T13:16:31Z	dependabot[bot]	2025-12-11T16:13:47Z	2025-12-19T13:16:35Z	dependencies;submodules
riscv-fast-interrupt	668	641 interrupt priority values discrepancy between major and external interrupts	closed	2025-12-19T13:16:06Z	christian-herber-nxp	2025-12-09T13:47:26Z	2025-12-19T13:16:10Z	
riscv-fast-interrupt	635	Smivt: Including minor interrupt identity in HW-vectoring scenarios	closed	christian-herber-nxp	2025-10-08T15:04:07Z	2025-12-15T17:39:37Z		
riscv-fast-interrupt	671	Bump docs-resources from `8bd1a63` to `75d6a61`	closed	dependabot[bot]	2025-12-10T16:14:39Z	2025-12-11T16:13:52Z	dependencies;submodules	
riscv-fast-interrupt	669	Smidctrl: Removing eithreshold and eidelivery CSRs	closed	2025-12-10T16:53:33Z	christian-herber-nxp	2025-12-09T14:10:20Z	2025-12-10T16:53:36Z	
riscv-fast-interrupt	670	Bump docs-resources from `8bd1a63` to `cdc5c1c`	closed	dependabot[bot]	2025-12-09T16:13:52Z	2025-12-10T16:14:44Z	dependencies;submodules	
riscv-fast-interrupt	667	Bump docs-resources from `8bd1a63` to `08bdece`	closed	dependabot[bot]	2025-12-08T16:14:24Z	2025-12-09T16:13:56Z	dependencies;submodules	
riscv-fast-interrupt	625	Clarified AIA alignment	closed	mark-honman	2025-09-23T15:13:49Z	2025-12-09T14:05:01Z		
riscv-fast-interrupt	656	Positional priority	closed	mark-honman	2025-11-24T18:20:36Z	2025-12-08T23:21:56Z		
riscv-fast-interrupt	666	Bump docs-resources from `7558472` to `8bd1a63`	closed	2025-12-05T13:43:47Z	dependabot[bot]	2025-12-04T16:17:14Z	2025-12-05T13:43:51Z	dependencies;submodules
riscv-fast-interrupt	662	Rework aclic structure	closed	2025-12-04T18:29:10Z	christian-herber-nxp	2025-12-02T15:46:01Z	2025-12-04T18:29:14Z	
riscv-fast-interrupt	661	Smaclic: Improve introduction to ACLIC	closed	christian-herber-nxp	2025-12-02T10:07:24Z	2025-12-04T18:28:45Z		
riscv-fast-interrupt	664	Bump docs-resources from `7558472` to `8bda051`	closed	dependabot[bot]	2025-12-03T16:16:26Z	2025-12-04T16:17:19Z	dependencies;submodules	
riscv-fast-interrupt	665	Smip: Fixing typo in instruction mnemonic	closed	2025-12-04T13:56:27Z	christian-herber-nxp	2025-12-04T13:53:15Z	2025-12-04T13:56:30Z	
riscv-fast-interrupt	663	Bump docs-resources from `7558472` to `116d24e`	closed	dependabot[bot]	2025-12-02T16:15:43Z	2025-12-03T16:16:30Z	dependencies;submodules	
riscv-fast-interrupt	659	Bump docs-resources from `7558472` to `22a17b0`	closed	dependabot[bot]	2025-11-28T16:09:34Z	2025-12-02T16:15:47Z	dependencies;submodules	
riscv-fast-interrupt	658	Bump docs-resources from `7558472` to `19d71fa`	closed	dependabot[bot]	2025-11-27T16:14:49Z	2025-11-28T16:09:38Z	dependencies;submodules	
riscv-fast-interrupt	654	Bump docs-resources from `7558472` to `49eff17`	closed	dependabot[bot]	2025-11-24T17:04:24Z	2025-11-27T16:14:54Z	dependencies;submodules	
riscv-fast-interrupt	653	Smip: reworking interrupt push/pop to a simpler version	closed	2025-11-26T09:59:18Z	christian-herber-nxp	2025-11-20T15:07:37Z	2025-11-26T09:59:21Z	
riscv-fast-interrupt	651	Bump docs-resources from `7558472` to `1660fd9`	closed	dependabot[bot]	2025-11-18T16:14:31Z	2025-11-24T17:04:29Z	dependencies;submodules	
riscv-fast-interrupt	630	Smtp: Major and minor identity in a0+a1 for external irqs	closed	christian-herber-nxp	2025-09-27T10:47:46Z	2025-11-20T15:10:30Z		
riscv-fast-interrupt	613	602 smtp trap handler pushpop fails for ecalls 1	closed	christian-herber-nxp	2025-09-22T12:05:07Z	2025-11-20T15:10:10Z		
riscv-fast-interrupt	636	Smtp: Relaxing requirement around mandatory push/pop instructions in …	closed	christian-herber-nxp	2025-10-10T12:55:06Z	2025-11-19T09:56:26Z		
riscv-fast-interrupt	609	Implement ACLIC as a subset of APLIC interface	closed	evgeniy-paltsev	2025-09-18T09:33:27Z	2025-11-19T09:54:31Z		
riscv-fast-interrupt	629	Implement ACLIC as a subset of APLIC MMIO interface	closed	evgeniy-paltsev	2025-09-26T12:23:30Z	2025-11-19T09:53:34Z		
riscv-fast-interrupt	606	Major and external interrupts unification	closed	evgeniy-paltsev	2025-09-15T16:01:20Z	2025-11-19T09:52:45Z		
riscv-fast-interrupt	633	Smnip: Fixing logic issue that cause wrong handling of priority group…	closed	2025-11-19T09:50:54Z	christian-herber-nxp	2025-10-07T11:31:09Z	2025-11-19T09:50:56Z	
riscv-fast-interrupt	640	Remove Smaiae extension #622	closed	mark-honman	2025-10-20T11:13:58Z	2025-11-19T09:40:36Z		
riscv-fast-interrupt	652	Remove smaiae	closed	2025-11-19T09:40:06Z	christian-herber-nxp	2025-11-19T09:37:04Z	2025-11-19T09:40:10Z	
riscv-fast-interrupt	650	Bump docs-resources from `7558472` to `8e51e9f`	closed	dependabot[bot]	2025-11-14T16:14:04Z	2025-11-18T16:14:44Z	dependencies;submodules	
riscv-fast-interrupt	649	Bump docs-resources from `7558472` to `707d21c`	closed	dependabot[bot]	2025-11-13T16:17:43Z	2025-11-14T16:14:09Z	dependencies;submodules	
riscv-fast-interrupt	648	Bump docs-resources from `7558472` to `098f02b`	closed	dependabot[bot]	2025-11-11T16:15:18Z	2025-11-13T16:17:47Z	dependencies;submodules	
riscv-fast-interrupt	647	Bump docs-resources from `7558472` to `40844de`	closed	dependabot[bot]	2025-11-10T17:05:15Z	2025-11-11T16:15:23Z	dependencies;submodules	
riscv-fast-interrupt	646	Bump docs-resources from `7558472` to `3e01674`	closed	dependabot[bot]	2025-11-07T16:13:24Z	2025-11-10T17:05:19Z	dependencies;submodules	
riscv-fast-interrupt	645	Bump docs-resources from `7558472` to `75c71b5`	closed	dependabot[bot]	2025-11-03T17:14:09Z	2025-11-07T16:13:28Z	dependencies;submodules	
riscv-fast-interrupt	644	Bump docs-resources from `7558472` to `8b88469`	closed	dependabot[bot]	2025-10-29T16:13:04Z	2025-11-03T17:14:13Z	dependencies;submodules	
riscv-fast-interrupt	643	Bump docs-resources from `7558472` to `07ae7be`	closed	dependabot[bot]	2025-10-28T16:17:22Z	2025-10-29T16:13:09Z	dependencies;submodules	
riscv-fast-interrupt	642	Bump docs-resources from `7558472` to `4b6af80`	closed	dependabot[bot]	2025-10-20T16:57:13Z	2025-10-28T16:17:26Z	dependencies;submodules	
riscv-fast-interrupt	639	Bump docs-resources from `7558472` to `14a3283`	closed	dependabot[bot]	2025-10-17T16:11:44Z	2025-10-20T16:57:17Z	dependencies;submodules	
riscv-fast-interrupt	638	Bump docs-resources from `7558472` to `2f436fa`	closed	dependabot[bot]	2025-10-16T16:13:28Z	2025-10-17T16:11:48Z	dependencies;submodules	
riscv-fast-interrupt	637	Bump docs-resources from `7558472` to `d71e312`	closed	dependabot[bot]	2025-10-13T16:21:53Z	2025-10-16T16:13:33Z	dependencies;submodules	
riscv-fast-interrupt	632	Bump docs-resources from `7558472` to `c90c0bf`	closed	dependabot[bot]	2025-10-02T16:12:01Z	2025-10-13T16:21:59Z	dependencies;submodules	
riscv-fast-interrupt	614	612 add fs and vs bits to xpistatus	closed	2025-10-07T10:15:44Z	christian-herber-nxp	2025-09-22T12:28:33Z	2025-10-07T10:15:44Z	
riscv-fast-interrupt	631	Bump docs-resources from `7558472` to `ff1e5eb`	closed	dependabot[bot]	2025-09-30T16:35:40Z	2025-10-02T16:12:05Z	dependencies;submodules	
riscv-fast-interrupt	610	Bump docs-resources from `7558472` to `6ef1a1f`	closed	dependabot[bot]	2025-09-18T16:15:32Z	2025-09-30T16:35:44Z	dependencies;submodules	
riscv-fast-interrupt	604	Smip: Changed push/pop to only be applicable to interrupts	closed	christian-herber-nxp	2025-09-15T10:39:12Z	2025-09-22T11:56:30Z		
riscv-fast-interrupt	608	Bump docs-resources from `7558472` to `a0a938e`	closed	dependabot[bot]	2025-09-17T16:14:17Z	2025-09-18T16:15:36Z	dependencies;submodules	
riscv-fast-interrupt	603	Bump docs-resources from `7558472` to `6124035`	closed	dependabot[bot]	2025-09-11T16:14:28Z	2025-09-17T16:14:22Z	dependencies;submodules	
riscv-fast-interrupt	600	Smtp: Updated description of late preemption	closed	2025-09-15T11:55:34Z	christian-herber-nxp	2025-09-10T08:38:11Z	2025-09-15T11:55:37Z	
riscv-fast-interrupt	598	Smtp: Make trap information work for non-vectored scenarios	closed	christian-herber-nxp	2025-09-10T08:36:59Z	2025-09-15T09:59:27Z		
riscv-fast-interrupt	601	Bump docs-resources from `7558472` to `c71d56b`	closed	dependabot[bot]	2025-09-10T16:14:31Z	2025-09-11T16:14:32Z	dependencies;submodules	
riscv-fast-interrupt	596	Bump docs-resources from `7558472` to `1fb9a74`	closed	dependabot[bot]	2025-09-09T16:13:35Z	2025-09-10T16:14:34Z	dependencies;submodules	
riscv-fast-interrupt	599	Smnip: Removing interrupt flag from xpistatus	closed	2025-09-10T09:06:35Z	christian-herber-nxp	2025-09-10T08:37:41Z	2025-09-10T09:06:38Z	
riscv-fast-interrupt	597	Smcsps: removing check on xsp being non-zero	closed	2025-09-10T08:14:42Z	christian-herber-nxp	2025-09-10T08:04:32Z	2025-09-10T08:14:51Z	
riscv-fast-interrupt	591	intro: cleaning up extension dependencies	closed	2025-09-10T08:00:14Z	christian-herber-nxp	2025-09-05T14:54:31Z	2025-09-10T08:00:22Z	
riscv-fast-interrupt	590	Bump docs-resources from `7558472` to `d7974ea`	closed	dependabot[bot]	2025-09-04T03:19:38Z	2025-09-09T16:13:39Z	dependencies;submodules	
riscv-fast-interrupt	588	Fix stack pointer swap	closed	2025-09-05T08:14:32Z	christian-herber-nxp	2025-09-01T11:03:11Z	2025-09-05T10:57:33Z	
riscv-fast-interrupt	589	[aclic] cleanup typos	closed	2025-09-05T08:43:06Z	jackwdandrew	2025-09-01T18:26:44Z	2025-09-05T08:43:09Z	
riscv-fast-interrupt	587	Update preemption to make use of threshold register	closed	2025-09-05T07:46:50Z	christian-herber-nxp	2025-08-26T16:21:35Z	2025-09-05T07:46:56Z	
riscv-fast-interrupt	563	Bump docs-resources from `7558472` to `3a40e07`	closed	dependabot[bot]	2025-07-24T16:18:57Z	2025-09-04T03:19:41Z	dependencies;submodules	
riscv-fast-interrupt	586	585 smaia is too heavy as a base	closed	2025-09-02T08:08:14Z	christian-herber-nxp	2025-08-26T16:20:07Z	2025-09-02T08:08:20Z	
riscv-fast-interrupt	584	582 incorrect stack pointer swap behavior in case of nested interrupts	closed	2025-08-26T12:32:43Z	christian-herber-nxp	2025-08-18T10:27:30Z	2025-08-26T12:32:47Z	
riscv-fast-interrupt	583	Smaclic: Introducing a specific mode to ACLIC for the domain mode	closed	2025-08-26T12:32:19Z	christian-herber-nxp	2025-08-14T08:57:42Z	2025-08-26T12:32:23Z	
riscv-fast-interrupt	577	Smivt: Adding note that vector tables base addresses can be identical…	closed	2025-08-26T12:31:57Z	christian-herber-nxp	2025-08-12T11:14:35Z	2025-08-26T12:32:01Z	
riscv-fast-interrupt	569	Smaia: Refined the aliasing of pending and enable bits	closed	2025-08-18T09:08:53Z	christian-herber-nxp	2025-08-11T12:20:57Z	2025-08-18T09:09:08Z	
riscv-fast-interrupt	576	Smaclic: Clarified SW compatibility goals	closed	2025-08-18T09:09:03Z	christian-herber-nxp	2025-08-12T10:52:53Z	2025-08-18T09:09:06Z	
riscv-fast-interrupt	578	Remove hypervisor support	closed	2025-08-15T14:16:35Z	christian-herber-nxp	2025-08-12T11:15:17Z	2025-08-15T14:16:38Z	
riscv-fast-interrupt	580	Smaclic: Fixing typo that accidentally referred to wrong CSR	closed	2025-08-13T13:39:28Z	christian-herber-nxp	2025-08-13T13:39:19Z	2025-08-13T13:39:31Z	
riscv-fast-interrupt	570	566 aclic spec does not define how external interrupt vector table is indexed	closed	2025-08-11T16:27:12Z	christian-herber-nxp	2025-08-11T12:44:00Z	2025-08-11T16:27:12Z	
riscv-fast-interrupt	565	Address Mark's input	closed	2025-08-11T16:24:40Z	christian-herber-nxp	2025-08-11T10:36:24Z	2025-08-11T16:24:44Z	
riscv-fast-interrupt	564	Address earls input	closed	2025-08-11T12:00:37Z	christian-herber-nxp	2025-08-11T09:18:13Z	2025-08-11T12:00:41Z	
riscv-fast-interrupt	562	Bump docs-resources from `7558472` to `36f09ee`	closed	dependabot[bot]	2025-07-23T16:47:40Z	2025-07-24T16:19:01Z	dependencies;submodules	
riscv-fast-interrupt	560	Bump docs-resources from `7558472` to `45d29d9`	closed	dependabot[bot]	2025-07-17T16:15:23Z	2025-07-23T16:47:44Z	dependencies;submodules	
riscv-fast-interrupt	559	Bump docs-resources from `7558472` to `ab24eec`	closed	dependabot[bot]	2025-07-09T17:07:19Z	2025-07-17T16:15:27Z	dependencies;submodules	
riscv-fast-interrupt	558	Initial draft for ACLIC	closed	2025-07-14T16:48:36Z	christian-herber-nxp	2025-07-01T13:47:53Z	2025-07-14T16:48:41Z	
riscv-fast-interrupt	549	Bump docs-resources from `7558472` to `f38f756`	closed	dependabot[bot]	2025-06-16T17:52:13Z	2025-07-09T17:07:24Z	dependencies;submodules	
riscv-fast-interrupt	556	Removing side effect on CSR read for claimi	closed	christian-herber-nxp	2025-06-24T14:13:14Z	2025-06-27T05:05:47Z		
riscv-fast-interrupt	552	248 hypervisor mode should be discussed	closed	christian-herber-nxp	2025-06-20T16:29:24Z	2025-06-26T11:15:57Z		
riscv-fast-interrupt	557	Smclicivt: Remove xtvec definition, that included a submode field	closed	2025-06-26T11:12:28Z	christian-herber-nxp	2025-06-24T14:28:51Z	2025-06-26T11:12:28Z	
riscv-fast-interrupt	551	Add assemlby behavior push pop	closed	2025-06-24T08:17:24Z	christian-herber-nxp	2025-06-20T09:02:38Z	2025-06-24T08:17:25Z	
riscv-fast-interrupt	547	539 improve stack pointer swap	closed	2025-06-23T16:07:26Z	christian-herber-nxp	2025-06-13T10:42:10Z	2025-06-23T16:07:32Z	
riscv-fast-interrupt	554	Added missing passes for CSRs etc.	closed	2025-06-23T11:38:48Z	christian-herber-nxp	2025-06-23T11:38:38Z	2025-06-23T11:38:51Z	
riscv-fast-interrupt	550	Sditrig: removed extension	closed	2025-06-18T08:01:20Z	christian-herber-nxp	2025-06-18T07:57:17Z	2025-06-18T08:01:23Z	
riscv-fast-interrupt	548	Removing unused figures	closed	2025-06-16T16:06:31Z	christian-herber-nxp	2025-06-13T11:08:33Z	2025-06-16T16:06:31Z	
riscv-fast-interrupt	546	Removed clic parameters section	closed	2025-06-13T10:41:17Z	christian-herber-nxp	2025-06-06T14:52:52Z	2025-06-13T10:52:01Z	
riscv-fast-interrupt	544	Captializing first letter of extension names as is convention	closed	2025-06-06T14:39:41Z	christian-herber-nxp	2025-06-06T14:39:33Z	2025-06-06T14:41:49Z	
riscv-fast-interrupt	542	Removing exccode from pintstatus as it is currently not used	closed	2025-06-06T10:57:35Z	christian-herber-nxp	2025-06-02T17:20:39Z	2025-06-06T11:20:36Z	
riscv-fast-interrupt	543	Removing selective hardware vectoring	closed	2025-06-06T10:57:09Z	christian-herber-nxp	2025-06-02T17:27:20Z	2025-06-06T10:57:17Z	
riscv-fast-interrupt	535	Removing CLIC mode	closed	2025-06-02T17:15:35Z	christian-herber-nxp	2025-05-23T13:31:59Z	2025-06-02T17:15:37Z	
riscv-fast-interrupt	533	525 proposal remove levels to be more consistent with existing specs and terminology	closed	2025-06-02T16:24:39Z	christian-herber-nxp	2025-05-15T11:49:40Z	2025-06-02T16:24:43Z	
riscv-fast-interrupt	538	Update clicintattr.edn for issue #527	closed	2025-05-28T09:06:49Z	smatherd	2025-05-23T17:32:35Z	2025-05-28T09:06:53Z	
riscv-fast-interrupt	537	Specify default priority of increased local interrupts. text typo fixes	closed	2025-05-28T06:26:17Z	smatherd	2025-05-23T17:17:44Z	2025-05-28T06:26:24Z	
riscv-fast-interrupt	529	recommend unimplemented LSBs of clicintlvl be 1.	closed	smatherd	2025-05-12T17:25:03Z	2025-05-28T06:12:16Z		
riscv-fast-interrupt	530	allow mix of CLIC/CLINT at different privilege modes	closed	smatherd	2025-05-12T17:37:24Z	2025-05-28T06:11:46Z		
riscv-fast-interrupt	528	add a generic CLIC mode not compatible with AIA	closed	smatherd	2025-05-12T16:32:58Z	2025-05-23T17:18:56Z		
riscv-fast-interrupt	532	522 add mechanism analogous to claimi for sw vectored interrupts	closed	2025-05-20T08:12:02Z	christian-herber-nxp	2025-05-14T13:40:11Z	2025-05-20T08:12:07Z	
riscv-fast-interrupt	524	add a separate AIA compatibility extension	closed	smatherd	2025-05-06T18:07:53Z	2025-05-12T16:37:30Z		
riscv-fast-interrupt	526	Bump docs-resources from `1d5bcd2` to `7558472`	closed	2025-05-08T17:56:13Z	dependabot[bot]	2025-05-08T16:53:11Z	2025-05-08T17:56:16Z	dependencies;submodules
riscv-fast-interrupt	449	Bump docs-resources from `62576cd` to `1d5bcd2`	closed	2025-05-07T07:34:02Z	dependabot[bot]	2025-02-19T17:50:54Z	2025-05-07T07:34:06Z	dependencies
riscv-fast-interrupt	502	493 repeat text on exception behavior	closed	christian-herber-nxp	2025-04-14T06:50:25Z	2025-05-07T07:33:38Z		
riscv-fast-interrupt	513	Removing inhv mechanism	closed	2025-05-07T07:32:26Z	christian-herber-nxp	2025-04-15T12:35:31Z	2025-05-07T07:32:26Z	
riscv-fast-interrupt	454	Updating xcliccfg register definitions	closed	christian-herber-nxp	2025-03-04T16:31:21Z	2025-05-07T07:17:58Z		
riscv-fast-interrupt	517	465 hw vectoring without shv	closed	2025-05-07T07:16:10Z	christian-herber-nxp	2025-05-05T14:57:33Z	2025-05-07T07:16:10Z	
riscv-fast-interrupt	521	Moving state enable changes for stack pointer swap to new section	closed	2025-05-07T07:15:56Z	christian-herber-nxp	2025-05-05T17:14:58Z	2025-05-07T07:15:56Z	
riscv-fast-interrupt	523	Removing version number from files in the repo	closed	2025-05-06T15:19:35Z	christian-herber-nxp	2025-05-06T15:16:58Z	2025-05-06T15:19:35Z	
riscv-fast-interrupt	503	Changing interrupt number to 12 bits	closed	2025-05-05T16:17:06Z	christian-herber-nxp	2025-04-14T06:59:10Z	2025-05-05T16:17:06Z	
riscv-fast-interrupt	518	Making extension dependencies explicit	closed	2025-05-05T16:09:32Z	christian-herber-nxp	2025-05-05T15:59:12Z	2025-05-05T16:09:32Z	
riscv-fast-interrupt	510	Removing RNMI and NMI sections in favor of a short note	closed	2025-05-05T13:47:08Z	christian-herber-nxp	2025-04-15T09:12:15Z	2025-05-05T13:47:08Z	
riscv-fast-interrupt	512	504 exceptions should be vectored with hw vectoring	closed	2025-04-30T15:53:00Z	christian-herber-nxp	2025-04-15T12:02:57Z	2025-04-30T15:53:04Z	
riscv-fast-interrupt	515	Removing requirement for illegal instruction trap	closed	2025-04-29T08:53:43Z	christian-herber-nxp	2025-04-29T08:53:36Z	2025-04-29T08:53:47Z	
riscv-fast-interrupt	509	Moving text on number of major interrupt numbers into a better place	closed	2025-04-15T09:07:44Z	christian-herber-nxp	2025-04-15T09:05:03Z	2025-04-15T09:07:44Z	
riscv-fast-interrupt	508	Renaming xtvt to xivt	closed	2025-04-15T08:56:32Z	christian-herber-nxp	2025-04-15T08:56:23Z	2025-04-15T08:56:37Z	
riscv-fast-interrupt	485	text update for #427	closed	2025-04-14T16:58:40Z	smatherd	2025-04-07T03:04:38Z	2025-04-14T16:58:41Z	
riscv-fast-interrupt	484	clean up redundancy in description of interrupt preemption	closed	2025-04-14T06:29:05Z	smatherd	2025-04-05T16:10:34Z	2025-04-14T06:29:06Z	
riscv-fast-interrupt	499	Updating push/pop fault handling in light of double trap extensions	closed	2025-04-14T06:24:54Z	christian-herber-nxp	2025-04-09T09:48:39Z	2025-04-14T06:24:58Z	
riscv-fast-interrupt	501	update to ssclic clicintlvl	closed	2025-04-14T06:20:54Z	smatherd	2025-04-14T03:39:05Z	2025-04-14T06:20:54Z	
riscv-fast-interrupt	497	Fixing various issues	closed	2025-04-10T14:54:23Z	christian-herber-nxp	2025-04-09T09:36:13Z	2025-04-10T14:54:23Z	
riscv-fast-interrupt	483	make ssclic a top level section	closed	smatherd	2025-04-05T15:31:32Z	2025-04-10T14:23:21Z		
riscv-fast-interrupt	481	Removing text specifying ret behavior with register definitions	closed	2025-04-09T09:08:57Z	christian-herber-nxp	2025-04-03T15:37:44Z	2025-04-09T09:08:57Z	
riscv-fast-interrupt	491	remove reference to wfmi	closed	2025-04-07T17:21:01Z	smatherd	2025-04-07T17:12:00Z	2025-04-07T17:21:01Z	
riscv-fast-interrupt	458	Defined the first CLIC interrupts to be an alias of mie/mip	closed	christian-herber-nxp	2025-03-05T11:31:09Z	2025-04-07T16:30:08Z		
riscv-fast-interrupt	438	fix inconsistencies on xnxti CSR	closed	hirooih	2025-01-05T08:37:41Z	2025-04-07T16:25:17Z		
riscv-fast-interrupt	459	Allowing level-based interrupts to have a SW-settable bit	closed	christian-herber-nxp	2025-03-05T12:45:56Z	2025-04-07T07:56:01Z		
riscv-fast-interrupt	482	changed smclicdbg to smditrig - for issue #476	closed	2025-04-07T07:50:31Z	smatherd	2025-04-05T14:42:51Z	2025-04-07T07:50:31Z	
riscv-fast-interrupt	480	Removed code repeating basic xret behavior	closed	2025-04-06T10:04:54Z	christian-herber-nxp	2025-04-03T14:33:11Z	2025-04-06T10:04:55Z	
riscv-fast-interrupt	479	Removed outdated warning	closed	2025-04-06T10:04:44Z	christian-herber-nxp	2025-04-03T14:26:16Z	2025-04-06T10:04:44Z	
riscv-fast-interrupt	478	replacing pull #477 - rework section headers	closed	smatherd	2025-04-03T01:04:12Z	2025-04-05T14:23:03Z		
riscv-fast-interrupt	477	For issue #475 - rework section headers	closed	smatherd	2025-04-01T17:35:10Z	2025-04-03T01:06:15Z		
riscv-fast-interrupt	464	Removing the old CLIC spec in favor of CLIC on top of AIA	closed	2025-04-02T14:36:24Z	christian-herber-nxp	2025-04-01T11:41:45Z	2025-04-02T14:36:24Z	
riscv-fast-interrupt	460	attempt at creating a AIA clic extension	closed	2025-03-31T16:39:47Z	smatherd	2025-03-08T01:56:06Z	2025-04-01T14:59:24Z	
riscv-fast-interrupt	448	First draft of ipush/pop	closed	christian-herber-nxp	2025-02-19T13:48:21Z	2025-04-01T11:41:01Z		
riscv-fast-interrupt	463	Ipush ipop enhancement	closed	2025-04-01T11:38:48Z	christian-herber-nxp	2025-04-01T11:28:36Z	2025-04-01T11:38:48Z	
riscv-fast-interrupt	437	Bump docs-resources from `1456c0d` to `62576cd`	closed	2025-01-07T07:50:55Z	dependabot[bot]	2024-12-18T16:44:10Z	2025-01-07T07:51:03Z	dependencies
riscv-fast-interrupt	395	mnxti pseudo code clarification when rs1 == x0	closed	dansmathers	2024-04-17T15:16:39Z	2025-01-06T17:16:11Z		
riscv-fast-interrupt	394	Fix general interrupt overview table ie description	closed	dansmathers	2024-04-09T17:14:38Z	2025-01-06T17:14:57Z		
riscv-fast-interrupt	431	414 move register layout definitions into wavedrom	closed	2025-01-06T17:07:32Z	wmat	2024-11-11T18:58:44Z	2025-01-06T17:07:32Z	
riscv-fast-interrupt	436	Bump docs-resources from `1456c0d` to `a76dd1d`	closed	dependabot[bot]	2024-12-10T21:54:55Z	2024-12-18T16:44:14Z	dependencies	
riscv-fast-interrupt	435	add dependabot to create PR to update the submodules to latest	closed	2024-12-10T15:14:42Z	ghost	2024-12-10T04:11:50Z	2024-12-10T15:14:42Z	
riscv-fast-interrupt	344	add csrrs mnxti behavior	closed	2023-12-19T17:41:37Z	dansmathers	2023-08-15T14:57:40Z	2024-11-01T14:47:18Z	
riscv-fast-interrupt	392	add recommended layout if mem-mapped access to CLIC regs is supported	closed	dansmathers	2024-03-12T03:40:34Z	2024-10-07T17:00:44Z		
riscv-fast-interrupt	423	James ball clic issue 411	closed	2024-10-03T19:41:10Z	christian-herber-nxp	2024-10-03T11:09:16Z	2024-10-03T19:41:30Z	
riscv-fast-interrupt	419	James ball clic issue 409	closed	james-ball-qualcomm	2024-09-26T01:31:51Z	2024-09-30T21:18:50Z		
riscv-fast-interrupt	417	issue #411 - Clarify that smclicshv ignores 1 or 2 LSBs of vector table entry (depending on IALIGN)	closed	2024-09-25T08:00:11Z	james-ball-qualcomm	2024-09-23T21:45:51Z	2024-09-25T08:00:11Z	
riscv-fast-interrupt	408	Improved clarity regarding xcause when switching between CLIC and CLINT	closed	2024-09-17T07:53:11Z	christian-herber-nxp	2024-09-11T11:46:18Z	2024-09-17T07:53:11Z	
riscv-fast-interrupt	404	Make some reorganizations in the chapter.	closed	2024-09-13T07:28:38Z	jb-brelot-nxp	2024-09-06T16:47:13Z	2024-09-13T07:28:38Z	
riscv-fast-interrupt	403	issue #401 - First round of changes to improve clarity of document. Removed mention of U-mode interrupts.	closed	2024-09-05T17:19:33Z	james-ball-qualcomm	2024-09-03T22:38:42Z	2024-09-05T17:34:10Z	
riscv-fast-interrupt	393	for issue #391 - assignment of miselect/siselect range for CLIC	closed	2024-03-14T14:38:58Z	dansmathers	2024-03-14T14:38:40Z	2024-03-14T14:39:04Z	
riscv-fast-interrupt	364	change access to clic registers from memory mapped to indirect CSR	closed	2024-03-04T19:00:59Z	dansmathers	2023-10-10T01:42:03Z	2024-03-10T00:37:42Z	
riscv-fast-interrupt	390	For issue #385 - clarify WARL for clicintctl/clicintattr	closed	2024-03-07T21:09:01Z	dansmathers	2024-03-07T15:16:36Z	2024-03-07T21:09:01Z	
riscv-fast-interrupt	389	For issue #388 - fix miselect/siselect values of clicintctl/clicintattr	closed	2024-03-05T21:02:13Z	dansmathers	2024-03-05T21:02:03Z	2024-03-05T21:02:13Z	
riscv-fast-interrupt	387	clarify indirect CSR text for issue #377	closed	2024-03-05T20:57:02Z	dansmathers	2024-03-05T20:56:37Z	2024-03-05T20:57:02Z	
riscv-fast-interrupt	386	rename title m-mode indirect CSR access	closed	2024-03-05T16:21:43Z	dansmathers	2024-03-05T16:21:21Z	2024-03-05T16:21:43Z	
riscv-fast-interrupt	384	revert #370 merge - nxti will again not return shv interrupts	closed	2024-03-05T16:00:07Z	dansmathers	2024-03-05T15:59:54Z	2024-03-05T16:00:07Z	
riscv-fast-interrupt	382	fix clicintctl spelling - for issue #380	closed	2024-03-05T14:54:45Z	dansmathers	2024-03-05T14:54:37Z	2024-03-05T14:54:45Z	
riscv-fast-interrupt	375	For issue #374 - remove special xnxti CLINT mode behavior statement	closed	2024-03-04T18:48:24Z	dansmathers	2024-03-04T18:48:11Z	2024-03-04T18:48:24Z	
riscv-fast-interrupt	369	update CLICINTCTLBITS parameter description	closed	2024-03-04T16:34:27Z	dansmathers	2024-02-02T00:28:07Z	2024-03-04T16:34:31Z	
riscv-fast-interrupt	373	add xcause.xpil fields to mandatory reset state	closed	2024-03-04T16:28:37Z	dansmathers	2024-02-22T19:56:35Z	2024-03-04T16:28:41Z	
riscv-fast-interrupt	372	for issue #371 - nxti behavior on signaling triggers	closed	2024-03-04T16:13:26Z	dansmathers	2024-02-20T21:39:31Z	2024-03-04T16:13:32Z	
riscv-fast-interrupt	370	change xnxti to also return SHV trap-handler entries	closed	2024-03-04T16:11:39Z	dansmathers	2024-02-10T00:19:51Z	2024-03-04T16:11:43Z	
riscv-fast-interrupt	368	clarification of clicintie/ip edge-trigger interaction	closed	2024-02-05T16:05:39Z	dansmathers	2024-01-22T14:46:31Z	2024-02-05T16:06:09Z	
riscv-fast-interrupt	331	attempt at cleaning up CLIC parameter definitions	closed	dansmathers	2023-04-25T04:13:40Z	2024-02-02T00:33:36Z		
riscv-fast-interrupt	325	note for issue #308	closed	dansmathers	2023-04-11T17:29:16Z	2024-02-02T00:30:43Z		
riscv-fast-interrupt	297	update of pull #286	closed	dansmathers	2023-02-14T04:23:17Z	2024-02-02T00:29:34Z		
riscv-fast-interrupt	286	pull to allow for multiple types of clicintattr.mode implementations	closed	dansmathers	2022-11-03T17:57:24Z	2024-02-02T00:29:08Z		
riscv-fast-interrupt	270	pull proposal for issue #221	closed	dansmathers	2022-09-13T15:26:21Z	2024-02-01T00:01:29Z		
riscv-fast-interrupt	366	clarify CLIC-only CSR behavior when switching CLIC->CLINT->CLIC	closed	2023-12-19T17:29:38Z	dansmathers	2023-12-05T04:54:22Z	2023-12-19T17:29:43Z	
riscv-fast-interrupt	281	simple hypervisor proposal	closed	dansmathers	2022-10-25T04:47:52Z	2023-10-20T14:34:04Z	post-v1.0	
riscv-fast-interrupt	257	define CLINT mode and change "original" to CLINT	closed	dansmathers	2022-08-29T19:36:17Z	2023-10-20T14:34:00Z		
riscv-fast-interrupt	256	update comparison to PLIC/APLIC/CLIC with regards to level-sensitive …	closed	dansmathers	2022-08-24T18:03:13Z	2023-10-20T14:33:58Z		
riscv-fast-interrupt	241	for issue #240 - change pseudocode for mscratchcsw to use mstatus.mpp	closed	dansmathers	2022-05-18T04:33:51Z	2023-10-20T14:33:57Z		
riscv-fast-interrupt	183	pull for #96 xcliccfg	closed	dansmathers	2021-12-15T21:55:02Z	2023-10-20T14:33:56Z		
riscv-fast-interrupt	206	add vector table note	closed	dansmathers	2022-03-04T23:56:20Z	2023-10-20T14:33:54Z		
riscv-fast-interrupt	204	pull for issue #96 privilege proposal	closed	dansmathers	2022-03-01T06:03:32Z	2023-10-20T14:33:53Z		
riscv-fast-interrupt	203	#202 - 64 bit writes to clic regs	closed	dansmathers	2022-02-09T21:17:22Z	2023-10-20T14:33:52Z		
riscv-fast-interrupt	199	Pull for issue #195	closed	dansmathers	2022-02-06T15:38:39Z	2023-10-20T14:33:50Z		
riscv-fast-interrupt	181	initial hypervisor extension proposal for clic	closed	dansmathers	2021-12-15T21:00:46Z	2023-10-20T14:33:49Z	post-v1.0	
riscv-fast-interrupt	174	clarification for issue #48	closed	dansmathers	2021-09-27T22:03:41Z	2023-10-20T14:33:26Z		
riscv-fast-interrupt	172	pull request for issue #96 m/s/ucliccfg	closed	dansmathers	2021-09-27T20:41:26Z	2023-10-20T14:33:24Z		
riscv-fast-interrupt	167	clicintctl definition simplification proposal	closed	dansmathers	2021-08-31T05:50:00Z	2023-10-20T14:33:13Z		
riscv-fast-interrupt	362	cleanup NUM_INTERRUPT in parameters section	closed	2023-10-10T16:44:51Z	dansmathers	2023-10-09T17:25:05Z	2023-10-10T16:44:56Z	
riscv-fast-interrupt	365	correct clic/rnmi interaction	closed	2023-10-10T16:43:41Z	dansmathers	2023-10-10T03:54:01Z	2023-10-10T16:43:51Z	
riscv-fast-interrupt	363	pseudo-code update of mret with inhv	closed	2023-10-10T16:14:39Z	dansmathers	2023-10-09T18:03:16Z	2023-10-10T16:14:43Z	
riscv-fast-interrupt	354	fix exception_handler pseudocode	closed	dansmathers	2023-08-29T04:56:47Z	2023-10-10T01:44:47Z		
riscv-fast-interrupt	346	adding Smstateen extension text to s-mode clic CSRs	closed	2023-08-29T16:47:43Z	dansmathers	2023-08-15T22:31:08Z	2023-08-29T16:47:46Z	
riscv-fast-interrupt	353	clarify which privilege modes will have mscratchcsw	closed	2023-08-29T16:29:10Z	dansmathers	2023-08-29T04:45:01Z	2023-08-29T16:29:13Z	
riscv-fast-interrupt	352	Clarify/Fix Smclic Ssclic Suclic memory map reserved areas	closed	2023-08-29T16:27:50Z	dansmathers	2023-08-29T04:34:13Z	2023-08-29T16:27:53Z	
riscv-fast-interrupt	342	add mtvec submode for switching between vectored handlers	closed	dansmathers	2023-07-14T17:03:37Z	2023-08-15T15:15:33Z		
riscv-fast-interrupt	343	add CSRRW option for xnxti CSR	closed	dansmathers	2023-07-14T18:09:49Z	2023-08-15T14:58:30Z		
riscv-fast-interrupt	341	inhv definition change	closed	2023-08-01T16:11:54Z	dansmathers	2023-07-14T16:08:11Z	2023-08-01T16:11:58Z	
riscv-fast-interrupt	340	updating mcause.pil and xret behavior to better match wording in priv…	closed	2023-06-20T16:18:35Z	dansmathers	2023-06-20T14:54:11Z	2023-06-20T16:18:39Z	
riscv-fast-interrupt	336	text update for question 1 of issue #334	closed	2023-06-06T19:19:12Z	dansmathers	2023-05-29T16:21:04Z	2023-06-06T19:19:19Z	
riscv-fast-interrupt	338	Update clic.adoc	closed	WWeiying	2023-05-30T08:50:41Z	2023-05-30T16:38:27Z		
riscv-fast-interrupt	337	Update clic.adoc	closed	2023-05-30T03:06:43Z	WWeiying	2023-05-30T01:29:33Z	2023-05-30T03:06:43Z	
riscv-fast-interrupt	335	Update clic.adoc	closed	2023-05-29T16:30:59Z	WWeiying	2023-05-29T02:21:36Z	2023-05-29T16:30:59Z	
riscv-fast-interrupt	330	pull for issue #322 cleanup xnlbits text	closed	2023-05-09T16:39:20Z	dansmathers	2023-04-24T23:20:53Z	2023-05-09T16:39:25Z	
riscv-fast-interrupt	327	intthresh clearing text update for issue #321	closed	2023-05-09T16:37:02Z	dansmathers	2023-04-20T15:04:20Z	2023-05-09T16:37:07Z	
riscv-fast-interrupt	328	RMNI text clarification for issue #320	closed	2023-05-09T16:34:17Z	dansmathers	2023-04-20T16:02:06Z	2023-05-09T16:34:24Z	
riscv-fast-interrupt	326	added note for issue #317	closed	2023-05-09T16:31:36Z	dansmathers	2023-04-11T17:41:58Z	2023-05-09T16:31:43Z	
riscv-fast-interrupt	324	pull for #318 - use "zero" instead of x0 in assembly examples	closed	2023-04-11T16:32:08Z	dansmathers	2023-04-11T15:26:13Z	2023-04-11T16:32:12Z	
riscv-fast-interrupt	323	pull for issue #290 non-naturally aligned access to the trap vector t…	closed	2023-04-11T16:22:32Z	dansmathers	2023-04-11T15:16:39Z	2023-04-11T16:22:35Z	
riscv-fast-interrupt	316	update for issue #311 - nlbits	closed	2023-03-28T16:38:23Z	dansmathers	2023-03-28T15:37:12Z	2023-03-28T16:38:27Z	
riscv-fast-interrupt	312	mem map clarification for issue #304	closed	2023-03-28T16:31:45Z	dansmathers	2023-03-14T15:57:58Z	2023-03-28T16:31:48Z	
riscv-fast-interrupt	313	for issue #295, include mention of xintthresh clearing and DRET	closed	2023-03-28T16:30:32Z	dansmathers	2023-03-15T17:19:06Z	2023-03-28T16:30:35Z	
riscv-fast-interrupt	310	clear xintthresh on changes to lower priv modes	closed	2023-03-14T16:07:52Z	dansmathers	2023-03-13T23:07:33Z	2023-03-15T11:50:02Z	
riscv-fast-interrupt	306	fix for issue #305 concerning xideleg and xedeleg text	closed	2023-02-28T17:25:46Z	dansmathers	2023-02-21T17:30:36Z	2023-02-28T17:25:54Z	
riscv-fast-interrupt	301	pull for issue #293, separate cliccfg per priv mode	closed	2023-02-14T18:01:02Z	dansmathers	2023-02-14T16:23:33Z	2023-02-14T18:01:06Z	
riscv-fast-interrupt	302	make clicinttrig, xnxti/xscratchcsw/xscratchcswl non-optional	closed	2023-02-14T17:58:08Z	dansmathers	2023-02-14T16:57:36Z	2023-02-14T17:58:12Z	
riscv-fast-interrupt	300	pull for #294 - move xintstatus addresses	closed	2023-02-14T17:16:13Z	dansmathers	2023-02-14T15:18:48Z	2023-02-14T17:16:17Z	
riscv-fast-interrupt	231	pull for proposed reformat of xcliccfg #96	closed	dansmathers	2022-04-27T16:23:00Z	2023-02-14T16:25:34Z		
riscv-fast-interrupt	201	moving user interrupts to a separate section	closed	dansmathers	2022-02-07T22:29:21Z	2023-02-14T16:25:04Z		
riscv-fast-interrupt	299	typo fix - repeated text fix for issue #298	closed	2023-02-14T15:12:57Z	dansmathers	2023-02-14T15:12:11Z	2023-02-14T15:13:06Z	
riscv-fast-interrupt	292	reorder text to split into different clic extensions.	closed	2023-01-31T17:23:29Z	dansmathers	2023-01-30T18:26:17Z	2023-01-31T17:24:22Z	
riscv-fast-interrupt	288	clic xcause clearing clarification	closed	2022-11-22T17:05:27Z	dansmathers	2022-11-14T17:33:52Z	2022-11-22T17:05:31Z	
riscv-fast-interrupt	283	updated nxti CSR access types, other uses reserved	closed	2022-11-08T17:31:07Z	dansmathers	2022-10-25T19:57:47Z	2022-11-08T17:31:11Z	
riscv-fast-interrupt	287	attempt to clarify "when a trap is taken all cause fields are updated.	closed	2022-11-08T17:29:10Z	dansmathers	2022-11-03T22:43:29Z	2022-11-08T17:29:13Z	
riscv-fast-interrupt	284	moved mclicbase, nvbits, clicinfo to parameters section	closed	2022-11-08T17:25:55Z	dansmathers	2022-10-25T21:24:00Z	2022-11-08T17:25:59Z	
riscv-fast-interrupt	285	move xintstatus to read-only CSR address range	closed	2022-11-08T17:22:56Z	dansmathers	2022-10-25T21:34:05Z	2022-11-08T17:23:00Z	
riscv-fast-interrupt	278	inhv pseudo code clarification attempt	closed	2022-10-25T16:40:40Z	dansmathers	2022-09-30T06:01:26Z	2022-10-25T16:40:44Z	
riscv-fast-interrupt	276	#275 clarify hwvector text	closed	2022-10-11T16:55:17Z	dansmathers	2022-09-28T17:47:06Z	2022-10-11T17:04:31Z	
riscv-fast-interrupt	273	change inhv to xinhv	closed	2022-09-27T16:29:08Z	dansmathers	2022-09-16T16:00:08Z	2022-09-27T16:29:11Z	
riscv-fast-interrupt	268	text clarification for #267	closed	2022-09-27T16:27:29Z	dansmathers	2022-09-05T19:39:41Z	2022-09-27T16:27:32Z	
riscv-fast-interrupt	264	clearly define CLINT mode	closed	2022-09-27T16:10:03Z	dansmathers	2022-08-30T22:36:26Z	2022-09-27T16:10:07Z	
riscv-brs	289	Revert "Antora refactor"	closed	2026-03-20T12:40:39Z	wmat	2026-03-20T12:37:23Z	2026-03-20T12:40:39Z	
riscv-brs	288	Antora refactor	closed	2026-03-18T13:22:18Z	wmat	2026-03-18T13:08:03Z	2026-03-18T13:22:19Z	
riscv-brs	287	Update GitHub Actions to requested versions	closed	2026-03-07T15:17:39Z	rpsene	2026-03-06T22:06:51Z	2026-03-07T15:17:39Z	
riscv-brs	286	Use ghcr.io/riscv/riscv-docs-base-container-image:latest	closed	2026-03-06T17:04:13Z	rpsene	2026-03-06T16:57:18Z	2026-03-06T17:04:13Z	
riscv-brs	283	Bump docs-resources from `3a40e07` to `b5eaf50`	closed	dependabot[bot]	2025-12-29T07:13:50Z	2026-01-30T07:43:44Z	dependencies;submodules	
riscv-brs	285	Bump docs-resources from `3a40e07` to `be002f1`	open	dependabot[bot]	2026-01-30T07:43:40Z	2026-01-30T07:43:41Z	dependencies;submodules	
riscv-brs	281	Bump docs-resources from `3a40e07` to `edf32fb`	closed	dependabot[bot]	2025-12-18T07:12:52Z	2025-12-29T07:13:53Z	dependencies;submodules	
riscv-brs	282	Fix SBI_070 rule	open	wxjstz	2025-12-24T14:17:28Z	2025-12-25T08:52:14Z		
riscv-brs	280	Bump docs-resources from `3a40e07` to `d644eb9`	closed	dependabot[bot]	2025-12-11T07:13:35Z	2025-12-18T07:12:56Z	dependencies;submodules	
riscv-brs	279	Bump docs-resources from `3a40e07` to `75d6a61`	closed	dependabot[bot]	2025-12-10T07:14:13Z	2025-12-11T07:13:39Z	dependencies;submodules	
riscv-brs	278	Bump docs-resources from `3a40e07` to `cdc5c1c`	closed	dependabot[bot]	2025-12-09T07:12:33Z	2025-12-10T07:14:17Z	dependencies;submodules	
riscv-brs	277	Bump docs-resources from `3a40e07` to `08bdece`	closed	dependabot[bot]	2025-12-08T07:11:29Z	2025-12-09T07:12:36Z	dependencies;submodules	
riscv-brs	276	Bump docs-resources from `3a40e07` to `8bd1a63`	closed	dependabot[bot]	2025-12-05T07:10:55Z	2025-12-08T07:11:33Z	dependencies;submodules	
riscv-brs	275	Bump docs-resources from `3a40e07` to `8bda051`	closed	dependabot[bot]	2025-12-04T07:13:40Z	2025-12-05T07:10:59Z	dependencies;submodules	
riscv-brs	274	Bump docs-resources from `3a40e07` to `36dcc26`	closed	dependabot[bot]	2025-12-03T07:12:22Z	2025-12-04T07:13:43Z	dependencies;submodules	
riscv-brs	273	Bump docs-resources from `3a40e07` to `116d24e`	closed	dependabot[bot]	2025-12-01T09:11:58Z	2025-12-03T07:12:26Z	dependencies;submodules	
riscv-brs	272	Bump docs-resources from `3a40e07` to `22a17b0`	closed	dependabot[bot]	2025-11-28T07:11:16Z	2025-12-01T09:12:02Z	dependencies;submodules	
riscv-brs	271	Bump docs-resources from `3a40e07` to `824bd66`	closed	dependabot[bot]	2025-11-27T07:14:11Z	2025-11-28T07:11:20Z	dependencies;submodules	
riscv-brs	270	Bump docs-resources from `3a40e07` to `49eff17`	closed	dependabot[bot]	2025-11-24T07:19:35Z	2025-11-27T07:14:18Z	dependencies;submodules	
riscv-brs	269	Bump docs-resources from `3a40e07` to `1660fd9`	closed	dependabot[bot]	2025-11-18T07:15:18Z	2025-11-24T07:19:39Z	dependencies;submodules	
riscv-brs	268	Bump docs-resources from `3a40e07` to `8e51e9f`	closed	dependabot[bot]	2025-11-14T07:14:28Z	2025-11-18T07:15:22Z	dependencies;submodules	
riscv-brs	267	Bump docs-resources from `3a40e07` to `707d21c`	closed	dependabot[bot]	2025-11-13T07:13:46Z	2025-11-14T07:14:31Z	dependencies;submodules	
riscv-brs	266	Bump docs-resources from `3a40e07` to `098f02b`	closed	dependabot[bot]	2025-11-11T07:17:34Z	2025-11-13T07:13:49Z	dependencies;submodules	
riscv-brs	265	Bump docs-resources from `3a40e07` to `40844de`	closed	dependabot[bot]	2025-11-10T07:22:54Z	2025-11-11T07:17:38Z	dependencies;submodules	
riscv-brs	264	Bump docs-resources from `3a40e07` to `3e01674`	closed	dependabot[bot]	2025-11-07T07:12:36Z	2025-11-10T07:22:58Z	dependencies;submodules	
riscv-brs	263	Bump docs-resources from `3a40e07` to `75c71b5`	closed	dependabot[bot]	2025-11-03T07:24:23Z	2025-11-07T07:12:40Z	dependencies;submodules	
riscv-brs	262	Bump docs-resources from `3a40e07` to `8b88469`	closed	dependabot[bot]	2025-10-29T07:15:38Z	2025-11-03T07:24:26Z	dependencies;submodules	
riscv-brs	261	Bump docs-resources from `3a40e07` to `07ae7be`	closed	dependabot[bot]	2025-10-28T07:14:40Z	2025-10-29T07:15:41Z	dependencies;submodules	
riscv-brs	260	Bump docs-resources from `3a40e07` to `4b6af80`	closed	dependabot[bot]	2025-10-20T07:26:13Z	2025-10-28T07:14:44Z	dependencies;submodules	
riscv-brs	259	Bump docs-resources from `3a40e07` to `14a3283`	closed	dependabot[bot]	2025-10-17T07:14:13Z	2025-10-20T07:26:17Z	dependencies;submodules	
riscv-brs	258	Bump docs-resources from `3a40e07` to `2f436fa`	closed	dependabot[bot]	2025-10-16T07:25:05Z	2025-10-17T07:14:17Z	dependencies;submodules	
riscv-brs	257	Bump docs-resources from `3a40e07` to `d71e312`	closed	dependabot[bot]	2025-10-13T07:27:50Z	2025-10-16T07:25:09Z	dependencies;submodules	
riscv-brs	256	Bump docs-resources from `3a40e07` to `c90c0bf`	closed	dependabot[bot]	2025-10-02T07:13:27Z	2025-10-13T07:27:53Z	dependencies;submodules	
riscv-brs	255	Bump docs-resources from `3a40e07` to `ff1e5eb`	closed	dependabot[bot]	2025-09-30T07:14:28Z	2025-10-02T07:13:31Z	dependencies;submodules	
riscv-brs	254	Bump docs-resources from `3a40e07` to `6ef1a1f`	closed	dependabot[bot]	2025-09-18T07:14:11Z	2025-09-30T07:14:32Z	dependencies;submodules	
riscv-brs	253	Bump docs-resources from `3a40e07` to `a0a938e`	closed	dependabot[bot]	2025-09-17T07:14:04Z	2025-09-18T07:14:14Z	dependencies;submodules	
riscv-brs	252	Bump docs-resources from `3a40e07` to `6124035`	closed	dependabot[bot]	2025-09-12T07:12:50Z	2025-09-17T07:14:07Z	dependencies;submodules	
riscv-brs	251	Bump docs-resources from `3a40e07` to `c71d56b`	closed	dependabot[bot]	2025-09-11T07:14:03Z	2025-09-12T07:12:54Z	dependencies;submodules	
riscv-brs	250	Bump docs-resources from `3a40e07` to `1fb9a74`	closed	dependabot[bot]	2025-09-09T07:15:22Z	2025-09-11T07:14:06Z	dependencies;submodules	
riscv-brs	249	Bump docs-resources from `3a40e07` to `d7974ea`	closed	dependabot[bot]	2025-09-04T12:04:50Z	2025-09-09T07:15:26Z	dependencies;submodules	
riscv-brs	248	Bump docs-resources from `3a40e07` to `48beddb`	closed	dependabot[bot]	2025-09-03T20:14:20Z	2025-09-04T12:04:54Z	dependencies;submodules	
riscv-brs	247	Update version and state to reflect ratified.	closed	2025-08-29T04:23:45Z	vlsunil	2025-08-29T04:18:22Z	2025-08-29T04:23:50Z	
riscv-brs	246	Bump docs-resources from `45d29d9` to `3a40e07`	closed	2025-08-29T04:03:52Z	dependabot[bot]	2025-07-24T07:13:32Z	2025-08-29T04:03:58Z	dependencies;submodules
riscv-brs	245	Address public review feedback	closed	2025-07-22T04:03:20Z	vlsunil	2025-07-22T03:43:07Z	2025-07-22T04:03:20Z	
riscv-brs	244	Bump docs-resources from `7558472` to `45d29d9`	closed	2025-07-20T15:01:46Z	dependabot[bot]	2025-07-18T07:23:56Z	2025-07-20T15:01:53Z	dependencies;submodules
riscv-brs	243	Bump docs-resources from `7558472` to `ab24eec`	closed	dependabot[bot]	2025-07-09T07:49:53Z	2025-07-18T07:23:59Z	dependencies;submodules	
riscv-brs	238	Bump docs-resources from `7558472` to `f38f756`	closed	dependabot[bot]	2025-06-17T08:07:21Z	2025-07-09T07:49:58Z	dependencies;submodules	
riscv-brs	237	Update copyright to include 2025	closed	2025-06-15T13:18:07Z	vlsunil	2025-06-15T12:59:48Z	2025-06-15T13:18:11Z	
riscv-brs	231	Update BRS / TS revision and date for freeze.	closed	2025-06-15T12:29:19Z	jamieiles	2025-03-18T13:40:35Z	2025-06-15T12:29:19Z	
riscv-brs	236	Update non-normative text related to SATP and remove _CCA requirement	closed	2025-06-15T12:28:54Z	vlsunil	2025-06-15T05:51:53Z	2025-06-15T12:29:00Z	
riscv-brs	232	uefi: add URT_060 to support Landing Pads in UEFI Runtime Services	closed	radimkrcmar	2025-03-19T17:29:01Z	2025-06-14T17:44:31Z		
riscv-brs	229	Strengthen requirements on the SBI implementation	closed	SiFiveHolland	2025-03-14T19:09:12Z	2025-06-14T17:42:34Z		
riscv-brs	235	Require the SBI DBCN extension if referenced by the ACPI SPCR table	closed	2025-06-14T17:41:09Z	SiFiveHolland	2025-06-13T15:57:20Z	2025-06-14T17:41:09Z	
riscv-brs	234	ACPI guidance: SPCR: Include PL011	closed	2025-06-14T17:40:15Z	jones-drew	2025-06-03T12:25:42Z	2025-06-14T17:40:15Z	
riscv-brs	233	Bump docs-resources from `1d5bcd2` to `7558472`	closed	2025-06-02T14:00:08Z	dependabot[bot]	2025-05-09T08:08:42Z	2025-06-02T14:00:15Z	dependencies;submodules
riscv-brs	84	Add initial notes on trap handlers	closed	orangecms	2023-10-16T17:28:33Z	2025-03-14T23:10:35Z		
riscv-brs	228	Bump docs-resources from `62576cd` to `1d5bcd2`	closed	2025-02-27T09:05:43Z	dependabot[bot]	2025-02-20T07:20:04Z	2025-02-27T09:05:50Z	dependencies
riscv-brs	227	Correct the typos	closed	2025-02-27T09:05:29Z	pathakraul	2025-02-16T06:22:53Z	2025-02-27T09:05:30Z	
riscv-brs	226	Fix changed requirement number	closed	2025-02-07T05:46:52Z	vlsunil	2025-02-07T05:27:54Z	2025-02-07T05:46:53Z	
riscv-brs	225	Minor updates before freeze	closed	2025-02-07T05:17:17Z	vlsunil	2025-02-06T05:23:25Z	2025-02-07T05:17:18Z	
riscv-brs	218	Update contributor list	closed	2025-01-13T04:42:05Z	vlsunil	2025-01-13T04:30:15Z	2025-01-13T04:42:05Z	
riscv-brs	215	Bump docs-resources from `07b9904` to `62576cd`	closed	2025-01-13T04:41:10Z	dependabot[bot]	2024-12-18T07:54:23Z	2025-01-13T04:41:17Z	dependencies
riscv-brs	217	Add missing RVI documentation template files	closed	2025-01-03T06:55:43Z	vlsunil	2025-01-03T04:30:04Z	2025-01-03T07:02:32Z	
riscv-brs	214	Bump docs-resources from `07b9904` to `a76dd1d`	closed	dependabot[bot]	2024-12-13T15:42:28Z	2024-12-18T07:54:26Z	dependencies	
riscv-brs	212	add dependabot to create PR to update the submodules to latest	closed	2024-12-13T15:41:48Z	ghost	2024-12-10T04:02:41Z	2024-12-13T15:41:48Z	
riscv-brs	213	Fix citations	closed	2024-12-13T15:38:50Z	radimkrcmar	2024-12-13T14:32:11Z	2024-12-13T15:38:50Z	
riscv-brs	211	Minor updates	closed	2024-12-09T03:56:39Z	vlsunil	2024-12-07T06:55:57Z	2024-12-09T03:56:39Z	
riscv-brs	210	Updates for ARC and Roy's feedback on 0.0.3	closed	2024-12-06T11:43:54Z	vlsunil	2024-11-28T04:03:00Z	2024-12-06T11:43:54Z	
riscv-brs	208	Updates for ARC feedback #182, #198 and #201	closed	2024-11-19T04:07:42Z	vlsunil	2024-11-08T07:49:53Z	2024-12-03T12:01:47Z	
riscv-brs	207	UIO_010 clarification attempt for https://github.com/riscv-non-isa/ri…	closed	2024-11-08T09:32:25Z	andreiw	2024-11-06T18:03:41Z	2024-11-11T04:24:22Z	
riscv-brs	206	Updates for some of the ARC feedback	closed	2024-11-06T17:27:05Z	vlsunil	2024-10-28T09:52:55Z	2024-11-06T17:27:20Z	
riscv-brs	205	Updates for ARC feedback #202 and #204	closed	2024-10-24T13:56:55Z	vlsunil	2024-10-12T04:45:10Z	2024-10-24T13:56:55Z	
riscv-brs	190	Apply URT_010 feedback from ARC	closed	2024-08-13T15:59:30Z	andreiw	2024-08-08T18:14:02Z	2024-08-13T15:59:57Z	
riscv-brs	193	AML_070 and URT_020 clarifications.	closed	2024-08-13T15:59:40Z	andreiw	2024-08-08T19:12:09Z	2024-08-13T15:59:43Z	
riscv-brs	196	BRS-I EFI Cfg Table Requirement for EFI_DTB_TABLE_GUID	closed	2024-08-08T20:38:58Z	andreiw	2024-08-08T20:34:56Z	2024-08-08T20:39:02Z	
riscv-brs	195	ARC feedback on SMBIOS.	closed	2024-08-08T20:33:50Z	andreiw	2024-08-08T19:44:44Z	2024-08-08T20:34:39Z	
riscv-brs	194	ARC feedback on SMBIOS_060.	closed	2024-08-08T19:27:11Z	andreiw	2024-08-08T19:19:49Z	2024-08-08T19:27:19Z	
riscv-brs	191	Add RVI abbreviation to list of abbreviations.	closed	2024-08-08T18:24:33Z	andreiw	2024-08-08T18:21:57Z	2024-08-08T18:35:24Z	
riscv-brs	192	ARC feedback to SBI_060	closed	2024-08-08T18:34:46Z	andreiw	2024-08-08T18:27:52Z	2024-08-08T18:34:50Z	
riscv-brs	188	acpi-prop: Make UART device properties to use global namespace	closed	2024-08-06T07:05:23Z	vlsunil	2024-07-30T06:48:21Z	2024-08-06T07:05:24Z	
riscv-brs	178	Add initial test specification	closed	2024-07-28T23:49:41Z	xiaobo55x	2024-07-22T08:29:07Z	2024-07-29T02:11:51Z	
riscv-brs	172	Sunil's feedback on allowing RSCV IDs to be used as either HID or CID.	closed	2024-06-10T17:29:54Z	andreiw	2024-06-06T19:32:56Z	2024-06-10T17:29:59Z	
riscv-brs	171	Fix https://github.com/riscv-non-isa/riscv-brs/issues/168	closed	2024-05-31T17:49:22Z	andreiw	2024-05-31T17:37:52Z	2024-05-31T17:49:25Z	
riscv-brs	170	non-normative/acpi.adoc: Add RIMT as additional table	closed	2024-05-29T18:31:34Z	vlsunil	2024-05-29T04:36:33Z	2024-05-29T18:31:34Z	
riscv-brs	167	Remove _DEP requirement	closed	2024-05-29T00:58:35Z	vlsunil	2024-05-21T04:44:26Z	2024-05-29T00:58:35Z	
riscv-brs	76	non-normative/acpi.adoc: Fix the typo	closed	2023-10-02T16:01:22Z	vlsunil	2023-09-27T13:17:18Z	2024-05-21T04:48:30Z	
riscv-brs	143	ACPI: Add requirement to have PLIC/APLIC namespace devices	closed	2024-04-15T16:37:18Z	vlsunil	2024-04-11T17:58:14Z	2024-05-21T04:48:28Z	
riscv-brs	164	acpi: Reword PLIC/APLIC namespace requirement	closed	2024-05-20T17:33:15Z	vlsunil	2024-05-16T06:18:37Z	2024-05-21T04:48:25Z	
riscv-brs	165	acpi-id: Reserve ACPI ID for IOMMU	closed	2024-05-20T17:34:15Z	vlsunil	2024-05-16T06:21:54Z	2024-05-21T04:48:21Z	
riscv-brs	166	Address Ved's comment for https://github.com/riscv-non-isa/riscv-brs/…	closed	2024-05-20T17:38:57Z	andreiw	2024-05-20T17:35:31Z	2024-05-20T17:39:06Z	
riscv-brs	163	Address some feedback from Ved: "Chapter 5 Some of the requirements a…	closed	2024-05-16T00:23:58Z	andreiw	2024-05-15T17:37:02Z	2024-05-16T00:24:11Z	
riscv-brs	161	smbios: cleaning up smbios requirements	closed	2024-05-15T17:44:37Z	david-sia	2024-04-23T05:06:59Z	2024-05-15T17:44:37Z	
riscv-brs	160	Use latest tag for versioning.	closed	2024-04-19T15:57:13Z	andreiw	2024-04-19T15:56:29Z	2024-04-19T15:57:13Z	
riscv-brs	158	SBI is *an* interface, not *the* interface, between supervisor mode and the next higher privilege level	closed	2024-04-18T21:32:35Z	darius-bluespec	2024-04-18T18:09:48Z	2024-04-18T21:40:48Z	
riscv-brs	157	Remove incorrect definition of 'system'	closed	2024-04-18T21:33:14Z	darius-bluespec	2024-04-18T18:07:51Z	2024-04-18T21:40:47Z	
riscv-brs	159	Fix header, replacing OS-A SEE Task Group with BRS Task Group.	closed	2024-04-18T21:32:04Z	andreiw	2024-04-18T21:30:08Z	2024-04-18T21:32:07Z	
riscv-brs	156	Minor formatting nits for SBI section	closed	2024-04-18T04:11:34Z	andreiw	2024-04-18T04:11:05Z	2024-04-18T04:11:37Z	
riscv-brs	154	Fix date and rev to 0.0.1, hopefully the ARC review version!	closed	2024-04-18T03:46:00Z	andreiw	2024-04-18T03:44:06Z	2024-04-18T03:46:00Z	
riscv-brs	153	Prettify. The point of this is to easily visually parse the spec.	closed	2024-04-18T03:33:48Z	andreiw	2024-04-18T00:03:11Z	2024-04-18T03:33:48Z	
riscv-brs	148	smbios: update processor ID for RISCV to reflect the SoC ID	closed	2024-04-17T16:46:40Z	andreiw	2024-04-15T18:08:38Z	2024-04-17T16:46:46Z	
riscv-brs	150	Define AML device ID/props for SPCR type 0x12 devices	closed	2024-04-17T16:45:50Z	andreiw	2024-04-15T19:39:49Z	2024-04-17T16:45:54Z	
riscv-brs	149	Fix acpi references in non-normative text	closed	2024-04-15T18:20:47Z	andreiw	2024-04-15T18:16:18Z	2024-04-15T18:20:51Z	
riscv-brs	146	Fix contributors link from readme and fix missing contributors. I hop…	closed	2024-04-15T17:40:02Z	andreiw	2024-04-15T17:38:17Z	2024-04-15T17:40:16Z	
riscv-brs	142	smbios clarifications	closed	2024-04-15T16:18:20Z	andreiw	2024-04-11T05:55:42Z	2024-04-15T17:28:44Z	
riscv-brs	145	Nits	closed	2024-04-15T17:28:33Z	andreiw	2024-04-15T17:27:52Z	2024-04-15T17:28:36Z	
riscv-brs	141	Resolve https://github.com/riscv-non-isa/riscv-brs/issues/118	closed	2024-04-15T17:16:22Z	andreiw	2024-04-11T05:51:02Z	2024-04-15T17:16:28Z	
riscv-brs	144	Minor fixups to PLIC/APLIC text.	closed	2024-04-15T17:15:55Z	andreiw	2024-04-15T17:14:14Z	2024-04-15T17:15:59Z	
riscv-brs	33	Eliminate superfluous and redundant content	closed	darius-bluespec	2023-05-16T20:08:49Z	2024-04-12T01:08:18Z		
riscv-brs	131	smbios clarifications	closed	andreiw	2024-04-11T03:15:39Z	2024-04-11T05:53:49Z		
riscv-brs	140	Resolve https://github.com/riscv-non-isa/riscv-brs/issues/35	closed	2024-04-11T05:33:10Z	andreiw	2024-04-11T05:30:37Z	2024-04-11T05:33:14Z	
riscv-brs	139	Resolve https://github.com/riscv-non-isa/riscv-brs/issues/37	closed	2024-04-11T05:19:04Z	andreiw	2024-04-11T05:17:13Z	2024-04-11T05:19:09Z	
riscv-brs	70	Assorted cleanup	closed	2023-09-07T03:34:36Z	andreiw	2023-08-29T20:01:36Z	2024-04-11T05:17:45Z	
riscv-brs	134	Resolve https://github.com/riscv-non-isa/riscv-brs/issues/116	closed	2024-04-11T04:06:08Z	andreiw	2024-04-11T04:04:26Z	2024-04-11T05:17:39Z	
riscv-brs	133	Fix https://github.com/riscv-non-isa/riscv-brs/issues/117	closed	2024-04-11T03:47:19Z	andreiw	2024-04-11T03:43:17Z	2024-04-11T05:17:38Z	
riscv-brs	73	apply feedback from https://docs.google.com/presentation/d/1JNt6_wRY-uIfDj-I37szFXq-IV17lGxczV2hpuZILaI/edit#slide=id.g21d5651495d_0_17	closed	2023-09-12T19:07:31Z	andreiw	2023-09-12T00:35:07Z	2024-04-11T05:17:34Z	
riscv-brs	138	Resolve https://github.com/riscv-non-isa/riscv-brs/issues/113	closed	2024-04-11T05:09:01Z	andreiw	2024-04-11T04:59:38Z	2024-04-11T05:09:07Z	
riscv-brs	137	Fix https://github.com/riscv-non-isa/riscv-brs/issues/111	closed	2024-04-11T04:29:24Z	andreiw	2024-04-11T04:27:34Z	2024-04-11T04:29:56Z	
riscv-brs	132	Resolve https://github.com/riscv-non-isa/riscv-brs/issues/119	closed	2024-04-11T03:40:51Z	andreiw	2024-04-11T03:38:57Z	2024-04-11T03:40:58Z	
riscv-brs	126	Brs b no pci required	closed	rminnich	2024-03-01T16:00:13Z	2024-04-11T03:17:07Z		
riscv-brs	130	Fix https://github.com/riscv-non-isa/riscv-brs/issues/128	closed	2024-04-11T01:13:44Z	andreiw	2024-04-11T01:08:17Z	2024-04-11T01:13:48Z	
riscv-brs	129	Address https://github.com/riscv-non-isa/riscv-brs/issues/123	closed	2024-04-11T01:00:03Z	andreiw	2024-04-11T00:41:46Z	2024-04-11T01:00:07Z	
riscv-brs	72	Add a new recipe to support non-UEFI firmware (coreboot).	closed	weidongwd	2023-09-07T12:24:23Z	2024-04-04T11:39:05Z		
riscv-brs	87	Add a new recipe to support non-UEFI firmware.	closed	weidongwd	2023-10-26T12:20:12Z	2024-04-03T19:48:21Z		
riscv-brs	114	recipes: Heterogeneous performance harts	closed	2024-04-03T19:47:39Z	xypron	2024-02-14T21:15:39Z	2024-04-03T19:47:39Z	
riscv-brs	112	Typo strutures	closed	2024-02-14T04:05:02Z	xypron	2024-02-13T09:14:04Z	2024-02-14T21:24:11Z	
riscv-brs	108	Typo Firwmare	closed	2024-02-14T04:03:53Z	xypron	2024-02-13T08:56:05Z	2024-02-14T21:24:11Z	
riscv-brs	106	sbi: require >= v2.0 in all parts of the document	closed	2024-02-14T04:02:36Z	xypron	2024-02-13T08:32:02Z	2024-02-14T21:24:11Z	
riscv-brs	51	UEFI: describe platform initialization	closed	2023-07-25T22:09:52Z	xypron	2023-07-17T18:06:12Z	2024-02-14T21:24:11Z	
riscv-brs	50	UEFI: require EFI_TCG2_PROTOCOL if TPM v2 is present	closed	2023-07-25T22:08:58Z	xypron	2023-07-17T17:40:16Z	2024-02-14T21:24:11Z	
riscv-brs	49	images: the git repository should be self-contained	closed	xypron	2023-07-17T16:54:05Z	2024-02-14T21:24:11Z		
riscv-brs	107	Typo arbiration	closed	2024-02-14T04:03:25Z	xypron	2024-02-13T08:51:05Z	2024-02-14T21:24:10Z	
riscv-brs	103	BRS-B: clarify EBBR requirement	closed	2024-02-14T04:01:30Z	xypron	2024-02-13T08:17:29Z	2024-02-14T21:24:10Z	
riscv-brs	48	Makefile: don't fail on missing riscv-brs-spec.pdf	closed	2023-07-17T16:44:32Z	xypron	2023-07-17T16:40:34Z	2024-02-14T21:24:10Z	
riscv-brs	97	This reformats the spec to look more like ServerSoc / ServerPlatform	closed	2024-01-28T22:10:57Z	andreiw	2024-01-23T21:48:29Z	2024-01-28T22:10:57Z	
riscv-brs	90	Smbios cleanup	closed	2023-12-05T20:28:34Z	andreiw	2023-11-28T03:30:05Z	2023-12-05T20:28:38Z	
riscv-brs	93	Add a few generic uefi secure boot requirements that don't make sense…	closed	2023-12-05T20:27:17Z	andreiw	2023-12-04T20:31:28Z	2023-12-05T20:27:21Z	
riscv-brs	91	     Add a few generic uefi secure boot requirements that don't make sense to fold into the server platform spec	closed	andreiw	2023-12-01T05:33:40Z	2023-12-04T20:29:22Z		
riscv-brs	88	Remove Background Section	closed	2023-10-30T15:32:59Z	adurbin-rivos	2023-10-30T15:28:46Z	2023-10-30T15:32:59Z	
riscv-brs	86	Add WIP ISA extension details that can void the requirement of SBI PMU.	closed	2023-10-23T15:19:21Z	atishp04	2023-10-23T07:40:22Z	2023-10-23T15:19:21Z	
riscv-brs	85	Flesh out/clean SMBIOS section.	closed	2023-10-23T15:18:29Z	andreiw	2023-10-18T20:14:47Z	2023-10-23T15:18:30Z	
riscv-brs	75	uefi: remove redundant address translation requirements	closed	2023-09-18T15:57:04Z	andreiw	2023-09-14T01:50:51Z	2023-09-18T15:57:11Z	
riscv-brs	74	Detect Docker robustly	closed	2023-09-12T19:07:57Z	a4lg	2023-09-12T02:32:18Z	2023-09-12T19:07:58Z	
riscv-brs	69	fill out the uefi section	closed	2023-08-29T20:00:51Z	andreiw	2023-08-28T20:49:03Z	2023-09-11T16:22:25Z	
riscv-brs	68	acpi: cleanup and rearrange	closed	2023-08-28T19:58:17Z	andreiw	2023-08-25T17:25:54Z	2023-08-28T19:58:23Z	
riscv-brs	67	uefi: fill the section on RTC access	closed	2023-08-23T18:26:13Z	andreiw	2023-08-22T23:25:14Z	2023-08-23T18:26:13Z	
riscv-brs	66	acpi: cleanup	closed	2023-08-23T18:25:49Z	andreiw	2023-08-22T22:47:29Z	2023-08-23T18:25:53Z	
riscv-brs	65	Cleanup secondary boot section	closed	2023-08-23T18:25:01Z	andreiw	2023-08-22T22:23:30Z	2023-08-23T18:25:06Z	
riscv-brs	60	ACPI cleanup	closed	2023-08-22T20:49:09Z	andreiw	2023-08-22T18:46:44Z	2023-08-22T20:49:13Z	
riscv-brs	59	Cleanup glossary	closed	2023-08-22T18:47:08Z	andreiw	2023-08-22T16:17:32Z	2023-08-22T18:47:27Z	
riscv-brs	58	Remove SUSP as a requirement.	closed	2023-08-22T18:47:17Z	andreiw	2023-08-22T15:50:38Z	2023-08-22T18:47:21Z	
riscv-brs	54	Add a UEFI-PI reference to the bib file.	closed	2023-08-02T11:27:43Z	andreiw	2023-08-02T11:26:00Z	2023-08-22T15:38:05Z	
riscv-brs	55	Partially resolve https://github.com/riscv-non-isa/riscv-brs/issues/52	closed	2023-08-21T22:31:51Z	andreiw	2023-08-02T11:28:31Z	2023-08-21T22:32:03Z	
riscv-brs	57	Update readme and include link to the v7 draft Illustrative OS-A-SEE … 	closed	2023-08-03T12:08:15Z	andreiw	2023-08-03T12:05:41Z	2023-08-03T12:08:15Z	
riscv-brs	56	Upgrade GH Actions to build using the containerized solution	closed	2023-08-02T21:13:28Z	rpsene	2023-08-02T21:10:02Z	2023-08-02T21:13:28Z	
riscv-brs	53	trivial spelling fixes	closed	2023-08-02T11:08:26Z	andreiw	2023-08-02T10:23:16Z	2023-08-02T11:08:26Z	
riscv-brs	44	Add SBI chapter	closed	2023-07-17T15:39:04Z	atishp04	2023-06-09T23:22:34Z	2023-07-17T16:02:41Z	
riscv-brs	47	Secondary boot support	closed	2023-07-17T15:39:02Z	atishp04	2023-07-09T00:35:03Z	2023-07-17T15:39:02Z	
riscv-brs	46	issue 43: remove redundant note	closed	2023-07-17T15:32:49Z	andreiw	2023-06-20T18:08:18Z	2023-07-17T15:32:50Z	
riscv-brs	41	Update recipe table with updated versions	closed	2023-06-12T15:32:23Z	adurbin-rivos	2023-05-24T04:07:20Z	2023-06-12T15:32:23Z	
riscv-brs	40	spec seeding	closed	2023-05-24T03:50:38Z	adurbin-rivos	2023-05-24T03:39:49Z	2023-05-24T03:50:39Z	
riscv-brs	38	Remove redundant language	closed	2023-05-18T14:21:55Z	darius-bluespec	2023-05-18T14:20:33Z	2023-05-18T14:29:09Z	
riscv-brs	29	Fill in minimum hart requirements.	closed	2023-05-17T13:55:07Z	adurbin-rivos	2023-05-01T15:31:36Z	2023-05-17T13:55:08Z	
riscv-brs	32	Expand recipes a bit going into further requirements for BRS-I.	closed	2023-05-13T22:08:39Z	andreiw	2023-05-04T04:34:16Z	2023-05-13T22:08:39Z	
riscv-brs	31	Add some text in the "Recipes" chapter	closed	2023-05-02T16:14:59Z	paul-walmsley-sifive	2023-05-02T03:10:11Z	2023-05-02T16:14:59Z	
riscv-brs	26	acpi: flesh out non-normative portion	closed	2023-04-25T16:15:01Z	andreiw	2023-04-12T20:21:07Z	2023-04-25T16:15:02Z	
riscv-brs	25	acpi: flesh out and rework compared to the illustrative doc	closed	2023-04-12T19:45:15Z	andreiw	2023-03-30T08:36:58Z	2023-04-12T19:45:15Z	
riscv-brs	6	Flesh out intro more	closed	2023-03-14T23:20:56Z	adurbin-rivos	2023-03-13T15:37:30Z	2023-03-14T23:21:02Z	
riscv-brs	5	spec seeding	closed	2023-03-06T16:03:32Z	adurbin-rivos	2023-03-02T06:53:21Z	2023-03-06T16:03:33Z	
riscv-brs	3	Flesh out the rest of the document structure	closed	2023-02-13T18:48:10Z	andreiw	2023-02-06T21:13:32Z	2023-02-13T18:48:11Z	
riscv-brs	2	brs: high-level document structure	closed	2023-02-06T18:55:24Z	andreiw	2023-02-06T18:38:01Z	2023-02-06T18:55:24Z	
riscv-brs	1	Rename pdf filename to use 'os-a-see'.	closed	2022-09-27T20:05:07Z	adurbin-rivos	2022-09-27T20:01:09Z	2022-09-27T20:05:07Z	
riscv-rpmi	158	Add TEE service group	open	chbolis	2026-04-27T20:22:11Z	2026-04-27T20:22:11Z		
riscv-rpmi	157	Introduce TEE service group	open	peterlin-sifive	2026-03-24T06:16:47Z	2026-04-06T07:27:39Z		
riscv-rpmi	150	Add SYSTEM_IRQ service group	closed	2026-03-30T11:37:36Z	avpatel	2026-02-24T15:24:32Z	2026-03-30T11:37:36Z	
riscv-rpmi	131	logging: Add Logging service group	closed	2026-03-25T07:04:16Z	slingappa	2025-11-13T06:20:34Z	2026-03-25T07:04:16Z	
riscv-rpmi	156	Revert "Antora refactor"	closed	2026-03-20T12:30:18Z	wmat	2026-03-20T12:26:21Z	2026-03-20T12:30:18Z	
riscv-rpmi	155	Antora refactor	closed	2026-03-19T16:23:18Z	wmat	2026-03-19T16:13:01Z	2026-03-19T16:23:18Z	
riscv-rpmi	154	Antora refactor merge	closed	wmat	2026-03-19T16:00:12Z	2026-03-19T16:05:36Z		
riscv-rpmi	153	Make common data tables for enable notification service	closed	2026-03-15T01:21:22Z	pathakraul	2026-03-11T02:38:21Z	2026-03-15T01:21:22Z	
riscv-rpmi	152	Update GitHub Actions to requested versions	closed	2026-03-07T14:55:58Z	rpsene	2026-03-06T22:08:08Z	2026-03-07T14:55:58Z	
riscv-rpmi	151	Use ghcr.io/riscv/riscv-docs-base-container-image:latest	closed	2026-03-06T17:07:53Z	rpsene	2026-03-06T16:58:28Z	2026-03-06T17:07:53Z	
riscv-rpmi	149	Only for Review	closed	pathakraul	2026-02-10T12:20:18Z	2026-02-10T12:20:40Z		
riscv-rpmi	146	build(deps): bump docs-resources from `3a40e07` to `b5eaf50`	closed	dependabot[bot]	2025-12-29T23:12:46Z	2026-01-30T23:33:59Z	dependencies;submodules	
riscv-rpmi	148	build(deps): bump docs-resources from `3a40e07` to `be002f1`	open	dependabot[bot]	2026-01-30T23:33:55Z	2026-01-30T23:33:56Z	dependencies;submodules	
riscv-rpmi	145	build(deps): bump docs-resources from `3a40e07` to `edf32fb`	closed	dependabot[bot]	2025-12-18T23:11:55Z	2025-12-29T23:12:49Z	dependencies;submodules	
riscv-rpmi	144	build(deps): bump docs-resources from `3a40e07` to `8789870`	closed	dependabot[bot]	2025-12-17T23:13:13Z	2025-12-18T23:12:00Z	dependencies;submodules	
riscv-rpmi	142	build(deps): bump docs-resources from `3a40e07` to `d644eb9`	closed	dependabot[bot]	2025-12-11T23:15:26Z	2025-12-17T23:13:17Z	dependencies;submodules	
riscv-rpmi	141	build(deps): bump docs-resources from `3a40e07` to `75d6a61`	closed	dependabot[bot]	2025-12-10T23:10:38Z	2025-12-11T23:15:29Z	dependencies;submodules	
riscv-rpmi	140	build(deps): bump docs-resources from `3a40e07` to `eefda19`	closed	dependabot[bot]	2025-12-09T23:14:35Z	2025-12-10T23:10:42Z	dependencies;submodules	
riscv-rpmi	139	build(deps): bump docs-resources from `3a40e07` to `d631f07`	closed	dependabot[bot]	2025-12-08T23:13:44Z	2025-12-09T23:14:39Z	dependencies;submodules	
riscv-rpmi	138	build(deps): bump docs-resources from `3a40e07` to `8bd1a63`	closed	dependabot[bot]	2025-12-04T23:11:33Z	2025-12-08T23:13:47Z	dependencies;submodules	
riscv-rpmi	137	build(deps): bump docs-resources from `3a40e07` to `8bda051`	closed	dependabot[bot]	2025-12-03T23:14:22Z	2025-12-04T23:11:37Z	dependencies;submodules	
riscv-rpmi	136	build(deps): bump docs-resources from `3a40e07` to `80ef127`	closed	dependabot[bot]	2025-12-02T23:11:51Z	2025-12-03T23:14:27Z	dependencies;submodules	
riscv-rpmi	135	build(deps): bump docs-resources from `3a40e07` to `22a17b0`	closed	dependabot[bot]	2025-11-27T23:11:04Z	2025-12-02T23:11:55Z	dependencies;submodules	
riscv-rpmi	134	build(deps): bump docs-resources from `3a40e07` to `49eff17`	closed	dependabot[bot]	2025-11-21T23:13:01Z	2025-11-27T23:11:07Z	dependencies;submodules	
riscv-rpmi	133	build(deps): bump docs-resources from `3a40e07` to `1660fd9`	closed	dependabot[bot]	2025-11-18T23:28:17Z	2025-11-21T23:13:05Z	dependencies;submodules	
riscv-rpmi	132	build(deps): bump docs-resources from `3a40e07` to `8e51e9f`	closed	dependabot[bot]	2025-11-13T23:13:18Z	2025-11-18T23:28:21Z	dependencies;submodules	
riscv-rpmi	130	build(deps): bump docs-resources from `3a40e07` to `707d21c`	closed	dependabot[bot]	2025-11-12T23:15:06Z	2025-11-13T23:13:23Z	dependencies;submodules	
riscv-rpmi	129	build(deps): bump docs-resources from `3a40e07` to `098f02b`	closed	dependabot[bot]	2025-11-10T23:19:47Z	2025-11-12T23:15:10Z	dependencies;submodules	
riscv-rpmi	128	build(deps): bump docs-resources from `3a40e07` to `7f7f63a`	closed	dependabot[bot]	2025-11-07T23:12:46Z	2025-11-10T23:19:52Z	dependencies;submodules	
riscv-rpmi	127	build(deps): bump docs-resources from `3a40e07` to `93422ee`	closed	dependabot[bot]	2025-11-06T23:14:52Z	2025-11-07T23:12:50Z	dependencies;submodules	
riscv-rpmi	126	build(deps): bump docs-resources from `3a40e07` to `75c71b5`	closed	dependabot[bot]	2025-11-03T23:15:27Z	2025-11-06T23:14:56Z	dependencies;submodules	
riscv-rpmi	125	build(deps): bump docs-resources from `3a40e07` to `8b88469`	closed	dependabot[bot]	2025-10-28T23:14:32Z	2025-11-03T23:15:31Z	dependencies;submodules	
riscv-rpmi	124	build(deps): bump docs-resources from `3a40e07` to `07ae7be`	closed	dependabot[bot]	2025-10-28T00:20:28Z	2025-10-28T23:14:36Z	dependencies;submodules	
riscv-rpmi	123	build(deps): bump docs-resources from `3a40e07` to `4b6af80`	closed	dependabot[bot]	2025-10-17T23:12:43Z	2025-10-28T00:20:32Z	dependencies;submodules	
riscv-rpmi	122	build(deps): bump docs-resources from `3a40e07` to `2f436fa`	closed	dependabot[bot]	2025-10-16T23:16:44Z	2025-10-17T23:12:47Z	dependencies;submodules	
riscv-rpmi	116	rpmi: sysreset: Remove the redundant response for the SYSRST_RESET	closed	2025-10-17T06:58:23Z	pathakraul	2025-09-23T07:46:00Z	2025-10-17T06:58:23Z	
riscv-rpmi	121	build(deps): bump docs-resources from `3a40e07` to `4bf7840`	closed	dependabot[bot]	2025-10-15T23:37:33Z	2025-10-16T23:16:47Z	dependencies;submodules	
riscv-rpmi	120	build(deps): bump docs-resources from `3a40e07` to `d71e312`	closed	dependabot[bot]	2025-10-13T23:12:51Z	2025-10-15T23:37:37Z	dependencies;submodules	
riscv-rpmi	119	build(deps): bump docs-resources from `3a40e07` to `6862903`	closed	dependabot[bot]	2025-10-10T23:11:46Z	2025-10-13T23:12:54Z	dependencies;submodules	
riscv-rpmi	118	build(deps): bump docs-resources from `3a40e07` to `c90c0bf`	closed	dependabot[bot]	2025-10-01T23:20:22Z	2025-10-10T23:11:50Z	dependencies;submodules	
riscv-rpmi	117	build(deps): bump docs-resources from `3a40e07` to `ff1e5eb`	closed	dependabot[bot]	2025-09-30T23:15:17Z	2025-10-01T23:20:25Z	dependencies;submodules	
riscv-rpmi	115	build(deps): bump docs-resources from `3a40e07` to `6ef1a1f`	closed	dependabot[bot]	2025-09-17T23:11:42Z	2025-09-30T23:15:21Z	dependencies;submodules	
riscv-rpmi	108	Small fix	closed	2025-09-28T17:54:56Z	FaresSalem	2025-08-21T01:27:35Z	2025-09-28T17:54:57Z	
riscv-rpmi	94	Update transport memory attributes details and clock rates data layout based on ARC feedback	closed	2025-03-10T05:51:11Z	pathakraul	2025-03-08T17:14:13Z	2025-09-23T07:05:43Z	
riscv-rpmi	78	rpmi: Update enable notification service for all service groups	closed	2024-11-11T05:37:55Z	pathakraul	2024-11-09T15:07:50Z	2025-09-23T07:05:41Z	
riscv-rpmi	80	ARC Feedback Updates and other changes	closed	2024-12-09T02:30:51Z	pathakraul	2024-12-06T04:29:45Z	2025-09-23T07:05:39Z	
riscv-rpmi	89	ARC comments update for HSM and RAS	closed	2025-01-10T10:09:27Z	pathakraul	2025-01-10T07:58:56Z	2025-09-23T07:05:38Z	
riscv-rpmi	92	ARC Feedback Changes 	closed	2025-02-25T04:48:38Z	pathakraul	2025-02-21T04:11:25Z	2025-09-23T07:05:35Z	
riscv-rpmi	97	sysmsi: Remove the MSI reservation for P2A doorbell from SYSMSI	closed	2025-03-13T12:33:15Z	pathakraul	2025-03-13T11:21:06Z	2025-09-23T07:05:29Z	
riscv-rpmi	96	voltage and clock improvements	closed	2025-03-13T12:32:12Z	pathakraul	2025-03-13T10:02:51Z	2025-09-23T07:05:27Z	
riscv-rpmi	101	Changes for public review comments	closed	2025-06-17T17:13:33Z	pathakraul	2025-06-10T15:56:34Z	2025-09-23T07:05:24Z	
riscv-rpmi	113	build(deps): bump docs-resources from `3a40e07` to `6124035`	closed	dependabot[bot]	2025-09-11T23:13:54Z	2025-09-17T23:11:46Z	dependencies;submodules	
riscv-rpmi	112	build(deps): bump docs-resources from `3a40e07` to `c71d56b`	closed	dependabot[bot]	2025-09-10T23:12:24Z	2025-09-11T23:13:58Z	dependencies;submodules	
riscv-rpmi	111	build(deps): bump docs-resources from `3a40e07` to `1fb9a74`	closed	dependabot[bot]	2025-09-09T23:12:11Z	2025-09-10T23:12:27Z	dependencies;submodules	
riscv-rpmi	110	build(deps): bump docs-resources from `3a40e07` to `d7974ea`	closed	dependabot[bot]	2025-09-04T07:30:47Z	2025-09-09T23:12:15Z	dependencies;submodules	
riscv-rpmi	109	build(deps): bump docs-resources from `3a40e07` to `48beddb`	closed	dependabot[bot]	2025-09-03T19:02:19Z	2025-09-04T07:30:51Z	dependencies;submodules	
riscv-rpmi	40	Move docs-resources to point at latest commits.	closed	2024-08-21T14:08:49Z	wmat	2024-08-15T18:40:44Z	2025-08-09T10:57:43Z	
riscv-rpmi	106	build(deps): bump docs-resources from `ab24eec` to `3a40e07`	closed	2025-08-06T05:43:18Z	dependabot[bot]	2025-07-24T23:30:49Z	2025-08-06T05:43:40Z	dependencies;submodules
riscv-rpmi	105	build(deps): bump docs-resources from `ab24eec` to `36f09ee`	closed	dependabot[bot]	2025-07-23T23:18:42Z	2025-07-24T23:30:53Z	dependencies;submodules	
riscv-rpmi	104	build(deps): bump docs-resources from `ab24eec` to `45d29d9`	closed	dependabot[bot]	2025-07-17T23:40:20Z	2025-07-23T23:18:46Z	dependencies;submodules	
riscv-rpmi	103	build(deps): bump docs-resources from `f38f756` to `ab24eec`	closed	2025-07-16T13:36:52Z	dependabot[bot]	2025-07-08T23:59:36Z	2025-07-16T13:37:00Z	dependencies;submodules
riscv-rpmi	102	build(deps): bump docs-resources from `7558472` to `f38f756`	closed	2025-06-17T03:42:59Z	dependabot[bot]	2025-06-17T01:09:34Z	2025-06-17T03:43:06Z	dependencies;submodules
riscv-rpmi	99	build(deps): bump docs-resources from `1d5bcd2` to `7558472`	closed	2025-06-04T04:39:57Z	dependabot[bot]	2025-05-09T00:02:18Z	2025-06-04T04:40:05Z	dependencies;submodules
riscv-rpmi	95	Update voltage `number of array` description	closed	2025-03-13T08:54:03Z	yeongjoshua	2025-03-11T03:36:27Z	2025-03-13T08:54:04Z	
riscv-rpmi	93	transport: msgprot: Move the doorbell interrupt flag in transport	closed	2025-03-03T15:12:28Z	pathakraul	2025-03-02T07:18:47Z	2025-03-03T15:12:38Z	
riscv-rpmi	91	build(deps): bump docs-resources from `62576cd` to `1d5bcd2`	closed	2025-02-21T04:14:25Z	dependabot[bot]	2025-02-19T03:54:50Z	2025-02-21T04:14:32Z	dependencies
riscv-rpmi	85	build(deps): bump docs-resources from `07b9904` to `62576cd`	closed	2025-01-10T13:24:40Z	dependabot[bot]	2025-01-03T11:52:22Z	2025-01-10T13:24:47Z	dependencies
riscv-rpmi	87	Add SYSTEM_MSI service group	closed	2025-01-10T07:40:45Z	avpatel	2025-01-08T03:50:13Z	2025-01-10T11:43:11Z	
riscv-rpmi	42	Fix format new	closed	2024-09-04T05:29:08Z	lftan	2024-09-03T14:22:29Z	2025-01-09T16:28:54Z	
riscv-rpmi	50	Improve spec perf	closed	2024-09-06T09:30:40Z	lftan	2024-09-06T06:45:15Z	2025-01-09T16:28:37Z	
riscv-rpmi	52	Improve spec part2	closed	2024-09-06T15:27:28Z	lftan	2024-09-06T11:10:23Z	2025-01-09T16:28:31Z	
riscv-rpmi	55	Spec update	closed	2024-09-07T10:46:08Z	lftan	2024-09-07T09:29:00Z	2025-01-09T16:28:20Z	
riscv-rpmi	75	Improves all chapters	closed	2024-10-18T07:27:45Z	lftan	2024-10-18T05:13:15Z	2025-01-09T16:28:11Z	
riscv-rpmi	58	Improvement	closed	2024-09-07T17:04:30Z	lftan	2024-09-07T16:31:04Z	2025-01-09T16:27:12Z	
riscv-rpmi	45	Improve spec	closed	2024-09-05T10:29:43Z	lftan	2024-09-05T09:18:32Z	2025-01-09T16:26:51Z	
riscv-rpmi	83	device-power: Update ON/OFF states in POWER_STATE	closed	2024-12-26T11:40:02Z	lftan	2024-12-23T08:03:48Z	2025-01-09T16:26:03Z	
riscv-rpmi	71	Add RPMI version for REQUEST_FORWARD service group	closed	2024-10-15T02:37:31Z	lftan	2024-10-15T02:32:27Z	2025-01-09T16:24:51Z	
riscv-rpmi	86	performance: Update based on ARC review	closed	2025-01-09T10:41:02Z	lftan	2025-01-07T02:46:33Z	2025-01-09T16:23:40Z	
riscv-rpmi	81	rpmi: performance: Add memory region service	closed	2025-01-09T07:43:30Z	yeongjoshua	2024-12-09T15:42:59Z	2025-01-09T07:43:30Z	
riscv-rpmi	69	MM Service Group Improvments	closed	2024-10-15T06:12:57Z	avpatel	2024-10-14T08:40:10Z	2025-01-06T04:56:07Z	
riscv-rpmi	82	add dependabot to create PR to update the submodules to latest	closed	2025-01-03T11:51:41Z	ghost	2024-12-10T04:01:04Z	2025-01-03T11:51:42Z	
riscv-rpmi	84	ARC Feedback Updates in Message protocol, Transport, Base, CPPC	closed	2025-01-02T15:11:04Z	pathakraul	2024-12-25T04:04:27Z	2025-01-02T15:11:15Z	
riscv-rpmi	35	Update RPMI Message Protocol chapter	closed	2024-08-08T05:52:49Z	pathakraul	2024-07-29T01:54:44Z	2024-11-09T14:47:13Z	
riscv-rpmi	36	Update latest docs_resources and use the pdf theme from that	closed	2024-08-08T05:55:22Z	pathakraul	2024-08-08T04:39:35Z	2024-11-09T14:47:11Z	
riscv-rpmi	38	1. Improvements in Base, System Reset and System Suspend service groups	closed	2024-09-02T11:45:48Z	pathakraul	2024-08-08T14:42:29Z	2024-11-09T14:47:09Z	
riscv-rpmi	44	Update error codes in base, sysreset and syssuspend groups	closed	2024-09-04T14:10:49Z	pathakraul	2024-09-04T12:13:57Z	2024-11-09T14:47:07Z	
riscv-rpmi	46	Update CPPC service group	closed	2024-09-05T15:07:21Z	pathakraul	2024-09-05T11:39:35Z	2024-11-09T14:46:34Z	
riscv-rpmi	51	HSM service group changes	closed	2024-09-06T10:13:55Z	pathakraul	2024-09-06T09:42:53Z	2024-11-09T14:46:33Z	
riscv-rpmi	49	Add RPMI MPXY Integration chapter	closed	2024-09-07T07:25:35Z	pathakraul	2024-09-06T03:20:20Z	2024-11-09T14:46:32Z	
riscv-rpmi	54	Add libRPMI as RPMI implementation	closed	2024-09-07T08:41:32Z	pathakraul	2024-09-07T08:21:52Z	2024-11-09T14:46:30Z	
riscv-rpmi	56	Add spec versions in referenced specifications	closed	2024-09-07T13:54:30Z	pathakraul	2024-09-07T13:25:50Z	2024-11-09T14:46:18Z	
riscv-rpmi	57	Correct servicegroup_id to 16 bits in service groups chapters	closed	2024-09-07T14:49:53Z	pathakraul	2024-09-07T14:43:11Z	2024-11-09T14:46:17Z	
riscv-rpmi	62	Add images source used in the RPMI specification	closed	2024-09-28T07:43:51Z	pathakraul	2024-09-28T06:52:46Z	2024-11-09T14:46:16Z	
riscv-rpmi	64	CPPC Service group improvements	closed	2024-10-03T07:52:02Z	pathakraul	2024-10-02T06:42:04Z	2024-11-09T14:46:13Z	
riscv-rpmi	66	Relax the WFI instruction requirement in system suspend	closed	2024-10-11T05:16:45Z	pathakraul	2024-10-11T03:40:42Z	2024-11-09T14:45:57Z	
riscv-rpmi	73	Expand the error range to allow Implementation specific codes	closed	2024-10-16T01:42:40Z	pathakraul	2024-10-15T13:39:08Z	2024-11-09T14:45:56Z	
riscv-rpmi	68	Improvements and Formatting changes in service groups	closed	2024-10-14T09:13:27Z	pathakraul	2024-10-14T03:53:02Z	2024-11-09T14:45:56Z	
riscv-rpmi	76	Update spec version to v1.0-rc2	closed	2024-10-18T07:37:46Z	pathakraul	2024-10-18T07:32:48Z	2024-11-09T14:45:52Z	
riscv-rpmi	77	Fixes across specification in the post ARC review spec	closed	2024-11-09T14:43:32Z	pathakraul	2024-10-29T03:56:42Z	2024-11-09T14:43:32Z	
riscv-rpmi	74	Fix typos in all chapters	closed	2024-10-17T08:35:38Z	pathakraul	2024-10-17T08:32:08Z	2024-10-17T08:35:38Z	
riscv-rpmi	63	Define request forward service group	closed	2024-10-14T04:35:59Z	avpatel	2024-10-01T06:48:42Z	2024-10-16T14:15:09Z	
riscv-rpmi	72	clock: Add reserved for unused attribute	closed	2024-10-15T06:58:44Z	yeongjoshua	2024-10-15T06:44:43Z	2024-10-15T06:58:44Z	
riscv-rpmi	70	Replace the MM service with a simplified Secure Exuction service grou…	closed	yli147	2024-10-14T08:46:24Z	2024-10-14T13:38:27Z		
riscv-rpmi	67	Initial RPMI version, RAS_AGENT improvements, Contributors update	closed	2024-10-11T05:46:37Z	pathakraul	2024-10-11T05:15:57Z	2024-10-11T05:46:37Z	
riscv-rpmi	59	Improve and re-organize text	closed	2024-09-28T07:43:12Z	avpatel	2024-09-16T08:54:01Z	2024-09-28T10:19:47Z	
riscv-rpmi	61	Fix minor typo	closed	00xc	2024-09-25T15:08:08Z	2024-09-26T09:47:17Z		
riscv-rpmi	53	voltage: Update formating	closed	2024-09-06T17:27:43Z	yeongjoshua	2024-09-06T16:21:17Z	2024-09-06T17:34:14Z	
riscv-rpmi	22	srvgrp: Add prefix to all services	closed	2024-04-18T05:06:26Z	yeongjoshua	2024-04-17T17:53:23Z	2024-09-06T02:35:49Z	
riscv-rpmi	26	perf: Represent performance level as clock frequency	closed	2024-05-03T06:14:58Z	yeongjoshua	2024-05-02T06:48:57Z	2024-09-06T02:35:48Z	
riscv-rpmi	47	Update formatting for base, system reset, system suspend and voltage service group	closed	2024-09-05T17:28:10Z	yeongjoshua	2024-09-05T15:27:37Z	2024-09-06T02:35:46Z	
riscv-rpmi	48	Update service group subsection order and notification service id subscribe typo	closed	2024-09-06T02:31:37Z	yeongjoshua	2024-09-05T18:30:39Z	2024-09-06T02:35:45Z	
riscv-rpmi	43	Update the error codes and move the shmem firmware section	closed	2024-09-04T07:47:46Z	pathakraul	2024-09-04T05:45:07Z	2024-09-04T07:47:46Z	
riscv-rpmi	34	service group: Combine return format as array	closed	2024-09-04T04:36:29Z	yeongjoshua	2024-07-25T10:01:02Z	2024-09-04T04:36:29Z	
riscv-rpmi	21	Update RPMI spec	closed	2024-04-16T16:43:45Z	lftan	2024-04-15T05:45:53Z	2024-09-04T02:15:13Z	
riscv-rpmi	27	Update 3	closed	2024-05-06T07:55:44Z	lftan	2024-05-03T08:22:32Z	2024-09-04T02:15:04Z	
riscv-rpmi	25	Update 2	closed	2024-04-29T05:11:42Z	lftan	2024-04-23T06:59:21Z	2024-09-04T02:14:57Z	
riscv-rpmi	2	Update RPMI specification	closed	2024-03-04T04:05:33Z	lftan	2024-02-27T06:31:52Z	2024-09-04T02:14:49Z	
riscv-rpmi	23	Fix broken links	closed	2024-04-18T10:03:28Z	lftan	2024-04-18T05:09:56Z	2024-09-04T02:14:37Z	
riscv-rpmi	3	Fix some grammar in spec	closed	2024-03-19T02:43:50Z	lftan	2024-03-04T09:13:51Z	2024-09-04T02:14:24Z	
riscv-rpmi	41	2. Improve terminology and formatting in transport chapter	closed	2024-09-02T14:58:00Z	pathakraul	2024-08-28T15:12:59Z	2024-09-02T14:58:06Z	
riscv-rpmi	33	mm: Update the service group name for management mode	closed	2024-07-24T05:06:47Z	yli147	2024-07-23T08:04:00Z	2024-07-24T05:06:47Z	
riscv-rpmi	31	voltage: Update description for voltage service group	closed	2024-07-23T07:42:20Z	yeongjoshua	2024-06-26T07:56:59Z	2024-07-23T07:42:20Z	
riscv-rpmi	32	mm: Update managment mode chapter	closed	2024-07-23T07:40:49Z	yli147	2024-07-01T14:11:21Z	2024-07-23T07:40:49Z	
riscv-rpmi	29	Updates in RPMI Transport	closed	2024-06-14T07:48:29Z	pathakraul	2024-06-09T02:50:32Z	2024-06-14T07:48:29Z	
riscv-rpmi	4	Rename MM service group to SMM and update services	closed	pathakraul	2024-03-04T10:28:15Z	2024-06-09T02:53:56Z		
riscv-rpmi	28	Add RAS_AGENT Service Group	closed	2024-06-05T02:06:08Z	pathakraul	2024-05-21T14:50:33Z	2024-06-09T02:53:50Z	
riscv-rpmi	24	Transport changes	closed	2024-04-18T08:14:35Z	pathakraul	2024-04-18T05:53:51Z	2024-06-09T02:53:47Z	
riscv-rpmi	20	srvgrp-device-power: Add request field for get fast channel service id	closed	2024-04-04T08:43:22Z	yeongjoshua	2024-04-01T14:23:01Z	2024-04-18T04:58:28Z	
riscv-rpmi	19	srvgrp-device-power: Rename Device Power Service Name	closed	2024-04-01T02:57:08Z	yeongjoshua	2024-03-29T07:53:27Z	2024-04-01T02:57:20Z	
riscv-iopmp	229	spec: clarify error record and stall behavior	open	tyshyu	2026-04-21T08:35:28Z	2026-04-21T08:35:28Z		
riscv-iopmp	224	Reference Model: Change RRIDSCP read/write behaviors	open	gagachang	2026-03-05T02:30:04Z	2026-03-09T05:37:31Z		
riscv-iopmp	227	Update GitHub Actions to requested versions	closed	2026-03-07T15:17:15Z	rpsene	2026-03-06T22:07:45Z	2026-03-07T15:17:15Z	
riscv-iopmp	226	Use ghcr.io/riscv/riscv-docs-base-container-image:latest	closed	2026-03-06T17:05:08Z	rpsene	2026-03-06T16:58:13Z	2026-03-06T17:05:08Z	
riscv-iopmp	223	Reference Model & libiopmp: Add libiopmp full model tests and some improvements	closed	2026-03-04T09:11:05Z	gagachang	2026-03-03T03:49:04Z	2026-03-04T09:11:05Z	
riscv-iopmp	221	libiopmp: Update the year of license header	closed	2026-03-02T03:13:47Z	gagachang	2026-02-26T08:22:44Z	2026-03-02T03:13:47Z	
riscv-iopmp	220	Reference Model: Add new configuration to configure size of stall buffer	closed	2026-03-02T03:11:41Z	gagachang	2026-02-24T16:23:03Z	2026-03-02T03:11:41Z	
riscv-iopmp	219	Reference Model: Revise RRIDSCP register behaviors	closed	2026-02-24T11:08:24Z	gagachang	2026-02-23T03:34:59Z	2026-02-24T11:08:24Z	
riscv-iopmp	218	Reference Model: Fix NAPOT range not consider entry granularity	closed	2026-02-24T02:05:48Z	gagachang	2026-02-23T02:06:48Z	2026-02-24T02:05:48Z	
riscv-iopmp	214	libiopmp: Update document to spec v0.8.2	closed	2026-02-13T09:52:15Z	gagachang	2026-02-13T08:38:16Z	2026-02-13T09:52:16Z	
riscv-iopmp	212	libiopmp: Update to compatible with spec v0.8.2, 2026	closed	2026-02-13T08:23:59Z	gagachang	2026-02-12T06:43:35Z	2026-02-13T08:23:59Z	
riscv-iopmp	211	Reference Model: Fix candidate of ERR_REQID.eid for non-priority entries	closed	2026-02-13T08:23:48Z	gagachang	2026-02-12T05:46:34Z	2026-02-13T08:23:48Z	
riscv-iopmp	209	Reference Model: Update to compatible with spec v0.8.2	closed	2026-02-12T03:11:10Z	gagachang	2026-02-10T03:53:11Z	2026-02-12T03:11:10Z	
riscv-iopmp	206	Editorial updates	closed	tyshyu	2026-02-02T11:41:37Z	2026-02-09T03:04:32Z		
riscv-iopmp	208	Reorg register descriptions	closed	2026-02-09T03:02:18Z	tyshyu	2026-02-05T06:51:05Z	2026-02-09T03:02:18Z	
riscv-iopmp	204	Reference Model: Change MDCFG.t writing behavior and skip unavailable entries	closed	2026-02-02T09:39:03Z	gagachang	2026-01-29T05:44:40Z	2026-02-02T09:39:03Z	
riscv-iopmp	202	Reference Model: Add granularity configuration and several restrictions per granularity 	closed	2026-02-02T09:38:20Z	gagachang	2026-01-28T05:43:18Z	2026-02-02T09:38:20Z	
riscv-iopmp	190	Bump docs-resources from `6124035` to `b5eaf50`	closed	dependabot[bot]	2025-12-29T18:13:13Z	2026-01-30T18:53:52Z	dependencies;submodules	
riscv-iopmp	205	Bump docs-resources from `6124035` to `be002f1`	open	dependabot[bot]	2026-01-30T18:53:49Z	2026-01-30T18:53:49Z	dependencies;submodules	
riscv-iopmp	199	Reference Model: Refine interrupt and bus error suppression	closed	2026-01-26T02:38:47Z	gagachang	2026-01-23T01:38:01Z	2026-01-26T02:38:47Z	
riscv-iopmp	193	Reference Model: Several fixes for stall-related features	closed	2026-01-22T03:59:55Z	gagachang	2026-01-08T03:26:32Z	2026-01-22T03:59:55Z	
riscv-iopmp	197	Reference Model: Fix the width of MDCFGLCK.f as 6 bits	closed	2026-01-09T09:56:27Z	gagachang	2026-01-09T09:24:03Z	2026-01-09T09:56:27Z	
riscv-iopmp	195	Reference Model: Fix potential compilation error	closed	2026-01-08T09:22:45Z	gagachang	2026-01-08T09:11:34Z	2026-01-08T09:22:46Z	
riscv-iopmp	160	Reference Model: Preparations for supporting model multiple IOPMPs	closed	2025-12-05T03:39:48Z	gagachang	2025-12-02T16:19:15Z	2026-01-08T01:45:59Z	
riscv-iopmp	154	libiopmp: Update for specification v0.8.1	closed	2025-12-02T03:39:06Z	gagachang	2025-11-26T09:41:38Z	2026-01-08T01:45:58Z	
riscv-iopmp	168	Reference Model: Fix typo of RRIDSCP_OFFSET	closed	2025-12-10T09:40:11Z	gagachang	2025-12-10T01:17:32Z	2026-01-08T01:45:53Z	
riscv-iopmp	165	Reference Model: Refactoring to support model multiple IOPMPs	closed	2025-12-10T01:06:32Z	gagachang	2025-12-08T07:12:56Z	2026-01-08T01:45:51Z	
riscv-iopmp	162	Reference Model: Fix incorrect entry table lookup	closed	2025-12-05T13:07:00Z	gagachang	2025-12-03T09:08:29Z	2026-01-08T01:45:50Z	
riscv-iopmp	152	Reference Model: Update model to support latest spec v0.8.1	closed	2025-11-26T06:06:46Z	gagachang	2025-11-25T05:38:22Z	2026-01-08T01:45:47Z	
riscv-iopmp	150	Reference Model: Small improvements for verification framework	closed	2025-11-24T08:35:07Z	gagachang	2025-11-24T03:09:51Z	2026-01-08T01:45:40Z	
riscv-iopmp	175	Reference Model: Improve error capture and interrupt generation	closed	2025-12-17T03:39:31Z	gagachang	2025-12-15T05:53:30Z	2026-01-08T01:45:35Z	
riscv-iopmp	170	Reference Model: Improve code readability and update README	closed	2025-12-12T10:57:05Z	gagachang	2025-12-10T08:40:34Z	2026-01-08T01:45:34Z	
riscv-iopmp	176	Reference Model: Add list of contributors	closed	2025-12-18T03:34:12Z	gagachang	2025-12-17T03:59:45Z	2026-01-08T01:45:31Z	
riscv-iopmp	192	Reference Model: Some fixes and improvements for chk_x and source enforcement model	closed	2026-01-07T08:18:18Z	gagachang	2026-01-05T02:54:42Z	2026-01-07T08:18:18Z	
riscv-iopmp	186	Add HWCFG0.no_err_rec	closed	2026-01-07T08:17:50Z	tyshyu	2025-12-22T03:45:31Z	2026-01-07T08:17:50Z	
riscv-iopmp	185	Add HWCFG2.msi_en and rename ERR_CFG.msi_en to ERR_CFG.msi_sel	closed	2026-01-07T08:17:30Z	tyshyu	2025-12-19T10:06:32Z	2026-01-07T08:17:30Z	
riscv-iopmp	184	Editorial update	closed	2026-01-07T08:17:08Z	tyshyu	2025-12-19T09:44:02Z	2026-01-07T08:17:09Z	
riscv-iopmp	187	Reference Model: Some fixes and improvements for rule analyzer	closed	2026-01-02T09:48:23Z	gagachang	2025-12-22T09:40:06Z	2026-01-02T09:48:24Z	
riscv-iopmp	179	Bump docs-resources from `6124035` to `edf32fb`	closed	dependabot[bot]	2025-12-18T18:13:26Z	2025-12-29T18:13:17Z	dependencies;submodules	
riscv-iopmp	183	Clarify MDCFG Table	closed	2025-12-19T08:51:41Z	tyshyu	2025-12-19T06:21:47Z	2025-12-19T08:51:41Z	
riscv-iopmp	182	Update description of IOPMP and IOMMU	closed	2025-12-19T08:50:21Z	tyshyu	2025-12-19T06:11:27Z	2025-12-19T08:50:21Z	
riscv-iopmp	181	Add two subsections to Application Note	closed	2025-12-19T08:47:56Z	tyshyu	2025-12-19T05:27:42Z	2025-12-19T08:47:56Z	
riscv-iopmp	180	Revise Chapter 3 from feedback	closed	2025-12-19T08:47:16Z	tyshyu	2025-12-19T03:48:26Z	2025-12-19T08:47:17Z	
riscv-iopmp	169	Move instruction fetch permission to baseline specification	closed	2025-12-19T07:55:15Z	tyshyu	2025-12-10T06:55:06Z	2025-12-19T07:55:15Z	
riscv-iopmp	155	Editorial update	closed	2025-12-05T11:01:17Z	tyshyu	2025-11-27T09:17:10Z	2025-12-19T02:57:31Z	
riscv-iopmp	177	Add license in C-Reference Model file headers	closed	2025-12-19T01:38:29Z	gullahmed1	2025-12-17T12:13:05Z	2025-12-19T01:38:29Z	
riscv-iopmp	178	Bump docs-resources from `6124035` to `be0bd4d`	closed	dependabot[bot]	2025-12-17T18:35:03Z	2025-12-18T18:13:30Z	dependencies;submodules	
riscv-iopmp	172	Bump docs-resources from `6124035` to `d644eb9`	closed	dependabot[bot]	2025-12-11T18:15:28Z	2025-12-17T18:35:07Z	dependencies;submodules	
riscv-iopmp	171	Bump docs-resources from `6124035` to `75d6a61`	closed	dependabot[bot]	2025-12-10T18:12:14Z	2025-12-11T18:15:32Z	dependencies;submodules	
riscv-iopmp	167	Bump docs-resources from `6124035` to `cdc5c1c`	closed	dependabot[bot]	2025-12-09T18:14:26Z	2025-12-10T18:12:18Z	dependencies;submodules	
riscv-iopmp	166	Bump docs-resources from `6124035` to `08bdece`	closed	dependabot[bot]	2025-12-08T18:13:54Z	2025-12-09T18:14:29Z	dependencies;submodules	
riscv-iopmp	164	Bump docs-resources from `6124035` to `8bd1a63`	closed	dependabot[bot]	2025-12-04T18:16:30Z	2025-12-08T18:13:58Z	dependencies;submodules	
riscv-iopmp	163	Bump docs-resources from `6124035` to `8bda051`	closed	dependabot[bot]	2025-12-03T18:16:52Z	2025-12-04T18:16:35Z	dependencies;submodules	
riscv-iopmp	158	Bump docs-resources from `6124035` to `116d24e`	closed	dependabot[bot]	2025-12-01T20:37:42Z	2025-12-03T18:16:57Z	dependencies;submodules	
riscv-iopmp	157	Bump docs-resources from `6124035` to `22a17b0`	closed	dependabot[bot]	2025-11-28T18:09:48Z	2025-12-01T20:37:46Z	dependencies;submodules	
riscv-iopmp	156	Bump docs-resources from `6124035` to `19d71fa`	closed	dependabot[bot]	2025-11-27T18:11:44Z	2025-11-28T18:09:51Z	dependencies;submodules	
riscv-iopmp	151	Bump docs-resources from `6124035` to `49eff17`	closed	dependabot[bot]	2025-11-24T19:04:56Z	2025-11-27T18:11:48Z	dependencies;submodules	
riscv-iopmp	142	Bump docs-resources from `6124035` to `1660fd9`	closed	dependabot[bot]	2025-11-18T18:14:06Z	2025-11-24T19:05:00Z	dependencies;submodules	
riscv-iopmp	108	libiopmp: Update README and add Doxyfile and PDF	closed	2025-09-12T09:42:47Z	gagachang	2025-09-12T03:40:42Z	2025-11-23T07:49:51Z	
riscv-iopmp	99	libiopmp: Initial release v0.1.0	closed	2025-09-03T05:46:53Z	gagachang	2025-09-03T01:26:05Z	2025-11-23T07:49:43Z	
riscv-iopmp	92	Reference Model: Correct the values of MDCFG for improper setting	closed	2025-08-19T07:55:54Z	gagachang	2025-08-12T03:41:27Z	2025-11-23T07:49:41Z	
riscv-iopmp	90	Reference Model: Fix bit field of mdlckh_t	closed	2025-08-14T03:05:10Z	gagachang	2025-08-11T02:36:54Z	2025-11-23T07:49:15Z	
riscv-iopmp	27	Redraw figure 1 and update other diagrams	closed	2024-11-25T07:34:49Z	gagachang	2024-11-25T06:32:57Z	2025-11-23T07:49:12Z	
riscv-iopmp	25	Rename chapter7.adoc to chapter4.adoc	closed	2024-11-21T10:26:12Z	gagachang	2024-11-21T10:05:54Z	2025-11-23T07:49:11Z	
riscv-iopmp	22	Add more example diagrams for different models	closed	2024-11-21T09:51:19Z	gagachang	2024-11-21T09:01:31Z	2025-11-23T07:49:09Z	
riscv-iopmp	103	Several improvements of libiopmp	closed	2025-09-09T09:08:50Z	gagachang	2025-09-05T03:47:04Z	2025-11-23T07:49:02Z	
riscv-iopmp	96	Reference Model: Fix length of ERR_INFO.etype	closed	2025-09-02T10:02:02Z	gagachang	2025-08-29T06:30:54Z	2025-11-23T07:48:58Z	
riscv-iopmp	97	Several changes for reference model	closed	2025-09-02T10:02:14Z	gagachang	2025-09-01T02:20:43Z	2025-11-23T07:48:55Z	
riscv-iopmp	98	Reference Model: Two fixes for MFR extension	closed	2025-09-03T05:46:40Z	gagachang	2025-09-02T15:21:50Z	2025-11-23T07:48:51Z	
riscv-iopmp	148	Merge spec reorg	closed	2025-11-21T04:08:54Z	channingt	2025-11-20T14:45:55Z	2025-11-21T04:08:54Z	
riscv-iopmp	147	Spec reorg	closed	channingt	2025-11-20T13:13:53Z	2025-11-20T13:38:13Z		
riscv-iopmp	146	Fix format	closed	2025-11-20T03:02:26Z	tyshyu	2025-11-20T02:54:48Z	2025-11-20T03:02:26Z	
riscv-iopmp	144	Revert "Spec reorg"	closed	2025-11-20T00:13:07Z	channingt	2025-11-20T00:09:17Z	2025-11-20T01:57:24Z	
riscv-iopmp	145	fix typos on figure -- SRCMD Table MD-indexed format Implementation	closed	2025-11-20T00:25:30Z	channingt	2025-11-20T00:22:53Z	2025-11-20T00:25:31Z	
riscv-iopmp	143	Spec reorg	closed	2025-11-19T13:35:25Z	channingt	2025-11-19T11:11:46Z	2025-11-19T13:35:25Z	
riscv-iopmp	141	Update Section 2.8, 5.5, Chapter 4, and minor fixes	closed	2025-11-19T09:36:18Z	tyshyu	2025-11-18T08:37:30Z	2025-11-19T09:36:18Z	
riscv-iopmp	138	Bump docs-resources from `6124035` to `8e51e9f`	closed	dependabot[bot]	2025-11-14T18:13:04Z	2025-11-18T18:14:17Z	dependencies;submodules	
riscv-iopmp	140	 Update format and fix inconsistency	closed	2025-11-18T05:17:49Z	tyshyu	2025-11-17T07:24:19Z	2025-11-18T05:17:49Z	
riscv-iopmp	139	Update format and fix inconsistency	closed	tyshyu	2025-11-17T07:22:34Z	2025-11-17T07:22:57Z		
riscv-iopmp	135	Move register details in application notes register description to ea…	closed	2025-11-17T02:02:21Z	channingt	2025-11-11T16:02:57Z	2025-11-17T02:02:21Z	
riscv-iopmp	134	Move register description and rename Section 5.8	closed	2025-11-17T02:01:55Z	tyshyu	2025-11-11T03:10:21Z	2025-11-17T02:01:55Z	
riscv-iopmp	137	Bump docs-resources from `6124035` to `707d21c`	closed	dependabot[bot]	2025-11-13T18:12:56Z	2025-11-14T18:13:08Z	dependencies;submodules	
riscv-iopmp	136	Bump docs-resources from `6124035` to `098f02b`	closed	dependabot[bot]	2025-11-11T18:13:46Z	2025-11-13T18:13:03Z	dependencies;submodules	
riscv-iopmp	133	Bump docs-resources from `6124035` to `40844de`	closed	dependabot[bot]	2025-11-10T18:51:05Z	2025-11-11T18:13:49Z	dependencies;submodules	
riscv-iopmp	131	Bump docs-resources from `6124035` to `3e01674`	closed	dependabot[bot]	2025-11-07T18:11:58Z	2025-11-10T18:51:11Z	dependencies;submodules	
riscv-iopmp	130	Update naming and fix inconsistency	closed	2025-11-10T01:44:33Z	tyshyu	2025-11-05T07:01:30Z	2025-11-10T01:44:33Z	
riscv-iopmp	129	Bump docs-resources from `6124035` to `75c71b5`	closed	dependabot[bot]	2025-11-03T18:49:29Z	2025-11-07T18:12:02Z	dependencies;submodules	
riscv-iopmp	122	Reorg registers/fields of base spec and extension updates	closed	2025-11-04T09:53:01Z	tyshyu	2025-10-16T09:14:05Z	2025-11-04T09:53:01Z	
riscv-iopmp	125	Application Notes Register Updates	closed	2025-11-04T00:06:37Z	channingt	2025-10-20T10:56:24Z	2025-11-04T00:06:38Z	
riscv-iopmp	128	Bump docs-resources from `6124035` to `8b88469`	closed	dependabot[bot]	2025-10-29T18:15:12Z	2025-11-03T18:49:33Z	dependencies;submodules	
riscv-iopmp	127	Bump docs-resources from `6124035` to `07ae7be`	closed	dependabot[bot]	2025-10-28T18:16:42Z	2025-10-29T18:15:17Z	dependencies;submodules	
riscv-iopmp	126	Bump docs-resources from `6124035` to `4b6af80`	closed	dependabot[bot]	2025-10-20T18:18:45Z	2025-10-28T18:16:46Z	dependencies;submodules	
riscv-iopmp	124	Bump docs-resources from `6124035` to `14a3283`	closed	dependabot[bot]	2025-10-17T18:13:09Z	2025-10-20T18:18:50Z	dependencies;submodules	
riscv-iopmp	123	Bump docs-resources from `6124035` to `2f436fa`	closed	dependabot[bot]	2025-10-16T18:15:20Z	2025-10-17T18:13:12Z	dependencies;submodules	
riscv-iopmp	120	Bump docs-resources from `6124035` to `d71e312`	closed	dependabot[bot]	2025-10-13T18:22:59Z	2025-10-16T18:15:23Z	dependencies;submodules	
riscv-iopmp	119	Update extension and application note	closed	2025-10-14T06:03:44Z	tyshyu	2025-10-08T07:59:08Z	2025-10-14T06:03:44Z	
riscv-iopmp	116	Bump docs-resources from `6124035` to `c90c0bf`	closed	dependabot[bot]	2025-10-01T18:15:23Z	2025-10-13T18:23:02Z	dependencies;submodules	
riscv-iopmp	118	Re-org contents in Application note.	closed	2025-10-09T08:50:22Z	channingt	2025-10-07T07:44:13Z	2025-10-09T08:50:22Z	
riscv-iopmp	117	Refine multiple .adoc files and move some sections to extension	closed	2025-10-03T07:29:19Z	tyshyu	2025-10-02T11:12:19Z	2025-10-03T07:29:19Z	
riscv-iopmp	115	Bump docs-resources from `6124035` to `ff1e5eb`	closed	dependabot[bot]	2025-09-30T18:14:15Z	2025-10-01T18:15:27Z	dependencies;submodules	
riscv-iopmp	112	Bump docs-resources from `6124035` to `6ef1a1f`	closed	dependabot[bot]	2025-09-18T18:14:40Z	2025-09-30T18:14:18Z	dependencies;submodules	
riscv-iopmp	114	Update several files in application note	closed	2025-09-30T07:10:36Z	tyshyu	2025-09-23T01:45:19Z	2025-09-30T07:10:36Z	
riscv-iopmp	113	update several application notes	closed	2025-09-29T06:35:19Z	channingt	2025-09-22T11:21:15Z	2025-09-29T06:35:19Z	
riscv-iopmp	110	Bump docs-resources from `6124035` to `a0a938e`	closed	dependabot[bot]	2025-09-17T18:14:38Z	2025-09-18T18:14:44Z	dependencies;submodules	
riscv-iopmp	111	Clean up Section 3.4, and minor fixes	closed	2025-09-18T07:43:01Z	tyshyu	2025-09-18T07:14:03Z	2025-09-18T07:43:01Z	
riscv-iopmp	104	1st trial on clean up global cfg. SRCMD table, SRCMD Table protection…	closed	2025-09-09T10:52:45Z	channingt	2025-09-09T10:19:22Z	2025-09-17T07:54:53Z	
riscv-iopmp	109	Add application note, clean up Chapter2, Chapter3, Chapter Registers, iopmp.adoc, and example.bib	closed	2025-09-16T04:54:37Z	tyshyu	2025-09-15T05:31:38Z	2025-09-16T04:54:38Z	
riscv-iopmp	107	Bump docs-resources from `d7974ea` to `6124035`	closed	2025-09-16T04:54:23Z	dependabot[bot]	2025-09-11T18:13:50Z	2025-09-16T04:54:31Z	dependencies;submodules
riscv-iopmp	106	Bump docs-resources from `d7974ea` to `c71d56b`	closed	dependabot[bot]	2025-09-10T18:13:53Z	2025-09-11T18:13:54Z	dependencies;submodules	
riscv-iopmp	105	Bump docs-resources from `d7974ea` to `1fb9a74`	closed	dependabot[bot]	2025-09-09T18:15:51Z	2025-09-10T18:13:57Z	dependencies;submodules	
riscv-iopmp	102	Bump docs-resources from `3a40e07` to `d7974ea`	closed	2025-09-09T09:08:39Z	dependabot[bot]	2025-09-04T05:21:23Z	2025-09-09T09:08:47Z	dependencies;submodules
riscv-iopmp	100	Add first test program linked libiopmp	closed	2025-09-09T09:08:20Z	gagachang	2025-09-03T06:20:53Z	2025-09-09T09:08:20Z	
riscv-iopmp	101	Bump docs-resources from `3a40e07` to `48beddb`	closed	dependabot[bot]	2025-09-03T13:11:19Z	2025-09-04T05:21:26Z	dependencies;submodules	
riscv-iopmp	88	Bump docs-resources from `45d29d9` to `3a40e07`	closed	2025-09-02T10:01:41Z	dependabot[bot]	2025-07-24T18:29:38Z	2025-09-02T10:01:49Z	dependencies;submodules
riscv-iopmp	94	Added Support for AMO Transactions and Write Only Transactions	closed	2025-08-20T09:56:24Z	gullahmed1	2025-08-15T11:01:34Z	2025-08-20T09:56:24Z	
riscv-iopmp	87	Bump docs-resources from `45d29d9` to `36f09ee`	closed	dependabot[bot]	2025-07-23T18:34:14Z	2025-07-24T18:29:43Z	dependencies;submodules	
riscv-iopmp	41	IOPMP Reference Model	closed	2025-07-23T14:17:55Z	gullahmed1	2025-01-23T13:57:50Z	2025-07-23T14:17:56Z	
riscv-iopmp	86	Bump docs-resources from `f38f756` to `45d29d9`	closed	2025-07-23T06:27:28Z	dependabot[bot]	2025-07-17T18:30:25Z	2025-07-23T06:27:35Z	dependencies;submodules
riscv-iopmp	84	Bump docs-resources from `f38f756` to `ab24eec`	closed	dependabot[bot]	2025-07-08T18:46:48Z	2025-07-17T18:30:28Z	dependencies;submodules	
riscv-iopmp	83	Fix inconsistent section name	closed	2025-06-21T12:27:52Z	tyshyu	2025-06-19T03:57:22Z	2025-06-21T12:27:52Z	
riscv-iopmp	82	Bump docs-resources from `7558472` to `f38f756`	closed	2025-06-21T12:27:38Z	dependabot[bot]	2025-06-16T20:05:25Z	2025-06-21T12:27:45Z	dependencies;submodules
riscv-iopmp	78	Refine image of Figure 1	closed	2025-06-11T12:01:07Z	tyshyu	2025-06-11T10:43:02Z	2025-06-16T08:07:39Z	
riscv-iopmp	79	Add a summary of lock bits	closed	2025-06-12T08:13:28Z	tyshyu	2025-06-12T08:08:22Z	2025-06-16T08:07:38Z	
riscv-iopmp	80	Refine Section 3.5.4, update version number, fix #81	closed	2025-06-16T06:44:52Z	tyshyu	2025-06-13T03:14:43Z	2025-06-16T06:44:52Z	
riscv-iopmp	75	Bump docs-resources from `1d5bcd2` to `7558472`	closed	2025-06-03T08:51:32Z	dependabot[bot]	2025-05-08T18:39:40Z	2025-06-03T08:51:40Z	dependencies;submodules
riscv-iopmp	77	Update for feedback during Internal Review	closed	2025-06-03T08:51:13Z	tyshyu	2025-06-02T08:12:45Z	2025-06-03T08:51:13Z	
riscv-iopmp	68	Refine Section 3.3.1 and fix #66	closed	2025-04-23T04:51:21Z	tyshyu	2025-04-23T01:38:11Z	2025-04-23T04:51:21Z	
riscv-iopmp	65	Add bibliography and fix format	closed	2025-04-23T00:07:55Z	tyshyu	2025-04-22T06:26:41Z	2025-04-23T00:07:55Z	
riscv-iopmp	63	Fix format and inconsistencies	closed	2025-04-21T04:14:05Z	tyshyu	2025-04-18T08:08:29Z	2025-04-21T04:14:06Z	
riscv-iopmp	62	Refactor for style and layout	closed	2025-04-16T12:32:28Z	wmat	2025-04-14T15:58:50Z	2025-04-16T12:32:29Z	
riscv-iopmp	58	Refine descriptions from feedback	closed	2025-04-14T05:43:12Z	tyshyu	2025-04-10T06:46:15Z	2025-04-14T05:43:12Z	
riscv-iopmp	52	Fix inconsistency in chapter4.adoc/chapter5.adoc	closed	2025-03-25T08:14:54Z	tyshyu	2025-03-25T06:56:07Z	2025-03-25T08:14:54Z	
riscv-iopmp	51	Refine chapter4.adoc	closed	2025-03-21T06:23:39Z	tyshyu	2025-03-21T05:52:36Z	2025-03-21T06:23:39Z	
riscv-iopmp	47	Update some descriptions from feedbacks	closed	2025-03-12T00:46:18Z	tyshyu	2025-03-11T02:43:05Z	2025-03-12T00:46:18Z	
riscv-iopmp	46	fix image location.	closed	2025-03-05T09:08:41Z	jyao1	2025-02-25T05:51:54Z	2025-03-05T09:08:41Z	
riscv-iopmp	45	Bump docs-resources from `62576cd` to `1d5bcd2`	closed	2025-02-26T09:10:18Z	dependabot[bot]	2025-02-19T18:56:06Z	2025-02-26T09:10:26Z	dependencies
riscv-iopmp	44	Add new register HWCFG_USER and update version number	closed	2025-02-10T08:47:45Z	tyshyu	2025-02-10T08:44:41Z	2025-02-10T08:47:45Z	
riscv-iopmp	40	Update description of ERR_INFO.etype = 0x2 for AMO transactions, fix inconsistency and typos	closed	2025-02-10T07:47:10Z	tyshyu	2025-01-22T07:44:28Z	2025-02-10T07:47:10Z	
riscv-iopmp	31	IOPMP Reference Model	closed	gullahmed1	2024-12-11T13:31:45Z	2025-01-23T14:02:15Z		
riscv-iopmp	38	Fix anchor declaration in table 2	closed	2025-01-06T08:43:06Z	tyshyu	2025-01-06T08:36:18Z	2025-01-06T08:43:06Z	
riscv-iopmp	37	Update Chapter 2, 4 and 5	closed	2025-01-04T13:25:40Z	tyshyu	2025-01-03T09:56:01Z	2025-01-04T13:25:40Z	
riscv-iopmp	35	Refine descriptions and propose some suggestions	closed	2024-12-20T09:44:14Z	tyshyu	2024-12-20T06:24:24Z	2024-12-20T09:44:14Z	
riscv-iopmp	34	Bump docs-resources from `cb12846` to `62576cd`	closed	2024-12-19T13:54:55Z	dependabot[bot]	2024-12-18T19:06:56Z	2024-12-19T13:55:04Z	dependencies
riscv-iopmp	33	Allow faulting transaction during IOPMP atomic programming	closed	2024-12-19T13:54:23Z	channingt	2024-12-14T10:14:10Z	2024-12-19T13:54:23Z	
riscv-iopmp	32	Bump docs-resources from `cb12846` to `a76dd1d`	closed	dependabot[bot]	2024-12-12T06:49:55Z	2024-12-18T19:07:00Z	dependencies	
riscv-iopmp	30	Updates for V0.9.2-RC3	closed	2024-12-12T12:48:26Z	tyshyu	2024-12-11T08:23:16Z	2024-12-12T12:48:26Z	
riscv-iopmp	29	add dependabot to create PR to update the submodules to latest	closed	2024-12-12T06:49:14Z	ghost	2024-12-10T04:02:55Z	2024-12-12T06:49:14Z	
riscv-iopmp	26	Suggest behavior of ERR_MFR.svi is WARL and bit width of MDCFGLCK.f is 6	closed	2024-11-25T07:35:37Z	tyshyu	2024-11-25T05:39:23Z	2024-11-25T07:35:37Z	
riscv-iopmp	23	Refine some descriptions in Chapter 2 and Appendix A4	closed	2024-11-21T09:39:30Z	tyshyu	2024-11-21T09:06:29Z	2024-11-21T09:39:30Z	
riscv-iopmp	21	Update descriptions of MSI support, SRCMD table format 2, and some minor fixes	closed	2024-11-21T00:27:14Z	tyshyu	2024-11-20T08:31:05Z	2024-11-21T00:27:14Z	
riscv-iopmp	20	Add/update registers and fields about MSI support and fix descriptions in Section 3.5.1	closed	2024-11-18T06:18:12Z	tyshyu	2024-11-18T03:18:59Z	2024-11-18T06:18:13Z	
riscv-iopmp	15	Fix typos of Chapter 5 and Appendix A3	closed	2024-11-16T12:48:14Z	tyshyu	2024-10-21T10:17:20Z	2024-11-16T12:48:14Z	
riscv-iopmp	14	Fix typos and add suggestions to Chapter 2	closed	2024-10-17T06:44:05Z	luisccc	2024-10-16T16:25:28Z	2024-10-17T06:44:05Z	
riscv-iopmp	12	Fix typos and add back the missing model.	closed	2024-10-16T09:28:47Z	tyshyu	2024-10-16T09:27:18Z	2024-10-16T09:28:47Z	
riscv-toolchain-conventions	170	Bump docs-resources from `0904c8a` to `47257de`	open	dependabot[bot]	2026-04-27T22:40:40Z	2026-04-27T22:40:40Z	dependencies;submodules	
riscv-toolchain-conventions	169	Bump docs-resources from `a88e6af` to `0904c8a`	closed	2026-04-02T09:03:08Z	dependabot[bot]	2026-04-01T23:41:03Z	2026-04-02T09:03:15Z	dependencies;submodules
riscv-toolchain-conventions	168	Bump docs-resources from `ed7a9df` to `a88e6af`	closed	2026-04-01T10:53:53Z	dependabot[bot]	2026-03-31T18:54:21Z	2026-04-01T10:54:01Z	dependencies;submodules
riscv-toolchain-conventions	167	Bump docs-resources from `78567fd` to `ed7a9df`	closed	2026-03-30T20:19:10Z	dependabot[bot]	2026-03-30T20:08:28Z	2026-03-30T20:19:17Z	dependencies;submodules
riscv-toolchain-conventions	166	Bump docs-resources from `29879cc` to `78567fd`	closed	2026-03-27T19:27:14Z	dependabot[bot]	2026-03-27T18:54:03Z	2026-03-27T19:27:22Z	dependencies;submodules
riscv-toolchain-conventions	165	Bump docs-resources from `14dd77a` to `29879cc`	closed	2026-03-27T11:14:07Z	dependabot[bot]	2026-03-26T18:53:46Z	2026-03-27T11:14:15Z	dependencies;submodules
riscv-toolchain-conventions	164	Bump docs-resources from `b387152` to `14dd77a`	closed	2026-03-25T20:47:40Z	dependabot[bot]	2026-03-25T18:53:52Z	2026-03-25T20:47:48Z	dependencies;submodules
riscv-toolchain-conventions	162	Bump docs-resources from `b387152` to `7d8a94b`	closed	dependabot[bot]	2026-03-24T18:53:47Z	2026-03-25T18:53:55Z	dependencies;submodules	
riscv-toolchain-conventions	161	Bump docs-resources from `286c2a7` to `b387152`	closed	2026-03-20T20:39:08Z	dependabot[bot]	2026-03-20T18:53:34Z	2026-03-20T20:39:16Z	dependencies;submodules
riscv-toolchain-conventions	160	Bump docs-resources from `f0caa68` to `286c2a7`	closed	2026-03-19T19:03:20Z	dependabot[bot]	2026-03-19T18:54:09Z	2026-03-19T19:03:28Z	dependencies;submodules
riscv-toolchain-conventions	159	Bump docs-resources from `cd4446b` to `f0caa68`	closed	2026-03-18T20:15:19Z	dependabot[bot]	2026-03-18T18:53:52Z	2026-03-18T20:15:26Z	dependencies;submodules
riscv-toolchain-conventions	158	Bump docs-resources from `a73e1bd` to `cd4446b`	closed	2026-03-17T22:47:21Z	dependabot[bot]	2026-03-17T18:52:35Z	2026-03-17T22:47:28Z	dependencies;submodules
riscv-toolchain-conventions	157	Bump docs-resources from `1108f25` to `a73e1bd`	closed	2026-03-16T20:45:29Z	dependabot[bot]	2026-03-16T19:22:30Z	2026-03-16T20:45:38Z	dependencies;submodules
riscv-toolchain-conventions	156	Zilsd Alignment Control Flags	open	lenary	2026-03-13T20:13:20Z	2026-03-13T20:14:16Z		
riscv-toolchain-conventions	140	Document Existing Linker Emulation Strings	closed	2026-03-12T16:07:37Z	lenary	2026-01-27T00:55:10Z	2026-03-13T19:11:02Z	
riscv-toolchain-conventions	155	Bump docs-resources from `394d032` to `1108f25`	closed	2026-03-12T18:58:43Z	dependabot[bot]	2026-03-12T18:54:01Z	2026-03-12T18:58:52Z	dependencies;submodules
riscv-toolchain-conventions	145	Document --print-supported-extensions and --print-enabled-extensions	open	lenary	2026-02-12T16:12:14Z	2026-03-12T13:59:11Z		
riscv-toolchain-conventions	154	Bump docs-resources from `f756855` to `394d032`	closed	2026-03-10T21:02:56Z	dependabot[bot]	2026-03-10T18:54:07Z	2026-03-10T21:03:04Z	dependencies;submodules
riscv-toolchain-conventions	153	Update GitHub Actions to requested versions	closed	2026-03-07T00:36:09Z	rpsene	2026-03-06T22:09:13Z	2026-03-07T00:36:09Z	
riscv-toolchain-conventions	152	Bump docs-resources from `9069637` to `f756855`	closed	2026-03-06T19:27:01Z	dependabot[bot]	2026-03-06T18:53:53Z	2026-03-06T19:27:13Z	dependencies;submodules
riscv-toolchain-conventions	150	Bump docs-resources from `9069637` to `b024d67`	closed	dependabot[bot]	2026-02-27T18:53:32Z	2026-03-06T18:53:57Z	dependencies;submodules	
riscv-toolchain-conventions	151	Use ghcr.io/riscv/riscv-docs-base-container-image:latest	closed	2026-03-06T17:21:24Z	rpsene	2026-03-06T16:59:23Z	2026-03-06T17:21:24Z	
riscv-toolchain-conventions	139	Add -mcpu Extension Control Syntax for RISC-V Toolchain	open	majin2020	2026-01-14T12:20:52Z	2026-02-27T11:07:19Z		
riscv-toolchain-conventions	149	Bump docs-resources from `1666258` to `9069637`	closed	2026-02-21T15:26:05Z	dependabot[bot]	2026-02-20T18:54:00Z	2026-02-21T15:26:12Z	dependencies;submodules
riscv-toolchain-conventions	148	Bump docs-resources from `203db26` to `1666258`	closed	2026-02-18T19:18:41Z	dependabot[bot]	2026-02-18T18:54:24Z	2026-02-18T19:18:50Z	dependencies;submodules
riscv-toolchain-conventions	147	Bump docs-resources from `a41c354` to `203db26`	closed	2026-02-17T23:14:51Z	dependabot[bot]	2026-02-17T18:54:23Z	2026-02-17T23:14:58Z	dependencies;submodules
riscv-toolchain-conventions	146	Bump docs-resources from `40aed03` to `a41c354`	closed	2026-02-16T19:51:39Z	dependabot[bot]	2026-02-16T19:26:05Z	2026-02-16T19:51:46Z	dependencies;submodules
riscv-toolchain-conventions	142	Add "xt" prefix for Xuantie vendor extension	closed	2026-02-12T15:47:49Z	Joshua-xt	2026-02-02T06:56:27Z	2026-02-12T15:47:50Z	
riscv-toolchain-conventions	144	Bump docs-resources from `7a9931f` to `40aed03`	closed	2026-02-10T16:16:29Z	dependabot[bot]	2026-02-09T22:08:07Z	2026-02-10T16:16:37Z	dependencies;submodules
riscv-toolchain-conventions	143	Bump docs-resources from `be002f1` to `7a9931f`	closed	2026-02-05T23:30:45Z	dependabot[bot]	2026-02-05T18:54:08Z	2026-02-05T23:30:52Z	dependencies;submodules
riscv-toolchain-conventions	141	Bump docs-resources from `b5eaf50` to `be002f1`	closed	2026-01-30T23:26:17Z	dependabot[bot]	2026-01-30T18:53:53Z	2026-01-30T23:26:24Z	dependencies;submodules
riscv-toolchain-conventions	138	Introduce a new vendor prefix for AIFoundry	closed	2026-01-07T09:08:17Z	abel-bernabeu	2026-01-07T00:24:38Z	2026-01-07T09:08:17Z	
riscv-toolchain-conventions	137	Bump docs-resources from `edf32fb` to `b5eaf50`	closed	2025-12-29T18:19:16Z	dependabot[bot]	2025-12-29T18:13:09Z	2025-12-29T18:19:23Z	dependencies;submodules
riscv-toolchain-conventions	136	Bump docs-resources from `be0bd4d` to `edf32fb`	closed	2025-12-19T08:54:15Z	dependabot[bot]	2025-12-18T18:13:27Z	2025-12-19T08:54:22Z	dependencies;submodules
riscv-toolchain-conventions	135	Bump docs-resources from `8bd1a63` to `be0bd4d`	closed	2025-12-18T10:14:48Z	dependabot[bot]	2025-12-17T18:35:00Z	2025-12-18T10:14:55Z	dependencies;submodules
riscv-toolchain-conventions	133	Bump docs-resources from `8bd1a63` to `d644eb9`	closed	dependabot[bot]	2025-12-11T18:15:23Z	2025-12-17T18:35:04Z	dependencies;submodules	
riscv-toolchain-conventions	134	Add vendor relocation identifier for Cheriot.	closed	2025-12-17T09:15:20Z	resistor	2025-12-16T04:32:42Z	2025-12-17T09:15:20Z	
riscv-toolchain-conventions	132	Bump docs-resources from `8bd1a63` to `75d6a61`	closed	dependabot[bot]	2025-12-10T18:12:13Z	2025-12-11T18:15:28Z	dependencies;submodules	
riscv-toolchain-conventions	131	Bump docs-resources from `8bd1a63` to `cdc5c1c`	closed	dependabot[bot]	2025-12-09T18:14:21Z	2025-12-10T18:12:17Z	dependencies;submodules	
riscv-toolchain-conventions	122	Add documentation for the new `-mtune` syntax	open	mshockwave	2025-11-20T21:44:49Z	2025-12-10T10:22:01Z		
riscv-toolchain-conventions	130	Bump docs-resources from `8bd1a63` to `08bdece`	closed	dependabot[bot]	2025-12-08T18:14:01Z	2025-12-09T18:14:25Z	dependencies;submodules	
riscv-toolchain-conventions	129	Bump docs-resources from `116d24e` to `8bd1a63`	closed	2025-12-08T15:43:34Z	dependabot[bot]	2025-12-04T18:16:24Z	2025-12-08T15:43:42Z	dependencies;submodules
riscv-toolchain-conventions	128	Bump docs-resources from `116d24e` to `8bda051`	closed	dependabot[bot]	2025-12-03T18:16:50Z	2025-12-04T18:16:28Z	dependencies;submodules	
riscv-toolchain-conventions	127	Bump docs-resources from `22a17b0` to `116d24e`	closed	2025-12-01T20:06:26Z	dependabot[bot]	2025-12-01T20:01:35Z	2025-12-01T20:06:33Z	dependencies;submodules
riscv-toolchain-conventions	126	Bump docs-resources from `19d71fa` to `22a17b0`	closed	2025-11-28T18:31:32Z	dependabot[bot]	2025-11-28T18:09:46Z	2025-11-28T18:31:39Z	dependencies;submodules
riscv-toolchain-conventions	125	Bump docs-resources from `49eff17` to `19d71fa`	closed	2025-11-27T18:21:21Z	dependabot[bot]	2025-11-27T18:11:45Z	2025-11-27T18:21:28Z	dependencies;submodules
riscv-toolchain-conventions	123	Add WCH Vendor extension	open	andylinpersonal	2025-11-24T11:27:26Z	2026-03-17T09:29:57Z		
riscv-toolchain-conventions	124	Bump docs-resources from `1660fd9` to `49eff17`	closed	2025-11-25T00:09:55Z	dependabot[bot]	2025-11-24T18:56:12Z	2025-11-25T00:10:05Z	dependencies;submodules
riscv-toolchain-conventions	121	Bump docs-resources from `8e51e9f` to `1660fd9`	closed	2025-11-18T18:24:18Z	dependabot[bot]	2025-11-18T18:13:54Z	2025-11-18T18:24:27Z	dependencies;submodules
riscv-toolchain-conventions	120	Bump docs-resources from `707d21c` to `8e51e9f`	closed	2025-11-15T09:52:37Z	dependabot[bot]	2025-11-14T18:13:06Z	2025-11-15T09:52:44Z	dependencies;submodules
riscv-toolchain-conventions	119	Bump docs-resources from `098f02b` to `707d21c`	closed	2025-11-13T18:47:44Z	dependabot[bot]	2025-11-13T18:13:18Z	2025-11-13T18:47:51Z	dependencies;submodules
riscv-toolchain-conventions	118	Bump docs-resources from `40844de` to `098f02b`	closed	2025-11-11T18:50:29Z	dependabot[bot]	2025-11-11T18:13:42Z	2025-11-11T18:50:36Z	dependencies;submodules
riscv-toolchain-conventions	117	Bump docs-resources from `3e01674` to `40844de`	closed	2025-11-10T18:43:00Z	dependabot[bot]	2025-11-10T18:40:50Z	2025-11-10T18:43:08Z	dependencies;submodules
riscv-toolchain-conventions	116	Bump docs-resources from `75c71b5` to `3e01674`	closed	2025-11-07T18:13:58Z	dependabot[bot]	2025-11-07T18:11:53Z	2025-11-07T18:14:06Z	dependencies;submodules
riscv-toolchain-conventions	114	Bump docs-resources from `8b88469` to `75c71b5`	closed	2025-11-04T09:09:13Z	dependabot[bot]	2025-11-03T18:43:54Z	2025-11-04T09:09:22Z	dependencies;submodules
riscv-toolchain-conventions	113	Bump docs-resources from `07ae7be` to `8b88469`	closed	2025-10-29T18:49:25Z	dependabot[bot]	2025-10-29T18:15:15Z	2025-10-29T18:49:32Z	dependencies;submodules
riscv-toolchain-conventions	112	Bump docs-resources from `14a3283` to `07ae7be`	closed	2025-10-28T18:20:08Z	dependabot[bot]	2025-10-28T18:15:46Z	2025-10-28T18:20:15Z	dependencies;submodules
riscv-toolchain-conventions	111	Bump docs-resources from `14a3283` to `4b6af80`	closed	dependabot[bot]	2025-10-20T18:20:54Z	2025-10-28T18:15:50Z	dependencies;submodules	
riscv-toolchain-conventions	110	Bump docs-resources from `2f436fa` to `14a3283`	closed	2025-10-17T23:12:24Z	dependabot[bot]	2025-10-17T18:13:00Z	2025-10-17T23:12:31Z	dependencies;submodules
riscv-toolchain-conventions	109	Bump docs-resources from `d71e312` to `2f436fa`	closed	2025-10-16T18:49:55Z	dependabot[bot]	2025-10-16T18:15:14Z	2025-10-16T18:50:03Z	dependencies;submodules
riscv-toolchain-conventions	108	Bump docs-resources from `c90c0bf` to `d71e312`	closed	2025-10-13T18:38:28Z	dependabot[bot]	2025-10-13T18:15:03Z	2025-10-13T18:38:35Z	dependencies;submodules
riscv-toolchain-conventions	107	Bump docs-resources from `ff1e5eb` to `c90c0bf`	closed	2025-10-01T21:14:42Z	dependabot[bot]	2025-10-01T18:15:52Z	2025-10-01T21:14:49Z	dependencies;submodules
riscv-toolchain-conventions	106	Bump docs-resources from `6ef1a1f` to `ff1e5eb`	closed	2025-09-30T18:18:49Z	dependabot[bot]	2025-09-30T18:14:16Z	2025-09-30T18:18:58Z	dependencies;submodules
riscv-toolchain-conventions	105	Bump docs-resources from `6124035` to `6ef1a1f`	closed	2025-09-18T22:55:09Z	dependabot[bot]	2025-09-18T18:14:47Z	2025-09-18T22:55:18Z	dependencies;submodules
riscv-toolchain-conventions	104	Bump docs-resources from `6124035` to `a0a938e`	closed	dependabot[bot]	2025-09-17T18:14:33Z	2025-09-18T18:14:51Z	dependencies;submodules	
riscv-toolchain-conventions	91	Add Target Triple Architecture Names	closed	2025-08-28T13:54:08Z	lenary	2025-07-03T20:27:48Z	2025-09-17T01:21:00Z	
riscv-toolchain-conventions	103	Bump docs-resources from `c71d56b` to `6124035`	closed	2025-09-11T19:52:10Z	dependabot[bot]	2025-09-11T18:13:51Z	2025-09-11T19:52:17Z	dependencies;submodules
riscv-toolchain-conventions	102	Bump docs-resources from `1fb9a74` to `c71d56b`	closed	2025-09-10T21:16:44Z	dependabot[bot]	2025-09-10T18:13:43Z	2025-09-10T21:16:52Z	dependencies;submodules
riscv-toolchain-conventions	101	Bump docs-resources from `d7974ea` to `1fb9a74`	closed	2025-09-09T19:23:03Z	dependabot[bot]	2025-09-09T18:15:52Z	2025-09-09T19:23:10Z	dependencies;submodules
riscv-toolchain-conventions	100	Bump docs-resources from `48beddb` to `d7974ea`	closed	2025-09-04T08:05:44Z	dependabot[bot]	2025-09-04T05:39:46Z	2025-09-04T08:05:51Z	dependencies;submodules
riscv-toolchain-conventions	99	Bump docs-resources from `3a40e07` to `48beddb`	closed	2025-09-03T14:02:49Z	dependabot[bot]	2025-09-03T14:01:02Z	2025-09-03T14:02:58Z	dependencies;submodules
riscv-toolchain-conventions	97	Add Andes Vendor extensions	closed	2025-08-10T18:40:23Z	tclin914	2025-07-28T01:42:29Z	2025-08-10T18:40:23Z	
riscv-toolchain-conventions	98	Document -march=unset option behavior and usage	closed	2025-08-07T02:23:00Z	kito-cheng	2025-07-31T09:40:13Z	2025-08-09T16:30:30Z	
riscv-toolchain-conventions	93	Add Andes vendor identifier	closed	2025-07-26T10:29:12Z	tclin914	2025-07-14T02:35:25Z	2025-07-28T01:34:30Z	
riscv-toolchain-conventions	96	Bump docs-resources from `36f09ee` to `3a40e07`	closed	2025-07-24T18:26:16Z	dependabot[bot]	2025-07-24T18:23:58Z	2025-07-24T18:26:24Z	dependencies;submodules
riscv-toolchain-conventions	95	Bump docs-resources from `45d29d9` to `36f09ee`	closed	2025-07-23T21:57:23Z	dependabot[bot]	2025-07-23T18:59:39Z	2025-07-23T21:57:30Z	dependencies;submodules
riscv-toolchain-conventions	94	Bump docs-resources from `ab24eec` to `45d29d9`	closed	2025-07-18T09:48:32Z	dependabot[bot]	2025-07-17T18:22:43Z	2025-07-18T09:48:40Z	dependencies;submodules
riscv-toolchain-conventions	60	Vendor extensions: Add Andes vendor extensions	closed	2024-09-10T15:08:02Z	tclin914	2024-09-10T03:51:18Z	2025-07-14T02:26:23Z	
riscv-toolchain-conventions	84	Add Andes Performance extension (XAndesPerf)	closed	2025-04-18T07:22:45Z	tclin914	2025-04-18T01:50:55Z	2025-07-14T02:26:08Z	
riscv-toolchain-conventions	92	Bump docs-resources from `f38f756` to `ab24eec`	closed	2025-07-08T20:03:54Z	dependabot[bot]	2025-07-08T19:01:54Z	2025-07-08T20:04:02Z	dependencies;submodules
riscv-toolchain-conventions	15	Describe the behaviour of the linker for ABI mismatches	closed	compnerd	2021-07-22T20:16:10Z	2025-07-03T20:06:24Z		
riscv-toolchain-conventions	26	Define -march string	closed	cmuellner	2022-11-08T13:30:26Z	2025-06-16T22:01:12Z		
riscv-toolchain-conventions	90	Bump docs-resources from `7558472` to `f38f756`	closed	2025-06-16T21:56:02Z	dependabot[bot]	2025-06-16T20:19:39Z	2025-06-16T21:56:10Z	dependencies;submodules
riscv-toolchain-conventions	77	Added Qualcomm Microcontroller extensions (Xqci, Xqccmp)	closed	2025-06-05T14:51:42Z	apazos	2025-02-28T01:05:33Z	2025-06-05T17:09:15Z	
riscv-toolchain-conventions	89	Vendor extensions: Add 'XTheadVdot' T-Head vendor extensions	closed	2025-05-23T07:17:25Z	rjiejie	2025-05-23T02:52:29Z	2025-05-23T07:17:25Z	
riscv-toolchain-conventions	27	Vendor extensions: Add 'XTheadVdot' T-Head vendor extensions	closed	rjiejie	2022-12-06T01:59:28Z	2025-05-23T02:42:07Z		
riscv-toolchain-conventions	87	profiles: Move and tweak the profiles section	closed	2025-05-15T08:04:49Z	cmuellner	2025-05-12T11:08:15Z	2025-05-15T08:04:49Z	
riscv-toolchain-conventions	36	Add RISC-V Profiles format	closed	2025-05-12T10:41:52Z	pz9115	2023-05-02T12:38:06Z	2025-05-12T10:41:52Z	
riscv-toolchain-conventions	86	Moved list of vendor extensions to the appendix	closed	2025-05-08T21:59:44Z	apazos	2025-05-08T21:56:42Z	2025-05-08T22:03:11Z	
riscv-toolchain-conventions	83	Alphabetized the prefix and extensions lists by vendor name	closed	2025-04-17T14:32:19Z	apazos	2025-04-16T16:47:12Z	2025-05-08T20:30:37Z	
riscv-toolchain-conventions	80	Added policy for vendor prefixes and vendor extensions	closed	2025-05-08T14:46:36Z	apazos	2025-03-31T23:29:34Z	2025-05-08T20:24:15Z	
riscv-toolchain-conventions	85	Bump docs-resources from `1d5bcd2` to `7558472`	closed	2025-05-08T19:18:15Z	dependabot[bot]	2025-05-08T18:56:38Z	2025-05-08T19:18:24Z	dependencies;submodules
riscv-toolchain-conventions	78	Removed version info from the table of vendor extensions.	closed	2025-04-16T16:25:09Z	apazos	2025-03-11T00:40:24Z	2025-04-16T16:44:31Z	
riscv-toolchain-conventions	82	Removed TODO chapter.	closed	2025-04-16T07:05:50Z	apazos	2025-04-15T21:28:40Z	2025-04-16T15:42:35Z	
riscv-toolchain-conventions	38	Modified TODO chapter content	closed	yulong18	2023-07-12T05:27:24Z	2025-04-16T07:05:18Z		
riscv-toolchain-conventions	69	Add MIPS extensions	closed	2025-04-14T09:03:31Z	djtodoro	2024-12-31T14:48:24Z	2025-04-14T09:03:31Z	
riscv-toolchain-conventions	79	Vendor extensions: Add Espressif vendor prefix	closed	2025-04-10T13:43:39Z	Lapshin	2025-03-20T03:58:16Z	2025-04-10T13:43:39Z	
riscv-toolchain-conventions	76	Added Qualcomm vendor prefix	closed	2025-02-28T09:13:25Z	apazos	2025-02-27T23:49:29Z	2025-03-11T00:10:59Z	
riscv-toolchain-conventions	63	Added Qualcomm Microcontroller Extensions	closed	apazos	2024-11-19T19:54:22Z	2025-02-27T23:13:57Z		
riscv-toolchain-conventions	70	Codify Save/Restore Frame Layout	closed	2025-02-27T17:34:36Z	lenary	2025-01-02T18:36:26Z	2025-02-27T17:35:51Z	
riscv-toolchain-conventions	73	Vendor extensions: Add SpacemiT vendor prefix	closed	2025-02-27T16:26:08Z	zqb-all	2025-02-10T03:34:21Z	2025-02-27T16:26:08Z	
riscv-toolchain-conventions	72	Introduce vendor prefix for Rivos custom extensions	closed	2025-02-27T16:24:37Z	preames	2025-01-24T15:32:31Z	2025-02-27T16:24:37Z	
riscv-toolchain-conventions	74	Add more SiFive extensions to List of vendor extensions	closed	topperc	2025-02-18T22:59:46Z	2025-02-20T16:40:13Z		
riscv-toolchain-conventions	75	Bump docs-resources from `62576cd` to `1d5bcd2`	closed	2025-02-20T00:23:28Z	dependabot[bot]	2025-02-19T19:18:10Z	2025-02-20T00:23:35Z	dependencies
riscv-toolchain-conventions	54	Add options for enable code gen with CFI `-fcf-protection=[full|branc…	closed	2025-01-21T09:27:03Z	kito-cheng	2024-08-16T02:15:13Z	2025-01-21T09:27:03Z	
riscv-toolchain-conventions	71	Propose vendor mnemonic extension for CHERIoT	closed	2025-01-17T21:47:31Z	resistor	2025-01-14T10:26:03Z	2025-01-17T21:47:31Z	
riscv-toolchain-conventions	67	Bump docs-resources from `a76dd1d` to `62576cd`	closed	2024-12-18T20:41:36Z	dependabot[bot]	2024-12-18T18:40:49Z	2024-12-18T20:41:43Z	dependencies
riscv-toolchain-conventions	66	Update to latest CI/CD scripts from docs-template repo	closed	2024-12-11T21:10:59Z	cmuellner	2024-12-11T20:46:01Z	2024-12-11T21:10:59Z	
riscv-toolchain-conventions	65	Bump docs-resources from `07b9904` to `a76dd1d`	closed	2024-12-11T20:44:29Z	dependabot[bot]	2024-12-11T20:15:49Z	2024-12-11T20:44:36Z	dependencies
riscv-toolchain-conventions	64	add dependabot to create PR to update the submodules to latest	closed	2024-12-11T20:15:09Z	ghost	2024-12-10T03:59:44Z	2024-12-11T20:15:09Z	
riscv-toolchain-conventions	62	Vendor extensions: Add Tenstorrent vendor prefix	closed	2024-11-15T01:45:01Z	nathan-TT	2024-11-14T16:53:15Z	2024-11-15T01:45:01Z	
riscv-toolchain-conventions	59	Add large code model	closed	2024-09-10T11:26:50Z	tclin914	2024-09-09T09:37:20Z	2024-09-11T02:06:58Z	
riscv-toolchain-conventions	61	Refer to the RISC-V C API document for preprocessor definitions	closed	2024-09-10T16:11:05Z	asb	2024-09-10T15:09:01Z	2024-09-10T16:11:05Z	
riscv-toolchain-conventions	56	Add SiFive VCIX state register	closed	4vtomat	2024-09-03T13:24:53Z	2024-09-10T07:22:13Z		
riscv-toolchain-conventions	58	Fix the typo in url for medany code model	closed	2024-09-09T09:16:40Z	tclin914	2024-09-09T09:11:13Z	2024-09-09T09:31:01Z	
riscv-toolchain-conventions	46	Convert to adoc format	closed	kito-cheng	2024-04-12T07:58:06Z	2024-09-03T19:20:55Z		
riscv-toolchain-conventions	52	Migration to RISC-V specifications template in asciidoc	closed	2024-08-28T13:26:11Z	apazos	2024-07-09T19:08:31Z	2024-08-28T20:13:25Z	
riscv-toolchain-conventions	55	Create build-pdf.yml	closed	2024-08-28T15:54:06Z	wmat	2024-08-28T13:53:35Z	2024-08-28T16:06:25Z	
riscv-toolchain-conventions	53	Add vendor symbols table for vendor-specific relocs	closed	2024-08-05T07:28:17Z	MaelCravero	2024-07-29T09:34:44Z	2024-08-05T07:28:17Z	
riscv-toolchain-conventions	50	Add -m[no-][scalar|vector]-strict-align	closed	2024-07-12T14:41:23Z	kito-cheng	2024-05-29T01:30:51Z	2024-07-12T14:45:16Z	
riscv-toolchain-conventions	49	Add document for -mstrict-align and -mno-strict-align	closed	2024-06-28T06:47:53Z	kito-cheng	2024-05-29T01:23:29Z	2024-06-28T06:47:57Z	
riscv-toolchain-conventions	51	Grammar fixes to target ISA section	closed	2024-05-30T06:26:13Z	topperc	2024-05-29T23:16:13Z	2024-05-30T06:26:14Z	
riscv-toolchain-conventions	47	Adding mechanism to amend to the target ISA string via -march	closed	cmuellner	2024-05-06T13:02:19Z	2024-05-06T15:37:15Z		
riscv-toolchain-conventions	21	Fix typo, Ventana should be vt intead of vf	closed	2022-05-09T15:26:09Z	kito-cheng	2022-05-09T14:32:35Z	2024-04-12T07:58:53Z	
riscv-toolchain-conventions	43	Add rule for vendor CSR naming scheme	closed	2024-04-12T07:41:11Z	kito-cheng	2024-03-11T05:23:13Z	2024-04-12T07:53:00Z	
riscv-toolchain-conventions	45	Add code model link to psabi and add PIC model	closed	2024-04-12T07:19:23Z	kito-cheng	2024-03-12T14:06:39Z	2024-04-12T07:32:56Z	
riscv-toolchain-conventions	16	Add option to specify version for debug spec and priv spec	closed	kito-cheng	2021-08-18T08:54:59Z	2024-03-13T02:16:52Z		
riscv-toolchain-conventions	44	Remove hint for deprecating medlow	closed	2024-03-12T13:54:48Z	cmuellner	2024-03-12T09:21:07Z	2024-03-12T13:54:48Z	
riscv-toolchain-conventions	39	Vendor extensions: Add XTheadVector to list of vendor extensions	closed	2024-01-30T06:36:57Z	cmuellner	2023-11-10T04:37:41Z	2024-01-30T06:36:57Z	
riscv-toolchain-conventions	14	Relax the ISA string order checking for -march	closed	2024-01-30T00:19:55Z	kito-cheng	2021-06-22T10:33:15Z	2024-01-30T00:23:03Z	
riscv-toolchain-conventions	41	Add SiFive Intelligence Extensions	closed	2023-11-22T08:29:35Z	kito-cheng	2023-11-22T07:04:30Z	2023-11-22T09:58:19Z	
riscv-toolchain-conventions	29	Add vendor specific information for OpenHW Group CORE-V processors	closed	2023-06-06T08:16:42Z	jeremybennett	2023-01-23T14:42:09Z	2023-06-06T08:20:46Z	
riscv-toolchain-conventions	34	Update authorship information	closed	2023-04-04T16:31:27Z	asb	2023-04-04T16:02:32Z	2023-04-04T16:31:27Z	
riscv-toolchain-conventions	32	Vendor extensions: Add Nuclei vendor extensions	closed	2023-02-24T08:45:47Z	fanghuaqi	2023-02-21T06:55:31Z	2023-03-09T09:23:12Z	
riscv-toolchain-conventions	28	Vendor extensions: Fix XThead* extension versions	closed	2023-01-31T14:14:05Z	cmuellner	2023-01-09T17:03:48Z	2023-01-31T14:14:06Z	
riscv-toolchain-conventions	31	Vendor extensions: Fix alphabetical order	closed	2023-01-31T14:09:40Z	cmuellner	2023-01-31T13:41:52Z	2023-01-31T14:09:41Z	
riscv-toolchain-conventions	30	Vendor extensions: Add SiFive vendor extensions: xsfvcp	closed	2023-01-31T13:36:38Z	kito-cheng	2023-01-31T13:27:09Z	2023-01-31T13:42:52Z	
riscv-toolchain-conventions	25	Vendor extensions: Add two additional T-Head vendor extensions	closed	2022-11-17T10:13:51Z	cmuellner	2022-11-07T10:21:56Z	2022-11-17T10:13:52Z	
riscv-toolchain-conventions	19	Define prefix for T-Head vendor extensions	closed	2022-09-17T10:38:13Z	cmuellner	2022-04-20T10:39:47Z	2022-09-17T10:38:13Z	
riscv-toolchain-conventions	23	typo: Use plural even if we only have a single list item	closed	2022-08-03T08:08:38Z	cmuellner	2022-07-21T01:01:27Z	2022-08-03T08:08:38Z	
riscv-toolchain-conventions	22	Minor formatting and additions	closed	2022-06-02T12:56:49Z	a4lg	2022-05-22T11:16:14Z	2022-06-02T12:56:50Z	
riscv-toolchain-conventions	18	Update links and current statuses (batch 2022-02-20)	closed	2022-05-09T13:05:25Z	a4lg	2022-02-20T03:15:07Z	2022-05-09T13:05:25Z	
riscv-toolchain-conventions	17	Conventions for vendor extension	closed	2022-05-05T07:38:01Z	kito-cheng	2022-01-10T03:26:57Z	2022-05-06T09:27:43Z	
riscv-toolchain-conventions	10	Describe the tailcall version of the __riscv_restore_N functions	closed	2022-04-21T01:25:35Z	edward-jones	2021-05-12T20:44:52Z	2022-04-21T01:25:36Z	
riscv-toolchain-conventions	9	Describe -msave-restore runtime library support	closed	2021-05-11T09:49:24Z	edward-jones	2021-04-19T11:59:07Z	2021-05-11T09:50:07Z	
riscv-elf-psabi-doc	496	Change the v-regs (and CSRs) to be caller-saved in the TLSDESC func	open	LukeZhuang	2026-04-17T07:38:21Z	2026-04-28T10:13:20Z		
riscv-elf-psabi-doc	455	Specify the Name Mangling Rule for Vector Function Decorated with OpenMP	open	zengdage	2024-11-28T07:34:22Z	2026-04-28T01:02:10Z		
riscv-elf-psabi-doc	499	DRAFT: Initial description of the pure-capability calling conventions	open	arichardson	2026-04-23T05:17:42Z	2026-04-26T22:50:16Z		
riscv-elf-psabi-doc	501	Use pointer size in the frame layout instead of XLEN	closed	2026-04-25T02:45:53Z	arichardson	2026-04-24T23:25:42Z	2026-04-25T16:28:49Z	
riscv-elf-psabi-doc	498	Allocate an EF_RISCV_RVY e_flag for RVY	open	arichardson	2026-04-23T04:47:43Z	2026-04-24T04:47:49Z		
riscv-elf-psabi-doc	500	Drop the Reserved bits mask value text description for e_flags since …	closed	2026-04-23T07:28:26Z	kito-cheng	2026-04-23T07:02:37Z	2026-04-23T07:28:27Z	
riscv-elf-psabi-doc	485	Add Relax Feature String for fine-grained linker relaxation control	closed	kito-cheng	2026-01-29T09:37:52Z	2026-04-21T01:01:00Z		
riscv-elf-psabi-doc	393	Refer mapping symbol into R_RISCV_RELAX for rvc/norvc relaxations.	open	Nelson1225	2023-07-21T00:41:33Z	2026-04-21T01:00:27Z		
riscv-elf-psabi-doc	489	Add new relocation type for global array accesses with non-constant indices.	open	LiqinWeng	2026-03-19T10:30:55Z	2026-04-20T10:46:31Z		
riscv-elf-psabi-doc	495	Give _BitInt(N) the same section level as Fixed-Length Vector.	closed	2026-04-15T06:42:34Z	topperc	2026-04-15T05:14:18Z	2026-04-15T06:42:34Z	
riscv-elf-psabi-doc	474	Add Tag_RISCV_mop_and_hint_encoding for instruction reinterpretation	open	kito-cheng	2025-08-11T10:06:01Z	2026-04-09T14:47:41Z		
riscv-elf-psabi-doc	492	Adds the Antora scaffolding	closed	wmat	2026-03-25T09:54:50Z	2026-03-27T13:20:33Z		
riscv-elf-psabi-doc	470	Add initial specification for Big Endian	open	djtodoro	2025-07-01T14:19:37Z	2026-03-24T16:22:07Z		
riscv-elf-psabi-doc	491	Revert "Antora refactor"	closed	2026-03-19T17:07:18Z	jrtc27	2026-03-19T17:06:50Z	2026-03-20T01:20:02Z	
riscv-elf-psabi-doc	429	FDPIC/ePIC draft specification and work plan	open	sorear	2024-02-27T00:36:32Z	2026-03-20T01:16:35Z		
riscv-elf-psabi-doc	343	Proposal for RISC-V Embedded PIC (ePIC) specification	open	luismarques	2022-08-30T14:58:59Z	2026-03-20T01:16:35Z	enhancement	
riscv-elf-psabi-doc	299	Add the LP64E ABI, to support RV64E	open	palmer-dabbelt	2022-07-13T03:58:13Z	2026-03-20T01:16:35Z		
riscv-elf-psabi-doc	257	Add a note for ILP32E	open	pcwang-thead	2022-03-28T04:16:13Z	2026-03-20T01:16:35Z		
riscv-elf-psabi-doc	209	Add definition of enum storage type	open	xypron	2021-08-17T17:00:31Z	2026-03-20T01:16:35Z		
riscv-elf-psabi-doc	110	Document exception handling, add R_RISCV_32_PCREL description	open	edward-jones	2019-07-16T11:46:04Z	2026-03-20T01:16:35Z		
riscv-elf-psabi-doc	100	Further clarify treatment of bitfields in the floating-point calling convention	open	asb	2019-07-03T09:53:33Z	2026-03-20T01:16:35Z		
riscv-elf-psabi-doc	425	Range extension thunks	open	sorear	2024-02-20T20:04:03Z	2026-03-20T01:16:34Z		
riscv-elf-psabi-doc	422	Name mangling for standard vector calling convention	open	kito-cheng	2024-02-02T13:44:06Z	2026-03-20T01:16:34Z		
riscv-elf-psabi-doc	417	Add program property and PLT for CFI extension	open	kito-cheng	2024-01-04T08:27:16Z	2026-03-20T01:16:34Z		
riscv-elf-psabi-doc	405	Add ePIC relocations and rewrite rules	open	luismarques	2023-11-12T15:46:43Z	2026-03-20T01:16:34Z		
riscv-elf-psabi-doc	392	Add R_RISCV_ALIGN_DOWN	open	palmer-dabbelt	2023-07-18T17:41:00Z	2026-03-20T01:16:34Z		
riscv-elf-psabi-doc	292	Clarify Tag_RISCV_arch is the minimum execution environment requireme…	open	kito-cheng	2022-06-14T17:12:36Z	2026-03-20T01:16:34Z		
riscv-elf-psabi-doc	289	Rewrite description of FCSR.	open	kito-cheng	2022-06-07T16:16:04Z	2026-03-20T01:16:34Z		
riscv-elf-psabi-doc	195	New attribute: Tag_RISCV_reserved_register	open	kito-cheng	2021-07-06T08:50:48Z	2026-03-20T01:16:34Z		
riscv-elf-psabi-doc	112	Clarify Atomic type alignment requirements	open	lenary	2019-08-16T14:33:38Z	2026-03-20T01:16:34Z		
riscv-elf-psabi-doc	490	Antora refactor	closed	2026-03-19T17:03:22Z	wmat	2026-03-19T17:03:02Z	2026-03-19T18:57:02Z	
riscv-elf-psabi-doc	487	Update GitHub Actions to requested versions	closed	2026-03-10T01:30:55Z	rpsene	2026-03-06T22:07:15Z	2026-03-10T01:31:02Z	
riscv-elf-psabi-doc	481	Note Vendor Relocation Scheme is for Static Relocations	closed	2026-02-05T13:03:10Z	lenary	2025-11-20T01:53:11Z	2026-02-05T13:03:10Z	
riscv-elf-psabi-doc	483	Reserve relocations for the RISC-V Y base ISA.	closed	2026-01-30T01:30:00Z	resistor	2025-11-25T02:19:25Z	2026-01-30T01:30:00Z	
riscv-elf-psabi-doc	418	Standard Fixed-length Vector Calling Convention Variant	closed	2025-11-26T10:04:16Z	kito-cheng	2024-01-04T09:32:09Z	2025-11-26T10:04:18Z	
riscv-elf-psabi-doc	419	ABI for _BitInt	closed	2025-11-26T06:25:06Z	kito-cheng	2024-01-05T09:41:43Z	2025-11-26T06:25:07Z	
riscv-elf-psabi-doc	469	Document reserving standard encodings	closed	2025-10-09T14:55:23Z	jrtc27	2025-06-20T00:39:28Z	2025-11-24T22:21:17Z	
riscv-elf-psabi-doc	482	SB-Type -> B-Type typo	closed	2025-11-20T15:21:06Z	tomeksowi	2025-11-20T15:06:20Z	2025-11-20T15:21:06Z	
riscv-elf-psabi-doc	458	Rework Nonstandard Relocations	closed	2025-03-25T14:40:12Z	lenary	2025-01-21T23:14:31Z	2025-11-20T01:54:02Z	
riscv-elf-psabi-doc	479	[cc] Document [u]intmax_t	closed	2025-11-19T07:48:17Z	lenary	2025-10-17T05:14:38Z	2025-11-19T08:47:58Z	
riscv-elf-psabi-doc	464	Clarify passing empty unions and arrays of empty structs/unions	closed	tomeksowi	2025-05-22T11:22:09Z	2025-11-04T12:49:33Z		
riscv-elf-psabi-doc	480	Move description of vector calling convention variant before the table.	closed	2025-10-27T12:48:10Z	topperc	2025-10-23T23:28:45Z	2025-10-27T12:48:10Z	
riscv-elf-psabi-doc	475	TLSDESC Relax Relocation Clarification	closed	2025-10-13T06:13:46Z	lenary	2025-08-12T03:20:29Z	2025-10-14T01:39:30Z	
riscv-elf-psabi-doc	471	Account for flexible array members in the integer calling convention.	closed	resistor	2025-07-14T09:09:47Z	2025-10-08T07:27:03Z		
riscv-elf-psabi-doc	461	Relocation Sequencing	closed	lenary	2025-03-26T01:40:30Z	2025-09-17T00:52:22Z		
riscv-elf-psabi-doc	476	RELAX doesn't take the symbol in examples	closed	2025-08-12T18:08:33Z	lenary	2025-08-12T18:03:45Z	2025-09-17T00:52:18Z	
riscv-elf-psabi-doc	477	Feature/pdf url	closed	2025-08-28T16:38:12Z	danielmrichter	2025-08-26T19:18:40Z	2025-08-28T16:38:12Z	
riscv-elf-psabi-doc	452	Introduce new relocation for landing pad	open	kito-cheng	2024-10-14T14:01:08Z	2025-08-12T08:31:27Z		
riscv-elf-psabi-doc	434	Add function signature based labeling scheme for landing pad	open	kito-cheng	2024-04-23T03:01:08Z	2025-08-11T11:03:44Z		
riscv-elf-psabi-doc	255	Adjust repo layout for fit the format of docs-spec-template	closed	kito-cheng	2022-02-06T12:57:05Z	2025-07-10T09:24:00Z		
riscv-elf-psabi-doc	463	Two reals are assigned FP registers in memory order	closed	2025-06-11T06:34:36Z	tomeksowi	2025-05-22T10:55:42Z	2025-06-11T06:34:36Z	
riscv-elf-psabi-doc	371	Relax gp could be platform specific register rather than reserved for…	closed	2023-04-14T08:24:21Z	kito-cheng	2023-03-22T14:22:46Z	2025-03-01T02:22:35Z	
riscv-elf-psabi-doc	288	Clarify implications for fcsr	closed	nick-knight	2022-06-04T00:37:37Z	2025-02-24T20:17:44Z		
riscv-elf-psabi-doc	351	Add ELF flags for some profile-0.8 extensions	closed	palmer-dabbelt	2022-11-02T22:05:43Z	2025-02-24T13:43:35Z		
riscv-elf-psabi-doc	454	Disallow VTYPE=VILL	closed	palmer-dabbelt	2024-11-21T20:35:19Z	2025-02-24T13:39:27Z		
riscv-elf-psabi-doc	459	Bump the version for those github action in the workflow file	closed	2025-02-24T13:02:57Z	kito-cheng	2025-02-24T11:09:15Z	2025-02-24T13:03:05Z	
riscv-elf-psabi-doc	381	Support ILP32 on RV64 in psABI	closed	2025-01-23T03:07:21Z	Liaoshihua	2023-05-19T04:15:38Z	2025-01-23T03:07:21Z	
riscv-elf-psabi-doc	119	Corrects spelling of CHAR_BIT	closed	2019-10-23T18:05:40Z	lenary	2019-10-23T17:55:33Z	2025-01-21T22:46:10Z	
riscv-elf-psabi-doc	101	Clarify Usage of Paired Registers	closed	2019-07-03T21:04:09Z	lenary	2019-07-03T12:31:09Z	2025-01-21T22:45:44Z	
riscv-elf-psabi-doc	127	Disallow combining ILP32E ABI with D ISA extension	closed	2020-01-20T21:59:51Z	lenary	2020-01-20T17:01:08Z	2025-01-21T22:45:20Z	
riscv-elf-psabi-doc	456	Fix punctuation	closed	2024-12-03T02:28:23Z	XYenChi	2024-12-02T17:00:23Z	2024-12-03T02:28:23Z	
riscv-elf-psabi-doc	451	fix riscv-abi.adoc format	closed	2024-10-09T12:39:03Z	XYenChi	2024-09-24T07:23:44Z	2024-10-09T12:39:03Z	
riscv-elf-psabi-doc	450	Fix spelling aupic -> auipc	closed	2024-09-06T13:05:39Z	topperc	2024-09-06T02:27:00Z	2024-09-06T13:05:51Z	
riscv-elf-psabi-doc	449	Bump actions/download-artifact from 2 to 4.1.7 in /.github/workflows	closed	2024-09-04T01:06:17Z	dependabot[bot]	2024-09-03T22:04:33Z	2024-09-04T01:06:24Z	dependencies
riscv-elf-psabi-doc	210	Document the behavior of R_RISCV_ALIGN	closed	2022-08-26T09:04:51Z	kito-cheng	2021-08-25T12:11:42Z	2024-09-04T00:06:58Z	
riscv-elf-psabi-doc	448	riscv-atomic.adoc: Typo fix	closed	2024-08-29T16:55:20Z	opsiff	2024-08-29T16:51:13Z	2024-08-29T16:55:21Z	
riscv-elf-psabi-doc	423	Add RELOCID for vendor-specific relocations	closed	2024-08-12T06:04:38Z	MaelCravero	2024-02-05T13:10:16Z	2024-08-12T06:04:38Z	
riscv-elf-psabi-doc	388	Add large code model information.	closed	2024-08-09T07:13:43Z	kuanlinchentw	2023-06-16T06:01:21Z	2024-08-09T07:13:43Z	
riscv-elf-psabi-doc	428	Add program property	closed	2024-08-02T06:48:20Z	kito-cheng	2024-02-26T09:02:01Z	2024-08-02T06:48:24Z	
riscv-elf-psabi-doc	445	Strengthen atomic_compare_exchange seq_cst failure mapping	closed	2024-07-23T13:21:41Z	patrick-rivos	2024-07-15T20:21:43Z	2024-07-23T13:21:41Z	
riscv-elf-psabi-doc	446	PIC medany: Fix parameters of load instruction	closed	2024-07-18T08:04:22Z	cmuellner	2024-07-17T10:36:35Z	2024-07-18T08:04:23Z	
riscv-elf-psabi-doc	441	Improve grammar and wording in 'Mapping Symbol' section	closed	2024-07-12T06:54:58Z	RamNalamothu	2024-06-19T09:43:27Z	2024-07-12T12:12:48Z	
riscv-elf-psabi-doc	443	riscv-cc: Reference FP standards for FP types	closed	2024-06-27T07:20:53Z	cmuellner	2024-06-25T15:27:02Z	2024-06-27T07:20:53Z	
riscv-elf-psabi-doc	389	Proposal for Vector Calling Convention	closed	2024-01-08T03:25:12Z	lhtin	2023-06-16T14:53:03Z	2024-05-25T18:39:49Z	
riscv-elf-psabi-doc	436	Fix rendering of vector type tables	closed	2024-05-10T07:54:42Z	craigblackmore	2024-05-02T12:04:26Z	2024-05-10T07:54:42Z	
riscv-elf-psabi-doc	435	Improve grammar and wording in Tag_RISCV_arch section.	closed	2024-05-02T00:30:00Z	topperc	2024-05-01T23:18:39Z	2024-05-02T00:30:00Z	
riscv-elf-psabi-doc	386	Deprecate PT_RISCV_ATTRIBUTES	closed	2024-04-29T06:42:20Z	MaskRay	2023-06-07T05:06:56Z	2025-07-07T20:14:59Z	
riscv-elf-psabi-doc	362	Open the relocation number more than 255	closed	kito-cheng	2023-01-30T11:10:14Z	2024-04-12T07:19:07Z		
riscv-elf-psabi-doc	427	Revert "Add GP-relative relocations"	closed	2024-04-10T07:09:17Z	sorear	2024-02-24T23:49:32Z	2024-04-10T07:09:20Z	
riscv-elf-psabi-doc	433	Fix AsciiDoc syntax error	closed	2024-04-10T07:07:41Z	nick-knight	2024-04-09T20:42:54Z	2024-04-10T07:07:41Z	
riscv-elf-psabi-doc	431	Typo fix	closed	2024-03-25T11:58:49Z	andreas-schwab	2024-03-25T10:14:48Z	2024-03-25T11:58:49Z	
riscv-elf-psabi-doc	426	va_list & bit-field improvements	closed	2024-03-11T12:47:44Z	sorear	2024-02-24T22:46:07Z	2024-03-11T12:47:57Z	
riscv-elf-psabi-doc	394	Add GP-relative relocations	closed	2023-09-25T21:05:39Z	luismarques	2023-08-12T10:47:47Z	2024-02-24T23:50:16Z	
riscv-elf-psabi-doc	254	Define the large code model	closed	ebahapo	2022-02-04T20:36:39Z	2024-02-24T21:01:18Z		
riscv-elf-psabi-doc	154	riscv-elf.md: add new definitions for the compact code model	closed	ebahapo	2020-06-19T22:54:17Z	2024-02-24T21:00:32Z		
riscv-elf-psabi-doc	413	Remove restrictions on ULEB128	closed	charlie-rivos	2023-12-06T00:10:27Z	2024-02-17T04:28:53Z		
riscv-elf-psabi-doc	414	Add a tag to indicate whether to work around this binutils ADD/SUB/SE…	closed	palmer-dabbelt	2023-12-18T19:18:08Z	2024-02-15T07:59:47Z		
riscv-elf-psabi-doc	421	Relaxable TLSDESC only requires that R_RISCV_TLSDESC_HI20 to be paired with R_RISCV_RELAX	closed	2024-02-15T06:34:45Z	MaskRay	2024-01-25T19:13:09Z	2024-02-15T06:34:46Z	
riscv-elf-psabi-doc	424	Clarify Vector Register Calling Convention	closed	2024-02-15T06:34:28Z	ewlu	2024-02-13T00:43:38Z	2024-02-15T06:34:28Z	
riscv-elf-psabi-doc	420	Fix TLSDESC description	closed	2024-01-30T07:43:02Z	MaskRay	2024-01-25T04:19:24Z	2024-02-04T20:48:18Z	
riscv-elf-psabi-doc	404	Specify the alignment and size for array	closed	kito-cheng	2023-11-12T09:06:07Z	2024-02-04T13:05:04Z		
riscv-elf-psabi-doc	395	Allocate e_flags for landing pad and shadow stack	closed	kito-cheng	2023-08-16T09:53:03Z	2024-02-02T15:21:48Z		
riscv-elf-psabi-doc	409	[RFC] Defining an ELF attribute for RISC-V target profiles	closed	cmuellner	2023-12-04T11:08:06Z	2024-01-29T20:13:43Z		
riscv-elf-psabi-doc	416	Specify the Calling Convention for Fixed-Length Vectors	closed	2024-01-11T08:48:18Z	kito-cheng	2023-12-22T08:23:36Z	2024-01-11T08:48:22Z	
riscv-elf-psabi-doc	380	[Vector ABI] Type size and alignment for vector types.	closed	2024-01-10T02:32:21Z	kito-cheng	2023-05-18T09:44:22Z	2024-01-10T02:32:24Z	
riscv-elf-psabi-doc	415	Clarify ULEB128 note	closed	2023-12-21T09:01:18Z	rui314	2023-12-19T04:51:20Z	2023-12-21T11:56:45Z	
riscv-elf-psabi-doc	397	Relax GOT indirection into PC-relative addressing	closed	2023-12-10T15:10:30Z	rui314	2023-09-18T05:28:09Z	2023-12-11T00:45:43Z	
riscv-elf-psabi-doc	406	Specify the Calling Convention for Fixed-Length Vectors	closed	kito-cheng	2023-11-13T02:14:10Z	2023-12-10T15:14:16Z		
riscv-elf-psabi-doc	402	Define GOT-Relative data relocation	closed	2023-12-07T07:24:38Z	PiJoules	2023-09-28T23:31:40Z	2023-12-07T19:12:08Z	
riscv-elf-psabi-doc	286	Public review comments	closed	palmer-dabbelt	2022-05-31T20:18:52Z	2023-12-07T06:44:01Z		
riscv-elf-psabi-doc	408	Clarify that multiple R_RISCV_LO12_I/R_RISCV_LO12_S can share one single R_RISCV_HI20	closed	2023-12-07T06:41:54Z	MaskRay	2023-11-22T17:15:14Z	2023-12-07T06:41:55Z	
riscv-elf-psabi-doc	403	Define contrainsts for ULEB128	closed	2023-10-23T02:22:12Z	charlie-rivos	2023-10-11T04:50:14Z	2023-10-26T08:44:56Z	
riscv-elf-psabi-doc	400	Remove R_RISCV_RVC_LUI	closed	2023-09-29T16:31:39Z	rui314	2023-09-27T02:00:09Z	2023-09-30T03:10:06Z	
riscv-elf-psabi-doc	396	Fix TLSDESC -> Initial Exec example.	closed	2023-09-14T09:58:12Z	ishitatsuyuki	2023-09-13T14:40:52Z	2023-09-14T09:58:13Z	
riscv-elf-psabi-doc	373	Add specification for TLS descriptors	closed	2023-09-13T00:43:07Z	ishitatsuyuki	2023-03-27T06:17:06Z	2023-09-13T17:27:48Z	
riscv-elf-psabi-doc	387	Introduce a new tag, `Tag_RISCV_x3_reg_usage` to record how gp/x3 begin …	closed	2023-08-29T14:53:50Z	kito-cheng	2023-06-09T09:22:10Z	2023-09-08T02:26:39Z	
riscv-elf-psabi-doc	385	Define new tag for atomic ABI	closed	2023-09-06T03:49:47Z	kito-cheng	2023-05-24T15:29:36Z	2023-09-06T03:49:51Z	
riscv-elf-psabi-doc	236	Fix typo for LO12_I and LO12_S	closed	2022-01-03T16:46:59Z	kito-cheng	2022-01-03T15:06:14Z	2023-08-18T08:23:26Z	
riscv-elf-psabi-doc	391	Ztso psABI atomics specification	closed	2023-08-08T14:44:48Z	patrick-rivos	2023-07-17T21:26:51Z	2023-08-08T14:44:48Z	
riscv-elf-psabi-doc	116	Add relocation `R_RISCV_RELAX_NORVC` for linker relaxation.	closed	Nelson1225	2019-09-23T07:35:59Z	2023-07-20T01:39:39Z		
riscv-elf-psabi-doc	171	Draft for vector calling convention.	closed	Hsiangkai	2021-01-21T13:48:31Z	2023-07-06T15:42:01Z		
riscv-elf-psabi-doc	372	Allow optional uniquifier for mapping symbol	closed	2023-06-09T10:02:13Z	kito-cheng	2023-03-22T15:49:31Z	2023-06-09T10:02:16Z	
riscv-elf-psabi-doc	383	Add E_FLAGS for the Atomic ABIs	closed	palmer-dabbelt	2023-05-19T14:52:10Z	2023-06-09T09:32:51Z		
riscv-elf-psabi-doc	378	Initial psABI atomics specification	closed	2023-06-07T10:23:21Z	hboehm	2023-04-28T21:04:57Z	2023-06-07T14:31:23Z	
riscv-elf-psabi-doc	71	Document ELF attribute section	closed	2021-06-30T13:09:06Z	kito-cheng	2018-03-27T03:07:36Z	2023-06-07T04:51:21Z	
riscv-elf-psabi-doc	162	Add R_RISCV_SET_ULEB128 and R_RISCV_SUB_ULEB128.	closed	kuanlinchentw	2020-09-25T08:20:39Z	2023-06-05T02:52:00Z		
riscv-elf-psabi-doc	367	Add ABI information for __bf16	closed	2023-05-23T02:44:13Z	asb	2023-03-01T15:43:54Z	2023-05-23T02:44:16Z	
riscv-elf-psabi-doc	97	Mandate DWARF	closed	palmer-dabbelt	2019-06-08T23:11:27Z	2023-05-17T13:26:44Z		
riscv-elf-psabi-doc	365	Add note for array with empty struct or union	closed	2023-05-17T13:24:42Z	kito-cheng	2023-02-10T09:41:15Z	2023-05-17T13:24:48Z	
riscv-elf-psabi-doc	379	Add an Android ABI	closed	palmer-dabbelt	2023-05-16T22:50:00Z	2023-05-17T00:07:58Z		
riscv-elf-psabi-doc	377	Define size_t and ptrdiff_t	closed	2023-04-17T02:40:28Z	MaskRay	2023-04-14T18:04:33Z	2023-04-17T02:40:36Z	
riscv-elf-psabi-doc	374	Define s11(x27) as a platform specific register	closed	ilovepi	2023-03-28T00:09:40Z	2023-04-07T23:04:07Z		
riscv-elf-psabi-doc	369	Specify the stack slot the frame pointer points to	closed	2023-04-07T07:37:31Z	ilovepi	2023-03-17T23:16:00Z	2023-04-07T07:37:40Z	
riscv-elf-psabi-doc	375	Add placeholder for runtime library ABI	closed	2023-04-07T07:36:11Z	kito-cheng	2023-04-03T09:53:22Z	2023-04-07T07:36:22Z	
riscv-elf-psabi-doc	361	Define relocations for ULEB128 value: R_RISCV_SET_ULEB128 and R_RISCV_SUB_ULEB128	closed	2023-03-30T06:00:34Z	kito-cheng	2023-01-30T10:31:33Z	2023-03-30T09:22:22Z	
riscv-elf-psabi-doc	196	Proposal: Add mapping symbol	closed	2023-03-14T14:02:35Z	kito-cheng	2021-07-08T07:25:03Z	2023-03-22T15:49:58Z	
riscv-elf-psabi-doc	368	Use "Procedure Linkage Table" for PLT	closed	2023-03-14T13:54:26Z	lbmeng	2023-03-14T04:22:25Z	2023-03-14T13:54:27Z	
riscv-elf-psabi-doc	360	Define mandatory/optional attribute tag	closed	2023-02-20T10:49:35Z	kito-cheng	2023-01-30T08:49:56Z	2023-02-20T10:49:38Z	
riscv-elf-psabi-doc	357	Add details of .riscv.attributes section layout	closed	2023-02-20T06:21:22Z	vineetgarc	2023-01-09T20:58:12Z	2023-02-20T06:21:22Z	
riscv-elf-psabi-doc	363	Define PLT-generating PC-Relative data relocation	closed	2023-02-20T06:20:34Z	PiJoules	2023-01-31T19:41:22Z	2023-02-20T06:20:43Z	
riscv-elf-psabi-doc	366	Fix flattening example	closed	nick-knight	2023-02-16T17:11:33Z	2023-02-16T17:53:55Z		
riscv-elf-psabi-doc	359	Fix typo	closed	2023-01-29T06:49:48Z	zqb-all	2023-01-29T01:37:52Z	2023-01-29T06:49:49Z	
riscv-elf-psabi-doc	349	Document relaxation and speical section in zc extension	closed	2023-01-09T07:20:33Z	linsinan1995	2022-10-25T04:33:18Z	2023-01-09T07:20:33Z	
riscv-elf-psabi-doc	350	Remove wrong punctuation and duplicate Chapter Sections	closed	2022-10-25T13:25:42Z	linsinan1995	2022-10-25T04:33:53Z	2022-10-25T13:25:43Z	
riscv-elf-psabi-doc	345	maybe miss "any" word	closed	2022-10-14T07:32:53Z	lhtin	2022-09-04T10:36:40Z	2022-10-14T07:32:53Z	
riscv-elf-psabi-doc	344	Fix typos and formatting in relaxation section	closed	2022-09-02T16:06:22Z	ksco	2022-09-02T11:03:59Z	2022-09-02T16:06:22Z	
riscv-elf-psabi-doc	316	Replace C++ with {Cpp}, ++ might confuse Asciidoc parsing in somecase.	closed	2022-08-01T14:16:31Z	kito-cheng	2022-08-01T13:31:23Z	2022-09-02T07:27:57Z	
riscv-elf-psabi-doc	317	Add note ensuring to emit relocations in the presence of relaxation	closed	2022-08-04T15:30:54Z	asb	2022-08-01T13:35:42Z	2022-09-02T07:27:53Z	
riscv-elf-psabi-doc	321	Clarify ELF Reloc Type	closed	2022-08-03T09:13:48Z	MaskRay	2022-08-03T04:33:13Z	2022-09-02T07:27:48Z	
riscv-elf-psabi-doc	323	Remove R_RISCV_GNU_VTINHERIT and R_RISCV_GNU_VTENTRY	closed	2022-08-08T06:18:06Z	MaskRay	2022-08-05T05:35:50Z	2022-09-02T07:27:44Z	
riscv-elf-psabi-doc	325	Document how merge elf file headers and ELF attribute	closed	2022-08-31T16:44:34Z	kito-cheng	2022-08-09T09:59:17Z	2022-09-02T07:27:38Z	
riscv-elf-psabi-doc	326	Improve linker relaxation section	closed	2022-08-16T11:29:33Z	kito-cheng	2022-08-16T02:04:27Z	2022-09-02T07:27:33Z	
riscv-elf-psabi-doc	328	Document linker relaxation type.	closed	2022-09-01T07:50:58Z	kito-cheng	2022-08-16T16:27:40Z	2022-09-02T07:27:28Z	
riscv-elf-psabi-doc	329	Clarify the detail rule of Tag_RISCV_arch	closed	2022-08-31T16:49:59Z	kito-cheng	2022-08-17T13:24:41Z	2022-09-02T07:27:22Z	
riscv-elf-psabi-doc	330	Drop unclear description for e_machine	closed	2022-08-18T14:20:55Z	kito-cheng	2022-08-17T13:27:58Z	2022-09-02T07:27:17Z	
riscv-elf-psabi-doc	331	Add Status of ABI	closed	2022-08-29T10:00:12Z	kito-cheng	2022-08-17T14:19:29Z	2022-09-02T07:27:09Z	
riscv-elf-psabi-doc	334	Document the behavior of larger-than-type bitfields	closed	2022-08-31T16:53:33Z	kito-cheng	2022-08-18T14:49:34Z	2022-09-02T07:26:23Z	
riscv-elf-psabi-doc	339	Deprecated Tag_RISCV_priv_spec* attributes	closed	2022-08-31T16:43:05Z	kito-cheng	2022-08-22T08:58:55Z	2022-09-02T07:26:04Z	
riscv-elf-psabi-doc	340	Deprecated R_RISCV_CALL, prefer R_RISCV_CALL_PLT	closed	2022-08-23T13:52:58Z	kito-cheng	2022-08-22T13:38:25Z	2022-09-02T07:25:50Z	
riscv-elf-psabi-doc	338	Add recommendation for how to merging the same extension with differe…	closed	2022-09-02T06:12:01Z	kito-cheng	2022-08-22T07:47:17Z	2022-09-02T06:12:04Z	
riscv-elf-psabi-doc	296	Tweak the wording for the note of STO_RISCV_VARIANT_CC.	closed	2022-08-31T17:13:09Z	kito-cheng	2022-06-23T14:56:10Z	2022-08-31T17:13:11Z	
riscv-elf-psabi-doc	337	Clarify on how to merging the same extension with different versions	closed	kito-cheng	2022-08-19T09:49:12Z	2022-08-31T17:00:17Z		
riscv-elf-psabi-doc	277	Add forward reference to GOT in Medium position independent code model section.	closed	2022-08-26T09:02:31Z	kito-cheng	2022-04-25T09:27:07Z	2022-08-26T09:02:34Z	
riscv-elf-psabi-doc	336	Update merge rule for Tag_RISCV_priv_spec*	closed	kito-cheng	2022-08-19T09:45:07Z	2022-08-23T13:56:10Z		
riscv-elf-psabi-doc	333	Add forward-reference in Named ABIs list sections	closed	2022-08-22T00:57:31Z	kito-cheng	2022-08-17T15:01:49Z	2022-08-22T00:57:33Z	
riscv-elf-psabi-doc	335	Fix typo.	closed	xionghul	2022-08-19T06:12:53Z	2022-08-19T08:09:35Z		
riscv-elf-psabi-doc	332	Explicitly disallow larger-than-type bitfields	closed	kito-cheng	2022-08-17T14:40:52Z	2022-08-18T04:17:30Z		
riscv-elf-psabi-doc	297	Add note to mention medany also called medium in certain toolchain im…	closed	kito-cheng	2022-07-01T13:42:33Z	2022-08-17T09:35:58Z		
riscv-elf-psabi-doc	290	Describe content of non-argument/non-return register are unspecified …	closed	2022-08-11T09:12:26Z	kito-cheng	2022-06-14T15:55:43Z	2022-08-11T09:12:29Z	
riscv-elf-psabi-doc	301	Revert "Add note to mention medlow also called small in certain toolc…	closed	2022-08-04T15:31:41Z	kito-cheng	2022-07-22T14:17:28Z	2022-08-04T15:31:43Z	
riscv-elf-psabi-doc	310	Tweak wording in packed bitfield description	closed	2022-08-01T13:51:28Z	asb	2022-08-01T12:36:36Z	2022-08-01T13:51:28Z	
riscv-elf-psabi-doc	314	Typo fix: "This many" => "This may"	closed	2022-08-01T13:45:41Z	asb	2022-08-01T13:07:02Z	2022-08-01T13:45:51Z	
riscv-elf-psabi-doc	304	Clarify non-sequential relationship with *_HI20 relocs	closed	2022-08-01T13:43:12Z	aswaterman	2022-07-27T07:46:04Z	2022-08-01T13:43:17Z	
riscv-elf-psabi-doc	311	Escape __attribute__ and __packed__ using asciidoc inline passthrough	closed	2022-08-01T13:21:40Z	asb	2022-08-01T12:45:29Z	2022-08-01T13:41:17Z	
riscv-elf-psabi-doc	302	Minor word tweaking for vxrm and vxsat cc	closed	2022-07-28T12:53:36Z	kito-cheng	2022-07-22T14:43:17Z	2022-07-28T12:53:40Z	
riscv-elf-psabi-doc	279	Add note to mention we didn't have calling convention big-endian	closed	2022-07-26T16:45:59Z	kito-cheng	2022-05-06T08:30:08Z	2022-07-26T16:46:02Z	
riscv-elf-psabi-doc	275	Add note to mention `Global Dynamic` model is known as `General Dynamic` model	closed	2022-07-24T09:22:51Z	kito-cheng	2022-04-25T07:49:37Z	2022-07-24T09:22:54Z	
riscv-elf-psabi-doc	276	Remove compiler flag from psABI	closed	2022-07-24T09:11:03Z	kito-cheng	2022-04-25T07:56:22Z	2022-07-24T09:11:06Z	
riscv-elf-psabi-doc	262	Add state statement in preamble	closed	2022-07-24T09:09:44Z	kito-cheng	2022-04-14T04:02:09Z	2022-07-24T09:09:47Z	
riscv-elf-psabi-doc	278	Do not using backward numeric labels reference	closed	2022-07-24T09:08:05Z	kito-cheng	2022-05-06T08:00:13Z	2022-07-24T09:08:09Z	
riscv-elf-psabi-doc	281	Explicitly say upper bit in GPR is undefined when passing floating po…	closed	2022-07-24T09:04:17Z	kito-cheng	2022-05-06T09:31:26Z	2022-07-24T09:04:33Z	
riscv-elf-psabi-doc	294	Define vxrm/vxsat is not preserved across calls and unspecified upon entry field upon entry	closed	2022-07-01T13:21:24Z	kito-cheng	2022-06-20T02:47:50Z	2022-07-22T14:44:00Z	
riscv-elf-psabi-doc	280	Use ABI_FLEN rather than FLEN in `Hardware Floating-point Calling Convention	closed	2022-07-22T14:18:45Z	kito-cheng	2022-05-06T08:55:24Z	2022-07-22T14:18:49Z	
riscv-elf-psabi-doc	291	Correct name for medany and medlow	closed	2022-06-23T11:32:35Z	kito-cheng	2022-06-14T16:10:14Z	2022-07-01T13:43:09Z	
riscv-elf-psabi-doc	295	Require that lazily bound function follow the standard calling conven…	closed	2022-07-01T13:20:57Z	kito-cheng	2022-06-23T14:51:10Z	2022-07-01T13:21:00Z	
riscv-elf-psabi-doc	256	riscv-cc: Describe that vxrm/vxsat is not preserved across calls	closed	arcbbb	2022-03-18T03:52:30Z	2022-06-20T02:48:32Z		
riscv-elf-psabi-doc	284	introduction: Add note about memory model synchronization primitives	closed	2022-06-14T16:13:34Z	cmuellner	2022-05-27T06:20:14Z	2022-06-14T16:13:34Z	
riscv-elf-psabi-doc	285	Describe the ALIGN relocation in more detail	closed	2022-06-14T10:45:33Z	luismarques	2022-05-27T14:12:58Z	2022-06-14T10:45:34Z	
riscv-elf-psabi-doc	250	riscv-cc: Document that ILP32E is not and cannot be stable	closed	2022-01-17T03:14:08Z	jrtc27	2022-01-13T16:05:08Z	2022-04-25T08:08:05Z	
riscv-elf-psabi-doc	219	Adjust README to reflect new structure	closed	kito-cheng	2021-09-27T15:37:14Z	2022-04-25T08:08:00Z		
riscv-elf-psabi-doc	217	riscv-elf: Document that DT_INIT/DT_FINI should not be relied upon	closed	2021-09-28T02:24:25Z	jrtc27	2021-09-27T14:48:40Z	2022-04-25T08:07:44Z	
riscv-elf-psabi-doc	260	riscv-elf: Rework specifying when STO_RISCV_VARIANT_CC is needed	closed	2022-04-06T13:20:19Z	jrtc27	2022-04-02T12:22:14Z	2022-04-25T08:07:42Z	
riscv-elf-psabi-doc	261	Minor grammar and style improvements	closed	2022-04-14T03:27:52Z	aswaterman	2022-04-13T21:49:07Z	2022-04-14T03:28:54Z	
riscv-elf-psabi-doc	241	Clarify the range of medlow code model on rv64	closed	2022-04-06T13:22:25Z	kito-cheng	2022-01-13T03:41:30Z	2022-04-07T09:31:30Z	
riscv-elf-psabi-doc	259	Remove description of vxrm and vxsat from the spec	closed	2022-04-06T13:22:09Z	kito-cheng	2022-03-31T16:19:49Z	2022-04-06T14:38:19Z	
riscv-elf-psabi-doc	253	Fix typos for CALL, CALL_PLT and GOT_HI20	closed	2022-03-29T16:30:44Z	rui314	2022-01-28T09:43:58Z	2022-03-30T09:32:28Z	
riscv-elf-psabi-doc	242	Define XLEN and FLEN in `Terms and Abbreviations`	closed	2022-03-30T01:03:20Z	kito-cheng	2022-01-13T06:21:18Z	2022-03-30T01:03:23Z	
riscv-elf-psabi-doc	258	Add relocation `R_RISCV_RVC_COMP` for .align directives	closed	patrick-rivos	2022-03-28T22:16:08Z	2022-03-29T00:23:17Z		
riscv-elf-psabi-doc	243	Clairfy how struct pass in register	closed	2022-03-07T16:32:04Z	kito-cheng	2022-01-13T06:32:29Z	2022-03-07T16:32:10Z	
riscv-elf-psabi-doc	244	Clairfy address of struct return value is not required hold on return register	closed	2022-03-07T16:26:56Z	kito-cheng	2022-01-13T07:05:55Z	2022-03-07T16:26:59Z	
riscv-elf-psabi-doc	252	Add `Medium position independent code model` to code model	closed	2022-03-07T16:25:52Z	kito-cheng	2022-01-14T07:44:04Z	2022-03-07T16:25:56Z	
riscv-elf-psabi-doc	248	preamble: Clarify what frozen etc mean in this context	closed	2022-02-07T03:18:45Z	jrtc27	2022-01-13T15:53:34Z	2022-02-07T03:18:48Z	
riscv-elf-psabi-doc	240	riscv-elf: Use simpler equivalent expression for LO12 relocations	closed	2022-02-07T03:16:52Z	jrtc27	2022-01-12T04:01:23Z	2022-02-07T03:16:55Z	
riscv-elf-psabi-doc	251	The medany code model is not PIC	closed	aswaterman	2022-01-14T00:02:32Z	2022-01-14T01:03:47Z		
riscv-elf-psabi-doc	233	Fix typo	closed	2021-12-08T14:19:04Z	lyctw	2021-12-08T07:13:15Z	2021-12-08T14:19:05Z	
riscv-elf-psabi-doc	223	bibtex entry	closed	samuelgruetter	2021-10-28T21:55:43Z	2021-11-29T17:52:59Z		
riscv-elf-psabi-doc	227	Add table titles	closed	2021-11-29T17:17:26Z	kito-cheng	2021-11-02T10:14:51Z	2021-11-29T17:20:09Z	
riscv-elf-psabi-doc	224	Reorganize relocation table	closed	2021-11-29T16:32:32Z	kito-cheng	2021-11-01T09:52:32Z	2021-11-29T16:32:35Z	
riscv-elf-psabi-doc	230	Add example and description of out-of-range for code model 	closed	2021-11-29T16:22:58Z	kito-cheng	2021-11-13T12:08:02Z	2021-11-29T16:23:01Z	
riscv-elf-psabi-doc	231	Add bibliography	closed	2021-11-29T15:55:56Z	kito-cheng	2021-11-13T13:09:01Z	2021-11-29T15:56:00Z	
riscv-acpi-ffh	31	Bump docs-resources from `cd4446b` to `0904c8a`	closed	dependabot[bot]	2026-04-02T05:01:33Z	2026-04-28T03:24:03Z	dependencies;submodules	
riscv-acpi-ffh	32	Bump docs-resources from `cd4446b` to `47257de`	open	dependabot[bot]	2026-04-28T03:23:58Z	2026-04-28T03:23:59Z	dependencies;submodules	
riscv-acpi-ffh	30	Bump docs-resources from `cd4446b` to `a88e6af`	closed	dependabot[bot]	2026-03-31T01:35:31Z	2026-04-02T05:01:37Z	dependencies;submodules	
riscv-acpi-ffh	29	Bump docs-resources from `cd4446b` to `ed7a9df`	closed	dependabot[bot]	2026-03-30T01:36:35Z	2026-03-31T01:35:34Z	dependencies;submodules	
riscv-acpi-ffh	28	Bump docs-resources from `cd4446b` to `78567fd`	closed	dependabot[bot]	2026-03-27T01:35:01Z	2026-03-30T01:36:38Z	dependencies;submodules	
riscv-acpi-ffh	27	Bump docs-resources from `cd4446b` to `29879cc`	closed	dependabot[bot]	2026-03-26T01:35:41Z	2026-03-27T01:35:05Z	dependencies;submodules	
riscv-acpi-ffh	26	Bump docs-resources from `cd4446b` to `a9baab8`	closed	dependabot[bot]	2026-03-25T01:35:17Z	2026-03-26T01:35:45Z	dependencies;submodules	
riscv-acpi-ffh	24	Bump docs-resources from `cd4446b` to `b387152`	closed	dependabot[bot]	2026-03-20T01:35:02Z	2026-03-25T01:35:20Z	dependencies;submodules	
riscv-acpi-ffh	25	Revert "Antora refactor merge"	closed	2026-03-20T12:55:39Z	wmat	2026-03-20T12:48:01Z	2026-03-20T12:55:39Z	
riscv-acpi-ffh	22	Bump docs-resources from `cd4446b` to `286c2a7`	closed	dependabot[bot]	2026-03-19T01:35:09Z	2026-03-20T01:35:06Z	dependencies;submodules	
riscv-acpi-ffh	23	Antora refactor merge	closed	2026-03-19T15:38:43Z	wmat	2026-03-19T15:38:31Z	2026-03-19T15:38:44Z	
riscv-acpi-ffh	21	Bump docs-resources from `cd4446b` to `f0caa68`	closed	dependabot[bot]	2026-03-18T01:35:04Z	2026-03-19T01:35:13Z	dependencies;submodules	
riscv-acpi-ffh	20	Bump docs-resources from `7558472` to `cd4446b`	closed	2026-03-17T19:57:07Z	dependabot[bot]	2026-03-17T19:37:12Z	2026-03-17T19:57:15Z	dependencies;submodules
riscv-acpi-ffh	12	add dependabot to create PR to update the submodules to latest	closed	2026-03-17T19:36:22Z	ghost	2024-12-10T04:02:51Z	2026-03-17T19:36:22Z	
riscv-acpi-ffh	19	Update GitHub Actions to requested versions	closed	2026-03-10T14:06:23Z	rpsene	2026-03-06T22:06:12Z	2026-03-10T14:06:24Z	
riscv-acpi-ffh	18	Use ghcr.io/riscv/riscv-docs-base-container-image:latest	closed	2026-03-06T18:31:56Z	rpsene	2026-03-06T16:56:40Z	2026-03-06T18:31:56Z	
riscv-acpi-ffh	15	Feature/pdf url	closed	2025-08-28T16:38:57Z	danielmrichter	2025-08-26T19:14:21Z	2025-08-28T16:38:58Z	
riscv-acpi-ffh	13	Template updates	open	jones-drew	2025-02-19T09:21:32Z	2025-02-19T09:21:32Z		
riscv-acpi-ffh	11	Cleanup title page	closed	2024-10-10T07:09:40Z	jones-drew	2024-10-09T13:29:09Z	2024-10-10T07:20:40Z	
riscv-acpi-ffh	8	add ASL abbreviations	closed	2023-10-06T20:05:04Z	wxjstz	2023-09-24T02:52:53Z	2023-10-07T03:53:44Z	
riscv-acpi-ffh	4	Freeze preparation changes	closed	atishp04	2023-09-11T21:17:00Z	2023-09-15T19:04:01Z		
riscv-acpi-ffh	7	rc6 changes	closed	2023-09-15T18:08:28Z	atishp04	2023-09-15T18:04:45Z	2023-09-15T18:08:29Z	
riscv-acpi-ffh	6	Upgrade build process	closed	2023-09-15T18:02:25Z	rpsene	2023-09-15T00:50:03Z	2023-09-15T18:02:25Z	
riscv-acpi-ffh	5	Upgrade building process	closed	rpsene	2023-09-12T22:31:49Z	2023-09-15T00:43:30Z		
riscv-acpi-ffh	3	Add context lost flags section	closed	2023-07-17T16:46:53Z	jones-drew	2023-06-29T14:26:11Z	2023-07-17T16:49:06Z	
riscv-acpi-ffh	1	Draft v0.1	closed	2023-04-06T09:53:27Z	jones-drew	2023-03-29T12:24:43Z	2023-04-26T13:20:21Z	
riscv-acpi-ffh	2	Fix build issues	closed	2023-04-26T13:17:27Z	rpsene	2023-04-26T12:03:11Z	2023-04-26T13:19:23Z	
riscv-acpi-rimt	85	Bump docs-resources from `1d5bcd2` to `0904c8a`	closed	dependabot[bot]	2026-04-02T08:38:11Z	2026-04-28T08:30:59Z	dependencies;submodules	
riscv-acpi-rimt	86	Bump docs-resources from `1d5bcd2` to `47257de`	open	dependabot[bot]	2026-04-28T08:30:54Z	2026-04-28T08:30:55Z	dependencies;submodules	
riscv-acpi-rimt	84	Bump docs-resources from `1d5bcd2` to `a88e6af`	closed	dependabot[bot]	2026-03-31T08:23:56Z	2026-04-02T08:38:15Z	dependencies;submodules	
riscv-acpi-rimt	83	Bump docs-resources from `1d5bcd2` to `ed7a9df`	closed	dependabot[bot]	2026-03-30T08:35:08Z	2026-03-31T08:24:00Z	dependencies;submodules	
riscv-acpi-rimt	82	Bump docs-resources from `1d5bcd2` to `78567fd`	closed	dependabot[bot]	2026-03-27T08:23:37Z	2026-03-30T08:35:12Z	dependencies;submodules	
riscv-acpi-rimt	81	Bump docs-resources from `1d5bcd2` to `29879cc`	closed	dependabot[bot]	2026-03-26T08:23:40Z	2026-03-27T08:23:40Z	dependencies;submodules	
riscv-acpi-rimt	80	Bump docs-resources from `1d5bcd2` to `a9baab8`	closed	dependabot[bot]	2026-03-25T08:23:49Z	2026-03-26T08:23:44Z	dependencies;submodules	
riscv-acpi-rimt	79	Bump docs-resources from `1d5bcd2` to `b387152`	closed	dependabot[bot]	2026-03-20T08:23:36Z	2026-03-25T08:23:53Z	dependencies;submodules	
riscv-acpi-rimt	78	Bump docs-resources from `1d5bcd2` to `286c2a7`	closed	dependabot[bot]	2026-03-19T08:23:53Z	2026-03-20T08:23:40Z	dependencies;submodules	
riscv-acpi-rimt	77	Bump docs-resources from `1d5bcd2` to `f0caa68`	closed	dependabot[bot]	2026-03-18T08:23:35Z	2026-03-19T08:23:57Z	dependencies;submodules	
riscv-acpi-rimt	76	Antora refactor	closed	2026-03-17T18:43:30Z	wmat	2026-03-17T18:18:58Z	2026-03-17T18:43:30Z	
riscv-acpi-rimt	75	Antora refactor	closed	2026-03-17T14:52:14Z	wmat	2026-03-17T14:06:40Z	2026-03-17T14:52:14Z	
riscv-acpi-rimt	72	Bump docs-resources from `1d5bcd2` to `be002f1`	closed	2026-03-17T12:34:10Z	dependabot[bot]	2026-01-30T08:23:50Z	2026-03-17T12:34:18Z	dependencies;submodules
riscv-acpi-rimt	74	Update GitHub Actions to requested versions	closed	2026-03-10T14:07:10Z	rpsene	2026-03-06T22:06:19Z	2026-03-10T14:07:10Z	
riscv-acpi-rimt	73	Use ghcr.io/riscv/riscv-docs-base-container-image:latest	closed	2026-03-06T18:32:26Z	rpsene	2026-03-06T16:56:47Z	2026-03-06T18:32:26Z	
riscv-acpi-rimt	71	Bump docs-resources from `1d5bcd2` to `b5eaf50`	closed	dependabot[bot]	2025-12-29T08:12:37Z	2026-01-30T08:23:54Z	dependencies;submodules	
riscv-acpi-rimt	70	Bump docs-resources from `1d5bcd2` to `edf32fb`	closed	dependabot[bot]	2025-12-18T08:18:57Z	2025-12-29T08:12:40Z	dependencies;submodules	
riscv-acpi-rimt	69	Bump docs-resources from `1d5bcd2` to `d644eb9`	closed	dependabot[bot]	2025-12-11T08:16:43Z	2025-12-18T08:19:00Z	dependencies;submodules	
riscv-acpi-rimt	68	Bump docs-resources from `1d5bcd2` to `75d6a61`	closed	dependabot[bot]	2025-12-10T08:15:57Z	2025-12-11T08:16:46Z	dependencies;submodules	
riscv-acpi-rimt	67	Bump docs-resources from `1d5bcd2` to `cdc5c1c`	closed	dependabot[bot]	2025-12-09T08:16:58Z	2025-12-10T08:16:02Z	dependencies;submodules	
riscv-acpi-rimt	66	Bump docs-resources from `1d5bcd2` to `08bdece`	closed	dependabot[bot]	2025-12-08T08:17:04Z	2025-12-09T08:17:02Z	dependencies;submodules	
riscv-acpi-rimt	65	Bump docs-resources from `1d5bcd2` to `8bd1a63`	closed	dependabot[bot]	2025-12-05T08:14:39Z	2025-12-08T08:17:07Z	dependencies;submodules	
riscv-acpi-rimt	64	Bump docs-resources from `1d5bcd2` to `8bda051`	closed	dependabot[bot]	2025-12-04T08:16:59Z	2025-12-05T08:14:42Z	dependencies;submodules	
riscv-acpi-rimt	63	Bump docs-resources from `1d5bcd2` to `36dcc26`	closed	dependabot[bot]	2025-12-03T08:18:12Z	2025-12-04T08:17:03Z	dependencies;submodules	
riscv-acpi-rimt	62	Bump docs-resources from `1d5bcd2` to `116d24e`	closed	dependabot[bot]	2025-12-01T09:57:29Z	2025-12-03T08:18:16Z	dependencies;submodules	
riscv-acpi-rimt	61	Bump docs-resources from `1d5bcd2` to `22a17b0`	closed	dependabot[bot]	2025-11-28T08:12:55Z	2025-12-01T09:57:33Z	dependencies;submodules	
riscv-acpi-rimt	60	Bump docs-resources from `1d5bcd2` to `824bd66`	closed	dependabot[bot]	2025-11-27T08:28:29Z	2025-11-28T08:12:59Z	dependencies;submodules	
riscv-acpi-rimt	59	Bump docs-resources from `1d5bcd2` to `49eff17`	closed	dependabot[bot]	2025-11-24T08:18:27Z	2025-11-27T08:28:33Z	dependencies;submodules	
riscv-acpi-rimt	58	Bump docs-resources from `1d5bcd2` to `1660fd9`	closed	dependabot[bot]	2025-11-18T08:18:24Z	2025-11-24T08:18:31Z	dependencies;submodules	
riscv-acpi-rimt	57	Bump docs-resources from `1d5bcd2` to `8e51e9f`	closed	dependabot[bot]	2025-11-14T08:17:26Z	2025-11-18T08:18:28Z	dependencies;submodules	
riscv-acpi-rimt	56	Bump docs-resources from `1d5bcd2` to `707d21c`	closed	dependabot[bot]	2025-11-13T08:16:00Z	2025-11-14T08:17:29Z	dependencies;submodules	
riscv-acpi-rimt	55	Bump docs-resources from `1d5bcd2` to `098f02b`	closed	dependabot[bot]	2025-11-11T08:18:42Z	2025-11-13T08:16:04Z	dependencies;submodules	
riscv-acpi-rimt	54	Bump docs-resources from `1d5bcd2` to `40844de`	closed	dependabot[bot]	2025-11-10T08:22:17Z	2025-11-11T08:18:46Z	dependencies;submodules	
riscv-acpi-rimt	53	Bump docs-resources from `1d5bcd2` to `3e01674`	closed	dependabot[bot]	2025-11-07T08:16:22Z	2025-11-10T08:22:22Z	dependencies;submodules	
riscv-acpi-rimt	52	Bump docs-resources from `1d5bcd2` to `75c71b5`	closed	dependabot[bot]	2025-11-03T08:33:02Z	2025-11-07T08:16:26Z	dependencies;submodules	
riscv-acpi-rimt	51	Bump docs-resources from `1d5bcd2` to `8b88469`	closed	dependabot[bot]	2025-10-29T08:21:54Z	2025-11-03T08:33:07Z	dependencies;submodules	
riscv-acpi-rimt	50	Bump docs-resources from `1d5bcd2` to `07ae7be`	closed	dependabot[bot]	2025-10-28T08:17:07Z	2025-10-29T08:21:58Z	dependencies;submodules	
riscv-acpi-rimt	49	Bump docs-resources from `1d5bcd2` to `4b6af80`	closed	dependabot[bot]	2025-10-20T08:30:09Z	2025-10-28T08:17:11Z	dependencies;submodules	
riscv-acpi-rimt	48	Bump docs-resources from `1d5bcd2` to `14a3283`	closed	dependabot[bot]	2025-10-17T08:16:37Z	2025-10-20T08:30:13Z	dependencies;submodules	
riscv-acpi-rimt	47	Bump docs-resources from `1d5bcd2` to `2f436fa`	closed	dependabot[bot]	2025-10-16T08:14:58Z	2025-10-17T08:16:41Z	dependencies;submodules	
riscv-acpi-rimt	46	Bump docs-resources from `1d5bcd2` to `d71e312`	closed	dependabot[bot]	2025-10-13T08:34:51Z	2025-10-16T08:15:04Z	dependencies;submodules	
riscv-acpi-rimt	45	Bump docs-resources from `1d5bcd2` to `c90c0bf`	closed	dependabot[bot]	2025-10-02T08:16:02Z	2025-10-13T08:34:55Z	dependencies;submodules	
riscv-acpi-rimt	44	Bump docs-resources from `1d5bcd2` to `ff1e5eb`	closed	dependabot[bot]	2025-09-30T08:19:37Z	2025-10-02T08:16:06Z	dependencies;submodules	
riscv-acpi-rimt	42	Bump docs-resources from `1d5bcd2` to `6ef1a1f`	closed	dependabot[bot]	2025-09-18T08:14:51Z	2025-09-30T08:19:41Z	dependencies;submodules	
riscv-acpi-rimt	41	Bump docs-resources from `1d5bcd2` to `a0a938e`	closed	dependabot[bot]	2025-09-17T08:19:19Z	2025-09-18T08:14:54Z	dependencies;submodules	
riscv-acpi-rimt	40	Bump docs-resources from `1d5bcd2` to `6124035`	closed	dependabot[bot]	2025-09-12T08:12:59Z	2025-09-17T08:19:23Z	dependencies;submodules	
riscv-acpi-rimt	39	Bump docs-resources from `1d5bcd2` to `c71d56b`	closed	dependabot[bot]	2025-09-11T08:15:44Z	2025-09-12T08:13:03Z	dependencies;submodules	
riscv-acpi-rimt	38	Bump docs-resources from `1d5bcd2` to `1fb9a74`	closed	dependabot[bot]	2025-09-09T08:19:56Z	2025-09-11T08:15:48Z	dependencies;submodules	
riscv-acpi-rimt	37	Bump docs-resources from `1d5bcd2` to `d7974ea`	closed	dependabot[bot]	2025-09-04T13:30:05Z	2025-09-09T08:20:00Z	dependencies;submodules	
riscv-acpi-rimt	36	Bump docs-resources from `1d5bcd2` to `48beddb`	closed	dependabot[bot]	2025-09-03T23:15:55Z	2025-09-04T13:30:10Z	dependencies;submodules	
riscv-acpi-rimt	34	Bump docs-resources from `1d5bcd2` to `3a40e07`	closed	dependabot[bot]	2025-07-24T09:07:50Z	2025-09-03T23:15:58Z	dependencies;submodules	
riscv-acpi-rimt	33	Bump docs-resources from `1d5bcd2` to `45d29d9`	closed	dependabot[bot]	2025-07-18T08:46:24Z	2025-07-24T09:07:54Z	dependencies;submodules	
riscv-acpi-rimt	32	Bump docs-resources from `1d5bcd2` to `ab24eec`	closed	dependabot[bot]	2025-07-09T09:01:59Z	2025-07-18T08:46:27Z	dependencies;submodules	
riscv-acpi-rimt	31	Bump docs-resources from `1d5bcd2` to `f38f756`	closed	dependabot[bot]	2025-06-17T08:42:34Z	2025-07-09T09:02:04Z	dependencies;submodules	
riscv-acpi-rimt	30	Bump docs-resources from `1d5bcd2` to `7558472`	closed	dependabot[bot]	2025-05-09T08:23:46Z	2025-06-17T08:42:38Z	dependencies;submodules	
riscv-acpi-rimt	29	Update the preamble section	closed	2025-03-31T04:11:07Z	vlsunil	2025-03-31T04:06:47Z	2025-03-31T04:11:12Z	
riscv-acpi-rimt	28	Update version to indicate "ratification ready"	closed	2025-03-12T04:47:12Z	vlsunil	2025-03-12T04:47:02Z	2025-03-12T04:47:17Z	
riscv-acpi-rimt	27	Update changelog for v0.92	closed	2025-02-26T13:26:37Z	vlsunil	2025-02-26T13:26:28Z	2025-02-26T13:26:42Z	
riscv-acpi-rimt	26	Update version to 0.92	closed	2025-02-26T12:31:28Z	vlsunil	2025-02-26T12:31:11Z	2025-02-26T12:31:34Z	
riscv-acpi-rimt	25	Update copyright to 2024-2025	closed	2025-02-26T05:33:59Z	wmat	2025-02-25T15:26:19Z	2025-02-26T05:34:03Z	
riscv-acpi-rimt	23	Update version post public review	closed	2025-02-21T04:01:52Z	vlsunil	2025-02-21T03:32:01Z	2025-02-21T04:01:55Z	
riscv-acpi-rimt	22	Bump docs-resources from `62576cd` to `1d5bcd2`	closed	2025-02-20T12:38:19Z	dependabot[bot]	2025-02-20T08:47:35Z	2025-02-20T12:38:25Z	dependencies
riscv-acpi-rimt	20	Add reference to _HID in the Hardware ID field	closed	2025-02-19T09:10:14Z	vlsunil	2025-02-19T05:02:54Z	2025-02-19T09:10:18Z	
riscv-acpi-rimt	16	doc team edits	closed	kersten1	2024-11-22T01:41:06Z	2025-02-19T05:57:24Z		
riscv-acpi-rimt	21	Update rimt-main.adoc	closed	2025-02-19T05:55:25Z	vlsunil	2025-02-19T05:53:37Z	2025-02-19T05:55:31Z	
riscv-acpi-rimt	19	Bump docs-resources from `6a8935c` to `62576cd`	closed	2025-01-13T04:10:12Z	dependabot[bot]	2025-01-11T16:35:25Z	2025-01-13T04:10:17Z	dependencies
riscv-acpi-rimt	17	add dependabot to create PR to update the submodules to latest	closed	2025-01-11T16:34:48Z	ghost	2024-12-10T04:02:48Z	2025-01-11T16:34:48Z	
riscv-acpi-rimt	18	Update document status to Frozen	closed	2025-01-10T09:03:55Z	vlsunil	2025-01-10T05:42:15Z	2025-01-10T09:04:01Z	
riscv-acpi-rimt	15	Address ARC feedback for RC3	closed	2024-11-05T04:04:47Z	vlsunil	2024-11-04T18:45:54Z	2024-11-05T04:04:51Z	
riscv-acpi-rimt	13	Explain N in interrupt wire array	closed	2024-10-25T18:22:50Z	vlsunil	2024-10-25T18:22:34Z	2024-10-25T18:22:55Z	
riscv-acpi-rimt	12	Address ARC feedback	closed	2024-10-25T16:31:19Z	vlsunil	2024-10-24T21:12:51Z	2024-10-25T16:31:24Z	
riscv-acpi-rimt	9	Correct length of the ID mapping field	closed	2024-10-03T05:12:08Z	vlsunil	2024-10-03T05:02:38Z	2024-10-03T05:12:09Z	
riscv-acpi-rimt	8	Updates after internal review	closed	2024-10-02T07:38:02Z	vlsunil	2024-10-01T04:44:57Z	2024-10-02T07:38:02Z	
riscv-acpi-rimt	7	A few grammar fixes	closed	2024-09-09T02:57:46Z	jones-drew	2024-09-06T11:32:21Z	2024-09-09T02:57:47Z	
riscv-acpi-rimt	6	Reorganize individual chapters as separate files	closed	2024-09-05T08:46:05Z	vlsunil	2024-09-05T06:54:20Z	2024-09-05T08:46:09Z	
riscv-acpi-rimt	5	Minor updates to make it ready for internal review	closed	2024-09-05T04:09:05Z	vlsunil	2024-09-05T04:07:23Z	2024-09-05T04:09:10Z	
riscv-acpi-rimt	4	Add ID mapping examples	closed	2024-09-04T05:59:51Z	vlsunil	2024-09-04T05:55:45Z	2024-09-04T05:59:51Z	
riscv-acpi-rimt	3	Adress some  feedbacks from PRS	closed	2024-09-02T14:32:27Z	vlsunil	2024-08-23T12:07:52Z	2024-09-02T14:32:27Z	
riscv-acpi-rimt	2	Few more updates	closed	2024-05-22T15:36:28Z	vlsunil	2024-05-22T15:35:55Z	2024-05-22T15:36:34Z	
riscv-acpi-rimt	1	Add initial RIMT spec	closed	2024-05-22T14:49:56Z	vlsunil	2024-05-22T14:47:47Z	2024-05-22T14:49:56Z	
riscv-performance-events	87	Update GitHub Actions to requested versions	closed	2026-03-07T15:28:07Z	rpsene	2026-03-06T21:43:02Z	2026-03-07T15:28:08Z	
riscv-performance-events	86	Use ghcr.io/riscv/riscv-docs-base-container-image:latest	closed	2026-03-06T14:52:11Z	rpsene	2026-03-06T14:26:58Z	2026-03-06T14:52:12Z	
riscv-performance-events	83	Bump docs-resources from `62576cd` to `b5eaf50`	closed	dependabot[bot]	2025-12-29T21:12:46Z	2026-01-30T21:43:43Z	dependencies;submodules	
riscv-performance-events	84	Bump docs-resources from `62576cd` to `be002f1`	open	dependabot[bot]	2026-01-30T21:43:39Z	2026-01-30T21:43:40Z	dependencies;submodules	
riscv-performance-events	82	Bump docs-resources from `62576cd` to `edf32fb`	closed	dependabot[bot]	2025-12-18T21:17:03Z	2025-12-29T21:12:49Z	dependencies;submodules	
riscv-performance-events	81	Bump docs-resources from `62576cd` to `8789870`	closed	dependabot[bot]	2025-12-17T21:13:55Z	2025-12-18T21:17:06Z	dependencies;submodules	
riscv-performance-events	80	Bump docs-resources from `62576cd` to `d644eb9`	closed	dependabot[bot]	2025-12-11T21:17:07Z	2025-12-17T21:13:59Z	dependencies;submodules	
riscv-performance-events	79	Bump docs-resources from `62576cd` to `75d6a61`	closed	dependabot[bot]	2025-12-10T21:34:03Z	2025-12-11T21:17:11Z	dependencies;submodules	
riscv-performance-events	78	Bump docs-resources from `62576cd` to `eefda19`	closed	dependabot[bot]	2025-12-09T21:15:13Z	2025-12-10T21:34:07Z	dependencies;submodules	
riscv-performance-events	77	Bump docs-resources from `62576cd` to `d631f07`	closed	dependabot[bot]	2025-12-08T21:12:50Z	2025-12-09T21:15:16Z	dependencies;submodules	
riscv-performance-events	76	Bump docs-resources from `62576cd` to `8bd1a63`	closed	dependabot[bot]	2025-12-04T21:13:36Z	2025-12-08T21:12:54Z	dependencies;submodules	
riscv-performance-events	75	Bump docs-resources from `62576cd` to `8bda051`	closed	dependabot[bot]	2025-12-03T21:15:34Z	2025-12-04T21:13:40Z	dependencies;submodules	
riscv-performance-events	74	Bump docs-resources from `62576cd` to `116d24e`	closed	dependabot[bot]	2025-12-01T23:19:39Z	2025-12-03T21:15:38Z	dependencies;submodules	
riscv-performance-events	73	Bump docs-resources from `62576cd` to `22a17b0`	closed	dependabot[bot]	2025-11-27T21:13:26Z	2025-12-01T23:19:42Z	dependencies;submodules	
riscv-performance-events	72	Bump docs-resources from `62576cd` to `49eff17`	closed	dependabot[bot]	2025-11-24T21:27:08Z	2025-11-27T21:13:30Z	dependencies;submodules	
riscv-performance-events	71	Bump docs-resources from `62576cd` to `1660fd9`	closed	dependabot[bot]	2025-11-19T21:15:40Z	2025-11-24T21:27:12Z	dependencies;submodules	
riscv-performance-events	70	Bump docs-resources from `62576cd` to `8e51e9f`	closed	dependabot[bot]	2025-11-13T21:39:59Z	2025-11-19T21:15:43Z	dependencies;submodules	
riscv-performance-events	69	Bump docs-resources from `62576cd` to `707d21c`	closed	dependabot[bot]	2025-11-12T21:15:18Z	2025-11-13T21:40:03Z	dependencies;submodules	
riscv-performance-events	68	Bump docs-resources from `62576cd` to `098f02b`	closed	dependabot[bot]	2025-11-11T21:12:05Z	2025-11-12T21:15:22Z	dependencies;submodules	
riscv-performance-events	67	Bump docs-resources from `62576cd` to `40844de`	closed	dependabot[bot]	2025-11-10T21:26:50Z	2025-11-11T21:12:08Z	dependencies;submodules	
riscv-performance-events	66	Bump docs-resources from `62576cd` to `7f7f63a`	closed	dependabot[bot]	2025-11-07T21:14:49Z	2025-11-10T21:26:55Z	dependencies;submodules	
riscv-performance-events	65	Bump docs-resources from `62576cd` to `93422ee`	closed	dependabot[bot]	2025-11-06T21:14:12Z	2025-11-07T21:14:54Z	dependencies;submodules	
riscv-performance-events	64	Bump docs-resources from `62576cd` to `75c71b5`	closed	dependabot[bot]	2025-11-03T21:23:29Z	2025-11-06T21:14:17Z	dependencies;submodules	
riscv-performance-events	63	Bump docs-resources from `62576cd` to `8b88469`	closed	dependabot[bot]	2025-10-29T21:12:11Z	2025-11-03T21:23:33Z	dependencies;submodules	
riscv-performance-events	61	Bump docs-resources from `62576cd` to `07ae7be`	closed	dependabot[bot]	2025-10-27T22:23:53Z	2025-10-29T21:12:15Z	dependencies;submodules	
riscv-performance-events	60	Bump docs-resources from `62576cd` to `4b6af80`	closed	dependabot[bot]	2025-10-17T21:12:31Z	2025-10-27T22:23:57Z	dependencies;submodules	
riscv-performance-events	59	Bump docs-resources from `62576cd` to `2f436fa`	closed	dependabot[bot]	2025-10-16T21:13:35Z	2025-10-17T21:12:34Z	dependencies;submodules	
riscv-performance-events	58	Bump docs-resources from `62576cd` to `d71e312`	closed	dependabot[bot]	2025-10-13T21:15:29Z	2025-10-16T21:13:38Z	dependencies;submodules	
riscv-performance-events	57	Bump docs-resources from `62576cd` to `7f9abe9`	closed	dependabot[bot]	2025-10-10T21:14:07Z	2025-10-13T21:15:33Z	dependencies;submodules	
riscv-performance-events	56	Bump docs-resources from `62576cd` to `c90c0bf`	closed	dependabot[bot]	2025-10-01T21:16:02Z	2025-10-10T21:14:10Z	dependencies;submodules	
riscv-performance-events	55	Bump docs-resources from `62576cd` to `ff1e5eb`	closed	dependabot[bot]	2025-09-30T21:14:55Z	2025-10-01T21:16:07Z	dependencies;submodules	
riscv-performance-events	54	Bump docs-resources from `62576cd` to `6ef1a1f`	closed	dependabot[bot]	2025-09-18T21:14:52Z	2025-09-30T21:14:59Z	dependencies;submodules	
riscv-performance-events	53	Bump docs-resources from `62576cd` to `a0a938e`	closed	dependabot[bot]	2025-09-17T21:28:46Z	2025-09-18T21:14:56Z	dependencies;submodules	
riscv-performance-events	52	Bump docs-resources from `62576cd` to `6124035`	closed	dependabot[bot]	2025-09-11T21:11:40Z	2025-09-17T21:28:50Z	dependencies;submodules	
riscv-performance-events	51	Bump docs-resources from `62576cd` to `c71d56b`	closed	dependabot[bot]	2025-09-10T21:16:31Z	2025-09-11T21:11:44Z	dependencies;submodules	
riscv-performance-events	50	Bump docs-resources from `62576cd` to `1fb9a74`	closed	dependabot[bot]	2025-09-09T21:13:45Z	2025-09-10T21:16:34Z	dependencies;submodules	
riscv-performance-events	49	Bump docs-resources from `62576cd` to `d7974ea`	closed	dependabot[bot]	2025-09-04T07:33:27Z	2025-09-09T21:13:48Z	dependencies;submodules	
riscv-performance-events	48	Bump docs-resources from `62576cd` to `48beddb`	closed	dependabot[bot]	2025-09-03T20:07:38Z	2025-09-04T07:33:30Z	dependencies;submodules	
riscv-performance-events	45	Bump docs-resources from `62576cd` to `3a40e07`	closed	dependabot[bot]	2025-07-24T21:28:46Z	2025-09-03T20:07:42Z	dependencies;submodules	
riscv-performance-events	47	Revise cache hier2	open	bcstrongx	2025-09-03T15:37:20Z	2025-09-03T15:39:15Z		
riscv-performance-events	44	Bump docs-resources from `62576cd` to `36f09ee`	closed	dependabot[bot]	2025-07-23T21:40:15Z	2025-07-24T21:28:50Z	dependencies;submodules	
riscv-performance-events	43	Bump docs-resources from `62576cd` to `45d29d9`	closed	dependabot[bot]	2025-07-17T21:46:20Z	2025-07-23T21:40:19Z	dependencies;submodules	
riscv-performance-events	42	Bump docs-resources from `62576cd` to `ab24eec`	closed	dependabot[bot]	2025-07-08T21:41:12Z	2025-07-17T21:46:24Z	dependencies;submodules	
riscv-performance-events	41	Bump docs-resources from `62576cd` to `f38f756`	closed	dependabot[bot]	2025-06-16T23:05:23Z	2025-07-08T21:41:15Z	dependencies;submodules	
riscv-performance-events	40	Bump docs-resources from `62576cd` to `7558472`	closed	dependabot[bot]	2025-05-08T21:27:49Z	2025-06-16T23:05:27Z	dependencies;submodules	
riscv-performance-events	31	Bump docs-resources from `62576cd` to `1d5bcd2`	closed	dependabot[bot]	2025-04-16T21:47:04Z	2025-05-08T21:27:52Z	dependencies;submodules	
riscv-performance-events	18	General overhaul of events and spec text	closed	2025-02-07T19:00:56Z	bcstrongx	2024-11-05T23:49:57Z	2025-04-25T16:17:35Z	
riscv-performance-events	23	Perf legacy changes	closed	2025-03-10T23:27:37Z	bcstrongx	2025-02-26T23:22:21Z	2025-04-25T16:17:33Z	
riscv-performance-events	25	Revise metrics, add guidance and list in Appendix	closed	2025-03-20T22:54:48Z	bcstrongx	2025-03-12T22:46:24Z	2025-04-25T16:17:30Z	
riscv-performance-events	38	add non-spec fetch events, and text describing them	open	bcstrongx	2025-04-25T16:10:14Z	2025-04-25T16:10:14Z		
riscv-performance-events	27	Cycles updates	closed	2025-04-16T16:31:51Z	bcstrongx	2025-03-20T22:14:36Z	2025-04-16T16:32:00Z	
riscv-performance-events	28	Add standard encodings	closed	2025-04-16T15:54:01Z	bcstrongx	2025-04-01T01:07:32Z	2025-04-16T15:54:09Z	
riscv-performance-events	24	Fix: TLB events names to match the defined access/ops types	closed	2025-03-17T17:48:38Z	dgptha	2025-03-12T15:39:59Z	2025-03-17T17:48:38Z	
riscv-performance-events	26	Fix: WR cache event type description	closed	2025-03-17T17:35:02Z	dgptha	2025-03-16T17:30:55Z	2025-03-17T17:35:02Z	
riscv-performance-events	22	Bump docs-resources from `62576cd` to `1d5bcd2`	closed	2025-02-26T17:42:54Z	dependabot[bot]	2025-02-19T21:23:28Z	2025-02-26T17:43:01Z	dependencies
riscv-performance-events	21	Bump docs-resources from `07b9904` to `62576cd`	closed	2025-02-07T19:01:33Z	dependabot[bot]	2024-12-17T21:39:57Z	2025-02-07T19:01:42Z	dependencies
riscv-performance-events	20	Bump docs-resources from `07b9904` to `a76dd1d`	closed	dependabot[bot]	2024-12-16T21:39:21Z	2024-12-17T21:40:00Z	dependencies	
riscv-performance-events	19	add dependabot to create PR to update the submodules to latest	closed	2024-12-16T21:38:36Z	ghost	2024-12-10T04:12:12Z	2024-12-16T21:38:36Z	
riscv-performance-events	9	Remove alternative event definitions as formulas	closed	2024-10-25T21:10:00Z	dr-sc	2024-10-16T07:04:28Z	2024-10-25T21:10:00Z	
riscv-performance-events	10	Remove RETIRED and SPEC groups and move events from them to GENERAL	closed	2024-10-25T21:09:39Z	dr-sc	2024-10-16T07:25:50Z	2024-10-25T21:09:40Z	
riscv-performance-events	11	Fix L2_BOUND TMA metric formula	closed	2024-10-25T20:53:45Z	dr-sc	2024-10-16T09:11:14Z	2024-10-25T20:53:45Z	
riscv-performance-events	12	Split CACHE.SNOOP.REMOTE_REQ_LOCAL_HITM event per cache level	closed	2024-10-25T20:53:22Z	dr-sc	2024-10-16T11:14:24Z	2024-10-25T20:53:23Z	
riscv-performance-events	13	Add TLB retirement events for code fetches	closed	2024-10-25T20:52:14Z	dr-sc	2024-10-16T11:27:29Z	2024-10-25T20:52:14Z	
riscv-performance-events	8	Proposed revisions to spec text	closed	2024-10-23T16:54:31Z	bcstrongx	2024-10-10T17:52:21Z	2024-10-23T16:55:09Z	
riscv-performance-events	3	Cache events and metrics 	closed	dr-sc	2024-04-23T12:55:13Z	2024-10-15T06:51:13Z		
riscv-performance-events	4	Add event and metric files for TMA	closed	dr-sc	2024-06-20T09:01:28Z	2024-10-15T06:51:11Z		
riscv-performance-events	5	Add RVV events and metrics	closed	dr-sc	2024-06-20T12:53:45Z	2024-10-15T06:51:08Z		
riscv-performance-events	1	Add events and metrics in the form of perf JSON files	closed	2024-09-26T17:00:03Z	dr-sc	2024-03-28T10:41:19Z	2024-09-26T17:00:04Z	
riscv-performance-events	6	Fix PREDICTION group metric names to be consistent with other groups	closed	dr-sc	2024-08-14T12:20:13Z	2024-08-14T12:21:18Z		
riscv-performance-events	2	New variant for events breakdown into groups with explicit speculative vs retirement	closed	dr-sc	2024-04-22T08:03:00Z	2024-08-14T10:53:43Z		
riscv-debug-spec	1214	Update GitHub Actions to requested versions	closed	2026-03-07T15:31:44Z	rpsene	2026-03-06T21:39:44Z	2026-03-07T15:31:45Z	
riscv-debug-spec	1213	Fix a typo: `vstatus` -> `vsstatus`.	open	pmundkur	2026-03-02T17:56:21Z	2026-03-02T17:56:21Z		
riscv-debug-spec	1204	Bump docs-resources from `1d5bcd2` to `be002f1`	closed	dependabot[bot]	2026-01-30T17:04:29Z	2026-02-05T17:05:22Z	dependencies;submodules	
riscv-debug-spec	1207	Bump docs-resources from `1d5bcd2` to `7a9931f`	open	dependabot[bot]	2026-02-05T17:05:16Z	2026-02-05T17:05:17Z	dependencies;submodules	
riscv-debug-spec	1203	Bump docs-resources from `1d5bcd2` to `b5eaf50`	closed	dependabot[bot]	2025-12-29T17:14:34Z	2026-01-30T17:04:34Z	dependencies;submodules	
riscv-debug-spec	1191	Fix typo in Appendix B: remove duplicate "scan"	closed	2026-01-30T14:41:50Z	dokunira	2025-12-03T06:10:41Z	2026-01-30T14:44:46Z	
riscv-debug-spec	1201	Bump docs-resources from `1d5bcd2` to `edf32fb`	closed	dependabot[bot]	2025-12-18T17:48:54Z	2025-12-29T17:14:38Z	dependencies;submodules	
riscv-debug-spec	1198	Bump docs-resources from `1d5bcd2` to `d644eb9`	closed	dependabot[bot]	2025-12-11T17:14:38Z	2025-12-18T17:48:58Z	dependencies;submodules	
riscv-debug-spec	1196	Bump docs-resources from `1d5bcd2` to `75d6a61`	closed	dependabot[bot]	2025-12-10T17:30:19Z	2025-12-11T17:14:43Z	dependencies;submodules	
riscv-debug-spec	1197	Clarify dcsr.cause description about halt groups	open	lz-bro	2025-12-11T10:25:25Z	2025-12-11T10:25:25Z		
riscv-debug-spec	1195	Bump docs-resources from `1d5bcd2` to `cdc5c1c`	closed	dependabot[bot]	2025-12-09T17:16:23Z	2025-12-10T17:30:24Z	dependencies;submodules	
riscv-debug-spec	1194	Bump docs-resources from `1d5bcd2` to `08bdece`	closed	dependabot[bot]	2025-12-08T17:15:57Z	2025-12-09T17:16:28Z	dependencies;submodules	
riscv-debug-spec	1193	Bump docs-resources from `1d5bcd2` to `8bd1a63`	closed	dependabot[bot]	2025-12-04T17:16:40Z	2025-12-08T17:16:02Z	dependencies;submodules	
riscv-debug-spec	1192	Bump docs-resources from `1d5bcd2` to `8bda051`	closed	dependabot[bot]	2025-12-03T17:18:21Z	2025-12-04T17:16:45Z	dependencies;submodules	
riscv-debug-spec	1190	Bump docs-resources from `1d5bcd2` to `116d24e`	closed	dependabot[bot]	2025-12-01T18:57:04Z	2025-12-03T17:18:27Z	dependencies;submodules	
riscv-debug-spec	1185	Bump docs-resources from `1d5bcd2` to `22a17b0`	closed	dependabot[bot]	2025-11-28T17:14:40Z	2025-12-01T18:57:09Z	dependencies;submodules	
riscv-debug-spec	1189	Update dcsr.prv description in core_registers.xml	open	davidharrishmc	2025-11-29T14:25:12Z	2025-11-29T14:25:12Z		
riscv-debug-spec	1186	Update unspecified behavior instructions in Sdext.adoc	open	davidharrishmc	2025-11-28T19:38:59Z	2025-11-28T19:38:59Z		
riscv-debug-spec	1184	Bump docs-resources from `1d5bcd2` to `19d71fa`	closed	dependabot[bot]	2025-11-27T17:13:09Z	2025-11-28T17:14:44Z	dependencies;submodules	
riscv-debug-spec	1182	Bump docs-resources from `1d5bcd2` to `49eff17`	closed	dependabot[bot]	2025-11-24T17:47:56Z	2025-11-27T17:13:13Z	dependencies;submodules	
riscv-debug-spec	1180	Bump docs-resources from `1d5bcd2` to `1660fd9`	closed	dependabot[bot]	2025-11-18T17:14:19Z	2025-11-24T17:48:01Z	dependencies;submodules	
riscv-debug-spec	1177	Fix typo in "Reset" section	open	dokunira	2025-11-16T15:14:33Z	2025-11-19T19:02:58Z		
riscv-debug-spec	1172	Bump docs-resources from `1d5bcd2` to `8e51e9f`	closed	dependabot[bot]	2025-11-14T17:26:05Z	2025-11-18T17:14:23Z	dependencies;submodules	
riscv-debug-spec	1174	Fix typo in "Reset" section (hasresethaltreq -> halt-on-reset bits)	closed	dokunira	2025-11-16T11:07:52Z	2025-11-16T14:46:36Z		
riscv-debug-spec	1171	Bump docs-resources from `1d5bcd2` to `707d21c`	closed	dependabot[bot]	2025-11-13T17:39:02Z	2025-11-14T17:26:09Z	dependencies;submodules	
riscv-debug-spec	1166	Bump docs-resources from `1d5bcd2` to `098f02b`	closed	dependabot[bot]	2025-11-11T17:13:49Z	2025-11-13T17:39:07Z	dependencies;submodules	
riscv-debug-spec	1165	Bump docs-resources from `1d5bcd2` to `40844de`	closed	dependabot[bot]	2025-11-10T18:09:26Z	2025-11-11T17:13:53Z	dependencies;submodules	
riscv-debug-spec	1164	Bump docs-resources from `1d5bcd2` to `3e01674`	closed	dependabot[bot]	2025-11-07T17:16:32Z	2025-11-10T18:09:31Z	dependencies;submodules	
riscv-debug-spec	1162	Bump docs-resources from `1d5bcd2` to `75c71b5`	closed	dependabot[bot]	2025-11-03T18:00:18Z	2025-11-07T17:16:36Z	dependencies;submodules	
riscv-debug-spec	1161	Bump docs-resources from `1d5bcd2` to `8b88469`	closed	dependabot[bot]	2025-10-29T17:16:37Z	2025-11-03T18:00:22Z	dependencies;submodules	
riscv-debug-spec	1160	Bump docs-resources from `1d5bcd2` to `07ae7be`	closed	dependabot[bot]	2025-10-28T17:17:43Z	2025-10-29T17:16:42Z	dependencies;submodules	
riscv-debug-spec	1157	Bump docs-resources from `1d5bcd2` to `4b6af80`	closed	dependabot[bot]	2025-10-20T17:27:03Z	2025-10-28T17:17:47Z	dependencies;submodules	
riscv-debug-spec	1158	Fixed typos	open	davidharrishmc	2025-10-22T12:09:42Z	2025-10-22T12:09:42Z		
riscv-debug-spec	1156	Bump docs-resources from `1d5bcd2` to `14a3283`	closed	dependabot[bot]	2025-10-17T17:16:08Z	2025-10-20T17:27:08Z	dependencies;submodules	
riscv-debug-spec	1155	Bump docs-resources from `1d5bcd2` to `2f436fa`	closed	dependabot[bot]	2025-10-16T17:17:06Z	2025-10-17T17:16:12Z	dependencies;submodules	
riscv-debug-spec	1154	Bump docs-resources from `1d5bcd2` to `d71e312`	closed	dependabot[bot]	2025-10-13T17:34:21Z	2025-10-16T17:17:10Z	dependencies;submodules	
riscv-debug-spec	1152	Bump docs-resources from `1d5bcd2` to `c90c0bf`	closed	dependabot[bot]	2025-10-02T17:16:16Z	2025-10-13T17:34:26Z	dependencies;submodules	
riscv-debug-spec	1122	Remove typedef in generated 'debug_defines.h'	open	borneoa	2025-05-07T14:34:18Z	2025-10-02T20:18:14Z		
riscv-debug-spec	1151	Bump docs-resources from `1d5bcd2` to `144f824`	closed	dependabot[bot]	2025-10-01T17:19:50Z	2025-10-02T17:16:21Z	dependencies;submodules	
riscv-debug-spec	1149	Bump docs-resources from `1d5bcd2` to `ff1e5eb`	closed	dependabot[bot]	2025-09-30T17:15:57Z	2025-10-01T17:19:55Z	dependencies;submodules	
riscv-debug-spec	1150	Add HTML build support to match Makefile description	open	dokunira	2025-10-01T08:28:04Z	2025-10-01T08:28:04Z		
riscv-debug-spec	1145	Bump docs-resources from `1d5bcd2` to `6ef1a1f`	closed	dependabot[bot]	2025-09-18T17:12:50Z	2025-09-30T17:16:01Z	dependencies;submodules	
riscv-debug-spec	1143	Bump docs-resources from `1d5bcd2` to `a0a938e`	closed	dependabot[bot]	2025-09-17T17:29:50Z	2025-09-18T17:12:54Z	dependencies;submodules	
riscv-debug-spec	1137	Bump docs-resources from `1d5bcd2` to `6124035`	closed	dependabot[bot]	2025-09-11T17:38:45Z	2025-09-17T17:29:54Z	dependencies;submodules	
riscv-debug-spec	1139	Clarify how `mhselect[2]` is concatenated with `mhvalue`	open	en-sc	2025-09-15T10:27:31Z	2025-09-15T10:27:31Z		
riscv-debug-spec	1135	Bump docs-resources from `1d5bcd2` to `c71d56b`	closed	dependabot[bot]	2025-09-10T17:16:22Z	2025-09-11T17:38:50Z	dependencies;submodules	
riscv-debug-spec	1134	Bump docs-resources from `1d5bcd2` to `1fb9a74`	closed	dependabot[bot]	2025-09-09T17:14:49Z	2025-09-10T17:16:25Z	dependencies;submodules	
riscv-debug-spec	1133	Bump docs-resources from `1d5bcd2` to `d7974ea`	closed	dependabot[bot]	2025-09-04T05:11:26Z	2025-09-09T17:14:53Z	dependencies;submodules	
riscv-debug-spec	1125	Bump docs-resources from `1d5bcd2` to `3a40e07`	closed	dependabot[bot]	2025-08-01T13:50:43Z	2025-09-04T05:11:30Z	dependencies;submodules	
riscv-debug-spec	1076	Improve description of cmderr "busy"	open	JanMatCodasip	2024-10-09T08:56:53Z	2025-08-28T14:30:01Z	Clarification	
riscv-debug-spec	1123	Bump docs-resources from `1d5bcd2` to `7558472`	closed	dependabot[bot]	2025-05-08T17:51:01Z	2025-08-01T13:50:47Z	dependencies;submodules	
riscv-debug-spec	836	Clarify that stepie applies to dcsr.step but not icount.	closed	2023-04-13T19:41:47Z	pdonahue-ventana	2023-04-13T18:53:40Z	2025-04-04T16:32:36Z	
riscv-debug-spec	1081	Sdtrig: Clarify that tinfo.version is a global constant, not per-trigger	open	JanMatCodasip	2024-11-08T08:40:20Z	2025-03-19T15:02:27Z		
riscv-debug-spec	1099	registers.py: Fix subtractions in generated C code	open	JanMatCodasip	2025-01-08T20:00:02Z	2025-03-18T15:41:49Z	codegen	
riscv-debug-spec	1085	Better description of how etrigger matches.	open	pdonahue-ventana	2024-11-20T01:35:46Z	2025-02-25T23:25:17Z	Clarification	
riscv-debug-spec	1109	Bump docs-resources from `79e585b` to `1d5bcd2`	closed	2025-02-25T22:48:38Z	dependabot[bot]	2025-02-21T20:40:07Z	2025-02-25T22:48:45Z	dependencies
riscv-debug-spec	1110	Remove pre-ratification warning	closed	2025-02-25T21:07:27Z	pdonahue-ventana	2025-02-25T21:04:12Z	2025-02-25T21:07:28Z	
riscv-debug-spec	1092	add dependabot to create PR to update the submodules to latest	closed	2025-02-21T20:39:24Z	ghost	2024-12-10T04:11:45Z	2025-02-21T20:39:24Z	codegen
riscv-debug-spec	1100	Fix the link to `dmstatus.version` in "Minor Changes from 0.13 to 1.0"	closed	2025-02-17T17:15:22Z	en-sc	2025-01-20T15:28:10Z	2025-02-18T08:32:49Z	asciidoc
riscv-debug-spec	1103	`dmactive` description should allow system-wide reset	open	en-sc	2025-01-29T12:11:41Z	2025-02-17T18:00:35Z		
riscv-debug-spec	1078	Remove outdated "publish" workflow	closed	2025-02-17T17:14:59Z	JanMatCodasip	2024-10-21T05:32:46Z	2025-02-17T17:14:59Z	codegen
riscv-debug-spec	1075	Readme: Fix build instructions	closed	2025-02-17T17:12:51Z	JanMatCodasip	2024-10-09T06:55:42Z	2025-02-17T17:14:17Z	codegen
riscv-debug-spec	1077	Clarify that "an operation" is a DMI operation.	closed	2025-02-17T17:13:39Z	pdonahue-ventana	2024-10-17T17:45:00Z	2025-02-17T17:13:39Z	Clarification
riscv-debug-spec	1101	Fix yet another asciidoc conversion problem	closed	2025-02-17T17:11:06Z	pdonahue-ventana	2025-01-21T23:25:25Z	2025-02-17T17:11:06Z	asciidoc
riscv-debug-spec	802	define asynchronous interrupt priorities	open	JamesKenneyImperas	2023-02-13T16:58:40Z	2025-01-07T14:41:43Z	1.0+	
riscv-debug-spec	1097	Fix asciidoc conversion missing word for #1096.	closed	2025-01-05T23:01:36Z	pdonahue-ventana	2025-01-03T01:59:45Z	2025-01-05T23:01:36Z	Formatting/Typo;1.0
riscv-debug-spec	1091	Fix asciidoc conversion problem for #1090.	closed	2024-12-05T20:46:57Z	pdonahue-ventana	2024-12-02T18:34:25Z	2024-12-05T20:46:57Z	
riscv-debug-spec	855	Add support for Zicfilp and the hart ELP state	closed	sorear	2023-07-08T09:30:23Z	2024-09-13T16:35:02Z	1.1	
riscv-debug-spec	1071	Integrated ratified Zicfilp extension	closed	2024-09-12T16:25:16Z	ved-rivos	2024-09-11T19:04:03Z	2024-09-12T19:27:08Z	
riscv-debug-spec	1061	`dtmcs.abits` description should reference to `dmi.address`	closed	2024-08-15T16:52:15Z	en-sc	2024-08-14T08:28:33Z	2024-09-06T08:58:23Z	
riscv-debug-spec	1070	Triggers with action != 0 or 1 fire independently.	closed	2024-09-04T18:58:14Z	rtwfroody	2024-09-02T20:45:06Z	2024-09-04T18:58:17Z	Clarification;1.0
riscv-debug-spec	1059	Fix `sw` instruction assembly in Appendix A.2	closed	2024-08-13T16:32:18Z	tienngtr	2024-08-13T09:50:19Z	2024-09-02T16:10:03Z	
riscv-debug-spec	1067	Clarify why to use progbuf to access FPRs/CSRs	closed	2024-08-27T16:35:36Z	rtwfroody	2024-08-23T19:28:34Z	2024-08-27T16:35:39Z	Clarification;1.0
riscv-debug-spec	1068	Rewrite B.2.8 paragraph to be more clear.	closed	2024-08-23T20:28:19Z	rtwfroody	2024-08-23T19:32:59Z	2024-08-23T20:28:19Z	Clarification;1.0
riscv-debug-spec	1065	Clarify Memory Access acts like data access.	closed	2024-08-22T18:17:52Z	rtwfroody	2024-08-21T20:54:26Z	2024-08-22T18:17:55Z	Clarification;1.0
riscv-debug-spec	1066	Clarify prv and v reflect privilege and virtualization modes.	closed	2024-08-22T16:12:58Z	rtwfroody	2024-08-21T20:57:55Z	2024-08-22T16:13:02Z	Clarification;1.0
riscv-debug-spec	1064	Mention that the spec addresses Zicsr	closed	2024-08-22T16:07:51Z	rtwfroody	2024-08-21T20:43:56Z	2024-08-22T16:07:54Z	Clarification;1.0
riscv-debug-spec	1046	DM should ignore some bits while abstract command is executing	closed	2024-07-23T16:21:18Z	rtwfroody	2024-06-13T16:05:05Z	2024-07-23T16:23:30Z	
riscv-debug-spec	1040	Clarify the restriction on `dmcontrol` writes  while `abstractcs.busy` is high	closed	en-sc	2024-05-17T09:01:50Z	2024-07-19T17:14:00Z	1.0	
riscv-debug-spec	1055	Clarify that DMI nop does not affect busy/error.	closed	2024-07-16T16:16:52Z	rtwfroody	2024-07-12T16:18:37Z	2024-07-16T16:16:55Z	Clarification;1.0
riscv-debug-spec	1051	Update resume from Debug Mode behavior with Smdbltrp	closed	2024-07-10T19:42:42Z	ved-rivos	2024-07-03T13:38:36Z	2024-07-10T19:42:42Z	Smdbltrp
riscv-debug-spec	1048	Drop `dmcontrol` check before abstract command	closed	2024-06-27T15:48:46Z	en-sc	2024-06-18T09:08:00Z	2024-07-01T07:14:49Z	1.0;Simplification
riscv-debug-spec	1042	Fix for mepc example typo	closed	2024-06-05T17:39:50Z	albert-azcarate	2024-06-05T08:06:41Z	2024-06-07T09:51:44Z	1.0;asciidoc
riscv-debug-spec	1019	Update maskmax6 detection algorithm to always work	closed	2024-06-05T17:36:32Z	rtwfroody	2024-04-25T15:59:26Z	2024-06-05T17:36:36Z	Bug fix;1.0
riscv-debug-spec	971	Convert to asciidoc	closed	2024-02-21T17:50:45Z	rtwfroody	2024-02-15T16:55:06Z	2024-05-21T20:47:04Z	1.0;asciidoc
riscv-debug-spec	973	Fix `hartset` -> {hartsel}	closed	2024-02-24T05:53:06Z	rtwfroody	2024-02-23T16:42:31Z	2024-05-21T20:46:55Z	1.0;asciidoc
riscv-debug-spec	984	Remove Section 4.9: XLEN	closed	2024-03-13T16:24:09Z	rtwfroody	2024-03-12T17:06:35Z	2024-05-21T20:45:38Z	Clarification;1.0
riscv-debug-spec	990	Fix tdata1 having duplicate register diagrams	closed	2024-03-22T16:06:51Z	rtwfroody	2024-03-22T15:42:29Z	2024-05-21T20:45:21Z	1.0;asciidoc
riscv-debug-spec	996	Minor fixes to table layout.	closed	2024-03-28T16:20:33Z	rtwfroody	2024-03-27T17:03:16Z	2024-05-21T20:45:10Z	1.0;asciidoc
riscv-debug-spec	1002	fixed missing hartsel reference when determining HARTSELLEN	closed	2024-04-18T16:37:09Z	stefano-codasip	2024-04-15T11:09:45Z	2024-05-21T20:44:52Z	1.0;asciidoc
riscv-debug-spec	1027	Don't trademark the trigger module	closed	2024-05-02T19:25:14Z	gameboo	2024-05-02T13:03:35Z	2024-05-21T20:44:34Z	1.0;asciidoc
riscv-debug-spec	1001	Fix Action encoding table column width.	closed	2024-04-18T16:39:35Z	rtwfroody	2024-04-12T19:46:16Z	2024-05-21T20:44:14Z	Formatting/Typo;1.0
riscv-debug-spec	1003	dmactive is part of dmcontrol, and debug module version is from dmstatus	closed	2024-04-24T16:07:52Z	stefano-codasip	2024-04-15T11:16:42Z	2024-05-21T20:43:57Z	1.0;asciidoc
riscv-debug-spec	1006	Asciidoc conversion fixes for Sdext	closed	2024-04-18T16:30:17Z	pdonahue-ventana	2024-04-15T18:08:22Z	2024-05-21T20:43:42Z	1.0;asciidoc
riscv-debug-spec	1007	Asciidoc conversion fixes for appendix A	closed	2024-04-18T16:29:24Z	pdonahue-ventana	2024-04-15T18:12:13Z	2024-05-21T20:43:34Z	1.0;asciidoc
riscv-debug-spec	1039	Replace "count" with a reference to 'icount.count'	closed	2024-05-15T16:19:44Z	en-sc	2024-05-14T13:48:11Z	2024-05-17T09:34:30Z	Formatting/Typo;1.0
riscv-debug-spec	1038	Replace single quotes with backticks in `mstatus` reference	closed	2024-05-15T16:18:50Z	en-sc	2024-05-14T13:41:08Z	2024-05-17T09:34:26Z	Formatting/Typo;1.0
riscv-debug-spec	1037	Restore reference to `time`	closed	2024-05-15T16:18:28Z	en-sc	2024-05-14T13:26:36Z	2024-05-17T09:34:23Z	1.0;asciidoc
riscv-debug-spec	1036	Fix references to `sbcs.sbaccess64/128`	closed	2024-05-15T16:16:50Z	en-sc	2024-05-14T13:09:04Z	2024-05-17T09:34:19Z	1.0;asciidoc
riscv-debug-spec	1035	Fix formatting for `mconfigptr`	closed	2024-05-15T16:16:01Z	en-sc	2024-05-14T12:19:30Z	2024-05-17T09:34:16Z	Formatting/Typo;1.0
riscv-debug-spec	1024	Eliminate redundant statement about AMO's stored value availability	closed	2024-05-15T16:27:38Z	en-sc	2024-04-26T16:56:44Z	2024-05-17T09:33:51Z	Clarification;1.0
riscv-debug-spec	1023	Clarify timing support suggestion for a chain of mcontrol load triggers	closed	2024-05-15T16:30:59Z	en-sc	2024-04-26T16:29:00Z	2024-05-17T09:33:48Z	Clarification;1.0
riscv-debug-spec	1030	Restore references to `command.cmdtype` and `tab:cmdtype` table	closed	2024-05-15T16:10:28Z	en-sc	2024-05-14T11:40:54Z	2024-05-17T09:33:46Z	1.0;asciidoc
riscv-debug-spec	1031	Restore reference to `dmstatus.impebreak`	closed	2024-05-15T16:11:57Z	en-sc	2024-05-14T11:51:48Z	2024-05-17T09:33:43Z	1.0;asciidoc
riscv-debug-spec	1032	Fix a typo in [3.12. Security]	closed	2024-05-15T16:13:24Z	en-sc	2024-05-14T12:01:44Z	2024-05-17T09:33:41Z	Formatting/Typo;1.0
riscv-debug-spec	1033	Restore references to `pc` in [3.8. Program Buffer]	closed	2024-05-15T16:15:08Z	en-sc	2024-05-14T12:06:42Z	2024-05-17T09:33:38Z	Formatting/Typo;1.0
riscv-debug-spec	1034	[3.14.6. Abstract Control and Status] make `busy` a reference	closed	2024-05-15T16:15:37Z	en-sc	2024-05-14T12:14:00Z	2024-05-17T09:33:35Z	Formatting/Typo;1.0
riscv-debug-spec	1009	Simplify WARL description for dmode=0 and action=1.	closed	2024-05-15T16:35:13Z	rtwfroody	2024-04-24T16:21:41Z	2024-05-15T16:35:17Z	Clarification;1.0
riscv-debug-spec	988	1.0.0-rc2	closed	2024-05-01T23:19:29Z	rtwfroody	2024-03-21T19:34:20Z	2024-05-01T23:19:31Z	1.0
riscv-debug-spec	998	Add support for Smdbltrp.	closed	2024-05-01T23:19:13Z	rtwfroody	2024-04-01T16:04:32Z	2024-05-01T23:19:16Z	Feature;1.0
riscv-debug-spec	1022	Restore references to `mhartid` in `debug_module.adoc`	closed	2024-04-26T17:18:32Z	en-sc	2024-04-26T16:00:09Z	2024-04-26T17:18:33Z	Formatting/Typo;1.0
riscv-debug-spec	1020	"Native Triggers": Add in mepc/mcause back in.	closed	2024-04-26T17:05:05Z	rtwfroody	2024-04-25T16:03:20Z	2024-04-26T17:05:08Z	Formatting/Typo;1.0
riscv-debug-spec	1012	fix a reference to `mcontrol.store` field	closed	2024-04-25T15:32:04Z	en-sc	2024-04-24T18:55:28Z	2024-04-25T15:32:04Z	Formatting/Typo;1.0
riscv-debug-spec	1010	Remove an extra 'already' in [5.7. Trigger Module Registers]	closed	2024-04-25T15:30:10Z	en-sc	2024-04-24T18:15:28Z	2024-04-25T15:30:10Z	Formatting/Typo;1.0
riscv-debug-spec	1005	Add dcsr.cetrig for Sddbltrp	closed	rtwfroody	2024-04-15T17:00:13Z	2024-04-19T16:41:48Z		
riscv-debug-spec	997	Fix various issues with hyperlinks within the document.	closed	2024-04-01T15:32:39Z	rtwfroody	2024-03-29T16:35:46Z	2024-04-01T15:32:41Z	Formatting/Typo;1.0
riscv-debug-spec	987	Load data before trigger priority was ambiguous.	closed	2024-03-21T19:31:26Z	rtwfroody	2024-03-21T15:32:54Z	2024-03-21T19:31:29Z	Bug fix;1.0
riscv-debug-spec	986	Address https://github.com/riscv/riscv-debug-spec/issues/985	closed	pdonahue-ventana	2024-03-19T20:13:24Z	2024-03-21T16:05:05Z	Bug fix;1.0	
riscv-debug-spec	981	Make the data of the *context registers 32 bits wide.	closed	2024-03-19T16:40:57Z	rtwfroody	2024-03-08T17:41:31Z	2024-03-19T16:41:01Z	Backwards Incompatible Change;Clarification;1.0
riscv-debug-spec	951	Fix contradictory req. for ndmresetpending	closed	2024-03-18T19:53:56Z	JanMatCodasip	2024-01-11T08:18:45Z	2024-03-18T19:53:56Z	Bug fix;1.0
riscv-debug-spec	978	Clarify textra behavior when XLEN changes.	closed	2024-03-13T16:45:56Z	rtwfroody	2024-03-04T17:58:14Z	2024-03-13T16:45:59Z	Clarification;1.0
riscv-debug-spec	982	Fix asciidoc conversion for DXLEN definition.	closed	2024-03-12T16:54:42Z	rtwfroody	2024-03-11T17:12:26Z	2024-03-12T16:54:45Z	1.0;asciidoc
riscv-debug-spec	910	Fix debug_defines make process.	closed	timsifive	2023-11-01T16:29:43Z	2024-03-11T16:52:39Z	codegen	
riscv-debug-spec	979	Fix minor AsciiDoc conversion problem.	closed	2024-03-11T16:50:23Z	pdonahue-ventana	2024-03-06T01:18:27Z	2024-03-11T16:50:23Z	Formatting/Typo;1.0
riscv-debug-spec	968	Dual-license XML files BSD-2-Clause and CC-BY-4.0	closed	2024-03-07T17:58:56Z	rtwfroody	2024-02-13T17:55:29Z	2024-03-07T17:58:58Z	1.0
riscv-debug-spec	977	Ensure a newline at the end of registers description	closed	2024-02-29T20:22:42Z	rtwfroody	2024-02-29T17:39:21Z	2024-02-29T20:22:44Z	Formatting/Typo;1.0
riscv-debug-spec	969	Propagate license to generated files	closed	borneoa	2024-02-14T14:02:33Z	2024-02-21T17:43:20Z		
riscv-debug-spec	970	Fix text overlapping in offsets in register diagrams.	closed	2024-02-14T22:14:13Z	rtwfroody	2024-02-14T22:11:19Z	2024-02-14T22:14:13Z	
riscv-debug-spec	965	Remove stray $ left over from LaTeX.	closed	2024-02-09T17:34:06Z	rtwfroody	2024-02-08T17:15:34Z	2024-02-09T17:34:10Z	
riscv-debug-spec	963	Misc asciidoc fixes.	closed	2024-02-07T18:11:45Z	rtwfroody	2024-02-07T17:59:36Z	2024-02-07T18:53:16Z	
riscv-debug-spec	962	Increase font size in tables and register diagrams.	closed	2024-02-01T20:23:40Z	rtwfroody	2024-02-01T18:01:02Z	2024-02-01T21:37:38Z	
riscv-debug-spec	961	Fix all build warnings.	closed	2024-01-31T18:27:16Z	rtwfroody	2024-01-31T17:56:32Z	2024-01-31T21:15:04Z	
riscv-debug-spec	959	Bring in remaining changes from master	closed	2024-01-26T19:14:13Z	rtwfroody	2024-01-26T19:06:34Z	2024-01-26T19:14:13Z	
riscv-debug-spec	958	Make more space for description in field tables.	closed	2024-01-19T03:04:21Z	rtwfroody	2024-01-19T00:36:13Z	2024-01-19T03:04:21Z	
riscv-debug-spec	953	Change version to 1.0.0-rc1 (frozen); rebuild PDF.	closed	2024-01-17T00:53:19Z	rtwfroody	2024-01-12T18:48:48Z	2024-01-17T00:53:22Z	
riscv-debug-spec	956	Make register fields show up in the index.	closed	2024-01-16T18:51:32Z	rtwfroody	2024-01-16T17:57:12Z	2024-01-16T18:51:32Z	
riscv-debug-spec	955	Clean up remaining LaTeXisms in XML files.	closed	2024-01-16T18:00:31Z	rtwfroody	2024-01-16T17:49:04Z	2024-01-16T18:00:31Z	
riscv-debug-spec	954	Revive `make debug_defines` and `make chisel`	closed	2024-01-12T21:04:04Z	rtwfroody	2024-01-12T20:09:16Z	2024-01-12T21:04:04Z	
riscv-debug-spec	952	Fix resethaltreq references.	closed	2024-01-11T23:57:57Z	rtwfroody	2024-01-11T21:57:06Z	2024-01-11T23:57:57Z	
riscv-debug-spec	950	Remove files unnecessary to build asciidoc.	closed	2024-01-10T17:48:42Z	rtwfroody	2024-01-10T17:43:21Z	2024-01-10T17:48:42Z	
riscv-debug-spec	949	Add empty line before starting bytefields.	closed	2024-01-09T21:35:12Z	rtwfroody	2024-01-09T20:56:27Z	2024-01-09T21:35:12Z	
riscv-debug-spec	948	Fix references to keepalive and hartsel.	closed	2024-01-09T21:34:56Z	rtwfroody	2024-01-09T20:52:22Z	2024-01-09T21:34:56Z	
riscv-debug-spec	947	Don't link to registers that we don't describe.	closed	2024-01-09T18:23:16Z	rtwfroody	2024-01-09T18:19:23Z	2024-01-09T20:30:29Z	
riscv-debug-spec	946	Improve tables listing all registers, and a little more asciidocification	closed	2024-01-05T18:31:01Z	rtwfroody	2024-01-05T17:58:56Z	2024-01-05T18:31:01Z	
riscv-debug-spec	945	Fix a few references in the XML files.	closed	2024-01-04T18:27:25Z	rtwfroody	2024-01-04T18:20:49Z	2024-01-04T18:27:25Z	
riscv-debug-spec	943	Misc XML cleanup	closed	2024-01-03T18:03:23Z	rtwfroody	2024-01-03T17:51:02Z	2024-01-03T18:03:23Z	
riscv-debug-spec	942	Add <diagram> option to <register> entries.	closed	2024-01-02T18:50:44Z	rtwfroody	2024-01-02T18:50:36Z	2024-01-03T04:22:11Z	
riscv-debug-spec	941	Replace LaTeX commentary blocks with [NOTE]	closed	2024-01-02T18:54:01Z	rtwfroody	2024-01-02T18:49:38Z	2024-01-02T18:54:01Z	
riscv-debug-spec	940	Replace LaTeX {steps} inside XML files.	closed	2023-12-29T04:43:17Z	timsifive	2023-12-29T04:39:12Z	2023-12-29T04:43:17Z	
riscv-debug-spec	939	Draw register diagrams using bytefield-svg	closed	2023-12-28T12:30:59Z	timsifive	2023-12-27T23:08:35Z	2023-12-28T12:30:59Z	
riscv-debug-spec	938	Fix some macro uses that my script got wrong.	closed	2023-12-22T20:53:09Z	timsifive	2023-12-22T20:48:57Z	2023-12-22T20:53:09Z	
riscv-debug-spec	937	Bold field access (WARL etc.)	closed	2023-12-22T20:19:06Z	timsifive	2023-12-22T19:44:28Z	2023-12-22T20:19:06Z	
riscv-debug-spec	936	Clean up remaining LaTeX register/field macros.	closed	2023-12-22T17:57:01Z	timsifive	2023-12-22T17:50:34Z	2023-12-22T17:57:01Z	
riscv-debug-spec	935	Add newline to end of "Auto-generated ..."	closed	2023-12-22T16:59:14Z	timsifive	2023-12-22T16:40:18Z	2023-12-22T16:59:14Z	
riscv-debug-spec	934	Convert many LaTeX register/field macros to asciidoc	closed	2023-12-22T15:48:32Z	timsifive	2023-12-21T21:46:28Z	2023-12-22T16:35:10Z	
riscv-debug-spec	933	Improve autogenerated adoc format.	closed	2023-12-21T00:49:10Z	timsifive	2023-12-20T21:35:26Z	2023-12-21T00:49:10Z	
riscv-debug-spec	932	Fix includes, and remove autogenerated files from github.	closed	2023-12-21T00:48:47Z	timsifive	2023-12-20T21:02:57Z	2023-12-21T00:48:47Z	
riscv-debug-spec	931	Also run verify in PR relative to asciidoc.	closed	timsifive	2023-12-20T20:50:37Z	2023-12-20T20:53:51Z		
riscv-debug-spec	928	Call registers.py during build to convert XML to adoc.	closed	2023-12-20T18:21:32Z	timsifive	2023-12-19T22:17:51Z	2023-12-20T18:21:33Z	
riscv-debug-spec	927	Update verify.yml	closed	2023-12-19T20:40:05Z	rpsene	2023-12-19T20:39:13Z	2023-12-19T20:40:05Z	
riscv-debug-spec	926	Fix asciidoc build within the build directory	closed	2023-12-19T20:21:42Z	rpsene	2023-12-19T20:16:54Z	2023-12-19T20:21:42Z	
riscv-debug-spec	925	Add --adoc to registers.py.	closed	2023-12-19T12:10:39Z	timsifive	2023-12-18T21:36:02Z	2023-12-19T12:10:39Z	asciidoc
riscv-debug-spec	919	Don't allow tdata2 to be smaller for address matches.	closed	timsifive	2023-12-04T23:30:33Z	2023-12-07T20:02:56Z	Backwards Incompatible Change	
riscv-debug-spec	911	Invalid addresses might not match.	closed	2023-12-07T20:02:34Z	timsifive	2023-11-03T21:34:02Z	2023-12-07T20:02:38Z	Clarification;1.0
riscv-debug-spec	922	tools: Remove unnecessary parens.	closed	2023-12-07T16:59:00Z	timsifive	2023-12-07T00:13:00Z	2023-12-07T16:59:03Z	codegen
riscv-debug-spec	920	CSR reset values apply to underlying triggers.	closed	2023-12-05T20:04:53Z	timsifive	2023-12-05T17:19:30Z	2023-12-05T20:04:56Z	
riscv-debug-spec	918	Trigger CSRs provide access to underlying triggers.	closed	2023-12-04T23:10:05Z	timsifive	2023-12-04T20:53:54Z	2023-12-04T23:10:08Z	Clarification;1.0
riscv-debug-spec	917	Refer to "trigger registers" as "Trigger Module Registers"	closed	2023-12-04T20:48:43Z	timsifive	2023-12-01T21:32:12Z	2023-12-04T20:48:46Z	Clarification;1.0
riscv-debug-spec	916	uncertain is updated when trigger fires.	closed	2023-11-30T16:47:44Z	timsifive	2023-11-29T17:49:39Z	2023-11-30T16:47:47Z	Bug fix;1.0
riscv-debug-spec	912	SYncing with master	closed	2023-11-20T14:55:56Z	wmat	2023-11-20T14:55:22Z	2023-11-20T14:55:57Z	
riscv-debug-spec	909	Make register dump output more concise.	closed	2023-11-07T17:58:09Z	timsifive	2023-10-30T19:32:36Z	2023-11-07T17:58:09Z	codegen
riscv-debug-spec	902	Fix macro generation	closed	2023-10-23T18:21:53Z	kr-sc	2023-10-10T16:36:35Z	2023-11-01T21:22:48Z	codegen
riscv-debug-spec	908	The last field of a register was not printed	closed	2023-10-25T16:02:46Z	en-sc	2023-10-20T14:55:35Z	2023-10-25T16:02:47Z	codegen
riscv-debug-spec	906	AR: Comment itrigger limited to 32 ints if XLEN=32	closed	2023-10-19T18:26:55Z	timsifive	2023-10-18T20:06:55Z	2023-10-19T18:27:00Z	Clarification;1.0
riscv-debug-spec	907	AR: Comment etrigger limited to 32 exceptions if XLEN=32	closed	2023-10-19T15:04:17Z	timsifive	2023-10-18T20:35:21Z	2023-10-19T15:04:20Z	Clarification;1.0
riscv-debug-spec	903	AR: Clarify itrigger and trigger number translation	closed	2023-10-12T19:59:10Z	timsifive	2023-10-11T18:19:45Z	2023-10-12T19:59:25Z	Clarification;1.0
riscv-debug-spec	901	AR: Clarify itrigger behavior.	closed	2023-10-10T16:04:47Z	timsifive	2023-10-09T16:37:52Z	2023-10-10T16:04:50Z	Clarification;1.0
riscv-debug-spec	900	Add people with git PRs to credits.	closed	2023-10-06T16:50:09Z	timsifive	2023-10-05T20:10:30Z	2023-10-06T16:50:12Z	
riscv-debug-spec	897	AR: Update priority table from latest privspec	closed	2023-10-06T16:48:23Z	timsifive	2023-10-03T17:19:37Z	2023-10-06T16:48:26Z	
riscv-debug-spec	883	AR: Define mcontrol* triggers and multiple accesses	closed	2023-10-04T16:29:45Z	timsifive	2023-09-22T18:58:04Z	2023-10-05T15:41:30Z	Clarification;1.0
riscv-debug-spec	899	AR: Clarify triggers and multiple state changes	closed	2023-10-04T19:23:52Z	timsifive	2023-10-04T17:00:42Z	2023-10-04T19:23:56Z	
riscv-debug-spec	898	AR: Clarify what tmexttrigger.intctl is for	closed	2023-10-04T14:58:58Z	timsifive	2023-10-03T17:43:09Z	2023-10-04T14:59:02Z	
riscv-debug-spec	896	AR: Clarify why icount matches on every trap.	closed	2023-10-03T19:52:47Z	timsifive	2023-10-02T19:58:47Z	2023-10-03T19:52:54Z	
riscv-debug-spec	895	AR: Clarify section/chapter in Sdext.	closed	2023-10-02T19:27:46Z	timsifive	2023-10-02T16:05:25Z	2023-10-02T19:27:49Z	
riscv-debug-spec	887	Clean up Makefile a little	closed	2023-09-28T21:48:27Z	timsifive	2023-09-28T20:19:21Z	2023-09-28T21:48:30Z	1.0+
riscv-debug-spec	880	AR: tcontrol.mie applies to all traps, not just breakpoints	closed	2023-09-28T21:43:24Z	timsifive	2023-09-19T23:46:45Z	2023-09-28T21:43:27Z	Bug fix;1.0
riscv-debug-spec	878	AR: Remove Message Registers.	closed	2023-09-28T21:41:30Z	timsifive	2023-09-18T16:41:33Z	2023-09-28T21:41:34Z	Backwards Incompatible Change;1.0
riscv-debug-spec	882	AR: Clarify mcontext/hcontext.	closed	2023-09-28T20:53:41Z	timsifive	2023-09-20T23:47:10Z	2023-09-28T20:53:41Z	Clarification;1.0
riscv-debug-spec	879	AR: Clarify unimplemented Sdtrig.	closed	2023-09-28T20:03:14Z	timsifive	2023-09-18T19:05:48Z	2023-09-28T20:03:19Z	Clarification;1.0
riscv-debug-spec	885	dscratch[01] are DXLEN bits wide.	closed	2023-09-28T18:08:02Z	timsifive	2023-09-26T18:35:36Z	2023-09-28T18:08:05Z	Clarification;1.0
riscv-debug-spec	881	AR: List which extensions were considered.	closed	2023-09-28T15:33:30Z	timsifive	2023-09-20T19:58:34Z	2023-09-28T15:33:33Z	Clarification;1.0
riscv-debug-spec	886	Fix debugger examples: use transfer with write	closed	2023-09-28T15:30:32Z	timsifive	2023-09-26T18:46:23Z	2023-09-28T15:30:35Z	Bug fix;1.0
riscv-debug-spec	535	Add scontext2 alias for scontext	closed	2020-09-03T19:15:07Z	ernie-sifive	2020-07-25T20:39:36Z	2023-09-19T22:25:25Z	Feature
riscv-debug-spec	876	Address review comments on `debug_defines.h`	closed	2023-09-19T16:04:11Z	en-sc	2023-09-16T09:55:55Z	2023-09-19T16:04:11Z	
riscv-debug-spec	723	mte/mpte apply only to breakpoint traps	closed	2022-05-11T14:00:53Z	timsifive	2022-04-26T20:03:39Z	2023-09-18T20:19:38Z	Backwards Incompatible Change
riscv-debug-spec	875	AR: Clarify what debuggers can assume about MRs	closed	2023-09-14T18:08:29Z	timsifive	2023-09-14T16:16:35Z	2023-09-14T18:08:32Z	
riscv-debug-spec	874	AR: Remove comment about privspec/CSR behavior	closed	2023-09-14T18:08:11Z	timsifive	2023-09-14T16:00:19Z	2023-09-14T18:08:16Z	
riscv-debug-spec	870	AR: Comment on unimplemented CSR behavior.	closed	2023-09-12T00:10:37Z	timsifive	2023-08-22T19:05:12Z	2023-09-12T00:11:45Z	1.0
riscv-debug-spec	866	Recommend debug ROM is not cached.	closed	2023-09-11T19:51:35Z	timsifive	2023-08-15T21:04:50Z	2023-09-11T19:51:58Z	Clarification;1.0
riscv-debug-spec	858	Add register printers to debug_defines.h	closed	2023-09-11T16:42:18Z	en-sc	2023-07-19T17:58:31Z	2023-09-11T16:42:18Z	
riscv-server-soc	156	Bump docs-resources from `1bb6392` to `0904c8a`	closed	dependabot[bot]	2026-04-02T03:46:43Z	2026-04-28T02:02:58Z	dependencies;submodules	
riscv-server-soc	158	Bump docs-resources from `1bb6392` to `47257de`	open	dependabot[bot]	2026-04-28T02:02:54Z	2026-04-28T02:02:54Z	dependencies;submodules	
riscv-server-soc	157	Fix typos, formatting issues across spec docs	open	ixgbe	2026-04-03T05:14:45Z	2026-04-03T08:54:45Z		
riscv-server-soc	155	Bump docs-resources from `1bb6392` to `a88e6af`	closed	dependabot[bot]	2026-03-31T23:23:13Z	2026-04-02T03:46:46Z	dependencies;submodules	
riscv-server-soc	154	Bump docs-resources from `1bb6392` to `ed7a9df`	closed	dependabot[bot]	2026-03-27T23:23:25Z	2026-03-31T23:23:17Z	dependencies;submodules	
riscv-server-soc	153	Bump docs-resources from `1bb6392` to `78567fd`	closed	dependabot[bot]	2026-03-26T23:23:15Z	2026-03-27T23:23:29Z	dependencies;submodules	
riscv-server-soc	152	Bump docs-resources from `1bb6392` to `29879cc`	closed	dependabot[bot]	2026-03-25T23:23:29Z	2026-03-26T23:23:20Z	dependencies;submodules	
riscv-server-soc	151	Bump docs-resources from `1bb6392` to `7d8a94b`	closed	dependabot[bot]	2026-03-24T23:23:16Z	2026-03-25T23:23:33Z	dependencies;submodules	
riscv-server-soc	150	Bump docs-resources from `1bb6392` to `b387152`	closed	dependabot[bot]	2026-03-19T23:23:24Z	2026-03-24T23:23:19Z	dependencies;submodules	
riscv-server-soc	149	Bump docs-resources from `1bb6392` to `f0caa68`	closed	dependabot[bot]	2026-03-17T23:23:21Z	2026-03-19T23:23:28Z	dependencies;submodules	
riscv-server-soc	148	Bump docs-resources from `1bb6392` to `a73e1bd`	closed	dependabot[bot]	2026-03-16T23:28:43Z	2026-03-17T23:23:25Z	dependencies;submodules	
riscv-server-soc	147	Bump docs-resources from `1bb6392` to `1108f25`	closed	dependabot[bot]	2026-03-12T23:23:32Z	2026-03-16T23:28:46Z	dependencies;submodules	
riscv-server-soc	145	Bump docs-resources from `b024d67` to `1bb6392`	closed	2026-03-12T12:40:33Z	dependabot[bot]	2026-03-11T23:23:35Z	2026-03-12T12:40:42Z	dependencies;submodules
riscv-server-soc	144	Bump docs-resources from `b024d67` to `394d032`	closed	dependabot[bot]	2026-03-10T23:23:38Z	2026-03-11T23:23:39Z	dependencies;submodules	
riscv-server-soc	143	Bump docs-resources from `b024d67` to `d245338`	closed	dependabot[bot]	2026-03-09T23:31:23Z	2026-03-10T23:23:42Z	dependencies;submodules	
riscv-server-soc	141	Update GitHub Actions to requested versions	closed	2026-03-10T14:21:49Z	rpsene	2026-03-06T22:08:57Z	2026-03-10T14:21:50Z	
riscv-server-soc	142	Bump docs-resources from `b024d67` to `f756855`	closed	dependabot[bot]	2026-03-06T23:23:25Z	2026-03-09T23:31:27Z	dependencies;submodules	
riscv-server-soc	140	Use ghcr.io/riscv/riscv-docs-base-container-image:latest	closed	2026-03-06T18:34:59Z	rpsene	2026-03-06T16:59:14Z	2026-03-06T18:35:00Z	
riscv-server-soc	139	Bump docs-resources from `b5eaf50` to `b024d67`	closed	2026-03-04T16:36:28Z	dependabot[bot]	2026-02-26T23:23:40Z	2026-03-04T16:36:36Z	dependencies;submodules
riscv-server-soc	138	Bump docs-resources from `b5eaf50` to `9069637`	closed	dependabot[bot]	2026-02-20T23:23:38Z	2026-02-26T23:23:43Z	dependencies;submodules	
riscv-server-soc	137	Bump docs-resources from `b5eaf50` to `1666258`	closed	dependabot[bot]	2026-02-18T23:23:32Z	2026-02-20T23:23:42Z	dependencies;submodules	
riscv-server-soc	136	Bump docs-resources from `b5eaf50` to `203db26`	closed	dependabot[bot]	2026-02-17T23:24:15Z	2026-02-18T23:23:37Z	dependencies;submodules	
riscv-server-soc	135	Bump docs-resources from `b5eaf50` to `c066d8f`	closed	dependabot[bot]	2026-02-16T23:24:56Z	2026-02-17T23:24:20Z	dependencies;submodules	
riscv-server-soc	134	Bump docs-resources from `b5eaf50` to `40aed03`	closed	dependabot[bot]	2026-02-10T01:36:53Z	2026-02-16T23:25:00Z	dependencies;submodules	
riscv-server-soc	133	Bump docs-resources from `b5eaf50` to `b5f53ec`	closed	dependabot[bot]	2026-02-06T23:23:38Z	2026-02-10T01:36:56Z	dependencies;submodules	
riscv-server-soc	132	Bump docs-resources from `b5eaf50` to `7a9931f`	closed	dependabot[bot]	2026-02-05T23:23:50Z	2026-02-06T23:23:42Z	dependencies;submodules	
riscv-server-soc	131	Bump docs-resources from `b5eaf50` to `be002f1`	closed	dependabot[bot]	2026-01-30T23:23:27Z	2026-02-05T23:23:55Z	dependencies;submodules	
riscv-server-soc	90	[WIP] Move ACPI firmware tests to the Server Platform Test specification	open	paul-walmsley-sifive	2025-10-07T17:16:49Z	2026-01-13T15:44:31Z		
riscv-server-soc	129	Bump docs-resources from `d644eb9` to `b5eaf50`	closed	2026-01-13T15:40:59Z	dependabot[bot]	2025-12-29T23:12:29Z	2026-01-13T15:41:08Z	dependencies;submodules
riscv-server-soc	128	Bump docs-resources from `d644eb9` to `edf32fb`	closed	dependabot[bot]	2025-12-18T23:11:28Z	2025-12-29T23:12:32Z	dependencies;submodules	
riscv-server-soc	127	Bump docs-resources from `d644eb9` to `8789870`	closed	dependabot[bot]	2025-12-17T23:12:43Z	2025-12-18T23:11:32Z	dependencies;submodules	
riscv-server-soc	126	Add missing fow for ME_ECM_070_010	closed	2025-12-16T20:27:05Z	ved-rivos	2025-12-16T20:26:35Z	2025-12-16T20:27:05Z	
riscv-server-soc	125	Add missing row for ME_ECM_070_010	closed	ved-rivos	2025-12-16T20:26:15Z	2025-12-16T20:26:47Z		
riscv-server-soc	110	Use generic term - system information table - instead of ACPI	closed	2025-12-16T20:19:11Z	ved-rivos	2025-11-18T15:35:15Z	2025-12-16T20:19:11Z	
riscv-server-soc	124	Bump docs-resources from `d631f07` to `d644eb9`	closed	2025-12-15T21:05:22Z	dependabot[bot]	2025-12-11T23:14:59Z	2025-12-15T21:05:29Z	dependencies;submodules
riscv-server-soc	121	Server SoC II - Enhanced System Firmware Intermediary	closed	2025-12-15T21:05:08Z	ved-rivos	2025-12-09T00:41:29Z	2025-12-15T21:05:08Z	
riscv-server-soc	123	Bump docs-resources from `d631f07` to `75d6a61`	closed	dependabot[bot]	2025-12-10T23:10:22Z	2025-12-11T23:15:04Z	dependencies;submodules	
riscv-server-soc	122	Bump docs-resources from `d631f07` to `eefda19`	closed	dependabot[bot]	2025-12-09T23:14:08Z	2025-12-10T23:10:27Z	dependencies;submodules	
riscv-server-soc	118	[RFC] Remove load-acquire semantic from MSI	closed	guoren83	2025-12-08T04:21:52Z	2025-12-09T13:43:14Z		
riscv-server-soc	119	Bump docs-resources from `22a17b0` to `d631f07`	closed	2025-12-09T00:32:43Z	dependabot[bot]	2025-12-08T23:13:14Z	2025-12-09T00:32:51Z	dependencies;submodules
riscv-server-soc	120	Clarification updates to Server SoC Specification v20250221	open	ved-rivos	2025-12-09T00:32:22Z	2026-01-13T18:23:41Z		
riscv-server-soc	117	Bump docs-resources from `22a17b0` to `8bd1a63`	closed	dependabot[bot]	2025-12-04T23:11:11Z	2025-12-08T23:13:18Z	dependencies;submodules	
riscv-server-soc	116	Bump docs-resources from `22a17b0` to `8bda051`	closed	dependabot[bot]	2025-12-03T23:13:58Z	2025-12-04T23:11:15Z	dependencies;submodules	
riscv-server-soc	115	Bump docs-resources from `22a17b0` to `80ef127`	closed	dependabot[bot]	2025-12-02T23:11:36Z	2025-12-03T23:14:03Z	dependencies;submodules	
riscv-server-soc	114	Bump docs-resources from `22a17b0` to `116d24e`	closed	dependabot[bot]	2025-12-02T03:29:43Z	2025-12-02T23:11:40Z	dependencies;submodules	
riscv-server-soc	113	Bump docs-resources from `8e51e9f` to `22a17b0`	closed	2025-12-01T18:13:38Z	dependabot[bot]	2025-11-27T23:10:43Z	2025-12-01T18:13:45Z	dependencies;submodules
riscv-server-soc	112	Bump docs-resources from `8e51e9f` to `49eff17`	closed	dependabot[bot]	2025-11-21T23:12:34Z	2025-11-27T23:10:46Z	dependencies;submodules	
riscv-server-soc	111	Bump docs-resources from `8e51e9f` to `1660fd9`	closed	dependabot[bot]	2025-11-18T23:27:33Z	2025-11-21T23:12:38Z	dependencies;submodules	
riscv-server-soc	109	Bump docs-resources from `098f02b` to `8e51e9f`	closed	2025-11-18T19:35:35Z	dependabot[bot]	2025-11-13T23:12:53Z	2025-11-18T19:35:42Z	dependencies;submodules
riscv-server-soc	108	Bump docs-resources from `098f02b` to `707d21c`	closed	dependabot[bot]	2025-11-12T23:14:34Z	2025-11-13T23:12:58Z	dependencies;submodules	
riscv-server-soc	107	Bump docs-resources from `75c71b5` to `098f02b`	closed	2025-11-11T00:21:34Z	dependabot[bot]	2025-11-10T23:51:05Z	2025-11-11T00:21:43Z	dependencies;submodules
riscv-server-soc	106	Bump docs-resources from `75c71b5` to `40844de`	closed	dependabot[bot]	2025-11-10T23:14:14Z	2025-11-10T23:51:08Z	dependencies;submodules	
riscv-server-soc	105	Bump docs-resources from `75c71b5` to `7f7f63a`	closed	dependabot[bot]	2025-11-07T23:12:23Z	2025-11-10T23:14:19Z	dependencies;submodules	
riscv-server-soc	104	Bump docs-resources from `75c71b5` to `93422ee`	closed	dependabot[bot]	2025-11-06T23:14:19Z	2025-11-07T23:12:27Z	dependencies;submodules	
riscv-server-soc	103	Bump docs-resources from `8b88469` to `75c71b5`	closed	2025-11-03T23:22:45Z	dependabot[bot]	2025-11-03T23:21:29Z	2025-11-03T23:22:53Z	dependencies;submodules
riscv-server-soc	96	Server SoC II - Add additional IOMMU integration rules	closed	2025-10-29T16:26:15Z	ved-rivos	2025-10-14T14:00:20Z	2025-10-29T16:26:15Z	ServerSoCII
riscv-server-soc	95	Server SoC II - PCIe Integration Rules	closed	2025-10-29T16:25:58Z	ved-rivos	2025-10-14T13:35:36Z	2025-10-29T16:25:58Z	ServerSoCII
riscv-server-soc	102	Bump docs-resources from `4b6af80` to `8b88469`	closed	2025-10-29T16:25:30Z	dependabot[bot]	2025-10-28T23:14:03Z	2025-10-29T16:25:39Z	dependencies;submodules
riscv-server-soc	101	Bump docs-resources from `4b6af80` to `07ae7be`	closed	dependabot[bot]	2025-10-27T23:41:28Z	2025-10-28T23:14:07Z	dependencies;submodules	
riscv-server-soc	100	Bump docs-resources from `2f436fa` to `4b6af80`	closed	2025-10-18T22:19:27Z	dependabot[bot]	2025-10-17T23:12:24Z	2025-10-18T22:19:34Z	dependencies;submodules
riscv-server-soc	99	Bump docs-resources from `d71e312` to `2f436fa`	closed	2025-10-17T00:29:39Z	dependabot[bot]	2025-10-16T23:16:00Z	2025-10-17T00:29:46Z	dependencies;submodules
riscv-server-soc	98	Bump docs-resources from `d71e312` to `4bf7840`	closed	dependabot[bot]	2025-10-15T23:18:46Z	2025-10-16T23:16:04Z	dependencies;submodules	
riscv-server-soc	93	Bump docs-resources from `c90c0bf` to `d71e312`	closed	2025-10-15T11:55:41Z	dependabot[bot]	2025-10-13T23:15:40Z	2025-10-15T11:55:49Z	dependencies;submodules
riscv-server-soc	1	Initial Version converted from gdoc	closed	2023-08-13T21:06:03Z	ved-rivos	2023-08-06T20:56:48Z	2025-10-14T12:21:11Z	
riscv-server-soc	2	fixing typos and formatting issues and updated terms/definitions	closed	2023-08-14T17:19:14Z	ved-rivos	2023-08-14T16:54:40Z	2025-10-14T12:20:57Z	
riscv-server-soc	3	Updates from TG meeting - 08162023	closed	2023-08-18T14:55:05Z	ved-rivos	2023-08-16T19:44:24Z	2025-10-14T12:20:55Z	
riscv-server-soc	6	updates from TG discussion - 08/23	closed	2023-08-27T20:56:36Z	ved-rivos	2023-08-25T22:55:29Z	2025-10-14T12:20:53Z	
riscv-server-soc	7	editorial updates	closed	2023-08-27T21:39:04Z	ved-rivos	2023-08-27T21:38:58Z	2025-10-14T12:20:52Z	
riscv-server-soc	8	editorial updates	closed	2023-08-27T22:25:06Z	ved-rivos	2023-08-27T22:25:01Z	2025-10-14T12:20:38Z	
riscv-server-soc	10	editorial updates	closed	2023-08-28T15:21:33Z	ved-rivos	2023-08-28T15:21:25Z	2025-10-14T12:20:37Z	
riscv-server-soc	11	updates from TG discussion - 0830	closed	2023-09-01T18:00:19Z	ved-rivos	2023-08-30T16:20:09Z	2025-10-14T12:20:35Z	
riscv-server-soc	17	Port configuration retained on DL_Down	closed	2023-11-15T15:04:06Z	ved-rivos	2023-11-13T21:00:36Z	2025-10-14T12:20:34Z	
riscv-server-soc	18	Initial checkin of test specification	closed	2023-11-17T18:06:48Z	ved-rivos	2023-11-15T15:03:56Z	2025-10-14T12:20:32Z	
riscv-server-soc	26	Updates and clarifications	closed	2023-12-10T19:08:51Z	ved-rivos	2023-12-06T21:37:39Z	2025-10-14T12:20:31Z	
riscv-server-soc	27	Remove non OS visible requirements	closed	2023-12-14T14:54:59Z	ved-rivos	2023-12-13T22:21:31Z	2025-10-14T12:20:30Z	
riscv-server-soc	30	Add references to platform, BRS, and security model	closed	2024-02-01T21:16:55Z	ved-rivos	2024-01-29T21:41:22Z	2025-10-14T12:20:28Z	
riscv-server-soc	31	Editorial updates	closed	2024-02-04T00:28:22Z	ved-rivos	2024-02-04T00:27:17Z	2025-10-14T12:20:26Z	
riscv-server-soc	35	Member review updates	closed	2024-03-02T00:16:39Z	ved-rivos	2024-02-08T15:25:53Z	2025-10-14T12:20:25Z	
riscv-server-soc	40	Editorial updates + add IOM_300 and IOM_310 functional requirements	closed	2024-04-09T16:15:14Z	ved-rivos	2024-04-01T19:09:01Z	2025-10-14T12:20:23Z	
riscv-server-soc	41	Editorial/Formatting updates	closed	2024-04-10T15:25:47Z	ved-rivos	2024-04-10T14:42:14Z	2025-10-14T12:20:21Z	
riscv-server-soc	42	Updates to address architecture review feedback	closed	2024-06-04T13:32:48Z	ved-rivos	2024-05-24T17:31:40Z	2025-10-14T12:20:19Z	
riscv-server-soc	44	Update IOM_020 non-normative text on number of IOMMU	closed	2024-06-04T13:33:02Z	ved-rivos	2024-06-04T13:30:42Z	2025-10-14T12:20:18Z	
riscv-server-soc	49	Address ARC feedback	closed	2024-07-28T17:39:28Z	ved-rivos	2024-07-26T00:37:40Z	2025-10-14T12:20:16Z	
riscv-server-soc	50	Address additional ARC feedback	closed	2024-07-28T18:27:19Z	ved-rivos	2024-07-28T18:12:38Z	2025-10-14T12:20:15Z	
riscv-server-soc	51	update significant cache definition	closed	2024-08-09T15:50:20Z	ved-rivos	2024-08-08T19:17:56Z	2025-10-14T12:20:14Z	
riscv-server-soc	54	Update to Frozen; reword requirements as rules	closed	2024-10-15T16:19:07Z	ved-rivos	2024-10-15T16:18:59Z	2025-10-14T12:20:13Z	
riscv-server-soc	60	Address public review feedback	closed	2025-01-05T09:46:36Z	ved-rivos	2024-12-15T18:09:59Z	2025-10-14T12:20:12Z	
riscv-server-soc	63	Add missing channel 0 qualifier	closed	2025-01-20T23:53:37Z	ved-rivos	2025-01-20T23:53:24Z	2025-10-14T12:20:07Z	
riscv-server-soc	67	Update to Ratified state	closed	2025-02-20T19:33:06Z	ved-rivos	2025-02-20T17:45:26Z	2025-10-14T12:20:05Z	
riscv-server-soc	68	fix formating	closed	2025-02-20T20:14:10Z	ved-rivos	2025-02-20T20:14:01Z	2025-10-14T12:20:02Z	
riscv-server-soc	70	format fixes	closed	2025-02-21T18:22:24Z	ved-rivos	2025-02-21T18:22:16Z	2025-10-14T12:20:01Z	
riscv-server-soc	92	Bump docs-resources from `c90c0bf` to `6862903`	closed	dependabot[bot]	2025-10-10T23:11:21Z	2025-10-13T23:15:44Z	dependencies;submodules	
riscv-server-soc	88	Bump docs-resources from `6ef1a1f` to `c90c0bf`	closed	2025-10-07T13:50:00Z	dependabot[bot]	2025-10-01T23:13:49Z	2025-10-07T13:50:07Z	dependencies;submodules
riscv-server-soc	87	Bump docs-resources from `6ef1a1f` to `ff1e5eb`	closed	dependabot[bot]	2025-09-30T23:14:42Z	2025-10-01T23:13:53Z	dependencies;submodules	
riscv-server-soc	86	Bump docs-resources from `6124035` to `6ef1a1f`	closed	2025-09-17T23:15:46Z	dependabot[bot]	2025-09-17T23:11:23Z	2025-09-17T23:15:54Z	dependencies;submodules
riscv-server-soc	85	Bump docs-resources from `c71d56b` to `6124035`	closed	2025-09-11T23:47:17Z	dependabot[bot]	2025-09-11T23:13:27Z	2025-09-11T23:47:24Z	dependencies;submodules
riscv-server-soc	84	Bump docs-resources from `1fb9a74` to `c71d56b`	closed	2025-09-10T23:26:01Z	dependabot[bot]	2025-09-10T23:12:01Z	2025-09-10T23:26:08Z	dependencies;submodules
riscv-server-soc	83	Bump docs-resources from `3a40e07` to `1fb9a74`	closed	2025-09-09T23:30:23Z	dependabot[bot]	2025-09-09T23:11:44Z	2025-09-09T23:30:32Z	dependencies;submodules
riscv-server-soc	82	Bump docs-resources from `3a40e07` to `d7974ea`	closed	dependabot[bot]	2025-09-04T07:21:07Z	2025-09-09T23:11:47Z	dependencies;submodules	
riscv-server-soc	81	Bump docs-resources from `3a40e07` to `48beddb`	closed	dependabot[bot]	2025-09-03T21:37:15Z	2025-09-04T07:21:10Z	dependencies;submodules	
riscv-server-soc	79	Bump docs-resources from `45d29d9` to `3a40e07`	closed	2025-07-24T00:12:28Z	dependabot[bot]	2025-07-24T00:10:12Z	2025-07-24T00:12:36Z	dependencies;submodules
riscv-server-soc	78	Bump docs-resources from `1d5bcd2` to `45d29d9`	closed	2025-07-21T14:17:52Z	dependabot[bot]	2025-07-17T23:34:44Z	2025-07-21T14:18:00Z	dependencies;submodules
riscv-server-soc	77	Bump docs-resources from `1d5bcd2` to `ab24eec`	closed	dependabot[bot]	2025-07-08T23:59:45Z	2025-07-17T23:34:47Z	dependencies;submodules	
riscv-server-soc	75	Bump docs-resources from `1d5bcd2` to `f38f756`	closed	dependabot[bot]	2025-06-17T00:55:46Z	2025-07-08T23:59:49Z	dependencies;submodules	
riscv-server-soc	74	Bump docs-resources from `1d5bcd2` to `7558472`	closed	dependabot[bot]	2025-05-08T23:57:52Z	2025-06-17T00:55:49Z	dependencies;submodules	
riscv-server-soc	69	DOT NOT MERGE	closed	rpsene	2025-02-20T20:31:59Z	2025-02-21T10:58:16Z		
riscv-server-soc	66	Bump docs-resources from `62576cd` to `1d5bcd2`	closed	2025-02-19T14:26:46Z	dependabot[bot]	2025-02-19T03:50:22Z	2025-02-19T14:26:55Z	dependencies
riscv-server-soc	61	Bump docs-resources from `a76dd1d` to `62576cd`	closed	2024-12-18T00:18:46Z	dependabot[bot]	2024-12-17T23:57:00Z	2024-12-18T00:18:53Z	dependencies
riscv-server-soc	59	Bump docs-resources from `1456c0d` to `a76dd1d`	closed	2024-12-15T18:01:54Z	dependabot[bot]	2024-12-11T00:08:23Z	2024-12-15T18:02:02Z	dependencies
riscv-server-soc	57	Bump docs-resources from `07b9904` to `1456c0d`	closed	2024-12-10T15:20:34Z	dependabot[bot]	2024-12-10T15:14:17Z	2024-12-10T15:20:43Z	dependencies
riscv-server-soc	56	add dependabot to create PR to update the submodules to latest	closed	2024-12-10T15:13:31Z	ghost	2024-12-10T03:59:13Z	2024-12-10T15:13:31Z	
riscv-server-soc	53	Bumping submodule version forward	closed	2024-09-16T14:24:37Z	wmat	2024-09-16T14:19:48Z	2024-09-16T14:24:37Z	
riscv-server-soc	39	Fix SHOULD in SEC_040	closed	2024-03-27T20:28:46Z	andreabolognani	2024-03-27T19:31:39Z	2024-03-27T21:42:28Z	
riscv-server-soc	34	Pull in refactored Makefile from docs-spec-template	closed	2024-02-07T00:26:39Z	ghost	2024-02-07T00:23:29Z	2024-02-07T00:26:39Z	
riscv-server-soc	32	refactor spec to match current spec-template (no content changes)	closed	2024-02-05T20:47:14Z	ghost	2024-02-05T19:06:31Z	2024-02-05T20:56:46Z	
riscv-server-soc	28	Update test specification with additional tests	closed	2024-01-01T15:44:55Z	ved-rivos	2023-12-17T22:21:21Z	2024-01-01T15:44:55Z	
riscv-server-soc	15	Fix two typoes	closed	2023-11-07T19:12:55Z	ShawnLess	2023-11-07T06:39:59Z	2023-11-07T19:12:55Z	
riscv-server-soc	14	add 16550 UART requirement	closed	2023-10-24T20:44:54Z	ved-rivos	2023-10-18T13:26:17Z	2023-10-24T20:44:54Z	
riscv-server-soc	9	editorial updates	closed	2023-08-27T22:41:04Z	ved-rivos	2023-08-27T22:40:50Z	2023-08-27T22:41:05Z	
riscv-server-soc	5	PR#3 minor fixups	closed	2023-08-18T17:10:12Z	jones-drew	2023-08-18T16:34:01Z	2023-08-18T17:10:12Z	
riscv-server-soc	4	Cleanup collection	closed	2023-08-17T16:17:59Z	jones-drew	2023-08-17T12:37:53Z	2023-08-17T16:17:59Z	
riscv-server-platform	105	Update GitHub Actions to requested versions	closed	2026-03-10T14:17:34Z	rpsene	2026-03-06T22:08:50Z	2026-03-10T14:17:35Z	
riscv-server-platform	104	Use ghcr.io/riscv/riscv-docs-base-container-image:latest	closed	2026-03-06T18:34:42Z	rpsene	2026-03-06T16:59:07Z	2026-03-06T18:34:43Z	
riscv-server-platform	98	[WIP] Move some Server SoC ACPI validation tests to Server Platform	open	paul-walmsley-sifive	2025-10-07T17:08:37Z	2026-01-08T22:47:35Z		
riscv-server-platform	101	ARC feedback	closed	2025-12-01T22:23:33Z	jones-drew	2025-11-17T15:52:34Z	2025-12-01T22:49:18Z	
riscv-server-platform	102	Initial changes for issue 100	closed	2025-12-01T22:24:09Z	jones-drew	2025-11-24T21:00:14Z	2025-12-01T22:49:17Z	
riscv-server-platform	103	Addition comments/clarifications to SEC_010 and SEC_100	closed	2025-12-01T22:24:29Z	ved-rivos	2025-12-01T15:09:56Z	2025-12-01T22:24:29Z	
riscv-server-platform	72	Mandate SBI DBTR	closed	2025-06-26T12:42:05Z	jones-drew	2025-06-16T13:02:21Z	2025-09-30T20:06:13Z	
riscv-server-platform	79	Required option ROMs must be RISC-V RVA20+	closed	2025-07-10T14:57:37Z	jones-drew	2025-07-09T09:36:21Z	2025-09-30T20:05:29Z	
riscv-server-platform	82	RISC-V option ROMs only should be supported	closed	2025-07-29T11:50:59Z	jones-drew	2025-07-18T15:10:29Z	2025-09-30T20:04:50Z	
riscv-server-platform	86	Clarify SEC_060	closed	2025-08-26T00:34:28Z	jones-drew	2025-08-20T16:54:07Z	2025-09-30T20:04:06Z	
riscv-server-platform	94	Reduce extension mandates	closed	2025-09-10T16:53:28Z	jones-drew	2025-09-05T16:51:54Z	2025-09-30T20:03:21Z	
riscv-server-platform	97	Fix list format for SEC_020	closed	2025-09-30T19:39:49Z	ved-rivos	2025-09-30T18:58:47Z	2025-09-30T19:39:49Z	
riscv-server-platform	95	Update HSOC_020 to clarify peripherals	closed	2025-09-30T19:28:08Z	ved-rivos	2025-09-29T19:50:41Z	2025-09-30T19:28:08Z	
riscv-server-platform	96	Clarifying supervisor execution environment requirements.	closed	2025-09-30T15:53:31Z	radimkrcmar	2025-09-30T14:58:22Z	2025-09-30T15:53:31Z	
riscv-server-platform	92	Expand Debug Requirements	closed	2025-09-10T16:53:09Z	ved-rivos	2025-08-31T23:00:25Z	2025-09-10T16:53:10Z	
riscv-server-platform	88	ME_RVA_010_010: do not assume hart 0 is exposed via RHTC	closed	2025-09-05T16:54:24Z	xypron	2025-08-26T08:33:09Z	2025-09-05T16:54:24Z	
riscv-server-platform	85	RVA_050: clarify that identifiers can be used to distinguish the harts	closed	2025-08-26T00:35:43Z	radimkrcmar	2025-08-18T17:34:57Z	2025-08-26T00:35:43Z	
riscv-server-platform	80	Requirements: renumber to ensure sufficient space between each requirement	closed	2025-07-11T14:15:14Z	paul-walmsley-sifive	2025-07-11T07:24:14Z	2025-07-11T14:15:14Z	
riscv-server-platform	75	Platform requirements: add the battery-backed RTC requirement back	closed	2025-07-10T14:59:56Z	paul-walmsley-sifive	2025-07-08T06:51:26Z	2025-07-10T14:59:56Z	
riscv-server-platform	76	Clarify "locked down" state	closed	2025-07-09T09:47:52Z	andreabolognani	2025-07-08T13:20:30Z	2025-07-09T10:06:55Z	
riscv-server-platform	78	Introduction: Reinforce that a primary goal of this specification is to enable software interoperability with conforming servers	closed	2025-07-09T09:50:07Z	paul-walmsley-sifive	2025-07-09T02:56:39Z	2025-07-09T09:50:08Z	
riscv-server-platform	77	Add non-normative text to FIRM-070	closed	2025-07-09T09:49:06Z	edolnx	2025-07-08T20:23:37Z	2025-07-09T09:49:06Z	
riscv-server-platform	67	FIRM_060: Clarify the ISA for option ROM support	closed	paul-walmsley-sifive	2025-06-02T10:27:26Z	2025-07-09T09:47:07Z		
riscv-server-platform	69	Attempt to resolve security issues and conflicts between SEC_010, SEC_011, SEC_060	closed	paul-walmsley-sifive	2025-06-02T10:47:07Z	2025-07-07T16:01:56Z		
riscv-server-platform	71	FIRM: simplify calls to UEFI runtime services	closed	2025-06-26T13:38:43Z	radimkrcmar	2025-06-02T15:57:15Z	2025-06-26T13:38:43Z	
riscv-server-platform	60	Add requirement of having at least one valid boot method	closed	reefab	2025-05-30T14:36:05Z	2025-06-16T15:29:07Z		
riscv-server-platform	61	add security rules to the platform specification	closed	ved-rivos	2025-06-01T19:15:55Z	2025-06-16T13:40:15Z		
riscv-server-platform	23	Add matching test stubs for new security requirements.	closed	2024-07-29T15:57:34Z	andreiw	2024-07-29T15:55:10Z	2025-06-02T15:52:56Z	
riscv-server-platform	20	Work through UEFI 2.6.2. Platform-Specific Elements	closed	2024-07-29T01:14:52Z	andreiw	2024-07-29T01:01:00Z	2025-06-02T15:52:56Z	
riscv-server-platform	29	Require RIMT for IOMMU	closed	2025-02-03T15:17:28Z	jones-drew	2025-01-20T14:37:25Z	2025-06-02T15:51:55Z	
riscv-server-platform	70	V0.8-rc1	closed	2025-06-02T15:48:52Z	jones-drew	2025-06-02T12:14:18Z	2025-06-02T15:51:52Z	
riscv-server-platform	62	Replace Requirements with Rules	closed	ved-rivos	2025-06-01T19:21:32Z	2025-06-02T15:48:59Z		
riscv-server-platform	68	FIRM_090, FIRM_100: clarify what entities are permitted	closed	paul-walmsley-sifive	2025-06-02T10:37:57Z	2025-06-02T12:21:33Z		
riscv-server-platform	66	Clarify the purpose of the UART in HPER_010	closed	paul-walmsley-sifive	2025-06-02T10:23:37Z	2025-06-02T12:17:39Z		
riscv-server-platform	65	Explain magic numbers in RVA_060 and RVA_070	closed	paul-walmsley-sifive	2025-06-02T10:14:34Z	2025-06-02T12:17:15Z		
riscv-server-platform	64	Constrain RVA_030 and RVA_040 to apply internally to each supervisor domain	closed	paul-walmsley-sifive	2025-06-02T10:04:30Z	2025-06-02T12:16:51Z		
riscv-server-platform	63	Drop RVA_022, since it appears to be duplicative of the Ssstrict requirement in RVA_020.  	closed	paul-walmsley-sifive	2025-06-02T09:55:01Z	2025-06-02T12:15:49Z		
riscv-server-platform	28	Require SBI SSE for RAS	closed	2025-02-03T15:17:51Z	jones-drew	2025-01-20T13:36:32Z	2025-04-08T13:30:01Z	
riscv-server-platform	27	Require OS to start in HS-mode	closed	jones-drew	2025-01-20T12:03:04Z	2025-04-07T16:43:01Z		
riscv-server-platform	25	add dependabot to create PR to update the submodules to latest	closed	ghost	2024-12-10T04:00:42Z	2025-01-17T17:38:38Z		
riscv-server-platform	21	RVA_020: Provide additional context for Ssccfg	closed	2024-08-31T02:19:09Z	punitagrawal	2024-07-29T11:56:45Z	2024-08-31T02:19:10Z	
riscv-server-platform	22	Spell out some Secure Boot requirements	closed	2024-07-29T15:52:14Z	andreabolognani	2024-07-29T15:03:05Z	2024-07-29T15:53:51Z	
riscv-server-platform	17	Miscellaneous fixes and tweaks	closed	2024-07-01T05:16:33Z	andreabolognani	2024-06-27T14:29:08Z	2024-07-02T14:43:10Z	
riscv-server-platform	9	Require a TPM.	closed	2024-06-13T22:32:09Z	andreiw	2024-06-13T22:30:13Z	2024-06-13T22:32:14Z	
riscv-server-platform	6	Update hart requirements	closed	2024-06-03T21:38:43Z	ved-rivos	2024-06-03T18:00:10Z	2024-06-03T21:38:43Z	
riscv-uefi	19	Revert "Antora refactor"	closed	2026-03-20T12:34:06Z	wmat	2026-03-20T12:33:39Z	2026-03-20T12:34:07Z	
riscv-uefi	18	Antora refactor	closed	2026-03-19T16:49:17Z	wmat	2026-03-19T16:47:29Z	2026-03-19T16:49:17Z	
riscv-uefi	17	Remove asciidoctor-mathematical dependency from build	closed	2026-03-14T22:18:32Z	wmat	2026-03-14T22:17:58Z	2026-03-14T22:18:32Z	
riscv-uefi	16	Update GitHub Actions to requested versions	closed	2026-03-07T14:41:23Z	rpsene	2026-03-06T22:09:29Z	2026-03-07T14:41:23Z	
riscv-uefi	15	add dependabot to create PR to update the submodules to latest	open	ghost	2024-12-10T03:59:34Z	2024-12-10T03:59:34Z		
riscv-uefi	14	Update revision history for ratified version	closed	2022-05-09T14:38:35Z	vlsunil	2022-05-09T14:38:22Z	2022-05-09T14:38:35Z	
riscv-uefi	13	Update version and preamble for ratified state.	closed	2022-05-09T14:27:15Z	vlsunil	2022-05-09T14:26:57Z	2022-05-09T14:27:15Z	
riscv-uefi	11	Fix typos in introduction for RISCV_EFI_BOOT_PROTOCOL	closed	2022-03-24T04:03:56Z	xypron	2022-03-23T16:51:16Z	2022-03-24T04:03:56Z	
riscv-uefi	10	Update preamble to frozen state	closed	2022-03-23T14:45:56Z	vlsunil	2022-03-23T14:45:23Z	2022-03-23T14:45:57Z	
riscv-uefi	9	Update the documentation template.	closed	2022-01-21T14:01:09Z	vlsunil	2022-01-21T14:01:01Z	2022-01-21T14:01:09Z	
riscv-uefi	8	Rename the boot protocol as per Ard's feedback.	closed	2022-01-18T06:12:53Z	vlsunil	2022-01-18T06:12:42Z	2022-01-18T06:12:54Z	
riscv-uefi	7	Update the version	closed	2022-01-13T09:32:55Z	vlsunil	2022-01-13T09:32:47Z	2022-01-13T09:32:55Z	
riscv-uefi	6	Improve the text of BOOT_PROTOCOL.	closed	2022-01-13T09:23:39Z	vlsunil	2022-01-13T09:23:31Z	2022-01-13T09:23:39Z	
riscv-uefi	5	Update workflow with file name	closed	2022-01-12T07:21:23Z	vlsunil	2022-01-12T07:21:15Z	2022-01-12T07:21:23Z	
riscv-uefi	4	Update the spec with feedback from Platform HSC	closed	2022-01-12T07:18:12Z	vlsunil	2022-01-12T07:17:42Z	2022-01-12T07:18:12Z	
riscv-uefi	3	Update RISC-V logo to an SVG	closed	2022-01-11T06:12:49Z	cetola	2022-01-10T19:39:42Z	2022-01-11T06:12:49Z	
riscv-uefi	1	Initial draft of EFI_BOOT_PROTOCOL for review.	closed	2022-01-10T13:12:02Z	vlsunil	2022-01-10T13:11:46Z	2022-01-10T13:12:02Z	
riscv-profiles	210	RVYA25 profile	open	tariqkurd-repo	2025-09-03T11:15:35Z	2026-04-22T06:39:14Z		
riscv-profiles	225	Antora refactor for HTML	open	kersten1	2026-03-12T21:52:08Z	2026-04-22T06:39:13Z		
riscv-profiles	222	Update GitHub Actions to requested versions	open	rpsene	2026-03-06T21:43:28Z	2026-04-22T06:39:13Z		
riscv-profiles	194	add dependabot to create PR to update the submodules to latest	open	ghost	2024-12-10T04:12:20Z	2026-04-22T06:39:13Z		
riscv-profiles	118	Add extension requirements/implications	open	a4lg	2023-09-17T07:16:50Z	2026-04-22T06:39:13Z		
riscv-profiles	224	Improve description of Ziccamoa	closed	2026-03-11T21:56:45Z	aswaterman	2026-03-11T21:12:30Z	2026-03-11T21:56:46Z	
riscv-profiles	221	Use ghcr.io/riscv/riscv-docs-base-container-image:latest	closed	2026-03-06T17:01:26Z	rpsene	2026-03-06T14:27:25Z	2026-03-06T17:01:28Z	
riscv-profiles	219	Clarify Sstvala for breakpoint exceptions	closed	2026-02-11T23:13:14Z	ved-rivos	2026-02-10T00:08:51Z	2026-02-11T23:13:14Z	
riscv-profiles	209	delete accidental push to main	closed	2025-09-03T11:09:08Z	tariqkurd-repo	2025-09-03T11:05:27Z	2025-09-03T11:09:08Z	
riscv-profiles	208	RVYA25 profile	closed	2025-09-03T10:59:22Z	tariqkurd-repo	2025-09-02T16:48:01Z	2025-09-03T11:02:36Z	
riscv-profiles	200	RVM23 fixes: logo, Makefile tweaks, added script so that RVM23 profile docs build cleanly	closed	2025-02-11T01:09:41Z	bgrayson-mips	2025-02-11T00:55:20Z	2025-02-11T01:09:41Z	
riscv-profiles	196	Rename xenvcfg.PME fields to PMM	closed	2024-12-16T01:29:54Z	aswaterman	2024-12-16T01:29:48Z	2024-12-16T01:29:56Z	
riscv-profiles	191	Use 'B' in the RVM23 profile definition	closed	2024-10-28T21:44:07Z	asb	2024-10-28T17:49:26Z	2024-10-28T21:44:30Z	
riscv-profiles	192	Fix minor typos	closed	2024-10-28T21:43:41Z	asb	2024-10-28T17:58:37Z	2024-10-28T21:43:41Z	
riscv-profiles	188	Use B extension in profiles, rather than Zba_Zbb_Zbs.	closed	2024-10-07T05:24:17Z	aswaterman	2024-10-02T01:24:21Z	2024-10-07T05:24:19Z	
riscv-profiles	189	Introduce Sha extension, which absorbs hypervisor mandates	closed	2024-10-07T05:23:54Z	aswaterman	2024-10-02T02:01:59Z	2024-10-07T05:23:56Z	
riscv-profiles	181	Sssstateen is now incorporated into RISC-V ISA Manual (vol 2)	closed	2024-09-05T00:45:51Z	ubc-guy	2024-09-04T04:03:30Z	2024-09-05T00:45:51Z	
riscv-profiles	179	Add a table comparing RVA and RVB	closed	rpsene	2024-08-21T18:26:31Z	2024-08-31T23:24:11Z		
riscv-profiles	176	Cosmetic improvements to RVA23/RVB23 profiles	closed	2024-06-27T20:59:22Z	aswaterman	2024-06-27T20:59:03Z	2024-06-27T20:59:22Z	
riscv-profiles	175	Cosmetic improvements to RVA23/RVB23 profiles	closed	2024-06-26T21:28:12Z	aswaterman	2024-06-26T21:25:38Z	2024-06-26T21:28:12Z	
riscv-profiles	174	Clarify that Sstvala applies to virtual-instruction exceptions, too	closed	2024-06-23T01:09:45Z	aswaterman	2024-06-21T23:54:20Z	2024-06-23T01:09:52Z	
riscv-profiles	168	Update spec to use latest doc workflow from docs-spec-template	closed	2024-05-24T18:28:23Z	ghost	2024-05-22T18:34:23Z	2024-06-16T14:45:50Z	
riscv-profiles	172	Remove the duplicate word	closed	2024-06-06T06:36:39Z	Du-Chao	2024-06-06T02:08:46Z	2024-06-06T06:36:39Z	
riscv-profiles	157	Fix header to point at correct theme.	closed	wmat	2024-04-17T15:47:29Z	2024-05-24T15:17:41Z		
riscv-profiles	160	Zvbc is a dev option, not a localized option	closed	aswaterman	2024-04-18T00:04:07Z	2024-04-18T21:58:14Z		
riscv-profiles	153	Fix a couple of s/isf/is typos in the profiles	closed	2024-03-27T12:30:06Z	cmuellner	2024-03-27T12:09:22Z	2024-03-27T12:30:06Z	
riscv-profiles	152	Fix omission of Sspm and Supm from RVA23/RVB23	closed	2024-03-22T00:46:10Z	aswaterman	2024-03-22T00:40:16Z	2024-03-22T00:46:13Z	
riscv-profiles	147	AMOCASQ level PMA support as a development option along with Zacas	closed	2024-03-18T04:09:44Z	ved-rivos	2024-02-26T12:37:19Z	2024-03-18T04:09:44Z	
riscv-profiles	148	Add hyperlink to Zacas spec	closed	2024-03-18T04:04:14Z	ved-rivos	2024-02-26T12:42:25Z	2024-03-18T04:04:15Z	
riscv-profiles	143	Add option for 16-byte misaligned atomicity granule in RVA23	closed	2024-02-25T23:12:59Z	aswaterman	2024-01-29T01:24:18Z	2024-02-25T23:12:59Z	
riscv-profiles	114	Note in RVA22U64 that Zihpm was optional in RVA20U64	closed	2024-02-25T23:08:05Z	markdryan	2023-08-14T12:59:13Z	2024-02-25T23:08:05Z	
riscv-profiles	111	[RVB] Fixing Svnapot note position	closed	2024-02-25T23:05:30Z	nibrunie	2023-06-13T04:39:39Z	2024-02-25T23:05:31Z	
riscv-profiles	120	Revert to older version of dependency	closed	h0lyalg0rithm	2023-09-29T11:18:31Z	2024-01-16T06:00:55Z		
riscv-profiles	141	Ssu64xl is actually mandatory in RVA20S64 and RVA22S64	closed	aswaterman	2024-01-12T01:10:55Z	2024-01-16T05:35:27Z		
riscv-profiles	125	fix typo: RMV23 -> RVM23	closed	2024-01-12T00:40:11Z	axel-h	2023-10-25T15:38:11Z	2024-01-12T00:40:11Z	
riscv-profiles	138	Tweaks to RVB23 profiles	closed	2024-01-12T00:39:52Z	aswaterman	2023-12-22T00:35:45Z	2024-01-12T00:39:58Z	
riscv-profiles	136	require Zvkt in RVA23	closed	2023-12-11T01:26:08Z	oconnor663	2023-12-10T03:33:43Z	2023-12-11T04:03:35Z	
riscv-profiles	135	Remove Sdtrig	closed	2023-12-08T10:09:45Z	kdockser	2023-12-07T23:58:19Z	2023-12-08T10:09:45Z	
riscv-profiles	132	update RVB23 to reflect that Zvbb is mandatory in RVA23	closed	2023-11-20T23:18:46Z	oconnor663	2023-11-20T18:06:35Z	2023-11-22T16:45:15Z	
riscv-profiles	131	Update profiles to reflect new pointer-masking extensions	closed	2023-11-16T22:07:58Z	aswaterman	2023-11-16T22:07:40Z	2023-11-16T22:08:07Z	
riscv-profiles	123	Upgrade the build process	closed	2023-10-07T02:28:43Z	rpsene	2023-10-05T20:01:00Z	2023-10-07T02:28:43Z	
riscv-profiles	112	Remove deprecated note on Zvknc / Zvksc + cleanup	closed	2023-06-28T20:21:11Z	nibrunieAtSi5	2023-06-28T20:03:20Z	2023-06-28T20:21:11Z	
riscv-profiles	110	removing RVB22S64 mentions	closed	2023-06-12T21:52:45Z	nibrunieAtSi5	2023-06-12T20:34:10Z	2023-06-12T21:52:45Z	
riscv-profiles	92	Suggestion for links update scalar -> vector crypto	closed	nibrunieAtSi5	2023-02-01T17:32:55Z	2023-06-12T20:40:55Z		
riscv-profiles	109	fix document title rvb23-profile.adoc	closed	2023-05-18T21:08:25Z	nibrunieAtSi5	2023-05-18T17:02:20Z	2023-05-18T21:08:25Z	
riscv-profiles	100	Updating RVA23U64 option count	closed	nibrunieAtSi5	2023-04-06T16:15:47Z	2023-05-18T16:58:53Z		
riscv-profiles	104	Clarify text in RVB23U64 section	closed	2023-05-11T12:22:39Z	aswaterman	2023-05-10T20:15:24Z	2023-05-11T12:22:43Z	
riscv-profiles	106	Fix summary of RVA23U64 optional extensions; keep order consistent	closed	2023-05-11T12:21:56Z	aswaterman	2023-05-10T20:45:41Z	2023-05-11T12:22:00Z	
riscv-profiles	105	Fix CI flow by upgrading Ruby version	closed	2023-05-10T20:27:28Z	aswaterman	2023-05-10T20:20:24Z	2023-05-10T20:27:31Z	
riscv-profiles	88	Small tidying (typos, year 2022 to 2023)	closed	2023-01-31T06:07:45Z	a4lg	2023-01-31T04:22:58Z	2023-01-31T06:07:45Z	
riscv-profiles	76	Mark new extension names explicitly	closed	a4lg	2022-10-26T06:12:02Z	2023-01-29T21:25:51Z		
riscv-profiles	86	Fix the description of Ssu64xl	closed	2023-01-29T21:07:40Z	aswaterman	2022-12-22T23:39:47Z	2023-01-29T21:07:43Z	
riscv-profiles	84	Rename Ssptead to Svptead	closed	2023-01-29T20:56:25Z	aswaterman	2022-12-22T22:41:46Z	2023-01-29T20:56:29Z	
riscv-profiles	74	Workflow updates for PDF building and Release Generation	closed	2023-01-29T20:40:26Z	jjscheel	2022-10-25T19:52:46Z	2023-01-29T20:40:26Z	
riscv-profiles	85	Fix build on Ubuntu 22.04 by installing libwebp	closed	2022-12-22T22:57:20Z	aswaterman	2022-12-22T22:53:45Z	2022-12-23T16:48:27Z	
riscv-profiles	78	Naming: Adding note to clarify compatiblity with ISA naming strings	closed	2022-11-03T17:33:46Z	cmuellner	2022-11-03T17:06:03Z	2022-11-03T17:33:46Z	
riscv-profiles	59	Fix typos	closed	2022-06-15T12:39:06Z	AlexGhiti	2022-06-15T09:00:05Z	2022-06-15T12:39:06Z	
riscv-profiles	23	Add Zihpm, Sv57, Svpbmt, Svnapot, Svinval, Sstc, Sscofpmf, and Smstateen to glossary.	closed	2022-03-28T22:01:12Z	sofia-snow	2022-03-28T04:10:18Z	2022-03-29T01:40:13Z	
riscv-profiles	20	Add instruction-fetch atomicity constraint	closed	2022-03-07T07:47:23Z	aswaterman	2022-03-01T22:54:39Z	2022-03-07T07:47:26Z	
riscv-profiles	17	Corrections for hypervisor extension	closed	2022-02-28T01:26:24Z	jhauser-us	2022-02-27T19:18:58Z	2022-02-28T01:26:24Z	
riscv-profiles	8	Relax xtvec.BASE alignment constraint when xtvec.MODE != Direct	closed	2022-01-18T14:22:52Z	aswaterman	2022-01-18T06:54:28Z	2022-01-18T14:22:56Z	
riscv-profiles	2	Update profiles.adoc	closed	kdockser	2021-10-04T20:47:03Z	2022-01-18T05:38:19Z		
riscv-profiles	6	Made a pass to ready for CCM meeting.	closed	2022-01-11T07:34:42Z	kasanovic	2022-01-11T07:34:35Z	2022-01-11T07:34:45Z	
riscv-profiles	5	Convert project to RISC-V Template (#4)	closed	2022-01-10T23:37:30Z	jjscheel	2022-01-10T20:17:40Z	2022-01-10T23:37:30Z	
riscv-double-trap	65	Update GitHub Actions to requested versions	closed	2026-03-10T14:11:36Z	rpsene	2026-03-06T21:40:21Z	2026-03-10T14:11:36Z	
riscv-double-trap	64	Use ghcr.io/riscv/riscv-docs-base-container-image:latest	closed	2026-03-06T16:58:00Z	rpsene	2026-03-06T14:24:29Z	2026-03-06T16:58:01Z	
riscv-double-trap	54	update to ratified state	closed	2024-08-23T19:52:59Z	ved-rivos	2024-08-23T19:50:12Z	2024-08-23T19:52:59Z	
riscv-double-trap	52	Clarify RNMI and Smdbltrp/Ssdbltrp interaction	closed	2024-07-10T16:06:53Z	ved-rivos	2024-07-09T23:14:10Z	2024-07-10T16:06:53Z	
riscv-double-trap	51	MNRET clearing of MDT/SDT	closed	2024-07-09T12:03:26Z	ved-rivos	2024-07-09T10:36:10Z	2024-07-09T12:03:26Z	
riscv-double-trap	48	update MRET action for Ssdbltrp	closed	2024-07-05T10:18:24Z	ved-rivos	2024-07-05T10:02:23Z	2024-07-05T10:18:25Z	
riscv-double-trap	45	Update SDT and MDT clearing text	closed	2024-06-26T19:50:57Z	ved-rivos	2024-06-24T23:13:22Z	2024-06-26T19:50:57Z	
riscv-double-trap	44	Formatting fixes	closed	2024-06-23T13:00:26Z	ved-rivos	2024-06-22T23:28:23Z	2024-06-23T13:00:26Z	
riscv-double-trap	43	update SRET and MRET behavior for clearing xDT	closed	2024-06-22T22:42:13Z	ved-rivos	2024-06-22T22:17:14Z	2024-06-22T22:42:13Z	
riscv-double-trap	38	doc team edit	closed	2024-06-22T16:00:50Z	kersten1	2024-06-13T19:44:42Z	2024-06-22T16:00:50Z	
riscv-double-trap	42	Debug mode clears xDT based on new priv mode	closed	2024-06-22T15:54:53Z	ved-rivos	2024-06-22T15:53:40Z	2024-06-22T15:54:53Z	
riscv-double-trap	41	SRET should clear MDT	closed	2024-06-21T14:17:04Z	ved-rivos	2024-06-21T14:16:51Z	2024-06-21T14:17:04Z	
riscv-double-trap	36	update non-normative debug note	closed	2024-05-01T19:40:19Z	ved-rivos	2024-05-01T19:32:37Z	2024-05-01T19:40:19Z	
riscv-double-trap	35	Update to Frozen state	closed	2024-05-01T18:45:36Z	ved-rivos	2024-05-01T18:45:04Z	2024-05-01T18:45:36Z	
riscv-double-trap	34	Update SSE citation	closed	2024-05-01T18:45:26Z	ved-rivos	2024-04-25T20:28:45Z	2024-05-01T18:45:26Z	
riscv-double-trap	32	remove Sddbltrp and non-ISA text	closed	2024-04-15T20:05:31Z	ved-rivos	2024-04-15T20:05:23Z	2024-04-15T20:05:31Z	
riscv-double-trap	31	Merge debug into Smdbltrp	closed	2024-04-15T19:36:21Z	ved-rivos	2024-04-15T19:31:36Z	2024-04-15T19:36:21Z	
riscv-double-trap	30	update to state SDT is in sstatus	closed	2024-04-04T14:23:46Z	ved-rivos	2024-04-04T14:23:38Z	2024-04-04T14:23:46Z	
riscv-double-trap	29	Simplify debug mode interaction	closed	2024-03-27T13:41:40Z	ved-rivos	2024-03-24T17:36:49Z	2024-03-27T13:41:40Z	
riscv-double-trap	28	Governance and maintainers	closed	2024-03-16T19:43:20Z	ved-rivos	2024-03-15T22:01:46Z	2024-03-16T19:43:20Z	
riscv-double-trap	26	update to latest cfg from docs-spec-template	closed	2024-03-15T20:52:51Z	ghost	2024-03-15T20:30:39Z	2024-03-15T21:32:58Z	
riscv-double-trap	25	hyphenate double trap	closed	2024-03-14T14:26:18Z	ved-rivos	2024-03-14T14:26:08Z	2024-03-14T14:26:19Z	
riscv-double-trap	24	ARC updates -03/12	closed	2024-03-14T00:51:05Z	ved-rivos	2024-03-13T20:19:40Z	2024-03-14T00:51:05Z	
riscv-double-trap	23	Add RV32 position of DTE	closed	2024-03-09T23:28:18Z	ved-rivos	2024-03-09T23:21:40Z	2024-03-09T23:28:18Z	
riscv-double-trap	22	Improve readability	closed	2024-03-07T15:59:33Z	ved-rivos	2024-03-07T15:59:21Z	2024-03-07T15:59:33Z	
riscv-double-trap	21	updates from ARC review	closed	2024-03-06T16:33:01Z	ved-rivos	2024-03-06T15:03:19Z	2024-03-06T16:33:02Z	
riscv-double-trap	20	additional clarifications	closed	2024-03-04T13:48:27Z	ved-rivos	2024-03-01T20:56:33Z	2024-03-04T13:48:28Z	
riscv-double-trap	19	Fix typo	closed	2024-03-01T15:30:38Z	ved-rivos	2024-03-01T15:30:23Z	2024-03-01T15:30:38Z	
riscv-double-trap	18	Arch review updates	closed	2024-02-29T20:45:23Z	ved-rivos	2024-02-29T20:35:31Z	2024-02-29T20:45:24Z	
riscv-double-trap	16	Note that mtval2 has to implemented if h extension is not implemented	closed	2024-02-25T23:17:41Z	ved-rivos	2024-02-25T23:10:43Z	2024-02-25T23:17:41Z	
riscv-double-trap	15	fix MDT position	closed	2024-02-23T21:31:29Z	ved-rivos	2024-02-23T21:31:19Z	2024-02-23T21:31:29Z	
riscv-double-trap	14	editorial updates	closed	2024-02-23T17:29:08Z	ved-rivos	2024-02-23T16:56:17Z	2024-02-23T17:29:08Z	
riscv-double-trap	13	Updates to clarify text and move MDT bit position	closed	2024-02-23T15:27:10Z	ved-rivos	2024-02-23T12:57:01Z	2024-02-23T15:27:10Z	
riscv-double-trap	12	ARC review updates	closed	2024-02-22T23:22:47Z	ved-rivos	2024-02-22T20:15:33Z	2024-02-22T23:22:47Z	
riscv-double-trap	11	Update wording for clarity	closed	2024-02-20T23:19:11Z	ved-rivos	2024-02-20T23:19:04Z	2024-02-20T23:19:12Z	
riscv-double-trap	10	Updates to add DT exception	closed	2024-02-20T15:28:31Z	ved-rivos	2024-02-15T20:18:47Z	2024-02-20T15:28:31Z	
riscv-double-trap	8	editorial updates	closed	2024-02-06T17:03:15Z	ved-rivos	2024-02-06T16:45:07Z	2024-02-06T17:03:16Z	
riscv-double-trap	7	Rename STD and MTD	closed	2024-01-31T00:50:47Z	ved-rivos	2024-01-31T00:50:23Z	2024-01-31T00:50:48Z	
riscv-double-trap	6	updates	closed	2024-01-27T22:24:01Z	ved-rivos	2024-01-27T22:23:55Z	2024-01-27T22:24:01Z	
riscv-double-trap	5	Double Trap Operation Details	closed	2024-01-27T22:06:59Z	ved-rivos	2024-01-27T22:06:47Z	2024-01-27T22:07:00Z	
riscv-double-trap	4	udpates	closed	2024-01-27T00:22:16Z	ved-rivos	2024-01-27T00:22:11Z	2024-01-27T00:22:16Z	
riscv-double-trap	3	updates	closed	2024-01-27T00:20:32Z	ved-rivos	2024-01-27T00:20:20Z	2024-01-27T00:20:33Z	
riscv-double-trap	2	initial update	closed	ved-rivos	2024-01-27T00:19:22Z	2024-01-27T00:19:43Z		
riscv-double-trap	1	Initial version	closed	2024-01-27T00:09:03Z	ved-rivos	2024-01-27T00:06:41Z	2024-01-27T00:09:03Z	
riscv-ap-tee	130	Local attestation	open	wojciechozga	2025-12-02T10:26:30Z	2026-04-21T13:34:24Z		
riscv-ap-tee	136	Update GitHub Actions to requested versions	closed	2026-03-07T15:18:03Z	rpsene	2026-03-06T22:06:29Z	2026-03-07T15:18:03Z	
riscv-ap-tee	135	Use ghcr.io/riscv/riscv-docs-base-container-image:latest	closed	2026-03-06T17:03:56Z	rpsene	2026-03-06T16:56:55Z	2026-03-06T17:03:56Z	
riscv-ap-tee	133	update overview to fix terminology Smmtt->Smmpt	closed	2025-12-18T07:49:09Z	rsahita	2025-12-16T09:31:01Z	2025-12-18T07:49:10Z	
riscv-ap-tee	132	cleanup threat model and match template with cove-io	closed	2025-12-18T07:30:11Z	rsahita	2025-12-09T06:57:58Z	2025-12-18T07:30:11Z	
riscv-ap-tee	131	Provide more details on the promote call	open	wojciechozga	2025-12-02T11:47:40Z	2025-12-02T13:23:26Z		
riscv-ap-tee	122	IETF EAT is now an RFC	closed	2025-05-13T17:37:22Z	steven-bellock	2025-05-13T16:14:36Z	2025-05-13T17:40:46Z	
riscv-ap-tee	121	Make size of enum in structs explicit	closed	2025-03-17T21:41:33Z	steven-bellock	2025-03-11T18:32:59Z	2025-03-17T21:47:54Z	
riscv-ap-tee	120	Fix the image location.	closed	2025-03-11T05:08:59Z	jyao1	2025-02-25T06:16:09Z	2025-03-11T05:08:59Z	
riscv-ap-tee	118	Biblio references cleanup	closed	2025-01-03T20:35:01Z	rsahita	2025-01-02T23:58:25Z	2025-01-03T20:35:10Z	
riscv-ap-tee	115	Convert `unsigned long` to `uint*_t`	closed	2025-01-02T19:33:45Z	steven-bellock	2024-12-18T00:23:09Z	2025-01-02T22:12:55Z	
riscv-ap-tee	117	Issue99 scrubbing must vs should	closed	2025-01-02T18:37:27Z	eckhard-delfs-qualcomm	2024-12-20T19:05:16Z	2025-01-02T18:37:27Z	
riscv-ap-tee	116	Use IEC 80000-13 conventions	closed	2024-12-19T05:21:13Z	steven-bellock	2024-12-18T17:06:38Z	2024-12-19T05:23:59Z	
riscv-ap-tee	114	add dependabot to create PR to update the submodules to latest	closed	2024-12-16T16:55:27Z	ghost	2024-12-10T04:02:42Z	2024-12-16T16:55:27Z	
riscv-ap-tee	113	fixed editorial issues in figures	closed	2024-12-07T22:10:13Z	rsahita	2024-11-20T20:28:15Z	2024-12-07T22:10:18Z	
riscv-ap-tee	109	Typos & minor suggestions	closed	2024-09-23T20:36:17Z	eckhard-delfs-qualcomm	2024-09-09T17:20:37Z	2024-09-23T20:36:17Z	
riscv-ap-tee	93	Fix editorial issues	closed	2024-08-28T18:44:12Z	steven-bellock	2024-08-28T18:20:45Z	2024-08-28T18:53:41Z	
riscv-ap-tee	82	TSM capabilities and minor editorial changes	closed	2024-08-13T07:53:20Z	wojciechozga	2024-07-16T13:51:28Z	2024-08-13T07:53:21Z	
riscv-ap-tee	80	Fix dead link	closed	2024-07-16T05:11:55Z	steven-bellock	2024-07-02T23:26:58Z	2024-07-16T16:22:41Z	
riscv-ap-tee	78	Miscellaneous fixes	closed	2024-07-16T05:12:10Z	gagachang	2024-06-25T09:28:44Z	2024-07-16T05:17:12Z	
riscv-ap-tee	76	Cleanup to create RC for ARC review	closed	2024-04-25T18:35:25Z	rsahita	2024-04-24T23:30:46Z	2024-04-25T18:35:30Z	
riscv-ap-tee	75	Broaden the specification's scope to embedded systems with simpler hardware and reduced functionalities	closed	2024-04-22T21:51:51Z	wojciechozga	2024-04-05T13:56:45Z	2024-04-22T21:51:52Z	
riscv-ap-tee	74	Added description of TVM initialization	closed	wojciechozga	2024-04-02T18:36:57Z	2024-04-02T18:38:32Z		
riscv-ap-tee	73	Updates to address issue 29	closed	2024-03-23T03:37:37Z	rsahita	2024-03-20T17:55:17Z	2024-03-23T03:37:38Z	
riscv-ap-tee	72	Pass over the release candidate version of the spec	closed	2024-03-19T18:31:44Z	wojciechozga	2024-03-12T15:27:56Z	2024-03-19T18:31:44Z	
riscv-ap-tee	67	Updates to address issues 62, 63 (chapter 8)	closed	2024-03-12T02:37:24Z	rsahita	2024-03-08T23:13:24Z	2024-03-12T04:51:56Z	
riscv-ap-tee	68	Updates to address issue 61 (chapter 7)	closed	2024-03-11T22:46:46Z	rsahita	2024-03-08T23:40:12Z	2024-03-11T22:47:02Z	
riscv-ap-tee	71	Updates to address issues 42 through 50 (chapter 4)	closed	2024-03-11T22:23:37Z	rsahita	2024-03-11T03:18:10Z	2024-03-11T22:23:43Z	
riscv-ap-tee	70	Updates to address issues 52 through 58 (chapter 5)	closed	2024-03-11T21:23:10Z	rsahita	2024-03-10T22:07:03Z	2024-03-11T21:23:16Z	
riscv-ap-tee	69	Updates to address issue 60 (chapter 6)	closed	2024-03-11T21:20:42Z	rsahita	2024-03-09T00:02:02Z	2024-03-11T21:20:50Z	
riscv-ap-tee	66	Updates to address issues 64, 65 (chapter 9)	closed	2024-03-01T23:11:42Z	rsahita	2024-02-27T00:48:23Z	2024-03-01T23:11:49Z	
riscv-ap-tee	41	specification: Define CoVE function ID namespaces	closed	2024-01-20T00:22:11Z	sameo	2024-01-19T06:52:47Z	2024-01-20T00:22:12Z	
riscv-ap-tee	34	Updated refarch section to sync with supervisor domain spec	closed	2024-01-06T19:26:38Z	rsahita	2023-12-15T18:26:38Z	2024-01-06T19:26:38Z	
riscv-ap-tee	35	updated threatmodel using supervisor domains terms 	closed	2024-01-05T22:48:29Z	rsahita	2023-12-15T18:28:34Z	2024-01-05T22:48:30Z	
riscv-ap-tee	33	update overview section to sync with supervisor domains terminology	closed	2024-01-05T22:25:23Z	rsahita	2023-12-15T18:24:28Z	2024-01-05T22:25:23Z	
riscv-ap-tee	38	Fix dynamic register naming and MAX number.	closed	2023-12-26T21:00:17Z	jyao1	2023-12-19T12:00:34Z	2023-12-26T21:00:17Z	
riscv-ap-tee	32	updated threatmodel using supervisor domains terms 	closed	2023-12-15T18:06:57Z	rsahita	2023-12-12T08:04:23Z	2023-12-15T18:06:57Z	
riscv-ap-tee	31	updated refarch chapter using supervisor domains terms	closed	2023-12-15T18:06:57Z	rsahita	2023-12-12T07:58:27Z	2023-12-15T18:06:57Z	
riscv-ap-tee	30	updated overview chapter using supervisor domains terms	closed	2023-12-15T18:06:57Z	rsahita	2023-12-12T07:54:47Z	2023-12-15T18:06:57Z	
riscv-ap-tee	17	Attestation Updates	closed	2023-05-05T17:00:53Z	sameo	2023-03-24T23:22:39Z	2023-05-05T17:00:53Z	
riscv-ap-tee	28	Cove renaming pt2	closed	2023-05-01T17:19:13Z	atishp04	2023-04-17T23:35:04Z	2023-05-01T17:19:13Z	
riscv-ap-tee	23	Fix reference.	closed	2023-04-06T20:20:40Z	jyao1	2023-03-31T15:54:54Z	2023-04-23T06:57:16Z	
riscv-ap-tee	22	Clean up the DRTM terminology.	closed	2023-04-06T20:26:12Z	jyao1	2023-03-31T15:50:12Z	2023-04-23T06:57:16Z	
riscv-ap-tee	13	Correct DiceTcbInfo flags description.	closed	2023-03-08T18:55:49Z	jyao1	2023-03-08T09:25:19Z	2023-04-23T06:57:16Z	
riscv-ap-tee	27	Cove renaming	closed	2023-04-19T17:32:04Z	atishp04	2023-04-17T08:45:52Z	2023-04-19T17:32:04Z	
riscv-ap-tee	24	Add block/unblock/remove APIs.	closed	2023-04-13T21:28:59Z	rajnesh-kanwal	2023-04-06T11:57:13Z	2023-04-13T21:28:59Z	
riscv-ap-tee	26	gha: Bump Ruby to 3.1	closed	2023-04-13T21:26:54Z	sameo	2023-04-11T12:47:34Z	2023-04-13T21:26:55Z	
riscv-ap-tee	18	Fix document cross references	closed	2023-04-06T20:18:35Z	rbradford	2023-03-27T14:20:15Z	2023-04-06T20:18:35Z	
riscv-ap-tee	15	Fix unbind API heading.	closed	2023-04-05T21:29:10Z	rajnesh-kanwal	2023-03-21T12:07:16Z	2023-04-05T21:29:10Z	
riscv-ap-tee	14	Spec sync.	closed	2023-04-05T21:27:08Z	rajnesh-kanwal	2023-03-17T19:26:08Z	2023-04-05T21:27:08Z	
riscv-ap-tee	19	Github action fixes	closed	2023-04-05T21:22:14Z	sameo	2023-03-27T19:26:53Z	2023-04-05T21:22:14Z	
riscv-ap-tee	20	swlifecycle: Fix typo in SBI function name	closed	rbradford	2023-03-28T10:45:19Z	2023-03-29T12:20:34Z		
riscv-ap-tee	12	Fix document reference	closed	2023-03-03T22:24:47Z	jyao1	2023-02-24T12:03:47Z	2023-03-08T09:19:28Z	
riscv-ap-tee	11	Update spec.	closed	2023-03-07T17:40:06Z	rajnesh-kanwal	2023-02-23T19:28:26Z	2023-03-07T17:40:07Z	
riscv-ap-tee	10	Minor formatting changes and csr name fixes	closed	2023-02-22T00:06:15Z	rajnesh-kanwal	2023-02-21T13:11:41Z	2023-02-22T00:06:15Z	
riscv-ap-tee	9	Add minor formatting changes	closed	2023-01-24T23:11:06Z	atulkharerivos	2022-12-02T19:27:17Z	2023-01-24T23:11:06Z	
riscv-ap-tee	8	Node migration 2 of 2	closed	2022-12-02T18:48:19Z	jjscheel	2022-12-02T15:42:55Z	2022-12-02T18:55:11Z	
riscv-ap-tee	7	Add gem mathematical.so build dependencies in 22.04	closed	2022-12-01T21:59:45Z	jjscheel	2022-12-01T21:56:35Z	2022-12-01T21:59:46Z	
riscv-ap-tee	6	Update to Node version 16 and fix Ubuntu 22.04 build problems	closed	jjscheel	2022-12-01T20:26:43Z	2022-12-01T21:11:04Z		
riscv-ap-tee	5	Initial draft of TEE and TEE AIA SBI extensions	closed	2022-11-30T22:51:53Z	atulkharerivos	2022-09-08T06:17:23Z	2022-11-30T22:51:54Z	
riscv-ap-tee	4	ap-tee: Charter formatting fixes	closed	2022-07-01T15:19:50Z	sameo	2022-06-30T16:43:08Z	2022-07-01T15:19:50Z	
riscv-ap-tee	3	Revert "specifications: Fix image links"	closed	2022-06-14T21:58:31Z	rsahita	2022-06-14T21:55:14Z	2022-06-14T21:58:45Z	
riscv-ap-tee	1	specifications: Fix image links	closed	2022-06-14T15:11:32Z	sameo	2022-06-14T14:39:44Z	2022-06-14T15:11:32Z	
riscv-ap-tee-io	182	build(deps): bump docs-resources from `0904c8a` to `47257de`	open	dependabot[bot]	2026-04-27T20:03:11Z	2026-04-27T20:03:12Z	dependencies;submodules	
riscv-ap-tee-io	181	specifications: Split addresses into _lo and _hi 	open	sameo	2026-04-23T07:52:42Z	2026-04-23T09:48:29Z		
riscv-ap-tee-io	180	build(deps): bump docs-resources from `78567fd` to `0904c8a`	closed	2026-04-23T06:20:28Z	dependabot[bot]	2026-04-01T20:39:08Z	2026-04-23T06:20:37Z	dependencies;submodules
riscv-ap-tee-io	179	build(deps): bump docs-resources from `78567fd` to `a88e6af`	closed	dependabot[bot]	2026-03-31T16:09:37Z	2026-04-01T20:39:11Z	dependencies;submodules	
riscv-ap-tee-io	178	build(deps): bump docs-resources from `78567fd` to `ed7a9df`	closed	dependabot[bot]	2026-03-30T17:41:26Z	2026-03-31T16:09:42Z	dependencies;submodules	
riscv-ap-tee-io	177	build(deps): bump docs-resources from `286c2a7` to `78567fd`	closed	2026-03-29T13:50:10Z	dependabot[bot]	2026-03-27T16:07:14Z	2026-03-29T13:50:18Z	dependencies;submodules
riscv-ap-tee-io	176	build(deps): bump docs-resources from `286c2a7` to `29879cc`	closed	dependabot[bot]	2026-03-26T16:08:41Z	2026-03-27T16:07:18Z	dependencies;submodules	
riscv-ap-tee-io	175	build(deps): bump docs-resources from `286c2a7` to `a9baab8`	closed	dependabot[bot]	2026-03-25T16:09:09Z	2026-03-26T16:08:47Z	dependencies;submodules	
riscv-ap-tee-io	174	build(deps): bump docs-resources from `286c2a7` to `7d8a94b`	closed	dependabot[bot]	2026-03-24T16:09:13Z	2026-03-25T16:09:15Z	dependencies;submodules	
riscv-ap-tee-io	173	build(deps): bump docs-resources from `286c2a7` to `b387152`	closed	dependabot[bot]	2026-03-20T16:06:48Z	2026-03-24T16:09:18Z	dependencies;submodules	
riscv-ap-tee-io	169	build(deps): bump docs-resources from `1108f25` to `286c2a7`	closed	2026-03-20T06:41:53Z	dependabot[bot]	2026-03-19T16:08:42Z	2026-03-20T06:42:01Z	dependencies;submodules
riscv-ap-tee-io	168	build(deps): bump docs-resources from `1108f25` to `f0caa68`	closed	dependabot[bot]	2026-03-18T16:09:19Z	2026-03-19T16:08:46Z	dependencies;submodules	
riscv-ap-tee-io	167	build(deps): bump docs-resources from `1108f25` to `cd4446b`	closed	dependabot[bot]	2026-03-17T16:09:30Z	2026-03-18T16:09:24Z	dependencies;submodules	
riscv-ap-tee-io	166	build(deps): bump docs-resources from `1108f25` to `a73e1bd`	closed	dependabot[bot]	2026-03-16T16:50:46Z	2026-03-17T16:09:37Z	dependencies;submodules	
riscv-ap-tee-io	165	build(deps): bump docs-resources from `f756855` to `1108f25`	closed	2026-03-12T17:49:32Z	dependabot[bot]	2026-03-12T16:09:44Z	2026-03-12T17:49:41Z	dependencies;submodules
riscv-ap-tee-io	163	build(deps): bump docs-resources from `f756855` to `394d032`	closed	dependabot[bot]	2026-03-10T16:10:20Z	2026-03-12T16:09:50Z	dependencies;submodules	
riscv-ap-tee-io	162	build(deps): bump docs-resources from `b024d67` to `f756855`	closed	2026-03-09T18:12:05Z	dependabot[bot]	2026-03-09T17:54:41Z	2026-03-09T18:12:15Z	dependencies;submodules
riscv-ap-tee-io	161	SBI fixes	closed	2026-03-09T06:00:51Z	sameo	2026-03-08T12:11:00Z	2026-03-09T06:00:51Z	
riscv-ap-tee-io	160	specifications: Typo fixes	closed	2026-03-09T05:59:05Z	sameo	2026-03-07T20:04:42Z	2026-03-09T05:59:06Z	
riscv-ap-tee-io	157	build(deps): bump docs-resources from `9069637` to `b024d67`	closed	2026-03-07T15:33:40Z	dependabot[bot]	2026-02-27T16:07:46Z	2026-03-07T15:33:49Z	dependencies;submodules
riscv-ap-tee-io	159	Update GitHub Actions to requested versions	closed	2026-03-07T10:47:57Z	rpsene	2026-03-06T22:06:36Z	2026-03-07T10:47:57Z	
riscv-ap-tee-io	158	Use ghcr.io/riscv/riscv-docs-base-container-image:latest	closed	2026-03-06T18:32:44Z	rpsene	2026-03-06T16:57:03Z	2026-03-06T18:32:45Z	
riscv-ap-tee-io	156	build(deps): bump docs-resources from `c066d8f` to `9069637`	closed	2026-02-27T06:41:26Z	dependabot[bot]	2026-02-20T16:10:26Z	2026-02-27T06:41:33Z	dependencies;submodules
riscv-ap-tee-io	155	build(deps): bump docs-resources from `c066d8f` to `1666258`	closed	dependabot[bot]	2026-02-18T16:19:50Z	2026-02-20T16:10:31Z	dependencies;submodules	
riscv-ap-tee-io	153	cove-io: v0.3.0 release	closed	2026-02-18T08:16:03Z	sameo	2026-02-17T09:09:50Z	2026-02-18T08:16:03Z	
riscv-ap-tee-io	154	build(deps): bump docs-resources from `a41c354` to `c066d8f`	closed	2026-02-18T05:41:40Z	dependabot[bot]	2026-02-17T16:14:42Z	2026-02-18T05:41:47Z	dependencies;submodules
riscv-ap-tee-io	150	v0.3 release preparation	closed	2026-02-17T09:01:09Z	sameo	2026-02-11T06:45:51Z	2026-02-17T09:01:09Z	
riscv-ap-tee-io	152	build(deps): bump docs-resources from `40aed03` to `a41c354`	closed	2026-02-17T05:50:31Z	dependabot[bot]	2026-02-16T17:19:56Z	2026-02-17T05:50:38Z	dependencies;submodules
riscv-ap-tee-io	151	Add reference for PQC algo.	closed	2026-02-12T08:08:41Z	jyao1	2026-02-12T07:25:58Z	2026-02-12T08:08:41Z	
riscv-ap-tee-io	138	fix typo	closed	2025-12-01T16:57:17Z	jyao1	2025-12-01T07:06:10Z	2026-02-12T07:17:51Z	
riscv-ap-tee-io	137	Add Transcript element and clarification	closed	2025-12-02T06:03:47Z	jyao1	2025-12-01T07:02:56Z	2026-02-12T07:17:51Z	
riscv-ap-tee-io	149	build(deps): bump docs-resources from `7a9931f` to `40aed03`	closed	2026-02-11T05:42:32Z	dependabot[bot]	2026-02-09T18:29:34Z	2026-02-11T05:42:40Z	dependencies;submodules
riscv-ap-tee-io	145	specifications: CoVE-IO SBI summary	closed	2026-02-05T08:21:36Z	sameo	2026-01-29T06:00:22Z	2026-02-05T08:21:36Z	
riscv-ap-tee-io	146	specifications: Add RDSM requirements	closed	2026-02-05T08:07:58Z	sameo	2026-02-01T16:19:04Z	2026-02-05T08:07:58Z	
riscv-ap-tee-io	148	build(deps): bump docs-resources from `be002f1` to `7a9931f`	closed	2026-02-05T08:07:38Z	dependabot[bot]	2026-02-05T08:04:46Z	2026-02-05T08:07:47Z	dependencies;submodules
riscv-ap-tee-io	147	docs-resources: Upstream sync	closed	2026-02-05T08:04:07Z	sameo	2026-02-01T18:36:54Z	2026-02-05T08:04:08Z	
riscv-ap-tee-io	144	specifications: Remove the PCIe root port registration SBI	closed	2026-01-29T08:05:57Z	sameo	2026-01-21T06:53:03Z	2026-01-29T08:05:57Z	
riscv-ap-tee-io	142	specifications: Remove the IOMMU registration flow and related SBI	closed	2025-12-30T06:59:02Z	sameo	2025-12-16T16:41:42Z	2025-12-30T06:59:02Z	
riscv-ap-tee-io	143	Supervisor Domain typos	closed	2025-12-19T06:10:50Z	sameo	2025-12-16T17:07:45Z	2025-12-19T06:10:50Z	
riscv-ap-tee-io	136	specifications: Define the PCIe RP IDE management flows and ABI	closed	2025-12-01T06:33:09Z	sameo	2025-11-04T17:18:22Z	2025-12-01T06:33:09Z	
riscv-ap-tee-io	133	specifications: Define the SPDM data structure and flows	closed	2025-11-04T06:44:23Z	sameo	2025-09-15T15:08:21Z	2025-11-04T06:44:23Z	
riscv-ap-tee-io	1	specification: Initial commit	closed	2023-04-23T02:00:46Z	sameo	2023-04-21T13:52:15Z	2025-09-15T15:07:20Z	
riscv-ap-tee-io	127	Clarify PQC algorithm requirement	closed	2025-09-09T06:55:00Z	jyao1	2025-09-08T06:47:10Z	2025-09-11T09:36:07Z	
riscv-ap-tee-io	128	Add AEAD limit description	closed	2025-09-09T06:55:45Z	jyao1	2025-09-08T07:13:27Z	2025-09-11T09:35:56Z	
riscv-ap-tee-io	129	Add SPDM heartbeat	closed	2025-09-09T09:35:53Z	jyao1	2025-09-08T07:39:31Z	2025-09-11T09:35:42Z	
riscv-ap-tee-io	50	Touch up spelling and grammar	closed	2024-01-05T08:01:45Z	steven-bellock	2024-01-05T00:22:44Z	2024-12-18T16:14:27Z	
riscv-ap-tee-io	125	Add more description for firmware update.	closed	2024-11-26T07:55:12Z	jyao1	2024-10-08T09:18:58Z	2024-12-04T01:53:11Z	
riscv-ap-tee-io	126	Provide description for measurement transcript usage.	closed	2024-12-04T01:52:19Z	jyao1	2024-11-28T00:41:32Z	2024-12-04T01:52:23Z	
riscv-ap-tee-io	112	Complete mitigation section	closed	2024-05-05T17:11:05Z	jyao1	2024-04-26T09:13:22Z	2024-10-08T09:00:43Z	v0.2.0
riscv-ap-tee-io	109	add description for key update.	closed	2024-04-16T08:37:14Z	jyao1	2024-04-08T12:24:55Z	2024-10-08T09:00:43Z	
riscv-ap-tee-io	123	Fix dead link	closed	2024-07-03T05:03:53Z	steven-bellock	2024-07-02T23:19:50Z	2024-07-03T05:05:11Z	
riscv-ap-tee-io	122	CoVE-IO v0.2.0	closed	2024-05-18T21:13:45Z	sameo	2024-05-17T20:28:33Z	2024-05-18T21:13:45Z	
riscv-ap-tee-io	121	specification: Clear all ATC cache when unbinding a TDI	closed	2024-05-14T13:52:15Z	sameo	2024-05-14T07:22:34Z	2024-05-14T18:36:11Z	
riscv-ap-tee-io	119	specification: Define the device disconnection flow	closed	2024-05-14T09:06:48Z	sameo	2024-05-07T06:06:13Z	2024-05-14T09:06:48Z	v0.2.0
riscv-ap-tee-io	113	specification: Define the interface unbinding flows	closed	2024-05-07T08:32:59Z	sameo	2024-04-28T11:12:28Z	2024-05-14T07:23:19Z	v0.2.0
riscv-ap-tee-io	120	specification: Clean up and fix contributors section	closed	2024-05-13T07:46:40Z	sameo	2024-05-13T04:10:12Z	2024-05-13T07:46:41Z	
riscv-ap-tee-io	118	Makefile: Use the kroki service to generate diagrams	closed	2024-05-07T07:18:53Z	sameo	2024-05-05T18:01:00Z	2024-05-07T07:18:53Z	
riscv-ap-tee-io	62	Fix mermaid diagrams in PDFs.	closed	wmat	2024-01-18T17:41:10Z	2024-05-05T18:05:09Z		
riscv-ap-tee-io	63	Fixed theme	closed	wmat	2024-01-18T18:42:51Z	2024-05-05T18:01:56Z		
riscv-ap-tee-io	115	specification: Glossary fixes	closed	2024-05-02T05:24:18Z	sameo	2024-04-30T08:17:31Z	2024-05-02T05:24:18Z	
riscv-ap-tee-io	117	doc-resources update	closed	2024-05-02T05:11:50Z	sameo	2024-04-30T16:04:24Z	2024-05-02T05:11:51Z	
riscv-ap-tee-io	116	riscv-ap-tee-io: Use the RVI specification repo template	closed	2024-04-30T12:43:13Z	sameo	2024-04-30T09:47:41Z	2024-04-30T12:43:13Z	
riscv-ap-tee-io	114	Update the docs resources submodule	closed	sameo	2024-04-29T09:28:29Z	2024-04-30T09:48:05Z		
riscv-ap-tee-io	110	specifications: Explicitly call out the unbinding flows	closed	2024-04-18T15:07:40Z	sameo	2024-04-16T07:12:57Z	2024-04-18T18:45:24Z	
riscv-ap-tee-io	111	specification: Expand the CoVE-IO arch diagram with another TSM	closed	2024-04-18T15:07:55Z	sameo	2024-04-16T07:31:23Z	2024-04-18T18:42:12Z	
riscv-ap-tee-io	97	Remove M mode component from adversary.	closed	2024-02-21T17:54:20Z	jyao1	2024-01-31T07:27:39Z	2024-04-08T11:46:23Z	
riscv-ap-tee-io	64	Add description for DDA mode	closed	2024-02-22T09:06:49Z	jyao1	2024-01-21T04:54:41Z	2024-04-08T11:46:23Z	
riscv-ap-tee-io	107	specification: Make IDE key ownership model clearer	closed	2024-03-22T15:32:01Z	sameo	2024-03-18T07:34:55Z	2024-03-22T15:32:01Z	
riscv-ap-tee-io	104	specifications: Architecture overview clarification	closed	2024-03-19T17:32:14Z	sameo	2024-02-22T09:52:01Z	2024-03-19T17:32:14Z	
riscv-ap-tee-io	106	specification: Consistently use the supervisor domain manager term	closed	2024-03-15T06:33:54Z	sameo	2024-03-13T06:40:16Z	2024-03-15T06:33:55Z	
riscv-ap-tee-io	105	specifications: Relax the PCIe accessible RoT requirement	closed	2024-03-15T06:33:37Z	sameo	2024-03-12T06:58:32Z	2024-03-15T06:33:37Z	
riscv-ap-tee-io	103	specification: Clarify the IOMMU requirements	closed	2024-03-12T09:49:42Z	sameo	2024-02-20T07:47:47Z	2024-03-12T09:49:43Z	
riscv-ap-tee-io	102	clarify the TVM confidential DMA scope.	closed	2024-02-19T18:59:22Z	jyao1	2024-02-18T07:19:38Z	2024-02-20T01:24:14Z	
riscv-ap-tee-io	101	Clarify SPDM session requirement	closed	2024-02-19T18:58:03Z	jyao1	2024-02-18T07:10:55Z	2024-02-20T01:24:14Z	
riscv-ap-tee-io	94	Clarify page size 4KB.	closed	2024-02-19T18:56:03Z	jyao1	2024-01-31T06:13:08Z	2024-02-20T01:24:14Z	
riscv-ap-tee-io	99	Fix figure Device Connection - Secured SPDM Session	closed	2024-02-06T10:18:14Z	jyao1	2024-01-31T11:49:44Z	2024-02-18T03:09:34Z	
riscv-ap-tee-io	98	Add clarification for device firmware adversary	closed	2024-02-06T10:01:19Z	jyao1	2024-01-31T07:38:12Z	2024-02-18T03:09:34Z	
riscv-ap-tee-io	96	Clarify TSM in security requirement.	closed	2024-02-06T10:00:34Z	jyao1	2024-01-31T06:45:08Z	2024-02-18T03:09:34Z	
riscv-ap-tee-io	100	specification: Fix security model typo	closed	2024-02-06T09:46:39Z	sameo	2024-02-06T09:05:38Z	2024-02-06T09:46:39Z	
riscv-ap-tee-io	92	Correct term and URL for reference.	closed	2024-02-01T16:39:18Z	jyao1	2024-01-31T05:49:23Z	2024-02-02T02:02:44Z	
riscv-ap-tee-io	95	clarify both usage	closed	2024-02-01T16:41:12Z	jyao1	2024-01-31T06:30:16Z	2024-02-02T01:49:36Z	
riscv-ap-tee-io	93	fix typos	closed	2024-02-01T16:39:34Z	jyao1	2024-01-31T06:01:42Z	2024-02-02T01:49:22Z	
riscv-ap-tee-io	66	specification: Assign FIDs	closed	2024-01-23T08:05:00Z	sameo	2024-01-21T20:06:46Z	2024-01-23T08:05:01Z	
riscv-ap-tee-io	65	Fix a couple of misleading terms	closed	2024-01-23T06:44:15Z	sameo	2024-01-21T19:50:37Z	2024-01-23T06:44:15Z	
riscv-ap-tee-io	46	clarify format of certificate chain and measurement	closed	2023-12-26T10:26:07Z	jyao1	2023-12-24T12:44:07Z	2024-01-21T04:26:13Z	
riscv-ap-tee-io	61	Theme fixes	closed	wmat	2024-01-18T14:38:41Z	2024-01-18T14:49:43Z		
riscv-ap-tee-io	60	Theme fixes	closed	wmat	2024-01-18T02:59:03Z	2024-01-18T10:08:42Z		
riscv-ap-tee-io	36	Add initial attestation section.	closed	2023-10-19T12:46:03Z	jyao1	2023-10-14T08:26:58Z	2024-01-10T01:09:45Z	
riscv-ap-tee-io	49	fix typos and missing Oxford commas	closed	2024-01-04T07:35:03Z	ghost	2024-01-03T22:02:30Z	2024-01-04T07:35:03Z	
riscv-ap-tee-io	47	specification: PDF Update	closed	2024-01-02T01:17:36Z	sameo	2023-12-26T10:38:58Z	2024-01-02T01:17:37Z	
riscv-ap-tee-io	44	specification: Document the CoVE-IO ABI	closed	2023-12-23T16:23:54Z	sameo	2023-12-18T06:37:06Z	2023-12-29T06:22:47Z	
riscv-ap-tee-io	45	specification: Architecture overview	closed	2023-12-25T09:08:22Z	sameo	2023-12-18T17:50:36Z	2023-12-29T06:01:47Z	
riscv-ap-tee-io	43	[specification] PDF update	closed	2023-12-15T05:43:31Z	sameo	2023-11-24T19:37:25Z	2023-12-15T05:43:31Z	
riscv-ap-tee-io	42	specifications: Add a device lifecycle sub section	closed	2023-11-08T15:26:45Z	sameo	2023-11-06T22:53:16Z	2023-11-08T15:26:45Z	
riscv-ap-tee-io	25	specification: IDE link setup	closed	2023-10-09T12:43:24Z	sameo	2023-09-20T05:58:02Z	2023-10-31T10:09:54Z	
riscv-ap-tee-io	41	Add device runtime update and reattestation.	closed	2023-10-31T09:59:33Z	jyao1	2023-10-27T14:21:06Z	2023-10-31T10:06:34Z	
riscv-ap-tee-io	40	Change online to remote according to feedback.	closed	2023-10-24T16:25:40Z	jyao1	2023-10-24T14:38:31Z	2023-10-31T10:06:34Z	
riscv-ap-tee-io	31	specification: Device interface assignment	closed	2023-10-31T08:40:04Z	sameo	2023-10-10T08:42:49Z	2023-10-31T08:40:04Z	
riscv-ap-tee-io	38	specification: Rename the Device Initialization section	closed	2023-10-24T15:24:39Z	sameo	2023-10-23T07:02:21Z	2023-10-24T15:24:39Z	
riscv-ap-tee-io	37	specification: Add Ravi and Ved to the list of contributors	closed	2023-10-23T08:50:55Z	sameo	2023-10-23T06:54:10Z	2023-10-23T08:50:55Z	
riscv-ap-tee-io	34	specification: Formatting fixes	closed	2023-10-11T12:26:34Z	sameo	2023-10-10T15:04:21Z	2023-10-11T12:26:34Z	
riscv-ap-tee-io	29	specification: Device interface assignment flow: TDI acceptation	closed	2023-10-09T12:43:54Z	sameo	2023-09-25T12:43:16Z	2023-10-09T12:43:54Z	
riscv-ap-tee-io	18	specification: CoVE-IO theory of operations	closed	2023-09-20T05:47:35Z	sameo	2023-08-25T11:37:40Z	2023-10-01T14:35:04Z	
riscv-ap-tee-io	27	Clarify TSM measurement	closed	2023-09-25T09:18:22Z	jyao1	2023-09-25T01:06:50Z	2023-10-01T14:34:54Z	
riscv-ap-tee-io	26	Clarify switch programming.	closed	2023-09-25T12:43:44Z	jyao1	2023-09-25T01:02:24Z	2023-10-01T14:34:53Z	
riscv-ap-tee-io	28	specification: Order sections	closed	2023-09-25T15:51:24Z	sameo	2023-09-25T09:18:03Z	2023-09-25T15:51:24Z	
riscv-ap-tee-io	17	specification: Add a generated PDF	closed	2023-08-27T15:28:37Z	sameo	2023-08-22T08:32:07Z	2023-08-27T15:28:37Z	
riscv-ap-tee-io	15	specification: Security model	closed	2023-08-22T08:12:56Z	sameo	2023-07-17T09:29:59Z	2023-08-22T08:12:56Z	
riscv-ap-tee-io	14	Add key refresh requirement.	closed	2023-06-05T01:19:44Z	jyao1	2023-05-31T15:39:12Z	2023-06-05T01:19:48Z	
riscv-ap-tee-io	13	Add SPDM requirement	closed	2023-06-05T01:14:56Z	jyao1	2023-05-31T13:51:52Z	2023-06-05T01:14:59Z	
riscv-ap-tee-io	7	Initial requirements definitions	closed	2023-05-24T09:39:28Z	sameo	2023-05-21T18:28:33Z	2023-05-24T09:39:28Z	
riscv-ap-tee-io	8	Add MSI to the charter based upon meeting feedback.	closed	2023-05-22T14:31:55Z	jyao1	2023-05-22T11:48:47Z	2023-05-22T14:31:55Z	
riscv-ap-tee-io	6	Layout and Introduction Section	closed	2023-05-05T16:00:45Z	sameo	2023-04-24T02:10:37Z	2023-05-05T16:00:45Z	
riscv-ap-tee-io	2	Fix build failure	closed	2023-04-21T16:23:51Z	rpsene	2023-04-21T14:42:37Z	2023-04-21T16:23:51Z	
riscv-event-trace	50	Bump docs-resources from `3dd7194` to `0904c8a`	closed	dependabot[bot]	2026-04-02T13:25:48Z	2026-04-27T16:45:24Z	dependencies;submodules	
riscv-event-trace	51	Bump docs-resources from `3dd7194` to `47257de`	open	dependabot[bot]	2026-04-27T16:45:19Z	2026-04-27T16:45:20Z	dependencies;submodules	
riscv-event-trace	49	Bump docs-resources from `3dd7194` to `a88e6af`	closed	dependabot[bot]	2026-03-31T13:24:30Z	2026-04-02T13:25:54Z	dependencies;submodules	
riscv-event-trace	48	Bump docs-resources from `3dd7194` to `ed7a9df`	closed	dependabot[bot]	2026-03-30T14:40:19Z	2026-03-31T13:24:35Z	dependencies;submodules	
riscv-event-trace	47	Bump docs-resources from `3dd7194` to `78567fd`	closed	dependabot[bot]	2026-03-27T13:25:03Z	2026-03-30T14:40:25Z	dependencies;submodules	
riscv-event-trace	46	Bump docs-resources from `3dd7194` to `29879cc`	closed	dependabot[bot]	2026-03-26T13:25:45Z	2026-03-27T13:25:07Z	dependencies;submodules	
riscv-event-trace	45	Bump docs-resources from `3dd7194` to `a9baab8`	closed	dependabot[bot]	2026-03-25T13:25:18Z	2026-03-26T13:25:50Z	dependencies;submodules	
riscv-event-trace	44	Bump docs-resources from `3dd7194` to `b387152`	closed	dependabot[bot]	2026-03-20T13:24:47Z	2026-03-25T13:25:23Z	dependencies;submodules	
riscv-event-trace	43	Bump docs-resources from `3dd7194` to `286c2a7`	closed	dependabot[bot]	2026-03-19T13:28:43Z	2026-03-20T13:24:51Z	dependencies;submodules	
riscv-event-trace	42	Bump docs-resources from `3dd7194` to `f0caa68`	closed	dependabot[bot]	2026-03-18T13:26:13Z	2026-03-19T13:28:47Z	dependencies;submodules	
riscv-event-trace	41	Bump docs-resources from `3dd7194` to `f32e76d`	closed	dependabot[bot]	2026-03-17T13:25:27Z	2026-03-18T13:26:17Z	dependencies;submodules	
riscv-event-trace	40	Bump docs-resources from `3dd7194` to `a73e1bd`	closed	dependabot[bot]	2026-03-16T13:41:53Z	2026-03-17T13:25:33Z	dependencies;submodules	
riscv-event-trace	39	Bump docs-resources from `3dd7194` to `1108f25`	closed	dependabot[bot]	2026-03-12T13:25:21Z	2026-03-16T13:41:58Z	dependencies;submodules	
riscv-event-trace	38	Bump docs-resources from `3dd7194` to `394d032`	closed	dependabot[bot]	2026-03-11T13:24:18Z	2026-03-12T13:25:25Z	dependencies;submodules	
riscv-event-trace	37	Bump docs-resources from `3dd7194` to `d245338`	closed	dependabot[bot]	2026-03-10T13:25:30Z	2026-03-11T13:24:23Z	dependencies;submodules	
riscv-event-trace	36	Bump docs-resources from `3dd7194` to `f756855`	closed	dependabot[bot]	2026-03-09T14:06:07Z	2026-03-10T13:25:35Z	dependencies;submodules	
riscv-event-trace	33	Bump docs-resources from `3dd7194` to `b024d67`	closed	dependabot[bot]	2026-03-03T21:38:26Z	2026-03-09T14:06:13Z	dependencies;submodules	
riscv-event-trace	35	Update GitHub Actions to requested versions	open	rpsene	2026-03-06T21:40:34Z	2026-03-07T15:30:24Z		
riscv-event-trace	34	Use ghcr.io/riscv/riscv-docs-base-container-image:latest	closed	2026-03-06T16:42:32Z	rpsene	2026-03-06T14:24:43Z	2026-03-06T16:42:32Z	
riscv-event-trace	31	Bump docs-resources from `3dd7194` to `7a9931f`	closed	dependabot[bot]	2026-02-05T13:25:32Z	2026-03-03T21:38:30Z	dependencies;submodules	
riscv-event-trace	32	Test change by Robert to see if it works	closed	2026-02-06T23:35:09Z	mipsrobert	2026-02-06T21:47:34Z	2026-02-06T23:35:09Z	
riscv-event-trace	30	Bump docs-resources from `3dd7194` to `be002f1`	closed	dependabot[bot]	2026-01-30T13:25:10Z	2026-02-05T13:25:36Z	dependencies;submodules	
riscv-event-trace	29	Bump docs-resources from `3dd7194` to `b5eaf50`	closed	dependabot[bot]	2025-12-29T13:22:34Z	2026-01-30T13:25:14Z	dependencies;submodules	
riscv-event-trace	28	Bump docs-resources from `3dd7194` to `edf32fb`	closed	dependabot[bot]	2025-12-18T13:23:31Z	2025-12-29T13:22:38Z	dependencies;submodules	
riscv-event-trace	27	Bump docs-resources from `3dd7194` to `d644eb9`	closed	dependabot[bot]	2025-12-11T13:26:00Z	2025-12-18T13:23:36Z	dependencies;submodules	
riscv-event-trace	26	Bump docs-resources from `3dd7194` to `75d6a61`	closed	dependabot[bot]	2025-12-10T13:23:45Z	2025-12-11T13:26:04Z	dependencies;submodules	
riscv-event-trace	25	Bump docs-resources from `3dd7194` to `cdc5c1c`	closed	dependabot[bot]	2025-12-09T13:28:09Z	2025-12-10T13:23:49Z	dependencies;submodules	
riscv-event-trace	24	Bump docs-resources from `3dd7194` to `08bdece`	closed	dependabot[bot]	2025-12-08T13:26:02Z	2025-12-09T13:28:13Z	dependencies;submodules	
riscv-event-trace	23	Bump docs-resources from `3dd7194` to `8bd1a63`	closed	dependabot[bot]	2025-12-05T13:23:38Z	2025-12-08T13:26:06Z	dependencies;submodules	
riscv-event-trace	22	Bump docs-resources from `3dd7194` to `8bda051`	closed	dependabot[bot]	2025-12-04T13:33:34Z	2025-12-05T13:23:42Z	dependencies;submodules	
riscv-event-trace	21	Bump docs-resources from `3dd7194` to `36dcc26`	closed	dependabot[bot]	2025-12-03T13:26:30Z	2025-12-04T13:33:39Z	dependencies;submodules	
riscv-event-trace	20	Bump docs-resources from `3dd7194` to `116d24e`	closed	dependabot[bot]	2025-12-01T16:23:30Z	2025-12-03T13:26:35Z	dependencies;submodules	
riscv-event-trace	19	Bump docs-resources from `3dd7194` to `22a17b0`	closed	dependabot[bot]	2025-11-28T13:22:23Z	2025-12-01T16:23:34Z	dependencies;submodules	
riscv-event-trace	18	Bump docs-resources from `3dd7194` to `824bd66`	closed	dependabot[bot]	2025-11-27T13:26:00Z	2025-11-28T13:22:27Z	dependencies;submodules	
riscv-event-trace	17	Bump docs-resources from `3dd7194` to `49eff17`	closed	dependabot[bot]	2025-11-24T14:16:04Z	2025-11-27T13:26:04Z	dependencies;submodules	
riscv-event-trace	16	Bump docs-resources from `3dd7194` to `1660fd9`	closed	dependabot[bot]	2025-11-18T13:53:14Z	2025-11-24T14:16:09Z	dependencies;submodules	
riscv-event-trace	15	Bump docs-resources from `3dd7194` to `8e51e9f`	closed	dependabot[bot]	2025-11-14T13:27:37Z	2025-11-18T13:53:18Z	dependencies;submodules	
riscv-event-trace	14	Bump docs-resources from `3dd7194` to `707d21c`	closed	dependabot[bot]	2025-11-13T13:26:45Z	2025-11-14T13:27:41Z	dependencies;submodules	
riscv-event-trace	13	Bump docs-resources from `3dd7194` to `098f02b`	closed	dependabot[bot]	2025-11-11T13:31:49Z	2025-11-13T13:26:49Z	dependencies;submodules	
riscv-event-trace	12	Bump docs-resources from `3dd7194` to `40844de`	closed	dependabot[bot]	2025-11-10T14:19:05Z	2025-11-11T13:31:54Z	dependencies;submodules	
riscv-event-trace	11	Bump docs-resources from `3dd7194` to `3e01674`	closed	dependabot[bot]	2025-11-07T13:28:18Z	2025-11-10T14:19:10Z	dependencies;submodules	
riscv-event-trace	10	Bump docs-resources from `3dd7194` to `75c71b5`	closed	dependabot[bot]	2025-11-03T13:50:34Z	2025-11-07T13:28:22Z	dependencies;submodules	
riscv-event-trace	9	Bump docs-resources from `3dd7194` to `8b88469`	closed	dependabot[bot]	2025-10-29T13:33:41Z	2025-11-03T13:50:38Z	dependencies;submodules	
riscv-event-trace	8	Bump docs-resources from `3dd7194` to `07ae7be`	closed	dependabot[bot]	2025-10-28T13:35:28Z	2025-10-29T13:33:46Z	dependencies;submodules	
riscv-event-trace	7	Bump docs-resources from `3dd7194` to `4b6af80`	closed	dependabot[bot]	2025-10-20T14:19:28Z	2025-10-28T13:35:32Z	dependencies;submodules	
riscv-event-trace	6	Bump docs-resources from `3dd7194` to `14a3283`	closed	dependabot[bot]	2025-10-17T13:29:43Z	2025-10-20T14:19:32Z	dependencies;submodules	
riscv-event-trace	5	Bump docs-resources from `3dd7194` to `2f436fa`	closed	dependabot[bot]	2025-10-16T13:36:16Z	2025-10-17T13:29:47Z	dependencies;submodules	
riscv-event-trace	4	Bump docs-resources from `3dd7194` to `d71e312`	closed	dependabot[bot]	2025-10-13T14:07:58Z	2025-10-16T13:36:21Z	dependencies;submodules	
riscv-event-trace	3	Bump docs-resources from `3dd7194` to `c90c0bf`	closed	dependabot[bot]	2025-10-02T13:30:12Z	2025-10-13T14:08:04Z	dependencies;submodules	
riscv-event-trace	2	Bump docs-resources from `3dd7194` to `ff1e5eb`	closed	dependabot[bot]	2025-09-30T14:14:41Z	2025-10-02T13:30:17Z	dependencies;submodules	
riscv-event-trace	1	Bump docs-resources from `3dd7194` to `6ef1a1f`	closed	dependabot[bot]	2025-09-25T14:33:26Z	2025-09-30T14:14:46Z	dependencies;submodules	
riscv-trace-spec	320	Bump docs-resources from `0904c8a` to `47257de`	closed	2026-04-28T09:49:30Z	dependabot[bot]	2026-04-28T09:20:36Z	2026-04-28T09:49:35Z	dependencies;submodules
riscv-trace-spec	312	Updates 2.0.5	open	IainCRobertson	2026-04-02T17:02:49Z	2026-04-24T16:40:05Z		
riscv-trace-spec	276	First pass support packet - Issue-275	open	IainCRobertson	2026-02-02T15:54:53Z	2026-04-24T14:35:25Z		
riscv-trace-spec	269	First pass MMA/Cas extension - Issue-268	open	IainCRobertson	2026-01-19T17:29:57Z	2026-04-20T17:09:17Z		
riscv-trace-spec	318	Clarified split load packet names and usage - Issue-301	open	IainCRobertson	2026-04-13T13:13:44Z	2026-04-13T13:13:44Z		
riscv-trace-spec	317	Clarified data compression - Issue-310	open	IainCRobertson	2026-04-13T10:20:45Z	2026-04-13T10:20:45Z		
riscv-trace-spec	316	Remove inappropriate references to time change - Issue-272	open	IainCRobertson	2026-04-13T10:06:17Z	2026-04-13T10:06:17Z		
riscv-trace-spec	264	Issue 254	open	IainCRobertson	2025-12-22T15:00:38Z	2026-04-13T09:53:21Z		
riscv-trace-spec	315	Fix LaTeX to asciidoc translation error - Issue-271	open	IainCRobertson	2026-04-13T09:45:12Z	2026-04-13T09:45:12Z		
riscv-trace-spec	314	Fix errors in control section - Issue-240	open	IainCRobertson	2026-04-13T09:19:20Z	2026-04-13T09:19:20Z		
riscv-trace-spec	253	Updated packet format and pseudo-code for implicit return - Issue-253	closed	IainCRobertson	2025-09-29T08:47:35Z	2026-04-10T16:08:34Z		
riscv-trace-spec	77	Post freeze	closed	2022-03-15T15:29:47Z	IainCRobertson	2022-03-15T15:26:44Z	2026-04-02T16:59:33Z	
riscv-trace-spec	71	Improvements and corrections related to exception handling	closed	2021-11-02T13:10:51Z	IainCRobertson	2021-11-01T09:31:43Z	2026-04-02T16:59:30Z	
riscv-trace-spec	38	Fixed width of irdepth field	closed	2020-01-23T11:06:06Z	IainCRobertson	2020-01-23T10:44:19Z	2026-04-02T16:59:29Z	
riscv-trace-spec	36	Added inferable tail calls to section 3.1.1 and replaced inferable re…	closed	2020-01-21T19:42:00Z	IainCRobertson	2020-01-07T17:19:52Z	2026-04-02T16:59:28Z	
riscv-trace-spec	193	Updated reference to common control spec - Issue 177	closed	IainCRobertson	2025-01-30T17:52:17Z	2026-04-02T16:59:21Z		
riscv-trace-spec	311	Bump docs-resources from `a88e6af` to `0904c8a`	closed	2026-04-02T09:22:40Z	dependabot[bot]	2026-04-02T09:14:52Z	2026-04-02T09:22:43Z	dependencies;submodules
riscv-trace-spec	309	Bump docs-resources from `ed7a9df` to `a88e6af`	closed	2026-04-01T15:54:10Z	dependabot[bot]	2026-03-31T09:17:10Z	2026-04-01T15:54:13Z	dependencies;submodules
riscv-trace-spec	307	Bump docs-resources from `78567fd` to `ed7a9df`	closed	2026-03-30T10:05:11Z	dependabot[bot]	2026-03-30T09:39:30Z	2026-03-30T10:05:15Z	dependencies;submodules
riscv-trace-spec	306	Bump docs-resources from `29879cc` to `78567fd`	closed	2026-03-27T09:57:34Z	dependabot[bot]	2026-03-27T09:11:08Z	2026-03-27T09:57:38Z	dependencies;submodules
riscv-trace-spec	305	Bump docs-resources from `a9baab8` to `29879cc`	closed	2026-03-26T09:53:09Z	dependabot[bot]	2026-03-26T09:12:14Z	2026-03-26T09:53:13Z	dependencies;submodules
riscv-trace-spec	304	Bump docs-resources from `b387152` to `a9baab8`	closed	2026-03-25T09:46:15Z	dependabot[bot]	2026-03-25T09:11:30Z	2026-03-25T09:46:18Z	dependencies;submodules
riscv-trace-spec	303	Bump docs-resources from `286c2a7` to `b387152`	closed	2026-03-20T11:15:05Z	dependabot[bot]	2026-03-20T09:10:43Z	2026-03-20T11:15:08Z	dependencies;submodules
riscv-trace-spec	302	Bump docs-resources from `f0caa68` to `286c2a7`	closed	2026-03-19T09:30:56Z	dependabot[bot]	2026-03-19T09:11:52Z	2026-03-19T09:31:04Z	dependencies;submodules
riscv-trace-spec	300	Bump docs-resources from `f32e76d` to `f0caa68`	closed	2026-03-18T10:04:38Z	dependabot[bot]	2026-03-18T09:11:32Z	2026-03-18T10:04:47Z	dependencies;submodules
riscv-trace-spec	299	Bump docs-resources from `a73e1bd` to `f32e76d`	closed	2026-03-17T09:49:10Z	dependabot[bot]	2026-03-17T09:14:57Z	2026-03-17T09:49:13Z	dependencies;submodules
riscv-trace-spec	298	Bump docs-resources from `1108f25` to `a73e1bd`	closed	2026-03-16T10:25:10Z	dependabot[bot]	2026-03-16T09:34:02Z	2026-03-16T10:25:13Z	dependencies;submodules
riscv-trace-spec	295	Bump docs-resources from `394d032` to `1108f25`	closed	2026-03-12T10:38:34Z	dependabot[bot]	2026-03-12T09:12:56Z	2026-03-12T10:38:37Z	dependencies;submodules
riscv-trace-spec	293	Bump docs-resources from `d245338` to `394d032`	closed	2026-03-11T10:11:12Z	dependabot[bot]	2026-03-11T09:14:44Z	2026-03-11T10:11:16Z	dependencies;submodules
riscv-trace-spec	292	Bump docs-resources from `f756855` to `d245338`	closed	2026-03-10T10:54:20Z	dependabot[bot]	2026-03-10T09:15:15Z	2026-03-10T10:54:23Z	dependencies;submodules
riscv-trace-spec	291	Bump docs-resources from `9069637` to `f756855`	closed	2026-03-09T11:00:13Z	dependabot[bot]	2026-03-09T09:40:40Z	2026-03-09T11:00:16Z	dependencies;submodules
riscv-trace-spec	287	Bump docs-resources from `9069637` to `b024d67`	closed	dependabot[bot]	2026-02-27T09:13:18Z	2026-03-09T09:40:45Z	dependencies;submodules	
riscv-trace-spec	290	Update GitHub Actions to requested versions	closed	2026-03-07T14:41:50Z	rpsene	2026-03-06T22:09:21Z	2026-03-09T09:08:40Z	
riscv-trace-spec	289	Use ghcr.io/riscv/riscv-docs-base-container-image:latest	closed	2026-03-06T17:08:11Z	rpsene	2026-03-06T16:59:31Z	2026-03-06T17:08:11Z	
riscv-trace-spec	286	Bump docs-resources from `1666258` to `9069637`	closed	2026-02-20T09:41:26Z	dependabot[bot]	2026-02-20T09:15:10Z	2026-02-20T09:41:34Z	dependencies;submodules
riscv-trace-spec	285	Bump docs-resources from `c066d8f` to `1666258`	closed	2026-02-18T09:54:27Z	dependabot[bot]	2026-02-18T09:15:44Z	2026-02-18T09:54:35Z	dependencies;submodules
riscv-trace-spec	284	Bump docs-resources from `a41c354` to `c066d8f`	closed	2026-02-17T09:19:40Z	dependabot[bot]	2026-02-17T09:18:00Z	2026-02-17T09:19:48Z	dependencies;submodules
riscv-trace-spec	283	Bump docs-resources from `40aed03` to `a41c354`	closed	2026-02-16T11:12:59Z	dependabot[bot]	2026-02-16T09:52:00Z	2026-02-16T11:13:07Z	dependencies;submodules
riscv-trace-spec	281	Bump docs-resources from `7a9931f` to `40aed03`	closed	2026-02-09T10:41:12Z	dependabot[bot]	2026-02-09T10:08:28Z	2026-02-09T10:41:20Z	dependencies;submodules
riscv-trace-spec	280	Bump docs-resources from `b5eaf50` to `7a9931f`	closed	2026-02-05T09:59:04Z	dependabot[bot]	2026-02-05T09:15:04Z	2026-02-05T09:59:12Z	dependencies;submodules
riscv-trace-spec	274	Bump docs-resources from `b5eaf50` to `be002f1`	closed	dependabot[bot]	2026-01-30T09:13:58Z	2026-02-05T09:15:09Z	dependencies;submodules	
riscv-trace-spec	216	Replace 'halted' signal with 'inhibit' vector 	closed	AoteJin	2025-03-12T06:12:33Z	2026-01-30T11:10:54Z		
riscv-trace-spec	265	Bump docs-resources from `5f1f331` to `b5eaf50`	closed	2026-01-08T16:13:02Z	dependabot[bot]	2026-01-08T16:09:04Z	2026-01-08T16:13:10Z	dependencies;submodules
riscv-trace-spec	181	add dependabot to create PR to update the submodules to latest	closed	2026-01-08T16:08:23Z	ghost	2024-12-10T03:59:38Z	2026-01-08T16:08:23Z	
riscv-trace-spec	217	referenceFlow/scripts: fix NoneType print	closed	yangn0	2025-03-17T02:10:11Z	2025-08-26T02:10:33Z		
riscv-trace-spec	245	Issue 244	open	IainCRobertson	2025-08-01T11:09:42Z	2025-08-04T09:14:48Z		
riscv-trace-spec	203	Updates 2.0.4	closed	2025-06-16T14:22:59Z	IainCRobertson	2025-02-18T17:27:13Z	2025-06-16T14:23:14Z	
riscv-trace-spec	237	Update ingressPort.adoc: add missing word	closed	2025-06-13T15:17:29Z	MartinAment	2025-06-13T13:59:39Z	2025-06-13T15:17:30Z	
riscv-trace-spec	234	Generalised CSRs for traps - Issue 232	closed	2025-06-02T08:00:26Z	IainCRobertson	2025-06-02T08:00:18Z	2025-06-02T08:00:37Z	
riscv-trace-spec	233	Fixed typo	closed	2025-06-02T07:56:10Z	IainCRobertson	2025-06-02T07:55:44Z	2025-06-02T07:56:16Z	
riscv-trace-spec	231	Add timing mitigation for implicit return and JTC - issue 206	closed	2025-05-16T14:55:47Z	IainCRobertson	2025-05-16T14:55:16Z	2025-05-16T14:55:54Z	
riscv-trace-spec	230	Fixed cross-ref typo - Issue 228	closed	2025-04-29T09:43:13Z	IainCRobertson	2025-04-29T09:42:38Z	2025-04-29T09:43:26Z	
riscv-trace-spec	227	Emphasized the need to implement the predicted branch count in full -…	closed	2025-04-24T09:33:07Z	IainCRobertson	2025-04-23T10:31:36Z	2025-04-24T09:33:14Z	
riscv-trace-spec	226	Updates 2.0.4 issue 225	closed	2025-04-24T09:13:50Z	IainCRobertson	2025-04-23T10:17:53Z	2025-04-24T09:30:23Z	
riscv-trace-spec	222	Removed obsolete text - Issue-221	closed	2025-04-04T07:58:48Z	IainCRobertson	2025-04-04T07:58:28Z	2025-04-04T07:59:44Z	
riscv-trace-spec	213	Clarified sequentially inferrable jumps - Issue-211	closed	2025-03-28T16:21:21Z	IainCRobertson	2025-03-11T11:45:17Z	2025-03-28T16:21:26Z	
riscv-trace-spec	212	Correct EPC behaviour - Issue-210	closed	2025-03-28T16:18:55Z	IainCRobertson	2025-03-11T11:38:25Z	2025-03-28T16:18:59Z	
riscv-trace-spec	214	Removed ecall and ebreak from is_uninferable_discon - Issue 207	closed	2025-03-28T12:32:27Z	IainCRobertson	2025-03-11T16:52:49Z	2025-03-28T12:32:30Z	
riscv-trace-spec	208	Added clarification on the interaction between implciit return and ju…	closed	2025-03-28T12:21:45Z	IainCRobertson	2025-02-27T14:09:00Z	2025-03-28T12:21:53Z	
riscv-trace-spec	215	- Replace "halted" signal with "inhibit" vector 	closed	AoteJin	2025-03-12T03:26:47Z	2025-03-12T05:38:19Z		
riscv-trace-spec	209	Updates 2.0.4 issue 207	closed	IainCRobertson	2025-03-03T21:48:00Z	2025-03-11T16:51:23Z		
riscv-trace-spec	195	Clarified sdata validity - Issue 190	closed	2025-02-18T17:07:07Z	IainCRobertson	2025-01-31T14:05:12Z	2025-02-27T07:58:09Z	
riscv-trace-spec	202	Clarified sync-trap behaviour if 1st traced instruction traps - Issue…	closed	2025-02-18T17:21:42Z	IainCRobertson	2025-02-17T16:21:01Z	2025-02-18T17:21:45Z	
riscv-trace-spec	198	Update reference algorithm to cover missing trap handling case - Issu…	closed	2025-02-18T17:17:21Z	IainCRobertson	2025-01-31T15:57:50Z	2025-02-18T17:17:24Z	
riscv-trace-spec	196	Fix typos - Issue-191	closed	2025-02-18T17:08:55Z	IainCRobertson	2025-01-31T14:32:31Z	2025-02-18T17:08:58Z	
riscv-trace-spec	194	Remove special case from is_inferrable_jump - Issue 188	closed	2025-02-18T17:04:43Z	IainCRobertson	2025-01-31T12:30:47Z	2025-02-18T17:04:48Z	
riscv-trace-spec	184	Added clarification on retiring inferable calls in blocks when itype …	closed	2025-02-18T16:57:20Z	IainCRobertson	2024-12-23T11:43:53Z	2025-02-18T16:57:23Z	
riscv-trace-spec	179	Generalized resync behaviour	closed	2025-02-18T16:51:49Z	IainCRobertson	2024-11-25T12:21:38Z	2025-02-18T16:51:54Z	
riscv-trace-spec	178	Updated references to point to ratified Common Contorl spec	closed	2025-02-18T16:46:52Z	IainCRobertson	2024-11-25T11:44:31Z	2025-02-18T16:46:55Z	
riscv-trace-spec	171	Clarify which addresses are stored in the JTC - Issue 169	closed	2025-02-18T16:42:40Z	IainCRobertson	2024-11-12T17:25:19Z	2025-02-18T16:42:44Z	
riscv-trace-spec	165	Updates 2.0.4 issue 154	closed	2025-02-17T18:16:21Z	IainCRobertson	2024-10-24T01:29:06Z	2025-02-17T18:16:26Z	
riscv-trace-spec	164	Updates 2.0.4 issue 153	closed	2025-02-17T18:04:30Z	IainCRobertson	2024-10-24T01:26:36Z	2025-02-17T18:04:34Z	
riscv-trace-spec	163	Updates 2.0.4 issue 152	closed	2025-02-17T17:59:22Z	IainCRobertson	2024-10-24T01:25:08Z	2025-02-17T18:01:21Z	
riscv-trace-spec	162	Updates 2.0.4 issue 142	closed	2025-02-17T17:56:20Z	IainCRobertson	2024-10-24T01:21:53Z	2025-02-17T17:56:23Z	
riscv-trace-spec	161	Updates 2.0.4 issue 138	closed	2025-02-17T17:48:27Z	IainCRobertson	2024-10-24T01:17:54Z	2025-02-17T17:48:31Z	
riscv-trace-spec	160	Updates 2.0.4 issue 117	closed	2025-02-17T17:42:11Z	IainCRobertson	2024-10-24T01:15:08Z	2025-02-17T17:43:42Z	
riscv-trace-spec	159	Updates 2.0.4 issue 97	closed	2025-02-17T17:34:28Z	IainCRobertson	2024-10-24T01:09:49Z	2025-02-17T17:34:33Z	
riscv-trace-spec	158	Updates 2.0.4 issue 99	closed	2025-02-17T17:26:48Z	IainCRobertson	2024-10-24T01:05:33Z	2025-02-17T17:26:51Z	
riscv-trace-spec	157	Updates 2.0.4 issue 93	closed	2025-02-17T17:19:20Z	IainCRobertson	2024-10-24T00:58:40Z	2025-02-17T17:19:32Z	
riscv-trace-spec	200	Updates 2.0.4 issue 187	closed	rpsene	2025-02-12T17:27:54Z	2025-02-12T17:31:36Z		
riscv-trace-spec	197	Sample Test Change - DO NOT MERGE	open	rpsene	2025-01-31T14:42:19Z	2025-01-31T14:42:19Z		
riscv-trace-spec	130	Correct typos in ingressPort.adoc	closed	wissygh	2024-07-16T09:51:11Z	2024-07-26T08:26:16Z		
riscv-trace-spec	129	Fix the citation to table `context-type` in ingressPort.adoc	closed	2024-07-09T08:43:51Z	wissygh	2024-07-09T07:20:15Z	2024-07-09T08:43:51Z	
riscv-trace-spec	123	121 qual status value missing of format 3 subformat 3 in v203 version	closed	2024-06-24T14:45:26Z	wmat	2024-06-24T13:30:43Z	2024-06-24T14:45:31Z	
riscv-trace-spec	101	Formatting fixes	closed	2024-04-19T16:49:28Z	wmat	2024-04-19T15:00:23Z	2024-04-19T17:01:47Z	
riscv-trace-spec	95	Update readme	closed	2024-03-07T08:39:41Z	wmat	2024-03-06T19:29:41Z	2024-03-07T08:39:41Z	
riscv-trace-spec	94	Bump version to 2.0.2 for first AsciiDoc version.	closed	2024-03-06T13:16:13Z	wmat	2024-03-05T19:53:41Z	2024-03-06T13:16:18Z	
riscv-trace-spec	91	Move spec to AsciiDoc	closed	2024-03-01T01:31:24Z	wmat	2024-01-19T15:52:57Z	2024-03-01T01:40:58Z	
riscv-trace-spec	88	Final updates for front page of 2.0.1	closed	2023-12-15T09:53:59Z	IainCRobertson	2023-11-27T16:25:50Z	2024-03-01T01:14:11Z	
riscv-trace-spec	86	Replaced control with references to RISC-V Trace Control Interface spec	closed	2023-12-15T09:49:14Z	IainCRobertson	2023-09-05T15:05:39Z	2024-03-01T01:13:58Z	
riscv-trace-spec	85	Fixed lrid/index typos	closed	2023-12-15T09:44:50Z	IainCRobertson	2023-07-25T17:26:18Z	2024-03-01T01:13:57Z	
riscv-trace-spec	84	fix jump classification problems, issue 83	closed	2023-12-15T09:39:30Z	bcstrongx	2023-06-07T20:47:05Z	2024-03-01T01:13:54Z	
riscv-trace-spec	80	Added clarifications for push/pop and data trace	closed	2023-12-15T09:30:45Z	IainCRobertson	2022-11-07T18:06:23Z	2024-03-01T01:13:51Z	
riscv-trace-spec	90	Fix decoder omission highlighted by issue #89	closed	2024-01-05T15:22:50Z	IainCRobertson	2024-01-05T13:48:48Z	2024-01-05T15:22:59Z	
riscv-trace-spec	76	Remove the term 'master' and replace with 'primary'	closed	2022-03-15T15:29:49Z	cetola	2022-01-26T01:46:01Z	2022-03-15T15:29:49Z	
riscv-trace-spec	72	End 2 end gp	closed	2021-11-02T13:10:50Z	gajinderpanesar	2021-11-02T13:10:34Z	2021-11-02T13:10:51Z	
riscv-trace-spec	70	Improvements to exception handling and various clarifications	closed	2021-10-19T13:07:17Z	IainCRobertson	2021-10-19T12:39:14Z	2021-10-19T13:07:17Z	
riscv-trace-spec	65	Replaced remaining references to ended_upd with ended_ntr	closed	2021-09-24T11:00:01Z	IainCRobertson	2021-09-24T10:59:42Z	2021-09-24T11:00:02Z	
riscv-trace-spec	64	Correct algorithm include	closed	2021-09-24T10:12:17Z	IainCRobertson	2021-09-24T10:11:21Z	2021-09-24T10:12:17Z	
riscv-trace-spec	63	Added discovery details for data trace	closed	2021-09-24T08:52:04Z	IainCRobertson	2021-09-23T09:36:31Z	2021-09-24T08:52:05Z	
riscv-trace-spec	57	Corrected placement of context change with discontinuity on the algor…	closed	2021-08-23T08:35:00Z	IainCRobertson	2021-08-20T16:17:29Z	2021-08-23T08:35:00Z	
riscv-trace-spec	56	Added note on push/pop and fixed various typos	closed	2021-08-19T14:36:13Z	IainCRobertson	2021-08-19T13:51:33Z	2021-08-19T14:36:13Z	
riscv-trace-spec	55	Fixed typos:irstatus -> irreport	closed	2021-04-07T13:21:29Z	IainCRobertson	2021-04-07T10:15:55Z	2021-04-07T13:21:30Z	
riscv-trace-spec	54	Fixed typo in lastsize width (table 4.3)	closed	2021-03-12T10:56:21Z	IainCRobertson	2021-03-12T10:23:15Z	2021-03-12T10:56:21Z	
riscv-trace-spec	53	Added reference to register map in the Nexus trace docs	closed	IainCRobertson	2021-03-08T09:15:20Z	2021-03-08T10:53:36Z		
riscv-trace-spec	52	Addition of simple assembly test that should generate example trace messages	closed	2021-02-10T17:58:06Z	bmcspadd-seagate	2021-02-10T16:46:18Z	2021-02-10T17:58:06Z	
riscv-trace-spec	51	typo fix: itype -> dtype table reference	closed	2021-01-15T10:06:02Z	rbohn	2021-01-11T20:32:27Z	2021-01-15T10:06:48Z	
riscv-trace-spec	50	WARL and data trace replication clarifications	closed	2021-01-05T12:10:11Z	IainCRobertson	2020-12-18T16:23:11Z	2021-01-05T12:10:11Z	
riscv-trace-spec	49	Data trace signals branch	closed	2020-12-04T13:13:08Z	IainCRobertson	2020-12-02T15:29:13Z	2020-12-04T13:13:08Z	
riscv-trace-spec	48	ASID and VMID position recommendations and data trace packet clarific…	closed	2020-11-30T10:41:24Z	IainCRobertson	2020-11-30T10:20:39Z	2020-11-30T10:41:24Z	
riscv-trace-spec	47	Various updates and clarifications	closed	2020-11-22T16:50:28Z	IainCRobertson	2020-11-21T15:23:17Z	2020-11-22T16:51:00Z	
riscv-trace-spec	44	Data trace signals branch	closed	2020-09-11T15:48:51Z	gajinderpanesar	2020-09-11T15:48:04Z	2020-09-11T15:48:51Z	
riscv-trace-spec	43	Add some clarifications, and a few minor corrections (mostly spelling)	closed	2020-09-11T15:20:08Z	mcgooganus	2020-08-26T09:26:29Z	2020-09-11T15:21:27Z	
riscv-trace-spec	42	Made ilastsize a requirement for single retirement	closed	2020-08-24T13:20:53Z	IainCRobertson	2020-08-24T12:33:59Z	2020-08-24T13:21:01Z	
riscv-trace-spec	39	Fixed a few typos and moved to version 1	closed	2020-03-20T12:02:55Z	IainCRobertson	2020-03-12T14:09:38Z	2020-03-20T12:02:55Z	
riscv-trace-spec	37	Ir pr change 2	closed	2020-01-21T19:41:17Z	IainCRobertson	2020-01-15T17:44:33Z	2020-01-21T19:41:17Z	
riscv-trace-spec	35	A few more clarifications	closed	2019-12-06T11:32:16Z	IainCRobertson	2019-12-06T11:32:07Z	2019-12-06T11:32:24Z	
riscv-trace-spec	34	Fixed some typos	closed	2019-11-23T12:35:43Z	IainCRobertson	2019-11-23T12:35:34Z	2019-11-23T12:35:49Z	
riscv-trace-spec	33	Incorporated feedback from Syntacore and Allen	closed	2019-11-22T15:44:49Z	IainCRobertson	2019-11-22T15:44:31Z	2019-11-22T15:44:55Z	
riscv-trace-spec	32	Removed ntkn	closed	2019-11-08T18:01:49Z	IainCRobertson	2019-10-28T17:08:02Z	2019-11-08T18:02:48Z	
riscv-trace-spec	31	Added notify bit	closed	2019-10-18T16:45:27Z	IainCRobertson	2019-10-07T13:42:56Z	2019-10-18T16:45:35Z	
riscv-trace-spec	30	Incorporated Feedback; some restructuring	closed	2019-10-04T16:44:30Z	IainCRobertson	2019-10-01T12:17:13Z	2019-10-04T16:44:41Z	
riscv-trace-spec	29	Added sequentially inferable jump mode, tapered branch map size and j…	closed	2019-09-24T15:36:00Z	IainCRobertson	2019-09-20T17:42:37Z	2019-09-24T15:36:00Z	
riscv-trace-spec	27	Changed tval field into tvalepc	closed	2019-09-06T15:39:24Z	IainCRobertson	2019-09-05T16:41:29Z	2019-09-06T15:39:30Z	
riscv-trace-spec	26	Branch trace chapter changes	closed	2019-09-05T08:17:58Z	tomverbeure	2019-09-04T05:39:59Z	2019-09-05T08:27:14Z	
riscv-trace-spec	24	Fix searching the PDF	closed	2019-09-04T13:40:41Z	pdonahue-ventana	2019-08-23T23:52:16Z	2019-09-04T13:40:42Z	
riscv-trace-spec	23	Fix LaTeX error.	closed	2019-09-04T13:39:55Z	pdonahue-ventana	2019-08-23T23:39:42Z	2019-09-04T13:39:55Z	
riscv-trace-spec	22	Fix typos	closed	2019-09-04T13:38:47Z	pdonahue-ventana	2019-08-23T21:25:14Z	2019-09-04T13:38:48Z	
riscv-trace-spec	20	Gpir trace spec	closed	2019-09-04T13:35:01Z	IainCRobertson	2019-07-31T13:34:22Z	2019-09-04T13:35:22Z	
riscv-trace-spec	25	Introduction improvements	closed	2019-09-04T13:33:01Z	tomverbeure	2019-08-29T21:24:28Z	2019-09-04T13:33:01Z	
riscv-trace-spec	19	Addressed comments from Jean-Luc	closed	2019-07-17T11:42:13Z	IainCRobertson	2019-07-17T09:55:04Z	2019-07-17T11:42:13Z	
riscv-trace-spec	18	Gp trace spec ir merge3	closed	2019-07-07T11:42:15Z	gajinderpanesar	2019-07-07T11:41:52Z	2019-07-07T11:44:19Z	
riscv-trace-spec	17	Updates for implicit return etc	closed	2019-07-07T11:42:16Z	IainCRobertson	2019-07-06T16:15:53Z	2019-07-07T11:42:16Z	
riscv-trace-spec	16	Gp trace spec	closed	2019-07-06T15:24:12Z	gajinderpanesar	2019-07-06T15:23:59Z	2019-07-06T15:24:12Z	
riscv-trace-spec	15	Gp trace spec	closed	2019-07-06T08:53:10Z	gajinderpanesar	2019-07-06T08:52:59Z	2019-07-06T08:53:10Z	
riscv-trace-spec	14	pdf for the spec previously committed	closed	2019-07-05T18:47:27Z	gajinderpanesar	2019-07-05T18:47:02Z	2019-07-05T18:47:27Z	
riscv-trace-spec	13	Gp trace spec	closed	2019-07-05T18:14:42Z	gajinderpanesar	2019-07-05T16:54:50Z	2019-07-05T18:14:43Z	
riscv-trace-spec	12	Updated trace decoder pseudo-code (against version 8C)	closed	mcgooganus	2019-06-03T15:38:17Z	2019-06-07T13:06:16Z		
riscv-trace-spec	11	Added decoder pseudo code	closed	gajinderpanesar	2019-05-22T11:08:46Z	2019-05-22T15:06:05Z		
riscv-trace-spec	8	Typo	closed	rajeshkrmeena	2019-04-25T09:51:48Z	2019-05-10T07:38:16Z		
riscv-trace-spec	7	Typos	closed	2019-05-09T12:28:33Z	pdonahue-ventana	2019-04-16T00:32:19Z	2019-05-09T12:28:33Z	
riscv-trace-spec	9	updated branch predicion support	closed	2019-05-06T16:16:07Z	gajinderpanesar	2019-05-06T16:15:40Z	2019-05-06T16:16:07Z	
riscv-trace-spec	6	Gpir trace spec test	closed	2019-04-15T16:49:13Z	gajinderpanesar	2019-04-15T16:46:07Z	2019-04-15T16:49:13Z	
riscv-trace-spec	5	GPIR trace spec test	closed	2019-04-07T14:26:23Z	gajinderpanesar	2019-04-07T14:25:38Z	2019-04-07T14:26:23Z	
riscv-trace-spec	4	test branch	closed	gajinderpanesar	2019-03-18T13:57:42Z	2019-03-18T14:04:36Z		
riscv-trace-spec	1	Add TODO's to indicate missing explanation. Remove msg-type member	closed	2018-10-03T09:34:21Z	bluewww	2018-09-20T16:32:25Z	2018-10-03T09:34:21Z	
riscv-e-trace-encap	50	Bump docs-resources from `286c2a7` to `0904c8a`	closed	dependabot[bot]	2026-04-02T08:29:04Z	2026-04-28T08:16:03Z	dependencies;submodules	
riscv-e-trace-encap	51	Bump docs-resources from `286c2a7` to `47257de`	open	dependabot[bot]	2026-04-28T08:15:58Z	2026-04-28T08:15:59Z	dependencies;submodules	
riscv-e-trace-encap	49	Bump docs-resources from `286c2a7` to `a88e6af`	closed	dependabot[bot]	2026-03-31T08:13:41Z	2026-04-02T08:29:08Z	dependencies;submodules	
riscv-e-trace-encap	48	Bump docs-resources from `286c2a7` to `ed7a9df`	closed	dependabot[bot]	2026-03-30T08:18:38Z	2026-03-31T08:13:45Z	dependencies;submodules	
riscv-e-trace-encap	47	Bump docs-resources from `286c2a7` to `78567fd`	closed	dependabot[bot]	2026-03-27T08:12:05Z	2026-03-30T08:18:43Z	dependencies;submodules	
riscv-e-trace-encap	46	Bump docs-resources from `286c2a7` to `29879cc`	closed	dependabot[bot]	2026-03-26T08:12:01Z	2026-03-27T08:12:09Z	dependencies;submodules	
riscv-e-trace-encap	45	bump docs-resources from `286c2a7` to `a9baab8`	closed	dependabot[bot]	2026-03-25T08:12:09Z	2026-03-26T08:12:06Z	dependencies;submodules	
riscv-e-trace-encap	44	Bump docs-resources from `286c2a7` to `b387152`	closed	dependabot[bot]	2026-03-20T08:10:54Z	2026-03-25T08:12:14Z	dependencies;submodules	
riscv-e-trace-encap	43	Bump docs-resources from `9069637` to `286c2a7`	closed	2026-03-19T09:34:34Z	dependabot[bot]	2026-03-19T08:11:58Z	2026-03-19T09:34:38Z	dependencies;submodules
riscv-e-trace-encap	42	Bump docs-resources from `9069637` to `f0caa68`	closed	dependabot[bot]	2026-03-18T08:11:31Z	2026-03-19T08:12:02Z	dependencies;submodules	
riscv-e-trace-encap	41	Bump docs-resources from `9069637` to `f32e76d`	closed	dependabot[bot]	2026-03-17T08:11:29Z	2026-03-18T08:11:35Z	dependencies;submodules	
riscv-e-trace-encap	40	Bump docs-resources from `9069637` to `a73e1bd`	closed	dependabot[bot]	2026-03-16T08:18:33Z	2026-03-17T08:11:33Z	dependencies;submodules	
riscv-e-trace-encap	39	Bump docs-resources from `9069637` to `1108f25`	closed	dependabot[bot]	2026-03-12T08:17:18Z	2026-03-16T08:18:36Z	dependencies;submodules	
riscv-e-trace-encap	38	Bump docs-resources from `9069637` to `394d032`	closed	dependabot[bot]	2026-03-11T08:13:17Z	2026-03-12T08:17:22Z	dependencies;submodules	
riscv-e-trace-encap	37	Bump docs-resources from `9069637` to `d245338`	closed	dependabot[bot]	2026-03-10T08:12:44Z	2026-03-11T08:13:21Z	dependencies;submodules	
riscv-e-trace-encap	35	Update GitHub Actions to requested versions	closed	2026-03-10T14:28:19Z	rpsene	2026-03-06T22:07:07Z	2026-03-10T14:28:20Z	
riscv-e-trace-encap	36	Bump docs-resources from `9069637` to `f756855`	closed	dependabot[bot]	2026-03-09T08:22:37Z	2026-03-10T08:12:48Z	dependencies;submodules	
riscv-e-trace-encap	33	Bump docs-resources from `9069637` to `b024d67`	closed	dependabot[bot]	2026-02-27T08:12:03Z	2026-03-09T08:22:41Z	dependencies;submodules	
riscv-e-trace-encap	34	Use ghcr.io/riscv/riscv-docs-base-container-image:latest	closed	2026-03-06T18:33:07Z	rpsene	2026-03-06T16:57:42Z	2026-03-06T18:33:07Z	
riscv-e-trace-encap	32	Bump docs-resources from `6a2d5b1` to `9069637`	closed	2026-02-20T16:02:34Z	dependabot[bot]	2026-02-20T08:13:39Z	2026-02-20T16:02:42Z	dependencies;submodules
riscv-e-trace-encap	31	Bump docs-resources from `6a2d5b1` to `1666258`	closed	dependabot[bot]	2026-02-18T08:14:25Z	2026-02-20T08:13:43Z	dependencies;submodules	
riscv-e-trace-encap	30	Bump docs-resources from `6a2d5b1` to `c066d8f`	closed	dependabot[bot]	2026-02-17T08:13:51Z	2026-02-18T08:14:29Z	dependencies;submodules	
riscv-e-trace-encap	29	Bump docs-resources from `6a2d5b1` to `a41c354`	closed	dependabot[bot]	2026-02-16T08:23:09Z	2026-02-17T08:13:54Z	dependencies;submodules	
riscv-e-trace-encap	28	Bump docs-resources from `6a2d5b1` to `40aed03`	closed	dependabot[bot]	2026-02-09T08:32:12Z	2026-02-16T08:23:13Z	dependencies;submodules	
riscv-e-trace-encap	27	Bump docs-resources from `6a2d5b1` to `7a9931f`	closed	dependabot[bot]	2026-02-05T08:14:26Z	2026-02-09T08:32:16Z	dependencies;submodules	
riscv-e-trace-encap	25	Bump docs-resources from `6a2d5b1` to `be002f1`	closed	dependabot[bot]	2026-01-30T11:16:51Z	2026-02-05T08:14:30Z	dependencies;submodules	
riscv-e-trace-encap	22	add dependabot to create PR to update the submodules to latest	closed	2026-01-30T11:16:17Z	ghost	2024-12-10T04:02:59Z	2026-01-30T11:16:18Z	
riscv-e-trace-encap	24	Feature/pdf urls	closed	2025-08-28T16:37:46Z	danielmrichter	2025-08-26T19:21:46Z	2025-08-28T16:37:46Z	
riscv-e-trace-encap	19	Add requirement for flow = 0 in bitstreams per Issue #11	closed	2024-03-15T09:39:06Z	IainCRobertson	2024-03-12T17:46:21Z	2024-07-03T15:53:52Z	
riscv-e-trace-encap	20	Update to Frozen state	closed	2024-04-09T12:24:12Z	IainCRobertson	2024-04-09T11:33:36Z	2024-04-09T12:24:21Z	
riscv-e-trace-encap	18	Updates to address Issue #17	closed	2024-02-22T14:46:30Z	IainCRobertson	2024-02-22T14:37:20Z	2024-02-22T14:46:36Z	
riscv-e-trace-encap	15	Updates to address issue Why should payload type 0 be standardized? #9	closed	2024-02-12T15:48:16Z	IainCRobertson	2024-02-12T14:06:02Z	2024-02-22T14:36:52Z	
riscv-e-trace-encap	16	Updates for Issue #11	closed	2024-02-14T16:04:11Z	IainCRobertson	2024-02-14T15:46:35Z	2024-02-14T16:04:25Z	
riscv-e-trace-encap	13	Updates to address issue Inclusion of timestamp #7	closed	2024-02-09T17:59:49Z	IainCRobertson	2024-02-09T17:36:36Z	2024-02-09T18:17:22Z	
riscv-e-trace-encap	14	Address Issue Padding bits #8	closed	2024-02-09T18:16:34Z	IainCRobertson	2024-02-09T18:03:47Z	2024-02-09T18:17:20Z	
riscv-e-trace-encap	4	Addressed feedback from issue 3	closed	2024-01-15T11:08:51Z	IainCRobertson	2024-01-15T10:50:49Z	2024-02-09T11:02:32Z	
riscv-e-trace-encap	12	Re-defined null packets per issue #5	closed	2024-02-08T14:57:23Z	IainCRobertson	2024-02-08T14:42:10Z	2024-02-08T14:57:32Z	
riscv-e-trace-encap	1	Corrected clone URL	closed	2023-08-04T08:42:09Z	IainCRobertson	2023-08-04T08:40:55Z	2023-08-04T08:42:16Z	
riscv-cbqri	63	Bump docs-resources from `b024d67` to `0904c8a`	closed	2026-04-03T12:18:09Z	dependabot[bot]	2026-04-01T22:09:52Z	2026-04-03T12:18:17Z	dependencies;submodules
riscv-cbqri	61	Bump docs-resources from `be002f1` to `b024d67`	closed	2026-03-15T17:38:56Z	dependabot[bot]	2026-03-01T17:24:42Z	2026-03-15T17:39:03Z	dependencies;submodules
riscv-cbqri	62	Use ghcr.io/riscv/riscv-docs-base-container-image:latest	closed	2026-03-06T18:35:19Z	rpsene	2026-03-06T16:57:33Z	2026-03-06T18:35:19Z	
riscv-cbqri	60	Bump docs-resources from `b5eaf50` to `be002f1`	closed	2026-02-01T17:28:47Z	dependabot[bot]	2026-02-01T17:24:26Z	2026-02-01T17:28:55Z	dependencies;submodules
riscv-cbqri	58	Bump docs-resources from `116d24e` to `b5eaf50`	closed	2026-01-30T17:07:12Z	dependabot[bot]	2026-01-01T17:10:52Z	2026-01-30T17:07:19Z	dependencies;submodules
riscv-cbqri	59	Correct bandwidth mon evt_id range	open	crsullivan13	2026-01-28T20:40:58Z	2026-01-28T20:40:58Z		
riscv-cbqri	57	Bump docs-resources from `144f824` to `116d24e`	closed	2025-12-01T19:40:51Z	dependabot[bot]	2025-12-01T19:35:42Z	2025-12-01T19:40:58Z	dependencies;submodules
riscv-cbqri	54	Bump docs-resources from `6ef1a1f` to `144f824`	closed	2025-10-01T17:24:00Z	dependabot[bot]	2025-10-01T17:12:29Z	2025-10-01T17:24:08Z	dependencies;submodules
riscv-cbqri	53	Bump docs-resources from `a0a938e` to `6ef1a1f`	closed	2025-09-18T17:20:50Z	dependabot[bot]	2025-09-18T17:11:29Z	2025-09-18T17:20:57Z	dependencies;submodules
riscv-cbqri	52	Bump docs-resources from `6124035` to `a0a938e`	closed	2025-09-17T17:29:33Z	dependabot[bot]	2025-09-17T17:28:20Z	2025-09-17T17:29:40Z	dependencies;submodules
riscv-cbqri	51	Bump docs-resources from `c71d56b` to `6124035`	closed	2025-09-11T17:38:38Z	dependabot[bot]	2025-09-11T17:37:13Z	2025-09-11T17:38:45Z	dependencies;submodules
riscv-cbqri	50	Bump docs-resources from `3a40e07` to `c71d56b`	closed	2025-09-10T23:26:31Z	dependabot[bot]	2025-09-10T17:14:36Z	2025-09-10T23:26:38Z	dependencies;submodules
riscv-cbqri	49	Bump docs-resources from `3a40e07` to `1fb9a74`	closed	dependabot[bot]	2025-09-09T17:13:30Z	2025-09-10T17:14:40Z	dependencies;submodules	
riscv-cbqri	48	Bump docs-resources from `3a40e07` to `d7974ea`	closed	dependabot[bot]	2025-09-04T04:47:44Z	2025-09-09T17:13:34Z	dependencies;submodules	
riscv-cbqri	47	Feature/pdf url	closed	2025-08-28T16:35:13Z	danielmrichter	2025-08-26T19:30:46Z	2025-08-28T16:35:13Z	
riscv-cbqri	45	Bump docs-resources from `36f09ee` to `3a40e07`	closed	2025-07-24T19:21:40Z	dependabot[bot]	2025-07-24T17:45:52Z	2025-07-24T19:21:47Z	dependencies;submodules
riscv-cbqri	44	Bump docs-resources from `45d29d9` to `36f09ee`	closed	2025-07-23T18:06:38Z	dependabot[bot]	2025-07-23T18:05:55Z	2025-07-23T18:06:46Z	dependencies;submodules
riscv-cbqri	43	Bump docs-resources from `ab24eec` to `45d29d9`	closed	2025-07-20T15:15:53Z	dependabot[bot]	2025-07-17T18:01:33Z	2025-07-20T15:16:00Z	dependencies;submodules
riscv-cbqri	42	Bump docs-resources from `f38f756` to `ab24eec`	closed	2025-07-09T18:15:19Z	dependabot[bot]	2025-07-09T17:19:26Z	2025-07-09T18:15:29Z	dependencies;submodules
riscv-cbqri	41	Bump docs-resources from `1d5bcd2` to `f38f756`	closed	2025-06-16T19:43:12Z	dependabot[bot]	2025-06-16T19:12:39Z	2025-06-16T19:43:19Z	dependencies;submodules
riscv-cbqri	40	Bump docs-resources from `1d5bcd2` to `7558472`	closed	dependabot[bot]	2025-05-08T17:42:14Z	2025-06-16T19:12:43Z	dependencies;submodules	
riscv-cbqri	37	Bump docs-resources from `a76dd1d` to `1d5bcd2`	closed	2025-02-19T17:56:44Z	dependabot[bot]	2025-02-19T17:46:12Z	2025-02-19T17:56:52Z	dependencies
riscv-cbqri	36	Bump docs-resources from `a76dd1d` to `62576cd`	closed	dependabot[bot]	2024-12-18T18:05:53Z	2025-02-19T17:46:16Z	dependencies	
riscv-cbqri	35	Bump docs-resources from `1456c0d` to `a76dd1d`	closed	2024-12-11T18:07:13Z	dependabot[bot]	2024-12-11T17:39:47Z	2024-12-11T18:07:21Z	dependencies
riscv-cbqri	34	Bump docs-resources from `6a2d5b1` to `1456c0d`	closed	2024-12-10T15:28:06Z	dependabot[bot]	2024-12-10T15:27:13Z	2024-12-10T15:28:13Z	dependencies
riscv-cbqri	32	fix typo	closed	2024-12-10T15:26:46Z	D3boker1	2024-09-26T13:06:34Z	2024-12-10T15:26:47Z	
riscv-cbqri	33	add dependabot to create PR to update the submodules to latest	closed	2024-12-10T15:26:27Z	ghost	2024-12-10T04:02:36Z	2024-12-10T15:26:28Z	
riscv-cbqri	31	editorial updates	closed	2024-07-02T21:04:50Z	ved-rivos	2024-06-29T13:40:26Z	2024-07-02T21:04:50Z	
riscv-cbqri	30	Update to ratified state	closed	2024-06-29T13:27:34Z	ved-rivos	2024-06-29T13:27:25Z	2024-06-29T13:27:34Z	
riscv-cbqri	29	Doc edits	closed	2024-05-23T13:19:59Z	kersten1	2024-05-14T17:42:32Z	2024-05-23T15:22:13Z	
riscv-cbqri	28	formating fixes	closed	2024-04-12T17:48:35Z	ved-rivos	2024-04-12T16:37:11Z	2024-04-12T17:48:35Z	
riscv-cbqri	27	Address feedback in issue #26	closed	2024-04-12T16:13:39Z	ved-rivos	2024-04-05T15:24:35Z	2024-04-12T16:13:39Z	
riscv-cbqri	25	Update to Frozen state	closed	2024-02-26T14:14:43Z	ved-rivos	2024-02-26T14:14:38Z	2024-02-26T14:14:43Z	
riscv-cbqri	24	allow option to configure zero capacity blocks	closed	2024-02-26T13:57:45Z	ved-rivos	2024-02-13T19:25:19Z	2024-02-26T13:57:45Z	
riscv-cbqri	23	update to stable state	closed	2024-01-01T21:46:25Z	ved-rivos	2024-01-01T21:46:15Z	2024-01-01T21:46:25Z	
riscv-cbqri	22	rename sqoscfg to srmcfg	closed	2023-12-10T00:11:24Z	ved-rivos	2023-12-09T23:01:42Z	2023-12-10T00:11:24Z	
riscv-cbqri	21	update alignment requirement	closed	2023-11-24T18:16:45Z	ved-rivos	2023-11-24T17:36:07Z	2023-11-24T18:16:45Z	
riscv-cbqri	20	Editorial updates	closed	2023-11-18T17:23:10Z	ved-rivos	2023-11-18T17:22:38Z	2023-11-18T17:23:11Z	
riscv-cbqri	18	AR review updates	closed	2023-11-11T21:28:24Z	ved-rivos	2023-11-02T19:15:57Z	2023-11-11T21:28:24Z	
riscv-cbqri	17	Fix spelling mistakes in readme	closed	bluewww	2023-10-31T13:12:44Z	2023-10-31T18:53:12Z		
riscv-cbqri	15	Updates from AR review	closed	2023-10-23T14:29:14Z	ved-rivos	2023-10-22T22:24:16Z	2023-10-23T14:29:15Z	
riscv-cbqri	13	Add a capacity units register	closed	2023-10-12T20:54:28Z	ved-rivos	2023-10-02T13:40:59Z	2023-10-12T20:54:29Z	
riscv-cbqri	14	Fix IOMMU link	closed	2023-10-11T14:54:15Z	h0lyalg0rithm	2023-10-11T14:27:01Z	2023-10-11T14:54:15Z	
riscv-cbqri	12	Detect Docker robustly	closed	2023-09-12T13:19:56Z	a4lg	2023-09-12T02:20:39Z	2023-09-12T13:19:56Z	
riscv-cbqri	10	updating register access semantics	closed	2023-06-19T13:09:03Z	ved-rivos	2023-06-19T13:08:48Z	2023-06-19T13:09:04Z	
riscv-cbqri	9	fixing typos	closed	2023-06-09T17:43:38Z	ved-rivos	2023-06-09T17:43:28Z	2023-06-09T17:43:39Z	
riscv-cbqri	8	Update IOMMU section to match latest spec; few editorial updates	closed	2023-06-09T17:24:03Z	ved-rivos	2023-06-09T17:23:41Z	2023-06-09T17:24:03Z	
riscv-cbqri	7	Review fixes and propositions	closed	2023-04-16T15:15:10Z	dgptha	2023-04-16T14:19:08Z	2023-04-17T16:24:17Z	
riscv-cbqri	5	Fix typo of NBWBLKS	closed	2023-04-05T20:18:06Z	pdp7	2023-04-05T20:15:36Z	2023-04-05T20:18:07Z	
riscv-cbqri	3	Fixed some typos	closed	2023-03-22T14:56:04Z	RICCIARDI-Adrien	2023-03-22T14:54:40Z	2023-03-22T14:56:04Z	
riscv-cbqri	2	Fix some typos	closed	2023-03-21T16:25:52Z	RICCIARDI-Adrien	2023-03-21T15:57:03Z	2023-03-21T16:25:53Z	
riscv-cbqri	1	Update chapter2.adoc	closed	ved-rivos	2022-11-28T14:42:55Z	2022-11-28T14:43:26Z		
riscv-high-assurance-cryptography	99	Add ACE's Memory Model and Memory Alignment Constraints	open	lfiolhais	2026-04-16T16:08:13Z	2026-04-16T16:10:30Z		
riscv-high-assurance-cryptography	90	Fix typo in ace-introduction.adoc	closed	2026-04-09T09:07:24Z	ruuddw	2026-04-02T12:43:22Z	2026-04-09T09:07:24Z	
riscv-high-assurance-cryptography	75	Add Sail model and ace.prov listing	open	lfiolhais	2026-02-19T12:04:06Z	2026-03-10T16:55:25Z	documentation;enhancement;dependencies;submodules	
riscv-high-assurance-cryptography	88	Update GitHub Actions to requested versions	closed	2026-03-10T14:14:10Z	rpsene	2026-03-06T21:41:14Z	2026-03-10T14:14:11Z	
riscv-high-assurance-cryptography	73	Minor changes to crdirty	closed	2026-02-14T14:18:55Z	radimkrcmar	2026-02-13T12:30:28Z	2026-02-14T14:18:55Z	
riscv-high-assurance-cryptography	72	ISA-architecture: align acecrstatus with sstatus.ACES	closed	2026-02-05T20:29:55Z	radimkrcmar	2026-02-05T16:03:12Z	2026-02-05T20:29:55Z	
riscv-high-assurance-cryptography	44	Specify CSR modes and remove redundant sentence	closed	2026-01-13T21:22:42Z	lfiolhais	2026-01-13T14:45:30Z	2026-01-23T16:16:19Z	
riscv-high-assurance-cryptography	52	Specify behavior for OOB indirect CR access	closed	2026-01-22T09:50:30Z	lfiolhais	2026-01-22T08:18:42Z	2026-01-23T16:16:17Z	bug
riscv-high-assurance-cryptography	42	Add error priority table for `aceerror`	closed	2026-01-13T22:02:25Z	lfiolhais	2026-01-13T14:18:22Z	2026-01-23T16:15:48Z	bug
riscv-high-assurance-cryptography	29	Add encodings for `ace.exec`, `ace.stage`, `ace.clone`, `ace.size`, `ace.import`, `ace.export`, and `ace.init`	closed	2025-12-18T15:08:55Z	lfiolhais	2025-12-18T14:34:23Z	2026-01-23T16:13:33Z	
riscv-high-assurance-cryptography	31	Text and Editorial improvements	closed	2026-01-07T00:01:51Z	lfiolhais	2025-12-31T13:35:48Z	2026-01-23T16:12:52Z	
riscv-high-assurance-cryptography	55	Set metadata errors with a higher exception than memory errors 	closed	2026-01-22T19:53:01Z	lfiolhais	2026-01-22T13:01:41Z	2026-01-23T16:11:48Z	bug
riscv-high-assurance-cryptography	39	ace-ISA-architecture: rework status.ACES	closed	radimkrcmar	2026-01-08T13:06:48Z	2026-01-15T14:14:27Z		
riscv-high-assurance-cryptography	30	Minor typos	closed	2025-12-19T11:10:21Z	nibrunieAtSi5	2025-12-19T10:23:00Z	2025-12-19T11:10:21Z	
riscv-high-assurance-cryptography	2	Bump docs-resources from `66f972d` to `f38f756`	closed	2025-06-30T20:50:00Z	dependabot[bot]	2025-06-30T20:18:27Z	2025-06-30T20:50:07Z	dependencies;submodules
riscv-high-assurance-cryptography	1	add dependabot to create PR to update the submodules to latest	closed	2025-06-30T17:10:23Z	ghost	2024-12-10T04:11:56Z	2025-06-30T17:10:23Z	
riscv-ssqosid	11	Use ghcr.io/riscv/riscv-docs-base-container-image:latest	closed	2026-03-06T15:57:51Z	rpsene	2026-03-06T14:28:21Z	2026-03-06T15:57:52Z	
riscv-ssqosid	9	add dependabot to create PR to update the submodules to latest	open	ghost	2024-12-10T04:12:34Z	2024-12-10T04:12:34Z		
riscv-ssqosid	7	Updating to Ratified state	closed	2024-06-29T13:21:16Z	ved-rivos	2024-06-29T13:20:59Z	2024-06-29T13:21:16Z	
riscv-ssqosid	6	update to Frozen state	closed	2024-02-26T14:01:41Z	ved-rivos	2024-02-26T14:01:30Z	2024-02-26T14:01:41Z	
riscv-ssqosid	5	Add future extension statement	closed	2024-02-26T13:57:22Z	ved-rivos	2024-01-30T15:05:16Z	2024-02-26T13:57:22Z	
riscv-ssqosid	4	update state to stable	closed	2024-01-01T21:38:57Z	ved-rivos	2024-01-01T21:38:46Z	2024-01-01T21:38:57Z	
riscv-ssqosid	3	sqosid csr num typo	closed	2023-12-22T17:40:38Z	ved-rivos	2023-12-22T17:40:31Z	2023-12-22T17:40:38Z	
riscv-ssqosid	2	Updating sqoscfg to srmcfg	closed	2023-12-09T23:49:07Z	ved-rivos	2023-12-09T22:42:12Z	2023-12-09T23:49:08Z	
riscv-ssqosid	1	updating contents	closed	2023-09-23T22:49:51Z	ved-rivos	2023-09-23T22:49:37Z	2023-09-23T22:49:51Z	
riscv-ssdtso	8	Use ghcr.io/riscv/riscv-docs-base-container-image:latest	closed	2026-03-06T15:57:34Z	rpsene	2026-03-06T14:28:07Z	2026-03-06T15:57:35Z	
riscv-ssdtso	5	Bump docs-resources from `a76dd1d` to `62576cd`	closed	dependabot[bot]	2024-12-18T19:25:07Z	2025-02-19T19:16:13Z	dependencies	
riscv-ssdtso	6	Bump docs-resources from `a76dd1d` to `1d5bcd2`	open	dependabot[bot]	2025-02-19T19:16:09Z	2025-02-19T19:16:10Z	dependencies	
riscv-ssdtso	4	Bump docs-resources from `6a2d5b1` to `a76dd1d`	closed	2024-12-11T20:29:03Z	dependabot[bot]	2024-12-11T19:46:19Z	2024-12-11T20:29:10Z	dependencies
riscv-ssdtso	3	Bump docs-resources from `6a2d5b1` to `1456c0d`	closed	dependabot[bot]	2024-12-10T07:13:54Z	2024-12-11T19:46:23Z	dependencies	
riscv-ssdtso	2	add dependabot to create PR to update the submodules to latest	closed	2024-12-10T07:13:14Z	ghost	2024-12-10T04:12:32Z	2024-12-10T07:13:14Z	
riscv-ssdtso	1	Fix formatting issues	closed	2024-01-22T11:35:36Z	cmuellner	2024-01-22T08:33:53Z	2024-01-22T11:35:36Z	
riscv-vme	2	Update GitHub Actions to requested versions	closed	2026-03-07T15:23:19Z	rpsene	2026-03-06T21:45:45Z	2026-03-07T15:23:19Z	
riscv-vme	1	Use ghcr.io/riscv/riscv-docs-base-container-image:latest	closed	2026-03-06T14:39:48Z	rpsene	2026-03-06T14:29:09Z	2026-03-06T14:39:49Z	
riscv-zalasr	16	Update GitHub Actions to requested versions	open	rpsene	2026-03-06T21:46:27Z	2026-03-06T21:46:28Z		
riscv-zalasr	15	Use ghcr.io/riscv/riscv-docs-base-container-image:latest	closed	2026-03-06T14:39:04Z	rpsene	2026-03-06T14:30:06Z	2026-03-06T14:39:04Z	
riscv-zalasr	14	Bump docs-resources from `a76dd1d` to `1d5bcd2`	open	dependabot[bot]	2025-02-19T18:21:28Z	2025-10-29T20:24:41Z	dependencies	
riscv-zalasr	13	Bump docs-resources from `a76dd1d` to `62576cd`	closed	dependabot[bot]	2024-12-18T00:02:14Z	2025-02-19T18:21:32Z	dependencies	
riscv-zalasr	10	add dependabot to create PR to update the submodules to latest	closed	2024-12-18T00:01:34Z	ghost	2024-12-10T04:12:48Z	2024-12-18T00:01:34Z	
riscv-zalasr	12	11 theme isnt applying	closed	2024-12-18T00:01:17Z	wmat	2024-12-17T14:03:10Z	2024-12-18T00:01:17Z	
riscv-zalasr	9	Zam -> MAG	closed	2024-10-02T22:23:57Z	aswaterman	2024-10-02T22:23:45Z	2024-10-02T22:24:00Z	
riscv-ssrastraps	2	Update GitHub Actions to requested versions	open	rpsene	2026-03-06T21:44:51Z	2026-03-07T15:24:50Z		
riscv-ssrastraps	1	add dependabot to create PR to update the submodules to latest	open	ghost	2024-12-10T04:12:37Z	2024-12-10T04:12:37Z		
riscv-memory-protection-hypervisor	2	Update GitHub Actions to requested versions	open	rpsene	2026-03-06T21:42:06Z	2026-03-06T21:42:07Z		
riscv-memory-protection-hypervisor	1	Use ghcr.io/riscv/riscv-docs-base-container-image:latest	closed	2026-03-06T17:00:01Z	rpsene	2026-03-06T14:25:57Z	2026-03-06T17:00:01Z	
riscv-timing-fences	2	Update GitHub Actions to requested versions	closed	2026-03-07T15:24:02Z	rpsene	2026-03-06T21:45:08Z	2026-03-07T15:24:02Z	
riscv-timing-fences	1	Use ghcr.io/riscv/riscv-docs-base-container-image:latest	closed	2026-03-06T14:40:08Z	rpsene	2026-03-06T14:28:53Z	2026-03-06T14:40:08Z	
riscv-control-transfer-records	53	Update GitHub Actions to requested versions	closed	2026-03-10T14:28:50Z	rpsene	2026-03-06T21:39:17Z	2026-03-10T14:28:50Z	
riscv-control-transfer-records	52	Use ghcr.io/riscv/riscv-docs-base-container-image:latest	closed	2026-03-06T16:57:12Z	rpsene	2026-03-06T14:24:01Z	2026-03-06T16:57:13Z	
riscv-control-transfer-records	45	Bump docs-resources from `a76dd1d` to `62576cd`	closed	dependabot[bot]	2024-12-17T23:44:55Z	2025-02-19T12:11:26Z	dependencies	
riscv-control-transfer-records	47	Bump docs-resources from `a76dd1d` to `1d5bcd2`	open	dependabot[bot]	2025-02-19T12:11:23Z	2025-02-19T12:11:24Z	dependencies	
riscv-control-transfer-records	44	Issue 42 fix (cycle counter encoding spec bug)	closed	2025-01-06T21:00:53Z	bcstrongx	2024-12-17T20:01:27Z	2025-01-06T21:01:49Z	
riscv-control-transfer-records	41	Bump docs-resources from `1456c0d` to `a76dd1d`	closed	2024-12-17T20:03:19Z	dependabot[bot]	2024-12-10T23:46:36Z	2024-12-17T20:03:27Z	dependencies
riscv-control-transfer-records	43	Bump docs_resources to latest commit.	closed	2024-12-17T13:38:22Z	wmat	2024-12-17T13:35:04Z	2024-12-17T13:38:22Z	
riscv-control-transfer-records	40	Bump docs-resources from `07b9904` to `1456c0d`	closed	2024-12-10T15:10:50Z	dependabot[bot]	2024-12-10T15:06:13Z	2024-12-10T15:11:00Z	dependencies
riscv-control-transfer-records	39	add dependabot to create PR to update the submodules to latest	closed	2024-12-10T15:05:31Z	ghost	2024-12-10T04:11:39Z	2024-12-10T15:05:31Z	
riscv-control-transfer-records	38	address issue #37, adding clarification of LCOFIFRZ behavior when no LCOFI trap is raised	closed	2024-10-04T21:05:11Z	bcstrongx	2024-10-04T21:02:25Z	2024-10-04T21:05:19Z	
riscv-control-transfer-records	36	Fix theme attribute.	closed	2024-09-05T18:12:44Z	wmat	2024-08-28T14:01:21Z	2024-09-05T18:12:44Z	
riscv-control-transfer-records	34	Late clarifications, from public review	closed	2024-08-23T16:41:14Z	bcstrongx	2024-08-23T15:48:51Z	2024-08-23T16:41:18Z	
riscv-control-transfer-records	31	30 veds sail feedback	closed	2024-06-14T17:24:24Z	bcstrongx	2024-06-14T14:51:01Z	2024-06-14T17:24:34Z	
riscv-control-transfer-records	29	remove references to Smcsrind, upon which S*ctr no longer depends	closed	2024-06-07T23:45:41Z	bcstrongx	2024-06-06T18:35:11Z	2024-06-07T23:45:57Z	
riscv-control-transfer-records	25	Add zcmt	closed	2024-04-09T16:37:17Z	bcstrongx	2024-04-08T23:46:38Z	2024-04-09T16:37:21Z	
riscv-control-transfer-records	24	Address Jhauser issues	closed	2024-04-04T23:08:46Z	bcstrongx	2024-03-21T22:30:08Z	2024-04-04T23:08:54Z	
riscv-control-transfer-records	23	Fix wrong bits referred to in sctrctl.	closed	2024-03-21T21:32:07Z	rajnesh-kanwal	2024-03-20T17:51:06Z	2024-03-21T21:32:07Z	
riscv-control-transfer-records	14	13 arc feedback 21324 and 22024	closed	2024-02-27T01:35:09Z	bcstrongx	2024-02-27T01:25:58Z	2024-02-27T01:35:09Z	
riscv-control-transfer-records	12	11 john hauser feedback 1	closed	2024-02-26T23:32:53Z	bcstrongx	2024-02-22T00:53:56Z	2024-02-26T23:32:53Z	
riscv-control-transfer-records	10	Switch all wavedrom diagrams to output svg images.	closed	2024-01-23T23:48:52Z	rajnesh-kanwal	2024-01-15T11:09:54Z	2024-01-23T23:48:52Z	
riscv-control-transfer-records	9	7 ved feedback	closed	2024-01-02T16:52:00Z	bcstrongx	2023-12-19T07:00:04Z	2024-01-02T16:52:05Z	
riscv-control-transfer-records	8	Address Earl Killian's feedback	closed	2023-12-05T19:14:07Z	bcstrongx	2023-12-05T01:16:34Z	2023-12-05T19:14:25Z	
riscv-control-transfer-records	5	Detect Docker robustly	closed	2023-11-30T23:23:13Z	a4lg	2023-09-12T02:02:29Z	2023-11-30T23:23:13Z	
riscv-control-transfer-records	4	3 feedback for v013	closed	2023-09-11T22:21:19Z	bcstrongx	2023-09-06T22:53:38Z	2023-09-11T22:21:28Z	
riscv-control-transfer-records	1	Update build mechanism	closed	2023-06-27T21:21:17Z	rpsene	2023-06-27T21:17:10Z	2023-06-27T21:21:17Z	
riscv-zabha	82	Update GitHub Actions to requested versions	closed	2026-03-10T14:20:02Z	rpsene	2026-03-06T21:46:15Z	2026-03-10T14:20:02Z	
riscv-zabha	81	Use ghcr.io/riscv/riscv-docs-base-container-image:latest	closed	2026-03-06T17:02:27Z	rpsene	2026-03-06T14:29:52Z	2026-03-06T17:02:27Z	
riscv-zabha	79	Bump docs-resources from `14a3283` to `b5eaf50`	closed	dependabot[bot]	2025-12-29T11:13:37Z	2026-01-30T11:43:45Z	dependencies;submodules	
riscv-zabha	80	Bump docs-resources from `14a3283` to `be002f1`	open	dependabot[bot]	2026-01-30T11:43:41Z	2026-01-30T11:43:42Z	dependencies;submodules	
riscv-zabha	78	Bump docs-resources from `14a3283` to `edf32fb`	closed	dependabot[bot]	2025-12-18T11:15:53Z	2025-12-29T11:13:41Z	dependencies;submodules	
riscv-zabha	77	Bump docs-resources from `14a3283` to `d644eb9`	closed	dependabot[bot]	2025-12-12T11:14:31Z	2025-12-18T11:15:57Z	dependencies;submodules	
riscv-zabha	76	Bump docs-resources from `14a3283` to `75d6a61`	closed	dependabot[bot]	2025-12-10T11:13:35Z	2025-12-12T11:14:35Z	dependencies;submodules	
riscv-zabha	75	Bump docs-resources from `14a3283` to `cdc5c1c`	closed	dependabot[bot]	2025-12-09T11:12:49Z	2025-12-10T11:13:39Z	dependencies;submodules	
riscv-zabha	74	Bump docs-resources from `14a3283` to `08bdece`	closed	dependabot[bot]	2025-12-08T11:14:51Z	2025-12-09T11:12:53Z	dependencies;submodules	
riscv-zabha	73	Bump docs-resources from `14a3283` to `8bd1a63`	closed	dependabot[bot]	2025-12-05T11:14:42Z	2025-12-08T11:14:55Z	dependencies;submodules	
riscv-zabha	72	Bump docs-resources from `14a3283` to `8bda051`	closed	dependabot[bot]	2025-12-04T11:17:54Z	2025-12-05T11:14:46Z	dependencies;submodules	
riscv-zabha	71	Bump docs-resources from `14a3283` to `36dcc26`	closed	dependabot[bot]	2025-12-03T11:16:37Z	2025-12-04T11:17:58Z	dependencies;submodules	
riscv-zabha	70	Bump docs-resources from `14a3283` to `116d24e`	closed	dependabot[bot]	2025-12-02T11:12:25Z	2025-12-03T11:16:42Z	dependencies;submodules	
riscv-zabha	69	Bump docs-resources from `14a3283` to `22a17b0`	closed	dependabot[bot]	2025-11-28T11:14:38Z	2025-12-02T11:12:29Z	dependencies;submodules	
riscv-zabha	68	Bump docs-resources from `14a3283` to `824bd66`	closed	dependabot[bot]	2025-11-27T11:13:48Z	2025-11-28T11:14:43Z	dependencies;submodules	
riscv-zabha	67	Bump docs-resources from `14a3283` to `49eff17`	closed	dependabot[bot]	2025-11-24T12:12:58Z	2025-11-27T11:13:52Z	dependencies;submodules	
riscv-zabha	66	Bump docs-resources from `14a3283` to `1660fd9`	closed	dependabot[bot]	2025-11-18T11:15:51Z	2025-11-24T12:13:02Z	dependencies;submodules	
riscv-zabha	65	Bump docs-resources from `14a3283` to `8e51e9f`	closed	dependabot[bot]	2025-11-14T11:14:48Z	2025-11-18T11:15:55Z	dependencies;submodules	
riscv-zabha	64	Bump docs-resources from `14a3283` to `707d21c`	closed	dependabot[bot]	2025-11-13T11:15:22Z	2025-11-14T11:14:53Z	dependencies;submodules	
riscv-zabha	63	Bump docs-resources from `14a3283` to `098f02b`	closed	dependabot[bot]	2025-11-11T11:14:43Z	2025-11-13T11:15:28Z	dependencies;submodules	
riscv-zabha	62	Bump docs-resources from `14a3283` to `40844de`	closed	dependabot[bot]	2025-11-10T12:19:03Z	2025-11-11T11:14:47Z	dependencies;submodules	
riscv-zabha	61	Bump docs-resources from `14a3283` to `3e01674`	closed	dependabot[bot]	2025-11-07T11:14:04Z	2025-11-10T12:19:07Z	dependencies;submodules	
riscv-zabha	60	Bump docs-resources from `14a3283` to `75c71b5`	closed	dependabot[bot]	2025-11-03T11:20:45Z	2025-11-07T11:14:08Z	dependencies;submodules	
riscv-zabha	59	Bump docs-resources from `14a3283` to `8b88469`	closed	dependabot[bot]	2025-10-29T11:16:11Z	2025-11-03T11:20:51Z	dependencies;submodules	
riscv-zabha	58	Bump docs-resources from `14a3283` to `07ae7be`	closed	dependabot[bot]	2025-10-28T11:16:39Z	2025-10-29T11:16:15Z	dependencies;submodules	
riscv-zabha	57	Bump docs-resources from `14a3283` to `4b6af80`	closed	dependabot[bot]	2025-10-20T12:17:01Z	2025-10-28T11:16:43Z	dependencies;submodules	
riscv-zabha	56	Bump docs-resources from `6124035` to `14a3283`	closed	2025-10-18T22:18:48Z	dependabot[bot]	2025-10-17T11:28:50Z	2025-10-18T22:18:55Z	dependencies;submodules
riscv-zabha	55	Bump docs-resources from `6124035` to `2f436fa`	closed	dependabot[bot]	2025-10-16T11:14:10Z	2025-10-17T11:28:54Z	dependencies;submodules	
riscv-zabha	54	Bump docs-resources from `6124035` to `d71e312`	closed	dependabot[bot]	2025-10-13T11:49:53Z	2025-10-16T11:14:14Z	dependencies;submodules	
riscv-zabha	53	Bump docs-resources from `6124035` to `c90c0bf`	closed	dependabot[bot]	2025-10-02T11:14:41Z	2025-10-13T11:49:58Z	dependencies;submodules	
riscv-zabha	52	Bump docs-resources from `6124035` to `ff1e5eb`	closed	dependabot[bot]	2025-09-30T11:18:13Z	2025-10-02T11:14:44Z	dependencies;submodules	
riscv-zabha	51	Bump docs-resources from `6124035` to `6ef1a1f`	closed	dependabot[bot]	2025-09-18T11:13:56Z	2025-09-30T11:18:17Z	dependencies;submodules	
riscv-zabha	50	Bump docs-resources from `6124035` to `a0a938e`	closed	dependabot[bot]	2025-09-17T11:17:04Z	2025-09-18T11:14:00Z	dependencies;submodules	
riscv-zabha	49	Bump docs-resources from `1fb9a74` to `6124035`	closed	2025-09-12T15:34:06Z	dependabot[bot]	2025-09-12T11:12:03Z	2025-09-12T15:34:13Z	dependencies;submodules
riscv-zabha	48	Bump docs-resources from `1fb9a74` to `c71d56b`	closed	dependabot[bot]	2025-09-11T11:12:52Z	2025-09-12T11:12:07Z	dependencies;submodules	
riscv-zabha	47	Bump docs-resources from `48beddb` to `1fb9a74`	closed	2025-09-10T23:28:08Z	dependabot[bot]	2025-09-09T11:13:46Z	2025-09-10T23:28:16Z	dependencies;submodules
riscv-zabha	46	Bump docs-resources from `3a40e07` to `d7974ea`	closed	dependabot[bot]	2025-09-04T14:07:40Z	2025-09-04T14:48:01Z	dependencies;submodules	
riscv-zabha	45	Bump docs-resources from `3a40e07` to `48beddb`	closed	2025-09-04T13:04:17Z	dependabot[bot]	2025-09-04T01:49:57Z	2025-09-04T13:04:25Z	dependencies;submodules
riscv-zabha	44	Bump docs-resources from `45d29d9` to `3a40e07`	closed	2025-07-24T11:48:07Z	dependabot[bot]	2025-07-24T11:47:03Z	2025-07-24T11:48:14Z	dependencies;submodules
riscv-zabha	43	Bump docs-resources from `7558472` to `45d29d9`	closed	2025-07-21T12:34:08Z	dependabot[bot]	2025-07-21T12:32:18Z	2025-07-21T12:34:18Z	dependencies;submodules
riscv-zabha	42	Bump docs-resources from `62576cd` to `7558472`	closed	2025-07-20T15:17:05Z	dependabot[bot]	2025-05-09T11:25:31Z	2025-07-20T15:17:12Z	dependencies;submodules
riscv-zabha	41	Bump docs-resources from `62576cd` to `1d5bcd2`	closed	dependabot[bot]	2025-02-19T13:27:39Z	2025-05-09T11:25:34Z	dependencies	
riscv-zabha	40	Bump docs-resources from `a76dd1d` to `62576cd`	closed	2024-12-18T15:17:35Z	dependabot[bot]	2024-12-18T12:07:47Z	2024-12-18T15:17:44Z	dependencies
riscv-zabha	39	Bump docs-resources from `1456c0d` to `a76dd1d`	closed	2024-12-11T13:01:50Z	dependabot[bot]	2024-12-11T11:38:23Z	2024-12-11T13:01:59Z	dependencies
riscv-zabha	38	Bump docs-resources from `79e585b` to `1456c0d`	closed	2024-12-10T15:31:13Z	dependabot[bot]	2024-12-10T15:30:20Z	2024-12-10T15:31:23Z	dependencies
riscv-zabha	37	add dependabot to create PR to update the submodules to latest	closed	2024-12-10T15:29:37Z	ghost	2024-12-10T04:12:45Z	2024-12-10T15:29:37Z	
riscv-zabha	35	Update to Ratified state	closed	2024-04-25T16:10:03Z	ved-rivos	2024-04-25T16:09:55Z	2024-04-25T16:10:04Z	
riscv-zabha	34	fix section header out of sequence warnings:	closed	2024-03-22T23:03:10Z	ghost	2024-03-22T22:12:01Z	2024-03-22T23:03:10Z	
riscv-zabha	33	Update README	closed	2024-03-22T22:13:45Z	pz9115	2024-03-15T08:30:10Z	2024-03-22T22:13:45Z	
riscv-zabha	30	refactor to pull in latest from docs-specs-template	closed	2024-03-07T17:14:28Z	ghost	2024-02-07T20:55:37Z	2024-03-07T17:22:46Z	
riscv-zabha	32	fix expo format	closed	2024-03-07T14:21:40Z	ved-rivos	2024-03-07T13:10:03Z	2024-03-07T14:21:40Z	
riscv-zabha	31	Zabha provide similar release consistency semantics as A/Zacas	closed	2024-03-07T12:55:20Z	ved-rivos	2024-02-08T16:09:52Z	2024-03-07T12:55:20Z	
riscv-zabha	27	Indicate amocas ignores bits beyond operation width in rd	closed	2024-02-03T19:26:03Z	ved-rivos	2024-02-01T19:38:50Z	2024-02-03T19:26:03Z	
riscv-zabha	26	Update state and dependency	closed	2024-01-31T12:00:32Z	ved-rivos	2024-01-31T12:00:20Z	2024-01-31T12:00:32Z	
riscv-zabha	25	remove reference to Zaamo	closed	2023-12-18T15:25:13Z	ved-rivos	2023-12-15T21:20:09Z	2023-12-18T15:25:13Z	
riscv-zabha	24	Change encoding image of instructions to svg	closed	2023-12-12T14:42:30Z	henry-hsieh	2023-12-12T14:27:41Z	2023-12-12T14:42:30Z	
riscv-zabha	22	Update A->Zaamo	closed	2023-10-23T19:51:33Z	ved-rivos	2023-10-23T19:51:20Z	2023-10-23T19:51:33Z	
riscv-zabha	20	Update document version (semi-automatically)	closed	a4lg	2023-10-17T07:24:55Z	2023-10-17T15:07:32Z		
riscv-zabha	21	update version and state	closed	2023-10-17T13:37:36Z	ved-rivos	2023-10-17T13:37:14Z	2023-10-17T13:37:37Z	
riscv-zabha	19	list insts. provided by zabha	closed	2023-10-16T21:52:43Z	ved-rivos	2023-10-16T21:46:30Z	2023-10-16T21:52:44Z	
riscv-zabha	15	b/h amo sign extend	closed	2023-10-11T13:34:07Z	ved-rivos	2023-10-11T13:00:50Z	2023-10-11T13:34:08Z	
riscv-zabha	12	additional formating changes	closed	2023-10-05T13:19:32Z	ved-rivos	2023-10-05T13:19:26Z	2023-10-05T13:19:32Z	
riscv-zabha	11	additional formating changes	closed	2023-10-05T13:13:36Z	ved-rivos	2023-10-05T13:13:30Z	2023-10-05T13:13:37Z	
riscv-zabha	10	additional formating changes	closed	2023-10-04T18:27:11Z	ved-rivos	2023-10-04T18:27:02Z	2023-10-04T18:27:11Z	
riscv-zabha	9	additional formating changes	closed	2023-10-04T17:03:05Z	ved-rivos	2023-10-04T17:02:58Z	2023-10-04T17:03:05Z	
riscv-zabha	8	additional formating changes	closed	2023-10-04T15:00:18Z	ved-rivos	2023-10-04T15:00:12Z	2023-10-04T15:00:18Z	
riscv-zabha	7	additional formating changes	closed	2023-10-04T14:36:06Z	ved-rivos	2023-10-04T14:35:58Z	2023-10-04T14:36:06Z	
riscv-zabha	6	additional formating changes	closed	2023-10-04T14:29:44Z	ved-rivos	2023-10-04T14:29:23Z	2023-10-04T14:29:44Z	
riscv-zabha	5	additional formating changes	closed	2023-10-04T14:23:07Z	ved-rivos	2023-10-04T14:23:01Z	2023-10-04T14:23:07Z	
riscv-zabha	4	update bib	closed	2023-10-03T19:58:55Z	ved-rivos	2023-10-03T19:58:49Z	2023-10-03T19:58:55Z	
riscv-zabha	3	format fixes	closed	2023-10-03T19:53:51Z	ved-rivos	2023-10-03T19:53:45Z	2023-10-03T19:53:51Z	
riscv-zabha	2	updating readme	closed	2023-10-03T19:49:10Z	ved-rivos	2023-10-03T19:48:56Z	2023-10-03T19:49:11Z	
riscv-zabha	1	Initial commit	closed	2023-10-03T19:46:09Z	ved-rivos	2023-10-03T19:45:58Z	2023-10-03T19:46:09Z	
riscv-crypto	405	Add funct6 to vmv<nr>r in Zvbb/Zvbc vector instruction table	closed	tim-wt-hsu	2026-03-17T16:57:11Z	2026-03-17T17:12:56Z		
riscv-crypto	404	Update GitHub Actions to requested versions	closed	2026-03-07T15:32:04Z	rpsene	2026-03-06T21:39:32Z	2026-03-07T15:32:05Z	
riscv-crypto	347	Add rorw and rolw to the Zkt list	closed	2024-02-16T12:56:44Z	topperc	2023-07-19T18:06:52Z	2025-01-17T22:25:35Z	
riscv-crypto	395	add dependabot to create PR to update the submodules to latest	open	ghost	2024-12-10T04:11:42Z	2024-12-10T04:11:42Z		
riscv-crypto	394	Corrected copy/paste error in crypto functional unit	open	Peter-Herrmann	2024-10-21T16:44:12Z	2024-10-21T16:44:12Z		
riscv-crypto	362	[extension fast track] extra vector crypto instructions, Zvbc32e/Zvkgs 	closed	nibrunieAtSi5	2023-08-24T13:41:11Z	2024-03-28T14:38:39Z		
riscv-crypto	382	[#379][vector] instruction constraints vgh* -> vg*	closed	2024-02-16T12:47:55Z	nibrunieAtSi5	2024-01-24T23:52:28Z	2024-02-20T00:47:26Z	
riscv-crypto	345	[Zkt] Remove c.addiw/c.subw/c.addw for RV32	closed	2024-02-16T13:05:19Z	wangpc-pp	2023-07-19T09:16:21Z	2024-02-18T06:21:15Z	
riscv-crypto	363	Detect Docker robustly	closed	a4lg	2023-09-12T01:59:43Z	2024-02-16T13:08:05Z		
riscv-crypto	103	remove the param redundancy in api-aes.h	closed	dingiso	2021-06-19T11:57:58Z	2024-02-16T13:06:20Z		
riscv-crypto	142	Add GM/T 0005-2012 randomness test	closed	luojia65	2021-12-08T07:42:10Z	2024-02-16T13:01:51Z		
riscv-crypto	349	[Zvk Code Samples] Update .gitignore	closed	2024-02-16T13:00:55Z	egouriou-rivos	2023-07-21T09:16:39Z	2024-02-16T13:00:56Z	
riscv-crypto	325	[code-samples] Fixing links to Rivos' repo	closed	2024-02-16T13:00:16Z	nibrunieAtSi5	2023-05-29T02:18:04Z	2024-02-16T13:00:24Z	
riscv-crypto	341	Suggestion typo Remaindering -> remainder	closed	nibrunieAtSi5	2023-07-14T21:33:03Z	2024-02-16T12:53:50Z		
riscv-crypto	351	Clarify that `Zkr` depends on `Zicsr`	closed	a4lg	2023-08-03T04:48:39Z	2024-02-16T12:51:38Z		
riscv-crypto	374	Update README.md to remove references to *-apply.sh scripts	closed	2024-02-16T12:50:05Z	lianakoleva	2023-11-02T13:30:00Z	2024-02-16T12:50:09Z	
riscv-crypto	377	Fix typo: "vaesfk" -> "vaeskf"	closed	2024-02-16T12:48:34Z	NaOHCC	2023-12-13T09:10:42Z	2024-02-16T12:48:34Z	
riscv-crypto	383	fix the typos	closed	2024-02-01T20:38:26Z	howjmay	2024-01-26T14:13:15Z	2024-02-02T04:43:34Z	
riscv-crypto	369	Fix typo in doc/vector/insns/vrol.adoc	closed	2023-10-09T23:04:18Z	RealFYang	2023-10-08T04:20:46Z	2023-10-09T23:04:18Z	
riscv-crypto	327	Fix typo in riscv-crypto-vector-element-groups.adoc	closed	2023-06-13T18:36:35Z	RealFYang	2023-06-05T09:49:00Z	2023-10-08T04:10:33Z	
riscv-crypto	368	#367 appendix B title typo fix	closed	2023-10-05T22:53:31Z	nibrunieAtSi5	2023-10-04T16:47:42Z	2023-10-05T22:53:32Z	
riscv-crypto	340	[Zvk Code Samples] Add vgmul test, document zvbc/zvkg tests, TESTED_VLENS parameter, GCC fixes	closed	2023-08-25T19:10:19Z	egouriou-rivos	2023-07-06T10:18:44Z	2023-08-25T19:10:19Z	
riscv-crypto	356	Upgrade GH Actions to build using the containerized solution	closed	2023-08-04T20:01:29Z	rpsene	2023-08-04T18:41:40Z	2023-08-04T20:01:29Z	
riscv-crypto	355	minor fixes (vbrev in zvkb list) + zvksed in DIEL	closed	2023-08-03T22:16:00Z	nibrunieAtSi5	2023-08-03T22:02:08Z	2023-08-03T22:16:00Z	
riscv-crypto	354	fixing typo Zvkc -> Zvknc in vclmul*	closed	2023-08-03T21:51:05Z	nibrunieAtSi5	2023-08-03T21:48:20Z	2023-08-03T21:51:06Z	
riscv-crypto	353	removing mention of inclusion in Zvknh from vaes* insns	closed	2023-08-03T21:50:04Z	nibrunieAtSi5	2023-08-03T21:43:25Z	2023-08-03T21:50:04Z	
riscv-crypto	346	[Zkt] Add c.addi16sp/c.add4spn/c.li	closed	wangpc-pp	2023-07-19T09:26:01Z	2023-07-19T18:16:37Z		
riscv-crypto	338	[Zvk Code Samples] Fix mask logic of GHASH-via-Zvbc	closed	2023-07-07T15:48:09Z	egouriou-rivos	2023-07-04T14:18:53Z	2023-07-18T08:18:15Z	
riscv-crypto	337	[#336] Fixing round constant indexing in vaeskf2 pseudo code	closed	2023-07-03T16:30:10Z	nibrunieAtSi5	2023-07-02T03:41:36Z	2023-07-03T16:30:11Z	
riscv-crypto	335	[#334] removing Zvkb mention in inst-table	closed	2023-07-03T16:16:34Z	nibrunieAtSi5	2023-06-29T21:50:59Z	2023-07-03T16:16:35Z	
riscv-crypto	329	Clarify that vwsll zero-extends the vs2 operand	closed	2023-06-17T03:37:26Z	aswaterman	2023-06-16T23:13:23Z	2023-06-17T03:37:29Z	
riscv-crypto	330	[#328] Make vwsll element zero extension explicit	closed	nibrunieAtSi5	2023-06-16T23:14:40Z	2023-06-16T23:46:58Z		
riscv-crypto	322	fixing vctz vd description	closed	2023-05-18T01:01:21Z	nibrunieAtSi5	2023-05-16T01:00:15Z	2023-05-18T01:01:21Z	
riscv-crypto	323	Update vaese128.adoc	closed	2023-05-18T01:00:41Z	XavierJEsteve	2023-05-16T15:21:44Z	2023-05-18T01:00:41Z	
riscv-crypto	310	Zvk code samples  / Proof of Concept (v2)	closed	2023-05-09T18:35:54Z	egouriou-rivos	2023-04-03T09:39:18Z	2023-05-09T18:36:10Z	
riscv-crypto	317	[#318] making explicit in pseudo code than 5-bit imm for vwsll.vi is unsigned	closed	2023-04-25T19:27:22Z	nibrunieAtSi5	2023-04-25T09:25:22Z	2023-04-25T19:27:23Z	
riscv-crypto	313	Update function names and fix element width references	closed	2023-04-24T14:42:58Z	dxie-tt	2023-04-23T18:49:56Z	2023-04-24T14:42:58Z	
riscv-crypto	311	Suggestion for small typo in riscv-crypto-vector-zvksg.adoc	closed	2023-04-07T15:12:12Z	nibrunieAtSi5	2023-04-06T19:50:18Z	2023-04-07T15:20:15Z	
riscv-crypto	308	vector-crypto: Reset vstart CSR to zero at the end of execution	closed	cmuellner	2023-03-23T11:16:40Z	2023-03-23T15:58:54Z		
riscv-crypto	305	Suggesting vclz behaviour fix	closed	2023-03-21T19:12:52Z	nibrunieAtSi5	2023-03-21T17:07:49Z	2023-03-22T07:00:54Z	
riscv-crypto	304	Updating zvkg summary	closed	2023-03-21T19:15:23Z	nibrunieAtSi5	2023-03-21T16:53:00Z	2023-03-21T19:15:23Z	
riscv-crypto	306	vghsh behavior cleanup	closed	2023-03-21T19:04:33Z	nibrunieAtSi5	2023-03-21T18:55:46Z	2023-03-21T19:04:33Z	
riscv-crypto	303	vbrev8 -> vrevb change in zvbb summary	closed	nibrunieAtSi5	2023-03-20T02:09:25Z	2023-03-20T18:49:07Z		
riscv-crypto	300	Fix retirement on illegal instructions	closed	2023-03-20T18:33:50Z	charmitro	2023-03-17T12:10:04Z	2023-03-20T18:33:50Z	
riscv-crypto	301	Fixing title for vwsll, vctz, vcpop	closed	2023-03-20T18:32:45Z	nibrunieAtSi5	2023-03-20T01:55:47Z	2023-03-20T18:32:45Z	
riscv-crypto	302	fixing typo in vwsll	closed	2023-03-20T18:31:39Z	nibrunieAtSi5	2023-03-20T02:04:24Z	2023-03-20T18:31:39Z	
riscv-crypto	297	Fix  for possible typo	closed	2023-03-03T18:01:43Z	nibrunieAtSi5	2023-03-03T00:06:18Z	2023-03-03T18:01:44Z	
riscv-crypto	296	fixed typo raised in comment	closed	2023-03-02T17:29:06Z	nibrunieAtSi5	2023-03-02T00:40:29Z	2023-03-02T17:29:07Z	
riscv-crypto	295	Update riscv-crypto-vector-zvkt.adoc	closed	2023-02-23T18:30:26Z	nibrunieAtSi5	2023-02-23T18:10:01Z	2023-02-23T18:30:26Z	
riscv-crypto	294	Fixing typo in new version of vandn spec	closed	2023-02-21T22:45:29Z	nibrunieAtSi5	2023-02-18T04:02:47Z	2023-02-21T22:45:30Z	
riscv-crypto	292	Removing vandn.vi from Zvkb summary	closed	2023-02-17T19:00:36Z	nibrunieAtSi5	2023-02-17T14:49:56Z	2023-02-17T19:00:37Z	
riscv-crypto	291	typo fix in vsm3c.adoc	closed	2023-02-15T23:01:11Z	nibrunieAtSi5	2023-02-13T23:50:13Z	2023-02-15T23:01:12Z	
riscv-crypto	287	vector: insns: vgmul: Remote vs1 from mnemonic	closed	2023-02-06T20:27:21Z	cmuellner	2023-02-04T02:00:20Z	2023-02-06T20:27:21Z	
riscv-crypto	288	Cleaning description of vgmul	closed	2023-02-06T20:26:30Z	nibrunieAtSi5	2023-02-04T03:39:45Z	2023-02-06T20:26:31Z	
riscv-crypto	289	Cleanup in vclmul.adoc	closed	2023-02-06T20:25:04Z	nibrunieAtSi5	2023-02-06T16:27:17Z	2023-02-06T20:25:04Z	
riscv-crypto	286	Unifying operand syntax	closed	2023-02-04T01:15:14Z	nibrunieAtSi5	2023-02-03T20:07:58Z	2023-02-04T01:20:33Z	
riscv-crypto	283	typo fix in vsm3me	closed	2023-01-25T17:23:00Z	nibrunieAtSi5	2023-01-25T16:09:07Z	2023-01-25T17:23:00Z	
riscv-crypto	282	Suggestion to improve zvkb summary	closed	nibrunieAtSi5	2023-01-24T19:30:26Z	2023-01-24T22:15:30Z		
riscv-crypto	281	typo fix	closed	2023-01-24T20:04:12Z	nibrunieAtSi5	2023-01-24T19:01:49Z	2023-01-24T20:04:12Z	
riscv-crypto	278	Typo fix	closed	2023-01-20T17:55:09Z	nibrunieAtSi5	2023-01-20T16:09:00Z	2023-01-20T17:55:10Z	
riscv-crypto	279	Fixing typo in vaes* description	closed	2023-01-20T17:54:04Z	nibrunieAtSi5	2023-01-20T16:16:13Z	2023-01-20T17:54:05Z	
riscv-crypto	280	Adding mention of vector extensions in the README	closed	2023-01-20T17:53:21Z	nibrunieAtSi5	2023-01-20T16:20:29Z	2023-01-20T17:53:21Z	
riscv-crypto	277	Various typo fix suggestions	closed	2023-01-18T22:49:01Z	nibrunieAtSi5	2023-01-18T00:58:09Z	2023-01-18T22:49:02Z	
riscv-crypto	276	Porting Ken's sign change to vsm3me	closed	2023-01-18T22:47:46Z	nibrunieAtSi5	2023-01-18T00:52:02Z	2023-01-18T22:47:47Z	
riscv-crypto	273	[minor changes] cleanup and clarifications	closed	2023-01-16T01:29:42Z	nibrunieAtSi5	2023-01-16T00:07:57Z	2023-01-16T01:29:43Z	
riscv-crypto	272	fixing bad indent for vaesdm description	closed	2023-01-16T01:27:47Z	nibrunieAtSi5	2023-01-16T00:01:15Z	2023-01-16T01:27:48Z	
riscv-crypto	271	Uniformizing vector-instruction-constraints	closed	2023-01-16T01:27:10Z	nibrunieAtSi5	2023-01-14T16:05:57Z	2023-01-16T01:27:10Z	
riscv-crypto	274	Unifying register index syntac in vsha2c description	closed	2023-01-16T01:22:08Z	nibrunieAtSi5	2023-01-16T00:14:52Z	2023-01-16T01:22:08Z	
riscv-crypto	270	fixing vsm4k round index bitfield	closed	2023-01-13T19:22:20Z	nibrunieAtSi5	2023-01-12T07:58:46Z	2023-01-13T19:22:20Z	
riscv-crypto	269	asciidoc: fix formatting errors	closed	2023-01-11T21:17:02Z	ptomsich	2023-01-11T20:35:42Z	2023-01-11T21:17:02Z	
riscv-crypto	259	fixing sha2c word order in pseudo code	closed	2023-01-05T19:08:42Z	nibrunieAtSi5	2022-12-21T09:22:08Z	2023-01-05T19:08:43Z	
riscv-crypto	257	Update apt_packages.txt	closed	2022-12-20T22:00:50Z	rpsene	2022-12-20T12:12:33Z	2022-12-20T22:00:50Z	
riscv-crypto	255	Suggesting non-overlap source/destination constraints for vsha2ms/vsha2c/vsm3me/vsm3c	closed	2022-12-15T18:05:14Z	nibrunieAtSi5	2022-12-14T17:26:33Z	2022-12-15T18:05:14Z	
riscv-crypto	252	various typo fixes and clean ups	closed	2022-12-08T21:53:03Z	nibrunieAtSi5	2022-12-03T21:31:58Z	2022-12-08T21:53:03Z	
riscv-crypto	251	Node 12 to Node 16 Migration	closed	2022-12-05T03:07:13Z	jjscheel	2022-12-02T19:11:13Z	2022-12-05T03:07:13Z	
riscv-crypto	250	Add additional dependencies for Ubuntu 22.04	closed	2022-12-02T18:55:25Z	jjscheel	2022-12-02T13:36:23Z	2022-12-02T18:55:25Z	
riscv-crypto	241	remove duplicate and cleanup in vsha2c	closed	2022-12-01T19:53:14Z	nibrunieAtSi5	2022-11-29T02:36:36Z	2022-12-01T19:53:15Z	
riscv-crypto	242	fixing brev8 -> rev8 (byte swap) in vsm3c	closed	2022-12-01T19:52:05Z	nibrunieAtSi5	2022-11-29T15:16:43Z	2022-12-01T19:52:05Z	
riscv-crypto	248	[#243] Adding back .vs version of vsm4r	closed	2022-12-01T19:50:05Z	nibrunieAtSi5	2022-12-01T18:18:09Z	2022-12-01T19:50:05Z	
riscv-crypto	249	fixing typo in vghmac.adoc	closed	2022-12-01T19:48:37Z	nibrunieAtSi5	2022-12-01T18:46:54Z	2022-12-01T19:48:37Z	
riscv-crypto	238	Fixing imm range in vaeskf2 + test for odd/even rounds	closed	2022-11-25T20:36:19Z	nibrunieAtSi5	2022-11-21T22:04:33Z	2022-11-25T20:36:20Z	
riscv-crypto	240	brev8 -> rev8 for byte swap (rather than bit swap)	closed	2022-11-25T20:34:37Z	nibrunieAtSi5	2022-11-25T18:36:53Z	2022-11-25T20:34:37Z	
riscv-crypto	235	updating missing funct6/funct5 opcode fields	closed	2022-11-17T19:51:34Z	nibrunieAtSi5	2022-11-17T19:25:29Z	2022-11-17T19:51:34Z	
riscv-crypto	236	Fixing size of upper most opcode fields for vror.vi (6 -> 5)	closed	2022-11-17T19:49:38Z	nibrunieAtSi5	2022-11-17T19:27:55Z	2022-11-17T19:49:38Z	
riscv-crypto	231	unifying rnd/rnds in vsm3c	closed	2022-11-17T18:25:02Z	nibrunieAtSi5	2022-11-16T05:20:07Z	2022-11-17T18:25:02Z	
riscv-crypto	228	undefined instruction exception -> illegal instruction exception	closed	2022-11-17T18:23:14Z	nibrunieAtSi5	2022-11-15T21:15:07Z	2022-11-17T18:23:14Z	
riscv-crypto	229	Adding mask operand for vclmul[h] mnemonic	closed	2022-11-17T18:21:45Z	nibrunieAtSi5	2022-11-16T05:00:47Z	2022-11-17T18:21:45Z	
riscv-crypto	230	Minor typo in vror description	closed	2022-11-17T18:21:06Z	nibrunieAtSi5	2022-11-16T05:10:50Z	2022-11-17T18:21:07Z	
riscv-crypto	234	Added autowidth to appendix B tables.	closed	2022-11-17T14:53:24Z	wmat	2022-11-17T14:53:01Z	2022-11-17T14:53:24Z	
riscv-crypto	224	Fixing table formatting.	closed	2022-11-14T14:04:36Z	wmat	2022-11-14T14:04:08Z	2022-11-14T14:04:36Z	
riscv-crypto	223	updating various encoding to avoid confusion	closed	2022-11-12T00:06:21Z	nibrunieAtSi5	2022-11-11T20:43:55Z	2022-11-12T00:06:21Z	
riscv-crypto	221	Updating encoding for non bitmanip instructions	closed	2022-11-09T18:26:59Z	nibrunieAtSi5	2022-11-07T23:51:42Z	2022-11-09T18:26:59Z	
riscv-crypto	220	Extending inst table with funct3 details from spreadsheet	closed	2022-11-04T22:11:25Z	nibrunieAtSi5	2022-11-04T16:55:31Z	2022-11-04T22:11:25Z	
riscv-crypto	218	updating non Zvkb vector crypto opcode to OP-P	closed	2022-11-04T16:02:56Z	nibrunieAtSi5	2022-11-03T19:51:54Z	2022-11-04T16:02:56Z	
riscv-crypto	216	various suggestion for vsha2 clarifications	closed	2022-10-30T17:04:16Z	nibrunieAtSi5	2022-10-30T00:52:56Z	2022-10-30T17:04:17Z	
riscv-crypto	215	another round of fix suggestions	closed	2022-10-29T17:03:01Z	nibrunie	2022-10-29T15:45:04Z	2022-10-29T17:03:01Z	
riscv-crypto	214	various fix suggestion in the first sections	closed	2022-10-29T15:08:12Z	nibrunie	2022-10-29T14:35:08Z	2022-10-29T15:32:32Z	
riscv-crypto	212	various typos for vaes and vro*	closed	2022-10-29T15:04:31Z	nibrunie	2022-10-29T02:45:40Z	2022-10-29T15:04:31Z	
riscv-crypto	207	fixing code block align in vaeskf	closed	2022-10-28T19:15:40Z	nibrunieAtSi5	2022-10-27T17:48:37Z	2022-10-28T19:15:40Z	
riscv-crypto	210	typos in vector-scalar description	closed	2022-10-28T19:14:56Z	nibrunieAtSi5	2022-10-28T03:03:11Z	2022-10-28T19:14:57Z	
riscv-crypto	211	suggestion for fix in vaesdm	closed	2022-10-28T19:09:15Z	nibrunieAtSi5	2022-10-28T03:15:51Z	2022-10-28T19:09:15Z	
riscv-crypto	204	Fixing vaeskf2/vaeskr2  imm ranges to match NIST spec	closed	nibrunieAtSi5	2022-10-23T16:27:49Z	2022-10-27T17:50:03Z		
riscv-crypto	205	Fix typo of vaesef.vv's funct3	closed	4vtomat	2022-10-24T03:56:33Z	2022-10-24T22:05:44Z		
riscv-crypto	203	Fix typo of scalar register name	closed	2022-10-20T15:32:02Z	4vtomat	2022-10-19T03:46:51Z	2022-10-20T15:32:02Z	
riscv-crypto	199	misc cleanup of vsha2ms and vsm3c	closed	2022-10-18T17:03:21Z	nibrunieAtSi5	2022-10-14T22:20:28Z	2022-10-18T17:03:22Z	
riscv-crypto	200	Clarifying aes element group	closed	2022-10-18T17:00:27Z	nibrunie	2022-10-17T02:35:20Z	2022-10-18T17:00:27Z	
riscv-crypto	198	rename vghmacc -> vghmac	closed	2022-10-18T16:31:26Z	nibrunieAtSi5	2022-10-13T20:49:28Z	2022-10-18T16:31:26Z	
riscv-crypto	201	Fixing vaesz.vs description (vs2 splat)	closed	2022-10-18T16:30:29Z	nibrunieAtSi5	2022-10-17T14:31:32Z	2022-10-18T16:30:30Z	
riscv-crypto	196	Renaming vclmulgf to vclmaccgh	closed	2022-10-13T20:12:31Z	nibrunie	2022-10-07T03:28:44Z	2022-10-13T20:12:31Z	
riscv-crypto	191	Add missing VROL immediate code	closed	2022-10-10T22:35:45Z	LawrenceHunter	2022-10-03T14:25:41Z	2022-10-10T22:35:46Z	
riscv-crypto	193	[typo] minor typo fix suggestion in vclmulgf	closed	2022-10-10T22:34:05Z	nibrunie	2022-10-04T03:35:04Z	2022-10-10T22:34:05Z	
riscv-crypto	194	Suggestion for vrev8 clarification	closed	2022-10-10T22:32:13Z	nibrunieAtSi5	2022-10-05T18:41:27Z	2022-10-10T22:32:13Z	
riscv-crypto	195	Fixing typo in vsm3r -> vsm3c mnemonic	closed	2022-10-10T22:31:08Z	nibrunieAtSi5	2022-10-06T20:49:32Z	2022-10-10T22:31:08Z	
riscv-crypto	197	Fixing vror.vi mnemonic	closed	2022-10-10T22:30:12Z	nibrunieAtSi5	2022-10-07T15:26:09Z	2022-10-10T22:30:12Z	
riscv-crypto	189	clarify round grouping numbering in vsm3c	closed	2022-09-16T18:33:34Z	nibrunieAtSi5	2022-09-16T16:34:29Z	2022-09-18T15:49:48Z	
riscv-crypto	162	Fixed a typo	closed	2022-09-07T17:17:51Z	ksco	2022-07-03T03:38:35Z	2022-09-07T17:17:51Z	
riscv-crypto	183	#179 Clarify vclmulh description	closed	2022-09-07T17:17:04Z	nibrunieAtSi5	2022-09-01T14:14:09Z	2022-09-07T17:17:05Z	
riscv-crypto	181	Add vector_create-release workflow to facilitate release management	closed	2022-08-30T22:26:20Z	jjscheel	2022-08-30T21:47:58Z	2022-08-30T22:26:20Z	
riscv-crypto	177	vlstart typo fix	closed	2022-08-29T02:24:21Z	nibrunie	2022-08-19T20:17:45Z	2022-08-29T02:24:21Z	
riscv-crypto	174	Add GitHub Action for Vector PDF Build	closed	2022-08-18T21:30:03Z	jjscheel	2022-08-18T18:43:42Z	2022-08-18T21:30:03Z	
riscv-crypto	173	Fixing sha512ms.adoc title	closed	2022-08-17T20:01:38Z	nibrunieAtSi5	2022-08-17T19:54:04Z	2022-08-17T20:01:39Z	
riscv-crypto	172	a few typos and clarification suggestions	closed	2022-08-15T17:23:36Z	nibrunie	2022-08-13T20:21:26Z	2022-08-15T17:23:36Z	
riscv-crypto	170	[vector crypto] fixing vs1/vs2 and vlstart -> vstart	closed	2022-08-12T17:49:38Z	nibrunieAtSi5	2022-08-11T17:39:28Z	2022-08-12T17:51:45Z	
riscv-crypto	165	typo fix	closed	nibrunieAtSi5	2022-08-05T11:03:38Z	2022-08-12T13:06:19Z		
riscv-crypto	169	Fix a couple wavedrom errors	closed	2022-08-11T16:33:07Z	cetola	2022-08-11T00:37:22Z	2022-08-11T16:33:07Z	
riscv-crypto	168	Global changes towards first draft	closed	2022-08-10T19:09:46Z	kdockser	2022-08-10T19:09:40Z	2022-08-10T19:09:46Z	
riscv-crypto	167	Added SM3 and SM4 to initial draft	closed	2022-08-09T16:47:17Z	kdockser	2022-08-09T16:47:09Z	2022-08-09T16:47:17Z	
riscv-crypto	166	Putting together basic draft	closed	2022-08-05T21:31:54Z	kdockser	2022-08-05T21:31:47Z	2022-08-05T21:31:54Z	
riscv-crypto	164	Preliminary: Basic AES	closed	2022-08-02T18:11:22Z	kdockser	2022-08-02T18:11:08Z	2022-08-02T18:11:22Z	
riscv-crypto	163	Minor updates to vector crypto	closed	2022-07-26T23:02:12Z	kdockser	2022-07-26T23:02:04Z	2022-07-26T23:02:12Z	
riscv-crypto	154	Cleaned up doc typos	closed	2022-02-28T17:48:20Z	kdockser	2022-02-26T23:38:24Z	2022-02-28T17:48:21Z	
riscv-crypto	152	c.srli, c.srai, and c.slli are Zkt instructions in RV64	closed	2022-02-18T09:05:05Z	mjosaarinen	2022-01-27T15:33:41Z	2022-02-18T09:26:50Z	
riscv-crypto	153	typo: the the	closed	2022-02-18T09:05:17Z	mjosaarinen	2022-02-03T21:28:40Z	2022-02-18T09:05:18Z	
riscv-crypto	151	Adding SHA-256 message schedule instruction	closed	2022-01-25T10:18:38Z	kdockser	2022-01-24T23:43:48Z	2022-01-25T10:18:38Z	
riscv-crypto	150	Adding in SHA256 draft	closed	2022-01-24T08:10:23Z	kdockser	2022-01-24T00:26:11Z	2022-01-24T08:11:23Z	
riscv-crypto	145	typo: heath -> health. thanks @luojia65	closed	2021-12-09T13:53:22Z	mjosaarinen	2021-12-09T13:45:43Z	2021-12-09T13:53:22Z	
riscv-crypto	141	clarification on entropy source accesss in vs/vu modes	closed	2021-11-12T10:36:41Z	mjosaarinen	2021-11-10T22:19:50Z	2021-11-12T10:36:41Z	
riscv-crypto	140	RTL: fix SHA512 rtl according to the v1.0.0-rc5 Scalar Spec.	closed	2021-11-08T11:18:07Z	phthinh	2021-11-08T10:37:50Z	2021-11-08T11:18:08Z	
riscv-crypto	138	renaming xperm.n and xperm.b to xperm4 and xperm8	closed	2021-11-01T13:15:07Z	mjosaarinen	2021-11-01T13:03:02Z	2021-11-01T13:15:07Z	
riscv-crypto	137	Proposed clarifying words for Zkt addressing #136	closed	2021-10-29T09:35:36Z	ben-marshall	2021-10-27T08:48:43Z	2021-10-29T09:35:36Z	
riscv-crypto	134	John Hauser public review comments	closed	2021-10-22T09:10:26Z	mjosaarinen	2021-10-18T17:36:30Z	2021-10-22T09:10:26Z	
riscv-crypto	131	typo statisticial -> statistical	closed	2021-10-01T08:49:52Z	mjosaarinen	2021-09-30T15:18:37Z	2021-10-01T08:49:52Z	
riscv-crypto	124	Spelling and grammar fixes	closed	2021-09-08T09:12:02Z	nayuki	2021-09-03T16:08:17Z	2021-09-08T09:12:15Z	
riscv-crypto	122	language fix -- broken sentence	closed	2021-09-02T08:31:47Z	mjosaarinen	2021-09-02T08:12:56Z	2021-09-02T08:31:47Z	
riscv-crypto	119	some minor corrections	closed	2021-09-02T06:58:42Z	mjosaarinen	2021-09-01T21:15:13Z	2021-09-02T06:58:42Z	
riscv-crypto	118	The `seed` CSR 0x015	closed	2021-09-01T10:20:29Z	mjosaarinen	2021-09-01T10:04:37Z	2021-09-01T10:20:30Z	
riscv-crypto	117	seedstat CSR	closed	mjosaarinen	2021-08-29T18:21:09Z	2021-09-01T09:15:33Z		
riscv-crypto	116	getseed and zkt updates	closed	2021-08-27T09:16:52Z	mjosaarinen	2021-08-26T23:00:26Z	2021-08-27T09:16:52Z	
riscv-crypto	107	Ch4 (Zkr), Ch5 (Zkt), Appx B (Zkr rationale) updates, post arch review (for 0.9.4).	closed	2021-07-28T13:05:30Z	mjosaarinen	2021-07-24T19:19:15Z	2021-07-28T13:05:30Z	
riscv-crypto	93	typo	closed	2021-06-14T07:31:07Z	mjosaarinen	2021-06-11T15:02:27Z	2021-06-14T07:31:07Z	
riscv-crypto	96	fix(aes64ks1i): leading 0 in encoding not showing	closed	ksyx	2021-06-12T06:58:21Z	2021-06-14T07:24:56Z		
riscv-crypto	91	entropy source update	closed	2021-06-04T13:09:55Z	mjosaarinen	2021-06-04T12:37:46Z	2021-06-04T13:09:55Z	
riscv-crypto	77	style: improve consistency of font used by commas	closed	2021-03-09T09:58:00Z	ksyx	2021-03-05T06:38:06Z	2021-03-09T09:59:06Z	
riscv-crypto	72	fix: typo	closed	2021-02-24T08:53:37Z	ksyx	2021-02-24T07:19:58Z	2021-02-24T08:53:50Z	
riscv-crypto	71	Add missing benchmark for SHA512/RV32	closed	2021-02-22T14:47:56Z	rdolbeau	2021-02-22T09:07:39Z	2021-02-22T14:50:36Z	
riscv-crypto	68	Implement SM3 Example and Testing	closed	2021-02-22T14:40:28Z	HCPauKaifler	2020-12-18T12:50:10Z	2021-02-22T14:42:03Z	
riscv-crypto	69	Fixed #60 Latex to asciidoc	closed	divyamyadav	2020-12-27T20:20:56Z	2021-01-04T08:41:53Z		
riscv-crypto	66	new diagram, entropy source footnote, FIPS 140-3 IG link	closed	2020-12-07T09:25:24Z	mjosaarinen	2020-12-04T15:59:58Z	2020-12-07T09:26:04Z	
riscv-crypto	62	typos, ptg.3, mutual entropy	closed	2020-10-30T20:02:54Z	mjosaarinen	2020-10-30T20:02:32Z	2020-11-02T09:34:37Z	
riscv-crypto	61	ptg.2 and virtual entropy source	closed	2020-10-30T15:31:30Z	mjosaarinen	2020-10-30T15:23:52Z	2020-10-30T15:42:05Z	
riscv-crypto	55	mentropy and mnoise CSRs	closed	2020-10-23T09:26:35Z	mjosaarinen	2020-10-12T15:34:00Z	2020-10-27T14:50:41Z	specification
riscv-crypto	43	syncing entropy source content with minor but numerous updates made to the ashes'20 trng paper	closed	2020-09-01T09:52:02Z	mjosaarinen	2020-08-31T14:43:37Z	2020-09-01T09:52:25Z	
riscv-crypto	12	RISC-V Logic Optimization for Cryptography	closed	2020-06-28T11:34:00Z	mjosaarinen	2020-06-28T01:21:22Z	2020-06-29T08:12:03Z	
riscv-crypto	11	dev/supp -- supplementary docs	closed	2020-05-11T08:11:22Z	mjosaarinen	2020-05-10T21:50:30Z	2020-05-24T22:23:10Z	
riscv-crypto	10	Starting dev/supp	closed	mjosaarinen	2020-05-09T17:31:09Z	2020-05-10T21:41:58Z		
riscv-bfloat16	64	Use ghcr.io/riscv/riscv-docs-base-container-image:latest	closed	2026-03-06T15:56:16Z	rpsene	2026-03-06T14:23:15Z	2026-03-06T15:56:16Z	
riscv-bfloat16	62	Comment out comments	closed	kevmoo	2024-07-09T23:12:46Z	2024-12-12T21:42:41Z		
riscv-bfloat16	63	add dependabot to create PR to update the submodules to latest	open	ghost	2024-12-10T04:11:31Z	2024-12-10T04:11:31Z		
riscv-bfloat16	59	Explanation on why Brain	closed	2023-12-15T16:42:39Z	nibrunieAtSi5	2023-11-15T22:15:56Z	2023-12-15T16:42:39Z	
riscv-bfloat16	55	Clarifying dependencies in riscv-bfloat16-extensions.adoc	closed	2023-12-15T16:41:47Z	nibrunieAtSi5	2023-09-21T03:51:08Z	2023-12-15T16:41:48Z	
riscv-bfloat16	58	BF16 / BFloat16 alias typo fix	closed	2023-11-28T23:21:06Z	nibrunieAtSi5	2023-11-15T22:13:32Z	2023-12-15T16:40:26Z	
riscv-bfloat16	57	apply compression for adoc pdf outputs	closed	2023-10-28T12:55:55Z	jnk0le	2023-10-16T19:11:02Z	2023-10-28T12:55:55Z	
riscv-bfloat16	56	Use `BF16` as the alias name for `BFloat16`	closed	sunshaoce	2023-10-11T03:29:41Z	2023-10-27T19:53:14Z		
riscv-bfloat16	54	Minor typos in riscv-bfloat16-zfbfmin	closed	2023-10-27T19:51:31Z	nibrunieAtSi5	2023-09-03T11:14:05Z	2023-10-27T19:51:31Z	
riscv-bfloat16	50	[#49] fixing typo in riscv-bfloat16-format	closed	2023-06-14T21:07:55Z	nibrunieAtSi5	2023-06-08T22:47:15Z	2023-06-14T21:07:56Z	
riscv-bfloat16	47	Add missed quotes for vfwmaccbf16	closed	2023-05-18T00:57:13Z	liweiwei90	2023-05-15T03:04:58Z	2023-05-18T00:57:13Z	
riscv-bfloat16	48	Typo fix: FVCT -> FCVT	closed	2023-05-18T00:56:03Z	asb	2023-05-17T12:59:13Z	2023-05-18T00:56:04Z	
riscv-bfloat16	46	Rename readme.adoc to README.md	closed	2023-05-11T16:25:20Z	nibrunieAtSi5	2023-05-08T20:54:16Z	2023-05-11T16:25:20Z	
riscv-bfloat16	44	Update vfwmaccbf16.adoc	closed	2023-05-04T00:47:56Z	nibrunieAtSi5	2023-04-29T09:24:52Z	2023-05-04T00:47:57Z	
riscv-bfloat16	43	Cleaning-up vfwmaccbf16	closed	2023-04-28T16:45:08Z	nibrunieAtSi5	2023-04-28T08:20:01Z	2023-04-28T17:16:07Z	
riscv-bfloat16	41	Fixing reported typo	closed	2023-04-28T16:41:56Z	nibrunieAtSi5	2023-04-28T06:37:49Z	2023-04-28T16:41:56Z	
riscv-bfloat16	42	vfwmaccbf16 rd -> vd destination fix	closed	2023-04-28T16:41:06Z	nibrunieAtSi5	2023-04-28T06:42:39Z	2023-04-28T16:41:06Z	
riscv-bfloat16	31	Add zfbfinxmin extension	closed	2023-04-26T22:28:35Z	asb	2023-03-24T11:44:15Z	2023-04-26T22:28:35Z	
riscv-bfloat16	36	Zfbmin->Zfbfmin, Zvfbwma->Zvfbfwma	closed	2023-04-14T22:15:12Z	hdelassus	2023-04-11T00:12:36Z	2023-04-14T22:15:13Z	
riscv-bfloat16	37	Fix typo "source in BF16"->"source is BF16."	closed	2023-04-14T22:14:07Z	hdelassus	2023-04-11T01:13:51Z	2023-04-14T22:14:08Z	
riscv-bfloat16	34	Clarify that the Zvfb* extensions depend on Zve32f	closed	asb	2023-04-05T08:53:28Z	2023-04-05T21:05:52Z		
riscv-bfloat16	32	Populating basic README content	closed	2023-03-27T18:18:11Z	nibrunieAtSi5	2023-03-24T17:15:06Z	2023-03-27T18:18:11Z	
riscv-bfloat16	29	Update fmv/fsh/fmv.h.x/fmv.x.h to instructions to indicate presence in zvfbfwma	closed	2023-03-22T19:01:40Z	asb	2023-03-22T13:10:38Z	2023-03-22T19:01:40Z	
riscv-bfloat16	28	Change vfwmulbf16 stattus in repo to avoid confusion	closed	2023-03-17T21:07:22Z	nibrunieAtSi5	2023-03-17T17:50:51Z	2023-03-17T21:07:22Z	
riscv-bfloat16	25	#18 adding SEW=16 constraint in vfw(macc/mul)bf16	closed	nibrunieAtSi5	2023-02-09T15:50:03Z	2023-02-09T16:39:47Z		
riscv-bfloat16	20	Fix instruction name (`vfwmullbf16` to `vfwmulbf16`)	closed	2023-02-08T00:18:57Z	a4lg	2022-12-25T02:48:46Z	2023-02-08T00:18:57Z	
riscv-bfloat16	21	Make certain adoc files non-executable	closed	2023-02-08T00:17:09Z	a4lg	2022-12-25T02:50:14Z	2023-02-08T00:17:10Z	
riscv-bfloat16	22	typo fix suggestion	closed	2023-02-08T00:16:08Z	nibrunieAtSi5	2023-01-19T22:09:27Z	2023-02-08T00:16:09Z	
riscv-bfloat16	24	minor syntax improvement suggestions	closed	2023-02-08T00:14:32Z	nibrunieAtSi5	2023-01-19T22:26:41Z	2023-02-08T00:14:32Z	
riscv-bfloat16	15	Clean up	closed	2022-11-25T18:15:25Z	krovers	2022-10-10T15:09:12Z	2022-11-25T18:15:25Z	
riscv-bfloat16	9	Building up preliminary proposed spec	closed	kdockser	2022-08-12T22:22:56Z	2022-08-12T22:33:23Z		
riscv-bfloat16	10	Kad: Building up first draft	closed	2022-08-12T22:30:33Z	kdockser	2022-08-12T22:27:55Z	2022-08-12T22:30:33Z	
riscv-bfloat16	8	Kad	closed	2022-07-29T23:31:48Z	kdockser	2022-07-29T23:28:22Z	2022-07-29T23:31:48Z	
riscv-bfloat16	7	Minor changes	closed	2022-07-26T23:04:53Z	kdockser	2022-07-26T23:04:46Z	2022-07-26T23:04:53Z	
riscv-bfloat16	6	Kad	closed	2022-07-25T18:06:09Z	kdockser	2022-07-25T18:05:54Z	2022-07-25T18:06:10Z	
riscv-bfloat16	3	Added/Corrected extension names	closed	2022-05-17T23:40:15Z	kdockser	2022-05-09T22:29:28Z	2022-05-17T23:40:15Z	
riscv-bfloat16	2	AsciiDoc: Update Makefile for AsciiDoc build	closed	2022-05-06T16:11:40Z	cetola	2022-05-06T16:11:32Z	2022-05-06T16:11:41Z	
riscv-bfloat16	1	Initial commit of preliminary DRAFT documents	closed	2022-05-04T17:44:53Z	kdockser	2022-05-04T17:23:54Z	2022-05-04T17:44:53Z	
riscv-pqc	3	Update GitHub Actions to requested versions	closed	2026-03-07T15:27:45Z	rpsene	2026-03-06T21:43:15Z	2026-03-07T15:27:45Z	
riscv-pqc	2	Use ghcr.io/riscv/riscv-docs-base-container-image:latest	closed	2026-03-06T14:51:54Z	rpsene	2026-03-06T14:27:12Z	2026-03-06T14:51:54Z	
riscv-pqc	1	add dependabot to create PR to update the submodules to latest	open	ghost	2024-12-10T04:12:17Z	2024-12-10T04:12:17Z		
riscv-swi	2	Update GitHub Actions to requested versions	closed	2026-03-07T14:44:21Z	rpsene	2026-03-06T22:09:05Z	2026-03-07T14:44:21Z	
riscv-swi	1	add dependabot to create PR to update the submodules to latest	open	ghost	2024-12-10T04:00:38Z	2024-12-10T04:00:38Z		
riscv-smbios	15	Update GitHub Actions to requested versions	open	rpsene	2026-03-06T21:43:54Z	2026-03-07T15:22:54Z		
riscv-smbios	14	add dependabot to create PR to update the submodules to latest	open	ghost	2024-12-10T04:12:23Z	2024-12-10T04:12:23Z		
riscv-smbios	13	Mark boot hart field as obsolete.	open	xypron	2023-12-18T12:26:59Z	2023-12-18T12:26:59Z		
riscv-smbios	12	riscv-smbios.adoc: typo mvendroid	open	xypron	2023-12-18T09:43:56Z	2023-12-18T09:43:56Z		
riscv-smbios	10	Add RISC-V spec template and PDF automation	closed	2022-06-15T01:29:33Z	cetola	2022-06-15T01:28:45Z	2022-06-15T01:29:33Z	
riscv-smbios	8	Changes to build PDF file	closed	2021-09-08T08:08:08Z	changab	2021-09-08T08:07:56Z	2021-09-08T08:08:15Z	
riscv-smbios	7	Restructure the document	closed	2021-09-07T15:19:29Z	changab	2021-09-07T15:19:19Z	2021-09-07T15:19:41Z	
riscv-smbios	6	Update RISCV-SMBIOS.md	closed	2021-09-07T05:19:10Z	lzeng14	2021-08-31T14:54:01Z	2021-09-07T05:33:28Z	
riscv-smbios	4	Update RISCV-SMBIOS.md	closed	2019-03-18T07:13:03Z	gilbert225	2019-03-18T03:27:25Z	2019-03-18T07:13:03Z	
riscv-smbios	3	added some changes to the wording	closed	2018-12-13T03:25:05Z	gilbert225	2018-12-13T01:03:49Z	2018-12-13T03:25:05Z	
riscv-smbios	1	update the type 44 fields	closed	gilbert225	2018-12-12T06:13:21Z	2018-12-13T00:52:24Z		
riscv-smbios	2	Update RISCV-SMBIOS.md	closed	2018-12-12T07:05:13Z	gilbert225	2018-12-12T06:27:17Z	2018-12-12T07:05:13Z	
riscv-device-tree-doc	11	vendor-prefixes.txt is now a .yaml file	open	neuschaefer	2024-07-09T14:01:13Z	2024-07-09T14:02:24Z		
riscv-device-tree-doc	9	vendor-prefixes.txt is now a .yaml file	closed	OrichalcumCosmonaut	2021-09-05T00:28:51Z	2024-05-06T10:29:02Z		
riscv-device-tree-doc	8	Add an example DTS for the HiFive Unleashed	closed	2018-07-03T22:48:55Z	palmer-dabbelt	2018-07-03T21:56:23Z	2018-07-05T02:09:34Z	
riscv-device-tree-doc	7	Implement the planned ignore list functionality	closed	2018-04-13T00:40:46Z	neuschaefer	2018-01-18T21:37:04Z	2018-04-13T00:40:46Z	
riscv-device-tree-doc	6	README.md improvements	closed	2017-12-07T21:51:40Z	neuschaefer	2017-12-07T21:34:42Z	2017-12-07T21:51:40Z	
riscv-device-tree-doc	3	Automatic checking against Linux's bindings	closed	2017-12-07T00:41:25Z	neuschaefer	2017-12-06T23:54:40Z	2017-12-07T00:41:26Z	
riscv-device-tree-doc	1	Add a simple Makefile to check for inconsistencies	closed	palmer-dabbelt	2017-12-06T23:40:22Z	2017-12-06T23:58:26Z		
riscv-device-tree-doc	2	Copy the RISC-V CPU binding from Linux	closed	2017-12-06T23:45:12Z	palmer-dabbelt	2017-12-06T23:40:27Z	2017-12-06T23:45:12Z	
riscv-performance-event-sampling	74	Bump docs-resources from `1666258` to `0904c8a`	closed	dependabot[bot]	2026-04-02T06:30:38Z	2026-04-28T05:03:10Z	dependencies;submodules	
riscv-performance-event-sampling	75	Bump docs-resources from `1666258` to `47257de`	open	dependabot[bot]	2026-04-28T05:03:06Z	2026-04-28T05:03:06Z	dependencies;submodules	
riscv-performance-event-sampling	73	Bump docs-resources from `1666258` to `a88e6af`	closed	dependabot[bot]	2026-03-31T04:32:23Z	2026-04-02T06:30:42Z	dependencies;submodules	
riscv-performance-event-sampling	72	Bump docs-resources from `1666258` to `ed7a9df`	closed	dependabot[bot]	2026-03-30T04:43:52Z	2026-03-31T04:32:26Z	dependencies;submodules	
riscv-performance-event-sampling	71	Bump docs-resources from `1666258` to `78567fd`	closed	dependabot[bot]	2026-03-27T04:23:25Z	2026-03-30T04:43:55Z	dependencies;submodules	
riscv-performance-event-sampling	70	Bump docs-resources from `1666258` to `29879cc`	closed	dependabot[bot]	2026-03-26T04:23:28Z	2026-03-27T04:23:29Z	dependencies;submodules	
riscv-performance-event-sampling	69	Bump docs-resources from `1666258` to `a9baab8`	closed	dependabot[bot]	2026-03-25T04:23:27Z	2026-03-26T04:23:33Z	dependencies;submodules	
riscv-performance-event-sampling	68	Bump docs-resources from `1666258` to `b387152`	closed	dependabot[bot]	2026-03-20T04:23:25Z	2026-03-25T04:23:31Z	dependencies;submodules	
riscv-performance-event-sampling	67	Bump docs-resources from `1666258` to `286c2a7`	closed	dependabot[bot]	2026-03-19T04:23:26Z	2026-03-20T04:23:29Z	dependencies;submodules	
riscv-performance-event-sampling	66	Bump docs-resources from `1666258` to `f0caa68`	closed	dependabot[bot]	2026-03-18T04:23:20Z	2026-03-19T04:23:31Z	dependencies;submodules	
riscv-performance-event-sampling	65	Bump docs-resources from `1666258` to `f32e76d`	closed	dependabot[bot]	2026-03-17T04:23:09Z	2026-03-18T04:23:23Z	dependencies;submodules	
riscv-performance-event-sampling	64	Bump docs-resources from `1666258` to `a73e1bd`	closed	dependabot[bot]	2026-03-16T04:25:05Z	2026-03-17T04:23:12Z	dependencies;submodules	
riscv-performance-event-sampling	63	Bump docs-resources from `1666258` to `1108f25`	closed	dependabot[bot]	2026-03-13T04:23:31Z	2026-03-16T04:25:08Z	dependencies;submodules	
riscv-performance-event-sampling	62	Bump docs-resources from `1666258` to `1bb6392`	closed	dependabot[bot]	2026-03-12T04:23:31Z	2026-03-13T04:23:34Z	dependencies;submodules	
riscv-performance-event-sampling	61	Bump docs-resources from `1666258` to `394d032`	closed	dependabot[bot]	2026-03-11T04:23:26Z	2026-03-12T04:23:36Z	dependencies;submodules	
riscv-performance-event-sampling	60	Bump docs-resources from `1666258` to `d245338`	closed	dependabot[bot]	2026-03-10T04:23:39Z	2026-03-11T04:23:29Z	dependencies;submodules	
riscv-performance-event-sampling	58	Update GitHub Actions to requested versions	closed	2026-03-10T14:16:04Z	rpsene	2026-03-06T21:42:50Z	2026-03-10T14:16:04Z	
riscv-performance-event-sampling	59	Bump docs-resources from `1666258` to `f756855`	closed	dependabot[bot]	2026-03-09T04:27:33Z	2026-03-10T04:23:42Z	dependencies;submodules	
riscv-performance-event-sampling	56	Bump docs-resources from `1666258` to `b024d67`	closed	dependabot[bot]	2026-02-27T04:23:15Z	2026-03-09T04:27:37Z	dependencies;submodules	
riscv-performance-event-sampling	57	Use ghcr.io/riscv/riscv-docs-base-container-image:latest	closed	2026-03-06T17:00:45Z	rpsene	2026-03-06T14:26:44Z	2026-03-06T17:00:45Z	
riscv-performance-event-sampling	55	Bump docs-resources from `1666258` to `9069637`	closed	dependabot[bot]	2026-02-20T04:23:44Z	2026-02-27T04:23:18Z	dependencies;submodules	
riscv-performance-event-sampling	54	Account for post-retirement stores	closed	2026-02-24T17:25:24Z	bcstrongx	2026-02-19T00:30:51Z	2026-02-24T17:25:32Z	
riscv-performance-event-sampling	53	Bump docs-resources from `b5eaf50` to `1666258`	closed	2026-02-18T21:58:04Z	dependabot[bot]	2026-02-18T04:23:33Z	2026-02-18T21:58:11Z	dependencies;submodules
riscv-performance-event-sampling	52	Bump docs-resources from `b5eaf50` to `c066d8f`	closed	dependabot[bot]	2026-02-17T04:23:18Z	2026-02-18T04:23:37Z	dependencies;submodules	
riscv-performance-event-sampling	51	Bump docs-resources from `b5eaf50` to `a41c354`	closed	dependabot[bot]	2026-02-16T04:31:02Z	2026-02-17T04:23:22Z	dependencies;submodules	
riscv-performance-event-sampling	50	Bump docs-resources from `b5eaf50` to `40aed03`	closed	dependabot[bot]	2026-02-09T04:34:52Z	2026-02-16T04:31:06Z	dependencies;submodules	
riscv-performance-event-sampling	49	Bump docs-resources from `b5eaf50` to `7a9931f`	closed	dependabot[bot]	2026-02-05T04:23:32Z	2026-02-09T04:34:55Z	dependencies;submodules	
riscv-performance-event-sampling	48	Bump docs-resources from `b5eaf50` to `be002f1`	closed	dependabot[bot]	2026-01-30T04:23:36Z	2026-02-05T04:23:38Z	dependencies;submodules	
riscv-performance-event-sampling	46	Internal feedback	closed	2026-01-28T19:19:18Z	bcstrongx	2025-12-29T20:00:34Z	2026-01-28T19:21:53Z	
riscv-performance-event-sampling	45	Bump docs-resources from `edf32fb` to `b5eaf50`	closed	2025-12-30T17:38:54Z	dependabot[bot]	2025-12-29T04:12:23Z	2025-12-30T17:39:02Z	dependencies;submodules
riscv-performance-event-sampling	42	Bump docs-resources from `4b6af80` to `edf32fb`	closed	2025-12-22T17:13:48Z	dependabot[bot]	2025-12-18T04:16:42Z	2025-12-22T17:13:57Z	dependencies;submodules
riscv-performance-event-sampling	41	Bump docs-resources from `4b6af80` to `d644eb9`	closed	dependabot[bot]	2025-12-11T04:17:37Z	2025-12-18T04:16:45Z	dependencies;submodules	
riscv-performance-event-sampling	40	Bump docs-resources from `4b6af80` to `eefda19`	closed	dependabot[bot]	2025-12-10T04:15:08Z	2025-12-11T04:17:41Z	dependencies;submodules	
riscv-performance-event-sampling	38	Bump docs-resources from `4b6af80` to `cdc5c1c`	closed	dependabot[bot]	2025-12-09T04:15:03Z	2025-12-10T04:15:11Z	dependencies;submodules	
riscv-performance-event-sampling	37	Bump docs-resources from `4b6af80` to `08bdece`	closed	dependabot[bot]	2025-12-08T04:16:33Z	2025-12-09T04:15:06Z	dependencies;submodules	
riscv-performance-event-sampling	36	Bump docs-resources from `4b6af80` to `8bd1a63`	closed	dependabot[bot]	2025-12-05T04:13:57Z	2025-12-08T04:16:37Z	dependencies;submodules	
riscv-performance-event-sampling	35	Bump docs-resources from `4b6af80` to `8bda051`	closed	dependabot[bot]	2025-12-04T04:13:35Z	2025-12-05T04:14:01Z	dependencies;submodules	
riscv-performance-event-sampling	34	Bump docs-resources from `4b6af80` to `36dcc26`	closed	dependabot[bot]	2025-12-03T04:14:04Z	2025-12-04T04:13:39Z	dependencies;submodules	
riscv-performance-event-sampling	33	Bump docs-resources from `4b6af80` to `116d24e`	closed	dependabot[bot]	2025-12-01T04:51:31Z	2025-12-03T04:14:08Z	dependencies;submodules	
riscv-performance-event-sampling	32	Bump docs-resources from `4b6af80` to `22a17b0`	closed	dependabot[bot]	2025-11-28T04:14:54Z	2025-12-01T04:51:35Z	dependencies;submodules	
riscv-performance-event-sampling	31	Bump docs-resources from `4b6af80` to `824bd66`	closed	dependabot[bot]	2025-11-27T04:15:19Z	2025-11-28T04:14:57Z	dependencies;submodules	
riscv-performance-event-sampling	30	Bump docs-resources from `4b6af80` to `49eff17`	closed	dependabot[bot]	2025-11-24T04:25:09Z	2025-11-27T04:15:23Z	dependencies;submodules	
riscv-performance-event-sampling	29	Bump docs-resources from `4b6af80` to `1660fd9`	closed	dependabot[bot]	2025-11-18T04:16:40Z	2025-11-24T04:25:13Z	dependencies;submodules	
riscv-performance-event-sampling	28	Bump docs-resources from `4b6af80` to `8e51e9f`	closed	dependabot[bot]	2025-11-14T04:14:24Z	2025-11-18T04:16:44Z	dependencies;submodules	
riscv-performance-event-sampling	27	Additional metadata for Sspesa	open	magnusjahre	2025-11-13T06:50:23Z	2025-11-18T01:59:07Z		
riscv-performance-event-sampling	26	Bump docs-resources from `4b6af80` to `707d21c`	closed	dependabot[bot]	2025-11-13T04:14:25Z	2025-11-14T04:14:28Z	dependencies;submodules	
riscv-performance-event-sampling	25	Bump docs-resources from `4b6af80` to `098f02b`	closed	dependabot[bot]	2025-11-11T04:16:18Z	2025-11-13T04:14:29Z	dependencies;submodules	
riscv-performance-event-sampling	24	Bump docs-resources from `4b6af80` to `7f7f63a`	closed	dependabot[bot]	2025-11-10T04:20:57Z	2025-11-11T04:16:22Z	dependencies;submodules	
riscv-performance-event-sampling	23	Bump docs-resources from `4b6af80` to `93422ee`	closed	dependabot[bot]	2025-11-07T04:14:05Z	2025-11-10T04:21:00Z	dependencies;submodules	
riscv-performance-event-sampling	22	Bump docs-resources from `4b6af80` to `75c71b5`	closed	dependabot[bot]	2025-11-03T04:18:16Z	2025-11-07T04:14:09Z	dependencies;submodules	
riscv-performance-event-sampling	20	Bump docs-resources from `4b6af80` to `8b88469`	closed	dependabot[bot]	2025-10-29T04:17:03Z	2025-11-03T04:18:19Z	dependencies;submodules	
riscv-performance-event-sampling	19	Bump docs-resources from `4b6af80` to `07ae7be`	closed	dependabot[bot]	2025-10-28T04:17:09Z	2025-10-29T04:17:06Z	dependencies;submodules	
riscv-performance-event-sampling	18	Bump docs-resources from `6ef1a1f` to `4b6af80`	closed	2025-10-27T20:48:03Z	dependabot[bot]	2025-10-20T04:24:51Z	2025-10-27T20:48:11Z	dependencies;submodules
riscv-performance-event-sampling	17	Instr sampling updates	closed	2025-10-27T20:47:18Z	bcstrongx	2025-10-18T00:36:57Z	2025-10-27T20:47:19Z	
riscv-performance-event-sampling	16	Bump docs-resources from `6ef1a1f` to `14a3283`	closed	dependabot[bot]	2025-10-17T04:24:07Z	2025-10-20T04:24:56Z	dependencies;submodules	
riscv-performance-event-sampling	7	Sspesa: Event-based versus time-based profiles 	closed	2025-10-18T00:38:48Z	magnusjahre	2025-09-04T15:21:25Z	2025-10-18T00:38:48Z	
riscv-performance-event-sampling	15	Bump docs-resources from `6ef1a1f` to `2f436fa`	closed	dependabot[bot]	2025-10-16T04:25:13Z	2025-10-17T04:24:11Z	dependencies;submodules	
riscv-performance-event-sampling	14	Bump docs-resources from `6ef1a1f` to `d71e312`	closed	dependabot[bot]	2025-10-13T04:22:49Z	2025-10-16T04:25:16Z	dependencies;submodules	
riscv-performance-event-sampling	13	Bump docs-resources from `6ef1a1f` to `c90c0bf`	closed	dependabot[bot]	2025-10-02T04:40:27Z	2025-10-13T04:22:53Z	dependencies;submodules	
riscv-performance-event-sampling	12	Bump docs-resources from `6ef1a1f` to `ff1e5eb`	closed	dependabot[bot]	2025-10-01T04:26:49Z	2025-10-02T04:40:30Z	dependencies;submodules	
riscv-performance-event-sampling	8	More PDIS changes	closed	2025-09-30T23:12:21Z	bcstrongx	2025-09-15T17:41:11Z	2025-09-30T23:14:48Z	
riscv-performance-event-sampling	11	Bump docs-resources from `7558472` to `6ef1a1f`	closed	2025-09-30T23:10:48Z	dependabot[bot]	2025-09-18T04:25:56Z	2025-09-30T23:10:56Z	dependencies;submodules
riscv-performance-event-sampling	10	Bump docs-resources from `7558472` to `a0a938e`	closed	dependabot[bot]	2025-09-17T04:27:56Z	2025-09-18T04:26:00Z	dependencies;submodules	
riscv-performance-event-sampling	9	Bump docs-resources from `7558472` to `6124035`	closed	dependabot[bot]	2025-09-16T04:26:33Z	2025-09-17T04:28:01Z	dependencies;submodules	
riscv-performance-event-sampling	4	Bump docs-resources from `62576cd` to `7558472`	closed	2025-09-15T15:21:18Z	dependabot[bot]	2025-05-09T04:41:01Z	2025-09-15T15:21:26Z	dependencies;submodules
riscv-performance-event-sampling	5	Initial addition of PDIS extensions	closed	2025-09-15T15:19:04Z	bcstrongx	2025-06-11T23:45:19Z	2025-09-15T15:19:05Z	
riscv-performance-event-sampling	3	Bump docs-resources from `62576cd` to `1d5bcd2`	closed	dependabot[bot]	2025-02-20T05:08:58Z	2025-05-09T04:41:05Z	dependencies	
riscv-performance-event-sampling	2	Bump docs-resources from `37ec11d` to `62576cd`	closed	2025-01-08T17:57:16Z	dependabot[bot]	2025-01-08T17:47:23Z	2025-01-08T17:57:24Z	dependencies
riscv-performance-event-sampling	1	add dependabot to create PR to update the submodules to latest	closed	2025-01-08T17:46:44Z	ghost	2024-12-10T04:12:09Z	2025-01-08T17:46:45Z	
riscv-nexus-trace	114	fixing up image errors	closed	2026-03-31T14:45:22Z	kersten1	2026-03-31T14:40:22Z	2026-03-31T14:45:22Z	
riscv-nexus-trace	113	Creating antora files	closed	2026-03-31T10:49:59Z	kersten1	2026-03-30T20:10:04Z	2026-03-31T10:49:59Z	
riscv-nexus-trace	112	Updates to antora.yml	closed	2026-03-20T20:15:14Z	kersten1	2026-03-20T19:29:14Z	2026-03-20T22:37:53Z	
riscv-nexus-trace	110	Update GitHub Actions to requested versions	closed	2026-03-07T14:58:19Z	rpsene	2026-03-06T22:07:53Z	2026-03-07T14:58:19Z	
riscv-nexus-trace	109	Add smstrc changes	open	bcstrongx	2026-03-04T01:46:16Z	2026-03-04T01:47:58Z		
riscv-nexus-trace	108	adding group	closed	2026-02-06T11:54:31Z	kersten1	2026-02-06T02:20:30Z	2026-02-06T11:54:31Z	
riscv-nexus-trace	107	Antora refactor	closed	2026-02-04T18:16:06Z	kersten1	2026-02-04T18:12:00Z	2026-02-04T18:16:06Z	
riscv-nexus-trace	106	Antora refactor update	closed	2026-01-29T14:00:00Z	kersten1	2026-01-29T12:26:59Z	2026-01-29T14:00:01Z	
riscv-nexus-trace	105	Add Antora component structures for n-trace, t-connect, and t-control…	closed	kersten1	2026-01-26T01:19:01Z	2026-01-26T15:34:40Z		
riscv-nexus-trace	87	Exclude rv_zbs instructions from Branch direct	open	lz-bro	2025-07-31T03:39:24Z	2025-08-04T02:14:24Z		
riscv-nexus-trace	75	add dependabot to create PR to update the submodules to latest	open	ghost	2024-12-10T03:58:07Z	2024-12-10T03:58:07Z		
riscv-nexus-trace	70	Fix issue #65	closed	2024-09-17T00:03:10Z	mipsrobert	2024-09-16T20:16:24Z	2024-09-17T00:03:10Z	
riscv-nexus-trace	66	TYPO: Fix typos.	closed	2024-09-16T16:27:42Z	zqb-all	2024-09-05T02:34:38Z	2024-09-16T16:27:42Z	
riscv-nexus-trace	64	TYPO: Fix typos	closed	2024-08-21T23:28:58Z	pdonahue-ventana	2024-08-14T18:19:40Z	2024-09-14T05:04:16Z	
riscv-nexus-trace	2	Update RISC-V-Trace-Control-Interface.adoc	closed	RobertChyla	2020-07-21T20:00:58Z	2024-05-22T19:28:49Z		
riscv-nexus-trace	57	PDF files using new template	closed	2024-05-07T22:40:50Z	mipsrobert	2024-05-07T22:33:22Z	2024-05-07T22:40:51Z	
riscv-nexus-trace	41	Corrections in support of Issue 35	closed	IainCRobertson	2023-12-19T11:37:36Z	2024-03-07T19:37:14Z		
riscv-nexus-trace	18	Detect Docker robustly	closed	2024-03-07T19:31:30Z	a4lg	2023-09-12T02:30:46Z	2024-03-07T19:31:30Z	
riscv-nexus-trace	44	Adding index for the register-map to allow for xref from trace spec.	closed	2024-01-17T16:14:47Z	wmat	2024-01-17T14:48:48Z	2024-01-17T16:14:47Z	
riscv-nexus-trace	17	ntrace rc2 review	closed	2023-06-04T17:53:36Z	markuslauterbach	2023-05-22T16:17:01Z	2023-06-04T17:53:37Z	
riscv-nexus-trace	16	Updates to fix build issues	closed	2023-04-11T16:51:24Z	rpsene	2023-04-11T16:26:23Z	2023-04-11T16:51:24Z	
riscv-nexus-trace	15	Makign 3 PDFs	closed	2023-04-11T14:29:04Z	sifiverobert	2023-04-11T14:28:36Z	2023-04-11T14:29:04Z	
riscv-nexus-trace	14	Update Makefile	closed	2022-12-29T21:34:55Z	wmat	2022-12-29T21:28:47Z	2022-12-29T21:34:55Z	
riscv-nexus-trace	13	Table formatting changes	closed	2022-11-30T20:04:41Z	wmat	2022-11-30T20:04:19Z	2022-11-30T20:04:41Z	
riscv-nexus-trace	12	Update GH Actions to eliminate Warnings	closed	2022-11-16T19:57:17Z	jjscheel	2022-11-16T18:56:47Z	2022-11-16T19:57:18Z	
riscv-nexus-trace	10	First pass Filtering register map	closed	2022-10-04T11:13:08Z	IainCRobertson	2022-09-14T13:40:38Z	2022-10-04T11:13:08Z	
riscv-nexus-trace	8	Build a PDF using the RISC-V style (#7)	closed	2022-02-24T18:52:07Z	jjscheel	2022-01-24T22:29:24Z	2022-02-24T21:52:20Z	
riscv-nexus-trace	1	Minor fix of NexRv argument count check for decoding case	closed	2020-06-16T21:58:23Z	ArtemVolohatiy	2020-06-16T17:28:47Z	2020-06-16T21:58:24Z	
riscv-unified-db	1527	feat: add support for fine-grained assembly representation	open	ThinkOpenly	2026-02-02T21:47:02Z	2026-04-28T18:16:34Z		
riscv-unified-db	1616	make generated profile configs fully transitive	open	dhower-qc	2026-02-12T19:45:59Z	2026-04-28T18:03:21Z		
riscv-unified-db	1809	Update pre-commit to use prek priorities for parallel execution	open	jordancarlin	2026-04-28T17:37:13Z	2026-04-28T17:48:37Z		
riscv-unified-db	1808	Add CONFORMING_SM_SUPPORTED parameter	open	jordancarlin	2026-04-28T17:20:41Z	2026-04-28T17:33:00Z		
riscv-unified-db	1806	Manage Python with uv instead of mise	closed	2026-04-28T17:27:03Z	jordancarlin	2026-04-28T15:22:04Z	2026-04-28T17:27:21Z	
riscv-unified-db	1807	Add MCOUNTINHIBIT_IMPLEMENTED parameter	open	jordancarlin	2026-04-28T17:01:39Z	2026-04-28T17:13:00Z		
riscv-unified-db	1209	feat: add generator for capstone	open	cmd05	2025-10-27T15:48:57Z	2026-04-28T11:23:29Z	generators	
riscv-unified-db	1802	feat(qc_iu): Add Xqccmi custom compressed instruction lookup table extension	open	ayosher	2026-04-23T13:59:23Z	2026-04-28T06:37:08Z		
riscv-unified-db	1778	feat: Tracer based on event notification framework	closed	2026-04-28T03:33:38Z	henrikg-qc	2026-04-03T17:02:38Z	2026-04-28T03:33:57Z	enhancement
riscv-unified-db	1803	 Implement AsciiDoc classifier	open	ankit-cybertron	2026-04-25T11:13:20Z	2026-04-26T14:24:38Z		
riscv-unified-db	1795	PRIDE Extension and Instruction Schema support	closed	mrseifert04	2026-04-16T05:19:09Z	2026-04-26T07:16:16Z		
riscv-unified-db	1804	Programmable RISC-V IDE (PRIDE)	open	brayjmendoza	2026-04-26T01:42:38Z	2026-04-26T01:58:51Z		
riscv-unified-db	1790	Add Spec chunking (AsciiDoc + UDB) 	open	ankit-cybertron	2026-04-15T05:48:46Z	2026-04-25T11:32:28Z		
riscv-unified-db	1767	Add automatic comment when autofix fails because of regress.yml	closed	2026-04-24T18:46:10Z	dhower-qc	2026-03-26T14:38:52Z	2026-04-24T18:46:26Z	
riscv-unified-db	1801	Parallel regressions + better UI	closed	2026-04-23T20:52:57Z	dhower-qc	2026-04-22T19:51:18Z	2026-04-23T20:53:28Z	
riscv-unified-db	1758	feat(doc): add schema doc generator and initial Docusaurus content	open	dhower-qc	2026-03-25T04:38:41Z	2026-04-23T17:33:20Z		
riscv-unified-db	1799	address issues in switch to mise	closed	2026-04-23T16:14:56Z	dhower-qc	2026-04-22T15:49:20Z	2026-04-23T16:15:49Z	
riscv-unified-db	1741	Remove CTP and CRD support from udb	closed	2026-04-23T16:12:51Z	Copilot	2026-03-17T14:35:34Z	2026-04-23T16:13:56Z	
riscv-unified-db	1777	Add initial version of config-specific C and SystemVerilog header generators	open	jordancarlin	2026-03-31T23:29:11Z	2026-04-22T21:06:43Z		
riscv-unified-db	1755	Ensure that devcontainer extensions and recommended extensions stay in sync	closed	dhower-qc	2026-03-24T13:27:13Z	2026-04-22T19:42:06Z		
riscv-unified-db	1798	ci: adopt twice-monthly gem release policy	closed	2026-04-22T16:30:11Z	dhower-qc	2026-04-22T15:01:46Z	2026-04-22T16:30:26Z	
riscv-unified-db	1797	Consolidate gems into single root-level Gemfile/sorbet	closed	2026-04-21T22:32:37Z	dhower-qc	2026-04-21T16:29:13Z	2026-04-21T22:33:22Z	
riscv-unified-db	1788	feat(qc_iu): Add Xqccmt custom extension for compressed jump table wi…	closed	2026-04-21T15:23:53Z	ayosher	2026-04-14T12:22:36Z	2026-04-21T15:24:10Z	
riscv-unified-db	1780	feat: add backend for an instruction table	open	thecharlesjenkins	2026-04-07T23:41:55Z	2026-04-21T04:28:50Z		
riscv-unified-db	1796	fix(vscode): highlight single-line IDL in YAML injection	closed	2026-04-20T18:34:53Z	amkr6207	2026-04-16T21:12:01Z	2026-04-21T00:43:45Z	
riscv-unified-db	1789	remove devcontainer support in favor of mise	closed	2026-04-20T19:35:33Z	dhower-qc	2026-04-14T14:00:45Z	2026-04-20T19:36:07Z	
riscv-unified-db	1672	move Docker image loading into reusable workflow for CI	closed	jordancarlin	2026-02-18T18:22:45Z	2026-04-16T06:13:12Z		
riscv-unified-db	1794	 fix(ci): repair GitHub Pages deployment workflow	closed	2026-04-16T05:44:33Z	amkr6207	2026-04-16T04:34:46Z	2026-04-16T05:44:43Z	
riscv-unified-db	1763	fix(JVT_BASE_MASK): allow fully-writable jvt.BASE on RV32	closed	2026-04-15T21:41:55Z	karabambus	2026-03-25T17:24:46Z	2026-04-15T21:42:12Z	
riscv-unified-db	1554	feat(zalasr): add Zalasr instruction documentation and alignment checking	closed	2026-04-15T20:06:19Z	ishaan-arora-1	2026-02-05T13:27:14Z	2026-04-15T20:07:01Z	review
riscv-unified-db	1785	Add more pseudoinstructions	closed	2026-04-15T19:36:03Z	ThinkOpenly	2026-04-10T23:32:08Z	2026-04-15T19:36:44Z	
riscv-unified-db	1793	LFX - Phase 6: Prompt Refinement & V2 Results	open	ishaan-arora-1	2026-04-15T16:48:58Z	2026-04-15T17:07:38Z		
riscv-unified-db	1792	LFX - Phase 5: Analysis, Alignment & Metrics	open	ishaan-arora-1	2026-04-15T16:47:16Z	2026-04-15T17:06:28Z		
riscv-unified-db	1791	LFX - Phase 4: LLM Extraction Pipeline	open	ishaan-arora-1	2026-04-15T16:45:21Z	2026-04-15T17:05:16Z		
riscv-unified-db	1772	[RAG Pipeline] Add Architectural Parameter Knowledge Base	closed	ankit-cybertron	2026-03-28T17:53:36Z	2026-04-14T18:34:27Z		
riscv-unified-db	1786	IDL perf improvements	closed	2026-04-13T22:31:17Z	dhower-qc	2026-04-13T14:55:53Z	2026-04-13T22:31:33Z	
riscv-unified-db	1734	docs: add AGENTS.md and extract-instructions-from-subsection skill	closed	2026-04-02T04:04:06Z	adingank-qualcomm	2026-03-16T21:24:55Z	2026-04-13T16:58:59Z	
riscv-unified-db	1770	Auto-update gem versions with autofix	closed	2026-04-13T16:55:28Z	dhower-qc	2026-03-27T15:12:09Z	2026-04-13T16:55:58Z	
riscv-unified-db	1784	Add some helpful output in the regression flow	closed	2026-04-11T01:33:31Z	ThinkOpenly	2026-04-10T19:53:22Z	2026-04-11T01:34:02Z	
riscv-unified-db	1782	Fix TypeError in ParameterTerm#<=> when comparison_value types differ	closed	2026-04-11T00:42:38Z	jordancarlin	2026-04-09T08:06:24Z	2026-04-11T00:43:04Z	
riscv-unified-db	1783	LFX Phase 3: AsciiDoc-aware spec chunking	open	ishaan-arora-1	2026-04-09T15:30:01Z	2026-04-09T16:25:59Z		
riscv-unified-db	617	Add H csr vsip,hgeie,hideleg,hie,hip,hvip,vsie,vsscratch,hgeip	open	Shehrozkashif	2025-04-16T10:10:39Z	2026-04-08T01:57:02Z		
riscv-unified-db	1776	Fix `noneOf` condition handling	closed	2026-04-01T20:29:59Z	jordancarlin	2026-03-31T22:47:44Z	2026-04-01T20:30:32Z	
riscv-unified-db	1165	feat(IDL): single precision floating point multiply, divide, multiply add and subtract instruction	closed	ShashankVM	2025-10-04T17:36:01Z	2026-04-01T18:11:42Z		
riscv-unified-db	1697	Implement remaining F extension	closed	2026-03-29T14:27:31Z	dhower-qc	2026-02-26T21:35:21Z	2026-04-01T18:10:18Z	
riscv-unified-db	1701	feat(vector): implemented vnsra instruction	open	latifbhatti	2026-02-28T13:25:36Z	2026-04-01T15:28:12Z		
riscv-unified-db	1774	PMP_GRANULARITY only exists when NUM_PMP_ENTRIES > 0	closed	2026-03-31T23:34:26Z	jordancarlin	2026-03-30T00:33:13Z	2026-03-31T23:34:54Z	
riscv-unified-db	1773	SCOUNTENABLE_EN depends on S	closed	2026-03-31T01:17:07Z	jordancarlin	2026-03-30T00:29:25Z	2026-03-31T01:18:01Z	
riscv-unified-db	1764	feat(V): add operation() for vmv.v.v and vmv.v.x	open	adingank-qualcomm	2026-03-25T22:54:24Z	2026-03-30T20:39:52Z		
riscv-unified-db	1732	feat(idl): add function return analysis to type checking	open	dhower-qc	2026-03-11T19:26:44Z	2026-03-30T08:14:59Z		
riscv-unified-db	1736	initial prototype of config editor	open	dhower-qc	2026-03-17T04:05:37Z	2026-03-30T02:32:06Z		
riscv-unified-db	1771	[WIP] Fix the failing CI job	closed	Copilot	2026-03-28T03:38:49Z	2026-03-28T03:40:42Z		
riscv-unified-db	1746	Handle boolean comparison in ParameterTerm	closed	jordancarlin	2026-03-22T17:30:24Z	2026-03-27T18:06:29Z		
riscv-unified-db	1762	add a revdate to xqci so it doesn't mess with the golden check	closed	2026-03-26T21:59:41Z	dhower-qc	2026-03-25T14:26:50Z	2026-03-26T22:00:26Z	
riscv-unified-db	1678	add nested array assignments to IDL	open	dhower-qc	2026-02-20T20:43:22Z	2026-03-26T19:06:52Z		
riscv-unified-db	1756	parallelize z3 by default	closed	2026-03-26T15:44:02Z	dhower-qc	2026-03-24T13:29:47Z	2026-03-26T15:44:58Z	
riscv-unified-db	1766	LFX Phase 2: Parameter taxonomy and LLM prompt architecture	open	ishaan-arora-1	2026-03-26T00:59:10Z	2026-03-26T12:59:56Z		
riscv-unified-db	1765	LFX Phase 1: Ground truth map for architectural parameter extraction	open	ishaan-arora-1	2026-03-26T00:17:57Z	2026-03-26T12:59:45Z		
riscv-unified-db	1009	feat: Added operation fields for Zicfiss instructions.	open	sudo-apt-abdullah	2025-08-21T12:00:09Z	2026-03-26T03:15:57Z		
riscv-unified-db	1757	feat: add model-instruction-from-spec skill	open	adingank-qualcomm	2026-03-24T19:04:34Z	2026-03-25T23:40:03Z		
riscv-unified-db	1740	Remove sail() from instruction files, schema, and all related tooling	closed	2026-03-25T19:46:36Z	Copilot	2026-03-17T13:47:18Z	2026-03-25T19:46:54Z	
riscv-unified-db	1695	refactor: replace Smpmp and Smhpm extensions with parameter conditions	closed	2026-03-25T19:29:22Z	amkr6207	2026-02-26T11:22:19Z	2026-03-25T19:36:04Z	review
riscv-unified-db	944	feat: add Zicfiss (shadow stack) CSR support	closed	2026-03-25T18:48:51Z	sudo-apt-abdullah	2025-08-04T08:52:35Z	2026-03-25T18:49:39Z	
riscv-unified-db	1761	add a revdate to xqci so it doesn't mess with the golden check	closed	dhower-qc	2026-03-25T14:24:16Z	2026-03-25T14:50:12Z		
riscv-unified-db	1745	Centralize path handling in udb gem	closed	2026-03-22T16:55:55Z	jordancarlin	2026-03-22T04:57:31Z	2026-03-22T16:56:13Z	
riscv-unified-db	1743	Fix NameError in doc_link.rb: use nested module form	closed	2026-03-22T01:04:05Z	jordancarlin	2026-03-21T00:11:02Z	2026-03-22T01:04:15Z	
riscv-unified-db	1723	add new documentaion plans, phase 0-1 implementation	closed	2026-03-17T01:14:33Z	dhower-qc	2026-03-06T13:37:35Z	2026-03-19T16:38:30Z	
riscv-unified-db	1738	Remove `legal?` from CSR YAML files and schema	closed	2026-03-17T21:08:38Z	Copilot	2026-03-17T13:34:50Z	2026-03-17T21:08:49Z	
riscv-unified-db	1739	Remove mock data from spec/	closed	2026-03-17T15:34:20Z	Copilot	2026-03-17T13:39:08Z	2026-03-17T15:34:58Z	
riscv-unified-db	851	Modify Smaia extension and add Machine-Level AIA CSRs (Phase 1 of Issue #566)	open	syedowaisalishah	2025-06-18T13:45:01Z	2026-03-17T09:33:03Z		
riscv-unified-db	1737	update gems	closed	2026-03-17T05:40:05Z	dhower-qc	2026-03-17T04:29:44Z	2026-03-17T05:40:33Z	
riscv-unified-db	1735	add actions to release rest of ruby gems	closed	2026-03-17T04:13:24Z	dhower-qc	2026-03-16T21:26:07Z	2026-03-17T04:40:41Z	
riscv-unified-db	1733	refactor udb-gen, improve ext-doc, add golden ref for Xqci spec	closed	2026-03-17T04:09:43Z	dhower-qc	2026-03-12T19:32:19Z	2026-03-17T04:34:45Z	
riscv-unified-db	1729	feat(idl): remove function templates from IDL	closed	2026-03-16T18:41:55Z	dhower-qc	2026-03-11T01:41:28Z	2026-03-16T18:42:16Z	
riscv-unified-db	1710	feat(vector): add IDL operation for vmv.x.s instruction	closed	2026-03-16T12:45:41Z	ishaan-arora-1	2026-03-03T23:04:13Z	2026-03-16T12:46:39Z	
riscv-unified-db	1730	feat(idl): improve idl compiler value analysis	closed	2026-03-16T03:03:50Z	dhower-qc	2026-03-11T01:45:02Z	2026-03-16T03:04:23Z	
riscv-unified-db	1719	fix(idlc): fix performance and correctness bugs in reachable_functions	closed	2026-03-14T22:34:43Z	dhower-qc	2026-03-05T18:42:01Z	2026-03-14T22:34:53Z	
riscv-unified-db	1682	refactor schemas for versioning, set every schema to version 0.1	closed	2026-03-14T21:29:07Z	dhower-qc	2026-02-24T14:43:16Z	2026-03-14T21:29:29Z	
riscv-unified-db	1422	fix: updated tests build to work with latest riscv-tests commit 	closed	2026-01-30T20:47:04Z	henrikg-qc	2026-01-30T03:52:10Z	2026-03-13T17:42:37Z	
riscv-unified-db	1717	Add tools to build the udb gem for release, push it to rubygems.org	closed	2026-03-12T20:58:19Z	dhower-qc	2026-03-05T16:33:28Z	2026-03-12T20:58:36Z	
riscv-unified-db	1721	fix merge queue CI	closed	2026-03-11T20:58:24Z	dhower-qc	2026-03-05T20:46:10Z	2026-03-11T20:59:02Z	
riscv-unified-db	1712	Replace Python YAML resolver with Ruby implementation	closed	2026-03-11T20:06:22Z	dhower-qc	2026-03-03T23:27:39Z	2026-03-11T20:06:44Z	
riscv-unified-db	1435	feat: new, v2, instruction format	closed	dhower-qc	2026-01-30T20:59:28Z	2026-03-11T18:54:40Z		
riscv-unified-db	1722	feat: GDBServer support for ISS	closed	2026-03-10T19:47:20Z	henrikg-qc	2026-03-05T22:03:52Z	2026-03-10T19:47:33Z	enhancement
riscv-unified-db	1726	Update GitHub Actions to requested versions	open	rpsene	2026-03-06T21:45:25Z	2026-03-10T13:38:10Z		
riscv-unified-db	1725	Clarify CSR field "location" expectation	closed	2026-03-09T13:20:42Z	ThinkOpenly	2026-03-06T21:28:07Z	2026-03-09T13:21:38Z	
riscv-unified-db	1724	Align `hpmcounter` names with indexes	closed	2026-03-07T03:11:23Z	ThinkOpenly	2026-03-06T21:17:09Z	2026-03-07T03:11:54Z	
riscv-unified-db	1720	udb server	open	dhower-qc	2026-03-05T20:36:54Z	2026-03-05T23:27:59Z		
riscv-unified-db	1699	migrate vscode extension into udb repo	closed	2026-03-05T20:18:21Z	dhower-qc	2026-02-27T20:35:20Z	2026-03-05T20:19:12Z	
riscv-unified-db	1540	fix(csr): move HPM access control description to M-mode CSRs	closed	2026-03-05T20:18:21Z	krrish175-byte	2026-02-04T08:32:40Z	2026-03-05T20:19:01Z	review
riscv-unified-db	1711	feat(zalrsc,zalasr): add missing lr/sc and aqrl instruction variants	closed	2026-03-05T15:49:28Z	amkr6207	2026-03-03T23:16:23Z	2026-03-05T20:12:16Z	
riscv-unified-db	1696	Add `cert_normative_rules` to extension requirements 	open	krrish175-byte	2026-02-26T18:44:15Z	2026-03-05T15:29:07Z		
riscv-unified-db	1713	switch to prek	closed	2026-03-05T05:27:06Z	dhower-qc	2026-03-04T21:04:20Z	2026-03-05T05:28:09Z	
riscv-unified-db	1688	udb gem: manage espresso, eqntott, and must as prebuilt binaries	closed	2026-03-05T04:03:08Z	dhower-qc	2026-02-25T15:57:55Z	2026-03-05T04:03:32Z	
riscv-unified-db	1714	do not add location comments in generated rbi files	closed	2026-03-05T00:00:21Z	dhower-qc	2026-03-04T21:59:14Z	2026-03-05T00:01:31Z	
riscv-unified-db	1589	fix: add missing argument to sext call in DecodeVariable#extract	closed	2026-03-04T21:22:58Z	lucifer4330k	2026-02-09T11:51:04Z	2026-03-04T21:23:11Z	review
riscv-unified-db	993	feat: add schema validation to backend generators with tests and CI integration	closed	Shehrozkashif	2025-08-17T18:14:16Z	2026-03-04T20:20:28Z	review	
riscv-unified-db	943	Fix Wavedrom display for amocas instructions	closed	Sukuna0007Abhi	2025-08-03T22:02:54Z	2026-03-04T20:12:54Z	review	
riscv-unified-db	937	fix: wavedrom failures when generating CTP	closed	pankajbaid567	2025-07-30T23:52:05Z	2026-03-04T20:07:49Z	review	
riscv-unified-db	1703	Fix sspush/sspop	open	ThinkOpenly	2026-03-01T16:17:17Z	2026-03-04T17:43:53Z		
riscv-unified-db	1385	fix: add missing sign_extend property to instructions with signed immediates	open	lucifer4330k	2026-01-25T10:52:25Z	2026-03-04T16:14:53Z		
riscv-unified-db	1398	feat: add mise for unified tool version management and fix Podman UID/GID issue 	closed	vkprogrammer-001	2026-01-27T18:11:23Z	2026-03-04T14:20:13Z		
riscv-unified-db	1292	feat(vector): Implemented vnsra instruction	closed	latifbhatti	2025-12-31T11:04:55Z	2026-03-03T20:28:05Z		
riscv-unified-db	1707	Enable autofix.ci	closed	2026-03-03T18:32:20Z	jordancarlin	2026-03-03T02:35:59Z	2026-03-03T18:33:48Z	
riscv-unified-db	1708	espresso must release	closed	2026-03-03T16:16:37Z	dhower-qc	2026-03-03T16:16:25Z	2026-03-03T16:56:57Z	
riscv-unified-db	1617	Create autofix.yml	closed	dhower-qc	2026-02-12T20:57:03Z	2026-03-03T13:44:22Z		
riscv-unified-db	1702	fix: use $HOME instead of $H for XDG_CACHE_HOME fallback	closed	latifbhatti	2026-02-28T20:04:20Z	2026-03-03T12:53:57Z		
riscv-unified-db	1706	espresso must release	closed	2026-03-03T02:31:58Z	dhower-qc	2026-03-03T02:31:46Z	2026-03-03T03:09:16Z	
riscv-unified-db	1705	add tool release action	closed	2026-03-03T02:18:15Z	dhower-qc	2026-03-03T02:16:40Z	2026-03-03T02:58:21Z	
riscv-unified-db	1687	feat(csr): add MNPELP field to mnstatus (Zicfilp)	closed	2026-02-25T19:42:08Z	amkr6207	2026-02-25T07:45:03Z	2026-03-03T02:49:21Z	
riscv-unified-db	1615	feat: switch to using incremental solving	closed	2026-03-03T01:55:45Z	dhower-qc	2026-02-12T19:35:47Z	2026-03-03T01:56:28Z	
riscv-unified-db	1564	create histograms of instruction mnemonics from Sail traces	closed	adingank-qualcomm	2026-02-07T00:43:40Z	2026-03-02T18:40:14Z		
riscv-unified-db	1072	feat(backends): add binutils generator for RISC-V opcode tables	open	AFOliveira	2025-09-08T17:05:52Z	2026-03-02T11:37:13Z	generators	
riscv-unified-db	1467	feat(vector): support unit stride vector load/store	open	jmawet	2026-02-01T01:23:17Z	2026-03-02T00:27:56Z		
riscv-unified-db	1690	fix(IDL): emit type error when checking value of binary expression	closed	2026-02-25T19:30:30Z	ShashankVM	2026-02-25T16:58:00Z	2026-02-28T07:33:25Z	
riscv-unified-db	1700	Fix some pseudoinstructions	closed	2026-02-28T04:19:24Z	ThinkOpenly	2026-02-27T22:38:55Z	2026-02-28T04:21:17Z	
riscv-unified-db	1596	Fix `regress --tag`	closed	2026-02-10T16:58:40Z	ThinkOpenly	2026-02-10T16:04:55Z	2026-02-27T23:22:22Z	
riscv-unified-db	1234	feat(data): add Zcmt instructions with IDL	closed	2025-11-12T20:18:43Z	ThinkOpenly	2025-11-06T19:28:29Z	2026-02-27T23:21:00Z	
riscv-unified-db	1246	fix(data): update golden profile-extensions	closed	2025-11-12T14:27:16Z	ThinkOpenly	2025-11-12T13:37:17Z	2026-02-27T23:18:31Z	
riscv-unified-db	1240	feat: add amo instruction layout system for Zaamo, Zabha, Zacas extensions	closed	2025-11-11T15:15:28Z	ThinkOpenly	2025-11-10T17:29:45Z	2026-02-27T23:17:28Z	
riscv-unified-db	1133	docs: fix rendering of widening operators	closed	2025-09-23T12:21:49Z	ThinkOpenly	2025-09-22T15:22:48Z	2026-02-27T23:16:13Z	
riscv-unified-db	872	fix(data): fix field names to be closer to operands	closed	2025-09-10T18:23:45Z	ThinkOpenly	2025-06-25T20:42:44Z	2026-02-27T23:15:25Z	
riscv-unified-db	1044	ci: fix deploy pages workflow error	closed	2025-08-27T16:34:51Z	ThinkOpenly	2025-08-27T15:54:07Z	2026-02-27T23:13:56Z	
riscv-unified-db	803	fix(data): Fix remaining old register names	closed	ThinkOpenly	2025-05-22T21:43:53Z	2026-02-27T23:10:55Z		
riscv-unified-db	718	fix(data): remove '.' at end of 'long_name's	closed	2025-05-05T14:08:51Z	ThinkOpenly	2025-05-01T23:45:45Z	2026-02-27T23:09:13Z	
riscv-unified-db	321	Fix spelling of "specific" in a few places	closed	2024-12-02T14:18:49Z	ThinkOpenly	2024-11-27T20:49:35Z	2026-02-27T23:08:04Z	
riscv-unified-db	1698	Correct command in warning message for `clobber` task	closed	2026-02-27T07:57:11Z	krrish175-byte	2026-02-27T07:24:25Z	2026-02-27T07:57:33Z	
riscv-unified-db	1627	refactor: remove tagged_text usage from non-isa specs	open	lucifer4330k	2026-02-13T07:58:13Z	2026-02-26T23:24:42Z		
riscv-unified-db	1172	feat: add some Smctr CSRs	closed	sudo-apt-abdullah	2025-10-06T14:55:53Z	2026-02-26T23:03:19Z		
riscv-unified-db	1694	Add Smctr CSRs	closed	2026-02-26T22:46:56Z	ThinkOpenly	2026-02-26T05:00:25Z	2026-02-26T22:47:13Z	
riscv-unified-db	1691	fix(script): remove relative paths from run rvtest	closed	2026-02-26T15:28:07Z	adingank-qualcomm	2026-02-25T20:33:43Z	2026-02-26T15:28:57Z	
riscv-unified-db	1448	feat: expand MOP instruction families to individual YAML files	closed	2026-02-26T02:22:36Z	lucifer4330k	2026-01-31T20:07:03Z	2026-02-26T02:23:13Z	
riscv-unified-db	1555	fix(data): add reserved_instruction check for AMO operations when misa.A is cleared	closed	2026-02-25T22:06:02Z	ishaan-arora-1	2026-02-05T13:40:30Z	2026-02-25T22:06:21Z	
riscv-unified-db	965	Add normative rules for I extension	closed	james-ball-qualcomm	2025-08-08T17:47:22Z	2026-02-25T20:03:29Z		
riscv-unified-db	1685	fix(data): correct CSR field references and access checks in CBO specs	closed	2026-02-25T20:00:52Z	ishaan-arora-1	2026-02-24T18:31:39Z	2026-02-25T20:02:02Z	
riscv-unified-db	1565	fix(csr): csr reserved fields	open	amkr6207	2026-02-07T05:26:21Z	2026-02-25T08:03:45Z		
riscv-unified-db	1318	feat(backends): add QEMU generator for RISC-V instruction and CSR tables	open	lucifer4330k	2026-01-12T08:12:26Z	2026-02-24T22:18:50Z		
riscv-unified-db	1639	fix: handle boundary conditions in vmv.v.i operation	closed	lucifer4330k	2026-02-14T11:29:04Z	2026-02-24T19:21:41Z		
riscv-unified-db	1673	feat(udb gem): auto-download Z3 shared library at gem install time	closed	2026-02-24T17:06:11Z	dhower-qc	2026-02-18T18:51:27Z	2026-02-24T17:07:08Z	
riscv-unified-db	1340	feat(generators): add GAS testsuite generator for binutils	open	lucifer4330k	2026-01-18T09:30:54Z	2026-02-24T15:45:57Z		
riscv-unified-db	1347	feat: added Rust Code Generator for RISC-V Instructions and CSRs	open	yoursanonymous	2026-01-21T18:24:40Z	2026-02-24T04:40:42Z		
riscv-unified-db	1669	feat(data): add operation() IDL for Zawrs wrs.nto and wrs.sto instructions	closed	2026-02-19T15:30:54Z	ishaan-arora-1	2026-02-16T22:18:39Z	2026-02-24T04:35:56Z	
riscv-unified-db	1671	make param types unconditional, rely on requirements checks instead	closed	2026-02-23T21:50:55Z	dhower-qc	2026-02-18T17:14:48Z	2026-02-23T22:48:02Z	
riscv-unified-db	1681	ci: pull container from ghcr.io if tag already exists	closed	2026-02-23T22:43:28Z	dhower-qc	2026-02-23T19:24:45Z	2026-02-23T22:44:17Z	
riscv-unified-db	1680	ci: improve container build - skip if tag exists, no intermediate registry pushes	closed	2026-02-23T19:31:08Z	dhower-qc	2026-02-23T18:25:34Z	2026-02-23T20:54:47Z	
riscv-unified-db	1584	feat: add MMR support with shared HasFields module	closed	2026-02-23T18:18:29Z	AFOliveira	2026-02-08T12:51:42Z	2026-02-23T18:18:44Z	
riscv-unified-db	1679	Merged INST with main	closed	niluo-shiqi	2026-02-23T04:26:17Z	2026-02-23T04:26:34Z		
riscv-unified-db	1166	Hex digit support	closed	brayjmendoza	2025-10-05T06:55:52Z	2026-02-22T23:54:02Z	PRIDE	
riscv-unified-db	1677	fix(data): use LHS bit-slice assignment in vmv.v.i operation	closed	2026-02-21T04:20:07Z	ishaan-arora-1	2026-02-19T20:00:11Z	2026-02-21T04:20:16Z	
riscv-unified-db	1236	Add missing CSRs	closed	2026-02-20T23:02:36Z	cmd05	2025-11-07T11:59:20Z	2026-02-20T23:02:45Z	
riscv-unified-db	1674	Correct and complete asserts in _Bits::extract	closed	2026-02-19T16:02:34Z	ThinkOpenly	2026-02-18T22:41:34Z	2026-02-19T16:03:32Z	
riscv-unified-db	1348	fix(ruby): idl compiler bug #1291	closed	ShashankVM	2026-01-22T04:11:16Z	2026-02-19T04:03:56Z		
riscv-unified-db	1670	merge regress/deploy into single workflow	closed	2026-02-18T20:05:17Z	dhower-qc	2026-02-18T14:13:10Z	2026-02-18T20:06:07Z	
riscv-unified-db	1634	remove minisat, improve gem management, and update gems	closed	2026-02-18T18:22:05Z	dhower-qc	2026-02-13T15:40:45Z	2026-02-18T18:22:45Z	
riscv-unified-db	1341	feat(c_header): improve C header generator for encoding.h compatibility	open	lucifer4330k	2026-01-18T09:54:57Z	2026-02-18T16:20:51Z		
riscv-unified-db	960	feat: Add missing platform-specific parameters to Zihpm extension	closed	Sukuna0007Abhi	2025-08-07T20:23:42Z	2026-02-18T14:03:05Z		
riscv-unified-db	1661	chore(deps): update dependency asciidoctor-pdf to v2.3.24 - autoclosed	closed	renovate[bot]	2026-02-15T17:09:35Z	2026-02-16T02:52:37Z	dependencies	
riscv-unified-db	1665	chore(deps): update ruby/setup-ruby action to v1.288.0 - autoclosed	closed	renovate[bot]	2026-02-15T20:54:06Z	2026-02-16T02:52:33Z	dependencies	
riscv-unified-db	1668	chore(deps): update actions/setup-node action to v6 - autoclosed	closed	renovate[bot]	2026-02-16T01:41:26Z	2026-02-16T02:52:31Z	dependencies	
riscv-unified-db	1663	chore(deps): update dependency sorbet-runtime to v0.6.12942 - autoclosed	closed	renovate[bot]	2026-02-15T17:11:51Z	2026-02-16T02:52:31Z	dependencies	
riscv-unified-db	1660	chore(deps): update dependency sorbet to v0.6.12942 - autoclosed	closed	renovate[bot]	2026-02-15T16:20:23Z	2026-02-16T02:52:29Z	dependencies	
riscv-unified-db	1657	chore(deps): update dependency rubocop-sorbet to v0.12.0 - autoclosed	closed	renovate[bot]	2026-02-15T15:04:53Z	2026-02-16T02:52:25Z	dependencies	
riscv-unified-db	1656	chore(deps): update dependency ruby to v3.4.8 - autoclosed	closed	renovate[bot]	2026-02-15T14:18:00Z	2026-02-16T02:52:23Z	dependencies	
riscv-unified-db	1631	chore(deps): update docker/build-push-action action to v6.19.2 - autoclosed	closed	renovate[bot]	2026-02-13T09:24:03Z	2026-02-16T02:52:22Z	dependencies	
riscv-unified-db	1664	disable Renovate until CI issues are fixed	closed	2026-02-16T02:51:41Z	jordancarlin	2026-02-15T17:14:12Z	2026-02-16T02:52:18Z	
riscv-unified-db	1666	chore(deps): update actions/checkout action to v6 - autoclosed	closed	renovate[bot]	2026-02-15T20:54:14Z	2026-02-16T02:52:14Z	dependencies	
riscv-unified-db	1667	chore(deps): update ext/docs-resources digest to a41c354	closed	2026-02-16T02:38:36Z	renovate[bot]	2026-02-16T01:37:01Z	2026-02-16T02:39:25Z	dependencies
riscv-unified-db	1659	chore(deps): update dependency asciidoctor-pdf to v2.3.24	closed	2026-02-15T17:07:50Z	renovate[bot]	2026-02-15T16:19:01Z	2026-02-15T17:07:59Z	dependencies
riscv-unified-db	1658	chore(deps): update pre-commit hook renovatebot/pre-commit-hooks to v43.15.1	closed	2026-02-15T17:07:50Z	renovate[bot]	2026-02-15T15:05:39Z	2026-02-15T17:07:59Z	dependencies
riscv-unified-db	1508	chore(deps): update dependency ttfunk to v1.8.0	closed	2026-02-15T16:17:22Z	renovate[bot]	2026-02-02T06:18:48Z	2026-02-15T16:18:31Z	dependencies
riscv-unified-db	1507	chore(deps): update dependency tapioca to v0.17.10	closed	2026-02-15T15:33:44Z	renovate[bot]	2026-02-02T05:20:48Z	2026-02-15T15:33:54Z	dependencies
riscv-unified-db	1581	chore(deps): update dependency asciidoctor-diagram to v3	closed	2026-02-15T15:17:47Z	renovate[bot]	2026-02-08T02:26:03Z	2026-02-15T15:17:56Z	dependencies
riscv-unified-db	1648	chore(deps): update dependency sorbet-runtime to v0.6.12942	closed	2026-02-15T15:15:20Z	renovate[bot]	2026-02-14T21:17:21Z	2026-02-15T15:15:38Z	dependencies
riscv-unified-db	1644	chore(deps): update dependency sorbet to v0.6.12942	closed	2026-02-15T15:15:20Z	renovate[bot]	2026-02-14T15:35:58Z	2026-02-15T15:15:36Z	dependencies
riscv-unified-db	1655	chore(deps): update ext/riscv-isa-manual digest to 7fc198f	closed	2026-02-15T15:13:46Z	renovate[bot]	2026-02-15T14:13:48Z	2026-02-15T15:14:30Z	dependencies
riscv-unified-db	1654	chore(deps): update dependency rubocop-sorbet to v0.12.0	closed	2026-02-15T15:03:13Z	renovate[bot]	2026-02-15T09:40:06Z	2026-02-15T15:03:14Z	dependencies
riscv-unified-db	1653	chore(deps): update actions/setup-python action to v5.6.0	closed	2026-02-15T09:57:31Z	renovate[bot]	2026-02-15T09:39:51Z	2026-02-15T09:57:32Z	dependencies
riscv-unified-db	1652	chore(deps): update actions/setup-node action to v4.4.0	closed	2026-02-15T05:21:14Z	renovate[bot]	2026-02-15T05:02:59Z	2026-02-15T05:21:15Z	dependencies
riscv-unified-db	1651	chore(deps): update ext/llvm-project digest to 45bee6e	closed	2026-02-15T05:16:44Z	renovate[bot]	2026-02-15T04:58:47Z	2026-02-15T05:16:45Z	dependencies
riscv-unified-db	1650	chore(deps): update pre-commit hook astral-sh/ruff-pre-commit to v0.15.1	closed	2026-02-15T02:39:22Z	renovate[bot]	2026-02-15T02:21:01Z	2026-02-15T02:39:23Z	dependencies
riscv-unified-db	1649	chore(deps): update ext/riscv-isa-manual digest to 3134590	closed	2026-02-15T02:36:34Z	renovate[bot]	2026-02-15T02:18:41Z	2026-02-15T02:36:35Z	dependencies
riscv-unified-db	1647	chore(deps): update ext/llvm-project digest to cfe1b46	closed	2026-02-15T02:28:10Z	renovate[bot]	2026-02-14T21:14:44Z	2026-02-15T02:28:11Z	dependencies
riscv-unified-db	1646	chore(deps): update ext/riscv-isa-manual digest to b1dae6f	closed	2026-02-14T17:42:34Z	renovate[bot]	2026-02-14T17:24:39Z	2026-02-14T17:42:35Z	dependencies
riscv-unified-db	1645	chore(deps): update ext/llvm-project digest to 945db33	closed	2026-02-14T17:42:34Z	renovate[bot]	2026-02-14T17:24:30Z	2026-02-14T17:42:35Z	dependencies
riscv-unified-db	1431	feat(data): add Semihosting extension definition	closed	2026-02-14T15:52:37Z	ishaan-arora-1	2026-01-30T18:39:46Z	2026-02-14T15:52:49Z	
riscv-unified-db	1643	chore(deps): update ext/llvm-project digest to c472187	closed	2026-02-14T15:51:42Z	renovate[bot]	2026-02-14T15:34:43Z	2026-02-14T15:51:43Z	dependencies
riscv-unified-db	1624	feat: Renovate improvements	closed	2026-02-13T14:00:51Z	jordancarlin	2026-02-13T07:04:10Z	2026-02-14T15:48:58Z	
riscv-unified-db	1407	docs: complete data-templates.adoc with comprehensive examples	closed	2026-02-14T15:21:54Z	ishaan-arora-1	2026-01-29T21:42:21Z	2026-02-14T15:22:04Z	
riscv-unified-db	1641	chore(deps): update ext/llvm-project digest to 45e666a	closed	2026-02-14T13:38:31Z	renovate[bot]	2026-02-14T13:20:12Z	2026-02-14T13:38:32Z	dependencies
riscv-unified-db	1642	chore(deps): update ext/riscv-opcodes digest to a2766fd	closed	2026-02-14T13:38:14Z	renovate[bot]	2026-02-14T13:20:17Z	2026-02-14T13:38:15Z	dependencies
riscv-unified-db	1640	fix: use valid Python and Ruby versions in mise config	closed	lucifer4330k	2026-02-14T13:01:51Z	2026-02-14T13:06:22Z		
riscv-unified-db	1638	chore(deps): update ext/riscv-isa-manual digest to ea9176e	closed	2026-02-14T09:40:37Z	renovate[bot]	2026-02-14T09:22:16Z	2026-02-14T09:40:38Z	dependencies
riscv-unified-db	1637	chore(deps): update ext/llvm-project digest to ab25249	closed	2026-02-14T09:31:09Z	renovate[bot]	2026-02-14T09:02:54Z	2026-02-14T09:31:10Z	dependencies
riscv-unified-db	1636	chore(deps): pin ubuntu docker tag to cd1dba6	closed	2026-02-14T09:02:11Z	renovate[bot]	2026-02-14T08:45:29Z	2026-02-14T09:02:12Z	dependencies
riscv-unified-db	1609	test: Move UnknownLiteral test to unit test	closed	2026-02-14T04:43:00Z	lucifer4330k	2026-02-11T20:51:54Z	2026-02-14T04:43:24Z	
riscv-unified-db	1635	feat: add bash-completion and ssh packages for Devcontainer	closed	2026-02-13T19:40:21Z	jordancarlin	2026-02-13T17:26:25Z	2026-02-13T19:40:42Z	
riscv-unified-db	1621	chore: remove commitlint remnants	closed	2026-02-13T14:00:52Z	jordancarlin	2026-02-13T06:21:01Z	2026-02-13T14:02:12Z	
riscv-unified-db	1619	fix: update prompt options for container selection	closed	2026-02-13T14:00:52Z	jordancarlin	2026-02-13T00:07:34Z	2026-02-13T14:01:53Z	
riscv-unified-db	1620	chore: remove remnants of Singularity	closed	2026-02-13T14:00:51Z	jordancarlin	2026-02-13T06:17:45Z	2026-02-13T14:01:47Z	
riscv-unified-db	1633	chore(deps): update dependency rust to v1.93.1	closed	2026-02-13T13:48:21Z	renovate[bot]	2026-02-13T12:50:39Z	2026-02-13T13:48:34Z	dependencies
riscv-unified-db	1632	chore(deps): update ext/llvm-project digest to b447f5d	closed	2026-02-13T13:29:58Z	renovate[bot]	2026-02-13T12:50:27Z	2026-02-13T13:32:17Z	dependencies
riscv-unified-db	1630	chore(deps): update ext/riscv-isa-manual digest to 658d00d	closed	2026-02-13T10:15:20Z	renovate[bot]	2026-02-13T09:23:53Z	2026-02-13T10:15:59Z	dependencies
riscv-unified-db	1629	chore(deps): update ext/llvm-project digest to eb30b5c	closed	2026-02-13T09:31:30Z	renovate[bot]	2026-02-13T08:20:59Z	2026-02-13T09:32:19Z	dependencies
riscv-unified-db	1628	chore(deps): update docker/setup-buildx-action digest to 7c525be	closed	2026-02-13T09:10:44Z	renovate[bot]	2026-02-13T08:07:18Z	2026-02-13T09:12:30Z	dependencies
riscv-unified-db	1626	chore(deps): update docker/build-push-action digest to 10e90e3	closed	2026-02-13T08:09:11Z	renovate[bot]	2026-02-13T07:06:07Z	2026-02-13T08:10:21Z	dependencies
riscv-unified-db	1625	chore(deps): update actions/upload-artifact digest to 47309c9	closed	2026-02-13T08:05:58Z	renovate[bot]	2026-02-13T07:06:01Z	2026-02-13T08:06:34Z	dependencies
riscv-unified-db	1623	chore(deps): update actions/download-artifact digest to 37930b1	closed	2026-02-13T07:37:08Z	renovate[bot]	2026-02-13T06:33:57Z	2026-02-13T07:37:19Z	dependencies
riscv-unified-db	1622	chore(deps): update actions/checkout digest to 0c366fd	closed	2026-02-13T07:37:08Z	renovate[bot]	2026-02-13T06:33:29Z	2026-02-13T07:37:18Z	dependencies
riscv-unified-db	1612	chore(deps): update ext/llvm-project digest to 90cc8c0	closed	2026-02-13T01:00:11Z	renovate[bot]	2026-02-12T09:19:36Z	2026-02-13T01:03:29Z	dependencies
riscv-unified-db	1590	feat: drop Singularity support and use `mise` and `uv` for package management	closed	2026-02-12T21:03:04Z	jordancarlin	2026-02-09T15:59:06Z	2026-02-12T21:03:57Z	
riscv-unified-db	1611	fix(data): Sv32 and Sv39 require S	closed	2026-02-12T18:23:24Z	jordancarlin	2026-02-12T09:06:44Z	2026-02-12T20:29:20Z	
riscv-unified-db	1524	feat: generate fully-expanded configs for profiles	closed	dhower-qc	2026-02-02T17:55:47Z	2026-02-12T19:47:09Z		
riscv-unified-db	1289	fix: update c.nop encoding and assembly to support HINTs (#1177)	open	16srivarshitha	2025-12-27T06:07:13Z	2026-02-12T17:40:26Z		
riscv-unified-db	1613	chore(deps): update ext/rbi-central digest to d468cc9	closed	2026-02-12T10:27:06Z	renovate[bot]	2026-02-12T09:19:43Z	2026-02-12T10:27:56Z	dependencies
riscv-unified-db	1574	chore(deps): update dependency actions/checkout to v6	closed	2026-02-12T09:33:21Z	renovate[bot]	2026-02-07T20:01:41Z	2026-02-12T09:33:49Z	dependencies
riscv-unified-db	1579	chore(deps): update dependency actions/upload-artifact to v6	closed	2026-02-12T09:31:03Z	renovate[bot]	2026-02-08T01:29:33Z	2026-02-12T09:31:54Z	dependencies
riscv-unified-db	1575	chore(deps): update dependency actions/download-artifact to v7	closed	2026-02-12T09:31:03Z	renovate[bot]	2026-02-07T20:01:47Z	2026-02-12T09:31:53Z	dependencies
riscv-unified-db	1607	chore(deps): update dependency docker/build-push-action to v6.19.1	closed	2026-02-12T09:30:05Z	renovate[bot]	2026-02-11T12:44:29Z	2026-02-12T09:31:19Z	dependencies
riscv-unified-db	1578	chore(deps): update dependency actions/setup-java to v5	closed	2026-02-12T09:30:05Z	renovate[bot]	2026-02-08T01:29:26Z	2026-02-12T09:31:16Z	dependencies
riscv-unified-db	1605	chore(deps): update ext/llvm-project digest to c774bed	closed	2026-02-12T09:01:46Z	renovate[bot]	2026-02-11T11:29:55Z	2026-02-12T09:02:26Z	dependencies
riscv-unified-db	1518	chore(deps): update dependency @types/glob to v9	closed	renovate[bot]	2026-02-02T11:21:50Z	2026-02-12T08:55:25Z	dependencies	
riscv-unified-db	1433	fix(vector): correct AVL comparison operator in vsetvl and vsetivli	closed	2026-02-12T04:34:54Z	ishaan-arora-1	2026-01-30T18:58:40Z	2026-02-12T04:35:39Z	
riscv-unified-db	1228	fix(data): extension Svadu does not conflict with Svade	closed	2026-02-12T04:01:03Z	ThinkOpenly	2025-10-31T16:27:19Z	2026-02-12T04:01:27Z	
riscv-unified-db	1430	fix: trailing newline in `container.yml`	closed	2026-01-30T19:32:18Z	jordancarlin	2026-01-30T18:30:39Z	2026-02-12T03:13:18Z	
riscv-unified-db	1598	Move unknownliteral test to unit test 	closed	lucifer4330k	2026-02-10T17:27:17Z	2026-02-11T20:53:44Z		
riscv-unified-db	1600	fix(test): correct vsetivli immediate encodings in vmv_v_i test	closed	2026-02-11T19:05:17Z	ishaan-arora-1	2026-02-10T19:56:34Z	2026-02-11T19:05:49Z	
riscv-unified-db	1582	Extract cache-related architectural parameters (Privileged Spec 19.3.1)Extract cache parameters	closed	Tavishi-co	2026-02-08T06:44:13Z	2026-02-11T18:45:48Z		
riscv-unified-db	1592	add new tests to task test:riscv_vector_tests	closed	2026-02-10T16:25:18Z	adingank-qualcomm	2026-02-09T23:54:16Z	2026-02-11T17:51:46Z	
riscv-unified-db	1606	chore(deps): update dependency org.apache.maven.plugins:maven-dependency-plugin to v3.10.0	closed	2026-02-11T12:27:10Z	renovate[bot]	2026-02-11T11:30:25Z	2026-02-11T12:27:23Z	dependencies
riscv-unified-db	1604	chore(deps): update dependency @types/node to v24.10.12	closed	2026-02-11T11:19:51Z	renovate[bot]	2026-02-11T10:45:05Z	2026-02-11T11:20:12Z	dependencies
riscv-unified-db	1603	chore(deps): update ext/llvm-project digest to e84659b	closed	2026-02-11T11:18:03Z	renovate[bot]	2026-02-11T10:44:49Z	2026-02-11T11:18:49Z	dependencies
riscv-unified-db	1602	chore(deps): update ext/riscv-isa-manual digest to 464b564	closed	2026-02-11T07:18:27Z	renovate[bot]	2026-02-11T06:22:04Z	2026-02-11T07:18:39Z	dependencies
riscv-unified-db	1601	chore(deps): update ext/llvm-project digest to 0d08cb0	closed	2026-02-11T07:16:39Z	renovate[bot]	2026-02-11T06:21:55Z	2026-02-11T07:16:59Z	dependencies
riscv-unified-db	1377	fix: redirect container selection prompt to stderr	closed	2026-01-24T15:17:36Z	jordancarlin	2026-01-24T08:08:30Z	2026-02-10T17:21:56Z	
riscv-unified-db	1597	Move UnknownLiteral test to unit test	closed	lucifer4330k	2026-02-10T17:09:42Z	2026-02-10T17:11:45Z		
riscv-unified-db	1591	fix: ast schema keys for shared json types	closed	2026-02-10T15:58:34Z	dhower-qc	2026-02-09T18:41:21Z	2026-02-10T15:58:56Z	
riscv-unified-db	1595	chore(deps): update ext/riscv-opcodes digest to 27e0eb2	closed	2026-02-10T10:01:42Z	renovate[bot]	2026-02-10T09:08:04Z	2026-02-10T10:02:32Z	dependencies
riscv-unified-db	1594	chore(deps): update ext/llvm-project digest to 7e5d918	closed	2026-02-10T09:59:08Z	renovate[bot]	2026-02-10T09:07:58Z	2026-02-10T10:00:05Z	dependencies
riscv-unified-db	1291	fix(ruby): idl compiler bug	closed	ShashankVM	2025-12-29T16:57:28Z	2026-02-10T04:31:27Z		
riscv-unified-db	1562	ci: remove requirement for conventional commits	closed	2026-02-09T17:45:26Z	dhower-qc	2026-02-06T16:30:10Z	2026-02-09T17:45:48Z	
riscv-unified-db	1587	chore(deps): update ext/llvm-project digest to a654a27	closed	2026-02-09T10:11:38Z	renovate[bot]	2026-02-09T08:58:18Z	2026-02-09T10:13:04Z	dependencies
riscv-unified-db	1588	chore(deps): update ext/riscv-isa-manual digest to af9c6de	closed	2026-02-09T10:11:38Z	renovate[bot]	2026-02-09T09:27:22Z	2026-02-09T10:12:55Z	dependencies
riscv-unified-db	1521	chore(deps): update dependency actions/cache to v5	closed	2026-02-09T09:14:52Z	renovate[bot]	2026-02-02T12:14:28Z	2026-02-09T09:15:50Z	dependencies
riscv-unified-db	1586	chore(deps): update ext/llvm-project digest to bd4784a	closed	2026-02-09T06:19:52Z	renovate[bot]	2026-02-09T05:27:04Z	2026-02-09T06:20:01Z	dependencies
riscv-unified-db	1585	chore(deps): update ext/llvm-project digest to 769b734	closed	2026-02-09T01:30:10Z	renovate[bot]	2026-02-09T00:54:03Z	2026-02-09T01:30:19Z	dependencies
riscv-unified-db	1580	chore(deps): update ext/llvm-project digest to a563e6b	closed	2026-02-08T21:51:41Z	renovate[bot]	2026-02-08T02:23:00Z	2026-02-08T21:51:56Z	dependencies
riscv-unified-db	1583	Add Xaifoundry custom extensions and MMR support	closed	AFOliveira	2026-02-08T12:35:52Z	2026-02-08T12:39:36Z		
riscv-unified-db	1577	chore(deps): update dependency @types/vscode to v1.109.0	closed	2026-02-08T02:08:45Z	renovate[bot]	2026-02-08T00:44:49Z	2026-02-08T02:08:55Z	dependencies
riscv-unified-db	1576	chore(deps): update ext/llvm-project digest to 743538c	closed	2026-02-08T02:08:45Z	renovate[bot]	2026-02-08T00:44:00Z	2026-02-08T02:08:54Z	dependencies
riscv-unified-db	1572	chore(deps): update ext/llvm-project digest to ec059d8	closed	2026-02-07T20:14:10Z	renovate[bot]	2026-02-07T19:22:49Z	2026-02-07T20:14:21Z	dependencies
riscv-unified-db	1573	chore(deps): update pre-commit hook renovatebot/pre-commit-hooks to v43.4.2	closed	2026-02-07T20:14:10Z	renovate[bot]	2026-02-07T19:23:29Z	2026-02-07T20:14:19Z	dependencies
riscv-unified-db	1571	fix(deps): update dependency @antora/lunr-extension to v1.0.0-alpha.13	closed	2026-02-07T18:51:14Z	renovate[bot]	2026-02-07T18:12:21Z	2026-02-07T18:51:25Z	dependencies
riscv-unified-db	1570	chore(deps): update ext/llvm-project digest to 9dd5542	closed	2026-02-07T18:46:15Z	renovate[bot]	2026-02-07T18:11:42Z	2026-02-07T18:47:17Z	dependencies
riscv-unified-db	1569	chore(deps): update ext/riscv-isa-manual digest to 76d7a02	closed	2026-02-07T14:37:36Z	renovate[bot]	2026-02-07T13:43:34Z	2026-02-07T14:37:54Z	dependencies
riscv-unified-db	1568	chore(deps): update ext/llvm-project digest to c381180	closed	2026-02-07T14:36:47Z	renovate[bot]	2026-02-07T13:43:22Z	2026-02-07T14:37:16Z	dependencies
riscv-unified-db	1551	Replace MXLEN parameter with xlen property in configurations	closed	krrish175-byte	2026-02-04T19:55:37Z	2026-02-07T13:48:36Z		
riscv-unified-db	1567	chore(deps): update ext/llvm-project digest to 269fda1	closed	2026-02-07T10:58:23Z	renovate[bot]	2026-02-07T10:05:39Z	2026-02-07T10:58:39Z	dependencies
riscv-unified-db	1566	chore(deps): update ext/docs-resources digest to 40aed03	closed	2026-02-07T10:40:00Z	renovate[bot]	2026-02-07T09:49:23Z	2026-02-07T10:40:27Z	dependencies
riscv-unified-db	1563	fix: idl ast bug	closed	2026-02-06T21:29:02Z	dhower-qc	2026-02-06T21:28:39Z	2026-02-06T21:45:36Z	
riscv-unified-db	1561	fix(data): normalize long_name to quoted format for #1445	closed	OctopusET	2026-02-06T16:06:11Z	2026-02-06T21:28:00Z		
riscv-unified-db	1150	feat: add GPR Information to UDB	closed	2026-02-06T19:41:08Z	AnimeshAgarwal28	2025-10-02T11:34:37Z	2026-02-06T19:41:55Z	
riscv-unified-db	1434	feat: add IDL YAML ast generation, produce it in deployment	closed	2026-02-06T17:29:52Z	dhower-qc	2026-01-30T20:32:30Z	2026-02-06T17:30:06Z	
riscv-unified-db	1295	feat(vector): support basic 8-bit vector add operation	closed	adingank-qualcomm	2026-01-03T01:21:05Z	2026-02-06T17:04:52Z		
riscv-unified-db	1556	fix: add "sign_extend: true" to bgeu, bltu, jalr	closed	2026-02-06T16:55:36Z	thecharlesjenkins	2026-02-06T04:28:54Z	2026-02-06T16:56:51Z	
riscv-unified-db	1309	feat(vector): support basic 8-bit vector add from cherry-picked commits	closed	2026-02-06T15:43:47Z	adingank-qualcomm	2026-01-09T20:36:45Z	2026-02-06T16:27:20Z	
riscv-unified-db	1537	fix(llvm): verify hint instructions against parent encoding	closed	2026-02-06T15:47:07Z	krrish175-byte	2026-02-04T07:03:00Z	2026-02-06T15:47:39Z	
riscv-unified-db	1445	feat(data): add long name and description to RVV	closed	2026-02-05T21:55:14Z	lu-zero	2026-01-31T15:39:36Z	2026-02-06T15:42:01Z	
riscv-unified-db	1560	chore(deps): update dependency @types/node to v24.10.10	closed	2026-02-06T13:48:20Z	renovate[bot]	2026-02-06T12:52:11Z	2026-02-06T13:48:53Z	dependencies
riscv-unified-db	1559	chore(deps): update ext/llvm-project digest to 4096cb6	closed	2026-02-06T13:48:20Z	renovate[bot]	2026-02-06T12:51:55Z	2026-02-06T13:48:36Z	dependencies
riscv-unified-db	1558	chore(deps): update ext/riscv-isa-manual digest to 2a857eb	closed	2026-02-06T11:23:35Z	renovate[bot]	2026-02-06T10:23:19Z	2026-02-06T11:24:15Z	dependencies
riscv-unified-db	1557	chore(deps): update ext/llvm-project digest to 9d11a66	closed	2026-02-06T11:21:12Z	renovate[bot]	2026-02-06T10:23:08Z	2026-02-06T11:21:36Z	dependencies
riscv-unified-db	1549	chore(deps): update pre-commit hook renovatebot/pre-commit-hooks to v43.3.6	closed	2026-02-05T21:52:47Z	renovate[bot]	2026-02-04T11:31:52Z	2026-02-05T21:53:09Z	dependencies
riscv-unified-db	1553	chore(deps): update ext/llvm-project digest to 9758847	closed	2026-02-05T11:48:35Z	renovate[bot]	2026-02-05T11:10:31Z	2026-02-05T11:49:29Z	dependencies
riscv-unified-db	1552	chore(deps): update ext/docs-resources digest to 7a9931f	closed	2026-02-05T11:34:01Z	renovate[bot]	2026-02-05T10:56:42Z	2026-02-05T11:34:42Z	dependencies
riscv-unified-db	1436	fix: removed test procedures and some lingering coverage_point stuff that I removed	closed	2026-02-04T23:00:09Z	james-ball-qualcomm	2026-01-30T23:53:53Z	2026-02-05T00:48:36Z	
riscv-unified-db	1548	chore(deps): update ext/llvm-project digest to c51a758	closed	2026-02-04T22:39:17Z	renovate[bot]	2026-02-04T11:31:13Z	2026-02-04T22:52:20Z	dependencies
riscv-unified-db	1534	fix(ruby-db): correct filter logic for XLEN-specific CSRs	closed	krrish175-byte	2026-02-04T05:39:59Z	2026-02-04T21:28:56Z		
riscv-unified-db	1458	chore(deps): group ruff and ruff-pre-commit updates in Renovate	closed	2026-02-04T20:34:33Z	jordancarlin	2026-02-01T00:08:13Z	2026-02-04T20:35:04Z	
riscv-unified-db	1429	ci: create single ci target for artifact builds	closed	dhower-qc	2026-01-30T15:07:20Z	2026-02-04T19:26:32Z		
riscv-unified-db	1439	feat: trim down CRD	closed	2026-02-04T18:20:30Z	james-ball-qualcomm	2026-01-31T07:13:19Z	2026-02-04T18:21:30Z	
riscv-unified-db	1539	fix: another attempt at making LLVM only update weekly	closed	2026-02-04T17:29:46Z	jordancarlin	2026-02-04T07:56:10Z	2026-02-04T17:31:07Z	
riscv-unified-db	1546	chore(deps): update ext/llvm-project digest to 046413f	closed	2026-02-04T11:17:21Z	renovate[bot]	2026-02-04T10:18:05Z	2026-02-04T11:17:48Z	dependencies
riscv-unified-db	1547	chore(deps): update dependency ruff to v0.15.0	closed	2026-02-04T11:17:21Z	renovate[bot]	2026-02-04T10:18:48Z	2026-02-04T11:17:42Z	dependencies
riscv-unified-db	1543	chore(deps): update pre-commit hook renovatebot/pre-commit-hooks to v43.2.7	closed	2026-02-04T10:02:39Z	renovate[bot]	2026-02-04T09:06:12Z	2026-02-04T10:18:43Z	dependencies
riscv-unified-db	1545	chore(deps): update dependency reuse to v6	closed	2026-02-04T10:02:56Z	renovate[bot]	2026-02-04T09:06:33Z	2026-02-04T10:04:31Z	dependencies
riscv-unified-db	1544	chore(deps): update dependency pytest to v9	closed	2026-02-04T09:58:46Z	renovate[bot]	2026-02-04T09:06:26Z	2026-02-04T09:59:46Z	dependencies
riscv-unified-db	1542	chore(deps): update pre-commit hook astral-sh/ruff-pre-commit to v0.15.0	closed	2026-02-04T09:56:42Z	renovate[bot]	2026-02-04T09:00:35Z	2026-02-04T09:57:36Z	dependencies
riscv-unified-db	1541	chore(deps): update ext/llvm-project digest to 45aa84b	closed	2026-02-04T09:54:37Z	renovate[bot]	2026-02-04T08:59:09Z	2026-02-04T09:55:25Z	dependencies
riscv-unified-db	1538	chore(deps): update ext/llvm-project digest to 653b336	closed	2026-02-04T08:28:35Z	renovate[bot]	2026-02-04T07:33:18Z	2026-02-04T08:29:34Z	dependencies
riscv-unified-db	1536	chore(deps): update dependency tqdm to v4.67.3	closed	2026-02-04T07:18:31Z	renovate[bot]	2026-02-04T06:21:07Z	2026-02-04T07:19:21Z	dependencies
riscv-unified-db	1535	chore(deps): update ext/llvm-project digest to a03f82d	closed	2026-02-04T07:18:31Z	renovate[bot]	2026-02-04T06:20:36Z	2026-02-04T07:19:21Z	dependencies
riscv-unified-db	1459	docs(data): add descriptions for Zve* and Zvl*b extensions	closed	2026-02-03T15:30:03Z	ishaan-arora-1	2026-02-01T00:12:12Z	2026-02-03T15:30:41Z	
riscv-unified-db	1525	fix: Add Zaamo and Zalrsc extensions to RVI20U32 profile	closed	ankitgpt18	2026-02-02T18:08:48Z	2026-02-03T15:09:06Z		
riscv-unified-db	1464	docs(data): add long_name and description for H extension instructions	closed	2026-02-03T14:30:42Z	ishaan-arora-1	2026-02-01T00:23:34Z	2026-02-03T14:31:44Z	
riscv-unified-db	1530	chore(deps): update ext/riscv-isa-manual digest to f30292b	closed	2026-02-03T10:46:19Z	renovate[bot]	2026-02-03T10:09:50Z	2026-02-03T10:46:20Z	dependencies
riscv-unified-db	1529	chore(deps): update ext/llvm-project digest to 38e280d	closed	2026-02-03T10:46:02Z	renovate[bot]	2026-02-03T10:09:39Z	2026-02-03T10:46:04Z	dependencies
riscv-unified-db	1522	chore: jordancarlin owns renovate	closed	2026-02-03T02:30:55Z	dhower-qc	2026-02-02T14:12:58Z	2026-02-03T02:30:56Z	
riscv-unified-db	1502	chore(deps): update ext/llvm-project digest to dc520ea	closed	2026-02-02T15:38:15Z	renovate[bot]	2026-02-02T03:16:50Z	2026-02-02T15:38:17Z	dependencies
riscv-unified-db	1403	feat: vector parameters new format 	closed	2026-02-02T14:44:45Z	jacassidy	2026-01-29T03:59:13Z	2026-02-02T14:45:18Z	
riscv-unified-db	1490	fix(data): update Zks extension requirements	closed	2026-02-02T14:36:33Z	jordancarlin	2026-02-01T21:05:46Z	2026-02-02T14:37:01Z	
riscv-unified-db	1460	chore: only update llvm submodule once a week	closed	2026-02-02T14:36:33Z	jordancarlin	2026-02-01T00:17:10Z	2026-02-02T14:36:54Z	
riscv-unified-db	1493	fix(data): profiles require U version 1.0	closed	2026-02-02T14:36:33Z	jordancarlin	2026-02-01T21:10:39Z	2026-02-02T14:36:51Z	
riscv-unified-db	1520	chore(deps): update pre-commit hook renovatebot/pre-commit-hooks to v43.2.0	closed	2026-02-02T13:10:54Z	renovate[bot]	2026-02-02T12:14:16Z	2026-02-02T13:10:55Z	dependencies
riscv-unified-db	1519	chore(deps): update dependency @types/node to v24	closed	2026-02-02T12:31:06Z	renovate[bot]	2026-02-02T11:21:58Z	2026-02-02T12:31:08Z	dependencies
riscv-unified-db	1517	chore(deps): update actions/upload-pages-artifact action to v4	closed	2026-02-02T11:08:27Z	renovate[bot]	2026-02-02T10:22:00Z	2026-02-02T11:08:28Z	dependencies
riscv-unified-db	1516	chore(deps): update pre-commit hook renovatebot/pre-commit-hooks to v43.0.10	closed	2026-02-02T11:07:04Z	renovate[bot]	2026-02-02T10:21:36Z	2026-02-02T11:07:06Z	dependencies
riscv-unified-db	1515	fix(deps): update dependency prettier to v3.8.1	closed	2026-02-02T10:27:15Z	renovate[bot]	2026-02-02T09:19:56Z	2026-02-02T10:27:16Z	dependencies
riscv-unified-db	1514	fix(deps): update dependency org.webjars:jquery to v3.7.1	closed	2026-02-02T10:23:13Z	renovate[bot]	2026-02-02T09:19:42Z	2026-02-02T10:23:14Z	dependencies
riscv-unified-db	1513	fix(deps): update dependency org.webjars:ace to v1.23.4	closed	2026-02-02T09:28:04Z	renovate[bot]	2026-02-02T08:24:03Z	2026-02-02T09:28:06Z	dependencies
riscv-unified-db	1512	fix(deps): update dependency asciidoctor-kroki to v0.18.1	closed	2026-02-02T09:28:04Z	renovate[bot]	2026-02-02T08:23:51Z	2026-02-02T09:28:06Z	dependencies
riscv-unified-db	1511	chore(deps): update pre-commit hook rbubley/mirrors-prettier to v3.8.1	closed	2026-02-02T08:10:03Z	renovate[bot]	2026-02-02T07:31:33Z	2026-02-02T08:10:04Z	dependencies
riscv-unified-db	1510	chore(deps): update pre-commit hook fsfe/reuse-tool to v5.1.1	closed	2026-02-02T08:07:41Z	renovate[bot]	2026-02-02T07:31:26Z	2026-02-02T08:07:42Z	dependencies
riscv-unified-db	1509	chore(deps): update gradle to v8.14.4	closed	2026-02-02T07:15:34Z	renovate[bot]	2026-02-02T06:19:33Z	2026-02-02T07:15:35Z	dependencies
riscv-unified-db	1506	chore(deps): update dependency reuse to v5.1.1	closed	2026-02-02T05:59:56Z	renovate[bot]	2026-02-02T05:20:30Z	2026-02-02T05:59:57Z	dependencies
riscv-unified-db	1504	chore(deps): update dependency pre_commit to v4.5.1	closed	2026-02-02T05:03:52Z	renovate[bot]	2026-02-02T04:06:37Z	2026-02-02T05:03:54Z	dependencies
riscv-unified-db	1505	chore(deps): update dependency pytest to v8.4.2	closed	2026-02-02T04:52:14Z	renovate[bot]	2026-02-02T04:06:43Z	2026-02-02T04:52:15Z	dependencies
riscv-unified-db	1503	chore(deps): update dependency org.codehaus.mojo:exec-maven-plugin to v3.6.3	closed	2026-02-02T04:25:02Z	renovate[bot]	2026-02-02T03:17:42Z	2026-02-02T04:25:03Z	dependencies
riscv-unified-db	1500	chore(deps): update dependency org.apache.maven.plugins:maven-war-plugin to v3.5.1	closed	2026-02-02T04:04:35Z	renovate[bot]	2026-02-02T02:34:56Z	2026-02-02T04:04:36Z	dependencies
riscv-unified-db	1501	chore(deps): update dependency org.codehaus.mojo:build-helper-maven-plugin to v3.6.1	closed	2026-02-02T03:29:25Z	renovate[bot]	2026-02-02T02:35:06Z	2026-02-02T03:29:26Z	dependencies
riscv-unified-db	1498	chore(deps): update ext/llvm-project digest to dc152f0	closed	2026-02-02T02:49:52Z	renovate[bot]	2026-02-02T01:52:39Z	2026-02-02T03:01:45Z	dependencies
riscv-unified-db	1499	chore(deps): update dependency org.apache.maven.plugins:maven-shade-plugin to v3.6.1	closed	2026-02-02T02:48:32Z	renovate[bot]	2026-02-02T01:53:22Z	2026-02-02T02:48:33Z	dependencies
riscv-unified-db	1496	chore(deps): update dependency org.apache.maven.plugins:maven-clean-plugin to v3.5.0	closed	2026-02-01T23:47:20Z	renovate[bot]	2026-02-01T23:00:21Z	2026-02-01T23:47:21Z	dependencies
riscv-unified-db	1497	chore(deps): update dependency org.apache.maven.plugins:maven-dependency-plugin to v3.9.0	closed	2026-02-01T23:44:51Z	renovate[bot]	2026-02-01T23:00:30Z	2026-02-01T23:44:52Z	dependencies
riscv-unified-db	1495	chore(deps): update dependency jsonschema to v4.26.0	closed	2026-02-01T22:59:14Z	renovate[bot]	2026-02-01T22:19:03Z	2026-02-01T22:59:15Z	dependencies
riscv-unified-db	1494	chore(deps): update ext/llvm-project digest to acb2312	closed	2026-02-01T22:54:39Z	renovate[bot]	2026-02-01T22:18:18Z	2026-02-01T22:54:40Z	dependencies
riscv-unified-db	1491	chore(deps): update dependency actions/setup-java to v4.8.0	closed	2026-02-01T22:27:49Z	renovate[bot]	2026-02-01T21:07:17Z	2026-02-01T22:27:51Z	dependencies
riscv-unified-db	1492	chore(deps): update dependency codecov/codecov-action to v5.5.2	closed	2026-02-01T22:02:30Z	renovate[bot]	2026-02-01T21:07:36Z	2026-02-01T22:02:31Z	dependencies
riscv-unified-db	1486	chore(deps): update dependency actions/download-artifact to v4.3.0	closed	2026-02-01T22:00:52Z	renovate[bot]	2026-02-01T20:39:16Z	2026-02-01T22:00:53Z	dependencies
riscv-unified-db	1487	chore(deps): update dependency actions/upload-artifact to v4.6.2	closed	2026-02-01T21:34:05Z	renovate[bot]	2026-02-01T20:39:48Z	2026-02-01T21:34:06Z	dependencies
riscv-unified-db	1489	chore(deps): update dependency docker/setup-buildx-action to v3.12.0	closed	2026-02-01T21:33:32Z	renovate[bot]	2026-02-01T20:40:01Z	2026-02-01T21:33:33Z	dependencies
riscv-unified-db	1488	chore(deps): update dependency docker/build-push-action to v6.18.0	closed	2026-02-01T21:33:02Z	renovate[bot]	2026-02-01T20:39:55Z	2026-02-01T21:33:03Z	dependencies
riscv-unified-db	1485	chore(deps): update pre-commit hook renovatebot/pre-commit-hooks to v43.0.9	closed	2026-02-01T21:33:02Z	renovate[bot]	2026-02-01T20:37:23Z	2026-02-01T21:33:03Z	dependencies
riscv-unified-db	1484	chore(deps): update ext/llvm-project digest to beb0e7e	closed	2026-02-01T21:33:02Z	renovate[bot]	2026-02-01T20:36:43Z	2026-02-01T21:33:03Z	dependencies
riscv-unified-db	1482	chore(deps): update ext/llvm-project digest to 9065730	closed	2026-02-01T18:50:06Z	renovate[bot]	2026-02-01T18:11:46Z	2026-02-01T18:50:07Z	dependencies
riscv-unified-db	1483	chore(deps): update pre-commit hook renovatebot/pre-commit-hooks to v43.0.8	closed	2026-02-01T18:49:20Z	renovate[bot]	2026-02-01T18:12:27Z	2026-02-01T18:49:21Z	dependencies
riscv-unified-db	1481	chore(deps): update ext/riscv-isa-manual digest to b9f1438	closed	2026-02-01T16:35:58Z	renovate[bot]	2026-02-01T15:40:43Z	2026-02-01T16:36:00Z	dependencies
riscv-unified-db	1480	chore(deps): update ext/llvm-project digest to 0280450	closed	2026-02-01T16:35:58Z	renovate[bot]	2026-02-01T15:40:31Z	2026-02-01T16:36:00Z	dependencies
riscv-unified-db	1478	chore(deps): update dependency @types/vscode to v1.108.1	closed	2026-02-01T07:54:15Z	renovate[bot]	2026-02-01T07:06:11Z	2026-02-01T07:54:16Z	dependencies
riscv-unified-db	1479	chore(deps): update dependency actions/cache to v4.3.0	closed	2026-02-01T07:53:29Z	renovate[bot]	2026-02-01T07:06:18Z	2026-02-01T07:53:30Z	dependencies
riscv-unified-db	1477	chore(deps): update amannn/action-semantic-pull-request action to v6.1.1	closed	2026-02-01T07:05:08Z	renovate[bot]	2026-02-01T06:17:31Z	2026-02-01T07:05:09Z	dependencies
riscv-unified-db	1476	fix(deps): update jetty monorepo to v11.0.26	closed	2026-02-01T07:04:52Z	renovate[bot]	2026-02-01T06:17:26Z	2026-02-01T07:04:53Z	dependencies
riscv-unified-db	1474	fix(deps): update dependency io.github.classgraph:classgraph to v4.8.184	closed	2026-02-01T06:18:41Z	renovate[bot]	2026-02-01T05:10:59Z	2026-02-01T06:18:43Z	dependencies
riscv-unified-db	1475	fix(deps): update dependency org.slf4j:slf4j-simple to v2.0.17	closed	2026-02-01T06:15:45Z	renovate[bot]	2026-02-01T05:11:09Z	2026-02-01T06:15:46Z	dependencies
riscv-unified-db	1473	fix(deps): update dependency @antora/site-generator to v3.1.14	closed	2026-02-01T05:36:30Z	renovate[bot]	2026-02-01T04:00:42Z	2026-02-01T05:36:31Z	dependencies
riscv-unified-db	1472	fix(deps): update dependency @antora/lunr-extension to v1.0.0-alpha.12	closed	2026-02-01T04:49:51Z	renovate[bot]	2026-02-01T04:00:29Z	2026-02-01T04:49:52Z	dependencies
riscv-unified-db	1471	fix(deps): update dependency @antora/cli to v3.1.14	closed	2026-02-01T03:59:09Z	renovate[bot]	2026-02-01T03:13:53Z	2026-02-01T03:59:10Z	dependencies
riscv-unified-db	1470	fix(deps): update commitlint monorepo to v19.8.1	closed	2026-02-01T03:59:08Z	renovate[bot]	2026-02-01T03:13:42Z	2026-02-01T03:59:09Z	dependencies
riscv-unified-db	1469	chore(deps): update tycho-version to v4.0.13	closed	2026-02-01T03:12:14Z	renovate[bot]	2026-02-01T02:13:45Z	2026-02-01T03:12:15Z	dependencies
riscv-unified-db	1468	chore(deps): update ext/llvm-project digest to bba5371	closed	2026-02-01T03:12:13Z	renovate[bot]	2026-02-01T02:13:06Z	2026-02-01T03:12:14Z	dependencies
riscv-unified-db	1465	chore(deps): update dependency typescript to v5.9.3	closed	2026-02-01T02:22:06Z	renovate[bot]	2026-02-01T01:15:38Z	2026-02-01T02:22:07Z	dependencies
riscv-unified-db	1466	chore(deps): update pre-commit hook pre-commit/mirrors-clang-format to v20.1.8	closed	2026-02-01T02:01:00Z	renovate[bot]	2026-02-01T01:15:44Z	2026-02-01T02:01:01Z	dependencies
riscv-unified-db	1461	chore(deps): update ext/riscv-isa-manual digest to 414e6dc	closed	2026-02-01T01:16:09Z	renovate[bot]	2026-02-01T00:19:13Z	2026-02-01T01:16:10Z	dependencies
riscv-unified-db	1463	chore(deps): update pre-commit hook astral-sh/ruff-pre-commit to v0.14.14	closed	2026-02-01T01:14:02Z	renovate[bot]	2026-02-01T00:19:40Z	2026-02-01T01:14:03Z	dependencies
riscv-unified-db	1462	chore(deps): update dependency tqdm to v4.67.2	closed	2026-02-01T01:14:02Z	renovate[bot]	2026-02-01T00:19:35Z	2026-02-01T01:14:03Z	dependencies
riscv-unified-db	1457	chore(deps): update dependency ruff to v0.14.14	closed	2026-02-01T00:50:00Z	renovate[bot]	2026-01-31T23:24:03Z	2026-02-01T00:50:01Z	dependencies
riscv-unified-db	1456	chore(deps): update ext/llvm-project digest to 33cef35	closed	2026-02-01T00:46:50Z	renovate[bot]	2026-01-31T23:23:41Z	2026-02-01T00:46:51Z	dependencies
riscv-unified-db	1453	chore(deps): update docker/login-action action to v3.7.0	closed	2026-01-31T23:46:37Z	renovate[bot]	2026-01-31T22:24:30Z	2026-01-31T23:46:38Z	dependencies
riscv-unified-db	1455	chore(deps): update pre-commit hook renovatebot/pre-commit-hooks to v43	closed	2026-01-31T23:40:55Z	renovate[bot]	2026-01-31T22:26:00Z	2026-01-31T23:40:56Z	dependencies
riscv-unified-db	1454	chore(deps): update pre-commit hook pre-commit/pre-commit-hooks to v6	closed	2026-01-31T23:20:57Z	renovate[bot]	2026-01-31T22:24:36Z	2026-01-31T23:20:58Z	dependencies
riscv-unified-db	1452	chore(deps): update dependency corepack to v0.34.6	closed	2026-01-31T23:18:25Z	renovate[bot]	2026-01-31T22:24:24Z	2026-01-31T23:18:26Z	dependencies
riscv-unified-db	1451	chore(deps): update dependency @types/node to v20.19.30	closed	2026-01-31T23:18:25Z	renovate[bot]	2026-01-31T22:24:16Z	2026-01-31T23:18:26Z	dependencies
riscv-unified-db	1449	chore(deps): update ext/llvm-project digest to bc45ea2	closed	2026-01-31T22:33:21Z	renovate[bot]	2026-01-31T21:38:24Z	2026-01-31T22:33:22Z	dependencies
riscv-unified-db	1450	chore(deps): update ext/riscv-opcodes digest to 3a301b3	closed	2026-01-31T22:31:18Z	renovate[bot]	2026-01-31T21:38:31Z	2026-01-31T22:31:20Z	dependencies
riscv-unified-db	1447	chore(deps): update ext/riscv-isa-manual digest to 472227f	closed	2026-01-31T18:25:35Z	renovate[bot]	2026-01-31T17:29:59Z	2026-01-31T18:25:36Z	dependencies
riscv-unified-db	1446	chore(deps): update ext/llvm-project digest to ddc993f	closed	2026-01-31T18:24:28Z	renovate[bot]	2026-01-31T17:29:47Z	2026-01-31T18:24:29Z	dependencies
riscv-unified-db	1443	chore(deps): update ext/llvm-project digest to b6d6af9	closed	2026-01-31T14:16:06Z	renovate[bot]	2026-01-31T13:20:17Z	2026-01-31T14:16:07Z	dependencies
riscv-unified-db	1444	chore(deps): update ext/rbi-central digest to 8531477	closed	2026-01-31T14:13:43Z	renovate[bot]	2026-01-31T13:20:23Z	2026-01-31T14:13:43Z	dependencies
riscv-unified-db	1078	fix: added MockProcessor-CTP to deploy pages	closed	james-ball-qualcomm	2025-09-10T18:01:18Z	2026-01-31T13:57:04Z		
riscv-unified-db	1442	chore(deps): update ext/llvm-project digest to 52430e7	closed	2026-01-31T09:05:09Z	renovate[bot]	2026-01-31T08:09:54Z	2026-01-31T09:05:10Z	dependencies
riscv-unified-db	1441	chore(deps): update ext/docs-resources digest to be002f1	closed	2026-01-31T08:55:11Z	renovate[bot]	2026-01-31T08:00:13Z	2026-01-31T08:55:12Z	dependencies
riscv-unified-db	1426	chore(deps): update docker/login-action digest to c94ce9f	closed	2026-01-30T20:47:19Z	renovate[bot]	2026-01-30T08:14:33Z	2026-01-30T20:47:21Z	dependencies
riscv-unified-db	1425	chore(deps): update actions/download-artifact digest to d3f86a1	closed	2026-01-30T20:47:03Z	renovate[bot]	2026-01-30T08:14:26Z	2026-01-30T20:47:05Z	dependencies
riscv-unified-db	1397	feat(vector): add IDL operation for vmv.v.i instruction 	closed	2026-01-30T14:32:17Z	ishaan-arora-1	2026-01-27T17:41:01Z	2026-01-30T14:33:00Z	
riscv-unified-db	1423	fix: regress-complete job wasn't failing properly 	closed	2026-01-30T14:24:00Z	dhower-qc	2026-01-30T03:58:17Z	2026-01-30T14:24:16Z	
riscv-unified-db	1427	ci: add merge_group trigger to pr_title_check	closed	2026-01-30T13:39:54Z	dhower-qc	2026-01-30T13:39:47Z	2026-01-30T13:39:55Z	
riscv-unified-db	1424	Expand mop instructions issue 1178	closed	lucifer4330k	2026-01-30T08:12:39Z	2026-01-30T08:12:48Z		
riscv-unified-db	1421	fix: account for platform in singularity image caching	closed	2026-01-30T03:58:53Z	dhower-qc	2026-01-30T03:48:49Z	2026-01-30T04:15:40Z	
riscv-unified-db	1420	fix: container registry in regression CI	closed	2026-01-30T03:40:05Z	dhower-qc	2026-01-30T03:20:41Z	2026-01-30T03:47:49Z	
riscv-unified-db	1419	fix: give up on pushing to dockerhub for sinularity image	closed	2026-01-30T03:10:03Z	dhower-qc	2026-01-30T03:09:54Z	2026-01-30T03:10:04Z	
riscv-unified-db	1418	fix: singularity log in individually	closed	2026-01-30T03:06:51Z	dhower-qc	2026-01-30T03:06:42Z	2026-01-30T03:06:52Z	
riscv-unified-db	1417	fix: typo	closed	2026-01-30T03:02:47Z	dhower-qc	2026-01-30T03:02:38Z	2026-01-30T03:02:49Z	
riscv-unified-db	1404	feat: publish to and use ghcr for container images	closed	2026-01-29T22:07:29Z	dhower-qc	2026-01-29T14:50:15Z	2026-01-30T03:00:31Z	
riscv-unified-db	1416	fix: login to ghcr with singularity	closed	2026-01-30T03:00:19Z	dhower-qc	2026-01-30T03:00:08Z	2026-01-30T03:00:21Z	
riscv-unified-db	1415	fix: setup uses correct owner for dockerhub/ghcr	closed	2026-01-30T02:54:09Z	dhower-qc	2026-01-30T02:25:13Z	2026-01-30T02:54:11Z	
riscv-unified-db	1414	try ghcr again	closed	2026-01-30T02:05:36Z	dhower-qc	2026-01-30T02:05:26Z	2026-01-30T02:05:37Z	
riscv-unified-db	1413	try ghcr again	closed	2026-01-30T01:55:53Z	dhower-qc	2026-01-30T01:55:43Z	2026-01-30T01:55:55Z	
riscv-unified-db	1314	ci: add Ruff linting for Python tools	closed	2026-01-30T00:05:45Z	lucifer4330k	2026-01-11T18:57:19Z	2026-01-30T00:05:46Z	
riscv-unified-db	1391	fix: crd for RVI20	closed	2026-01-29T23:57:34Z	dhower-qc	2026-01-26T18:50:08Z	2026-01-29T23:57:34Z	
riscv-unified-db	1412	fix: dockerfile gh path	closed	2026-01-29T23:43:43Z	dhower-qc	2026-01-29T23:43:31Z	2026-01-29T23:43:45Z	
riscv-unified-db	1411	fix: try again for ghcr	closed	2026-01-29T23:40:00Z	dhower-qc	2026-01-29T23:39:51Z	2026-01-29T23:41:35Z	
riscv-unified-db	1410	fix: ghcr	closed	2026-01-29T23:08:47Z	dhower-qc	2026-01-29T23:08:26Z	2026-01-29T23:36:06Z	
riscv-unified-db	1402	fix: old paths in .pre-commit-config	closed	2026-01-29T23:26:27Z	dhower-qc	2026-01-28T20:49:01Z	2026-01-29T23:26:28Z	
riscv-unified-db	1406	refactor(vector): flatten nested if conditions in vsetvli	closed	2026-01-29T23:26:27Z	ishaan-arora-1	2026-01-29T21:33:18Z	2026-01-29T23:26:27Z	
riscv-unified-db	1408	feat: map docker home to local folder instead of tmpfs	closed	2026-01-29T23:07:23Z	dhower-qc	2026-01-29T22:34:18Z	2026-01-29T23:07:23Z	
riscv-unified-db	1409	fix: publish to ghcr	closed	2026-01-29T22:44:46Z	dhower-qc	2026-01-29T22:44:35Z	2026-01-29T22:44:47Z	
riscv-unified-db	1405	fix: update paths after gh org migration	closed	2026-01-29T22:03:41Z	dhower-qc	2026-01-29T20:59:08Z	2026-01-29T22:03:42Z	
riscv-unified-db	1368	refactor: new way of managing regressions	closed	2026-01-29T21:09:35Z	dhower-qc	2026-01-23T21:50:50Z	2026-01-29T21:09:37Z	
riscv-unified-db	1380	feat: add Smepmp extension definition	closed	2026-01-29T18:50:44Z	ishaan-arora-1	2026-01-24T23:54:05Z	2026-01-29T18:51:39Z	
riscv-unified-db	426	remove top level ref keywords	closed	ghost	2025-01-17T01:25:21Z	2026-01-29T14:41:23Z		
riscv-unified-db	1354	fix(cpp_hart_gen): correct ParameterTerm class name typo	closed	2026-01-29T06:34:23Z	ishaan-arora-1	2026-01-22T23:17:15Z	2026-01-29T06:35:09Z	
riscv-unified-db	1357	fix(data): hpmcounter*h CSRs should be definedBy Zihpm, not Sscofpmf	closed	2026-01-29T06:16:02Z	ishaan-arora-1	2026-01-22T23:51:52Z	2026-01-29T06:16:12Z	
riscv-unified-db	1356	chore: clean up debug output and fix typos in ruby gems	closed	2026-01-29T05:03:32Z	ishaan-arora-1	2026-01-22T23:39:59Z	2026-01-29T05:07:00Z	
riscv-unified-db	1361	fix(data): remove incorrect Zihpm dependency from COUNTINHIBIT_EN	closed	2026-01-29T04:04:26Z	ishaan-arora-1	2026-01-23T16:53:11Z	2026-01-29T04:05:20Z	
riscv-unified-db	1245	First draft vector parameters	closed	jacassidy	2025-11-12T01:22:40Z	2026-01-29T04:01:10Z		
riscv-unified-db	1362	chore: stop tracking .vscode/settings.json	closed	2026-01-29T03:02:03Z	ishaan-arora-1	2026-01-23T16:54:41Z	2026-01-29T03:03:01Z	
riscv-unified-db	1374	fix(vector): handle xd==0 case correctly in vsetvli	closed	2026-01-29T02:19:00Z	ishaan-arora-1	2026-01-24T00:16:47Z	2026-01-29T02:19:10Z	
riscv-unified-db	1303	fix(deps): replace xtextversion with org.eclipse.xtext:xtend-maven-plugin	closed	2026-01-29T01:06:12Z	renovate[bot]	2026-01-08T22:49:07Z	2026-01-29T01:06:36Z	dependencies
riscv-unified-db	1351	fix: properly quote variables in shell scripts	closed	2026-01-28T23:10:46Z	lucifer4330k	2026-01-22T10:56:59Z	2026-01-28T23:10:56Z	
riscv-unified-db	1372	fix(data): change Zic64b extension type to unprivileged	closed	2026-01-28T22:15:55Z	ishaan-arora-1	2026-01-23T23:25:37Z	2026-01-28T22:16:49Z	
riscv-unified-db	1373	fix(container): remove SHELL directive for OCI compatibility	closed	2026-01-28T21:37:39Z	ishaan-arora-1	2026-01-23T23:31:12Z	2026-01-28T21:38:05Z	
riscv-unified-db	1370	fix: get ISS building for Xqci extensions	closed	2026-01-27T21:52:23Z	dhower-qc	2026-01-23T22:05:25Z	2026-01-28T20:48:07Z	
riscv-unified-db	1296	fix: hpmcounter*h should be definedBy Zihpm (#1287)	closed	omsuneri	2026-01-05T03:20:12Z	2026-01-28T19:57:21Z		
riscv-unified-db	1328	feat: add LLM infrastructure for RISC-V spec parameter extraction	closed	mahmoodalisha	2026-01-15T19:19:53Z	2026-01-28T19:52:21Z		
riscv-unified-db	1313	chore(deps): update ext/riscv-tests digest to f443f44	closed	renovate[bot]	2026-01-11T11:18:48Z	2026-01-28T19:51:29Z	dependencies	
riscv-unified-db	1376	fix(generators): exclude mock instructions and CSRs by default	closed	ishaan-arora-1	2026-01-24T00:48:45Z	2026-01-28T19:12:35Z		
riscv-unified-db	1153	feat: smepmp from #652	closed	sudo-apt-abdullah	2025-10-02T14:11:59Z	2026-01-28T19:10:57Z		
riscv-unified-db	1382	fix: resolve minor issues #1294 and #1359	closed	lucifer4330k	2026-01-25T09:26:51Z	2026-01-28T19:07:34Z		
riscv-unified-db	1401	fix: update ISA Explorer links to match generated filenames (#1399)	closed	2026-01-28T18:10:07Z	lucifer4330k	2026-01-28T09:08:40Z	2026-01-28T18:10:38Z	
riscv-unified-db	1381	feat: add Sstvecv extension definition	closed	2026-01-28T01:51:29Z	ishaan-arora-1	2026-01-25T00:00:53Z	2026-01-28T01:51:46Z	
riscv-unified-db	1383	fix: resolve shellcheck warnings in bin scripts	closed	2026-01-28T01:38:26Z	lucifer4330k	2026-01-25T10:06:11Z	2026-01-28T01:38:58Z	
riscv-unified-db	1400	fix: reimplement .gitkeep fix	closed	2026-01-28T01:10:42Z	brayjmendoza	2026-01-27T20:03:28Z	2026-01-28T01:11:23Z	
riscv-unified-db	1396	fix: Rename 'Option Extensions' to 'Optional Extensions' in CRD	closed	2026-01-28T01:10:42Z	lucifer4330k	2026-01-27T13:26:37Z	2026-01-28T01:11:19Z	
riscv-unified-db	1264	DSL for the CSR Schema	closed	brayjmendoza	2025-12-03T06:32:56Z	2026-01-27T20:01:47Z		
riscv-unified-db	1395	fix: Rename 'Option Extensions' to 'Optional Extensions' in CRD	closed	lucifer4330k	2026-01-27T13:22:37Z	2026-01-27T13:27:12Z		
riscv-unified-db	832	feature: add regex to inst.assembly schema	closed	ghost	2025-06-04T20:54:26Z	2026-01-27T01:39:19Z		
riscv-unified-db	694	chore: deploy hadolint dockerfile linter	closed	ghost	2025-04-29T15:13:50Z	2026-01-27T01:22:43Z		
riscv-unified-db	644	check-jsonschema pre-commit setup for arch_overlay dir	closed	ghost	2025-04-21T21:01:56Z	2026-01-27T01:19:37Z		
riscv-unified-db	608	chore: add --fix-missing so devcontainer can build	closed	ghost	2025-04-11T05:09:33Z	2026-01-27T01:15:54Z		
riscv-unified-db	600	refactor regress actions with anchors	closed	ghost	2025-04-09T02:38:02Z	2026-01-27T01:14:32Z		
riscv-unified-db	1375	fix(data): add TRAP_ON_UNIMPLEMENTED_* requirements to Ssstrict	closed	2026-01-26T22:10:50Z	ishaan-arora-1	2026-01-24T00:17:44Z	2026-01-26T22:11:18Z	
riscv-unified-db	1392	docs: fix spelling typos in documentation	closed	lucifer4330k	2026-01-26T19:26:21Z	2026-01-26T19:51:49Z		
riscv-unified-db	1379	fix(ci): enable native multi-platform Docker builds for amd64 and arm64	closed	2026-01-26T18:57:56Z	vkprogrammer-001	2026-01-24T15:01:59Z	2026-01-26T18:59:13Z	
riscv-unified-db	1388	fix(ci): update singularity commands in container workflow	closed	2026-01-26T18:55:06Z	jordancarlin	2026-01-26T16:56:27Z	2026-01-26T18:55:53Z	
riscv-unified-db	1384	docs: fix typos in documentation and comments	closed	2026-01-26T15:13:12Z	lucifer4330k	2026-01-25T10:23:49Z	2026-01-26T15:14:00Z	
riscv-unified-db	1386	feat: automatically run `./do clobber` when container type or version changes	closed	2026-01-26T15:00:45Z	jordancarlin	2026-01-26T01:58:25Z	2026-01-26T15:02:04Z	
riscv-unified-db	1260	feat(ci): validate all config yamls in CI	closed	jordancarlin	2025-11-21T17:59:21Z	2026-01-25T07:59:09Z		
riscv-unified-db	1297	fix(data): update `mseccfg` requirements	closed	jordancarlin	2026-01-06T01:47:02Z	2026-01-25T07:58:54Z		
riscv-unified-db	1302	fix(data): update `mseccfg` requirements	closed	2026-01-21T09:54:54Z	jordancarlin	2026-01-08T22:30:40Z	2026-01-25T07:58:48Z	
riscv-unified-db	1330	fix: sync `Gemfile.lock` `BUNDLED_WTH` version to match new Ruby version	closed	jordancarlin	2026-01-16T00:06:37Z	2026-01-25T07:58:29Z		
riscv-unified-db	1342	feat: don't run as root in the Docker image	closed	jordancarlin	2026-01-19T05:12:33Z	2026-01-25T07:58:19Z		
riscv-unified-db	1355	ci: remove dependabot.yml	closed	2026-01-24T03:44:48Z	jordancarlin	2026-01-22T23:19:03Z	2026-01-25T07:57:37Z	
riscv-unified-db	1369	fix: use host user on Podman	closed	2026-01-24T00:46:51Z	jordancarlin	2026-01-23T21:51:22Z	2026-01-25T07:57:32Z	
riscv-unified-db	1371	fix: remove bundle commands from Devcontainer startup and run Devcontainer as non-root user	closed	2026-01-24T03:44:49Z	jordancarlin	2026-01-23T22:12:32Z	2026-01-25T07:57:26Z	
riscv-unified-db	1038	chore(deps): bump ext/riscv-isa-manual from `5202d9c` to `50b4d5d`	closed	dependabot[bot]	2025-08-26T07:19:18Z	2026-01-24T23:17:18Z	dependencies;submodules	
riscv-unified-db	1207	chore(deps): bump ext/llvm-project from `8e85b77` to `d7e40f3`	closed	dependabot[bot]	2025-10-27T14:39:49Z	2026-01-24T23:17:10Z	dependencies;submodules	
riscv-unified-db	1208	chore(deps): bump ext/riscv-tests from `355f1fb` to `5ec687b`	closed	dependabot[bot]	2025-10-27T15:07:47Z	2026-01-24T23:16:55Z	dependencies;submodules	
riscv-unified-db	1192	chore(deps): bump ext/riscv-opcodes from `767b741` to `26e2c04`	closed	dependabot[bot]	2025-10-20T14:55:58Z	2026-01-24T23:16:43Z	dependencies;submodules	
riscv-unified-db	1032	chore(deps): bump ext/rbi-central from `d5626e6` to `dce409b`	closed	dependabot[bot]	2025-08-26T00:04:47Z	2026-01-24T23:16:28Z	dependencies;submodules	
riscv-unified-db	1364	feat: add Ztso extension definition	closed	2026-01-24T18:22:46Z	ishaan-arora-1	2026-01-23T17:09:01Z	2026-01-24T18:23:18Z	
riscv-unified-db	1365	feat: add Ssube extension definition	closed	2026-01-24T18:09:04Z	ishaan-arora-1	2026-01-23T17:11:08Z	2026-01-24T18:09:25Z	
riscv-unified-db	1366	feat: add Ssu32xl extension definition	closed	2026-01-24T18:09:04Z	ishaan-arora-1	2026-01-23T17:12:03Z	2026-01-24T18:09:21Z	
riscv-unified-db	1352	fix(test): add missing run.rb and remove conflicting coverage.rb in udb gem	closed	2026-01-24T03:03:27Z	ishaan-arora-1	2026-01-22T23:13:16Z	2026-01-24T03:03:37Z	
riscv-unified-db	409	Dev/kbroch/rubocop pre commit	closed	ghost	2025-01-10T18:13:12Z	2026-01-23T23:13:05Z		
riscv-unified-db	281	WIP #280	closed	ghost	2024-11-18T22:13:51Z	2026-01-23T23:00:31Z		
riscv-unified-db	1345	chore(deps): update dependency concurrent-ruby-ext to v1.3.6 - autoclosed	closed	renovate[bot]	2026-01-21T00:55:15Z	2026-01-23T19:30:24Z	dependencies	
riscv-unified-db	1333	refactor: move gems into container	closed	2026-01-23T19:27:38Z	dhower-qc	2026-01-16T20:38:54Z	2026-01-23T19:27:54Z	
riscv-unified-db	1367	Revert "chore(deps): update ext/llvm-project digest to c3c22c9"	closed	2026-01-23T17:32:04Z	dhower-qc	2026-01-23T17:31:52Z	2026-01-23T17:45:09Z	
riscv-unified-db	1363	feat: add Python linting with Ruff	closed	ishaan-arora-1	2026-01-23T17:07:40Z	2026-01-23T17:40:06Z		
riscv-unified-db	1360	fix(data): remove incorrect conflict between Svadu and Svade extensions	closed	ishaan-arora-1	2026-01-23T16:51:40Z	2026-01-23T17:39:39Z		
riscv-unified-db	1212	fix: missing Assembly section for instructions with no variables	closed	Copilot	2025-10-28T20:34:35Z	2026-01-22T18:53:28Z		
riscv-unified-db	1315	fix: extract and mask right number of bits	closed	2026-01-21T09:17:08Z	henrikg-qc	2026-01-12T03:57:35Z	2026-01-22T18:37:05Z	bug
riscv-unified-db	449	RISC-V Opcodes Data Cross-Validation	closed	AFOliveira	2025-01-30T13:27:47Z	2026-01-22T17:59:13Z		
riscv-unified-db	1051	fix: add backward compatibility for new instruction schema format	closed	AFOliveira	2025-08-30T20:51:36Z	2026-01-22T17:53:40Z		
riscv-unified-db	1054	feat: add SystemVerilog backend generator	closed	AFOliveira	2025-09-01T10:01:30Z	2026-01-22T17:52:53Z		
riscv-unified-db	301	Draft for PseudoInstructions	closed	AFOliveira	2024-11-22T14:28:54Z	2026-01-22T17:50:12Z		
riscv-unified-db	80	Substitued XLEN with MXLEN	closed	AFOliveira	2024-10-07T15:03:44Z	2026-01-22T17:43:42Z		
riscv-unified-db	970	feat: add "udb create instruction/extension" commands to CLI	closed	dhower-qc	2025-08-11T19:19:05Z	2026-01-22T13:44:35Z		
riscv-unified-db	1160	feat(IDL): single precision floating point division and multiplication	closed	ShashankVM	2025-10-02T17:21:08Z	2026-01-22T13:27:56Z	IDL	
riscv-unified-db	1152	feat(idl): implement fmul single precision instruction idl code	closed	ShashankVM	2025-10-02T12:19:28Z	2026-01-22T13:27:40Z	IDL	
riscv-unified-db	1304	chore(deps): pin dependencies	closed	2026-01-22T10:05:38Z	renovate[bot]	2026-01-08T22:50:31Z	2026-01-22T10:05:54Z	dependencies
riscv-unified-db	1210	fix(data): use hint for `pause` instruction	closed	2026-01-22T08:20:34Z	jordancarlin	2025-10-27T23:10:00Z	2026-01-22T08:21:02Z	
riscv-unified-db	1349	chore(deps): update actions/checkout action to v4.3.1	closed	2026-01-22T07:44:23Z	renovate[bot]	2026-01-22T04:16:00Z	2026-01-22T07:44:44Z	dependencies
riscv-unified-db	1282	feat: generate `container.def` from `Dockerfile` using `spython`	closed	2026-01-22T04:40:15Z	jordancarlin	2025-12-17T18:52:41Z	2026-01-22T06:37:57Z	
riscv-unified-db	1225	fix: run docker/podman container once	closed	qwersem	2025-10-30T22:28:18Z	2026-01-22T05:16:53Z		
riscv-unified-db	1346	fix: podman build failure by replacing heredoc run commands	closed	UmerShahidengr	2026-01-21T17:40:34Z	2026-01-22T05:13:11Z		
riscv-unified-db	1312	chore(deps): update ext/riscv-opcodes digest to 9fd70d9	closed	2026-01-22T01:26:59Z	renovate[bot]	2026-01-11T11:18:42Z	2026-01-22T01:27:08Z	dependencies
riscv-unified-db	1311	chore(deps): update ext/riscv-isa-manual digest to 6ad05e3	closed	2026-01-22T01:15:57Z	renovate[bot]	2026-01-10T04:11:09Z	2026-01-22T01:16:07Z	dependencies
riscv-unified-db	1308	chore(deps): update ext/llvm-project digest to c3c22c9	closed	2026-01-22T01:15:57Z	renovate[bot]	2026-01-09T04:34:22Z	2026-01-22T01:16:07Z	dependencies
riscv-unified-db	1307	chore(deps): update ext/docs-resources digest to b5eaf50	closed	2026-01-22T00:37:39Z	renovate[bot]	2026-01-09T04:19:41Z	2026-01-22T00:38:04Z	dependencies
riscv-unified-db	1310	chore(deps): update ext/rbi-central digest to 925a981	closed	2026-01-21T20:05:42Z	renovate[bot]	2026-01-10T04:11:02Z	2026-01-21T20:05:44Z	dependencies
riscv-unified-db	1336	ci: install singularity using ubuntu apt	closed	2026-01-21T20:05:16Z	dhower-qc	2026-01-16T21:32:17Z	2026-01-21T20:05:30Z	
riscv-unified-db	1325	chore(deps): update actions/upload-pages-artifact action to v3.0.1	closed	2026-01-21T19:08:30Z	renovate[bot]	2026-01-14T21:13:56Z	2026-01-21T19:17:16Z	dependencies
riscv-unified-db	1339	fix: resolve redundant method definitions and void context in lib/udbFix/redundant methods	closed	2026-01-21T11:08:32Z	pm-ju	2026-01-17T21:05:27Z	2026-01-21T11:09:57Z	
riscv-unified-db	1337	ci: schedule renovate to run outside office hours	closed	2026-01-21T09:54:54Z	dhower-qc	2026-01-16T21:44:22Z	2026-01-21T09:58:27Z	
riscv-unified-db	1300	feat(mcp): standalone MCP server for gen/ data	closed	2026-01-21T09:54:54Z	AFOliveira	2026-01-08T16:54:44Z	2026-01-21T09:56:00Z	
riscv-unified-db	1321	fix: spelling corrections	closed	2026-01-21T09:21:21Z	davidharrishmc	2026-01-13T19:13:40Z	2026-01-21T09:23:30Z	
riscv-unified-db	1326	chore(deps): update dependency activesupport to v8.1.2	closed	renovate[bot]	2026-01-14T21:14:23Z	2026-01-20T22:23:58Z	dependencies	
riscv-unified-db	1344	ci: update deploy commands for isa explorer	closed	2026-01-20T22:06:19Z	dhower-qc	2026-01-20T22:05:58Z	2026-01-20T22:06:19Z	
riscv-unified-db	1338	ci: use a pared-down isa manual for regression tests	closed	2026-01-20T21:29:22Z	dhower-qc	2026-01-16T22:23:37Z	2026-01-20T21:53:32Z	
riscv-unified-db	1335	ci: use GH cache for docker build	closed	2026-01-19T15:08:08Z	dhower-qc	2026-01-16T21:08:53Z	2026-01-19T15:08:28Z	
riscv-unified-db	1334	ci: use 1% threshold for codecov	closed	2026-01-16T21:14:44Z	dhower-qc	2026-01-16T20:44:32Z	2026-01-16T23:42:02Z	
riscv-unified-db	1329	style: fix Layout/IndentationWidth offenses in lib/udb	closed	2026-01-16T23:25:19Z	pm-ju	2026-01-15T23:47:22Z	2026-01-16T23:25:31Z	
riscv-unified-db	1322	feat: enable out-of-repo usage with the UDB_CONTAINER_BIND env var	closed	2026-01-16T20:36:31Z	dhower-qc	2026-01-13T23:37:02Z	2026-01-16T20:36:42Z	
riscv-unified-db	1301	feat: update ruby to 3.4.8, enable yjit (perf boost), use rbenv to manage install	closed	2026-01-15T22:45:39Z	dhower-qc	2026-01-08T19:03:28Z	2026-01-16T16:22:34Z	
riscv-unified-db	1331	fix: update rbenv initialization to work in Devcontainer	closed	2026-01-16T15:56:30Z	jordancarlin	2026-01-16T00:38:11Z	2026-01-16T16:05:35Z	
riscv-unified-db	1306	fix(ci): don't push docker image to Dockerhub in PRs	closed	2026-01-15T18:25:28Z	jordancarlin	2026-01-08T23:06:11Z	2026-01-16T04:23:38Z	
riscv-unified-db	1327	Add LLM infrastructure for RISC-V spec parameter extraction	closed	mahmoodalisha	2026-01-15T18:13:30Z	2026-01-15T18:21:56Z		
riscv-unified-db	1317	chore(deps): update actions/deploy-pages action to v4.0.5	closed	2026-01-14T20:55:06Z	renovate[bot]	2026-01-12T06:53:21Z	2026-01-14T20:55:18Z	dependencies
riscv-unified-db	1316	chore(deps): update actions/checkout action to v5.0.1	closed	2026-01-14T20:55:06Z	renovate[bot]	2026-01-12T06:53:15Z	2026-01-14T20:55:17Z	dependencies
riscv-unified-db	1324	feat: add semantic parameter tagging for Zba instruction specs	open	mahmoodalisha	2026-01-14T10:16:11Z	2026-01-14T18:47:26Z		
riscv-unified-db	1042	refactor(schema): remove type when enum defined	closed	2025-08-26T21:52:29Z	ghost	2025-08-26T18:57:31Z	2026-01-13T23:59:30Z	
riscv-unified-db	819	chore: wip don't allow additionalProperties in rest of jsonschema files	open	ghost	2025-05-27T21:55:38Z	2026-01-13T23:59:28Z		
riscv-unified-db	816	chore: add name to check-jsonschema hook	closed	2025-05-27T20:33:45Z	ghost	2025-05-27T18:46:27Z	2026-01-13T23:59:27Z	
riscv-unified-db	815	chore: add pre-commit jsonschema check for profile_family & profile_release	closed	2025-05-27T21:43:33Z	ghost	2025-05-27T17:14:14Z	2026-01-13T23:59:26Z	
riscv-unified-db	783	chore: fix broken links in README	closed	2025-05-20T09:42:46Z	ghost	2025-05-19T22:30:27Z	2026-01-13T23:59:26Z	
riscv-unified-db	764	docs: remove "This instruction" from inst.description	closed	2025-05-19T20:56:08Z	ghost	2025-05-12T22:04:10Z	2026-01-13T23:59:26Z	
riscv-unified-db	719	refactor: change order of content on inst. page	closed	2025-05-07T20:18:20Z	ghost	2025-05-02T04:58:52Z	2026-01-13T23:59:23Z	
riscv-unified-db	665	chore: add dependabot cfg to create PR when git submodules could be u…	closed	2025-04-25T22:07:08Z	ghost	2025-04-25T16:43:47Z	2026-01-13T23:59:22Z	
riscv-unified-db	627	task: fix typo and put 2 N's in endianness	closed	2025-04-17T01:49:19Z	ghost	2025-04-16T21:32:36Z	2026-01-13T23:59:19Z	
riscv-unified-db	602	refactor(ci): use composite action to dedup singularity setup	closed	2025-04-09T18:43:50Z	ghost	2025-04-09T17:47:29Z	2026-01-13T23:59:17Z	
riscv-unified-db	529	point at github commit for updated ruby-prof dep	closed	2025-03-21T17:56:34Z	ghost	2025-03-21T16:38:06Z	2026-01-13T23:59:16Z	
riscv-unified-db	525	disable shellcheck temporarily	closed	2025-03-20T21:19:26Z	ghost	2025-03-20T20:58:45Z	2026-01-13T23:59:15Z	
riscv-unified-db	494	env bash instead of /bin/bash	closed	2025-03-20T20:49:42Z	ghost	2025-03-14T17:37:00Z	2026-01-13T23:59:13Z	
riscv-unified-db	492	disable "Edit this page" in antora	closed	2025-03-20T20:52:01Z	ghost	2025-03-14T15:21:19Z	2026-01-13T23:59:12Z	
riscv-unified-db	424	POC using reuse tool to express multi-license	closed	2025-04-18T17:33:29Z	ghost	2025-01-16T17:18:35Z	2026-01-13T23:59:11Z	
riscv-unified-db	406	updating actions to latest versions	closed	2025-01-13T20:55:51Z	ghost	2025-01-10T06:23:01Z	2026-01-13T23:59:09Z	
riscv-unified-db	401	add sourcemeta jsonschema linting to pre-commit and fix lint issues	closed	ghost	2025-01-09T06:47:23Z	2026-01-13T23:59:07Z		
riscv-unified-db	352	fix pre-commit issues from last commit	closed	2024-12-11T21:44:26Z	ghost	2024-12-11T18:01:20Z	2026-01-13T23:59:04Z	
riscv-unified-db	295	add yaml related pre-commit hooks	closed	2024-12-11T21:52:29Z	ghost	2024-11-20T21:24:28Z	2026-01-13T23:59:03Z	
riscv-unified-db	294	add json related pre-commit hooks	closed	2024-12-11T19:59:18Z	ghost	2024-11-20T21:12:42Z	2026-01-13T23:59:02Z	
riscv-unified-db	1278	feat: add IDL YAML ast generation, produce it in deployment	closed	dhower-qc	2025-12-16T17:29:12Z	2026-01-09T00:56:55Z		
riscv-unified-db	1276	fix: check_f_ok to handle Z*inx	closed	dhower-qc	2025-12-12T17:43:11Z	2026-01-09T00:56:32Z		
riscv-unified-db	1275	feat: configure Renovate	closed	2026-01-08T22:47:13Z	renovate[bot]	2025-12-10T10:29:32Z	2026-01-08T22:47:56Z	
riscv-unified-db	1280	fix: removed trap section from CRDs	closed	2026-01-08T20:57:23Z	james-ball-qualcomm	2025-12-16T20:30:46Z	2026-01-08T20:57:33Z	
riscv-unified-db	1281	fix(vector): implement vsetvli model and tests	closed	2025-12-22T16:50:00Z	adingank-qualcomm	2025-12-17T00:15:49Z	2026-01-08T19:13:54Z	
riscv-unified-db	1298	feat: memory map support from JSON 	closed	2026-01-08T19:04:33Z	henrikg-qc	2026-01-08T00:23:37Z	2026-01-08T19:05:22Z	enhancement
riscv-unified-db	891	feat: consolidate all YAML conditionals	closed	2026-01-08T15:36:43Z	dhower-qc	2025-07-11T17:57:56Z	2026-01-08T15:37:38Z	
riscv-unified-db	1258	feat(backends): add QEMU generator for RISC-V instruction set	open	AnimeshAgarwal28	2025-11-20T14:07:53Z	2026-01-07T19:46:52Z		
riscv-unified-db	1290	fix(ruby): compiler bug	closed	2025-12-29T16:55:56Z	ShashankVM	2025-12-29T16:51:08Z	2025-12-29T16:55:57Z	
riscv-unified-db	1266	fix: add missing sign_extend to imm fields of instructions beq, c.beqz and c.bnez (fixes #1265)	closed	2025-12-19T03:38:56Z	hansfbaier	2025-12-03T10:10:53Z	2025-12-19T03:39:05Z	
riscv-unified-db	1274	fix(data): many instruction assembly have unneeded space	closed	2025-12-19T03:30:16Z	ThinkOpenly	2025-12-07T14:08:35Z	2025-12-19T03:30:28Z	
riscv-unified-db	1273	fix(eclipse): fix CI issues and re-org lang server and vscode	closed	2025-12-12T18:31:27Z	adingank-qualcomm	2025-12-06T01:52:01Z	2025-12-12T18:42:29Z	
riscv-unified-db	1268	fix(vector): reorganize vector tests and add new tests for vsetvli	closed	2025-12-12T18:03:17Z	adingank-qualcomm	2025-12-04T23:04:41Z	2025-12-12T18:03:19Z	
riscv-unified-db	711	feat: add Zfinx, Zdinx, Zhinxmin extensions, modify check_f_ok for them	closed	dhower-qc	2025-04-30T21:50:08Z	2025-12-12T17:44:33Z		
riscv-unified-db	1011	feat(ci): mark all new PRs as draft	closed	dhower-qc	2025-08-21T13:08:11Z	2025-12-08T18:50:49Z		
riscv-unified-db	285	New instruction schema	closed	dhower-qc	2024-11-19T17:22:52Z	2025-12-08T18:50:40Z		
riscv-unified-db	695	feat: bump docs-resources	closed	dhower-qc	2025-04-29T18:45:01Z	2025-12-08T18:50:18Z		
riscv-unified-db	554	Add Smctr/Ssctr YAML and properly attribute SCTRCLR to them	closed	dhower-qc	2025-03-27T15:45:13Z	2025-12-08T18:50:09Z	data entry	
riscv-unified-db	552	[WIP] ISA manual integration	closed	dhower-qc	2025-03-26T20:54:32Z	2025-12-08T18:50:06Z		
riscv-unified-db	840	feat: mock-up of rules-based B extension	closed	dhower-qc	2025-06-11T20:34:48Z	2025-12-08T18:50:04Z		
riscv-unified-db	1267	fix: setting GEM_HOME and GEM_PATH to allow repo under linux home dir	closed	2025-12-05T21:10:33Z	henrikg-qc	2025-12-04T21:43:58Z	2025-12-08T14:57:03Z	bug
riscv-unified-db	1271	feat(backends): add opcode-table generator for QEMU	open	AnimeshAgarwal28	2025-12-05T04:53:31Z	2025-12-05T04:53:32Z		
riscv-unified-db	1262	fix(vector): handle rs1==x0 case in vsetvli	closed	2025-11-27T19:25:39Z	adingank-qualcomm	2025-11-27T00:34:15Z	2025-12-04T23:58:43Z	
riscv-unified-db	1215	feat: add link to GitHub statistics from deployments page	closed	2025-12-04T15:53:10Z	dhower-qc	2025-10-29T13:25:15Z	2025-12-04T15:53:45Z	
riscv-unified-db	1263	feat: infrastructure to extend the ext repo riscv-tests suite	closed	2025-12-03T19:30:05Z	henrikg-qc	2025-12-03T03:02:49Z	2025-12-03T19:30:07Z	enhancement
riscv-unified-db	1259	feat: adding RV64 riscv-tests suite in build and regression	closed	2025-11-26T04:05:55Z	henrikg-qc	2025-11-21T05:13:16Z	2025-11-26T04:06:03Z	enhancement
riscv-unified-db	1256	fix(data): update extension ratification dates	closed	2025-11-19T18:03:16Z	ThinkOpenly	2025-11-19T14:17:16Z	2025-11-19T18:04:08Z	
riscv-unified-db	1251	feat: add pseudo instructions to read specific CSRs	closed	2025-11-18T15:36:51Z	cmd05	2025-11-15T13:41:30Z	2025-11-18T15:37:42Z	
riscv-unified-db	1254	Fix pre-commit formatting violations in gas_test_generator.py	closed	2025-11-18T10:14:39Z	Copilot	2025-11-18T10:06:39Z	2025-11-18T10:14:41Z	
riscv-unified-db	1139	feat(backends): add GNU Assembler Test Generator for RISC-V	closed	2025-11-18T09:52:35Z	AnimeshAgarwal28	2025-09-29T14:32:35Z	2025-11-18T09:52:35Z	generators
riscv-unified-db	1250	fix(data): extension Zalasr has been ratified	closed	2025-11-17T17:03:38Z	ThinkOpenly	2025-11-13T21:28:12Z	2025-11-17T17:03:57Z	
riscv-unified-db	1249	fix(data): update extension descriptions to better match spec	closed	2025-11-17T17:03:38Z	ThinkOpenly	2025-11-13T20:05:04Z	2025-11-17T17:03:57Z	
riscv-unified-db	1248	fix(data): remove most tagged text from descriptions	closed	2025-11-17T16:59:45Z	ThinkOpenly	2025-11-13T02:25:08Z	2025-11-17T17:00:55Z	
riscv-unified-db	1138	fix: remove all tagging from descriptions	closed	sudo-apt-abdullah	2025-09-29T12:40:13Z	2025-11-14T12:07:03Z		
riscv-unified-db	1221	feat: treat wheel group as sudo	closed	2025-11-04T03:10:13Z	jordancarlin	2025-10-30T07:16:14Z	2025-11-14T04:15:00Z	
riscv-unified-db	1229	feat: add additional ecosystems to Dependabot	closed	jordancarlin	2025-10-31T17:40:28Z	2025-11-24T18:27:03Z		
riscv-unified-db	1164	fix(IDL): implement Smctr/Ssctr in IDL	open	Zain2050	2025-10-03T13:17:27Z	2026-03-10T19:22:50Z		
riscv-unified-db	1238	fix(data): add Smctr/Ssctr and update sctrclr	closed	2025-11-12T20:22:00Z	ThinkOpenly	2025-11-07T21:44:33Z	2025-11-12T20:22:26Z	
riscv-unified-db	1247	fix(data): fix schema paths in layout files	closed	2025-11-12T18:59:02Z	ThinkOpenly	2025-11-12T14:16:16Z	2025-11-12T18:59:39Z	
riscv-unified-db	1244	feat: support CSR[name].reset_value() in IDL	closed	2025-11-11T20:09:29Z	dhower-qc	2025-11-11T19:57:38Z	2025-11-11T20:09:30Z	
riscv-unified-db	1243	feat: support CSR[name].reset_value() in IDL	closed	dhower-qc	2025-11-11T19:57:04Z	2025-11-11T20:05:21Z		
riscv-unified-db	1231	feat: add Python example to list extensions associated with profiles	closed	2025-11-11T16:16:13Z	ThinkOpenly	2025-11-04T01:42:08Z	2025-11-11T16:16:36Z	
riscv-unified-db	1242	fix(ci): correct RVI20 CRD artifact names in GitHub Pages deployment workflow	closed	2025-11-11T15:14:33Z	jordancarlin	2025-11-11T04:00:53Z	2025-11-11T15:15:22Z	
riscv-unified-db	921	feat: add amo instruction layout system for Zaamo & Zabha extension & some Zacas extension 	closed	Sukuna0007Abhi	2025-07-23T19:46:00Z	2025-11-10T17:44:10Z		
riscv-unified-db	1230	fix(data): profiles: clean up after multiple inheritance	closed	2025-11-08T11:33:55Z	ThinkOpenly	2025-11-03T18:55:51Z	2025-11-08T11:34:03Z	
riscv-unified-db	1237	fix: address missing assembly section for instructions with no operands	closed	2025-11-07T23:36:34Z	ThinkOpenly	2025-11-07T18:28:01Z	2025-11-07T23:36:42Z	
riscv-unified-db	1233	fix: remove processing raw yaml files in exception cause generation	closed	2025-11-07T12:48:30Z	AliAlaa88	2025-11-06T18:48:57Z	2025-11-07T13:44:44Z	generators
riscv-unified-db	1189	fix: remove processing raw yaml files in exception cause generation	closed	AliAlaa88	2025-10-14T14:50:16Z	2025-11-05T08:33:21Z		
riscv-unified-db	1232	Pride1097 cs rs	closed	niluo-shiqi	2025-11-04T17:37:31Z	2025-11-04T17:37:45Z		
riscv-unified-db	1090	feat: add SystemVerilog backend generator	closed	2025-11-03T14:40:25Z	AliAlaa88	2025-09-17T22:55:01Z	2025-11-03T14:40:56Z	generators
riscv-unified-db	1219	refactor: remove duplication in setup script	closed	2025-10-31T22:51:57Z	jordancarlin	2025-10-29T22:24:42Z	2025-10-31T22:53:34Z	
riscv-unified-db	1220	feat: install Python and Node packages in container	closed	2025-10-31T04:29:07Z	jordancarlin	2025-10-30T01:42:48Z	2025-10-31T17:41:22Z	
riscv-unified-db	1224	feat: Added RVI20 CRDs to deploy and artifacts web site	closed	2025-10-31T17:19:26Z	james-ball-qualcomm	2025-10-30T17:48:01Z	2025-10-31T17:19:34Z	
riscv-unified-db	1227	fix: svadu and svade should be privileged	closed	2025-10-31T16:14:53Z	not-chciken	2025-10-31T08:08:37Z	2025-10-31T16:15:09Z	
riscv-unified-db	1196	fix: set owner of Node.js dependencies	closed	qwersem	2025-10-22T15:02:33Z	2025-10-31T14:02:25Z		
riscv-unified-db	1223	fix: Change Zicntr from mandatory to optional in MC100	closed	2025-10-30T18:04:27Z	james-ball-qualcomm	2025-10-30T16:33:16Z	2025-10-30T18:05:15Z	
riscv-unified-db	1197	fix: remove docker container after exit	closed	2025-10-30T15:54:44Z	qwersem	2025-10-24T11:36:12Z	2025-10-30T15:54:53Z	
riscv-unified-db	1218	feat: attempt to pull docker image before building it	closed	2025-10-29T20:54:48Z	jordancarlin	2025-10-29T16:58:15Z	2025-10-29T20:54:56Z	
riscv-unified-db	1049	feat: add zvfofp8min extension	closed	kallal79	2025-08-30T18:16:58Z	2025-10-29T16:16:14Z		
riscv-unified-db	1050	Fix/pr 1024 proxy support	closed	kallal79	2025-08-30T20:36:25Z	2025-10-29T16:16:00Z		
riscv-unified-db	1024	feat: add comprehensive proxy support and testing (#973)	closed	kallal79	2025-08-25T07:42:56Z	2025-10-29T16:16:00Z		
riscv-unified-db	1091	fix: improve CI robustness and code cleanup	closed	kallal79	2025-09-18T18:07:38Z	2025-10-29T16:15:51Z		
riscv-unified-db	1025	fix: Update container definition to address build issues	closed	kallal79	2025-08-25T09:57:59Z	2025-10-29T16:15:50Z		
riscv-unified-db	1018	feat: fix AIA PR #910	closed	kallal79	2025-08-22T18:02:34Z	2025-10-29T16:15:49Z		
riscv-unified-db	910	Add Smaia/Ssaia (Advanced Interrupt Architecture) support	closed	kallal79	2025-07-18T15:30:47Z	2025-10-29T16:15:49Z		
riscv-unified-db	903	Remove extension version numbers from certificate model YAML files	closed	kallal79	2025-07-15T19:19:06Z	2025-10-29T16:15:48Z		
riscv-unified-db	902	feat(data): add some Zvqdotq extension support 	closed	kallal79	2025-07-15T16:21:49Z	2025-10-29T16:15:48Z		
riscv-unified-db	1213	feat(data): add Zihintntl instructions	closed	2025-10-29T02:44:01Z	jordancarlin	2025-10-28T20:35:24Z	2025-10-29T04:20:13Z	
riscv-unified-db	1214	fix(typo): correct typo in Xqci extension description	closed	2025-10-29T02:15:50Z	brianredbeard	2025-10-28T21:29:57Z	2025-10-29T02:43:35Z	
riscv-unified-db	1191	fix(data): use hints for Zicbop instructions	closed	2025-10-28T02:38:38Z	jordancarlin	2025-10-18T04:44:58Z	2025-10-28T14:29:08Z	
riscv-unified-db	1190	fix(vector): vset* implementation	closed	2025-10-16T23:46:42Z	adingank-qualcomm	2025-10-15T22:36:39Z	2025-10-28T02:23:21Z	
riscv-unified-db	1205	feat: add support for podman as the container runtime in addition to docker	closed	2025-10-27T23:03:18Z	jordancarlin	2025-10-27T00:20:59Z	2025-10-28T00:51:23Z	
riscv-unified-db	1193	chore(deps): bump ext/riscv-tests from `355f1fb` to `59554a6`	closed	dependabot[bot]	2025-10-20T14:57:51Z	2025-10-27T15:07:53Z	dependencies;submodules	
riscv-unified-db	1194	chore(deps): bump ext/llvm-project from `8e85b77` to `c8cf393`	closed	dependabot[bot]	2025-10-20T15:21:55Z	2025-10-27T14:39:55Z	dependencies;submodules	
riscv-unified-db	1188	chore(deps): bump ext/llvm-project from `8e85b77` to `3a24fc3`	closed	dependabot[bot]	2025-10-13T14:59:56Z	2025-10-20T15:22:01Z	dependencies;submodules	
riscv-unified-db	1033	chore(deps): bump ext/riscv-tests from `355f1fb` to `b5ba870`	closed	dependabot[bot]	2025-08-26T01:41:01Z	2025-10-20T14:57:57Z	dependencies;submodules	
riscv-unified-db	1187	chore(deps): bump ext/riscv-opcodes from `767b741` to `56546ec`	closed	dependabot[bot]	2025-10-13T14:55:42Z	2025-10-20T14:56:04Z	dependencies;submodules	
riscv-unified-db	1131	fix: implement Zawrs in IDL	open	Zain2050	2025-09-22T14:25:14Z	2025-10-15T16:52:11Z		
riscv-unified-db	1170	chore(deps): bump ext/llvm-project from `8e85b77` to `f31bc66`	closed	dependabot[bot]	2025-10-06T14:52:56Z	2025-10-13T15:00:00Z	dependencies;submodules	
riscv-unified-db	1171	chore(deps): bump ext/riscv-opcodes from `767b741` to `c35a8ed`	closed	dependabot[bot]	2025-10-06T14:53:01Z	2025-10-13T14:55:48Z	dependencies;submodules	
riscv-unified-db	1185	feat: isa sim overlap list generator	open	AliAlaa88	2025-10-10T14:24:15Z	2025-10-13T11:08:22Z		
riscv-unified-db	1053	feat(ci): add sourcemeta/jsonschema to find linting issues	closed	Karan-Palan	2025-09-01T05:50:43Z	2025-10-13T05:04:37Z		
riscv-unified-db	1167	feat: add a custom_* field to extend instruction's schema	closed	2025-10-10T14:45:38Z	AFOliveira	2025-10-05T19:32:16Z	2025-10-10T14:46:18Z	
riscv-unified-db	1174	fix(data): be more clear that mret/sret return from traps	closed	2025-10-08T19:42:57Z	ThinkOpenly	2025-10-06T16:56:03Z	2025-10-08T19:43:06Z	
riscv-unified-db	913	Add Zkr extension and seed CSR for physical entropy	open	blazethunderstorm	2025-07-20T21:10:05Z	2025-10-08T18:20:30Z		
riscv-unified-db	1144	chore(deps): bump ext/riscv-opcodes from `767b741` to `e8029bf`	closed	dependabot[bot]	2025-09-29T19:26:11Z	2025-10-06T14:53:07Z	dependencies;submodules	
riscv-unified-db	1142	chore(deps): bump ext/llvm-project from `8e85b77` to `27fa1d0`	closed	dependabot[bot]	2025-09-29T17:16:04Z	2025-10-06T14:53:01Z	dependencies;submodules	
riscv-unified-db	1161	fix: mark_f_state_dirty in fmul and fdiv	closed	2025-10-02T17:43:44Z	ShashankVM	2025-10-02T17:42:57Z	2025-10-02T17:43:44Z	
riscv-unified-db	1159	feat(idl): single precision floating point division	closed	2025-10-02T17:20:11Z	ShashankVM	2025-10-02T17:18:42Z	2025-10-02T17:20:11Z	
riscv-unified-db	1147	feat(IDL): implement single precision floating point division	closed	ShashankVM	2025-10-01T18:40:58Z	2025-10-02T15:37:54Z		
riscv-unified-db	1157	fix: function call to roundPackToF32	closed	2025-10-02T15:14:09Z	ShashankVM	2025-10-02T15:12:46Z	2025-10-02T15:37:52Z	
riscv-unified-db	1156	fix: typo in packToF32UI function call	closed	2025-10-02T14:59:56Z	ShashankVM	2025-10-02T14:59:47Z	2025-10-02T14:59:56Z	
riscv-unified-db	1155	data: add IDL operation for fmul	closed	2025-10-02T14:52:30Z	ShashankVM	2025-10-02T14:52:20Z	2025-10-02T14:52:31Z	
riscv-unified-db	1154	feat(idl): implement single precision fmul	closed	2025-10-02T14:39:48Z	ShashankVM	2025-10-02T14:39:35Z	2025-10-02T14:39:48Z	
riscv-unified-db	1151	feat(idl): add softfloat_normSubnormalF32Sig function.	closed	2025-10-02T12:18:21Z	ShashankVM	2025-10-02T12:17:34Z	2025-10-02T12:18:21Z	
riscv-unified-db	1030	feat: add zvfofp8min extension	closed	kallal79	2025-08-25T20:47:04Z	2025-10-01T23:48:27Z		
riscv-unified-db	1135	feat: add support for Svrsw60t59b extension	closed	2025-10-01T20:56:21Z	jordancarlin	2025-09-27T04:24:49Z	2025-10-01T20:56:54Z	
riscv-unified-db	912	Add Zhinx extension: ISA description and half-precision instruction YAMLs	closed	blazethunderstorm	2025-07-20T20:44:44Z	2025-10-01T18:39:36Z		
riscv-unified-db	1137	feat: add output option to udb list extensions	closed	2025-09-29T13:51:47Z	jordancarlin	2025-09-29T03:31:14Z	2025-10-01T16:36:42Z	
riscv-unified-db	467	Implement vset* and vector CSRs	closed	2025-09-30T19:09:30Z	jmawet	2025-02-27T19:02:57Z	2025-09-30T19:09:30Z	
riscv-unified-db	1071	chore(deps): bump ext/riscv-opcodes from `767b741` to `74c1158`	closed	dependabot[bot]	2025-09-08T14:31:44Z	2025-09-29T19:26:16Z	dependencies;submodules	
riscv-unified-db	1143	fix(cfg): renamed mc100-32-riscv-tests.yaml to rv32-riscv-tests.yaml	closed	2025-09-29T19:26:00Z	henrikg-qc	2025-09-29T18:27:03Z	2025-09-29T19:26:08Z	enhancement
riscv-unified-db	1132	chore(deps): bump ext/llvm-project from `8e85b77` to `1d381ac`	closed	dependabot[bot]	2025-09-22T14:35:16Z	2025-09-29T17:16:09Z	dependencies;submodules	
riscv-unified-db	1073	refactor: remove redundant RUN assignment	closed	2025-09-09T05:30:28Z	ShashankVM	2025-09-09T05:30:06Z	2025-09-29T16:52:01Z	
riscv-unified-db	1134	feat(idl): validated support for virtual memory and S-Mode	closed	2025-09-29T15:56:19Z	henrikg-qc	2025-09-25T20:51:17Z	2025-09-29T15:56:35Z	enhancement
riscv-unified-db	1092	fix: add backward compatibility for new instruction schema format	closed	2025-09-29T13:18:33Z	AliAlaa88	2025-09-19T14:42:20Z	2025-09-29T13:18:42Z	
riscv-unified-db	1055	feat(prm): add Programmer's Reference Manual generation system	closed	2025-09-25T09:56:12Z	BKhristenko	2025-09-01T14:37:20Z	2025-09-25T09:56:28Z	generators
riscv-unified-db	989	fix: add bytefield-svg for CTP generation	closed	2025-09-24T18:55:33Z	cmd05	2025-08-16T07:31:41Z	2025-09-24T18:56:04Z	
riscv-unified-db	1019	feat: add Ssdbltrp CSR fields: DTE and SDT	open	Sukuna0007Abhi	2025-08-22T20:29:12Z	2025-09-24T15:13:53Z		
riscv-unified-db	991	feat: add Sstc & some H extension CSR implementations	open	Sukuna0007Abhi	2025-08-16T20:52:48Z	2025-09-24T15:12:16Z		
riscv-unified-db	1093	fix(data): add instruction descriptions for F extension	closed	2025-09-23T20:31:37Z	sudo-apt-abdullah	2025-09-19T14:56:08Z	2025-09-23T20:31:45Z	
riscv-unified-db	1086	chore(deps): bump ext/llvm-project from `8e85b77` to `32ab6ff`	closed	dependabot[bot]	2025-09-15T15:06:53Z	2025-09-22T14:35:22Z	dependencies;submodules	
riscv-unified-db	1089	fix(data): add instruction descriptions for F extension	closed	sudo-apt-abdullah	2025-09-16T10:05:41Z	2025-09-19T14:03:15Z		
riscv-unified-db	940	Fix ERB template resolution in C header generation - Addresses PR #91…	closed	kallal79	2025-08-02T17:26:46Z	2025-09-18T14:17:57Z		
riscv-unified-db	1084	fix(data): make descriptions consistent with the RISC-V style guidelines	closed	2025-09-18T14:17:29Z	sudo-apt-abdullah	2025-09-15T12:27:00Z	2025-09-18T14:17:43Z	
riscv-unified-db	1067	Pr 902	closed	kallal79	2025-09-06T20:40:03Z	2025-09-18T12:48:15Z		
riscv-unified-db	652	Support for Smepmp 	open	MuhammadHammad001	2025-04-23T11:07:38Z	2025-09-18T01:10:45Z		
riscv-unified-db	918	read-only-zero case when CSR disabled - misa.yaml file 	open	jevinjojo	2025-07-22T12:27:58Z	2025-09-17T21:01:51Z		
riscv-unified-db	904	fix(gen): support subtype-based encodings in C header generator	closed	blazethunderstorm	2025-07-15T23:12:06Z	2025-09-17T19:08:21Z		
riscv-unified-db	906	FIXES ISSUE #473 : lowest/highest_set_bit functions should return a Bits type?	closed	2025-09-17T18:30:01Z	omsuneri	2025-07-16T04:22:20Z	2025-09-17T18:30:12Z	
riscv-unified-db	1076	fix: removed "spreadsheet" from link	closed	james-ball-qualcomm	2025-09-10T17:44:31Z	2025-09-17T17:21:35Z		
riscv-unified-db	1083	fix: isa_explorer spreadsheet	closed	2025-09-17T16:37:59Z	ShashankVM	2025-09-14T13:17:32Z	2025-09-17T16:38:08Z	
riscv-unified-db	1079	docs(D): add instruction descriptions for D extension	closed	2025-09-13T01:41:32Z	sudo-apt-abdullah	2025-09-11T12:14:23Z	2025-09-15T16:43:38Z	
riscv-unified-db	1070	chore(deps): bump ext/llvm-project from `8e85b77` to `a2011d3`	closed	dependabot[bot]	2025-09-08T14:31:37Z	2025-09-15T15:07:00Z	dependencies;submodules	
riscv-unified-db	882	docs(Q): add instruction metadata for Q extension (quad-precision)	closed	2025-09-10T17:35:12Z	sudo-abdullah	2025-07-05T12:32:18Z	2025-09-11T06:38:40Z	
riscv-unified-db	1074	refactor: remove redundant assignment of run	closed	2025-09-09T17:23:26Z	ShashankVM	2025-09-09T05:32:20Z	2025-09-09T17:23:40Z	
riscv-unified-db	1068	fix: rakefile and Readme file	closed	2025-09-09T15:55:47Z	ShashankVM	2025-09-08T04:52:57Z	2025-09-09T15:56:17Z	
riscv-unified-db	772	Add basic IDL pretty-printer with AST indentation (Option 2 from #650)	closed	syedowaisalishah	2025-05-15T22:39:02Z	2025-09-08T15:48:19Z		
riscv-unified-db	605	Vector arith idl	closed	latifbhatti	2025-04-10T09:15:17Z	2025-09-08T15:47:30Z		
riscv-unified-db	1056	chore(deps): bump ext/llvm-project from `8e85b77` to `37127f7`	closed	dependabot[bot]	2025-09-01T23:51:39Z	2025-09-08T14:31:43Z	dependencies;submodules	
riscv-unified-db	1046	feat: added sie and sccountinhibit yaml files	open	sudo-apt-abdullah	2025-08-28T10:18:52Z	2025-09-08T09:43:45Z		
riscv-unified-db	1066	fix: ssrdp.yaml file reference in mop.r.n.yaml	closed	2025-09-05T14:07:51Z	Sukuna0007Abhi	2025-09-04T12:46:19Z	2025-09-05T14:08:02Z	
riscv-unified-db	1064	fix: decode tree crash with nil safety and add missing Zicfilp instructions	open	Sukuna0007Abhi	2025-09-04T12:16:15Z	2025-09-04T16:46:54Z		
riscv-unified-db	969	fix(setup): fix container detection and image reference issues	open	rpsene	2025-08-09T16:04:45Z	2025-09-04T14:22:25Z		
riscv-unified-db	1063	fix: incorrect pseudoinstruction name for bge (fixes #1062)	closed	2025-09-04T12:04:13Z	hansfbaier	2025-09-04T08:50:05Z	2025-09-04T12:31:58Z	
riscv-unified-db	1058	fix: fmv.h.x definedBy extension from F to [Zfh, Zfhmin, Zhinx]	closed	2025-09-03T14:33:43Z	Sukuna0007Abhi	2025-09-02T21:30:18Z	2025-09-03T14:35:51Z	
riscv-unified-db	1037	chore(deps): bump ext/llvm-project from `8e85b77` to `5886a27`	closed	dependabot[bot]	2025-08-26T05:18:55Z	2025-09-01T23:51:43Z	dependencies;submodules	
riscv-unified-db	524	Add CSR Definitions for Trigger Module Registers	closed	2025-08-28T20:21:01Z	neverlandiz	2025-03-20T20:40:37Z	2025-08-28T21:36:45Z	
riscv-unified-db	1040	fix(bug): fixed type of excepetion cbo.inval should throw when mode!=M and menvfg.CBIE==0	closed	2025-08-28T14:25:22Z	sudo-apt-abdullah	2025-08-26T11:38:15Z	2025-08-28T14:25:35Z	
riscv-unified-db	958	feat: add sie and scountinhibit CSRs	closed	sudo-apt-abdullah	2025-08-07T07:05:27Z	2025-08-28T10:02:37Z		
riscv-unified-db	1020	feat: support more instruction field transformations	closed	kallal79	2025-08-24T08:31:13Z	2025-08-28T07:57:58Z		
riscv-unified-db	1036	chore(deps): bump ext/riscv-opcodes from `946eb67` to `767b741`	closed	2025-08-27T18:41:52Z	dependabot[bot]	2025-08-26T02:26:01Z	2025-08-27T18:43:15Z	dependencies;submodules
riscv-unified-db	1045	fix: path to udb image in pages	closed	2025-08-27T17:32:26Z	dhower-qc	2025-08-27T17:32:16Z	2025-08-27T17:42:14Z	
riscv-unified-db	1023	fix inconsistent destination register naming in compressed shift instructions	closed	2025-08-27T15:52:03Z	hansfbaier	2025-08-25T07:02:36Z	2025-08-27T15:52:14Z	
riscv-unified-db	1028	fix: always recreate bundle config by default #980	closed	2025-08-27T01:34:09Z	Sukuna0007Abhi	2025-08-25T11:54:51Z	2025-08-27T04:53:52Z	
riscv-unified-db	1043	fix: henvcfg upper-half fields: add base: 64	closed	Sukuna0007Abhi	2025-08-26T19:08:56Z	2025-08-26T21:31:35Z		
riscv-unified-db	1017	refactor: remove unneeded type in jsonschema when const defined	closed	2025-08-26T18:50:43Z	ghost	2025-08-22T02:35:47Z	2025-08-26T18:50:57Z	
riscv-unified-db	1001	fix: ratified version of Sstc is 1.0.0	closed	2025-08-26T15:30:40Z	jordancarlin	2025-08-19T18:54:09Z	2025-08-26T15:31:19Z	
riscv-unified-db	1035	chore(deps): bump ext/riscv-isa-manual from `5202d9c` to `5aaf918`	closed	dependabot[bot]	2025-08-26T02:21:57Z	2025-08-26T07:19:22Z	dependencies;submodules	
riscv-unified-db	1034	chore(deps): bump ext/llvm-project from `8e85b77` to `499e11e`	closed	dependabot[bot]	2025-08-26T01:47:49Z	2025-08-26T05:19:00Z	dependencies;submodules	
riscv-unified-db	1027	fix: correct Svadu ADUE field type logic in environment CSRs	closed	2025-08-25T20:57:21Z	Sukuna0007Abhi	2025-08-25T11:30:56Z	2025-08-25T21:17:38Z	
riscv-unified-db	1022	Merge pull request #1021 from riscv-software-src/main	closed	jmawet	2025-08-24T20:59:22Z	2025-08-24T21:08:28Z		
riscv-unified-db	1021	rebase vector branch to latest	closed	2025-08-24T20:53:31Z	jmawet	2025-08-24T20:52:55Z	2025-08-24T20:53:31Z	
riscv-unified-db	911	Fix issue #85: Make instruction access mode display conditional	closed	2025-07-27T14:42:16Z	kallal79	2025-07-20T09:21:26Z	2025-08-24T08:02:03Z	
riscv-unified-db	1014	feat(ci): add minimal formatting to the deployment page	closed	2025-08-22T23:21:40Z	dhower-qc	2025-08-21T18:22:22Z	2025-08-22T23:21:52Z	
riscv-unified-db	1005	feat: add Ssdbltrp (Double Trap) extension definition	closed	2025-08-22T20:20:34Z	Sukuna0007Abhi	2025-08-20T19:08:04Z	2025-08-22T20:22:10Z	
riscv-unified-db	999	fix: use VS field when updating mstatus.VS	closed	2025-08-22T19:52:46Z	jordancarlin	2025-08-19T15:45:49Z	2025-08-22T19:53:11Z	
riscv-unified-db	984	fix: update IDL highlights to reflect language changes	closed	2025-08-22T01:47:48Z	dhower-qc	2025-08-13T17:26:01Z	2025-08-22T01:48:05Z	
riscv-unified-db	957	fix(data): support FLI.H on Zfa + [Zfh | Zvfh]	closed	2025-08-22T01:16:10Z	ZhongyaoChen	2025-08-07T06:37:43Z	2025-08-22T01:16:11Z	
riscv-unified-db	1013	fix(ci): paths from pages	closed	2025-08-21T16:42:48Z	dhower-qc	2025-08-21T16:42:41Z	2025-08-21T16:42:49Z	
riscv-unified-db	1012	fix(ci): correct pages path for isa explorer	closed	2025-08-21T13:39:43Z	dhower-qc	2025-08-21T13:38:44Z	2025-08-21T13:48:58Z	
riscv-unified-db	1010	fix(ci): add missing require for index.html step	closed	2025-08-21T12:49:20Z	dhower-qc	2025-08-21T12:49:10Z	2025-08-21T12:59:22Z	
riscv-unified-db	1008	fix(ci): actually read the pages html template	closed	2025-08-20T21:36:04Z	dhower-qc	2025-08-20T21:35:56Z	2025-08-20T21:47:16Z	
riscv-unified-db	1007	fix(ci): correct isa explorer artifact names in pages deployment	closed	2025-08-20T20:58:26Z	dhower-qc	2025-08-20T20:58:18Z	2025-08-20T21:07:11Z	
riscv-unified-db	1004	chore(deps-dev): bump nokogiri from 1.18.8 to 1.18.9	closed	2025-08-20T20:30:54Z	dependabot[bot]	2025-08-20T18:14:44Z	2025-08-20T20:31:27Z	dependencies;ruby
riscv-unified-db	1006	fix(ci): correct file paths in deployment	closed	2025-08-20T19:58:10Z	dhower-qc	2025-08-20T19:58:03Z	2025-08-20T20:08:07Z	
riscv-unified-db	1003	fix(ci): add github token to artifact download	closed	2025-08-20T16:50:13Z	dhower-qc	2025-08-20T16:50:03Z	2025-08-20T17:00:51Z	
riscv-unified-db	328	[Draft] Script to generate instr_dict.json from riscv-opcodes using UDB data	closed	BrianAnakPintar	2024-11-29T06:16:56Z	2025-08-20T15:57:41Z		
riscv-unified-db	21	Added parse.py, constants.py and Makefile modifications to generate yaml files. 	closed	AFOliveira	2024-08-22T10:17:09Z	2025-08-20T15:57:16Z		
riscv-unified-db	1002	fix(ci): try to get artifact communication right	closed	2025-08-20T15:35:38Z	dhower-qc	2025-08-20T15:35:25Z	2025-08-20T15:44:28Z	
riscv-unified-db	990	fix: implement proper scrolling for ISA explorer using data chunks	closed	2025-08-20T03:01:11Z	cmd05	2025-08-16T17:27:33Z	2025-08-20T03:01:21Z	
riscv-unified-db	1000	fix(ci): get correct run id for deploy -> pages communication	closed	2025-08-19T20:22:18Z	dhower-qc	2025-08-19T16:47:35Z	2025-08-19T20:22:27Z	
riscv-unified-db	948	chore(deps): bump ext/docs-resources from `1d5bcd2` to `3a40e07`	closed	dependabot[bot]	2025-08-04T19:33:59Z	2025-08-19T17:19:37Z	dependencies;submodules	
riscv-unified-db	949	chore(deps): bump ext/riscv-opcodes from `946eb67` to `1d4b38c`	closed	dependabot[bot]	2025-08-04T20:05:42Z	2025-08-19T17:19:27Z	dependencies;submodules	
riscv-unified-db	997	chore(deps): bump ext/riscv-isa-manual from `5202d9c` to `95f6d92`	closed	dependabot[bot]	2025-08-18T20:43:17Z	2025-08-19T16:51:38Z	dependencies;submodules	
riscv-unified-db	998	chore(deps): bump ext/llvm-project from `8e85b77` to `d6e0922`	closed	dependabot[bot]	2025-08-18T21:05:53Z	2025-08-19T16:51:25Z	dependencies;submodules	
riscv-unified-db	996	chore(deps): bump ext/rbi-central from `d5626e6` to `59afece`	closed	dependabot[bot]	2025-08-18T20:40:28Z	2025-08-19T16:51:03Z	dependencies;submodules	
riscv-unified-db	950	chore(deps): bump ext/llvm-project from `8e85b77` to `a461e2b`	closed	dependabot[bot]	2025-08-04T20:23:31Z	2025-08-18T21:05:58Z	dependencies;submodules	
riscv-unified-db	945	chore(deps): bump ext/riscv-isa-manual from `5202d9c` to `f7ff0bd`	closed	dependabot[bot]	2025-08-04T18:42:34Z	2025-08-18T20:43:21Z	dependencies;submodules	
riscv-unified-db	946	chore(deps): bump ext/rbi-central from `d5626e6` to `66c3e90`	closed	dependabot[bot]	2025-08-04T18:55:29Z	2025-08-18T20:40:36Z	dependencies;submodules	
riscv-worlds	18	Various edits to the text	closed	2026-04-14T06:35:35Z	geoffthorpe-mips	2026-02-17T01:19:23Z	2026-04-14T06:35:35Z	
riscv-worlds	19	First proposal for H-extension support for RISC-V Worlds.	open	ruuddw	2026-02-26T19:34:19Z	2026-03-12T10:07:01Z		
riscv-worlds	21	Update GitHub Actions to requested versions	closed	2026-03-07T15:23:43Z	rpsene	2026-03-06T21:46:02Z	2026-03-07T15:23:43Z	
riscv-worlds	20	Use ghcr.io/riscv/riscv-docs-base-container-image:latest	closed	2026-03-06T14:39:23Z	rpsene	2026-03-06T14:29:26Z	2026-03-06T14:39:23Z	
riscv-worlds	17	Update diagrams and minor fix to text	closed	2026-02-16T10:10:58Z	geoffthorpe-mips	2026-02-11T22:49:41Z	2026-02-17T21:11:54Z	
riscv-worlds	12	Worlds: add mwid+mwidlist CSRs and platform inputs	closed	2026-01-08T15:37:54Z	geoffthorpe-mips	2025-12-22T15:28:40Z	2026-01-08T15:37:54Z	
riscv-worlds	11	Modified mlwid/slwid WARL behavior, removed mention of H, added diagrams and other fixes discussed 	closed	2025-12-18T17:29:56Z	pperesse	2025-12-18T13:11:04Z	2025-12-18T17:29:56Z	
riscv-external-debug-security	173	Bump docs-resources from `0904c8a` to `47257de`	open	dependabot[bot]	2026-04-28T06:54:11Z	2026-04-28T06:54:12Z	dependencies;submodules	
riscv-external-debug-security	172	Bump docs-resources from `b387152` to `0904c8a`	closed	2026-04-06T09:59:00Z	dependabot[bot]	2026-04-02T07:46:48Z	2026-04-06T09:59:09Z	dependencies;submodules
riscv-external-debug-security	171	Bump docs-resources from `b387152` to `a88e6af`	closed	dependabot[bot]	2026-03-31T06:53:27Z	2026-04-02T07:46:51Z	dependencies;submodules	
riscv-external-debug-security	170	Bump docs-resources from `b387152` to `ed7a9df`	closed	dependabot[bot]	2026-03-30T06:54:40Z	2026-03-31T06:53:32Z	dependencies;submodules	
riscv-external-debug-security	169	Bump docs-resources from `b387152` to `78567fd`	closed	dependabot[bot]	2026-03-27T06:53:18Z	2026-03-30T06:54:44Z	dependencies;submodules	
riscv-external-debug-security	168	Bump docs-resources from `b387152` to `29879cc`	closed	dependabot[bot]	2026-03-26T06:53:13Z	2026-03-27T06:53:21Z	dependencies;submodules	
riscv-external-debug-security	167	Bump docs-resources from `b387152` to `a9baab8`	closed	dependabot[bot]	2026-03-25T06:57:40Z	2026-03-26T06:53:18Z	dependencies;submodules	
riscv-external-debug-security	166	Bump docs-resources from `286c2a7` to `b387152`	closed	2026-03-24T07:53:49Z	dependabot[bot]	2026-03-20T06:53:14Z	2026-03-24T07:53:57Z	dependencies;submodules
riscv-external-debug-security	165	Bump docs-resources from `9069637` to `286c2a7`	closed	2026-03-19T08:37:58Z	dependabot[bot]	2026-03-19T06:53:18Z	2026-03-19T08:38:06Z	dependencies;submodules
riscv-external-debug-security	150	Rev0.7.4	closed	2026-03-19T08:37:12Z	joxie	2026-02-10T08:33:41Z	2026-03-19T08:37:13Z	
riscv-external-debug-security	164	Bump docs-resources from `9069637` to `f0caa68`	closed	dependabot[bot]	2026-03-18T06:53:23Z	2026-03-19T06:53:21Z	dependencies;submodules	
riscv-external-debug-security	163	Bump docs-resources from `9069637` to `f32e76d`	closed	dependabot[bot]	2026-03-17T06:53:15Z	2026-03-18T06:53:27Z	dependencies;submodules	
riscv-external-debug-security	162	Bump docs-resources from `9069637` to `a73e1bd`	closed	dependabot[bot]	2026-03-16T06:54:09Z	2026-03-17T06:53:19Z	dependencies;submodules	
riscv-external-debug-security	161	Bump docs-resources from `9069637` to `1108f25`	closed	dependabot[bot]	2026-03-12T06:53:38Z	2026-03-16T06:54:13Z	dependencies;submodules	
riscv-external-debug-security	160	Bump docs-resources from `9069637` to `394d032`	closed	dependabot[bot]	2026-03-11T06:53:38Z	2026-03-12T06:53:41Z	dependencies;submodules	
riscv-external-debug-security	159	Bump docs-resources from `9069637` to `d245338`	closed	dependabot[bot]	2026-03-10T06:53:21Z	2026-03-11T06:53:42Z	dependencies;submodules	
riscv-external-debug-security	157	Update GitHub Actions to requested versions	closed	2026-03-10T14:12:32Z	rpsene	2026-03-06T22:07:23Z	2026-03-10T14:12:33Z	
riscv-external-debug-security	158	Bump docs-resources from `9069637` to `f756855`	closed	dependabot[bot]	2026-03-09T06:54:42Z	2026-03-10T06:53:24Z	dependencies;submodules	
riscv-external-debug-security	155	Bump docs-resources from `9069637` to `b024d67`	closed	dependabot[bot]	2026-02-27T06:53:33Z	2026-03-09T06:54:46Z	dependencies;submodules	
riscv-external-debug-security	156	Use ghcr.io/riscv/riscv-docs-base-container-image:latest	closed	2026-03-06T18:33:28Z	rpsene	2026-03-06T16:57:50Z	2026-03-06T18:33:29Z	
riscv-external-debug-security	154	Bump docs-resources from `40aed03` to `9069637`	closed	2026-02-20T11:06:29Z	dependabot[bot]	2026-02-20T06:53:36Z	2026-02-20T11:06:36Z	dependencies;submodules
riscv-external-debug-security	153	Bump docs-resources from `40aed03` to `1666258`	closed	dependabot[bot]	2026-02-18T06:53:29Z	2026-02-20T06:53:39Z	dependencies;submodules	
riscv-external-debug-security	152	Bump docs-resources from `40aed03` to `c066d8f`	closed	dependabot[bot]	2026-02-17T06:53:51Z	2026-02-18T06:53:34Z	dependencies;submodules	
riscv-external-debug-security	151	Bump docs-resources from `40aed03` to `a41c354`	closed	dependabot[bot]	2026-02-16T06:54:01Z	2026-02-17T06:53:54Z	dependencies;submodules	
riscv-external-debug-security	149	Bump docs-resources from `edf32fb` to `40aed03`	closed	2026-02-10T07:33:29Z	dependabot[bot]	2026-02-09T07:06:53Z	2026-02-10T07:33:37Z	dependencies;submodules
riscv-external-debug-security	148	Bump docs-resources from `edf32fb` to `7a9931f`	closed	dependabot[bot]	2026-02-05T06:53:37Z	2026-02-09T07:06:57Z	dependencies;submodules	
riscv-external-debug-security	147	Bump docs-resources from `edf32fb` to `be002f1`	closed	dependabot[bot]	2026-01-30T06:53:30Z	2026-02-05T06:53:41Z	dependencies;submodules	
riscv-external-debug-security	145	Bump docs-resources from `edf32fb` to `b5eaf50`	closed	dependabot[bot]	2025-12-29T06:18:01Z	2026-01-30T06:53:33Z	dependencies;submodules	
riscv-external-debug-security	143	Bump docs-resources from `d644eb9` to `edf32fb`	closed	2025-12-19T09:45:42Z	dependabot[bot]	2025-12-18T06:14:38Z	2025-12-19T09:45:50Z	dependencies;submodules
riscv-external-debug-security	109	0.7.3 msu update	closed	2025-12-16T06:42:37Z	joxie	2025-09-05T02:56:37Z	2025-12-16T06:42:37Z	
riscv-external-debug-security	141	Bump docs-resources from `36dcc26` to `d644eb9`	closed	2025-12-11T07:00:31Z	dependabot[bot]	2025-12-11T06:16:07Z	2025-12-11T07:00:38Z	dependencies;submodules
riscv-external-debug-security	140	Bump docs-resources from `36dcc26` to `75d6a61`	closed	dependabot[bot]	2025-12-10T06:17:10Z	2025-12-11T06:16:11Z	dependencies;submodules	
riscv-external-debug-security	139	Bump docs-resources from `36dcc26` to `cdc5c1c`	closed	dependabot[bot]	2025-12-09T06:15:33Z	2025-12-10T06:17:14Z	dependencies;submodules	
riscv-external-debug-security	138	Bump docs-resources from `36dcc26` to `08bdece`	closed	dependabot[bot]	2025-12-08T06:17:06Z	2025-12-09T06:15:37Z	dependencies;submodules	
riscv-external-debug-security	137	Bump docs-resources from `36dcc26` to `8bd1a63`	closed	dependabot[bot]	2025-12-05T06:15:56Z	2025-12-08T06:17:10Z	dependencies;submodules	
riscv-external-debug-security	136	Bump docs-resources from `36dcc26` to `8bda051`	closed	dependabot[bot]	2025-12-04T06:16:10Z	2025-12-05T06:16:00Z	dependencies;submodules	
riscv-external-debug-security	135	Bump docs-resources from `116d24e` to `36dcc26`	closed	2025-12-03T14:27:52Z	dependabot[bot]	2025-12-03T06:14:12Z	2025-12-03T14:28:00Z	dependencies;submodules
riscv-external-debug-security	134	Bump docs-resources from `49eff17` to `116d24e`	closed	2025-12-02T06:49:27Z	dependabot[bot]	2025-12-01T07:05:15Z	2025-12-02T06:49:35Z	dependencies;submodules
riscv-external-debug-security	133	Bump docs-resources from `49eff17` to `22a17b0`	closed	dependabot[bot]	2025-11-28T06:13:06Z	2025-12-01T07:05:19Z	dependencies;submodules	
riscv-external-debug-security	132	Bump docs-resources from `49eff17` to `824bd66`	closed	dependabot[bot]	2025-11-27T06:17:51Z	2025-11-28T06:13:09Z	dependencies;submodules	
riscv-external-debug-security	131	Bump docs-resources from `1660fd9` to `49eff17`	closed	2025-11-24T13:40:29Z	dependabot[bot]	2025-11-24T06:22:56Z	2025-11-24T13:40:36Z	dependencies;submodules
riscv-external-debug-security	129	Bump docs-resources from `8e51e9f` to `1660fd9`	closed	2025-11-18T07:13:02Z	dependabot[bot]	2025-11-18T06:14:32Z	2025-11-18T07:13:10Z	dependencies;submodules
riscv-external-debug-security	128	Bump docs-resources from `098f02b` to `8e51e9f`	closed	2025-11-14T06:41:04Z	dependabot[bot]	2025-11-14T06:17:08Z	2025-11-14T06:41:12Z	dependencies;submodules
riscv-external-debug-security	127	Bump docs-resources from `098f02b` to `707d21c`	closed	dependabot[bot]	2025-11-13T06:15:52Z	2025-11-14T06:17:12Z	dependencies;submodules	
riscv-external-debug-security	126	Bump docs-resources from `93422ee` to `098f02b`	closed	2025-11-12T13:53:17Z	dependabot[bot]	2025-11-11T06:17:00Z	2025-11-12T13:53:25Z	dependencies;submodules
riscv-external-debug-security	125	Bump docs-resources from `93422ee` to `7f7f63a`	closed	dependabot[bot]	2025-11-10T06:18:24Z	2025-11-11T06:17:05Z	dependencies;submodules	
riscv-external-debug-security	124	Bump docs-resources from `75c71b5` to `93422ee`	closed	2025-11-10T01:22:51Z	dependabot[bot]	2025-11-07T06:19:09Z	2025-11-10T01:22:58Z	dependencies;submodules
riscv-external-debug-security	123	Bump docs-resources from `4b6af80` to `75c71b5`	closed	2025-11-03T12:44:07Z	dependabot[bot]	2025-11-03T06:21:00Z	2025-11-03T12:44:14Z	dependencies;submodules
riscv-external-debug-security	122	Bump docs-resources from `4b6af80` to `8b88469`	closed	dependabot[bot]	2025-10-29T06:13:53Z	2025-11-03T06:21:04Z	dependencies;submodules	
riscv-external-debug-security	121	Bump docs-resources from `4b6af80` to `07ae7be`	closed	dependabot[bot]	2025-10-28T06:14:03Z	2025-10-29T06:13:57Z	dependencies;submodules	
riscv-external-debug-security	120	Bump docs-resources from `14a3283` to `4b6af80`	closed	2025-10-20T16:51:15Z	dependabot[bot]	2025-10-20T06:24:06Z	2025-10-20T16:51:23Z	dependencies;submodules
riscv-external-debug-security	119	Bump docs-resources from `c90c0bf` to `14a3283`	closed	2025-10-20T05:03:20Z	dependabot[bot]	2025-10-17T06:12:46Z	2025-10-20T05:03:29Z	dependencies;submodules
riscv-external-debug-security	118	Bump docs-resources from `c90c0bf` to `2f436fa`	closed	dependabot[bot]	2025-10-16T06:14:44Z	2025-10-17T06:12:49Z	dependencies;submodules	
riscv-external-debug-security	117	Bump docs-resources from `c90c0bf` to `d71e312`	closed	dependabot[bot]	2025-10-13T06:18:26Z	2025-10-16T06:14:48Z	dependencies;submodules	
riscv-external-debug-security	116	Bump docs-resources from `6ef1a1f` to `c90c0bf`	closed	2025-10-02T07:46:10Z	dependabot[bot]	2025-10-02T06:12:29Z	2025-10-02T07:46:18Z	dependencies;submodules
riscv-external-debug-security	115	Bump docs-resources from `6ef1a1f` to `ff1e5eb`	closed	dependabot[bot]	2025-09-30T06:13:11Z	2025-10-02T06:12:32Z	dependencies;submodules	
riscv-external-debug-security	114	Bump docs-resources from `1fb9a74` to `6ef1a1f`	closed	2025-09-23T14:10:26Z	dependabot[bot]	2025-09-18T06:15:33Z	2025-09-23T14:10:33Z	dependencies;submodules
riscv-external-debug-security	113	Bump docs-resources from `1fb9a74` to `a0a938e`	closed	dependabot[bot]	2025-09-17T06:14:41Z	2025-09-18T06:15:36Z	dependencies;submodules	
riscv-external-debug-security	112	Bump docs-resources from `1fb9a74` to `6124035`	closed	dependabot[bot]	2025-09-12T06:12:13Z	2025-09-17T06:14:44Z	dependencies;submodules	
riscv-external-debug-security	111	Bump docs-resources from `1fb9a74` to `c71d56b`	closed	dependabot[bot]	2025-09-11T06:14:03Z	2025-09-12T06:12:16Z	dependencies;submodules	
riscv-external-debug-security	110	Bump docs-resources from `d7974ea` to `1fb9a74`	closed	2025-09-09T13:23:21Z	dependabot[bot]	2025-09-09T06:13:10Z	2025-09-09T13:23:29Z	dependencies;submodules
riscv-external-debug-security	108	Bump docs-resources from `3a40e07` to `d7974ea`	closed	2025-09-05T02:55:37Z	dependabot[bot]	2025-09-04T09:18:09Z	2025-09-05T02:55:44Z	dependencies;submodules
riscv-external-debug-security	107	Bump docs-resources from `3a40e07` to `48beddb`	closed	dependabot[bot]	2025-09-03T19:30:13Z	2025-09-04T09:18:13Z	dependencies;submodules	
riscv-external-debug-security	106	Rev0.7.3 Add M/U mode support	closed	joxie	2025-08-22T08:52:43Z	2025-09-01T07:04:12Z		
riscv-external-debug-security	105	Bump docs-resources from `ab24eec` to `3a40e07`	closed	2025-07-24T07:20:55Z	dependabot[bot]	2025-07-24T06:59:01Z	2025-07-24T07:21:02Z	dependencies;submodules
riscv-external-debug-security	104	Bump docs-resources from `ab24eec` to `45d29d9`	closed	dependabot[bot]	2025-07-18T06:29:02Z	2025-07-24T06:59:04Z	dependencies;submodules	
riscv-external-debug-security	103	Bump docs-resources from `f38f756` to `ab24eec`	closed	2025-07-09T09:03:44Z	dependabot[bot]	2025-07-09T06:26:46Z	2025-07-09T09:03:53Z	dependencies;submodules
riscv-external-debug-security	102	Rev0.7.2	closed	2025-06-30T13:10:29Z	AoteJin	2025-06-17T06:56:52Z	2025-06-30T17:07:32Z	
riscv-external-debug-security	101	Bump docs-resources from `7558472` to `f38f756`	closed	2025-06-17T07:17:59Z	dependabot[bot]	2025-06-17T06:29:38Z	2025-06-17T07:18:07Z	dependencies;submodules
riscv-external-debug-security	100	Update wording for single-step again	closed	2025-06-04T01:29:47Z	joxie	2025-06-03T13:39:05Z	2025-06-04T01:30:00Z	
riscv-external-debug-security	99	Rev0.7.2 clarify single stepping	closed	2025-05-27T05:30:01Z	joxie	2025-05-23T13:33:10Z	2025-05-28T20:55:08Z	
riscv-external-debug-security	97	Bump docs-resources from `1d5bcd2` to `7558472` (#93)	closed	2025-05-14T05:56:18Z	joxie	2025-05-14T05:53:56Z	2025-05-14T05:56:18Z	
riscv-external-debug-security	96	Bump docs-resources from `1d5bcd2` to `7558472` (#93)	closed	2025-05-14T05:52:40Z	joxie	2025-05-14T05:52:32Z	2025-05-14T05:52:40Z	
riscv-external-debug-security	93	Bump docs-resources from `1d5bcd2` to `7558472`	closed	2025-05-14T02:55:52Z	dependabot[bot]	2025-05-09T07:01:27Z	2025-05-14T02:56:00Z	dependencies;submodules
riscv-external-debug-security	91	Rev0.7.1	closed	2025-04-27T10:30:01Z	AoteJin	2025-04-21T09:52:03Z	2025-04-27T10:30:01Z	
riscv-external-debug-security	90	rev0.7.1	closed	2025-04-14T07:31:00Z	AoteJin	2025-04-07T06:17:31Z	2025-04-14T07:31:01Z	
riscv-external-debug-security	89	Improve text clarity and add themes 	closed	2025-03-31T13:39:22Z	AoteJin	2025-03-25T03:45:29Z	2025-03-31T13:39:22Z	
riscv-external-debug-security	86	Fix gramma issues in rev0.6	closed	2025-03-10T13:18:13Z	joxie	2025-03-10T05:31:52Z	2025-03-10T13:18:26Z	
riscv-external-debug-security	85	wording fix	closed	joxie	2025-03-10T05:15:11Z	2025-03-10T05:18:35Z		
riscv-external-debug-security	84	Fix wording issues	closed	joxie	2025-03-10T03:40:59Z	2025-03-10T03:41:25Z		
riscv-external-debug-security	83	Move dmprv to bit4 in SDCSR	closed	2025-03-08T07:13:02Z	joxie	2025-03-03T06:22:58Z	2025-03-08T07:18:41Z	
riscv-external-debug-security	81	- Fix the wrong bit location of dmprv in text	closed	2025-02-26T09:08:38Z	AoteJin	2025-02-26T08:34:21Z	2025-02-26T09:08:38Z	
riscv-external-debug-security	80	Bump docs-resources from `62576cd` to `1d5bcd2`	closed	2025-02-20T07:20:29Z	dependabot[bot]	2025-02-20T06:22:02Z	2025-02-20T07:20:38Z	dependencies
riscv-external-debug-security	79	- Remove out-of-date notes and bring the version to 0.6.3	closed	2025-02-18T09:29:07Z	AoteJin	2025-02-18T09:24:50Z	2025-02-18T09:29:07Z	
riscv-external-debug-security	78	Update the spec according to the feedback	closed	2025-02-18T06:38:07Z	AoteJin	2025-02-11T08:24:16Z	2025-02-18T06:38:07Z	
riscv-external-debug-security	76	Bump docs-resources from `a76dd1d` to `62576cd`	closed	2025-01-20T14:22:56Z	dependabot[bot]	2024-12-18T06:18:31Z	2025-01-20T14:23:03Z	dependencies
riscv-external-debug-security	73	Add citation for Smstateen	closed	2024-12-13T12:47:54Z	AoteJin	2024-12-13T09:55:54Z	2024-12-13T12:47:54Z	
riscv-external-debug-security	72	Update chapter2.adoc	closed	AoteJin	2024-12-13T09:27:44Z	2024-12-13T09:39:11Z		
riscv-external-debug-security	71	Update intro.adoc	closed	2024-12-13T09:29:34Z	AoteJin	2024-12-13T09:25:38Z	2024-12-13T09:29:34Z	
riscv-external-debug-security	70	Bump docs-resources from `6a2d5b1` to `a76dd1d`	closed	2024-12-13T07:58:42Z	dependabot[bot]	2024-12-13T07:08:00Z	2024-12-13T07:58:49Z	dependencies
riscv-external-debug-security	69	add dependabot to create PR to update the submodules to latest	closed	2024-12-13T07:07:22Z	ghost	2024-12-10T04:02:31Z	2024-12-13T07:07:23Z	
riscv-external-debug-security	68	Fix typo of dcsr.stepie	closed	2024-12-13T07:06:49Z	gagachang	2024-12-10T01:46:25Z	2024-12-13T07:06:49Z	
riscv-external-debug-security	65	Recommended text improvements	closed	2024-11-11T03:51:38Z	bcstrongx	2024-11-01T16:37:47Z	2024-12-10T01:47:05Z	
riscv-external-debug-security	67	 Add `dmprv` and elaborate on EBREAK	closed	2024-12-03T03:14:31Z	AoteJin	2024-11-13T07:24:00Z	2024-12-03T03:14:31Z	
riscv-external-debug-security	64	- Remove the stale description of trigger chain	closed	2024-10-31T01:52:12Z	AoteJin	2024-10-31T01:51:51Z	2024-10-31T01:52:16Z	
riscv-external-debug-security	62	Update the intro and appendix 	closed	2024-10-08T00:57:47Z	AoteJin	2024-09-24T12:15:44Z	2024-10-08T00:57:47Z	
riscv-external-debug-security	60	- Add S-mode debug CSR for debug	closed	2024-09-23T01:49:32Z	AoteJin	2024-09-04T07:35:11Z	2024-09-23T01:49:32Z	
riscv-external-debug-security	61	Avoid 2-level redirection description in Smtdeleg/Sstcfg spec	closed	2024-09-09T16:17:47Z	bcstrongx	2024-09-09T16:15:22Z	2024-09-09T16:17:48Z	
riscv-external-debug-security	59	modify warn blocks	closed	2024-08-30T18:41:33Z	bcstrongx	2024-08-30T18:35:31Z	2024-08-30T18:41:38Z	
riscv-external-debug-security	56	- Add system level control knob which allows full debugging capability	closed	2024-08-27T02:30:51Z	AoteJin	2024-08-20T13:26:39Z	2024-08-27T02:30:51Z	
riscv-external-debug-security	57	Add stselect to regs whose access is controlled by xstateen0.TR	closed	2024-08-26T20:27:34Z	bcstrongx	2024-08-26T20:20:52Z	2024-08-26T20:27:41Z	
riscv-external-debug-security	55	Revisions from feedback on Smtdeleg/Sstcfg	closed	2024-08-23T05:31:57Z	bcstrongx	2024-08-19T18:40:17Z	2024-08-23T05:31:57Z	
riscv-external-debug-security	53	- Update the trace description by removing the interface signal details	closed	2024-08-13T02:57:03Z	AoteJin	2024-08-06T02:23:09Z	2024-08-13T02:57:04Z	
riscv-external-debug-security	54	Add trigger delegation spec (temporarily)	closed	2024-08-12T13:12:16Z	bcstrongx	2024-08-09T00:52:36Z	2024-08-12T16:24:53Z	
riscv-external-debug-security	52	- Remove the wrong description	closed	2024-08-05T06:57:35Z	AoteJin	2024-08-05T06:55:37Z	2024-08-05T06:57:35Z	
riscv-external-debug-security	47	Update based on Rev0.5 feedbacks	closed	2024-07-30T03:20:37Z	AoteJin	2024-07-02T12:36:26Z	2024-07-30T03:20:37Z	
riscv-external-debug-security	46	Rev0.5 feedback	closed	AoteJin	2024-07-02T07:38:49Z	2024-07-02T07:40:35Z		
riscv-external-debug-security	45	- Make the prv and v in dcsr WARL and eliminate secfault error	closed	2024-07-01T07:27:57Z	AoteJin	2024-07-01T03:00:07Z	2024-07-01T07:27:57Z	
riscv-external-debug-security	44	- Wording update for non-ISA extension	closed	2024-06-28T04:14:07Z	AoteJin	2024-06-28T03:25:26Z	2024-06-28T04:14:08Z	
riscv-external-debug-security	43	Wording update	closed	2024-06-27T06:56:41Z	AoteJin	2024-06-26T13:09:36Z	2024-06-27T06:56:41Z	
riscv-external-debug-security	42	Wording update	closed	2024-06-25T12:50:09Z	AoteJin	2024-06-25T10:56:56Z	2024-06-25T12:50:09Z	
riscv-external-debug-security	41	[PLEASE DONT MERGE!] PR to diff the changes made according to feedback since 0.5 release	closed	AoteJin	2024-06-18T09:29:39Z	2024-06-24T08:55:51Z		
riscv-external-debug-security	40	[PLEASE DONT MERGE!] PR to diff the changes made according to feedback since 0.5 release. 	closed	AoteJin	2024-06-18T09:26:01Z	2024-06-18T09:27:43Z		
riscv-external-debug-security	39	- Add Terminology subsection	closed	2024-06-18T07:02:52Z	AoteJin	2024-06-17T05:52:46Z	2024-06-18T07:02:52Z	
riscv-external-debug-security	38	- Update the wording and add change overview in intro	closed	2024-06-08T08:26:45Z	AoteJin	2024-06-03T03:16:17Z	2024-06-08T08:26:45Z	
riscv-external-debug-security	33	- Make secfault optional for illegal value of prv/v in dcsr	closed	2024-05-16T08:07:05Z	AoteJin	2024-05-10T02:33:42Z	2024-05-16T08:07:10Z	
riscv-external-debug-security	32	- Specify the UNSPECIFIED behavior for privilege changing instructions	closed	2024-05-10T00:39:05Z	AoteJin	2024-05-09T07:40:04Z	2024-05-10T00:39:15Z	
riscv-external-debug-security	28	Positions of any/all changed for secured/secfaults in dmstatus	closed	2024-05-07T01:47:33Z	gokhankaplayan	2024-04-30T16:34:48Z	2024-05-07T13:16:38Z	
riscv-external-debug-security	30	Change naming of the ISA spec	closed	2024-05-02T00:46:12Z	joxie	2024-05-02T00:23:15Z	2024-05-02T00:46:16Z	
riscv-external-debug-security	26	Add notes for homogeneous computing system	closed	2024-04-18T08:19:45Z	AoteJin	2024-04-18T02:50:01Z	2024-04-18T08:19:46Z	
riscv-external-debug-security	25	Update according to issues	closed	2024-04-18T01:11:17Z	AoteJin	2024-04-12T03:56:40Z	2024-04-18T08:17:11Z	
riscv-external-debug-security	19	Trace ctl sig	closed	2024-04-09T12:29:36Z	joxie	2024-04-09T12:29:01Z	2024-04-09T12:29:36Z	
riscv-external-debug-security	18	Change the trace signal that will be driven for security control to address issue #11	closed	2024-04-09T06:25:21Z	AoteJin	2024-04-09T06:06:52Z	2024-04-09T06:25:21Z	
riscv-external-debug-security	17	- Align the CSR knob for submachine mode with smmtt spec	closed	2024-04-09T03:25:20Z	AoteJin	2024-04-09T02:55:14Z	2024-04-09T03:25:20Z	
riscv-external-debug-security	7	Rev0.5	closed	2024-03-26T08:12:30Z	joxie	2024-03-26T08:12:23Z	2024-03-26T08:12:31Z	
riscv-external-debug-security	6	- Fix typo in diagram 	closed	2024-03-26T08:12:09Z	AoteJin	2024-03-26T06:55:04Z	2024-03-26T08:12:09Z	
riscv-external-debug-security	5	- Fix typo in diagram	closed	AoteJin	2024-03-26T06:50:13Z	2024-03-26T06:50:59Z		
riscv-external-debug-security	4	 Add the threat model chapter and diagram	closed	2024-03-25T14:13:03Z	AoteJin	2024-03-25T07:20:18Z	2024-03-25T14:13:04Z	
riscv-external-debug-security	3	Initial commit	closed	2024-03-23T14:51:00Z	joxie	2024-03-23T14:50:50Z	2024-03-23T14:51:00Z	
riscv-external-debug-security	2	Start a PR to commit initial draft 	closed	2024-03-23T14:49:25Z	AoteJin	2024-03-04T09:18:01Z	2024-03-23T14:49:25Z	
riscv-external-debug-security	1	Initial commit of the draft spec	closed	joxie	2024-01-28T14:09:32Z	2024-03-05T08:39:08Z		
riscv-ras-eri	98	Bump docs-resources from `b024d67` to `a88e6af`	closed	2026-04-03T12:17:44Z	dependabot[bot]	2026-04-01T10:42:55Z	2026-04-03T12:17:53Z	dependencies;submodules
riscv-ras-eri	94	Bump docs-resources from `be002f1` to `b024d67`	closed	2026-03-15T17:38:21Z	dependabot[bot]	2026-03-01T09:25:02Z	2026-03-15T17:38:28Z	dependencies;submodules
riscv-ras-eri	96	Update GitHub Actions to requested versions	closed	2026-03-07T14:56:55Z	rpsene	2026-03-06T22:08:01Z	2026-03-07T14:56:56Z	
riscv-ras-eri	95	Use ghcr.io/riscv/riscv-docs-base-container-image:latest	closed	2026-03-06T17:05:42Z	rpsene	2026-03-06T16:58:21Z	2026-03-06T17:05:43Z	
riscv-ras-eri	92	Bump docs-resources from `b5eaf50` to `be002f1`	closed	2026-02-16T18:04:42Z	dependabot[bot]	2026-02-01T09:26:16Z	2026-02-16T18:04:50Z	dependencies;submodules
riscv-ras-eri	90	Bump docs-resources from `116d24e` to `b5eaf50`	closed	2026-01-04T12:35:31Z	dependabot[bot]	2026-01-01T09:09:04Z	2026-01-04T12:35:39Z	dependencies;submodules
riscv-ras-eri	86	Bump docs-resources from `8b88469` to `116d24e`	closed	2025-12-15T15:50:27Z	dependabot[bot]	2025-12-01T10:39:10Z	2025-12-15T15:50:35Z	dependencies;submodules
riscv-ras-eri	63	Clarification updates to RERI v1.0	open	ved-rivos	2025-03-16T08:38:47Z	2025-12-15T15:19:26Z		
riscv-ras-eri	85	Bump docs-resources from `ff1e5eb` to `8b88469`	closed	2025-11-01T13:12:12Z	dependabot[bot]	2025-11-01T09:10:20Z	2025-11-01T13:12:20Z	dependencies;submodules
riscv-ras-eri	84	Bump docs-resources from `6ef1a1f` to `ff1e5eb`	closed	2025-10-28T18:42:13Z	dependabot[bot]	2025-10-01T09:18:10Z	2025-10-28T18:42:21Z	dependencies;submodules
riscv-ras-eri	81	Bump docs-resources from `a0a938e` to `6ef1a1f`	closed	2025-09-18T17:24:30Z	dependabot[bot]	2025-09-18T09:15:09Z	2025-09-18T17:24:38Z	dependencies;submodules
riscv-ras-eri	82	Change Dependabot update interval to monthly	closed	2025-09-18T17:24:05Z	ved-rivos	2025-09-18T17:22:59Z	2025-09-18T17:24:05Z	
riscv-ras-eri	80	Bump docs-resources from `6124035` to `a0a938e`	closed	2025-09-17T13:29:19Z	dependabot[bot]	2025-09-17T09:18:36Z	2025-09-17T13:29:28Z	dependencies;submodules
riscv-ras-eri	79	Bump docs-resources from `48beddb` to `6124035`	closed	2025-09-12T15:46:31Z	dependabot[bot]	2025-09-12T09:19:42Z	2025-09-12T15:46:39Z	dependencies;submodules
riscv-ras-eri	78	Bump docs-resources from `48beddb` to `c71d56b`	closed	dependabot[bot]	2025-09-11T09:15:33Z	2025-09-12T09:19:46Z	dependencies;submodules	
riscv-ras-eri	77	Bump docs-resources from `48beddb` to `1fb9a74`	closed	dependabot[bot]	2025-09-09T09:19:54Z	2025-09-11T09:15:37Z	dependencies;submodules	
riscv-ras-eri	76	Bump docs-resources from `3a40e07` to `d7974ea`	closed	dependabot[bot]	2025-09-04T13:37:04Z	2025-09-09T09:19:58Z	dependencies;submodules	
riscv-ras-eri	74	Bump docs-resources from `3a40e07` to `48beddb`	closed	2025-09-04T13:05:05Z	dependabot[bot]	2025-09-04T00:38:12Z	2025-09-04T13:05:12Z	dependencies;submodules
riscv-ras-eri	73	Feature/pdf url	closed	2025-08-26T19:11:16Z	danielmrichter	2025-08-26T18:55:37Z	2025-08-26T19:11:16Z	
riscv-ras-eri	69	Bump docs-resources from `45d29d9` to `3a40e07`	closed	2025-07-24T10:42:03Z	dependabot[bot]	2025-07-24T09:27:50Z	2025-07-24T10:42:10Z	dependencies;submodules
riscv-ras-eri	68	Bump docs-resources from `ab24eec` to `45d29d9`	closed	2025-07-20T15:15:03Z	dependabot[bot]	2025-07-18T09:58:09Z	2025-07-20T15:15:10Z	dependencies;submodules
riscv-ras-eri	67	Bump docs-resources from `7558472` to `ab24eec`	closed	2025-07-09T18:16:03Z	dependabot[bot]	2025-07-09T09:21:42Z	2025-07-09T18:16:12Z	dependencies;submodules
riscv-ras-eri	66	Bump docs-resources from `7558472` to `f38f756`	closed	dependabot[bot]	2025-06-17T09:52:25Z	2025-07-09T09:21:48Z	dependencies;submodules	
riscv-ras-eri	65	Bump docs-resources from `1d5bcd2` to `7558472`	closed	2025-06-01T18:19:09Z	dependabot[bot]	2025-05-09T09:54:44Z	2025-06-01T18:19:17Z	dependencies;submodules
riscv-ras-eri	64	update upload-artifact to v4	closed	2025-03-17T18:45:14Z	ghost	2025-03-16T22:33:50Z	2025-03-17T18:45:14Z	
riscv-ras-eri	61	Bump docs-resources from `62576cd` to `1d5bcd2`	closed	2025-03-16T08:34:35Z	dependabot[bot]	2025-02-20T09:35:30Z	2025-03-16T08:34:42Z	dependencies
riscv-ras-eri	59	Bump docs-resources from `a76dd1d` to `62576cd`	closed	2025-01-25T16:52:50Z	dependabot[bot]	2024-12-18T10:11:15Z	2025-01-25T16:52:59Z	dependencies
riscv-ras-eri	58	Bump docs-resources from `6a2d5b1` to `a76dd1d`	closed	2024-12-11T02:48:08Z	dependabot[bot]	2024-12-11T02:47:20Z	2024-12-11T02:48:15Z	dependencies
riscv-ras-eri	56	add dependabot to create PR to update the submodules to latest	closed	2024-12-11T02:46:43Z	ghost	2024-12-10T04:02:24Z	2024-12-11T02:46:43Z	
riscv-ras-eri	52	Update status to Ratified	closed	2024-05-23T21:48:02Z	ved-rivos	2024-05-23T21:44:12Z	2024-05-23T21:48:03Z	
riscv-ras-eri	51	Update status to Ratified	closed	2024-05-23T21:23:41Z	ved-rivos	2024-05-23T21:22:51Z	2024-05-23T21:23:41Z	
riscv-ras-eri	50	Edit updates	closed	2024-04-05T22:05:00Z	ved-rivos	2024-04-05T22:01:45Z	2024-04-05T22:05:01Z	
riscv-ras-eri	49	Add clarifications requested in issue #48	closed	2024-04-05T16:37:24Z	ved-rivos	2024-03-30T22:03:30Z	2024-04-05T16:37:24Z	
riscv-ras-eri	47	Expand imp_id to 32 bits	closed	2024-04-05T16:36:41Z	ved-rivos	2024-03-21T18:23:11Z	2024-04-05T16:36:41Z	
riscv-ras-eri	45	update state to Frozen	closed	2024-02-27T20:29:24Z	ved-rivos	2024-02-27T20:29:16Z	2024-02-27T20:29:24Z	
riscv-ras-eri	43	AR updates	closed	2024-01-18T18:41:24Z	ved-rivos	2024-01-18T18:35:57Z	2024-01-19T14:04:29Z	
riscv-ras-eri	39	Change encoding image of registers to svg	closed	2023-12-07T16:58:32Z	henry-hsieh	2023-12-07T16:47:40Z	2023-12-07T16:58:33Z	
riscv-ras-eri	38	editorial and formating updates	closed	2023-11-28T14:20:40Z	ved-rivos	2023-11-28T00:15:45Z	2023-11-28T14:20:40Z	
riscv-ras-eri	37	Updates to address issue #36	closed	2023-11-27T22:53:29Z	ved-rivos	2023-11-13T17:09:59Z	2023-11-27T22:53:29Z	
riscv-ras-eri	35	Add a read-in-progress bit to gate valid clearing	closed	ved-rivos	2023-10-27T16:16:13Z	2023-11-12T21:15:41Z		
riscv-ras-eri	34	Data corruption -> Hardware error exception	closed	ved-rivos	2023-10-27T15:32:48Z	2023-11-12T21:15:32Z		
riscv-ras-eri	33	Update space designated for custom extensions	closed	ved-rivos	2023-10-27T14:15:20Z	2023-11-12T21:15:22Z		
riscv-ras-eri	32	Fix typos	closed	2023-10-23T19:24:16Z	ved-rivos	2023-10-23T19:23:58Z	2023-10-23T19:24:16Z	
riscv-ras-eri	31	Updated error prediction text	closed	2023-10-23T18:06:31Z	ved-rivos	2023-10-23T18:06:05Z	2023-10-23T18:06:31Z	
riscv-ras-eri	30	RERI feedback	closed	2023-10-12T13:27:47Z	ved-rivos	2023-10-09T21:20:41Z	2023-10-12T13:27:47Z	
riscv-ras-eri	29	Detect Docker robustly	closed	2023-09-12T13:20:21Z	a4lg	2023-09-12T02:15:41Z	2023-09-12T13:20:21Z	
riscv-ras-eri	28	updating comment on minimal system	closed	2023-08-07T14:02:04Z	ved-rivos	2023-08-02T16:50:24Z	2023-08-07T14:02:04Z	
riscv-ras-eri	26	Updates from TG review - 07/17/2023	closed	2023-07-23T22:21:16Z	ved-rivos	2023-07-17T16:33:38Z	2023-07-23T22:21:17Z	
riscv-ras-eri	25	Updates from TG meeting - 06/19/2023	closed	2023-06-24T17:00:29Z	ved-rivos	2023-06-19T17:19:49Z	2023-06-24T17:00:30Z	
riscv-ras-eri	24	updating register access semantics	closed	2023-06-24T17:00:16Z	ved-rivos	2023-06-19T13:03:37Z	2023-06-24T17:00:17Z	
riscv-ras-eri	23	Updates from TG meeting - 06/12/2023	closed	2023-06-17T20:21:14Z	ved-rivos	2023-06-12T16:48:46Z	2023-06-17T20:21:15Z	
riscv-ras-eri	14	clarifying updates	closed	2023-05-08T13:29:42Z	ved-rivos	2023-05-08T13:29:31Z	2023-06-12T13:34:51Z	
riscv-ras-eri	15	Updates from RERI TG discussion on 05/08/23	closed	2023-05-13T19:37:15Z	ved-rivos	2023-05-08T18:55:39Z	2023-06-12T13:34:49Z	
riscv-ras-eri	17	editorial updates	closed	2023-05-13T19:44:24Z	ved-rivos	2023-05-13T19:44:11Z	2023-06-12T13:34:47Z	
riscv-ras-eri	18	editorial updates	closed	2023-05-13T19:53:32Z	ved-rivos	2023-05-13T19:53:19Z	2023-06-12T13:34:38Z	
riscv-ras-eri	19	Updates from RERI TG meeting - 05/15/2023	closed	2023-05-21T16:50:43Z	ved-rivos	2023-05-15T16:46:14Z	2023-06-12T13:34:36Z	
riscv-ras-eri	20	Updates from RERI TG meeting - 05222023	closed	2023-05-26T15:57:16Z	ved-rivos	2023-05-22T18:27:49Z	2023-06-12T13:34:33Z	
riscv-ras-eri	21	fix typos and formating issues	closed	2023-05-26T18:36:54Z	ved-rivos	2023-05-26T18:29:03Z	2023-06-12T13:34:32Z	
riscv-ras-eri	22	Add bib entries and cite them	closed	2023-05-26T18:58:34Z	ved-rivos	2023-05-26T18:56:07Z	2023-06-12T13:34:30Z	
riscv-ras-eri	16	Minor fixes/improvements to spelling and grammar.	closed	2023-05-13T19:29:57Z	atwalter-rivos	2023-05-11T22:10:31Z	2023-05-13T19:29:57Z	
riscv-ras-eri	7	updates from TG discussion	closed	2023-04-04T13:03:50Z	ved-rivos	2023-04-03T16:16:29Z	2023-05-04T20:34:53Z	
riscv-ras-eri	8	updates from TG discussion 04032023	closed	2023-04-04T22:05:38Z	ved-rivos	2023-04-04T22:02:15Z	2023-05-04T20:34:43Z	
riscv-ras-eri	9	updates from TG discussion - 04/10/2023	closed	2023-04-11T00:52:18Z	ved-rivos	2023-04-10T16:51:08Z	2023-05-04T20:34:42Z	
riscv-ras-eri	11	updates from 0417 TG meeting	closed	ved-rivos	2023-04-17T16:08:02Z	2023-05-04T20:34:41Z		
riscv-ras-eri	12	Updates from TG meeting 04/17/23	closed	2023-04-18T13:20:46Z	ved-rivos	2023-04-18T13:17:50Z	2023-05-04T20:34:40Z	
riscv-ras-eri	13	Updates from RERI TG meeting on 05/01/2023	closed	2023-05-02T16:45:50Z	ved-rivos	2023-05-01T16:01:34Z	2023-05-04T20:34:38Z	
riscv-ras-eri	10	Fix issues related to GitActions build process	closed	2023-04-10T23:57:28Z	rpsene	2023-04-10T23:40:43Z	2023-04-10T23:57:28Z	
riscv-ras-eri	5	updates following TG discussions	closed	2023-03-31T12:58:04Z	ved-rivos	2023-03-31T12:57:51Z	2023-03-31T12:58:04Z	
riscv-ras-eri	4	Updates from TG discussion on 3/27	closed	2023-03-31T12:24:01Z	ved-rivos	2023-03-27T16:22:36Z	2023-03-31T12:24:01Z	
riscv-ras-eri	3	spell checks	closed	2023-03-27T14:05:52Z	ved-rivos	2023-03-27T14:03:28Z	2023-03-27T14:05:52Z	
riscv-ras-eri	2	Updating the build system	closed	2023-03-26T02:51:55Z	ved-rivos	2023-03-25T23:56:38Z	2023-03-26T02:51:55Z	
riscv-ras-eri	1	Initial Set of files	closed	2023-03-26T02:51:53Z	ved-rivos	2023-03-25T16:58:43Z	2023-03-26T02:51:53Z	
riscv-asm-manual	217	Bump docs-resources from `0904c8a` to `47257de`	open	dependabot[bot]	2026-04-28T01:47:49Z	2026-04-28T01:47:50Z	dependencies;submodules	
riscv-asm-manual	216	docs: add missing call rd pseudoinstruction table entry	closed	xinx1ang	2026-04-02T15:13:15Z	2026-04-09T21:26:24Z		
riscv-asm-manual	215	Bump docs-resources from `a88e6af` to `0904c8a`	closed	2026-04-02T09:03:01Z	dependabot[bot]	2026-04-02T03:29:27Z	2026-04-02T09:03:10Z	dependencies;submodules
riscv-asm-manual	214	Bump docs-resources from `ed7a9df` to `a88e6af`	closed	2026-04-01T10:53:57Z	dependabot[bot]	2026-03-31T23:05:02Z	2026-04-01T10:54:05Z	dependencies;submodules
riscv-asm-manual	213	Bump docs-resources from `80abf55` to `ed7a9df`	closed	2026-03-30T08:59:27Z	dependabot[bot]	2026-03-27T23:04:00Z	2026-03-30T08:59:35Z	dependencies;submodules
riscv-asm-manual	142	Updated PDF version to match latest release version	closed	2025-08-28T08:11:57Z	apazos	2025-08-28T01:29:35Z	2026-03-27T23:56:49Z	
riscv-asm-manual	212	Bump docs-resources from `29879cc` to `80abf55`	closed	2026-03-27T11:14:03Z	dependabot[bot]	2026-03-26T23:04:24Z	2026-03-27T11:14:11Z	dependencies;submodules
riscv-asm-manual	192	Draft list of P extension pseudoinstructions	open	topperc	2026-02-21T02:02:57Z	2026-03-26T18:32:29Z		
riscv-asm-manual	211	Bump docs-resources from `7d8a94b` to `29879cc`	closed	2026-03-26T02:10:46Z	dependabot[bot]	2026-03-25T23:04:53Z	2026-03-26T02:10:54Z	dependencies;submodules
riscv-asm-manual	210	Bump docs-resources from `b387152` to `7d8a94b`	closed	2026-03-25T09:22:07Z	dependabot[bot]	2026-03-24T23:04:21Z	2026-03-25T09:22:16Z	dependencies;submodules
riscv-asm-manual	209	Bump docs-resources from `f0caa68` to `b387152`	closed	2026-03-20T08:36:35Z	dependabot[bot]	2026-03-19T23:04:27Z	2026-03-20T08:36:44Z	dependencies;submodules
riscv-asm-manual	208	Bump docs-resources from `a73e1bd` to `f0caa68`	closed	2026-03-18T08:46:11Z	dependabot[bot]	2026-03-17T23:04:20Z	2026-03-18T08:46:19Z	dependencies;submodules
riscv-asm-manual	207	Bump docs-resources from `1108f25` to `a73e1bd`	closed	2026-03-17T00:33:31Z	dependabot[bot]	2026-03-16T23:05:39Z	2026-03-17T00:33:39Z	dependencies;submodules
riscv-asm-manual	206	Bump docs-resources from `1bb6392` to `1108f25`	closed	2026-03-13T00:23:20Z	dependabot[bot]	2026-03-12T23:04:45Z	2026-03-13T00:23:27Z	dependencies;submodules
riscv-asm-manual	199	Add more jalr pseudoinstructions	closed	2026-03-12T15:04:16Z	topperc	2026-02-27T17:06:48Z	2026-03-12T15:04:17Z	
riscv-asm-manual	205	Bump docs-resources from `394d032` to `1bb6392`	closed	2026-03-11T23:38:31Z	dependabot[bot]	2026-03-11T23:04:53Z	2026-03-11T23:38:39Z	dependencies;submodules
riscv-asm-manual	204	Bump docs-resources from `d245338` to `394d032`	closed	2026-03-11T22:49:06Z	dependabot[bot]	2026-03-10T23:04:46Z	2026-03-11T22:49:13Z	dependencies;submodules
riscv-asm-manual	203	Bump docs-resources from `f756855` to `d245338`	closed	2026-03-10T10:51:40Z	dependabot[bot]	2026-03-09T23:18:03Z	2026-03-10T10:51:49Z	dependencies;submodules
riscv-asm-manual	202	Bump docs-resources from `9069637` to `f756855`	closed	2026-03-07T00:36:45Z	dependabot[bot]	2026-03-06T23:04:00Z	2026-03-07T00:36:52Z	dependencies;submodules
riscv-asm-manual	201	Update GitHub Actions to requested versions	closed	2026-03-07T00:35:28Z	rpsene	2026-03-06T22:06:43Z	2026-03-07T00:35:28Z	
riscv-asm-manual	197	Bump docs-resources from `9069637` to `b024d67`	closed	dependabot[bot]	2026-02-26T23:04:58Z	2026-03-06T23:04:04Z	dependencies;submodules	
riscv-asm-manual	200	Use ghcr.io/riscv/riscv-docs-base-container-image:latest	closed	2026-03-06T17:21:30Z	rpsene	2026-03-06T16:57:10Z	2026-03-06T17:21:31Z	
riscv-asm-manual	195	Add immediate ranges for vmsge(u).vi and vmslt(u).vi.	closed	2026-03-04T15:52:37Z	topperc	2026-02-24T02:15:52Z	2026-03-04T15:52:37Z	
riscv-asm-manual	193	Add Q extension pseudoinstructions	closed	2026-02-21T15:30:31Z	topperc	2026-02-21T05:19:25Z	2026-02-24T17:09:53Z	
riscv-asm-manual	196	Use jalr rd, offset(rs) form in pseudoinstruction table	closed	2026-02-24T12:42:35Z	topperc	2026-02-24T05:55:30Z	2026-02-24T17:09:46Z	
riscv-asm-manual	190	Document that zext.w is a pseudoinstruction for add.uw with Zba.	closed	2026-02-21T15:33:28Z	topperc	2026-02-21T00:52:09Z	2026-02-24T17:09:36Z	
riscv-asm-manual	191	Add sgt and sgtu pseudoinstructions	closed	2026-02-21T15:39:46Z	topperc	2026-02-21T01:10:31Z	2026-02-24T17:09:31Z	
riscv-asm-manual	194	Use rs1 instead of x0 in vl*r.v pseudoinstructions.	closed	2026-02-24T12:44:19Z	topperc	2026-02-24T01:36:40Z	2026-02-24T17:09:26Z	
riscv-asm-manual	189	Bump docs-resources from `1666258` to `9069637`	closed	2026-02-21T15:26:11Z	dependabot[bot]	2026-02-20T23:04:15Z	2026-02-21T15:26:19Z	dependencies;submodules
riscv-asm-manual	141	Add Floating Point registers.	closed	2025-09-05T15:09:16Z	topperc	2025-08-25T23:23:43Z	2026-02-21T00:50:22Z	
riscv-asm-manual	188	Bump docs-resources from `203db26` to `1666258`	closed	2026-02-19T11:13:55Z	dependabot[bot]	2026-02-18T23:04:55Z	2026-02-19T11:14:03Z	dependencies;submodules
riscv-asm-manual	187	Bump docs-resources from `40aed03` to `203db26`	closed	2026-02-17T23:14:47Z	dependabot[bot]	2026-02-17T23:05:04Z	2026-02-17T23:14:56Z	dependencies;submodules
riscv-asm-manual	186	Bump docs-resources from `40aed03` to `c066d8f`	closed	dependabot[bot]	2026-02-16T23:05:50Z	2026-02-17T23:05:08Z	dependencies;submodules	
riscv-asm-manual	185	Bump docs-resources from `b5f53ec` to `40aed03`	closed	2026-02-10T16:17:12Z	dependabot[bot]	2026-02-10T01:22:05Z	2026-02-10T16:17:20Z	dependencies;submodules
riscv-asm-manual	184	Bump docs-resources from `7a9931f` to `b5f53ec`	closed	2026-02-06T23:43:13Z	dependabot[bot]	2026-02-06T23:04:23Z	2026-02-06T23:43:20Z	dependencies;submodules
riscv-asm-manual	183	Bump docs-resources from `be002f1` to `7a9931f`	closed	2026-02-05T23:30:49Z	dependabot[bot]	2026-02-05T23:05:22Z	2026-02-05T23:30:56Z	dependencies;submodules
riscv-asm-manual	182	Bump docs-resources from `b5eaf50` to `be002f1`	closed	2026-01-30T23:26:36Z	dependabot[bot]	2026-01-30T23:03:49Z	2026-01-30T23:26:44Z	dependencies;submodules
riscv-asm-manual	180	Bump docs-resources from `edf32fb` to `b5eaf50`	closed	2025-12-30T08:27:24Z	dependabot[bot]	2025-12-29T23:12:43Z	2025-12-30T08:27:31Z	dependencies;submodules
riscv-asm-manual	179	Bump docs-resources from `8789870` to `edf32fb`	closed	2025-12-19T08:53:41Z	dependabot[bot]	2025-12-18T23:11:41Z	2025-12-19T08:53:48Z	dependencies;submodules
riscv-asm-manual	122	Proposal: Exact Mode (Compression and Relaxation Control)	open	lenary	2025-01-10T16:10:59Z	2025-12-18T20:51:27Z		
riscv-asm-manual	178	Bump docs-resources from `8bd1a63` to `8789870`	closed	2025-12-18T10:14:08Z	dependabot[bot]	2025-12-17T23:12:59Z	2025-12-18T10:14:16Z	dependencies;submodules
riscv-asm-manual	177	Bump docs-resources from `8bd1a63` to `d644eb9`	closed	dependabot[bot]	2025-12-11T23:15:18Z	2025-12-17T23:13:03Z	dependencies;submodules	
riscv-asm-manual	176	Bump docs-resources from `8bd1a63` to `75d6a61`	closed	dependabot[bot]	2025-12-10T23:10:29Z	2025-12-11T23:15:22Z	dependencies;submodules	
riscv-asm-manual	175	Bump docs-resources from `8bd1a63` to `eefda19`	closed	dependabot[bot]	2025-12-09T23:14:24Z	2025-12-10T23:10:33Z	dependencies;submodules	
riscv-asm-manual	174	Bump docs-resources from `8bd1a63` to `d631f07`	closed	dependabot[bot]	2025-12-08T23:13:35Z	2025-12-09T23:14:28Z	dependencies;submodules	
riscv-asm-manual	173	Bump docs-resources from `80ef127` to `8bd1a63`	closed	2025-12-08T15:44:27Z	dependabot[bot]	2025-12-04T23:11:24Z	2025-12-08T15:44:35Z	dependencies;submodules
riscv-asm-manual	172	Bump docs-resources from `80ef127` to `8bda051`	closed	dependabot[bot]	2025-12-03T23:14:22Z	2025-12-04T23:11:28Z	dependencies;submodules	
riscv-asm-manual	171	Bump docs-resources from `22a17b0` to `80ef127`	closed	2025-12-03T00:08:50Z	dependabot[bot]	2025-12-02T23:11:48Z	2025-12-03T00:08:57Z	dependencies;submodules
riscv-asm-manual	170	Bump docs-resources from `49eff17` to `22a17b0`	closed	2025-11-28T10:56:13Z	dependabot[bot]	2025-11-27T23:10:56Z	2025-11-28T10:56:20Z	dependencies;submodules
riscv-asm-manual	152	Add `c.ret` pseudoinstruction	closed	dead-claudia	2025-10-10T22:38:35Z	2025-11-22T08:13:51Z		
riscv-asm-manual	169	Bump docs-resources from `1660fd9` to `49eff17`	closed	2025-11-21T23:46:12Z	dependabot[bot]	2025-11-21T23:12:48Z	2025-11-21T23:46:19Z	dependencies;submodules
riscv-asm-manual	168	Bump docs-resources from `8e51e9f` to `1660fd9`	closed	2025-11-18T23:39:53Z	dependabot[bot]	2025-11-18T23:27:52Z	2025-11-18T23:40:00Z	dependencies;submodules
riscv-asm-manual	167	Bump docs-resources from `707d21c` to `8e51e9f`	closed	2025-11-14T13:45:36Z	dependabot[bot]	2025-11-13T23:13:09Z	2025-11-14T13:45:43Z	dependencies;submodules
riscv-asm-manual	166	Bump docs-resources from `098f02b` to `707d21c`	closed	2025-11-13T09:17:26Z	dependabot[bot]	2025-11-12T23:14:58Z	2025-11-13T09:17:35Z	dependencies;submodules
riscv-asm-manual	165	Bump docs-resources from `7f7f63a` to `098f02b`	closed	2025-11-11T07:14:35Z	dependabot[bot]	2025-11-10T23:51:10Z	2025-11-11T07:14:43Z	dependencies;submodules
riscv-asm-manual	164	Bump docs-resources from `7f7f63a` to `40844de`	closed	dependabot[bot]	2025-11-10T23:14:45Z	2025-11-10T23:51:14Z	dependencies;submodules	
riscv-asm-manual	163	Bump docs-resources from `93422ee` to `7f7f63a`	closed	2025-11-08T09:55:24Z	dependabot[bot]	2025-11-07T23:12:35Z	2025-11-08T09:55:32Z	dependencies;submodules
riscv-asm-manual	162	Bump docs-resources from `75c71b5` to `93422ee`	closed	2025-11-07T17:21:51Z	dependabot[bot]	2025-11-06T23:14:42Z	2025-11-07T17:21:58Z	dependencies;submodules
riscv-asm-manual	161	Bump docs-resources from `8b88469` to `75c71b5`	closed	2025-11-04T09:09:54Z	dependabot[bot]	2025-11-03T23:15:05Z	2025-11-04T09:10:02Z	dependencies;submodules
riscv-asm-manual	160	Bump docs-resources from `07ae7be` to `8b88469`	closed	2025-10-28T23:55:22Z	dependabot[bot]	2025-10-28T23:14:24Z	2025-10-28T23:55:30Z	dependencies;submodules
riscv-asm-manual	159	Bump docs-resources from `4b6af80` to `07ae7be`	closed	2025-10-27T23:28:21Z	dependabot[bot]	2025-10-27T23:25:23Z	2025-10-27T23:28:29Z	dependencies;submodules
riscv-asm-manual	157	Bump docs-resources from `2f436fa` to `4b6af80`	closed	2025-10-17T23:16:18Z	dependabot[bot]	2025-10-17T23:12:34Z	2025-10-17T23:16:25Z	dependencies;submodules
riscv-asm-manual	156	Bump docs-resources from `4bf7840` to `2f436fa`	closed	2025-10-17T08:17:48Z	dependabot[bot]	2025-10-16T23:15:55Z	2025-10-17T08:17:56Z	dependencies;submodules
riscv-asm-manual	155	Bump docs-resources from `d71e312` to `4bf7840`	closed	2025-10-16T08:28:20Z	dependabot[bot]	2025-10-15T23:37:18Z	2025-10-16T08:28:28Z	dependencies;submodules
riscv-asm-manual	154	Bump docs-resources from `6862903` to `d71e312`	closed	2025-10-13T23:20:38Z	dependabot[bot]	2025-10-13T23:16:06Z	2025-10-13T23:20:45Z	dependencies;submodules
riscv-asm-manual	153	Bump docs-resources from `c90c0bf` to `6862903`	closed	2025-10-10T23:20:30Z	dependabot[bot]	2025-10-10T23:11:41Z	2025-10-10T23:20:37Z	dependencies;submodules
riscv-asm-manual	151	Bump docs-resources from `ff1e5eb` to `c90c0bf`	closed	2025-10-02T08:20:56Z	dependabot[bot]	2025-10-01T23:14:24Z	2025-10-02T08:21:04Z	dependencies;submodules
riscv-asm-manual	150	Bump docs-resources from `6ef1a1f` to `ff1e5eb`	closed	2025-10-01T06:05:45Z	dependabot[bot]	2025-09-30T23:15:05Z	2025-10-01T06:05:54Z	dependencies;submodules
riscv-asm-manual	149	Bump docs-resources from `6124035` to `6ef1a1f`	closed	2025-09-18T08:42:10Z	dependabot[bot]	2025-09-17T23:11:32Z	2025-09-18T08:42:19Z	dependencies;submodules
riscv-asm-manual	148	Bump docs-resources from `c71d56b` to `6124035`	closed	2025-09-12T08:17:01Z	dependabot[bot]	2025-09-11T23:13:38Z	2025-09-12T08:17:08Z	dependencies;submodules
riscv-asm-manual	147	Delete a stray bracket	closed	2025-09-11T19:52:24Z	pfusik	2025-09-11T16:08:01Z	2025-09-11T19:52:25Z	
riscv-asm-manual	146	Bump docs-resources from `1fb9a74` to `c71d56b`	closed	2025-09-11T07:05:32Z	dependabot[bot]	2025-09-10T23:12:18Z	2025-09-11T07:05:40Z	dependencies;submodules
riscv-asm-manual	145	Bump docs-resources from `d7974ea` to `1fb9a74`	closed	2025-09-10T07:32:27Z	dependabot[bot]	2025-09-09T23:12:03Z	2025-09-10T07:32:34Z	dependencies;submodules
riscv-asm-manual	144	Bump docs-resources from `48beddb` to `d7974ea`	closed	2025-09-04T08:05:39Z	dependabot[bot]	2025-09-04T07:19:15Z	2025-09-04T08:05:47Z	dependencies;submodules
riscv-asm-manual	143	Bump docs-resources from `3a40e07` to `48beddb`	closed	2025-09-03T18:09:29Z	dependabot[bot]	2025-09-03T18:05:12Z	2025-09-03T18:09:38Z	dependencies;submodules
riscv-asm-manual	127	Revised the Command Line Arguments section to eliminate first-person …	closed	2025-04-16T07:02:26Z	apazos	2025-03-10T23:59:39Z	2025-08-28T00:41:23Z	
riscv-asm-manual	139	Added 'jump offset, rt' and 'call rt, offset'	closed	2025-07-31T21:04:12Z	apazos	2025-07-31T20:40:43Z	2025-08-28T00:41:21Z	
riscv-asm-manual	100	Fix references to B extension.	closed	2024-05-01T07:30:22Z	topperc	2024-05-01T06:57:38Z	2025-08-25T23:24:08Z	
riscv-asm-manual	138	Bump docs-resources from `36f09ee` to `3a40e07`	closed	2025-07-25T08:41:30Z	dependabot[bot]	2025-07-25T00:05:39Z	2025-07-25T08:41:37Z	dependencies;submodules
riscv-asm-manual	137	Bump docs-resources from `45d29d9` to `36f09ee`	closed	2025-07-24T00:10:20Z	dependabot[bot]	2025-07-23T23:50:24Z	2025-07-24T00:10:27Z	dependencies;submodules
riscv-asm-manual	136	Bump docs-resources from `ab24eec` to `45d29d9`	closed	2025-07-18T09:48:29Z	dependabot[bot]	2025-07-17T23:51:54Z	2025-07-18T09:48:37Z	dependencies;submodules
riscv-asm-manual	132	Bump docs-resources from `f38f756` to `ab24eec`	closed	2025-07-09T09:12:01Z	dependabot[bot]	2025-07-08T23:45:50Z	2025-07-09T09:12:10Z	dependencies;submodules
riscv-asm-manual	130	Bump docs-resources from `7558472` to `f38f756`	closed	2025-06-17T04:44:49Z	dependabot[bot]	2025-06-17T01:05:43Z	2025-06-17T04:44:57Z	dependencies;submodules
riscv-asm-manual	128	[Zilsd] Clarify Symbol Pseudos for Zilsd	closed	2025-05-08T14:46:01Z	lenary	2025-04-09T03:41:05Z	2025-06-09T20:56:10Z	
riscv-asm-manual	99	Add %lpad_hash for Zicfilp	open	kito-cheng	2024-04-18T12:49:05Z	2025-05-12T09:01:14Z		
riscv-asm-manual	129	Bump docs-resources from `1d5bcd2` to `7558472`	closed	2025-05-09T00:45:49Z	dependabot[bot]	2025-05-09T00:05:51Z	2025-05-09T00:45:57Z	dependencies;submodules
riscv-asm-manual	124	Add fgt.[hsd] and fge.[hsd] pseudo-instructions	closed	2025-02-28T15:32:18Z	kito-cheng	2025-02-17T08:09:04Z	2025-03-13T13:55:19Z	
riscv-asm-manual	123	Rewrite the far branches section	closed	2025-02-28T15:30:15Z	simonpcook	2025-02-13T19:30:40Z	2025-02-28T15:30:16Z	
riscv-asm-manual	125	Bump docs-resources from `62576cd` to `1d5bcd2`	closed	2025-02-19T12:49:09Z	dependabot[bot]	2025-02-19T11:16:49Z	2025-02-19T12:49:18Z	dependencies
riscv-asm-manual	120	Eliminating trailing whitespaces	closed	2024-12-20T11:50:46Z	cmuellner	2024-12-19T22:45:23Z	2024-12-20T11:50:46Z	
riscv-asm-manual	111	Add V extension pseudoinstructions	closed	2024-12-19T22:40:12Z	AFOliveira	2024-10-25T13:45:00Z	2024-12-19T22:40:12Z	
riscv-asm-manual	119	Bump docs-resources from `a76dd1d` to `62576cd`	closed	2024-12-18T20:42:14Z	dependabot[bot]	2024-12-18T20:35:04Z	2024-12-18T20:42:21Z	dependencies
riscv-asm-manual	118	Add CI/CD from docs-templates repo	closed	2024-12-18T20:34:27Z	cmuellner	2024-12-11T20:47:18Z	2024-12-18T20:35:51Z	
riscv-asm-manual	117	Bumps docs-resources forward	closed	2024-12-09T20:26:16Z	wmat	2024-12-09T20:24:22Z	2024-12-09T20:26:17Z	
riscv-asm-manual	114	Add CI workflow to create PDF/HTML	closed	2024-12-06T12:32:26Z	axel-h	2024-11-23T16:37:03Z	2024-12-06T12:32:26Z	
riscv-asm-manual	113	Add new directive to creating landing pad info	open	kito-cheng	2024-11-21T08:23:41Z	2024-11-21T08:25:48Z		
riscv-asm-manual	106	Add .insn directive	closed	Timmmm	2024-06-26T09:00:07Z	2024-09-26T12:37:30Z		
riscv-asm-manual	109	Add .insn directive	closed	2024-09-18T19:36:31Z	charlie-rivos	2024-09-13T22:20:14Z	2024-09-26T12:37:22Z	
riscv-asm-manual	107	Migration to RISC-V specifications template in asciidoc	closed	2024-08-28T12:03:13Z	apazos	2024-07-02T22:24:46Z	2024-08-28T20:14:11Z	
riscv-asm-manual	93	Change scratch register of tail to t2 when Zicfilp enabled.	closed	2024-08-02T07:15:48Z	yetingk	2024-01-16T02:17:44Z	2024-08-02T07:15:48Z	
riscv-asm-manual	108	Fix grammar and typo issues	closed	2024-08-01T12:58:08Z	dzhang28	2024-07-11T11:02:17Z	2024-08-01T12:58:08Z	
riscv-asm-manual	105	Recommend avoiding .align	closed	2024-06-28T08:52:23Z	Timmmm	2024-06-26T08:34:36Z	2024-06-28T11:29:13Z	
riscv-asm-manual	103	Fixes footnote added in #101	closed	2024-06-25T09:06:11Z	apazos	2024-06-24T19:43:19Z	2024-06-25T21:43:03Z	
riscv-asm-manual	104	Fixed invalid reference causing 'page not found' error	closed	2024-06-25T09:06:41Z	apazos	2024-06-25T03:10:14Z	2024-06-25T21:43:01Z	
riscv-asm-manual	101	Fixed issue #98	closed	2024-05-09T09:13:01Z	apazos	2024-05-09T05:16:50Z	2024-06-24T19:49:31Z	
riscv-asm-manual	77	Update assembler relocation function related descriptions	open	hirooih	2022-04-16T13:30:51Z	2024-05-15T08:57:28Z		
riscv-asm-manual	76	Expand description of registers and their uses	open	scotws	2022-02-28T08:28:01Z	2024-05-15T08:57:28Z		
riscv-asm-manual	74	Document .attribute reserved_registers	open	kito-cheng	2022-01-09T14:12:03Z	2024-05-15T08:57:28Z		
riscv-asm-manual	58	Document branch relaxation	open	nick-knight	2020-09-29T02:05:34Z	2024-05-15T08:57:28Z		
riscv-asm-manual	55	Add a link to a SO discussion of callee/caller saved registers.	open	gevorgyana	2020-09-23T08:36:01Z	2024-05-15T08:57:28Z		
riscv-asm-manual	95	Adding unsigned load/stores	closed	2024-01-30T07:03:26Z	cmuellner	2024-01-29T20:41:51Z	2024-01-30T07:03:26Z	
riscv-asm-manual	92	Fix grammar error	closed	2023-10-10T19:47:15Z	visitorckw	2023-10-09T23:48:51Z	2023-10-10T20:52:06Z	
riscv-asm-manual	85	Document fli instruction from zfa extension	closed	2023-06-29T08:31:40Z	kito-cheng	2023-04-26T12:47:48Z	2023-06-29T08:31:43Z	
riscv-asm-manual	86	Document floating point directive and generic way to to load a floating point immediate to floating point register	closed	2023-06-06T02:49:22Z	kito-cheng	2023-04-27T06:47:01Z	2023-06-06T02:49:26Z	
riscv-asm-manual	89	Add scope section	closed	2023-05-31T00:49:04Z	kito-cheng	2023-05-30T14:09:38Z	2023-05-31T06:52:30Z	
riscv-asm-manual	87	Update flw to fls	closed	kito-cheng	2023-04-27T07:42:27Z	2023-04-27T09:01:09Z		
riscv-asm-manual	83	The GAS assembler implicitly converts near->far branches	closed	2023-04-27T08:04:47Z	palmer-dabbelt	2023-01-31T03:20:22Z	2023-04-27T08:04:47Z	
riscv-asm-manual	59	Add PAUSE hint	closed	2023-04-27T07:44:16Z	aswaterman	2020-10-09T20:01:49Z	2023-04-27T07:44:52Z	
riscv-asm-manual	41	Add new definitions for the compact code model	closed	ebahapo	2020-07-03T04:53:21Z	2023-04-07T18:03:27Z		
riscv-asm-manual	67	Proposal:  Extend .option directive for control enabled extensions on specific code region	closed	2023-03-14T15:10:59Z	kito-cheng	2021-07-09T06:48:35Z	2023-03-14T15:11:05Z	
riscv-asm-manual	71	Document addi immediate	closed	2023-02-20T06:18:08Z	nick-knight	2021-09-16T18:10:45Z	2023-02-20T06:18:08Z	
riscv-asm-manual	82	Standardize spelling of "pseudoinstruction"	closed	2023-02-03T00:20:18Z	zeng-xiao	2023-01-31T02:36:10Z	2023-02-03T00:20:33Z	
riscv-asm-manual	81	The 'call' pseudoinstruction does not clobber x6	closed	2022-08-26T21:35:22Z	anthony-coulter	2022-08-26T19:04:17Z	2022-08-26T21:35:22Z	
riscv-asm-manual	73	Document .attribute directive	closed	2022-08-09T16:00:20Z	kito-cheng	2022-01-09T13:45:33Z	2022-08-09T16:00:23Z	
riscv-asm-manual	69	Document lla, fix table documentation for la and add lga pseudo instruction	closed	2022-03-31T15:56:44Z	jrtc27	2021-07-30T20:06:34Z	2022-07-25T22:13:19Z	
riscv-asm-manual	79	Fix footnote numbering	closed	2022-07-12T11:32:02Z	piggynl	2022-07-12T03:54:48Z	2022-07-12T13:20:05Z	
riscv-asm-manual	68	Add more description for .option directive	closed	2022-04-15T13:29:18Z	kito-cheng	2021-07-27T06:39:06Z	2022-04-15T13:29:21Z	
riscv-asm-manual	64	Add a new directive .variant_cc for variant calling conventions.	closed	2021-11-09T16:50:31Z	Hsiangkai	2021-05-12T14:10:43Z	2021-11-09T16:50:32Z	
riscv-asm-manual	72	Fix typo	closed	2021-10-03T19:54:14Z	lpha-z	2021-10-03T15:24:54Z	2021-10-04T03:28:46Z	
riscv-asm-manual	66	Document (c)lui immediate	closed	2021-06-19T00:08:02Z	nick-knight	2021-06-18T23:11:31Z	2021-06-19T00:08:02Z	
riscv-asm-manual	61	Add pseudoinstruction: sext.b, sext.h, zext.b, zext.h and zext.w	closed	2020-12-09T01:46:47Z	kito-cheng	2020-12-03T09:30:15Z	2020-12-10T19:41:04Z	
riscv-asm-manual	60	Remove broken link	closed	2020-10-18T22:20:05Z	mehmetoguzderin	2020-10-18T14:58:26Z	2020-10-18T22:20:06Z	
riscv-asm-manual	57	Remove invisible redundant table cell	closed	2020-09-24T05:43:15Z	nick-knight	2020-09-24T01:42:01Z	2020-09-24T05:43:15Z	
riscv-asm-manual	56	Add a table summarizing the available pseudoinstructions.	closed	2020-09-24T00:42:56Z	gevorgyana	2020-09-23T10:26:53Z	2020-09-24T00:42:56Z	
riscv-asm-manual	46	Remove old function call section	closed	2020-08-04T03:14:24Z	y2kbugger	2020-08-04T02:58:03Z	2020-08-04T03:14:24Z	
riscv-asm-manual	45	Remove duplicate section	closed	2020-07-27T22:41:02Z	ebahapo	2020-07-16T19:24:39Z	2020-07-27T22:41:02Z	
riscv-asm-manual	43	riscv-asm.md: fix typo	closed	2020-07-07T16:02:21Z	ebahapo	2020-07-06T22:02:10Z	2020-07-07T16:02:21Z	
riscv-asm-manual	39	riscv-asm.md: simplify examples	closed	2020-07-03T21:16:07Z	ebahapo	2020-06-27T00:37:17Z	2020-07-07T16:00:17Z	
riscv-asm-manual	40	riscv-asm.md: clarify globals and calls	closed	2020-07-03T21:16:33Z	ebahapo	2020-07-03T01:46:24Z	2020-07-06T21:48:55Z	
riscv-asm-manual	38	riscv-asm.md: add missing pseudos for calls	closed	2020-06-29T22:37:52Z	ebahapo	2020-06-24T00:37:22Z	2020-06-29T22:37:52Z	
riscv-asm-manual	37	riscv-asm.md: add missing pseudos for globals	closed	2020-06-29T22:36:46Z	ebahapo	2020-06-24T00:23:35Z	2020-06-29T22:36:47Z	
riscv-asm-manual	33	Fix typo	closed	Dahfizz9897	2020-06-13T21:19:42Z	2020-06-13T23:06:10Z		
riscv-asm-manual	28	Make relative addressing section reg names match	closed	2020-02-19T19:51:12Z	johnwinans	2020-02-19T04:41:13Z	2020-02-19T19:51:12Z	
riscv-asm-manual	26	Fix typo	closed	2019-12-03T17:44:40Z	luismarques	2019-12-03T14:54:52Z	2019-12-03T17:44:40Z	
riscv-asm-manual	25	Fix duplicate saved register 6 typo	closed	2019-08-20T16:03:26Z	jrtc27	2019-08-20T16:02:09Z	2019-08-20T16:03:26Z	
riscv-asm-manual	24	Add links for riscv instruction set specification	closed	2018-12-08T19:40:07Z	Farmerjoe12	2018-12-08T19:38:34Z	2018-12-08T19:40:07Z	
riscv-asm-manual	22	Wrap description of UNIMP to 80 characters	closed	2018-12-04T17:35:08Z	jrtc27	2018-12-04T17:31:52Z	2018-12-07T14:00:26Z	
riscv-asm-manual	21	Fix definition of TLS Local Exec operators	closed	2018-12-04T17:34:14Z	jrtc27	2018-12-04T17:26:54Z	2018-12-07T14:00:16Z	
riscv-asm-manual	16	Add new operator for R_RISCV_GOT_HI20	closed	2018-11-14T00:26:24Z	jrtc27	2018-11-08T11:31:19Z	2018-12-04T17:21:42Z	
riscv-asm-manual	20	Add description of UNIMP pseudo-instruction	closed	2018-11-29T17:59:32Z	luismarques	2018-11-29T17:09:18Z	2018-11-29T17:59:33Z	
riscv-asm-manual	17	Add header for assembler relocation function section.	closed	2018-11-21T12:01:50Z	jim-wilson	2018-11-19T22:43:55Z	2018-11-21T12:01:53Z	
riscv-asm-manual	15	Fix bug	closed	2018-11-08T03:31:52Z	mkx171217	2018-11-08T03:21:35Z	2018-11-08T03:47:24Z	
riscv-asm-manual	13	Complete data directive listing and remove incorrect alignment	closed	2018-05-17T10:22:57Z	asb	2018-05-17T06:11:42Z	2018-05-17T10:22:58Z	
riscv-asm-manual	7	Added basic table and general comments on registers	closed	2018-03-21T01:08:53Z	scotws	2018-03-02T07:52:58Z	2018-03-21T01:08:54Z	
riscv-asm-manual	5	Fix typos in jump instructions.	closed	2018-02-08T19:04:13Z	jim-wilson	2018-02-08T15:43:30Z	2018-02-08T19:04:13Z	
riscv-asm-manual	3	Document how rounding modes can be specified, and the supported mnemonics	closed	2017-11-01T18:48:30Z	asb	2017-11-01T10:02:02Z	2017-11-01T18:48:31Z	
riscv-asm-manual	2	Add labels, adressing modes, LI, LA, constants and CSRs	closed	2017-05-23T22:33:48Z	larkmjc	2017-05-23T22:18:32Z	2017-05-23T22:33:48Z	
riscv-asm-manual	1	Add tables containing assembler directives and relocation expansions	closed	2017-05-23T22:10:20Z	larkmjc	2017-05-23T22:05:43Z	2017-05-23T22:14:27Z	
riscv-semihosting	79	Add Antora documentation structure to v1.0-antora	open	wmat	2026-03-24T22:48:01Z	2026-03-25T09:35:14Z		
riscv-semihosting	78	Add v1.0-antora branch from 1.0 release tag	closed	wmat	2026-03-24T22:47:52Z	2026-03-25T09:24:33Z		
riscv-semihosting	77	Revert "Antora refactor merge to main"	closed	2026-03-20T12:46:50Z	wmat	2026-03-20T12:41:37Z	2026-03-20T12:46:50Z	
riscv-semihosting	76	Antora refactor merge to main	closed	2026-03-19T15:18:27Z	wmat	2026-03-19T15:14:09Z	2026-03-19T15:18:28Z	
riscv-semihosting	75	Update GitHub Actions to requested versions	closed	2026-03-07T14:53:07Z	rpsene	2026-03-06T22:08:43Z	2026-03-07T14:53:07Z	
riscv-semihosting	74	Use ghcr.io/riscv/riscv-docs-base-container-image:latest	closed	2026-03-06T17:06:16Z	rpsene	2026-03-06T16:59:00Z	2026-03-06T17:06:16Z	
riscv-semihosting	72	Bump docs-resources from `1d5bcd2` to `be002f1`	closed	dependabot[bot]	2026-01-30T11:06:17Z	2026-02-05T11:06:41Z	dependencies;submodules	
riscv-semihosting	73	Bump docs-resources from `1d5bcd2` to `7a9931f`	open	dependabot[bot]	2026-02-05T11:06:36Z	2026-02-05T11:06:37Z	dependencies;submodules	
riscv-semihosting	71	Bump docs-resources from `1d5bcd2` to `b5eaf50`	closed	dependabot[bot]	2025-12-29T11:14:19Z	2026-01-30T11:06:22Z	dependencies;submodules	
riscv-semihosting	70	Bump docs-resources from `1d5bcd2` to `edf32fb`	closed	dependabot[bot]	2025-12-18T11:16:45Z	2025-12-29T11:14:23Z	dependencies;submodules	
riscv-semihosting	69	Bump docs-resources from `1d5bcd2` to `d644eb9`	closed	dependabot[bot]	2025-12-12T11:15:11Z	2025-12-18T11:16:48Z	dependencies;submodules	
riscv-semihosting	68	Bump docs-resources from `1d5bcd2` to `75d6a61`	closed	dependabot[bot]	2025-12-10T11:14:19Z	2025-12-12T11:15:15Z	dependencies;submodules	
riscv-semihosting	67	Bump docs-resources from `1d5bcd2` to `cdc5c1c`	closed	dependabot[bot]	2025-12-09T11:13:25Z	2025-12-10T11:14:23Z	dependencies;submodules	
riscv-semihosting	66	Bump docs-resources from `1d5bcd2` to `08bdece`	closed	dependabot[bot]	2025-12-08T11:15:41Z	2025-12-09T11:13:29Z	dependencies;submodules	
riscv-semihosting	65	Bump docs-resources from `1d5bcd2` to `8bd1a63`	closed	dependabot[bot]	2025-12-05T11:15:22Z	2025-12-08T11:15:44Z	dependencies;submodules	
riscv-semihosting	64	Bump docs-resources from `1d5bcd2` to `8bda051`	closed	dependabot[bot]	2025-12-04T11:18:59Z	2025-12-05T11:15:27Z	dependencies;submodules	
riscv-semihosting	63	Bump docs-resources from `1d5bcd2` to `36dcc26`	closed	dependabot[bot]	2025-12-03T11:17:32Z	2025-12-04T11:19:03Z	dependencies;submodules	
riscv-semihosting	62	Bump docs-resources from `1d5bcd2` to `116d24e`	closed	dependabot[bot]	2025-12-02T11:13:00Z	2025-12-03T11:17:36Z	dependencies;submodules	
riscv-semihosting	61	Bump docs-resources from `1d5bcd2` to `22a17b0`	closed	dependabot[bot]	2025-11-28T11:15:26Z	2025-12-02T11:13:04Z	dependencies;submodules	
riscv-semihosting	60	Bump docs-resources from `1d5bcd2` to `824bd66`	closed	dependabot[bot]	2025-11-27T11:14:32Z	2025-11-28T11:15:30Z	dependencies;submodules	
riscv-semihosting	59	Bump docs-resources from `1d5bcd2` to `49eff17`	closed	dependabot[bot]	2025-11-24T11:49:07Z	2025-11-27T11:14:36Z	dependencies;submodules	
riscv-semihosting	58	Bump docs-resources from `1d5bcd2` to `1660fd9`	closed	dependabot[bot]	2025-11-18T11:16:10Z	2025-11-24T11:49:13Z	dependencies;submodules	
riscv-semihosting	57	Bump docs-resources from `1d5bcd2` to `8e51e9f`	closed	dependabot[bot]	2025-11-14T11:15:40Z	2025-11-18T11:16:15Z	dependencies;submodules	
riscv-semihosting	56	Bump docs-resources from `1d5bcd2` to `707d21c`	closed	dependabot[bot]	2025-11-13T11:16:14Z	2025-11-14T11:15:44Z	dependencies;submodules	
riscv-semihosting	55	Bump docs-resources from `1d5bcd2` to `098f02b`	closed	dependabot[bot]	2025-11-11T11:15:26Z	2025-11-13T11:16:18Z	dependencies;submodules	
riscv-semihosting	54	Bump docs-resources from `1d5bcd2` to `40844de`	closed	dependabot[bot]	2025-11-10T12:34:18Z	2025-11-11T11:15:30Z	dependencies;submodules	
riscv-semihosting	53	Bump docs-resources from `1d5bcd2` to `3e01674`	closed	dependabot[bot]	2025-11-07T11:14:41Z	2025-11-10T12:34:22Z	dependencies;submodules	
riscv-semihosting	52	Bump docs-resources from `1d5bcd2` to `75c71b5`	closed	dependabot[bot]	2025-11-03T11:19:07Z	2025-11-07T11:14:45Z	dependencies;submodules	
riscv-semihosting	51	Bump docs-resources from `1d5bcd2` to `8b88469`	closed	dependabot[bot]	2025-10-29T11:16:58Z	2025-11-03T11:19:11Z	dependencies;submodules	
riscv-semihosting	50	Bump docs-resources from `1d5bcd2` to `07ae7be`	closed	dependabot[bot]	2025-10-28T11:17:34Z	2025-10-29T11:17:02Z	dependencies;submodules	
riscv-semihosting	49	Bump docs-resources from `1d5bcd2` to `4b6af80`	closed	dependabot[bot]	2025-10-20T12:18:51Z	2025-10-28T11:17:37Z	dependencies;submodules	
riscv-semihosting	48	Bump docs-resources from `1d5bcd2` to `14a3283`	closed	dependabot[bot]	2025-10-17T11:29:42Z	2025-10-20T12:18:56Z	dependencies;submodules	
riscv-semihosting	47	Bump docs-resources from `1d5bcd2` to `2f436fa`	closed	dependabot[bot]	2025-10-16T11:14:52Z	2025-10-17T11:29:46Z	dependencies;submodules	
riscv-semihosting	46	Bump docs-resources from `1d5bcd2` to `d71e312`	closed	dependabot[bot]	2025-10-13T13:10:52Z	2025-10-16T11:14:57Z	dependencies;submodules	
riscv-semihosting	45	Bump docs-resources from `1d5bcd2` to `c90c0bf`	closed	dependabot[bot]	2025-10-02T11:15:30Z	2025-10-13T13:10:56Z	dependencies;submodules	
riscv-semihosting	44	Bump docs-resources from `1d5bcd2` to `ff1e5eb`	closed	dependabot[bot]	2025-09-30T11:19:15Z	2025-10-02T11:15:34Z	dependencies;submodules	
riscv-semihosting	43	Bump docs-resources from `1d5bcd2` to `6ef1a1f`	closed	dependabot[bot]	2025-09-18T11:14:40Z	2025-09-30T11:19:19Z	dependencies;submodules	
riscv-semihosting	42	Bump docs-resources from `1d5bcd2` to `a0a938e`	closed	dependabot[bot]	2025-09-17T11:17:57Z	2025-09-18T11:14:43Z	dependencies;submodules	
riscv-semihosting	41	Bump docs-resources from `1d5bcd2` to `6124035`	closed	dependabot[bot]	2025-09-12T11:12:40Z	2025-09-17T11:18:01Z	dependencies;submodules	
riscv-semihosting	39	Bump docs-resources from `1d5bcd2` to `c71d56b`	closed	dependabot[bot]	2025-09-11T11:13:38Z	2025-09-12T11:12:43Z	dependencies;submodules	
riscv-semihosting	40	Clarify some requirements for the instruction sequence	open	Timmmm	2025-09-12T08:34:33Z	2025-09-12T08:34:33Z		
riscv-semihosting	38	Bump docs-resources from `1d5bcd2` to `1fb9a74`	closed	dependabot[bot]	2025-09-09T11:14:29Z	2025-09-11T11:13:42Z	dependencies;submodules	
riscv-semihosting	37	Bump docs-resources from `1d5bcd2` to `d7974ea`	closed	dependabot[bot]	2025-09-04T13:48:58Z	2025-09-09T11:14:33Z	dependencies;submodules	
riscv-semihosting	36	Bump docs-resources from `1d5bcd2` to `48beddb`	closed	dependabot[bot]	2025-09-04T04:11:37Z	2025-09-04T13:49:02Z	dependencies;submodules	
riscv-semihosting	32	Bump docs-resources from `1d5bcd2` to `3a40e07`	closed	dependabot[bot]	2025-07-24T11:28:03Z	2025-09-04T04:11:40Z	dependencies;submodules	
riscv-semihosting	35	updated antora yml file to contain page attributes containing the url…	closed	2025-08-28T16:37:20Z	danielmrichter	2025-08-26T19:26:26Z	2025-08-28T16:37:20Z	
riscv-semihosting	31	Bump docs-resources from `1d5bcd2` to `45d29d9`	closed	dependabot[bot]	2025-07-18T11:41:40Z	2025-07-24T11:28:07Z	dependencies;submodules	
riscv-semihosting	30	Bump docs-resources from `1d5bcd2` to `ab24eec`	closed	dependabot[bot]	2025-07-09T11:16:37Z	2025-07-18T11:41:44Z	dependencies;submodules	
riscv-semihosting	29	Bump docs-resources from `1d5bcd2` to `f38f756`	closed	dependabot[bot]	2025-06-17T11:37:12Z	2025-07-09T11:16:41Z	dependencies;submodules	
riscv-semihosting	28	Bump docs-resources from `1d5bcd2` to `7558472`	closed	dependabot[bot]	2025-05-09T11:52:07Z	2025-06-17T11:37:15Z	dependencies;submodules	
riscv-semihosting	27	Bump docs-resources from `62576cd` to `1d5bcd2`	closed	2025-02-21T03:45:49Z	dependabot[bot]	2025-02-19T13:02:34Z	2025-02-21T03:45:56Z	dependencies
riscv-semihosting	26	Bump docs-resources from `d7a4606` to `62576cd`	closed	2025-01-21T04:28:27Z	dependabot[bot]	2025-01-21T03:46:41Z	2025-01-21T04:28:34Z	dependencies
riscv-semihosting	25	add dependabot to create PR to update the submodules to latest	closed	2025-01-21T03:46:05Z	ghost	2024-12-10T04:00:45Z	2025-01-21T03:46:05Z	
riscv-semihosting	19	Typo: it's -> its	closed	2024-07-08T11:02:53Z	rtwfroody	2024-06-19T16:36:12Z	2024-07-08T11:02:53Z	
riscv-semihosting	6	Relax an overly-strict requirement for systems with paging	closed	2022-12-16T14:02:39Z	jrtc27	2022-09-08T11:26:07Z	2022-12-16T14:02:39Z	
riscv-semihosting	5	Semihosting requires cooperation with the execution environment	closed	2022-12-16T14:02:28Z	palmer-dabbelt	2022-07-21T21:51:18Z	2022-12-16T14:02:28Z	
riscv-semihosting	7	Fix the broken URL of Arm semihosting spec	closed	2022-12-16T13:22:04Z	lbmeng	2022-12-16T03:30:06Z	2022-12-16T13:28:02Z	
riscv-semihosting	4	gitignore: Add Emacs backup file pattern	closed	yashi	2021-10-04T12:10:29Z	2022-01-09T22:46:58Z		
riscv-semihosting	3	adoc: Fix ARM Release Semihosting specification URL	closed	yashi	2021-10-04T12:09:52Z	2022-01-09T22:46:56Z		
riscv-rqsc	16	Move State to Frozen for Public Review	closed	2026-04-08T23:34:15Z	vasu-rivosinc	2026-04-08T23:29:59Z	2026-04-08T23:34:16Z	
riscv-rqsc	15	Stabilization changes	closed	2026-03-23T15:21:52Z	vasu-rivosinc	2026-03-23T15:21:34Z	2026-03-23T15:21:52Z	
riscv-rqsc	14	Update GitHub Actions to requested versions	open	rpsene	2026-03-06T22:08:15Z	2026-03-06T22:08:16Z		
riscv-rqsc	13	Use ghcr.io/riscv/riscv-docs-base-container-image:latest	closed	2026-03-06T18:34:22Z	rpsene	2026-03-06T16:58:36Z	2026-03-06T18:34:22Z	
riscv-rqsc	12	ARC Review Changes Round 3	closed	2026-02-19T21:28:02Z	vasu-rivosinc	2026-02-19T21:26:15Z	2026-02-19T21:28:02Z	
riscv-rqsc	11	Arc review changes	closed	2026-02-10T20:15:08Z	vasu-rivosinc	2026-02-10T19:59:51Z	2026-02-10T20:15:08Z	
riscv-rqsc	9	Revert to Draft State for rev 0.9 Prior to ARC Review	closed	2025-12-10T22:23:09Z	vasu-rivosinc	2025-12-10T22:22:52Z	2025-12-10T22:24:15Z	
riscv-rqsc	2	Fixed example to show correct resource type for memory bandwidth QoS …	closed	2024-11-18T18:04:58Z	vasu-rivosinc	2024-11-15T19:59:12Z	2025-12-10T22:12:29Z	
riscv-rqsc	1	2024-06-06 Review Feedback	closed	2024-06-19T17:36:09Z	vasu-rivosinc	2024-06-10T21:16:05Z	2025-12-10T22:12:19Z	
riscv-rqsc	5	Set version to v0.5.0	closed	2025-07-01T00:52:08Z	vasu-rivosinc	2025-07-01T00:51:54Z	2025-12-10T22:11:58Z	
riscv-rqsc	4	Internal and Peer Review version	closed	2025-06-30T20:55:49Z	vasu-rivosinc	2025-06-30T20:53:11Z	2025-12-10T22:10:40Z	
riscv-rqsc	8	Updated Document State to Frozen	closed	2025-12-10T20:41:36Z	vasu-rivosinc	2025-12-10T20:32:06Z	2025-12-10T20:52:36Z	
riscv-rqsc	7	Rev 0.9 for Freeze and ARC review	closed	2025-12-10T20:18:41Z	vasu-rivosinc	2025-12-10T20:13:40Z	2025-12-10T20:18:54Z	
riscv-rqsc	6	Rev 0.6.0 for Internal Review	closed	2025-10-03T23:18:46Z	vasu-rivosinc	2025-10-03T23:16:17Z	2025-10-03T23:20:21Z	
riscv-rqsc	3	add dependabot to create PR to update the submodules to latest	open	ghost	2024-12-10T04:01:00Z	2024-12-10T04:01:00Z		
ft-trigger-delegation	3	Update GitHub Actions to requested versions	closed	2026-03-07T15:33:03Z	rpsene	2026-03-06T21:37:24Z	2026-03-07T15:33:03Z	
ft-trigger-delegation	2	Use ghcr.io/riscv/riscv-docs-base-container-image:latest	closed	2026-03-06T14:22:45Z	rpsene	2026-03-06T14:21:49Z	2026-03-06T14:22:45Z	
ft-trigger-delegation	1	first version of Smtdeleg/Sstcfg additions	open	bcstrongx	2024-09-26T17:27:35Z	2024-09-26T17:27:35Z		
self-hosted-trace	15	Update GitHub Actions to requested versions	closed	2026-03-09T16:46:30Z	rpsene	2026-03-06T21:47:35Z	2026-03-09T16:46:44Z	
self-hosted-trace	13	Priv integration	closed	2026-03-09T16:45:23Z	bcstrongx	2026-03-03T18:37:19Z	2026-03-09T16:45:35Z	
self-hosted-trace	14	Use ghcr.io/riscv/riscv-docs-base-container-image:latest	closed	2026-03-06T14:38:05Z	rpsene	2026-03-06T14:31:15Z	2026-03-06T14:38:06Z	
self-hosted-trace	12	smstrc: add recommendation that full trace timestamp width is enough …	closed	2026-03-02T22:34:19Z	bcstrongx	2026-02-23T19:33:18Z	2026-03-02T22:34:25Z	
self-hosted-trace	8	smstrc: fix implicit return parameter requirements, per issue #3	closed	2026-02-11T15:47:30Z	bcstrongx	2026-02-09T18:27:06Z	2026-02-11T15:47:53Z	
self-hosted-trace	10	smstrc: minor updates to parameter and TCI requirements	closed	2026-02-10T19:44:09Z	bcstrongx	2026-02-09T23:28:08Z	2026-02-10T19:44:14Z	
self-hosted-trace	4	Ian feedback issue3	closed	bcstrongx	2025-11-05T01:48:10Z	2026-02-09T17:50:57Z		
self-hosted-trace	7	Internal feedback	closed	2026-02-09T17:46:41Z	bcstrongx	2025-12-19T22:48:24Z	2026-02-09T17:46:48Z	
self-hosted-trace	1	Initial revisions for asynchronous memory buffer (AMB) portion of spec	closed	2025-07-24T20:57:00Z	bcstrongx	2025-06-10T20:48:19Z	2025-07-24T20:57:07Z	
sdtrigepm	2	Update GitHub Actions to requested versions	open	rpsene	2026-03-06T21:46:58Z	2026-03-06T21:46:59Z		
sdtrigepm	1	Use ghcr.io/riscv/riscv-docs-base-container-image:latest	closed	2026-03-06T17:02:51Z	rpsene	2026-03-06T14:30:42Z	2026-03-06T17:02:51Z	
sdtrigpend	2	Update GitHub Actions to requested versions	open	rpsene	2026-03-06T21:47:14Z	2026-03-06T21:47:15Z		
sdtrigpend	1	Use ghcr.io/riscv/riscv-docs-base-container-image:latest	closed	2026-03-06T14:38:45Z	rpsene	2026-03-06T14:30:58Z	2026-03-06T14:38:45Z	
riscv-hart-trace-interface	116	Bump docs-resources from `0904c8a` to `47257de`	closed	2026-04-28T17:37:38Z	dependabot[bot]	2026-04-27T19:25:27Z	2026-04-28T17:37:42Z	dependencies;submodules
riscv-hart-trace-interface	118	Update to Frozen	open	IainCRobertson	2026-04-28T17:35:21Z	2026-04-28T17:37:10Z		
riscv-hart-trace-interface	117	Update to Frozen 	closed	IainCRobertson	2026-04-28T17:33:40Z	2026-04-28T17:34:00Z		
riscv-hart-trace-interface	115	Bump docs-resources from `286c2a7` to `0904c8a`	closed	2026-04-10T15:47:23Z	dependabot[bot]	2026-04-01T19:54:14Z	2026-04-10T15:47:26Z	dependencies;submodules
riscv-hart-trace-interface	114	Bump docs-resources from `286c2a7` to `a88e6af`	closed	dependabot[bot]	2026-03-31T15:34:29Z	2026-04-01T19:54:18Z	dependencies;submodules	
riscv-hart-trace-interface	113	Bump docs-resources from `286c2a7` to `ed7a9df`	closed	dependabot[bot]	2026-03-30T17:07:40Z	2026-03-31T15:34:34Z	dependencies;submodules	
riscv-hart-trace-interface	112	Bump docs-resources from `286c2a7` to `78567fd`	closed	dependabot[bot]	2026-03-27T15:34:51Z	2026-03-30T17:07:44Z	dependencies;submodules	
riscv-hart-trace-interface	111	Bump docs-resources from `286c2a7` to `29879cc`	closed	dependabot[bot]	2026-03-26T15:35:42Z	2026-03-27T15:34:56Z	dependencies;submodules	
riscv-hart-trace-interface	110	Bump docs-resources from `286c2a7` to `a9baab8`	closed	dependabot[bot]	2026-03-25T15:38:06Z	2026-03-26T15:35:47Z	dependencies;submodules	
riscv-hart-trace-interface	109	Bump docs-resources from `286c2a7` to `7d8a94b`	closed	dependabot[bot]	2026-03-24T15:35:00Z	2026-03-25T15:38:12Z	dependencies;submodules	
riscv-hart-trace-interface	108	Bump docs-resources from `286c2a7` to `b387152`	closed	dependabot[bot]	2026-03-20T15:34:01Z	2026-03-24T15:35:05Z	dependencies;submodules	
riscv-hart-trace-interface	107	Final updates before freeze	closed	2026-03-20T09:38:33Z	IainCRobertson	2026-03-20T09:35:53Z	2026-03-20T09:56:52Z	
riscv-hart-trace-interface	106	Bump docs-resources from `f0caa68` to `286c2a7`	closed	2026-03-20T09:34:37Z	dependabot[bot]	2026-03-19T15:34:51Z	2026-03-20T09:34:46Z	dependencies;submodules
riscv-hart-trace-interface	105	Bump docs-resources from `a73e1bd` to `f0caa68`	closed	2026-03-19T09:34:54Z	dependabot[bot]	2026-03-18T15:37:38Z	2026-03-19T09:34:57Z	dependencies;submodules
riscv-hart-trace-interface	104	Bump docs-resources from `a73e1bd` to `cd4446b`	closed	dependabot[bot]	2026-03-17T15:35:26Z	2026-03-18T15:37:44Z	dependencies;submodules	
riscv-hart-trace-interface	103	Final updates before freeze	closed	2026-03-17T14:41:53Z	IainCRobertson	2026-03-16T18:01:29Z	2026-03-17T14:41:53Z	
riscv-hart-trace-interface	102	Bump docs-resources from `40aed03` to `a73e1bd`	closed	2026-03-17T14:36:11Z	dependabot[bot]	2026-03-16T16:08:22Z	2026-03-17T14:36:17Z	dependencies;submodules
riscv-hart-trace-interface	101	Bump docs-resources from `40aed03` to `1108f25`	closed	dependabot[bot]	2026-03-12T15:35:07Z	2026-03-16T16:08:26Z	dependencies;submodules	
riscv-hart-trace-interface	100	Bump docs-resources from `40aed03` to `394d032`	closed	dependabot[bot]	2026-03-10T15:35:03Z	2026-03-12T15:35:13Z	dependencies;submodules	
riscv-hart-trace-interface	99	Bump docs-resources from `40aed03` to `f756855`	closed	dependabot[bot]	2026-03-09T17:17:48Z	2026-03-10T15:35:08Z	dependencies;submodules	
riscv-hart-trace-interface	98	Update GitHub Actions to requested versions	closed	2026-03-10T14:27:13Z	rpsene	2026-03-06T22:07:31Z	2026-03-10T14:27:13Z	
riscv-hart-trace-interface	95	Bump docs-resources from `40aed03` to `b024d67`	closed	dependabot[bot]	2026-02-27T15:34:13Z	2026-03-09T17:17:53Z	dependencies;submodules	
riscv-hart-trace-interface	97	Use ghcr.io/riscv/riscv-docs-base-container-image:latest	closed	2026-03-06T18:33:45Z	rpsene	2026-03-06T16:57:57Z	2026-03-06T18:33:45Z	
riscv-hart-trace-interface	94	Bump docs-resources from `40aed03` to `9069637`	closed	dependabot[bot]	2026-02-20T15:37:51Z	2026-02-27T15:34:18Z	dependencies;submodules	
riscv-hart-trace-interface	93	Bump docs-resources from `40aed03` to `1666258`	closed	dependabot[bot]	2026-02-18T15:43:08Z	2026-02-20T15:37:56Z	dependencies;submodules	
riscv-hart-trace-interface	92	Bump docs-resources from `40aed03` to `c066d8f`	closed	dependabot[bot]	2026-02-17T15:37:19Z	2026-02-18T15:43:13Z	dependencies;submodules	
riscv-hart-trace-interface	91	Bump docs-resources from `40aed03` to `a41c354`	closed	dependabot[bot]	2026-02-16T16:46:27Z	2026-02-17T15:37:26Z	dependencies;submodules	
riscv-hart-trace-interface	90	Update revmark	closed	2026-02-13T16:30:54Z	IainCRobertson	2026-02-13T15:37:55Z	2026-02-13T16:30:54Z	
riscv-hart-trace-interface	89	Bump docs-resources from `b5eaf50` to `40aed03`	closed	2026-02-12T14:11:01Z	dependabot[bot]	2026-02-09T17:52:24Z	2026-02-12T14:11:09Z	dependencies;submodules
riscv-hart-trace-interface	86	Update administrative files	closed	2026-02-12T14:10:01Z	IainCRobertson	2026-01-28T11:08:48Z	2026-02-12T14:10:01Z	
riscv-hart-trace-interface	88	Bump docs-resources from `b5eaf50` to `7a9931f`	closed	dependabot[bot]	2026-02-05T15:35:05Z	2026-02-09T17:52:28Z	dependencies;submodules	
riscv-hart-trace-interface	87	Bump docs-resources from `b5eaf50` to `be002f1`	closed	dependabot[bot]	2026-01-30T15:34:35Z	2026-02-05T15:35:10Z	dependencies;submodules	
riscv-hart-trace-interface	84	Issue 73	closed	2026-01-21T11:44:42Z	IainCRobertson	2026-01-21T11:07:42Z	2026-01-21T11:44:42Z	
riscv-hart-trace-interface	85	Corrected sdata definition - Issue 76	closed	2026-01-21T11:39:37Z	IainCRobertson	2026-01-21T11:17:41Z	2026-01-21T11:39:37Z	
riscv-hart-trace-interface	79	Improved wording for MMA instructions - Issue 73	closed	2026-01-06T14:42:31Z	IainCRobertson	2026-01-05T14:56:19Z	2026-01-14T10:16:06Z	
riscv-hart-trace-interface	80	Bump docs-resources from `75c71b5` to `b5eaf50`	closed	2026-01-06T14:55:34Z	dependabot[bot]	2026-01-05T15:16:37Z	2026-01-06T14:55:43Z	dependencies;submodules
riscv-hart-trace-interface	81	ARC feedback - Issue 76	closed	2026-01-06T14:54:43Z	IainCRobertson	2026-01-06T14:29:27Z	2026-01-06T14:54:43Z	
riscv-hart-trace-interface	78	Improved table 5 and 6 alignment - Issue-70	closed	2026-01-06T14:40:23Z	IainCRobertson	2026-01-05T14:42:39Z	2026-01-06T14:40:24Z	
riscv-hart-trace-interface	77	Clarified ilastsize - Issue-69	closed	2026-01-06T14:36:00Z	IainCRobertson	2026-01-05T14:34:28Z	2026-01-06T14:36:00Z	
riscv-hart-trace-interface	75	Bump docs-resources from `d644eb9` to `b5eaf50`	closed	2026-01-05T13:56:31Z	dependabot[bot]	2025-12-29T15:14:28Z	2026-01-05T13:56:39Z	dependencies;submodules
riscv-hart-trace-interface	74	Bump docs-resources from `d644eb9` to `edf32fb`	closed	dependabot[bot]	2025-12-18T15:16:23Z	2025-12-29T15:14:31Z	dependencies;submodules	
riscv-hart-trace-interface	72	Bump docs-resources from `75d6a61` to `d644eb9`	closed	2025-12-12T11:43:48Z	dependabot[bot]	2025-12-11T15:19:51Z	2025-12-12T11:43:55Z	dependencies;submodules
riscv-hart-trace-interface	71	Bump docs-resources from `08bdece` to `75d6a61`	closed	2025-12-11T10:30:08Z	dependabot[bot]	2025-12-10T15:16:36Z	2025-12-11T10:30:16Z	dependencies;submodules
riscv-hart-trace-interface	68	Bump docs-resources from `08bdece` to `cdc5c1c`	closed	dependabot[bot]	2025-12-09T15:17:09Z	2025-12-10T15:16:40Z	dependencies;submodules	
riscv-hart-trace-interface	29	Addressed feedback for Issue 18	closed	2025-11-06T09:32:12Z	IainCRobertson	2025-09-22T19:42:48Z	2025-12-09T10:16:32Z	
riscv-hart-trace-interface	36	clarified lrid definition - Issue-35	closed	2025-11-06T10:35:54Z	IainCRobertson	2025-10-01T09:59:18Z	2025-12-09T10:16:21Z	
riscv-hart-trace-interface	45	Add context clarification - Issue 44	closed	2025-11-06T10:40:38Z	IainCRobertson	2025-10-31T18:02:21Z	2025-12-09T10:15:51Z	
riscv-hart-trace-interface	15	Sdsec	closed	2025-12-08T12:31:08Z	IainCRobertson	2025-08-05T15:08:26Z	2025-12-09T10:15:15Z	
riscv-hart-trace-interface	67	Added missing CM.POPRETZ	closed	2025-12-09T10:14:35Z	IainCRobertson	2025-12-09T10:12:51Z	2025-12-09T10:14:39Z	
riscv-hart-trace-interface	65	Bump docs-resources from `75c71b5` to `08bdece`	closed	2025-12-09T10:00:30Z	dependabot[bot]	2025-12-08T15:15:23Z	2025-12-09T10:00:37Z	dependencies;submodules
riscv-hart-trace-interface	64	Bump docs-resources from `75c71b5` to `8bd1a63`	closed	dependabot[bot]	2025-12-04T15:23:18Z	2025-12-08T15:15:27Z	dependencies;submodules	
riscv-hart-trace-interface	14	Notrace	closed	2025-12-08T12:31:07Z	IainCRobertson	2025-08-05T15:05:40Z	2025-12-08T13:36:35Z	
riscv-hart-trace-interface	59	Corrected tval validity - Issue-58	closed	2025-12-08T12:07:43Z	IainCRobertson	2025-11-27T12:10:32Z	2025-12-08T12:13:55Z	
riscv-hart-trace-interface	57	Clarifications for multi load/store timing - Issue-54	closed	2025-12-08T12:13:33Z	IainCRobertson	2025-11-27T11:36:53Z	2025-12-08T12:13:41Z	
riscv-hart-trace-interface	63	Bump docs-resources from `75c71b5` to `36dcc26`	closed	dependabot[bot]	2025-12-03T15:18:16Z	2025-12-04T15:23:22Z	dependencies;submodules	
riscv-hart-trace-interface	62	Bump docs-resources from `75c71b5` to `116d24e`	closed	dependabot[bot]	2025-12-01T16:37:41Z	2025-12-03T15:18:21Z	dependencies;submodules	
riscv-hart-trace-interface	61	Bump docs-resources from `75c71b5` to `22a17b0`	closed	dependabot[bot]	2025-11-28T15:12:49Z	2025-12-01T16:37:46Z	dependencies;submodules	
riscv-hart-trace-interface	60	Bump docs-resources from `75c71b5` to `7a01efe`	closed	dependabot[bot]	2025-11-27T15:13:30Z	2025-11-28T15:12:53Z	dependencies;submodules	
riscv-hart-trace-interface	56	Bump docs-resources from `75c71b5` to `49eff17`	closed	dependabot[bot]	2025-11-24T15:36:17Z	2025-11-27T15:13:34Z	dependencies;submodules	
riscv-hart-trace-interface	55	Bump docs-resources from `75c71b5` to `1660fd9`	closed	dependabot[bot]	2025-11-18T15:18:59Z	2025-11-24T15:36:22Z	dependencies;submodules	
riscv-hart-trace-interface	53	Bump docs-resources from `75c71b5` to `8e51e9f`	closed	dependabot[bot]	2025-11-14T15:16:56Z	2025-11-18T15:19:03Z	dependencies;submodules	
riscv-hart-trace-interface	52	Bump docs-resources from `75c71b5` to `707d21c`	closed	dependabot[bot]	2025-11-13T15:14:52Z	2025-11-14T15:17:00Z	dependencies;submodules	
riscv-hart-trace-interface	51	Bump docs-resources from `75c71b5` to `098f02b`	closed	dependabot[bot]	2025-11-11T15:15:15Z	2025-11-13T15:14:57Z	dependencies;submodules	
riscv-hart-trace-interface	50	Bump docs-resources from `75c71b5` to `40844de`	closed	dependabot[bot]	2025-11-10T15:51:29Z	2025-11-11T15:15:20Z	dependencies;submodules	
riscv-hart-trace-interface	49	Bump docs-resources from `75c71b5` to `3e01674`	closed	dependabot[bot]	2025-11-07T15:16:10Z	2025-11-10T15:51:33Z	dependencies;submodules	
riscv-hart-trace-interface	48	Final updates for version 0.8	closed	2025-11-06T11:22:59Z	IainCRobertson	2025-11-06T11:20:57Z	2025-11-06T11:23:03Z	
riscv-hart-trace-interface	46	Bump docs-resources from `7558472` to `75c71b5`	closed	2025-11-06T10:51:52Z	dependabot[bot]	2025-11-03T15:30:39Z	2025-11-06T10:51:59Z	dependencies;submodules
riscv-hart-trace-interface	19	remove less common extra r from inferable	closed	2025-11-06T10:51:12Z	ghost	2025-08-19T00:35:04Z	2025-11-06T10:51:12Z	
riscv-hart-trace-interface	47	Merge main to branch	closed	IainCRobertson	2025-11-06T10:43:56Z	2025-11-06T10:44:26Z		
riscv-hart-trace-interface	33	Clarified atomic and CSR access descriptions - Issue-31	closed	2025-11-06T10:31:55Z	IainCRobertson	2025-09-29T09:26:46Z	2025-11-06T10:31:58Z	
riscv-hart-trace-interface	32	Reworked multi-memory-access data trace requriements - Issue-23	closed	2025-11-06T09:55:40Z	IainCRobertson	2025-09-26T14:28:17Z	2025-11-06T09:55:44Z	
riscv-hart-trace-interface	30	Addressed feedback from Issue 20	closed	2025-11-06T09:37:44Z	IainCRobertson	2025-09-22T19:54:29Z	2025-11-06T09:37:49Z	
riscv-hart-trace-interface	27	Updates for Issue 11	closed	2025-11-06T09:26:35Z	IainCRobertson	2025-09-22T19:01:26Z	2025-11-06T09:26:40Z	
riscv-hart-trace-interface	43	Bump docs-resources from `7558472` to `8b88469`	closed	dependabot[bot]	2025-10-29T15:23:07Z	2025-11-03T15:30:44Z	dependencies;submodules	
riscv-hart-trace-interface	42	Bump docs-resources from `7558472` to `07ae7be`	closed	dependabot[bot]	2025-10-28T15:17:47Z	2025-10-29T15:23:12Z	dependencies;submodules	
riscv-hart-trace-interface	41	Bump docs-resources from `7558472` to `4b6af80`	closed	dependabot[bot]	2025-10-20T15:44:55Z	2025-10-28T15:17:51Z	dependencies;submodules	
riscv-hart-trace-interface	40	Bump docs-resources from `7558472` to `14a3283`	closed	dependabot[bot]	2025-10-17T15:15:58Z	2025-10-20T15:45:00Z	dependencies;submodules	
riscv-hart-trace-interface	39	Bump docs-resources from `7558472` to `2f436fa`	closed	dependabot[bot]	2025-10-16T15:17:38Z	2025-10-17T15:16:02Z	dependencies;submodules	
riscv-hart-trace-interface	38	Bump docs-resources from `7558472` to `d71e312`	closed	dependabot[bot]	2025-10-13T15:29:21Z	2025-10-16T15:17:42Z	dependencies;submodules	
riscv-hart-trace-interface	37	Bump docs-resources from `7558472` to `c90c0bf`	closed	dependabot[bot]	2025-10-02T15:18:28Z	2025-10-13T15:29:25Z	dependencies;submodules	
riscv-hart-trace-interface	34	Bump docs-resources from `7558472` to `ff1e5eb`	closed	dependabot[bot]	2025-09-30T15:14:42Z	2025-10-02T15:18:33Z	dependencies;submodules	
riscv-hart-trace-interface	26	Bump docs-resources from `7558472` to `6ef1a1f`	closed	dependabot[bot]	2025-09-18T15:15:47Z	2025-09-30T15:14:46Z	dependencies;submodules	
riscv-hart-trace-interface	28	Fixed spelling - Issue 17	closed	2025-09-22T19:13:47Z	IainCRobertson	2025-09-22T19:13:08Z	2025-09-22T19:13:52Z	
riscv-hart-trace-interface	16	Formatting	closed	2025-08-18T17:26:28Z	IainCRobertson	2025-08-18T17:25:34Z	2025-09-22T18:51:05Z	
riscv-hart-trace-interface	25	Bump docs-resources from `7558472` to `a0a938e`	closed	dependabot[bot]	2025-09-17T15:16:00Z	2025-09-18T15:15:52Z	dependencies;submodules	
riscv-hart-trace-interface	24	Bump docs-resources from `7558472` to `6124035`	closed	dependabot[bot]	2025-09-11T15:17:41Z	2025-09-17T15:16:05Z	dependencies;submodules	
riscv-hart-trace-interface	22	Bump docs-resources from `7558472` to `1fb9a74`	closed	dependabot[bot]	2025-09-09T15:15:33Z	2025-09-11T15:17:46Z	dependencies;submodules	
riscv-hart-trace-interface	21	Bump docs-resources from `7558472` to `d7974ea`	closed	dependabot[bot]	2025-09-04T03:49:40Z	2025-09-09T15:15:37Z	dependencies;submodules	
riscv-hart-trace-interface	12	Bump docs-resources from `7558472` to `3a40e07`	closed	dependabot[bot]	2025-07-24T15:51:55Z	2025-09-04T03:49:43Z	dependencies;submodules	
riscv-hart-trace-interface	13	Formatting	closed	2025-07-29T17:03:04Z	IainCRobertson	2025-07-29T16:55:58Z	2025-07-29T17:03:14Z	
riscv-hart-trace-interface	10	Bump docs-resources from `7558472` to `36f09ee`	closed	dependabot[bot]	2025-07-23T15:14:47Z	2025-07-24T15:51:59Z	dependencies;submodules	
riscv-hart-trace-interface	9	Bump docs-resources from `7558472` to `45d29d9`	closed	dependabot[bot]	2025-07-17T16:11:35Z	2025-07-23T15:14:51Z	dependencies;submodules	
riscv-hart-trace-interface	6	Bump docs-resources from `7558472` to `ab24eec`	closed	dependabot[bot]	2025-07-10T16:09:54Z	2025-07-17T16:11:38Z	dependencies;submodules	
riscv-hart-trace-interface	4	Remove trailing whitespace.	closed	2025-07-10T11:16:28Z	wmat	2025-07-09T13:19:45Z	2025-07-14T09:48:23Z	
riscv-hart-trace-interface	8	7 one of the tables is breaking the gh action create specification document	closed	2025-07-14T09:47:50Z	wmat	2025-07-11T18:25:51Z	2025-07-14T09:48:16Z	
riscv-hart-trace-interface	2	Bump docs-resources from `62576cd` to `7558472`	closed	2025-07-10T11:16:09Z	dependabot[bot]	2025-05-08T15:17:40Z	2025-07-10T11:16:17Z	dependencies;submodules
riscv-hart-trace-interface	1	Bump docs-resources from `62576cd` to `1d5bcd2`	closed	dependabot[bot]	2025-02-24T21:43:23Z	2025-05-08T15:17:43Z	dependencies	
riscv-bitmanip	172	Fix desc for signextend	closed	2024-03-20T14:09:11Z	ZenithalHourlyRate	2022-04-02T13:22:30Z	2024-03-20T14:09:11Z	
riscv-bitmanip	181	show opcode as 7-bits like all other insn for unzip and zip	closed	2024-03-20T14:05:58Z	psherman42	2022-11-13T09:07:09Z	2024-03-20T14:05:58Z	
riscv-bitmanip	182	strlen: Replace PTRLOG with explicit 3	closed	2024-03-20T13:59:04Z	jones-drew	2023-01-11T15:15:10Z	2024-03-20T13:59:04Z	
riscv-bitmanip	123	Fix test for recent 0.93 changes	closed	eroom1966	2021-03-05T14:21:15Z	2024-03-20T13:51:02Z		
riscv-bitmanip	126	Update BCOMPRESS / BDECOMPRESS -> BMEXT / BMDEP in opcode tables	closed	rbohn	2021-04-23T04:35:16Z	2024-03-20T13:50:16Z		
riscv-bitmanip	130	Remove 16-bit encodings	closed	tariqkurd-repo	2021-05-26T16:42:22Z	2024-03-20T13:49:36Z		
riscv-bitmanip	180	insn is I-type, opcode should be OP-IMM[-32] for zext.h	closed	psherman42	2022-11-13T08:48:05Z	2024-03-20T13:48:13Z		
riscv-bitmanip	134	scalar-crypto: Add zbkb, zbkc, zbkx extension listings.	closed	2021-07-30T21:47:57Z	ben-marshall	2021-06-09T14:45:06Z	2023-10-25T04:54:10Z	
riscv-bitmanip	158	clmul: fix loop-end condition in the sail code	closed	2022-11-13T15:22:15Z	hirooih	2021-08-28T02:58:27Z	2022-11-13T15:22:15Z	
riscv-bitmanip	162	zext.w: Add pseudoinstruction to instruction tables	closed	2022-11-13T15:21:11Z	cmuellner	2021-09-27T11:07:54Z	2022-11-13T15:21:11Z	
riscv-bitmanip	159	roriw: remove redundant bit range	closed	2022-11-13T15:19:33Z	hirooih	2021-08-28T03:30:17Z	2022-11-13T15:19:33Z	
riscv-bitmanip	157	rolw: fix signextension in sail code	closed	2022-11-13T15:18:13Z	hirooih	2021-08-28T02:42:31Z	2022-11-13T15:18:13Z	
riscv-bitmanip	168	sh3add _rd_, _rs2_, _rs2_ -> sh3add _rd_, _rs1_, _rs2_	closed	2022-11-13T15:16:49Z	tomverbeure	2021-12-13T23:03:52Z	2022-11-13T15:16:49Z	
riscv-bitmanip	171	Typo fix "indic[i]es" -> "indices"	closed	2022-11-13T15:16:12Z	egouriou-rivos	2022-01-20T20:20:23Z	2022-11-13T15:16:12Z	
riscv-bitmanip	163	Typo fix for sh3add	closed	2021-11-17T10:35:47Z	sequencer	2021-10-13T13:28:43Z	2021-11-17T10:35:47Z	
riscv-bitmanip	165	Tabs in source caused misalignment in output	closed	2021-11-17T10:34:53Z	tommythorn	2021-11-17T06:04:07Z	2021-11-17T10:34:53Z	
riscv-bitmanip	164	Fix the code for word- and halfword-reverse	closed	2021-11-17T10:34:19Z	tommythorn	2021-11-17T05:51:31Z	2021-11-17T10:34:19Z	
riscv-bitmanip	119	Correct riscv ovpsim info	closed	duncangraham-Imperas	2021-02-25T07:45:34Z	2021-11-08T16:30:01Z		
riscv-bitmanip	155	Correct description for orn instruction	closed	2021-07-16T10:36:39Z	kdltr	2021-07-16T09:51:25Z	2021-07-16T10:36:40Z	
riscv-bitmanip	150	overview & zbs: change 'checkmark' character for consistency	closed	2021-06-25T16:53:25Z	ptomsich	2021-06-25T16:53:12Z	2021-06-25T16:53:25Z	
riscv-bitmanip	149	changing reference to sub-extension to extension	closed	2021-06-24T10:54:05Z	dansmathers	2021-06-23T23:35:16Z	2021-06-24T10:54:05Z	
riscv-bitmanip	131	Update strlen.adoc	closed	topperc	2021-06-07T19:33:07Z	2021-06-18T21:53:35Z		
riscv-bitmanip	145	Fixing issues #141-#144 - Sail code for some Zbb instructions	closed	2021-06-18T17:26:35Z	slobodova	2021-06-14T20:14:39Z	2021-06-18T17:26:35Z	
riscv-bitmanip	140	Typos	closed	2021-06-18T17:23:39Z	brucehoult	2021-06-12T10:52:31Z	2021-06-18T17:23:39Z	
riscv-bitmanip	133	Put Bitwise rotate section back under Zbb section	closed	2021-06-18T17:19:28Z	topperc	2021-06-07T19:39:30Z	2021-06-18T17:19:28Z	
riscv-bitmanip	132	Fix link to insns-bext from Zbs table	closed	2021-06-11T20:53:50Z	topperc	2021-06-07T19:35:35Z	2021-06-11T20:53:50Z	
riscv-bitmanip	100	Minor fixes for rvintrin.h.	closed	markus-oberhumer	2020-12-18T13:01:15Z	2021-06-05T20:43:57Z		
riscv-bitmanip	114	32-bit shfl and unshfl pseudo-ops backwards in intrisics emulation	closed	mjosaarinen	2021-02-16T00:51:54Z	2021-05-27T23:18:18Z		
riscv-bitmanip	96	corrections to support test infrastructure changes	closed	duncangraham-Imperas	2020-11-18T15:53:56Z	2021-05-27T23:18:18Z		
riscv-bitmanip	103	Explicitly declare zba, zbb and zbc are frozen	closed	kito-cheng	2021-01-12T01:24:32Z	2021-01-28T23:39:00Z		
riscv-bitmanip	104	Update README.md to point to 0.93 pdf	closed	2021-01-28T22:45:22Z	topperc	2021-01-13T00:14:39Z	2021-01-28T22:45:22Z	
riscv-bitmanip	106	Fix typo then->when in xperm description	closed	2021-01-28T22:41:46Z	topperc	2021-01-19T21:21:59Z	2021-01-28T22:41:47Z	
riscv-bitmanip	101	Spec updates from Opcode and Consistency Review	closed	2021-01-11T00:19:03Z	aswaterman	2021-01-05T00:54:56Z	2021-01-11T22:45:04Z	
riscv-bitmanip	102	v0.94-draft	closed	2021-01-11T00:19:27Z	aswaterman	2021-01-09T01:24:32Z	2021-01-11T00:19:30Z	
riscv-bitmanip	99	Update the summary table according to the latest tech-bitmanip mail.	closed	2021-01-11T00:19:05Z	Nelson1225	2020-12-16T08:21:25Z	2021-01-11T00:19:05Z	
riscv-bitmanip	94	Fix typos in gorc justification	closed	2020-11-17T07:31:40Z	frasercrmck	2020-11-13T12:13:26Z	2020-11-17T07:31:41Z	
riscv-bitmanip	88	Regularize MIN vs. MINU encoding to match SLT vs. SLTU	closed	2020-10-24T13:53:08Z	aswaterman	2020-10-18T23:14:41Z	2020-10-24T13:53:13Z	
riscv-bitmanip	89	Remove subu.w and regularize addu.w	closed	2020-10-24T13:52:53Z	aswaterman	2020-10-18T23:47:50Z	2020-10-24T13:52:58Z	
riscv-bitmanip	87	riscvOVPsim is moving to its own GitHub repo. These changes remove it…	closed	2020-10-24T13:30:02Z	Imperas	2020-10-15T13:18:04Z	2020-10-24T13:30:02Z	
riscv-bitmanip	75	updated to riscv-ovpsim v20200619.0	closed	2020-08-26T13:24:44Z	duncangraham-Imperas	2020-06-26T13:36:06Z	2020-08-26T13:24:44Z	
riscv-bitmanip	71	Fix out of range immediate values	closed	2020-08-26T13:24:12Z	eroom1966	2020-06-10T10:57:58Z	2020-08-26T13:24:12Z	
riscv-bitmanip	64	Clarify immediate widths for sbseti/sbclri/sbinvi/sbexti.	closed	2020-08-26T13:23:20Z	pdonahue-ventana	2020-05-30T00:21:28Z	2020-08-26T13:23:20Z	
riscv-bitmanip	58	Fixes to riscvOVPsim instructions	closed	2020-02-14T12:25:31Z	eroom1966	2020-02-05T14:45:48Z	2020-02-14T12:25:32Z	
riscv-bitmanip	52	Update to support Extension B version 0.92	closed	2019-12-05T23:57:57Z	eroom1966	2019-11-26T17:56:08Z	2019-12-05T23:57:57Z	
riscv-bitmanip	50	Changes to BFP[W]	closed	2019-10-29T09:56:51Z	cliffordwolf	2019-10-29T09:56:43Z	2019-10-29T09:56:55Z	
riscv-bitmanip	49	Grammar mistakes corrected	closed	2019-10-22T08:31:29Z	ADShenoi	2019-10-20T16:32:32Z	2019-10-22T08:31:29Z	
riscv-bitmanip	47	Update of riscvOVPsim, including B Extension v0.91	closed	2019-09-23T12:22:40Z	eroom1966	2019-09-23T10:08:52Z	2019-09-23T12:22:40Z	
riscv-bitmanip	44	Correct a typo in rvb_simple/README.md	closed	2019-08-22T16:48:47Z	felixonmars	2019-08-22T16:29:41Z	2019-08-22T16:58:01Z	
riscv-bitmanip	35	support for 0.90	closed	2019-07-05T08:20:40Z	eroom1966	2019-07-04T12:21:40Z	2019-07-05T08:20:40Z	
riscv-bitmanip	27	alter ANDC -> ANDN	closed	2019-06-10T15:34:23Z	eroom1966	2019-06-10T15:10:56Z	2019-06-10T15:34:23Z	
riscv-bitmanip	26	Fix typos	closed	2019-05-31T07:06:13Z	pdonahue-ventana	2019-05-30T21:54:13Z	2019-05-31T07:06:13Z	
riscv-bitmanip	25	Use new CRC instruction names.	closed	2019-05-30T07:34:49Z	pdonahue-ventana	2019-05-30T00:34:11Z	2019-05-30T07:34:49Z	
riscv-bitmanip	16	remove "a" to fix grammar in intro	closed	2019-05-15T09:10:38Z	harrysarson	2019-05-14T11:01:36Z	2019-05-21T15:34:14Z	
riscv-bitmanip	20	removed compressed instructions	closed	2019-05-21T15:32:56Z	eroom1966	2019-05-21T13:32:19Z	2019-05-21T15:32:56Z	
riscv-bitmanip	15	Added more tests and also 64 bit testing	closed	2019-05-15T09:12:26Z	eroom1966	2019-05-13T12:42:06Z	2019-05-15T09:12:26Z	
riscv-bitmanip	13	Finesse ligatures to work with Adobe Acrobat Reader search and cut-and-paste	closed	2019-05-10T12:33:57Z	pdonahue-ventana	2019-05-10T00:29:21Z	2019-05-10T12:33:57Z	
riscv-bitmanip	12	improve coverage using additional tests	closed	2019-05-08T14:53:14Z	eroom1966	2019-05-08T13:36:53Z	2019-05-08T14:53:14Z	
riscv-bitmanip	8	Update to simulator	closed	2019-05-03T13:56:48Z	eroom1966	2019-05-03T13:37:23Z	2019-05-03T13:56:48Z	
riscv-bitmanip	3	add support for windows execution	closed	2019-04-16T11:31:21Z	eroom1966	2019-04-16T10:57:34Z	2019-04-16T11:31:22Z	
riscv-bitmanip	2	Resync pull request	closed	2019-04-15T17:31:20Z	eroom1966	2019-04-15T14:57:27Z	2019-04-16T10:56:47Z	
riscv-bitmanip	1	Restruct1	closed	eroom1966	2019-04-12T16:47:02Z	2019-04-15T14:57:51Z		
riscv-b	76	Bump docs-resources from `a41c354` to `0904c8a`	closed	dependabot[bot]	2026-04-01T21:49:30Z	2026-04-27T21:02:58Z	dependencies;submodules	
riscv-b	77	Bump docs-resources from `a41c354` to `47257de`	open	dependabot[bot]	2026-04-27T21:02:53Z	2026-04-27T21:02:54Z	dependencies;submodules	
riscv-b	75	Bump docs-resources from `a41c354` to `a88e6af`	closed	dependabot[bot]	2026-03-31T17:05:20Z	2026-04-01T21:49:34Z	dependencies;submodules	
riscv-b	74	Bump docs-resources from `a41c354` to `ed7a9df`	closed	dependabot[bot]	2026-03-30T18:36:55Z	2026-03-31T17:05:33Z	dependencies;submodules	
riscv-b	73	Bump docs-resources from `a41c354` to `78567fd`	closed	dependabot[bot]	2026-03-27T17:04:14Z	2026-03-30T18:37:18Z	dependencies;submodules	
riscv-b	72	Bump docs-resources from `a41c354` to `29879cc`	closed	dependabot[bot]	2026-03-26T17:04:32Z	2026-03-27T17:04:18Z	dependencies;submodules	
riscv-b	71	Bump docs-resources from `a41c354` to `a9baab8`	closed	dependabot[bot]	2026-03-25T17:04:39Z	2026-03-26T17:04:37Z	dependencies;submodules	
riscv-b	70	Bump docs-resources from `a41c354` to `7d8a94b`	closed	dependabot[bot]	2026-03-24T17:07:29Z	2026-03-25T17:04:44Z	dependencies;submodules	
riscv-b	69	bump docs-resources from `a41c354` to `b387152`	closed	dependabot[bot]	2026-03-20T17:04:17Z	2026-03-24T17:07:34Z	dependencies;submodules	
riscv-b	68	Bump docs-resources from `a41c354` to `286c2a7`	closed	dependabot[bot]	2026-03-19T17:05:00Z	2026-03-20T17:04:23Z	dependencies;submodules	
riscv-b	67	Bump docs-resources from `a41c354` to `f0caa68`	closed	dependabot[bot]	2026-03-18T17:05:07Z	2026-03-19T17:05:05Z	dependencies;submodules	
riscv-b	66	Bump docs-resources from `a41c354` to `cd4446b`	closed	dependabot[bot]	2026-03-17T17:04:51Z	2026-03-18T17:05:12Z	dependencies;submodules	
riscv-b	65	Bump docs-resources from `a41c354` to `a73e1bd`	closed	dependabot[bot]	2026-03-16T17:49:07Z	2026-03-17T17:04:57Z	dependencies;submodules	
riscv-b	64	Bump docs-resources from `a41c354` to `1108f25`	closed	dependabot[bot]	2026-03-12T17:04:52Z	2026-03-16T17:49:12Z	dependencies;submodules	
riscv-b	63	Bump docs-resources from `a41c354` to `394d032`	closed	dependabot[bot]	2026-03-10T17:05:28Z	2026-03-12T17:04:57Z	dependencies;submodules	
riscv-b	62	Bump docs-resources from `a41c354` to `f756855`	closed	dependabot[bot]	2026-03-06T17:04:50Z	2026-03-10T17:05:33Z	dependencies;submodules	
riscv-b	60	Bump docs-resources from `a41c354` to `b024d67`	closed	dependabot[bot]	2026-02-27T17:04:28Z	2026-03-06T17:04:54Z	dependencies;submodules	
riscv-b	61	Use ghcr.io/riscv/riscv-docs-base-container-image:latest	closed	2026-03-06T15:55:16Z	rpsene	2026-03-06T14:23:01Z	2026-03-06T15:55:16Z	
riscv-b	59	Bump docs-resources from `a41c354` to `9069637`	closed	dependabot[bot]	2026-02-20T17:04:27Z	2026-02-27T17:04:33Z	dependencies;submodules	
riscv-b	58	Bump docs-resources from `a41c354` to `1666258`	closed	dependabot[bot]	2026-02-18T17:09:05Z	2026-02-20T17:04:32Z	dependencies;submodules	
riscv-b	57	Bump docs-resources from `be002f1` to `a41c354`	closed	2026-02-16T18:03:10Z	dependabot[bot]	2026-02-16T18:01:19Z	2026-02-16T18:03:17Z	dependencies;submodules
riscv-b	56	Bump docs-resources from `be002f1` to `40aed03`	closed	dependabot[bot]	2026-02-09T20:26:08Z	2026-02-16T18:01:23Z	dependencies;submodules	
riscv-b	55	Bump docs-resources from `be002f1` to `7a9931f`	closed	dependabot[bot]	2026-02-05T17:05:01Z	2026-02-09T20:26:12Z	dependencies;submodules	
riscv-b	54	Bump docs-resources from `116d24e` to `be002f1`	closed	2026-01-30T17:06:00Z	dependabot[bot]	2026-01-30T17:04:18Z	2026-01-30T17:06:08Z	dependencies;submodules
riscv-b	53	Bump docs-resources from `116d24e` to `b5eaf50`	closed	dependabot[bot]	2025-12-29T17:13:12Z	2026-01-30T17:04:22Z	dependencies;submodules	
riscv-b	52	Bump docs-resources from `116d24e` to `edf32fb`	closed	dependabot[bot]	2025-12-18T17:47:31Z	2025-12-29T17:13:16Z	dependencies;submodules	
riscv-b	51	Bump docs-resources from `116d24e` to `d644eb9`	closed	dependabot[bot]	2025-12-11T17:13:10Z	2025-12-18T17:47:36Z	dependencies;submodules	
riscv-b	50	Bump docs-resources from `116d24e` to `75d6a61`	closed	dependabot[bot]	2025-12-10T17:28:42Z	2025-12-11T17:13:14Z	dependencies;submodules	
riscv-b	49	Bump docs-resources from `116d24e` to `cdc5c1c`	closed	dependabot[bot]	2025-12-09T17:14:51Z	2025-12-10T17:28:46Z	dependencies;submodules	
riscv-b	48	Bump docs-resources from `116d24e` to `08bdece`	closed	dependabot[bot]	2025-12-08T17:14:29Z	2025-12-09T17:14:56Z	dependencies;submodules	
riscv-b	47	Bump docs-resources from `116d24e` to `8bd1a63`	closed	dependabot[bot]	2025-12-04T17:15:02Z	2025-12-08T17:14:33Z	dependencies;submodules	
riscv-b	46	Bump docs-resources from `116d24e` to `8bda051`	closed	dependabot[bot]	2025-12-03T17:16:28Z	2025-12-04T17:15:06Z	dependencies;submodules	
riscv-b	45	Bump docs-resources from `40844de` to `116d24e`	closed	2025-12-01T19:30:55Z	dependabot[bot]	2025-12-01T18:52:53Z	2025-12-01T19:31:03Z	dependencies;submodules
riscv-b	44	Bump docs-resources from `40844de` to `22a17b0`	closed	dependabot[bot]	2025-11-28T17:13:20Z	2025-12-01T18:52:58Z	dependencies;submodules	
riscv-b	43	Bump docs-resources from `40844de` to `19d71fa`	closed	dependabot[bot]	2025-11-27T17:11:56Z	2025-11-28T17:13:24Z	dependencies;submodules	
riscv-b	42	Bump docs-resources from `40844de` to `49eff17`	closed	dependabot[bot]	2025-11-24T18:04:54Z	2025-11-27T17:12:00Z	dependencies;submodules	
riscv-b	41	Bump docs-resources from `40844de` to `1660fd9`	closed	dependabot[bot]	2025-11-18T17:12:44Z	2025-11-24T18:05:01Z	dependencies;submodules	
riscv-b	40	Bump docs-resources from `40844de` to `8e51e9f`	closed	dependabot[bot]	2025-11-14T17:24:50Z	2025-11-18T17:12:49Z	dependencies;submodules	
riscv-b	39	Bump docs-resources from `40844de` to `707d21c`	closed	dependabot[bot]	2025-11-13T17:37:28Z	2025-11-14T17:24:54Z	dependencies;submodules	
riscv-b	38	Bump docs-resources from `40844de` to `098f02b`	closed	dependabot[bot]	2025-11-11T17:12:29Z	2025-11-13T17:37:32Z	dependencies;submodules	
riscv-b	37	Bump docs-resources from `07ae7be` to `40844de`	closed	2025-11-11T16:24:28Z	dependabot[bot]	2025-11-10T18:17:31Z	2025-11-11T16:24:36Z	dependencies;submodules
riscv-b	36	Bump docs-resources from `07ae7be` to `3e01674`	closed	dependabot[bot]	2025-11-07T17:15:00Z	2025-11-10T18:17:35Z	dependencies;submodules	
riscv-b	35	Bump docs-resources from `07ae7be` to `75c71b5`	closed	dependabot[bot]	2025-11-03T17:55:46Z	2025-11-07T17:15:04Z	dependencies;submodules	
riscv-b	34	Bump docs-resources from `07ae7be` to `8b88469`	closed	dependabot[bot]	2025-10-29T17:15:04Z	2025-11-03T17:55:49Z	dependencies;submodules	
riscv-b	33	Bump docs-resources from `14a3283` to `07ae7be`	closed	2025-10-28T18:41:44Z	dependabot[bot]	2025-10-28T17:15:54Z	2025-10-28T18:41:52Z	dependencies;submodules
riscv-b	32	Bump docs-resources from `14a3283` to `4b6af80`	closed	dependabot[bot]	2025-10-20T17:23:18Z	2025-10-28T17:15:58Z	dependencies;submodules	
riscv-b	31	Bump docs-resources from `ff1e5eb` to `14a3283`	closed	2025-10-18T22:18:31Z	dependabot[bot]	2025-10-17T17:14:25Z	2025-10-18T22:18:40Z	dependencies;submodules
riscv-b	30	Bump docs-resources from `ff1e5eb` to `2f436fa`	closed	dependabot[bot]	2025-10-16T17:15:32Z	2025-10-17T17:14:29Z	dependencies;submodules	
riscv-b	29	Bump docs-resources from `ff1e5eb` to `d71e312`	closed	dependabot[bot]	2025-10-13T17:33:08Z	2025-10-16T17:15:35Z	dependencies;submodules	
riscv-b	28	Bump docs-resources from `ff1e5eb` to `c90c0bf`	closed	dependabot[bot]	2025-10-02T17:14:26Z	2025-10-13T17:33:12Z	dependencies;submodules	
riscv-b	27	Bump docs-resources from `ff1e5eb` to `144f824`	closed	dependabot[bot]	2025-10-01T17:19:01Z	2025-10-02T17:14:31Z	dependencies;submodules	
riscv-b	26	Bump docs-resources from `a0a938e` to `ff1e5eb`	closed	2025-09-30T17:28:37Z	dependabot[bot]	2025-09-30T17:14:18Z	2025-09-30T17:28:46Z	dependencies;submodules
riscv-b	25	Bump docs-resources from `a0a938e` to `6ef1a1f`	closed	dependabot[bot]	2025-09-18T17:11:32Z	2025-09-30T17:14:22Z	dependencies;submodules	
riscv-b	24	Bump docs-resources from `6124035` to `a0a938e`	closed	2025-09-17T17:29:17Z	dependabot[bot]	2025-09-17T17:28:28Z	2025-09-17T17:29:25Z	dependencies;submodules
riscv-b	23	Bump docs-resources from `d7974ea` to `6124035`	closed	2025-09-11T17:38:04Z	dependabot[bot]	2025-09-11T17:37:10Z	2025-09-11T17:38:12Z	dependencies;submodules
riscv-b	22	Bump docs-resources from `d7974ea` to `c71d56b`	closed	dependabot[bot]	2025-09-10T17:14:36Z	2025-09-11T17:37:14Z	dependencies;submodules	
riscv-b	21	Bump docs-resources from `d7974ea` to `1fb9a74`	closed	dependabot[bot]	2025-09-09T17:13:21Z	2025-09-10T17:14:40Z	dependencies;submodules	
riscv-b	20	Bump docs-resources from `36f09ee` to `d7974ea`	closed	2025-09-04T13:06:02Z	dependabot[bot]	2025-09-04T04:56:15Z	2025-09-04T13:06:10Z	dependencies;submodules
riscv-b	19	Bump docs-resources from `36f09ee` to `3a40e07`	closed	dependabot[bot]	2025-07-24T17:14:15Z	2025-09-04T04:56:18Z	dependencies;submodules	
riscv-b	18	Bump docs-resources from `45d29d9` to `36f09ee`	closed	2025-07-23T18:07:32Z	dependabot[bot]	2025-07-23T18:06:28Z	2025-07-23T18:07:39Z	dependencies;submodules
riscv-b	17	Bump docs-resources from `ab24eec` to `45d29d9`	closed	2025-07-20T15:15:37Z	dependabot[bot]	2025-07-17T17:51:26Z	2025-07-20T15:15:45Z	dependencies;submodules
riscv-b	16	Bump docs-resources from `f38f756` to `ab24eec`	closed	2025-07-09T18:15:05Z	dependabot[bot]	2025-07-09T17:36:24Z	2025-07-09T18:15:14Z	dependencies;submodules
riscv-b	15	Bump docs-resources from `1d5bcd2` to `f38f756`	closed	2025-06-16T19:43:32Z	dependabot[bot]	2025-06-16T18:28:18Z	2025-06-16T19:43:39Z	dependencies;submodules
riscv-b	14	Bump docs-resources from `1d5bcd2` to `7558472`	closed	dependabot[bot]	2025-05-08T17:19:19Z	2025-06-16T18:28:22Z	dependencies;submodules	
riscv-b	13	Bump docs-resources from `62576cd` to `1d5bcd2`	closed	2025-02-19T19:25:17Z	dependabot[bot]	2025-02-19T17:59:15Z	2025-02-19T19:25:25Z	dependencies
riscv-b	12	Bump docs-resources from `1456c0d` to `62576cd`	closed	2024-12-18T19:06:33Z	dependabot[bot]	2024-12-18T18:04:58Z	2024-12-18T19:06:40Z	dependencies
riscv-b	11	Bump docs-resources from `1456c0d` to `a76dd1d`	closed	dependabot[bot]	2024-12-11T17:22:29Z	2024-12-18T18:05:03Z	dependencies	
riscv-b	10	Bump docs-resources from `8abc934` to `1456c0d`	closed	2024-12-10T15:30:31Z	dependabot[bot]	2024-12-10T15:29:55Z	2024-12-10T15:30:40Z	dependencies
riscv-b	9	add dependabot to create PR to update the submodules to latest	closed	2024-12-10T15:29:10Z	ghost	2024-12-10T04:11:27Z	2024-12-10T15:29:11Z	
riscv-b	8	Update to Ratified state	closed	2024-04-25T15:55:38Z	ved-rivos	2024-04-25T15:55:27Z	2024-04-25T15:55:39Z	
riscv-b	7	Tweak readme.adoc re: misa.B=0	closed	2024-03-25T18:52:22Z	SamB	2024-03-25T17:08:39Z	2024-03-25T18:52:22Z	
riscv-b	6	Update to Frozen state	closed	2024-02-21T16:09:30Z	ved-rivos	2024-02-21T16:09:02Z	2024-02-21T16:09:30Z	
riscv-b	4	includes -> comprises	closed	2024-01-18T00:07:15Z	ved-rivos	2024-01-18T00:05:28Z	2024-01-18T00:07:16Z	
riscv-b	2	update misa.B=0	closed	2024-01-03T15:24:52Z	ved-rivos	2024-01-03T15:24:45Z	2024-01-03T15:24:52Z	
riscv-b	1	initial version	closed	2024-01-02T21:42:19Z	ved-rivos	2024-01-02T21:36:36Z	2024-01-02T21:42:19Z	
riscv-dot-product	13	Update GitHub Actions to requested versions	closed	2026-03-10T14:10:53Z	rpsene	2026-03-06T21:40:09Z	2026-03-10T14:10:53Z	
riscv-dot-product	12	Use ghcr.io/riscv/riscv-docs-base-container-image:latest	closed	2026-03-06T16:57:34Z	rpsene	2026-03-06T14:24:16Z	2026-03-06T16:57:34Z	
riscv-dot-product	6	Replacing opcode images by Wavedrom snippets	closed	nibrunieAtSi5	2024-12-10T00:08:27Z	2026-01-20T17:09:47Z		
riscv-dot-product	5	[#3] Fixing typo Zqvdotq -> Zvqdotq in header	closed	2025-06-09T20:15:54Z	nibrunieAtSi5	2024-12-09T22:43:58Z	2025-06-09T20:15:54Z	
riscv-dot-product	7	add dependabot to create PR to update the submodules to latest	open	ghost	2024-12-10T04:11:48Z	2024-12-10T04:11:48Z		
riscv-dot-product	4	Removing redundant sentence	closed	2024-12-10T00:38:12Z	nibrunieAtSi5	2024-12-09T18:34:41Z	2024-12-10T00:38:15Z	
riscv-dot-product	1	Initial description in adoc format.	closed	2024-11-22T16:41:57Z	JohnSimpson-SiFive	2024-07-16T01:14:11Z	2024-11-22T16:41:57Z	
riscv-j-extension	109	Use ghcr.io/riscv/riscv-docs-base-container-image:latest	closed	2026-03-06T15:55:58Z	rpsene	2026-03-06T14:25:40Z	2026-03-06T15:55:58Z	
riscv-j-extension	45	apply compression for adoc pdf outputs	closed	jnk0le	2023-09-15T21:10:10Z	2025-12-14T20:08:22Z		
riscv-j-extension	107	Create golang-barriers.adoc	closed	2025-10-14T22:14:58Z	gctony	2025-10-10T18:29:51Z	2025-10-14T22:14:59Z	
riscv-j-extension	106	Create linux-kernel-gap-analysis.adoc	closed	2025-08-31T15:58:07Z	captain5050	2025-08-28T17:23:09Z	2025-08-31T15:58:07Z	
riscv-j-extension	105	Add contributors to openjdk_barriers.adoc	closed	2025-08-14T15:17:21Z	gctony	2025-08-14T14:33:12Z	2025-08-14T15:17:21Z	
riscv-j-extension	104	Create openjdk_barriers.adoc	closed	2025-08-13T20:43:38Z	gctony	2025-08-13T20:00:55Z	2025-08-14T06:18:36Z	
riscv-j-extension	93	Bump docs-resources from `62576cd` to `1d5bcd2`	closed	dependabot[bot]	2025-02-19T12:30:27Z	2025-05-09T00:01:35Z	dependencies	
riscv-j-extension	102	Bump docs-resources from `62576cd` to `7558472`	open	dependabot[bot]	2025-05-09T00:01:32Z	2025-05-09T00:01:32Z	dependencies;submodules	
riscv-j-extension	91	Bump docs-resources from `35203a4` to `62576cd`	closed	2025-01-02T15:18:23Z	dependabot[bot]	2025-01-02T15:04:17Z	2025-01-02T15:18:31Z	dependencies
riscv-j-extension	89	add dependabot to create PR to update the submodules to latest	closed	2025-01-02T15:03:37Z	ghost	2024-12-10T04:12:03Z	2025-01-02T15:03:37Z	
riscv-j-extension	85	Add non-normative comment to clarify MXR behavior.	closed	2024-10-03T16:42:29Z	martinmaas	2024-10-03T16:33:02Z	2024-10-03T16:42:30Z	
riscv-j-extension	82	Fix non-normative note about MPRV/MXR	closed	2024-08-27T16:01:07Z	aswaterman	2024-08-26T23:53:55Z	2024-08-27T16:02:33Z	
riscv-j-extension	79	Fix copyright and theme and template	closed	2024-07-25T16:03:04Z	wmat	2024-07-24T21:04:30Z	2024-07-25T16:03:05Z	
riscv-j-extension	74	Address a public review feedback	closed	2024-05-22T04:31:58Z	Adam-pi3	2024-05-02T00:35:04Z	2024-05-22T04:31:58Z	
riscv-j-extension	73	Fix typo	closed	2024-05-05T18:16:47Z	pdonahue-ventana	2024-04-23T21:41:31Z	2024-05-05T18:16:48Z	
riscv-j-extension	64	Minor fixes to the pointer masking spec	closed	dramforever	2024-02-09T08:11:02Z	2024-04-14T03:46:30Z		
riscv-j-extension	61	Update the PDF of the pointer masking spec.	closed	2024-01-29T19:53:55Z	Adam-pi3	2024-01-29T19:53:43Z	2024-01-29T19:53:55Z	
riscv-j-extension	60	Move "Contributors" to the separate adoc file	closed	2024-01-29T18:57:48Z	Adam-pi3	2024-01-23T05:04:25Z	2024-01-29T18:57:48Z	
riscv-j-extension	55	Assign PME fields to bit positions 33:32 in mseccfg/*envcfg	closed	2023-12-01T07:21:51Z	aswaterman	2023-12-01T00:06:44Z	2023-12-01T07:21:51Z	
riscv-j-extension	54	Incorporate feedback from architecture review.	closed	2023-10-31T00:49:08Z	martinmaas	2023-10-26T22:04:14Z	2023-10-31T00:49:08Z	
riscv-j-extension	12	add link to original proposal (README.md)	open	Jefro	2021-03-09T01:06:21Z	2023-09-24T06:04:32Z		
riscv-j-extension	42	Fix fields for xpm CSRs	open	liweiwei90	2023-05-25T09:51:00Z	2023-05-25T09:51:19Z		
riscv-j-extension	29	typo fix: fixing a small typo chapter 3	closed	2023-04-28T22:31:44Z	deepak0414	2022-12-10T04:46:30Z	2023-04-28T22:31:45Z	
riscv-j-extension	40	Ar edits apr24	closed	2023-04-28T22:31:42Z	Adam-pi3	2023-04-27T18:52:12Z	2023-04-28T22:31:43Z	
riscv-j-extension	15	Clarify the minimum supported maskable bits	closed	2021-07-27T23:38:14Z	Adam-pi3	2021-07-27T20:55:54Z	2021-07-27T23:38:14Z	
riscv-j-extension	14	Add preliminary PM CSR numbers	closed	2021-05-25T22:00:30Z	spacemonkeydelivers	2021-05-18T19:08:59Z	2021-05-25T22:00:30Z	
riscv-j-extension	13	Add version information	closed	2021-04-26T01:17:27Z	Adam-pi3	2021-04-23T19:06:04Z	2021-04-26T01:17:27Z	
riscv-j-extension	10	Update Pointer Masking extension	closed	2021-03-05T05:18:31Z	Adam-pi3	2021-03-02T06:46:17Z	2021-03-05T05:18:31Z	
riscv-j-extension	6	Update Pointer Masking proposal	closed	2020-09-25T23:44:47Z	Adam-pi3	2020-09-22T00:18:17Z	2020-09-25T23:44:47Z	
riscv-j-extension	5	Change proposal reflecting recent discussions	closed	2020-08-20T18:00:38Z	Adam-pi3	2020-08-19T15:19:28Z	2020-08-20T18:00:38Z	
riscv-j-extension	1	Pointer Masking proposal in adoc format	closed	2020-07-16T04:10:15Z	Adam-pi3	2020-05-25T22:43:33Z	2020-07-16T04:10:15Z	
riscv-p-spec	272	Remove RV64 only instruction descriptions	closed	2026-04-16T15:10:39Z	topperc	2026-04-16T14:19:25Z	2026-04-16T15:10:40Z	
riscv-p-spec	271	Remove RV32 only instructions descriptions.	closed	2026-04-16T03:01:36Z	pz9115	2026-04-14T06:35:28Z	2026-04-16T03:01:36Z	
riscv-p-spec	254	Reorder instruction descriptions to group similar operations together.	closed	topperc	2026-03-27T18:41:14Z	2026-04-02T01:32:03Z		
riscv-p-spec	268	Remove 'imm=' from wavedrom for abs(w)/cls(w).	closed	2026-04-01T06:51:36Z	topperc	2026-04-01T04:24:20Z	2026-04-01T06:51:36Z	
riscv-p-spec	267	Byte-Reverse -> Bit/Halfword Reverse	closed	2026-04-01T06:50:59Z	topperc	2026-04-01T04:09:25Z	2026-04-01T06:50:59Z	
riscv-p-spec	266	Fix typo in PSSHA.WS pseudocode	closed	2026-04-01T03:45:46Z	topperc	2026-04-01T03:39:52Z	2026-04-01T03:45:46Z	
riscv-p-spec	265	Fix psrl.dbs encoding	closed	2026-04-01T03:45:19Z	chihminchao	2026-03-31T16:21:13Z	2026-04-01T03:45:19Z	
riscv-p-spec	264	Correct description of PSSHL.HS instruction range (unsigned)	closed	2026-03-31T02:16:44Z	nibrunieAtSi5	2026-03-30T16:18:20Z	2026-03-31T02:16:44Z	
riscv-p-spec	253	Expand SAT16 function used in PSAS.DHX and pseudocode	closed	2026-03-30T16:11:01Z	topperc	2026-03-27T16:04:14Z	2026-03-30T16:12:18Z	
riscv-p-spec	259	Reorder shift, pair, zip, and unzip instructions.	closed	2026-03-30T07:02:34Z	topperc	2026-03-30T03:18:52Z	2026-03-30T15:35:23Z	
riscv-p-spec	260	Reorder widening add/sub, widening/narrowing shift, and narrowing clip.	closed	2026-03-30T07:03:20Z	topperc	2026-03-30T03:41:58Z	2026-03-30T15:35:18Z	
riscv-p-spec	262	Reorder horizontal multiply-add instructions	closed	2026-03-30T07:05:00Z	topperc	2026-03-30T05:42:35Z	2026-03-30T15:35:06Z	
riscv-p-spec	263	Reorder mixed-width multiply high, widening multiply, widening multiply-accumulate, and widening PM2 multiply-add/subtract.	closed	2026-03-30T07:05:50Z	topperc	2026-03-30T06:01:45Z	2026-03-30T15:35:01Z	
riscv-p-spec	261	Reorder multiply and macc instructions.	closed	2026-03-30T07:04:09Z	topperc	2026-03-30T05:29:01Z	2026-03-30T15:34:54Z	
riscv-p-spec	257	Reorder 'Add-Subtract Cross', 'Absolute Difference', 'Min/Max', 'Comparison', and 'Saturating/Clipping'	closed	2026-03-29T11:07:15Z	topperc	2026-03-28T18:25:22Z	2026-03-29T17:06:06Z	
riscv-p-spec	256	Reorder pli/plui, basic add/sub, saturating add/sub, and averaging add/sub.	closed	2026-03-28T06:16:16Z	topperc	2026-03-28T06:08:29Z	2026-03-28T17:54:59Z	
riscv-p-spec	255	Move PMQ2ADD* and PMQR2ADD* to their own section.	closed	2026-03-28T06:15:07Z	topperc	2026-03-28T05:37:52Z	2026-03-28T17:54:49Z	
riscv-p-spec	244	Add pseudoinstructions	closed	2026-03-28T03:09:23Z	topperc	2026-03-26T19:46:20Z	2026-03-28T05:17:17Z	
riscv-p-spec	249	Fix copy/paste mistakes in pseudocode for 0.21 instructions	closed	2026-03-27T11:41:30Z	topperc	2026-03-27T00:36:00Z	2026-03-28T05:16:33Z	
riscv-p-spec	251	Use superscript for exponents in text.	closed	2026-03-27T11:43:42Z	topperc	2026-03-27T06:59:05Z	2026-03-28T05:16:28Z	
riscv-p-spec	252	Remove 'RV32/RV64 only' comments from pseudocode	closed	2026-03-28T03:10:06Z	topperc	2026-03-27T15:59:49Z	2026-03-28T05:16:22Z	
riscv-p-spec	243	Remove RV64 pseudocode for MULHR	closed	2026-03-27T02:11:45Z	topperc	2026-03-26T01:09:35Z	2026-03-27T06:24:02Z	
riscv-p-spec	245	Use 'description lists' instead of 'section headers' for information about instructions.	closed	2026-03-27T02:15:16Z	topperc	2026-03-26T20:11:00Z	2026-03-27T06:23:57Z	
riscv-p-spec	246	Bump the version to 0.21	closed	2026-03-27T02:15:44Z	topperc	2026-03-26T20:19:52Z	2026-03-27T06:23:50Z	
riscv-p-spec	247	Copy over the Instruction Formats text from John Hauser's docs	closed	2026-03-27T02:16:52Z	topperc	2026-03-26T21:58:58Z	2026-03-27T06:23:45Z	
riscv-p-spec	248	Fix typo in PSSHA.HS to PSSHL.HS	closed	2026-03-27T02:17:29Z	nibrunieAtSi5	2026-03-26T23:59:35Z	2026-03-27T02:17:30Z	
riscv-p-spec	241	Reduce pseudocode for GPR pair instructions. Add rs1_p/rs2_p/rd_p==0 checks	closed	2026-03-25T06:20:51Z	topperc	2026-03-24T01:54:45Z	2026-03-27T00:25:47Z	
riscv-p-spec	240	Fix the descriptions and pseudocode for p(s)as.(h/w)x, p(s)sa.(h/w)x.	closed	2026-03-25T06:21:20Z	topperc	2026-03-23T23:12:15Z	2026-03-26T20:20:03Z	
riscv-p-spec	239	[Clean-up] Clean-ing pseudo code description of register value when the register index is x0	closed	nibrunieAtSi5	2026-03-23T17:51:40Z	2026-03-25T21:45:04Z		
riscv-p-spec	227	Correct encodings	closed	2026-03-19T07:15:53Z	topperc	2026-03-19T06:38:36Z	2026-03-23T16:17:06Z	
riscv-p-spec	237	Add the new instructions from serial number 020 of John Hauser's docs.	closed	2026-03-23T16:05:24Z	topperc	2026-03-22T19:54:36Z	2026-03-23T16:16:08Z	
riscv-p-spec	238	Consistently split funct3 into a 3-bit field. Fix encoding for predsum*.d*s	closed	2026-03-23T09:40:37Z	topperc	2026-03-23T01:27:21Z	2026-03-23T16:16:01Z	
riscv-p-spec	232	Consistently split the funct3, f, and w fields in wavedrom.	closed	2026-03-21T12:18:53Z	topperc	2026-03-21T01:42:20Z	2026-03-22T17:40:48Z	
riscv-p-spec	233	Use pdf-theme instead of pdf-style	closed	2026-03-22T05:26:35Z	topperc	2026-03-21T18:55:06Z	2026-03-22T17:40:43Z	
riscv-p-spec	234	Add PACK instruction. Mark PPAIRE.H as RV64 only.	closed	2026-03-22T05:27:46Z	topperc	2026-03-22T01:49:50Z	2026-03-22T17:40:39Z	
riscv-p-spec	235	Fix typos in P-ext-proposal.adoc	closed	2026-03-22T05:28:35Z	minhsun-c	2026-03-22T05:19:07Z	2026-03-22T07:32:25Z	
riscv-p-spec	236	Initial list proposal for Zkt instruction.	open	topperc	2026-03-22T05:54:44Z	2026-03-22T05:54:48Z		
riscv-p-spec	230	Remove duplicate mnemonic and description from (P)(U)SATI. Consistently add Notes for instructions that set vxsat.	closed	2026-03-19T14:44:15Z	topperc	2026-03-19T14:35:56Z	2026-03-21T00:22:24Z	
riscv-p-spec	231	Remove pseudocode for other instructions from PMULHRSU.H notes.	closed	2026-03-19T14:47:42Z	topperc	2026-03-19T14:45:02Z	2026-03-21T00:22:20Z	
riscv-p-spec	226	Update (P)SATI assembly mnemonic to use uimm+1. Bump version to 0.20	closed	2026-03-19T14:03:45Z	topperc	2026-03-17T22:30:04Z	2026-03-19T14:11:00Z	
riscv-p-spec	229	add missing blank lines	closed	2026-03-19T09:32:22Z	sihuan	2026-03-19T09:10:37Z	2026-03-19T09:32:22Z	
riscv-p-spec	228	Reorg the structure of instruction description	closed	2026-03-19T08:04:22Z	kito-cheng	2026-03-19T07:54:45Z	2026-03-19T08:04:22Z	
riscv-p-spec	209	Add SATI and USATI for RV32. Add separate RV32 and RV64 mnemonics for SRARI.	closed	2026-03-15T03:19:51Z	topperc	2026-03-11T23:16:23Z	2026-03-17T18:58:45Z	
riscv-p-spec	216	Force page breaks between instruction pages.	closed	2026-03-14T06:59:25Z	topperc	2026-03-13T23:08:58Z	2026-03-17T18:57:41Z	
riscv-p-spec	219	Remove (RV64) after SATI/USATI.	closed	2026-03-15T14:42:31Z	topperc	2026-03-15T03:37:22Z	2026-03-17T18:57:37Z	
riscv-p-spec	220	Rename rdp->rd_p	closed	2026-03-15T14:43:03Z	topperc	2026-03-15T03:52:39Z	2026-03-17T18:57:29Z	
riscv-p-spec	221	Consistently put (RV32) and (RV64) after instruction names.	closed	2026-03-15T14:44:45Z	topperc	2026-03-15T05:40:45Z	2026-03-17T18:57:24Z	
riscv-p-spec	222	Move page break	closed	2026-03-15T14:48:12Z	topperc	2026-03-15T05:49:38Z	2026-03-17T18:57:20Z	
riscv-p-spec	225	Replace unicode characters that aren't rendering in the PDF.	closed	2026-03-17T01:54:01Z	topperc	2026-03-16T16:53:24Z	2026-03-17T18:54:26Z	
riscv-p-spec	223	Bump version to 0.19	closed	2026-03-16T07:33:10Z	kito-cheng	2026-03-16T06:30:25Z	2026-03-16T07:33:10Z	
riscv-p-spec	202	Fix incorrect paragraph break.	closed	2026-03-09T02:07:25Z	topperc	2026-03-07T07:06:20Z	2026-03-13T22:13:52Z	
riscv-p-spec	214	Put backticks around uimm3/4/5/6 field name in text.	closed	2026-03-13T02:10:08Z	topperc	2026-03-12T14:20:17Z	2026-03-13T22:12:54Z	
riscv-p-spec	208	Fix uimm in some mnemonics.	closed	2026-03-12T01:36:18Z	topperc	2026-03-11T23:12:30Z	2026-03-12T14:05:10Z	
riscv-p-spec	210	Split w-uimm/w_uimm into separate fields. Rename rdp/rs1p -> rd_p/rs1_p.	closed	2026-03-12T06:11:54Z	topperc	2026-03-12T01:45:57Z	2026-03-12T14:05:05Z	
riscv-p-spec	211	Split all major opcode fields in wavedrom to 7 bits and apply missing attr.	closed	2026-03-12T06:06:59Z	topperc	2026-03-12T02:26:08Z	2026-03-12T14:04:57Z	
riscv-p-spec	207	Fixing table attributes quotes	closed	2026-03-11T07:24:28Z	galloj	2026-03-10T23:40:37Z	2026-03-11T07:24:28Z	
riscv-p-spec	206	Removing useless text	closed	2026-03-11T07:23:59Z	galloj	2026-03-10T23:08:16Z	2026-03-11T07:23:59Z	
riscv-p-spec	205	Removing duplicated text	closed	2026-03-11T07:23:07Z	galloj	2026-03-10T22:52:42Z	2026-03-11T07:23:08Z	
riscv-p-spec	204	Add Mnemonic section to instructions	closed	2026-03-10T10:15:42Z	kito-cheng	2026-03-10T01:38:23Z	2026-03-11T01:03:05Z	
riscv-p-spec	159	Correct the formatting of the instruction name table	closed	2026-02-21T01:41:08Z	topperc	2026-02-05T18:08:56Z	2026-03-07T07:07:15Z	
riscv-p-spec	160	Fix the number of column in the encoding of PSSH1SADD.W and ZIP8HP	closed	2026-02-21T01:41:45Z	topperc	2026-02-05T18:19:59Z	2026-03-07T07:06:52Z	
riscv-p-spec	161	Correct the major opcode name for some instructions.	closed	2026-02-21T01:42:22Z	topperc	2026-02-05T18:29:41Z	2026-03-07T07:06:48Z	
riscv-p-spec	162	Correct the major opcode encoding for pabd.b	closed	2026-02-21T01:42:57Z	topperc	2026-02-05T18:37:02Z	2026-03-07T07:06:43Z	
riscv-p-spec	201	Use ghcr.io/riscv/riscv-docs-base-container-image:latest	closed	2026-03-06T14:52:35Z	rpsene	2026-03-06T14:26:27Z	2026-03-06T14:52:35Z	
riscv-p-spec	170	Convert encoding tables to wavedrom format	closed	2026-03-06T02:33:17Z	kito-cheng	2026-03-05T09:14:06Z	2026-03-06T07:51:09Z	
riscv-p-spec	146	`CLROV` has fixed `rd` of `zero`	closed	a4lg	2022-09-29T00:39:40Z	2026-03-06T07:34:23Z		
riscv-p-spec	151	Corrected the syntax of URSTSA16 instruction	closed	karans5	2023-03-11T15:27:01Z	2026-03-06T07:33:50Z		
riscv-p-spec	200	P-ext: add Widening PM2 Multiply-Add/Subtract instruction definitions	closed	2026-03-06T07:33:14Z	kito-cheng	2026-03-05T09:24:57Z	2026-03-06T07:33:14Z	
riscv-p-spec	199	P-ext: add Widening Multiply-Accumulate instruction definitions	closed	2026-03-06T07:32:55Z	kito-cheng	2026-03-05T09:24:54Z	2026-03-06T07:32:55Z	
riscv-p-spec	198	P-ext: add Widening Multiply instruction definitions	closed	2026-03-06T07:32:39Z	kito-cheng	2026-03-05T09:24:51Z	2026-03-06T07:32:40Z	
riscv-p-spec	197	P-ext: add Mixed-width Multiply-High instruction definitions	closed	2026-03-06T07:32:19Z	kito-cheng	2026-03-05T09:24:49Z	2026-03-06T07:32:20Z	
riscv-p-spec	196	P-ext: add PM4 Horizontal Multiply-Add instruction definitions	closed	2026-03-06T07:32:03Z	kito-cheng	2026-03-05T09:24:46Z	2026-03-06T07:32:04Z	
riscv-p-spec	195	P-ext: add PM2 Horizontal Multiply-Add/Subtract instruction definitions	closed	2026-03-06T07:31:47Z	kito-cheng	2026-03-05T09:24:44Z	2026-03-06T07:31:47Z	
riscv-p-spec	194	P-ext: add Cross-element Multiply instruction definitions	closed	2026-03-06T07:31:22Z	kito-cheng	2026-03-05T09:24:41Z	2026-03-06T07:31:22Z	
riscv-p-spec	193	P-ext: add Q-format Multiply instruction definitions	closed	2026-03-06T07:31:00Z	kito-cheng	2026-03-05T09:24:39Z	2026-03-06T07:31:00Z	
riscv-p-spec	192	P-ext: add Multiply High instruction definitions	closed	2026-03-06T07:30:33Z	kito-cheng	2026-03-05T09:24:36Z	2026-03-06T07:30:33Z	
riscv-p-spec	191	P-ext: add Narrowing Clip instruction definitions	closed	2026-03-06T07:30:18Z	kito-cheng	2026-03-05T09:24:33Z	2026-03-06T07:30:18Z	
riscv-p-spec	190	P-ext: add Double-wide Scalar Add/Subtract instruction definitions	closed	2026-03-06T07:29:55Z	kito-cheng	2026-03-05T09:24:31Z	2026-03-06T07:29:55Z	
riscv-p-spec	189	P-ext: add Byte-Reverse instruction definitions	closed	2026-03-06T07:29:31Z	kito-cheng	2026-03-05T09:24:28Z	2026-03-06T07:29:31Z	
riscv-p-spec	188	P-ext: add Pair Operations instruction definitions	closed	2026-03-06T07:29:09Z	kito-cheng	2026-03-05T09:24:26Z	2026-03-06T07:29:09Z	
riscv-p-spec	187	P-ext: add Saturating/Rounding Shift instruction definitions	closed	2026-03-06T02:42:26Z	kito-cheng	2026-03-05T09:24:23Z	2026-03-06T02:42:26Z	
riscv-p-spec	186	P-ext: add Shift Operations instruction definitions	closed	2026-03-06T02:41:53Z	kito-cheng	2026-03-05T09:24:21Z	2026-03-06T02:41:53Z	
riscv-p-spec	185	P-ext: add Saturation/Clipping instruction definitions	closed	2026-03-06T02:41:37Z	kito-cheng	2026-03-05T09:24:18Z	2026-03-06T02:41:37Z	
riscv-p-spec	184	P-ext: add Sign Extension instruction definitions	closed	2026-03-06T02:41:24Z	kito-cheng	2026-03-05T09:24:15Z	2026-03-06T02:41:24Z	
riscv-p-spec	183	P-ext: add Comparison instruction definitions	closed	2026-03-06T02:41:05Z	kito-cheng	2026-03-05T09:24:13Z	2026-03-06T02:41:05Z	
riscv-p-spec	182	P-ext: add Min/Max instruction definitions	closed	2026-03-06T02:39:45Z	kito-cheng	2026-03-05T09:24:10Z	2026-03-06T02:39:45Z	
riscv-p-spec	181	P-ext: add Saturating Absolute instruction definitions	closed	2026-03-06T02:39:15Z	kito-cheng	2026-03-05T09:24:07Z	2026-03-06T02:39:15Z	
riscv-p-spec	180	P-ext: add Absolute Difference instruction definitions	closed	2026-03-06T02:38:48Z	kito-cheng	2026-03-05T09:24:04Z	2026-03-06T02:38:49Z	
riscv-p-spec	179	P-ext: add Add-Subtract Cross instruction definitions	closed	2026-03-06T02:38:27Z	kito-cheng	2026-03-05T09:24:02Z	2026-03-06T02:38:27Z	
riscv-p-spec	178	P-ext: add Shift-Add instruction definitions	closed	2026-03-06T02:38:02Z	kito-cheng	2026-03-05T09:23:59Z	2026-03-06T02:38:02Z	
riscv-p-spec	177	P-ext: add Averaging Subtract instruction definitions	closed	2026-03-06T02:37:42Z	kito-cheng	2026-03-05T09:23:56Z	2026-03-06T02:37:42Z	
riscv-p-spec	176	P-ext: add Averaging Add instruction definitions	closed	2026-03-06T02:37:17Z	kito-cheng	2026-03-05T09:23:53Z	2026-03-06T02:37:17Z	
riscv-p-spec	175	P-ext: add Saturating Subtract instruction definitions	closed	2026-03-06T02:36:30Z	kito-cheng	2026-03-05T09:23:51Z	2026-03-06T02:36:30Z	
riscv-p-spec	174	P-ext: add Saturating Add instruction definitions	closed	2026-03-06T02:35:57Z	kito-cheng	2026-03-05T09:23:48Z	2026-03-06T02:35:57Z	
riscv-p-spec	173	P-ext: add Basic Packed Subtract instruction definitions	closed	2026-03-06T02:34:52Z	kito-cheng	2026-03-05T09:23:44Z	2026-03-06T02:34:52Z	
riscv-p-spec	172	P-ext: add Basic Packed Add instruction definitions	closed	2026-03-06T02:34:31Z	kito-cheng	2026-03-05T09:23:42Z	2026-03-06T02:34:31Z	
riscv-p-spec	171	P-ext: add Load Immediate instruction definitions	closed	2026-03-06T02:33:58Z	kito-cheng	2026-03-05T09:23:39Z	2026-03-06T02:33:58Z	
riscv-p-spec	168	Fix encoding	closed	2026-03-03T12:11:56Z	chihminchao	2026-03-02T13:35:56Z	2026-03-03T12:11:57Z	
riscv-p-spec	169	Reorganize instructions by functional category and add missing instruction placeholders	closed	2026-03-03T05:05:17Z	kito-cheng	2026-03-02T14:31:45Z	2026-03-03T05:07:14Z	
riscv-p-spec	166	Fix typo	closed	2026-03-02T14:01:09Z	omasanori	2026-03-02T08:19:03Z	2026-03-02T15:17:24Z	
riscv-p-spec	167	Add Makefile for PDF/HTML generation from AsciiDoc	closed	2026-03-02T14:01:42Z	kito-cheng	2026-03-02T13:02:57Z	2026-03-02T14:01:42Z	
riscv-p-spec	164	Adding mention of Zmmul dependency	closed	2026-02-27T01:52:00Z	nibrunieAtSi5	2026-02-23T21:36:36Z	2026-02-27T03:05:10Z	
riscv-p-spec	165	Unifying register access	closed	2026-02-27T01:46:59Z	galloj	2026-02-24T21:26:17Z	2026-02-27T01:46:59Z	
riscv-p-spec	163	Adding dependency and supported RV architecture	closed	2026-02-21T01:43:25Z	nibrunieAtSi5	2026-02-20T19:25:06Z	2026-02-21T01:43:25Z	
riscv-p-spec	157	docs: fix document structure and formatting issues	closed	2026-02-05T10:52:30Z	kito-cheng	2026-02-05T07:29:04Z	2026-02-05T10:52:30Z	
riscv-p-spec	156	Rename P-ext-proposal=v0.12.adoc to P-ext-proposal.adoc	closed	2026-02-03T03:21:26Z	kito-cheng	2026-02-03T02:33:30Z	2026-02-05T07:49:46Z	
riscv-p-spec	139	Removed non-overlapped instructions in Zbpbo (according to RVB v1.0.0)	closed	Harry-Andes	2022-03-30T07:38:32Z	2022-04-01T06:50:52Z		
riscv-p-spec	138	Removed non-overlapped instructions in Zbpbo (according to B Extension v1.0.0)	closed	Harry-Andes	2022-03-30T06:28:11Z	2022-03-30T06:41:28Z		
riscv-p-spec	135	Add missing operands for SWAP8	closed	2022-03-30T04:51:14Z	tclin914	2022-02-16T09:14:01Z	2022-03-30T04:51:15Z	
riscv-p-spec	134	Unify format table style.	closed	2022-03-30T04:50:30Z	tclin914	2022-02-10T05:34:23Z	2022-03-30T04:50:30Z	
riscv-p-spec	133	Fix typo. unsigned -> upper	closed	2022-03-30T04:49:41Z	tclin914	2022-02-10T02:38:14Z	2022-03-30T04:49:42Z	
riscv-p-spec	132	Fix typo. Rv32 -> RV32	closed	2022-03-30T04:46:47Z	tclin914	2022-02-10T02:26:02Z	2022-03-30T04:46:48Z	
riscv-p-spec	29	Trim ''	closed	sunshaoce	2021-01-16T08:38:12Z	2022-03-30T04:45:25Z		
riscv-p-spec	104	Fix minor typo and formatting	closed	2022-01-11T17:06:51Z	scottj97	2021-10-06T20:02:42Z	2022-01-11T17:06:51Z	
riscv-p-spec	116	fix typos and do some changes in intrinsics	closed	2021-11-30T14:41:46Z	linsinan1995	2021-10-28T22:57:17Z	2021-11-30T14:41:47Z	
riscv-p-spec	81	Some changes to typo and intrinsics	closed	2021-09-06T03:11:04Z	Geng-Qi-alibaba	2021-08-25T12:33:02Z	2021-10-04T13:23:33Z	
riscv-p-spec	91	Remove CLO* instructions from latency table	closed	2021-09-13T03:37:13Z	tclin914	2021-09-13T02:36:45Z	2021-09-13T03:37:32Z	
riscv-p-spec	90	Fix typo SIM -> SIMD	closed	2021-09-13T03:34:08Z	tclin914	2021-09-13T02:12:28Z	2021-09-13T03:34:55Z	
riscv-p-spec	73	Correct encoding of PBSADA	closed	2021-07-14T10:45:02Z	topperc	2021-07-07T17:39:02Z	2021-07-14T10:45:03Z	
riscv-p-spec	72	Correct encoding for KMMAWT2.u	closed	2021-07-14T09:59:49Z	topperc	2021-07-07T17:32:03Z	2021-07-14T09:59:49Z	
riscv-p-spec	71	Fix typo in KHMX16 format	closed	2021-07-14T09:51:13Z	topperc	2021-07-07T16:46:09Z	2021-07-14T09:51:13Z	
riscv-p-spec	27	fixxing wrong syntax of CLROV	closed	sunshaoce	2021-01-11T14:03:18Z	2021-01-12T08:05:12Z		
riscv-p-spec	274	Fixing MQRACC.H00 section (to be displayed properly in ToC)	open	nibrunieAtSi5	2026-04-28T20:25:02Z	2026-04-29T01:50:33Z		
riscv-zaamo-zalrsc	17	Use ghcr.io/riscv/riscv-docs-base-container-image:latest	closed	2026-03-06T15:55:39Z	rpsene	2026-03-06T14:29:39Z	2026-03-06T15:55:39Z	
riscv-zaamo-zalrsc	16	add dependabot to create PR to update the submodules to latest	open	ghost	2024-12-10T04:12:43Z	2024-12-10T04:12:43Z		
riscv-zaamo-zalrsc	14	update to Ratified state	closed	2024-04-25T16:06:37Z	ved-rivos	2024-04-25T16:06:29Z	2024-04-25T16:06:37Z	
riscv-zaamo-zalrsc	13	update to remove build warnings	closed	2024-03-28T13:04:22Z	ved-rivos	2024-03-28T12:51:14Z	2024-03-28T13:04:23Z	
riscv-zaamo-zalrsc	12	Add references to Unpriv and Zacas specification	closed	2024-03-28T12:44:34Z	ved-rivos	2024-03-12T10:14:12Z	2024-03-28T12:44:35Z	
riscv-zaamo-zalrsc	9	update to Frozen	closed	2024-02-26T15:01:05Z	ved-rivos	2024-02-26T15:00:56Z	2024-02-26T15:01:05Z	
riscv-zaamo-zalrsc	7	Distinguish RV32 and RV64 instructions 	closed	2024-01-24T21:27:55Z	ved-rivos	2024-01-24T21:26:50Z	2024-01-24T21:27:55Z	
riscv-zaamo-zalrsc	6	zacas depends on zaamo	closed	2024-01-22T21:55:38Z	ved-rivos	2024-01-22T21:54:55Z	2024-01-22T21:55:38Z	
riscv-zaamo-zalrsc	4	update language	closed	2024-01-04T13:48:46Z	ved-rivos	2024-01-04T13:48:17Z	2024-01-04T13:48:47Z	
riscv-zaamo-zalrsc	3	remove zam	closed	2024-01-03T15:16:08Z	ved-rivos	2024-01-03T15:15:58Z	2024-01-03T15:16:09Z	
riscv-zaamo-zalrsc	2	initial	closed	2024-01-02T21:40:29Z	ved-rivos	2024-01-02T21:40:22Z	2024-01-02T21:40:29Z	
riscv-zaamo-zalrsc	1	initial version	closed	2024-01-02T19:40:06Z	ved-rivos	2024-01-02T19:19:05Z	2024-01-02T19:40:06Z	
integer-vector-absolute-difference	5	Update GitHub Actions to requested versions	closed	2026-03-07T15:32:43Z	rpsene	2026-03-06T21:37:41Z	2026-03-07T15:32:43Z	
integer-vector-absolute-difference	4	Use ghcr.io/riscv/riscv-docs-base-container-image:latest	closed	2026-03-06T16:55:06Z	rpsene	2026-03-06T14:22:07Z	2026-03-06T16:55:07Z	
integer-vector-absolute-difference	1	Zvabd Draft Spec	open	keyon1992	2025-09-12T09:22:35Z	2026-02-09T02:23:27Z		
integer-vector-absolute-difference	2	Add page breaks between instructions.	closed	2026-02-09T02:23:25Z	topperc	2026-02-06T17:44:01Z	2026-02-09T02:23:25Z	
integrated-matrix-extension	37	merged with changes by Jose	closed	2026-04-23T23:35:09Z	joseemoreira	2026-04-23T23:31:09Z	2026-04-23T23:35:09Z	
integrated-matrix-extension	36	addressed comments from the 2nd IME TG internal review	closed	2026-04-23T18:31:16Z	joseemoreira	2026-04-23T01:52:48Z	2026-04-23T18:31:16Z	
integrated-matrix-extension	35	Update integrated-matrix.adoc	closed	2026-04-22T22:28:17Z	joseemoreira	2026-04-15T03:40:13Z	2026-04-22T22:28:17Z	
integrated-matrix-extension	28	Integrated matrix extension	closed	joseemoreira	2026-04-04T01:45:43Z	2026-04-15T02:40:34Z		
integrated-matrix-extension	34	unprivileged/integrated-matrix: Permit mixed-format inputs on non-widening FP	closed	2026-04-15T01:37:41Z	ptomsich	2026-04-14T16:57:55Z	2026-04-15T01:37:42Z	
integrated-matrix-extension	30	unprivileged/integrated-matrix: Unify N_tile divisor to λ × LMUL	closed	2026-04-14T01:07:31Z	ptomsich	2026-04-13T21:01:35Z	2026-04-14T01:25:20Z	
integrated-matrix-extension	33	unprivileged/integrated-matrix: Distinguish widening from packing ter…	closed	2026-04-14T01:21:30Z	ptomsich	2026-04-13T21:08:17Z	2026-04-14T01:21:31Z	
integrated-matrix-extension	31	unprivileged/integrated-matrix: Require vstart = 0 for GEMM instructions	closed	2026-04-14T01:16:36Z	ptomsich	2026-04-13T21:04:28Z	2026-04-14T01:16:37Z	
integrated-matrix-extension	32	unprivileged/integrated-matrix: Distinguish widening from packing ter…	closed	ptomsich	2026-04-13T21:07:03Z	2026-04-13T21:11:15Z		
integrated-matrix-extension	29	Decouple v0.scale from E8M0 and refactor SAIL into dispatch functions	closed	2026-04-12T20:59:46Z	ptomsich	2026-04-07T23:24:52Z	2026-04-12T20:59:47Z	
integrated-matrix-extension	27	Integrated matrix extension	closed	2026-03-30T16:13:29Z	joseemoreira	2026-03-30T16:11:08Z	2026-03-30T16:13:29Z	
integrated-matrix-extension	26	Integrated matrix extension	closed	2026-03-16T14:15:57Z	joseemoreira	2026-03-16T14:15:32Z	2026-03-16T14:15:57Z	
integrated-matrix-extension	24	unprivileged/integrated-matrix: Restore Zvvfmmofp8w (OFP8→FP32) to subextension table	closed	2026-03-13T11:21:24Z	ptomsich	2026-03-10T07:54:53Z	2026-03-13T11:21:24Z	
integrated-matrix-extension	25	unprivileged/integrated-matrix: Rename subextensions per ARC and document naming scheme	closed	2026-03-13T11:20:31Z	ptomsich	2026-03-11T12:04:54Z	2026-03-13T11:20:31Z	
integrated-matrix-extension	23	Added images for microscaling details on v0 layout.	closed	efocht-oct	2026-03-09T18:06:35Z	2026-03-09T19:27:52Z		
integrated-matrix-extension	22	Integrated matrix extension	closed	joseemoreira	2026-03-09T16:34:02Z	2026-03-09T19:03:14Z		
integrated-matrix-extension	16	First review and figures	closed	2026-03-08T02:46:55Z	efocht-oct	2026-03-08T01:37:58Z	2026-03-09T17:07:49Z	
integrated-matrix-extension	20	Integrated matrix extension	closed	2026-03-09T16:14:35Z	joseemoreira	2026-03-09T16:13:53Z	2026-03-09T16:45:07Z	
integrated-matrix-extension	21	Integrated matrix extension	closed	2026-03-09T16:31:51Z	joseemoreira	2026-03-09T16:31:38Z	2026-03-09T16:31:52Z	
integrated-matrix-extension	19	More figures and section reordering	closed	2026-03-09T15:02:58Z	efocht-oct	2026-03-08T19:26:07Z	2026-03-09T15:02:59Z	
integrated-matrix-extension	18	Extra tag to make image preview work	closed	2026-03-08T17:20:48Z	joseemoreira	2026-03-08T17:20:10Z	2026-03-08T17:20:48Z	
integrated-matrix-extension	17	Extra tag to make image preview work	closed	2026-03-08T17:17:51Z	joseemoreira	2026-03-08T17:17:43Z	2026-03-08T17:17:51Z	
integrated-matrix-extension	15	Updates to Introduction and edits to bit locations	closed	2026-03-08T02:32:05Z	joseemoreira	2026-03-07T12:32:40Z	2026-03-08T02:32:05Z	
integrated-matrix-extension	14	Update GitHub Actions to requested versions	closed	2026-03-07T15:32:24Z	rpsene	2026-03-06T21:37:59Z	2026-03-07T15:32:24Z	
integrated-matrix-extension	12	unprivileged/integrated-matrix: Allow mixed altfmt_A ≠ altfmt_B for FP widening instructions	closed	ptomsich	2026-03-03T17:34:21Z	2026-03-06T20:13:57Z		
integrated-matrix-extension	11	unprivileged/integrated-matrix: Rename to Zvvm Family of Integrated Matrix Extensions	closed	ptomsich	2026-03-03T17:33:34Z	2026-03-06T20:13:50Z		
integrated-matrix-extension	10	unprivileged/integrated-matrix: Add microscaling support via v0.scale	closed	ptomsich	2026-03-02T01:50:10Z	2026-03-06T20:13:40Z		
integrated-matrix-extension	13	Use ghcr.io/riscv/riscv-docs-base-container-image:latest	closed	2026-03-06T16:55:26Z	rpsene	2026-03-06T14:22:21Z	2026-03-06T16:55:26Z	
integrated-matrix-extension	9	unprivileged/integrated-matrix: Disallow vector masking for multiply-accumulate	closed	2026-03-02T02:40:10Z	ptomsich	2026-03-02T01:28:16Z	2026-03-02T02:40:10Z	
integrated-matrix-extension	6	unprivileged/integrated-matrix: Restrict LMUL to integer values	closed	2026-03-01T21:09:12Z	ptomsich	2026-03-01T12:35:24Z	2026-03-01T21:09:12Z	
integrated-matrix-extension	7	unprivileged/integrated-matrix: Add C-language intrinsics	closed	2026-03-01T21:08:54Z	ptomsich	2026-03-01T12:49:31Z	2026-03-01T21:08:54Z	
integrated-matrix-extension	8	unprivileged/integrated-matrix: Specify element packing for widening operations	closed	2026-03-01T21:05:53Z	ptomsich	2026-03-01T16:42:31Z	2026-03-01T21:05:53Z	
integrated-matrix-extension	5	Clarify tail handling	closed	2026-03-01T21:01:41Z	ptomsich	2026-03-01T10:31:49Z	2026-03-01T21:01:41Z	
integrated-matrix-extension	2	Integrated matrix extension	closed	joseemoreira	2026-02-23T02:26:28Z	2026-03-01T19:23:10Z		
integrated-matrix-extension	4	unprivileged/integrated-matrix: Add arithmetic considerations section	closed	2026-02-28T21:10:37Z	ptomsich	2026-02-23T16:08:10Z	2026-02-28T21:10:38Z	
integrated-matrix-extension	3	unprivileged/integrated-matrix: Add arithmetic considerations section	closed	ptomsich	2026-02-23T16:05:05Z	2026-02-23T16:05:33Z		
integrated-matrix-extension	1	Added 'Arithmetic considerations' section	closed	2026-02-22T23:01:59Z	joseemoreira	2026-02-22T23:00:07Z	2026-02-22T23:01:59Z	
zibi	4	Update GitHub Actions to requested versions	closed	2026-03-07T15:18:34Z	rpsene	2026-03-06T21:48:05Z	2026-03-07T15:18:34Z	
zibi	3	Use ghcr.io/riscv/riscv-docs-base-container-image:latest	closed	2026-03-06T14:37:24Z	rpsene	2026-03-06T14:31:46Z	2026-03-06T14:37:24Z	
