[18:56:45] [spechunter] PR loaded: #2482 riscv/riscv-isa-manual — "Add CBO instructions to permission check text"
[18:56:45] [spechunter]   diff: 1752 chars  body: 238 chars  reviews: 0
[18:56:45] [spechunter] Global pre-filter running...
[18:56:59] [spechunter] [text] {"should_skip": false}
[18:57:01] [spechunter] pre-filter: should_skip=False reason=""
[18:57:11] [spechunter] [text] {"should_skip": false}
[18:57:14] [spechunter] [text] {"should_skip": false}
[18:57:20] [spechunter] [text] {"should_skip": false}
[18:57:20] [spechunter] [text] {"should_skip": false}
[18:57:21] [spechunter] [text] ```json {"should_skip": false} ```
[18:57:33] [spechunter] [Grep] pattern='CBO|cbo_zero|cbo_clean|cbo_flush|cbo_inval|cache.block|cache_block'
[18:57:33] [spechunter] [Grep] pattern='CBO|cbo|cache.block'
[18:57:41] [spechunter] [Read] /home/yzs/riscv/qemu/target/riscv/insn_trans/trans_rvzicbo.c.inc
[18:57:41] [spechunter] [Read] /home/yzs/riscv/qemu/target/riscv/insn32.decode
[18:57:41] [spechunter] [Grep] pattern='cbo_clean|cbo_flush|cbo_inval|cbo_zero|CBO_CLEAN|CBO_FLUSH|CBO_INVAL|CBO_ZERO'
[18:57:43] [spechunter] [Agent] description, subagent_type
[18:57:47] [spechunter] [Read] /home/yzs/riscv/qemu/target/riscv/op_helper.c
[18:57:47] [spechunter] [Grep] pattern='cbo_clean_flush|cbo_inval|cbo_zero|helper_cbo'
[18:57:49] [spechunter] [text] ```json {   "violation_condition": "The Linux kernel's page-fault handler or PMP configuration logic does not treat CBO ...
[18:57:51] [spechunter] [text] {   "violation_condition": "OpenSBI M-mode code executes cache-block management instructions (cbo.clean, cbo.flush, cbo....
[18:57:51] [spechunter] [Read] /home/yzs/riscv/qemu/target/riscv/op_helper.c
[18:58:01] [spechunter] [Grep] pattern='[Cc][Bb][Oo]'
[18:58:01] [spechunter] [Grep] pattern='CBO\\.(INVAL|CLEAN|FLUSH|ZERO)|cbo\\.(inval|clean|flush|zero)'
[18:58:01] [spechunter] [Grep] pattern='isCbo|cbo|CBO'
[18:58:01] [spechunter] [Grep] pattern='PMP|pmp|Pmp'
[18:58:01] [spechunter] [Glob] src/main/scala/**/PMP*
[18:58:08] [spechunter] [Grep] pattern='cbo\\.(clean|flush|inval|zero)'
[18:58:08] [spechunter] [Grep] pattern='\\.word\\s+0x[0-9a-fA-F]+F.*(?:clean|flush|inval|zero|CBO|cbo)'
[18:58:08] [spechunter] [Grep] pattern='CBO_INSN|_cbo_|cbo_insn|CMO_insn|CBO_ZERO|CBO_CLEAN|CBO_FLUSH|CBO_INVAL'
[18:58:08] [spechunter] [Grep] pattern='pmp_addr|pmpcfg|pmp_set|pmp_region|ePMP|mseccfg|mstatus\\.MPRV|MPRV|mstatus_mprv'
[18:58:08] [spechunter] [Grep] pattern='cbo\\.'
[18:58:08] [spechunter] [Grep] pattern='pmpcfg'
[18:58:08] [spechunter] [Grep] pattern='pmpaddr'
[18:58:08] [spechunter] [Grep] pattern='mseccfg'
[18:58:08] [spechunter] [Grep] pattern='mstatus'
[18:58:10] [spechunter] [TodoWrite] 5 items
[18:58:13] [spechunter] [Grep] pattern='cbo\\.clean|cbo\\.flush|cbo\\.inval|cbo\\.zero'
[18:58:13] [spechunter] [Grep] pattern='senvcfg\\.(CBIE|CBCFE|CBZE)'
[18:58:13] [spechunter] [Grep] pattern='hstate\\.VSCALE|xenvcfg'
[18:58:13] [spechunter] [Grep] pattern='CBO|Zicbom|Zicboz'
[18:58:13] [spechunter] [Grep] pattern='handle_misaligned_load|handle_ld_st_fault|do_page_fault|gstage_fault|pmp_check|riscv_pmp_check'
[18:58:14] [spechunter] [Read] /home/yzs/riscv/opensbi/lib/sbi/sbi_hart_pmp.c
[18:58:14] [spechunter] [Read] /home/yzs/riscv/opensbi/lib/sbi/sbi_domain.c
[18:58:14] [spechunter] [Read] /home/yzs/riscv/opensbi/include/sbi/riscv_encoding.h
[18:58:20] [spechunter] [Grep] pattern='probe_access_flags'
[18:58:20] [spechunter] [Grep] pattern='check_zicbo_envcfg|MENVCFG_CBZE|MENVCFG_CBCFE|MENVCFG_CBIE'
[18:58:24] [spechunter] [text] ```json {   "violation_condition": "FreeBSD kernel enables CBO instructions for U-mode via senvcfg.CBCFE=1 (or inherits ...
[18:58:26] [spechunter] [Read] /home/yzs/riscv/XiangShan/src/main/scala/xiangshan/backend/fu/PMP.scala
[18:58:26] [spechunter] [Read] /home/yzs/riscv/XiangShan/src/main/scala/xiangshan/backend/fu/NewCSR/PMPEntryModule.scala
[18:58:26] [spechunter] [Read] /home/yzs/riscv/XiangShan/src/main/scala/xiangshan/PMParameters.scala
[18:58:26] [spechunter] [Read] /home/yzs/riscv/XiangShan/src/main/scala/xiangshan/backend/fu/CSR.scala
[18:58:26] [spechunter] [Read] /home/yzs/riscv/XiangShan/src/main/scala/xiangshan/cache/dcache/DCacheWrapper.scala
[18:58:26] [spechunter] [Read] /home/yzs/riscv/XiangShan/src/main/scala/xiangshan/cache/mmu/TLB.scala
[18:58:31] [spechunter] [Grep] pattern='cbo'
[18:58:31] [spechunter] [Grep] pattern='CMO|cache.block|cache.manage|cache.block.zero'
[18:58:31] [spechunter] [Grep] pattern='Zicbom|Zicboz|Zicbop'
[18:58:31] [spechunter] [Grep] pattern='permission'
[18:58:35] [spechunter] [text] Let me start by exploring the RISC-V architecture code for page fault handling, CBO (Cache Block Operations), and PMP lo...
[18:58:35] [spechunter] [Agent] description, prompt
[18:58:35] [spechunter] [Agent] description, prompt
[18:58:38] [spechunter] [text] Let me now look at the key files more deeply for CBO-related patterns in the context of PMP and domain security.  
[18:58:38] [spechunter] [Grep] pattern='CBO|cbo|cache.?block|CMO|cmo|clean.?cache|flush.?cache|inval.?cache|cache.?zero'
[18:58:38] [spechunter] [Grep] pattern='ENVCFG_CBZE|ENVCFG_CBCFE|ENVCFG_CBIE|menvcfg|MENVCFG|senvcfg'
[18:58:38] [spechunter] [Grep] pattern='sbi_unpriv|unpriv|mstatus_smode_load|mstatus_xmode_load|trap_redirect|load_emulate|store_emulate'
[18:58:40] [spechunter] [Read] /home/yzs/riscv/opensbi/lib/sbi/sbi_illegal_insn.c
[18:58:40] [spechunter] [Read] /home/yzs/riscv/opensbi/lib/sbi/sbi_hart_pmp.c
[18:58:40] [spechunter] [Grep] pattern='MISALIGNED_LOAD|MISALIGNED_STORE|ILLEGAL_INSN|VIRTUAL_INSN'
[18:58:41] [spechunter] [Grep] pattern='cbo\\.(clean|flush|inval|zero)'
[18:58:45] [spechunter] [Grep] pattern='senvcfg'
[18:58:45] [spechunter] [Grep] pattern='menvcfg'
[18:58:45] [spechunter] [Grep] pattern='cbo\\.(clean|flush|inval|zero)'
[18:58:45] [spechunter] [Grep] pattern='stval'
[18:58:45] [spechunter] [Grep] pattern='scause'
[18:58:45] [spechunter] [TodoWrite] 5 items
[18:58:51] [spechunter] [Grep] pattern='CBIE|CBCFE|CBZE'
[18:58:51] [spechunter] [Grep] pattern='VSCALE'
[18:58:51] [spechunter] [Grep] pattern='xenvcfg|XENVCFG'
[18:58:51] [spechunter] [Grep] pattern='ENVCFG|envcfg'
[18:58:51] [spechunter] [Grep] pattern='do_page_fault|gstage_fault'
[18:58:53] [spechunter] [Read] /home/yzs/riscv/opensbi/lib/sbi/sbi_hart.c
[18:58:53] [spechunter] [Read] /home/yzs/riscv/opensbi/lib/sbi/sbi_unpriv.c
[18:58:53] [spechunter] [Read] /home/yzs/riscv/opensbi/lib/sbi/sbi_trap_ldst.c
[18:59:02] [spechunter] [Read] /home/yzs/riscv/freebsd-src/sys/riscv/riscv/trap.c
[18:59:02] [spechunter] [Grep] pattern='CBCFE|CBO|senvcfg|menvcfg|cbo\\.'
[18:59:02] [spechunter] [Grep] pattern='CBCFE|CBO|senvcfg|menvcfg'
[18:59:03] [spechunter] [Read] /home/yzs/riscv/XiangShan/src/main/scala/xiangshan/backend/fu/wrapper/CSR.scala
[18:59:03] [spechunter] [Read] /home/yzs/riscv/XiangShan/src/main/scala/xiangshan/cache/mmu/MMUConst.scala
[18:59:03] [spechunter] [Read] /home/yzs/riscv/XiangShan/src/main/scala/xiangshan/cache/mmu/MMUBundle.scala
[18:59:03] [spechunter] [Read] /home/yzs/riscv/XiangShan/src/main/scala/xiangshan/package.scala
[18:59:03] [spechunter] [Read] /home/yzs/riscv/XiangShan/src/main/scala/xiangshan/Parameters.scala
[18:59:03] [spechunter] [Read] /home/yzs/riscv/opensbi/lib/sbi/sbi_trap_ldst.c
[18:59:03] [spechunter] [Read] /home/yzs/riscv/opensbi/lib/sbi/sbi_unpriv.c
[18:59:03] [spechunter] [Grep] pattern='domain.*flush|domain.*switch|sbi_domain.*switch|domain_context'
[18:59:08] [spechunter] [text] Let me now search for the additional vulnerability patterns and read key files for context.  
[18:59:08] [spechunter] [Grep] pattern='CBCFE|CBCE|CBZE'
[18:59:08] [spechunter] [Grep] pattern='SCAUSE_STORE_PAGE_FAULT|SCAUSE_LOAD_PAGE_FAULT|SCAUSE_INST_PAGE_FAULT'
[18:59:08] [spechunter] [Grep] pattern='page_fault|data_abort'
[18:59:08] [spechunter] [Read] /home/yzs/riscv/freebsd-src/sys/riscv/riscv/cbo.c
[18:59:08] [spechunter] [Read] /home/yzs/riscv/freebsd-src/sys/riscv/riscv/trap.c
[18:59:10] [spechunter] [Read] /home/yzs/riscv/opensbi/lib/sbi/sbi_domain_context.c
[18:59:10] [spechunter] [Read] /home/yzs/riscv/opensbi/lib/sbi/sbi_hsm.c
[18:59:10] [spechunter] [Read] /home/yzs/riscv/opensbi/lib/sbi/sbi_init.c
[18:59:10] [spechunter] [Grep] pattern='Zicbom|Zicboz|Zicbop'
[18:59:10] [spechunter] [Grep] pattern='Zicbom|Zicboz|Zicbop'
[18:59:10] [spechunter] [Grep] pattern='Zicbom|Zicboz|Zicbop'
[18:59:10] [spechunter] [Grep] pattern='Zicbom|Zicboz|Zicbop'
[18:59:10] [spechunter] [Grep] pattern='cache\\.block|cacheblock|CACHE_BLOCK'
[18:59:10] [spechunter] [Grep] pattern='CBO|cbo_'
[18:59:10] [spechunter] [Grep] pattern='CMO|cache.management'
[18:59:10] [spechunter] [Grep] pattern='CBIE|CBCFE|CBZE'
[18:59:10] [spechunter] [Grep] pattern='xenvcfg|senvcfg|ENVCFG'
[18:59:10] [spechunter] [Grep] pattern='cbo\\.(clean|flush|inval|zero)'
[18:59:11] [spechunter] [Grep] pattern='do_page_fault|handle_misaligned_load|handle_ld_st_fault'
[18:59:11] [spechunter] [Grep] pattern='kvm_riscv_vcpu_trap|gstage_fault'
[18:59:11] [spechunter] [Grep] pattern='pmp_check|riscv_pmp_check'
[18:59:11] [spechunter] [Grep] pattern='Zicbom|Zicboz|CBO|cbo'
[18:59:11] [spechunter] [Grep] pattern='Zicbom|Zicboz|CBO|cbo'
[18:59:11] [spechunter] [Grep] pattern='_PAGE_READ|_PAGE_WRITE|ptep_set_access_flags'
[18:59:11] [spechunter] [Grep] pattern='Zicbom|Zicboz|CBO|cbo'
[18:59:18] [spechunter] [text] Let me read the key CBO-related files for more detailed context.  
[18:59:18] [spechunter] [Read] /home/yzs/riscv/linux/arch/riscv/kvm/vcpu.c
[18:59:18] [spechunter] [Read] /home/yzs/riscv/linux/arch/riscv/kernel/cpufeature.c
[18:59:18] [spechunter] [Read] /home/yzs/riscv/linux/arch/riscv/include/asm/csr.h
[18:59:18] [spechunter] [Grep] pattern='ZICBOM|ZICBOZ|zicbom|zicboz'
[18:59:21] [spechunter] [Read] /home/yzs/riscv/opensbi/lib/sbi/sbi_domain_context.c
[18:59:21] [spechunter] [Grep] pattern='ENVCFG_CBZE|ENVCFG_CBCFE|ENVCFG_CBIE|menvcfg|senvcfg'
[18:59:21] [spechunter] [Grep] pattern='PMP_|PMPCFG|pmp_set|pmp_disable'
[18:59:22] [spechunter] [text] Now let me look deeper at the key files and trace the related paths.  
[18:59:22] [spechunter] [Read] /home/yzs/riscv/freebsd-src/sys/riscv/riscv/cbo.c
[18:59:22] [spechunter] [Read] /home/yzs/riscv/freebsd-src/sys/riscv/include/cbo.h
[18:59:22] [spechunter] [Read] /home/yzs/riscv/freebsd-src/sys/riscv/include/riscvreg.h
[18:59:25] [spechunter] [text] Let me read the remaining key files for complete coverage.  
[18:59:25] [spechunter] [Read] /home/yzs/riscv/freebsd-src/sys/riscv/include/riscvreg.h
[18:59:25] [spechunter] [Read] /home/yzs/riscv/freebsd-src/sys/riscv/include/riscvreg.h
[18:59:25] [spechunter] [Read] /home/yzs/riscv/freebsd-src/sys/riscv/vmm/riscv.h
[18:59:25] [spechunter] [Read] /home/yzs/riscv/freebsd-src/sys/riscv/vmm/vmm_riscv.c
[18:59:25] [spechunter] [Read] /home/yzs/riscv/freebsd-src/sys/riscv/riscv/exception.S
[18:59:31] [spechunter] [Read] /home/yzs/riscv/linux/arch/riscv/include/asm/insn-def.h
[18:59:31] [spechunter] [Read] /home/yzs/riscv/linux/arch/riscv/include/asm/csr.h
[18:59:31] [spechunter] [Read] /home/yzs/riscv/linux/arch/riscv/kernel/cpufeature.c
[18:59:31] [spechunter] [Read] /home/yzs/riscv/linux/arch/riscv/mm/cacheflush.c
[18:59:31] [spechunter] [Read] /home/yzs/riscv/linux/arch/riscv/lib/clear_page.S
[18:59:31] [spechunter] [Read] /home/yzs/riscv/linux/arch/riscv/include/asm/cacheflush.h
[18:59:31] [spechunter] [Read] /home/yzs/riscv/linux/arch/riscv/mm/dma-noncoherent.c
[18:59:31] [spechunter] [Read] /home/yzs/riscv/linux/arch/riscv/mm/pmem.c
[18:59:31] [spechunter] [Read] /home/yzs/riscv/linux/arch/riscv/include/asm/dma-noncoherent.h
[18:59:34] [spechunter] [text] Let me check a few more files for completeness.  
[18:59:34] [spechunter] [Grep] pattern='CBCFE|CBZE|CBIE|SENVCFG'
[18:59:34] [spechunter] [Grep] pattern='senvcfg|SENVCFG'
[18:59:34] [spechunter] [Read] /home/yzs/riscv/freebsd-src/sys/riscv/include/encoding.h
[18:59:34] [spechunter] [Read] /home/yzs/riscv/freebsd-src/sys/riscv/include/frame.h
[18:59:35] [spechunter] [Read] /home/yzs/riscv/opensbi/lib/sbi/sbi_hart.c
[18:59:35] [spechunter] [Read] /home/yzs/riscv/opensbi/lib/sbi/riscv_asm.c
[18:59:35] [spechunter] [Grep] pattern='MSECCFG|mseccfg'
[18:59:35] [spechunter] [Grep] pattern='emulate.*pmp|pmp.*emu|emulate_csr.*pmp'
[18:59:39] [spechunter] [text] Let me search for more specific CBO-related page fault and permission patterns.  
[18:59:39] [spechunter] [Grep] pattern='cbo|zicbom|zicboz'
[18:59:39] [spechunter] [Grep] pattern='cbo|zicbom|zicboz'
[18:59:39] [spechunter] [Grep] pattern='cbo|zicbom|zicboz'
[18:59:39] [spechunter] [Grep] pattern='_PAGE_READ|_PAGE_WRITE|_PAGE_EXEC'
[18:59:39] [spechunter] [Grep] pattern='do_page_fault|handle_page_fault'
[18:59:40] [spechunter] [Read] /home/yzs/riscv/XiangShan/src/main/scala/xiangshan/backend/decode/DecodeUnit.scala
[18:59:40] [spechunter] [Grep] pattern='CBO|isCbo|cbo|CmoCfg'
[18:59:40] [spechunter] [Grep] pattern='isCbo|cbo_|cmo|Cmo'
[18:59:40] [spechunter] [Grep] pattern='cbo|isCbo|Cmo'
[18:59:40] [spechunter] [Grep] pattern='cbo|isCbo|Cmo'
[18:59:41] [spechunter] [Grep] pattern='pmp_check|pmp'
[18:59:41] [spechunter] [Grep] pattern='pmp_check|pmp'
[18:59:41] [spechunter] [Grep] pattern='cbo|CBO'
[18:59:41] [spechunter] [Grep] pattern='_PAGE_READ|_PAGE_WRITE|ptep_set_access_flags'
[18:59:41] [spechunter] [Grep] pattern='gstage_fault'
[18:59:41] [spechunter] [Grep] pattern='kvm_riscv_vcpu_trap'
[18:59:49] [spechunter] [Read] /home/yzs/riscv/opensbi/lib/sbi/sbi_emulate_csr.c
[18:59:49] [spechunter] [Grep] pattern='pmp_set|pmp_addr|pmpcfg'
[18:59:49] [spechunter] [Grep] pattern='cbo_insn|INSN_PSEUDO_CBO'
[18:59:50] [spechunter] [Read] /home/yzs/riscv/freebsd-src/sys/riscv/riscv/identcpu.c
[18:59:50] [spechunter] [Read] /home/yzs/riscv/freebsd-src/sys/riscv/riscv/swtch.S
[18:59:50] [spechunter] [Read] /home/yzs/riscv/freebsd-src/sys/riscv/vmm/riscv.h
[18:59:53] [spechunter] [Grep] pattern='isCbo|wlineflag|Cmo'
[18:59:53] [spechunter] [Grep] pattern='CmoCfg|Cmo|CBO|isCbo'
[18:59:53] [spechunter] [Grep] pattern='cmo|cbo|CBO|CMO'
[18:59:53] [spechunter] [Read] /home/yzs/riscv/XiangShan/src/main/scala/xiangshan/backend/decode/DecodeUnit.scala
[18:59:55] [spechunter] [Grep] pattern='gstage_fault'
[18:59:55] [spechunter] [Grep] pattern='PMP|pmp'
[18:59:55] [spechunter] [Grep] pattern='do_page_fault'
[18:59:55] [spechunter] [Read] /home/yzs/riscv/linux/arch/riscv/kernel/traps_misaligned.c
[18:59:55] [spechunter] [Read] /home/yzs/riscv/linux/arch/riscv/kernel/traps.c
[18:59:57] [spechunter] [Grep] pattern='ALT_CMO_OP'
[18:59:57] [spechunter] [Read] /home/yzs/riscv/linux/arch/riscv/include/asm/errata_list.h
[18:59:57] [spechunter] [Read] /home/yzs/riscv/linux/arch/riscv/kvm/vcpu.c
[18:59:57] [spechunter] [Read] /home/yzs/riscv/linux/arch/riscv/kvm/vcpu_onereg.c
[18:59:57] [spechunter] [Read] /home/yzs/riscv/linux/arch/riscv/kernel/sys_hwprobe.c
[18:59:57] [spechunter] [Read] /home/yzs/riscv/linux/arch/riscv/kernel/setup.c
[18:59:58] [spechunter] [Read] /home/yzs/riscv/freebsd-src/sys/riscv/vmm/vmm_riscv.c
[18:59:58] [spechunter] [Read] /home/yzs/riscv/freebsd-src/sys/riscv/vmm/vmm_riscv.c
[18:59:58] [spechunter] [Read] /home/yzs/riscv/freebsd-src/sys/riscv/vmm/vmm_riscv.c
[19:00:01] [spechunter] [Read] /home/yzs/riscv/opensbi/lib/sbi/sbi_trap.c
[19:00:01] [spechunter] [Read] /home/yzs/riscv/opensbi/lib/sbi/sbi_expected_trap.S
[19:00:01] [spechunter] [Read] /home/yzs/riscv/opensbi/lib/sbi/sbi_domain.c
[19:00:03] [spechunter] [text] Now let me look at the key access-check function more carefully and what the spec expects.  
[19:00:03] [spechunter] [Read] /home/yzs/riscv/qemu/target/riscv/op_helper.c
[19:00:03] [spechunter] [Grep] pattern='MMU_DATA_LOAD|MMU_DATA_STORE'
[19:00:12] [spechunter] [text] Let me check the remaining search paths and vulnerability patterns.  
[19:00:12] [spechunter] [Grep] pattern='senvcfg|menvcfg|cbo\\.|stval|scause'
[19:00:12] [spechunter] [Grep] pattern='senvcfg|menvcfg|cbo\\.|stval|scause'
[19:00:12] [spechunter] [Grep] pattern='SCAUSE_STORE_PAGE_FAULT|SCAUSE_LOAD_PAGE_FAULT|SCAUSE_FETCH_GUEST_PAGE_FAULT|SCAUSE_LOAD_GUEST_PAGE_FAULT|SCAUSE_STORE_GUEST_PAGE_FAULT'
[19:00:12] [spechunter] [Read] /home/yzs/riscv/freebsd-src/sys/riscv/include/cbo.h
[19:00:16] [spechunter] [Read] /home/yzs/riscv/linux/arch/riscv/mm/fault.c
[19:00:16] [spechunter] [Read] /home/yzs/riscv/linux/arch/riscv/include/asm/insn-def.h
[19:00:16] [spechunter] [Read] /home/yzs/riscv/linux/arch/riscv/include/asm/errata_list.h
[19:00:16] [spechunter] [Read] /home/yzs/riscv/linux/arch/riscv/mm/cacheflush.c
[19:00:16] [spechunter] [Grep] pattern='kvm_riscv_vcpu_trap|gstage_page_fault'
[19:00:18] [spechunter] [TodoWrite] 5 items
[19:00:22] [spechunter] [text] Let me check a few more relevant files.  
[19:00:22] [spechunter] [Read] /home/yzs/riscv/opensbi/lib/sbi/sbi_fwft.c
[19:00:22] [spechunter] [Read] /home/yzs/riscv/opensbi/lib/sbi/sbi_expected_trap.S
[19:00:24] [spechunter] [Grep] pattern='gstage|kvm_riscv_trap|vmid'
[19:00:24] [spechunter] [Glob] arch/riscv/kvm/**/*.c
[19:00:24] [spechunter] [Glob] arch/riscv/kvm/**/*.h
[19:00:24] [spechunter] [Grep] pattern='handle_misaligned'
[19:00:24] [spechunter] [Grep] pattern='handle_ld_st_fault'
[19:00:24] [spechunter] [Read] /home/yzs/riscv/linux/arch/riscv/include/asm/csr.h
[19:00:28] [spechunter] [Read] /home/yzs/riscv/opensbi/lib/sbi/sbi_domain.c
[19:00:28] [spechunter] [Read] /home/yzs/riscv/opensbi/lib/sbi/sbi_hart.c
[19:00:28] [spechunter] [Read] /home/yzs/riscv/opensbi/platform/generic/mips/boston.c
[19:00:28] [spechunter] [Grep] pattern='mstatus.*domain|domain.*mstatus|sbi_domain_check|domain_check_addr'
[19:00:30] [spechunter] [Grep] pattern='ZICBO|Zicbo|cbo\\.|CBO'
[19:00:30] [spechunter] [Grep] pattern='ZICBO|Zicbo|CBO|cbo|CMO'
[19:00:30] [spechunter] [Grep] pattern='illegal|ILLEGAL|do_trap_insn_illegal'
[19:00:30] [spechunter] [Read] /home/yzs/riscv/linux/arch/riscv/kernel/module.c
[19:00:30] [spechunter] [Read] /home/yzs/riscv/linux/arch/riscv/include/uapi/asm/hwprobe.h
[19:00:30] [spechunter] [Read] /home/yzs/riscv/linux/arch/riscv/include/uapi/asm/kvm.h
[19:00:30] [spechunter] [Read] /home/yzs/riscv/linux/tools/testing/selftests/riscv/hwprobe/cbo.c
[19:00:40] [spechunter] [text] Now let me check how the TLB/MMU path handles PMP for these access types.  
[19:00:40] [spechunter] [Grep] pattern='probe_access_flags|probe_write\\b'
[19:00:40] [spechunter] [Grep] pattern='MMU_DATA_LOAD|MMU_DATA_STORE'
[19:00:41] [spechunter] [Agent] description, subagent_type
[19:00:41] [spechunter] [Grep] pattern='[Cc][Bb][Oo]|[Cc]ache[Bb]lock'
[19:00:41] [spechunter] [Grep] pattern='pmp.*check|PMP.*perm|pmpRead|pmpWrite|pmpExec|pmpCheck'
[19:00:42] [spechunter] [Grep] pattern='__do_page_fault|handle_page_fault|no_context|page_fault_oops'
[19:00:42] [spechunter] [Grep] pattern='handle_misaligned|handle_page_fault|do_page_fault'
[19:00:42] [spechunter] [Grep] pattern='kvm_riscv_vcpu_trap'
[19:00:42] [spechunter] [Grep] pattern='[Pp][Mm][Pp]'
[19:00:42] [spechunter] [Grep] pattern='CBO|cbo\\.Zicbom|cbo\\.zicbom|riscv_cbo'
[19:00:44] [spechunter] [text] Now let me trace the VMM/bhyve trap paths and pmap layer.  
[19:00:44] [spechunter] [Glob] sys/riscv/vmm/*.c
[19:00:44] [spechunter] [Glob] sys/riscv/riscv/exception.S
[19:00:44] [spechunter] [Grep] pattern='senvcfg|menvcfg|CBCFE|CBIE|CBZE'
[19:00:46] [spechunter] [Read] /home/yzs/riscv/linux/arch/riscv/kvm/vcpu_exit.c
[19:00:46] [spechunter] [Grep] pattern='mstatus|sstatus'
[19:00:46] [spechunter] [Grep] pattern='EXC_STORE_PAGE_FAULT|EXC_LOAD_PAGE_FAULT|EXC_INST_PAGE_FAULT'
[19:00:46] [spechunter] [Grep] pattern='cbo.*permission|permission.*cbo|CMO.*load.*store|load.*store.*CMO'
[19:00:53] [spechunter] [Grep] pattern='cbo|zicbom|zicboz|cmop|clean|flush|inval'
[19:00:53] [spechunter] [Grep] pattern='fault|page_fault|gstage'
[19:00:53] [spechunter] [Glob] arch/riscv/mm/*.c
[19:00:53] [spechunter] [Glob] arch/riscv/include/asm/pgtable*.h
[19:00:53] [spechunter] [Read] /home/yzs/riscv/freebsd-src/sys/riscv/vmm/vmm.c
[19:00:53] [spechunter] [Grep] pattern='HENVCFG_CBCFE|HENVCFG_CBZE|HENVCFG_CBIE'
[19:01:00] [spechunter] [text] Let me search for any additional references to CBO in documentation or comments.  
[19:01:00] [spechunter] [Grep] pattern='cache.block|cache.manage|cbo|CMO|cache.operation'
[19:01:00] [spechunter] [Grep] pattern='permission.*check|check.*permission|access.*fault|page.*fault'
[19:01:00] [spechunter] [Read] /home/yzs/riscv/opensbi/include/sbi/riscv_encoding.h
[19:01:01] [spechunter] [Grep] pattern='CSR_SENVCFG|CSR_HENVCFG|CSR_MENVCFG|CSR_ENVCFG'
[19:01:01] [spechunter] [Grep] pattern='CSR_SSTATUS|SSTATUS'
[19:01:01] [spechunter] [Read] /home/yzs/riscv/linux/arch/riscv/mm/dma-noncoherent.c
[19:01:01] [spechunter] [Grep] pattern='handle_misaligned_load|handle_misaligned_store'
[19:01:01] [spechunter] [Grep] pattern='handle_ld_st_fault'
[19:01:02] [spechunter] [Grep] pattern='[Cc][Bb][Oo]'
[19:01:02] [spechunter] [Grep] pattern='[Cc]ache[Bb]lock[Oo]p'
[19:01:02] [spechunter] [Grep] pattern='cache_block|cacheblock'
[19:01:02] [spechunter] [Grep] pattern='PMP.*permission|pmp.*check|PmpCheck'
[19:01:02] [spechunter] [Grep] pattern='TLB.*perm|tlb.*permission|PageTableWalker|PTW'
[19:01:09] [spechunter] [Read] /home/yzs/riscv/freebsd-src/sys/riscv/vmm/vmm.c
[19:01:09] [spechunter] [Read] /home/yzs/riscv/freebsd-src/sys/riscv/vmm/vmm_riscv.c
[19:01:09] [spechunter] [Grep] pattern='Zicbom|Zicboz|cbo\\.'
[19:01:09] [spechunter] [Grep] pattern='kvm_riscv_vcpu_trap'
[19:01:09] [spechunter] [Read] /home/yzs/riscv/linux/arch/riscv/mm/fault.c
[19:01:20] [spechunter] [Read] /home/yzs/riscv/freebsd-src/sys/riscv/riscv/exception.S
[19:01:20] [spechunter] [Grep] pattern='scause|stval|SSTATUS_SUM|data_abort'
[19:01:20] [spechunter] [Grep] pattern='vm_fault_trap|vm_fault\\b'
[19:01:26] [spechunter] [text] Let me also look at the `probe_access_flags` return behavior to confirm the fallthrough path.  
[19:01:26] [spechunter] [Grep] pattern='TLB_INVALID_MASK'
[19:01:26] [spechunter] [Grep] pattern='int probe_access_flags\\b'
[19:01:27] [spechunter] [Read] /home/yzs/riscv/XiangShan/src/main/scala/xiangshan/package.scala
[19:01:27] [spechunter] [Read] /home/yzs/riscv/XiangShan/src/main/scala/xiangshan/backend/fu/PMP.scala
[19:01:27] [spechunter] [Read] /home/yzs/riscv/XiangShan/src/main/scala/xiangshan/cache/mmu/TLB.scala
[19:01:27] [spechunter] [Read] /home/yzs/riscv/XiangShan/src/main/scala/xiangshan/cache/mmu/PageTableWalker.scala
[19:01:27] [spechunter] [Read] /home/yzs/riscv/XiangShan/src/main/scala/xiangshan/Parameters.scala
[19:01:30] [spechunter] [Grep] pattern='pmp_check|riscv_pmp_check|__pmp_check'
[19:01:30] [spechunter] [Read] /home/yzs/riscv/linux/arch/riscv/mm/cache-ops.c
[19:01:31] [spechunter] [text] Now let me trace the vm_fault_trap and pmap_fault implementations, and the VMM unprivileged trap handler.  
[19:01:31] [spechunter] [Grep] pattern='vm_fault_trap'
[19:01:31] [spechunter] [Grep] pattern='pmap_fault'
[19:01:31] [spechunter] [Grep] pattern='vmm_unpriv_trap'
[19:01:32] [spechunter] [text] Now let me check a few more relevant paths for semantic context.  
[19:01:32] [spechunter] [Grep] pattern='mstatus_init|mstatus_reinit|sbi_hart_reinit|hart_protection_configure|sbi_hsm_hart_resume_finish'
[19:01:32] [spechunter] [Read] /home/yzs/riscv/opensbi/lib/sbi/sbi_hart_protection.h
[19:01:32] [spechunter] [Grep] pattern='sbi_domain_thishart_ptr|struct sbi_domain'
[19:01:55] [spechunter] [Read] /home/yzs/riscv/XiangShan/src/main/scala/xiangshan/cache/dcache/DCacheWrapper.scala
[19:01:55] [spechunter] [Read] /home/yzs/riscv/XiangShan/src/main/scala/xiangshan/cache/mmu/MMUBundle.scala
[19:01:55] [spechunter] [Read] /home/yzs/riscv/XiangShan/src/main/scala/xiangshan/mem/lsqueue/LoadQueueData.scala
[19:01:55] [spechunter] [Grep] pattern='TlbCmd|TlbCmd\\.(read|write|exec|isRead|isWrite|isExec|isAmo|isPrefetch)'
[19:01:55] [spechunter] [Grep] pattern='isCbo|isPrefetch|accessType.*cbo|cbo.*exec'
[19:01:57] [spechunter] [Grep] pattern='cbo|CMO|Zicbom|Zicboz|illegal|CMO'
[19:01:57] [spechunter] [Grep] pattern='cbo|CMO|Zicbom|Zicboz|illegal'
[19:01:57] [spechunter] [Grep] pattern='CMO|cbo|Zicbo|CACHE|noncoherent'
[19:01:57] [spechunter] [Grep] pattern='CMO|cbo|Zicbo|CACHE|noncoherent'
[19:01:57] [spechunter] [Grep] pattern='envcfg|ENVCFG|senvcfg'
[19:01:57] [spechunter] [Read] /home/yzs/riscv/linux/arch/riscv/Makefile
[19:01:57] [spechunter] [Grep] pattern='cbo|CMO|Zicbom|Zicboz'
[19:02:04] [spechunter] [text] Prompt is too long
[19:02:16] [spechunter] [text] ```json {   "locations": [     {       "file_path": "sys/riscv/include/riscvreg.h",       "function_name": null,       "...
[19:02:17] [spechunter] [Grep] pattern='ZICBOM|ZICBOZ|ZICBOP|ZICB'
[19:02:17] [spechunter] [Grep] pattern='zicbom|zicboz|cbo|CMO|CBO'
[19:02:17] [spechunter] [Grep] pattern='cbo|illegal|CMO'
[19:02:17] [spechunter] [Grep] pattern='envcfg|ENVCFG|senvcfg'
[19:02:17] [spechunter] [Grep] pattern='envcfg|ENVCFG'
[19:02:17] [spechunter] [Grep] pattern='envcfg|ENVCFG'
[19:02:17] [spechunter] [Grep] pattern='envcfg|ENVCFG'
[19:02:20] [spechunter] [Read] /home/yzs/riscv/XiangShan/src/main/scala/xiangshan/mem/pipeline/NewStoreUnit.scala
[19:02:20] [spechunter] [Read] /home/yzs/riscv/XiangShan/src/main/scala/xiangshan/mem/pipeline/NewStoreUnit.scala
[19:02:20] [spechunter] [Read] /home/yzs/riscv/XiangShan/src/main/scala/xiangshan/mem/pipeline/package.scala
[19:02:20] [spechunter] [Read] /home/yzs/riscv/XiangShan/src/main/scala/xiangshan/mem/pipeline/package.scala
[19:02:20] [spechunter] [Grep] pattern='ifetch.*pmp|IFetch.*PMP|pmp.*instr|itlb.*pmp|PMPCheck.*exec'
[19:02:20] [spechunter] [Read] /home/yzs/riscv/XiangShan/src/main/scala/xiangshan/cache/mmu/TLB.scala
[19:02:25] [spechunter] [Read] /home/yzs/riscv/freebsd-src/sys/vm/vm_fault.c
[19:02:25] [spechunter] [Read] /home/yzs/riscv/freebsd-src/sys/riscv/riscv/pmap.c
[19:02:25] [spechunter] [Read] /home/yzs/riscv/freebsd-src/sys/riscv/vmm/vmm_switch.S
[19:02:30] [spechunter] [Read] /home/yzs/riscv/XiangShan/src/main/scala/xiangshan/frontend/icache/ICacheMainPipe.scala
[19:02:30] [spechunter] [Read] /home/yzs/riscv/XiangShan/src/main/scala/xiangshan/mem/pipeline/NewStoreUnit.scala
[19:02:30] [spechunter] [Grep] pattern='isCbo.*tlb|tlb.*cbo|cbo.*permission|CBO.*perm|cbo.*PMP'
[19:02:30] [spechunter] [Read] /home/yzs/riscv/XiangShan/src/main/scala/xiangshan/mem/lsqueue/LSQCommon.scala
[19:02:34] [spechunter] [text] Here is the comprehensive codebase search result:  ```json {   "locations": [     {       "file_path": "include/sbi/risc...
[19:02:38] [spechunter] [text] Now let me check the VMM switch code start and the vm_fault function to trace the full call chain.  
[19:02:38] [spechunter] [Read] /home/yzs/riscv/freebsd-src/sys/riscv/vmm/vmm_switch.S
[19:02:38] [spechunter] [Read] /home/yzs/riscv/freebsd-src/sys/riscv/riscv/pmap.c
[19:02:47] [spechunter] [text] ```json {   "locations": [     {       "file_path": "arch/riscv/include/asm/insn-def.h",       "function_name": null,   ...
[19:02:56] [spechunter] [Bash] Check recent commits for the CBO permission text PR
[19:02:56] [spechunter] [Glob] **/*CBO*
[19:02:56] [spechunter] [Bash] Check if PR #2243 changes are already in the repo
[19:02:56] [spechunter] [text] Let me check the startup/CSR configuration path and the vm_fault implementation for the full fault-handling logic.  
[19:02:56] [spechunter] [Grep] pattern='senvcfg|menvcfg'
[19:02:56] [spechunter] [Read] /home/yzs/riscv/freebsd-src/sys/vm/vm_fault.c
[19:03:10] [spechunter] [Read] /home/yzs/riscv/XiangShan/src/main/scala/xiangshan/backend/decode/DecodeUnit.scala
[19:03:10] [spechunter] [Grep] pattern='cbo|CBO|Cbo|cache.block|cacheblock'
[19:03:13] [spechunter] [text] Now I have a clear picture of QEMU's CBO implementation. Let me analyze the security implications.  ```json {   "violati...
[19:03:22] [spechunter] [Grep] pattern='^vm_fault\\(|vm_fault_trap|fault_type|VM_PROT_WRITE|copy.on.write|stack.?grow|VM_FAULT_NORMAL'
[19:03:22] [spechunter] [Grep] pattern='SSTATUS_SUM|memcpy|copyin|copyout|fuword|suword.*stval|SSTATUS_SUM.*page_fault'
[19:03:28] [spechunter] [TodoWrite] 6 items
[19:03:30] [spechunter] [text] Let me check the copyinout code and the pcb_onfault mechanism, which is the kernel's user-memory-access fault recovery. ...
[19:03:30] [spechunter] [Read] /home/yzs/riscv/freebsd-src/sys/riscv/riscv/copyinout.S
[19:03:30] [spechunter] [Grep] pattern='pcb_onfault'
[19:03:33] [spechunter] [Grep] pattern='cbo\\.clean|cbo\\.flush|cbo\\.inval|cbo\\.zero'
[19:03:33] [spechunter] [Grep] pattern='check_zicbom_access'
[19:03:33] [spechunter] [Grep] pattern='helper_cbo_clean_flush|helper_cbo_inval|helper_cbo_zero'
[19:03:33] [spechunter] [Grep] pattern='CBO_CLEAN|CBO_FLUSH|CBO_INVAL|CBO_ZERO'
[19:03:34] [spechunter] [Bash] Search for CBO-related commits
[19:03:34] [spechunter] [Bash] Search for permission check commits
[19:03:34] [spechunter] [Grep] pattern='CBO|cbo\\.zero|cbo\\.clean|cbo\\.flush|cbo\\.inval|CMO.*permission|cache.block.*permission'
[19:03:39] [spechunter] [Grep] pattern='prefetch|cbo|CBO|isPref|isCbo|Atom|atomic'
[19:03:39] [spechunter] [Grep] pattern='cbo|CBO|prefetch|isPref'
[19:03:39] [spechunter] [Grep] pattern='cbo|CBO|prefetch|isPref'
[19:03:41] [spechunter] [Read] /home/yzs/riscv/qemu/target/riscv/op_helper.c
[19:03:41] [spechunter] [Grep] pattern='helper_cbo_clean_flush|helper_cbo_inval|helper_cbo_zero'
[19:03:41] [spechunter] [Grep] pattern='probe_access_flags'
[19:03:50] [spechunter] [text] Let me read the key source files for precise line ranges.  
[19:03:50] [spechunter] [Read] /home/yzs/riscv/qemu/target/riscv/insn_trans/trans_rvzicbo.c.inc
[19:03:50] [spechunter] [Read] /home/yzs/riscv/qemu/target/riscv/op_helper.c
[19:03:52] [spechunter] [Read] /home/yzs/riscv/qemu/target/riscv/op_helper.c
[19:03:52] [spechunter] [Read] /home/yzs/riscv/qemu/target/riscv/insn_trans/trans_rvzicbo.c.inc
[19:03:52] [spechunter] [Grep] pattern='probe_access_flags'
[19:03:53] [spechunter] [Glob] **/*domain*.md
[19:03:53] [spechunter] [Glob] docs/**/*.md
[19:03:53] [spechunter] [Grep] pattern='CBO|cbo.zero|cbo.clean|permission check|load.*store.*permission'
[19:04:04] [spechunter] [Grep] pattern='cbo|cbo_zero|cbo_clean|cbo_flush|cbo_inval|isCbo'
[19:04:04] [spechunter] [Read] /home/yzs/riscv/XiangShan/src/main/scala/xiangshan/cache/mmu/MMUBundle.scala
[19:04:05] [spechunter] [Read] /home/yzs/riscv/opensbi/docs/domain_support.md
[19:04:07] [spechunter] [text] Let me also check the disassembler and any other references to CBO instructions.  
[19:04:07] [spechunter] [Grep] pattern='cbo'
[19:04:07] [spechunter] [Grep] pattern='zicbom|zicboz|Zicbom|Zicboz'
[19:04:07] [spechunter] [Grep] pattern='check_zicbo_envcfg|MENVCFG_CBZE|MENVCFG_CBCFE|MENVCFG_CBIE'
[19:04:09] [spechunter] [TodoWrite] 5 items
[19:04:12] [spechunter] [text] Now let me trace the probe functions and exception-raising paths.  
[19:04:12] [spechunter] [Grep] pattern='probe_access_flags'
[19:04:12] [spechunter] [Grep] pattern='probe_write\\b'
[19:04:12] [spechunter] [Grep] pattern='probe_access_flags|probe_write'
[19:04:20] [spechunter] [Read] /home/yzs/riscv/qemu/accel/tcg/cputlb.c
[19:04:20] [spechunter] [Grep] pattern='probe_write\\b'
[19:04:22] [spechunter] [Bash] Search for PR 2243 in commit messages
[19:04:22] [spechunter] [Bash] Look for branches related to PR 2243 or CBO
[02:12:02] [spechunter] PR loaded: #2482 riscv/riscv-isa-manual — "Add CBO instructions to permission check text"
[02:12:02] [spechunter]   diff: 1752 chars  body: 238 chars  reviews: 0
[02:12:02] [spechunter] Global pre-filter running...
[02:12:21] [spechunter] [text] {"should_skip": false}
[02:12:22] [spechunter] pre-filter: should_skip=False reason=""
[02:12:35] [spechunter] [text] {"should_skip": false}
[02:12:36] [spechunter] [text] {"should_skip": false}
[02:12:36] [spechunter] [text] {"should_skip": false}
[02:12:42] [spechunter] [text] {"should_skip": true, "skip_reason": "Pure documentation clarification making explicit what was already implied (CBO ins...
[02:12:42] [spechunter] [text] {"should_skip": false}
[02:13:12] [spechunter] [text] {  
[02:13:12] [spechunter] [Agent] description, subagent_type
[02:13:16] [spechunter] [text] ```json {   "violation_condition": "Kernel S-mode code executes CBO management instructions (cbo.clean, cbo.flush, cbo.i...
[02:13:26] [spechunter] [text] {  
[02:13:26] [spechunter] [Agent] description, prompt
[02:13:26] [spechunter] [Grep] pattern='cbo'
[02:13:26] [spechunter] [Glob] **/PMP*.scala
[02:13:26] [spechunter] [Glob] **/TLB*.scala
[02:13:26] [spechunter] [Glob] **/Decode*.scala
[02:13:41] [spechunter] [TodoWrite] 5 items
[02:13:41] [spechunter] [Grep] pattern='cbo\\.(clean|flush|inval|zero)'
[02:13:41] [spechunter] [Grep] pattern='\\bcbo\\b'
[02:13:41] [spechunter] [Glob] target/riscv/insn_trans/*cbo*
[02:13:41] [spechunter] [Grep] pattern='cbo_clean|cbo_flush|cbo_inval|cbo_zero|CBO'
[02:13:42] [spechunter] [Bash] Check recent git history for context
[02:13:44] [spechunter] [Grep] pattern='cbo\\.(clean|flush|inval|zero)'
[02:13:44] [spechunter] [Grep] pattern='menvcfg.*CB[IC]E|senvcfg.*CB[IC]E'
[02:13:44] [spechunter] [Grep] pattern='PMPCFG'
[02:13:44] [spechunter] [Grep] pattern='PTE_[RW]'
[02:13:44] [spechunter] [Grep] pattern='cbo\\.(clean|flush|inval|zero).*(user_addr|uaddr|__user|copy_to|copy_from|get_user|put_user|access_ok)'
[02:13:55] [spechunter] [Read] /home/yzs/riscv/qemu/target/riscv/insn_trans/trans_rvzicbo.c.inc
[02:13:55] [spechunter] [Grep] pattern='cbo'
[02:13:55] [spechunter] [Grep] pattern='helper_cbo|HELPER.*cbo|DEF_HELPER.*cbo'
[02:13:55] [spechunter] [Grep] pattern='helper_cbo|cmopre|prefet'
[02:13:56] [spechunter] [Read] /home/yzs/riscv/XiangShan/src/main/scala/xiangshan/Parameters.scala
[02:13:56] [spechunter] [Grep] pattern='cbo'
[02:13:56] [spechunter] [Grep] pattern='cbo'
[02:13:56] [spechunter] [Grep] pattern='cbo'
[02:13:56] [spechunter] [Grep] pattern='cbo'
[02:13:58] [spechunter] [Grep] pattern='CBO|cbo\\.clean|cbo\\.flush|cbo\\.inval|cbo\\.zero|CBIE|cache.block|Zicbom|Zicboz|Zicbop'
[02:13:58] [spechunter] [Grep] pattern='CBO|cbo\\.clean|cbo\\.flush|cbo\\.inval|cbo\\.zero|Zicbom|Zicboz'
[02:13:58] [spechunter] [Grep] pattern='riscv_cbom|riscv_cboz|ALTERNATIVE.*cbo'
[02:14:11] [spechunter] [Read] /home/yzs/riscv/qemu/target/riscv/op_helper.c
[02:14:11] [spechunter] [Grep] pattern='check_zicbo_envcfg|check_zicbom_access'
[02:14:11] [spechunter] [Grep] pattern='probe_write'
[02:14:13] [spechunter] [Agent] description, subagent_type
[02:14:13] [spechunter] [Grep] pattern='CBIE'
[02:14:13] [spechunter] [Grep] pattern='cbo\\.(clean|flush|inval|zero)'
[02:14:13] [spechunter] [Grep] pattern='PMPCFG'
[02:14:13] [spechunter] [Grep] pattern='Zicbo[mz]|zicbo[mz]|ZICBO[MZ]'
[02:14:13] [spechunter] [Grep] pattern='CBO|Zicbo'
[02:14:13] [spechunter] [Grep] pattern='CMO|cmo'
[02:14:25] [spechunter] [Read] /home/yzs/riscv/linux/arch/riscv/include/asm/insn-def.h
[02:14:25] [spechunter] [Read] /home/yzs/riscv/linux/arch/riscv/include/asm/csr.h
[02:14:25] [spechunter] [Read] /home/yzs/riscv/linux/arch/riscv/kvm/vcpu.c
[02:14:25] [spechunter] [Read] /home/yzs/riscv/linux/arch/riscv/include/asm/errata_list.h
[02:14:25] [spechunter] [Read] /home/yzs/riscv/linux/arch/riscv/lib/clear_page.S
[02:14:27] [spechunter] [Read] /home/yzs/riscv/linux/arch/riscv/mm/cacheflush.c
[02:14:27] [spechunter] [Read] /home/yzs/riscv/linux/arch/riscv/mm/dma-noncoherent.c
[02:14:27] [spechunter] [Read] /home/yzs/riscv/linux/arch/riscv/include/asm/cacheflush.h
[02:14:27] [spechunter] [Read] /home/yzs/riscv/linux/arch/riscv/mm/pmem.c
[02:14:27] [spechunter] [Read] /home/yzs/riscv/linux/arch/riscv/lib/clear_page.S
[02:14:29] [spechunter] [Grep] pattern='check_zicbo_envcfg'
[02:14:29] [spechunter] [Grep] pattern='check_zicbo_envcfg'
[02:14:29] [spechunter] [Grep] pattern='probe_write|probe_access_flags|probe_access'
[02:14:37] [spechunter] [Grep] pattern='pmp_set|pmpcfg_write|pmp_cfg_write|pmp_addr_write|pmp_write_cfg'
[02:14:37] [spechunter] [Grep] pattern='ePMP|epmp|EPMP'
[02:14:37] [spechunter] [Grep] pattern='cbo\\.clean|cbo\\.flush|cbo\\.inval|cbo\\.zero|cache.block|cache_block|CBO'
[02:14:37] [spechunter] [Grep] pattern='dom_pmp|domain_context|pmp_save|pmp_restore|context_save|context_restore|domain .* pmp'
[02:14:37] [spechunter] [Glob] **/lib/sbi/*pmp*
[02:14:37] [spechunter] [Glob] **/include/**/*pmp*
[02:14:38] [spechunter] [Grep] pattern='CBO_CLEAN|CBO_FLUSH|CBO_INVAL|CBO_ZERO'
[02:14:38] [spechunter] [Grep] pattern='cbo'
[02:14:38] [spechunter] [Grep] pattern='cbo'
[02:14:38] [spechunter] [Grep] pattern='cbo'
[02:14:41] [spechunter] [Grep] pattern='CMO.*(load|store|permission|permit)|(load|store|permission).*CMO'
[02:14:41] [spechunter] [Grep] pattern='protection.*fault|PAGE_FAULT|do_page_fault|handle_mm_fault|do_trap.*store|do_trap.*load'
[02:14:41] [spechunter] [Grep] pattern='PMP.*R|PMP.*W|PMP.*X|pmpcfg.*R|pmpcfg.*W|_PMP_READ|_PMP_WRITE'
[02:14:41] [spechunter] [Grep] pattern='PTE_R|PTE_W|_PAGE_READ|_PAGE_WRITE|pte_read|pte_write'
[02:14:48] [spechunter] [text] Let me now trace the CBO macro definitions and find the actual instruction encodings and alternative patching.  
[02:14:48] [spechunter] [Grep] pattern='ALT_CMO_OP'
[02:14:48] [spechunter] [Grep] pattern='CBO_CLEAN|CBO_FLUSH|CBO_INVAL|CBO_ZERO|CBO_.*INSN|cbo_op'
[02:14:48] [spechunter] [Grep] pattern='clear_page|__memset.*clear'
[02:14:54] [spechunter] [Read] /home/yzs/riscv/linux/arch/riscv/mm/fault.c
[02:14:54] [spechunter] [Read] /home/yzs/riscv/linux/arch/riscv/mm/dma-noncoherent.c
[02:14:54] [spechunter] [Grep] pattern='cbo\\.(clean|flush|inval|zero).*(permit|fault|trap|exception|user|uaccess)'
[02:14:55] [spechunter] [Read] /home/yzs/riscv/qemu/target/riscv/op_helper.c
[02:14:55] [spechunter] [Grep] pattern='probe_write'
[02:14:55] [spechunter] [Grep] pattern='probe_write\\b'
[02:14:55] [spechunter] [Grep] pattern='probe_access_flags\\b'
[02:14:57] [spechunter] [Read] /home/yzs/riscv/opensbi/lib/sbi/sbi_hart_pmp.c
[02:14:57] [spechunter] [Read] /home/yzs/riscv/opensbi/lib/sbi/sbi_domain_context.c
[02:14:57] [spechunter] [Read] /home/yzs/riscv/opensbi/include/sbi/sbi_hart_pmp.h
[02:14:57] [spechunter] [Read] /home/yzs/riscv/opensbi/include/sbi/sbi_domain_context.h
[02:14:57] [spechunter] [Read] /home/yzs/riscv/opensbi/lib/sbi/riscv_asm.c
[02:15:03] [spechunter] [Read] /home/yzs/riscv/linux/arch/riscv/include/asm/insn-def.h
[02:15:03] [spechunter] [Read] /home/yzs/riscv/linux/arch/riscv/include/asm/errata_list.h
[02:15:03] [spechunter] [Read] /home/yzs/riscv/linux/arch/riscv/include/asm/page.h
[02:15:03] [spechunter] [Read] /home/yzs/riscv/linux/arch/riscv/include/asm/csr.h
[02:15:08] [spechunter] [Grep] pattern='cbo'
[02:15:08] [spechunter] [Grep] pattern='CboType|isCbo'
[02:15:08] [spechunter] [Grep] pattern='CBO_CLEAN|CBO_FLUSH|CBO_INVAL|CBO_ZERO|cbo_clean|cbo_flush|cbo_inval|cbo_zero'
[02:15:08] [spechunter] [Grep] pattern='cbo'
[02:15:11] [spechunter] [Read] /home/yzs/riscv/opensbi/lib/sbi/sbi_domain.c
[02:15:11] [spechunter] [Read] /home/yzs/riscv/opensbi/lib/sbi/sbi_hart_protection.c
[02:15:11] [spechunter] [Read] /home/yzs/riscv/opensbi/include/sbi/sbi_hart_protection.h
[02:15:11] [spechunter] [Read] /home/yzs/riscv/opensbi/include/sbi/riscv_asm.h
[02:15:11] [spechunter] [Read] /home/yzs/riscv/qemu/include/accel/tcg/probe.h
[02:15:11] [spechunter] [Grep] pattern='probe_write|probe_access_flags'
[02:15:12] [spechunter] [Grep] pattern='__clear_user|clear_user|copy_to_user|copy_from_user|get_user|put_user|access_ok'
[02:15:12] [spechunter] [Grep] pattern='sys_riscv_flush_icache|riscv_flush_icache'
[02:15:12] [spechunter] [Grep] pattern='clear_user|__clear_user|clear_page.*user'
[02:15:23] [spechunter] [Grep] pattern='^(void \\*probe_access|static.*probe_access_internal)'
[02:15:23] [spechunter] [Grep] pattern='probe_access_internal'
[02:15:27] [spechunter] [Read] /home/yzs/riscv/linux/arch/riscv/lib/uaccess.S
[02:15:27] [spechunter] [Read] /home/yzs/riscv/linux/arch/riscv/include/asm/uaccess.h
[02:15:27] [spechunter] [Read] /home/yzs/riscv/linux/arch/riscv/kernel/sys_riscv.c
[02:15:35] [spechunter] [Grep] pattern='CBO|cbo\\.|MISC_MEM'
[02:15:35] [spechunter] [Grep] pattern='MISALIGNED.*CBO|CBO.*MISALIGNED|trap.*cbo|cbo.*trap|handle_misaligned.*cbo'
[02:15:35] [spechunter] [Grep] pattern='do_trap_insn_misaligned|handle_misaligned'
[02:15:38] [spechunter] [Grep] pattern='accessFault|ldPermFault|stPermFault|checkPMP|pmpCheck'
[02:15:38] [spechunter] [Grep] pattern='accessFault|ldPermFault|stPermFault|checkPMP|pmpCheck'
[02:15:38] [spechunter] [Grep] pattern='cbo|CboType|isCbo'
[02:15:38] [spechunter] [Grep] pattern='cbo|CboType|isCbo'
[02:15:40] [spechunter] [Read] /home/yzs/riscv/qemu/accel/tcg/cputlb.c
[02:15:40] [spechunter] [Read] /home/yzs/riscv/qemu/accel/tcg/cputlb.c
[02:15:41] [spechunter] [TodoWrite] 5 items
[02:15:44] [spechunter] [Grep] pattern='MISC_MEM|CBO|cbo|insn|INSN|decode|emulate'
[02:15:44] [spechunter] [Read] /home/yzs/riscv/linux/arch/riscv/mm/fault.c
[02:15:54] [spechunter] [Grep] pattern='sbi_hart_pmp_init|sbi_hart_protection_configure|sbi_hart_protection_unconfigure'
[02:15:54] [spechunter] [Grep] pattern='sbi_hart_pmp_init|sbi_hart_protection_configure'
[02:15:54] [spechunter] [Read] /home/yzs/riscv/opensbi/lib/sbi/sbi_hart.c
[02:15:56] [spechunter] [Grep] pattern='cbo|CBO|cmd.*read|cmd.*write|TlbCmd'
[02:15:56] [spechunter] [Grep] pattern='pmp\\.ld|pmp\\.st|pmpInaccessible'
[02:15:56] [spechunter] [Grep] pattern='storeAccessFault|storePageFault|storeGuestPageFault'
[02:15:57] [spechunter] [Grep] pattern='CBO|MISC_MEM|cbo|cmo'
[02:15:57] [spechunter] [Grep] pattern='MISC_MEM|CBO|cbo|CMO'
[02:15:57] [spechunter] [Grep] pattern='MISC_MEM'
[02:16:07] [spechunter] [text] Now let me look at the tools directory for any CBO-related references.  
[02:16:07] [spechunter] [Grep] pattern='CBO|MISC_MEM|cbo\\.|CB[IC]E|CBZE|CBCFE'
[02:16:07] [spechunter] [Grep] pattern='PMPCFG|PMP_R|PMP_W'
[02:16:07] [spechunter] [Grep] pattern='_PAGE_READ|_PAGE_WRITE|PTE_R|PTE_W'
[02:16:12] [spechunter] [Grep] pattern='riscv_cpu_tlb_fill'
[02:16:12] [spechunter] [Grep] pattern='tlb_fill_align'
[02:16:12] [spechunter] [Grep] pattern='pmp_hart_has_privs|pmp_hart|pmp_check'
[02:16:16] [spechunter] [Grep] pattern='class PMP|ld|st|Bundle|mmio'
[02:16:16] [spechunter] [Grep] pattern='TlbCmd'
[02:16:16] [spechunter] [Glob] **/NewLoadUnit*.scala
[02:16:16] [spechunter] [Grep] pattern='TlbCmd|tlbReq'
[02:16:19] [spechunter] [Read] /home/yzs/riscv/qemu/target/riscv/cpu_helper.c
[02:16:19] [spechunter] [Read] /home/yzs/riscv/qemu/target/riscv/cpu_helper.c
[02:16:25] [spechunter] [Grep] pattern='object TlbCmd'
[02:16:25] [spechunter] [Grep] pattern='class PmpBundle|class PMPBundle|class PmpPortIO|class PmpCheck|class PmpPort'
[02:16:25] [spechunter] [Grep] pattern='cbo|isCbo|CBODecode'
[02:16:40] [spechunter] [Read] /home/yzs/riscv/XiangShan/src/main/scala/xiangshan/backend/fu/PMP.scala
[02:16:40] [spechunter] [Grep] pattern='PMPRespBundle|class PMPReqBundle'
[02:16:40] [spechunter] [Grep] pattern='PMPRespBundle|PMPReqBundle'
[02:16:41] [spechunter] [Read] /home/yzs/riscv/qemu/target/riscv/cpu_helper.c
[02:16:41] [spechunter] [Grep] pattern='static int get_physical_address\\b'
[02:16:48] [spechunter] [text] Now let me trace deeper — KVM emulation, `clear_user_page` paths, and vector usercopy.  
[02:16:48] [spechunter] [Grep] pattern='clear_user_page|clear_user_highpage|alloc_zeroed_user'
[02:16:48] [spechunter] [Read] /home/yzs/riscv/linux/arch/riscv/kvm/vcpu_onereg.c
[02:16:48] [spechunter] [Grep] pattern='enter_vector_usercopy|vector_usercopy'
[02:16:48] [spechunter] [Grep] pattern='CSR_SENVCFG|senvcfg|SENVCFG|CBIE'
[02:16:53] [spechunter] [Read] /home/yzs/riscv/linux/arch/riscv/kvm/vcpu.c
[02:16:53] [spechunter] [Grep] pattern='SENVCFG|CBIE|cbie|envcfg'
[02:16:55] [spechunter] [Grep] pattern='class PMPRespBundle|class PMPReqBundle'
[02:16:55] [spechunter] [Grep] pattern='class PMPRespBundle|class PMPReqBundle|ld|st|mmio|class PMP'
[02:16:55] [spechunter] [Grep] pattern='io\\.pmp|pmpCheck|pmp_check|PMPResp'
[02:17:00] [spechunter] [Read] /home/yzs/riscv/qemu/accel/tcg/cputlb.c
[02:17:00] [spechunter] [Read] /home/yzs/riscv/qemu/accel/tcg/cputlb.c
[02:17:00] [spechunter] [Grep] pattern='pmp_hart_has_privs'
[02:17:00] [spechunter] [Grep] pattern='cbo.*prefetch|prefetch.*cbo'
[02:17:08] [spechunter] [Grep] pattern='cbo|CBO|ZICBOM|ZICBOZ|ZICBOP'
[02:17:08] [spechunter] [Grep] pattern='clear_user_page|flush_dcache_page|flush_icache_user|flush_cache_page'
[02:17:08] [spechunter] [Grep] pattern='fence\\.i|flush_icache|riscv_cbom_block_size|riscv_cboz_block_size'
[02:17:11] [spechunter] [Grep] pattern='io\\.pmp|val pmp'
[02:17:11] [spechunter] [Grep] pattern='cbo|CBO|cmo|CMO|isCbo'
[02:17:11] [spechunter] [Grep] pattern='cbo|CBO|hasCMO|HasCMO'
[02:17:13] [spechunter] [text] Now I have a comprehensive picture. Here is the JSON:  ```json {   "locations": [     {       "file_path": "arch/riscv/i...
[02:17:26] [spechunter] [Grep] pattern='class PMPRespBundle|class PMPReqBundle'
[02:17:26] [spechunter] [Grep] pattern='class PMPChecker|PMPCheck'
[02:17:26] [spechunter] [Grep] pattern='PMPRespBundle'
[02:17:30] [spechunter] [Grep] pattern='clear_page\\(|copy_user_highpage|alloc_zeroed_user_highpage|clear_user_highpage|__alloc_zeroed_user_highpage'
[02:17:30] [spechunter] [Grep] pattern='clear_page|copy_user_page|copy_user_highpage'
[02:17:30] [spechunter] [Read] /home/yzs/riscv/linux/arch/riscv/lib/riscv_v_helpers.c
[02:17:36] [spechunter] [Grep] pattern='pmp|PMPResp|PMPReq|PMPCh'
[02:17:36] [spechunter] [Grep] pattern='cbo|CBO|cmo|CMO'
[02:17:36] [spechunter] [Grep] pattern='cbo|CBO|cmo|CMO'
[02:17:41] [spechunter] [Grep] pattern='prefetch'
[02:17:41] [spechunter] [Read] /home/yzs/riscv/qemu/target/riscv/pmp.c
[02:17:41] [spechunter] [Grep] pattern='raise_mmu_exception'
[02:17:53] [spechunter] [Read] /home/yzs/riscv/qemu/target/riscv/cpu_helper.c
[02:17:53] [spechunter] [Read] /home/yzs/riscv/qemu/target/riscv/cpu_helper.c
[02:17:54] [spechunter] [Grep] pattern='cbo|CBO|pmp\\.st|pmp\\.ld'
[02:17:54] [spechunter] [Grep] pattern='cbo|CBO|CBZE|CBCFE|CBIE|hasCMO|HasCMO|CMO'
[02:17:54] [spechunter] [Grep] pattern='toDCache\\.req\\.bits\\.opcode|toDCache\\.resp\\.bits\\.denied|cboType'
[02:17:54] [spechunter] [Read] /home/yzs/riscv/linux/arch/riscv/errata/thead/errata.c
[02:17:54] [spechunter] [Read] /home/yzs/riscv/linux/arch/riscv/errata/andes/errata.c
[02:18:11] [spechunter] [Grep] pattern='clear_page\\('
[02:18:11] [spechunter] [Grep] pattern='clear_user_highpage|alloc_zeroed_user_highpage'
[02:18:11] [spechunter] [Read] /home/yzs/riscv/linux/arch/riscv/kvm/vcpu_onereg.c
[02:18:12] [spechunter] [Grep] pattern='HasCMO'
[02:18:12] [spechunter] [Grep] pattern='HasCMO'
[02:18:12] [spechunter] [Read] /home/yzs/riscv/XiangShan/src/main/scala/xiangshan/backend/decode/DecodeUnit.scala
[02:18:13] [spechunter] [Grep] pattern='static TCGv get_address'
[02:18:13] [spechunter] [Grep] pattern='riscv_env_mmu_index'
[02:18:13] [spechunter] [Grep] pattern='cpu_stb_mmuidx_ra'
[02:18:20] [spechunter] [Grep] pattern='HasCMO'
[02:18:20] [spechunter] [Grep] pattern='CBO_ZERO|CBO_CLEAN|CBO_FLUSH|CBO_INVAL'
[02:18:20] [spechunter] [Grep] pattern='CBO_CLEAN\\s*->|CBO_FLUSH\\s*->|CBO_INVAL\\s*->|CBO_ZERO\\s*->|BitPat.*CBO'
[02:18:32] [spechunter] [Grep] pattern='@sfence_vm|sfence_vm'
[02:18:32] [spechunter] [Grep] pattern='cpu_st[bhwlq]_mmuidx_ra|#define cpu_st.*mmuidx'
[02:18:32] [spechunter] [Grep] pattern='cpu_st[bhw].*mmuidx'
[02:18:32] [spechunter] [Grep] pattern='PTE_R|PTE_W|PTE_X|PAGE_READ|PAGE_WRITE|PAGE_EXEC'
[02:18:35] [spechunter] [Read] /home/yzs/riscv/XiangShan/src/main/scala/xiangshan/cache/dcache/mainpipe/MissQueue.scala
[02:18:35] [spechunter] [Grep] pattern='TLMessages\\.CBO|CBOFlush|CBOInval|CBOClean'
[02:18:42] [spechunter] [Read] /home/yzs/riscv/qemu/target/riscv/cpu_helper.c
[02:18:42] [spechunter] [Read] /home/yzs/riscv/qemu/target/riscv/translate.c
[02:18:49] [spechunter] [Grep] pattern='tlb_fill_align|tlb_fill'
[02:18:49] [spechunter] [Read] /home/yzs/riscv/qemu/target/riscv/cpu_helper.c
[02:18:56] [spechunter] [text] Now let me verify the key implementation details.  
[02:18:56] [spechunter] [Read] /home/yzs/riscv/opensbi/lib/sbi/sbi_domain.c
[02:18:56] [spechunter] [Read] /home/yzs/riscv/opensbi/lib/sbi/sbi_domain_context.c
[02:18:57] [spechunter] [Grep] pattern='tlbResp|tlbException|tlbAccessResult|passToS2'
[02:18:57] [spechunter] [Grep] pattern='TLMessages\\.CBO|CBOFlush|CBOInval|CBOClean|cbo_opcode|CMO_opcode'
[02:18:57] [spechunter] [Grep] pattern='cmoOp|CMOReq|cmo_req'
[02:19:04] [spechunter] [Grep] pattern='void riscv_raise_exception'
[02:19:04] [spechunter] [Grep] pattern='riscv_cpu_eff_priv'
[02:19:08] [spechunter] [Grep] pattern='bool riscv_cpu_eff_priv'
[02:19:11] [spechunter] [Grep] pattern='riscv_cpu_eff_priv'
[02:19:17] [spechunter] [Grep] pattern='riscv_cpu_eff_priv'
[02:19:17] [spechunter] [Grep] pattern='tlb_fill_align|tlb_fill'
[02:19:26] [spechunter] [Read] /home/yzs/riscv/qemu/target/riscv/op_helper.c
[02:19:26] [spechunter] [Grep] pattern='ext_zicbom|ext_zicboz'
[02:19:26] [spechunter] [Read] /home/yzs/riscv/qemu/target/riscv/tcg/tcg-cpu.c
[02:19:32] [spechunter] [Read] /home/yzs/riscv/linux/drivers/cache/ax45mp_cache.c
[02:19:32] [spechunter] [Grep] pattern='copy_from_user|copy_to_user|get_user|put_user|__user'
[02:19:52] [spechunter] [text] Now let me look at the PMP configuration flow to understand the permission mapping.  
[02:19:52] [spechunter] [Read] /home/yzs/riscv/opensbi/lib/sbi/sbi_hart_pmp.c
[02:21:42] [spechunter] [text] ```json {   "violation_condition": "OpenSBI configures a PMP entry with read permission (PMP_R) granting an S-mode domai...
[02:22:10] [spechunter] [Agent] description, subagent_type
[02:22:10] [spechunter] [Agent] description, subagent_type
[02:22:13] [spechunter] [Grep] pattern='cbo\\.inval'
[02:22:13] [spechunter] [Grep] pattern='cbo\\.flush'
[02:22:13] [spechunter] [Grep] pattern='pmpcfg'
[02:22:13] [spechunter] [Grep] pattern='PMP_R'
[02:22:13] [spechunter] [Grep] pattern='CSR_MSECCFG'
[02:22:13] [spechunter] [Grep] pattern='MSECCFG_MML'
[02:22:13] [spechunter] [Grep] pattern='SBI_DOMAIN_MEMREGION_IS_SUR_MRW|SBI_DOMAIN_MEMREGION_IS_SUR_MR'
[02:22:24] [spechunter] [Glob] lib/sbi/sbi_domain*.c
[02:22:24] [spechunter] [Glob] lib/sbi/sbi_trap*.c
[02:22:24] [spechunter] [Glob] lib/sbi/sbi_ecall*.c
[02:22:24] [spechunter] [Glob] include/sbi/sbi_domain*.h
[02:22:24] [spechunter] [Glob] **/*pmp*
[02:22:24] [spechunter] [Glob] **/*memregion*
[02:22:24] [spechunter] [Glob] include/sbi/*.h
[02:22:29] [spechunter] [Grep] pattern='cbo'
[02:22:29] [spechunter] [Read] /home/yzs/riscv/opensbi/lib/sbi/sbi_hart_pmp.c
[02:22:29] [spechunter] [Read] /home/yzs/riscv/opensbi/lib/sbi/sbi_domain.c
[02:22:36] [spechunter] [Read] /home/yzs/riscv/opensbi/include/sbi/sbi_domain.h
[02:22:36] [spechunter] [Read] /home/yzs/riscv/opensbi/include/sbi/sbi_domain_context.h
[02:22:36] [spechunter] [Read] /home/yzs/riscv/opensbi/include/sbi/sbi_hart_pmp.h
[02:22:36] [spechunter] [Read] /home/yzs/riscv/opensbi/include/sbi/sbi_trap.h
[02:22:36] [spechunter] [Read] /home/yzs/riscv/opensbi/include/sbi/sbi_trap_ldst.h
[02:22:36] [spechunter] [Read] /home/yzs/riscv/opensbi/include/sbi/sbi_hart.h
[02:22:43] [spechunter] [text] ```json {   "violation_condition": "In QEMU TCG, cbo.clean/cbo.flush/cbo.inval dispatch through check_zicbom_access(), w...
[02:22:45] [spechunter] [Read] /home/yzs/riscv/opensbi/lib/sbi/sbi_domain.c
[02:22:45] [spechunter] [Read] /home/yzs/riscv/opensbi/lib/sbi/sbi_hart_pmp.c
[02:22:45] [spechunter] [Read] /home/yzs/riscv/opensbi/lib/sbi/sbi_trap.c
[02:22:45] [spechunter] [Read] /home/yzs/riscv/opensbi/lib/sbi/sbi_trap_ldst.c
[02:22:47] [spechunter] [Read] /home/yzs/riscv/opensbi/include/sbi/sbi_domain.h
[02:22:47] [spechunter] [Read] /home/yzs/riscv/opensbi/include/sbi/riscv_encoding.h
[02:22:47] [spechunter] [Read] /home/yzs/riscv/opensbi/include/sbi/riscv_encoding.h
[02:22:47] [spechunter] [Read] /home/yzs/riscv/opensbi/lib/sbi/sbi_hart.c
[02:22:51] [spechunter] [text] ```json {   "violation_condition": "If the TlbCmd multiplexer at NewStoreUnit.scala:225 incorrectly assigns TlbCmd (e.g....
[02:22:54] [spechunter] [Read] /home/yzs/riscv/opensbi/lib/sbi/sbi_domain_context.c
[02:22:54] [spechunter] [Read] /home/yzs/riscv/opensbi/lib/sbi/sbi_ecall.c
[02:22:54] [spechunter] [Glob] include/sbi/sbi_hart_protection.h
[02:22:54] [spechunter] [Glob] lib/sbi/sbi_hart_protection*
[02:22:54] [spechunter] [Glob] **/*illegal_insn*
[02:22:56] [spechunter] [text] Let me also check for any documentation or spec text references to CBO instructions and the spec commit mentioned in the...
[02:22:56] [spechunter] [Grep] pattern='cbo\\.inval|cbo\\.flush|cbo\\.zero|cbo\\.clean'
[02:22:56] [spechunter] [Grep] pattern='cache.block|cache.block.zero|CMO|Zicbom|Zicboz'
[02:22:56] [spechunter] [Grep] pattern='permission.check|permission_check|perm_check'
[02:22:58] [spechunter] [Grep] pattern='pmp_set|pmpcfg|PMP_R'
[02:22:58] [spechunter] [Grep] pattern='SBI_DOMAIN_MEMREGION_'
[02:22:58] [spechunter] [Grep] pattern='cbo\\.|cbo_inval|cbo_flush|cbo_clean|CBO'
[02:22:58] [spechunter] [Grep] pattern='MSECCFG|mseccfg|MML'
[02:22:58] [spechunter] [Grep] pattern='illegal.instruction|virtual.instruction|trap.*handler|emulat'
[02:23:01] [spechunter] [Read] /home/yzs/riscv/opensbi/include/sbi/sbi_hart_protection.h
[02:23:01] [spechunter] [Read] /home/yzs/riscv/opensbi/lib/sbi/sbi_hart_protection.c
[02:23:01] [spechunter] [Read] /home/yzs/riscv/opensbi/lib/sbi/sbi_illegal_insn.c
[02:23:01] [spechunter] [Read] /home/yzs/riscv/opensbi/include/sbi/sbi_illegal_insn.h
[02:23:01] [spechunter] [Read] /home/yzs/riscv/opensbi/include/sbi/sbi_domain_data.h
[02:23:05] [spechunter] [Grep] pattern='cbo\\.clean|cbo\\.flush|cbo\\.inval|cbo\\.zero'
[02:23:05] [spechunter] [Grep] pattern='check_zicbom_access'
[02:23:05] [spechunter] [Grep] pattern='helper_cbo_clean_flush|helper_cbo_inval|helper_cbo_zero'
[02:23:07] [spechunter] [Read] /home/yzs/riscv/opensbi/lib/sbi/sbi_hart_pmp.c
[02:23:07] [spechunter] [Read] /home/yzs/riscv/opensbi/lib/sbi/sbi_illegal_insn.c
[02:23:07] [spechunter] [Read] /home/yzs/riscv/opensbi/lib/sbi/sbi_domain.c
[02:23:07] [spechunter] [Read] /home/yzs/riscv/opensbi/include/sbi/sbi_domain.h
[02:23:09] [spechunter] [Grep] pattern='cbo\\.(clean|flush|inval|zero)'
[02:23:09] [spechunter] [Grep] pattern='CBO'
[02:23:09] [spechunter] [Grep] pattern='CBCFE|CBIE|CBZE'
[02:23:09] [spechunter] [Grep] pattern='isCbo'
[02:23:11] [spechunter] [TodoWrite] 7 items
[02:23:16] [spechunter] [TodoWrite] 7 items
[02:23:21] [spechunter] [Grep] pattern='probe_write.*cbo|cbo.*nonfault|ZICBOM.*probe_access|ZICBOZ.*memset|cpu_stb_mmuidx_ra.*cbo'
[02:23:21] [spechunter] [Grep] pattern='gen_helper_cbo_clean_flush|gen_helper_cbo_inval|gen_helper_cbo_zero'
[02:23:21] [spechunter] [Grep] pattern='zicbom|zicboz'
[02:23:22] [spechunter] [Grep] pattern='flush_icache_user_page|copy_to_user_page|copy_from_user_page'
[02:23:22] [spechunter] [Grep] pattern='riscv_cbom_block_size|riscv_cboz_block_size'
[02:23:22] [spechunter] [Grep] pattern='ALT_CMO_OP|THEAD_CMO_OP|cbo_clean|cbo_flush|cbo_inval|cbo_zero'
[02:23:22] [spechunter] [Grep] pattern='pmp.*cbo|cbo.*pmp|pmpcfg.*cbo|cbo.*pmpcfg'
[02:23:22] [spechunter] [Grep] pattern='TlbCmd.*cbo|cbo.*TlbCmd|isCbo.*read|isCbo.*write|isCbo.*cmd'
[02:23:22] [spechunter] [Grep] pattern='cbo.*permission|permission.*cbo|cbo.*access.?fault|cbo.*page.?fault'
[02:23:22] [spechunter] [Grep] pattern='cbo_clean|cbo_flush|cbo_inval|cbo_zero'
[02:23:28] [spechunter] [Read] /home/yzs/riscv/opensbi/lib/sbi/sbi_trap_v_ldst.c
[02:23:28] [spechunter] [Grep] pattern='sbi_domain_check_addr'
[02:23:28] [spechunter] [Read] /home/yzs/riscv/opensbi/include/sbi/sbi_unpriv.h
[02:23:28] [spechunter] [Glob] lib/sbi/sbi_unpriv.c
[02:23:28] [spechunter] [Grep] pattern='sbi_hart_protection_map_range|sbi_hart_protection_unmap_range'
[02:23:31] [spechunter] [Grep] pattern='INSN_MASK_CBO|INSN_MATCH_CBO|CBO_INVAL|CBO_FLUSH|CBO_CLEAN|CBO_ZERO|cache.*block.*op|cache.*inval|cache.*flush'
[02:23:31] [spechunter] [Grep] pattern='ENVCFG_CBZE|ENVCFG_CBCFE|ENVCFG_CBIE|menvcfg|MENVCFG'
[02:23:31] [spechunter] [Grep] pattern='CSR_MENVCFG|CSR_MENVCFGH|menvcfg|MENVCFG'
[02:23:31] [spechunter] [Read] /home/yzs/riscv/opensbi/lib/sbi/sbi_trap.c
[02:23:33] [spechunter] [Grep] pattern='check_zicbom_access'
[02:23:33] [spechunter] [Grep] pattern='helper_cbo_clean_flush|helper_cbo_inval|helper_cbo_zero'
[02:23:33] [spechunter] [Grep] pattern='gen_helper_cbo'
[02:23:33] [spechunter] [Grep] pattern='ZICBOM|ZICBOZ'
[02:23:39] [spechunter] [Read] /home/yzs/riscv/XiangShan/src/main/scala/xiangshan/mem/pipeline/NewStoreUnit.scala
[02:23:39] [spechunter] [Read] /home/yzs/riscv/XiangShan/src/main/scala/xiangshan/mem/pipeline/NewStoreUnit.scala
[02:23:39] [spechunter] [Read] /home/yzs/riscv/XiangShan/src/main/scala/xiangshan/backend/decode/DecodeUnit.scala
[02:23:39] [spechunter] [Read] /home/yzs/riscv/XiangShan/src/main/scala/xiangshan/backend/fu/NewCSR/NewCSR.scala
[02:23:42] [spechunter] [Agent] description, prompt
[02:23:42] [spechunter] [Agent] description, prompt
[02:23:43] [spechunter] [text] Let me read the key source files to get precise line numbers for the core functions.  
[02:23:43] [spechunter] [Read] /home/yzs/riscv/qemu/target/riscv/insn_trans/trans_rvzicbo.c.inc
[02:23:43] [spechunter] [Read] /home/yzs/riscv/qemu/target/riscv/op_helper.c
[02:23:43] [spechunter] [Read] /home/yzs/riscv/qemu/target/riscv/insn32.decode
[02:23:43] [spechunter] [Read] /home/yzs/riscv/opensbi/lib/sbi/sbi_unpriv.c
[02:23:43] [spechunter] [Read] /home/yzs/riscv/opensbi/lib/sbi/sbi_sse.c
[02:23:43] [spechunter] [Read] /home/yzs/riscv/opensbi/lib/sbi/sbi_pmu.c
[02:23:43] [spechunter] [Grep] pattern='sbi_hart_protection_map_range|sbi_hart_protection_unmap_range'
[02:23:49] [spechunter] [Grep] pattern='cboI2F|cboI'
[02:23:49] [spechunter] [Grep] pattern='illegalInst.*cbo|cboZ|cboCF'
[02:23:49] [spechunter] [Grep] pattern='CBO_CLEAN|CBO_FLUSH|CBO_INVAL|CBO_ZERO'
[02:23:49] [spechunter] [Read] /home/yzs/riscv/XiangShan/src/main/scala/xiangshan/package.scala
[02:23:49] [spechunter] [text] I've launched two background research agents to explore the codebase. One is finding the TlbCmd multiplexer logic in New...
[02:23:50] [spechunter] [Grep] pattern='helper_cbo_clean_flush|helper_cbo_inval|helper_cbo_zero'
[02:23:50] [spechunter] [Read] /home/yzs/riscv/qemu/target/riscv/op_helper.c
[02:23:54] [spechunter] [Read] /home/yzs/riscv/qemu/target/riscv/op_helper.c
[02:23:54] [spechunter] [Read] /home/yzs/riscv/qemu/target/riscv/insn_trans/trans_rvzicbo.c.inc
[02:23:54] [spechunter] [Grep] pattern='check_zicbom_access|check_zicboz_access|cbo_clean|cbo_flush|cbo_inval|cbo_zero'
[02:23:57] [spechunter] [Grep] pattern='INSN_MATCH_CBO|INSN_MASK_CBO|cbo_inval|cbo_flush|cbo_clean|cbo_zero|ZICBOM|ZICBOZ'
[02:23:57] [spechunter] [Read] /home/yzs/riscv/opensbi/lib/sbi/sbi_hart.c
[02:23:57] [spechunter] [Read] /home/yzs/riscv/opensbi/lib/sbi/sbi_hart.c
[02:23:57] [spechunter] [Grep] pattern='sbi_hart_reinit|sbi_hart_protection_configure'
[02:23:58] [spechunter] [Grep] pattern='CBO'
[02:23:58] [spechunter] [Grep] pattern='Cbo|cbo'
[02:23:58] [spechunter] [Read] /home/yzs/riscv/XiangShan/src/main/scala/xiangshan/backend/fu/NewCSR/CSRBundles.scala
[02:23:58] [spechunter] [Grep] pattern='cbo|CBO|Cbo'
[02:23:59] [spechunter] [Grep] pattern='cbo'
[02:23:59] [spechunter] [Grep] pattern='cbo_clean|cbo_flush|cbo_inval|cbo_zero'
[02:24:02] [spechunter] [Read] /home/yzs/riscv/qemu/target/riscv/op_helper.c
[02:24:02] [spechunter] [Grep] pattern='probe_write|probe_access|probe_pmp'
[02:24:03] [spechunter] [Grep] pattern='pmp_set|pmp_disable|is_pmp_entry_mapped'
[02:24:03] [spechunter] [Grep] pattern='sbi_hart_expected_trap'
[02:24:03] [spechunter] [Glob] **/*protection*
[02:24:03] [spechunter] [Grep] pattern='cbo\\.clean|cbo\\.flush|cbo\\.inval|cbo\\.zero|cbo_clean|cbo_flush|cbo_inval|cbo_zero'
[02:24:07] [spechunter] [Grep] pattern='probe_access_flags.*cbomlen|probe_write.*cbomlen|probe_write.*cbozlen'
[02:24:22] [spechunter] [Grep] pattern='^(static inline |unsigned long |int |void |bool )?pmp_set|pmp_disable|is_pmp_entry_mapped'
[02:24:22] [spechunter] [Read] /home/yzs/riscv/opensbi/lib/sbi/sbi_hart.c
[02:24:22] [spechunter] [Grep] pattern='__sbi_expected_trap'
[02:24:22] [spechunter] [Read] /home/yzs/riscv/opensbi/lib/sbi/sbi_domain_data.c
[02:24:25] [spechunter] [TodoWrite] 7 items
[02:24:40] [spechunter] [Read] /home/yzs/riscv/opensbi/lib/sbi/sbi_expected_trap.S
[02:24:40] [spechunter] [Grep] pattern='int pmp_set|int pmp_disable|int is_pmp_entry_mapped|int pmp_get'
[02:24:40] [spechunter] [Grep] pattern='sbi_domain_check_addr|SBI_DOMAIN_MEMREGION_SHARED_RDONLY|SBI_DOMAIN_MEMREGION_SU_READABLE'
[02:24:40] [spechunter] [Grep] pattern='sbi_domain_check_addr|SBI_DOMAIN_MEMREGION'
[02:24:41] [spechunter] [Grep] pattern='check_zicbo_envcfg'
[02:24:41] [spechunter] [Grep] pattern='probe_write'
[02:24:41] [spechunter] [Grep] pattern='probe_access_flags'
[02:24:41] [spechunter] [Grep] pattern='riscv_cpu_tlb_fill'
[02:24:42] [spechunter] [text] Now I have a complete picture. Let me compile the results.  ```json {   "locations": [     {       "file_path": "include...
[02:24:42] [spechunter] [Read] /home/yzs/riscv/opensbi/lib/sbi/sbi_init.c
[02:24:42] [spechunter] [Read] /home/yzs/riscv/opensbi/lib/sbi/sbi_hart.c
[02:24:42] [spechunter] [Read] /home/yzs/riscv/opensbi/lib/sbi/sbi_domain_context.c
[02:24:42] [spechunter] [Read] /home/yzs/riscv/opensbi/lib/sbi/sbi_hsm.c
[02:24:56] [spechunter] [Grep] pattern='fence\\.|fence_i|NFC|CMO|sbi_cmo|sbi_cbo|clean\\.|flush\\.|inval\\.|zero\\.'
[02:24:56] [spechunter] [Grep] pattern='INSN_MASK_CBO|INSN_MATCH_CBO|CBO_INVAL|CBO_FLUSH|CBO_CLEAN|CBO_ZERO|ZICBOM|ZICBOZ'
[02:24:56] [spechunter] [Grep] pattern='CAUSE_VIRTUAL|virtual.instruction|CAUSE_FETCH|CAUSE_BREAKPOINT|CAUSE_LOAD|CAUSE_STORE|CAUSE_USER'
[02:24:56] [spechunter] [Grep] pattern='PMP_A_NAPOT|PMP_A_TOR|PMP_A_NA4|PMP_A|PMP_L|PMP_W|PMP_X'
[02:24:59] [spechunter] [text] Now let me trace the `probe_write` and `probe_access_flags` implementations and the `riscv_cpu_tlb_fill` path to underst...
[02:24:59] [spechunter] [Grep] pattern='riscv_cpu_tlb_fill'
[02:24:59] [spechunter] [Grep] pattern='probe_access_flags|probe_write'
[02:24:59] [spechunter] [Grep] pattern='probe_access_flags|probe_write'
[02:25:04] [spechunter] [Grep] pattern='INSN_MASK_|INSN_MATCH_'
[02:25:04] [spechunter] [Read] /home/yzs/riscv/opensbi/lib/sbi/sbi_hart.c
[02:25:04] [spechunter] [Read] /home/yzs/riscv/opensbi/lib/sbi/sbi_emulate_csr.c
[02:25:04] [spechunter] [Grep] pattern='fence_i|fence\\.i|kvm_riscv_fence|cmor|CMO|cache.*fence'
[02:25:04] [spechunter] [Grep] pattern='SBI.*CMO|CMO.*SBI|sbi_cmo|cmo_sbi|fence_i_process'
[02:25:04] [spechunter] [Grep] pattern='zicbom_block_size|zicboz_block_size|zicbop_block_size'
[02:25:10] [spechunter] [Read] /home/yzs/riscv/qemu/target/riscv/cpu_helper.c
[02:25:10] [spechunter] [Read] /home/yzs/riscv/qemu/target/riscv/op_helper.c
[02:25:11] [spechunter] [text] ```json {   "locations": [     {       "file_path": "target/riscv/insn32.decode",       "function_name": null,       "li...
[02:25:24] [spechunter] [Read] /home/yzs/riscv/qemu/target/riscv/cpu_helper.c
[02:25:24] [spechunter] [Grep] pattern='RISCV_EXCP_STORE_AMO_ACCESS_FAULT|RISCV_EXCP_STORE_PAGE_FAULT|RISCV_EXCP_LOAD_ACCESS_FAULT|RISCV_EXCP_LOAD_PAGE_FAULT'
[02:25:26] [spechunter] [Read] /home/yzs/riscv/opensbi/findings.json
[02:25:26] [spechunter] [Read] /home/yzs/riscv/opensbi/lib/sbi/sbi_hart_protection.c
[02:25:26] [spechunter] [Grep] pattern='delegate_traps|mideleg|medeleg|CAUSE_ILLEGAL|hstatus'
[02:25:37] [spechunter] [text] Here is the JSON result with all CBO-related locations found in the XiangShan RTL codebase:  ```json {   "locations": [ ...
[02:25:40] [spechunter] [Grep] pattern='CAUSE_VIRTUAL_INST|CAUSE_VIRTUAL|VIRTUAL_INST|FETCH_ACCESS|STORE_ACCESS'
[02:25:40] [spechunter] [Read] /home/yzs/riscv/opensbi/firmware/fw_base.S
[02:25:40] [spechunter] [Read] /home/yzs/riscv/opensbi/lib/sbi/sbi_unpriv.c
[02:25:40] [spechunter] [Grep] pattern='sbi_domain_check_addr|sbi_domain_check_addr_range'
[02:25:44] [spechunter] [Grep] pattern='raise_mmu_exception'
[02:26:00] [spechunter] [Read] /home/yzs/riscv/qemu/target/riscv/cpu_helper.c
[02:26:22] [spechunter] [text] Now let me trace the TCG fast-path and check for no-op optimization, plus migration/KVM/GDB paths.  
[02:26:22] [spechunter] [Grep] pattern='cbo|CBO|zicbom|zicboz'
[02:26:22] [spechunter] [Grep] pattern='cbo|CBO|zicbom|zicboz'
[02:26:22] [spechunter] [Grep] pattern='cbo|CBO|zicbom|zicboz'
[02:26:22] [spechunter] [Grep] pattern='cbo|CBO|zicbom|zicboz'
[02:26:22] [spechunter] [Grep] pattern='cbo|CBO|zicbom|zicboz|cbom_blocksize|cboz_blocksize'
[02:26:32] [spechunter] [text] Prompt is too long
[02:26:35] [spechunter] [Grep] pattern='cbo|CBO|zicbom|zicboz'
[02:26:35] [spechunter] [Grep] pattern='cbo|CBO|zicbom|zicboz'
[02:26:35] [spechunter] [Grep] pattern='cbo|CBO|zicbom|zicboz'
[02:26:35] [spechunter] [Grep] pattern='MENVCFG_CBCFE|MENVCFG_CBIE|MENVCFG_CBZE'
[02:27:10] [spechunter] [Grep] pattern='MENVCFG_CBCFE|MENVCFG_CBIE|MENVCFG_CBZE'
[02:27:10] [spechunter] [Grep] pattern='MENVCFG|menvcfg'
[02:27:10] [spechunter] [Grep] pattern='ext_zicbom|ext_zicboz|ext_zicbop'
[02:27:30] [spechunter] [Read] /home/yzs/riscv/qemu/target/riscv/csr.c
[02:27:30] [spechunter] [Grep] pattern='cbo|CBO|zicbom|zicboz|cbom_blocksize|cboz_blocksize'
[02:27:39] [spechunter] [text] Now let me look at the migration file and the vector helper for probe_access_flags, plus the tlb fill path with SSWSxCH ...
[02:27:39] [spechunter] [Grep] pattern='menvcfg|senvcfg|henvcfg'
[02:27:39] [spechunter] [Grep] pattern='cbom_blocksize|cboz_blocksize|cbop_blocksize'
[02:27:39] [spechunter] [Grep] pattern='probe_access_flags'
[02:27:49] [spechunter] [text] ## Analysis  The PR is about the **RISC-V ISA specification text** — clarifying that CBO instructions are explicitly sub...
[02:28:09] [spechunter] [Read] /tmp/claude-1000/-home-yzs-riscv-opensbi/5f2a85a0-efc2-4617-b10c-e32cb1f3a7a0/tasks/a170a0f99359fd2f5.output
[02:28:14] [spechunter] [text] I'll systematically audit each code location for CBO security compliance. Let me start by reading the relevant source fi...
[02:28:14] [spechunter] [Agent] description, prompt
[02:28:19] [spechunter] [Bash] Check background agent output for PMP exploration
[02:28:26] [spechunter] [Read] /tmp/claude-1000/-home-yzs-riscv-opensbi/5f2a85a0-efc2-4617-b10c-e32cb1f3a7a0/tasks/a170a0f99359fd2f5.output
[02:28:26] [spechunter] [Bash] Count lines in background agent output
[02:28:27] [spechunter] [Read] /tmp/claude-1000/-home-yzs-riscv-opensbi/5f2a85a0-efc2-4617-b10c-e32cb1f3a7a0/tasks/a52cd98a0ddaa60a3.output
[02:28:31] [spechunter] [Read] /tmp/claude-1000/-home-yzs-riscv-opensbi/5f2a85a0-efc2-4617-b10c-e32cb1f3a7a0/tasks/a170a0f99359fd2f5.output
[02:28:37] [spechunter] [Bash] Read last portion of background agent output
[02:28:38] [spechunter] [text] The first agent returned excellent results. Let me now read the key files to get exact line numbers while waiting for th...
[02:28:38] [spechunter] [Read] /home/yzs/riscv/XiangShan/src/main/scala/xiangshan/mem/pipeline/NewStoreUnit.scala
[02:28:38] [spechunter] [Read] /home/yzs/riscv/XiangShan/src/main/scala/xiangshan/mem/pipeline/NewStoreUnit.scala
[02:28:38] [spechunter] [Read] /home/yzs/riscv/XiangShan/src/main/scala/xiangshan/mem/pipeline/NewStoreUnit.scala
[02:28:41] [spechunter] [Read] /tmp/claude-1000/-home-yzs-riscv-opensbi/5f2a85a0-efc2-4617-b10c-e32cb1f3a7a0/tasks/a170a0f99359fd2f5.output
[02:28:49] [spechunter] [Read] /tmp/claude-1000/-home-yzs-riscv-opensbi/5f2a85a0-efc2-4617-b10c-e32cb1f3a7a0/tasks/a170a0f99359fd2f5.output
[02:28:52] [spechunter] [Grep] pattern='nonfault|TLB_INVALID_MASK'
[02:28:52] [spechunter] [Grep] pattern='cpu_stb_mmuidx_ra'
[02:28:52] [spechunter] [Grep] pattern='pmp_hart_has_privs|pmp_get_tlb_size|get_physical_address_pmp'
[02:28:53] [spechunter] [text] Now let me read the TLB and PMP checking logic, plus the LSUOpType and decode definitions.  
[02:28:53] [spechunter] [Read] /home/yzs/riscv/XiangShan/src/main/scala/xiangshan/cache/mmu/TLB.scala
[02:28:53] [spechunter] [Read] /home/yzs/riscv/XiangShan/src/main/scala/xiangshan/backend/fu/PMP.scala
[02:28:53] [spechunter] [Read] /home/yzs/riscv/XiangShan/src/main/scala/xiangshan/package.scala
[02:28:53] [spechunter] [Read] /home/yzs/riscv/XiangShan/src/main/scala/xiangshan/cache/mmu/MMUBundle.scala
[02:28:55] [spechunter] [Grep] pattern='cbo\\.(clean|flush|inval|zero)'
[02:28:55] [spechunter] [Grep] pattern='CBO'
[02:28:55] [spechunter] [Grep] pattern='Zicbom|Zicboz|Zicbop'
[02:28:55] [spechunter] [Grep] pattern='riscv_cbo'
[02:28:55] [spechunter] [Grep] pattern='CBO'
[02:28:55] [spechunter] [Grep] pattern='cbo\\.(clean|flush|inval|zero)'
[02:28:57] [spechunter] [Read] /home/yzs/riscv/qemu/target/riscv/cpu_helper.c
[02:28:57] [spechunter] [Grep] pattern='pmp_hart_has_privs'
[02:28:58] [spechunter] [Grep] pattern='CBO|cbo\\.inval|cbo\\.flush|cbo\\.clean|cache.block'
[02:28:58] [spechunter] [Grep] pattern='MSECCFG|mseccfg|SECCFG'
[02:28:58] [spechunter] [Grep] pattern='ENF_PERMISSIONS|enf_permissions|M_ONLY_ACCESS'
[02:29:05] [spechunter] [text] Now let me check the migration code for blocksize fields, the GDB stub for CSR exposure, and the TCG init path for which...
[02:29:05] [spechunter] [Grep] pattern='cbom_blocksize|cboz_blocksize|cbop_blocksize|ext_zicbom|ext_zicboz'
[02:29:05] [spechunter] [Read] /home/yzs/riscv/qemu/target/riscv/machine.c
[02:29:05] [spechunter] [Grep] pattern='zicbom|zicboz|cbom_blocksize|cboz_blocksize'
[02:29:06] [spechunter] [TodoWrite] 7 items
[02:29:13] [spechunter] [Bash] Read first 5 lines of background agent output
[02:29:13] [spechunter] [Bash] Read last 5 lines of background agent output
[02:29:15] [spechunter] [Read] /home/yzs/riscv/opensbi/lib/sbi/sbi_domain.c
[02:29:15] [spechunter] [Read] /home/yzs/riscv/opensbi/lib/sbi/sbi_hart_pmp.c
[02:29:15] [spechunter] [Read] /home/yzs/riscv/opensbi/include/sbi/sbi_domain.h
[02:29:18] [spechunter] [TodoWrite] 7 items
[02:29:19] [spechunter] [text] Now let me read the decode unit CBO definitions and menvcfg CSR fields while waiting for the second agent.  
[02:29:19] [spechunter] [Read] /home/yzs/riscv/XiangShan/src/main/scala/xiangshan/backend/decode/DecodeUnit.scala
[02:29:19] [spechunter] [Agent] description, prompt
[02:29:19] [spechunter] [Agent] description, prompt
[02:29:31] [spechunter] [Grep] pattern='ZICBO|Zicbo|cbo\\.'
[02:29:31] [spechunter] [Grep] pattern='ZICBO|Zicbo|cbo\\.'
[02:29:31] [spechunter] [Grep] pattern='ZICBO|Zicbo|cbo\\.|cbo_'
[02:29:31] [spechunter] [Grep] pattern='copy_to_user|copy_from_user'
[02:29:31] [spechunter] [Grep] pattern='ZICBO|Zicbo|cbo\\.'
[02:29:31] [spechunter] [Grep] pattern='ZICBO|Zicbo|cbo\\.'
[02:29:31] [spechunter] [Grep] pattern='cbo\\.(clean|flush|inval|zero)'
[02:29:31] [spechunter] [Grep] pattern='ZICBO|Zicbo|cbo\\.'
[02:29:37] [spechunter] [Grep] pattern='menvcfg'
[02:29:37] [spechunter] [Grep] pattern='CBCFE|CBIE|CBZE'
[02:29:37] [spechunter] [Grep] pattern='envcfg'
[02:29:45] [spechunter] [Read] /home/yzs/riscv/qemu/target/riscv/op_helper.c
[02:29:45] [spechunter] [Read] /home/yzs/riscv/qemu/target/riscv/insn_trans/trans_rvzicbo.c.inc
[02:29:55] [spechunter] [Grep] pattern='CboType'
[02:29:55] [spechunter] [Grep] pattern='CBO_ZERO|CBO_CLEAN|CBO_FLUSH|CBO_INVAL'
[02:29:55] [spechunter] [Grep] pattern='CBCFE|CBIE|CBZE|menvcfg.*cbo|cbo.*menvcfg'
[02:29:55] [spechunter] [Grep] pattern='cbo\\.(zero|clean|flush|inval)|CBO_ZERO|CBO_CLEAN|CBO_FLUSH|CBO_INVAL'
[02:29:57] [spechunter] [Read] /home/yzs/riscv/XiangShan/src/main/scala/xiangshan/backend/fu/NewCSR/CSRBundles.scala
[02:29:57] [spechunter] [Read] /home/yzs/riscv/XiangShan/src/main/scala/xiangshan/backend/fu/NewCSR/CSRDefines.scala
[02:29:57] [spechunter] [Read] /home/yzs/riscv/XiangShan/src/main/scala/xiangshan/backend/fu/wrapper/CSR.scala
[02:30:05] [spechunter] [Read] /home/yzs/riscv/XiangShan/src/main/scala/xiangshan/mem/lsqueue/LSQCommon.scala
[02:30:05] [spechunter] [Read] /home/yzs/riscv/XiangShan/src/main/scala/xiangshan/backend/decode/DecodeUnit.scala
[02:30:05] [spechunter] [Read] /home/yzs/riscv/XiangShan/src/main/scala/xiangshan/backend/fu/NewCSR/CSRBundles.scala
[02:30:05] [spechunter] [Read] /home/yzs/riscv/XiangShan/src/main/scala/xiangshan/package.scala
[02:30:13] [spechunter] [Grep] pattern='CBO|cbo|ZICBO|Zicbo'
[02:30:13] [spechunter] [Grep] pattern='CBO|cbo|ZICBO|Zicbo'
[02:30:13] [spechunter] [Grep] pattern='CBO|cbo|ZICBO|Zicbo|zicbo'
[02:30:13] [spechunter] [Grep] pattern='CBO|cbo'
[02:30:13] [spechunter] [Grep] pattern='CBO|cbo|ZICBO|Zicbo'
[02:30:13] [spechunter] [Grep] pattern='CBO|cbo'
[02:30:17] [spechunter] [Read] /home/yzs/riscv/opensbi/lib/sbi/sbi_domain.c
[02:30:17] [spechunter] [Read] /home/yzs/riscv/opensbi/include/sbi/sbi_domain.h
[02:30:17] [spechunter] [Read] /home/yzs/riscv/opensbi/lib/sbi/sbi_hart_pmp.c
[02:30:29] [spechunter] [Grep] pattern='CBO_ZERO|CBO_CLEAN|CBO_FLUSH|CBO_INVAL'
[02:30:29] [spechunter] [Grep] pattern='illegalInst\\.cbo|cboZ|cboCF|cboI|virtualInst\\.cbo'
[02:30:29] [spechunter] [Grep] pattern='sfence|fencei|cbo.*flush|cbo.*inval|flushPipe|flushL2|cmo.*fence'
[02:30:29] [spechunter] [Grep] pattern='CBO_ZERO|CBO_CLEAN|CBO_FLUSH|CBO_INVAL'
[02:30:30] [spechunter] [Grep] pattern='MEnvCfg|SEnvCfg|HEnvCfg'
[02:30:30] [spechunter] [Grep] pattern='class.*EnvCfg|Menvenvcfg|Senvcfg|Henvcfg'
[02:30:30] [spechunter] [Grep] pattern='cboZ|cboCF|cboI|cboZero|cboClean|cboInval'
[02:30:33] [spechunter] [Grep] pattern='acpi_get_cbo_block_size'
[02:30:33] [spechunter] [Read] /home/yzs/riscv/linux/arch/riscv/include/asm/insn-def.h
[02:30:33] [spechunter] [Read] /home/yzs/riscv/linux/arch/riscv/include/asm/errata_list.h
[02:30:33] [spechunter] [Read] /home/yzs/riscv/linux/arch/riscv/mm/cacheflush.c
[02:30:36] [spechunter] [text] Based on the PR context — a documentation change clarifying that CBO instructions are subject to permission checks — the...
[02:30:36] [spechunter] [Grep] pattern='check_zicbo_envcfg'
[02:30:37] [spechunter] [text] Now let me trace the specific code paths more deeply.  
[02:30:37] [spechunter] [Read] /home/yzs/riscv/opensbi/lib/sbi/sbi_hart.c
[02:30:37] [spechunter] [Read] /home/yzs/riscv/opensbi/lib/sbi/sbi_trap.c
[02:30:37] [spechunter] [Read] /home/yzs/riscv/opensbi/lib/sbi/sbi_domain_context.c
[02:30:44] [spechunter] [Read] /home/yzs/riscv/XiangShan/src/main/scala/xiangshan/backend/fu/NewCSR/MachineLevel.scala
[02:30:44] [spechunter] [Read] /home/yzs/riscv/XiangShan/src/main/scala/xiangshan/backend/fu/NewCSR/NewCSR.scala
[02:30:44] [spechunter] [Read] /home/yzs/riscv/XiangShan/src/main/scala/xiangshan/backend/decode/DecodeUnit.scala
[02:30:44] [spechunter] [Read] /home/yzs/riscv/XiangShan/src/main/scala/xiangshan/backend/fu/NewCSR/HypervisorLevel.scala
[02:30:44] [spechunter] [Read] /home/yzs/riscv/XiangShan/src/main/scala/xiangshan/backend/fu/NewCSR/SupervisorLevel.scala
[02:30:47] [spechunter] [Grep] pattern='CBO_ZERO|CBO_CLEAN|CBO_FLUSH|CBO_INVAL'
[02:30:47] [spechunter] [Grep] pattern='illegalInst\\.cbo|cboZ|cboCF|cboI|virtualInst\\.cbo|cboI2F'
[02:30:47] [spechunter] [Read] /home/yzs/riscv/XiangShan/src/main/scala/xiangshan/cache/dcache/DCacheWrapper.scala
[02:30:48] [spechunter] [Grep] pattern='CBO|cbo'
[02:30:48] [spechunter] [Read] /home/yzs/riscv/linux/arch/riscv/errata/thead/errata.c
[02:30:48] [spechunter] [Grep] pattern='CBO|cbo|zicbo|ZICBO'
[02:30:48] [spechunter] [Grep] pattern='CBO|cbo'
[02:30:48] [spechunter] [Grep] pattern='ALT_CMO_OP'
[02:30:59] [spechunter] [Read] /home/yzs/riscv/XiangShan/src/main/scala/xiangshan/backend/fu/NewCSR/MachineLevel.scala
[02:30:59] [spechunter] [Grep] pattern='CBO_CLEAN|CBO_FLUSH|CBO_INVAL|CBO_ZERO'
[02:30:59] [spechunter] [Read] /home/yzs/riscv/XiangShan/src/main/scala/xiangshan/backend/decode/DecodeUnit.scala
[02:31:02] [spechunter] [Read] /home/yzs/riscv/XiangShan/src/main/scala/xiangshan/backend/fu/NewCSR/NewCSR.scala
[02:31:02] [spechunter] [Grep] pattern='CBO_ZERO|CBO_CLEAN|CBO_FLUSH|CBO_INVAL'
[02:31:02] [spechunter] [Grep] pattern='cbo.*sfence|sfence.*cbo|cbo.*fencei|fencei.*cbo|cbo.*flush.*flushPipe|cbo.*inval.*flush'
[02:31:03] [spechunter] [Grep] pattern='static void check_zicbo_envcfg'
[02:31:05] [spechunter] [Grep] pattern='val CBO_CLEAN|val CBO_FLUSH|val CBO_INVAL|val CBO_ZERO'
[02:31:05] [spechunter] [Grep] pattern='menvcfg'
[02:31:06] [spechunter] [text] Now let me check the encoding definitions and the `sbi_ecall_handler` to verify there's no CBO handling.  
[02:31:06] [spechunter] [Read] /home/yzs/riscv/opensbi/include/sbi/riscv_encoding.h
[02:31:06] [spechunter] [Grep] pattern='cbo|cache.?block|zicbom|zicboz'
[02:31:06] [spechunter] [Grep] pattern='ENVCFG_CBIE|CBCFE|CBZE'
[02:31:11] [spechunter] [Grep] pattern='CBO_CLEAN\\s*="'
[02:31:11] [spechunter] [Grep] pattern='CBO_ZERO\\s*=|CBO_CLEAN\\s*=|CBO_FLUSH\\s*=|CBO_INVAL\\s*='
[02:31:17] [spechunter] [Grep] pattern='CBO_CLEAN|CBO_FLUSH|CBO_INVAL|CBO_ZERO'
[02:31:21] [spechunter] [Grep] pattern='CBO_ZERO|CBO_CLEAN|CBO_FLUSH|CBO_INVAL'
[02:31:21] [spechunter] [Read] /home/yzs/riscv/XiangShan/src/main/scala/xiangshan/backend/fu/wrapper/CSR.scala
[02:31:21] [spechunter] [Read] /home/yzs/riscv/XiangShan/src/main/scala/xiangshan/mem/lsqueue/NewStoreQueue.scala
[02:31:25] [spechunter] [text] Now let me check the `menvcfg` encoding and the ENVCFG_CBIE field to understand the full CBO configuration path.  
[02:31:25] [spechunter] [Read] /home/yzs/riscv/opensbi/include/sbi/riscv_encoding.h
[02:31:25] [spechunter] [Grep] pattern='sbi_hart_protection_configure|sbi_hart_protection_unconfigure|sbi_hart_protection_register'
[02:31:30] [spechunter] [Grep] pattern='CBO_CLEAN'
[02:31:30] [spechunter] [Grep] pattern='CBO_CLEAN|HasCMO'
[02:31:34] [spechunter] [Grep] pattern='HasCMO|CBO_CLEAN|CBO_ZERO|CBO_FLUSH|CBO_INVAL'
[02:31:40] [spechunter] [Read] /home/yzs/riscv/opensbi/lib/sbi/sbi_hart_protection.c
[02:31:40] [spechunter] [Read] /home/yzs/riscv/opensbi/lib/sbi/sbi_init.c
[02:31:49] [spechunter] [Read] /home/yzs/riscv/XiangShan/src/main/scala/xiangshan/backend/decode/DecodeUnit.scala
[02:31:49] [spechunter] [Grep] pattern='import.*CBO'
[02:31:53] [spechunter] [Grep] pattern='CBO_CLEAN|CBO_FLUSH|CBO_INVAL|CBO_ZERO'
[02:31:57] [spechunter] [Grep] pattern='sbi_hart_reinit'
[02:31:57] [spechunter] [Grep] pattern='sbi_hart_switch_mode'
[02:32:09] [spechunter] [Grep] pattern='def CBO_ZERO|def CBO_CLEAN|def CBO_FLUSH|def CBO_INVAL'
[02:32:14] [spechunter] [Grep] pattern='CBO_'
[02:32:19] [spechunter] [Grep] pattern='menvcfg|senvcfg|henvcfg'
[02:32:26] [spechunter] [Grep] pattern='CBO_ZERO|CBO_CLEAN|CBO_FLUSH|CBO_INVAL'
[02:32:26] [spechunter] [Grep] pattern='object CBO_ZERO|val CBO_'
[02:32:32] [spechunter] [Read] /home/yzs/riscv/opensbi/lib/sbi/sbi_hart.c
[02:32:32] [spechunter] [Grep] pattern='import|rocket|rocketchip'
[02:32:39] [spechunter] [text] Based on my review, the PR is a **documentation change** clarifying that CBO instructions are explicitly subject to perm...
[02:32:47] [spechunter] [text] Let me now read the critical code locations to perform the security audit.  
[02:32:47] [spechunter] [Read] /home/yzs/riscv/linux/arch/riscv/mm/dma-noncoherent.c
[02:32:47] [spechunter] [Read] /home/yzs/riscv/linux/arch/riscv/lib/clear_page.S
[02:32:47] [spechunter] [Read] /home/yzs/riscv/linux/arch/riscv/mm/pmem.c
[02:32:47] [spechunter] [Read] /home/yzs/riscv/linux/arch/riscv/include/asm/errata_list.h
[02:32:51] [spechunter] [Read] /home/yzs/riscv/XiangShan/src/main/scala/xiangshan/backend/fu/NewCSR/NewCSR.scala
[02:32:51] [spechunter] [Grep] pattern='val menvcfg|val henvcfg|val senvcfg'
[02:32:55] [spechunter] [text] Let me find and read the relevant CBO-related code in the QEMU RISC-V emulation.  
[02:32:55] [spechunter] [Grep] pattern='check_zicbom_access|check_zicboz_access|helper_cbo|gen_helper_cbo|cbo_clean|cbo_flush|cbo_inval|cbo_zero'
[02:32:55] [spechunter] [Grep] pattern='ZICBOM|ZICBOZ|probe_write.*cbo|cbo.*nonfault'
[02:33:02] [spechunter] [text] Now let me check the other critical security areas - KVM, traps, context switch, and signal handling.  
[02:33:02] [spechunter] [Read] /home/yzs/riscv/linux/arch/riscv/kvm/vcpu.c
[02:33:02] [spechunter] [Read] /home/yzs/riscv/linux/arch/riscv/kernel/traps.c
[02:33:02] [spechunter] [Grep] pattern='cbo|CBO|cmo|CMO|zicbom|zicboz|zicbop'
[02:33:02] [spechunter] [Grep] pattern='cbo|CBO|zicbom|zicboz'
[02:33:02] [spechunter] [Grep] pattern='cbo|CBO|zicbom|zicboz|zicbop'
[02:33:02] [spechunter] [Grep] pattern='cbo|CBO|zicbom|zicboz'
[02:33:03] [spechunter] [Read] /home/yzs/riscv/qemu/target/riscv/op_helper.c
[02:33:03] [spechunter] [Read] /home/yzs/riscv/qemu/target/riscv/insn_trans/trans_rvzicbo.c.inc
[02:33:03] [spechunter] [Read] /home/yzs/riscv/qemu/target/riscv/helper.h
[02:33:11] [spechunter] [text] Let me check the trap handling paths and KVM virtualization more carefully.  
[02:33:11] [spechunter] [Grep] pattern='cbo|CBO|cmo|CMO|zicbom|zicboz|illegal_insn|do_trap_insn'
[02:33:11] [spechunter] [Grep] pattern='cbo|CBO|cmo|CMO|zicbom|zicboz'
[02:33:11] [spechunter] [Grep] pattern='__switch_to|switch_to|switch_mm|cbo|CBO'
[02:33:15] [spechunter] [text] Now let me read the actual CBO helper implementations in `op_helper.c`.  
[02:33:15] [spechunter] [Grep] pattern='helper_cbo_clean_flush|helper_cbo_inval|helper_cbo_zero|check_zicbom_access|check_zicboz_access'
[02:33:19] [spechunter] [Read] /home/yzs/riscv/qemu/target/riscv/op_helper.c
[02:33:24] [spechunter] [text] Now I have a thorough understanding of the entire code path. Let me also check a few more details.  
[02:33:24] [spechunter] [Read] /home/yzs/riscv/opensbi/lib/sbi/sbi_hart.c
[02:33:24] [spechunter] [Grep] pattern='CBIE|cbie|cmo|cache.maintenance'
[02:33:33] [spechunter] [text] Let me check the Zicbop prefetch usage and the hardware capability enforcement in envcfg.  
[02:33:33] [spechunter] [Read] /home/yzs/riscv/linux/arch/riscv/include/asm/processor.h
[02:33:33] [spechunter] [Grep] pattern='ENVCFG_CBIE|ENVCFG_CBCFE|ENVCFG_CBZE|envcfg|menvcfg|senvcfg'
[02:33:33] [spechunter] [Read] /home/yzs/riscv/linux/arch/riscv/kernel/entry.S
[02:33:44] [spechunter] [Grep] pattern='CBIE|CBCFE|CBZE'
[02:33:44] [spechunter] [Grep] pattern='envcfg|ENVCFG'
[02:33:44] [spechunter] [Read] /home/yzs/riscv/linux/arch/riscv/kernel/process.c
[02:33:53] [spechunter] [text] Let me check how `envcfg` is managed on context switch, particularly the `CBZE` and `CBCFE` bits.  
[02:33:53] [spechunter] [Grep] pattern='envcfg|ENVCFG'
[02:33:53] [spechunter] [Grep] pattern='_switch_to|switch_to|envcfg'
[02:33:55] [spechunter] [text] The CBO decode agent failed, let me read those directly and also look at the BitPat patterns.  
[02:33:55] [spechunter] [Grep] pattern='CBO_ZERO|CBO_CLEAN|CBO_FLUSH|CBO_INVAL'
[02:33:55] [spechunter] [Read] /home/yzs/riscv/XiangShan/src/main/scala/xiangshan/mem/lsqueue/LSQCommon.scala
[02:34:03] [spechunter] [Grep] pattern='CboType|object CboType'
[02:34:03] [spechunter] [Grep] pattern='CBO_ZERO|CBO_CLEAN|CBO_FLUSH|CBO_INVAL'
[02:34:03] [spechunter] [Grep] pattern='val CBO_ZERO|val CBO_CLEAN|val CBO_FLUSH|val CBO_INVAL|final val CBO'
[02:34:10] [spechunter] [text] Now let me also check the `check_zicbo_envcfg` function and the `probe_access_flags` implementation.  
[02:34:10] [spechunter] [Grep] pattern='check_zicbo_envcfg'
[02:34:12] [spechunter] [text] Let me read the full switch_to.h and check the KVM vcpu load/put path.  
[02:34:12] [spechunter] [Read] /home/yzs/riscv/linux/arch/riscv/include/asm/switch_to.h
[02:34:12] [spechunter] [Grep] pattern='switch_to_envcfg|__switch_to_envcfg|CBIE|CBCFE|CBZE|envcfg'
[02:34:12] [spechunter] [Grep] pattern='kvm_arch_vcpu_load|kvm_arch_vcpu_put|henvcfg|hstateen'
[02:34:16] [spechunter] [Read] /home/yzs/riscv/XiangShan/src/main/scala/xiangshan/mem/lsqueue/LSQCommon.scala
[02:34:16] [spechunter] [Grep] pattern='import.*CustomInstructions|import.*CBO'
[02:34:16] [spechunter] [text] Let me also check the `probe_access_flags` function and the TLB fill logic to understand exception types raised.  
[02:34:16] [spechunter] [Grep] pattern='int probe_access_flags\\b'
[02:34:16] [spechunter] [Grep] pattern='riscv_cpu_tlb_fill'
[02:34:19] [spechunter] [text] Let me check the full VCPU load/put path for senvcfg and check the KVM trap handler for CBO instructions.  
[02:34:19] [spechunter] [Read] /home/yzs/riscv/linux/arch/riscv/kvm/vcpu.c
[02:34:19] [spechunter] [Read] /home/yzs/riscv/linux/arch/riscv/kernel/suspend.c
[02:34:19] [spechunter] [Grep] pattern='cbo|CBO|cmo|CMO|zicbom|zicboz|illegal_insn|guest_exit|exit_reason'
[02:34:23] [spechunter] [Read] /home/yzs/riscv/XiangShan/src/main/scala/xiangshan/mem/pipeline/NewStoreUnit.scala
[02:34:23] [spechunter] [Read] /home/yzs/riscv/XiangShan/src/main/scala/xiangshan/mem/pipeline/NewStoreUnit.scala
[02:34:25] [spechunter] [Grep] pattern='riscv_cpu_tlb_fill'
[02:34:28] [spechunter] [Read] /home/yzs/riscv/qemu/target/riscv/cpu_helper.c
[02:34:33] [spechunter] [Read] /home/yzs/riscv/qemu/target/riscv/cpu_helper.c
[02:34:37] [spechunter] [Grep] pattern='raise_mmu_exception'
[02:34:40] [spechunter] [text] Now let me look at the CBO handling in the load unit pipeline and find additional affected locations.  
[02:34:40] [spechunter] [Grep] pattern='isCboAll.*TlbCmd|TlbCmd.*isCboAll|cbo.*tlbReq|tlbReq.*cbo'
[02:34:40] [spechunter] [Grep] pattern='cbo_zero.*TlbCmd|TlbCmd.*cbo_zero|cboZero.*tlb|tlb.*cboZero'
[02:34:48] [spechunter] [text] Now I have a thorough understanding of the entire codebase related to this vulnerability. Let me compile the findings.  
[02:34:48] [spechunter] [Write] /home/yzs/riscv/opensbi/semantic_findings.json
[02:34:58] [spechunter] [text] Let me search for other CBO TlbCmd assignments and the load unit handling.  
[02:34:58] [spechunter] [Grep] pattern='isCbo.*cmd|cmd.*isCbo|CBO.*TLB|cbo.*PMP|pmp.*cbo|cache.*block.*op'
[02:34:58] [spechunter] [Grep] pattern='cboClean|cboFlush|cboInval|cboZero'
[02:35:11] [spechunter] [text] Now let me check one more area — the KVM illegal instruction handler and whether the host kernel ever handles CBO traps ...
[02:35:11] [spechunter] [Read] /home/yzs/riscv/linux/arch/riscv/kvm/vcpu_insn.c
[02:35:11] [spechunter] [Read] /home/yzs/riscv/linux/arch/riscv/kernel/traps.c
[02:35:13] [spechunter] [TodoWrite] 7 items
[02:35:26] [spechunter] [text] Here is the semantic analysis of the CBO/PMP vulnerability in OpenSBI.  ## Findings Summary  **Root cause**: OpenSBI del...
[02:35:29] [spechunter] [text] Now let me also check the KVM path for CBO support and the insn32.decode for relevant instruction format details.  
[02:35:29] [spechunter] [Grep] pattern='ZICBOM|ZICBOZ|cbo|CBO'
[02:35:29] [spechunter] [Grep] pattern='cbo_clean|cbo_flush|cbo_inval|cbo_zero'
[02:35:29] [spechunter] [Read] /home/yzs/riscv/qemu/include/accel/tcg/probe.h
[02:35:34] [spechunter] [text] Let me read the store queue CBO handling and the StoreAccessType package, plus check for CBO in dcache.    
[02:35:34] [spechunter] [Read] /home/yzs/riscv/XiangShan/src/main/scala/xiangshan/mem/pipeline/package.scala
[02:35:34] [spechunter] [Read] /home/yzs/riscv/XiangShan/src/main/scala/xiangshan/mem/lsqueue/NewStoreQueue.scala
[02:35:34] [spechunter] [Grep] pattern='cbo|CBO|cmoclean|cmoflush|cmoinval|cmozero'
[02:35:46] [spechunter] [text] Now I have a complete picture of all CBO-related code. Let me verify one final check — whether there's any Zicbop (prefe...
[02:35:46] [spechunter] [Grep] pattern='prefetch|prefetchw'
[02:35:46] [spechunter] [Read] /home/yzs/riscv/linux/arch/riscv/include/asm/insn-def.h
[02:35:50] [spechunter] [text] Let me get the dcache CBO opcode encoding and the NewCSR exception gating lines more precisely.  
[02:35:50] [spechunter] [Read] /home/yzs/riscv/XiangShan/src/main/scala/xiangshan/cache/dcache/DCacheWrapper.scala
[02:35:50] [spechunter] [Read] /home/yzs/riscv/XiangShan/src/main/scala/xiangshan/backend/fu/NewCSR/NewCSR.scala
[02:35:50] [spechunter] [Read] /home/yzs/riscv/XiangShan/src/main/scala/xiangshan/backend/decode/DecodeUnit.scala
[02:35:58] [spechunter] [text] Now let me check the CBO re-mapping in DecodeUnit and the pm_check call chain.    
[02:35:58] [spechunter] [Read] /home/yzs/riscv/XiangShan/src/main/scala/xiangshan/backend/decode/DecodeUnit.scala
[02:35:58] [spechunter] [Read] /home/yzs/riscv/XiangShan/src/main/scala/xiangshan/cache/mmu/TLB.scala
[02:35:58] [spechunter] [Grep] pattern='pmp_check\\('
[02:36:05] [spechunter] [text] Let me verify the key locations before making final judgments.  
[02:36:05] [spechunter] [Read] /home/yzs/riscv/opensbi/include/sbi/riscv_encoding.h
[02:36:05] [spechunter] [Read] /home/yzs/riscv/opensbi/include/sbi/riscv_encoding.h
[02:36:05] [spechunter] [Read] /home/yzs/riscv/opensbi/lib/sbi/sbi_domain.c
[02:36:05] [spechunter] [Read] /home/yzs/riscv/opensbi/lib/sbi/sbi_hart.c
[02:36:17] [spechunter] [text] Let me check the TLB port entry where perm_check is invoked, and look at the dcache/mainpipe CMO handling.    
[02:36:17] [spechunter] [Grep] pattern='perm_check\\('
[02:36:17] [spechunter] [Read] /home/yzs/riscv/XiangShan/src/main/scala/xiangshan/cache/mmu/TLB.scala
[02:36:17] [spechunter] [Read] /home/yzs/riscv/XiangShan/src/main/scala/xiangshan/cache/dcache/mainpipe/MissQueue.scala
[02:36:29] [spechunter] [text] Now let me check the `get_address` function and the `probe_access_flags` implementation for the TCG path.  
[02:36:29] [spechunter] [Grep] pattern='static TCGv get_address\\b'
[02:36:29] [spechunter] [Read] /home/yzs/riscv/qemu/accel/tcg/cputlb.c
[02:36:30] [spechunter] [Read] /home/yzs/riscv/XiangShan/src/main/scala/xiangshan/cache/mmu/TLB.scala
[02:36:30] [spechunter] [Read] /home/yzs/riscv/XiangShan/src/main/scala/xiangshan/cache/mmu/TLB.scala
[02:36:30] [spechunter] [Read] /home/yzs/riscv/XiangShan/src/main/scala/xiangshan/cache/mmu/MMUBundle.scala
[02:36:34] [spechunter] [Grep] pattern='int probe_access_flags\\b'
[02:36:57] [spechunter] [text] Let me check the PMP response bundle and the TLB request bundle that connects NewStoreUnit to the TLB.  
[02:36:57] [spechunter] [Grep] pattern='class PMPRespBundle'
[02:36:57] [spechunter] [Grep] pattern='class TlbReq|class TlbResp|def cmd'
[02:36:57] [spechunter] [Read] /home/yzs/riscv/XiangShan/src/main/scala/xiangshan/cache/mmu/MMUBundle.scala
[02:37:01] [spechunter] [text] Now I have a comprehensive understanding of all CBO-related code. Let me compile the audit findings.  
[02:37:01] [spechunter] [TodoWrite] 7 items
[02:37:04] [spechunter] [text] Now let me also check for any CBO-specific references in the codebase that might be more directly relevant.  
[02:37:04] [spechunter] [Grep] pattern='cbo\\.(inval|flush|zero|clean)|Zicbo[mz]|CBCFE_|CBZE_|CMO'
[02:37:04] [spechunter] [Read] /home/yzs/riscv/opensbi/lib/sbi/sbi_hart.c
[02:37:05] [spechunter] [Read] /home/yzs/riscv/XiangShan/src/main/scala/xiangshan/cache/mmu/MMUBundle.scala
[02:37:05] [spechunter] [Read] /home/yzs/riscv/XiangShan/src/main/scala/xiangshan/cache/dcache/mainpipe/MissQueue.scala
[02:37:05] [spechunter] [Grep] pattern='cbo|CBO|CMO'
[02:37:30] [spechunter] [Grep] pattern='HasCMO\\s*=|val HasCMO'
[02:37:30] [spechunter] [Grep] pattern='cboClean|cboFlush|cboInval|cboZero'
[02:37:30] [spechunter] [Read] /home/yzs/riscv/XiangShan/src/main/scala/xiangshan/mem/lsqueue/NewStoreQueue.scala
[02:37:38] [spechunter] [text] Now let me check the `probe_access_internal` function to confirm the TLB flush behavior within MTTCG.  
[02:37:38] [spechunter] [Grep] pattern='static int probe_access_internal'
[02:37:38] [spechunter] [Grep] pattern='TLB_INVALID_MASK'
[02:37:46] [spechunter] [Grep] pattern='class PmpCfg|pmpcfg|cfg\\.r|cfg\\.w|cfg\\.x'
[02:37:46] [spechunter] [Read] /home/yzs/riscv/XiangShan/src/main/scala/xiangshan/backend/fu/NewCSR/CSRBundles.scala
[02:37:52] [spechunter] [TodoWrite] 7 items
[02:38:17] [spechunter] [text] Now let me check the domain header and hart extension definitions, plus verify the smepmp configure flow:  
[02:38:17] [spechunter] [Read] /home/yzs/riscv/opensbi/include/sbi/sbi_domain.h
[02:38:17] [spechunter] [Read] /home/yzs/riscv/opensbi/include/sbi/sbi_hart.h
[02:38:17] [spechunter] [Read] /home/yzs/riscv/opensbi/lib/sbi/sbi_hart_pmp.c
[02:38:46] [spechunter] [text] Let me check the ENVCFG constants referenced in the CBO code.  
[02:38:46] [spechunter] [Grep] pattern='ENVCFG_CBCFE|ENVCFG_CBZE|ENVCFG_CBIE'
[02:39:11] [spechunter] [text] Here is the complete security audit:  ```json {   "findings": [     {       "file_path": "arch/riscv/mm/dma-noncoherent....
[02:39:12] [spechunter] [text] Now let me verify some key locations to ensure accuracy of my analysis.  
[02:39:12] [spechunter] [Read] /home/yzs/riscv/XiangShan/src/main/scala/xiangshan/mem/pipeline/NewStoreUnit.scala
[02:39:12] [spechunter] [Read] /home/yzs/riscv/XiangShan/src/main/scala/xiangshan/mem/pipeline/NewStoreUnit.scala
[02:39:12] [spechunter] [Read] /home/yzs/riscv/XiangShan/src/main/scala/xiangshan/backend/fu/NewCSR/NewCSR.scala
[02:39:32] [spechunter] [text] Now let me also read the menvcfg encoding constants that the sbi_hart.c CBO code references:  
[02:39:32] [spechunter] [Read] /home/yzs/riscv/opensbi/include/sbi/riscv_encoding.h
[02:39:46] [spechunter] [text] Now I have all the information needed. Let me compile the complete analysis.  ```json {   "findings": [     {       "fil...
[02:40:24] [spechunter] [text] Now let me verify a few more locations to be thorough.  
[02:40:24] [spechunter] [Read] /home/yzs/riscv/XiangShan/src/main/scala/xiangshan/backend/fu/NewCSR/CSRBundles.scala
[02:40:24] [spechunter] [Read] /home/yzs/riscv/XiangShan/src/main/scala/xiangshan/backend/fu/NewCSR/CSRDefines.scala
[02:40:24] [spechunter] [Read] /home/yzs/riscv/XiangShan/src/main/scala/xiangshan/backend/decode/DecodeUnit.scala
[02:40:24] [spechunter] [Read] /home/yzs/riscv/XiangShan/src/main/scala/xiangshan/backend/decode/DecodeUnit.scala
[02:40:48] [spechunter] [text] Now I have enough context to evaluate all locations. Here's the analysis:  **PR context**: This is a **spec text clarifi...
[02:41:16] [spechunter] [Agent] description, subagent_type
[02:41:41] [spechunter] [Grep] pattern='cbo'
[02:41:41] [spechunter] [Grep] pattern='cbo'
[02:41:41] [spechunter] [Grep] pattern='SBI_DOMAIN_MEMREGION'
[02:41:41] [spechunter] [Grep] pattern='cmo|cmor'
[02:41:41] [spechunter] [Grep] pattern='memregion|domain_memregion'
[02:42:01] [spechunter] [Read] /home/yzs/riscv/opensbi/include/sbi/sbi_domain.h
[02:42:01] [spechunter] [Read] /home/yzs/riscv/opensbi/lib/sbi/sbi_hart_pmp.c
[02:42:01] [spechunter] [Grep] pattern='SBI_EXT_CBOR|SBI_EXT_CBO|cbo_inval|cbo_flush|cbo_clean|cbo_zero|ZICBOM|ZICBOZ|CMO'
[02:42:01] [spechunter] [Grep] pattern='cbo|cache_block|menvcfg|ENVCFG_CB'
[02:42:06] [spechunter] [text] Now I have enough context to cross-validate. Let me produce the final deduplicated and ranked result.  ```json {   "loca...
[02:42:21] [spechunter] [Agent] description, subagent_type
[02:42:21] [spechunter] [Read] /home/yzs/riscv/opensbi/lib/sbi/sbi_domain.c
[02:42:21] [spechunter] [Grep] pattern='domain_context'
[02:42:21] [spechunter] [Glob] **/sbi_domain_context*
[02:42:21] [spechunter] [Grep] pattern='trap.*cbo|virtual.*cbo|cbo.*trap|cbo.*handler|cbo.*emulate'
[02:42:21] [spechunter] [Grep] pattern='ENVCFG_CBIE|ENVCFG_CBCFE|ENVCFG_CBZE|CBIE'
[02:42:41] [spechunter] [Grep] pattern='isCbo'
[02:42:41] [spechunter] [Grep] pattern='cbo\\.(clean|flush|inval|zero)'
[02:42:41] [spechunter] [Grep] pattern='isCboNoZero'
[02:42:41] [spechunter] [Grep] pattern='TlbCmd'
[02:42:41] [spechunter] [Glob] **/NewStoreUnit.scala
[02:42:41] [spechunter] [Glob] **/TLB.scala
[02:42:41] [spechunter] [Glob] **/PMP.scala
[02:42:54] [spechunter] [Read] /home/yzs/riscv/opensbi/lib/sbi/sbi_domain_context.c
[02:42:54] [spechunter] [Read] /home/yzs/riscv/opensbi/include/sbi/sbi_domain_context.h
[02:42:54] [spechunter] [Glob] **/sbi_trap*.c
[02:42:54] [spechunter] [Grep] pattern='sbi_hart_protection'
[02:42:59] [spechunter] [Read] /home/yzs/riscv/XiangShan/src/main/scala/xiangshan/mem/pipeline/NewStoreUnit.scala
[02:42:59] [spechunter] [Read] /home/yzs/riscv/XiangShan/src/main/scala/xiangshan/cache/mmu/TLB.scala
[02:42:59] [spechunter] [Read] /home/yzs/riscv/XiangShan/src/main/scala/xiangshan/backend/fu/PMP.scala
[02:42:59] [spechunter] [Read] /home/yzs/riscv/XiangShan/src/main/scala/xiangshan/mem/pipeline/NewStoreUnit.scala
[02:42:59] [spechunter] [Read] /home/yzs/riscv/XiangShan/src/main/scala/xiangshan/mem/pipeline/NewStoreUnit.scala
[02:43:12] [spechunter] [Read] /home/yzs/riscv/opensbi/include/sbi/sbi_hart_protection.h
[02:43:12] [spechunter] [Grep] pattern='cbo|cache.block|ENVCFG_CB|CMO'
[02:43:12] [spechunter] [Grep] pattern='cbo|cache.block|ENVCFG_CB|CMO'
[02:43:12] [spechunter] [Read] /home/yzs/riscv/opensbi/lib/sbi/sbi_hart.c
[02:43:12] [spechunter] [Read] /home/yzs/riscv/opensbi/include/sbi/riscv_encoding.h
[02:43:29] [spechunter] [Read] /home/yzs/riscv/opensbi/lib/sbi/sbi_domain.c
[02:43:29] [spechunter] [Grep] pattern='sbi_hart_switch_mode'
[02:43:29] [spechunter] [Grep] pattern='sbi_domain_check_addr_range'
[02:43:29] [spechunter] [Grep] pattern='SBI_EXT_CBOR|cbor|CACHE_FLUSH|CACHE_INVAL|CACHE_CLEAN'
[02:43:29] [spechunter] [Grep] pattern='hart_protection_configure|hart_protection_unconfigure'
[02:43:36] [spechunter] [Read] /home/yzs/riscv/XiangShan/src/main/scala/xiangshan/cache/mmu/TLB.scala
[02:43:36] [spechunter] [Grep] pattern='isRead|isWrite|isExec|isAmo'
[02:43:36] [spechunter] [Grep] pattern='cbo|CBO'
[02:43:36] [spechunter] [Grep] pattern='cbo|CBO'
[02:43:36] [spechunter] [Read] /home/yzs/riscv/XiangShan/src/main/scala/xiangshan/mem/pipeline/package.scala
[02:43:41] [spechunter] [Read] /home/yzs/riscv/opensbi/lib/sbi/sbi_domain.c
[02:43:41] [spechunter] [Grep] pattern='void sbi_hart_switch_mode'
[02:43:41] [spechunter] [Grep] pattern='mstatus_init|hart_reinit'
[02:43:52] [spechunter] [Read] /home/yzs/riscv/opensbi/lib/sbi/sbi_hart.c
[02:43:52] [spechunter] [Grep] pattern='sbi_hart_switch_mode'
[02:43:52] [spechunter] [Grep] pattern='sbi_ecall.*cbo|ECALL.*CBO|SBI_EXT_CBO|ext_cbo|cbo_vendor'
[02:43:56] [spechunter] [Read] /home/yzs/riscv/opensbi/lib/sbi/sbi_hart.c
[02:43:56] [spechunter] [Grep] pattern='sbi_domain_check_addr'
[02:43:58] [spechunter] [Read] /home/yzs/riscv/XiangShan/src/main/scala/xiangshan/package.scala
[02:43:58] [spechunter] [Grep] pattern='cbo_clean|cbo_flush|cbo_inval|cbo_zero'
[02:43:58] [spechunter] [Grep] pattern='TlbCmd'
[02:43:58] [spechunter] [Grep] pattern='pteCheck|prefOnly'
[02:44:11] [spechunter] [Read] /home/yzs/riscv/XiangShan/src/main/scala/xiangshan/cache/mmu/MMUBundle.scala
[02:44:11] [spechunter] [Grep] pattern='def pte_check|pteCheck'
[02:44:11] [spechunter] [Grep] pattern='StorePTECheck|LSUOpType\\.isCbo'
[02:44:21] [spechunter] [Read] /home/yzs/riscv/opensbi/lib/sbi/sbi_hart.c
[02:44:21] [spechunter] [Read] /home/yzs/riscv/opensbi/lib/sbi/sbi_system.c
[02:44:21] [spechunter] [Grep] pattern='CBO|CBOR|cache_block_operations|zicbom_sbi'
[02:44:25] [spechunter] [Read] /home/yzs/riscv/XiangShan/src/main/scala/xiangshan/cache/mmu/TLB.scala
[02:44:25] [spechunter] [Grep] pattern='pmp_check|pmp_match'
[02:44:25] [spechunter] [Grep] pattern='isCbo|cbo'
[02:44:33] [spechunter] [Read] /home/yzs/riscv/opensbi/lib/sbi/sbi_init.c
[02:44:33] [spechunter] [Read] /home/yzs/riscv/opensbi/lib/sbi/sbi_init.c
[02:44:33] [spechunter] [Grep] pattern='CBO_INVAL|CBO_FLUSH|CBO_CLEAN|CBO_ZERO|CMO_VAR|CMO_INVAL|CMO_FLUSH'
[02:44:33] [spechunter] [Grep] pattern='ILLEGAL_INSN|virtual_inst|virtual.*instruction'
[02:44:39] [spechunter] [Grep] pattern='CBO|cbo|CMO|cmo|cache_block|cache.zero|cache.inval|cache.flush'
[02:44:39] [spechunter] [Read] /home/yzs/riscv/opensbi/lib/sbi/sbi_trap.c
[02:44:43] [spechunter] [Read] /home/yzs/riscv/XiangShan/src/main/scala/xiangshan/backend/fu/PMP.scala
[02:44:43] [spechunter] [Grep] pattern='perm_check\\('
[02:44:59] [spechunter] [Read] /home/yzs/riscv/XiangShan/src/main/scala/xiangshan/backend/fu/PMP.scala
[02:44:59] [spechunter] [Read] /home/yzs/riscv/XiangShan/src/main/scala/xiangshan/package.scala
[02:44:59] [spechunter] [Read] /home/yzs/riscv/XiangShan/src/main/scala/xiangshan/cache/mmu/TLB.scala
[02:45:09] [spechunter] [Grep] pattern='SBI_EXT|EXT_ID|ext_id'
[02:45:09] [spechunter] [Grep] pattern='sbi_ecall_find_extension|sbi_ecall_ext|ext_handler.*cbo'
[02:45:17] [spechunter] [Grep] pattern='pmp_check\\('
[02:45:17] [spechunter] [Read] /home/yzs/riscv/XiangShan/src/main/scala/xiangshan/mem/pipeline/NewStoreUnit.scala
[02:45:17] [spechunter] [Read] /home/yzs/riscv/XiangShan/src/main/scala/xiangshan/mem/pipeline/NewStoreUnit.scala
[02:45:17] [spechunter] [Grep] pattern='pmp\\.(st|ld)'
[02:46:37] [spechunter] [text] Now let me read the critical code locations to verify the exact RTL.  
[02:46:37] [spechunter] [Read] /home/yzs/riscv/XiangShan/src/main/scala/xiangshan/mem/pipeline/NewStoreUnit.scala
[02:46:37] [spechunter] [Read] /home/yzs/riscv/XiangShan/src/main/scala/xiangshan/mem/pipeline/NewStoreUnit.scala
[02:46:37] [spechunter] [Read] /home/yzs/riscv/XiangShan/src/main/scala/xiangshan/mem/pipeline/NewStoreUnit.scala
[02:46:56] [spechunter] [Read] /home/yzs/riscv/XiangShan/src/main/scala/xiangshan/cache/mmu/TLB.scala
[02:46:56] [spechunter] [Read] /home/yzs/riscv/XiangShan/src/main/scala/xiangshan/backend/fu/PMP.scala
[02:46:56] [spechunter] [Read] /home/yzs/riscv/XiangShan/src/main/scala/xiangshan/package.scala
[02:46:57] [spechunter] [text] Now let me read the key files for exact line numbers and code snippets.  
[02:46:57] [spechunter] [Read] /home/yzs/riscv/opensbi/lib/sbi/sbi_hart.c
[02:46:57] [spechunter] [Read] /home/yzs/riscv/opensbi/lib/sbi/sbi_domain.c
[02:46:57] [spechunter] [Read] /home/yzs/riscv/opensbi/include/sbi/sbi_domain.h
[02:46:57] [spechunter] [Read] /home/yzs/riscv/opensbi/lib/sbi/sbi_domain_context.c
[02:47:06] [spechunter] [text] Let me also read the switch_mode and trap handler for completeness.  
[02:47:06] [spechunter] [Read] /home/yzs/riscv/opensbi/lib/sbi/sbi_hart.c
[02:47:06] [spechunter] [Read] /home/yzs/riscv/opensbi/lib/sbi/sbi_trap.c
[02:47:06] [spechunter] [Read] /home/yzs/riscv/opensbi/include/sbi/riscv_encoding.h
[02:47:47] [spechunter] [text] Let me also verify the CBO fuOpType encoding in the decode unit to ensure no bit-field collision risk.  
[02:47:47] [spechunter] [Grep] pattern='CBO_CLEAN|CBO_FLUSH|CBO_INVAL|CBO_ZERO'
[02:47:47] [spechunter] [Grep] pattern='CBO.*fuOpType|cbo.*fuOpType|LSUOpType\\.cbo|fuOpType.*cbo'
[02:48:06] [spechunter] [text] Now I have all the evidence. Let me produce the analysis.  ```json {   "findings": [     {       "file_path": "lib/sbi/s...
[02:49:10] [spechunter] [text] Now let me verify the `memidx` field usage in TLB to confirm it doesn't affect permission checks.  
[02:49:10] [spechunter] [Grep] pattern='memidx\\.is_st|memidx\\.is_ld'
[02:49:10] [spechunter] [Grep] pattern='isCboAll'
[02:49:50] [spechunter] [text] Now let me also check the cbo.inval encoding specifically — it's worth verifying whether using `TlbCmd.read` for `cbo.in...
[02:49:50] [spechunter] [Read] /home/yzs/riscv/XiangShan/src/main/scala/xiangshan/mem/pipeline/NewStoreUnit.scala
[02:51:14] [spechunter] [text] Now I have all the data needed. Let me produce the security audit.  ```json {   "findings": [     {       "file_path": "...
[07:11:03] [spechunter] PR loaded: #2482 riscv/riscv-isa-manual — "Add CBO instructions to permission check text"
[07:11:03] [spechunter]   diff: 1752 chars  body: 238 chars  reviews: 0
[07:11:03] [spechunter] Global pre-filter running...
[07:11:31] [spechunter] [text] {"should_skip": false}
[07:11:33] [spechunter] pre-filter: should_skip=False reason=""
[07:11:43] [spechunter] [text] {"should_skip": false}
[07:11:46] [spechunter] [text] ```json {"should_skip": false} ```
[07:11:49] [spechunter] [text] {"should_skip": false}
[07:11:51] [spechunter] [text] {"should_skip": true, "skip_reason": "Pure documentation clarification in ISA manual making explicit what was already im...
[07:11:55] [spechunter] [Grep] pattern='cbo|CBO|zicbom|Zicbom|cache.block'
[07:12:04] [spechunter] [Grep] pattern='cbo_clean|cbo_flush|cbo_inval|cbo_zero|CBO_'
[07:12:05] [spechunter] [text] {  
[07:12:05] [spechunter] [Grep] pattern='cbo\\.(zero|clean|flush|inval)'
[07:12:05] [spechunter] [Grep] pattern='CBO'
[07:12:09] [spechunter] [text] {"should_skip": false}
[07:12:13] [spechunter] [Grep] pattern='cbo\\.(clean|flush|inval|zero)|Zicbo[mbz]|CBO'
[07:12:13] [spechunter] [Grep] pattern='menvcfg|senvcfg|henvcfg'
[07:12:14] [spechunter] [Read] /home/yzs/riscv/qemu/target/riscv/insn_trans/trans_rvzicbo.c.inc
[07:12:14] [spechunter] [Grep] pattern='cbo_clean|cbo_flush|cbo_inval|cbo_zero'
[07:12:16] [spechunter] [Read] /home/yzs/riscv/freebsd-src/sys/riscv/include/cbo.h
[07:12:16] [spechunter] [Read] /home/yzs/riscv/freebsd-src/sys/riscv/riscv/cbo.c
[07:12:17] [spechunter] [text] Let me look more specifically at how the kernel uses CBO instructions and any permission-related patterns.  
[07:12:17] [spechunter] [Grep] pattern='CBO_ZERO|cbo_zero|cbo\\.zero'
[07:12:18] [spechunter] [Grep] pattern='check_zicbom_access|check_zicboz_access'
[07:12:21] [spechunter] [Read] /home/yzs/riscv/qemu/target/riscv/op_helper.c
[07:12:21] [spechunter] [Grep] pattern='CBO_CLEAN|CBO_FLUSH|CBO_INVAL|riscv_cbo'
[07:12:26] [spechunter] [text] ```json {   "violation_condition": "XiangShan's PMP checker or TLB/page-table walker does not classify CBO instructions ...
[07:12:34] [spechunter] [Grep] pattern='riscv_cache_install_hooks|dcache_wbinv_range|dcache_inv_range|dcache_wb_range'
[07:12:34] [spechunter] [Grep] pattern='cbo\\.'
[07:12:46] [spechunter] [Grep] pattern='CBO\\.(CLEAN|FLUSH|INVAL|ZERO)|CBO_CLEAN|CBO_FLUSH|CBO_INVAL|CBO_ZERO'
[07:12:46] [spechunter] [Grep] pattern='CBO\\.(CLEAN|FLUSH|INVAL|ZERO)|CBO_CLEAN|CBO_FLUSH|CBO_INVAL|CBO_ZERO'
[07:12:46] [spechunter] [Grep] pattern='CBO\\.(CLEAN|FLUSH|INVAL|ZERO)|CBO_CLEAN|CBO_FLUSH|CBO_INVAL|CBO_ZERO'
[07:12:46] [spechunter] [TodoWrite] 6 items
[07:13:08] [spechunter] [Grep] pattern='cbo_clean|cbo_flush|cbo_inval|cbo_zero|cboZero|cboClean|cboFlush|cboInval'
[07:13:08] [spechunter] [Grep] pattern='isCbo'
[07:13:08] [spechunter] [Grep] pattern='pmp_check|pmpcheck|PMPChecker|PmpChecker'
[07:13:10] [spechunter] [text] ```json {   "violation_condition": "In the Linux kernel, S/U-mode code (or M-mode with MPRV) executes a cache-block mana...
[07:13:12] [spechunter] [text] Now let me check how FreeBSD configures CBO access control and handles it in the trap/context-switch paths
[07:13:12] [spechunter] [Grep] pattern='CBCFE|CBZE|CBIE'
[07:13:12] [spechunter] [Grep] pattern='senvcfg|menvcfg'
[07:13:15] [spechunter] [Agent] description, prompt
[07:13:15] [spechunter] [Agent] description, prompt
[07:13:15] [spechunter] [Agent] description, prompt
[07:13:15] [spechunter] [Agent] description, prompt
[07:13:19] [spechunter] [Read] /home/yzs/riscv/freebsd-src/sys/riscv/include/riscvreg.h
[07:13:19] [spechunter] [Grep] pattern='envcfg|ENVCFG'
[07:13:23] [spechunter] [text] ```json {   "violation_condition": "In QEMU, cbo.clean/cbo.flush/cbo.inval (Zicbom) instructions invoke check_zicbom_acc...
[07:13:24] [spechunter] [TodoWrite] 4 items
[07:13:27] [spechunter] [Grep] pattern='isCbo|cbo|CBO|pmp_check|accessFault|cmd'
[07:13:27] [spechunter] [Grep] pattern='TlbCmd|TlbCmd\\.(read|write|exec|atom)'
[07:13:27] [spechunter] [Grep] pattern='pmp_check|isCbo|cbo|cmd|read|write|exec|load|store'
[07:13:33] [spechunter] [Grep] pattern='CBO'
[07:13:33] [spechunter] [Grep] pattern='cbo\\.?[cC]lean|cbo\\.?[fF]lush|cbo\\.?[iI]nval|cbo\\.?[zZ]ero'
[07:13:33] [spechunter] [Grep] pattern='CMO'
[07:13:33] [spechunter] [Grep] pattern='CBO_CLEAN|CBO_FLUSH|CBO_INVAL|CBO_ZERO'
[07:13:35] [spechunter] [Grep] pattern='cbo\\.(zero|clean|flush|inval)'
[07:13:35] [spechunter] [Grep] pattern='CBO_ZERO|CBO_INVAL|CBO_CLEAN|CBO_FLUSH'
[07:13:35] [spechunter] [Grep] pattern='RISCV_ISA_EXT_CBO'
[07:13:35] [spechunter] [Grep] pattern='CMO|cache.?block.?op|cache.?block.?zero'
[07:13:35] [spechunter] [text] Let me look at how FreeBSD handles the instruction fault paths for CBO and how the vmm handles `senvcfg`  
[07:13:35] [spechunter] [Grep] pattern='illegal.instruction|ILLEGAL_INSTRUCTION|access.fault|ACCESS_FAULT|page.fault|PAGE_FAULT'
[07:13:35] [spechunter] [Read] /home/yzs/riscv/freebsd-src/sys/riscv/vmm/riscv.h
[07:13:37] [spechunter] [Grep] pattern='PMPChecker'
[07:13:37] [spechunter] [Grep] pattern='PMPConfig'
[07:13:37] [spechunter] [Grep] pattern='pmp_check|pmpcheck'
[07:13:37] [spechunter] [Grep] pattern='class.*PMP|class.*Pmp'
[07:13:37] [spechunter] [Glob] **/*PMP*
[07:13:37] [spechunter] [Glob] **/*Pmp*
[07:13:38] [spechunter] [Grep] pattern='page_fault|PageFault|pageFault'
[07:13:38] [spechunter] [Grep] pattern='tlb_perm|TLBPerm|tlb_perm'
[07:13:38] [spechunter] [Grep] pattern='PTEPermission|pte_perm|PtePerm'
[07:13:38] [spechunter] [Grep] pattern='load_page_fault|store_page_fault'
[07:13:38] [spechunter] [Grep] pattern='class.*PTW|class.*PageTableWalker|class.*Ptw'
[07:13:38] [spechunter] [Grep] pattern='class.*TLB|class.*Tlb[^a-z]'
[07:13:41] [spechunter] [Grep] pattern='LoadUnit'
[07:13:41] [spechunter] [Grep] pattern='StoreUnit'
[07:13:41] [spechunter] [Grep] pattern='CBO'
[07:13:41] [spechunter] [Grep] pattern='class LSU'
[07:13:44] [spechunter] [Agent] description, prompt
[07:13:44] [spechunter] [Agent] description, prompt
[07:13:45] [spechunter] [Grep] pattern='cbo\\.clean|cbo\\.flush|cbo\\.inval'
[07:13:45] [spechunter] [Grep] pattern='zicbom'
[07:13:45] [spechunter] [Grep] pattern='probe_write.*cbo|cbo.*probe_write|cbo.*probe_access|probe_access.*cbo'
[07:13:45] [spechunter] [Grep] pattern='check_zicbom'
[07:13:48] [spechunter] [Grep] pattern='check_zicbom_access'
[07:13:48] [spechunter] [Grep] pattern='probe_write'
[07:13:48] [spechunter] [Grep] pattern='cbo\\.'
[07:13:52] [spechunter] [Grep] pattern='pmp|permission|accessFault|exception|tlbResp|pmpResp'
[07:13:52] [spechunter] [Grep] pattern='CBO_ZERO|CBO_CLEAN|CBO_FLUSH|CBO_INVAL'
[07:13:52] [spechunter] [Grep] pattern='cbo|CBO|pmp|permission|accessFault|tlbResp'
[07:13:53] [spechunter] [Read] /home/yzs/riscv/XiangShan/src/main/scala/xiangshan/mem/pipeline/NewLoadUnit.scala
[07:13:53] [spechunter] [Read] /home/yzs/riscv/XiangShan/src/main/scala/xiangshan/mem/pipeline/NewStoreUnit.scala
[07:13:53] [spechunter] [Grep] pattern='permission'
[07:13:53] [spechunter] [Grep] pattern='permission'
[07:13:53] [spechunter] [Read] /home/yzs/riscv/XiangShan/src/main/scala/xiangshan/backend/fu/PMP.scala
[07:13:53] [spechunter] [Read] /home/yzs/riscv/XiangShan/rocket-chip/src/main/scala/rocket/PMP.scala
[07:13:53] [spechunter] [Read] /home/yzs/riscv/XiangShan/src/main/scala/xiangshan/PMParameters.scala
[07:13:53] [spechunter] [Read] /home/yzs/riscv/XiangShan/src/main/scala/xiangshan/backend/fu/NewCSR/CSRPMP.scala
[07:13:53] [spechunter] [Read] /home/yzs/riscv/XiangShan/src/main/scala/xiangshan/backend/fu/NewCSR/PMPEntryModule.scala
[07:13:54] [spechunter] [Read] /home/yzs/riscv/qemu/target/riscv/insn_trans/trans_rvzicbo.c.inc
[07:13:54] [spechunter] [Read] /home/yzs/riscv/qemu/target/riscv/op_helper.c
[07:13:54] [spechunter] [Read] /home/yzs/riscv/qemu/target/riscv/insn32.decode
[07:13:55] [spechunter] [Read] /home/yzs/riscv/linux/arch/riscv/include/asm/insn-def.h
[07:13:55] [spechunter] [Read] /home/yzs/riscv/linux/arch/riscv/lib/clear_page.S
[07:13:55] [spechunter] [Grep] pattern='CBO|Zicboz|cbo\\.zero|cbo\\.clean|cbo\\.flush|cbo\\.inval|cache.?block'
[07:13:55] [spechunter] [Grep] pattern='dma.*noncoherent|noncoherent.*dma|arch_sync_dma|CBO_INVAL|CBO_CLEAN|CBO_FLUSH|CBO_ZERO'
[07:13:59] [spechunter] [Read] /home/yzs/riscv/XiangShan/rocket-chip/src/main/scala/rocket/TLBPermissions.scala
[07:13:59] [spechunter] [Read] /home/yzs/riscv/XiangShan/src/main/scala/xiangshan/cache/mmu/TLB.scala
[07:13:59] [spechunter] [Grep] pattern='CBO|cbo|CMO|cm[ao]|cache.*flush|clean|inval|discard'
[07:13:59] [spechunter] [Grep] pattern='CBO|cbo'
[07:13:59] [spechunter] [Read] /home/yzs/riscv/XiangShan/src/main/scala/xiangshan/cache/mmu/MMUBundle.scala
[07:14:05] [spechunter] [Grep] pattern='CBO|CMO'
[07:14:05] [spechunter] [Grep] pattern='CBO|CMO|cbo\\.?[cCfFiIzZ]'
[07:14:05] [spechunter] [Grep] pattern='CBO|cbo|CMO'
[07:14:05] [spechunter] [Grep] pattern='CBO|cbo|CMO'
[07:14:05] [spechunter] [Grep] pattern='cbo|cmoprefetch|CacheBlockOp|chk9|cmop'
[07:14:05] [spechunter] [Grep] pattern='PMPChecker|PMPCheck'
[07:14:05] [spechunter] [Read] /home/yzs/riscv/qemu/target/riscv/op_helper.c
[07:14:08] [spechunter] [Grep] pattern='isCbo|CBO|cbo_'
[07:14:08] [spechunter] [Grep] pattern='pmp\\.ld|pmp\\.st|pmp\\.mmio|Pbmt\\.'
[07:14:08] [spechunter] [Grep] pattern='class PMPRespBundle|Pbmt\\.isNC|Pbmt\\.isIO|Pbmt\\.isPMA'
[07:14:10] [spechunter] [Read] /home/yzs/riscv/linux/arch/riscv/mm/dma-noncoherent.c
[07:14:10] [spechunter] [Read] /home/yzs/riscv/linux/arch/riscv/include/asm/errata_list.h
[07:14:10] [spechunter] [Read] /home/yzs/riscv/linux/arch/riscv/mm/pmem.c
[07:14:10] [spechunter] [Grep] pattern='pmpcfg|PMPCFG|pmp_|pmp\\.'
[07:14:12] [spechunter] [Read] /home/yzs/riscv/XiangShan/src/main/scala/xiangshan/mem/pipeline/NewStoreUnit.scala
[07:14:12] [spechunter] [Read] /home/yzs/riscv/XiangShan/src/main/scala/xiangshan/mem/pipeline/NewStoreUnit.scala
[07:14:12] [spechunter] [Read] /home/yzs/riscv/XiangShan/src/main/scala/xiangshan/backend/fu/PMP.scala
[07:14:16] [spechunter] [Grep] pattern='cbo.ze|CBO_ZERO|cbo.bl|CBO_BLOCK_SZ|CboClean|CboFlush|CboZero|CboINVD|CboL1'
[07:14:16] [spechunter] [Grep] pattern='cache_block|CacheBlock|cacheblock'
[07:14:16] [spechunter] [Grep] pattern='cmoprefetch|cmocheck|cmo_check|CC9'
[07:14:18] [spechunter] [text] Now let me find the permission check text that might reference CBO instructions and additional references.  
[07:14:18] [spechunter] [Grep] pattern='cbo.*permission|permission.*cbo|CMO.*permission|permission.*CMO|cache.block.*permission'
[07:14:18] [spechunter] [Grep] pattern='cbo_clean|CBO_CLEAN|cbo_flush|CBO_FLUSH|cbo_inval|CBO_INVAL|cbo_zero|CBO_ZERO'
[07:14:18] [spechunter] [Grep] pattern='gen_helper_cbo'
[07:14:23] [spechunter] [Glob] arch/riscv/**/*.c
[07:14:23] [spechunter] [Glob] arch/riscv/**/*.h
[07:14:23] [spechunter] [Grep] pattern='pte_write|pte_read'
[07:14:23] [spechunter] [Grep] pattern='pte_present|pte_valid|pte_none'
[07:14:23] [spechunter] [Grep] pattern='pmp_|__pmp_'
[07:14:23] [spechunter] [Grep] pattern='access_ok|__access_ok'
[07:14:23] [spechunter] [Grep] pattern='copy_to_user|copy_from_user'
[07:14:23] [spechunter] [Grep] pattern='fixup|_ex_table|exception.table'
[07:14:23] [spechunter] [Read] /home/yzs/riscv/XiangShan/src/main/scala/xiangshan/cache/mmu/TLB.scala
[07:14:23] [spechunter] [Grep] pattern='cbo.ze|cbo.bl|cbo.l1|cacheinv|cacheflush|cacheclean|CacheBlockOp|TlbCmd'
[07:14:23] [spechunter] [Read] /home/yzs/riscv/XiangShan/src/main/scala/xiangshan/mem/lsqueue/LSQCommon.scala
[07:14:27] [spechunter] [Read] /home/yzs/riscv/XiangShan/src/main/scala/xiangshan/cache/mmu/PageTableWalker.scala
[07:14:27] [spechunter] [Read] /home/yzs/riscv/XiangShan/src/main/scala/xiangshan/mem/pipeline/NewLoadUnit.scala
[07:14:27] [spechunter] [Read] /home/yzs/riscv/XiangShan/src/main/scala/xiangshan/mem/pipeline/NewStoreUnit.scala
[07:14:27] [spechunter] [Grep] pattern='CBO|CBOZero|cbo_zero|CBOFlush|cbo_flush'
[07:14:27] [spechunter] [Grep] pattern='CBO_ZERO|CBO_CLEAN|CBO_FLUSH|CBO_INVAL'
[07:14:27] [spechunter] [Grep] pattern='cbo\\.zero|cbo\\.clean|cbo\\.flush|cbo\\.inval'
[07:14:27] [spechunter] [Grep] pattern='riscv_cbo|cbo_|cacheblock|cache_block'
[07:14:27] [spechunter] [Grep] pattern='CMOCBI|cmocbi|cmo_'
[07:14:27] [spechunter] [Grep] pattern='RISCV_ISA_EXT.*CBO|CBO.*RISCV_ISA_EXT'
[07:14:29] [spechunter] [Grep] pattern='CBO|cbo|cache.block|cache_block|zicbom|Zicbom'
[07:14:29] [spechunter] [Grep] pattern='senvcfg'
[07:14:29] [spechunter] [Grep] pattern='CBCFE|CBIE|CBZE|MENVCFG_CB'
[07:14:29] [spechunter] [Grep] pattern='check_zicbo_envcfg'
[07:14:29] [spechunter] [Grep] pattern='cbom_blocksize|cbomlen|cbozlen'
[07:14:32] [spechunter] [Grep] pattern='cbo_zero|cbo_clean|cbo_flush|cbo_inval|cboZ|cboCF|cboI|cboZ2F|cboI2F'
[07:14:32] [spechunter] [Grep] pattern='HasCMO'
[07:14:32] [spechunter] [Grep] pattern='CBO|cbo|CMO'
[07:14:32] [spechunter] [Grep] pattern='CBO|cbo|CMO'
[07:14:33] [spechunter] [Read] /home/yzs/riscv/XiangShan/src/main/scala/xiangshan/mem/pipeline/package.scala
[07:14:33] [spechunter] [Read] /home/yzs/riscv/XiangShan/src/main/scala/xiangshan/backend/fu/PMP.scala
[07:14:33] [spechunter] [Read] /home/yzs/riscv/XiangShan/src/main/scala/xiangshan/package.scala
[07:14:33] [spechunter] [Read] /home/yzs/riscv/XiangShan/src/main/scala/xiangshan/mem/lsqueue/NewStoreQueue.scala
[07:14:38] [spechunter] [text] Now let me trace how `probe_write` works and what exception type it raises, vs `probe_access_flags`.  
[07:14:38] [spechunter] [Grep] pattern='void probe_write\\b'
[07:14:38] [spechunter] [Grep] pattern='STORED_AMO_ACCESS_FAULT|STORE_PAGE_FAULT|STORE_AMO_PAGE_FAULT|probe_write_flags'
[07:14:38] [spechunter] [Grep] pattern='MMU_DATA_STORE'
[07:14:41] [spechunter] [Grep] pattern='isCbo|cbo|CBO|FuType\\.stu|LSUOpType'
[07:14:41] [spechunter] [Read] /home/yzs/riscv/XiangShan/src/main/scala/xiangshan/mem/pipeline/NewStoreUnit.scala
[07:14:41] [spechunter] [Grep] pattern='cbo|CBO|isCbo|cboZero|cboClean|cboFlush|cboInval|stu\\.io\\.pmp|stu\\.io\\.tlb'
[07:14:44] [spechunter] [Read] /home/yzs/riscv/XiangShan/src/main/scala/xiangshan/cache/mmu/MMUBundle.scala
[07:14:44] [spechunter] [Read] /home/yzs/riscv/XiangShan/src/main/scala/xiangshan/backend/fu/PMA.scala
[07:14:44] [spechunter] [Grep] pattern='cbo_zero|cbo_clean|cbo_flush|cbo_inval|isCbo|cmo'
[07:14:47] [spechunter] [Grep] pattern='probe_write'
[07:14:47] [spechunter] [Grep] pattern='void \\*probe_write\\b|void probe_write\\b'
[07:14:48] [spechunter] [Read] /home/yzs/riscv/XiangShan/src/main/scala/xiangshan/mem/pipeline/AtomicsUnit.scala
[07:14:48] [spechunter] [Grep] pattern='object Pbmt|isNC|isIO|isPMA'
[07:14:48] [spechunter] [Grep] pattern='MemBlock|NewLoadUnit|NewStoreUnit|AtomicsUnit'
[07:14:48] [spechunter] [Grep] pattern='isCbo'
[07:14:48] [spechunter] [Grep] pattern='cbo.*zero.*permission|permission.*check.*cbo|cbo.*instruction.*permission'
[07:14:48] [spechunter] [Read] /home/yzs/riscv/qemu/target/riscv/op_helper.c
[07:14:48] [spechunter] [Read] /home/yzs/riscv/qemu/target/riscv/helper.h
[07:14:49] [spechunter] [Read] /home/yzs/riscv/linux/arch/riscv/mm/fault.c
[07:14:49] [spechunter] [Read] /home/yzs/riscv/linux/arch/riscv/include/asm/uaccess.h
[07:14:49] [spechunter] [Read] /home/yzs/riscv/linux/arch/riscv/include/asm/pgtable.h
[07:14:49] [spechunter] [Read] /home/yzs/riscv/linux/arch/riscv/kernel/head.S
[07:14:49] [spechunter] [Read] /home/yzs/riscv/linux/arch/riscv/lib/uaccess.S
[07:14:49] [spechunter] [Read] /home/yzs/riscv/linux/arch/riscv/mm/extable.c
[07:14:49] [spechunter] [Read] /home/yzs/riscv/linux/arch/riscv/include/asm/extable.h
[07:14:49] [spechunter] [Read] /home/yzs/riscv/linux/arch/riscv/include/asm/asm-extable.h
[07:14:50] [spechunter] [Grep] pattern='senvcfg'
[07:14:50] [spechunter] [Glob] sys/riscv/vmm/*.c
[07:14:53] [spechunter] [Grep] pattern='pmpcfg'
[07:14:53] [spechunter] [Grep] pattern='pmpcfg'
[07:14:53] [spechunter] [Grep] pattern='CBO|Zicboz|Zicbom|Zicbop|cache.block'
[07:14:53] [spechunter] [Grep] pattern='CBO|Zicboz|cache.block|cbo\\.zero'
[07:14:54] [spechunter] [Read] /home/yzs/riscv/linux/arch/riscv/include/asm/insn-def.h
[07:14:54] [spechunter] [Read] /home/yzs/riscv/linux/arch/riscv/lib/clear_page.S
[07:14:54] [spechunter] [Read] /home/yzs/riscv/linux/arch/riscv/include/asm/errata_list.h
[07:14:54] [spechunter] [Read] /home/yzs/riscv/linux/arch/riscv/include/asm/processor.h
[07:14:54] [spechunter] [Read] /home/yzs/riscv/linux/arch/riscv/include/asm/hwcap.h
[07:14:54] [spechunter] [Grep] pattern='ZICBOM|ZICBOZ|ZICBOP'
[07:14:55] [spechunter] [Read] /home/yzs/riscv/XiangShan/src/main/scala/xiangshan/cache/mmu/MMUBundle.scala
[07:14:55] [spechunter] [Read] /home/yzs/riscv/XiangShan/src/main/scala/xiangshan/mem/MemBlock.scala
[07:14:55] [spechunter] [Read] /home/yzs/riscv/XiangShan/src/main/scala/xiangshan/mem/pipeline/AtomicsUnit.scala
[07:14:57] [spechunter] [Read] /home/yzs/riscv/XiangShan/rocket-chip/src/main/scala/rocket/Instructions.scala
[07:14:57] [spechunter] [Read] /home/yzs/riscv/XiangShan/src/main/scala/xiangshan/backend/decode/DecodeUnit.scala
[07:14:57] [spechunter] [Read] /home/yzs/riscv/XiangShan/src/main/scala/xiangshan/backend/decode/DecodeUnit.scala
[07:14:57] [spechunter] [Read] /home/yzs/riscv/XiangShan/src/main/scala/xiangshan/cache/dcache/mainpipe/MissQueue.scala
[07:14:57] [spechunter] [Read] /home/yzs/riscv/XiangShan/src/main/scala/xiangshan/package.scala
[07:15:02] [spechunter] [Read] /home/yzs/riscv/qemu/include/accel/tcg/probe.h
[07:15:03] [spechunter] [Read] /home/yzs/riscv/linux/arch/riscv/kvm/vcpu.c
[07:15:03] [spechunter] [Read] /home/yzs/riscv/linux/arch/riscv/errata/thead/errata.c
[07:15:03] [spechunter] [Grep] pattern='senvcfg|menvcfg|henvcfg|CBZE|CBCFE|CBIE'
[07:15:03] [spechunter] [Grep] pattern='clear_page|CBO_ZERO'
[07:15:05] [spechunter] [Read] /home/yzs/riscv/XiangShan/src/main/scala/xiangshan/backend/fu/wrapper/CSR.scala
[07:15:05] [spechunter] [Grep] pattern='cboI2F|cboCF|cboZ|cboI'
[07:15:05] [spechunter] [Read] /home/yzs/riscv/XiangShan/src/main/scala/xiangshan/cache/mmu/TLB.scala
[07:15:06] [spechunter] [Read] /home/yzs/riscv/XiangShan/src/main/scala/xiangshan/backend/decode/DecodeUnit.scala
[07:15:06] [spechunter] [Read] /home/yzs/riscv/XiangShan/src/main/scala/xiangshan/package.scala
[07:15:06] [spechunter] [Grep] pattern='loadPageFault|storePageFault|loadAccessFault|storeAccessFault|loadGuestPageFault|storeGuestPageFault'
[07:15:06] [spechunter] [Read] /home/yzs/riscv/XiangShan/src/main/scala/xiangshan/cache/mmu/TLBStorage.scala
[07:15:06] [spechunter] [Read] /home/yzs/riscv/XiangShan/src/main/scala/xiangshan/mem/pipeline/NewStoreUnit.scala
[07:15:06] [spechunter] [Read] /home/yzs/riscv/XiangShan/src/main/scala/xiangshan/backend/fu/wrapper/CSR.scala
[07:15:06] [spechunter] [Read] /home/yzs/riscv/XiangShan/src/main/scala/xiangshan/backend/decode/DecodeUnit.scala
[07:15:06] [spechunter] [Read] /home/yzs/riscv/XiangShan/src/main/scala/xiangshan/cache/mmu/L2TLB.scala
[07:15:10] [spechunter] [Read] /home/yzs/riscv/XiangShan/src/main/scala/xiangshan/mem/lsqueue/NewStoreQueue.scala
[07:15:10] [spechunter] [Read] /home/yzs/riscv/XiangShan/src/main/scala/xiangshan/mem/lsqueue/NewStoreQueue.scala
[07:15:10] [spechunter] [Grep] pattern='CBO|CboType|cbo'
[07:15:10] [spechunter] [Grep] pattern='CboType|cbo'
[07:15:10] [spechunter] [Grep] pattern='CBOAck|CBOA'
[07:15:10] [spechunter] [Read] /home/yzs/riscv/linux/arch/riscv/include/asm/errata_list.h
[07:15:10] [spechunter] [Read] /home/yzs/riscv/linux/arch/riscv/Kconfig
[07:15:10] [spechunter] [Read] /home/yzs/riscv/linux/arch/riscv/include/asm/page.h
[07:15:10] [spechunter] [Grep] pattern='riscv_cbom_block_size|riscv_cboz_block_size|riscv_cbop_block_size'
[07:15:10] [spechunter] [Grep] pattern='riscv_init_cbo_blocksizes|riscv_noncoherent_register_cache_ops|riscv_nonstd_cache_ops'
[07:15:10] [spechunter] [Grep] pattern='PRELOAD|PREFETCH|prefetch'
[07:15:11] [spechunter] [Grep] pattern='cbo|isCbo'
[07:15:11] [spechunter] [Grep] pattern='cbo|isCbo'
[07:15:11] [spechunter] [Grep] pattern='TlbCmd\\.read|TlbCmd\\.write'
[07:15:11] [spechunter] [Grep] pattern='class LoadAccessType|class InstrType|class LoadEntrance'
[07:15:11] [spechunter] [Grep] pattern='pte_write|pte_read|_PAGE_READ|_PAGE_WRITE'
[07:15:11] [spechunter] [Grep] pattern='pte_present|pte_none|pte_valid'
[07:15:11] [spechunter] [Grep] pattern='pmp_'
[07:15:11] [spechunter] [Grep] pattern='CBO|cbo|cmop|prefetch\\.'
[07:15:11] [spechunter] [Grep] pattern='_PAGE_READ|_PAGE_WRITE|_PAGE_EXEC|_PAGE_PRESENT|_PAGE_PROT_NONE|_PAGE_USER'
[07:15:11] [spechunter] [Read] /home/yzs/riscv/linux/arch/riscv/include/asm/pgtable-bits.h
[07:15:11] [spechunter] [Grep] pattern='CBO|cmo|prefetch|clean\\.|flush\\.|inval\\.|zero\\.'
[07:15:12] [spechunter] [text] Let me also check the KVM and disas side, and search for the "permission check text" that the PR is about - this likely ...
[07:15:12] [spechunter] [Grep] pattern='cbo|zicbom|zicboz'
[07:15:12] [spechunter] [Grep] pattern='cbo\\.clean|cbo\\.flush|cbo\\.inval|cbo\\.zero|cbo_clean|cbo_flush|cbo_inval|cbo_zero'
[07:15:12] [spechunter] [Grep] pattern='probe_access_flags.*MMU_DATA_LOAD|probe_write.*MMU_DATA_STORE'
[07:15:13] [spechunter] [Read] /home/yzs/riscv/linux/arch/riscv/kernel/cpufeature.c
[07:15:13] [spechunter] [Read] /home/yzs/riscv/linux/arch/riscv/include/asm/csr.h
[07:15:13] [spechunter] [Read] /home/yzs/riscv/linux/arch/riscv/kvm/vcpu.c
[07:15:13] [spechunter] [Read] /home/yzs/riscv/linux/arch/riscv/kvm/vcpu.c
[07:15:14] [spechunter] [text] Now let me trace how `MMU_DATA_STORE` translates to exception types in the RISC-V TLB fill handler.  
[07:15:14] [spechunter] [Read] /home/yzs/riscv/qemu/target/riscv/cpu_helper.c
[07:15:14] [spechunter] [Read] /home/yzs/riscv/qemu/target/riscv/cpu_helper.c
[07:15:19] [spechunter] [Grep] pattern='loadPageFault|storePageFault|loadAccessFault|storeAccessFault|loadGuestPageFault|storeGuestPageFault|loadAddrMisaligned|storeAddrMisaligned'
[07:15:19] [spechunter] [Read] /home/yzs/riscv/XiangShan/src/main/scala/xiangshan/mem/pipeline/AtomicsUnit.scala
[07:15:19] [spechunter] [Read] /home/yzs/riscv/XiangShan/src/main/scala/xiangshan/cache/mmu/L2TLB.scala
[07:15:19] [spechunter] [Read] /home/yzs/riscv/qemu/target/riscv/csr.c
[07:15:19] [spechunter] [Read] /home/yzs/riscv/qemu/target/riscv/csr.c
[07:15:19] [spechunter] [Read] /home/yzs/riscv/qemu/target/riscv/csr.c
[07:15:19] [spechunter] [Read] /home/yzs/riscv/qemu/target/riscv/cpu_bits.h
[07:15:24] [spechunter] [Read] /home/yzs/riscv/XiangShan/src/main/scala/xiangshan/mem/pipeline/package.scala
[07:15:24] [spechunter] [Grep] pattern='InstrType'
[07:15:24] [spechunter] [Grep] pattern='InstrType'
[07:15:24] [spechunter] [Read] /home/yzs/riscv/XiangShan/src/main/scala/xiangshan/cache/dcache/DCacheWrapper.scala
[07:15:24] [spechunter] [Grep] pattern='thread\\.envcfg|thread\\.senvcfg'
[07:15:24] [spechunter] [Read] /home/yzs/riscv/linux/arch/riscv/errata/thead/errata.c
[07:15:24] [spechunter] [Read] /home/yzs/riscv/linux/arch/riscv/Kconfig
[07:15:24] [spechunter] [Read] /home/yzs/riscv/linux/arch/riscv/include/asm/page.h
[07:15:26] [spechunter] [text] Now let me also check the hw/riscv/iommu.c for any CBO references, since it was modified
[07:15:26] [spechunter] [Grep] pattern='cbo|zicbom|zicboz'
[07:15:26] [spechunter] [Grep] pattern='cbo|zicbom|zicboz'
[07:15:26] [spechunter] [Grep] pattern='.'
[07:15:26] [spechunter] [Grep] pattern='access_ok|__access_ok'
[07:15:26] [spechunter] [Read] /home/yzs/riscv/linux/arch/riscv/mm/cache-ops.c
[07:15:26] [spechunter] [Grep] pattern='cache.*op|CBO|Zicboz|Zicbom|Zicbop|cbo_clean|cbo_flush|cbo_inval|cbo_zero'
[07:15:26] [spechunter] [Read] /home/yzs/riscv/linux/arch/riscv/kernel/sys_hwprobe.c
[07:15:26] [spechunter] [Grep] pattern='CBO|cbo|Zicbo'
[07:15:28] [spechunter] [Grep] pattern='CboState|CboType'
[07:15:28] [spechunter] [Grep] pattern='CBO|cbo|CMO'
[07:15:28] [spechunter] [Grep] pattern='illegalInst|virtualInst|special.*cbo'
[07:15:28] [spechunter] [Grep] pattern='CBCFE|CBZE|CBIE|EnvCBIE|cbo'
[07:15:28] [spechunter] [Grep] pattern='opcode = req\\.opcode|CBOAck|CMOUnit|cmo_unit'
[07:15:29] [spechunter] [Read] /home/yzs/riscv/linux/arch/riscv/mm/cache-ops.c
[07:15:29] [spechunter] [Read] /home/yzs/riscv/linux/tools/testing/selftests/riscv/hwprobe/cbo.c
[07:15:29] [spechunter] [Grep] pattern='isCboNoZero|isCbo\\b'
[07:15:29] [spechunter] [Read] /home/yzs/riscv/XiangShan/src/main/scala/xiangshan/package.scala
[07:15:29] [spechunter] [Grep] pattern='cbo_zero|cbo_clean|cbo_flush|cbo_inval'
[07:15:31] [spechunter] [text] Now let me also check for the linux-user references and the virt machine references, plus any KVM header references
[07:15:31] [spechunter] [Read] /home/yzs/riscv/qemu/hw/riscv/virt-acpi-build.c
[07:15:31] [spechunter] [Read] /home/yzs/riscv/qemu/target/riscv/tcg/tcg-cpu.c
[07:15:32] [spechunter] [Read] /home/yzs/riscv/XiangShan/src/main/scala/xiangshan/backend/decode/DecodeUnit.scala
[07:15:32] [spechunter] [Read] /home/yzs/riscv/XiangShan/src/main/scala/xiangshan/backend/decode/DecodeUnit.scala
[07:15:32] [spechunter] [Read] /home/yzs/riscv/XiangShan/src/main/scala/xiangshan/backend/fu/NewCSR/NewCSR.scala
[07:15:37] [spechunter] [Read] /home/yzs/riscv/linux/arch/riscv/mm/cacheflush.c
[07:15:37] [spechunter] [Read] /home/yzs/riscv/linux/arch/riscv/include/asm/cacheflush.h
[07:15:37] [spechunter] [Read] /home/yzs/riscv/linux/arch/riscv/mm/pmem.c
[07:15:37] [spechunter] [Read] /home/yzs/riscv/linux/arch/riscv/lib/clear_page.S
[07:15:37] [spechunter] [Grep] pattern='access_ok|futex'
[07:15:37] [spechunter] [Grep] pattern='pte_write|pte_present|pte_none|set_memory|change_memory'
[07:15:37] [spechunter] [Grep] pattern='pte_write|pte_present|pte_none'
[07:15:37] [spechunter] [text] Now let me also check the exception path more carefully — the two-stage lookup case.  
[07:15:37] [spechunter] [Read] /home/yzs/riscv/qemu/target/riscv/cpu_helper.c
[07:15:37] [spechunter] [Read] /home/yzs/riscv/qemu/target/riscv/cpu_helper.c
[07:15:42] [spechunter] [Grep] pattern='object CboState|CboState\\.'
[07:15:42] [spechunter] [Grep] pattern='class FromCSRBundle|FromCSRBundle'
[07:15:42] [spechunter] [Grep] pattern='class FromCSRBundle'
[07:15:42] [spechunter] [Grep] pattern='CboState|CboType'
[07:15:45] [spechunter] [Read] /home/yzs/riscv/XiangShan/src/main/scala/xiangshan/mem/pipeline/NewStoreUnit.scala
[07:15:45] [spechunter] [Read] /home/yzs/riscv/XiangShan/src/main/scala/xiangshan/mem/pipeline/NewStoreUnit.scala
[07:15:45] [spechunter] [Grep] pattern='cbo.*pmp|pmp.*cbo|CBO.*PMP|PMP.*CBO|pmpInaccessible|cboInaccessible'
[07:15:47] [spechunter] [Read] /home/yzs/riscv/linux/arch/riscv/mm/cache-ops.c
[07:15:47] [spechunter] [Read] /home/yzs/riscv/linux/arch/riscv/mm/dma-noncoherent.c
[07:15:47] [spechunter] [Read] /home/yzs/riscv/linux/arch/riscv/mm/pmem.c
[07:15:47] [spechunter] [Read] /home/yzs/riscv/linux/arch/riscv/include/asm/dma-noncoherent.h
[07:15:47] [spechunter] [Read] /home/yzs/riscv/linux/arch/riscv/include/asm/cacheflush.h
[07:15:47] [spechunter] [Read] /home/yzs/riscv/linux/arch/riscv/mm/cacheflush.c
[07:15:47] [spechunter] [Grep] pattern='PMPCFG|csr_write.*pmp|csr_read.*pmp'
[07:15:47] [spechunter] [Read] /home/yzs/riscv/linux/arch/riscv/kernel/head.S
[07:15:52] [spechunter] [Grep] pattern='isCbo|cbo|CBO|FuType\\.stu|tlbReq.*cmd|TlbCmd'
[07:15:52] [spechunter] [Read] /home/yzs/riscv/XiangShan/src/main/scala/xiangshan/mem/pipeline/NewLoadUnit.scala
[07:15:52] [spechunter] [Read] /home/yzs/riscv/XiangShan/src/main/scala/xiangshan/mem/pipeline/NewStoreUnit.scala
[07:15:53] [spechunter] [Read] /home/yzs/riscv/linux/arch/riscv/mm/pageattr.c
[07:15:53] [spechunter] [Read] /home/yzs/riscv/linux/arch/riscv/mm/dma-noncoherent.c
[07:15:53] [spechunter] [Read] /home/yzs/riscv/linux/arch/riscv/include/asm/kfence.h
[07:15:53] [spechunter] [Grep] pattern='fixup|_ex_table|do_trap_insn|EXC_|page_fault'
[07:15:53] [spechunter] [Read] /home/yzs/riscv/linux/arch/riscv/include/asm/insn-def.h
[07:15:58] [spechunter] [Read] /home/yzs/riscv/linux/arch/riscv/errata/thead/errata.c
[07:15:58] [spechunter] [Read] /home/yzs/riscv/linux/arch/riscv/errata/andes/errata.c
[07:15:58] [spechunter] [Read] /home/yzs/riscv/linux/arch/riscv/include/asm/cmpxchg.h
[07:15:58] [spechunter] [Read] /home/yzs/riscv/linux/arch/riscv/kernel/cpufeature.c
[07:15:58] [spechunter] [Read] /home/yzs/riscv/linux/arch/riscv/kernel/cpufeature.c
[07:15:58] [spechunter] [Read] /home/yzs/riscv/linux/tools/testing/selftests/riscv/hwprobe/cbo.c
[07:15:58] [spechunter] [text] Let me search for the specific "permission check text" that the PR likely targets.  
[07:15:58] [spechunter] [Grep] pattern='probe_access|store.fault|permission|cmobase|CMO|cbo'
[07:15:58] [spechunter] [Grep] pattern='probe_write.*MMU|MMU_DATA_STORE.*probe'
[07:16:02] [spechunter] [Grep] pattern='class CboType|object CboType'
[07:16:02] [spechunter] [Grep] pattern='object FromCSRBundle|class FromCSRBundle'
[07:16:02] [spechunter] [Grep] pattern='class MemBlockIO|MemBlockIO'
[07:16:02] [spechunter] [Grep] pattern='CMO|cmo|cbo|CBO'
[07:16:02] [spechunter] [text] Now let me check for PTE permission-related code and any PMP access checking that would intersect with CBO operations.  
[07:16:02] [spechunter] [Grep] pattern='PTE_R|PTE_W|_PAGE_READ|_PAGE_WRITE|pte_write|pte_read'
[07:16:02] [spechunter] [Grep] pattern='clear_page|CBO_ZERO'
[07:16:02] [spechunter] [Grep] pattern='clear_user_page|clear_user_highpage|zero_user'
[07:16:05] [spechunter] [text] Now let me check how bhyve handles `senvcfg` and CBO-related traps more closely
[07:16:05] [spechunter] [Grep] pattern='senvcfg'
[07:16:05] [spechunter] [Grep] pattern='senvcfg'
[07:16:15] [spechunter] [Grep] pattern='cbo|CBO|CBCFE|CBZE|CBIE|EnvCBIE'
[07:16:15] [spechunter] [Read] /home/yzs/riscv/XiangShan/src/main/scala/xiangshan/backend/decode/DecodeUnit.scala
[07:16:15] [spechunter] [Read] /home/yzs/riscv/XiangShan/src/main/scala/xiangshan/cache/dcache/mainpipe/MissQueue.scala
[07:16:15] [spechunter] [Grep] pattern='CBOAck|CBO'
[07:16:15] [spechunter] [Grep] pattern='CBOAck|CBO|cbo|CacheBlockOperation'
[07:16:16] [spechunter] [text] Now let me search for any other code paths related to CBO instruction access checking, including hypervisor extensions. ...
[07:16:16] [spechunter] [Grep] pattern='cbo_clean|cbo_flush|cbo_inval|cbo_zero'
[07:16:16] [spechunter] [Grep] pattern='check_zicbo'
[07:16:32] [spechunter] [text] Let me also verify there's no CBO-specific bypass of permission checks
[07:16:32] [spechunter] [Grep] pattern='pma_check|pma'
[07:16:32] [spechunter] [Read] /home/yzs/riscv/XiangShan/src/main/scala/xiangshan/backend/fu/PMP.scala
[07:16:32] [spechunter] [Grep] pattern='cbo.*bypass|bypass.*cbo|skip.*cbo.*check|cbo.*skip.*check|CBO.*pmp|pmp.*CBO'
[07:16:32] [spechunter] [Read] /home/yzs/riscv/qemu/target/riscv/op_helper.c
[07:16:32] [spechunter] [Read] /home/yzs/riscv/linux/arch/riscv/kernel/traps.c
[07:16:32] [spechunter] [Read] /home/yzs/riscv/linux/arch/riscv/include/asm/page.h
[07:16:32] [spechunter] [Grep] pattern='CBO|cbo|cmop|prefetch|cache'
[07:16:32] [spechunter] [Grep] pattern='_PAGE_PRESENT|_PAGE_PROT_NONE'
[07:16:32] [spechunter] [Grep] pattern='EXC_'
[07:16:40] [spechunter] [text] Now let me check how the kernel configures `senvcfg` at boot/runtime, and look at context switching  
[07:16:40] [spechunter] [Grep] pattern='senvcfg|menvcfg'
[07:16:42] [spechunter] [Read] /home/yzs/riscv/linux/arch/riscv/errata/thead/errata.c
[07:16:42] [spechunter] [Grep] pattern='ENVCFG_CBZE|ENVCFG_CBCFE'
[07:16:42] [spechunter] [Read] /home/yzs/riscv/linux/arch/riscv/include/uapi/asm/hwprobe.h
[07:16:42] [spechunter] [Read] /home/yzs/riscv/linux/arch/riscv/include/asm/hwcap.h
[07:16:42] [spechunter] [Grep] pattern='any_cpu_has_zicbom|any_cpu_has_zicboz|any_cpu_has_zicbop'
[07:16:42] [spechunter] [Grep] pattern='acpi_get_cbo_block_size'
[07:16:44] [spechunter] [Grep] pattern='senvcfg|menvcfg|ENVCFG'
[07:16:45] [spechunter] [text] Now let me also check the translation layer and any KVM/migration paths.  
[07:16:45] [spechunter] [Read] /home/yzs/riscv/qemu/target/riscv/insn_trans/trans_rvzicbo.c.inc
[07:16:45] [spechunter] [Grep] pattern='zicbom|Zicbom|cbo_clean|cbo_flush|cbo_inval|cache.block'
[07:16:48] [spechunter] [text] Let me check one more thing — the TLB cmd for CBO instructions in the store unit to verify write-permission for CBO.ZERO...
[07:16:48] [spechunter] [Read] /home/yzs/riscv/XiangShan/src/main/scala/xiangshan/mem/pipeline/NewStoreUnit.scala
[07:16:48] [spechunter] [Read] /home/yzs/riscv/XiangShan/src/main/scala/xiangshan/cache/mmu/MMUBundle.scala
[07:16:53] [spechunter] [Read] /home/yzs/riscv/linux/drivers/acpi/riscv/rhct.c
[07:16:53] [spechunter] [Read] /home/yzs/riscv/linux/arch/riscv/kvm/vcpu.c
[07:16:53] [spechunter] [Read] /home/yzs/riscv/linux/arch/riscv/kvm/vcpu_onereg.c
[07:16:53] [spechunter] [Read] /home/yzs/riscv/linux/drivers/cache/ax45mp_cache.c
[07:16:53] [spechunter] [Read] /home/yzs/riscv/linux/arch/riscv/include/asm/csr.h
[07:16:55] [spechunter] [Read] /home/yzs/riscv/linux/arch/riscv/kernel/head.h
[07:16:55] [spechunter] [Grep] pattern='ex_table|fixup|_ASM_EXTABLE|exception_table'
[07:16:55] [spechunter] [Grep] pattern='ex_table|fixup|_ASM_EXTABLE|exception_table'
[07:16:55] [spechunter] [Glob] arch/riscv/kernel/entry.S
[07:16:59] [spechunter] [Read] /home/yzs/riscv/linux/arch/riscv/kernel/entry.S
[07:16:59] [spechunter] [Read] /home/yzs/riscv/linux/arch/riscv/include/asm/csr.h
[07:17:01] [spechunter] [text] Now I have a comprehensive picture. Let me verify the store unit PMP check path one more time
[07:17:01] [spechunter] [Read] /home/yzs/riscv/XiangShan/src/main/scala/xiangshan/mem/pipeline/NewStoreUnit.scala
[07:17:02] [spechunter] [text] Now I have all the information needed. Here is the JSON report:  ```json {   "locations": [     {       "file_path": "ta...
[07:17:03] [spechunter] [text] ```json {   "locations": [     {       "file_path": "arch/riscv/include/asm/insn-def.h",       "function_name": null,   ...
[07:17:12] [spechunter] [Grep] pattern='zicbom_block_size|zicboz_block_size|zicbop_block_size'
[07:17:12] [spechunter] [Grep] pattern='ENVCFG_CBIE'
[07:17:37] [spechunter] [Grep] pattern='CBZE|CBCFE|CBIE|EnvCBIE'
[07:17:37] [spechunter] [Read] /home/yzs/riscv/XiangShan/src/main/scala/xiangshan/backend/decode/DecodeUnit.scala
[07:17:58] [spechunter] [Read] /home/yzs/riscv/XiangShan/src/main/scala/xiangshan/backend/fu/NewCSR/MachineLevel.scala
[07:17:58] [spechunter] [Grep] pattern='CBZE|CBCFE|CBIE'
[07:18:11] [spechunter] [text] Let me also check how bhyve handles CBO instruction emulation
[07:18:11] [spechunter] [Grep] pattern='cbo|CBO|cache.block|cache_block'
[07:18:11] [spechunter] [Grep] pattern='cbze|cbcfe|cbibe|cbie|CBCFE|CBZE|CBIE'
[07:18:22] [spechunter] [Grep] pattern='CBZE|CBCFE|CBIE|EnvCBIE'
[07:18:22] [spechunter] [Grep] pattern='CBZE|CBCFE|CBIE|EnvCBIE'
[07:18:26] [spechunter] [text] Let me also check KVM and CPU init paths for completeness.  
[07:18:26] [spechunter] [Grep] pattern='zicbom|cbom'
[07:18:26] [spechunter] [Grep] pattern='cbom|zicbom'
[07:18:27] [spechunter] [Grep] pattern='class NewStoreUnit|class NewLoadUnit'
[07:18:27] [spechunter] [Grep] pattern='class.*StoreUnit|object.*StoreUnit'
[07:18:37] [spechunter] [text] Now let me check the PMP configuration in FreeBSD's RISC-V port
[07:18:37] [spechunter] [Grep] pattern='pmp|PMP'
[07:18:37] [spechunter] [Grep] pattern='pmp|PMP'
[07:18:39] [spechunter] [Read] /tmp/claude-1000/-home-yzs-riscv-linux/144a5334-3289-4545-a609-51cb0a098a08/tasks/ad3a66fa880183f87.output
[07:18:40] [spechunter] [Grep] pattern='pmp'
[07:18:42] [spechunter] [Read] /tmp/claude-1000/-home-yzs-riscv-linux/144a5334-3289-4545-a609-51cb0a098a08/tasks/ad3a66fa880183f87.output
[07:18:49] [spechunter] [Read] /tmp/claude-1000/-home-yzs-riscv-linux/144a5334-3289-4545-a609-51cb0a098a08/tasks/ad3a66fa880183f87.output
[07:18:50] [spechunter] [text] Now I have a complete picture. Let me produce the JSON output.  ```json {   "violation": "check_zicbom_access write-prob...
[07:18:53] [spechunter] [Read] /tmp/claude-1000/-home-yzs-riscv-linux/144a5334-3289-4545-a609-51cb0a098a08/tasks/ad3a66fa880183f87.output
[07:19:03] [spechunter] [text] Now I have a clear picture of the FreeBSD RISC-V CBO landscape. Let me verify one more thing about whether FreeBSD confi...
[07:19:03] [spechunter] [Grep] pattern='menvcfg|senvcfg'
[07:19:03] [spechunter] [Grep] pattern='CBZE|CBCFE|CBIE'
[07:19:24] [spechunter] [Bash] Check recent commits
[07:19:24] [spechunter] [Bash] Check what the current commit changes
[07:19:24] [spechunter] [text] Now let me read the critical files to understand the permission checking context.  
[07:19:24] [spechunter] [Read] /home/yzs/riscv/linux/arch/riscv/mm/dma-noncoherent.c
[07:19:24] [spechunter] [Read] /home/yzs/riscv/linux/arch/riscv/mm/pmem.c
[07:19:24] [spechunter] [Read] /home/yzs/riscv/linux/arch/riscv/lib/clear_page.S
[07:19:24] [spechunter] [Read] /home/yzs/riscv/linux/arch/riscv/mm/cacheflush.c
[07:19:50] [spechunter] [text] Now I have a complete picture. Let me analyze this from FreeBSD's perspective:  **What this PR clarifies**: CBO instruct...
[07:19:51] [spechunter] [text] Let me trace deeper into the call chains and fault handling.  
[07:19:51] [spechunter] [Read] /home/yzs/riscv/linux/arch/riscv/mm/fault.c
[07:19:51] [spechunter] [Read] /home/yzs/riscv/linux/arch/riscv/include/asm/errata_list.h
[07:19:51] [spechunter] [Read] /home/yzs/riscv/linux/arch/riscv/include/asm/page.h
[07:19:57] [spechunter] [text] Slow-path returned only empty results, so I'm working solely from the fast-path set. Let me evaluate each against the PR...
[07:19:57] [spechunter] [Read] /home/yzs/riscv/qemu/target/riscv/op_helper.c
[07:20:03] [spechunter] [text] ```json {   "locations": [     {       "file_path": "src/main/scala/xiangshan/backend/decode/DecodeUnit.scala",       "f...
[07:20:06] [spechunter] [text] Now let me trace the call chains for `clear_page` and the DMA paths.  
[07:20:06] [spechunter] [Grep] pattern='clear_page\\('
[07:20:06] [spechunter] [Grep] pattern='__HAVE_ARCH_CLEAR_USER_PAGE|clear_user_page|clear_user_highpage'
[07:20:06] [spechunter] [Grep] pattern='fixup_exception|_ASM_EXTABLE|ex_table'
[07:20:06] [spechunter] [Grep] pattern='_ASM_EXTABLE|fixup|ex_table'
[07:20:13] [spechunter] [Grep] pattern='cbo\\.(clean|flush|inval|zero)'
[07:20:13] [spechunter] [Grep] pattern='cbo\\.(clean|flush|inval|zero)'
[07:20:13] [spechunter] [Grep] pattern='cbo\\.(clean|flush|inval|zero)'
[07:20:13] [spechunter] [Grep] pattern='henvcfg|senvcfg|menvcfg'
[07:20:13] [spechunter] [Grep] pattern='henvcfg|senvcfg|menvcfg'
[07:20:13] [spechunter] [Grep] pattern='henvcfg|senvcfg|menvcfg'
[07:20:20] [spechunter] [text] Now let me read the critical files directly to verify the PMP and TLB/PTW permission paths for CBO operations
[07:20:20] [spechunter] [TodoWrite] 6 items
[07:20:27] [spechunter] [Read] /home/yzs/riscv/XiangShan/src/main/scala/xiangshan/backend/fu/PMP.scala
[07:20:27] [spechunter] [Read] /home/yzs/riscv/XiangShan/src/main/scala/xiangshan/mem/pipeline/NewStoreUnit.scala
[07:20:27] [spechunter] [text] I'll systematically investigate the FreeBSD RISC-V codebase for semantically affected code across all the mentioned laye...
[07:20:27] [spechunter] [Grep] pattern='cbo\\.(clean|flush|inval|zero)'
[07:20:27] [spechunter] [Grep] pattern='CBIE|CBCFE|CBZE|envcfg.*CBO|cboze|cbo.*flush'
[07:20:27] [spechunter] [Grep] pattern='henvcfg|senvcfg|menvcfg'
[07:20:27] [spechunter] [Glob] sys/riscv/riscv/trap.c
[07:20:27] [spechunter] [Glob] sys/riscv/riscv/swtch.S
[07:20:32] [spechunter] [text] Now let me trace the call chains deeper — who calls clear_page and the DMA/PMEM CBO functions, and check the KVM paths. ...
[07:20:32] [spechunter] [Grep] pattern='arch_dma_cache_wback|arch_dma_cache_inv|arch_dma_cache_wback_inv|arch_dma_prep_coherent'
[07:20:32] [spechunter] [Grep] pattern='arch_wb_cache_pmem|arch_invalidate_pmem'
[07:20:32] [spechunter] [Grep] pattern='clear_page|clear_user_page|clear_user_highpage'
[07:20:39] [spechunter] [text] Let me now read the key source files and trace the relevant code paths.  
[07:20:39] [spechunter] [Read] /home/yzs/riscv/freebsd-src/sys/riscv/riscv/trap.c
[07:20:39] [spechunter] [Read] /home/yzs/riscv/freebsd-src/sys/riscv/vmm/vmm_riscv.c
[07:20:39] [spechunter] [Read] /home/yzs/riscv/freebsd-src/sys/riscv/vmm/riscv.h
[07:20:39] [spechunter] [Read] /home/yzs/riscv/freebsd-src/sys/riscv/riscv/cbo.c
[07:20:39] [spechunter] [Read] /home/yzs/riscv/freebsd-src/sys/riscv/include/riscvreg.h
[07:20:42] [spechunter] [Read] /home/yzs/riscv/freebsd-src/sys/riscv/riscv/cbo.c
[07:20:42] [spechunter] [Read] /home/yzs/riscv/freebsd-src/sys/riscv/vmm/vmm_riscv.c
[07:20:42] [spechunter] [Read] /home/yzs/riscv/freebsd-src/sys/riscv/vmm/riscv.h
[07:20:42] [spechunter] [Grep] pattern='CBIE|CBCFE|CBZE|CBOM'
[07:20:42] [spechunter] [Grep] pattern='HENVCFG|SENVCFG|MENVCFG'
[07:20:43] [spechunter] [Grep] pattern='EXC_STORE_PAGE_FAULT|EXC_LOAD_PAGE_FAULT|EXC_INST_PAGE_FAULT'
[07:20:43] [spechunter] [Grep] pattern='MISC_MEM|CBO|Zicbom|Zicboz|cbo\\.'
[07:20:43] [spechunter] [Grep] pattern='pagefault_kernel|PF_KERNEL|page_fault'
[07:20:48] [spechunter] [text] Now let me check the actual QEMU change referenced in the PR context (the spec PR #2243 is about clarifying CBO instruct...
[07:20:48] [spechunter] [Bash] Check actual diff content
[07:20:54] [spechunter] [text] Let me continue the investigation by looking at context-switch code, encoding definitions, and the pmap layer.  
[07:20:54] [spechunter] [Read] /home/yzs/riscv/freebsd-src/sys/riscv/riscv/swtch.S
[07:20:54] [spechunter] [Grep] pattern='MATCH_CBO|MASK_CBO|cbo|CBO_ZERO'
[07:20:54] [spechunter] [Grep] pattern='MATCH_CBO|MASK_CBO|cbo|CBO_ZERO|CBO_CLEAN|CBO_FLUSH|CBO_INVAL'
[07:20:54] [spechunter] [Grep] pattern='senvcfg|menvcfg|sstatus.*SUM|page_fault|virtual.*instruction|VIRTUAL_INSTRUCTION'
[07:20:54] [spechunter] [Glob] sys/riscv/riscv/exception.S
[07:20:54] [spechunter] [Read] /home/yzs/riscv/linux/arch/riscv/kvm/vcpu.c
[07:20:54] [spechunter] [Grep] pattern='stage2|gstage|kvm_riscv_vcpu_fault|guest_page_fault|handle_exit'
[07:21:12] [spechunter] [Read] /home/yzs/riscv/linux/arch/riscv/kvm/vcpu_exit.c
[07:21:12] [spechunter] [Read] /home/yzs/riscv/linux/arch/riscv/kvm/vcpu_insn.c
[07:21:20] [spechunter] [text] Let me now trace the PMP and TLB permission generation more deeply, and check how atomics handle this for comparison
[07:21:20] [spechunter] [Read] /home/yzs/riscv/XiangShan/src/main/scala/xiangshan/backend/fu/PMP.scala
[07:21:20] [spechunter] [Read] /home/yzs/riscv/XiangShan/src/main/scala/xiangshan/mem/pipeline/NewStoreUnit.scala
[07:21:20] [spechunter] [Read] /home/yzs/riscv/XiangShan/src/main/scala/xiangshan/mem/pipeline/AtomicsUnit.scala
[07:21:23] [spechunter] [Read] /home/yzs/riscv/freebsd-src/sys/riscv/riscv/exception.S
[07:21:23] [spechunter] [Grep] pattern='MATCH_CBO|CBO_ZERO|CBO_CLEAN|CBO_FLUSH|CBO_INVAL|MATCH_SFENCE|MATCH_HFENCE|MATCH_WFI'
[07:21:23] [spechunter] [Grep] pattern='senvcfg|menvcfg'
[07:21:23] [spechunter] [Glob] sys/riscv/vmm/vmm_switch*.S
[07:21:23] [spechunter] [Grep] pattern='vmm_switch'
[07:21:23] [spechunter] [Grep] pattern='MENVCFG|SENVCFG'
[07:21:23] [spechunter] [Grep] pattern='cbo\\.zero'
[07:21:23] [spechunter] [Grep] pattern='zicboz|CBOZ|zicbom|CBOM'
[07:21:23] [spechunter] [Grep] pattern='cbo|cbo\\.|zicbom|zicboz'
[07:21:23] [spechunter] [Read] /home/yzs/riscv/freebsd-src/sys/riscv/include/riscvreg.h
[07:21:23] [spechunter] [Read] /home/yzs/riscv/freebsd-src/sys/riscv/riscv/identcpu.c
[07:21:29] [spechunter] [text] Now let me verify the spec references in the permission check comments
[07:21:29] [spechunter] [Grep] pattern='section 2\\.5\\.'
[07:21:29] [spechunter] [Grep] pattern='load instruction.*store instruction'
[07:21:34] [spechunter] [Read] /home/yzs/riscv/XiangShan/src/main/scala/xiangshan/mem/pipeline/AtomicsUnit.scala
[07:21:34] [spechunter] [Read] /home/yzs/riscv/XiangShan/src/main/scala/xiangshan/mem/lsqueue/NewStoreQueue.scala
[07:21:34] [spechunter] [Read] /home/yzs/riscv/XiangShan/src/main/scala/xiangshan/mem/pipeline/NewStoreUnit.scala
[07:21:36] [spechunter] [Grep] pattern='system_opcode_insn|MISC_MEM|OPCODE_MISC_MEM'
[07:21:36] [spechunter] [Grep] pattern='system_opcode_insn'
[07:21:40] [spechunter] [Grep] pattern='cbo|zicbom|zicboz|CBO'
[07:21:40] [spechunter] [Grep] pattern='menvcfg|MENVCFG'
[07:21:40] [spechunter] [Grep] pattern='has_zicboz|has_zicbom|zicbo'
[07:21:40] [spechunter] [Glob] sys/riscv/include/cbo.h
[07:21:41] [spechunter] [Read] /home/yzs/riscv/freebsd-src/sys/riscv/vmm/vmm_switch.S
[07:21:41] [spechunter] [Grep] pattern='CBO|cbo|cache.block|zicbom|Zicbom|zicboz|Zicboz'
[07:21:41] [spechunter] [Read] /home/yzs/riscv/freebsd-src/sys/riscv/include/encoding.h
[07:21:41] [spechunter] [Grep] pattern='SENVCFG|MENVCFG|senvcfg|menvcfg'
[07:21:42] [spechunter] [Read] /home/yzs/riscv/linux/arch/riscv/kvm/vcpu_insn.c
[07:21:48] [spechunter] [text] Now let me trace the TLB command and how StoreUnit sends TLB requests for CBO ops, plus the TLB exception bundle structu...
[07:21:48] [spechunter] [Read] /home/yzs/riscv/XiangShan/src/main/scala/xiangshan/mem/pipeline/NewStoreUnit.scala
[07:21:48] [spechunter] [Read] /home/yzs/riscv/XiangShan/src/main/scala/xiangshan/mem/pipeline/NewLoadUnit.scala
[07:21:48] [spechunter] [Grep] pattern='class TlbExceptionBundle|class TLBException|pf\\.ld|pf\\.st'
[07:21:53] [spechunter] [Read] /home/yzs/riscv/freebsd-src/sys/riscv/include/cbo.h
[07:21:53] [spechunter] [Grep] pattern='senvcfg|SENVCFG|menvcfg|MENVCFG'
[07:21:53] [spechunter] [Grep] pattern='cbo\\.zero|ZICBOZ|zicboz'
[07:21:53] [spechunter] [Grep] pattern='HENVCFG_CBZE|HENVCFG_CBCFE|HENVCFG_CBIE'
[07:21:53] [spechunter] [Glob] sys/riscv/vmm/*.c
[07:21:57] [spechunter] [text] Now let me check the encoding.h for all CBO-related definitions and look at additional relevant files.  
[07:21:57] [spechunter] [Grep] pattern='MATCH_|MASK_'
[07:21:57] [spechunter] [Read] /home/yzs/riscv/freebsd-src/sys/riscv/include/encoding.h
[07:21:57] [spechunter] [Grep] pattern='MATCH_WFI|MASK_WFI'
[07:21:57] [spechunter] [Grep] pattern='virt_inst|VIRT_INST|virtual.*inst|FENCE_|SFENCE_|HFENCE_|SINVAL_|CBO_'
[07:21:57] [spechunter] [Grep] pattern='pmap_fault'
[07:22:02] [spechunter] [Grep] pattern='cbo|CBO|zicbom|zicboz|zicbop|cache.block|cache.block'
[07:22:02] [spechunter] [Grep] pattern='henvcfg|HENVCFG'
[07:22:02] [spechunter] [Read] /home/yzs/riscv/freebsd-src/sys/riscv/vmm/vmm_instruction_emul.c
[07:22:13] [spechunter] [Read] /home/yzs/riscv/XiangShan/src/main/scala/xiangshan/cache/mmu/MMUBundle.scala
[07:22:13] [spechunter] [Read] /home/yzs/riscv/XiangShan/src/main/scala/xiangshan/cache/mmu/TLB.scala
[07:22:13] [spechunter] [Grep] pattern='isLd|isSt|class TlbCmd|object TlbCmd'
[07:22:14] [spechunter] [text] Now let me also check for the broader set of CBO-related and envcfg references beyond the immediate sys/riscv/ tree.  
[07:22:14] [spechunter] [Grep] pattern='cbo\\.(clean|flush|inval|zero)|cbo_'
[07:22:14] [spechunter] [Grep] pattern='cbo\\.(clean|flush|inval|zero)|cbo_'
[07:22:14] [spechunter] [Grep] pattern='cbo\\.(clean|flush|inval|zero)|cbo_'
[07:22:14] [spechunter] [Grep] pattern='envcfg'
[07:22:17] [spechunter] [text] Now I have a clear picture. Let me verify the translation layer to confirm it’s purely a dispatch pass-through.  
[07:22:17] [spechunter] [Read] /home/yzs/riscv/qemu/target/riscv/insn_trans/trans_rvzicbo.c.inc
[07:22:20] [spechunter] [Read] /home/yzs/riscv/freebsd-src/sys/riscv/riscv/identcpu.c
[07:22:20] [spechunter] [Read] /home/yzs/riscv/freebsd-src/sys/riscv/riscv/identcpu.c
[07:22:20] [spechunter] [Read] /home/yzs/riscv/freebsd-src/sys/riscv/vmm/vmm_riscv.c
[07:22:21] [spechunter] [text] Now let me check whether KVM properly handles CBO-related guest page faults and verify the CBO opcode handling.  
[07:22:21] [spechunter] [Grep] pattern='EXC_STORE_GUEST_PAGE_FAULT|EXC_LOAD_GUEST_PAGE_FAULT|EXC_INST_GUEST_PAGE_FAULT'
[07:22:21] [spechunter] [Grep] pattern='OPCODE_MISC_MEM'
[07:22:21] [spechunter] [Grep] pattern='INSN_OPCODE_SYSTEM'
[07:22:40] [spechunter] [Grep] pattern='MATCH_|MASK_'
[07:22:40] [spechunter] [Grep] pattern='zicbom|zicboz|cache.block|CBO'
[07:22:40] [spechunter] [Glob] sys/riscv/vmm/vmm_mem*
[07:22:40] [spechunter] [Grep] pattern='hgatp|stage2|stage.2|PM_STAGE2|pmap_pinit_stage|hgatp'
[07:22:40] [spechunter] [Grep] pattern='hfence_gvma|hfence_bvma|hgatp'
[07:22:58] [spechunter] [text] Let me do a few more targeted checks before composing the final output.  
[07:22:58] [spechunter] [Grep] pattern='CBO'
[07:22:58] [spechunter] [Grep] pattern='DECLARE_INSN'
[07:22:58] [spechunter] [Grep] pattern='senvcfg|SENVCFG'
[07:22:58] [spechunter] [Grep] pattern='hfence_gvma|hfence_bvma'
[07:22:59] [spechunter] [text] Here is the complete JSON output:  ```json {   "locations": [     {       "file_path": "sys/riscv/riscv/cbo.c",       "f...
[07:23:00] [spechunter] [text] Now let me check the PMP checker/rechecker to see how the permission signals are generated  
[07:23:00] [spechunter] [Grep] pattern='PMPRechecker|PMPChecker'
[07:23:00] [spechunter] [Read] /home/yzs/riscv/XiangShan/src/main/scala/xiangshan/cache/mmu/MMUBundle.scala
[07:23:02] [spechunter] [text] Let me check one more critical detail — whether the uaccess paths or any kernel copy routines implicitly use CBO, and ch...
[07:23:02] [spechunter] [Grep] pattern='_ASM_EXTABLE|fixup|ex_table'
[07:23:02] [spechunter] [Read] /home/yzs/riscv/linux/arch/riscv/mm/extable.c
[07:23:02] [spechunter] [Read] /home/yzs/riscv/linux/arch/riscv/include/asm/insn-def.h
[07:23:10] [spechunter] [text] Let me check a few more details before composing the final output.  
[07:23:10] [spechunter] [Read] /home/yzs/riscv/freebsd-src/sys/riscv/include/cpufunc.h
[07:23:10] [spechunter] [Grep] pattern='menvcfg|MENVCFG'
[07:23:10] [spechunter] [Grep] pattern='senvcfg|SENVCFG'
[07:23:10] [spechunter] [Read] /home/yzs/riscv/freebsd-src/sys/riscv/vmm/vmm_riscv.c
[07:23:10] [spechunter] [Grep] pattern='henvcfg'
[07:23:29] [spechunter] [text] Now I have all the data. Let me check the `assym.inc` to confirm the offset definitions used in vmm_switch.S
[07:23:29] [spechunter] [Grep] pattern='HYP_H_SSTATUS|HYP_H_HSTATUS|HYP_H_SCOUNTEREN|HYP_G_SCOUNTEREN'
[07:23:29] [spechunter] [Grep] pattern='HENVCFG|henvcfg'
[07:23:36] [spechunter] [text] Now I have a clear picture. The PR is about the RISC-V spec (section 2.5.2) explicitly listing CBO instructions in its p...
[07:23:48] [spechunter] [text] Let me start by reading the relevant code and spec files in parallel.  
[07:23:48] [spechunter] [Grep] pattern='check_zicbom_access'
[07:23:48] [spechunter] [Grep] pattern='check_zicbom_access'
[07:23:48] [spechunter] [Bash] List spec reference directories
[07:24:01] [spechunter] [Read] /home/yzs/riscv/qemu/target/riscv/op_helper.c
[07:24:01] [spechunter] [Grep] pattern='cache.block|cache block|Zicbom|CBO|clean|flush|inval|load access.fault|page.fault'
[07:24:05] [spechunter] [text] Let me check one more critical path — how the KVM entry point handles regular page faults from guest context.  
[07:24:05] [spechunter] [Read] /home/yzs/riscv/linux/arch/riscv/kernel/traps.c
[07:24:05] [spechunter] [Grep] pattern='kvm_riscv_vcpu_exit|guest_context|HSTATUS_SPV'
[07:24:05] [spechunter] [Grep] pattern='kvm_riscv_vcpu_exit'
[07:24:10] [spechunter] [Grep] pattern='do_kvm|kvm_riscv_vcpu_enter'
[07:24:10] [spechunter] [Read] /home/yzs/riscv/linux/arch/riscv/kernel/entry.S
[07:24:18] [spechunter] [text] Let me now check the specific spec locations referenced in the security spec and look for the CMO spec file.  
[07:24:18] [spechunter] [Read] /home/yzs/riscv/rv-isa-sec/spec_ref/riscv-isa-manual/src/machine.adoc
[07:24:18] [spechunter] [Read] /home/yzs/riscv/rv-isa-sec/spec_ref/riscv-isa-manual/src/supervisor.adoc
[07:24:18] [spechunter] [Bash] Find CMO spec files
[07:24:22] [spechunter] [Glob] **/*.adoc
[07:24:25] [spechunter] [Glob] *cbo*audit*.json
[07:24:25] [spechunter] [Glob] *audit*.json
[07:24:28] [spechunter] [text] Let me also trace the PMP checker response generation, and look at how the L2TLB generates PMP responses  
[07:24:28] [spechunter] [Grep] pattern='class L2TLBPMP|PMPChecker|pmp_.*ld|pmp_.*st|pmpChecker'
[07:24:28] [spechunter] [Grep] pattern='pmp|PMPChecker|pmp_ld|pmp_st'
[07:24:33] [spechunter] [Grep] pattern='class PMPChecker'
[07:24:33] [spechunter] [Read] /home/yzs/riscv/XiangShan/src/main/scala/xiangshan/cache/mmu/L2TLB.scala
[07:24:35] [spechunter] [text] Found the CMO spec file. Let me read it along with the cited spec sections.  
[07:24:35] [spechunter] [Read] /home/yzs/riscv/rv-isa-sec/spec_ref/riscv-isa-manual/src/unpriv/cmo.adoc
[07:24:35] [spechunter] [Grep] pattern='cbo.clean|cbo.flush|cbo.inval|cache.block|cache-block'
[07:24:35] [spechunter] [Grep] pattern='cbo.clean|cbo.flush|cbo.inval|cache.block|cache-block'
[07:24:44] [spechunter] [Read] /home/yzs/riscv/freebsd-src/zicbom_henvcfg_audit.json
[07:24:44] [spechunter] [Read] /home/yzs/riscv/freebsd-src/aclic_sourcecfg_audit.json
[07:24:44] [spechunter] [Grep] pattern='class PMPChecker|isRead|isWrite|ld\\s*:=|st\\s*:='
[07:24:48] [spechunter] [Read] /home/yzs/riscv/XiangShan/src/main/scala/xiangshan/backend/fu/PMP.scala
[07:25:07] [spechunter] [text] I'm ready to continue. All the audit files from the previous session are on disk, including the completed `zicbom_henvcf...
[07:25:12] [spechunter] [text] Let me read the specific machine.adoc and supervisor.adoc lines that the security spec references
[07:25:12] [spechunter] [Read] /home/yzs/riscv/rv-isa-sec/spec_ref/riscv-isa-manual/src/priv/machine.adoc
[07:25:12] [spechunter] [Read] /home/yzs/riscv/rv-isa-sec/spec_ref/riscv-isa-manual/src/priv/supervisor.adoc
[07:25:14] [spechunter] [text] Now let me verify there are no other paths that might use CBO on user-addressable pages
[07:25:14] [spechunter] [Grep] pattern='copy_user_highpage|clear_user_highpage|copy_user_page|clear_user_page'
[07:25:14] [spechunter] [Grep] pattern='copy_user_highpage|clear_user_highpage'
[07:25:14] [spechunter] [Read] /home/yzs/riscv/linux/arch/riscv/kernel/cpufeature.c
[07:25:38] [spechunter] [text] Now let me also check the `probe_access_flags` and `probe_write` implementations to understand the exact exception types...
[07:25:38] [spechunter] [Grep] pattern='^static int probe_access_flags|^void probe_write|^int probe_access_flags'
[07:25:45] [spechunter] [Grep] pattern='probe_access_flags'
[07:25:45] [spechunter] [Grep] pattern='probe_write'
[07:25:45] [spechunter] [Grep] pattern='int probe_access_flags'
[07:25:57] [spechunter] [Grep] pattern='probe_access_flags|probe_write"'
[07:26:02] [spechunter] [Bash] Check recent commits for any CBO-related changes
[07:26:19] [spechunter] [TodoWrite] 4 items
[07:26:28] [spechunter] [text] Let me check if there are relevant spec/documentation files or recent CBO-related patches in the tree
[07:26:28] [spechunter] [Grep] pattern='permission check|load.*store.*permission|cbo.*permission'
[07:26:28] [spechunter] [Grep] pattern='#2243'
[07:26:28] [spechunter] [Grep] pattern='cache.block.*instruct|cbo.*flush.*cbo.*inval|cbo.*zero'
[07:26:40] [spechunter] [Grep] pattern='cache.block|cbo\\.flush|cbo\\.inval|cbo\\.clean|cbo\\.zero|Zicbom'
[07:26:40] [spechunter] [Grep] pattern='privileged.*spec|ISA.*spec|specification|riscv.*spec'
[07:26:40] [spechunter] [Glob] share/**/riscv*/**
[07:26:52] [spechunter] [text] Now I have all the data. Let me compile the final semantic analysis.  
[07:26:52] [spechunter] [TodoWrite] 4 items
[07:26:52] [spechunter] [text] Now let me read the probe helper definitions to understand what exceptions they raise
[07:26:52] [spechunter] [Read] /home/yzs/riscv/qemu/include/accel/tcg/probe.h
[07:26:52] [spechunter] [Grep] pattern='^int probe_access_flags\\b|^void probe_write\\b'
[07:27:14] [spechunter] [TodoWrite] 6 items
[07:27:27] [spechunter] [text] Let me examine the kernel code relevant to CBO permission checks - specifically trap handlers and exception paths where ...
[07:27:27] [spechunter] [Grep] pattern='cbo|Zicbom|Zicboz'
[07:27:27] [spechunter] [Grep] pattern='cbo|Zicbom|Zicboz'
[07:27:27] [spechunter] [Grep] pattern='cbo|page.fault.*permission|load.*page.fault|store.*page.fault'
[07:27:28] [spechunter] [text] Now let me verify exactly what exception `probe_write` raises vs `probe_access_flags` with `MMU_DATA_LOAD`.  
[07:27:28] [spechunter] [Read] /home/yzs/riscv/qemu/include/accel/tcg/probe.h
[07:27:28] [spechunter] [Read] /home/yzs/riscv/qemu/accel/tcg/cputlb.c
[07:27:38] [spechunter] [text] Now let me check how the TLB fill translates access types into exception types  
[07:27:38] [spechunter] [Grep] pattern='riscv_cpu_tlb_fill|LOAD.*fault|STORE.*fault|MMU_DATA_LOAD|MMU_DATA_STORE|RISCV_EXCP_LOAD'
[07:27:38] [spechunter] [Grep] pattern='permission check|cache.block|cbo.*flush|cbo.*inval|cbo.*clean|cbo.*zero'
[07:27:38] [spechunter] [Grep] pattern='instruction.*permission|load.*store.*fault|ILLEGAL_INSTRUCTION|virtual.*instruction'
[07:28:02] [spechunter] [Grep] pattern='cache.block|cbo\\.flush|cbo\\.inval|cbo\\.clean|cbo\\.zero'
[07:28:02] [spechunter] [Glob] **/*.tex
[07:28:02] [spechunter] [Grep] pattern='CBO|Cache Management Operation|cache.management'
[07:28:12] [spechunter] [text] Here is the semantic analysis.  ---  ## Semantic Analysis: CBO Permission Enforcement Gap  ### 1. `clear_page` — CBO_ZER...
[07:28:15] [spechunter] [text] Now I have all the information needed. Let me verify one more thing — whether the CMO spec itself has been updated or th...
[07:28:15] [spechunter] [Read] /home/yzs/riscv/qemu/target/riscv/cpu_helper.c
[07:28:42] [spechunter] [text] Let me look more deeply at the relevant C files to assess the ranking
[07:28:42] [spechunter] [Read] /home/yzs/riscv/freebsd-src/sys/riscv/riscv/cbo.c
[07:28:42] [spechunter] [Read] /home/yzs/riscv/freebsd-src/sys/riscv/riscv/trap.c
[07:28:42] [spechunter] [Read] /home/yzs/riscv/freebsd-src/sys/riscv/vmm/vmm_riscv.c
[07:28:52] [spechunter] [text] Now I have a comprehensive understanding. Let me compile the findings.  
[07:28:52] [spechunter] [Write] /home/yzs/riscv/XiangShan/cbo_permission_check_findings.json
[07:28:55] [spechunter] [text] Now I have all the information needed to produce the analysis. Let me verify one final detail about the `probe_access_fl...
[07:28:55] [spechunter] [Grep] pattern='nonfault'
[07:29:13] [spechunter] [text] Now let me check if the PR is about documentation/spec changes rather than code changes  
[07:29:13] [spechunter] [Grep] pattern='CBO|cache.block|cmo.*permission|cache.*manage'
[07:29:13] [spechunter] [Read] /home/yzs/riscv/freebsd-src/sys/riscv/riscv/trap.c
[07:29:15] [spechunter] [TodoWrite] 6 items
[07:29:25] [spechunter] [text] I'll cross-validate the locations against the PR context. Let me first check if there are actual permission-check code p...
[07:29:25] [spechunter] [Grep] pattern='pte_permission|pte_perm|PTE.*check|permission.*check|access_error|__access_error'
[07:29:25] [spechunter] [Grep] pattern='do_page_fault|handle_page_fault|do_trap.*page|handle_(store|load)_access_fault'
[07:29:36] [spechunter] [text] 报告已写入 `cbo_permission_check_findings.json`。以下是调查结果的摘要：  ## 核心发现：CBO.INVAL 缺少写入权限检查  XiangShan 的 CBO 权限管道将所有非零（isCboNoZer...
[07:29:37] [spechunter] [text] Now I have all the evidence. Let me compile the analysis
[07:29:37] [spechunter] [Read] /home/yzs/riscv/rv-isa-sec/spec_ref/riscv-isa-manual/src/unpriv/cmo.adoc
[07:29:58] [spechunter] [text] Now I have a clear picture. Let me also quickly look at the pmap permission-related code since that's where page-level p...
[07:29:58] [spechunter] [Grep] pattern='PTE_R|PTE_W|PTE_X|PTE_PERM|protection.*fault|page_fault_handler'
[07:29:58] [spechunter] [Grep] pattern='page_fault_handler'
[07:30:06] [spechunter] [text] Let me look at the actual permission check code and any documentation references
[07:30:06] [spechunter] [Read] /home/yzs/riscv/linux/arch/riscv/mm/fault.c
[07:30:06] [spechunter] [Grep] pattern='CBO.*perm|perm.*CBO|cmo.*perm|perm.*cmo|cache.block.*perm'
[07:30:06] [spechunter] [Grep] pattern='cmo|CBO|cache.block|cache.manage'
[07:30:12] [spechunter] [Glob] Documentation/**/riscv/**
[07:30:12] [spechunter] [Grep] pattern='CBO|cache.block|CMO'
[07:30:33] [spechunter] [text] Now let me verify a few of the key locations to ensure line numbers and descriptions are accurate.  
[07:30:33] [spechunter] [Read] /home/yzs/riscv/XiangShan/src/main/scala/xiangshan/mem/pipeline/NewStoreUnit.scala
[07:30:33] [spechunter] [Read] /home/yzs/riscv/XiangShan/src/main/scala/xiangshan/mem/pipeline/NewStoreUnit.scala
[07:30:33] [spechunter] [Read] /home/yzs/riscv/XiangShan/src/main/scala/xiangshan/mem/pipeline/NewStoreUnit.scala
[07:30:39] [spechunter] [Read] /home/yzs/riscv/XiangShan/src/main/scala/xiangshan/backend/fu/wrapper/CSR.scala
[07:30:39] [spechunter] [Read] /home/yzs/riscv/XiangShan/src/main/scala/xiangshan/backend/decode/DecodeUnit.scala
[07:30:46] [spechunter] [Read] /home/yzs/riscv/linux/arch/riscv/include/asm/insn-def.h
[07:30:46] [spechunter] [Read] /home/yzs/riscv/linux/arch/riscv/mm/fault.c
[07:31:02] [spechunter] [text] Now I have enough context to produce the cross-validated, deduplicated location set. Let me check one more critical loca...
[07:31:02] [spechunter] [Read] /home/yzs/riscv/XiangShan/src/main/scala/xiangshan/backend/decode/DecodeUnit.scala
[07:31:02] [spechunter] [Read] /home/yzs/riscv/XiangShan/src/main/scala/xiangshan/backend/fu/NewCSR/NewCSR.scala
[07:31:02] [spechunter] [Read] /home/yzs/riscv/XiangShan/src/main/scala/xiangshan/package.scala
[07:31:03] [spechunter] [text] Now let me verify the actual permission-check flow for CBO traps
[07:31:03] [spechunter] [Grep] pattern='EXC_STORE_PAGE_FAULT|EXC_LOAD_PAGE_FAULT|CBO.*fault|fault.*CBO'
[07:31:03] [spechunter] [Grep] pattern='EXC_STORE_PAGE_FAULT|EXC_LOAD_PAGE_FAULT'
[07:31:04] [spechunter] [text] Now I have a complete picture. Let me produce the final cross-validated location set.  ```json {   "locations": [     { ...
[07:31:16] [spechunter] [text] Now I have all the evidence. Let me compile the complete analysis.  Here is my analysis:  **Key spec documents and the c...
[07:31:36] [spechunter] [text] Now let me verify the page fault entry points that would handle CBO-induced faults
[07:31:36] [spechunter] [Read] /home/yzs/riscv/linux/arch/riscv/kernel/entry.S
[07:31:36] [spechunter] [Read] /home/yzs/riscv/linux/arch/riscv/mm/fault.c
[07:31:37] [spechunter] [Agent] description, prompt
[07:31:37] [spechunter] [Agent] description, prompt
[07:31:37] [spechunter] [Agent] description, prompt
[07:31:37] [spechunter] [Agent] description, prompt
[07:31:54] [spechunter] [Grep] pattern='henvcfg'
[07:31:54] [spechunter] [Grep] pattern='CBIE|CBCFE|CBZE'
[07:31:54] [spechunter] [Grep] pattern='senvcfg'
[07:31:54] [spechunter] [Grep] pattern='menvcfg'
[07:31:59] [spechunter] [text] Now I have enough context to produce the final cross-validated location set.  ```json {   "locations": [     {       "fi...
[07:32:03] [spechunter] [Glob] sys/riscv/vmm/**/*
[07:32:03] [spechunter] [Grep] pattern='cbo\\.(clean|flush|inval|zero)'
[07:32:03] [spechunter] [Grep] pattern='cbo\\.(clean|flush|inval|zero)'
[07:32:03] [spechunter] [Grep] pattern='[Cc][Bb][Oo]'
[07:32:03] [spechunter] [Grep] pattern='[Cc][Bb][Oo]'
[07:32:03] [spechunter] [Grep] pattern='cbo\\.(zero|clean|flush|inval)'
[07:32:03] [spechunter] [Grep] pattern='CBO|cbo_|CBO_'
[07:32:03] [spechunter] [Grep] pattern='illegal.instruction|ILLEGAL_INSTRUCTION|ILL_ST'
[07:32:03] [spechunter] [Grep] pattern='page.fault|pagefault|PGFAULT|vm_fault'
[07:32:03] [spechunter] [Grep] pattern='cmop|CMOP|cmobase|CMOBase'
[07:32:09] [spechunter] [Grep] pattern='HENVCFG|henvcfg'
[07:32:09] [spechunter] [Grep] pattern='CBIE|CBCFE|CBZE'
[07:32:09] [spechunter] [Grep] pattern='ENVCFG|encfg'
[07:32:11] [spechunter] [Glob] sys/riscv/riscv/locore.S
[07:32:11] [spechunter] [Glob] sys/riscv/riscv/machdep.c
[07:32:11] [spechunter] [Glob] sys/riscv/riscv/*.c
[07:32:11] [spechunter] [Grep] pattern='henvcfg|senvcfg'
[07:32:11] [spechunter] [Grep] pattern='CBO|cbo|cache.block.oper|CMO'
[07:32:11] [spechunter] [Grep] pattern='initriscv'
[07:32:23] [spechunter] [Read] /home/yzs/riscv/freebsd-src/sys/riscv/riscv/trap.c
[07:32:23] [spechunter] [Read] /home/yzs/riscv/freebsd-src/sys/riscv/riscv/cbo.c
[07:32:23] [spechunter] [Grep] pattern='exception|trap|fault|CBO|cmop|cbo\\.'
[07:32:23] [spechunter] [Glob] **/riscv/riscv/exception.*
[07:32:23] [spechunter] [Grep] pattern='FTYPE_STORE|FTYPE_LOAD|FTYPE_OTHER|ftype'
[07:32:26] [spechunter] [Grep] pattern='[Cc][Bb][Oo]'
[07:32:26] [spechunter] [Grep] pattern='cbo|CBO'
[07:32:26] [spechunter] [Grep] pattern='cbo\\.(clean|flush|inval|zero)'
[07:32:26] [spechunter] [Grep] pattern='cbo\\b|CBO\\b|Cbo'
[07:32:26] [spechunter] [Grep] pattern='cache.block|cache_block|cacheblock|CACHE_BLOCK'
[07:32:26] [spechunter] [Glob] sys/riscv/vmm/**/*
[07:32:27] [spechunter] [Agent] description, subagent_type
[07:32:34] [spechunter] [Grep] pattern='CBO|cbo_|Cbo'
[07:32:38] [spechunter] [Read] /home/yzs/riscv/freebsd-src/sys/riscv/riscv/exception.S
[07:32:38] [spechunter] [Read] /home/yzs/riscv/freebsd-src/sys/riscv/include/riscvreg.h
[07:32:38] [spechunter] [Grep] pattern='zicboz|cbo\\.zero|cbo\\.0|ZCBOZ'
[07:32:38] [spechunter] [Grep] pattern='SCAUSE_STORE_PAGE_FAULT|SCAUSE_LOAD_PAGE_FAULT'
[07:32:40] [spechunter] [Grep] pattern='initriscv'
[07:32:40] [spechunter] [Read] /home/yzs/riscv/freebsd-src/sys/riscv/riscv/cbo.c
[07:32:40] [spechunter] [Read] /home/yzs/riscv/freebsd-src/sys/riscv/include/cbo.h
[07:32:40] [spechunter] [Grep] pattern='initriscv'
[07:32:40] [spechunter] [Grep] pattern='henvcfg|senvcfg'
[07:32:40] [spechunter] [Grep] pattern='CBO|cbo'
[07:32:40] [spechunter] [Grep] pattern='CBO|cbo'
[07:32:41] [spechunter] [text] Now let me check whether the "permission check text" references any specific kernel documentation.  
[07:32:41] [spechunter] [Grep] pattern='permission check.*text|指令.*权限.*检查|cache.block.*load.*store|CBO.*load.*store.*perm'
[07:32:41] [spechunter] [Grep] pattern='CMO.*require.*load|CMO.*require.*store|CBO.*load|CBO.*store|CBO.*permission|cache.*block.*permission'
[07:32:42] [spechunter] [Grep] pattern='SENVCFG|senvcfg'
[07:32:42] [spechunter] [Grep] pattern='MENVCFG|menvcfg'
[07:32:42] [spechunter] [Read] /home/yzs/riscv/freebsd-src/sys/riscv/include/riscvreg.h
[07:32:42] [spechunter] [Read] /home/yzs/riscv/freebsd-src/sys/riscv/vmm/vmm_riscv.c
[07:32:44] [spechunter] [Read] /home/yzs/riscv/freebsd-src/sys/riscv/include/cbo.h
[07:32:44] [spechunter] [Read] /home/yzs/riscv/freebsd-src/sys/riscv/riscv/cbo.c
[07:32:44] [spechunter] [Read] /home/yzs/riscv/freebsd-src/sys/riscv/vmm/riscv.h
[07:32:44] [spechunter] [Grep] pattern='cbo|CBO|clean\\.flush|clean\\.inval|clean\\.zero'
[07:32:44] [spechunter] [Grep] pattern='cache|CACHE'
[07:32:44] [spechunter] [Grep] pattern='cbo|CBO'
[07:32:53] [spechunter] [Read] /home/yzs/.claude/projects/-home-yzs-riscv-XiangShan/d1143dc0-8cfd-486f-9216-6eaa58975a68/tool-results/call_56b69a036dd440c6a60557a7.txt
[07:32:53] [spechunter] [Grep] pattern='CMO|cmo_unit|cmo_req|cmo_resp'
[07:32:53] [spechunter] [Grep] pattern='CACHE_BLOCK|cacheBlock|CacheBlock|cache_block'
[07:32:53] [spechunter] [Grep] pattern='CBOAck|CBO_ACK|cbo_ack'
[07:32:53] [spechunter] [Glob] src/main/scala/xiangshan/**/LSQ*
[07:32:53] [spechunter] [Glob] src/main/scala/xiangshan/**/PMP*
[07:32:56] [spechunter] [Read] /home/yzs/riscv/freebsd-src/sys/riscv/riscv/machdep.c
[07:32:56] [spechunter] [Read] /home/yzs/riscv/freebsd-src/sys/riscv/riscv/locore.S
[07:32:56] [spechunter] [Grep] pattern='senvcfg|henvcfg|CSR_SENVCFG|CSR_HENVCFG|ENVCFG'
[07:32:56] [spechunter] [Grep] pattern='csr_write|csr_read|CSR_'
[07:32:56] [spechunter] [Read] /home/yzs/riscv/freebsd-src/sys/riscv/vmm/vmm_riscv.c
[07:32:56] [spechunter] [Grep] pattern='stval|tf_stval|inst_val|INSN_IS_CBO|DECODE_CBO|CBO_OP'
[07:32:56] [spechunter] [Grep] pattern='0x0fc|0xfc0|0xfc00|000f.c0|MOP_R_CACHE|MOP_R'
[07:32:56] [spechunter] [Grep] pattern='ENVCFG|envcfg|senvcfg|menvcfg|CBZE|CBCFE|CBIE'
[07:32:58] [spechunter] [Read] /home/yzs/riscv/freebsd-src/sys/riscv/vmm/vmm_switch.S
[07:32:58] [spechunter] [Grep] pattern='envcfg|HENVCFG|SENVCFG|MENVCFG'
[07:32:58] [spechunter] [Grep] pattern='cbo\\.|cbo_|zicbom|Zicbom|Zicboz'
[07:32:58] [spechunter] [Grep] pattern='menvcfg|senvcfg|uenvcfg'
[07:33:04] [spechunter] [Read] /home/yzs/riscv/freebsd-src/sys/riscv/vmm/vmm_instruction_emul.c
[07:33:04] [spechunter] [Grep] pattern='cbo\\.(clean|flush|inval|zero)'
[07:33:04] [spechunter] [Grep] pattern='cbo|CBO'
[07:33:04] [spechunter] [Grep] pattern='cbo|CBO'
[07:33:04] [spechunter] [Grep] pattern='CBO|Zicbom|Zicboz'
[07:33:06] [spechunter] [text] Let me check what the PR is actually modifying. The description says "Add cache-block instructions to the list of instru...
[07:33:06] [spechunter] [Grep] pattern='affected by permission|cache.block.*affected|instructions.*affected.*perm|permission check.*text'
[07:33:06] [spechunter] [Grep] pattern='store page fault|load page fault|store.*fault.*perm|load.*fault.*perm|affected.*check'
[07:33:12] [spechunter] [Read] /home/yzs/riscv/freebsd-src/sys/riscv/vmm/vmm.c
[07:33:12] [spechunter] [Read] /home/yzs/riscv/freebsd-src/sys/riscv/vmm/vmm_riscv.c
[07:33:12] [spechunter] [Grep] pattern='cbo|CBO|zicbom|zicboz|zicbop|Zicbom|Zicboz|Zicbop'
[07:33:12] [spechunter] [Grep] pattern='MASK_CBO|MATCH_CBO|0xfc00f07f|00000[012].*c[01]'
[07:33:20] [spechunter] [Grep] pattern='SENVCFG|senvcfg|ENVCFG'
[07:33:20] [spechunter] [Grep] pattern='CBCFE|CBZE|CBIE'
[07:33:20] [spechunter] [Grep] pattern='identify_cpu'
[07:33:20] [spechunter] [Grep] pattern='riscv_cache|cache_install|riscv_cache_ops'
[07:33:20] [spechunter] [Read] /home/yzs/riscv/freebsd-src/sys/riscv/riscv/cache.c
[07:33:20] [spechunter] [Read] /home/yzs/riscv/freebsd-src/sys/riscv/riscv/mp_machdep.c
[07:33:21] [spechunter] [Grep] pattern='vmmops_vcpu_save_csrs'
[07:33:21] [spechunter] [Grep] pattern='vmmops_vcpu_restore_csrs'
[07:33:21] [spechunter] [Grep] pattern='envcfg|0x10A|0x30A|0x60A'
[07:33:21] [spechunter] [Read] /home/yzs/riscv/freebsd-src/sys/riscv/vmm/vmm_riscv.c
[07:33:22] [spechunter] [Grep] pattern='cbo|CBO|Cmo|CMO|cacheOp|cache_op'
[07:33:22] [spechunter] [Grep] pattern='cbo|CBO|Cmo|CMO|cacheOp|cache_op'
[07:33:22] [spechunter] [Grep] pattern='cbo|CBO|Cmo|CMO|isCbo|isCmo'
[07:33:22] [spechunter] [Grep] pattern='cbo|CBO|Cmo|CMO|isCbo|isCmo'
[07:33:22] [spechunter] [Grep] pattern='cbo|CBO|Cmo|CMO|isCbo|CboType|cmo'
[07:33:22] [spechunter] [Grep] pattern='cbo|CBO|Cmo|CMO|isCbo|CboType'
[07:33:26] [spechunter] [Grep] pattern='ept_violation.*perm|guest.*page.*fault|vsstage.*fault|gstage.*fault|handle_exception'
[07:33:26] [spechunter] [Read] /home/yzs/riscv/linux/arch/riscv/mm/fault.c
[07:33:34] [spechunter] [Grep] pattern='insn.*emul|inst.*emul|decode|cbo|MOP_R'
[07:33:34] [spechunter] [Read] /home/yzs/riscv/freebsd-src/sys/riscv/include/cbo.h
[07:33:34] [spechunter] [Grep] pattern='cbo|zicbo[mopz]'
[07:33:34] [spechunter] [Grep] pattern='pmap_fault'
[07:33:35] [spechunter] [Grep] pattern='Zicbom|Zicboz|zicbom|zicboz'
[07:33:35] [spechunter] [Grep] pattern='henvcfg|HENVCFG|senvcfg|SENVCFG'
[07:33:35] [spechunter] [Grep] pattern='cbo|CBO|zicbom|Zicbom'
[07:33:35] [spechunter] [Grep] pattern='cbo|CBO|zicbom|Zicbom|Zicboz|zicboz'
[07:33:35] [spechunter] [Grep] pattern='trap.*emulate|emulate.*trap|cache_block|Zicbom|Zicboz|henvcfg'
[07:33:41] [spechunter] [Grep] pattern='henvcfg|senvcfg|menvcfg|0x60A|0x10A|0x30A|envcfg'
[07:33:41] [spechunter] [Read] /home/yzs/riscv/freebsd-src/sys/riscv/vmm/riscv.h
[07:33:41] [spechunter] [Read] /home/yzs/riscv/freebsd-src/sys/riscv/vmm/vmm_switch.S
[07:33:41] [spechunter] [Read] /home/yzs/riscv/freebsd-src/sys/riscv/vmm/vmm_riscv.c
[07:33:45] [spechunter] [Read] /home/yzs/riscv/XiangShan/src/main/scala/xiangshan/mem/lsqueue/LSQBundle.scala
[07:33:45] [spechunter] [Read] /home/yzs/riscv/XiangShan/src/main/scala/xiangshan/mem/MemBlock.scala
[07:33:45] [spechunter] [Grep] pattern='cbo|CBO|Cmo|CMO|isCbo|CboType|cmo_unit|cmo_req|cmo_resp'
[07:33:45] [spechunter] [Grep] pattern='isCbo|isCmo|CboType|cbo|CBO'
[07:33:45] [spechunter] [Glob] src/main/scala/xiangshan/mem/**/StoreUnit*
[07:33:45] [spechunter] [Glob] src/main/scala/xiangshan/mem/**/LoadUnit*
[07:33:45] [spechunter] [Glob] src/main/scala/xiangshan/**/PMPChecker*
[07:33:50] [spechunter] [Read] /home/yzs/riscv/freebsd-src/zicbom_henvcfg_audit.json
[07:33:50] [spechunter] [Read] /home/yzs/riscv/freebsd-src/svpbmt_alias_audit.json
[07:33:50] [spechunter] [Read] /home/yzs/riscv/freebsd-src/sys/riscv/vmm/vmm_riscv.c
[07:33:50] [spechunter] [Read] /home/yzs/riscv/freebsd-src/sys/riscv/riscv/pmap.c
[07:33:50] [spechunter] [Read] /home/yzs/riscv/freebsd-src/sys/riscv/vmm/vmm_instruction_emul.c
[07:33:50] [spechunter] [Grep] pattern='cbo|prefetch|CBO'
[07:33:50] [spechunter] [Grep] pattern='cbo|zicbo[mop]|ZICBO'
[07:34:02] [spechunter] [Grep] pattern='has_sstc'
[07:34:02] [spechunter] [Grep] pattern='CBOM|CBZOM|CBO'
[07:34:02] [spechunter] [Read] /home/yzs/riscv/freebsd-src/sys/riscv/riscv/cbo.c
[07:34:02] [spechunter] [Grep] pattern='hedeleg|hstatus|vsie|vstvec|vsstatus'
[07:34:05] [spechunter] [Grep] pattern='SCAUSE_LOAD_PAGE_FAULT|SCAUSE_STORE_PAGE_FAULT|SCAUSE_STORE_ACCESS_FAULT|SCAUSE_LOAD_ACCESS'
[07:34:05] [spechunter] [Grep] pattern='FTYPE|VM_PROT_READ|VM_PROT_WRITE|VM_PROT_EXECUTE'
[07:34:07] [spechunter] [text] Now I have a clear picture. The PR is about **permission check text/documentation** — explicitly listing CBO instruction...
[07:34:07] [spechunter] [Grep] pattern='instruction.*affected|affected.*instruction|permission check.*instruction|instruction.*permission check'
[07:34:07] [spechunter] [Grep] pattern='CBO|CMO|cache.block|cache.manage'
[07:34:08] [spechunter] [Read] /home/yzs/riscv/XiangShan/src/main/scala/xiangshan/mem/pipeline/LoadUnit.scala
[07:34:08] [spechunter] [Grep] pattern='cbo|CBO|Cmo|CMO|isCbo|CboType|prefetch'
[07:34:08] [spechunter] [Grep] pattern='isCbo|CboType|cbo|CBO|Cmo'
[07:34:08] [spechunter] [Grep] pattern='accessType|isCbo|isCboNoZero|permission|checkPerm|permCheck|write.*perm'
[07:34:08] [spechunter] [Grep] pattern='HasCMO'
[07:34:08] [spechunter] [Grep] pattern='CBZE|CBCFE|CBIE|EnvCfg|menvcfg|senvcfg|henvcfg'
[07:34:21] [spechunter] [Grep] pattern='HENVCFG|henvcfg'
[07:34:21] [spechunter] [Read] /home/yzs/riscv/freebsd-src/sys/riscv/vmm/vmm_switch.S
[07:34:21] [spechunter] [Grep] pattern='has_sstc'
[07:34:21] [spechunter] [Grep] pattern='zicbom|Zicbom|ZICBOM|zicboz|Zicboz|ZICBOZ'
[07:34:39] [spechunter] [Grep] pattern='csr_|Csr_|sstatus|sstatus|sie|sip|sscratch'
[07:34:39] [spechunter] [Grep] pattern='SENVCFG|senvcfg|ENVCFG'
[07:34:39] [spechunter] [Grep] pattern='CBZE|CBCFE|CBIE|FIOM'
[07:34:39] [spechunter] [Grep] pattern='csr_|CSR_|senvcfg|henvcfg|envcfg'
[07:34:41] [spechunter] [Grep] pattern='cache.block|cache_block|cbom|cboz'
[07:34:41] [spechunter] [Grep] pattern='cbo\\.(clean|flush|inval|zero)'
[07:34:42] [spechunter] [Read] /home/yzs/riscv/linux/arch/riscv/kvm/vcpu_exit.c
[07:35:04] [spechunter] [Read] /home/yzs/riscv/freebsd-src/sys/riscv/vmm/vmm_riscv.c
[07:35:04] [spechunter] [Grep] pattern='senvcfg|SENVCFG'
[07:35:04] [spechunter] [Grep] pattern='stvec|stvec|sie|sstatus|sscratch'
[07:35:04] [spechunter] [Grep] pattern='senvcfg'
[07:35:16] [spechunter] [Grep] pattern='senvcfg'
[07:35:16] [spechunter] [Read] /home/yzs/riscv/freebsd-src/sys/riscv/vmm/riscv.h
[07:35:16] [spechunter] [Grep] pattern='vcpu_run|vm_run|vmm_handle'
[07:35:16] [spechunter] [Read] /home/yzs/riscv/freebsd-src/sys/riscv/vmm/vmm_riscv.c
[07:35:16] [spechunter] [Grep] pattern='scounteren|senvcfg'
[07:35:28] [spechunter] [Grep] pattern='scounteren|guest_scounteren'
[07:35:28] [spechunter] [Grep] pattern='misa|MISA'
[07:35:28] [spechunter] [Grep] pattern='zicboz|zicbop|clean|flush|inval|zero'
[07:35:28] [spechunter] [Grep] pattern='cbo.zicboz|cbo.zero|zicboz_setup|cbo_zicboz'
[07:35:39] [spechunter] [text] Now I have a thorough understanding. Let me produce the cross-validated, deduplicated location set.  ## Analysis  **PR i...
[07:35:41] [spechunter] [Grep] pattern='csr_write.*sstatus|csr_set.*sstatus|csr_clear.*sstatus'
[07:35:41] [spechunter] [Grep] pattern='misa|csr_|CSR_'
[07:35:41] [spechunter] [Grep] pattern='misa|MISA'
[07:35:47] [spechunter] [Grep] pattern='csr_write.*sstatus|csr_set.*sstatus|csr_clear.*sstatus'
[07:35:47] [spechunter] [Grep] pattern='csr_write|csr_set|csr_clear'
[07:36:03] [spechunter] [Grep] pattern='csr_'
[07:36:03] [spechunter] [Grep] pattern='csr_'
[07:36:03] [spechunter] [Grep] pattern='csr_set|csr_write|csr_clear'
[07:36:03] [spechunter] [Grep] pattern='csr_set.*sstatus|csr_write.*sstatus'
[07:36:05] [spechunter] [Agent] description, prompt
[07:36:05] [spechunter] [Agent] description, prompt
[07:36:28] [spechunter] [Bash] List all files and subdirectories recursively in spec_ref
[07:36:28] [spechunter] [Grep] pattern='(?i)(cbo\\.|Zicbom|Zicboz|cache.block|CMO)'
[07:36:28] [spechunter] [Glob] **/*
[07:36:33] [spechunter] [Grep] pattern='isCbo|isCboNoZero|CBO|cbo'
[07:36:33] [spechunter] [Grep] pattern='isCbo|CBO|cbo|isCmo|CMO'
[07:36:33] [spechunter] [Grep] pattern='cbo|CMO|Cmo|cboReq|cmoReq'
[07:36:33] [spechunter] [Grep] pattern='permCheck|checkPerm|daFields|pteCheck|pmpCheck|accessFault|pageFault|isCbo|CBO'
[07:36:33] [spechunter] [Grep] pattern='cbo|cmo|CMO|CBO|prefetch|CacheBlock|CACHE_BLOCK'
[07:36:33] [spechunter] [Grep] pattern='isCbo|CBO|cbo|isCmo|CMO|cboType|prefetchType'
[07:36:33] [spechunter] [Grep] pattern='cbo\\.(clean|flush|inval|zero)'
[07:36:33] [spechunter] [Grep] pattern='CBO_'
[07:36:33] [spechunter] [Grep] pattern='RISCV_ISA_EXT_CBO'
[07:36:33] [spechunter] [Grep] pattern='Zicbom|Zicboz'
[07:36:33] [spechunter] [Grep] pattern='riscv_cbom_block_size'
[07:36:33] [spechunter] [Grep] pattern='[Cc][Bb][OoMmZz].*block'
[07:36:33] [spechunter] [Grep] pattern='CONFIG_RISCV.*[Cc][Bb][Oo]'
[07:36:33] [spechunter] [Grep] pattern='\\.cbo_|cbo_'
[07:36:33] [spechunter] [Grep] pattern='cmo_|\\.cmo'
[07:36:41] [spechunter] [Glob] src/main/scala/xiangshan/cache/mmu/*TLB*
[07:36:41] [spechunter] [Grep] pattern='isCbo|cbo|CBO|Cmo|CMO|accessType'
[07:36:41] [spechunter] [Glob] src/main/scala/xiangshan/mem/**/Store*
[07:36:41] [spechunter] [Grep] pattern='cbo|CBO|Cmo|CMO|isCbo|prefetch'
[07:36:58] [spechunter] [Read] /home/yzs/riscv/linux/arch/riscv/include/asm/cacheflush.h
[07:36:58] [spechunter] [Read] /home/yzs/riscv/linux/arch/riscv/mm/cacheflush.c
[07:36:58] [spechunter] [Read] /home/yzs/riscv/linux/arch/riscv/mm/dma-noncoherent.c
[07:36:58] [spechunter] [Read] /home/yzs/riscv/linux/arch/riscv/mm/pmem.c
[07:36:58] [spechunter] [Read] /home/yzs/riscv/linux/arch/riscv/include/asm/errata_list.h
[07:36:58] [spechunter] [Read] /home/yzs/riscv/linux/arch/riscv/lib/clear_page.S
[07:36:58] [spechunter] [Read] /home/yzs/riscv/linux/arch/riscv/Kconfig
[07:36:58] [spechunter] [Read] /home/yzs/riscv/linux/arch/riscv/kernel/setup.c
[07:36:58] [spechunter] [Read] /home/yzs/riscv/rv-isa-sec/spec_ref/riscv-isa-manual/src/unpriv/cmo.adoc
[07:36:58] [spechunter] [Read] /home/yzs/riscv/rv-isa-sec/spec_ref/riscv-isa-manual/normative_rule_defs/cmo.yaml
[07:36:58] [spechunter] [Read] /home/yzs/riscv/rv-isa-sec/spec_ref/riscv-cheri/src/cmo.adoc
[07:36:58] [spechunter] [Read] /home/yzs/riscv/rv-isa-sec/spec_ref/riscv-cheri/src/cheri/insns/cbo.clean.adoc
[07:36:58] [spechunter] [Read] /home/yzs/riscv/rv-isa-sec/spec_ref/riscv-cheri/src/cheri/insns/cbo.flush.adoc
[07:36:58] [spechunter] [Read] /home/yzs/riscv/rv-isa-sec/spec_ref/riscv-cheri/src/cheri/insns/cbo.inval.adoc
[07:36:58] [spechunter] [Read] /home/yzs/riscv/rv-isa-sec/spec_ref/riscv-cheri/src/cheri/insns/cbo.zero.adoc
[07:36:58] [spechunter] [Read] /home/yzs/riscv/rv-isa-sec/spec_ref/riscv-isa-manual/src/unpriv/zic64b.adoc
[07:36:59] [spechunter] [Grep] pattern='cbo|CBO|Cmo|CMO|isCbo|isCmo|prefetch|accessType'
[07:36:59] [spechunter] [Grep] pattern='cbo|CBO|Cmo|CMO|isCbo|isCmo|prefetch|accessType'
[07:36:59] [spechunter] [Grep] pattern='cbo|CBO|Cmo|CMO|isCbo|isCmo|prefetch|accessType'
[07:36:59] [spechunter] [Grep] pattern='isCbo|CBO|cbo|isCmo|CMO|CboType|accessType|prefetch'
[07:36:59] [spechunter] [Grep] pattern='isCbo|CBO|cbo|isCmo|CMO|CboType|accessType|prefetch'
[07:37:08] [spechunter] [Grep] pattern='CBO_CLEAN|CBO_FLUSH|CBO_INVAL|CBO_ZERO'
[07:37:08] [spechunter] [Grep] pattern='ZICBOM|ZICBOZ|ZICBOP'
[07:37:08] [spechunter] [Read] /home/yzs/riscv/linux/arch/riscv/kernel/cpufeature.c
[07:37:08] [spechunter] [Read] /home/yzs/riscv/linux/arch/riscv/kernel/cpufeature.c
[07:37:08] [spechunter] [Read] /home/yzs/riscv/linux/arch/riscv/include/asm/insn-def.h
[07:37:08] [spechunter] [Read] /home/yzs/riscv/linux/arch/riscv/errata/thead/errata.c
[07:37:16] [spechunter] [Glob] **/cheri/insns/cbo_exceptions.adoc
[07:37:16] [spechunter] [Glob] **/cheri/insns/store_exceptions.adoc
[07:37:16] [spechunter] [Grep] pattern='(?i)(cbo\\.|cache.block|Zicbom|Zicboz|cmo)'
[07:37:16] [spechunter] [Grep] pattern='(?i)(cbo\\.|cache.block|Zicbom|Zicboz|CMO|CBO)'
[07:37:26] [spechunter] [Grep] pattern='class AccessType|object AccessType|class AccessTypeField|isCbo|isCboNoZero|isPrefetch'
[07:37:26] [spechunter] [Grep] pattern='class TlbReq|cmd.*write|cmd.*read|TlbCmd|writePerm|readPerm|execPerm|isCbo'
[07:37:26] [spechunter] [Grep] pattern='isSt|isLd|cmd|isCbo|CBO|prefetch.*perm|write.*permission|read.*permission'
[07:37:26] [spechunter] [Grep] pattern='PMP|pmp|Pmp'
[07:37:26] [spechunter] [Glob] src/main/scala/xiangshan/**/PMPChecker*
[07:37:28] [spechunter] [Read] /home/yzs/riscv/linux/arch/riscv/kvm/vcpu_onereg.c
[07:37:28] [spechunter] [Read] /home/yzs/riscv/linux/arch/riscv/kernel/sys_hwprobe.c
[07:37:28] [spechunter] [Read] /home/yzs/riscv/linux/drivers/cache/ax45mp_cache.c
[07:37:28] [spechunter] [Read] /home/yzs/riscv/linux/drivers/cache/sifive_ccache.c
[07:37:28] [spechunter] [Read] /home/yzs/riscv/linux/drivers/cache/starfive_starlink_cache.c
[07:37:28] [spechunter] [Read] /home/yzs/riscv/linux/drivers/acpi/riscv/rhct.c
[07:37:28] [spechunter] [Read] /home/yzs/riscv/linux/arch/riscv/include/asm/page.h
[07:37:28] [spechunter] [Read] /home/yzs/riscv/linux/arch/riscv/include/asm/processor.h
[07:37:45] [spechunter] [Grep] pattern='ENVCFG_CBZE|ENVCFG_CBCFE|ENVCFG_CBIE'
[07:37:45] [spechunter] [Grep] pattern='envcfg|ENVCFG'
[07:37:45] [spechunter] [Grep] pattern='riscv_nonstd_cache_ops|riscv_noncoherent'
[07:37:45] [spechunter] [Grep] pattern='any_cpu_has_zicbom|any_cpu_has_zicboz|any_cpu_has_zicbop'
[07:37:45] [spechunter] [Grep] pattern='THEAD_INVAL|THEAD_CLEAN|THEAD_FLUSH'
[07:37:45] [spechunter] [Read] /home/yzs/riscv/linux/arch/riscv/Kconfig.errata
[07:38:08] [spechunter] [Grep] pattern='class PMPChecker|def apply|def check|check_env'
[07:38:08] [spechunter] [Grep] pattern='class AccessTypeField|isCbo|isCboNoZero|object AccessType'
[07:38:08] [spechunter] [Grep] pattern='class AccessType|object AccessType|isCbo|isCboNoZero'
[07:38:08] [spechunter] [Grep] pattern='isCbo|CBO|prefetch.*tlb|tlb.*prefetch|prefetch.*perm|perm.*prefetch|writePerm|readPerm|execPerm'
[07:38:08] [spechunter] [Read] /home/yzs/riscv/XiangShan/src/main/scala/xiangshan/cache/mmu/TLB.scala
[07:38:26] [spechunter] [Read] /home/yzs/riscv/linux/arch/riscv/kvm/vcpu.c
[07:38:26] [spechunter] [Read] /home/yzs/riscv/linux/arch/riscv/include/asm/dma-noncoherent.h
[07:38:26] [spechunter] [Grep] pattern='ERRATA_THEAD_CMO'
[07:38:26] [spechunter] [Grep] pattern='do_page_fault|do_trap_insn_fault|handle_exception|handle_kernel'
[07:38:26] [spechunter] [Grep] pattern='cbo|cmobase|cboz'
[07:38:26] [spechunter] [Grep] pattern='CONFIG_RISCV_ISA_ZICBO|CONFIG_RISCV_DMA_NONCOHERENT'
[07:38:32] [spechunter] [Grep] pattern='cbo|CBO|Cmo|CMO|isCbo|cacheBlock|cache_block'
[07:38:32] [spechunter] [Grep] pattern='isCboZero|cboZero|cbo_zero|cbo.*zero|zero.*cbo|prefetch.*zero|zero.*prefetch'
[07:38:32] [spechunter] [Read] /home/yzs/riscv/XiangShan/src/main/scala/xiangshan/cache/dcache/mainpipe/MissQueue.scala
[07:38:32] [spechunter] [Grep] pattern='pmp_check|pmp.*cmd|pmp.*write|pmp.*read'
[07:38:32] [spechunter] [Read] /home/yzs/riscv/XiangShan/src/main/scala/xiangshan/mem/pipeline/NewStoreUnit.scala
[07:38:41] [spechunter] [Read] /home/yzs/riscv/linux/arch/riscv/Kconfig.errata
[07:38:41] [spechunter] [Grep] pattern='do_trap_insn_illegal|illegal_insn'
[07:38:41] [spechunter] [Grep] pattern='cbo|cmobase|cache.block|cache.operation|misc_mem'
[07:38:55] [spechunter] [Grep] pattern='isCbo|CBO|cbo|prefetch|isPrefetch|prefetch.*except|except.*prefetch|prefetch.*pf|prefetch.*fault|pageFault.*prefetch|accessFault.*prefetch'
[07:38:55] [spechunter] [Grep] pattern='prefetch|isPrefetch|cbo|CBO|Cmo|cmo'
[07:38:55] [spechunter] [Grep] pattern='isPrefetch|prefetch.*fault|prefetch.*except|prefetch.*perm|perm.*prefetch|prefetch.*page|page.*prefetch'
[07:38:55] [spechunter] [Read] /home/yzs/riscv/XiangShan/src/main/scala/xiangshan/mem/pipeline/NewStoreUnit.scala
[07:38:55] [spechunter] [Read] /home/yzs/riscv/XiangShan/src/main/scala/xiangshan/mem/pipeline/NewStoreUnit.scala
[07:38:56] [spechunter] [Grep] pattern='envcfg|ENVCFG|senvcfg'
[07:38:56] [spechunter] [Grep] pattern='envcfg|senvcfg'
[07:38:56] [spechunter] [Grep] pattern='envcfg'
[07:38:56] [spechunter] [Grep] pattern='envcfg'
[07:39:02] [spechunter] [text] Now let me read the key source files and spec references to get exact line numbers
[07:39:02] [spechunter] [Read] /home/yzs/riscv/freebsd-src/sys/riscv/vmm/vmm_riscv.c
[07:39:02] [spechunter] [Read] /home/yzs/riscv/freebsd-src/sys/riscv/vmm/vmm_riscv.c
[07:39:02] [spechunter] [Read] /home/yzs/riscv/freebsd-src/sys/riscv/vmm/vmm_riscv.c
[07:39:02] [spechunter] [Read] /home/yzs/riscv/freebsd-src/sys/riscv/vmm/vmm_riscv.c
[07:39:02] [spechunter] [Read] /home/yzs/riscv/freebsd-src/sys/riscv/include/riscvreg.h
[07:39:02] [spechunter] [Read] /home/yzs/riscv/freebsd-src/sys/riscv/vmm/riscv.h
[07:39:05] [spechunter] [text] Now let me find the spec references for the CBO behavior with henvcfg.  
[07:39:05] [spechunter] [Glob] **/*.adoc
[07:39:11] [spechunter] [Read] /home/yzs/riscv/rv-isa-sec/spec_ref/riscv-cheri/src/cheri/insns/cbo_exceptions.adoc
[07:39:11] [spechunter] [Read] /home/yzs/riscv/rv-isa-sec/spec_ref/riscv-cheri/src/cheri/insns/store_exceptions.adoc
[07:39:11] [spechunter] [Read] /home/yzs/riscv/rv-isa-sec/spec_ref/riscv-isa-manual/src/priv/supervisor.adoc
[07:39:11] [spechunter] [Read] /home/yzs/riscv/rv-isa-sec/spec_ref/riscv-isa-manual/src/priv/supervisor.adoc
[07:39:11] [spechunter] [Grep] pattern='(?i)(cbo|Zicbom|Zicboz|cache.block|cmo)'
[07:39:11] [spechunter] [Grep] pattern='(?i)(cbo|Zicbom|Zicboz|cache.block|cmo)'
[07:39:13] [spechunter] [Grep] pattern='envcfg'
[07:39:13] [spechunter] [Grep] pattern='envcfg'
[07:39:19] [spechunter] [Grep] pattern='isPrefetch|isCbo|cbo'
[07:39:19] [spechunter] [Grep] pattern='maskPmaResp|prefetch.*except|except.*prefetch|prefetch.*af|af.*prefetch|prefetch.*pf|pf.*prefetch|prefetch.*permFail'
[07:39:19] [spechunter] [Grep] pattern='prefetch|isPrefetch|cbo|CBO|Cmo'
[07:39:19] [spechunter] [Grep] pattern='henvcfg.*CBIE|henvcfg.*CBCFE|henvcfg.*CBZE|cbo\\.zero.*store|cbo\\.clean.*load|cbo\\.flush.*page.fault'
[07:39:19] [spechunter] [Grep] pattern='cbo\\.zero|cbo\\.clean|cbo\\.flush|cbo\\.inval|CBIE|CBCFE|CBZE|henvcfg'
[07:39:25] [spechunter] [Read] /home/yzs/riscv/rv-isa-sec/spec_ref/riscv-isa-manual/src/priv/hypervisor.adoc
[07:39:25] [spechunter] [Read] /home/yzs/riscv/rv-isa-sec/spec_ref/riscv-isa-manual/src/unpriv/cmo.adoc
[07:39:29] [spechunter] [Grep] pattern='envcfg|ENVCFG|_switch_to|context_switch'
[07:39:29] [spechunter] [Grep] pattern='switch_to|envcfg'
[07:39:41] [spechunter] [Read] /home/yzs/riscv/rv-isa-sec/spec_ref/riscv-cheri/src/cheri/riscv-priv-integration.adoc
[07:39:41] [spechunter] [Read] /home/yzs/riscv/rv-isa-sec/spec_ref/riscv-cheri/src/cheri/riscv-priv-integration.adoc
[07:39:41] [spechunter] [Grep] pattern='(?i)(cbo|Zicbom|Zicboz|cache.block|cmo)'
[07:39:41] [spechunter] [Grep] pattern='(?i)(cbo|Zicbom|Zicboz|cache.block|cmo)'
[07:39:48] [spechunter] [Grep] pattern='cbo\\.zero.*store|store.*cbo\\.zero|page.fault.*cbo|cbo.*page.fault|access.fault.*cbo|cbo.*access.fault'
[07:39:48] [spechunter] [Grep] pattern='store|load|page.fault|access.type|permission'
[07:39:54] [spechunter] [Read] /home/yzs/riscv/rv-isa-sec/spec_ref/riscv-isa-manual/src/unpriv/cmo.adoc
[07:39:54] [spechunter] [Read] /home/yzs/riscv/rv-isa-sec/spec_ref/riscv-isa-manual/src/unpriv/cmo.adoc
[07:39:54] [spechunter] [Read] /home/yzs/riscv/rv-isa-sec/spec_ref/riscv-isa-manual/src/unpriv/cmo.adoc
[07:39:55] [spechunter] [Read] /home/yzs/riscv/XiangShan/src/main/scala/xiangshan/mem/pipeline/NewStoreUnit.scala
[07:39:55] [spechunter] [Grep] pattern='cbo|CBO|Cmo|cmo|isCbo|CboType|prefetch'
[07:39:55] [spechunter] [Grep] pattern='cbo_clean|cbo_flush|cbo_inval|cbo_zero|cboType'
[07:39:55] [spechunter] [Grep] pattern='cmo_req.*opcode|opcode.*cmo|cbo.*opcode|toDCache.*opcode'
[07:39:55] [spechunter] [Grep] pattern='CacheBlockOperation|cacheBlock|cache_block'
[07:40:05] [spechunter] [Grep] pattern='pte_present|pte_valid|pte_user|pte_write|pte_dirty|pte_accessible'
[07:40:05] [spechunter] [Grep] pattern='pte_present|pte_valid|pte_user|pte_write|pte_dirty|pte_accessible'
[07:40:05] [spechunter] [Grep] pattern='arch_wb_cache_pmem|arch_invalidate_pmem'
[07:40:13] [spechunter] [Read] /home/yzs/riscv/linux/tools/testing/selftests/riscv/hwprobe/cbo.c
[07:40:13] [spechunter] [Grep] pattern='riscv_cboz_block_size'
[07:40:41] [spechunter] [Read] /home/yzs/riscv/freebsd-src/sys/riscv/vmm/vmm_riscv.c
[07:40:41] [spechunter] [Grep] pattern='MATCH_WFI|MASK_WFI|MATCH_CSRR|MASK_CSRR|riscv_gen_inst_emul'
[07:40:46] [spechunter] [Read] /home/yzs/riscv/freebsd-src/sys/riscv/vmm/vmm_riscv.c
[07:40:46] [spechunter] [Read] /home/yzs/riscv/freebsd-src/sys/riscv/vmm/vmm_instruction_emul.c
[07:41:01] [spechunter] [Grep] pattern='henvcfg|senvcfg'
[07:41:01] [spechunter] [Grep] pattern='henvcfg|senvcfg'
[07:41:01] [spechunter] [Read] /home/yzs/riscv/freebsd-src/sys/riscv/vmm/vmm_switch.S
[07:41:10] [spechunter] [Grep] pattern='CBO|cbo|Cbo|CMO|cmo'
[07:41:10] [spechunter] [Grep] pattern='CLEAN|FLUSH|INVAL|ZERO'
[07:41:10] [spechunter] [Grep] pattern='CacheBlock|cache_block|cacheblock'
[07:41:11] [spechunter] [text] Let me also look at the existing audit file and check the host-side henvcfg handling:  
[07:41:11] [spechunter] [Read] /home/yzs/riscv/freebsd-src/zicbom_henvcfg_audit.json
[07:41:11] [spechunter] [Read] /home/yzs/riscv/freebsd-src/sys/riscv/vmm/vmm_riscv.c
[07:41:21] [spechunter] [Read] /home/yzs/riscv/XiangShan/src/main/scala/xiangshan/package.scala
[07:41:21] [spechunter] [Read] /home/yzs/riscv/XiangShan/src/main/scala/xiangshan/cache/CacheInstruction.scala
[07:41:21] [spechunter] [Read] /home/yzs/riscv/XiangShan/src/main/scala/xiangshan/cache/CacheConstants.scala
[07:41:21] [spechunter] [Read] /home/yzs/riscv/XiangShan/src/main/scala/xiangshan/backend/fu/PMP.scala
[07:41:37] [spechunter] [text] Now let me check the TlbCmd definitions and how CBO operations are translated.  
[07:41:37] [spechunter] [Grep] pattern='TlbCmd'
[07:41:37] [spechunter] [Grep] pattern='object TlbCmd|isRead|isWrite|isExec|isAmo'
[07:41:42] [spechunter] [Read] /home/yzs/riscv/XiangShan/src/main/scala/xiangshan/cache/mmu/MMUBundle.scala
[07:41:42] [spechunter] [Read] /home/yzs/riscv/XiangShan/src/main/scala/xiangshan/backend/decode/DecodeUnit.scala
[07:41:48] [spechunter] [text] Now I have all the information needed. Let me compile the comprehensive audit
[07:41:48] [spechunter] [Grep] pattern='MATCH_WFI|MASK_WFI|MATCH_CBO|CBO'
[07:41:48] [spechunter] [Grep] pattern='SENVCFG|senvcfg|CBIE|CBCFE|CBZE|cbo\\.(zero|clean|flush|inval)'
[07:41:54] [spechunter] [text] Let me check the supervisor spec for `senvcfg` CBO handling.  
[07:41:54] [spechunter] [Grep] pattern='senvcfg|CBIE|CBCFE|CBZE|cbo'
[07:41:54] [spechunter] [Read] /home/yzs/riscv/rv-isa-sec/spec_ref/riscv-isa-manual/src/priv/hypervisor.adoc
[07:41:56] [spechunter] [text] Now let me look at how CBO operations are translated to TLB/PMP commands in the memory pipeline
[07:41:56] [spechunter] [Grep] pattern='cbo|CBO|Cbo|prefetch_r|prefetch_w|prefetch_i|cbo_zero|cbo_clean|cbo_flush|cbo_inval'
[07:41:56] [spechunter] [Grep] pattern='isCbo|isCboZero|isCboClean|isCboFlush|isCboInval|isPrefetch'
[07:42:09] [spechunter] [text] Now let me check how the U-mode page fault handler would handle `cbo.zero` faults if `senvcfg.CBZE` were ever enabled
[07:42:09] [spechunter] [Grep] pattern='senvcfg|SENVCFG|envcfg'
[07:42:09] [spechunter] [Grep] pattern='senvcfg|SENVCFG|envcfg'
[07:42:14] [spechunter] [Grep] pattern='cbo|CBO|Cbo|prefetch|isCbo|isPrefetch'
[07:42:14] [spechunter] [Grep] pattern='cbo|CBO|Cbo|prefetch|isCbo|isPrefetch|tlbcmd|TlbCmd|pmp'
[07:42:17] [spechunter] [text] Now let me read the specific code files to verify the findings and produce detailed analysis.  
[07:42:17] [spechunter] [Read] /home/yzs/riscv/linux/arch/riscv/mm/dma-noncoherent.c
[07:42:17] [spechunter] [Read] /home/yzs/riscv/linux/arch/riscv/mm/pmem.c
[07:42:17] [spechunter] [Read] /home/yzs/riscv/linux/arch/riscv/lib/clear_page.S
[07:42:17] [spechunter] [Read] /home/yzs/riscv/linux/arch/riscv/include/asm/errata_list.h
[07:42:20] [spechunter] [text] Let me read the senvcfg spec section more completely.  
[07:42:20] [spechunter] [Read] /home/yzs/riscv/rv-isa-sec/spec_ref/riscv-isa-manual/src/priv/supervisor.adoc
[07:42:32] [spechunter] [text] Let me also check the userspace CBO enablement and the context-switch path.  
[07:42:32] [spechunter] [Read] /home/yzs/riscv/linux/arch/riscv/kernel/cpufeature.c
[07:42:32] [spechunter] [Read] /home/yzs/riscv/linux/arch/riscv/include/asm/switch_to.h
[07:42:32] [spechunter] [Read] /home/yzs/riscv/linux/arch/riscv/errata/thead/errata.c
[07:42:38] [spechunter] [text] Let me verify the spec citations
[07:42:38] [spechunter] [Read] /home/yzs/riscv/rv-isa-sec/spec_ref/riscv-isa-manual/src/priv/supervisor.adoc
[07:42:38] [spechunter] [Read] /home/yzs/riscv/rv-isa-sec/spec_ref/riscv-isa-manual/src/priv/machine.adoc
[07:42:38] [spechunter] [Read] /home/yzs/riscv/rv-isa-sec/spec_ref/riscv-isa-manual/src/unpriv/cmo.adoc
[07:42:55] [spechunter] [text] Now let me look at the LoadUnit CBO handling and how Dcache handles CBO permissions
[07:42:55] [spechunter] [Grep] pattern='isCbo|isPrefetch|isCboAll'
[07:42:55] [spechunter] [Grep] pattern='isCbo|isPrefetch|isCboAll'
[07:43:18] [spechunter] [text] Let me look at the Dcache mainpipe to see how CBO ops are handled at the cache level, and how the memory op constants ma...
[07:43:18] [spechunter] [Read] /home/yzs/riscv/XiangShan/src/main/scala/xiangshan/cache/dcache/mainpipe/MissQueue.scala
[07:43:18] [spechunter] [Grep] pattern='M_CLEAN|M_FLUSH|M_WOK|M_PRODUCE|isCbo|cbo'
[07:43:21] [spechunter] [text] Now let me check the non-standard cache ops registration and the KVM path.  
[07:43:21] [spechunter] [Read] /home/yzs/riscv/linux/arch/riscv/kvm/vcpu.c
[07:43:21] [spechunter] [Read] /home/yzs/riscv/linux/arch/riscv/include/asm/dma-noncoherent.h
[07:43:26] [spechunter] [Grep] pattern='M_CLEAN|M_FLUSH|M_WOK|M_PRODUCE|cbo_zero|cbo_clean|cbo_flush|cbo_inval|M_XWR|M_XRD'
[07:43:26] [spechunter] [Grep] pattern='M_CLEAN|M_FLUSH|M_WOK|M_PRODUCE|cbo|isCbo'
[07:43:36] [spechunter] [Grep] pattern='isCbo|isCMO|CMOReq|CMOResp|cmo|cbo'
[07:43:41] [spechunter] [text] Let me look at StoreUnit S3 where the CBO instruction gets translated to a Dcache request and where the PMP check happen...
[07:43:41] [spechunter] [Read] /home/yzs/riscv/XiangShan/src/main/scala/xiangshan/mem/pipeline/NewStoreUnit.scala
[07:44:13] [spechunter] [text] Now I have all the data needed. Let me compile the final audit JSON.  ```json {   "findings": [     {       "file_path":...
[07:44:13] [spechunter] [text] Now let me check the StoreUnit S3 stage for how CBO is dispatched to DCache and whether there's a TOCTOU risk  
[07:44:13] [spechunter] [Read] /home/yzs/riscv/XiangShan/src/main/scala/xiangshan/mem/pipeline/NewStoreUnit.scala
[07:44:28] [spechunter] [Grep] pattern='dcacheReq.*cmd|M_XWR|M_CLEAN|M_FLUSH|M_PRODUCE|M_WOK|cbo|CMO|cmo|CacheBlock'
[07:44:35] [spechunter] [text] Now let me look at how LSQ connects to Dcache for CMO ops and the Dcache CMO handling
[07:44:35] [spechunter] [Grep] pattern='cmoOpReq|cmoOpResp|CMOReq|CMOResp|cmo|cbo'
[07:44:35] [spechunter] [Grep] pattern='cmoOpReq|cmoOpResp|CMOReq|CMOResp|cmo|cbo'
[07:44:40] [spechunter] [Read] /home/yzs/riscv/XiangShan/src/main/scala/xiangshan/cache/dcache/DCacheWrapper.scala
[07:44:52] [spechunter] [text] Now I have a thorough understanding of all CBO-related code. Let me verify one more thing about how the ENVCFG bits prop...
[07:44:52] [spechunter] [Read] /home/yzs/riscv/linux/arch/riscv/include/asm/switch_to.h
[07:44:52] [spechunter] [Read] /home/yzs/riscv/linux/arch/riscv/kernel/cpufeature.c
[07:44:53] [spechunter] [Grep] pattern='cmoOpReq|cmoOpResp|CMOReq|CMOResp|cmo'
[07:45:54] [spechunter] [text] Let me trace the CMO operations path through the LSQ and Dcache  
[07:45:54] [spechunter] [Grep] pattern='cmoOpReq|cmoOpResp|CMOReq|CMOResp|cmo'
[07:45:54] [spechunter] [Grep] pattern='cmoOpReq|cmoOpResp|CMOReq|CMOResp|cmo'
[07:46:17] [spechunter] [Grep] pattern='cmoOpReq|cmoOpResp|cmo'
[07:46:35] [spechunter] [Grep] pattern='cmoOpReq|cmoOpResp|cmo|CMO|CBO|cbo'
[07:47:00] [spechunter] [text] Now I have a thorough picture of all CBO-related code in the kernel and the relevant spec requirements. Let me produce t...
