[04:52:04] [spechunter] PR loaded: #735 riscv/riscv-fast-interrupt — "Smip: specifying effective privilege level at which interrupt push/po…"
[04:52:04] [spechunter]   diff: 2511 chars  body: 11 chars  reviews: 0
[04:52:04] [spechunter] Global pre-filter running...
[04:52:19] [spechunter] [text] {"should_skip": false}
[04:52:20] [spechunter] pre-filter: should_skip=False reason=""
[04:52:35] [spechunter] [text] {"should_skip": false}
[04:52:38] [spechunter] [text] {"should_skip": true, "skip_reason": "Hardware behavior specification for supervisor-mode fast interrupt push/pop (Smip/...
[04:52:41] [spechunter] [text] {"should_skip": false}
[04:52:41] [spechunter] [text] ```json {"should_skip": false} ```
[04:52:50] [spechunter] [text] {"should_skip": true, "skip_reason": "Smip/CLIC fast-interrupt extension is not implemented in XiangShan's high-performa...
[04:53:18] [spechunter] [Grep] pattern='mnret|snret|mipopret|sipopret|mret|sret'
[04:53:18] [spechunter] [Grep] pattern='cspspush|cspspop|mcspspop|scspspop'
[04:53:33] [spechunter] [Grep] pattern='mnret|snret'
[04:53:33] [spechunter] [Grep] pattern='mret|sret'
[04:53:40] [spechunter] [Read] /home/yzs/riscv/qemu/target/riscv/op_helper.c
[04:53:40] [spechunter] [Read] /home/yzs/riscv/qemu/target/riscv/op_helper.c
[04:53:46] [spechunter] [text] {  
[04:53:46] [spechunter] [Read] /home/yzs/riscv/linux/MEMORY.md
[04:54:12] [spechunter] [Read] /home/yzs/riscv/qemu/target/riscv/op_helper.c
[04:54:12] [spechunter] [Grep] pattern='SNRET|snret|helper_snret'
[04:54:41] [spechunter] [text] {  
[04:54:41] [spechunter] [Agent] description, subagent_type
[04:55:01] [spechunter] [Bash] List RISC-V sys directory
[04:55:01] [spechunter] [Bash] List RISC-V machine-dependent C code
[04:55:01] [spechunter] [Bash] List RISC-V include files
[04:55:01] [spechunter] [Grep] pattern='SUM|SSTATUS_SUM|sstatus.*SUM'
[04:55:01] [spechunter] [Grep] pattern='MPRV|mstatus.*MPRV|MPRV'
[04:55:01] [spechunter] [Grep] pattern='SMIP|Ssip|CLIC|sip|stimecmp|ssipe|stopei'
[04:55:04] [spechunter] [text] ```json {   "violation_condition": "QEMU TCG emulates CLIC interrupt push (mncause/sncause register save stores) or inte...
[04:55:09] [spechunter] [text] ```json {   "violation_condition": "The kernel enables CLIC hardware interrupt push/pop (smip/ssip) but the interrupted ...
[04:55:22] [spechunter] [Agent] description, prompt
[04:55:26] [spechunter] [TodoWrite] 6 items
[04:55:27] [spechunter] [Read] /home/yzs/riscv/freebsd-src/sys/riscv/riscv/exception.S
[04:55:27] [spechunter] [Read] /home/yzs/riscv/freebsd-src/sys/riscv/riscv/trap.c
[04:55:27] [spechunter] [Read] /home/yzs/riscv/freebsd-src/sys/riscv/riscv/copyinout.S
[04:55:27] [spechunter] [Read] /home/yzs/riscv/freebsd-src/sys/riscv/include/asm.h
[04:55:27] [spechunter] [Read] /home/yzs/riscv/freebsd-src/sys/riscv/include/riscvreg.h
[04:55:29] [spechunter] [Grep] pattern='mncause|sncause'
[04:55:29] [spechunter] [Grep] pattern='mipopret|sipopret'
[04:55:29] [spechunter] [Grep] pattern='mnepc|snepc'
[04:55:29] [spechunter] [Grep] pattern='mnstatus'
[04:55:29] [spechunter] [Grep] pattern='mstatus\\.MPRV|MPRV|MSTATUS_MPRV'
[04:55:29] [spechunter] [Grep] pattern='mstatus\\.MPP|MSTATUS_MPP|get_xl.*mstatus'
[04:55:41] [spechunter] [Grep] pattern='smclic|snclic|clic_irq|handle_clic|mnxti|snxti'
[04:55:41] [spechunter] [Grep] pattern='CLIC_CTRL|clic_ctrl|clint|CLINT'
[04:55:41] [spechunter] [Grep] pattern='csr_write.*[ms]scratch|csr_write.*[ms]iselect|CSR_XSCRATCH|CSR_SSCRATCH|CSR_MSCRATCH'
[04:55:41] [spechunter] [Grep] pattern='mstatus_MPRV|sstatus_SUM|MPRV|MPP|SPP'
[04:55:41] [spechunter] [Grep] pattern='smip|ssip|ipush|ipop|mipopret|sipopret'
[04:55:45] [spechunter] [Grep] pattern='SSTATUS_SPP|sstatus\\.SPP'
[04:55:45] [spechunter] [Grep] pattern='SSTATUS_SUM|mstatus\\.SUM|MSTATUS_SUM'
[04:55:45] [spechunter] [Grep] pattern='clic|CLIC'
[04:55:45] [spechunter] [Grep] pattern='smip|SMIP|Smip|Smpi|smpi'
[04:55:45] [spechunter] [Read] /home/yzs/riscv/freebsd-src/sys/riscv/riscv/support.S
[04:55:45] [spechunter] [Read] /home/yzs/riscv/freebsd-src/sys/riscv/riscv/swtch.S
[04:55:45] [spechunter] [Grep] pattern='satp|vmspace_pmap|pmap_activate|sfence_vma'
[04:55:45] [spechunter] [Grep] pattern='MPRV|MPV|MPP'
[04:55:45] [spechunter] [Grep] pattern='PMAP_ACTIVATE|pmap_activate'
[04:55:46] [spechunter] [Glob] **/target/riscv/**/*clic*
[04:55:46] [spechunter] [Grep] pattern='mncause|sncause|mipopret|sipopret'
[04:55:46] [spechunter] [Grep] pattern='mnepc|snepc|mnstatus'
[04:55:46] [spechunter] [Grep] pattern='clic'
[04:55:46] [spechunter] [Grep] pattern='MPRV|mprv'
[04:55:46] [spechunter] [Grep] pattern='mstatus\\.MPP|mstatus\\.MPRV'
[04:55:53] [spechunter] [Grep] pattern='mnxti|snxti|mipopret|sipopret'
[04:55:53] [spechunter] [Grep] pattern='mstatus\\.MPP|mstatus_MPP|MSTATUS_MPP|MPP'
[04:55:53] [spechunter] [Grep] pattern='mstatus\\.MPRV|mstatus_MPRV|MSTATUS_MPRV'
[04:55:53] [spechunter] [Grep] pattern='sstatus\\.SPP|sstatus_SPP|SSTATUS_SPP'
[04:55:53] [spechunter] [Grep] pattern='sstatus\\.SUM|sstatus_SUM|SSTATUS_SUM'
[04:55:53] [spechunter] [Grep] pattern='[ms]scratch'
[04:55:53] [spechunter] [Grep] pattern='[ms]iselect'
[04:55:58] [spechunter] [Grep] pattern='rnmi|RNMI|nmi|NMI'
[04:55:58] [spechunter] [Grep] pattern='mnret|mret|sret|uret|mrr|mnret'
[04:55:58] [spechunter] [Grep] pattern='riscv_cpu_do_interrupt|raise_exception|riscv_cpu_exec_interrupt'
[04:56:14] [spechunter] [text] Let me focus on the actual RISC-V arch/csr files and trace the relevant paths.  
[04:56:14] [spechunter] [Grep] pattern='smip|ssip'
[04:56:14] [spechunter] [Grep] pattern='MNXTI|SNXTI|mnxti|snxti'
[04:56:14] [spechunter] [Grep] pattern='mipopret|sipopret|mnret|snret|mepopret'
[04:56:14] [spechunter] [Grep] pattern='scratch'
[04:56:14] [spechunter] [Grep] pattern='iselect|xiselect'
[04:56:23] [spechunter] [Grep] pattern='clic'
[04:56:23] [spechunter] [Glob] **/*clic*
[04:56:23] [spechunter] [Glob] **/hw/**/*clic*
[04:56:23] [spechunter] [Grep] pattern='smclic|SMCLIC|CLIC'
[04:56:23] [spechunter] [Grep] pattern='xintthresh|intthresh|xnxti|snxti|mnxti|mcxti|scxti'
[04:56:23] [spechunter] [Grep] pattern='clrint|mclrint|sclrint'
[04:56:25] [spechunter] [Read] /home/yzs/riscv/freebsd-src/sys/riscv/riscv/pmap.c
[04:56:25] [spechunter] [Read] /home/yzs/riscv/freebsd-src/sys/riscv/riscv/pmap.c
[04:56:25] [spechunter] [Read] /home/yzs/riscv/freebsd-src/sys/riscv/riscv/locore.S
[04:56:25] [spechunter] [Read] /home/yzs/riscv/freebsd-src/sys/riscv/riscv/cpufunc_asm.S
[04:56:25] [spechunter] [Read] /home/yzs/riscv/freebsd-src/sys/riscv/include/frame.h
[04:56:26] [spechunter] [Read] /home/yzs/riscv/linux/arch/riscv/kernel/entry.S
[04:56:26] [spechunter] [Read] /home/yzs/riscv/linux/arch/riscv/include/asm/csr.h
[04:56:26] [spechunter] [Read] /home/yzs/riscv/linux/arch/riscv/kernel/head.S
[04:56:33] [spechunter] [text] Now let me read the KVM files and the kexec path that deal with scratch registers and CSR access.  
[04:56:33] [spechunter] [Read] /home/yzs/riscv/linux/arch/riscv/kvm/vcpu_switch.S
[04:56:33] [spechunter] [Read] /home/yzs/riscv/linux/arch/riscv/kernel/kexec_relocate.S
[04:56:33] [spechunter] [Read] /home/yzs/riscv/linux/arch/riscv/kvm/vcpu.c
[04:56:37] [spechunter] [text] Now let me read the critical push/pop functions in detail.  
[04:56:37] [spechunter] [Read] /home/yzs/riscv/qemu/target/riscv/cpu_helper.c
[04:56:37] [spechunter] [Read] /home/yzs/riscv/qemu/target/riscv/op_helper.c
[04:56:37] [spechunter] [Read] /home/yzs/riscv/qemu/target/riscv/op_helper.c
[04:56:37] [spechunter] [Read] /home/yzs/riscv/qemu/target/riscv/op_helper.c
[04:56:38] [spechunter] [text] Now let me look at the KVM CSR and interrupt handling code, and the signal/context-switch paths.    
[04:56:38] [spechunter] [Read] /home/yzs/riscv/linux/arch/riscv/kvm/vcpu_onereg.c
[04:56:38] [spechunter] [Read] /home/yzs/riscv/linux/arch/riscv/kvm/vcpu_insn.c
[04:56:38] [spechunter] [Read] /home/yzs/riscv/linux/arch/riscv/kvm/vcpu_exit.c
[04:56:43] [spechunter] [text] Now let me read the main interrupt/exception push path and the full sret pop path.  
[04:56:43] [spechunter] [Read] /home/yzs/riscv/qemu/target/riscv/cpu_helper.c
[04:56:43] [spechunter] [Read] /home/yzs/riscv/qemu/target/riscv/op_helper.c
[04:56:45] [spechunter] [Grep] pattern='CLIC|clic|SMIP|Ssip|fast.irq|fast.interrupt|smaia|ssaia'
[04:56:45] [spechunter] [Read] /home/yzs/riscv/freebsd-src/sys/riscv/riscv/genassym.c
[04:56:45] [spechunter] [Read] /home/yzs/riscv/freebsd-src/sys/riscv/riscv/intc.c
[04:56:45] [spechunter] [Read] /home/yzs/riscv/freebsd-src/sys/riscv/riscv/aplic.c
[04:56:45] [spechunter] [Grep] pattern='INTR_ROOT_IRQ|intr_irq_handler|intr_isrc_dispatch'
[04:56:46] [spechunter] [text] Now let me look at the signal handling and the AIA/siselect/miselect handling paths in KVM.  
[04:56:46] [spechunter] [Grep] pattern='signal|sigreturn|restore_sigcontext|setup_sigcontext|setup_rt_frame'
[04:56:46] [spechunter] [Read] /home/yzs/riscv/linux/arch/riscv/kvm/aia.c
[04:56:46] [spechunter] [Grep] pattern='clic|CLIC|smclic|snclic'
[04:56:46] [spechunter] [Grep] pattern='CSR_[MS]SCRATCH|CSR_VSSCRATCH|CSR_[MS]ISELECT|CSR_VSISELECT'
[04:56:46] [spechunter] [Grep] pattern='CSR_[MS]SCRATCH|CSR_VSSCRATCH|CSR_[MS]ISELECT|CSR_VSISELECT'
[04:56:46] [spechunter] [Grep] pattern='smip|ssip|smclic|snclic|handle_clic|clic_irq|SxIP|MxIP|MNXTI|SNXTI|MIPOPRET|SIPOPRET'
[04:56:46] [spechunter] [Grep] pattern='mstatus\\.MPRV|mstatus_MPRV|MSTATUS_MPRV|SR_MPRV'
[04:56:46] [spechunter] [Grep] pattern='sstatus\\.SUM|sstatus_SUM|SSTATUS_SUM|SR_SUM'
[04:56:46] [spechunter] [Grep] pattern='sstatus\\.SPP|sstatus_SPP|SSTATUS_SPP|SR_SPP'
[04:56:46] [spechunter] [Grep] pattern='mscratch|sscratch|vs_scratch|xscratch'
[04:56:46] [spechunter] [Grep] pattern='miselect|siselect|vsiselect'
[04:56:46] [spechunter] [Grep] pattern='miselect|siselect|vsiselect'
[04:56:50] [spechunter] [Read] /home/yzs/riscv/qemu/target/riscv/cpu_helper.c
[04:56:50] [spechunter] [Read] /home/yzs/riscv/qemu/target/riscv/cpu_helper.c
[04:56:52] [spechunter] [Read] /home/yzs/riscv/freebsd-src/sys/riscv/riscv/locore.S
[04:56:52] [spechunter] [Read] /home/yzs/riscv/freebsd-src/sys/riscv/include/intr.h
[04:56:52] [spechunter] [Read] /home/yzs/riscv/freebsd-src/sys/riscv/riscv/uio_machdep.c
[04:56:52] [spechunter] [Grep] pattern='fuse|suse|fuword|suword|copyin|copyout'
[04:56:53] [spechunter] [Grep] pattern='smclics|smclic'
[04:56:53] [spechunter] [Grep] pattern='core.local|core_local|core-local'
[04:56:53] [spechunter] [Grep] pattern='popret|xpopret|pushpop'
[04:56:53] [spechunter] [Grep] pattern='mcause\\.MPP|mncause\\.MPP|mcause\\.MPRV|sncause'
[04:56:56] [spechunter] [text] Let me also read the MPRV-related privilege-mode override logic in `cpu.h` and the rest of the push path.  
[04:56:56] [spechunter] [Read] /home/yzs/riscv/qemu/target/riscv/cpu.h
[04:56:56] [spechunter] [Read] /home/yzs/riscv/qemu/target/riscv/cpu.h
[04:56:56] [spechunter] [Read] /home/yzs/riscv/qemu/target/riscv/cpu_helper.c
[04:57:02] [spechunter] [Grep] pattern='clint|CLIC|clic'
[04:57:02] [spechunter] [Grep] pattern='clint|CLIC|clic'
[04:57:02] [spechunter] [Grep] pattern='clint|CLIC|clic'
[04:57:02] [spechunter] [Read] /home/yzs/riscv/linux/arch/riscv/include/asm/csr.h
[04:57:02] [spechunter] [Read] /home/yzs/riscv/linux/arch/riscv/include/asm/csr.h
[04:57:04] [spechunter] [Grep] pattern='SMIP|Ssip|CLIC|fast.irq|smaia|ssaia|stopei|siselect|sireg'
[04:57:04] [spechunter] [Bash] List kernel config files
[04:57:04] [spechunter] [Grep] pattern='SSTATUS_SUM|sstatus|sstatus'
[04:57:04] [spechunter] [Grep] pattern='SSTATUS_SUM|ENTER_USER|EXIT_USER|sstatus'
[04:57:04] [spechunter] [Grep] pattern='SSTATUS_|sstatus'
[04:57:06] [spechunter] [Grep] pattern='gen_push|gen_pop|cm_push|cm_pop'
[04:57:06] [spechunter] [Grep] pattern='helper_cm_push|helper_cm_pop'
[04:57:06] [spechunter] [Grep] pattern='intthresh|xintthresh|clrint_set'
[04:57:11] [spechunter] [Grep] pattern='sncause|snepc'
[04:57:11] [spechunter] [Grep] pattern='MSTATUS_SPP|sstatus\\.SPP|SSTATUS_SPP'
[04:57:11] [spechunter] [Grep] pattern='SSTATUS_SUM|MSTATUS_SUM|sstatus\\.SUM|mstatus\\.SUM'
[04:57:13] [spechunter] [Read] /home/yzs/riscv/qemu/target/riscv/insn_trans/trans_rvzce.c.inc
[04:57:13] [spechunter] [Grep] pattern='func\\(cm_push|func\\(cm_pop|func\\(cm_popret'
[04:57:24] [spechunter] [Read] /home/yzs/riscv/freebsd-src/sys/riscv/riscv/vm_machdep.c
[04:57:24] [spechunter] [Read] /home/yzs/riscv/freebsd-src/sys/riscv/riscv/machdep.c
[04:57:24] [spechunter] [Read] /home/yzs/riscv/freebsd-src/sys/riscv/riscv/timer.c
[04:57:24] [spechunter] [Read] /home/yzs/riscv/freebsd-src/sys/riscv/riscv/clock.c
[04:57:26] [spechunter] [Grep] pattern='csr_write.*[ms]scratch|csr_write.*[ms]iselect|CSR_XSCRATCH'
[04:57:26] [spechunter] [Grep] pattern='smip|ssip|smclic|snclic|handle_clic|clic_irq|CLIC_CTRL'
[04:57:26] [spechunter] [Read] /home/yzs/riscv/linux/arch/riscv/kernel/entry.S
[04:57:26] [spechunter] [Read] /home/yzs/riscv/linux/arch/riscv/kernel/entry.S
[04:57:26] [spechunter] [Read] /home/yzs/riscv/linux/arch/riscv/include/asm/csr.h
[04:58:08] [spechunter] [Grep] pattern='CLINT|clint|aclint'
[04:58:08] [spechunter] [Grep] pattern='CLINT|clint|aclint'
[04:58:08] [spechunter] [Grep] pattern='SR_MPP|SR_SPP|SR_SUM'
[04:58:08] [spechunter] [Grep] pattern='SR_MPP|SR_SPP|SR_SUM'
[04:58:08] [spechunter] [Grep] pattern='SR_MPP|SR_SPP|SR_SUM'
[04:58:08] [spechunter] [Grep] pattern='csrrw.*SCRATCH|csrw.*SCRATCH|csrr.*SCRATCH|csrc.*SCRATCH|csrs.*SCRATCH'
[04:58:18] [spechunter] [Grep] pattern='mnxti|snxti|mipopret|sipopret|mstatus_MPRV|sstatus_SUM'
[04:58:18] [spechunter] [Grep] pattern='mnxti|snxti|mipopret|sipopret'
[04:58:18] [spechunter] [Read] /home/yzs/riscv/linux/arch/riscv/include/asm/csr.h
[04:58:18] [spechunter] [Read] /home/yzs/riscv/linux/arch/riscv/kvm/vcpu_switch.S
[04:58:23] [spechunter] [Read] /home/yzs/riscv/linux/arch/riscv/kernel/signal.c
[04:58:23] [spechunter] [Read] /home/yzs/riscv/linux/arch/riscv/kvm/aia_imsic.c
[04:58:23] [spechunter] [Read] /home/yzs/riscv/linux/arch/riscv/kernel/traps.c
[04:58:30] [spechunter] [text] Let me also check the instruction translation for `mnret` and search for any supervisor-level interrupt pending/pop inst...
[04:58:30] [spechunter] [Read] /home/yzs/riscv/qemu/target/riscv/insn_trans/trans_privileged.c.inc
[04:58:30] [spechunter] [Grep] pattern='smeip|SMEIP|smaip|SMAIP|Smaip|Smeip'
[04:58:30] [spechunter] [Grep] pattern='mipop|MIPOP|popret|POPRET|PUSH|push.*interrupt|interrupt.*push'
[04:58:41] [spechunter] [Agent] description, prompt
[04:58:41] [spechunter] [Agent] description, prompt
[04:58:47] [spechunter] [text] Now let me check for the S-level interrupt pending/pop CSR definitions and the affected bit field definitions in the hea...
[04:58:47] [spechunter] [Grep] pattern='MNSTATUS_MNPP|MNSTATUS_MNPV|MNSTATUS_MNPELP'
[04:58:47] [spechunter] [Grep] pattern='CSR_MNCAUSE|CSR_MNEPC|CSR_MNSTATUS|CSR_MNSCRATCH'
[04:58:47] [spechunter] [Grep] pattern='MSTATUS_MPV'
[04:59:02] [spechunter] [text] Prompt is too long
[04:59:08] [spechunter] [Grep] pattern='helper_mnret'
[04:59:08] [spechunter] [Grep] pattern='helper_mret'
[04:59:08] [spechunter] [Grep] pattern='helper_sret'
[04:59:08] [spechunter] [Grep] pattern='riscv_cpu_do_interrupt'
[04:59:08] [spechunter] [Grep] pattern='riscv_cpu_do_rnmi'
[04:59:08] [spechunter] [Grep] pattern='cpu_address_mode|get_physical_address'
[04:59:08] [spechunter] [Grep] pattern='write_mstatus|MPRV'
[04:59:08] [spechunter] [Grep] pattern='(?i)smip'
[04:59:08] [spechunter] [Grep] pattern='(?i)smcsmip'
[04:59:08] [spechunter] [Grep] pattern='(?i)mnxti|snxti'
[04:59:08] [spechunter] [Grep] pattern='(?i)xintthresh|intthresh'
[04:59:08] [spechunter] [Grep] pattern='(?i)mclrint|sclrint'
[04:59:08] [spechunter] [Grep] pattern='(?i)clic'
[04:59:23] [spechunter] [Read] /home/yzs/riscv/qemu/target/riscv/op_helper.c
[04:59:23] [spechunter] [Read] /home/yzs/riscv/qemu/target/riscv/op_helper.c
[04:59:23] [spechunter] [Read] /home/yzs/riscv/qemu/target/riscv/op_helper.c
[04:59:23] [spechunter] [Read] /home/yzs/riscv/qemu/target/riscv/cpu.h
[04:59:23] [spechunter] [Read] /home/yzs/riscv/qemu/target/riscv/csr.c
[04:59:28] [spechunter] [Grep] pattern='(?i)smip'
[04:59:28] [spechunter] [Grep] pattern='isa_edata_arr'
[04:59:28] [spechunter] [Glob] target/riscv/cpu.c
[04:59:28] [spechunter] [Grep] pattern='\\bSmp\\b|\\bSmp[a-z]|\\"Smp|\\"smp'
[04:59:45] [spechunter] [text] Here is the complete location report:  ```json {   "locations": [     {       "file_path": "target/riscv/cpu_bits.h",   ...
[04:59:46] [spechunter] [Read] /home/yzs/riscv/qemu/target/riscv/cpu.c
[04:59:46] [spechunter] [Grep] pattern='Smp\\b'
[04:59:46] [spechunter] [Grep] pattern='smstateen|smcdeleg|smcntrpmf|smcsrind|smsia'
[04:59:47] [spechunter] [Read] /home/yzs/riscv/qemu/target/riscv/cpu_helper.c
[04:59:47] [spechunter] [Grep] pattern='rnmi|nmr|nmi'
[04:59:47] [spechunter] [Read] /home/yzs/riscv/qemu/target/riscv/op_helper.c
[04:59:47] [spechunter] [Grep] pattern='get_physical_address'
[04:59:56] [spechunter] [text] Now I have complete search results. Here is the comprehensive location report:  ```json {   "locations": [     {       "...
[05:00:02] [spechunter] [Read] /home/yzs/riscv/qemu/target/riscv/cpu_helper.c
[05:00:02] [spechunter] [Read] /home/yzs/riscv/qemu/target/riscv/cpu_helper.c
[05:00:02] [spechunter] [Read] /home/yzs/riscv/qemu/target/riscv/cpu_helper.c
[05:00:02] [spechunter] [Read] /home/yzs/riscv/qemu/target/riscv/cpu_helper.c
[05:00:09] [spechunter] [Read] /home/yzs/riscv/qemu/target/riscv/cpu.c
[05:00:09] [spechunter] [Grep] pattern='\\bSmp\\b|smp[a-z]'
[05:00:09] [spechunter] [Grep] pattern='(?i)(xinhv|snapshotv|mnscratch|snscratch|mintstatus|sintstatus|mintthresh|sintthresh|mncause|sncause)'
[05:00:09] [spechunter] [Grep] pattern='(?i)(xinhv|snapshotv|mnscratch|snscratch|mintstatus|sintstatus|mintthresh|sintthresh|mncause|sncause)'
[05:00:25] [spechunter] [Read] /home/yzs/riscv/qemu/target/riscv/cpu_helper.c
[05:00:25] [spechunter] [Read] /home/yzs/riscv/qemu/target/riscv/cpu_helper.c
[05:00:25] [spechunter] [Read] /home/yzs/riscv/qemu/target/riscv/csr.c
[05:00:25] [spechunter] [Read] /home/yzs/riscv/qemu/target/riscv/cpu_helper.c
[05:00:40] [spechunter] [Read] /home/yzs/riscv/freebsd-src/sys/riscv/riscv/exception.S
[05:00:40] [spechunter] [Read] /home/yzs/riscv/freebsd-src/sys/riscv/riscv/trap.c
[05:00:47] [spechunter] [Grep] pattern='riscv_cpu_set_mode'
[05:00:47] [spechunter] [Grep] pattern='mmuidx_priv'
[05:00:47] [spechunter] [Grep] pattern='MMUIdx_U'
[05:00:55] [spechunter] [Read] /home/yzs/riscv/qemu/target/riscv/internals.h
[05:00:55] [spechunter] [Read] /home/yzs/riscv/qemu/target/riscv/cpu_helper.c
[05:00:55] [spechunter] [Grep] pattern='MSTATUS_MPV|MPV\\b'
[05:01:11] [spechunter] [Read] /home/yzs/riscv/qemu/target/riscv/cpu.h
[05:01:11] [spechunter] [Read] /home/yzs/riscv/qemu/target/riscv/cpu_helper.c
[05:02:05] [spechunter] [text] ## Cross-Validation Analysis  **PR intent**: Smip (Supervisor-mode Interrupt Push/Pop) specifies the effective privilege...
[05:02:21] [spechunter] [Read] /home/yzs/riscv/freebsd-src/sys/riscv/riscv/exception.S
[05:02:25] [spechunter] [text] I need to find the actual code locations in the Linux kernel related to the CLIC/smip/ssip security spec. Let me search ...
[05:02:25] [spechunter] [Agent] description, prompt
[05:02:40] [spechunter] [Grep] pattern='riscv_cpu_eff_priv|mprv|MPRV'
[05:02:40] [spechunter] [Grep] pattern='riscv_cpu_eff_priv|mprv'
[05:02:40] [spechunter] [Read] /home/yzs/riscv/qemu/target/riscv/cpu_helper.c
[05:02:52] [spechunter] [Grep] pattern='mnxti|snxti'
[05:02:52] [spechunter] [Grep] pattern='smip|ssip|smclic|snclic'
[05:02:52] [spechunter] [Grep] pattern='handle_clic|clic_irq'
[05:02:52] [spechunter] [Grep] pattern='xscratch|mscratch|sscratch|CSR_XSCRATCH'
[05:02:52] [spechunter] [Grep] pattern='CLIC_CTRL|CONFIG_CLIC|CONFIG_RISCV_CLIC'
[05:02:52] [spechunter] [Grep] pattern='mcause_MINHV|mstatus_MPRV|sstatus_SUM'
[05:02:52] [spechunter] [Grep] pattern='clic|CLIC'
[05:02:55] [spechunter] [Grep] pattern='riscv_env_mmu_index'
[05:02:58] [spechunter] [Read] /home/yzs/riscv/qemu/target/riscv/cpu_helper.c
[05:03:10] [spechunter] [text] ```json {   "violation_condition": "During Ssip fast interrupt pop (sipopret), sstatus.SUM is unconditionally set before...
[05:03:23] [spechunter] [Read] /home/yzs/riscv/qemu/target/riscv/cpu_helper.c
[05:03:23] [spechunter] [Read] /home/yzs/riscv/qemu/target/riscv/cpu_helper.c
[05:03:23] [spechunter] [Read] /home/yzs/riscv/qemu/target/riscv/cpu_helper.c
[05:03:23] [spechunter] [Read] /home/yzs/riscv/qemu/target/riscv/cpu_helper.c
[05:03:23] [spechunter] [Grep] pattern='\\bCLIC\\b|\\bsnclic\\b|\\bsmclic\\b|\\bclic_'
[05:03:23] [spechunter] [Grep] pattern='\\bCLIC\\b|\\bsnclic\\b|\\bsmclic\\b|\\bclic_'
[05:03:23] [spechunter] [Grep] pattern='\\bCLIC\\b|\\bsnclic\\b|\\bsmclic\\b|\\bclic_'
[05:03:23] [spechunter] [Grep] pattern='mnxti|snxti|smip|ssip|smclic|snclic'
[05:03:23] [spechunter] [Grep] pattern='mnxti|snxti|smip|ssip|smclic|snclic'
[05:03:23] [spechunter] [Grep] pattern='mnxti|snxti|smip|ssip|smclic|snclic'
[05:03:23] [spechunter] [Grep] pattern='CSR_XSCRATCH|CSR_MSCRATCH|CSR_SSCRATCH|CSR_VSSCRATCH'
[05:03:35] [spechunter] [Grep] pattern='helper_vsret|helper_mnret_value|mret_value'
[05:03:35] [spechunter] [Read] /home/yzs/riscv/qemu/target/riscv/cpu_helper.c
[05:03:38] [spechunter] [TodoWrite] 7 items
[05:03:42] [spechunter] [Grep] pattern='sstatus'
[05:03:42] [spechunter] [Grep] pattern='sstatus'
[05:03:42] [spechunter] [Grep] pattern='sstatus'
[05:03:42] [spechunter] [Grep] pattern='sstatus'
[05:03:42] [spechunter] [Grep] pattern='SUM'
[05:03:42] [spechunter] [Grep] pattern='ssp'
[05:03:42] [spechunter] [Grep] pattern='sipopret'
[05:03:42] [spechunter] [Grep] pattern='sipopret'
[05:03:42] [spechunter] [Grep] pattern='tf_sstatus'
[05:03:42] [spechunter] [Grep] pattern='SSTATUS'
[05:03:47] [spechunter] [Read] /home/yzs/riscv/freebsd-src/sys/riscv/riscv/trap.c
[05:03:47] [spechunter] [Read] /home/yzs/riscv/freebsd-src/sys/riscv/riscv/trap.c
[05:03:49] [spechunter] [Grep] pattern='xscratch'
[05:03:49] [spechunter] [Grep] pattern='xscratch'
[05:03:49] [spechunter] [Grep] pattern='xscratch'
[05:03:49] [spechunter] [Grep] pattern='clint(?!_)|CLINT'
[05:03:49] [spechunter] [Glob] **/irqchip/*clic*
[05:03:49] [spechunter] [Glob] **/irqchip/*clint*
[05:03:49] [spechunter] [Grep] pattern='mnxti|snxti'
[05:03:49] [spechunter] [Grep] pattern='mcause|mstatus_MPRV|sstatus_SUM'
[05:04:10] [spechunter] [Grep] pattern='clint|CLINT'
[05:04:10] [spechunter] [Grep] pattern='clint|CLINT'
[05:04:10] [spechunter] [Grep] pattern='clint|CLINT'
[05:04:10] [spechunter] [Grep] pattern='clint|CLINT'
[05:04:10] [spechunter] [Grep] pattern='clic|CLIC'
[05:04:10] [spechunter] [Grep] pattern='CSR_XSCRATCH'
[05:04:10] [spechunter] [Grep] pattern='handle_clic|clic_handle|clic_intr|clic_driver|riscv.*clic|clic.*riscv'
[05:04:10] [spechunter] [Grep] pattern='mcause_MINHV|mstatus_MPRV|sstatus_SUM'
[05:04:12] [spechunter] [Grep] pattern='sipopret'
[05:04:12] [spechunter] [Grep] pattern='SSTATUS_SUM'
[05:04:12] [spechunter] [Grep] pattern='\\bssp\\b'
[05:04:12] [spechunter] [Grep] pattern='sstatus'
[05:04:23] [spechunter] [text] Now let me search more broadly for the remaining entities and vulnerability patterns.  
[05:04:23] [spechunter] [Grep] pattern='sipopret'
[05:04:23] [spechunter] [Grep] pattern='\\bssp\\b'
[05:04:23] [spechunter] [Grep] pattern='\\bssp\\b'
[05:04:23] [spechunter] [Grep] pattern='SSTATUS_SUM'
[05:04:23] [spechunter] [Grep] pattern='tf_sstatus.*SUM|SUM.*tf_sstatus'
[05:04:23] [spechunter] [Grep] pattern='Smip'
[05:04:23] [spechunter] [Grep] pattern='intr_restore|intr_disable'
[05:04:25] [spechunter] [Read] /home/yzs/riscv/linux/tmp/aclic_violation_report.json
[05:04:25] [spechunter] [Grep] pattern='clint|CLINT|clint_irq|aclint'
[05:04:25] [spechunter] [Grep] pattern='clint|CLINT|aclint'
[05:04:25] [spechunter] [Grep] pattern='\\bSSIP\\b|\\bssip\\b|\\bSMIP\\b|\\bsmip\\b'
[05:04:25] [spechunter] [Grep] pattern='\\bSSIP\\b|\\bssip\\b|\\bSMIP\\b|\\bsmip\\b'
[05:04:25] [spechunter] [Grep] pattern='MCIP|MSIP|SEIP|SSIP|LSIP|MTIP|STIP'
[05:04:26] [spechunter] [text] Now let me dig into the key assembly and header files.  
[05:04:26] [spechunter] [Read] /home/yzs/riscv/freebsd-src/sys/riscv/riscv/exception.S
[05:04:26] [spechunter] [Read] /home/yzs/riscv/freebsd-src/sys/riscv/include/riscvreg.h
[05:04:26] [spechunter] [Read] /home/yzs/riscv/freebsd-src/sys/riscv/include/asm.h
[05:04:35] [spechunter] [text] Let me read the critical sections to get accurate line ranges.  
[05:04:35] [spechunter] [Read] /home/yzs/riscv/freebsd-src/sys/riscv/riscv/exception.S
[05:04:35] [spechunter] [Read] /home/yzs/riscv/freebsd-src/sys/riscv/riscv/trap.c
[05:04:35] [spechunter] [Read] /home/yzs/riscv/freebsd-src/sys/riscv/include/asm.h
[05:04:35] [spechunter] [Read] /home/yzs/riscv/freebsd-src/sys/riscv/include/cpufunc.h
[05:04:35] [spechunter] [Read] /home/yzs/riscv/freebsd-src/sys/riscv/riscv/swtch.S
[05:04:40] [spechunter] [text] Now let me trace the context-switch code, bhyve VMM, and other sstatus manipulation paths.  
[05:04:40] [spechunter] [TodoWrite] 7 items
[05:04:44] [spechunter] [text] Let me read a few more critical sections to get accurate context.  
[05:04:44] [spechunter] [Read] /home/yzs/riscv/freebsd-src/sys/riscv/riscv/vm_machdep.c
[05:04:44] [spechunter] [Read] /home/yzs/riscv/freebsd-src/sys/riscv/riscv/exception.S
[05:04:44] [spechunter] [Read] /home/yzs/riscv/freebsd-src/sys/riscv/riscv/exec_machdep.c
[05:04:44] [spechunter] [Read] /home/yzs/riscv/freebsd-src/sys/riscv/include/riscvreg.h
[05:04:47] [spechunter] [Read] /home/yzs/riscv/freebsd-src/sys/riscv/riscv/swtch.S
[05:04:47] [spechunter] [Read] /home/yzs/riscv/freebsd-src/sys/riscv/riscv/copyio.c
[05:04:47] [spechunter] [Grep] pattern='SSTATUS_SUM'
[05:04:48] [spechunter] [Grep] pattern='mnxti|snxti'
[05:04:48] [spechunter] [Grep] pattern='smip|ssip|smclic|snclic'
[05:04:48] [spechunter] [Grep] pattern='smip|ssip|smclic|snclic'
[05:04:48] [spechunter] [Glob] **/irqchip/riscv*
[05:04:48] [spechunter] [Grep] pattern='\\bclic\\b|\\bCLIC\\b|\\bCLIC_|smclic|snclic|smaclic|ssaclic|aclic'
[05:04:48] [spechunter] [Grep] pattern='\\bclic\\b|\\bCLIC\\b|\\bsmclic\\b|\\bsnclic\\b|\\bsmaclic\\b|\\bssaclic\\b|\\baclic\\b'
[05:04:48] [spechunter] [Grep] pattern='clic|CLIC'
[05:04:48] [spechunter] [Grep] pattern='@clic_irq|clic_irq\\b'
[05:04:54] [spechunter] [text] Let me dig deeper into the copy functions and the second KASSERT in trap.c, plus the pmap layer.  
[05:04:54] [spechunter] [Read] /home/yzs/riscv/freebsd-src/sys/riscv/riscv/trap.c
[05:04:54] [spechunter] [Grep] pattern='ENTER_USER_ACCESS|EXIT_USER_ACCESS'
[05:04:54] [spechunter] [Grep] pattern='copyin|copyout|copyinoff|copyoutoff'
[05:05:01] [spechunter] [Read] /home/yzs/riscv/freebsd-src/sys/riscv/riscv/copyinout.S
[05:05:01] [spechunter] [Read] /home/yzs/riscv/freebsd-src/sys/riscv/riscv/support.S
[05:05:01] [spechunter] [Read] /home/yzs/riscv/freebsd-src/sys/riscv/riscv/trap.c
[05:05:04] [spechunter] [Grep] pattern='ssp'
[05:05:04] [spechunter] [Grep] pattern='sipopret|si_pop_ret|SI_POP_RET'
[05:05:05] [spechunter] [Grep] pattern='xscratch|mscratch|sscratch|MSCRATCH|SSCRATCH'
[05:05:05] [spechunter] [Grep] pattern='\\bmscratch\\b|\\bsscratch\\b|\\bMSCRATCH\\b|\\bSSCRATCH\\b|\\bSCRATCH\\b'
[05:05:05] [spechunter] [Grep] pattern='\\bSSIP\\b|\\bssip\\b|\\bSMIP\\b|\\bsmip\\b'
[05:05:05] [spechunter] [Grep] pattern='IE_SSIE|IE_MSIE|IE_SEIE|IE_MEIE|IE_STIE|IE_MTIE|RV_IRQ_SOFT|RV_IRQ_TIMER|RV_IRQ_EXT'
[05:05:05] [spechunter] [Grep] pattern='\\bclint\\b'
[05:05:05] [spechunter] [Bash] List tmp directory contents for context on aclic report
[05:05:14] [spechunter] [text] Now let me look at bhyve VMM paths, pmap, and exec/machdep sstatus handling.  
[05:05:14] [spechunter] [Read] /home/yzs/riscv/freebsd-src/sys/riscv/vmm/vmm_riscv.c
[05:05:14] [spechunter] [Read] /home/yzs/riscv/freebsd-src/sys/riscv/vmm/vmm_switch.S
[05:05:14] [spechunter] [Read] /home/yzs/riscv/freebsd-src/sys/riscv/riscv/exec_machdep.c
[05:05:32] [spechunter] [Grep] pattern='xscratch'
[05:05:32] [spechunter] [Grep] pattern='xscratch'
[05:05:32] [spechunter] [Read] /home/yzs/riscv/linux/tmp/smivt_violation_analysis.json
[05:05:32] [spechunter] [Grep] pattern='smclic|snclic|smaclic|ssaclic|aclic'
[05:05:32] [spechunter] [Grep] pattern='\\bMSTATUS_MPRV\\b|\\bmstatus_MPRV\\b|\\bSSTATUS_SUM\\b|\\bsstatus_SUM\\b'
[05:05:32] [spechunter] [Grep] pattern='CLIC_CTRL|clic_ctrl'
[05:05:39] [spechunter] [Read] /home/yzs/riscv/freebsd-src/sys/riscv/riscv/vm_machdep.c
[05:05:39] [spechunter] [Read] /home/yzs/riscv/freebsd-src/sys/riscv/riscv/uio_machdep.c
[05:05:39] [spechunter] [Read] /home/yzs/riscv/freebsd-src/sys/cddl/dev/dtrace/riscv/dtrace_asm.S
[05:05:47] [spechunter] [text] Now let me look at the pmap layer and the init paths for sstatus setup.  
[05:05:47] [spechunter] [Read] /home/yzs/riscv/freebsd-src/sys/riscv/riscv/machdep.c
[05:05:47] [spechunter] [Grep] pattern='sstatus|SSTATUS'
[05:05:47] [spechunter] [Grep] pattern='page_fault_handler'
[05:05:52] [spechunter] [Read] /home/yzs/riscv/linux/tmp/smivt_violation_analysis.json
[05:05:52] [spechunter] [Grep] pattern='CONFIG_CLIC|CONFIG_RISCV_CLIC|CONFIG_ACLINT|CONFIG_THEAD_CLINT|CONFIG_SIFIVE_CLINT'
[05:05:52] [spechunter] [Read] /home/yzs/riscv/linux/drivers/irqchip/irq-aclint-sswi.c
[05:05:52] [spechunter] [Grep] pattern='clint|CLINT'
[05:05:55] [spechunter] [Read] /home/yzs/riscv/freebsd-src/sys/riscv/riscv/machdep.c
[05:05:55] [spechunter] [Grep] pattern='pmap_fault'
[05:05:55] [spechunter] [Grep] pattern='stvec|sscratch|scounteren'
[05:06:02] [spechunter] [Grep] pattern='csrw.*sstatus|csrs.*sstatus|csrc.*sstatus|csrr.*sstatus|csrci.*sstatus'
[05:06:02] [spechunter] [Glob] sys/riscv/riscv/locore*
[05:06:02] [spechunter] [Grep] pattern='saved_sstatus_ie|md_saved_sstatus'
[05:06:10] [spechunter] [text] Here is the complete JSON report:  ```json {   "locations": [     {       "file_path": "sys/riscv/include/riscvreg.h",  ...
[05:06:18] [spechunter] [Grep] pattern='sstatus|SSTATUS'
[05:06:18] [spechunter] [Grep] pattern='sstatus|SSTATUS|HYP_G_SSTATUS|HYP_H_SSTATUS'
[05:06:18] [spechunter] [Read] /home/yzs/riscv/freebsd-src/sys/riscv/riscv/trap.c
[05:06:33] [spechunter] [Agent] description, prompt
[05:06:33] [spechunter] [Agent] description, prompt
[05:06:56] [spechunter] [Read] /home/yzs/riscv/qemu/target/riscv/cpu_helper.c
[05:06:56] [spechunter] [Grep] pattern='cpu_stl|cpu_stq|cpu_stw|cpu_ldl|cpu_ldq|cpu_lduw|cpu_ldub'
[05:06:56] [spechunter] [Grep] pattern='helper_st|helper_ld|helper_store|helper_load'
[05:06:56] [spechunter] [Grep] pattern='mret|sret|mnret|uret|interrupt|trap'
[05:06:56] [spechunter] [Glob] **/target/riscv/insn_trans/**
[05:06:57] [spechunter] [text] Let me look for more KASSERTs on CSR values and other implicit CSR-state assumptions.  
[05:06:57] [spechunter] [Grep] pattern='KASSERT.*csr_read'
[05:06:57] [spechunter] [Grep] pattern='csr_read\\(sstatus\\)'
[05:06:57] [spechunter] [Grep] pattern='intr_disable|intr_restore'
[05:06:57] [spechunter] [Grep] pattern='riscv_cpu_set_mode'
[05:06:57] [spechunter] [Grep] pattern='riscv_env_mmu_index'
[05:06:57] [spechunter] [Grep] pattern='riscv_cpu_eff_priv'
[05:06:57] [spechunter] [Grep] pattern='MPRV'
[05:06:57] [spechunter] [Grep] pattern='mnstatus|mnepc|mncause'
[05:06:57] [spechunter] [Grep] pattern='0x34[0-9a-fA-F]|0x35[0-9a-fA-F]|0x74[0-9a-fA-F]|0x75[0-9a-fA-F]'
[05:07:10] [spechunter] [text] Now let me look at the init paths and any missing files for the VMM trap handler.  
[05:07:10] [spechunter] [Grep] pattern='csrw.*sstatus|csrs.*sstatus|csrc.*sstatus'
[05:07:10] [spechunter] [Grep] pattern='intr_irq_handler'
[05:07:10] [spechunter] [Read] /home/yzs/riscv/freebsd-src/sys/riscv/riscv/trap.c
[05:07:11] [spechunter] [Read] /home/yzs/riscv/qemu/target/riscv/insn_trans/trans_privileged.c.inc
[05:07:11] [spechunter] [Grep] pattern='mret|sret|mnret|uret|rnmi|nmi'
[05:07:11] [spechunter] [Grep] pattern='riscv_cpu_do_rnmi|do_rnmi|rnmi|riscv_do_nmi'
[05:07:11] [spechunter] [Grep] pattern='helper_mret|helper_sret|helper_uret|helper_mnret'
[05:07:16] [spechunter] [text] Let me look at how DTrace sets up intr_irq_handler and also look at the intc code.    
[05:07:16] [spechunter] [Grep] pattern='DTFUNCS_intr_irq_handler|intr_irq_handler'
[05:07:16] [spechunter] [Grep] pattern='DTFUNCS_intr_irq_handler'
[05:07:16] [spechunter] [Read] /home/yzs/riscv/freebsd-src/sys/riscv/vmm/riscv.h
[05:07:18] [spechunter] [Read] /home/yzs/riscv/qemu/target/riscv/op_helper.c
[05:07:18] [spechunter] [Grep] pattern='gen_helper_.*ret|gen_helper_.*nmi|gen_helper_.*trap'
[05:07:23] [spechunter] [Read] /home/yzs/riscv/freebsd-src/sys/riscv/riscv/locore.S
[05:07:23] [spechunter] [Grep] pattern='vmm_unpriv_trap|VMM_HYP|hyptrap'
[05:07:23] [spechunter] [Grep] pattern='frame.*sstatus|tf_sstatus'
[05:07:28] [spechunter] [Read] /home/yzs/riscv/qemu/target/riscv/op_helper.c
[05:07:28] [spechunter] [Grep] pattern='sret|mret|mnret|trap|interrupt|shadow|sstack|sspush|sspop|zicfiss'
[05:07:28] [spechunter] [Grep] pattern='riscv_raise_exception|helper_raise_exception'
[05:07:28] [spechunter] [Grep] pattern='address_space_ld|address_space_st'
[05:07:31] [spechunter] [Read] /home/yzs/riscv/qemu/target/riscv/cpu_helper.c
[05:07:31] [spechunter] [Read] /home/yzs/riscv/qemu/target/riscv/cpu_helper.c
[05:07:31] [spechunter] [Read] /home/yzs/riscv/qemu/target/riscv/csr.c
[05:07:31] [spechunter] [Read] /home/yzs/riscv/qemu/target/riscv/cpu.h
[05:07:31] [spechunter] [Read] /home/yzs/riscv/qemu/target/riscv/cpu.h
[05:07:31] [spechunter] [Read] /home/yzs/riscv/qemu/target/riscv/cpu_helper.c
[05:07:31] [spechunter] [Read] /home/yzs/riscv/qemu/target/riscv/cpu_helper.c
[05:07:31] [spechunter] [Read] /home/yzs/riscv/qemu/target/riscv/cpu_helper.c
[05:07:37] [spechunter] [text] The search reveals that **CLIC (Core-Local Interrupt Controller) hardware push/pop (smip/ssip)** has zero implementation...
[05:07:37] [spechunter] [Read] /home/yzs/riscv/linux/arch/riscv/kernel/entry.S
[05:07:37] [spechunter] [Read] /home/yzs/riscv/linux/arch/riscv/kernel/entry.S
[05:07:37] [spechunter] [Read] /home/yzs/riscv/linux/arch/riscv/kvm/vcpu.c
[05:07:37] [spechunter] [Read] /home/yzs/riscv/linux/arch/riscv/kvm/vcpu_switch.S
[05:07:39] [spechunter] [Read] /home/yzs/riscv/freebsd-src/sys/riscv/vmm/vmm_riscv.c
[05:07:39] [spechunter] [Read] /home/yzs/riscv/freebsd-src/sys/riscv/vmm/vmm_riscv.c
[05:07:40] [spechunter] [Grep] pattern='riscv_cpu_do_rnmi'
[05:07:40] [spechunter] [Grep] pattern='write_shadow_stack|sspush|sspop|shadow_stack|write_stack|ssamosaic|ssamoswap'
[05:07:40] [spechunter] [Grep] pattern='sspush|sspop|ssamoswap|ssamosaic'
[05:07:40] [spechunter] [Grep] pattern='sspush|sspop|ssamoswap'
[05:07:40] [spechunter] [Grep] pattern='cpu_loop_exit|raise_exception'
[05:07:42] [spechunter] [Read] /home/yzs/riscv/freebsd-src/sys/riscv/vmm/vmm_riscv.c
[05:07:46] [spechunter] [text] Let me also check the T-HEAD CLINTEE-related CSR defines and the full entry.S context-switch path for a complete picture...
[05:07:46] [spechunter] [Read] /home/yzs/riscv/linux/arch/riscv/kernel/entry.S
[05:07:46] [spechunter] [Read] /home/yzs/riscv/linux/drivers/irqchip/irq-aclint-sswi.c
[05:07:46] [spechunter] [Grep] pattern='CLINTEE|clintee|clic'
[05:07:50] [spechunter] [Grep] pattern='^static RISCVException rnmi|^static int rnmi'
[05:07:50] [spechunter] [Read] /home/yzs/riscv/qemu/target/riscv/op_helper.c
[05:07:50] [spechunter] [Read] /home/yzs/riscv/qemu/target/riscv/op_helper.c
[05:07:50] [spechunter] [Read] /home/yzs/riscv/qemu/target/riscv/cpu.c
[05:07:50] [spechunter] [Read] /home/yzs/riscv/qemu/target/riscv/csr.c
[05:08:02] [spechunter] [Read] /home/yzs/riscv/qemu/target/riscv/csr.c
[05:08:02] [spechunter] [Read] /home/yzs/riscv/qemu/target/riscv/csr.c
[05:08:09] [spechunter] [Grep] pattern='riscv_cpu_do_rnmi'
[05:08:09] [spechunter] [Grep] pattern='cpu_stl|cpu_stq|cpu_ldl|cpu_ldq'
[05:08:09] [spechunter] [Grep] pattern='helper_mret|helper_sret|helper_mnret'
[05:08:09] [spechunter] [Grep] pattern='do_common_semihosting|semihosting'
[05:08:10] [spechunter] [text] Let me first check for any Smip-related changes in the repo and validate the key locations.  
[05:08:10] [spechunter] [Bash] Check recent commits for Smip-related changes
[05:08:10] [spechunter] [Grep] pattern='smip|Smip|SMIP|smi[pP]'
[05:08:10] [spechunter] [Grep] pattern='SSTATUS_SPP|SSTATUS_SPIE|SSTATUS_SIE'
[05:08:17] [spechunter] [Read] /home/yzs/riscv/qemu/target/riscv/cpu_bits.h
[05:08:17] [spechunter] [Read] /home/yzs/riscv/qemu/target/riscv/cpu_bits.h
[05:08:22] [spechunter] [Grep] pattern='Smip|smip|SMIP'
[05:08:22] [spechunter] [Read] sys/riscv/include/riscvreg.h
[05:08:22] [spechunter] [Read] sys/riscv/include/asm.h
[05:08:22] [spechunter] [Read] sys/riscv/riscv/exception.S
[05:08:23] [spechunter] [Grep] pattern='ret'
[05:08:25] [spechunter] [Grep] pattern='clic|CLIC'
[05:08:25] [spechunter] [Read] /home/yzs/riscv/qemu/target/riscv/cpu_bits.h
[05:08:31] [spechunter] [Read] /home/yzs/riscv/qemu/target/riscv/op_helper.c
[05:08:31] [spechunter] [Grep] pattern='do_common_semihosting'
[05:08:32] [spechunter] [Read] sys/riscv/riscv/trap.c
[05:08:32] [spechunter] [Read] sys/riscv/include/frame.h
[05:08:32] [spechunter] [Read] sys/riscv/include/cpu.h
[05:08:32] [spechunter] [Read] sys/riscv/include/cpufunc.h
[05:08:36] [spechunter] [text] Now I have all the data needed. Let me compile the complete analysis.  ```json {   "findings": [     {       "file_path"...
[05:08:37] [spechunter] [Grep] pattern='do_common_semihosting'
[05:09:12] [spechunter] [text] Let me verify a few remaining locations before producing the final set.  
[05:09:12] [spechunter] [Read] sys/riscv/riscv/swtch.S
[05:09:12] [spechunter] [Read] sys/riscv/riscv/machdep.c
[05:09:12] [spechunter] [Read] sys/riscv/riscv/vm_machdep.c
[05:09:12] [spechunter] [Read] sys/riscv/riscv/exec_machdep.c
[05:09:47] [spechunter] [text] Now let me verify the AST and spinlock paths more closely for relevance.  
[05:09:47] [spechunter] [Read] sys/riscv/riscv/exception.S
[05:09:47] [spechunter] [Read] sys/riscv/riscv/swtch.S
[05:11:26] [spechunter] [text] Now I have all the information needed. Let me produce the final cross-validated location set.  ```json {   "locations": ...
[05:11:39] [spechunter] [Agent] description, prompt
[05:11:39] [spechunter] [Agent] description, prompt
[05:11:43] [spechunter] [Grep] pattern='sipopret|sipop|Ssip|smip'
[05:11:43] [spechunter] [Read] /home/yzs/riscv/freebsd-src/sys/riscv/riscv/trap.c
[05:11:43] [spechunter] [Grep] pattern='tf_sstatus.*SUM|SUM.*tf_sstatus|sstatus.*SUM'
[05:12:02] [spechunter] [Grep] pattern='smip|Smip|SMIP|smstateen|Smstateen'
[05:12:02] [spechunter] [Grep] pattern='sipopret|sret.*SUM|SUM.*sret|mret.*SUM|mnret'
[05:12:02] [spechunter] [Grep] pattern='SSTATUS_SUM'
[05:12:06] [spechunter] [Grep] pattern='mnepc|mncause|mnstatus|mnscratch'
[05:12:06] [spechunter] [Grep] pattern='clic|CLIC'
[05:12:06] [spechunter] [Grep] pattern='mnepc|mncause|mnstatus|mnscratch'
[05:12:06] [spechunter] [Grep] pattern='VMSTATE.*[Rr][Nn][Mm][Ii]|[Rr][Nn][Mm][Ii].*VMSTATE'
[05:12:06] [spechunter] [Grep] pattern='rnmi|RNMI|mnepc|mncause|mnstatus|mnscratch|clic|CLIC'
[05:12:06] [spechunter] [Grep] pattern='mnepc|mncause|mnstatus|mnscratch'
[05:12:09] [spechunter] [Grep] pattern='sspush|sspop'
[05:12:09] [spechunter] [Grep] pattern='cpu_st\\d*_data|cpu_ld\\d*_data'
[05:12:09] [spechunter] [Grep] pattern='xstatus|SSTATUS|sstatus'
[05:12:09] [spechunter] [Grep] pattern='(store|write).*(csr|mepc|mcause|sepc|scause|mtval|stval)'
[05:12:09] [spechunter] [Grep] pattern='smstateen|mstateen|sstateen|hstateen'
[05:12:09] [spechunter] [Grep] pattern='ctr'
[05:12:09] [spechunter] [Grep] pattern='push|pop'
[05:12:09] [spechunter] [Grep] pattern='push|pop'
[05:12:18] [spechunter] [Read] /home/yzs/riscv/freebsd-src/sys/riscv/riscv/exception.S
[05:12:18] [spechunter] [Read] /home/yzs/riscv/freebsd-src/sys/riscv/include/asm.h
[05:12:18] [spechunter] [Read] /home/yzs/riscv/freebsd-src/sys/riscv/riscv/trap.c
[05:12:40] [spechunter] [Grep] pattern='mnepc|mncause|mnstatus|mnscratch'
[05:12:40] [spechunter] [Grep] pattern='mnepc|mncause|mnstatus|mnscratch'
[05:12:40] [spechunter] [Grep] pattern='smrnmi|ext_smrnmi|rnmip|MNSTATUS'
[05:12:40] [spechunter] [Read] /home/yzs/riscv/qemu/target/riscv/cpu_helper.c
[05:12:40] [spechunter] [Read] /home/yzs/riscv/qemu/target/riscv/cpu_helper.c
[05:12:40] [spechunter] [Read] /home/yzs/riscv/qemu/target/riscv/cpu_helper.c
[05:12:40] [spechunter] [Read] /home/yzs/riscv/qemu/target/riscv/cpu_helper.c
[05:12:40] [spechunter] [Grep] pattern='cpu_st|cpu_ld|cpu_physical_memory'
[05:12:44] [spechunter] [Grep] pattern='ssp|sipopret|Smip|smip|clrint|clrup|mnreti|sret_push|fast.irq|fast.interrupt'
[05:12:44] [spechunter] [Read] /home/yzs/riscv/freebsd-src/sys/riscv/riscv/exception.S
[05:12:44] [spechunter] [Read] /home/yzs/riscv/freebsd-src/sys/riscv/riscv/exception.S
[05:12:58] [spechunter] [Read] /home/yzs/riscv/qemu/target/riscv/insn_trans/trans_rvzicfiss.c.inc
[05:12:58] [spechunter] [Grep] pattern='SMSTATEEN0_CS|zicfiss|shadow.stack|ssp'
[05:12:58] [spechunter] [Grep] pattern='csr.*memory|memory.*csr|store.*status|write.*mepc|write.*mcause|cpu_st|cpu_ld'
[05:12:58] [spechunter] [Read] /home/yzs/riscv/qemu/target/riscv/cpu_helper.c
[05:13:05] [spechunter] [Grep] pattern='rnmi|RNMI|rnmi_irqvec|rnmi_excpvec|rnmip'
[05:13:05] [spechunter] [Read] /home/yzs/riscv/qemu/target/riscv/machine.c
[05:13:05] [spechunter] [Bash] List KVM directory contents
[05:13:05] [spechunter] [Read] /home/yzs/riscv/qemu/target/riscv/gdbstub.c
[05:13:25] [spechunter] [text] Let me also check the user access handling path for completeness, since SUM violations could arise there too.  
[05:13:25] [spechunter] [Grep] pattern='ENTER_USER_ACCESS|EXIT_USER_ACCESS'
[05:13:25] [spechunter] [Read] /home/yzs/riscv/freebsd-src/sys/riscv/riscv/exception.S
[05:13:25] [spechunter] [Read] /home/yzs/riscv/freebsd-src/sys/riscv/riscv/trap.c
[05:13:34] [spechunter] [Grep] pattern='mnepc|mncause|mnstatus|mnscratch|rnmi|RNMI|rnmip|rnmi_irqvec|rnmi_excpvec'
[05:13:34] [spechunter] [Grep] pattern='clic|CLIC'
[05:13:34] [spechunter] [Grep] pattern='rnmi_irqvec|rnmi_excpvec'
[05:13:42] [spechunter] [Grep] pattern='riscv_cpu_set_mode'
[05:13:42] [spechunter] [Grep] pattern='zicfiss|bcfi_enabled|shadow.stack'
[05:13:42] [spechunter] [Grep] pattern='ctr_dst\\[|ctr_src\\[|ctr_data\\['
[05:13:42] [spechunter] [Grep] pattern='riscv_mem|qemu_log_mask.*int|qemu_log_mask.*exc'
[05:13:42] [spechunter] [Read] /home/yzs/riscv/qemu/target/riscv/cpu_helper.c
[05:13:48] [spechunter] [Read] /home/yzs/riscv/qemu/target/riscv/cpu_helper.c
[05:13:48] [spechunter] [Read] /home/yzs/riscv/qemu/target/riscv/cpu_helper.c
[05:14:00] [spechunter] [Grep] pattern='store|write.*env->'
[05:14:00] [spechunter] [Grep] pattern='tlb_flush|cpu_physical_memory|address_space'
[05:14:00] [spechunter] [Grep] pattern='smctr|ssctr'
[05:14:01] [spechunter] [Grep] pattern='mnscratch|mnepc|mncause|mnstatus|rnmip|rnmi_irqvec|rnmi_excpvec'
[05:14:01] [spechunter] [Grep] pattern='smrnmi|ext_smrnmi'
[05:14:02] [spechunter] [text] Now let me also check if there's any Smip-related header or macro definitions.  
[05:14:02] [spechunter] [Grep] pattern='smip|ssip|sipopret|mnreti|clrint|clrup|stimecmp|vstimecmp|mstateen'
[05:14:02] [spechunter] [Read] /home/yzs/riscv/freebsd-src/sys/riscv/include/riscvreg.h
[05:14:43] [spechunter] [text] Now let me check the full exception path for user traps as well.  
[05:14:43] [spechunter] [Read] /home/yzs/riscv/freebsd-src/sys/riscv/riscv/trap.c
[05:14:43] [spechunter] [Grep] pattern='cpu_exception_handler_user|save_registers 0'
[05:16:06] [spechunter] [text] Now let me verify there's no sipopret or Smip implementation elsewhere, and check the internal CPU exception handler dis...
[05:16:06] [spechunter] [Grep] pattern='sipopret|mnreti|clrint|clrup|ssp'
[05:16:06] [spechunter] [Read] /home/yzs/riscv/freebsd-src/sys/riscv/riscv/exception.S
[05:16:53] [spechunter] [text] Based on an exhaustive search of the QEMU RISC-V codebase, here are my findings.  **Summary: CLIC (Core-Local Interrupt ...
[05:16:55] [spechunter] [text] Now I have a complete picture. Let me synthesize the analysis.  The security spec describes a vulnerability related to *...
[05:17:13] [spechunter] [text] Let me validate the key locations against the actual code before producing the final set.  
[05:17:13] [spechunter] [Read] /home/yzs/riscv/qemu/target/riscv/cpu_bits.h
[05:17:13] [spechunter] [Read] /home/yzs/riscv/qemu/target/riscv/cpu_bits.h
[05:17:13] [spechunter] [Read] /home/yzs/riscv/qemu/target/riscv/cpu_bits.h
[05:17:13] [spechunter] [Read] /home/yzs/riscv/qemu/target/riscv/cpu.h
[05:17:13] [spechunter] [Read] /home/yzs/riscv/qemu/target/riscv/cpu.h
[05:17:13] [spechunter] [Read] /home/yzs/riscv/qemu/target/riscv/cpu.h
[05:17:37] [spechunter] [Read] /home/yzs/riscv/qemu/target/riscv/cpu_helper.c
[05:17:37] [spechunter] [Read] /home/yzs/riscv/qemu/target/riscv/cpu_helper.c
[05:17:37] [spechunter] [Read] /home/yzs/riscv/qemu/target/riscv/cpu_helper.c
[05:17:37] [spechunter] [Read] /home/yzs/riscv/qemu/target/riscv/cpu_helper.c
[05:17:37] [spechunter] [Read] /home/yzs/riscv/qemu/target/riscv/cpu_helper.c
[05:17:49] [spechunter] [Read] /home/yzs/riscv/qemu/target/riscv/op_helper.c
[05:17:49] [spechunter] [Read] /home/yzs/riscv/qemu/target/riscv/op_helper.c
[05:17:49] [spechunter] [Read] /home/yzs/riscv/qemu/target/riscv/op_helper.c
[05:17:49] [spechunter] [Read] /home/yzs/riscv/qemu/target/riscv/csr.c
[05:17:49] [spechunter] [Read] /home/yzs/riscv/qemu/target/riscv/csr.c
[05:17:49] [spechunter] [Read] /home/yzs/riscv/qemu/target/riscv/csr.c
[05:17:57] [spechunter] [Read] /home/yzs/riscv/qemu/target/riscv/insn_trans/trans_privileged.c.inc
[05:17:57] [spechunter] [Read] /home/yzs/riscv/qemu/target/riscv/insn_trans/trans_privileged.c.inc
[05:17:57] [spechunter] [Read] /home/yzs/riscv/qemu/target/riscv/csr.c
[05:17:57] [spechunter] [Read] /home/yzs/riscv/qemu/target/riscv/cpu.c
[05:17:57] [spechunter] [Read] /home/yzs/riscv/qemu/target/riscv/cpu.c
[05:18:46] [spechunter] [Grep] pattern='#define SSTATUS_SPP'
[05:18:46] [spechunter] [Grep] pattern='#define SSTATUS_SUM'
[05:18:46] [spechunter] [Grep] pattern='#define SSTATUS_SDT'
[05:20:55] [spechunter] [text] All fast-path locations validated against actual code. Slow-path returned empty. Here's the cross-validated, deduplicate...
[05:21:23] [spechunter] [Agent] description, prompt
[05:21:59] [spechunter] [Grep] pattern='smip|SMIP|Smip'
[05:21:59] [spechunter] [Grep] pattern='popret|mipopret|sipopret|m_iretip|u_iretip|mretpop'
[05:21:59] [spechunter] [Grep] pattern='sncause|mncause|snxti|mnxti'
[05:21:59] [spechunter] [Grep] pattern='clic'
[05:22:23] [spechunter] [Grep] pattern='CLIC|clic'
[05:22:23] [spechunter] [Grep] pattern='cm_push|cm_pop|cm\\.push|cm\\.pop|pushpop|push_pop'
[05:22:23] [spechunter] [Grep] pattern='mcause.*mem|mcause.*store|mcause.*load|save.*mcause|store.*mcause'
[05:22:23] [spechunter] [Grep] pattern='intr_pend|int_pend|pending_int|interrupt_pend|INT_PEND'
[05:22:23] [spechunter] [Grep] pattern='snxti|mnxti|sselectip|mintstatus|mintthresh|sintstatus|sintthresh|scause'
[05:22:51] [spechunter] [Grep] pattern='mintstatus|mintthresh|sintstatus|sintthresh'
[05:22:51] [spechunter] [Grep] pattern='fast.interrupt|interrupt.*push|interrupt.*pop|mcause.*stack|mcause.*push'
[05:22:51] [spechunter] [Grep] pattern='0x7[0-9a-f][0-9a-f]'
[05:22:51] [spechunter] [Grep] pattern='clint|CLINT'
[05:23:07] [spechunter] [Glob] **/*clic*
[05:23:07] [spechunter] [Glob] **/*CLIC*
[05:23:07] [spechunter] [Bash] List hw/intc directory contents
[05:23:07] [spechunter] [Grep] pattern='clic|CLIC|core.local'
[05:23:20] [spechunter] [Grep] pattern='csr.*0x7[4-7][0-9a-f]'
[05:23:20] [spechunter] [Grep] pattern='#define CSR'
[05:23:53] [spechunter] [Grep] pattern='xtvec|xtvt|xcause|xnxti|selectip'
[05:23:53] [spechunter] [Grep] pattern='clic|CLIC|core.local.interrupt'
[05:23:53] [spechunter] [Grep] pattern='mint|mnxti|snxti|mto|stop|selectip|m_nxti|s_nxti'
[05:23:53] [spechunter] [Grep] pattern='0x7[4-9][0-9a-f]|0x7[a-f][0-9a-f]'
[05:24:22] [spechunter] [Grep] pattern='0x7e|0x7f|0x7c|0x7d'
[05:24:22] [spechunter] [Grep] pattern='mcause.*push|mcause.*pop|mcause.*save|mcause.*restore'
[05:24:22] [spechunter] [Grep] pattern='mintstatus|mintthresh|sintstatus|sintthresh'
[05:24:22] [spechunter] [Grep] pattern='interrupt.*cause.*stack|push.*cause|pop.*cause'
[05:24:22] [spechunter] [Grep] pattern='mncause|mnepc|mnstatus'
[05:25:02] [spechunter] [Grep] pattern='mtvt|mstatus.*clic|nmi.*clic|smode.*clic|clic.*trap|clic.*entry|clic.*return'
[05:25:02] [spechunter] [Grep] pattern='smode|rnmi|mncause|mcause|mepc'
[05:25:02] [spechunter] [Grep] pattern='NMI|nmi|INTR|intr'
[05:25:02] [spechunter] [Grep] pattern='rnmi|RNMI|NMIE|nmi.*interrupt'
[05:25:19] [spechunter] [Grep] pattern='riscv_cpu_do_interrupt'
[05:25:19] [spechunter] [Grep] pattern='trans_mret|trans_sret|trans_uret|trans_mnret'
[05:25:19] [spechunter] [Grep] pattern='mret|sret|uret|mnret'
[05:25:19] [spechunter] [Grep] pattern='mret|sret|uret|mnret|helper_mret'
[05:25:25] [spechunter] [Read] /home/yzs/riscv/qemu/target/riscv/cpu_helper.c
[05:25:25] [spechunter] [Read] /home/yzs/riscv/qemu/target/riscv/cpu_helper.c
[05:25:25] [spechunter] [Read] /home/yzs/riscv/qemu/target/riscv/op_helper.c
[05:25:33] [spechunter] [Read] /home/yzs/riscv/qemu/target/riscv/cpu_helper.c
[05:25:33] [spechunter] [Read] /home/yzs/riscv/qemu/target/riscv/op_helper.c
[05:25:33] [spechunter] [Read] /home/yzs/riscv/qemu/target/riscv/insn_trans/trans_privileged.c.inc
[05:25:48] [spechunter] [Read] /home/yzs/riscv/qemu/target/riscv/csr.c
[05:25:48] [spechunter] [Read] /home/yzs/riscv/qemu/target/riscv/csr.c
[05:25:48] [spechunter] [Grep] pattern='xtvec|jtvec|mrts|srts|mnhp|snhip|intpend|irqpend'
[05:26:09] [spechunter] [Grep] pattern='mepc.*push|mepc.*pop|epc.*push|epc.*pop|interrupt.*stack'
[05:26:09] [spechunter] [Grep] pattern='clint.*mode|clic.*mode|vectored.*mode|hardware.vectored'
[05:26:09] [spechunter] [Grep] pattern='interrupt.*save.*memory|store.*mcause|load.*mcause'
[05:26:09] [spechunter] [Grep] pattern='selintpend|selectip|nextintpend|setipnum|xipnum'
[05:26:22] [spechunter] [Bash] Check git log and branches for CLIC-related commits
[05:26:22] [spechunter] [Grep] pattern='riscv_do_nmi|mcause|mepc|mncause|mnepc'
[05:26:22] [spechunter] [Grep] pattern='mcause|mepc|mncause|mnepc|mnscratch|mnstatus|rnmip'
[05:27:39] [spechunter] [text] Let me independently verify the key findings before writing the final analysis.  
[05:27:39] [spechunter] [Grep] pattern='smip|SMIP|Smip'
[05:27:39] [spechunter] [Grep] pattern='clic|CLIC|sipopret|mipopret|sncause|mncause|mnpush|snpush|snpopret|mnpopret'
[05:27:39] [spechunter] [Glob] **/*clic*
[05:27:39] [spechunter] [Glob] **/*CLIC*
[05:28:04] [spechunter] [text] The results are definitive. Let me write the analysis.  
[05:28:04] [spechunter] [Write] /home/yzs/riscv/qemu/analysis_smip.md
[05:28:17] [spechunter] [text] ```json {   "findings": [     {       "file_path": "target/riscv/",       "function_name": "N/A",       "line_start": 0,...
[08:37:34] [spechunter] PR loaded: #735 riscv/riscv-fast-interrupt — "Smip: specifying effective privilege level at which interrupt push/po…"
[08:37:34] [spechunter]   diff: 2511 chars  body: 11 chars  reviews: 0
[08:37:34] [spechunter] Global pre-filter running...
[08:37:43] [spechunter] [text] {"should_skip": false}
[08:37:44] [spechunter] pre-filter: should_skip=False reason=""
[08:38:00] [spechunter] [text] {"should_skip": false}
[08:38:11] [spechunter] [text] {"should_skip": false}
[08:38:13] [spechunter] [text] {"should_skip": false}
[08:38:18] [spechunter] [text] {"should_skip": false, "skip_reason": "M-mode interrupt pop/return semantics (mipopret, MPRV behavior) are directly rele...
[08:38:28] [spechunter] [text] {"should_skip": false}
[08:38:50] [spechunter] [text] ```json {   "violation_condition": "QEMU's implementation of CLIC/Smip interrupt push/pop (mipopret/sipopret) performs m...
[08:39:07] [spechunter] [TodoWrite] 6 items
[08:39:07] [spechunter] [text] ```json {   "violation_condition": "During hardware-implemented CLIC interrupt push (register save sequence), the store ...
[08:39:07] [spechunter] [Grep] pattern='mipopret|sipopret'
[08:39:07] [spechunter] [Grep] pattern='mnreti|snreti'
[08:39:07] [spechunter] [Grep] pattern='smip'
[08:39:23] [spechunter] [TodoWrite] 6 items
[08:39:34] [spechunter] [Agent] description, subagent_type
[08:39:34] [spechunter] [Agent] description, subagent_type
[08:39:42] [spechunter] [text] The initial searches found no matches for `mipopret`, `sipopret`, `mnreti`, or `snreti` in the actual QEMU source. The `...
[08:39:42] [spechunter] [Grep] pattern='smip'
[08:39:42] [spechunter] [Grep] pattern='smip'
[08:39:42] [spechunter] [Grep] pattern='smip'
[08:39:43] [spechunter] [Grep] pattern='MPRV'
[08:39:43] [spechunter] [Grep] pattern='mstatus\\.MPP'
[08:39:43] [spechunter] [Grep] pattern='sstatus\\.SUM'
[08:39:43] [spechunter] [Grep] pattern='sstatus\\.SPP'
[08:39:43] [spechunter] [Grep] pattern='mipopret'
[08:39:43] [spechunter] [Grep] pattern='sipopret'
[08:39:43] [spechunter] [Grep] pattern='clic|CLIC|CLIC'
[08:39:43] [spechunter] [Grep] pattern='effective_priv|effectivePriv|effPriv'
[08:39:57] [spechunter] [Grep] pattern='helper_mipopret|helper_sipopret|helper_mnreti|helper_snreti'
[08:39:57] [spechunter] [Grep] pattern='smip|mnreti|snreti|mipopret|sipopret'
[08:39:57] [spechunter] [Grep] pattern='clic'
[08:39:57] [spechunter] [Grep] pattern='smip'
[08:39:57] [spechunter] [Grep] pattern='cpu_stl_data|cpu_ldl_data'
[08:40:01] [spechunter] [Agent] description, subagent_type
[08:40:01] [spechunter] [Agent] description, subagent_type
[08:40:01] [spechunter] [Agent] description, subagent_type
[08:40:06] [spechunter] [text] ```json {   "violation_condition": "Kernel S-mode fast-interrupt handler (between CLIC hardware push and sipopret) modif...
[08:40:06] [spechunter] [text] ```json {   "violation_condition": "FreeBSD kernel modifies the page tables or TLB state for the interrupted context's s...
[08:40:14] [spechunter] [text] ```json {   "violation_condition": "OpenSBI modifies mstatus.MPP between the moment a CLIC interrupt is taken (hardware ...
[08:40:14] [spechunter] [Grep] pattern='smip'
[08:40:14] [spechunter] [Grep] pattern='clic'
[08:40:14] [spechunter] [Grep] pattern='clic'
[08:40:14] [spechunter] [Grep] pattern='vmstate_riscv'
[08:40:14] [spechunter] [Grep] pattern='smip'
[08:40:14] [spechunter] [Grep] pattern='smip'
[08:40:15] [spechunter] [Grep] pattern='SUM'
[08:40:15] [spechunter] [Grep] pattern='popret|push.*FSM|intr.*push|interrupt.*push|push.*stack|save.*context|restore.*context'
[08:40:15] [spechunter] [Grep] pattern='mnstatus|MNSTATUS|NMIE|MNPP|mnpp'
[08:40:15] [spechunter] [Grep] pattern='dMode|PRVM|virtMode|virt_mode'
[08:40:15] [spechunter] [Grep] pattern='TLBRequest|TlbRequest|tlb.*request|TLB.*req'
[08:40:15] [spechunter] [Grep] pattern='SPP'
[08:40:25] [spechunter] [text] No matches found in the RISC-V source. Let me search with the fallback vulnerability patterns.  
[08:40:25] [spechunter] [Grep] pattern='helper_mipopret|helper_sipopret'
[08:40:25] [spechunter] [Grep] pattern='clint.*push|clic.*stack'
[08:40:25] [spechunter] [Grep] pattern='smip.*mem_idx|smip.*ld|smip.*st'
[08:40:25] [spechunter] [Grep] pattern='riscv_cpu_do_interrupt.*clic'
[08:40:25] [spechunter] [Grep] pattern='get_physical_address.*clic'
[08:40:27] [spechunter] [Glob] **/*lsu*/**
[08:40:27] [spechunter] [Glob] **/*Lsu*
[08:40:27] [spechunter] [Glob] **/*Lsu*.scala
[08:40:27] [spechunter] [Glob] **/*LoadUnit*
[08:40:27] [spechunter] [Glob] **/*StoreUnit*
[08:40:27] [spechunter] [Grep] pattern='class\\s+Lsu\\b'
[08:40:27] [spechunter] [Grep] pattern='class\\s+LoadUnit\\b'
[08:40:27] [spechunter] [Grep] pattern='class\\s+StoreUnit\\b'
[08:40:27] [spechunter] [Read] /home/yzs/riscv/qemu/analysis_smip.json
[08:40:27] [spechunter] [Grep] pattern='smip|mnreti|snreti|mipopret|sipopret|clic'
[08:40:27] [spechunter] [Read] /home/yzs/riscv/qemu/analysis_smip_trap_swap_async_result.json
[08:40:27] [spechunter] [Read] /home/yzs/riscv/qemu/analysis_smip_conditional_stack_swap.json
[08:40:27] [spechunter] [Grep] pattern='smip|mnreti|snreti|mipopret|sipopret|clic'
[08:40:29] [spechunter] [Grep] pattern='effective_priv|effPriv|eff_priv|cur_priv|priv_mode|effectivePriv'
[08:40:29] [spechunter] [Grep] pattern='MPRV|mstatus\\.MPRV|\\.mprv'
[08:40:29] [spechunter] [Grep] pattern='\\.SUM|sstatus\\.SUM|\\.sum'
[08:40:29] [spechunter] [Grep] pattern='MPP|SPP|\\.mpp|\\.spp'
[08:40:29] [spechunter] [Glob] src/main/scala/**/*TLB*
[08:40:29] [spechunter] [Glob] src/main/scala/**/*PTW*
[08:40:29] [spechunter] [Glob] src/main/scala/**/*MMU*
[08:40:29] [spechunter] [Grep] pattern='TranslationRequest|TLBReq|TlbRequest|TLBRequest|TlbReq'
[08:40:35] [spechunter] [Read] /home/yzs/riscv/XiangShan/src/main/scala/xiangshan/backend/fu/NewCSR/NewCSR.scala
[08:40:35] [spechunter] [Read] /home/yzs/riscv/XiangShan/src/main/scala/xiangshan/backend/fu/NewCSR/NewCSR.scala
[08:40:35] [spechunter] [Read] /home/yzs/riscv/XiangShan/src/main/scala/xiangshan/backend/fu/NewCSR/NewCSR.scala
[08:40:35] [spechunter] [Read] /home/yzs/riscv/XiangShan/src/main/scala/xiangshan/backend/fu/NewCSR/MachineLevel.scala
[08:40:35] [spechunter] [Read] /home/yzs/riscv/XiangShan/src/main/scala/xiangshan/backend/fu/NewCSR/CSREvents/MNretEvent.scala
[08:40:37] [spechunter] [Agent] description, subagent_type
[08:40:37] [spechunter] [Agent] description, subagent_type
[08:40:37] [spechunter] [TodoWrite] 5 items
[08:40:42] [spechunter] [Glob] **/*clic*
[08:40:42] [spechunter] [Glob] **/*CLIC*
[08:40:42] [spechunter] [Glob] **/*Clic*
[08:40:42] [spechunter] [Glob] **/*push*
[08:40:42] [spechunter] [Glob] **/*pop*
[08:40:42] [spechunter] [Glob] **/*Push*
[08:40:42] [spechunter] [Glob] **/*Pop*
[08:40:44] [spechunter] [Grep] pattern='cspspush|sipopret|mipopret'
[08:40:44] [spechunter] [Grep] pattern='cspspush|sipopret|mipopret'
[08:40:44] [spechunter] [Grep] pattern='sstatus'
[08:40:44] [spechunter] [Grep] pattern='mstatus'
[08:40:44] [spechunter] [Grep] pattern='sscratch|mscratch'
[08:40:44] [spechunter] [Grep] pattern='sscratch|mscratch'
[08:40:44] [spechunter] [Grep] pattern='cspspush|sipopret|mipopret'
[08:40:46] [spechunter] [TodoWrite] 7 items
[08:40:47] [spechunter] [Grep] pattern='sipopret'
[08:40:47] [spechunter] [Grep] pattern='mipopret'
[08:40:47] [spechunter] [Grep] pattern='SPP'
[08:40:47] [spechunter] [Grep] pattern='SUM'
[08:40:47] [spechunter] [Grep] pattern='MPP'
[08:40:47] [spechunter] [Grep] pattern='MPRV'
[08:40:47] [spechunter] [Grep] pattern='\\bssp\\b'
[08:40:48] [spechunter] [Grep] pattern='mstatus'
[08:40:48] [spechunter] [Grep] pattern='MPP'
[08:40:48] [spechunter] [Grep] pattern='MPRV'
[08:40:48] [spechunter] [Grep] pattern='mipopret'
[08:40:48] [spechunter] [Grep] pattern='HSM_SUSPEND\\|hart_suspend\\|hart_suspend\\|hsm_suspend\\|CSR_M?STATUS'
[08:40:48] [spechunter] [Grep] pattern='mret'
[08:40:52] [spechunter] [Read] /home/yzs/riscv/XiangShan/src/main/scala/xiangshan/Bundle.scala
[08:40:52] [spechunter] [Read] /home/yzs/riscv/XiangShan/src/main/scala/xiangshan/cache/mmu/TLB.scala
[08:40:52] [spechunter] [Read] /home/yzs/riscv/XiangShan/src/main/scala/xiangshan/cache/mmu/MMUBundle.scala
[08:40:52] [spechunter] [Read] /home/yzs/riscv/XiangShan/src/main/scala/xiangshan/backend/fu/NewCSR/MachineLevel.scala
[08:40:52] [spechunter] [Read] /home/yzs/riscv/XiangShan/src/main/scala/xiangshan/backend/fu/CSR.scala
[08:40:58] [spechunter] [Grep] pattern='smip'
[08:40:58] [spechunter] [Grep] pattern='clic'
[08:40:58] [spechunter] [Grep] pattern='mnstatus'
[08:40:58] [spechunter] [Grep] pattern='snstatus'
[08:40:58] [spechunter] [Grep] pattern='smip'
[08:40:58] [spechunter] [Grep] pattern='clic'
[08:40:58] [spechunter] [Read] /home/yzs/riscv/qemu/target/riscv/cpu_helper.c
[08:40:58] [spechunter] [Read] /home/yzs/riscv/qemu/target/riscv/cpu_helper.c
[08:40:58] [spechunter] [Read] /home/yzs/riscv/qemu/target/riscv/cpu_helper.c
[08:40:58] [spechunter] [Read] /home/yzs/riscv/qemu/target/riscv/cpu_helper.c
[08:40:58] [spechunter] [Read] /home/yzs/riscv/qemu/target/riscv/op_helper.c
[08:40:58] [spechunter] [Read] /home/yzs/riscv/qemu/target/riscv/op_helper.c
[08:40:58] [spechunter] [Read] /home/yzs/riscv/qemu/target/riscv/op_helper.c
[08:41:03] [spechunter] [Glob] **/*.scala
[08:41:03] [spechunter] [Grep] pattern='class\\s+NewLoadUnit\\b'
[08:41:03] [spechunter] [Grep] pattern='class\\s+NewStoreUnit\\b'
[08:41:03] [spechunter] [Grep] pattern='class.*Lsu\\w*\\s*[\\(\\{<]'
[08:41:03] [spechunter] [text] Let me start by exploring the codebase structure for CLIC, trap handling, and HSM suspend paths.  
[08:41:03] [spechunter] [Grep] pattern='mstatus|MSTATUS'
[08:41:03] [spechunter] [Grep] pattern='mipopret|MRET|mret'
[08:41:03] [spechunter] [Grep] pattern='aclic|CLIC|clic'
[08:41:03] [spechunter] [Grep] pattern='hart_suspend|hsm_suspend|HSM_SUSPEND'
[08:41:03] [spechunter] [Grep] pattern='MPP|MPRV|MPIE'
[08:41:05] [spechunter] [text] No matches found for any of the specified entities or fallback patterns in the QEMU RISC-V source. Let me check for rela...
[08:41:05] [spechunter] [Grep] pattern='zicfiss|zicfilp'
[08:41:05] [spechunter] [Grep] pattern='sspush|sspopchk'
[08:41:05] [spechunter] [Grep] pattern='interrupt.*push|interrupt.*pop|trap.*stack.*swap'
[08:41:05] [spechunter] [Grep] pattern='mstatus.*MPRV|mstatus.*MPP|sstatus.*SUM|sstatus.*SPP'
[08:41:05] [spechunter] [Grep] pattern='find_vma|do_munmap|do_mprotect_pkey|vm_munmap|do_brk_flags'
[08:41:05] [spechunter] [Grep] pattern='do_wp_page|wp_page_copy|handle_mm_fault|do_swap_page|do_anonymous_page'
[08:41:05] [spechunter] [Grep] pattern='setup_sigframe|setup_rt_frame|handle_signal'
[08:41:05] [spechunter] [Grep] pattern='put_user|copy_to_user|__copy_to_user|get_user|copy_from_user'
[08:41:05] [spechunter] [Grep] pattern='expand_stack|acct_stack_growth|expand_downwards'
[08:41:05] [spechunter] [Grep] pattern='set_pte|pte_offset_kernel|ptep_set_wrprotect|pte_mk'
[08:41:07] [spechunter] [Grep] pattern='clic|CLIC|smclic|SMCLIC|smstateen'
[08:41:07] [spechunter] [Grep] pattern='sipopret|mipopret'
[08:41:07] [spechunter] [Grep] pattern='setup_sigframe|setup_rt_frame'
[08:41:07] [spechunter] [Grep] pattern='sstatus\\.SPP|sstatus\\.SUM|mstatus\\.MPP|mstatus\\.MPRV'
[08:41:07] [spechunter] [Grep] pattern='fast.interrupt|fast_irq|FAST_IRQ|fastint'
[08:41:07] [spechunter] [text] Let me start with the core files
[08:41:07] [spechunter] [Read] /home/yzs/riscv/freebsd-src/sys/riscv/riscv/trap.c
[08:41:07] [spechunter] [Read] /home/yzs/riscv/freebsd-src/sys/riscv/riscv/swtch.S
[08:41:07] [spechunter] [Glob] sys/riscv/riscv/pmap.c
[08:41:07] [spechunter] [Glob] sys/riscv/riscv/genassym.c
[08:41:09] [spechunter] [Grep] pattern='clic|CLIC|Clic'
[08:41:09] [spechunter] [Grep] pattern='pushPop|push_pop|pushpop|PushPop|push.and.pop|hardware.push|auto.push'
[08:41:09] [spechunter] [Grep] pattern='mipopret|sipopret|mnret|snret|mret|sret'
[08:41:09] [spechunter] [Grep] pattern='context.save|register.save|context_save|reg_save|save_context'
[08:41:09] [spechunter] [Grep] pattern='trap.*push|trap.*pop|interrupt.*push|interrupt.*pop'
[08:41:09] [spechunter] [Grep] pattern='xsave|xSave|XSAVE|stack_pointer.*save|sp.*save.*interrupt'
[08:41:09] [spechunter] [Read] /home/yzs/riscv/opensbi/firmware/fw_base.S
[08:41:09] [spechunter] [Read] /home/yzs/riscv/opensbi/firmware/fw_base.S
[08:41:09] [spechunter] [Read] /home/yzs/riscv/opensbi/lib/sbi/sbi_trap.c
[08:41:09] [spechunter] [Read] /home/yzs/riscv/opensbi/lib/sbi/sbi_hart.c
[08:41:09] [spechunter] [Read] /home/yzs/riscv/opensbi/lib/sbi/sbi_sse.c
[08:41:10] [spechunter] [Grep] pattern='TrapEntryMEvent|TrapEntryHSEvent|TrapEntryVSEvent|TrapEntryMNEvent|TrapEntryDEvent'
[08:41:10] [spechunter] [Grep] pattern='MretEvent|SretEvent|MNretEvent|DretEvent'
[08:41:10] [spechunter] [Read] /home/yzs/riscv/XiangShan/src/main/scala/xiangshan/backend/fu/NewCSR/CSREvents/SretEvent.scala
[08:41:10] [spechunter] [Read] /home/yzs/riscv/XiangShan/src/main/scala/xiangshan/backend/fu/NewCSR/CSREvents/MretEvent.scala
[08:41:10] [spechunter] [Read] /home/yzs/riscv/XiangShan/src/main/scala/xiangshan/backend/fu/NewCSR/CSREvents/TrapEntryMEvent.scala
[08:41:14] [spechunter] [Read] /home/yzs/riscv/linux/arch/riscv/kernel/signal.c
[08:41:14] [spechunter] [Read] /home/yzs/riscv/linux/arch/riscv/mm/fault.c
[08:41:14] [spechunter] [Read] /home/yzs/riscv/linux/arch/riscv/kernel/compat_signal.c
[08:41:17] [spechunter] [text] Let me now read the critical files - trap entry in fw_base.S, HSM suspend, and other mstatus-related code.  
[08:41:17] [spechunter] [Read] /home/yzs/riscv/opensbi/firmware/fw_base.S
[08:41:17] [spechunter] [Read] /home/yzs/riscv/opensbi/lib/sbi/sbi_hart.c
[08:41:17] [spechunter] [Read] /home/yzs/riscv/opensbi/lib/sbi/sbi_ecall_hsm.c
[08:41:17] [spechunter] [Read] /home/yzs/riscv/opensbi/lib/sbi/sbi_hsm.c
[08:41:19] [spechunter] [Grep] pattern='pmap_activate|pmap_remove|pmap_qremove|sfence\\.vma'
[08:41:19] [spechunter] [Grep] pattern='cpu_switch|cpu_throw'
[08:41:19] [spechunter] [Grep] pattern='SSTATUS_SUM|SSTATUS_SPP|SSTATUS_SPIE|SSTATUS_SIE'
[08:41:19] [spechunter] [Grep] pattern='MSTATUS_MPRV|MSTATUS_MPP|MSTATUS_MPIE'
[08:41:19] [spechunter] [Grep] pattern='sret|mret'
[08:41:19] [spechunter] [Grep] pattern='cspspush|sipopret|mipopret'
[08:41:22] [spechunter] [text] Now let me read the exception.S (trap entry/exit), pmap.c, and genassym.c files
[08:41:22] [spechunter] [Glob] sys/riscv/riscv/exception.S
[08:41:22] [spechunter] [Read] /home/yzs/riscv/freebsd-src/sys/riscv/riscv/pmap.c
[08:41:22] [spechunter] [Read] /home/yzs/riscv/freebsd-src/sys/riscv/riscv/genassym.c
[08:41:26] [spechunter] [Read] /home/yzs/riscv/freebsd-src/sys/riscv/riscv/exception.S
[08:41:26] [spechunter] [Read] /home/yzs/riscv/linux/arch/riscv/kernel/usercfi.c
[08:41:26] [spechunter] [Grep] pattern='faulthandler_disabled|in_interrupt|in_atomic|in_irq|in_nmi|irqs_disabled'
[08:41:26] [spechunter] [Grep] pattern='user_mode|EXC_SYSCALL|FAULT_FLAG_USER'
[08:41:26] [spechunter] [Grep] pattern='arch_do_signal_or_restart|do_signal|exit_to_user_mode'
[08:41:26] [spechunter] [Grep] pattern='handle_exception|handle_page_fault|do_notify_resume|do_work_pending'
[08:41:30] [spechunter] [Read] /home/yzs/riscv/opensbi/lib/sbi/sbi_ecall_hsm.c
[08:41:30] [spechunter] [Read] /home/yzs/riscv/opensbi/lib/sbi/sbi_domain_context.c
[08:41:30] [spechunter] [Grep] pattern='hart_suspend|sbi_hart_suspend|sbi_hsm_hart_suspend|SUSPEND'
[08:41:33] [spechunter] [Grep] pattern='sret'
[08:41:33] [spechunter] [Grep] pattern='mret'
[08:41:33] [spechunter] [Grep] pattern='sipopret|mipopret'
[08:41:33] [spechunter] [Grep] pattern='sipopret|mipopret'
[08:41:33] [spechunter] [Grep] pattern='sipopret|mipopret'
[08:41:33] [spechunter] [Grep] pattern='CSR_SSTATUS|CSR_MSTATUS|CSR_SSP'
[08:41:33] [spechunter] [Grep] pattern='SR_SUM|SR_SPP|SR_MPP|SR_MPRV'
[08:41:35] [spechunter] [Grep] pattern='cpu_stl_data.*mipopret|cpu_ldl_data.*sipopret|cpu_stl_data.*clic|cpu_ldl_data.*clic'
[08:41:35] [spechunter] [Grep] pattern='get_physical_address'
[08:41:35] [spechunter] [Grep] pattern='riscv_cpu_do_interrupt'
[08:41:35] [spechunter] [Grep] pattern='SSP|ssp'
[08:41:35] [spechunter] [Grep] pattern='elp|ELP|LP_EXPECTED|lp_expected'
[08:41:35] [spechunter] [Grep] pattern='cpu_stl_|cpu_ldl_|cpu_stw_|cpu_ldw_|cpu_stq_|cpu_ldq_'
[08:41:35] [spechunter] [Grep] pattern='cpu_stl_|cpu_ldl_|cpu_stw_|cpu_ldw_|cpu_stq_|cpu_ldq_'
[08:41:35] [spechunter] [Grep] pattern='mem_idx'
[08:41:35] [spechunter] [Grep] pattern='get_physical_address'
[08:41:35] [spechunter] [Grep] pattern='cursor|stack.*push|stack.*pop|CSR_XSP|CSR_XTVEC'
[08:41:35] [spechunter] [Grep] pattern='helper_mnret|helper_mret|helper_sret'
[08:41:36] [spechunter] [text] Now let me read the critical trap-handling files to understand the sstatus/sscratch manipulation context around sret and...
[08:41:36] [spechunter] [Read] /home/yzs/riscv/freebsd-src/sys/riscv/riscv/exception.S
[08:41:36] [spechunter] [Read] /home/yzs/riscv/freebsd-src/sys/riscv/riscv/trap.c
[08:41:36] [spechunter] [Read] /home/yzs/riscv/freebsd-src/sys/riscv/riscv/swtch.S
[08:41:36] [spechunter] [Read] /home/yzs/riscv/XiangShan/src/main/scala/xiangshan/cache/mmu/TLB.scala
[08:41:36] [spechunter] [Grep] pattern='class TlbReq|TlbReq\\b'
[08:41:36] [spechunter] [Read] /home/yzs/riscv/XiangShan/src/main/scala/xiangshan/backend/fu/NewCSR/NewCSR.scala
[08:41:36] [spechunter] [Read] /home/yzs/riscv/XiangShan/src/main/scala/xiangshan/backend/fu/NewCSR/NewCSR.scala
[08:41:36] [spechunter] [Read] /home/yzs/riscv/XiangShan/src/main/scala/xiangshan/cache/mmu/L2TLB.scala
[08:41:36] [spechunter] [Grep] pattern='priv|privilege|PrivMode|dmode|imode'
[08:41:41] [spechunter] [Grep] pattern='clic|CLIC|smclic|SMCLIC|smstateen'
[08:41:41] [spechunter] [Grep] pattern='clic|CLIC|smclic|SMCLIC'
[08:41:41] [spechunter] [Grep] pattern='SPP|SUM|MPP|MPRV|status\\.'
[08:41:41] [spechunter] [Grep] pattern='ssp|ssp\\b'
[08:41:41] [spechunter] [Grep] pattern='push.*stack|pop.*stack|stack.*push|stack.*pop'
[08:41:41] [spechunter] [Grep] pattern='smstateen|SMSTATEEN'
[08:41:42] [spechunter] [Grep] pattern='pushStack|popStack|intrPush|intrPop|pushPtr|popPtr|mnepc|mscratch'
[08:41:42] [spechunter] [Grep] pattern='TrapEntryMNEvent'
[08:41:42] [spechunter] [Grep] pattern='NMIE|MNPP|MNPV'
[08:41:42] [spechunter] [Grep] pattern='class MnstatusBundle|object MnstatusBundle'
[08:41:42] [spechunter] [Grep] pattern='priv|hartId|privLevel'
[08:41:42] [spechunter] [Grep] pattern='tlb|TLB|Translation|translate|addressTranslate'
[08:41:42] [spechunter] [Grep] pattern='interrupt|context.?save|context.?restore|csr.*save|csr.*restore|mstatus|xstatus'
[08:41:42] [spechunter] [Read] /home/yzs/riscv/XiangShan/src/main/scala/xiangshan/mem/pipeline/Bundles.scala
[08:41:42] [spechunter] [Read] /home/yzs/riscv/XiangShan/src/main/scala/xiangshan/mem/Bundles.scala
[08:41:43] [spechunter] [text] Now let me trace the C trap handler and look for mstatus modifications in the trap handling path
[08:41:43] [spechunter] [Read] /home/yzs/riscv/opensbi/lib/sbi/sbi_trap.c
[08:41:43] [spechunter] [Read] /home/yzs/riscv/opensbi/lib/sbi/sbi_domain_context.c
[08:41:43] [spechunter] [Read] /home/yzs/riscv/opensbi/lib/sbi/sbi_unpriv.c
[08:41:43] [spechunter] [Read] /home/yzs/riscv/opensbi/lib/sbi/sbi_ecall_dbcn.c
[08:41:43] [spechunter] [Grep] pattern='mnstatus'
[08:41:43] [spechunter] [Glob] analysis_smip*
[08:41:43] [spechunter] [Grep] pattern='mprv'
[08:41:43] [spechunter] [Grep] pattern='mnepc'
[08:41:43] [spechunter] [Grep] pattern='mnpv'
[08:41:43] [spechunter] [Grep] pattern='smrnmi'
[08:41:44] [spechunter] [Glob] **/*aclic*
[08:41:44] [spechunter] [Grep] pattern='clic|CLIC|Clic'
[08:41:44] [spechunter] [Grep] pattern='clic|CLIC|Clic'
[08:41:44] [spechunter] [Grep] pattern='clic|CLIC|Clic'
[08:41:44] [spechunter] [Grep] pattern='clic|CLIC|Clic'
[08:41:44] [spechunter] [Grep] pattern='pushpop|push_pop|push.pop'
[08:41:48] [spechunter] [text] Let me also check the VMM switch code and the pmap_activate_sw implementation for full context.  
[08:41:48] [spechunter] [Read] /home/yzs/riscv/freebsd-src/sys/riscv/vmm/vmm_switch.S
[08:41:48] [spechunter] [Read] /home/yzs/riscv/freebsd-src/sys/riscv/riscv/pmap.c
[08:41:48] [spechunter] [Read] /home/yzs/riscv/freebsd-src/sys/riscv/riscv/machdep.c
[08:41:49] [spechunter] [Read] /home/yzs/riscv/linux/arch/riscv/include/asm/entry-common.h
[08:41:49] [spechunter] [Read] /home/yzs/riscv/linux/arch/riscv/kernel/traps.c
[08:41:49] [spechunter] [Read] /home/yzs/riscv/linux/arch/riscv/include/asm/ptrace.h
[08:41:50] [spechunter] [Grep] pattern='MPRV'
[08:41:50] [spechunter] [Read] /home/yzs/riscv/linux/arch/riscv/kernel/entry.S
[08:41:50] [spechunter] [Read] /home/yzs/riscv/linux/arch/riscv/include/asm/csr.h
[08:41:52] [spechunter] [Grep] pattern='def perm_check|perm_check'
[08:41:52] [spechunter] [Grep] pattern='mode\\(i\\)|mode\\(|mode_tmp|\\.mode|PrivMode|ModeU|ModeS|ModeM|ModeHS'
[08:41:52] [spechunter] [Grep] pattern='perm_check|def perm'
[08:41:52] [spechunter] [Grep] pattern='class TlbReq'
[08:41:52] [spechunter] [Grep] pattern='dMode|iMode|PRVM|dmode|imode|dvirt|ivirt'
[08:41:52] [spechunter] [Grep] pattern='class.*Mode|dMode|iMode|PRVM'
[08:41:58] [spechunter] [text] Let me check the analysis files for more context on this PR.  
[08:41:58] [spechunter] [Read] /home/yzs/riscv/qemu/analysis_smip.json
[08:41:58] [spechunter] [Grep] pattern='riscv_cpu_do_interrupt'
[08:42:01] [spechunter] [Read] /home/yzs/riscv/XiangShan/src/main/scala/xiangshan/cache/mmu/TLB.scala
[08:42:01] [spechunter] [Read] /home/yzs/riscv/XiangShan/src/main/scala/xiangshan/backend/fu/NewCSR/CSRBundles.scala
[08:42:01] [spechunter] [Grep] pattern='class TlbCsrBundle|class TlbIO|class.*ModeBundle|PRVM|imode|dmode|dvirt|ivirt|class.*PrivState'
[08:42:01] [spechunter] [Grep] pattern='hasCSRConst|ModeU|ModeS|ModeM|ModeHS|object PrivMode'
[08:42:03] [spechunter] [text] Now let me look at the remaining affected files for SSE, double trap, and trap-related mstatus manipulation  
[08:42:03] [spechunter] [Read] /home/yzs/riscv/opensbi/lib/sbi/sbi_sse.c
[08:42:03] [spechunter] [Read] /home/yzs/riscv/opensbi/lib/sbi/sbi_double_trap.c
[08:42:03] [spechunter] [Read] /home/yzs/riscv/opensbi/include/sbi/sbi_trap.h
[08:42:03] [spechunter] [Read] /home/yzs/riscv/opensbi/lib/sbi/sbi_illegal_insn.c
[08:42:04] [spechunter] [Grep] pattern='do_irq'
[08:42:04] [spechunter] [Grep] pattern='sipopret|mipopret|sret|sstatus.*SPP|mstatus.*MPP'
[08:42:04] [spechunter] [Grep] pattern='sipopret|mipopret|smpep|smaia|smstateen|sspopchk'
[08:42:08] [spechunter] [Read] /home/yzs/riscv/XiangShan/smtp_trap_pushpop_audit.json
[08:42:08] [spechunter] [Grep] pattern='TrapEntry|trapEntry|trap_entry|TrapExit|trapExit|trap_exit'
[08:42:08] [spechunter] [Grep] pattern='auto.push|hardware.push|hw.push|auto_push|hw_push'
[08:42:08] [spechunter] [Grep] pattern='Smtpush|Smtpop|SMTP|smtp'
[08:42:09] [spechunter] [Read] /home/yzs/riscv/linux/arch/riscv/include/asm/csr.h
[08:42:09] [spechunter] [Read] /home/yzs/riscv/linux/arch/riscv/kernel/entry.S
[08:42:09] [spechunter] [Grep] pattern='mnxti|SNIP|snip|mnxtise'
[08:42:09] [spechunter] [Grep] pattern='handle_exception|handle_kernel_stack_overflow|do_irq|handle_irq'
[08:42:09] [spechunter] [Glob] arch/riscv/kernel/signal.c
[08:42:09] [spechunter] [Glob] drivers/irqchip/irq-riscv*.c
[08:42:09] [spechunter] [text] Let me now look at the SSE event injection path and the emulate CSR path for mstatus writes.  
[08:42:09] [spechunter] [Grep] pattern='MSTATUS_MPP|MSTATUS_MPV|MSTATUS_MPIE'
[08:42:09] [spechunter] [Read] /home/yzs/riscv/opensbi/lib/sbi/sbi_emulate_csr.c
[08:42:09] [spechunter] [Read] /home/yzs/riscv/opensbi/lib/sbi/sbi_system.c
[08:42:12] [spechunter] [Read] /home/yzs/riscv/linux/arch/riscv/kernel/usercfi.c
[08:42:12] [spechunter] [Read] /home/yzs/riscv/linux/arch/riscv/mm/pgtable.c
[08:42:12] [spechunter] [Read] /home/yzs/riscv/linux/arch/riscv/include/asm/pgtable.h
[08:42:12] [spechunter] [Read] /home/yzs/riscv/linux/arch/riscv/include/asm/pgtable.h
[08:42:16] [spechunter] [Read] /home/yzs/riscv/XiangShan/src/main/scala/xiangshan/backend/fu/NewCSR/CSRBundles.scala
[08:42:16] [spechunter] [Grep] pattern='PrivMode|ModeU|ModeS|ModeM|ModeHS'
[08:42:16] [spechunter] [Grep] pattern='useDmode|useImode|fetchi|class TlbParameters'
[08:42:16] [spechunter] [Grep] pattern='class TlbIO'
[08:42:16] [spechunter] [Read] /home/yzs/riscv/XiangShan/src/main/scala/xiangshan/backend/fu/NewCSR/NewCSR.scala
[08:42:16] [spechunter] [Grep] pattern='class.*HasCSRConst|HasCSRConst|trait.*CSRConst'
[08:42:16] [spechunter] [Grep] pattern='sbi_hsm_hart_suspend'
[08:42:16] [spechunter] [Grep] pattern='sbi_trap_context'
[08:42:21] [spechunter] [Grep] pattern='clic|CLIC'
[08:42:21] [spechunter] [Grep] pattern='CSR_XTVEC|CSR_XSP|xtvec|xsp'
[08:42:21] [spechunter] [Read] /home/yzs/riscv/qemu/target/riscv/op_helper.c
[08:42:21] [spechunter] [Grep] pattern='riscv_cpu_set_mode'
[08:42:21] [spechunter] [Grep] pattern='cpu_get_bcfien|cpu_get_fcfien'
[08:42:21] [spechunter] [Read] /home/yzs/riscv/qemu/target/riscv/cpu_helper.c
[08:42:23] [spechunter] [Read] /home/yzs/riscv/qemu/target/riscv/cpu_helper.c
[08:42:23] [spechunter] [Read] /home/yzs/riscv/qemu/target/riscv/op_helper.c
[08:42:23] [spechunter] [Read] /home/yzs/riscv/qemu/target/riscv/cpu.h
[08:42:24] [spechunter] [Read] /home/yzs/riscv/opensbi/lib/sbi/sbi_hsm.c
[08:42:24] [spechunter] [Read] /home/yzs/riscv/opensbi/lib/sbi/sbi_domain_context.c
[08:42:24] [spechunter] [Read] /home/yzs/riscv/opensbi/lib/sbi/sbi_trap.c
[08:42:25] [spechunter] [Read] /home/yzs/riscv/linux/arch/riscv/kernel/traps_misaligned.c
[08:42:25] [spechunter] [Read] /home/yzs/riscv/linux/arch/riscv/kernel/traps_misaligned.c
[08:42:25] [spechunter] [Read] /home/yzs/riscv/linux/arch/riscv/kernel/entry.S
[08:42:25] [spechunter] [Grep] pattern='expand_stack|acct_stack_growth'
[08:42:26] [spechunter] [text] Let me read the SSE code more fully, specifically the event injection path that manipulates mstatus.MPP.  
[08:42:26] [spechunter] [Read] /home/yzs/riscv/opensbi/lib/sbi/sbi_sse.c
[08:42:27] [spechunter] [Grep] pattern='mip|mstatus|mepc|sepc|mie|mcause|scause|mtvec|stvec|mtval|stval'
[08:42:27] [spechunter] [Grep] pattern='riscv_gdb'
[08:42:27] [spechunter] [Grep] pattern='kvm.*csr|kvm.*mip|kvm.*smip'
[08:42:27] [spechunter] [Grep] pattern='mip'
[08:42:27] [spechunter] [Grep] pattern='smcsrind|CSR_INDIRECT|scsrind'
[08:42:27] [spechunter] [Grep] pattern='mintstatus|sintstatus'
[08:42:29] [spechunter] [text] Now let me look at the interrupt handler code and pmap_activate to understand the full flow.  
[08:42:29] [spechunter] [Read] /home/yzs/riscv/freebsd-src/sys/riscv/riscv/intr_machdep.c
[08:42:29] [spechunter] [Grep] pattern='pmap_activate_sw'
[08:42:29] [spechunter] [Grep] pattern='sfence\\.vma'
[08:42:29] [spechunter] [Grep] pattern='pmap_remove|pmap_qremove'
[08:42:31] [spechunter] [Read] /home/yzs/riscv/XiangShan/src/main/scala/xiangshan/mem/pipeline/NewLoadUnit.scala
[08:42:31] [spechunter] [Read] /home/yzs/riscv/XiangShan/src/main/scala/xiangshan/cache/dcache/DCacheWrapper.scala
[08:42:31] [spechunter] [Grep] pattern='tlb|TLB|priv|hptw|hartId|mmu|pmp|paddr|gpaddr'
[08:42:31] [spechunter] [Grep] pattern='tlb|TLB|priv|hptw|hartId|mmu|pmp|paddr|gpaddr'
[08:42:31] [spechunter] [Grep] pattern='TlbRequestIO|TlbReq\\b'
[08:42:31] [spechunter] [Grep] pattern='class TlbRequestIO|class TlbReq\\b'
[08:42:31] [spechunter] [Grep] pattern='TrapEntryHSEvent|trapToHS|TrapEntryVSEvent|trapToVS'
[08:42:31] [spechunter] [Read] /home/yzs/riscv/XiangShan/src/main/scala/xiangshan/backend/fu/NewCSR/CSREvents/TrapEntryMNEvent.scala
[08:42:31] [spechunter] [Grep] pattern='tlb.*imode|tlb.*dmode|tlb.*req|TLB.*req'
[08:42:31] [spechunter] [Grep] pattern='TlbReq|TLBReq|tlbReq'
[08:42:36] [spechunter] [text] Let me look at how `sbi_sse_process_pending_events` is called within the trap handler, and also examine the illegal atom...
[08:42:36] [spechunter] [Read] /home/yzs/riscv/opensbi/lib/sbi/sbi_illegal_atomic.c
[08:42:36] [spechunter] [Read] /home/yzs/riscv/opensbi/lib/sbi/sbi_ecall_dbtr.c
[08:42:36] [spechunter] [Read] /home/yzs/riscv/opensbi/lib/sbi/sbi_init.c
[08:42:36] [spechunter] [Grep] pattern='__sbi_hsm_suspend_non_ret_save'
[08:42:36] [spechunter] [Grep] pattern='__sbi_hsm_suspend_default'
[08:42:36] [spechunter] [Grep] pattern='csr_write.*CSR_MSTATUS\\|csrw.*mstatus\\|CSR_MSTATUS'
[08:42:37] [spechunter] [Grep] pattern='trapEntry|hasTrap|interrupt|push|pop|stack|save|spill|restore|FSM|stateMachine|microcode|uop'
[08:42:37] [spechunter] [Grep] pattern='interrupt.*save|int.*save|trap.*mem|mem.*trap'
[08:42:37] [spechunter] [Grep] pattern='FSM|fsm|stateMachine|StateMachine'
[08:42:37] [spechunter] [Grep] pattern='microcode|Microcode|uCode|ucode|uopCode'
[08:42:37] [spechunter] [Glob] **/*
[08:42:37] [spechunter] [Grep] pattern='popret|mnret|snret|mipopret|sipopret'
[08:42:40] [spechunter] [Read] /home/yzs/riscv/linux/arch/riscv/kernel/traps.c
[08:42:40] [spechunter] [Read] /home/yzs/riscv/linux/arch/riscv/kernel/signal.c
[08:42:40] [spechunter] [Read] /home/yzs/riscv/linux/drivers/irqchip/irq-riscv-intc.c
[08:42:40] [spechunter] [Grep] pattern='mret|sret|SRET|MRET'
[08:42:40] [spechunter] [Grep] pattern='mret|sret'
[08:42:41] [spechunter] [Read] /home/yzs/riscv/freebsd-src/sys/riscv/riscv/pmap.c
[08:42:41] [spechunter] [Grep] pattern='intr_irq_handler'
[08:42:41] [spechunter] [Grep] pattern='intr_irq_handler'
[08:42:41] [spechunter] [Grep] pattern='intr_irq_handler'
[08:42:44] [spechunter] [text] Now I have complete data. Let me compile the final JSON report.  ```json {   "locations": [     {       "file_path": "sy...
[08:42:45] [spechunter] [Read] /home/yzs/riscv/linux/arch/riscv/kernel/traps.c
[08:42:45] [spechunter] [Grep] pattern='CSR_STATUS|csrw.*sstatus|csrs.*sstatus|csrc.*sstatus'
[08:42:45] [spechunter] [Grep] pattern='do_irq|handle_irq|generic_handle_irq|irq_handler'
[08:42:45] [spechunter] [Grep] pattern='sipopret|mipopret|zicfiss'
[08:42:45] [spechunter] [Read] /home/yzs/riscv/linux/arch/riscv/kernel/entry.S
[08:42:45] [spechunter] [Grep] pattern='do_wp_page|wp_page_copy|wp_page_reuse|finish_mkwrite_fault'
[08:42:45] [spechunter] [Grep] pattern='handle_mm_fault'
[08:42:48] [spechunter] [Grep] pattern='CSR_MSTATUS'
[08:42:49] [spechunter] [Read] /home/yzs/riscv/XiangShan/src/main/scala/xiangshan/cache/mmu/MMUBundle.scala
[08:42:49] [spechunter] [Grep] pattern='priv|mmuDebug|isForVS|memidx|hlv|hyperinst|DebugInfo'
[08:42:49] [spechunter] [Grep] pattern='TlbRequestIO|TlbResp|class.*TLB|priv|isForVS|def io'
[08:42:49] [spechunter] [Grep] pattern='tlb|TLB|dtlb|itlb|ptw|priv'
[08:42:51] [spechunter] [Read] /home/yzs/riscv/qemu/target/riscv/cpu_helper.c
[08:42:51] [spechunter] [Read] /home/yzs/riscv/qemu/target/riscv/cpu_helper.c
[08:42:51] [spechunter] [Read] /home/yzs/riscv/qemu/target/riscv/cpu_helper.c
[08:42:51] [spechunter] [Grep] pattern='adjust_addr_virt'
[08:42:51] [spechunter] [Grep] pattern='check_access_hlsv'
[08:42:51] [spechunter] [Grep] pattern='smstateen|sstateen|hstateen|mstateen'
[08:42:51] [spechunter] [Grep] pattern='ext_smip|ext_ssip|ext_sm|ext_ss'
[08:42:54] [spechunter] [Read] /home/yzs/riscv/qemu/target/riscv/machine.c
[08:42:54] [spechunter] [Read] /home/yzs/riscv/qemu/target/riscv/gdbstub.c
[08:42:54] [spechunter] [Read] /home/yzs/riscv/qemu/target/riscv/kvm/kvm-cpu.c
[08:42:54] [spechunter] [Read] /home/yzs/riscv/qemu/target/riscv/kvm/kvm-cpu.c
[08:42:54] [spechunter] [Read] /home/yzs/riscv/qemu/target/riscv/csr.c
[08:42:54] [spechunter] [Read] /home/yzs/riscv/qemu/target/riscv/machine.c
[08:42:56] [spechunter] [Read] /home/yzs/riscv/linux/arch/riscv/kvm/vcpu_switch.S
[08:42:56] [spechunter] [Grep] pattern='SMNIP|smnip|SNIP|snip|SUMNIP|smnip'
[08:42:56] [spechunter] [Grep] pattern='MNXTI|mnxti|MNXTI'
[08:42:56] [spechunter] [Grep] pattern='handle_page_fault|do_page_fault|page_fault'
[08:42:57] [spechunter] [Read] /home/yzs/riscv/XiangShan/src/main/scala/xiangshan/backend/fu/NewCSR/CSREvents/TrapEntryMEvent.scala
[08:42:57] [spechunter] [Read] /home/yzs/riscv/XiangShan/src/main/scala/xiangshan/backend/fu/NewCSR/CSREvents/TrapEntryMNEvent.scala
[08:42:57] [spechunter] [Read] /home/yzs/riscv/XiangShan/src/main/scala/xiangshan/backend/fu/NewCSR/CSREvents/MNretEvent.scala
[08:42:57] [spechunter] [Read] /home/yzs/riscv/XiangShan/src/main/scala/xiangshan/backend/fu/NewCSR/CSREvents/MretEvent.scala
[08:42:57] [spechunter] [Read] /home/yzs/riscv/XiangShan/src/main/scala/xiangshan/backend/fu/NewCSR/CSREvents/SretEvent.scala
[08:42:59] [spechunter] [Read] /home/yzs/riscv/XiangShan/src/main/scala/xiangshan/cache/mmu/MMUBundle.scala
[08:42:59] [spechunter] [Read] /home/yzs/riscv/XiangShan/src/main/scala/xiangshan/cache/mmu/TLB.scala
[08:42:59] [spechunter] [Grep] pattern='dtlb|itlb|DTLB|ITLB|Dtlb|Itlb'
[08:43:01] [spechunter] [text] Let me also check the full helper_mret and helper_sret functions, and search for any XSP/sp pointer swap related code
[08:43:01] [spechunter] [Read] /home/yzs/riscv/qemu/target/riscv/op_helper.c
[08:43:01] [spechunter] [Read] /home/yzs/riscv/qemu/target/riscv/op_helper.c
[08:43:01] [spechunter] [Grep] pattern='XSP|xsp|mipopret|sipopret|swap.*stack|stack.*swap|alternate.*stack'
[08:43:01] [spechunter] [Grep] pattern='XSP|xsp|mipopret|sipopret|swap.*stack|stack.*swap|alternate.*stack'
[08:43:04] [spechunter] [Grep] pattern='switch_mm|set_pgd|flush_tlb|satp|CSR_SATP'
[08:43:04] [spechunter] [Grep] pattern='handle_arch_irq'
[08:43:04] [spechunter] [Grep] pattern='zicfiss|ZICFISS'
[08:43:04] [spechunter] [Grep] pattern='CSR_SSP|csrw.*ssp|csrr.*ssp'
[08:43:06] [spechunter] [Read] /home/yzs/riscv/XiangShan/src/main/scala/xiangshan/backend/fu/util/CSRConst.scala
[08:43:06] [spechunter] [Read] /home/yzs/riscv/XiangShan/src/main/scala/xiangshan/cache/mmu/TLBStorage.scala
[08:43:06] [spechunter] [Grep] pattern='class DcsrStruct|\\.mprven|\\.mpp'
[08:43:06] [spechunter] [Read] /home/yzs/riscv/XiangShan/src/main/scala/xiangshan/backend/fu/wrapper/CSR.scala
[08:43:06] [spechunter] [Grep] pattern='tlb\\.priv|io\\.tlb'
[08:43:06] [spechunter] [Grep] pattern='mstatus|mstatusStruct|class MstatusStruct'
[08:43:07] [spechunter] [Read] /home/yzs/riscv/linux/arch/riscv/mm/fault.c
[08:43:07] [spechunter] [Read] /home/yzs/riscv/linux/arch/riscv/include/asm/uaccess.h
[08:43:07] [spechunter] [Grep] pattern='handle_page_fault|do_page_fault|user_mode|user_access|mmap_read|vmalloc_fault|pte_offset|ptep_get'
[08:43:07] [spechunter] [Read] /home/yzs/riscv/linux/arch/riscv/kernel/usercfi.c
[08:43:07] [spechunter] [Grep] pattern='irq_stack|call_on_irq_stack|on_thread_stack|IRQ_STACK'
[08:43:08] [spechunter] [Read] /home/yzs/riscv/opensbi/lib/sbi/sbi_hsm.c
[08:43:08] [spechunter] [Read] /home/yzs/riscv/opensbi/lib/sbi/sbi_hart.c
[08:43:08] [spechunter] [Read] /home/yzs/riscv/opensbi/lib/sbi/sbi_hart.c
[08:43:08] [spechunter] [Read] /home/yzs/riscv/opensbi/lib/sbi/sbi_system.c
[08:43:09] [spechunter] [Read] /home/yzs/riscv/qemu/target/riscv/op_helper.c
[08:43:09] [spechunter] [Read] /home/yzs/riscv/qemu/target/riscv/internals.h
[08:43:09] [spechunter] [Read] /home/yzs/riscv/qemu/target/riscv/cpu.h
[08:43:09] [spechunter] [Read] /home/yzs/riscv/qemu/target/riscv/op_helper.c
[08:43:09] [spechunter] [Read] /home/yzs/riscv/qemu/target/riscv/op_helper.c
[08:43:09] [spechunter] [Grep] pattern='CSR_SSP|csr_ssp|read_ssp|write_ssp'
[08:43:09] [spechunter] [Grep] pattern='class TlbCsrBundle|TlbCSR|tlbCsr|class TlbCSR|tlb\\.csr|csr_tlb|csrBundle|io\\.csr'
[08:43:09] [spechunter] [Grep] pattern='class TlbCSR|TlbCSRBundle|TlbCsrIO|imode|dmode|prvm'
[08:43:09] [spechunter] [Read] /home/yzs/riscv/XiangShan/src/main/scala/xiangshan/cache/mmu/TLB.scala
[08:43:10] [spechunter] [Read] /home/yzs/riscv/linux/arch/riscv/kernel/entry.S
[08:43:10] [spechunter] [Grep] pattern='exit_to_user_mode_loop|do_notify_resume|arch_exit_to_user_mode_work'
[08:43:10] [spechunter] [Grep] pattern='exit_to_user_mode_prepare|exit_to_user_mode_loop|do_notify_resume'
[08:43:14] [spechunter] [Grep] pattern='satp|SATP'
[08:43:14] [spechunter] [Grep] pattern='vmalloc_fault|handle_pte_fault|do_page_fault'
[08:43:14] [spechunter] [Read] /home/yzs/riscv/linux/arch/riscv/mm/fault.c
[08:43:16] [spechunter] [Grep] pattern='priv|HartId|hartId'
[08:43:16] [spechunter] [Grep] pattern='class.*Csr|class.*Priv|TlbCsr|SatpBundle|privB'
[08:43:16] [spechunter] [Read] /home/yzs/riscv/XiangShan/src/main/scala/xiangshan/mem/MemBlock.scala
[08:43:16] [spechunter] [Grep] pattern='interrupt.*save|interrupt.*store|interrupt.*load|mret|sret|trap.*save|trap.*store|context.*push|context.*pop'
[08:43:16] [spechunter] [Read] /home/yzs/riscv/XiangShan/src/main/scala/xiangshan/mem/MemBlock.scala
[08:43:19] [spechunter] [Read] /home/yzs/riscv/linux/arch/riscv/include/asm/irq_stack.h
[08:43:19] [spechunter] [Read] /home/yzs/riscv/linux/arch/riscv/include/asm/thread_info.h
[08:43:19] [spechunter] [Grep] pattern='imsic|IMSIC|aplic|APLIC'
[08:43:19] [spechunter] [Grep] pattern='handle_guest_exception|handle_exit|kvm_riscv_vcpu|kvm_riscv_check'
[08:43:19] [spechunter] [Grep] pattern='CSR_SSP'
[08:43:19] [spechunter] [Grep] pattern='SSE|ENVCFG_SSE|ENVCFG_LPE|envcfg'
[08:43:20] [spechunter] [Read] /home/yzs/riscv/XiangShan/aclic_v3_mmio_spec_violation.json
[08:43:20] [spechunter] [Read] /home/yzs/riscv/XiangShan/aclic_child_index_hardcoded_1_findings.json
[08:43:20] [spechunter] [Read] /home/yzs/riscv/XiangShan/src/main/scala/xiangshan/backend/fu/NewCSR/CSREvents/CSREvent.scala
[08:43:20] [spechunter] [Grep] pattern='InterruptFilter'
[08:43:23] [spechunter] [TodoWrite] 7 items
[08:43:24] [spechunter] [text] Let me also search the broader tree for any references to these entities outside arch/riscv.  
[08:43:24] [spechunter] [Grep] pattern='SR_SPP|SR_MPP|SR_SUM|SR_MPRV'
[08:43:24] [spechunter] [Grep] pattern='sipopret|mipopret|sret|SPP|MPP|SUM|CSR_SSP'
[08:43:24] [spechunter] [Grep] pattern='handle_exception|ret_from_exception|do_irq'
[08:43:24] [spechunter] [Read] /home/yzs/riscv/linux/arch/riscv/kernel/entry.S
[08:43:25] [spechunter] [Read] /home/yzs/riscv/qemu/target/riscv/gdbstub.c
[08:43:25] [spechunter] [Grep] pattern='MSTATUS_SUM'
[08:43:25] [spechunter] [Grep] pattern='SSTATUS_SPP|sstatus.*SPP|sstatus_SPP'
[08:43:25] [spechunter] [Grep] pattern='MSTATUS_MPP'
[08:43:25] [spechunter] [Grep] pattern='miclaim'
[08:43:25] [spechunter] [Grep] pattern='miprio'
[08:43:29] [spechunter] [Read] /home/yzs/riscv/linux/kernel/entry/common.c
[08:43:29] [spechunter] [Grep] pattern='irqentry_exit\\b'
[08:43:29] [spechunter] [Read] /home/yzs/riscv/linux/include/linux/irq-entry-common.h
[08:43:30] [spechunter] [Grep] pattern='class TlbCSR|class TlbCsr|TlbCSR|TlbCsr'
[08:43:30] [spechunter] [Grep] pattern='class TlbCSR|class TlbCsr|io\\.tlb'
[08:43:34] [spechunter] [text] Let me also search for CLIC-related code and check for any existing trap-entry/return patterns that the Smip implementat...
[08:43:34] [spechunter] [Grep] pattern='clic'
[08:43:34] [spechunter] [Grep] pattern='clic'
[08:43:34] [spechunter] [Grep] pattern='cpu_get_fcfien|cpu_get_bcfien'
[08:43:34] [spechunter] [Grep] pattern='MMU_IDX_SS_WRITE|is_sstack|sstack_page'
[08:43:36] [spechunter] [Read] /home/yzs/riscv/freebsd-src/sys/kern/subr_intr.c
[08:43:36] [spechunter] [Read] /home/yzs/riscv/freebsd-src/sys/riscv/riscv/locore.S
[08:43:36] [spechunter] [Read] /home/yzs/riscv/freebsd-src/sys/riscv/riscv/locore.S
[08:43:36] [spechunter] [Grep] pattern='class TlbCsrBundle|imode|dmode|useDmode|spvp|sum|mxr|virt'
[08:43:36] [spechunter] [Read] /home/yzs/riscv/XiangShan/src/main/scala/xiangshan/cache/mmu/MMUBundle.scala
[08:43:40] [spechunter] [Grep] pattern='class TlbCsrBundle|TlbCsrBundle'
[08:43:46] [spechunter] [Grep] pattern='SR_SUM|SR_SPP|SR_MPP'
[08:43:46] [spechunter] [Grep] pattern='handle_page_fault|do_page_fault'
[08:43:48] [spechunter] [Grep] pattern='newLoadUnit|newStoreUnit|NewLoadUnit|NewStoreUnit|loadUnits|storeUnits|lb_io|sb_io|l2_tlb'
[08:43:48] [spechunter] [Grep] pattern='class TlbCsrBundle|class.*PrivMode|class.*imode|class.*dmode|def priv'
[08:43:48] [spechunter] [Grep] pattern='class.*MMUBundle|class.*TlbModule|class.*PrivModeBundle|class.*TlbSatpBundle'
[08:43:48] [spechunter] [Grep] pattern='lb_io|sb_io|lsq_io|hybridUnit|ldu|newLoadUnit|newStoreUnit|storeUnit'
[08:43:48] [spechunter] [Grep] pattern='interrupt|trap_entry|trap.*save|context.*save|xstatus|mstatus|sepc|mepc|stvec|mtvec|xtvec|mpie|spie|mpp|spp'
[08:43:50] [spechunter] [Read] /home/yzs/riscv/qemu/analysis_smip.json
[08:43:50] [spechunter] [Read] /home/yzs/riscv/qemu/analysis_smip_trap_swap_async.json
[08:43:50] [spechunter] [Read] /home/yzs/riscv/qemu/analysis_smip_conditional_stack_swap.json
[08:43:50] [spechunter] [Read] /home/yzs/riscv/XiangShan/src/main/scala/xiangshan/Bundle.scala
[08:43:50] [spechunter] [Read] /home/yzs/riscv/XiangShan/src/main/scala/xiangshan/mem/MemBlock.scala
[08:43:50] [spechunter] [Read] /home/yzs/riscv/XiangShan/src/main/scala/xiangshan/backend/Backend.scala
[08:43:54] [spechunter] [Read] /home/yzs/riscv/XiangShan/src/main/scala/xiangshan/backend/fu/CSR.scala
[08:43:54] [spechunter] [Read] /home/yzs/riscv/XiangShan/src/main/scala/xiangshan/cache/mmu/TLB.scala
[08:43:54] [spechunter] [Grep] pattern='sum\\(idx\\)|mxr\\(idx\\)|mode\\(idx\\)|premode\\(|mode\\(i\\)'
[08:43:56] [spechunter] [Read] /home/yzs/riscv/qemu/analysis_smip_trap_swap_async_result.json
[08:43:56] [spechunter] [Read] /home/yzs/riscv/qemu/analysis_smip_err_cfg.json
[08:44:00] [spechunter] [Read] /home/yzs/riscv/XiangShan/src/main/scala/xiangshan/backend/fu/NewCSR/NewCSR.scala
[08:44:00] [spechunter] [Grep] pattern='TrapHandle|trapHandle'
[08:44:00] [spechunter] [Grep] pattern='scratched|spillSave|spillRestore|saveRegs|restoreRegs'
[08:44:00] [spechunter] [Grep] pattern='stack|SP|spread|sp.write|stackPtr'
[08:44:00] [spechunter] [Grep] pattern='xstatus|xtatus|xpushed|xnret|xnstatus'
[08:44:00] [spechunter] [Grep] pattern='smstateen|Smstateen|SMSTATEEN|smtpush|smtpop|smtext|smtext_save|smtext_restore'
[08:44:02] [spechunter] [Read] /home/yzs/riscv/XiangShan/src/main/scala/xiangshan/cache/mmu/TLB.scala
[08:44:02] [spechunter] [Grep] pattern='priv|mode|PRVM|dmode|imode'
[08:44:02] [spechunter] [Read] /home/yzs/riscv/XiangShan/src/main/scala/xiangshan/cache/mmu/MMUConst.scala
[08:44:07] [spechunter] [Grep] pattern='^noinstr void irqentry_exit'
[08:44:07] [spechunter] [Read] /home/yzs/riscv/linux/mm/memory.c
[08:44:07] [spechunter] [Read] /home/yzs/riscv/linux/mm/memory.c
[08:44:07] [spechunter] [Read] /home/yzs/riscv/qemu/target/riscv/csr.c
[08:44:07] [spechunter] [Grep] pattern='cfi_ss'
[08:44:07] [spechunter] [Grep] pattern='is_sstack_idx|MMU_IDX_SS'
[08:44:07] [spechunter] [Grep] pattern='MMUIdx'
[08:44:07] [spechunter] [Read] /home/yzs/riscv/qemu/target/riscv/cpu_bits.h
[08:44:07] [spechunter] [Grep] pattern='untrap|trap.*stack|stack.*trap|smip|ssip'
[08:44:12] [spechunter] [text] Now let me look at how the backend CSR module drives the TLB CSR bundle and search for any hardware-generated memory acc...
[08:44:12] [spechunter] [Read] /home/yzs/riscv/XiangShan/src/main/scala/xiangshan/backend/fu/wrapper/CSR.scala
[08:44:12] [spechunter] [Read] /home/yzs/riscv/XiangShan/src/main/scala/xiangshan/backend/fu/CSR.scala
[08:44:12] [spechunter] [Grep] pattern='tlb.*dmode|tlb.*dmode|io\\.dmode|dMode|d_mode'
[08:44:12] [spechunter] [Grep] pattern='io\\.tlb|tlbCsr|tlbBundle'
[08:44:14] [spechunter] [Grep] pattern='smstateen|Smstateen|SMSTATEEN|CLIC|clic|Smt|SMTP|smt'
[08:44:14] [spechunter] [Read] /home/yzs/riscv/XiangShan/src/main/scala/xiangshan/backend/fu/NewCSR/TrapHandleModule.scala
[08:44:14] [spechunter] [Grep] pattern='stateEnable|state_enable|mstateen|StateEn'
[08:44:15] [spechunter] [Read] /home/yzs/riscv/XiangShan/src/main/scala/xiangshan/backend/fu/NewCSR/StateEnBundle.scala
[08:44:15] [spechunter] [Grep] pattern='popret|mnret|snret|mipopret|sipopret|poppc|popepc|popcause'
[08:44:16] [spechunter] [Read] /home/yzs/riscv/linux/arch/riscv/kvm/vcpu.c
[08:44:16] [spechunter] [Read] /home/yzs/riscv/linux/arch/riscv/kvm/vcpu.c
[08:44:16] [spechunter] [Read] /home/yzs/riscv/linux/arch/riscv/kvm/vcpu.c
[08:44:16] [spechunter] [Grep] pattern='IRQ_STACKS|CONFIG_IRQ_STACKS'
[08:44:16] [spechunter] [Grep] pattern='sr_sp|spp|SPP'
[08:44:16] [spechunter] [Grep] pattern='PT_STATUS|pt_regs|SR_SPP|SR_SUM|regs.status'
[08:44:23] [spechunter] [Grep] pattern='expand_stack'
[08:44:23] [spechunter] [Read] /home/yzs/riscv/linux/mm/memory.c
[08:44:23] [spechunter] [Read] /home/yzs/riscv/linux/arch/riscv/kernel/usercfi.c
[08:44:28] [spechunter] [text] Now let me check how `useDmode` is set on TLB storage and look for any LSU load/store related to interrupt context save/...
[08:44:28] [spechunter] [Grep] pattern='useDmode|fetchi'
[08:44:28] [spechunter] [Grep] pattern='TrapHandleModule|TrapEntry|trapEntry'
[08:44:30] [spechunter] [Read] /home/yzs/riscv/qemu/target/riscv/csr.c
[08:44:30] [spechunter] [Read] /home/yzs/riscv/qemu/target/riscv/internals.h
[08:44:30] [spechunter] [Read] /home/yzs/riscv/qemu/target/riscv/cpu_helper.c
[08:44:30] [spechunter] [Read] /home/yzs/riscv/qemu/target/riscv/cpu_helper.c
[08:44:30] [spechunter] [Grep] pattern='get_physical_address'
[08:44:30] [spechunter] [Grep] pattern='cpu_get_bcfien'
[08:44:34] [spechunter] [Grep] pattern='mode|priv|PRVM|dmode|imode|SPP|MPP'
[08:44:34] [spechunter] [Grep] pattern='\\.SPP|\\.MPP|\\.mpp|\\.spp'
[08:44:34] [spechunter] [Grep] pattern='class TlbCsrBundle|tlbBundle|io\\.tlb'
[08:44:34] [spechunter] [Grep] pattern='class PtwResp|PtwSectorResp|\\.level'
[08:44:36] [spechunter] [Read] /home/yzs/riscv/linux/arch/riscv/include/asm/ptrace.h
[08:44:36] [spechunter] [Grep] pattern='irqentry_enter|irqentry_enter_from_user_mode|irqentry_exit'
[08:44:36] [spechunter] [Grep] pattern='handle_mm_fault|mmap_read|munmap|mprotect|cow|copy_on_write'
[08:44:36] [spechunter] [Grep] pattern='sr_sp|sr_sum|SR_SPP|SR_SUM|handle_exception'
[08:44:36] [spechunter] [Grep] pattern='sum|SUM|SPP|spp|mpp|MPP|mprv|MPRV'
[08:44:36] [spechunter] [Glob] tmp/*
[08:44:40] [spechunter] [Read] /home/yzs/riscv/qemu/target/riscv/cpu.c
[08:44:40] [spechunter] [Read] /home/yzs/riscv/qemu/target/riscv/csr.c
[08:44:40] [spechunter] [Read] /home/yzs/riscv/qemu/target/riscv/csr.c
[08:44:40] [spechunter] [Read] /home/yzs/riscv/qemu/target/riscv/csr.c
[08:44:40] [spechunter] [Read] /home/yzs/riscv/qemu/target/riscv/csr.c
[08:44:40] [spechunter] [Read] /home/yzs/riscv/qemu/target/riscv/cpu_helper.c
[08:44:47] [spechunter] [Read] /home/yzs/riscv/XiangShan/src/main/scala/xiangshan/backend/fu/NewCSR/TrapHandleModule.scala
[08:44:47] [spechunter] [Grep] pattern='intr_save|intr_restore|context_save|context_restore|hw_save|hw_restore|auto_save|auto_push|auto_pop'
[08:44:47] [spechunter] [Grep] pattern='hasTrap|privState|cur_priv|current_priv|isModeM|isModeHS|isModeVS|isModeVU|isModeHU'
[08:44:51] [spechunter] [Grep] pattern='priv|mode|PRVM|dmode|imode'
[08:44:51] [spechunter] [Read] /home/yzs/riscv/XiangShan/src/main/scala/xiangshan/backend/fu/CSR.scala
[08:44:51] [spechunter] [Read] /home/yzs/riscv/XiangShan/src/main/scala/xiangshan/backend/fu/CSR.scala
[08:44:51] [spechunter] [Grep] pattern='DcsrStruct|mprven'
[08:44:52] [spechunter] [text] {   "locations": [     {       "file_path": "firmware/fw_base.S",       "function_name": "_trap_handler",       "line_st...
[08:44:55] [spechunter] [Grep] pattern='mnret|isMNret|mnretEvent|popret|mipopret|xstatus|xstatush|xtval'
[08:44:55] [spechunter] [Grep] pattern='xstatus|xtatush|xstatush|xstatut|xpushed|xpush|xpop|xpopret|xipopret'
[08:44:55] [spechunter] [Grep] pattern='MNepc|MNSP|mnsp|mnspp|mnscratch|MNcause|mncause'
[08:44:55] [spechunter] [Grep] pattern='MDT|SDT|mstatus.*MDT|mstatus.*SDT|mdt|sdt'
[08:44:55] [spechunter] [Grep] pattern='doubleTrap|double_trap|dbltrp|DBLTRP|EXT_DBLTRP'
[08:44:58] [spechunter] [Read] /home/yzs/riscv/qemu/target/riscv/cpu_helper.c
[08:44:58] [spechunter] [Read] /home/yzs/riscv/qemu/target/riscv/cpu_helper.c
[08:44:58] [spechunter] [Grep] pattern='vmstate.*ssp|vmstate.*smip|vmstate.*xsp'
[08:44:58] [spechunter] [Grep] pattern='adjust_addr_body'
[08:44:58] [spechunter] [Read] /home/yzs/riscv/qemu/target/riscv/internals.h
[08:44:58] [spechunter] [Read] /home/yzs/riscv/qemu/target/riscv/op_helper.c
[08:45:00] [spechunter] [text] 现在我已掌握了完整的搜索结果。以下是综合定位报告：  ```json {   "locations": [     {       "file_path": "target/riscv/cpu_helper.c",       "funct...
[08:45:10] [spechunter] [Grep] pattern='smip|mnreti|snreti|mipopret|sipopret'
[08:45:10] [spechunter] [Grep] pattern='aclic|clic'
[08:45:10] [spechunter] [Grep] pattern='aclic|clic|smip'
[08:45:10] [spechunter] [Glob] **/*clic*
[08:45:10] [spechunter] [Glob] **/*smip*
[08:45:10] [spechunter] [Glob] **/*aclic*
[08:45:15] [spechunter] [Grep] pattern='smstateen|smtpushtold|smtpopold|smtpush|smtpop|SMTP|smtp'
[08:45:15] [spechunter] [Grep] pattern='interrupt|trap|push|pop|save|restore|spill'
[08:45:15] [spechunter] [Grep] pattern='xtstatus|xtstatush|xstatus|xstatush|xstatush'
[08:45:15] [spechunter] [Grep] pattern='mintstatus|Mintstatus|mintStatus|MintStatus|mintstatus'
[08:45:15] [spechunter] [Grep] pattern='smtpopold|smtpushtold'
[08:45:32] [spechunter] [Read] /home/yzs/riscv/qemu/analysis_smip.md
[08:45:32] [spechunter] [Grep] pattern='trap.*entry|trap.*exit|interrupt.*stack|stack.*interrupt'
[08:45:32] [spechunter] [Grep] pattern='helper.*trap|helper.*nmi|helper.*interrupt|helper.*irq'
[08:45:32] [spechunter] [Grep] pattern='helper_.*push|helper_.*pop|helper_.*stack'
[08:45:34] [spechunter] [Grep] pattern='mintstatus|mintStatus|mintstatus'
[08:45:34] [spechunter] [Grep] pattern='FSM|fsm|stateMachine|push|pop|save|restore|stack|spill'
[08:45:34] [spechunter] [Read] /home/yzs/riscv/XiangShan/src/main/scala/xiangshan/backend/fu/NewCSR/InterruptFilter.scala
[08:45:34] [spechunter] [Grep] pattern='NMIE|nmie|nmie|nmi_enable'
[08:45:34] [spechunter] [Glob] **/*
[08:45:35] [spechunter] [Grep] pattern='save_user_shstk|restore_user_shstk|create_rstor_token'
[08:45:35] [spechunter] [Grep] pattern='^noinstr void irqentry_enter'
[08:45:35] [spechunter] [Read] /home/yzs/riscv/linux/arch/riscv/mm/fault.c
[08:45:47] [spechunter] [Read] /home/yzs/riscv/qemu/target/riscv/cpu_helper.c
[08:45:47] [spechunter] [Read] /home/yzs/riscv/qemu/target/riscv/csr.c
[08:45:47] [spechunter] [Read] /home/yzs/riscv/qemu/target/riscv/csr.c
[08:45:47] [spechunter] [Read] /home/yzs/riscv/qemu/target/riscv/csr.c
[08:45:47] [spechunter] [Grep] pattern='CSR_TABLE_SIZE'
[08:45:47] [spechunter] [Read] /home/yzs/riscv/qemu/target/riscv/cpu_helper.c
[08:45:49] [spechunter] [Read] /home/yzs/riscv/qemu/target/riscv/op_helper.c
[08:45:49] [spechunter] [Read] /home/yzs/riscv/qemu/target/riscv/op_helper.c
[08:45:49] [spechunter] [Read] /home/yzs/riscv/qemu/target/riscv/insn_trans/trans_privileged.c.inc
[08:45:49] [spechunter] [Read] /home/yzs/riscv/qemu/target/riscv/csr.c
[08:45:49] [spechunter] [Read] /home/yzs/riscv/qemu/target/riscv/csr.c
[08:45:49] [spechunter] [Read] /home/yzs/riscv/qemu/target/riscv/csr.c
[08:45:50] [spechunter] [Read] /home/yzs/riscv/linux/arch/riscv/kernel/usercfi.c
[08:45:50] [spechunter] [Grep] pattern='noinstr irqentry_state_t irqentry_enter'
[08:45:50] [spechunter] [Read] /home/yzs/riscv/linux/arch/riscv/include/asm/pgtable.h
[08:45:50] [spechunter] [Grep] pattern='mintstatus|Mintstatus'
[08:45:50] [spechunter] [Grep] pattern='privMNret|privMNRet'
[08:45:50] [spechunter] [Grep] pattern='Mnstatus|Mnstatus|mnstatus"'
[08:45:50] [spechunter] [Grep] pattern='csr.*push|csr.*pop|memory.*push|memory.*pop|register.*push|register.*pop'
[08:45:58] [spechunter] [TodoWrite] 6 items
[08:45:58] [spechunter] [text] ```json {   "locations": [     {       "file_path": "arch/riscv/kernel/entry.S",       "function_name": "handle_exceptio...
[08:45:59] [spechunter] [Grep] pattern='class DcsrStruct|object DcsrStruct'
[08:45:59] [spechunter] [Grep] pattern='object.*TlbCsrBundle|TlbCsrBundle.*apply|satp\\.apply|vsatp\\.apply'
[08:45:59] [spechunter] [Read] /home/yzs/riscv/XiangShan/src/main/scala/xiangshan/cache/mmu/MMUBundle.scala
[08:46:03] [spechunter] [text] Let me verify the exact call path for when SSE event injection fires and when HSM suspend is called within the trap hand...
[08:46:03] [spechunter] [Grep] pattern='sbi_ecall_handler'
[08:46:06] [spechunter] [Read] /home/yzs/riscv/qemu/target/riscv/cpu_helper.c
[08:46:06] [spechunter] [Read] /home/yzs/riscv/qemu/target/riscv/cpu_helper.c
[08:46:06] [spechunter] [Read] /home/yzs/riscv/qemu/target/riscv/csr.c
[08:46:06] [spechunter] [Read] /home/yzs/riscv/qemu/analysis_smip.md
[08:46:08] [spechunter] [Grep] pattern='amo_user_shstk'
[08:46:08] [spechunter] [Grep] pattern='^static inline pte_t pte_mkwrite_novma'
[08:46:08] [spechunter] [Grep] pattern='static inline pte_t pte_mkdirty|static inline pte_t pte_mkyoung|static inline void set_pte'
[08:46:10] [spechunter] [Read] /home/yzs/riscv/qemu/analysis_smip_err_cfg.json
[08:46:10] [spechunter] [Read] /home/yzs/riscv/qemu/analysis_smip_trap_swap_async.json
[08:46:10] [spechunter] [Read] /home/yzs/riscv/qemu/analysis_smehv_xivt_trap_dispatch.json
[08:46:10] [spechunter] [Grep] pattern='smip'
[08:46:10] [spechunter] [Read] /home/yzs/riscv/qemu/target/riscv/cpu.h
[08:46:10] [spechunter] [Read] /home/yzs/riscv/qemu/target/riscv/cpu_helper.c
[08:46:14] [spechunter] [Read] /home/yzs/riscv/XiangShan/src/main/scala/xiangshan/mem/pipeline/NewLoadUnit.scala
[08:46:14] [spechunter] [Read] /home/yzs/riscv/XiangShan/src/main/scala/xiangshan/mem/pipeline/NewStoreUnit.scala
[08:46:14] [spechunter] [Grep] pattern='class TlbCsrBundle|PrivModeBundle|class.*imode|class.*dmode|class.*vsum|class.*spvp|def csr'
[08:46:14] [spechunter] [Grep] pattern='trapEntry|trapReturn|isXRet|isMret|isSret|privilegeMode|virtMode|privMode|delegate'
[08:46:14] [spechunter] [Read] /home/yzs/riscv/XiangShan/src/main/scala/xiangshan/mem/pipeline/NewLoadUnit.scala
[08:46:15] [spechunter] [text] Now I have a thorough picture. Let me compile the comprehensive finding into the JSON.  ```json {   "locations": [     {...
[08:46:16] [spechunter] [Read] /home/yzs/riscv/linux/arch/riscv/kvm/vcpu_exit.c
[08:46:16] [spechunter] [Grep] pattern='CLIC|clic|smclic|SMCLIC'
[08:46:16] [spechunter] [Read] /home/yzs/riscv/linux/tmp/sse_violation_report.json
[08:46:16] [spechunter] [Read] /home/yzs/riscv/linux/tmp/smnip_audit_result.json
[08:46:25] [spechunter] [Read] /home/yzs/riscv/linux/arch/riscv/kernel/usercfi.c
[08:46:25] [spechunter] [Read] /home/yzs/riscv/linux/arch/riscv/mm/fault.c
[08:46:25] [spechunter] [Read] /home/yzs/riscv/linux/arch/riscv/lib/uaccess.S
[08:46:27] [spechunter] [Glob] **/*aclic*
[08:46:27] [spechunter] [Glob] **/src/aclic.adoc
[08:46:27] [spechunter] [Bash] Search for the aclic.adoc spec file
[08:46:27] [spechunter] [Read] /home/yzs/riscv/qemu/target/riscv/cpu_cfg_fields.h.inc
[08:46:27] [spechunter] [Read] /home/yzs/riscv/qemu/target/riscv/op_helper.c
[08:46:34] [spechunter] [Grep] pattern='class TlbCsrBundle|class.*PrivMode|class.*SatpBundle|virt|imode|dmode'
[08:46:34] [spechunter] [Grep] pattern='TlbCsrBundle'
[08:46:34] [spechunter] [Read] /home/yzs/riscv/XiangShan/src/main/scala/xiangshan/backend/fu/CSR.scala
[08:46:34] [spechunter] [Grep] pattern='class.*CsrCtrl|class.*PrivMode|def priv|class.*Cus'
[08:46:34] [spechunter] [Grep] pattern='csrCtrl|CustomCSRCtrlIO|TlbCsrBundle'
[08:46:34] [spechunter] [Read] /home/yzs/riscv/XiangShan/src/main/scala/xiangshan/mem/pipeline/NewLoadUnit.scala
[08:46:37] [spechunter] [Read] /home/yzs/riscv/linux/tmp/aclic_audit_result.json
[08:46:37] [spechunter] [Grep] pattern='CLIC|clic|ACLIC|aclic'
[08:46:37] [spechunter] [Grep] pattern='CLIC|clic|ACLIC|aclic'
[08:46:37] [spechunter] [Grep] pattern='sipopret|mipopret|mnret|MNXTI|mnxti'
[08:46:37] [spechunter] [Grep] pattern='SMCLIC|smclic|SMCNTR|smcntr'
[08:46:39] [spechunter] [Grep] pattern='0x346|mintstatus"'
[08:46:39] [spechunter] [Read] /home/yzs/riscv/XiangShan/src/main/scala/xiangshan/backend/fu/NewCSR/MachineLevel.scala
[08:46:39] [spechunter] [Grep] pattern='Smtpush|Smtpop|smtpush|smtpop|smt_push|smt_pop'
[08:46:39] [spechunter] [Grep] pattern='xcontext|xstatus|xspec|xstatush|xpush|xpop|xepc'
[08:46:39] [spechunter] [Grep] pattern='class DcsrStruct|object DcsrStruct'
[08:46:39] [spechunter] [Grep] pattern='class TlbSatpBundle|apply\\(satp'
[08:46:39] [spechunter] [Grep] pattern='class TlbHgatpBundle|apply\\(hgatp'
[08:46:43] [spechunter] [text] Prompt is too long
[08:46:44] [spechunter] [Read] /home/yzs/riscv/linux/mm/memory.c
[08:46:44] [spechunter] [Read] /home/yzs/riscv/linux/arch/riscv/mm/hugetlbpage.c
[08:46:44] [spechunter] [Read] /home/yzs/riscv/linux/arch/riscv/mm/hugetlbpage.c
[08:46:44] [spechunter] [Read] /home/yzs/riscv/linux/arch/riscv/mm/hugetlbpage.c
[08:47:05] [spechunter] [Read] /home/yzs/riscv/qemu/target/riscv/op_helper.c
[08:47:05] [spechunter] [Grep] pattern='rmw_menvcfg'
[08:47:05] [spechunter] [Read] /home/yzs/riscv/qemu/target/riscv/csr.c
[08:47:05] [spechunter] [Read] /home/yzs/riscv/qemu/target/riscv/machine.c
[08:47:05] [spechunter] [Grep] pattern='write_mcounteren'
[08:47:06] [spechunter] [Grep] pattern='class TlbSatpBundle|class TlbHgatpBundle|class TlbMbmcBundle|def apply\\\\(satp|def apply\\\\(hgatp|def apply\\\\(vsatp'
[08:47:06] [spechunter] [Grep] pattern='class TlbSatpBundle|class TlbHgatpBundle|class TlbMbmcBundle'
[08:47:14] [spechunter] [Grep] pattern='TlbCsrBundle|class.*TLBBundle\\b|io.tlb'
[08:47:14] [spechunter] [Read] /home/yzs/riscv/XiangShan/src/main/scala/xiangshan/backend/fu/NewCSR/NewCSR.scala
[08:47:14] [spechunter] [Read] /home/yzs/riscv/XiangShan/src/main/scala/xiangshan/backend/fu/NewCSR/NewCSR.scala
[08:47:14] [spechunter] [Grep] pattern='requestor|class.*IO|def io|pmp.*req'
[08:47:14] [spechunter] [Grep] pattern='class.*TLBIO|requestor|pmp'
[08:47:14] [spechunter] [Grep] pattern='class StoreUnitIO|class.*NewStore|def io|tlb|csrCtrl|redirect'
[08:47:14] [spechunter] [Read] /home/yzs/riscv/XiangShan/src/main/scala/xiangshan/mem/pipeline/NewStoreUnit.scala
[08:47:19] [spechunter] [Grep] pattern='class TlbSatpBundle|class TlbHgatpBundle|class TlbMbmcBundle'
[08:47:25] [spechunter] [Grep] pattern='mintstatus|mintStatus'
[08:47:25] [spechunter] [Grep] pattern='MnstatusBundle'
[08:47:25] [spechunter] [Grep] pattern='genTrapVA|trapAddr.*=|trapPC.*mem|trapPC.*write|trapEntry.*write.*mem'
[08:47:25] [spechunter] [Read] /home/yzs/riscv/XiangShan/src/main/scala/xiangshan/backend/fu/NewCSR/NewCSR.scala
[08:47:28] [spechunter] [Grep] pattern='SS_MMU_INDEX|MMU_IDX_SS_WRITE'
[08:47:28] [spechunter] [Grep] pattern='sspush|sspopchk|c\\.sspush|c\\.sspopchk|zicfiss'
[08:47:28] [spechunter] [Grep] pattern='sspush|sspopchk|zicfiss'
[08:47:28] [spechunter] [Read] /home/yzs/riscv/qemu/target/riscv/translate.c
[08:47:28] [spechunter] [Read] /home/yzs/riscv/qemu/target/riscv/cpu_helper.c
[08:47:28] [spechunter] [Grep] pattern='xsp|XSP|xtvec|XTVEC|smip|SSIP'
[08:47:31] [spechunter] [text] Let me verify these locations against the actual code before producing the final set
[08:47:31] [spechunter] [Read] /home/yzs/riscv/opensbi/firmware/fw_base.S
[08:47:31] [spechunter] [Read] /home/yzs/riscv/opensbi/lib/sbi/sbi_trap.c
[08:47:31] [spechunter] [Read] /home/yzs/riscv/opensbi/lib/sbi/sbi_hart.c
[08:47:36] [spechunter] [Read] /home/yzs/riscv/qemu/target/riscv/insn_trans/trans_rvzicfiss.c.inc
[08:47:36] [spechunter] [Read] /home/yzs/riscv/qemu/target/riscv/tcg/tcg-cpu.c
[08:47:36] [spechunter] [Read] /home/yzs/riscv/qemu/target/riscv/tcg/tcg-cpu.c
[08:47:43] [spechunter] [text] Let me now look at the bhyve/hypervisor paths and search for additional sstatus/mstatus manipulation patterns.  
[08:47:43] [spechunter] [Glob] sys/riscv/vmm/**/*.c
[08:47:43] [spechunter] [Glob] sys/riscv/vmm/**/*.S
[08:47:43] [spechunter] [Grep] pattern='sscratch|SSTATUS_SUM|SSTATUS_MPRV|sstatus|mstatus'
[08:47:43] [spechunter] [Glob] sys/riscv/vmm/**/*.h
[08:47:43] [spechunter] [Read] /home/yzs/riscv/XiangShan/src/main/scala/xiangshan/backend/fu/NewCSR/MachineLevel.scala
[08:47:43] [spechunter] [Grep] pattern='xtstatus|xtatush|xstatush|xstatus|xstatut'
[08:47:43] [spechunter] [Read] /home/yzs/riscv/XiangShan/src/main/scala/xiangshan/backend/fu/NewCSR/NewCSR.scala
[08:47:46] [spechunter] [Read] /home/yzs/riscv/XiangShan/src/main/scala/xiangshan/cache/mmu/MMUBundle.scala
[08:47:46] [spechunter] [Grep] pattern='class\\b.*TLBIO\\b|def ptw|def requestor|def flushPipe|class\\b.*PtwIO'
[08:47:46] [spechunter] [Read] /home/yzs/riscv/XiangShan/src/main/scala/xiangshan/cache/mmu/MMUBundle.scala
[08:47:46] [spechunter] [Read] /home/yzs/riscv/XiangShan/src/main/scala/xiangshan/cache/mmu/MMUBundle.scala
[08:47:46] [spechunter] [Read] /home/yzs/riscv/XiangShan/src/main/scala/xiangshan/backend/fu/CSR.scala
[08:47:46] [spechunter] [Grep] pattern='trapEntryDEType|trapEntryME|trapEntrySE|trapEntryHS|exceptionEntry|nmi|mstatus.*mpp|mpie|spie'
[08:47:46] [spechunter] [Read] /home/yzs/riscv/XiangShan/src/main/scala/xiangshan/backend/fu/CSR.scala
[08:47:55] [spechunter] [Read] /home/yzs/riscv/freebsd-src/sys/riscv/vmm/vmm_switch.S
[08:47:55] [spechunter] [Read] /home/yzs/riscv/freebsd-src/sys/riscv/vmm/vmm_riscv.c
[08:48:07] [spechunter] [Read] /home/yzs/riscv/opensbi/firmware/fw_base.S
[08:48:07] [spechunter] [Read] /home/yzs/riscv/opensbi/firmware/fw_base.S
[08:48:07] [spechunter] [Read] /home/yzs/riscv/opensbi/firmware/fw_base.S
[08:48:14] [spechunter] [text] Now let me look at the vmm fence code and trace critical paths in the pmap code for sfence.vma usage patterns.  
[08:48:14] [spechunter] [Read] /home/yzs/riscv/freebsd-src/sys/riscv/vmm/vmm_fence.c
[08:48:14] [spechunter] [Grep] pattern='cpu_throw|cpu_switch'
[08:48:14] [spechunter] [Grep] pattern='sfence_vma'
[08:48:25] [spechunter] [Read] /home/yzs/riscv/opensbi/lib/sbi/sbi_hsm.c
[08:48:25] [spechunter] [Read] /home/yzs/riscv/opensbi/lib/sbi/sbi_hsm.c
[08:48:25] [spechunter] [Read] /home/yzs/riscv/opensbi/lib/sbi/sbi_sse.c
[08:48:29] [spechunter] [Grep] pattern='mintstatus'
[08:48:29] [spechunter] [Grep] pattern='core.local.interrupt|coreLocalInterrupt|local_interrupt_controller'
[08:48:29] [spechunter] [Grep] pattern='register.spill|register.fill|regSpill|regFill|gprSave|gprRestore'
[08:48:29] [spechunter] [Grep] pattern='save.area|restore.area|context.area|xsavearea'
[08:48:29] [spechunter] [Grep] pattern='mipopret|sipopret|poppc|popcause|popevent|popret'
[08:48:39] [spechunter] [Grep] pattern='trapEntry|trap_entry|isTrap|TriggerTrap|hasTrap|interrupt.*vector|tval.*write|mtval|stval|epc.*write|mepc'
[08:48:39] [spechunter] [Grep] pattern='trapEntry|trap_entry|lcommit|trap.*store|trap.*load'
[08:48:39] [spechunter] [Grep] pattern='interrupt|trap|allow_interrupt'
[08:48:39] [spechunter] [Grep] pattern='class TrapEntry|trapEntry|mepc|mtval|stval|sepc|TrapEntryM'
[08:48:39] [spechunter] [Grep] pattern='priv|mode|imode|dmode|virt|crs'
[08:48:44] [spechunter] [Grep] pattern='mintstatus|Mintstatus|mintStatus'
[08:48:44] [spechunter] [Grep] pattern='CSRPermit|csrIsLegal|csr.*list|allCSR|legalCSR'
[08:48:44] [spechunter] [Grep] pattern='privMNret|privMret|privSret|privDret|privMNRet'
[08:48:45] [spechunter] [Read] /home/yzs/riscv/opensbi/lib/sbi/sbi_sse.c
[08:48:45] [spechunter] [Read] /home/yzs/riscv/opensbi/lib/sbi/sbi_domain_context.c
[08:48:45] [spechunter] [Read] /home/yzs/riscv/opensbi/lib/sbi/sbi_system.c
[08:48:45] [spechunter] [Read] /home/yzs/riscv/opensbi/lib/sbi/sbi_ecall_hsm.c
[08:48:56] [spechunter] [text] Let me search more specifically for CLIC and sipopret-related code, and trace the fast interrupt paths
[08:48:56] [spechunter] [Grep] pattern='sipopret|mipopret'
[08:48:56] [spechunter] [Grep] pattern='CLIC|clic|smclic|SMCLIC'
[08:48:56] [spechunter] [Grep] pattern='fast.interrupt|FAST_IRQ|fast_irq|CLIC_SELHV|CLIC_FI'
[08:49:15] [spechunter] [Grep] pattern='0x346|0x702|mnret.*csr|mnepc.*csr|mnstatus.*csr|mncause.*csr|mnscratch.*csr'
[08:49:15] [spechunter] [Read] /home/yzs/riscv/XiangShan/src/main/scala/xiangshan/backend/decode/isa/CSRs.scala
[08:49:16] [spechunter] [Grep] pattern='CLIC|clic|smclic|SMCLIC'
[08:49:16] [spechunter] [Glob] **/aclic*
[08:49:16] [spechunter] [Read] /home/yzs/riscv/linux/arch/riscv/kernel/entry.S
[08:49:39] [spechunter] [text] Let me check for any Smip-related code or references in the repo.  
[08:49:39] [spechunter] [Grep] pattern='[Ss][Mm][Ii][Pp]'
[08:49:39] [spechunter] [Grep] pattern='smip'
[08:49:43] [spechunter] [Grep] pattern='Mintstatus|mintstatus'
[08:49:43] [spechunter] [Read] /home/yzs/riscv/XiangShan/src/main/scala/xiangshan/backend/fu/NewCSR/MachineLevel.scala
[08:49:48] [spechunter] [text] Now let me read the critical semantic locations in detail.  
[08:49:48] [spechunter] [Read] /home/yzs/riscv/qemu/target/riscv/cpu_helper.c
[08:49:48] [spechunter] [Read] /home/yzs/riscv/qemu/target/riscv/cpu_helper.c
[08:49:48] [spechunter] [Read] /home/yzs/riscv/qemu/target/riscv/internals.h
[08:49:48] [spechunter] [Grep] pattern='do_irq'
[08:49:48] [spechunter] [Grep] pattern='irqentry_exit|exit_to_user_mode'
[08:49:48] [spechunter] [Grep] pattern='sstatus.*SPP|SR_SPP|SPP'
[08:49:50] [spechunter] [Grep] pattern='class.*TlbPrivBundle|class.*priv\\b|PrivBundle|imode|dmode'
[08:49:50] [spechunter] [Read] /home/yzs/riscv/XiangShan/src/main/scala/xiangshan/cache/mmu/MMUBundle.scala
[08:49:50] [spechunter] [Grep] pattern='class PrivModeBundle|class MBMCCsrBundle|class PMMBundle|priv'
[08:49:50] [spechunter] [Read] /home/yzs/riscv/XiangShan/src/main/scala/xiangshan/cache/mmu/MMUBundle.scala
[08:49:54] [spechunter] [Read] /home/yzs/riscv/linux/arch/riscv/kernel/traps.c
[08:49:54] [spechunter] [Read] /home/yzs/riscv/linux/arch/riscv/include/asm/entry-common.h
[08:49:54] [spechunter] [Read] /home/yzs/riscv/linux/kernel/entry/common.c
[08:50:01] [spechunter] [Grep] pattern='class.*Tlb.*Bundle|PrivMode|priv\\b|val.*priv|TlbBundle'
[08:50:01] [spechunter] [Grep] pattern='object.*PrivMode|ModeM|ModeS|ModeU|class.*privs|spvp|virt_changed'
[08:50:01] [spechunter] [Read] /home/yzs/riscv/XiangShan/src/main/scala/xiangshan/cache/mmu/MMUBundle.scala
[08:50:01] [spechunter] [Grep] pattern='class MMUIOBaseB|priv'
[08:50:07] [spechunter] [Grep] pattern='intr_enable'
[08:50:07] [spechunter] [Grep] pattern='SSTATUS_SUM'
[08:50:07] [spechunter] [Read] /home/yzs/riscv/freebsd-src/sys/riscv/riscv/pmap.c
[08:50:20] [spechunter] [Read] /home/yzs/riscv/qemu/target/riscv/cpu_helper.c
[08:50:20] [spechunter] [Read] /home/yzs/riscv/qemu/target/riscv/op_helper.c
[08:50:20] [spechunter] [Read] /home/yzs/riscv/qemu/target/riscv/cpu_helper.c
[08:50:26] [spechunter] [text] Now let me check the critical `riscv_cpu_eff_priv` function and the `get_physical_address` translation path
[08:50:26] [spechunter] [Grep] pattern='riscv_cpu_eff_priv'
[08:50:26] [spechunter] [Grep] pattern='riscv_cpu_set_mode'
[08:50:26] [spechunter] [Grep] pattern='get_physical_address'
[08:50:33] [spechunter] [Grep] pattern='riscv_cpu_eff_priv'
[08:50:33] [spechunter] [Grep] pattern='riscv_cpu_eff_priv'
[08:50:42] [spechunter] [text] Now let me trace the critical paths more carefully — the signal delivery and softirq paths within the interrupt return f...
[08:50:42] [spechunter] [Read] /home/yzs/riscv/linux/arch/riscv/kernel/signal.c
[08:50:42] [spechunter] [Read] /home/yzs/riscv/linux/arch/riscv/mm/fault.c
[08:51:07] [spechunter] [text] Now I have all the data needed. Let me cross-validate each location against the PR topic: "Smip: specifying effective pr...
[08:51:13] [spechunter] [Read] /home/yzs/riscv/qemu/target/riscv/cpu_helper.c
[08:51:13] [spechunter] [Read] /home/yzs/riscv/qemu/target/riscv/translate.c
[08:51:13] [spechunter] [Grep] pattern='SS_MMU_INDEX|mmu_idx|mem_idx.*ctx'
[08:51:37] [spechunter] [Grep] pattern='cpu_stl_data|cpu_ldl_data|cpu_stq_data|cpu_ldq_data|cpu_stw_data|cpu_ldw_data'
[08:51:37] [spechunter] [Read] /home/yzs/riscv/qemu/target/riscv/cpu_helper.c
[08:51:43] [spechunter] [text] I'll start by searching the codebase for SMIP-related code, CLIC interrupt handling, and mstatus.MPP manipulation patter...
[08:51:43] [spechunter] [Grep] pattern='smip|mipopret|smstateen.*push|smstateen.*pop|mnstatus'
[08:51:43] [spechunter] [Grep] pattern='MPP|mstatus.*MPP|CSR_MSTATUS'
[08:51:43] [spechunter] [Grep] pattern='clic|CLIC|clint'
[08:51:43] [spechunter] [Read] /home/yzs/riscv/qemu/target/riscv/op_helper.c
[08:51:43] [spechunter] [Read] /home/yzs/riscv/qemu/target/riscv/translate.c
[08:51:43] [spechunter] [Read] /home/yzs/riscv/qemu/target/riscv/tcg/tcg-cpu.c
[08:51:53] [spechunter] [text] Let me look at the existing SMIP findings and the key source files.  
[08:51:53] [spechunter] [Read] /home/yzs/riscv/opensbi/semantic_finding_smip_trap_handler.json
[08:51:53] [spechunter] [Read] /home/yzs/riscv/opensbi/semantic_finding_smip_mtvec_direct.json
[08:51:53] [spechunter] [Read] /home/yzs/riscv/opensbi/semantic_finding_aclic_hsm_suspend.json
[08:51:56] [spechunter] [text] Now let me look at the irqentry exit path more closely, and also check softirq and KVM paths.  
[08:51:56] [spechunter] [Read] /home/yzs/riscv/linux/include/linux/entry-common.h
[08:51:56] [spechunter] [Read] /home/yzs/riscv/linux/kernel/entry/common.h
[08:51:56] [spechunter] [Grep] pattern='irqentry_exit_to_user_mode'
[08:52:01] [spechunter] [text] Let me check the format of existing audit JSON files and look for more specific patterns.  
[08:52:01] [spechunter] [Read] /home/yzs/riscv/freebsd-src/sscofpmf_audit.json
[08:52:01] [spechunter] [Grep] pattern='cpu_switch|cpu_throw'
[08:52:01] [spechunter] [Read] /home/yzs/riscv/freebsd-src/sys/riscv/include/asm.h
[08:52:16] [spechunter] [Read] /home/yzs/riscv/linux/include/linux/irq-entry-common.h
[08:52:16] [spechunter] [Read] /home/yzs/riscv/linux/include/linux/resume_user_mode.h
[08:52:19] [spechunter] [text] Let me now read the critical source files to analyze the MPP manipulation patterns
[08:52:19] [spechunter] [Read] /home/yzs/riscv/opensbi/firmware/fw_base.S
[08:52:19] [spechunter] [Read] /home/yzs/riscv/opensbi/lib/sbi/sbi_hsm.c
[08:52:19] [spechunter] [Read] /home/yzs/riscv/opensbi/lib/sbi/sbi_hart.c
[08:52:24] [spechunter] [text] Let me also check some critical additional files.  
[08:52:24] [spechunter] [Read] /home/yzs/riscv/qemu/target/riscv/csr.c
[08:52:24] [spechunter] [Read] /home/yzs/riscv/qemu/target/riscv/csr.c
[08:52:24] [spechunter] [Read] /home/yzs/riscv/qemu/target/riscv/csr.c
[08:52:40] [spechunter] [text] Now let me read the Smip-related spec documents and the remaining key source files
[08:52:40] [spechunter] [Bash] List spec reference directories
[08:52:40] [spechunter] [Read] /home/yzs/riscv/opensbi/lib/sbi/sbi_expected_trap.S
[08:52:40] [spechunter] [Read] /home/yzs/riscv/opensbi/lib/sbi/sbi_hsm.c
[08:52:46] [spechunter] [text] Now let me check KVM paths and look deeper at softirq/task_work paths that can modify user memory from the interrupt ret...
[08:52:46] [spechunter] [Grep] pattern='sstatus.*SUM|SR_SUM|SUM'
[08:52:46] [spechunter] [Grep] pattern='ssp|CSR_SSP'
[08:52:46] [spechunter] [Read] /home/yzs/riscv/linux/arch/riscv/include/asm/csr.h
[08:52:57] [spechunter] [text] Let me now check the KVM paths and softirq paths, and also look at the SMPE/ACLIC-related specification in tmp
[08:52:57] [spechunter] [Read] /home/yzs/riscv/linux/tmp/aclic_audit_result.json
[08:52:57] [spechunter] [Read] /home/yzs/riscv/linux/tmp/aclic_violation_report.json
[08:53:01] [spechunter] [Agent] description, prompt
[08:53:01] [spechunter] [Agent] description, prompt
[08:53:01] [spechunter] [Grep] pattern='smip|ipopret|mnstatus|push.*pop|mpp.*interrupt'
[08:53:01] [spechunter] [Grep] pattern='MPP|mpp|mstatus.*privilege|push.*pop'
[08:53:14] [spechunter] [TodoWrite] 6 items
[08:53:21] [spechunter] [Grep] pattern='mipopret|MPP|mnstatus|push|pop|interrupt.*return'
[08:53:37] [spechunter] [Read] /home/yzs/riscv/XiangShan/src/main/scala/xiangshan/backend/fu/NewCSR/CSREvents/TrapEntryMEvent.scala
[08:53:37] [spechunter] [Read] /home/yzs/riscv/XiangShan/src/main/scala/xiangshan/backend/fu/NewCSR/CSREvents/TrapEntryHSEvent.scala
[08:53:37] [spechunter] [Read] /home/yzs/riscv/XiangShan/src/main/scala/xiangshan/backend/fu/NewCSR/CSREvents/TrapEntryMNEvent.scala
[08:53:37] [spechunter] [Read] /home/yzs/riscv/XiangShan/src/main/scala/xiangshan/backend/fu/NewCSR/CSREvents/MretEvent.scala
[08:53:37] [spechunter] [Read] /home/yzs/riscv/XiangShan/src/main/scala/xiangshan/backend/fu/NewCSR/CSREvents/SretEvent.scala
[08:53:37] [spechunter] [Read] /home/yzs/riscv/XiangShan/src/main/scala/xiangshan/backend/fu/NewCSR/CSRBundles.scala
[08:53:37] [spechunter] [Read] /home/yzs/riscv/XiangShan/src/main/scala/xiangshan/backend/fu/NewCSR/TrapHandleModule.scala
[08:53:44] [spechunter] [Bash] List top-level xiangshan directory
[08:53:44] [spechunter] [Glob] src/main/scala/xiangshan/**/LSU*
[08:53:44] [spechunter] [Glob] src/main/scala/xiangshan/**/Lsu*
[08:53:44] [spechunter] [Glob] src/main/scala/xiangshan/**/*Bundle*
[08:53:44] [spechunter] [Grep] pattern='class Lsu\\b|class LSU\\b'
[08:53:44] [spechunter] [Grep] pattern='Dtlb|dtlb'
[08:53:51] [spechunter] [Read] /home/yzs/riscv/rv-isa-sec/spec_ref/riscv-fast-interrupt/src/aclic.adoc
[08:53:55] [spechunter] [text] Now let me check a few more specific paths that matter for this analysis.  
[08:53:55] [spechunter] [Grep] pattern='sipopret|CLIC|clic|fast.interrupt|push.*pop.*stack|interrupt.*push|interrupt.*pop'
[08:53:55] [spechunter] [Grep] pattern='task_work_run|task_work_add|task_work_cancel'
[08:53:55] [spechunter] [Grep] pattern='mprotect|munmap|do_munmap|do_mprotect'
[08:53:57] [spechunter] [text] Now I have a thorough understanding of the codebase. Let me update progress and write the final report
[08:53:57] [spechunter] [TodoWrite] 7 items
[08:54:02] [spechunter] [Read] /home/yzs/riscv/XiangShan/src/main/scala/xiangshan/backend/fu/NewCSR/NewCSR.scala
[08:54:02] [spechunter] [Read] /home/yzs/riscv/XiangShan/src/main/scala/xiangshan/backend/fu/NewCSR/NewCSR.scala
[08:54:02] [spechunter] [Grep] pattern='entryPrivState|trapEntryPrivState|privState.*:=|privState.*Mux|nextPrivState'
[08:54:02] [spechunter] [Read] /home/yzs/riscv/XiangShan/src/main/scala/xiangshan/backend/fu/NewCSR/NewCSR.scala
[08:54:02] [spechunter] [Bash] Count lines in NewCSR.scala
[08:54:03] [spechunter] [Bash] List mem directory
[08:54:03] [spechunter] [Bash] List mem/pipeline directory
[08:54:03] [spechunter] [Bash] List mem/lsqueue directory
[08:54:03] [spechunter] [Read] /home/yzs/riscv/XiangShan/src/main/scala/xiangshan/mem/Bundles.scala
[08:54:03] [spechunter] [Read] /home/yzs/riscv/XiangShan/src/main/scala/xiangshan/mem/lsqueue/LSQBundle.scala
[08:54:03] [spechunter] [Read] /home/yzs/riscv/XiangShan/src/main/scala/xiangshan/mem/pipeline/Bundles.scala
[08:54:23] [spechunter] [text] Let me look at more code paths for MPP manipulation.  
[08:54:23] [spechunter] [Read] /home/yzs/riscv/opensbi/firmware/fw_base.S
[08:54:23] [spechunter] [Read] /home/yzs/riscv/opensbi/firmware/fw_base.S
[08:54:23] [spechunter] [Grep] pattern='MSTATUS_MPP|INSERT_FIELD.*MPP|csr.*MSTATUS.*write|csrw.*MSTATUS'
[08:54:29] [spechunter] [Read] /home/yzs/riscv/XiangShan/src/main/scala/xiangshan/backend/fu/NewCSR/NewCSR.scala
[08:54:29] [spechunter] [Read] /home/yzs/riscv/XiangShan/src/main/scala/xiangshan/backend/fu/NewCSR/NewCSR.scala
[08:54:29] [spechunter] [Read] /home/yzs/riscv/XiangShan/src/main/scala/xiangshan/backend/fu/NewCSR/NewCSR.scala
[08:54:29] [spechunter] [Grep] pattern='flush\\|redirect\\|stall\\|trapEntry.*flush\\|hasTrap.*flush\\|interrupt.*flush\\|exception.*flush'
[08:54:29] [spechunter] [Grep] pattern='EventUpdatePrivStateOutput|updatePrivState'
[08:54:38] [spechunter] [Read] /home/yzs/riscv/XiangShan/src/main/scala/xiangshan/cache/mmu/MMUBundle.scala
[08:54:38] [spechunter] [Read] /home/yzs/riscv/XiangShan/src/main/scala/xiangshan/cache/mmu/TLB.scala
[08:54:38] [spechunter] [Read] /home/yzs/riscv/XiangShan/src/main/scala/xiangshan/Bundle.scala
[08:54:38] [spechunter] [Grep] pattern='priv|privilege|dmode|imode|Dmode|Imode|Priv'
[08:54:38] [spechunter] [Grep] pattern='priv|privilege|dmode|imode|Dmode|Imode|Priv'
[08:54:44] [spechunter] [text] Now I have all the data needed. Let me compile the comprehensive JSON report.  
[08:54:44] [spechunter] [Write] /home/yzs/riscv/qemu/analysis_smip_mem_translation.json
[08:55:02] [spechunter] [Read] /home/yzs/riscv/XiangShan/src/main/scala/xiangshan/backend/fu/NewCSR/CSREvents/MNretEvent.scala
[08:55:02] [spechunter] [Read] /home/yzs/riscv/XiangShan/src/main/scala/xiangshan/backend/fu/NewCSR/CSREvents/TrapEntryVSEvent.scala
[08:55:02] [spechunter] [Read] /home/yzs/riscv/XiangShan/src/main/scala/xiangshan/backend/fu/NewCSR/CSREvents/CSREvent.scala
[08:55:02] [spechunter] [Read] /home/yzs/riscv/XiangShan/src/main/scala/xiangshan/backend/fu/NewCSR/NewCSR.scala
[08:55:03] [spechunter] [TodoWrite] 6 items
[08:55:06] [spechunter] [Read] /home/yzs/riscv/opensbi/lib/sbi/sbi_trap.c
[08:55:06] [spechunter] [Read] /home/yzs/riscv/opensbi/lib/sbi/sbi_sse.c
[08:55:06] [spechunter] [Read] /home/yzs/riscv/opensbi/lib/sbi/sbi_illegal_atomic.c
[08:55:27] [spechunter] [text] Report written to `analysis_smip_mem_translation.json`.  ## Key Findings  **Smip is not implemented in QEMU.** No `helpe...
[08:55:30] [spechunter] [Grep] pattern='redirectFlush'
[08:55:30] [spechunter] [Grep] pattern='trapTargetPc|xretTargetPc'
[08:55:30] [spechunter] [Grep] pattern='io\\.status\\.privState|status\\.privState|io\\.csr.*privState|csr.*privState'
[08:55:30] [spechunter] [Grep] pattern='PRVM|nextV|V\\s*:='
[08:55:30] [spechunter] [Grep] pattern='class NewCSR'
[08:55:30] [spechunter] [Grep] pattern='TlbReq|tlbReq|tlbreq|\\.req\\b.*tlb|csr\\.priv'
[08:55:30] [spechunter] [Grep] pattern='priv\\.|Priv|virtMode|vmode|dmode|imode|hyperinst|isHyper'
[08:55:30] [spechunter] [Grep] pattern='tlb|dtlb|Dtlb|TLBIO|TLBBLock|TLBNonBlock'
[08:55:30] [spechunter] [Grep] pattern='priv|Priv|virtMode|imode|dmode|isHyper|hyperinst'
[08:55:38] [spechunter] [text] Let me also check for any existing audit files with a `locations` field to match the format
[08:55:38] [spechunter] [Glob] *_audit.json
[08:55:41] [spechunter] [Read] /home/yzs/riscv/XiangShan/src/main/scala/xiangshan/mem/pipeline/NewLoadUnit.scala
[08:55:41] [spechunter] [Read] /home/yzs/riscv/XiangShan/src/main/scala/xiangshan/mem/pipeline/NewStoreUnit.scala
[08:55:41] [spechunter] [Read] /home/yzs/riscv/XiangShan/src/main/scala/xiangshan/mem/pipeline/NewLoadUnit.scala
[08:55:41] [spechunter] [Read] /home/yzs/riscv/XiangShan/src/main/scala/xiangshan/mem/pipeline/NewLoadUnit.scala
[08:55:43] [spechunter] [Read] /home/yzs/riscv/freebsd-src/sstp_context_switch_audit.json
[08:55:43] [spechunter] [Read] /home/yzs/riscv/freebsd-src/context_switch_capability_audit.json
[08:55:59] [spechunter] [Read] /home/yzs/riscv/XiangShan/src/main/scala/xiangshan/backend/fu/wrapper/CSR.scala
[08:55:59] [spechunter] [Read] /home/yzs/riscv/XiangShan/src/main/scala/xiangshan/backend/fu/NewCSR/NewCSR.scala
[08:55:59] [spechunter] [Grep] pattern='trapTargetPc|xretTargetPc'
[08:56:28] [spechunter] [Read] /home/yzs/riscv/XiangShan/src/main/scala/xiangshan/mem/pipeline/NewLoadUnit.scala
[08:56:28] [spechunter] [Read] /home/yzs/riscv/XiangShan/src/main/scala/xiangshan/mem/pipeline/NewStoreUnit.scala
[08:56:28] [spechunter] [Grep] pattern='isHyper|priv|dmode|imode'
[08:56:28] [spechunter] [Grep] pattern='TlbCsrBundle|tlbCsr|tlbcsr'
[08:56:35] [spechunter] [Read] /home/yzs/riscv/XiangShan/src/main/scala/xiangshan/backend/fu/wrapper/CSR.scala
[08:56:35] [spechunter] [Read] /home/yzs/riscv/XiangShan/src/main/scala/xiangshan/backend/fu/NewCSR/NewCSR.scala
[08:56:35] [spechunter] [Read] /home/yzs/riscv/XiangShan/src/main/scala/xiangshan/backend/fu/NewCSR/NewCSR.scala
[08:56:40] [spechunter] [text] I'll verify a few key source locations before producing the final set
[08:56:40] [spechunter] [Read] /home/yzs/riscv/qemu/target/riscv/cpu_helper.c
[08:56:40] [spechunter] [Read] /home/yzs/riscv/qemu/target/riscv/cpu_helper.c
[08:56:40] [spechunter] [Read] /home/yzs/riscv/qemu/target/riscv/cpu_helper.c
[08:56:40] [spechunter] [Read] /home/yzs/riscv/qemu/target/riscv/cpu_helper.c
[08:56:46] [spechunter] [Read] /home/yzs/riscv/XiangShan/src/main/scala/xiangshan/backend/fu/wrapper/CSR.scala
[08:56:46] [spechunter] [Read] /home/yzs/riscv/XiangShan/src/main/scala/xiangshan/backend/fu/NewCSR/NewCSR.scala
[08:56:46] [spechunter] [Read] /home/yzs/riscv/XiangShan/src/main/scala/xiangshan/backend/fu/NewCSR/NewCSR.scala
[08:56:46] [spechunter] [Read] /home/yzs/riscv/XiangShan/src/main/scala/xiangshan/backend/fu/NewCSR/CSREvents/TrapEntryDEvent.scala
[08:57:28] [spechunter] [Grep] pattern='csrToDecode|csr_dirty_fs|io\\.csr'
[08:57:28] [spechunter] [Grep] pattern='valid.*:=|\\.valid'
[08:57:28] [spechunter] [Grep] pattern='legalMNret|legalMret|legalSret|legalDret'
[08:57:34] [spechunter] [Read] /home/yzs/riscv/qemu/target/riscv/cpu_helper.c
[08:57:34] [spechunter] [Read] /home/yzs/riscv/qemu/target/riscv/op_helper.c
[08:57:34] [spechunter] [Read] /home/yzs/riscv/qemu/target/riscv/op_helper.c
[08:57:34] [spechunter] [Read] /home/yzs/riscv/qemu/target/riscv/op_helper.c
[08:57:36] [spechunter] [Read] /home/yzs/riscv/XiangShan/src/main/scala/xiangshan/backend/fu/NewCSR/NewCSR.scala
[08:57:36] [spechunter] [Read] /home/yzs/riscv/XiangShan/src/main/scala/xiangshan/backend/fu/NewCSR/NewCSR.scala
[08:57:36] [spechunter] [Read] /home/yzs/riscv/XiangShan/src/main/scala/xiangshan/backend/fu/NewCSR/NewCSR.scala
[08:57:49] [spechunter] [Grep] pattern='csr.*priv|privState|csr.*virt|csr.*imode|csr.*dmode'
[08:57:49] [spechunter] [Grep] pattern='csr.*priv|privState|csr.*virt'
[08:57:49] [spechunter] [Grep] pattern='csr.*priv|privState|csr.*virt|imode|dmode'
[08:58:03] [spechunter] [Read] /home/yzs/riscv/XiangShan/src/main/scala/xiangshan/cache/mmu/L2TLB.scala
[08:58:03] [spechunter] [Grep] pattern='csr_dup|imode|dmode|dvirt'
[08:58:03] [spechunter] [Grep] pattern='csr_dup|csr.*priv|tlb.*imode|tlb.*dmode|tlb.*virt'
[08:58:29] [spechunter] [Read] /home/yzs/riscv/XiangShan/src/main/scala/xiangshan/cache/mmu/TLBStorage.scala
[08:58:29] [spechunter] [Grep] pattern='hasLegal[MDS]ret|hasLegalMNret'
[08:58:29] [spechunter] [Read] /home/yzs/riscv/XiangShan/src/main/scala/xiangshan/backend/fu/NewCSR/CSRPermitModule.scala
[08:58:29] [spechunter] [text] Now I have a thorough understanding. Let me compile the final comprehensive results.  Based on my extensive exploration,...
[08:59:45] [spechunter] [Grep] pattern='tlb\\.priv|TlbCsrBundle|class.*TlbCsr'
[08:59:45] [spechunter] [Grep] pattern='TlbCsrBundle|class.*TlbCsr'
[08:59:45] [spechunter] [Read] /home/yzs/riscv/XiangShan/src/main/scala/xiangshan/backend/fu/NewCSR/NewCSR.scala
[08:59:46] [spechunter] [text] Now let me verify a few more specifics to resolve edge cases
[08:59:46] [spechunter] [Read] /home/yzs/riscv/qemu/target/riscv/cpu_helper.c
[08:59:46] [spechunter] [Read] /home/yzs/riscv/qemu/target/riscv/cpu_bits.h
[08:59:46] [spechunter] [Read] /home/yzs/riscv/qemu/target/riscv/csr.c
[08:59:51] [spechunter] [Grep] pattern='class TlbCsrBundle'
[08:59:51] [spechunter] [Grep] pattern='class TlbCsrBundle'
[08:59:55] [spechunter] [Read] /home/yzs/riscv/XiangShan/src/main/scala/xiangshan/Bundle.scala
[09:00:03] [spechunter] [Grep] pattern='instrAddrTransType'
[09:00:03] [spechunter] [Grep] pattern='trapIsInterrupt|hasTrap|trapVec|intrVec'
[09:00:03] [spechunter] [Read] /home/yzs/riscv/XiangShan/src/main/scala/xiangshan/backend/fu/NewCSR/NewCSR.scala
[09:00:28] [spechunter] [Grep] pattern='trapTarget|trapTargetPc'
[09:00:28] [spechunter] [Grep] pattern='trapTarget.*redirect|redirect.*trapTarget'
[09:00:38] [spechunter] [Read] /home/yzs/riscv/XiangShan/src/main/scala/xiangshan/backend/CtrlBlock.scala
[09:00:38] [spechunter] [Grep] pattern='s4_csrIsTrap|csrIsTrap'
[09:00:39] [spechunter] [text] ## Cross-validation Report  ### Analysis  All 28 slow-path locations are empty (`:0-0`), so validation is against the 20...
[09:01:27] [spechunter] [text] The code locations provided are all empty (`:0-0`). I need to search the kernel codebase for relevant CLIC/sipopret/S-mo...
[09:01:27] [spechunter] [Agent] description, subagent_type
[09:01:27] [spechunter] [Bash] List spec reference directories
[09:01:29] [spechunter] [Read] /home/yzs/riscv/qemu/target/riscv/cpu_bits.h
[09:01:29] [spechunter] [Read] /home/yzs/riscv/qemu/target/riscv/cpu_bits.h
[09:01:29] [spechunter] [Read] /home/yzs/riscv/qemu/target/riscv/cpu.h
[09:01:52] [spechunter] [Grep] pattern='sipopret'
[09:01:52] [spechunter] [Grep] pattern='clic|CLIC'
[09:01:52] [spechunter] [Grep] pattern='mnxti|snxti'
[09:01:52] [spechunter] [Grep] pattern='smip|SMIP|smnip|SMNIP'
[09:01:52] [spechunter] [Grep] pattern='sstatus|SPP'
[09:01:52] [spechunter] [Bash] List arch/riscv kernel and mm directories
[09:01:58] [spechunter] [Read] /home/yzs/riscv/XiangShan/src/main/scala/xiangshan/backend/fu/wrapper/CSR.scala
[09:01:58] [spechunter] [Grep] pattern='triggerFrontendChange'
[09:01:58] [spechunter] [Grep] pattern='io\\.csr.*privState|csrOut.*privState|virtMode'
[09:02:14] [spechunter] [Grep] pattern='clic|CLIC'
[09:02:14] [spechunter] [Grep] pattern='sipopret'
[09:02:14] [spechunter] [Grep] pattern='clic|CLIC'
[09:02:14] [spechunter] [Grep] pattern='SPP|sstatus'
[09:02:14] [spechunter] [Read] /home/yzs/riscv/linux/arch/riscv/kernel/entry.S
[09:02:14] [spechunter] [Grep] pattern='handle_exception|handle_irq|ret_from_exception|restore_all'
[09:02:51] [spechunter] [Grep] pattern='do_irq|do_trap|do_page_fault|handle_exception|signal|SPP|sstatus'
[09:02:51] [spechunter] [Grep] pattern='regs|pt_regs|EPC|STATUS|SPP|signal|sigframe|setup_return|restore_sigcontext|syscall_restart'
[09:02:51] [spechunter] [Read] /home/yzs/riscv/linux/arch/riscv/kernel/irq.c
[09:02:51] [spechunter] [Grep] pattern='do_page_fault|handle_mm|mmap_read|mmap_write|pt_regs|fixup_exception|SIGSEGV|vmalloc_fault|SPP'
[09:02:51] [spechunter] [Grep] pattern='interrupt|IRQ|AIA|IMSIC|APLIC|CSR|sstatus|SPP|hvip|hviprio|hgeie|hgeip'
[09:03:04] [spechunter] [text] Now let me check the `rmw_xenvcfg` function to understand the exact structure.  
[09:03:04] [spechunter] [Read] /home/yzs/riscv/qemu/target/riscv/csr.c
[09:03:21] [spechunter] [Read] /home/yzs/riscv/linux/arch/riscv/kvm/vcpu_switch.S
[09:03:21] [spechunter] [Read] /home/yzs/riscv/linux/arch/riscv/include/asm/csr.h
[09:03:21] [spechunter] [Grep] pattern='IRQ_VS|kvm_riscv_vcpu_set_interrupt|kvm_riscv_vcpu_unset_interrupt|inject.*interrupt|pending.*interrupt'
[09:03:21] [spechunter] [Grep] pattern='interrupt|irq|CSR|sstatus|SPP|sie|sip|hvip'
[09:03:21] [spechunter] [Grep] pattern='do_page_fault|handle_page_fault|pt_regs|vmalloc|fixup|mmap_read|mmap_write'
[09:03:59] [spechunter] [text] Now let me verify a couple more disputed locations.  
[09:03:59] [spechunter] [Read] /home/yzs/riscv/qemu/target/riscv/csr.c
[09:03:59] [spechunter] [Read] /home/yzs/riscv/qemu/target/riscv/csr.c
[09:03:59] [spechunter] [Read] /home/yzs/riscv/qemu/target/riscv/csr.c
[09:04:28] [spechunter] [Read] /home/yzs/riscv/linux/arch/riscv/kernel/traps.c
[09:04:28] [spechunter] [Grep] pattern='switch_mm|CSR_SATP|sstatus|SPP|sret|mret'
[09:04:28] [spechunter] [Grep] pattern='switch_mm|SATP|sstatus|SPP'
[09:04:28] [spechunter] [Grep] pattern='set_interrupt|unset_interrupt|hvip|TOPI|TOPEI|interrupt|pending'
[09:04:28] [spechunter] [Glob] **/tmp/smnip*
[09:04:39] [spechunter] [TodoWrite] 7 items
[09:05:06] [spechunter] [Read] /home/yzs/riscv/linux/tmp/smnip_audit_result.json
[09:05:06] [spechunter] [Read] /home/yzs/riscv/linux/arch/riscv/mm/context.c
[09:05:06] [spechunter] [Read] /home/yzs/riscv/linux/arch/riscv/kernel/signal.c
[09:05:06] [spechunter] [Grep] pattern='kvm_riscv_vcpu_set_interrupt|kvm_riscv_vcpu_unset_interrupt|irqs_pending|irqs_enabled'
[09:05:06] [spechunter] [Grep] pattern='interrupt|hvip|hvictl|TOPI|TOPEI'
[09:05:13] [spechunter] [text] Let me read the critical files to confirm exact line numbers before compiling the final report
[09:05:13] [spechunter] [Read] /home/yzs/riscv/XiangShan/src/main/scala/xiangshan/cache/mmu/TLB.scala
[09:05:13] [spechunter] [Read] /home/yzs/riscv/XiangShan/src/main/scala/xiangshan/backend/fu/NewCSR/NewCSR.scala
[09:05:13] [spechunter] [Read] /home/yzs/riscv/XiangShan/src/main/scala/xiangshan/cache/mmu/L2TLB.scala
[09:05:28] [spechunter] [Read] /home/yzs/riscv/XiangShan/src/main/scala/xiangshan/cache/mmu/TLB.scala
[09:05:28] [spechunter] [Read] /home/yzs/riscv/XiangShan/src/main/scala/xiangshan/Bundle.scala
[09:05:28] [spechunter] [Grep] pattern='dmode|imode|effective_priv|eff_priv|useDmode'
[09:05:31] [spechunter] [Read] /home/yzs/riscv/linux/arch/riscv/kvm/vcpu.c
[09:05:31] [spechunter] [Grep] pattern='handle_bad_stack|irqentry_enter|irqentry_exit|local_irq_enable|local_irq_disable'
[09:05:31] [spechunter] [Grep] pattern='faulthandler_disabled|in_atomic|in_interrupt|local_irq|vma|mmap_read|mmap_write|handle_mm_fault'
[09:05:31] [spechunter] [Grep] pattern='kvm_riscv_vcpu_trap_redirect|sstatus|SPP|vsstatus|VSEPC|VSTVEC'
[09:05:31] [spechunter] [Grep] pattern='irqs_pending|irqs_pending_mask|guest_csr|aia_context|hgei'
[09:05:39] [spechunter] [Grep] pattern='struct kvm_vcpu_csr'
[09:05:39] [spechunter] [Read] /home/yzs/riscv/linux/arch/riscv/kvm/vcpu.c
[09:05:39] [spechunter] [Read] /home/yzs/riscv/linux/arch/riscv/kvm/vcpu_exit.c
[09:05:39] [spechunter] [Read] /home/yzs/riscv/linux/arch/riscv/kernel/traps.c
[09:05:42] [spechunter] [text] Now let me check a few more borderline cases to produce a definitive analysis.  
[09:05:42] [spechunter] [Read] /home/yzs/riscv/qemu/target/riscv/cpu_helper.c
[09:05:42] [spechunter] [Read] /home/yzs/riscv/qemu/target/riscv/cpu_helper.c
[09:05:56] [spechunter] [Read] /home/yzs/riscv/linux/arch/riscv/kvm/aia.c
[09:05:56] [spechunter] [Glob] *clic*
[09:05:56] [spechunter] [Read] /home/yzs/riscv/linux/arch/riscv/mm/fault.c
[09:05:56] [spechunter] [Read] /home/yzs/riscv/linux/arch/riscv/mm/fault.c
[09:06:12] [spechunter] [Glob] *
[09:06:12] [spechunter] [Grep] pattern='kvm_riscv_vcpu_enter_exit'
[09:06:12] [spechunter] [Grep] pattern='handle_bad_stack|panic|die'
[09:06:32] [spechunter] [Read] /home/yzs/riscv/XiangShan/src/main/scala/xiangshan/mem/MemBlock.scala
[09:06:32] [spechunter] [Read] /home/yzs/riscv/XiangShan/src/main/scala/xiangshan/cache/mmu/TLBStorage.scala
[09:06:32] [spechunter] [Read] /home/yzs/riscv/XiangShan/src/main/scala/xiangshan/cache/mmu/MMUConst.scala
[09:06:36] [spechunter] [Read] /home/yzs/riscv/linux/arch/riscv/kvm/vcpu.c
[09:06:36] [spechunter] [Read] /home/yzs/riscv/linux/arch/riscv/kernel/traps.c
[09:06:36] [spechunter] [Read] /home/yzs/riscv/linux/arch/riscv/kernel/signal.c
[09:06:40] [spechunter] [Read] /home/yzs/riscv/opensbi/lib/sbi/sbi_ecall_hsm.c
[09:06:40] [spechunter] [Read] /home/yzs/riscv/opensbi/lib/sbi/sbi_trap.c
[09:06:40] [spechunter] [Read] /home/yzs/riscv/opensbi/firmware/fw_base.S
[09:07:00] [spechunter] [text] Here's the cross-validated location set:  ```json {   "locations": [     "target/riscv/cpu_helper.c:2531-2537 riscv_cpu_...
[09:07:05] [spechunter] [Read] /home/yzs/riscv/XiangShan/src/main/scala/xiangshan/backend/fu/NewCSR/NewCSR.scala
[09:07:05] [spechunter] [Read] /home/yzs/riscv/XiangShan/src/main/scala/xiangshan/backend/fu/NewCSR/CSREvents/MretEvent.scala
[09:07:05] [spechunter] [Read] /home/yzs/riscv/XiangShan/src/main/scala/xiangshan/backend/fu/NewCSR/CSREvents/SretEvent.scala
[09:07:25] [spechunter] [Agent] description, prompt
[09:07:47] [spechunter] [text] Now let me verify the trap entry event modules for the privilege save/reuse path
[09:07:47] [spechunter] [Read] /home/yzs/riscv/XiangShan/src/main/scala/xiangshan/backend/fu/NewCSR/CSREvents/TrapEntryMEvent.scala
[09:07:47] [spechunter] [Read] /home/yzs/riscv/XiangShan/src/main/scala/xiangshan/backend/fu/NewCSR/CSREvents/TrapEntryMNEvent.scala
[09:07:48] [spechunter] [Grep] pattern='helper_mipopret|helper_sipopret'
[09:07:48] [spechunter] [Grep] pattern='smip_'
[09:07:48] [spechunter] [Grep] pattern='mipopret|sipopret'
[09:07:48] [spechunter] [Grep] pattern='clic.*push|clic.*pop|push.*clic|pop.*clic'
[09:07:48] [spechunter] [Grep] pattern='cpu_stl_data|cpu_ldl_data'
[09:07:48] [spechunter] [Grep] pattern='smip|Smip|SMIP'
[09:08:26] [spechunter] [Grep] pattern='clic|CLIC'
[09:08:26] [spechunter] [Grep] pattern='clic|CLIC'
[09:08:26] [spechunter] [Grep] pattern='clic|CLIC'
[09:08:26] [spechunter] [Grep] pattern='mnreti|snreti|MNREIT|SNREIT|mnret|snret|xsp|XSP'
[09:08:26] [spechunter] [Grep] pattern='mintstatus|sintstatus|mintthresh|sintthresh|mnscratch|snscratch|mnepc|snepc|mncause|sncause'
[09:08:26] [spechunter] [Grep] pattern='riscv_cpu_do_interrupt'
[09:08:32] [spechunter] [text] Now let me search for the specific normative text about mipopret and MPP/MPRV interaction in the spec.  
[09:08:32] [spechunter] [Grep] pattern='mipopret.*MPRV|MPRV.*mipopret|load.*translation|address.*translation.*pop|privilege.*pop|MPP.*pop'
[09:08:32] [spechunter] [Read] /home/yzs/riscv/rv-isa-sec/spec_ref/riscv-fast-interrupt/src/aclic.adoc
[09:08:34] [spechunter] [TodoWrite] 7 items
[09:08:44] [spechunter] [TodoWrite] 8 items
[09:09:01] [spechunter] [Read] /home/yzs/riscv/qemu/target/riscv/cpu_helper.c
[09:09:01] [spechunter] [Read] /home/yzs/riscv/qemu/target/riscv/op_helper.c
[09:09:01] [spechunter] [Grep] pattern='mnreti|snreti'
[09:09:01] [spechunter] [Grep] pattern='mnreti|snreti'
[09:09:01] [spechunter] [Grep] pattern='mnreti|snreti'
[09:09:18] [spechunter] [text] Let me now read the relevant spec documents and key code paths to build a thorough analysis.  
[09:09:18] [spechunter] [Bash] List fast interrupt spec files
[09:09:18] [spechunter] [Bash] List ISA manual spec files
[09:09:30] [spechunter] [Read] /home/yzs/riscv/qemu/target/riscv/cpu_helper.c
[09:09:30] [spechunter] [Grep] pattern='mintstatus|sintstatus|mintthresh|sintthresh|mnscratch|snscratch|mnepc|snepc|mncause|sncause'
[09:09:30] [spechunter] [Grep] pattern='mintstatus|sintstatus|mintthresh|sintthresh|mnscratch|snscratch|mnepc|snepc|mncause|sncause'
[09:09:30] [spechunter] [Grep] pattern='mintstatus|sintstatus|mintthresh|sintthresh|mnscratch|snscratch|mnepc|snepc|mncause|sncause'
[09:09:30] [spechunter] [Grep] pattern='xstatus|xcause|xepc|xscratch|xsp|XSTATUS|XCAUSE|XEPC|XSCRATCH|XSP'
[09:09:37] [spechunter] [Bash] List fast interrupt spec source files
[09:09:37] [spechunter] [Glob] **/*.adoc
[09:09:44] [spechunter] [TodoWrite] 7 items
[09:09:52] [spechunter] [Read] /home/yzs/riscv/rv-isa-sec/spec_ref/riscv-fast-interrupt/src/chapter2.adoc
[09:09:52] [spechunter] [Grep] pattern='sipopret|xipopret|xnxti|CLIC|clic|smip|SMIP|smnip|SMNIP|spp|SPP'
[09:10:00] [spechunter] [text] Now let me read the remaining key files and the spec references more carefully.  
[09:10:00] [spechunter] [Read] /home/yzs/riscv/opensbi/lib/sbi/sbi_trap.c
[09:10:00] [spechunter] [Read] /home/yzs/riscv/opensbi/lib/sbi/sbi_unpriv.c
[09:10:00] [spechunter] [Read] /home/yzs/riscv/opensbi/lib/sbi/sbi_trap.c
[09:10:09] [spechunter] [Read] /home/yzs/riscv/rv-isa-sec/spec_ref/riscv-fast-interrupt/src/aclic.adoc
[09:10:12] [spechunter] [Read] /home/yzs/riscv/qemu/target/riscv/cpu_helper.c
[09:10:12] [spechunter] [Read] /home/yzs/riscv/qemu/target/riscv/helper.h
[09:10:12] [spechunter] [Grep] pattern='mnret|mret|sret|uret|nret|popret'
[09:10:12] [spechunter] [Grep] pattern='cpu_stl_data|cpu_stw_data|cpu_stb_data|cpu_ldl_data|cpu_ldw_data|cpu_ldb_data|cpu_stq_data|cpu_ldq_data'
[09:10:39] [spechunter] [Read] /home/yzs/riscv/qemu/target/riscv/op_helper.c
[09:10:39] [spechunter] [Grep] pattern='mnret|mret|sret|nret'
[09:10:39] [spechunter] [Grep] pattern='mnret|mret|sret|nret'
[09:10:55] [spechunter] [text] Let me check the mipopret spec more carefully for the MPP/MPRV interaction.  
[09:10:55] [spechunter] [Read] /home/yzs/riscv/rv-isa-sec/spec_ref/riscv-fast-interrupt/src/aclic.adoc
[09:11:04] [spechunter] [Grep] pattern='ext_smip|ext_smnpi|ext_smclic|ext_ssclic|ext_xsmip|smip|smnpi|smclic'
[09:11:04] [spechunter] [Grep] pattern='CSR_MIPOPRET|CSR_SIPOPRET|CSR_XSP|CSR_XSTATUS|CSR_XCAUSE|CSR_XEPC|CSR_XSCRATCH'
[09:11:04] [spechunter] [Grep] pattern='mipopret|sipopret|popret'
[09:11:04] [spechunter] [Grep] pattern='clic|CLIC'
[09:11:04] [spechunter] [Grep] pattern='CSR_SMIP|CSR_CLIC|smip|ext_smip'
[09:11:04] [spechunter] [Grep] pattern='csr_ops.*pop|csr_ops.*push|push.*interrupt|pop.*interrupt'
[09:11:18] [spechunter] [text] Now let me read the critical kernel code paths.  
[09:11:18] [spechunter] [Read] /home/yzs/riscv/linux/arch/riscv/kernel/entry.S
[09:11:18] [spechunter] [Read] /home/yzs/riscv/linux/arch/riscv/kernel/signal.c
[09:11:18] [spechunter] [Read] /home/yzs/riscv/linux/arch/riscv/mm/fault.c
[09:11:24] [spechunter] [Grep] pattern='popret'
[09:11:24] [spechunter] [Grep] pattern='mem_idx.*trap|trap.*mem_idx|mmu_idx.*excp|excp.*mmu_idx|mem_idx.*interrupt|interrupt.*mem_idx'
[09:11:24] [spechunter] [Grep] pattern='xcause|xepc|xstatus'
[09:11:24] [spechunter] [Read] /home/yzs/riscv/qemu/target/riscv/op_helper.c
[09:11:24] [spechunter] [Grep] pattern='RISCV_UW2_ALWAYS_STORE_AMO|excp_uw2'
[09:11:33] [spechunter] [Grep] pattern='SS_MMU_INDEX|mmu_idx.*ssp|ssp.*mmu_idx|shadow.*stack.*mmu'
[09:11:33] [spechunter] [Grep] pattern='SS_MMU_INDEX'
[09:11:33] [spechunter] [Grep] pattern='gen_pop'
[09:11:36] [spechunter] [text] Now let me verify the key spec text for the sipopret behavior regarding SPP=U translation.  
[09:11:36] [spechunter] [Grep] pattern='sipopret|SPP|implicit.*load|implicit.*SUM|privilege.*translation'
[09:11:36] [spechunter] [Grep] pattern='sret|SPP|implicit.*supervisor|supervisor.*implicit|SUM'
[09:11:39] [spechunter] [text] Let me check for any existing Smip-related code in the codebase  
[09:11:39] [spechunter] [Grep] pattern='smip|sipopret|mipopret|cspspush|smcsps|mcsps'
[09:11:39] [spechunter] [Grep] pattern='do_ast|ast\\b'
[09:11:39] [spechunter] [Read] /home/yzs/riscv/freebsd-src/sys/riscv/riscv/pmap.c
[09:11:45] [spechunter] [Read] /home/yzs/riscv/qemu/target/riscv/insn_trans/trans_rvzce.c.inc
[09:11:45] [spechunter] [Grep] pattern='MMU_IDX_SS_WRITE'
[09:11:45] [spechunter] [Grep] pattern='cpu_mmu_index'
[09:11:45] [spechunter] [Grep] pattern='cpu_mmu_index'
[09:11:56] [spechunter] [Grep] pattern='sret|SPP|SUM|supervisor.*return'
[09:12:02] [spechunter] [Grep] pattern='cpu_mmu_index'
[09:12:02] [spechunter] [Grep] pattern='CSR_MNSTATUS|CSR_MCONTEXT|CSR_SCONTEXT'
[09:12:02] [spechunter] [Grep] pattern='ext_smrnmi'
[09:12:04] [spechunter] [Read] /home/yzs/riscv/rv-isa-sec/spec_ref/riscv-isa-manual/src/priv/supervisor.adoc
[09:12:17] [spechunter] [text] Now let me look at the `mnstatus` CSR and mipopret's use of MPP/MPRV from the spec.  
[09:12:17] [spechunter] [Grep] pattern='mnstatus|MPRV|mprv'
[09:12:23] [spechunter] [Grep] pattern='ext_smrnmi'
[09:12:23] [spechunter] [Grep] pattern='xsp|xstatus'
[09:12:23] [spechunter] [Grep] pattern='shadow.*stack|zicfiss|SS_MMU'
[09:12:23] [spechunter] [Grep] pattern='mnstatus|mnepc|mncause|MNSTATUS'
[09:12:35] [spechunter] [Grep] pattern='mnstatus'
[09:13:05] [spechunter] [text] Let me also check if there are any paths that could modify user pages during an S-mode interrupt context between entry a...
[09:13:05] [spechunter] [Read] /home/yzs/riscv/linux/arch/riscv/kernel/entry.S
[09:13:05] [spechunter] [Read] /home/yzs/riscv/linux/arch/riscv/kernel/traps.c
[09:13:06] [spechunter] [Grep] pattern='ext_smip|ext_smnpi|ext_smclic|ext_ssclic|ext_xnmi'
[09:13:06] [spechunter] [Grep] pattern='CSR_X|xnmi|xintstatus|xintthresh|xnscratch|xnepc|xncause'
[09:13:06] [spechunter] [Grep] pattern='rnmip|rnmi_irqvec|rnmi_excpvec'
[09:13:06] [spechunter] [Bash] Check line count of cpu_cfg_fields.h.inc
[09:13:36] [spechunter] [text] Now let me check how `csr_read_allowed`/`csr_write_allowed` manipulate mtvec and mstatus  
[09:13:36] [spechunter] [Read] /home/yzs/riscv/opensbi/include/sbi/sbi_csr_detect.h
[09:13:43] [spechunter] [text] Now I have all the information needed for a thorough analysis. Let me produce the findings
[09:13:43] [spechunter] [Read] /home/yzs/riscv/rv-isa-sec/spec_ref/riscv-fast-interrupt/src/aclic.adoc
[09:13:44] [spechunter] [Grep] pattern='scontext|mcontext'
[09:13:44] [spechunter] [Grep] pattern='ext_zicfiss'
[09:13:44] [spechunter] [Grep] pattern='riscv_cpu_set_mode'
[09:14:14] [spechunter] [Grep] pattern='CLIC|clic|Smnip|Ssnip|Ssip|Smcsps|Sscsps|sipopret'
[09:14:14] [spechunter] [Grep] pattern='CLIC|clic|Smnip|Ssnip|Ssip'
[09:14:51] [spechunter] [text] Now I have a thorough understanding of the codebase. Let me write the final report
[09:14:51] [spechunter] [Write] /home/yzs/riscv/freebsd-src/smip_trap_stack_audit.json
[09:14:54] [spechunter] [text] Now let me look at the `sbi_trap_redirect` function and the `sse_event_inject/resume` for the MPP write-back path, plus ...
[09:14:54] [spechunter] [Read] /home/yzs/riscv/opensbi/lib/sbi/sbi_trap.c
[09:14:54] [spechunter] [Read] /home/yzs/riscv/opensbi/lib/sbi/sbi_sse.c
[09:15:02] [spechunter] [text] Now I have all the evidence. Let me compile the findings
[09:15:02] [spechunter] [Write] /home/yzs/riscv/XiangShan/smtp_pushpop_translation_privilege_findings.json
[09:15:02] [spechunter] [text] Prompt is too long
[09:15:21] [spechunter] [Bash] Validate JSON output
[09:15:53] [spechunter] [text] Now I have a complete picture. Let me produce the final analysis.  **Summary of investigation:**  1. **No CLIC/Smip/Ssip...
[09:16:02] [spechunter] [TodoWrite] 7 items
[09:16:10] [spechunter] [text] I'll read the key files to ground-truth the locations before producing the final set
[09:16:10] [spechunter] [Read] /home/yzs/riscv/freebsd-src/sys/riscv/riscv/exception.S
[09:16:10] [spechunter] [Read] /home/yzs/riscv/freebsd-src/sys/riscv/riscv/trap.c
[09:16:10] [spechunter] [Read] /home/yzs/riscv/freebsd-src/sys/riscv/riscv/swtch.S
[09:16:11] [spechunter] [text] The comprehensive search confirms that **Smip (Supervisor Mode Interrupt Priority / xipopret instructions) is not implem...
[09:16:11] [spechunter] [Bash] Show recent commits on this branch
[09:16:11] [spechunter] [Bash] Show what the top commit changed
[09:16:24] [spechunter] [text] Let me read the remaining key files for verification.  
[09:16:24] [spechunter] [Read] /home/yzs/riscv/freebsd-src/sys/riscv/riscv/exception.S
[09:16:24] [spechunter] [Read] /home/yzs/riscv/freebsd-src/sys/riscv/riscv/swtch.S
[09:16:24] [spechunter] [Read] /home/yzs/riscv/freebsd-src/sys/riscv/vmm/vmm_switch.S
[09:16:30] [spechunter] [text] Findings written to `smtp_pushpop_translation_privilege_findings.json` — 23 locations identified.  ## Summary  **XiangSh...
[09:16:34] [spechunter] [text] Let me verify the actual changes on this branch and confirm there's no connection to Smip.  
[09:16:34] [spechunter] [Bash] Show full diff of the top commit
[09:16:34] [spechunter] [Bash] Show what this branch changes vs main
[09:16:34] [spechunter] [Read] /home/yzs/riscv/freebsd-src/sys/riscv/riscv/swtch.S
[09:16:34] [spechunter] [Read] /home/yzs/riscv/freebsd-src/sys/riscv/riscv/pmap.c
[09:16:34] [spechunter] [Read] /home/yzs/riscv/freebsd-src/sys/riscv/riscv/locore.S
[09:16:34] [spechunter] [Read] /home/yzs/riscv/freebsd-src/sys/riscv/riscv/locore.S
[09:17:02] [spechunter] [text] The actual changes on this branch are unrelated to Smip/CLIC — they fix a missing CDE check in `scountinhibit_pred()` an...
[09:18:01] [spechunter] [text] ## Cross-Validation Analysis  **PR context**: "Smip: specifying effective privilege level at which interrupt push/pop ha...
[09:18:01] [spechunter] [Read] /home/yzs/riscv/XiangShan/src/main/scala/xiangshan/backend/fu/NewCSR/MachineLevel.scala
[09:18:01] [spechunter] [Read] /home/yzs/riscv/XiangShan/src/main/scala/xiangshan/backend/fu/NewCSR/MachineLevel.scala
[09:18:01] [spechunter] [Read] /home/yzs/riscv/XiangShan/src/main/scala/xiangshan/backend/fu/NewCSR/SupervisorLevel.scala
[09:18:50] [spechunter] [text] Let me verify the NewCSR.scala locations to ensure accuracy.  
[09:18:50] [spechunter] [Read] /home/yzs/riscv/XiangShan/src/main/scala/xiangshan/backend/fu/NewCSR/NewCSR.scala
[09:18:50] [spechunter] [Read] /home/yzs/riscv/XiangShan/src/main/scala/xiangshan/backend/fu/NewCSR/NewCSR.scala
[09:19:14] [spechunter] [text] Let me verify the xRET and trap entry event locations to confirm the reported line numbers are accurate
[09:19:14] [spechunter] [Read] /home/yzs/riscv/XiangShan/src/main/scala/xiangshan/backend/fu/NewCSR/CSREvents/MretEvent.scala
[09:19:14] [spechunter] [Read] /home/yzs/riscv/XiangShan/src/main/scala/xiangshan/backend/fu/NewCSR/CSREvents/SretEvent.scala
[09:19:14] [spechunter] [Read] /home/yzs/riscv/XiangShan/src/main/scala/xiangshan/backend/fu/NewCSR/CSREvents/MNretEvent.scala
[09:19:14] [spechunter] [Read] /home/yzs/riscv/XiangShan/src/main/scala/xiangshan/backend/fu/NewCSR/CSREvents/TrapEntryMNEvent.scala
[09:19:14] [spechunter] [Read] /home/yzs/riscv/XiangShan/src/main/scala/xiangshan/backend/fu/NewCSR/CSREvents/TrapEntryMEvent.scala
[09:19:14] [spechunter] [Read] /home/yzs/riscv/XiangShan/src/main/scala/xiangshan/backend/fu/NewCSR/CSREvents/TrapEntryHSEvent.scala
[09:19:14] [spechunter] [Read] /home/yzs/riscv/XiangShan/src/main/scala/xiangshan/backend/fu/NewCSR/CSREvents/TrapEntryVSEvent.scala
[09:19:51] [spechunter] [text] Now I have all the ground-truth data. Let me produce the final cross-validated location set.  ---  ## Cross-validation a...
[09:20:19] [spechunter] [text] ```json {   "locations": [     {       "file": "src/main/scala/xiangshan/backend/fu/NewCSR/MachineLevel.scala",       "l...
[09:20:30] [spechunter] [text] I'll read all the code locations and spec references in parallel to perform the audit.  
[09:20:30] [spechunter] [Read] /home/yzs/riscv/freebsd-src/sys/riscv/riscv/exception.S
[09:20:30] [spechunter] [Read] /home/yzs/riscv/freebsd-src/sys/riscv/riscv/swtch.S
[09:20:30] [spechunter] [Read] /home/yzs/riscv/freebsd-src/sys/riscv/riscv/trap.c
[09:20:30] [spechunter] [Read] /home/yzs/riscv/freebsd-src/sys/riscv/vmm/vmm_switch.S
[09:20:30] [spechunter] [Bash] List spec reference directories
[09:20:36] [spechunter] [Agent] subagent_type, description
[09:20:46] [spechunter] [text] Now let me search for the Smip-related specification documents
[09:20:46] [spechunter] [Bash] List adoc files in riscv-fast-interrupt spec
[09:20:46] [spechunter] [Bash] Search for Smip-related spec files in ISA manual
[09:20:46] [spechunter] [Bash] Search for Smip in fast-interrupt spec
[09:21:08] [spechunter] [Glob] **/*.scala
[09:21:08] [spechunter] [Grep] pattern='(?i)(clic|smclic|smplic|clint)'
[09:21:08] [spechunter] [Grep] pattern='(?i)(push|pop|mipopret|sipopret|mncause|sncause|mnstatus|snstatus|mscause|sscause)'
[09:21:08] [spechunter] [Grep] pattern='(?i)(effective_priv|cur_priv|privilege)'
[09:21:09] [spechunter] [Read] /home/yzs/riscv/rv-isa-sec/spec_ref/riscv-isa-manual/src/priv/sm.adoc
[09:21:09] [spechunter] [Grep] pattern='cspspush|sipopret|smip|Smip|supervisor.*push|supervisor.*pop'
[09:21:09] [spechunter] [Grep] pattern='cspspush|sipopret|smip|Smip|push.*pop|pop.*push|SPP|SPIE|SUM|MPRV'
[09:21:40] [spechunter] [Grep] pattern='(?i)(mnstatus|mncause|mnepc|smclic|CLIC|clic)'
[09:21:40] [spechunter] [Grep] pattern='(?i)(push|pop|save.*context|restore.*context|spill|fill)'
[09:21:40] [spechunter] [Grep] pattern='(?i)(effective_priv|cur_priv|current_priv|debug_priv|debugMode)'
[09:21:40] [spechunter] [Grep] pattern='(?i)(trap.*entry|trap.*exit|interrupt.*entry|interrupt.*return|mnret|mret|sret|dret)'
[09:21:40] [spechunter] [Grep] pattern='(?i)(fsm|state.*machine|auto.*mem|hardware.*access|generate.*request|mem.*request)'
[09:21:45] [spechunter] [Grep] pattern='cspspush|sipopret|mipopret|smip|Smip'
[09:21:45] [spechunter] [Bash] Broader search for Smip-related concepts
[09:22:09] [spechunter] [Grep] pattern='cspspush|sipopret|mipopret|smip|Smip|push|pop'
[09:22:09] [spechunter] [Grep] pattern='sret|SPP|SPIE|SUM|MPRV|supervisor.*return|trap.*return|privilege.*pop'
[09:22:09] [spechunter] [Read] /home/yzs/riscv/XiangShan/src/main/scala/xiangshan/backend/fu/NewCSR/CSREvents/TrapEntryMNEvent.scala
[09:22:09] [spechunter] [Read] /home/yzs/riscv/XiangShan/src/main/scala/xiangshan/backend/fu/NewCSR/CSREvents/MNretEvent.scala
[09:22:09] [spechunter] [Read] /home/yzs/riscv/XiangShan/src/main/scala/xiangshan/backend/fu/NewCSR/CSREvents/CSREvent.scala
[09:22:09] [spechunter] [Read] /home/yzs/riscv/XiangShan/src/main/scala/xiangshan/backend/fu/NewCSR/TrapHandleModule.scala
[09:22:09] [spechunter] [Read] /home/yzs/riscv/XiangShan/src/main/scala/xiangshan/backend/fu/NewCSR/InterruptFilter.scala
[09:22:39] [spechunter] [text] Let me read the full Smip/Ssip spec section and also understand the sret/implicit push/pop semantics more carefully.  
[09:22:39] [spechunter] [Read] /home/yzs/riscv/rv-isa-sec/spec_ref/riscv-fast-interrupt/src/aclic.adoc
[09:22:39] [spechunter] [Grep] pattern='cspspush|sipopret|mipopret|xipopret|sret.*push|sret.*pop|implicit.*push|implicit.*pop'
[09:22:57] [spechunter] [Grep] pattern='(?i)(fsm|state.*machine|auto.*read|auto.*write|auto.*access|generate.*mem|ld.*st.*auto)'
[09:22:57] [spechunter] [Grep] pattern='(?i)(mem|load|store|ld|st|cache|mmu|tlb|ptw|translate|addr|page|walk)'
[09:22:57] [spechunter] [Grep] pattern='(?i)(priv|mode|debug|interrupt|trap|exception|virtual)'
[09:22:57] [spechunter] [Grep] pattern='(?i)(AddrTransType|addr.*trans|address.*transl)'
[09:23:03] [spechunter] [text] Now I have a comprehensive understanding of the codebase. Let me verify one more detail about the mipopret/MPRV interact...
[09:23:03] [spechunter] [Read] /home/yzs/riscv/rv-isa-sec/spec_ref/riscv-fast-interrupt/src/aclic.adoc
[09:24:13] [spechunter] [Grep] pattern='(?i)(mnstatus|mncause|mnepc|NMIE|MNPP|MNPV|smrnmi|clic|CLIC|smclic)'
[09:24:13] [spechunter] [Grep] pattern='(?i)(mnstatus|mncause|mnepc|NMIE|MNPP|MNPV|smrnmi|clic|CLIC|smclic|push|pop|auto.*mem|mmu|tlb|ptw)'
[09:24:13] [spechunter] [Grep] pattern='(?i)(priv|mode|debug|effective|cur_priv|current|interrupt|trap)'
[09:24:13] [spechunter] [Grep] pattern='(?i)(priv|mode|debug|effective|cur_priv|interrupt|fsm|state.*machine|auto)'
[09:24:13] [spechunter] [Grep] pattern='(?i)(priv|mode|debug|effective|cur_priv)'
[09:24:18] [spechunter] [text] Now I have all the information needed. Let me analyze the core security question.  **Key fact**: The Smip/Ssip extension...
[09:24:18] [spechunter] [Grep] pattern='sipopret|mipopret|cspspush|cspspop|sspcs|mspcs|MIPU|SIPU'
[09:24:34] [spechunter] [Grep] pattern='(?i)(csr_to_push|csr_to_pop|push|pop|mipopret|sipopret|sclic|clic|trap.*push|trap.*pop|interrupt.*push|interrupt.*pop)'
[09:24:34] [spechunter] [Grep] pattern='(?i)(sclic|trap.*push|trap.*pop|interrupt.*push|interrupt.*pop|hardware.*save|hardware.*restore|auto.*save|auto.*restore|register.*save|register.*restore)'
[09:24:34] [spechunter] [Grep] pattern='(?i)(trapEntry|mnret|mret|sret|dret|event.*valid|trap.*vector|trap.*mode|trap.*priv)'
[09:24:34] [spechunter] [Grep] pattern='(?i)(clint|CLINT)'
[09:24:34] [spechunter] [Read] /home/yzs/riscv/XiangShan/src/main/scala/xiangshan/backend/fu/NewCSR/MachineLevel.scala
[09:24:48] [spechunter] [text] Now let me look at the spec for mnstatus and the specific interaction between MPP and mipopret.  
[09:24:48] [spechunter] [Read] /home/yzs/riscv/rv-isa-sec/spec_ref/riscv-isa-manual/src/priv/machine.adoc
[09:25:01] [spechunter] [Read] /home/yzs/riscv/XiangShan/src/main/scala/xiangshan/backend/fu/NewCSR/CSREvents/MretEvent.scala
[09:25:01] [spechunter] [Read] /home/yzs/riscv/XiangShan/src/main/scala/xiangshan/backend/fu/NewCSR/CSREvents/SretEvent.scala
[09:25:01] [spechunter] [Read] /home/yzs/riscv/XiangShan/src/main/scala/xiangshan/backend/fu/NewCSR/CSREvents/DretEvent.scala
[09:25:01] [spechunter] [Grep] pattern='(?i)(priv|push|pop|save|restore|mevent|mtvec)'
[09:25:01] [spechunter] [Read] /home/yzs/riscv/XiangShan/src/main/scala/xiangshan/backend/fu/NewCSR/CSREvents/TrapEntryHSEvent.scala
[09:25:06] [spechunter] [Grep] pattern='mnstatus|mstatus.MPP|MPP.*interrupt|interrupt.*MPP'
[09:25:24] [spechunter] [Grep] pattern='class AddrTransType'
[09:25:24] [spechunter] [Read] /home/yzs/riscv/XiangShan/src/main/scala/device/standalone/StandAloneCLINT.scala
[09:25:24] [spechunter] [Read] /home/yzs/riscv/XiangShan/rocket-chip/src/main/scala/devices/tilelink/CLINT.scala
[09:25:24] [spechunter] [Grep] pattern='(?i)(mmu|tlb|ptw|mem|load|store|flush)'
[09:25:50] [spechunter] [Grep] pattern='class AddrTransType'
[09:25:50] [spechunter] [Read] /home/yzs/riscv/XiangShan/src/main/scala/xiangshan/backend/fu/NewCSR/CSRPermitModule.scala
[09:25:50] [spechunter] [Grep] pattern='class NewCSRInterface|class NewCSR'
[09:25:50] [spechunter] [Grep] pattern='(?i)(trapEntryMNEvent\\.valid|dbltrpToMN|nmi|smrnmi)'
[09:25:50] [spechunter] [Grep] pattern='class PrivState|ModeM|isModeHS|isVirtual|isModeM|def PRVM'
[09:25:53] [spechunter] [text] Based on my thorough analysis of all code locations and the RISC-V Smip/Ssip specification, here is the audit result:  `...
[09:26:30] [spechunter] [Read] /home/yzs/riscv/XiangShan/src/main/scala/xiangshan/backend/fu/NewCSR/CSREvents/TrapEntryDEvent.scala
[09:26:30] [spechunter] [Read] /home/yzs/riscv/XiangShan/smtp_trap_pushpop_audit.json
[09:26:30] [spechunter] [Grep] pattern='(?i)(sclic|CLIC|clic|Smclic|SMCLIC)'
[09:26:30] [spechunter] [Grep] pattern='(?i)(NonMaskableIRPendingBundle|NonMaskableIRNO|smrnmi|nmi)'
[09:26:49] [spechunter] [Read] /home/yzs/riscv/XiangShan/src/main/scala/xiangshan/backend/fu/NewCSR/CSREvents/TrapEntryVSEvent.scala
[09:26:49] [spechunter] [Grep] pattern='(?i)(NonMaskable|NMI|nmip|nmi)'
[09:26:49] [spechunter] [Grep] pattern='class NonMaskableIRPendingBundle|object NonMaskableIRNO|val nonMaskable'
[09:26:49] [spechunter] [Grep] pattern='class NonMaskableIRPendingBundle'
[09:26:49] [spechunter] [Grep] pattern='(?i)TrapEntryVSEvent|vstvect|vstvec|vsepc|vscause|vstval|vsstatus'
[09:27:02] [spechunter] [Grep] pattern='class TlbCsrBundle|class TlbRequest'
[09:27:02] [spechunter] [Grep] pattern='class NonMaskableIRPendingBundle'
[09:27:02] [spechunter] [Read] /home/yzs/riscv/XiangShan/src/main/scala/xiangshan/backend/fu/NewCSR/CSREvents/TrapEntryMEvent.scala
[09:30:16] [spechunter] [text] Let me verify the key findings and check relevant files directly.  
[09:30:16] [spechunter] [Grep] pattern='(?i)(clic|smclic|smtpush|smtpop|mipopret|sipopret|mncause|sncause|mnstatus|snstatus)'
[09:30:16] [spechunter] [Bash] List spec reference document directories
[09:30:16] [spechunter] [Read] /home/yzs/riscv/XiangShan/smtp_trap_pushpop_audit.json
[09:31:12] [spechunter] [text] Let me verify key details and check the spec references.  
[09:31:12] [spechunter] [Bash] List CLIC/spec fast-interrupt reference files
[09:31:12] [spechunter] [Grep] pattern='(?i)(Smtpush|Smtpop|push.*pop|pop.*push|trap.*stack|stack.*trap|hardware.*save|save.*hardware|auto.*memory|memory.*auto)'
[09:31:12] [spechunter] [Read] /home/yzs/riscv/XiangShan/src/main/scala/xiangshan/backend/fu/NewCSR/NewCSR.scala
[09:31:28] [spechunter] [Read] /home/yzs/riscv/XiangShan/src/main/scala/xiangshan/backend/fu/NewCSR/NewCSR.scala
[09:31:28] [spechunter] [Read] /home/yzs/riscv/XiangShan/src/main/scala/xiangshan/cache/mmu/TLB.scala
[09:31:28] [spechunter] [Bash] List fast-interrupt spec files
[09:31:56] [spechunter] [Read] /home/yzs/riscv/rv-isa-sec/spec_ref/riscv-fast-interrupt/src/aclic.adoc
[09:31:56] [spechunter] [Grep] pattern='(?i)(Smtpush|Smtpop|push.*pop|trap.*stack|smstateen|smclic)'
[09:32:13] [spechunter] [Read] /home/yzs/riscv/rv-isa-sec/spec_ref/riscv-fast-interrupt/src/aclic.adoc
[09:33:29] [spechunter] [Grep] pattern='(?i)(privilege|MPRV|SUM|translation|address.*translation|effective|cur_priv|MPP|SPP)'
[09:33:29] [spechunter] [Grep] pattern='(?i)(stack.*pointer|stack frame|push.*save|pop.*restore|store.*save|load.*restore|x10|x11|x12|x13|x14|x15)'
[09:34:07] [spechunter] [Grep] pattern='(?i)(popret|csps|ipopret|sipopret|mipopret|pushpop)'
[09:34:07] [spechunter] [Read] /home/yzs/riscv/rv-isa-sec/spec_ref/riscv-fast-interrupt/src/aclic.adoc
[09:34:39] [spechunter] [Grep] pattern='(?i)(privilege.*mode|translation|address.*check|previous.*priv|interrupted.*context|store.*privilege|load.*privilege)'
[09:34:39] [spechunter] [Grep] pattern='(?i)(mipopret|sipopret|mpopret|spopret)'
[09:34:50] [spechunter] [Read] /home/yzs/riscv/rv-isa-sec/spec_ref/riscv-fast-interrupt/src/aclic.adoc
[09:35:20] [spechunter] [Grep] pattern='(?i)(popret|sipopret|mipopret|smip|ssip|smcsps|sscsps|spcs|spistatus|sithreshold|aclic|clic)'
[09:35:20] [spechunter] [Grep] pattern='(?i)(popret|sipopret|mipopret)'
[09:35:20] [spechunter] [Grep] pattern='(?i)(Smtpush|Smtpop|Smstateen|mstateen0|mstateen)'
[09:36:07] [spechunter] [text] Now I have all the information needed. The thorough investigation confirms that XiangShan does not implement the CLIC (S...
[09:36:07] [spechunter] [Read] /home/yzs/riscv/rv-isa-sec/spec_ref/riscv-fast-interrupt/src/aclic.adoc
[09:37:30] [spechunter] [text] Based on comprehensive investigation, XiangShan does **not** implement the CLIC Smip/Ssip (Smtpush/Smtpop) hardware inte...
