[14:11:22] [spechunter] PR loaded: #2091 riscv/riscv-isa-manual — "Adding Zalasr to the main spec"
[14:11:22] [spechunter]   diff: 8021 chars  body: 1 chars  reviews: 1
[14:11:22] [spechunter] Global pre-filter running...
[14:11:46] [spechunter] [text] {"should_skip": false}
[14:11:48] [spechunter] pre-filter: should_skip=False reason=""
[14:12:01] [spechunter] [text] {"should_skip": false}
[14:12:08] [spechunter] [text] {"should_skip": true, "skip_reason": "Zalasr is a purely unprivileged ISA extension adding load-acquire/store-release in...
[14:12:10] [spechunter] [text] {"should_skip": false}
[14:12:11] [spechunter] [text] {"should_skip": true, "skip_reason": "Zalasr is an unprivileged ISA extension adding load-acquire/store-release instruct...
[14:12:25] [spechunter] [text] {"should_skip": false, "skip_reason": "Zalasr defines new load-acquire/store-release instructions with software-visible ...
[14:12:34] [spechunter] [Agent] description, prompt
[14:12:56] [spechunter] [Grep] pattern='atomic|AMO|amo'
[14:12:56] [spechunter] [Grep] pattern='decode.*amo|AMO_W|AMO_D|atomic_op'
[14:12:56] [spechunter] [Grep] pattern='funct5|funct3'
[14:12:56] [spechunter] [Glob] target/riscv/**/*.decode
[14:13:04] [spechunter] [text] ```json {   "violation_condition": "XiangShan's out-of-order LSU/LSQ fails to enforce acquire-release memory ordering fo...
[14:13:14] [spechunter] [Grep] pattern='amo|lr|sc|atomic'
[14:13:14] [spechunter] [Read] /home/yzs/riscv/qemu/target/riscv/insn_trans/trans_rva.c.inc
[14:13:14] [spechunter] [Grep] pattern='RISCV_UW2_ALWAYS_STORE_AMO|decode_save_opc'
[14:13:25] [spechunter] [Grep] pattern='lb\\.aq|lb_aq|LBAQ|lbaq'
[14:13:25] [spechunter] [Grep] pattern='Zalasr|zalasr'
[14:13:25] [spechunter] [Grep] pattern='acquire|Acquire|ACQUIRE'
[14:13:25] [spechunter] [Grep] pattern='aqrl|aq\\.rl|AQRL'
[14:13:25] [spechunter] [Grep] pattern='funct5.*00110|00110.*funct5|load.acquire|store.release'
[14:13:25] [spechunter] [Grep] pattern='release.*barrier|barrier.*release|mem_order|MemOrder|memOrder'
[14:13:35] [spechunter] [text] ```json {   "violation_condition": "KVM handles a Zalasr instruction trap from a guest VM on a host that lacks native Za...
[14:13:38] [spechunter] [Grep] pattern='gen_amo|ssamoswap'
[14:13:38] [spechunter] [Read] /home/yzs/riscv/qemu/target/riscv/insn32.decode
[14:13:38] [spechunter] [Grep] pattern='00110|00111|load.acquire|store.release|zalasr|Zalasr'
[14:13:38] [spechunter] [Read] /home/yzs/riscv/qemu/target/riscv/insn32.decode
[14:13:41] [spechunter] [Grep] pattern='LoadAcquire|StoreRelease|load_acquire|store_release'
[14:13:41] [spechunter] [Grep] pattern='aql|AQL|aq.*rl|_aq|_rl'
[14:13:41] [spechunter] [Grep] pattern='AMO|amo|Amo'
[14:13:41] [spechunter] [Grep] pattern='isLoad|isStore|isAtomic|isAMO'
[14:13:41] [spechunter] [Grep] pattern='LoadQueue|StoreQueue|ScheduleMem'
[14:13:43] [spechunter] [Agent] description, subagent_type
[14:13:43] [spechunter] [Agent] description, subagent_type
[14:13:43] [spechunter] [Agent] description, subagent_type
[14:13:51] [spechunter] [Read] /home/yzs/riscv/qemu/target/riscv/insn_trans/trans_rvzalasr.c.inc
[14:13:51] [spechunter] [Read] /home/yzs/riscv/qemu/target/riscv/translate.c
[14:13:51] [spechunter] [Read] /home/yzs/riscv/qemu/target/riscv/translate.c
[14:13:51] [spechunter] [Read] /home/yzs/riscv/qemu/target/riscv/insn32.decode
[14:13:53] [spechunter] [TodoWrite] 5 items
[14:13:58] [spechunter] [Bash] List arch/riscv/kvm directory
[14:13:58] [spechunter] [Glob] arch/riscv/kvm/**/*.c
[14:13:58] [spechunter] [Glob] arch/riscv/kvm/**/*.h
[14:13:59] [spechunter] [Grep] pattern='lb\\.aq|lb\\.aqrl|lh\\.aq|lh\\.aqrl|lw\\.aq|lw\\.aqrl|ld\\.aq|ld\\.aqrl'
[14:13:59] [spechunter] [Grep] pattern='sb\\.rl|sb\\.aqrl|sh\\.rl|sh\\.aqrl|sw\\.rl|sw\\.aqrl|sd\\.rl|sd\\.aqrl'
[14:13:59] [spechunter] [Grep] pattern='aqrl|\\.aq\\b|\\.rl\\b|load.acquire|store.release'
[14:13:59] [spechunter] [Grep] pattern='0x2[fF]|AMO|MAJOR_OP.*2F|OPCODE.*AMO'
[14:13:59] [spechunter] [Grep] pattern='Zalasr|zalasr'
[14:14:00] [spechunter] [Grep] pattern='memdep|mem_dep|MemDep|MemoryDep'
[14:14:09] [spechunter] [Grep] pattern='aq|rl|acquire|release|Zalasr|zalasr|load.acquire|store.release|aqrl'
[14:14:09] [spechunter] [Grep] pattern='00110|00111|funct5|funct7'
[14:14:09] [spechunter] [Grep] pattern='za[lL]asr|Zalasr|ZaLaSr'
[14:14:09] [spechunter] [Glob] **/mem/**/*.scala
[14:14:09] [spechunter] [Glob] **/*{LSQ,LSU,LoadQueue,StoreQueue,LoadUnit,StoreUnit}*.scala
[14:14:09] [spechunter] [Grep] pattern='fence|barrier|Fence|Barrier|ordering|Ordering'
[14:14:09] [spechunter] [Grep] pattern='isAcquire|isRelease|isAQ|isRL|acquire|release|aq\\.rl|\\.rl\\.aq'
[14:14:09] [spechunter] [Grep] pattern='blockBackward|blockForward|stall.*order|order.*stall|memOrder|mem_order_check'
[14:14:11] [spechunter] [Read] /home/yzs/riscv/linux/arch/riscv/kvm/vcpu_insn.c
[14:14:11] [spechunter] [Read] /home/yzs/riscv/linux/arch/riscv/kvm/vcpu_exit.c
[14:14:11] [spechunter] [Grep] pattern='SC_LR|LR_SC|sc_lr|lr_w|sc_w'
[14:14:11] [spechunter] [Grep] pattern='funct5|FUNCT5|Funct5'
[14:14:11] [spechunter] [Grep] pattern='00110|00111'
[14:14:11] [spechunter] [Grep] pattern='MemRS|memRS|IsLoad|isLoad|LSU_Schedule|lsu_schedule'
[14:14:11] [spechunter] [Grep] pattern='opMap|op_map|DecodeTable|decode_table|INSTRUCTION_TABLE'
[14:14:11] [spechunter] [Grep] pattern='fence|FENCE|FENCEI|fence_i|fencei'
[14:14:14] [spechunter] [Grep] pattern='LoadSchedule|load_schedule|LoadScheduleQueue|loadSchedule'
[14:14:14] [spechunter] [Grep] pattern='MemSchedule|mem_schedule|memSchedule'
[14:14:14] [spechunter] [Grep] pattern='violation|mis.?specul|mispredict|replay|rollback|redirect'
[14:14:14] [spechunter] [Grep] pattern='noSpeculate|no_spec|blockSpec|inhibit'
[14:14:18] [spechunter] [Grep] pattern='ssamoswap'
[14:14:18] [spechunter] [Grep] pattern='opcode.*0101111|0101111'
[14:14:18] [spechunter] [Grep] pattern='illegal|reserved|translator_stub|decode_default'
[14:14:18] [spechunter] [Grep] pattern='unhandled|decodetree|decode_opcode'
[14:14:24] [spechunter] [Read] /home/yzs/riscv/XiangShan/src/main/scala/xiangshan/mem/lsqueue/LSQWrapper.scala
[14:14:24] [spechunter] [Read] /home/yzs/riscv/XiangShan/src/main/scala/xiangshan/mem/lsqueue/LSQBundle.scala
[14:14:24] [spechunter] [Read] /home/yzs/riscv/XiangShan/src/main/scala/xiangshan/mem/lsqueue/LSQCommon.scala
[14:14:24] [spechunter] [Read] /home/yzs/riscv/XiangShan/src/main/scala/xiangshan/mem/lsqueue/LoadQueueData.scala
[14:14:25] [spechunter] [Grep] pattern='LoadAcquire|StoreRelease|load.acquire|store.release|LoadAcq|StoreRel|loadAcquire|storeRelease'
[14:14:25] [spechunter] [Grep] pattern='aqrl|aq_rl|aq_rl|aq_|_rl_'
[14:14:25] [spechunter] [Grep] pattern='aquire|releas|Zal|za[lL]|extension.*a|extension.*atomic'
[14:14:28] [spechunter] [Grep] pattern='MASK_AMO|INSN_MATCH_AMO|AMO_W|AMO_D|funct5|0x2f|0x2F'
[14:14:28] [spechunter] [Grep] pattern='RISCV_ISA_EXT_ZALASR|zalasr'
[14:14:28] [spechunter] [Grep] pattern='RISCV_ISA_EXT_ZALASR|zalasr'
[14:14:28] [spechunter] [Grep] pattern='load.acquire|store.release|LOAD_ACQUIRE|STORE_RELEASE|INSN_MATCH.*[Ll][Dd]\\b|INSN_MATCH.*[Ss][Dd]\\b'
[14:14:28] [spechunter] [Read] /home/yzs/riscv/linux/arch/riscv/include/asm/insn-def.h
[14:14:32] [spechunter] [Read] /home/yzs/riscv/XiangShan/src/main/scala/xiangshan/mem/mdp/StoreSet.scala
[14:14:32] [spechunter] [Read] /home/yzs/riscv/XiangShan/src/main/scala/xiangshan/mem/mdp/WaitTable.scala
[14:14:32] [spechunter] [Read] /home/yzs/riscv/XiangShan/src/main/scala/xiangshan/mem/lsqueue/LoadQueueReplay.scala
[14:14:39] [spechunter] [Grep] pattern='LR|LoadReserve|lr\\.w|lr\\.d'
[14:14:39] [spechunter] [Grep] pattern='Store|Load|SC|LR'
[14:14:39] [spechunter] [Read] /home/yzs/riscv/XiangShan/src/main/scala/xiangshan/backend/decode/DecodeUnit.scala
[14:14:39] [spechunter] [Grep] pattern='sc\\.w|sc\\.d|lr\\.w|lr\\.d|lsuOp|LsuOp'
[14:14:40] [spechunter] [Grep] pattern='decodetree|TranslatorOps|translate_insn|translator_stub'
[14:14:40] [spechunter] [Grep] pattern='decode_insn16|decode_insn32|decode_opcode'
[14:14:40] [spechunter] [Read] /home/yzs/riscv/qemu/target/riscv/insn32.decode
[14:14:40] [spechunter] [Read] /home/yzs/riscv/qemu/target/riscv/cpu.c
[14:14:45] [spechunter] [text] Now let me look at the instruction opcode definitions and check if AMO opcodes are handled anywhere.  
[14:14:45] [spechunter] [Grep] pattern='INSN_OPCODE_SYSTEM|INSN_OPCODE_MASK|INSN_OPCODE_SHIFT|AMO|0x2[Ff]'
[14:14:45] [spechunter] [Grep] pattern='INSN_OPCODE|OPCODE_MASK|OPCODE_SHIFT'
[14:14:46] [spechunter] [Grep] pattern='amo|AMO|Amo'
[14:14:46] [spechunter] [Grep] pattern='isAquire|isReleas|isAcquire|isRelease|isAQ|isRL|aq|rl|AMOSWAP|AMOADD|AMOXOR|AMOAND|AMOOR|AMOMIN|AMOMAX|amoadd|amoswap|amoxor|amoand|amoor|amomin|amomax'
[14:14:52] [spechunter] [Read] /home/yzs/riscv/qemu/target/riscv/translate.c
[14:14:52] [spechunter] [Read] /home/yzs/riscv/qemu/target/riscv/translate.c
[14:14:54] [spechunter] [Grep] pattern='isAcquire|isRelease|isAQ|isRL|\\.aq\\.rl|acquire|release'
[14:14:54] [spechunter] [Grep] pattern='release|Release'
[14:14:54] [spechunter] [Grep] pattern='fence|Fence|SFENCE|fencei|isFence|hasFence'
[14:14:54] [spechunter] [Grep] pattern='blockBackward|blockForward|stall|Stall|block'
[14:14:54] [spechunter] [Grep] pattern='isAcquire|isRelease|aq|rl'
[14:15:07] [spechunter] [Grep] pattern='LSUOpType|lsuOp|LSUOp'
[14:15:07] [spechunter] [Grep] pattern='lr_w|lr_d|sc_w|sc_d'
[14:15:07] [spechunter] [Grep] pattern='lsuAT|lsuAMO|AMOSwap|AMOAdd|AMO'
[14:15:07] [spechunter] [Read] /home/yzs/riscv/XiangShan/src/main/scala/xiangshan/package.scala
[14:15:07] [spechunter] [Grep] pattern='INSN_MATCH_LW|INSN_MATCH_LH|INSN_MATCH_LB|INSN_MATCH_SW|INSN_MATCH_SH|INSN_MATCH_SB|INSN_MASK_LW|INSN_MASK_LH|INSN_MASK_LB|INSN_MASK_SW|INSN_MASK_SH|INSN_MASK_SB'
[14:15:07] [spechunter] [Read] /home/yzs/riscv/linux/arch/riscv/kvm/vcpu_insn.c
[14:15:07] [spechunter] [Read] /home/yzs/riscv/linux/arch/riscv/kvm/vcpu_insn.c
[14:15:07] [spechunter] [Read] /home/yzs/riscv/linux/arch/riscv/include/asm/insn-def.h
[14:15:07] [spechunter] [Grep] pattern='OPCODE_AMO|OPCODE_MISC_MEM|MISC_MEM'
[14:15:08] [spechunter] [Grep] pattern='isAcquire|isRelease|\\.aq\\.rl'
[14:15:08] [spechunter] [Grep] pattern='isFence|hasFence|fencei|SFENCE'
[14:15:08] [spechunter] [Read] /home/yzs/riscv/XiangShan/src/main/scala/xiangshan/mem/MemCommon.scala
[14:15:08] [spechunter] [Grep] pattern='stall|Stall|blockBackward|blockForward|ordering|ordering'
[14:15:17] [spechunter] [Read] /home/yzs/riscv/XiangShan/src/main/scala/xiangshan/package.scala
[14:15:17] [spechunter] [Grep] pattern='BitPat.*0101111|AMO|AMO.*0?101111'
[14:15:17] [spechunter] [Grep] pattern='LR_W|LR_D|SC_W|SC_D|LR|SC'
[14:15:23] [spechunter] [Read] /home/yzs/riscv/XiangShan/src/main/scala/xiangshan/package.scala
[14:15:23] [spechunter] [Grep] pattern='aq|release|acquire|rl|AQ|RL'
[14:15:23] [spechunter] [Grep] pattern='Instructions\\.|instructions\\.rocket|rocket.*Instruction'
[14:15:23] [spechunter] [Grep] pattern='LB_AQ|LH_AQ|LW_AQ|LD_AQ|SB_RL|SH_RL|SW_RL|SD_RL'
[14:15:25] [spechunter] [Grep] pattern='ctx->decoders|decoder.*init|riscv_cpu_decode_fn'
[14:15:25] [spechunter] [Read] /home/yzs/riscv/qemu/target/riscv/translate.c
[14:15:25] [spechunter] [Read] /home/yzs/riscv/linux/arch/riscv/include/asm/insn.h
[14:15:25] [spechunter] [Grep] pattern='INSN_OPCODE_|RVG_OPCODE|OPCODE_AMO|AMO'
[14:15:30] [spechunter] [Read] /home/yzs/riscv/linux/arch/riscv/kvm/vcpu_insn.c
[14:15:30] [spechunter] [Grep] pattern='INSN_MASK_LW|INSN_MASK_LB|INSN_MASK_LH|INSN_MASK_LD|INSN_MASK_SW|INSN_MASK_SB|INSN_MASK_SH|INSN_MASK_SD|INSN_MATCH_LW|INSN_MATCH_LB|INSN_MATCH_LH|INSN_MATCH_LD|INSN_MATCH_SW|INSN_MATCH_SB|INSN_MATCH_SH|INSN_MATCH_SD'
[14:15:30] [spechunter] [Read] /home/yzs/riscv/linux/arch/riscv/kvm/vcpu_insn.c
[14:15:30] [spechunter] [Read] /home/yzs/riscv/linux/arch/riscv/kvm/vcpu_insn.c
[14:15:30] [spechunter] [Grep] pattern='emulate_.*load|emulate_.*store|mmio_decode|stage2.*load|stage2.*store|kvm_riscv_vcpu_mmio'
[14:15:32] [spechunter] [Grep] pattern='cpu->decoders|decoder.*push|decode_insn32'
[14:15:32] [spechunter] [Glob] target/riscv/decode-insn32.c.inc
[14:15:32] [spechunter] [Glob] target/riscv/insn_trans/trans_rvzabha.c.inc
[14:15:34] [spechunter] [Grep] pattern='blockBackward|blockForward|block.*Backward|block.*Forward|memOrder'
[14:15:34] [spechunter] [Read] /home/yzs/riscv/XiangShan/src/main/scala/xiangshan/backend/fu/Fence.scala
[14:15:34] [spechunter] [Grep] pattern='FenceToSbuffer|fenceToSbuffer'
[14:15:34] [spechunter] [Grep] pattern='RobLsqIO'
[14:15:34] [spechunter] [Grep] pattern='LR_W[^A-Z]|LR_D[^A-Z]|SC_W[^A-Z]|SC_D[^A-Z]|lr_w|lr_d|sc_w|sc_d|LR|SC[^A-Z_\\[ONTS]'
[14:15:34] [spechunter] [Grep] pattern='LREQ|SCrel|SC_REL|LR_ACQ|aq|rl|acquire|release'
[14:15:37] [spechunter] [Glob] **/decode-insn32.c.inc
[14:15:37] [spechunter] [Read] /home/yzs/riscv/qemu/target/riscv/tcg/tcg-cpu.c
[14:15:47] [spechunter] [Grep] pattern='LR_W|SC_W|LR_D|SC_D'
[14:15:47] [spechunter] [Grep] pattern='LB[^_]|LH[^_]|LW[^_]|LD[^_]|SB[^_]|SH[^_]|SW[^_]|SD[^_]'
[14:15:47] [spechunter] [Grep] pattern='Forward|forward|mem_forward|memForward'
[14:15:47] [spechunter] [Grep] pattern='isLr|isSc|isAMO'
[14:15:47] [spechunter] [Grep] pattern='isLr|isSc'
[14:15:49] [spechunter] [Grep] pattern='lr_w\\b|lr_d\\b|sc_w\\b|sc_d\\b'
[14:15:49] [spechunter] [Grep] pattern='BitPat.*0101111.*010|BitPat.*0101111.*011|BitPat.*00010.*0101111|BitPat.*00011.*0101111'
[14:15:49] [spechunter] [Grep] pattern='LR_W|LR_D|SC_W|SC_D'
[14:15:51] [spechunter] [Grep] pattern='no_spec|noSpecLoad|noSpec|ssid|shouldWait|loadWait|strict|storeSet|storeset'
[14:15:51] [spechunter] [Grep] pattern='violation|nuke|forwardMiss|forward_miss|stld|st_ld|C_MA|C_NK|loadViolation|load_violation'
[14:15:51] [spechunter] [Bash] List mdp directory contents
[14:15:59] [spechunter] [Read] /home/yzs/riscv/XiangShan/src/main/scala/xiangshan/backend/rob/RobBundles.scala
[14:15:59] [spechunter] [Grep] pattern='RobLsqIO'
[14:15:59] [spechunter] [Grep] pattern='fence|Fence|barrier|Barrier|ordering|Ordering'
[14:15:59] [spechunter] [Grep] pattern='fence|Fence|sfence|SFENCE|fencei'
[14:16:06] [spechunter] [TodoWrite] 5 items
[14:16:08] [spechunter] [Grep] pattern='amo|AMO|atomic|ATOMIC'
[14:16:08] [spechunter] [Grep] pattern='ZALASR|zalasr|load.acquire|store.release|ZAMO|zamo'
[14:16:08] [spechunter] [Read] /home/yzs/riscv/linux/arch/riscv/kvm/vcpu_insn.c
[14:16:08] [spechunter] [Read] /home/yzs/riscv/linux/arch/riscv/kvm/vcpu_onereg.c
[14:16:14] [spechunter] [Grep] pattern='MemPredUpdateReq|MemPredUpdate|MemPred|mempred|storeSet|storeset|ssid|shouldWait|loadWait|no_spec_load|noSpecLoad|waitTable|WaitTable|SSIT|LFST|loadWaitStrict|load_wait_strict'
[14:16:14] [spechunter] [Grep] pattern='MemPredUpdateReq|MemPredUpdate|MemPred|mempred|storeSet|storeset|ssid|shouldWait|loadWait|no_spec_load|noSpecLoad|waitTable|WaitTable|SSIT|LFST|loadWaitStrict|load_wait_strict'
[14:16:14] [spechunter] [Grep] pattern='MemPredUpdateReq|MemPredUpdate|MemPred|mempred|storeSet|storeset|ssid|shouldWait|loadWait|no_spec_load|noSpecLoad|waitTable|WaitTable|SSIT|LFST|loadWaitStrict|violation'
[14:16:15] [spechunter] [Grep] pattern='isLoad|isStore|isAtomic|IsAtomic|uopCtrl'
[14:16:15] [spechunter] [Grep] pattern='aqu|AQ|Aqu|rls|RLS|Rls'
[14:16:15] [spechunter] [Grep] pattern='ScheduleMem|schedule_mem'
[14:16:15] [spechunter] [Grep] pattern='StFwd|stFwd|storeFwd|StoreForward|storeForward|st_forward'
[14:16:15] [spechunter] [Glob] **/rocket-chip/**/instructions.scala
[14:16:15] [spechunter] [Grep] pattern='isa.*instr|instr.*table|OpcodeTable|opcode_table|RISCV_OPCODE'
[14:16:16] [spechunter] [Read] /home/yzs/riscv/XiangShan/src/main/scala/xiangshan/backend/rob/RobBundles.scala
[14:16:16] [spechunter] [Read] /home/yzs/riscv/XiangShan/src/main/scala/xiangshan/Bundle.scala
[14:16:16] [spechunter] [Read] /home/yzs/riscv/XiangShan/src/main/scala/xiangshan/backend/Bundles.scala
[14:16:16] [spechunter] [Grep] pattern='blockBackward'
[14:16:16] [spechunter] [Grep] pattern='blockBackward'
[14:16:17] [spechunter] [Grep] pattern='table.*new|defaultTable|new DecodeTable|object.*InstTable|InstTable|DecodeTable'
[14:16:17] [spechunter] [Grep] pattern='def LR_W|def LR_D|def SC_W|def SC_D|LR_W.*=.*BitPat|SC_W.*=.*BitPat'
[14:16:28] [spechunter] [Grep] pattern='LR_W\\b'
[14:16:28] [spechunter] [Grep] pattern='object.*XDecode|XDecode.*table|def table|val table'
[14:16:36] [spechunter] [Grep] pattern='LB\\.AQ|LH\\.AQ|LW\\.AQ|LD\\.AQ|SB\\.RL|SH\\.RL|SW\\.RL|SD\\.RL'
[14:16:36] [spechunter] [Grep] pattern='LB_AQ|LH_AQ|LW_AQ|LD_AQ'
[14:16:36] [spechunter] [Grep] pattern='opcode.*01011|01011.*opcode|OPCODE.*01011|0101111'
[14:16:36] [spechunter] [Grep] pattern='AMO|amo|ATOMIC|atomic'
[14:16:36] [spechunter] [Glob] src/main/scala/xiangshan/backend/decode/isa/bitfield/*.scala
[14:16:38] [spechunter] [Read] /home/yzs/riscv/XiangShan/src/main/scala/xiangshan/backend/decode/DecodeUnit.scala
[14:16:38] [spechunter] [Grep] pattern='XDecode|table.*\\+=|LR_W|SC_W|LR_D|SC_D|AMOADD|AMOSWAP'
[14:16:41] [spechunter] [Read] /home/yzs/riscv/XiangShan/src/main/scala/xiangshan/mem/lsqueue/LoadQueue.scala
[14:16:41] [spechunter] [Grep] pattern='commit|Commit|order|Order'
[14:16:41] [spechunter] [Grep] pattern='fence|Fence|sfence|SFENCE'
[14:16:41] [spechunter] [Grep] pattern='block|stall|wait|Wait|enforce|Enforce|flush|Flush'
[14:16:44] [spechunter] [Read] /home/yzs/riscv/XiangShan/src/main/scala/xiangshan/mem/Bundles.scala
[14:16:44] [spechunter] [Read] /home/yzs/riscv/XiangShan/src/main/scala/xiangshan/mem/pipeline/NewLoadUnit.scala
[14:16:44] [spechunter] [Read] /home/yzs/riscv/XiangShan/src/main/scala/xiangshan/mem/pipeline/NewLoadUnit.scala
[14:16:46] [spechunter] [Read] /home/yzs/riscv/linux/arch/riscv/kvm/vcpu_exit.c
[14:16:46] [spechunter] [Grep] pattern='OPCODE_AMO|0x2[fF]|opcode.*amo|amo.*opcode|atomic_memory'
[14:16:46] [spechunter] [Read] /home/yzs/riscv/linux/arch/riscv/net/bpf_jit_comp64.c
[14:16:46] [spechunter] [Grep] pattern='OPCODE_AMO|OPCODE_MISC_MEM'
[14:16:51] [spechunter] [text] Let me check the AMO instruction definitions in more detail.  
[14:16:51] [spechunter] [Read] /home/yzs/riscv/linux/arch/riscv/include/asm/insn-def.h
[14:16:51] [spechunter] [Read] /home/yzs/riscv/linux/arch/riscv/include/asm/insn.h
[14:16:52] [spechunter] [Grep] pattern='isFence|fence'
[14:16:52] [spechunter] [Read] /home/yzs/riscv/XiangShan/src/main/scala/xiangshan/backend/rob/Rob.scala
[14:16:52] [spechunter] [Grep] pattern='FenceOpType|fenceOpType'
[14:16:55] [spechunter] [Grep] pattern='def LR_W|def SC_W|def LR_D|def SC_D|def AMOADD_W|def AMOSWAP_W'
[14:16:55] [spechunter] [Grep] pattern='val LR_W|val SC_W|val LR_D|val SC_D|val AMOADD_W|val AMOSWAP_W'
[14:16:55] [spechunter] [Grep] pattern='LR_W|SC_W|LR_D|SC_D'
[14:17:05] [spechunter] [Grep] pattern='LR_W|SC_W|LR_D|SC_D'
[14:17:05] [spechunter] [Grep] pattern='LR_W|SC_W|LR_D|SC_D'
[14:17:05] [spechunter] [Grep] pattern='LR_W|SC_W|LR_D|SC_D'
[14:17:06] [spechunter] [Read] /home/yzs/riscv/XiangShan/src/main/scala/xiangshan/backend/decode/isa/bitfield/RiscvInst.scala
[14:17:06] [spechunter] [Grep] pattern='StFwd|stFwd|forward|Forward'
[14:17:06] [spechunter] [Grep] pattern='isLr|isSc|isAMO|LR|SC|amo'
[14:17:06] [spechunter] [Grep] pattern='order|Order|barrier|Barrier|fence|Fence'
[14:17:06] [spechunter] [Grep] pattern='fuOpType.*lr|fuOpType.*sc|lr_w|lr_d|sc_w|sc_d|isLr|isSc'
[14:17:07] [spechunter] [Grep] pattern='FenceOpType'
[14:17:07] [spechunter] [Read] /home/yzs/riscv/XiangShan/src/main/scala/xiangshan/backend/rob/Rob.scala
[14:17:07] [spechunter] [Grep] pattern='commit|Commit|deq|Deq|canCommit|writebacked'
[14:17:07] [spechunter] [Grep] pattern='acquire|release|fence|Fence|aq|rl'
[14:17:07] [spechunter] [Grep] pattern='acquire|release'
[14:17:16] [spechunter] [Grep] pattern='LB_AQ|LH_AQ|LW_AQ|LD_AQ|SB_RL|SH_RL|SW_RL|SD_RL'
[14:17:16] [spechunter] [Bash] Find rocket-chip related scala files
[14:17:16] [spechunter] [Grep] pattern='rocket-chip|rocketchip'
[14:17:23] [spechunter] [Grep] pattern='import.*LR_W|import.*SC_W|import.*BitPat|import.*Decode'
[14:17:23] [spechunter] [Read] /home/yzs/riscv/XiangShan/src/main/scala/xiangshan/backend/decode/DecodeUnit.scala
[14:17:26] [spechunter] [Grep] pattern='acquire|release|aq_rl|aqrl|AQ|RL|fence|FENCE|mem_order|MemOrder|memory_order|mem_order'
[14:17:26] [spechunter] [Grep] pattern='lvpred_disable|no_spec|noSpec'
[14:17:26] [spechunter] [Grep] pattern='CustomCSRCtrlIO'
[14:17:33] [spechunter] [Read] /home/yzs/riscv/XiangShan/src/main/scala/xiangshan/package.scala
[14:17:33] [spechunter] [Read] /home/yzs/riscv/XiangShan/src/main/scala/xiangshan/backend/rob/Rob.scala
[14:17:33] [spechunter] [Grep] pattern='isWritebacked|isUopWritebacked|writebacked|enqPtr|deqPtr|allowEnqueue|canCommit'
[14:17:33] [spechunter] [Grep] pattern='noSpecExec|noSpec|noSpeculate|waitForward|blockBackward'
[14:17:39] [spechunter] [Grep] pattern='def LR_W|def SC_W|def LR_D|def SC_D|def AMOADD_W'
[14:17:39] [spechunter] [Glob] **/rocket-chip/**/Instructions.scala
[14:17:45] [spechunter] [Bash] Find rocket-chip directory structure
[14:17:45] [spechunter] [Grep] pattern='LB_AQ|LH_AQ|LW_AQ|LD_AQ|lb\\.aq'
[14:17:45] [spechunter] [Grep] pattern='MemBlock|mem_block|LSU.*Wrapper'
[14:17:45] [spechunter] [Read] /home/yzs/riscv/linux/arch/riscv/include/asm/insn.h
[14:17:45] [spechunter] [Read] /home/yzs/riscv/linux/arch/riscv/include/asm/insn-def.h
[14:17:45] [spechunter] [Read] /home/yzs/riscv/linux/arch/riscv/kvm/vcpu_onereg.c
[14:17:45] [spechunter] [Read] /home/yzs/riscv/linux/arch/riscv/net/bpf_jit.h
[14:17:45] [spechunter] [Grep] pattern='ZALASR|zalasr'
[14:17:46] [spechunter] [text] Now let me trace the full trap handling path more carefully. Let me check what `INSN_OPCODE_AMO` would be and whether KV...
[14:17:46] [spechunter] [Grep] pattern='INSN_OPCODE_AMO|0x2F|AMO|amo|Zalasr|zalasr|ZALASR'
[14:17:46] [spechunter] [Read] /home/yzs/riscv/linux/arch/riscv/kvm/vcpu_onereg.c
[14:17:51] [spechunter] [Read] /home/yzs/riscv/qemu/target/riscv/insn_trans/trans_rvzalasr.c.inc
[14:17:51] [spechunter] [Read] /home/yzs/riscv/qemu/target/riscv/insn32.decode
[14:17:52] [spechunter] [Grep] pattern='no_spec_load|noSpecLoad|lvpred_disable'
[14:17:52] [spechunter] [Grep] pattern='no_spec_load|noSpecLoad|lvpred_disable'
[14:17:52] [spechunter] [Grep] pattern='no_spec_load|noSpecLoad|lvpred_disable'
[14:17:53] [spechunter] [Glob] **/rocket-chip/**/*.scala
[14:17:53] [spechunter] [Grep] pattern='\\baq\\b|\\brl\\b|acquire|release'
[14:17:53] [spechunter] [Bash] Find rocket-chip Instructions.scala
[14:17:57] [spechunter] [Read] /home/yzs/riscv/XiangShan/src/main/scala/xiangshan/mem/lsqueue/VirtualLoadQueue.scala
[14:17:57] [spechunter] [Read] /home/yzs/riscv/XiangShan/src/main/scala/xiangshan/mem/lsqueue/LoadQueueRAR.scala
[14:17:57] [spechunter] [Read] /home/yzs/riscv/XiangShan/src/main/scala/xiangshan/mem/lsqueue/LoadQueueRAW.scala
[14:17:57] [spechunter] [Grep] pattern='lcommit|scommit|commitType|LoadCount|StoreCount|loadCount|storeCount|isCommit.*Load|isCommit.*Store|lsq.*commit|commit.*lsq'
[14:17:57] [spechunter] [Grep] pattern='lcommit|scommit'
[14:18:09] [spechunter] [Grep] pattern='00110|00111'
[14:18:09] [spechunter] [Grep] pattern='01000|01001|01010|01011|01100|01101|01110|01111'
[14:18:09] [spechunter] [Grep] pattern='load_w|LOAD.*BIT|Load.*bit|load.*Bit'
[14:18:09] [spechunter] [Grep] pattern='AMOSWAP|AMOADD|AMOXOR|AMOAND|AMOOR|AMOMIN|AMOMAX|amo'
[14:18:09] [spechunter] [Grep] pattern='ldu|stu|FuType\\.mou|mou'
[14:18:10] [spechunter] [Bash] Find jar files with Instructions class
[14:18:10] [spechunter] [Grep] pattern='aq|rl|acquire|release'
[14:18:10] [spechunter] [Grep] pattern='isLr|isSc|isLrD|isScr'
[14:18:14] [spechunter] [Grep] pattern='INSN_OPCODE_SYSTEM|INSN_OPCODE_MASK|INSN_OPCODE_SHIFT|INSN_OPCODE_AMO'
[14:18:14] [spechunter] [Grep] pattern='virtual_insn|virtual_inst|EXC_VIRTUAL_INST'
[14:18:14] [spechunter] [Grep] pattern='LB_AQ|LH_AQ|LW_AQ|LD_AQ|SB_RL|SH_RL|SW_RL|SD_RL'
[14:18:14] [spechunter] [Read] /home/yzs/riscv/XiangShan/src/main/scala/xiangshan/mem/lsqueue/VirtualLoadQueue.scala
[14:18:14] [spechunter] [Grep] pattern='LSUOpType|LSUOpType'
[14:18:14] [spechunter] [Grep] pattern='LSUOpType|lsuOpType'
[14:18:15] [spechunter] [Bash] List rocket-chip scala files
[14:18:15] [spechunter] [Grep] pattern='LB_AQ|LH_AQ|LW_AQ|LD_AQ'
[14:18:35] [spechunter] [Read] /home/yzs/riscv/linux/arch/riscv/include/asm/insn.h
[14:18:35] [spechunter] [Read] /home/yzs/riscv/linux/arch/riscv/kvm/vcpu_insn.c
[14:18:35] [spechunter] [Grep] pattern='AMO|OPCODE.*0x2f|amo_major'
[14:18:35] [spechunter] [Read] /home/yzs/riscv/linux/arch/riscv/kernel/cpufeature.c
[14:18:38] [spechunter] [Bash] Find all files in rocket-chip directory
[14:18:38] [spechunter] [Grep] pattern='Zalasr|zalasr|ZALASR'
[14:18:38] [spechunter] [Grep] pattern='Instruction.*LB|def LB |def LH |def LW |def LD |def SB |def SH |def SW |def SD '
[14:18:38] [spechunter] [Grep] pattern='loadWaitBit|load_wait|waitBit|waitStrict|storeSet'
[14:18:39] [spechunter] [Read] /home/yzs/riscv/XiangShan/src/main/scala/xiangshan/package.scala
[14:18:39] [spechunter] [Grep] pattern='CommitType|commitType'
[14:18:39] [spechunter] [Grep] pattern='CommitType'
[14:18:39] [spechunter] [Read] /home/yzs/riscv/XiangShan/src/main/scala/xiangshan/mem/pipeline/NewLoadUnit.scala
[14:18:39] [spechunter] [Grep] pattern='aq|rl|acquire|release|isLr|isSc|lr_w|lr_d|sc_w|sc_d'
[14:18:39] [spechunter] [Grep] pattern='aq|rl|isLr|isSc|lr_w|lr_d|sc_w|sc_d'
[14:18:39] [spechunter] [Grep] pattern='aq|rl|isLr|isSc'
[14:18:42] [spechunter] [Read] /home/yzs/riscv/linux/arch/riscv/kvm/vcpu_onereg.c
[14:18:42] [spechunter] [Read] /home/yzs/riscv/linux/arch/riscv/kvm/vcpu_switch.S
[14:18:42] [spechunter] [Grep] pattern='no_spec_load|lvpred_disable'
[14:18:42] [spechunter] [Grep] pattern='CustomCSRCtrlIO|csrCtrl'
[14:18:47] [spechunter] [Grep] pattern='isXSTrap|IS_XS|isXS|is_xs|xstrap|xs_trap|BlockBackward|blockBackward|blockBack'
[14:18:47] [spechunter] [Grep] pattern='isXSTrap|IS_XS|isXS|is_xs'
[14:18:58] [spechunter] [Read] /home/yzs/riscv/XiangShan/src/main/scala/xiangshan/package.scala
[14:18:58] [spechunter] [Read] /home/yzs/riscv/XiangShan/src/main/scala/xiangshan/mem/pipeline/AtomicsUnit.scala
[14:18:58] [spechunter] [Grep] pattern='MouOpType|AtomicsOpType'
[14:19:03] [spechunter] [Read] /home/yzs/riscv/XiangShan/src/main/scala/xiangshan/mem/lsqueue/LoadQueueRAR.scala
[14:19:03] [spechunter] [Grep] pattern='violation|nuke|CheckNuke|nuke_query|nukeQuery|rarNuke|rawNuke|st_ld_violation'
[14:19:03] [spechunter] [Grep] pattern='violation|nuke|CheckNuke|nuke_query|nukeQuery|rarNuke|rawNuke|st_ld_violation'
[14:19:04] [spechunter] [Grep] pattern='isXSTrap|blockBackward|blockBack|IS_XS|flushPipe'
[14:19:04] [spechunter] [Grep] pattern='isXSTrap|blockBackward|IS_XS|xstrap'
[14:19:04] [spechunter] [Grep] pattern='xstrap|IS_XS|isXSTrap'
[14:19:05] [spechunter] [text] Let me do a few more targeted searches to confirm the absence and find related flow paths.  
[14:19:05] [spechunter] [Read] /home/yzs/riscv/XiangShan/src/main/scala/xiangshan/backend/decode/DecodeUnit.scala
[14:19:05] [spechunter] [Read] /home/yzs/riscv/XiangShan/src/main/scala/xiangshan/mem/pipeline/AtomicsUnit.scala
[14:19:05] [spechunter] [Grep] pattern='aql|rl.*bit|acq.*bit|aq_rl|aqBit|rlBit|memAcquire|memRelease'
[14:19:05] [spechunter] [Grep] pattern='needOrder|reorder|mem_order|strongOrder'
[14:19:12] [spechunter] [Read] /home/yzs/riscv/XiangShan/src/main/scala/xiangshan/backend/decode/DecodeUnit.scala
[14:19:12] [spechunter] [Read] /home/yzs/riscv/XiangShan/src/main/scala/xiangshan/Bundle.scala
[14:19:12] [spechunter] [Read] /home/yzs/riscv/XiangShan/src/main/scala/xiangshan/backend/Bundles.scala
[14:19:14] [spechunter] [Read] /home/yzs/riscv/XiangShan/src/main/scala/xiangshan/mem/lsqueue/LoadQueueRAR.scala
[14:19:14] [spechunter] [Read] /home/yzs/riscv/XiangShan/src/main/scala/xiangshan/mem/lsqueue/LoadQueueRAW.scala
[14:19:14] [spechunter] [Grep] pattern='acquire|release|aq_rl|aqrl|AQ|RL|fence_or|fencei|sfence'
[14:19:15] [spechunter] [Grep] pattern='ScalaDecode|DefaultDecode|RVADecode'
[14:19:15] [spechunter] [Read] /home/yzs/riscv/XiangShan/src/main/scala/xiangshan/backend/decode/DecodeUnit.scala
[14:19:18] [spechunter] [text] Now let me look at how AMO with aq/rl ordering is used in the kernel's own code and check the trap entry point.  
[14:19:18] [spechunter] [Read] /home/yzs/riscv/linux/arch/riscv/include/asm/bitops.h
[14:19:18] [spechunter] [Read] /home/yzs/riscv/linux/arch/riscv/include/asm/hwcap.h
[14:19:20] [spechunter] [Grep] pattern='RISCV_UW2_ALWAYS_STORE_AMO'
[14:19:20] [spechunter] [Grep] pattern='decode_save_opc'
[14:19:24] [spechunter] [Grep] pattern='acquire|release|aq|rl'
[14:19:24] [spechunter] [Grep] pattern='isBlockBackward|blockBackward|nextCanOut'
[14:19:24] [spechunter] [Read] /home/yzs/riscv/XiangShan/src/main/scala/xiangshan/backend/rob/Rob.scala
[14:19:30] [spechunter] [Read] /home/yzs/riscv/XiangShan/src/main/scala/xiangshan/mem/lsqueue/LSQBundle.scala
[14:19:30] [spechunter] [Grep] pattern='isAMO|is_amo|isAtomic|is_atomic|atomic'
[14:19:30] [spechunter] [Grep] pattern='def isAMO|def isMou|Mou|mou'
[14:19:33] [spechunter] [Grep] pattern='funct5|FUNCT5|funct5_'
[14:19:33] [spechunter] [Grep] pattern='funct12|funct7|FUNCT7'
[14:19:33] [spechunter] [Grep] pattern='LD[^A-Za-z]|ld_wu|LWU|LD[ _]|LD$'
[14:19:42] [spechunter] [Read] /home/yzs/riscv/XiangShan/src/main/scala/xiangshan/mem/lsqueue/LoadQueueRAW.scala
[14:19:42] [spechunter] [Read] /home/yzs/riscv/XiangShan/src/main/scala/xiangshan/mem/lsqueue/LoadQueue.scala
[14:19:42] [spechunter] [Grep] pattern='MemCtrl|loadWaitBit|loadWaitStrict|ssid|storeSetHit|waitForRobIdx|shouldWait'
[14:19:48] [spechunter] [Grep] pattern='IS_XS|xstrap|xstrap_w|xstrap_d|isXSTrap.*wait|isXSTrap.*insert|blockBackward.*is'
[14:19:48] [spechunter] [Grep] pattern='IS_XS|xstrap|xstrap_w|xstrap_d'
[14:19:48] [spechunter] [Grep] pattern='isa.*ext|extension.*enable|misareg|misa.*a|Zalasr|zalasr|MISA'
[14:19:49] [spechunter] [Read] /home/yzs/riscv/qemu/target/riscv/cpu_helper.c
[14:19:49] [spechunter] [Grep] pattern='always_storeamo'
[14:19:52] [spechunter] [Read] /home/yzs/riscv/XiangShan/src/main/scala/xiangshan/backend/ctrlblock/MemCtrl.scala
[14:19:52] [spechunter] [Grep] pattern='acquire|release|aq_rl|aqrl|MemOrder|mem_order|ORDER'
[14:19:54] [spechunter] [Grep] pattern='FenceOpType|fenceOpType|FenceOp'
[14:19:54] [spechunter] [Grep] pattern='noSpec|blockBack|block_back|blockBackward'
[14:19:54] [spechunter] [Grep] pattern='ldu.*cbo|clean|flush|inval|CBO|isCbo'
[14:19:56] [spechunter] [Grep] pattern='misa|MISA|Ext|extension.*bit|ISA|isa_bit|extension.*enable|A.*extension'
[14:19:56] [spechunter] [Grep] pattern='misa|MISA|misa_ext|extension'
[14:19:56] [spechunter] [Grep] pattern='misa|MISA|isa_ext|extensions'
[14:19:57] [spechunter] [Grep] pattern='amoswap|amoadd|amoxor|amoand|amoor|amomin|amomax|amocas|lr\\.w|sc\\.w|lr\\.d|sc\\.d|LR_W|SC_W'
[14:19:57] [spechunter] [Grep] pattern='hasBlockBackward|blockBackward|noSpecExec|waitForward'
[14:19:57] [spechunter] [Grep] pattern='Zalasr|Zalrsc|amo.*order|atomic.*order|memory.*order'
[14:19:57] [spechunter] [Grep] pattern='flush.*fence|fence.*flush|flushSb|flush_sb|flush_sbuffer'
[14:20:00] [spechunter] [text] Now let me check if there's any AMO trap forwarding or emulation path I might have missed, and look at the `EXC_INST_ILL...
[14:20:00] [spechunter] [Grep] pattern='EXC_INST_ILLEGAL|EXC_VIRTUAL_INST'
[14:20:00] [spechunter] [Grep] pattern='OPCODE_AMO|RV_OPCODE_AMO|INSN_OPCODE.*11'
[14:20:03] [spechunter] [Read] /home/yzs/riscv/XiangShan/src/main/scala/xiangshan/package.scala
[14:20:03] [spechunter] [Read] /home/yzs/riscv/XiangShan/src/main/scala/xiangshan/backend/fu/Fence.scala
[14:20:03] [spechunter] [Grep] pattern='load.*wait|wait.*load|store.*order|order.*store|replay.*reorder|troubleMaker'
[14:20:09] [spechunter] [Read] /home/yzs/riscv/XiangShan/src/main/scala/xiangshan/Parameters.scala
[14:20:09] [spechunter] [Grep] pattern='IS_XS|isXSTrap.*insert|insert_isxs|delay_isxs|barrier|sync|fence.*acquire|fence.*release'
[14:20:09] [spechunter] [Grep] pattern='isXSTrap|blockBackward|noSpecExec'
[14:20:09] [spechunter] [Grep] pattern='acquire|release|aq_rl|aqrl|MemOrder|memOrder|mem_order|ORDER'
[14:20:09] [spechunter] [Grep] pattern='acquire|release|aq_rl|aqrl|MemOrder|memOrder|mem_order'
[14:20:09] [spechunter] [Grep] pattern='LVPRED_DISABLE|NO_SPEC_LOAD|slvpredctl|slvpred'
[14:20:22] [spechunter] [Read] /home/yzs/riscv/XiangShan/src/main/scala/xiangshan/backend/decode/DecodeUnit.scala
[14:20:22] [spechunter] [Grep] pattern='XSDecode.*LR|XSDecode.*SC|LR_D|SC_D|LR\\.D|SC\\.D'
[14:20:22] [spechunter] [Read] /home/yzs/riscv/XiangShan/src/main/scala/xiangshan/backend/decode/DecodeUnit.scala
[14:20:35] [spechunter] [Grep] pattern='TRAP|xstrap|xstrap_w|xstrap_d|IS_XS'
[14:20:35] [spechunter] [Read] /home/yzs/riscv/XiangShan/src/main/scala/xiangshan/backend/decode/DecodeUnit.scala
[14:20:35] [spechunter] [Grep] pattern='TRAP|xstrap|isXSTrap'
[14:20:37] [spechunter] [Read] /home/yzs/riscv/linux/arch/riscv/kvm/vcpu.c
[14:20:37] [spechunter] [Grep] pattern='trap|redirect|emulate|decode|htinst|htval'
[14:20:47] [spechunter] [Grep] pattern='TLBConstant|TLBOp|TlbCmd|TlbOp|atom_read|atom_write|acquire|release'
[14:20:47] [spechunter] [Grep] pattern='M_XLR|M_XSC|TlbCmd'
[14:20:47] [spechunter] [Grep] pattern='aq_|_aq|_rl|rl_'
[14:20:53] [spechunter] [Grep] pattern='acquire|release|aq_rl|aqrl|isAmo|isAMO|memOrder'
[14:20:53] [spechunter] [Grep] pattern='acquire|release|aq_rl|aqrl|isAmo|MemOrder|memOrder'
[14:20:53] [spechunter] [Grep] pattern='MemPredUpdate|nuke_redirect|nukeRedirect|lvpred|ssit|lfst|waittable|lwt'
[14:20:57] [spechunter] [Read] /home/yzs/riscv/XiangShan/src/main/scala/xiangshan/cache/mmu/MMUBundle.scala
[14:20:57] [spechunter] [Grep] pattern='aq|rl|acquire|release'
[14:20:57] [spechunter] [Grep] pattern='\\baq\\b|\\brl\\b|acquire|release'
[14:21:11] [spechunter] [text] Now I have a comprehensive picture. Here is the structured result:  ```json {   "locations": [     {       "file_path": ...
[14:21:12] [spechunter] [Grep] pattern='def LR_W|def LR_D|def SC_W|def SC_D|def AMOADD_W|def AMOSWAP_W'
[14:21:12] [spechunter] [Grep] pattern='isLr|isSc|isRsv|reservation|lrsc|LRSC'
[14:21:12] [spechunter] [Grep] pattern='isLr|isSc|reservation|lrCount|lr_count'
[14:21:12] [spechunter] [Grep] pattern='MemPredUpdateReq|MemPredUpdateReq|memPredUpdate'
[14:21:12] [spechunter] [Grep] pattern='LoadNukeQueryReq|LoadRARNukeQuery|rarNuke|rawNuke|nukeReq|nukeQuery'
[14:21:12] [spechunter] [Grep] pattern='staNukeQuery|stNuke|sbufferWriteBack|storeWb|stCommit'
[14:21:20] [spechunter] [TodoWrite] 5 items
[14:21:30] [spechunter] [Grep] pattern='LoadNukeQueryReq|class LoadNukeQuery|LoadRARNukeQuery|class LoadRARNuke'
[14:21:30] [spechunter] [Grep] pattern='MemPredUpdateReq'
[14:21:30] [spechunter] [Read] /home/yzs/riscv/XiangShan/src/main/scala/xiangshan/backend/CtrlBlock.scala
[14:21:40] [spechunter] [Grep] pattern='atomic|Atomic|ATOMIC'
[14:21:40] [spechunter] [Read] /home/yzs/riscv/XiangShan/src/main/scala/xiangshan/mem/MemBlock.scala
[14:21:40] [spechunter] [Grep] pattern='flushSb|flush_sb|fenceFlush'
[14:21:40] [spechunter] [Grep] pattern='await_release|await_acquire|lock'
[14:21:52] [spechunter] [Grep] pattern='memViolation|mdpTrain'
[14:21:52] [spechunter] [Grep] pattern='mdpTrain|memViolation'
[14:21:52] [spechunter] [Grep] pattern='rollback|Rollback|violation|rawViolation|st_ld_violation'
[14:21:53] [spechunter] [Read] /home/yzs/riscv/XiangShan/src/main/scala/xiangshan/cache/dcache/mainpipe/AtomicsReplayUnit.scala
[14:21:53] [spechunter] [Grep] pattern='isAMO|isLR|isSC|lrsc|lr_sc|LR_SC'
[14:21:53] [spechunter] [Grep] pattern='needFlush.*isAMO|isAMO.*needFlush|blockBackward.*mou|mou.*blockBackward'
[14:22:09] [spechunter] [Grep] pattern='DECODE_DEFAULT|decodeDefault|decode_default|illegal|Illegal'
[14:22:09] [spechunter] [Grep] pattern='decodeDefault|DECODE_DEFAULT|def decodeDefault'
[14:22:09] [spechunter] [Read] /home/yzs/riscv/XiangShan/src/main/scala/xiangshan/backend/decode/DecodeUnit.scala
[14:22:16] [spechunter] [Grep] pattern='staNukeQueryReq|staNukeQuery'
[14:22:16] [spechunter] [Grep] pattern='StoreNukeQueryReq|StoreNukeQuery|storeNuke'
[14:22:16] [spechunter] [Grep] pattern='nuke_rollback|violation|rollback'
[14:22:26] [spechunter] [Grep] pattern='class DynInst|aq|rl|acquire|release'
[14:22:26] [spechunter] [Grep] pattern='noSpecLoad|noSpec|no_spec|nospec'
[14:22:32] [spechunter] [text] Now let me check how ZALASR gets advertised to the guest and how the ISA filtering works.  
[14:22:32] [spechunter] [Read] /home/yzs/riscv/linux/arch/riscv/kvm/vcpu_onereg.c
[14:22:32] [spechunter] [Grep] pattern='kvm_riscv_vcpu_setup_isa|vcpu_setup_isa'
[14:22:37] [spechunter] [Read] /home/yzs/riscv/XiangShan/src/main/scala/xiangshan/backend/decode/DecodeUnit.scala
[14:22:45] [spechunter] [Bash] Verify external dependency location
[14:22:45] [spechunter] [Grep] pattern='Import.*Instructions|freechips.rocketchip'
[14:22:45] [spechunter] [Read] /home/yzs/riscv/XiangShan/src/main/scala/xiangshan/cache/CacheConstants.scala
[14:22:50] [spechunter] [Grep] pattern='acquire|release|aq_rl|aqrl|noSpec|noSpecLoad|no_spec'
[14:22:50] [spechunter] [Grep] pattern='loadWaitBit|loadWaitStrict|ssid|storeSet|waitForRobIdx|noSpecLoad'
[14:22:50] [spechunter] [Grep] pattern='shouldWait|loadWait|ssid|storeSet|waitForRobIdx'
[14:23:02] [spechunter] [Read] /home/yzs/riscv/XiangShan/src/main/scala/xiangshan/backend/rename/Rename.scala
[14:23:02] [spechunter] [Read] /home/yzs/riscv/XiangShan/src/main/scala/xiangshan/backend/dispatch/Dispatch.scala
[14:23:23] [spechunter] [Grep] pattern='loadWaitStrict|loadWaitBit|ssid|storeSetHit'
[14:23:23] [spechunter] [Grep] pattern='acquire|release|aq_rl|aqrl|amo|AMO|Zalasr|zalasr|LR|SC|lr_d|sc_d'
[14:23:23] [spechunter] [Grep] pattern='isAcquire|isRelease|aqrl|aq_rl|isAMO|isLr|isSc|fence_or|FENCE'
[14:23:42] [spechunter] [Grep] pattern='acquire|release|aq_rl|aqrl|isLr|isSc|lrsc|LRSC'
[14:23:42] [spechunter] [Grep] pattern='acquire|release|aq_rl|aqrl|AMOSWAP|AMOADD|amoadd|amoxor|amoand|amomax|amomin|LR_W|SC_W'
[14:23:42] [spechunter] [Grep] pattern='acquire|release|aq_rl|aqrl|MemOrder|mem_order'
[14:24:07] [spechunter] [Grep] pattern='class XSDecode|case class XSDecode|def XSDecode|noSpec|blockBack|isWaitForward|blockBackward'
[14:24:07] [spechunter] [Grep] pattern='noSpec|blockBack|isWaitForward|blockBackward|no_spec'
[14:24:07] [spechunter] [Grep] pattern='acquire|release|aq_rl|aqrl|Zalasr|zalasr'
[14:24:25] [spechunter] [Grep] pattern='blockBackward|noSpecExec'
[14:24:25] [spechunter] [Grep] pattern='blockBackward|noSpecExec'
[14:24:25] [spechunter] [Grep] pattern='class CFBundle|class CfCtrl|blockBackward|noSpecExec|isFence|isFenceI|isSFence'
[14:24:27] [spechunter] [text] Now let me read the QEMU Zalasr implementation to identify security-relevant spec compliance issues.  
[14:24:27] [spechunter] [Read] /home/yzs/riscv/qemu/target/riscv/translate.c
[14:24:32] [spechunter] [text] Let me check the KVM instruction setup more carefully and look for the full opcode enumeration.  
[14:24:32] [spechunter] [Read] /home/yzs/riscv/linux/arch/riscv/kvm/vcpu_onereg.c
[14:24:32] [spechunter] [Grep] pattern='OPCODE_AMO|0x2F|INSN_OPCODE.*11|AMO|acquire|release|aqrl|aq_rl'
[14:25:11] [spechunter] [Read] /home/yzs/riscv/XiangShan/src/main/scala/xiangshan/backend/dispatch/Dispatch.scala
[14:25:11] [spechunter] [Grep] pattern='Zalasr|zalasr|ZALASR'
[14:25:11] [spechunter] [Grep] pattern='acquire|release|aq_rl|aqrl'
[14:25:51] [spechunter] [Grep] pattern='isWaitForward|waitForward|nextCanOut'
[14:25:51] [spechunter] [Grep] pattern='StoreNukeQueryReq|StoreNukeQuery'
[14:26:45] [spechunter] [Read] /home/yzs/riscv/XiangShan/src/main/scala/xiangshan/mem/Bundles.scala
[14:26:45] [spechunter] [Grep] pattern='nukeQueryReqValid|nukeQueryReq|nukeQuery'
[14:26:45] [spechunter] [Grep] pattern='staNukeQuery|snuke|nuke_.*req|nukeReq'
[14:26:56] [spechunter] [text] Now let me analyze this against the QEMU Zalasr implementation to identify security-relevant spec gaps.  
[14:26:56] [spechunter] [Read] /home/yzs/riscv/qemu/target/riscv/insn_trans/trans_rvzalasr.c.inc
[14:26:56] [spechunter] [Grep] pattern='TCG_BAR_LDAQ|TCG_BAR_STRL|tcg_gen_mb'
[14:27:23] [spechunter] [Grep] pattern='loadForward|load_schedule|loadWaitBit|storeAddressReady|storeAddrBlock'
[14:27:23] [spechunter] [Read] /home/yzs/riscv/XiangShan/src/main/scala/xiangshan/mem/pipeline/NewLoadUnit.scala
[14:27:36] [spechunter] [Grep] pattern='StLdNukeMatchType|nukePAddrMatch'
[14:27:36] [spechunter] [Grep] pattern='loadIssue|load_issue|wakeup|loadWakeup|iqWakeup|lqWakeup|lsq.*issue'
[14:27:36] [spechunter] [Bash] List scheduler directory
[14:27:59] [spechunter] [text] Let me verify these findings by reading key files and searching for the LSQ/LSU ordering infrastructure.  
[14:27:59] [spechunter] [Grep] pattern='isLr|isSc|isAmo|isAcquire|isRelease|\\.aq|\\.rl|aqrl|acquire|release'
[14:27:59] [spechunter] [Grep] pattern='fencei|sfence|fence\\b|isFence|hasFence|blockBackward|ordering|barrier'
[14:27:59] [spechunter] [Grep] pattern='isXSTrap|noSpecExec|blockBackward|flushPipe|SelImm'
[14:28:21] [spechunter] [text] Let me read the key files to get precise line numbers for the affected infrastructure.  
[14:28:21] [spechunter] [Read] /home/yzs/riscv/XiangShan/src/main/scala/xiangshan/backend/decode/DecodeUnit.scala
[14:28:21] [spechunter] [Read] /home/yzs/riscv/XiangShan/src/main/scala/xiangshan/backend/decode/DecodeUnit.scala
[14:28:21] [spechunter] [Read] /home/yzs/riscv/XiangShan/src/main/scala/xiangshan/backend/decode/DecodeUnit.scala
[14:28:41] [spechunter] [text] Now let me check if there's any KVM handling for the AMO opcode constants and check if there's any aq/rl ordering emulat...
[14:28:41] [spechunter] [Grep] pattern='INSN_OPCODE'
[14:28:41] [spechunter] [Grep] pattern='aqrl|\\.aq|\\.rl|acquire|release|RCsc|RCpc|memory_order|fence\\(|FENCE_'
[14:28:44] [spechunter] [text] Now let me look at the LSQ bundle and store-forwarding logic to verify the absence of aq/rl ordering enforcement.  
[14:28:44] [spechunter] [Read] /home/yzs/riscv/XiangShan/src/main/scala/xiangshan/mem/lsqueue/LSQBundle.scala
[14:28:44] [spechunter] [Read] /home/yzs/riscv/XiangShan/src/main/scala/xiangshan/backend/Bundles.scala
[14:28:44] [spechunter] [Read] /home/yzs/riscv/XiangShan/src/main/scala/xiangshan/backend/Bundles.scala
[14:29:05] [spechunter] [text] Let me check the LSQ commit pipeline and mem-dep predictor for ordering enforcement mechanisms.    
[14:29:05] [spechunter] [Glob] **/mem/lsqueue/*.scala
[14:29:05] [spechunter] [Glob] **/mem/pipeline/*.scala
[14:29:05] [spechunter] [Grep] pattern='memDep|MemDep|mem_dep|storeSet|StoreSet|noSpec|loadWait'
[14:29:23] [spechunter] [Glob] **/mem/mdp/*.scala
[14:29:23] [spechunter] [Grep] pattern='isLr|isSc|Lr|Sc|isLrD|isScD|LR_W|SC_W|lr_w|sc_w'
[14:29:23] [spechunter] [Grep] pattern='isLr|isSc|hasLr|hasSc|lr/sc|reservation|reserv'
[14:29:35] [spechunter] [text] Now let me check the ZALASR handling in the broader arch/riscv code and how KVM_HEDELEG_DEFAULT is configured.  
[14:29:35] [spechunter] [Grep] pattern='ZALASR|zalasr'
[14:29:35] [spechunter] [Grep] pattern='KVM_HEDELEG_DEFAULT|hedeleg'
[14:29:39] [spechunter] [text] Let me read the mdp files and key LSQ logic to confirm absence of aq/rl ordering.  
[14:29:39] [spechunter] [Read] /home/yzs/riscv/XiangShan/src/main/scala/xiangshan/mem/mdp/StoreSet.scala
[14:29:39] [spechunter] [Read] /home/yzs/riscv/XiangShan/src/main/scala/xiangshan/mem/mdp/WaitTable.scala
[14:29:48] [spechunter] [Read] /home/yzs/riscv/linux/arch/riscv/include/asm/kvm_host.h
[14:29:48] [spechunter] [Grep] pattern='EXC_INST_ILLEGAL|EXC_INST_MISALIGNED'
[14:29:53] [spechunter] [text] Let me check the scheduler issue logic and commit stage for completeness.  
[14:29:53] [spechunter] [Grep] pattern='loadWait|waitForward|noSpecExec|blockBackward|isXSTrap'
[14:29:53] [spechunter] [Grep] pattern='aq|rl|acquire|release|Zalasr|zalasr'
[14:30:13] [spechunter] [text] Let me check the commit stage and LoadQueue issue logic for ordering enforcement.  
[14:30:13] [spechunter] [Grep] pattern='isLr|isSc|isAmo|noSpecExec|blockBackward|flushPipe'
[14:30:13] [spechunter] [Grep] pattern='isLr|isSc|isAmo|noSpecExec|blockBackward'
[14:31:10] [spechunter] [text] Now let me carefully cross-reference the spec requirements against the QEMU implementation to identify security-critical...
[14:31:10] [spechunter] [Read] /home/yzs/riscv/qemu/target/riscv/insn32.decode
[14:31:53] [spechunter] [text] Now I have all the data needed. Let me compile the findings.  ```json {   "spec": {     "file": "src/colophon.adoc",    ...
[14:32:13] [spechunter] [text] Let me first understand what Zalasr is and find relevant code in the XiangShan codebase.  
[14:32:13] [spechunter] [Grep] pattern='Zalasr|zalasr|ZALASR'
[14:32:13] [spechunter] [Grep] pattern='alasr|ALASR'
[14:32:13] [spechunter] [Grep] pattern='Zalasr'
[14:32:26] [spechunter] [Grep] pattern='load.acquire|store.release|load-acquire|store-release'
[14:32:26] [spechunter] [Grep] pattern='Zalasr|ZALASR'
[14:32:26] [spechunter] [Grep] pattern='acq.*rel|aq.*rl|acquire.*release'
[14:32:37] [spechunter] [Bash] List main scala source directories
[14:32:37] [spechunter] [Grep] pattern='Zalasr|zalasr|ALASR|alasr'
[14:33:00] [spechunter] [Grep] pattern='ATOMIC|amo|lr\\.|sc\\.|amoor|amoswap|amoadd|amoxor|amoand|amomin|amomax|amominu|amomaxu'
[14:33:00] [spechunter] [Bash] Recent git log
[14:33:00] [spechunter] [Bash] Search git log for Zalasr-related commits
[14:33:13] [spechunter] [Bash] Check recent changes on the branch
[14:33:13] [spechunter] [Grep] pattern='Zalasr|zasr|alasr'
[14:33:43] [spechunter] [text] Based on my thorough search of the XiangShan codebase:  1. **No references to "Zalasr" exist anywhere** in the codebase ...
[14:34:03] [spechunter] [text] I'll systematically search the codebase for Zalasr-related logic, LSQ memory ordering, and acquire/release barrier handl...
[14:34:03] [spechunter] [Agent] description, prompt
[14:34:25] [spechunter] [Grep] pattern='zalasr|Zalasr|ZALASR'
[14:34:25] [spechunter] [Grep] pattern='load[\\s._-]?acquire|store[\\s._-]?release|load-acquire|store-release'
[14:34:25] [spechunter] [Grep] pattern='aq_rl|aqRl|aqRls|aq_rls'
[14:34:25] [spechunter] [Grep] pattern='MemDep|mem_dep|MemoryDependence|memory.dependence'
[14:34:25] [spechunter] [Grep] pattern='ScheduleMem|schedule_mem|scheduleMem'
[14:34:25] [spechunter] [Grep] pattern='memoryBarrier|memory\\.barrier|memory_barrier|insertBarrier|insert_barrier'
[14:34:53] [spechunter] [Bash] List top-level directory structure
[14:34:53] [spechunter] [Grep] pattern='acquire|release'
[14:34:53] [spechunter] [Grep] pattern='LoadQueue|StoreQueue|LSQ|lq\\.io|sq\\.io'
[14:34:53] [spechunter] [Grep] pattern='amo.*aq|amo.*rl|amo.*acquire|amo.*release'
[14:34:53] [spechunter] [Grep] pattern='forward|Forward|bypass|Bypass'
[14:35:00] [spechunter] [text] Now let me check whether `INSN_OPCODE_AMO` is even defined as a KVM constant, and how the opcode decoding works for the ...
[14:35:00] [spechunter] [Grep] pattern='INSN_OPCODE_AMO'
[14:35:00] [spechunter] [Read] /home/yzs/riscv/linux/arch/riscv/kvm/vcpu_onereg.c
[14:35:09] [spechunter] [text] ```json {   "violation_condition": "When a guest executes a Zalasr load-acquire instruction (funct5=00110) with a non-ze...
[14:35:23] [spechunter] [Grep] pattern='lb_aqrl|lh_aqrl|lw_aqrl|ld_aqrl|Zalasr|zalasr'
[14:35:23] [spechunter] [Grep] pattern='aqrl'
[14:35:23] [spechunter] [Grep] pattern='atom_st|load_acquire|LOAD_ACQUIRE|ATOM_ST'
[14:35:23] [spechunter] [Grep] pattern='acquire|release'
[14:35:23] [spechunter] [Grep] pattern='acquire|release'
[14:35:23] [spechunter] [Grep] pattern='acquire|release'
[14:35:23] [spechunter] [Grep] pattern='acquire|release'
[14:35:23] [spechunter] [Grep] pattern='mem_barrier|mem_ordering|MemoryOrdering|storeOrder|loadOrder|memoryOrder'
[14:35:23] [spechunter] [Grep] pattern='isAcquire|isRelease|is_acquire|is_release'
[14:35:24] [spechunter] [Agent] description, subagent_type
[14:35:31] [spechunter] [Read] target/riscv/insn_trans/trans_rvzalasr.c.inc
[14:35:31] [spechunter] [Read] target/riscv/insn32.decode
[14:35:31] [spechunter] [Read] target/riscv/insn32.decode
[14:35:41] [spechunter] [Grep] pattern='atom_st'
[14:35:41] [spechunter] [Grep] pattern='lb_aqrl|lh_aqrl|lw_aqrl|ld_aqrl'
[14:35:41] [spechunter] [Grep] pattern='gen_load_acquire|gen_load.*aqrl|trans.*aqrl'
[14:35:41] [spechunter] [Glob] **/riscv/insn32.decode*
[14:35:41] [spechunter] [Glob] **/riscv/insn16.decode*
[14:35:44] [spechunter] [Read] /home/yzs/.claude/projects/-home-yzs-riscv-XiangShan/b1c2d9f8-ce71-4dc5-acee-e559c57401ec/tool-results/call_32759367cf794ae68cfc98e9.txt
[14:35:44] [spechunter] [Read] /home/yzs/.claude/projects/-home-yzs-riscv-XiangShan/b1c2d9f8-ce71-4dc5-acee-e559c57401ec/tool-results/call_35d62d0a3eca4114b786597a.txt
[14:35:44] [spechunter] [Grep] pattern='aq|rl'
[14:35:44] [spechunter] [Grep] pattern='isLoadAcquire|isStoreRel|isLR|isSC|amo|AMO|lrsc'
[14:35:46] [spechunter] [text] Let me also check the arg type auto-generation and the disassembler references.  
[14:35:46] [spechunter] [Grep] pattern='lb_aqrl|lh_aqrl|lw_aqrl|ld_aqrl|sb_aqrl|sh_aqrl|sw_aqrl|sd_aqrl'
[14:35:46] [spechunter] [Grep] pattern='lb_aqrl|lh_aqrl|lw_aqrl|ld_aqrl|sb_aqrl|sh_aqrl|sw_aqrl|sd_aqrl'
[14:35:46] [spechunter] [Glob] target/riscv/insn32.decode.h
[14:35:54] [spechunter] [Glob] target/riscv/decode.h
[14:35:54] [spechunter] [Grep] pattern='arg_lb_aqrl|arg_lh_aqrl|arg_lw_aqrl|arg_ld_aqrl|arg_sb_aqrl|arg_sh_aqrl|arg_sw_aqrl|arg_sd_aqrl'
[14:36:03] [spechunter] [Grep] pattern='isLr|isSc|isAmo|amo|AMO|lrsc'
[14:36:03] [spechunter] [Grep] pattern='isLoadAcquire|isStoreRelease|aq|rl'
[14:36:03] [spechunter] [Grep] pattern='isLr|isSc|isAmo|amo|AMO|lrsc|isLoadAcquire|isStoreRelease'
[14:36:03] [spechunter] [Grep] pattern='isLr|isSc|isAmo'
[14:36:03] [spechunter] [Grep] pattern='storeForward|store_forward|stld_forward|STF|stlf|Stlf|Forward'
[14:36:03] [spechunter] [Grep] pattern='MemDepPred|memDep.*Pred|StoreSet|storeset|store_set|memDepPred'
[14:36:06] [spechunter] [Read] /home/yzs/riscv/qemu/target/riscv/insn32.decode
[14:36:06] [spechunter] [Read] /home/yzs/riscv/qemu/target/riscv/insn32.decode
[14:36:06] [spechunter] [Read] /home/yzs/riscv/qemu/target/riscv/insn_trans/trans_rvzalasr.c.inc
[14:36:14] [spechunter] [text] Let me check the auto-generated header for the decode argument types.  
[14:36:14] [spechunter] [Grep] pattern='arg_lb_aqrl'
[14:36:14] [spechunter] [Glob] **/decode*.inc
[14:36:16] [spechunter] [Grep] pattern='arg_atomic|struct.*atomic'
[14:36:16] [spechunter] [Grep] pattern='require_rs2_zero|rs2.*==.*0|rs2.*!=.*0'
[14:36:16] [spechunter] [Grep] pattern='require_rs2'
[14:36:18] [spechunter] [Glob] build/**/insn32.decode.h
[14:36:18] [spechunter] [Glob] build*/**/decode*.h
[14:36:39] [spechunter] [text] Now let me verify the critical difference between `@atom_ld` (which enforces rs2=0) and `@atom_st` (which doesn't).  
[14:36:39] [spechunter] [Read] target/riscv/insn32.decode
[14:36:39] [spechunter] [Read] target/riscv/translate.c
[14:36:39] [spechunter] [Read] target/riscv/cpu_cfg_fields.h.inc
[14:36:40] [spechunter] [Grep] pattern='%atomic|&atomic'
[14:36:40] [spechunter] [Glob] **/decode-*atomic*
[14:36:40] [spechunter] [Grep] pattern='field.*aq|field.*rl|field.*rs2'
[14:36:40] [spechunter] [Glob] **/decode_atomic*
[14:36:52] [spechunter] [Grep] pattern='@atom_ld'
[14:36:52] [spechunter] [Grep] pattern='decode_save_opc'
[14:36:52] [spechunter] [Grep] pattern='decode_save_opc'
[14:36:56] [spechunter] [Grep] pattern='AMO|amo|LR|SC|isLr|isSc|isAmo|amoalu|AMOSWAP|AMOADD|AMOXOR|AMOAND|AMOOR|AMOMIN|AMOMAX|AMOMINU|AMOMAXU|AMOCAS'
[14:36:56] [spechunter] [Read] /home/yzs/riscv/XiangShan/src/main/scala/xiangshan/Bundle.scala
[14:36:56] [spechunter] [Read] /home/yzs/riscv/XiangShan/src/main/scala/xiangshan/mem/lsqueue/LSQBundle.scala
[14:36:56] [spechunter] [Grep] pattern='aq|rl|acquire|release|MemOrdering|mem_ordering|AQ_RL'
[14:36:56] [spechunter] [Grep] pattern='MemOrd|mem_ord|memOrd|ordering|Ordering'
[14:36:56] [spechunter] [Grep] pattern='storeSet|StoreSet|STORE_SET|storeset'
[14:37:04] [spechunter] [text] Let me also check the disas/riscv.c and disas/riscv.h for any Zalasr references and check for the `@atom_st` format used...
[14:37:04] [spechunter] [Grep] pattern='zalasr|ZALASR|aqrl'
[14:37:04] [spechunter] [Grep] pattern='zalasr|ZALASR|aqrl'
[14:37:04] [spechunter] [Read] target/riscv/cpu.c
[14:37:17] [spechunter] [Read] /home/yzs/riscv/qemu/target/riscv/insn32.decode
[14:37:17] [spechunter] [Read] /home/yzs/riscv/qemu/target/riscv/insn32.decode
[14:37:47] [spechunter] [text] Here is the complete JSON report:  ```json {   "locations": [     {       "file_path": "target/riscv/insn32.decode",    ...
[14:37:54] [spechunter] [Grep] pattern='amoadd|amoxor|amoor|amoand|amomin|amomax|amominu|amomaxu|amoswap|lr|sc|fence|FENCE|FenceI|SFENCE|load|store'
[14:37:54] [spechunter] [Grep] pattern='LSQEnqWidth|LSQDeq|lsqEnq|lsqDeq|LSQEnq|LSQ_MEM|memSchd|MemSchd'
[14:37:54] [spechunter] [Grep] pattern='isFirstIssue|isFirst_issue|firstIssue|first_issue|issuePtr|issueCounter'
[14:37:54] [spechunter] [Grep] pattern='barrier|Barrier|fence_i|fencei|FENCE_I|sfence|SFENCE|FENCE'
[14:37:54] [spechunter] [Grep] pattern='acquire|release'
[14:37:54] [spechunter] [Grep] pattern='acquire|release'
[14:38:06] [spechunter] [text] Now let me verify the opcode math and look for any KVM fence/ordering handling.  
[14:38:06] [spechunter] [Read] /home/yzs/riscv/linux/arch/riscv/kvm/aia_imsic.c
[14:38:06] [spechunter] [Grep] pattern='fence |FENCE|SFENCE|kvm_riscv_fence_i_process'
[14:38:16] [spechunter] [Glob] **/mdp/**/*.scala
[14:38:16] [spechunter] [Grep] pattern='MemDependence|MDP|mdp|memdep'
[14:38:16] [spechunter] [Read] /home/yzs/riscv/XiangShan/src/main/scala/xiangshan/mem/lsqueue/LoadQueueRAW.scala
[14:38:16] [spechunter] [Read] /home/yzs/riscv/XiangShan/src/main/scala/xiangshan/mem/lsqueue/NewStoreQueue.scala
[14:38:16] [spechunter] [Read] /home/yzs/riscv/XiangShan/src/main/scala/xiangshan/mem/lsqueue/LoadQueueReplay.scala
[14:38:16] [spechunter] [Read] /home/yzs/riscv/XiangShan/src/main/scala/xiangshan/mem/pipeline/NewLoadUnit.scala
[14:38:27] [spechunter] [Read] /home/yzs/riscv/XiangShan/src/main/scala/xiangshan/mem/mdp/WaitTable.scala
[14:38:27] [spechunter] [Read] /home/yzs/riscv/XiangShan/src/main/scala/xiangshan/mem/mdp/StoreSet.scala
[14:38:27] [spechunter] [Read] /home/yzs/riscv/XiangShan/src/main/scala/xiangshan/mem/lsqueue/LSQWrapper.scala
[14:38:41] [spechunter] [Agent] description, prompt
[14:38:42] [spechunter] [Grep] pattern='class Release'
[14:38:42] [spechunter] [Grep] pattern='amo|AMO|LR|SC|isLr|isSc|isAmo'
[14:38:42] [spechunter] [Read] /home/yzs/riscv/XiangShan/src/main/scala/xiangshan/mem/lsqueue/LoadQueueRAW.scala
[14:38:42] [spechunter] [Grep] pattern='acquire|release|aq|rl|isLr'
[14:38:42] [spechunter] [Read] /home/yzs/riscv/XiangShan/src/main/scala/xiangshan/backend/decode/isa/bitfield/RiscvInst.scala
[14:38:42] [spechunter] [Grep] pattern='AMOSWAP|AMOADD|AMOXOR|AMOAND|AMOOR|AMOMIN|AMOMAX|AMOMINU|AMOMAXU|AMOCAS|LR_W|SC_W|LR_D|SC_D'
[14:39:10] [spechunter] [Grep] pattern='arg_l(b|h|w|d)_aqrl|arg_atomic|&amp;atomic'
[14:39:10] [spechunter] [Grep] pattern='aqrl|zalasr'
[14:39:10] [spechunter] [Grep] pattern='lr_w|lr_d'
[14:39:10] [spechunter] [Grep] pattern='&amp;atomic'
[14:39:10] [spechunter] [Grep] pattern='decode_inst|reserved|invalid'
[14:39:12] [spechunter] [text] ```json {   "locations": [     {       "file": "arch/riscv/kvm/vcpu_insn.c",       "function": "kvm_riscv_vcpu_virtual_i...
[14:39:26] [spechunter] [Agent] description, prompt
[14:39:26] [spechunter] [Read] /home/yzs/.claude/projects/-home-yzs-riscv-XiangShan/b1c2d9f8-ce71-4dc5-acee-e559c57401ec/tool-results/call_d84988b41a234d8381d18dba.txt
[14:39:26] [spechunter] [Grep] pattern='LR_D|SC_D|LR_W|SC_W|AMOADD|AMOSWAP|AMOCAS'
[14:39:26] [spechunter] [Read] /home/yzs/riscv/XiangShan/src/main/scala/xiangshan/mem/Bundles.scala
[14:39:26] [spechunter] [Grep] pattern='MemPred|StoreSet|SSID|LVPRED|LVPred|mem_pred|WaitTable|LoadWait|loadWait'
[14:39:26] [spechunter] [Read] /home/yzs/riscv/XiangShan/src/main/scala/xiangshan/mem/lsqueue/LoadQueue.scala
[14:39:26] [spechunter] [Read] /home/yzs/riscv/XiangShan/src/main/scala/xiangshan/mem/lsqueue/NewStoreQueue.scala
[14:39:38] [spechunter] [Grep] pattern='aqrl|atom_ld|atom_st|@atom'
[14:39:38] [spechunter] [Grep] pattern='^%|^@|^&'
[14:39:38] [spechunter] [Read] /home/yzs/riscv/qemu/target/riscv/insn_trans/trans_rvzalasr.c.inc
[14:39:38] [spechunter] [Grep] pattern='aqrl|zalasr'
[14:39:38] [spechunter] [Grep] pattern='aqrl|zalasr'
[14:39:38] [spechunter] [Grep] pattern='aqrl|zalasr'
[14:40:04] [spechunter] [Grep] pattern='AMO'
[14:40:04] [spechunter] [Grep] pattern='0x2F|0x2f'
[14:40:04] [spechunter] [Grep] pattern='amo|AMO'
[14:40:04] [spechunter] [Grep] pattern='acquire|release|aq|rl'
[14:40:04] [spechunter] [Grep] pattern='Zalasr|load.acquire|store.release'
[14:40:04] [spechunter] [Grep] pattern='funct5|00110|00111'
[14:40:04] [spechunter] [Grep] pattern='illegal.*instruction|emulate|emulator|decoder|decode'
[14:40:09] [spechunter] [Grep] pattern='arg_l(b|h|w|d)_aqrl|arg_s(b|h|w|d)_aqrl'
[14:40:09] [spechunter] [Grep] pattern='bool.*aqrl|void.*aqrl'
[14:40:09] [spechunter] [Grep] pattern='^trans_l.*aqrl|^trans_s.*aqrl'
[14:40:09] [spechunter] [Grep] pattern='aqrl'
[14:40:35] [spechunter] [Read] /home/yzs/riscv/qemu/target/riscv/insn32.decode
[14:40:35] [spechunter] [Read] /home/yzs/riscv/qemu/target/riscv/insn32.decode
[14:40:35] [spechunter] [Read] /home/yzs/riscv/qemu/target/riscv/insn32.decode
[14:40:35] [spechunter] [Grep] pattern='trans_lb_aqrl|trans_lh_aqrl|trans_lw_aqrl|trans_ld_aqrl|trans_sb_aqrl|trans_sh_aqrl|trans_sw_aqrl|trans_sd_aqrl'
[14:40:38] [spechunter] [Grep] pattern='trap|INSN_ILLEGAL|HVIN|guest_insn|GEXIT'
[14:40:38] [spechunter] [Grep] pattern='INSN_MATCH|INSN_MASK|OPCODE|opcode|funct3|funct7'
[14:40:38] [spechunter] [Grep] pattern='AMO|ZALASR|ZALRSC|ZAAMO|ZACAS|ZABHA'
[14:40:38] [spechunter] [Grep] pattern='KVM_ISA_EXT_ZAAMO|KVM_ISA_EXT_ZALASR|KVM_ISA_EXT_ZALRSC|KVM_ISA_EXT_ZACAS|KVM_ISA_EXT_ZABHA'
[14:40:38] [spechunter] [Bash] List all files in the KVM directory
[14:40:38] [spechunter] [Bash] List KVM header files
[14:40:50] [spechunter] [Glob] **/decode-insn32.c.inc
[14:40:50] [spechunter] [Glob] **/*.decode.h
[14:40:50] [spechunter] [Glob] **/*decode*
[14:40:50] [spechunter] [Grep] pattern='decode_insn32|decodetree'
[14:40:59] [spechunter] [Read] /home/yzs/riscv/linux/arch/riscv/kvm/vcpu_insn.c
[14:40:59] [spechunter] [Read] /home/yzs/riscv/linux/arch/riscv/kvm/vcpu_exit.c
[14:40:59] [spechunter] [Read] /home/yzs/riscv/linux/arch/riscv/include/asm/kvm_vcpu_insn.h
[14:40:59] [spechunter] [Read] /home/yzs/riscv/linux/arch/riscv/include/asm/insn-def.h
[14:41:11] [spechunter] [Glob] **/*decode*
[14:41:11] [spechunter] [Grep] pattern='decode_insn32'
[14:41:11] [spechunter] [Grep] pattern='rs2=0|rs2zero|rs2.*0'
[14:41:11] [spechunter] [Grep] pattern='decode_require|check.*encoding|reserved|illegal'
[14:41:11] [spechunter] [Grep] pattern='gen_lr|trans_lr'
[14:41:40] [spechunter] [Read] /home/yzs/riscv/qemu/target/riscv/insn_trans/trans_rva.c.inc
[14:41:40] [spechunter] [Glob] **/decode-insn32.c.inc
[14:41:40] [spechunter] [Glob] **/decode_insn32*
[14:41:55] [spechunter] [Bash] Find generated decode-insn32 files anywhere in tree
[14:41:55] [spechunter] [Grep] pattern='^@atom_st|^@atom_ld'
[14:41:59] [spechunter] [Grep] pattern='INSN_OPCODE_MASK|INSN_OPCODE_SHIFT|INSN_OPCODE_SYSTEM'
[14:41:59] [spechunter] [Grep] pattern='INSN_MATCH_WFI|INSN_MATCH_WRS|INSN_MASK_WFI|INSN_MASK_WRS'
[14:41:59] [spechunter] [Grep] pattern='lr\\.|sc\\.|amoswap|amoadd|amoxor|amoand|amoor|amomin|amomax|aminu|amomaxu'
[14:41:59] [spechunter] [Grep] pattern='EXC_INST_ILLEGAL|EXC_VIRTUAL_INST_FAULT|KVM_RISCV_ISA_EXT'
[14:41:59] [spechunter] [Grep] pattern='KVM_ISA_EXT_ARR'
[14:41:59] [spechunter] [Grep] pattern='KVM_RISCV_ISA_EXT_ZAAMO|KVM_RISCV_ISA_EXT_ZALASR'
[14:42:08] [spechunter] [Read] /home/yzs/riscv/linux/arch/riscv/include/asm/insn.h
[14:42:08] [spechunter] [Read] /home/yzs/riscv/linux/arch/riscv/kvm/vcpu_onereg.c
[14:42:08] [spechunter] [Read] /home/yzs/riscv/linux/arch/riscv/kvm/aia.c
[14:42:08] [spechunter] [Grep] pattern='amo|AMO|0x2F|0x2f'
[14:42:32] [spechunter] [Bash] Search for generated decode-insn32 files in common build locations
[14:42:32] [spechunter] [Read] /home/yzs/riscv/qemu/target/riscv/translate.c
[14:42:32] [spechunter] [Grep] pattern='decode_insn32|decode_opc|opcode_atomic|opcode.*0101111'
[14:42:37] [spechunter] [Grep] pattern='amo|AMO|ZALASR|ZAAMO|ZALRSC|ZACAS|ZABHA|lr\\.|sc\\.|acquire|release|aq|rl|funct5'
[14:42:37] [spechunter] [Grep] pattern='amo|AMO|ZALASR|ZAAMO|ZALRSC|ZACAS|ZABHA'
[14:42:37] [spechunter] [Grep] pattern='EXC_INST_ILLEGAL|EXC_VIRTUAL_INST_FAULT'
[14:42:37] [spechunter] [Grep] pattern='henvcfg|HENVCFG|menvcfg'
[14:43:11] [spechunter] [text] Let me verify this thoroughly with my own searches across all the relevant patterns.  
[14:43:11] [spechunter] [Grep] pattern='zalasr|Zalasr|ZALASR'
[14:43:11] [spechunter] [Grep] pattern='acquire|Acquire|ACQUIRE'
[14:43:11] [spechunter] [Grep] pattern='release|Release|RELEASE'
[14:43:11] [spechunter] [Grep] pattern='aq_rl|aqRl|aq\\.rl|aqRl'
[14:43:12] [spechunter] [Grep] pattern='arg_lb_aqrl|arg_lh_aqrl|arg_lw_aqrl|arg_ld_aqrl|arg_sb_aqrl|arg_sh_aqrl|arg_sw_aqrl|arg_sd_aqrl'
[14:43:12] [spechunter] [Grep] pattern='typedef.*arg_lb|typedef.*arg_lh|typedef.*arg_lw|typedef.*arg_ld|typedef.*atomic'
[14:43:12] [spechunter] [Grep] pattern='arg_lr_w|arg_lr_d|typedef.*arg_lr'
[14:43:25] [spechunter] [Bash] List all header files under riscv target directory
[14:43:25] [spechunter] [Grep] pattern='arg_lr_w|arg_lb_aqrl|arg_lh_aqrl|arg_ld_aqrl'
[14:43:29] [spechunter] [text] No Zalasr or aq_rl references found. Let me verify the acquire/release matches are actually memory-ordering related, and...
[14:43:29] [spechunter] [Grep] pattern='acquire'
[14:43:29] [spechunter] [Grep] pattern='acquire|release'
[14:43:29] [spechunter] [Grep] pattern='acquire|release'
[14:43:29] [spechunter] [Grep] pattern='acquire|release'
[14:43:45] [spechunter] [text] These "acquire/release" references are cache coherence operations, not Zalasr memory ordering. Let me check the decode s...
[14:43:45] [spechunter] [Grep] pattern='funct5|FUNCT5|funct_5'
[14:43:45] [spechunter] [Grep] pattern='lsu.*release|store.*release|ld.*acquire|load.*acquire'
[14:43:45] [spechunter] [Grep] pattern='memOrder|mem_order|memOrd|MemOrder'
[14:43:45] [spechunter] [Grep] pattern='fence|Fence|FENCE|barrier|Barrier|BARRIER|memory_order|memoryOrder'
[14:43:47] [spechunter] [Grep] pattern='gen_load_acquire|a->rs2|a\\.rs2'
[14:43:47] [spechunter] [Bash] Locate the decodetree Python script
[14:43:47] [spechunter] [Read] /home/yzs/riscv/qemu/target/riscv/translate.c
[14:44:04] [spechunter] [Grep] pattern='rs2.0|rs2.*==.*0|fixedfield|rs2=0'
[14:44:04] [spechunter] [Grep] pattern='decode-insn32|decode_insn32'
[14:44:04] [spechunter] [Grep] pattern='decode-insn32'
[14:44:10] [spechunter] [Grep] pattern='lsu.*release|store.*release|ld.*acquire|load.*acquire'
[14:44:10] [spechunter] [Grep] pattern='fence|Fence|barrier|BlockFence|block_fence'
[14:44:10] [spechunter] [Grep] pattern='release'
[14:44:10] [spechunter] [Grep] pattern='lsu.*release|store.*release|ld.*acquire|load.*acquire'
[14:44:11] [spechunter] [Bash] Locate generated decode-insn32.c.inc file
[14:44:11] [spechunter] [Grep] pattern='lb_aqrl|lh_aqrl|lw_aqrl|ld_aqrl|sb_aqrl|sh_aqrl|sw_aqrl|sd_aqrl'
[14:44:26] [spechunter] [Bash] Search for generated decode files in broader directory tree
[14:44:26] [spechunter] [Grep] pattern='rs2=0'
[14:44:33] [spechunter] [text] The "acquire" and "release" in these files are cache coherence operations (cacheline release for DCache), not Zalasr mem...
[14:44:33] [spechunter] [Grep] pattern='fence|Fence|sfence|Sfence'
[14:44:33] [spechunter] [Grep] pattern='isFence|isAtmo|isAMO|amo|Atomic|atomics'
[14:44:33] [spechunter] [Glob] **/xiangshan/mem/lsqueue/*.scala
[14:44:51] [spechunter] [Grep] pattern='isFence|isFenceI|isSfence|fencei'
[14:44:51] [spechunter] [Grep] pattern='fence.*tso|FENCE_TSO|fence_tso'
[14:44:51] [spechunter] [Grep] pattern='isFence|isSfence|isAtmo|isAMO|fence|Fence|Sfence'
[14:45:05] [spechunter] [Read] /home/yzs/riscv/XiangShan/src/main/scala/xiangshan/backend/decode/DecodeUnit.scala
[14:45:05] [spechunter] [Grep] pattern='isFence|isSfence|ctList|fuType|FuType'
[14:45:05] [spechunter] [Grep] pattern='decode|Decode'
[14:45:15] [spechunter] [text] Let me check the instruction definitions and decode table for load/store variants.  
[14:45:15] [spechunter] [Read] /home/yzs/riscv/XiangShan/src/main/scala/xiangshan/backend/decode/Instructions.scala
[14:45:15] [spechunter] [Grep] pattern='LOAD|STORE|LR|SC|AMO|fence|Fence|FENCE'
[14:45:22] [spechunter] [text] Let me check the LSQ/LSU bundle definitions and store queue commit logic for any aq/rl handling.  
[14:45:22] [spechunter] [Read] /home/yzs/riscv/XiangShan/src/main/scala/xiangshan/mem/lsqueue/LSQBundle.scala
[14:45:22] [spechunter] [Grep] pattern='aq|rl|Acq|Rel'
[14:45:34] [spechunter] [text] Let me read the critical files to verify the findings before producing the formal analysis.  
[14:45:34] [spechunter] [Read] /home/yzs/riscv/linux/arch/riscv/kvm/vcpu_insn.c
[14:45:34] [spechunter] [Read] /home/yzs/riscv/linux/arch/riscv/kvm/vcpu_exit.c
[14:45:34] [spechunter] [Read] /home/yzs/riscv/linux/arch/riscv/kvm/vcpu_onereg.c
[14:45:47] [spechunter] [text] Let me check FuType, FuOpType, and the store commit logic for any aq/rl handling.  
[14:45:47] [spechunter] [Grep] pattern='LSUOpType|isLoad|isStore|isAMO|isFence'
[14:45:47] [spechunter] [Grep] pattern='aq|rl|acquire|release|Acquire|Release'
[14:45:47] [spechunter] [Grep] pattern='aq|rl|acquire|release'
[14:45:55] [spechunter] [Read] /home/yzs/riscv/linux/arch/riscv/kvm/vcpu_insn.c
[14:45:55] [spechunter] [Read] /home/yzs/riscv/linux/arch/riscv/kvm/vcpu_onereg.c
[14:45:55] [spechunter] [Read] /home/yzs/riscv/linux/arch/riscv/kvm/vcpu_insn.c
[14:45:59] [spechunter] [text] Let me check the FuType and LSUOpType definitions for load/store opcodes and any aq/rl-related encoding.  
[14:45:59] [spechunter] [Read] /home/yzs/riscv/XiangShan/src/main/scala/xiangshan/backend/fu/FuType.scala
[14:45:59] [spechunter] [Grep] pattern='aq|rl|acquire|release|amo'
[14:46:04] [spechunter] [text] Let me check the ScheduleMem/MemScheduler and the load/store commit ordering logic more broadly.  
[14:46:04] [spechunter] [Grep] pattern='ScheduleMem|scheduleMem|MemScheduler|memScheduler'
[14:46:04] [spechunter] [Glob] **/xiangshan/mem/pipeline/*.scala
[14:46:06] [spechunter] [Read] /home/yzs/riscv/qemu/target/riscv/insn32.decode
[14:46:06] [spechunter] [Read] /home/yzs/riscv/qemu/target/riscv/insn32.decode
[14:46:06] [spechunter] [Read] /home/yzs/riscv/qemu/target/riscv/insn32.decode
[14:46:06] [spechunter] [Read] /home/yzs/riscv/qemu/target/riscv/insn_trans/trans_rvzalasr.c.inc
[14:46:10] [spechunter] [text] Let me also verify the opcode definitions and check the insn-def.h Zalasr macros.  
[14:46:10] [spechunter] [Read] /home/yzs/riscv/linux/arch/riscv/include/asm/insn.h
[14:46:10] [spechunter] [Read] /home/yzs/riscv/linux/arch/riscv/include/asm/insn-def.h
[14:46:22] [spechunter] [Read] /home/yzs/riscv/XiangShan/src/main/scala/xiangshan/mem/pipeline/NewLoadUnit.scala
[14:46:22] [spechunter] [Read] /home/yzs/riscv/XiangShan/src/main/scala/xiangshan/mem/pipeline/NewStoreUnit.scala
[14:46:22] [spechunter] [Grep] pattern='aq|rl|acquire|release|amo|atomic|lsu.*issue|issue.*lsu'
[14:46:48] [spechunter] [text] Let me check how load/store opcodes are defined and whether Zalasr instructions would be recognized or treated as illega...
[14:46:48] [spechunter] [Grep] pattern='LB|LH|LW|LD|SB|SH|SW|SD'
[14:46:48] [spechunter] [Glob] **/bitfield/*.scala
[14:46:54] [spechunter] [Bash] List bitfield directory
[14:47:05] [spechunter] [Grep] pattern='LB|LH|LW|LD|LBU|LHU|LWU|SB|SH|SW|SD|LR_W|SC_W|AMO'
[14:47:05] [spechunter] [Grep] pattern='import freechips.rocketchip.rocket.Instructions'
[14:47:23] [spechunter] [text] Let me check the main decode table where the standard RV64 load/store instructions are defined, and look for any Zalasr-...
[14:47:23] [spechunter] [Read] /home/yzs/riscv/XiangShan/src/main/scala/xiangshan/backend/decode/DecodeUnit.scala
[14:47:23] [spechunter] [Bash] Find Rocket Instructions source file
[14:48:06] [spechunter] [text] Let me check the Rocket Chip instruction definitions that XiangShan imports.  
[14:48:06] [spechunter] [Bash] Find Rocket Chip Instruction definitions
[14:48:06] [spechunter] [Grep] pattern='load_acquire|store_release|LOAD_ACQ|STORE_REL'
[14:48:14] [spechunter] [text] Now I have all the data needed. Let me produce the formal security analysis.  ```json {   "findings": [     {       "fil...
[14:48:40] [spechunter] [Grep] pattern='commitType|commit_type|StoreCommit|LoadCommit|lcommit|scommit'
[14:48:40] [spechunter] [Grep] pattern='decodeLoad|decodeStore|isLoad|isStore|FuType.ldu|FuType.stu'
[14:48:40] [spechunter] [Grep] pattern='Zacas|ZACAS|zacas|amocas_q'
[14:48:47] [spechunter] [text] Now let me verify the decodetree `rs2=0` semantics and check for any additional affected locations.  
[14:48:47] [spechunter] [Grep] pattern='rs2=0'
[14:48:47] [spechunter] [Grep] pattern='rs2=0'
[14:49:04] [spechunter] [text] Let me verify how the decodetree tool handles `rs2=0` in the format definition, and also check the `insn16.decode` `@cb_...
[14:49:04] [spechunter] [Read] /home/yzs/riscv/qemu/target/riscv/insn16.decode
[14:49:04] [spechunter] [Bash] Check decodetree.py location
[14:49:24] [spechunter] [text] Let me check how decodetree.py handles constant field constraints in format definitions.  
[14:49:24] [spechunter] [Grep] pattern='def parse_field'
[14:49:24] [spechunter] [Grep] pattern='fixedfield\\|ConstField\\|force_v\\|fixed'
[14:49:46] [spechunter] [Read] /home/yzs/riscv/qemu/scripts/decodetree.py
[14:50:14] [spechunter] [Grep] pattern='def parse_generic_format'
[14:50:14] [spechunter] [Grep] pattern='def parse_format'
[14:50:23] [spechunter] [Grep] pattern='format'
[14:50:27] [spechunter] [Read] /home/yzs/riscv/qemu/scripts/decodetree.py
[14:50:45] [spechunter] [Grep] pattern='def parse_generic'
[14:51:25] [spechunter] [Read] /home/yzs/riscv/qemu/scripts/decodetree.py
[14:51:39] [spechunter] [Grep] pattern='class ConstField'
[14:52:44] [spechunter] [text] Now I have a complete picture. Let me compile the final analysis.  Based on my thorough code archaeology, here is the se...
[14:52:44] [spechunter] [Write] /home/yzs/riscv/qemu/analysis_smip_err_cfg.json
[14:52:47] [spechunter] [Read] /home/yzs/riscv/qemu/analysis_smip_err_cfg.json
[14:53:02] [spechunter] [Grep] pattern='zalasr|aqrl|decodetree|decode_insn32'
[14:53:02] [spechunter] [Grep] pattern='zalasr'
[14:53:02] [spechunter] [Grep] pattern='zalasr'
[14:55:15] [spechunter] [text] Now I have the complete picture. Let me write the final analysis file.  
[14:55:15] [spechunter] [Write] /home/yzs/riscv/qemu/analysis_smip_err_cfg.json
[14:55:34] [spechunter] [text] Here is the complete analysis, saved to `analysis_smip_err_cfg.json`.  ## Summary  **Bug**: The Zalasr load-acquire inst...
[14:55:56] [spechunter] [text] Let me cross-validate the claimed locations against the actual code before producing the final set.  
[14:55:56] [spechunter] [Read] /home/yzs/riscv/qemu/target/riscv/insn32.decode
[14:55:56] [spechunter] [Read] /home/yzs/riscv/qemu/target/riscv/insn32.decode
[14:55:56] [spechunter] [Read] /home/yzs/riscv/qemu/target/riscv/insn_trans/trans_rvzalasr.c.inc
[14:56:10] [spechunter] [Read] /home/yzs/riscv/qemu/target/riscv/translate.c
[14:56:10] [spechunter] [Read] /home/yzs/riscv/qemu/target/riscv/cpu_cfg_fields.h.inc
[14:56:10] [spechunter] [Read] /home/yzs/riscv/qemu/target/riscv/cpu.c
[14:56:10] [spechunter] [Read] /home/yzs/riscv/qemu/target/riscv/cpu.c
[14:57:10] [spechunter] [text] Now let me verify the arg structure to confirm the rs2 field exposure.  
[14:57:10] [spechunter] [Grep] pattern='arg_atomic|arg_lb_aqrl|arg_sb_aqrl'
[14:57:10] [spechunter] [Grep] pattern='&atomic'
[14:57:47] [spechunter] [text] Now let me check the `&atomic` arg struct definition to confirm the full picture.  
[14:57:47] [spechunter] [Read] /home/yzs/riscv/qemu/target/riscv/insn32.decode
[14:58:41] [spechunter] [text] Now let me also check whether `decode_save_opc` takes rs2 into account for potential double-decoding issues.  
[14:58:41] [spechunter] [Grep] pattern='decode_save_opc'
[14:59:55] [spechunter] [text] Now I have all the data. Let me cross-validate each claimed location and produce the final ranked set.  **Key findings f...
[15:00:24] [spechunter] [text] I'll find and analyze the Zalasr implementation in the QEMU codebase. Let me start by searching for the relevant code.  
[15:00:24] [spechunter] [Agent] description, subagent_type
[15:00:48] [spechunter] [Grep] pattern='zalasr|z alasr|alasr'
[15:00:48] [spechunter] [Grep] pattern='load.acquire|load_acquire|load-acquire'
[15:00:48] [spechunter] [Grep] pattern='store.release|store_release|store-release'
[15:00:48] [spechunter] [Grep] pattern='@atom_st'
[15:00:48] [spechunter] [Grep] pattern='00110'
[15:00:48] [spechunter] [Grep] pattern='gen_load_acquire|gen_store_release'
[15:00:48] [spechunter] [Glob] target/riscv/**/*alasr*
[15:01:08] [spechunter] [Read] /home/yzs/riscv/qemu/target/riscv/insn_trans/trans_rvzalasr.c.inc
[15:01:08] [spechunter] [Read] /home/yzs/riscv/qemu/target/riscv/insn32.decode
[15:01:08] [spechunter] [Read] /home/yzs/riscv/qemu/target/riscv/insn32.decode
[15:01:08] [spechunter] [Read] /home/yzs/riscv/qemu/target/riscv/translate.c
[15:01:31] [spechunter] [Grep] pattern='arg_lb_aqrl|arg_sb_aqrl|arg_ld_aqrl|arg_sd_aqrl'
[15:01:31] [spechunter] [Read] /home/yzs/riscv/qemu/target/riscv/cpu_cfg_fields.h.inc
[15:01:31] [spechunter] [Read] /home/yzs/riscv/qemu/target/riscv/cpu.c
[15:01:31] [spechunter] [Read] /home/yzs/riscv/qemu/target/riscv/cpu.c
[15:01:53] [spechunter] [Grep] pattern='arg_lb_aqrl|struct.*aqrl'
[15:01:53] [spechunter] [Grep] pattern='zalrsc|z alrsc|alrsc'
[15:01:53] [spechunter] [Read] /home/yzs/riscv/qemu/target/riscv/insn32.decode
[15:02:15] [spechunter] [Grep] pattern='&atomic'
[15:02:15] [spechunter] [Grep] pattern='struct.*arg_atomic|arg_atomic'
[15:02:35] [spechunter] [Grep] pattern='aqrl'
[15:02:35] [spechunter] [Glob] target/riscv/insn_trans/trans_rva*.c.inc
[15:02:46] [spechunter] [Read] /home/yzs/riscv/qemu/target/riscv/insn_trans/trans_rva.c.inc
[15:02:46] [spechunter] [Grep] pattern='@atom_st|@atom_ld'
[15:04:04] [spechunter] [text] Now let me read the key files for detailed analysis.  
[15:04:04] [spechunter] [Read] /home/yzs/riscv/qemu/target/riscv/insn32.decode
[15:04:04] [spechunter] [Read] /home/yzs/riscv/qemu/target/riscv/insn_trans/trans_rvzalasr.c.inc
[15:04:04] [spechunter] [Read] /home/yzs/riscv/qemu/target/riscv/insn32.decode
[15:06:28] [spechunter] [text] Now let me verify the store-release side and also check if there are any existing checks for rs2 in the load-acquire pat...
[15:06:28] [spechunter] [Grep] pattern='rs2.*0|rs2==0|rs2 != 0'
[15:06:28] [spechunter] [Grep] pattern='@atom_ld'
[15:09:13] [spechunter] [text] Now let me also check the store-release encoding for completeness to confirm it correctly uses rs2.  
[15:09:13] [spechunter] [Grep] pattern='rs2'
[15:10:27] [spechunter] [text] Now I have all the information needed. Here is the analysis:  ```json {   "findings": [     {       "file_path": "target...
[03:55:22] [spechunter] PR loaded: #2091 riscv/riscv-isa-manual — "Adding Zalasr to the main spec"
[03:55:22] [spechunter]   diff: 8021 chars  body: 1 chars  reviews: 1
[03:55:22] [spechunter] Global pre-filter running...
[03:55:42] [spechunter] [text] {"should_skip": false, "skip_reason": "New Zalasr extension adding load-acquire/store-release atomic instructions — subs...
[03:55:43] [spechunter] pre-filter: should_skip=False reason="New Zalasr extension adding load-acquire/store-release atomic instructions — substantive ISA spec change with potential security implications for memory ordering and synchronization."
[03:55:57] [spechunter] [text] {"should_skip": true, "skip_reason": "Zalasr is an unprivileged ISA extension providing atomic load-acquire/store-releas...
[03:56:02] [spechunter] [text] {"should_skip": false}
[03:56:07] [spechunter] [text] {"should_skip": false}
[03:56:20] [spechunter] [text] {"should_skip": true, "skip_reason": "Zalasr is an unprivileged extension adding load-acquire/store-release instructions...
[03:56:26] [spechunter] [text] {"should_skip": true, "skip_reason": "Zalasr is an unprivileged ISA extension adding load-acquire/store-release instruct...
[03:56:26] [spechunter] [text] ```json {   "violation_condition": "QEMU TCG translates Zalasr load-acquire (lb.aq/aqrl, lh.aq/aqrl, lw.aq/aqrl, ld.aq/a...
[03:56:55] [spechunter] [TodoWrite] 7 items
[03:57:01] [spechunter] [text] ```json {   "violation_condition": "XiangShan's instruction decoder funt5 comparator for the AMO opcode space fails to r...
[03:57:10] [spechunter] [text] I'll search for all the specified entities and fallback patterns across the QEMU RISC-V codebase.  
[03:57:10] [spechunter] [Grep] pattern='lb\\.aq|lb\\.aqrl|lh\\.aq|lh\\.aqrl|lw\\.aq|lw\\.aqrl|ld\\.aq|ld\\.aqrl|sb\\.rl|sb\\.aqrl|sh\\.rl|sh\\.aqrl|sw\\.rl|sw\\.aqrl|sd\\.rl|sd\\.aqrl'
[03:57:10] [spechunter] [Grep] pattern='trans_.*_atomic|gen_helper_atomic|tcg_gen_qemu_ld|tcg_gen_qemu_st|OPC_ATOMIC|decode_amo|amo_handler|RISCV_ATOMIC|atomic_load|atomic_store|tcg_mo_acquire|tcg_mo_release|TCG_BAR_ACQ|TCG_BAR_REL'
[03:57:10] [spechunter] [Grep] pattern='Zalasr|zalasr'
[03:57:11] [spechunter] [Grep] pattern='zalasr|Zalasr|ZALASR'
[03:57:11] [spechunter] [Grep] pattern='load.acquire|store.release|aqrl'
[03:57:11] [spechunter] [Grep] pattern='lb_aq|lh_aq|lw_aq|ld_aq|sb_rl|sh_rl|sw_rl|sd_rl'
[03:57:20] [spechunter] [TodoWrite] 4 items
[03:57:23] [spechunter] [Read] /home/yzs/riscv/qemu/target/riscv/insn_trans/trans_rvzalasr.c.inc
[03:57:23] [spechunter] [Read] /home/yzs/riscv/qemu/target/riscv/insn32.decode
[03:57:23] [spechunter] [Read] /home/yzs/riscv/qemu/target/riscv/cpu_cfg_fields.h.inc
[03:57:32] [spechunter] [Grep] pattern='Zalasr'
[03:57:32] [spechunter] [Grep] pattern='lb\\.aq|lh\\.aq|lw\\.aq|ld\\.aq|lb\\.aqrl|lh\\.aqrl|lw\\.aqrl|ld\\.aqrl'
[03:57:32] [spechunter] [Grep] pattern='sb\\.rl|sh\\.rl|sw\\.rl|sd\\.rl|sb\\.aqrl|sh\\.aqrl|sw\\.aqrl|sd\\.aqrl'
[03:57:32] [spechunter] [Grep] pattern='00110.*00111|funct5.*00110|funct5.*00111'
[03:57:32] [spechunter] [Grep] pattern='load_acquire|store_release|aq.*rl.*order|acquire.*release.*RCsc'
[03:57:35] [spechunter] [text] Now let me look at the decoder format for Zalasr and check reserved encoding handling
[03:57:35] [spechunter] [Grep] pattern='aqrl|aq_rl|zlalasr|zalasr'
[03:57:35] [spechunter] [Grep] pattern='aqrl|aq_rl'
[03:57:37] [spechunter] [Read] /home/yzs/riscv/qemu/target/riscv/insn_trans/trans_rvzalasr.c.inc
[03:57:37] [spechunter] [Read] /home/yzs/riscv/qemu/target/riscv/insn32.decode
[03:57:37] [spechunter] [Grep] pattern='TCG_BAR_ACQ|TCG_BAR_REL|tcg_mo_acquire|tcg_mo_release'
[03:57:37] [spechunter] [Grep] pattern='lb_aq|lh_aq|lw_aq|ld_aq|sb_rl|sh_rl|sw_rl|sd_rl'
[03:57:38] [spechunter] [Grep] pattern='0101111'
[03:57:38] [spechunter] [Grep] pattern='Zalasr'
[03:57:38] [spechunter] [Grep] pattern='funct5.*00110|funct5.*00111'
[03:57:38] [spechunter] [Grep] pattern='load.*acquire|store.*release|load_acquire|store_release'
[03:57:38] [spechunter] [Grep] pattern='aq.*rl|aqrl|release.*acquire|acquire.*release'
[03:57:41] [spechunter] [text] Now let me look at the `@atom_st` decode format and trace through the critical details
[03:57:41] [spechunter] [Grep] pattern='@atom_st|@atom_ld'
[03:57:58] [spechunter] [Read] /home/yzs/riscv/XiangShan/rocket-chip/src/main/scala/rocket/Instructions.scala
[03:57:58] [spechunter] [Grep] pattern='AMO|amo|atomic|Atom|ATOM'
[03:57:58] [spechunter] [Grep] pattern='decode|Decoder|DECODE'
[03:58:08] [spechunter] [Grep] pattern='lb_aqrl|lh_aqrl|lw_aqrl|ld_aqrl|sb_aqrl|sh_aqrl|sw_aqrl|sd_aqrl|zalasr|Zalasr'
[03:58:08] [spechunter] [Grep] pattern='decode_atom_st|arg_lb_aqrl|arg_lh_aqrl|arg_lw_aqrl|arg_ld_aqrl|arg_sb_aqrl|arg_sh_aqrl|arg_sw_aqrl|arg_sd_aqrl'
[03:58:08] [spechunter] [Grep] pattern='trans_.*_atomic|gen_helper_atomic|amo_|AMO_|tcg_mo_acquire|tcg_mo_release'
[03:58:08] [spechunter] [Grep] pattern='TCG_BAR_LDAQ|TCG_BAR_STRL'
[03:58:11] [spechunter] [text] No direct matches. Let me broaden the search — AMO opcodes, LR/SC decode entries, and atomic/ordering infrastructure.  
[03:58:11] [spechunter] [Grep] pattern='AMO|amo'
[03:58:11] [spechunter] [Grep] pattern='lr\\.|sc\\.|LR|SC|lr_w|sc_w|lr_d|sc_d'
[03:58:11] [spechunter] [Grep] pattern='fence|FENCE|Fence|sfence|SFENCE'
[03:58:11] [spechunter] [Grep] pattern='acquire|release|aq|rl|memOrder|mem_order'
[03:58:16] [spechunter] [text] Now let me look at the XiangShan-specific decode tables, LSU code, and related areas
[03:58:16] [spechunter] [Read] /home/yzs/riscv/XiangShan/src/main/scala/xiangshan/backend/decode/Instructions.scala
[03:58:16] [spechunter] [Read] /home/yzs/riscv/XiangShan/src/main/scala/xiangshan/backend/decode/DecodeUnit.scala
[03:58:16] [spechunter] [Read] /home/yzs/riscv/XiangShan/src/main/scala/xiangshan/backend/decode/isa/bitfield/RiscvInst.scala
[03:58:19] [spechunter] [Read] /home/yzs/riscv/qemu/target/riscv/insn_trans/trans_rva.c.inc
[03:58:19] [spechunter] [Grep] pattern='opcode_atomic|AMO|amo_handler|decode_amo|OPC_ATOMIC'
[03:58:19] [spechunter] [Grep] pattern='lb\\\\.aq|lb\\\\.aqrl|lh\\\\.aq|lh\\\\.aqrl|lw\\\\.aq|lw\\\\.aqrl|ld\\\\.aq|ld\\\\.aqrl|sb\\\\.rl|sb\\\\.aqrl|sh\\\\.rl|sh\\\\.aqrl|sw\\\\.rl|sw\\\\.aqrl|sd\\\\.rl|sd\\\\.aqrl|aqrl|zalasr'
[03:58:19] [spechunter] [Read] /home/yzs/riscv/qemu/target/riscv/insn_trans/trans_rvi.c.inc
[03:58:26] [spechunter] [TodoWrite] 7 items
[03:58:34] [spechunter] [text] Now let me check the disassembler for zalasr instructions and find the `gen_amo` helper and the `@atom_st` format defini...
[03:58:34] [spechunter] [Grep] pattern='static bool gen_amo'
[03:58:34] [spechunter] [Grep] pattern='@atom_st'
[03:58:34] [spechunter] [Grep] pattern='aqrl|lb_aq|lh_aq|lw_aq|ld_aq|sb_rl|sh_rl|sw_rl|sd_rl'
[03:58:34] [spechunter] [Grep] pattern='OPC_RISC_ATOMIC'
[03:58:37] [spechunter] [text] Let me search deeper in the key files for AMO decode, aq/rl ordering, and the specific funct5 patterns
[03:58:37] [spechunter] [Grep] pattern='aq|rl|acquire|release|AQ|RL|Acquire|Release'
[03:58:37] [spechunter] [Grep] pattern='aq|rl|acquire|release|AQ|RL|Acquire|Release'
[03:58:37] [spechunter] [Grep] pattern='aq|rl|acquire|release|AQ|RL|Acquire|Release'
[03:58:37] [spechunter] [Grep] pattern='funct5|isLr|isSc|isAMO|_amo|AMO_'
[03:58:46] [spechunter] [Grep] pattern='static bool gen_amo'
[03:58:46] [spechunter] [Grep] pattern='lb_aqrl|lh_aqrl|lw_aqrl|ld_aqrl|sb_aqrl|sh_aqrl|sw_aqrl|sd_aqrl'
[03:58:46] [spechunter] [Grep] pattern='&atomic|arg_atomic|\\"atomic\\"'
[03:58:46] [spechunter] [Grep] pattern='ext_zalasr|Zalasr|zalasr'
[03:58:48] [spechunter] [text] Now let me look at how the decode default is applied and explore the LSU for aq/rl ordering  
[03:58:48] [spechunter] [Grep] pattern='def decode'
[03:58:48] [spechunter] [Grep] pattern='decodeDefault|INVALID_INSTR|selImm.*INVALID'
[03:58:48] [spechunter] [Grep] pattern='load.*aq|store.*rl|aq.*bit|rl.*bit|acquire|release|aqrl|aq_rl'
[03:59:01] [spechunter] [Read] /home/yzs/riscv/qemu/target/riscv/translate.c
[03:59:01] [spechunter] [Read] /home/yzs/riscv/qemu/disas/riscv.c
[03:59:02] [spechunter] [Grep] pattern='AMO|amo|aq|rl|acquire|release|funct5|AMOSWAP|AMOADD|AMOXOR|AMOAND|AMOOR|AMOMIN|AMOMAX|AMOMINU|AMOMAXU|LR|SC|lr_w|sc_w'
[03:59:02] [spechunter] [Read] /home/yzs/riscv/XiangShan/src/main/scala/xiangshan/package.scala
[03:59:02] [spechunter] [Read] /home/yzs/riscv/XiangShan/src/main/scala/xiangshan/backend/decode/DecodeUnit.scala
[03:59:18] [spechunter] [text] Now let me check the lr decode entries and the `@atom_ld` format in the decode to understand how lb.aqrl vs lr.w differ
[03:59:18] [spechunter] [Read] /home/yzs/riscv/qemu/target/riscv/insn32.decode
[03:59:18] [spechunter] [Read] /home/yzs/riscv/qemu/target/riscv/insn32.decode
[03:59:23] [spechunter] [text] Let me now find the instruction bit-pattern definitions (where LB.AQ, etc. would be defined) and the AMO opcode decoder....
[03:59:23] [spechunter] [Grep] pattern='Zalasr|zalasr'
[03:59:23] [spechunter] [Grep] pattern='zalasr|Zalasr'
[03:59:23] [spechunter] [Read] /home/yzs/riscv/XiangShan/src/main/scala/xiangshan/backend/decode/isa/bitfield/RiscvInst.scala
[03:59:24] [spechunter] [Read] /home/yzs/riscv/qemu/disas/riscv.c
[03:59:24] [spechunter] [Read] /home/yzs/riscv/qemu/target/riscv/instmap.h
[03:59:34] [spechunter] [Read] /home/yzs/riscv/XiangShan/src/main/scala/xiangshan/backend/Bundles.scala
[03:59:34] [spechunter] [Read] /home/yzs/riscv/XiangShan/src/main/scala/xiangshan/mem/MemBlock.scala
[03:59:35] [spechunter] [text] Let me also check if the dynamic decode knows how to interpret the variable-name-based args for aqrl instructions and lo...
[03:59:35] [spechunter] [Read] /home/yzs/riscv/qemu/target/riscv/cpu_helper.c
[03:59:35] [spechunter] [Grep] pattern='trans_rvzalasr|trans_rva\\.c'
[03:59:35] [spechunter] [Grep] pattern='include.*insn_trans.*rva|include.*insn_trans.*zalasr'
[03:59:42] [spechunter] [Grep] pattern='\\"lb\\.aqrl|\\"lh\\.aqrl|\\"lw\\.aqrl|\\"ld\\.aqrl|\\"sb\\.aqrl|\\"sh\\.aqrl|\\"sw\\.aqrl|\\"sd\\.aqrl|lr\\.w.*aqrl|lr\\.d.*aqrl'
[03:59:42] [spechunter] [Grep] pattern='trans_lr|trans_sc|trans_amo'
[03:59:44] [spechunter] [Grep] pattern='Instructions|object Instructions|BitPat.*AMO|BitPat.*LR|BitPat.*SC|BitPat.*amoswap|BitPat.*amoadd'
[03:59:44] [spechunter] [Grep] pattern='object Instructions'
[03:59:44] [spechunter] [Grep] pattern='Instructions'
[03:59:46] [spechunter] [Grep] pattern='zalasr|rvzalasr'
[03:59:46] [spechunter] [Grep] pattern='trans_rvzalasr'
[03:59:46] [spechunter] [Grep] pattern='zalasr|Zalasr|ZALASR'
[03:59:47] [spechunter] [Read] /home/yzs/riscv/XiangShan/src/main/scala/xiangshan/backend/decode/isa/PseudoInstruction.scala
[04:00:00] [spechunter] [text] Looking at the disassembler for the specific Zalasr instructions (which use opcode 00110/00111, distinct from lr (00010)...
[04:00:00] [spechunter] [Grep] pattern='00110|00111|load_acquire|store_release|lb\\\\.aq|lh\\\\.aq|lw\\\\.aq|ld\\\\.aq|sb\\\\.rl|sh\\\\.rl|sw\\\\.rl|sd\\\\.rl'
[04:00:00] [spechunter] [Grep] pattern='trans_lb_aqrl|trans_lh_aqrl|trans_lw_aqrl|trans_ld_aqrl|trans_sb_aqrl|trans_sh_aqrl|trans_sw_aqrl|trans_sd_aqrl'
[04:00:01] [spechunter] [text] Prompt is too long
[04:00:06] [spechunter] [Grep] pattern='object Instructions'
[04:00:06] [spechunter] [Glob] src/main/scala/xiangshan/backend/decode/isa/*.scala
[04:00:12] [spechunter] [text] Now let me trace how decode handles `false` returns and whether reserved encodings properly raise illegal instruction ex...
[04:00:12] [spechunter] [Grep] pattern='gen_load_acquire|gen_store_release'
[04:00:12] [spechunter] [Grep] pattern='MO_ATOM_WITHIN16'
[04:00:21] [spechunter] [Grep] pattern='object Instructions'
[04:00:21] [spechunter] [Grep] pattern='LB_AQ|LB_AQRL|LH_AQ|LW_AQ|LD_AQ|SB_RL|SB_AQRL|SH_RL'
[04:00:27] [spechunter] [Grep] pattern='rv_op_lb_aqrl|rv_op_lh_aqrl|rv_op_lw_aqrl|rv_op_ld_aqrl|rv_op_sb_aqrl|rv_op_sh_aqrl|rv_op_sw_aqrl|rv_op_sd_aqrl'
[04:00:27] [spechunter] [Grep] pattern='gen_helper_sc_probe_write'
[04:00:30] [spechunter] [Grep] pattern='LB|LH|LW|LD|SB|SH|SW|SD|AMO|LR|SC|aq|rl|funct5'
[04:00:34] [spechunter] [text] Let me trace how the decoder handles `false` returns and check the disassembler  
[04:00:34] [spechunter] [Grep] pattern='aqrl|lb_aq|lh_aq|lw_aq|ld_aq|sb_rl|sh_rl|sw_rl|sd_rl|zalasr'
[04:00:34] [spechunter] [Grep] pattern='aqrl|lb_aq|lh_aq|lw_aq|ld_aq|sb_rl|sh_rl|sw_rl|sd_rl|zalasr'
[04:00:42] [spechunter] [Grep] pattern='VAMOSWAP|VAMOXOR|VAMOOR|VAES|VANDN|VCLMUL|VFADD|VFCLASS|VFCVT|VFDIV|VF_MERGE|VFMIN|VFMUL|VFREC|VFSGNJ|VFSQRT|VFSUB|VFWADD|VFWCVT|VFWMSU|VFWMUL|VFWNMS'
[04:00:42] [spechunter] [Read] /home/yzs/riscv/XiangShan/rocket-chip/src/main/scala/rocket/Instructions.scala
[04:00:45] [spechunter] [Grep] pattern='rv_op_lb_aqrl|rv_op_sb_aqrl'
[04:00:45] [spechunter] [Grep] pattern='rv_op_'
[04:00:45] [spechunter] [Read] /home/yzs/riscv/qemu/target/riscv/cpu_cfg_fields.h.inc
[04:00:52] [spechunter] [Glob] **/decode-insn32.c.inc
[04:00:54] [spechunter] [Grep] pattern='lb_aq|lh_aq|lw_aq|ld_aq|sb_rl|sh_rl|sw_rl|sd_rl'
[04:00:54] [spechunter] [Grep] pattern='rv_op_lb_aq|rv_op_lh_aq|rv_op_lw_aq|rv_op_ld_aq|rv_op_sb_rl|rv_op_sh_rl|rv_op_sw_rl|rv_op_sd_rl'
[04:01:03] [spechunter] [Grep] pattern='lb_aqrl|lh_aqrl|lw_aqrl|ld_aqrl|sb_aqrl|sh_aqrl|sw_aqrl|sd_aqrl'
[04:01:03] [spechunter] [Grep] pattern='rv_op_lb_aqrl|rv_op_lh_aqrl|rv_op_lw_aqrl|rv_op_ld_aqrl|rv_op_sb_aqrl|rv_op_sh_aqrl|rv_op_sw_aqrl|rv_op_sd_aqrl'
[04:01:03] [spechunter] [text] Now let me find where AMO instructions are decoded and executed, and where memory ordering is enforced.  
[04:01:03] [spechunter] [Grep] pattern='LR_W|LR_D|SC_W|SC_D'
[04:01:03] [spechunter] [Grep] pattern='LR_W|LR_D|SC_W|SC_D'
[04:01:03] [spechunter] [Grep] pattern='FuType\\.mou|isMou|isAMO'
[04:01:03] [spechunter] [Grep] pattern='isAMO|isLr|isSc|AMO|mou|MOU'
[04:01:11] [spechunter] [Read] /home/yzs/riscv/qemu/target/riscv/cpu.c
[04:01:11] [spechunter] [Read] /home/yzs/riscv/qemu/target/riscv/cpu.c
[04:01:18] [spechunter] [text] Let me check the memory subsystem's fence/memory-ordering enforcement and also the issue queue for atomics
[04:01:18] [spechunter] [Read] /home/yzs/riscv/XiangShan/src/main/scala/xiangshan/mem/pipeline/AtomicsUnit.scala
[04:01:18] [spechunter] [Read] /home/yzs/riscv/XiangShan/src/main/scala/xiangshan/backend/fu/Fence.scala
[04:01:18] [spechunter] [Read] /home/yzs/riscv/XiangShan/src/main/scala/xiangshan/mem/MemBlock.scala
[04:01:18] [spechunter] [Grep] pattern='fence|Fence|memOrder|mem_order|ordering|forward|forwardProgress|sqCheck|RAW|WAR'
[04:01:19] [spechunter] [text] The disassembler doesn't have Zalasr entries. Let me check the opcode enum and verify this gap more thoroughly
[04:01:19] [spechunter] [Grep] pattern='rv_op_'
[04:01:28] [spechunter] [text] Let me find the generated opcode enum
[04:01:28] [spechunter] [Grep] pattern='rv_op_lr_w|rv_op_sc_w|rv_op_amoswap'
[04:01:28] [spechunter] [Glob] **/riscv/*decode*
[04:01:32] [spechunter] [Glob] target/riscv/*decode*gen*
[04:01:32] [spechunter] [Grep] pattern='rv_op_lb_aqrl|rv_op_lh_aqrl|rv_op_lw_aqrl|rv_op_ld_aqrl|rv_op_sb_aqrl|rv_op_sh_aqrl|rv_op_sw_aqrl|rv_op_sd_aqrl'
[04:01:33] [spechunter] [Read] /home/yzs/riscv/XiangShan/src/main/scala/xiangshan/backend/decode/DecodeUnit.scala
[04:01:33] [spechunter] [Grep] pattern='object RV64ADecode|object AMODecode|AMOADD|atomics|AtomicsDecode'
[04:01:33] [spechunter] [Read] /home/yzs/riscv/XiangShan/src/main/scala/xiangshan/backend/decode/DecodeUnit.scala
[04:01:39] [spechunter] [Grep] pattern='decode_insn32|decode_trans'
[04:01:39] [spechunter] [Grep] pattern='return false.*illegal|gen_exception_illegal|generate_exception'
[04:01:43] [spechunter] [Grep] pattern='static void decode_opc'
[04:01:48] [spechunter] [Grep] pattern='decode_insn32|decode_trans'
[04:01:48] [spechunter] [Glob] target/riscv/*.inc
[04:01:50] [spechunter] [text] Now let me search for the issue queue, load-store queue, and commit stage relevant files
[04:01:50] [spechunter] [Grep] pattern='AMO|amo|atomic|mou|MOU|isAMO|isLr|isSc|blockBack|noSpec'
[04:01:50] [spechunter] [Grep] pattern='atomic|AMO|forward|ordering|fence|blockBack'
[04:01:50] [spechunter] [Grep] pattern='commitType|commit_type|isAMO|isLoad|isStore|mou|atomic'
[04:02:16] [spechunter] [Grep] pattern='decode_insn32|genode'
[04:02:16] [spechunter] [Grep] pattern='insn32.decode|decode'
[04:02:26] [spechunter] [text] Here is the complete location report:  ```json {   "locations": [     {       "file_path": "target/riscv/insn32.decode",...
[04:02:41] [spechunter] [Grep] pattern='&atomic'
[04:02:41] [spechunter] [Grep] pattern='arg_atomic|arg_lb_aqrl|arg_sb_aqrl'
[04:03:11] [spechunter] [text] Now I have a comprehensive picture. Let me compile the final results.  ```json {   "locations": [     {       "file_path...
[04:03:24] [spechunter] [text] Now let me check the disassembler for Zalasr support gaps and verify the `REQUIRE_64BIT` check.  
[04:03:24] [spechunter] [Grep] pattern='REQUIRE_64BIT'
[04:03:24] [spechunter] [Grep] pattern='amoswap\\.b'
[04:03:42] [spechunter] [text] I'll cross-validate the fast-path locations against the actual source files to verify accuracy and relevance.  
[04:03:42] [spechunter] [Read] /home/yzs/riscv/qemu/target/riscv/insn_trans/trans_rvzalasr.c.inc
[04:03:42] [spechunter] [Grep] pattern='zalasr|ZALASR|zalasr|Zalasr'
[04:03:42] [spechunter] [Grep] pattern='lb_aqrl|lh_aqrl|lw_aqrl|ld_aqrl|sb_aqrl|sh_aqrl|sw_aqrl|sd_aqrl'
[04:03:54] [spechunter] [Read] /home/yzs/riscv/qemu/target/riscv/insn32.decode
[04:03:54] [spechunter] [Read] /home/yzs/riscv/qemu/target/riscv/insn32.decode
[04:03:54] [spechunter] [Grep] pattern='gen_amo'
[04:03:54] [spechunter] [Read] /home/yzs/riscv/qemu/target/riscv/insn_trans/trans_rva.c.inc
[04:04:13] [spechunter] [Read] /home/yzs/riscv/qemu/target/riscv/translate.c
[04:04:13] [spechunter] [Read] /home/yzs/riscv/qemu/target/riscv/cpu_cfg_fields.h.inc
[04:04:13] [spechunter] [Read] /home/yzs/riscv/qemu/target/riscv/cpu.c
[04:04:13] [spechunter] [Read] /home/yzs/riscv/qemu/target/riscv/cpu.c
[04:04:13] [spechunter] [Read] /home/yzs/riscv/qemu/target/riscv/cpu_helper.c
[04:04:13] [spechunter] [Read] /home/yzs/riscv/qemu/target/riscv/instmap.h
[04:04:13] [spechunter] [Read] /home/yzs/riscv/qemu/target/riscv/instmap.h
[04:04:13] [spechunter] [text] I'll verify the most critical locations against the actual code before producing the final set.  
[04:04:13] [spechunter] [Read] /home/yzs/riscv/XiangShan/rocket-chip/src/main/scala/rocket/Instructions.scala
[04:04:13] [spechunter] [Read] /home/yzs/riscv/XiangShan/src/main/scala/xiangshan/backend/decode/DecodeUnit.scala
[04:04:13] [spechunter] [Read] /home/yzs/riscv/XiangShan/src/main/scala/xiangshan/package.scala
[04:04:13] [spechunter] [Read] /home/yzs/riscv/XiangShan/src/main/scala/xiangshan/cache/dcache/mainpipe/MainPipe.scala
[04:04:31] [spechunter] [Read] /home/yzs/riscv/XiangShan/src/main/scala/xiangshan/backend/decode/isa/bitfield/RiscvInst.scala
[04:04:31] [spechunter] [Read] /home/yzs/riscv/XiangShan/src/main/scala/xiangshan/cache/dcache/mainpipe/MainPipe.scala
[04:04:31] [spechunter] [Read] /home/yzs/riscv/XiangShan/src/main/scala/xiangshan/cache/dcache/mainpipe/MainPipe.scala
[04:04:31] [spechunter] [Read] /home/yzs/riscv/XiangShan/src/main/scala/xiangshan/backend/fu/FuType.scala
[04:04:31] [spechunter] [Read] /home/yzs/riscv/XiangShan/src/main/scala/xiangshan/backend/fu/FuType.scala
[04:04:42] [spechunter] [text] Let me also check if there are any Zalasr disassembler entries that may be missing.  
[04:04:42] [spechunter] [Grep] pattern='lb_aqrl|lh_aqrl|lw_aqrl|ld_aqrl|sb_aqrl|sh_aqrl|sw_aqrl|sd_aqrl'
[04:04:42] [spechunter] [Grep] pattern='gen_amo'
[04:04:42] [spechunter] [Grep] pattern='ext_zalasr|zalasr'
[04:04:49] [spechunter] [Read] /home/yzs/riscv/XiangShan/src/main/scala/xiangshan/cache/CacheConstants.scala
[04:04:49] [spechunter] [Read] /home/yzs/riscv/XiangShan/src/main/scala/xiangshan/mem/pipeline/AtomicsUnit.scala
[04:04:49] [spechunter] [Read] /home/yzs/riscv/XiangShan/src/main/scala/xiangshan/backend/rob/Rob.scala
[04:04:49] [spechunter] [Read] /home/yzs/riscv/XiangShan/src/main/scala/xiangshan/backend/dispatch/Dispatch.scala
[04:04:49] [spechunter] [Read] /home/yzs/riscv/XiangShan/src/main/scala/xiangshan/Parameters.scala
[04:05:03] [spechunter] [text] Let me verify a few more critical locations.  
[04:05:03] [spechunter] [Read] /home/yzs/riscv/XiangShan/src/main/scala/xiangshan/cache/dcache/mainpipe/AtomicsReplayUnit.scala
[04:05:03] [spechunter] [Read] /home/yzs/riscv/XiangShan/src/main/scala/xiangshan/backend/decode/isa/bitfield/RiscvInst.scala
[04:05:03] [spechunter] [Read] /home/yzs/riscv/XiangShan/src/main/scala/xiangshan/backend/Bundles.scala
[04:05:03] [spechunter] [Read] /home/yzs/riscv/XiangShan/src/main/scala/xiangshan/backend/decode/DecodeUnit.scala
[04:05:13] [spechunter] [Read] /home/yzs/riscv/qemu/target/riscv/translate.c
[04:06:11] [spechunter] [text] Now I have all the data needed for cross-validation. Let me produce the final location set.  ```json {   "locations": [ ...
[04:06:23] [spechunter] [text] Now I have enough data to produce the final cross-validated location set.  ```json {   "locations": [     {       "file"...
[04:06:39] [spechunter] [Agent] description, subagent_type
[04:06:50] [spechunter] [Grep] pattern='Zalasr|load.acquire|store.release|funct5.*00110|funct5.*00111'
[04:06:50] [spechunter] [Grep] pattern='aq.*rl|acquire|release.*ordering|RCsc|lsq.*acquire'
[04:06:50] [spechunter] [Grep] pattern='AMO.*0101111|amo.*decode|funct5'
[04:07:02] [spechunter] [Grep] pattern='zalasr|Zalasr|ZALASR'
[04:07:02] [spechunter] [Grep] pattern='load.acquire|store.release|load-acquire|store-release'
[04:07:02] [spechunter] [Grep] pattern='aqrl|\\.aq|\\.rl'
[04:07:02] [spechunter] [Grep] pattern='TCG_BAR|tcg_gen_mb|TCG_MO_'
[04:07:02] [spechunter] [Bash] Git log search for Zalasr-related commits
[04:07:07] [spechunter] [Read] /home/yzs/riscv/XiangShan/src/main/scala/xiangshan/backend/decode/DecodeStage.scala
[04:07:07] [spechunter] [Grep] pattern='Amo|AMO|amo|LR|SC|lr\\.|sc\\.|amoswap|amoadd|amoxor|amoand|amoor|amomin|amomax|amominu|amomaxu'
[04:07:26] [spechunter] [Read] /home/yzs/riscv/XiangShan/rocket-chip/src/main/scala/rocket/Instructions.scala
[04:07:26] [spechunter] [Grep] pattern='DecodeUnit|DecodeUnitComp'
[04:07:41] [spechunter] [Read] /home/yzs/riscv/qemu/target/riscv/insn_trans/trans_rvzalasr.c.inc
[04:07:41] [spechunter] [Read] /home/yzs/riscv/qemu/target/riscv/insn32.decode
[04:07:41] [spechunter] [Read] /home/yzs/riscv/qemu/target/riscv/cpu_cfg_fields.h.inc
[04:07:41] [spechunter] [Read] /home/yzs/riscv/qemu/target/riscv/cpu.c
[04:07:41] [spechunter] [Read] /home/yzs/riscv/qemu/target/riscv/translate.c
[04:07:41] [spechunter] [Bash] Show commit details for Zalasr-related commits
[04:07:42] [spechunter] [Read] /home/yzs/riscv/XiangShan/src/main/scala/xiangshan/backend/decode/DecodeUnit.scala
[04:07:42] [spechunter] [Read] /home/yzs/riscv/XiangShan/src/main/scala/xiangshan/backend/decode/DecodeUnitComp.scala
[04:08:05] [spechunter] [Grep] pattern='@atom_st'
[04:08:05] [spechunter] [Grep] pattern='Zalasr|zalasr|load.acquire|store.release|aqrl'
[04:08:05] [spechunter] [Grep] pattern='zalasr|Zalasr'
[04:08:05] [spechunter] [Read] /home/yzs/riscv/qemu/target/riscv/cpu.c
[04:08:05] [spechunter] [Grep] pattern='arg_lb_aqrl|arg_sb_aqrl|arg_ld_aqrl'
[04:08:05] [spechunter] [Grep] pattern='ext_zalasr'
[04:08:23] [spechunter] [Read] /home/yzs/riscv/qemu/target/riscv/insn32.decode
[04:08:23] [spechunter] [Grep] pattern='&atomic'
[04:08:23] [spechunter] [Grep] pattern='aqrl|load.acquire|store.release'
[04:08:23] [spechunter] [Read] /home/yzs/riscv/qemu/target/riscv/insn_trans/trans_rva.c.inc
[04:08:35] [spechunter] [Grep] pattern='lb.aqrl|lh.aqrl|lw.aqrl|ld.aqrl|sb.aqrl|sh.aqrl|sw.aqrl|sd.aqrl'
[04:08:35] [spechunter] [Grep] pattern='rv_codec_r_l|rv_codec_r_a'
[04:08:35] [spechunter] [Read] /home/yzs/riscv/qemu/disas/riscv.h
[04:08:35] [spechunter] [Bash] Check if Zalasr entries exist in the opcode5 table in disas/riscv.c for opcode 0101111 range
[04:08:35] [spechunter] [Bash] Search for any Zalasr-related entries in QEMU test files
[04:08:43] [spechunter] [Bash] Find the opcode5 table handling in the disassembler for opcode 0101111
[04:08:43] [spechunter] [Bash] Search for acquire/release references in disassembler
[04:08:43] [spechunter] [Grep] pattern='acquire\\|release\\|aqrl\\|zalasr'
[04:08:43] [spechunter] [Bash] Show diff for the commit that added ZALASR
[04:09:03] [spechunter] [Bash] Show diffstat for the MO_TE replacement commit
[04:09:03] [spechunter] [Bash] Show diffstat for the conceal MO_ALIGN|MO_TE commit
[04:09:03] [spechunter] [Grep] pattern='zalasr|Zalasr|ZALASR|aqrl'
[04:09:03] [spechunter] [Grep] pattern='zalasr|Zalasr'
[04:09:03] [spechunter] [Grep] pattern='gen_load_acquire|gen_store_release'
[04:09:23] [spechunter] [text] Now let me check the spec references for Zalasr and look at the LSU for aq/rl propagation
[04:09:23] [spechunter] [Glob] **/*.adoc
[04:09:23] [spechunter] [Grep] pattern='funct5.*00110|funct5.*00111|Zalasr|load.acquire|store.release|aq.*rl.*RESERVED|reserved.*aq.*rl'
[04:09:23] [spechunter] [Grep] pattern='aq|rl|acquire|release|load.reserved|store.conditional'
[04:09:30] [spechunter] [text] Let me read the Zalasr spec and examine the relevant source files for the decoder and LSU
[04:09:30] [spechunter] [Read] /home/yzs/riscv/rv-isa-sec/spec_ref/riscv-isa-manual/src/unpriv/zalasr.adoc
[04:09:30] [spechunter] [Read] /home/yzs/riscv/rv-isa-sec/spec_ref/riscv-isa-manual/normative_rule_defs/zalasr.yaml
[04:09:30] [spechunter] [Read] /home/yzs/riscv/XiangShan/rocket-chip/src/main/scala/rocket/Instructions.scala
[04:09:45] [spechunter] [Grep] pattern='zalasr'
[04:09:45] [spechunter] [Grep] pattern='ext_zalasr'
[04:09:45] [spechunter] [Grep] pattern='gen_load_acquire|gen_store_release'
[04:10:09] [spechunter] [text] Prompt is too long
[04:10:54] [spechunter] [Read] /home/yzs/riscv/qemu/target/riscv/insn_trans/trans_rvzalasr.c.inc
[04:10:54] [spechunter] [Read] /home/yzs/riscv/qemu/target/riscv/insn32.decode
[04:10:54] [spechunter] [Glob] **/spec_ref/**/*zalasr*
[04:11:07] [spechunter] [Read] /home/yzs/riscv/rv-isa-sec/spec_ref/riscv-isa-manual/src/unpriv/zalasr.adoc
[04:11:07] [spechunter] [Read] /home/yzs/riscv/rv-isa-sec/spec_ref/riscv-isa-manual/normative_rule_defs/zalasr.yaml
[04:11:07] [spechunter] [Read] /home/yzs/riscv/qemu/target/riscv/insn32.decode
[04:12:58] [spechunter] [text] Now let me read the key implementation files in full detail and check a few more patterns.  
[04:12:58] [spechunter] [Read] /home/yzs/riscv/qemu/target/riscv/translate.c
[04:12:58] [spechunter] [Grep] pattern='decode_save_opc'
[04:12:58] [spechunter] [Grep] pattern='REQUIRE_64BIT'
[04:16:37] [spechunter] [text] Now let me examine the LR/SC barrier handling for comparison and verify my analysis of the barrier placement issue
[04:16:37] [spechunter] [Read] /home/yzs/riscv/qemu/target/riscv/insn_trans/trans_rva.c.inc
[04:17:31] [spechunter] [Grep] pattern='lr_w|sc_w'
[04:17:31] [spechunter] [Grep] pattern='@atom_ld|atom_ld'
[04:18:10] [spechunter] [Grep] pattern='aes64ks1i|aes_decode_rcon'
[04:18:10] [spechunter] [Grep] pattern='aes64ks1i'
[04:19:09] [spechunter] [text] Let me check the `decode_save_opc` pattern and verify other aspects of the implementation
[04:19:09] [spechunter] [Grep] pattern='decode_save_opc'
[04:19:09] [spechunter] [Grep] pattern='REQUIRE_64BIT'
[04:22:55] [spechunter] [text] Now let me look at one more important detail — how the decode dispatch works for these instructions and whether there ar...
[04:22:55] [spechunter] [Grep] pattern='decode_opcode.*0101111|OPC_ATOMIC|AMO.*decode|decode_amo|amo_handler'
[04:22:55] [spechunter] [Grep] pattern='unsupported_a_function|unhandled_16bit|illegal_insn|RISCV_ILLEGAL'
[04:22:55] [spechunter] [Grep] pattern='RISCV_UW2_ALWAYS_STORE_AMO'
[04:24:32] [spechunter] [Read] /home/yzs/riscv/qemu/target/riscv/cpu_helper.c
[04:24:32] [spechunter] [Grep] pattern='trans_sc_|gen_sc\\b'
[04:24:38] [spechunter] [Read] /home/yzs/riscv/qemu/target/riscv/insn_trans/trans_rva.c.inc
[04:24:38] [spechunter] [Read] /home/yzs/riscv/qemu/target/riscv/translate.c
[04:26:51] [spechunter] [text] Now let me also check if there are compressed variants and verify the RV32 path more carefully.  
[04:26:51] [spechunter] [Grep] pattern='aqrl|zalasr|load.acq|store.rel'
[04:26:51] [spechunter] [Grep] pattern='TCG_BAR_LDAQ|TCG_BAR_STRL'
[04:26:51] [spechunter] [Grep] pattern='TCG_BAR_LDAQ|TCG_BAR_STRL'
[04:29:25] [spechunter] [text] Let me examine a few more details to verify my analysis
[04:29:25] [spechunter] [Grep] pattern='TCG_BAR_LDAQ|TCG_BAR_STRL|TCG_BAR_SC'
[04:29:25] [spechunter] [Grep] pattern='TCG_BAR_LDAQ|TCG_BAR_STRL|TCG_BAR_SC'
[04:31:06] [spechunter] [text] Now let me do a final check on one more aspect — whether the `gen_set_gpr` call before the acquire barrier could be a su...
[04:31:06] [spechunter] [Read] /home/yzs/riscv/qemu/target/riscv/insn_trans/trans_rva.c.inc
[04:31:06] [spechunter] [Grep] pattern='gen_load_acquire|gen_store_release'
[04:33:31] [spechunter] [text] Now let me verify what happens when the trans_ function returns false — whether it properly generates an illegal instruc...
[04:33:31] [spechunter] [Grep] pattern='return false.*illegal|RISCV_EXCP_ILLEGAL|gen_exception_illegal|gen_illegal_insn'
[04:33:31] [spechunter] [Grep] pattern='lb_aqrl|lh_aqrl|lw_aqrl|ld_aqrl|sb_aqrl|sh_aqrl|sw_aqrl|sd_aqrl'
[04:33:31] [spechunter] [Grep] pattern='vmstate|migration|cpu_reset|kvm'
[04:37:10] [spechunter] [text] Now I have all the information needed for a comprehensive analysis. Let me compile the findings
[04:37:10] [spechunter] [Grep] pattern='arg_lb_aqrl|arg_sb_aqrl'
[04:40:36] [spechunter] [text] Now let me check one more detail — whether `gen_store_release` properly handles the `decode_save_opc` call before the ea...
[04:40:36] [spechunter] [Grep] pattern='arg_lb_aqrl|arg_ld_aqrl'
[04:40:40] [spechunter] [Read] /home/yzs/riscv/qemu/build/libqemu-riscv64-softmmu.a.p/decode-insn32.c.inc
[04:42:35] [spechunter] [text] Now I have all the information needed for a comprehensive security audit. Let me compile the complete analysis.  
[04:42:35] [spechunter] [Read] /home/yzs/riscv/qemu/target/riscv/translate.c
[04:45:35] [spechunter] [text] Now I have all the information needed for a comprehensive security audit. Let me compile the analysis.  ```json {   "fin...
