[03:49:25] [spechunter] PR loaded: #706 riscv/riscv-fast-interrupt — "Smip: Introduce state bits to control the trap behavior"
[03:49:25] [spechunter]   diff: 1023 chars  body: 1 chars  reviews: 0
[03:49:25] [spechunter] Global pre-filter running...
[03:49:43] [spechunter] [text] {"should_skip": false}
[03:49:44] [spechunter] pre-filter: should_skip=False reason=""
[03:49:55] [spechunter] [text] {"should_skip": false}
[03:50:00] [spechunter] [text] {"should_skip": false}
[03:50:00] [spechunter] [text] {"should_skip": false}
[03:50:07] [spechunter] [text] {"should_skip": false}
[03:50:10] [spechunter] [Grep] pattern='CLIC|clic|fast.?interrupt|Smip|smip|mipu|sipu|mipopret|sipopret|mnreti|snreti|aclic'
[03:50:19] [spechunter] [Grep] pattern='clic|CLIC|smip|Smip|mnreti|snreti|clicintattr|mipopret|sipopret'
[03:50:36] [spechunter] [Grep] pattern='clic|CLIC|smip|Smip|mnreti|snreti|mipopret|sipopret'
[03:50:36] [spechunter] [Agent] description, subagent_type
[03:50:40] [spechunter] [text] ```json {   "violation_condition": "OpenSBI saves/restores mstatus during HSM suspend/resume or context switch without p...
[03:50:40] [spechunter] [text] {  
[03:50:40] [spechunter] [Agent] description, subagent_type
[03:50:47] [spechunter] [Read] /home/yzs/riscv/linux/arch/riscv/kernel/entry.S
[03:50:47] [spechunter] [Glob] arch/riscv/kernel/asm-offsets.c
[03:50:47] [spechunter] [Glob] arch/riscv/kernel/cpu.c
[03:50:47] [spechunter] [Glob] arch/riscv/kernel/process.c
[03:50:47] [spechunter] [Glob] arch/riscv/kernel/ptrace.c
[03:50:47] [spechunter] [Glob] arch/riscv/kvm/vcpu*.c
[03:50:52] [spechunter] [Grep] pattern='Smip|Smaia|Ssaia|fast.?interrupt|CLIC|clint'
[03:50:52] [spechunter] [Grep] pattern='riscv_cpu_do_interrupt|riscv_trap|mstatus.*MIP|mstatus.*SIP|smip|automatic.*stack'
[03:50:52] [spechunter] [Grep] pattern='MIPU|SIPU|mipu|sipu'
[03:50:54] [spechunter] [Grep] pattern='mstatus'
[03:50:54] [spechunter] [Grep] pattern='MIPU'
[03:50:54] [spechunter] [Grep] pattern='SIPU'
[03:50:54] [spechunter] [Grep] pattern='sstatus'
[03:50:59] [spechunter] [TodoWrite] 6 items
[03:51:02] [spechunter] [Read] /home/yzs/riscv/linux/arch/riscv/kernel/asm-offsets.c
[03:51:02] [spechunter] [Read] /home/yzs/riscv/linux/arch/riscv/kernel/ptrace.c
[03:51:02] [spechunter] [Read] /home/yzs/riscv/linux/arch/riscv/kvm/vcpu.c
[03:51:02] [spechunter] [Grep] pattern='pt_regs|PT_RA|PT_GP|PT_T0|PT_SP|PT_STATUS|PT_EPC|PT_BADADDR|PT_CAUSE|PT_TP|PT_SIZE_ON_STACK|save_from_x6_to_x31|restore_from_x6_to_x31'
[03:51:02] [spechunter] [Grep] pattern='sstatus|SR_|CSR_STATUS|saved_status'
[03:51:03] [spechunter] [Grep] pattern='automatic.*stack|auto.*stack|irq_autostack|clc.*stack|clc|push_stack|stacking'
[03:51:03] [spechunter] [Grep] pattern='riscv_cpu_do_interrupt'
[03:51:04] [spechunter] [Grep] pattern='sstatus'
[03:51:04] [spechunter] [Glob] sys/riscv/riscv/trap.c
[03:51:04] [spechunter] [Glob] sys/riscv/riscv/swtch.S
[03:51:04] [spechunter] [Glob] sys/riscv/riscv/genassym.c
[03:51:04] [spechunter] [Glob] sys/riscv/riscv/exception.S
[03:51:04] [spechunter] [Glob] sys/riscv/include/*reg*.h
[03:51:04] [spechunter] [Grep] pattern='SSTATUS'
[03:51:04] [spechunter] [Grep] pattern='bhyve'
[03:51:13] [spechunter] [Grep] pattern='mnret|snret|mnreti|snreti|Smclic|smclic|mclic|sclic|clicable|clici'
[03:51:14] [spechunter] [Read] /home/yzs/riscv/linux/arch/riscv/include/asm/ptrace.h
[03:51:14] [spechunter] [Read] /home/yzs/riscv/linux/arch/riscv/include/asm/assembler.h
[03:51:14] [spechunter] [Read] /home/yzs/riscv/linux/arch/riscv/kvm/vcpu_onereg.c
[03:51:14] [spechunter] [Read] /home/yzs/riscv/linux/arch/riscv/kvm/vcpu_switch.S
[03:51:14] [spechunter] [Grep] pattern='SR_SPP|SR_SPIE|SR_SUM|SR_FS|SR_VS|SR_ELP|SR_MPP|SR_MPIE|SR_S|SR_UXL|SR_SXL|SR_UBE|SR_SBE'
[03:51:14] [spechunter] [Read] /home/yzs/riscv/linux/arch/riscv/include/asm/switch_to.h
[03:51:16] [spechunter] [Read] /home/yzs/riscv/qemu/target/riscv/cpu_helper.c
[03:51:16] [spechunter] [Grep] pattern='MSTATUS_'
[03:51:16] [spechunter] [Grep] pattern='sbi_hsm_hart_resume|sbi_hsm_hart_suspend'
[03:51:16] [spechunter] [Read] /home/yzs/riscv/opensbi/lib/sbi/sbi_domain_context.c
[03:51:19] [spechunter] [Read] /home/yzs/riscv/freebsd-src/sys/riscv/riscv/exception.S
[03:51:19] [spechunter] [Read] /home/yzs/riscv/freebsd-src/sys/riscv/riscv/trap.c
[03:51:19] [spechunter] [Read] /home/yzs/riscv/freebsd-src/sys/riscv/riscv/swtch.S
[03:51:19] [spechunter] [Read] /home/yzs/riscv/freebsd-src/sys/riscv/include/riscvreg.h
[03:51:19] [spechunter] [Read] /home/yzs/riscv/freebsd-src/sys/riscv/include/cpufunc.h
[03:51:19] [spechunter] [Read] /home/yzs/riscv/freebsd-src/sys/riscv/include/frame.h
[03:51:26] [spechunter] [Grep] pattern='smip|SMIP|clc|counter_level.*change|push.*priv|pop.*priv|xcause|xepc|xtap|xnxti|smstateen'
[03:51:26] [spechunter] [Read] /home/yzs/riscv/qemu/target/riscv/cpu_helper.c
[03:51:26] [spechunter] [Agent] description, subagent_type
[03:51:26] [spechunter] [Agent] description, subagent_type
[03:51:26] [spechunter] [Agent] description, subagent_type
[03:51:26] [spechunter] [Agent] description, subagent_type
[03:51:28] [spechunter] [Grep] pattern='SR_SXL|SR_UXL|SR_SBE|SR_UBE'
[03:51:28] [spechunter] [Grep] pattern='sstatus|SSTATUS'
[03:51:28] [spechunter] [Grep] pattern='struct kvm_cpu_context'
[03:51:28] [spechunter] [Grep] pattern='struct kvm_riscv_csr'
[03:51:28] [spechunter] [Grep] pattern='VSIP_VALID_MASK|VSIP_TO_HVIP_SHIFT|IRQ_LOCAL_MASK|IRQ_VS_SOFT|IRQ_VS_TIMER|IRQ_VS_EXT|IRQ_PMU_OVF'
[03:51:36] [spechunter] [Read] /home/yzs/riscv/opensbi/lib/sbi/sbi_hsm.c
[03:51:36] [spechunter] [Read] /home/yzs/riscv/opensbi/lib/sbi/sbi_hart.c
[03:51:36] [spechunter] [Read] /home/yzs/riscv/opensbi/include/sbi/riscv_encoding.h
[03:51:36] [spechunter] [Grep] pattern='mipu|sipu|MIPU|SIPU|mip|sip'
[03:51:36] [spechunter] [Read] /home/yzs/riscv/freebsd-src/sys/riscv/riscv/exec_machdep.c
[03:51:36] [spechunter] [Read] /home/yzs/riscv/freebsd-src/sys/riscv/riscv/vm_machdep.c
[03:51:36] [spechunter] [Read] /home/yzs/riscv/freebsd-src/sys/riscv/riscv/machdep.c
[03:51:36] [spechunter] [Read] /home/yzs/riscv/freebsd-src/sys/riscv/include/asm.h
[03:51:36] [spechunter] [Read] /home/yzs/riscv/freebsd-src/sys/riscv/include/cpu.h
[03:51:36] [spechunter] [Read] /home/yzs/riscv/freebsd-src/sys/riscv/include/proc.h
[03:51:37] [spechunter] [Grep] pattern='smclic|Smclic|clc_|clcstate|ssave_stated|clic_save|intrstatus|ssaved'
[03:51:37] [spechunter] [Grep] pattern='MIPU|SIPU|mstatus.*MIP|mstatus.*SIP'
[03:51:40] [spechunter] [Grep] pattern='domain_context'
[03:51:40] [spechunter] [Grep] pattern='mstatus'
[03:51:40] [spechunter] [Grep] pattern='context_save|context_restore|context_init'
[03:51:40] [spechunter] [Glob] **/context*
[03:51:40] [spechunter] [Glob] **/*domain*
[03:51:41] [spechunter] [Grep] pattern='smip'
[03:51:41] [spechunter] [Glob] **/*hsm*
[03:51:41] [spechunter] [Grep] pattern='hsm_suspend|hsm_resume|sbi_hsm'
[03:51:41] [spechunter] [Grep] pattern='MSTATUS|mstatus|CSR_MSTATUS'
[03:51:41] [spechunter] [Grep] pattern='non.?retentive|NON_RETENTIVE|nonretentive'
[03:51:43] [spechunter] [Grep] pattern='MIPU|SIPU|mipu|sipu'
[03:51:43] [spechunter] [Grep] pattern='MSTATUS.*BIT|#define.*MSTATUS|mstatus.*bit'
[03:51:43] [spechunter] [Grep] pattern='MIP_|SIP_|MIE_|SIE_|#define.*IP_'
[03:51:43] [spechunter] [Grep] pattern='interrupt.*stack|stack.*interrupt|interrupt.*priorit|priorit.*interrupt'
[03:51:43] [spechunter] [Glob] include/**/*.h
[03:51:44] [spechunter] [Grep] pattern='csr[wsc].*\\bmstatus\\b'
[03:51:44] [spechunter] [Grep] pattern='csr_write\\(CSR_MSTATUS'
[03:51:44] [spechunter] [Grep] pattern='csr_read_set\\(CSR_MSTATUS|csr_read_clear\\(CSR_MSTATUS|csr_set\\(CSR_MSTATUS|csr_clear\\(CSR_MSTATUS'
[03:51:44] [spechunter] [Grep] pattern='MSTATUS|mstatus'
[03:51:44] [spechunter] [Grep] pattern='MSTATUS'
[03:51:48] [spechunter] [Read] /home/yzs/riscv/freebsd-src/sys/riscv/vmm/vmm_switch.S
[03:51:48] [spechunter] [Read] /home/yzs/riscv/freebsd-src/sys/riscv/vmm/riscv.h
[03:51:48] [spechunter] [Read] /home/yzs/riscv/freebsd-src/sys/riscv/vmm/vmm_riscv.c
[03:51:48] [spechunter] [Read] /home/yzs/riscv/freebsd-src/sys/riscv/riscv/genassym.c
[03:51:48] [spechunter] [Read] /home/yzs/riscv/freebsd-src/sys/riscv/riscv/fpe.c
[03:51:48] [spechunter] [Read] /home/yzs/riscv/freebsd-src/sys/riscv/riscv/db_interface.c
[03:51:48] [spechunter] [Grep] pattern='IRQ_VS_SOFT|IRQ_VS_TIMER|IRQ_VS_EXT|IRQ_PMU_OVF|IRQ_LOCAL_MAX|IRQ_LOCAL_MASK|VSIP_TO_HVIP_SHIFT|VSIP_VALID_MASK'
[03:51:48] [spechunter] [Grep] pattern='VSIP_VALID_MASK|VSIP_TO_HVIP_SHIFT|IRQ_LOCAL_MASK|IRQ_LOCAL_MAX|IRQ_VS'
[03:51:48] [spechunter] [Grep] pattern='SR_SUM|SR_FS_VS'
[03:51:48] [spechunter] [Grep] pattern='csrrc|csrrw|csrw.*CSR_STATUS|csrrc.*CSR_STATUS'
[03:51:48] [spechunter] [Read] /home/yzs/riscv/linux/arch/riscv/include/asm/csr.h
[03:51:50] [spechunter] [Read] /home/yzs/riscv/opensbi/lib/sbi/sbi_domain_context.c
[03:51:50] [spechunter] [Read] /home/yzs/riscv/opensbi/include/sbi/sbi_domain_context.h
[03:51:50] [spechunter] [Read] /home/yzs/riscv/opensbi/include/sbi/sbi_domain.h
[03:51:56] [spechunter] [Read] /home/yzs/riscv/opensbi/include/sbi/riscv_encoding.h
[03:51:56] [spechunter] [Read] /home/yzs/riscv/opensbi/include/sbi/riscv_encoding.h
[03:51:56] [spechunter] [Grep] pattern='aclint|ACLINT'
[03:51:56] [spechunter] [Grep] pattern='aclint|ACLINT|aclic|ACLIC'
[03:51:56] [spechunter] [Grep] pattern='IRQ_VS_SOFT|IRQ_VS_TIMER|IRQ_VS_EXT|IRQ_PMU_OVF|IRQ_LOCAL_MAX|IRQ_LOCAL_MASK|VSIP_TO_HVIP_SHIFT|VSIP_VALID_MASK'
[03:51:56] [spechunter] [Grep] pattern='SR_HSTATUS|HSTATUS_SPV|HSTATUS_SPVP|HSTATUS_VTW'
[03:51:56] [spechunter] [Grep] pattern='struct kvm_vcpu_csr'
[03:52:02] [spechunter] [Read] /home/yzs/riscv/opensbi/include/sbi/sbi_hsm.h
[03:52:02] [spechunter] [Read] /home/yzs/riscv/opensbi/lib/sbi/sbi_hsm.c
[03:52:02] [spechunter] [Read] /home/yzs/riscv/opensbi/lib/sbi/sbi_ecall_hsm.c
[03:52:02] [spechunter] [Read] /home/yzs/riscv/opensbi/lib/sbi/sbi_domain_context.c
[03:52:02] [spechunter] [Read] /home/yzs/riscv/freebsd-src/sys/riscv/include/ucontext.h
[03:52:02] [spechunter] [Read] /home/yzs/riscv/freebsd-src/sys/riscv/include/reg.h
[03:52:02] [spechunter] [Read] /home/yzs/riscv/freebsd-src/sys/riscv/include/gdb_machdep.h
[03:52:02] [spechunter] [Grep] pattern='sstatus|SSTATUS|vsstatus|VSSTATUS|mstatus'
[03:52:02] [spechunter] [Grep] pattern='intr_disable|intr_enable|intr_restore'
[03:52:02] [spechunter] [Grep] pattern='csr_read|csr_write|csr_set|csr_clear|csr_swap'
[03:52:09] [spechunter] [text] ```json {   "locations": [     {       "file_path": "include/sbi/riscv_encoding.h",       "function_name": null,       "...
[03:52:12] [spechunter] [Read] /home/yzs/riscv/opensbi/include/sbi/riscv_encoding.h
[03:52:12] [spechunter] [Grep] pattern='MIVT|mivt|CSR_307'
[03:52:12] [spechunter] [Grep] pattern='stack|Stack|STACK'
[03:52:12] [spechunter] [Grep] pattern='MIPU|SIPU|mipu|sipu|mstatus.*interrupt.*stack|interrupt.*stacking|interrupt.*nest'
[03:52:12] [spechunter] [Read] /home/yzs/riscv/opensbi/findings.json
[03:52:12] [spechunter] [Read] /home/yzs/riscv/opensbi/lib/sbi/sbi_init.c
[03:52:12] [spechunter] [Read] /home/yzs/riscv/opensbi/lib/sbi/sbi_system.c
[03:52:12] [spechunter] [Read] /home/yzs/riscv/opensbi/lib/sbi/sbi_trap.c
[03:52:12] [spechunter] [Read] /home/yzs/riscv/opensbi/lib/sbi/sbi_sse.c
[03:52:12] [spechunter] [Read] /home/yzs/riscv/opensbi/include/sbi/sbi_trap.h
[03:52:13] [spechunter] [text] {"should_skip": false, "skip_reason": "CSR field encoding change in mstatus/sstatus (MIPU/SIPU bits) that affects interr...
[03:52:16] [spechunter] [Grep] pattern='mstatus.*WARL|write_mstatus|mstatus_mask|mstatus_warl'
[03:52:16] [spechunter] [Grep] pattern='smcdeleg|counteren.*override|menvcfg|siselect|hvien'
[03:52:16] [spechunter] [Read] /home/yzs/riscv/opensbi/include/sbi/sbi_trap.h
[03:52:16] [spechunter] [Grep] pattern='mstatus'
[03:52:16] [spechunter] [Grep] pattern='mstatus'
[03:52:16] [spechunter] [Grep] pattern='mstatus'
[03:52:16] [spechunter] [Grep] pattern='sbi_domain_context_init|domain_context_init'
[03:52:21] [spechunter] [Read] /home/yzs/riscv/opensbi/firmware/fw_base.S
[03:52:21] [spechunter] [Read] /home/yzs/riscv/opensbi/platform/generic/allwinner/sun20i-d1.c
[03:52:21] [spechunter] [Read] /home/yzs/riscv/opensbi/lib/utils/hsm/fdt_hsm_andes_atcsmu.c
[03:52:21] [spechunter] [Read] /home/yzs/riscv/opensbi/lib/utils/hsm/fdt_hsm_sifive_tmc0.c
[03:52:21] [spechunter] [Read] /home/yzs/riscv/opensbi/lib/utils/hsm/fdt_hsm_spacemit.c
[03:52:21] [spechunter] [Read] /home/yzs/riscv/opensbi/lib/utils/hsm/fdt_hsm_rpmi.c
[03:52:24] [spechunter] [Read] /home/yzs/riscv/opensbi/lib/sbi/sbi_hart.c
[03:52:24] [spechunter] [Read] /home/yzs/riscv/opensbi/lib/sbi/sbi_hart.c
[03:52:24] [spechunter] [Read] /home/yzs/riscv/opensbi/lib/sbi/sbi_expected_trap.S
[03:52:24] [spechunter] [Read] /home/yzs/riscv/opensbi/firmware/fw_base.S
[03:52:24] [spechunter] [Read] /home/yzs/riscv/opensbi/firmware/fw_base.S
[03:52:24] [spechunter] [Read] /home/yzs/riscv/opensbi/firmware/fw_base.S
[03:52:24] [spechunter] [Read] /home/yzs/riscv/opensbi/include/sbi/riscv_encoding.h
[03:52:24] [spechunter] [Read] /home/yzs/riscv/opensbi/lib/sbi/sbi_unpriv.c
[03:52:24] [spechunter] [Read] /home/yzs/riscv/opensbi/lib/sbi/sbi_illegal_atomic.c
[03:52:24] [spechunter] [Read] /home/yzs/riscv/opensbi/lib/sbi/sbi_trap.c
[03:52:24] [spechunter] [Read] /home/yzs/riscv/opensbi/lib/sbi/sbi_sse.c
[03:52:24] [spechunter] [Read] /home/yzs/riscv/opensbi/lib/sbi/sbi_init.c
[03:52:29] [spechunter] [Read] /home/yzs/riscv/opensbi/findings.json
[03:52:29] [spechunter] [Read] /home/yzs/riscv/opensbi/include/sbi/riscv_encoding.h
[03:52:29] [spechunter] [Grep] pattern='TOPI|topi|ISELECT|iselect|HVICTL|hvictl|HVIEN|hvien'
[03:52:29] [spechunter] [Grep] pattern='ACLIC|aclic|SmeHV|smehv'
[03:52:32] [spechunter] [Read] /home/yzs/riscv/opensbi/firmware/fw_base.S
[03:52:32] [spechunter] [Grep] pattern='sbi_domain_context_enter|sbi_domain_context_exit'
[03:52:32] [spechunter] [Grep] pattern='sbi_domain_startup|domain_startup'
[03:52:32] [spechunter] [Read] /home/yzs/riscv/opensbi/lib/sbi/sbi_domain.c
[03:52:35] [spechunter] [Read] /home/yzs/riscv/opensbi/lib/sbi/sbi_hart.c
[03:52:35] [spechunter] [Read] /home/yzs/riscv/opensbi/lib/sbi/sbi_hart_pmp.c
[03:52:35] [spechunter] [Read] /home/yzs/riscv/opensbi/lib/utils/suspend/fdt_suspend_sifive_smc0.c
[03:52:35] [spechunter] [Read] /home/yzs/riscv/opensbi/lib/sbi/sbi_ipi.c
[03:52:35] [spechunter] [Grep] pattern='sbi_mstatus|mstatus_prev_mode|sbi_hart_switch_mode'
[03:52:37] [spechunter] [Read] /home/yzs/riscv/opensbi/findings.json
[03:52:37] [spechunter] [Read] /home/yzs/riscv/opensbi/include/sbi_utils/ipi/aclint_mswi.h
[03:52:37] [spechunter] [Read] /home/yzs/riscv/opensbi/include/sbi_utils/timer/aclint_mtimer.h
[03:52:37] [spechunter] [Read] /home/yzs/riscv/opensbi/include/sbi/riscv_encoding.h
[03:52:40] [spechunter] [Read] /home/yzs/riscv/XiangShan/smidctrl_threshold_findings.json
[03:52:43] [spechunter] [text] ```json {   "violation_condition": "QEMU exposes MIPU/SIPU bits as writable in mstatus/sstatus (once encoding is allocat...
[03:52:46] [spechunter] [Read] /home/yzs/riscv/opensbi/lib/sbi/sbi_domain.c
[03:52:46] [spechunter] [Read] /home/yzs/riscv/opensbi/lib/sbi/sbi_domain.c
[03:52:46] [spechunter] [Grep] pattern='domain_context_enter|domain_context_exit'
[03:52:50] [spechunter] [Grep] pattern='ae350_non_ret_save|IS_ANDES|is_andes'
[03:52:50] [spechunter] [Grep] pattern='SBI_HSM_SUSPEND|SBI_HSM_SUSP_NON_RET|SBI_HSM_STATE'
[03:52:50] [spechunter] [Grep] pattern='saved_mstatus|save.*mstatus|restore.*mstatus'
[03:52:51] [spechunter] [Read] /home/yzs/riscv/opensbi/lib/sbi/sbi_trap.c
[03:52:51] [spechunter] [Grep] pattern='#define CSR_MTOPI|#define CSR_MTOPEI|#define CSR_MISELECT|#define CSR_MIREG'
[03:52:51] [spechunter] [Grep] pattern='nested|nesting|preempt'
[03:52:52] [spechunter] [Read] /home/yzs/riscv/opensbi/firmware/fw_base.S
[03:52:52] [spechunter] [Read] /home/yzs/riscv/opensbi/lib/sbi/sbi_ecall_hsm.c
[03:52:52] [spechunter] [Read] /home/yzs/riscv/opensbi/lib/sbi/sbi_system.c
[03:52:52] [spechunter] [Read] /home/yzs/riscv/opensbi/lib/sbi/sbi_ecall_dbtr.c
[03:52:52] [spechunter] [Read] /home/yzs/riscv/opensbi/lib/sbi/sbi_ecall_dbcn.c
[03:52:52] [spechunter] [Read] /home/yzs/riscv/opensbi/include/sbi/sbi_trap.h
[03:52:52] [spechunter] [Read] /home/yzs/riscv/opensbi/include/sbi/riscv_fp.h
[03:52:52] [spechunter] [Read] /home/yzs/riscv/opensbi/lib/sbi/sbi_hart.c
[03:52:53] [spechunter] [Read] /home/yzs/riscv/opensbi/platform/generic/include/andes/andes.h
[03:52:53] [spechunter] [Read] /home/yzs/riscv/opensbi/platform/generic/andes/ae350.c
[03:53:04] [spechunter] [TodoWrite] 5 items
[03:53:07] [spechunter] [Grep] pattern='domain_context_enter|domain_context_exit'
[03:53:07] [spechunter] [Grep] pattern='mstatus'
[03:53:07] [spechunter] [Grep] pattern='sbi_hart_switch_mode'
[03:53:07] [spechunter] [Grep] pattern='sbi_hart_switch_mode'
[03:53:08] [spechunter] [Read] /home/yzs/riscv/opensbi/firmware/fw_base.S
[03:53:08] [spechunter] [Grep] pattern='_start_warm'
[03:53:10] [spechunter] [Grep] pattern='mipopret|sipopret'
[03:53:10] [spechunter] [Grep] pattern='MIPU|SIPU'
[03:53:10] [spechunter] [Grep] pattern='write_mstatus|rmw_mstatus|read_mstatus'
[03:53:10] [spechunter] [Grep] pattern='mstatus.*stack|sstatus.*stack'
[03:53:10] [spechunter] [Grep] pattern='SMCLIC|smclic|SMCLIC'
[03:53:10] [spechunter] [Grep] pattern='clc_save|clc_restore'
[03:53:10] [spechunter] [Grep] pattern='smstateen'
[03:53:15] [spechunter] [Read] /home/yzs/riscv/opensbi/lib/sbi/sbi_hart.c
[03:53:15] [spechunter] [Read] /home/yzs/riscv/opensbi/lib/sbi/sbi_trap.c
[03:53:15] [spechunter] [Read] /home/yzs/riscv/opensbi/lib/sbi/sbi_double_trap.c
[03:53:19] [spechunter] [Read] /home/yzs/riscv/opensbi/firmware/fw_base.S
[03:53:19] [spechunter] [Read] /home/yzs/riscv/opensbi/firmware/fw_base.S
[03:53:19] [spechunter] [Read] /home/yzs/riscv/opensbi/include/sbi/sbi_trap.h
[03:53:24] [spechunter] [Grep] pattern='SMCLIC|smclic|clc'
[03:53:24] [spechunter] [Grep] pattern='mipopret|sipopret|MIPOPRET|SIPOPRET|miporet|siporet'
[03:53:24] [spechunter] [Grep] pattern='MIPU|SIPU|mipu|sipu'
[03:53:24] [spechunter] [Grep] pattern='mstatus.*stack|smstateen|mstateen0'
[03:53:24] [spechunter] [Grep] pattern='riscv_cpu_do_interrupt'
[03:53:29] [spechunter] [text] Let me read the key mstatus functions and search more broadly for any references to MIPU/SIPU or the affected entities a...
[03:53:29] [spechunter] [Read] /home/yzs/riscv/qemu/target/riscv/csr.c
[03:53:29] [spechunter] [Grep] pattern='MIPU|SIPU|mipopret|sipopret|mipu|sipu'
[03:53:29] [spechunter] [Grep] pattern='MIPU|SIPU|mipopret|sipopret'
[03:53:29] [spechunter] [Grep] pattern='MSTATUS|mstatus'
[03:53:29] [spechunter] [Grep] pattern='xstatus|sstatus|mstatus'
[03:53:32] [spechunter] [Grep] pattern='mstatus'
[03:53:32] [spechunter] [Grep] pattern='mstatus'
[03:53:32] [spechunter] [Grep] pattern='mstatus'
[03:53:32] [spechunter] [Grep] pattern='mstatus'
[03:53:39] [spechunter] [text] ```json {   "violation_condition": "In XiangShan RTL, when MIPU (mstatus bit) or SIPU (sstatus bit) gates automatic inte...
[03:53:41] [spechunter] [Grep] pattern='smstateen|mstateen0|MSTATEEN|SMSTATEEN'
[03:53:41] [spechunter] [Grep] pattern='smstateen|mstateen0'
[03:53:41] [spechunter] [Grep] pattern='smstateen|mstateen0'
[03:53:48] [spechunter] [Read] /home/yzs/riscv/qemu/target/riscv/csr.c
[03:53:48] [spechunter] [Read] /home/yzs/riscv/qemu/target/riscv/cpu_bits.h
[03:53:48] [spechunter] [Grep] pattern='smlip|Smlip|SMlip|smLIP'
[03:53:48] [spechunter] [Grep] pattern='CSR_MIPOPRET|CSR_SIPOPRET'
[03:53:48] [spechunter] [Grep] pattern='riscv_cpu_do_interrupt'
[03:53:48] [spechunter] [Grep] pattern='mstatus.*mask|sstatus.*mask|sstatus_v1_10_mask'
[03:53:52] [spechunter] [Grep] pattern='mstatus'
[03:53:52] [spechunter] [Grep] pattern='mstatus'
[03:53:52] [spechunter] [Grep] pattern='MSTATUS|mstatus'
[03:53:52] [spechunter] [Grep] pattern='sbi_sse_process_pending_events'
[03:54:01] [spechunter] [Read] /home/yzs/riscv/qemu/target/riscv/csr.c
[03:54:01] [spechunter] [Read] /home/yzs/riscv/qemu/target/riscv/cpu_helper.c
[03:54:01] [spechunter] [Grep] pattern='MSTATUS_UIE|MSTATUS_UPIE|MSTATUS_UBE'
[03:54:01] [spechunter] [Grep] pattern='vsstatus|VSSTATUS|vsstatus'
[03:54:04] [spechunter] [TodoWrite] 6 items
[03:54:06] [spechunter] [Grep] pattern='mstatus'
[03:54:06] [spechunter] [Grep] pattern='sstatus'
[03:54:06] [spechunter] [Grep] pattern='mipopret'
[03:54:06] [spechunter] [Grep] pattern='sipopret'
[03:54:06] [spechunter] [Grep] pattern='mret'
[03:54:06] [spechunter] [Grep] pattern='sret'
[03:54:06] [spechunter] [Grep] pattern='MIPU|SIPU'
[03:54:06] [spechunter] [Grep] pattern='TrapEntry.*Event'
[03:54:11] [spechunter] [text] ```json {   "violation_condition": "sstatus.SIPU is written (via ptrace PTRACE_SETREGSET, KVM ONE_REG sstatus write, or ...
[03:54:11] [spechunter] [Grep] pattern='mipu|sipu|MIPU|SIPU|mipopret|sipopret|Smip'
[03:54:11] [spechunter] [Grep] pattern='interrupt_pending|interrupt.*update|trap.*control|state.*bits'
[03:54:11] [spechunter] [Read] /home/yzs/riscv/qemu/target/riscv/cpu.h
[03:54:19] [spechunter] [TodoWrite] 5 items
[03:54:24] [spechunter] [Grep] pattern='MIPU|SIPU|mipu|sipu'
[03:54:24] [spechunter] [Grep] pattern='mipopret|sipopret'
[03:54:24] [spechunter] [Grep] pattern='TrapEntry.*Event|TrapEntryEvent'
[03:54:25] [spechunter] [Grep] pattern='automatic.*stack|auto.*stack|stack.*save|stack.*restore'
[03:54:27] [spechunter] [TodoWrite] 6 items
[03:54:28] [spechunter] [Grep] pattern='sstatus'
[03:54:28] [spechunter] [Grep] pattern='mstatus'
[03:54:28] [spechunter] [Grep] pattern='SIPU|MIPU'
[03:54:28] [spechunter] [Grep] pattern='CSR_STATUS|sstatus.*='
[03:54:29] [spechunter] [Read] /home/yzs/riscv/opensbi/firmware/fw_base.S
[03:54:29] [spechunter] [Read] /home/yzs/riscv/opensbi/lib/sbi/sbi_sse.c
[03:54:29] [spechunter] [Read] /home/yzs/riscv/opensbi/lib/sbi/sbi_sse.c
[03:54:33] [spechunter] [Grep] pattern='riscv_cpu_interrupt'
[03:54:33] [spechunter] [Grep] pattern='MSTATUS_.*mask|sstatus.*writable|mstatus.*legal'
[03:54:33] [spechunter] [Read] /home/yzs/riscv/qemu/target/riscv/csr.c
[03:54:38] [spechunter] [text] SMCLIC/Smip is not yet implemented in this QEMU. Now let me trace the mstatus write helpers and interrupt paths to under...
[03:54:38] [spechunter] [Grep] pattern='write_mstatus|MSTATUS_.*WLRL|mstatus.*write_mask|mstatus.*wr_mask'
[03:54:38] [spechunter] [Grep] pattern='MSTATUS'
[03:54:38] [spechunter] [Grep] pattern='riscv_cpu_do_interrupt'
[03:54:42] [spechunter] [Read] /home/yzs/riscv/opensbi/lib/sbi/sbi_sse.c
[03:54:42] [spechunter] [Read] /home/yzs/riscv/opensbi/firmware/fw_base.S
[03:54:42] [spechunter] [Grep] pattern='csr_write.*MSTATUS|csrw.*mstatus|csrs.*mstatus'
[03:54:46] [spechunter] [Read] /home/yzs/riscv/qemu/target/riscv/cpu_helper.c
[03:54:46] [spechunter] [Read] /home/yzs/riscv/qemu/target/riscv/csr.c
[03:54:47] [spechunter] [Read] /home/yzs/riscv/linux/arch/riscv/kernel/entry.S
[03:54:47] [spechunter] [Grep] pattern='SIPU|MIPU'
[03:54:47] [spechunter] [Grep] pattern='sstatus|CSR_STATUS|SR_'
[03:54:50] [spechunter] [Read] /home/yzs/riscv/opensbi/firmware/fw_base.S
[03:54:50] [spechunter] [Read] /home/yzs/riscv/opensbi/lib/sbi/sbi_sse.c
[03:54:50] [spechunter] [Grep] pattern='sse_event_check_inject'
[03:54:54] [spechunter] [Read] /home/yzs/riscv/qemu/target/riscv/cpu_helper.c
[03:54:54] [spechunter] [Grep] pattern='mret|sret|MRET|SRET|mstatus'
[03:54:55] [spechunter] [Read] /home/yzs/riscv/qemu/target/riscv/cpu_helper.c
[03:54:55] [spechunter] [Grep] pattern='mstatus.*MSTATUS_UIE|mstatus.*UPIE|mstatus.*UBE'
[03:54:55] [spechunter] [Grep] pattern='ext_sm|ext_s[sm]'
[03:54:56] [spechunter] [Grep] pattern='Smip|smip|SMIP'
[03:54:56] [spechunter] [Glob] **/aclic.adoc
[03:54:56] [spechunter] [Read] /home/yzs/riscv/XiangShan/src/main/scala/xiangshan/backend/fu/NewCSR/CSREvents/TrapEntryMEvent.scala
[03:54:56] [spechunter] [Read] /home/yzs/riscv/XiangShan/src/main/scala/xiangshan/backend/fu/NewCSR/CSREvents/TrapEntryHSEvent.scala
[03:55:02] [spechunter] [Grep] pattern='mstatus|MSTATUS'
[03:55:02] [spechunter] [Read] /home/yzs/riscv/opensbi/lib/sbi/sbi_trap.c
[03:55:02] [spechunter] [text] Now let me trace the write paths for sstatus through ptrace, KVM, and other kernel paths.  
[03:55:02] [spechunter] [Grep] pattern='PTRACE_SETREGSET|ptrace.*setregset|setregset'
[03:55:02] [spechunter] [Grep] pattern='sstatus|CSR_STATUS|SR_SIPU|SR_MIPU'
[03:55:02] [spechunter] [Grep] pattern='CSR_STATUS|sstatus|KVM_REG_RISCV'
[03:55:03] [spechunter] [Grep] pattern='mstatus|MIPU|SIPU|mipopret|sipopret'
[03:55:03] [spechunter] [Grep] pattern='mstatus|sstatus|MIPU|SIPU|mipopret|sipopret'
[03:55:03] [spechunter] [Grep] pattern='mstatus|sstatus|MIPU|SIPU|mipopret|sipopret|mret|sret'
[03:55:03] [spechunter] [Grep] pattern='mstatus|sstatus|MIPU|SIPU|mipopret|sipopret'
[03:55:03] [spechunter] [Grep] pattern='mstatus|sstatus|MIPU|SIPU|mipopret|sipopret'
[03:55:03] [spechunter] [Grep] pattern='mstatus|sstatus|MIPU|SIPU|mipopret|sipopret'
[03:55:03] [spechunter] [Grep] pattern='mstatus|sstatus|MIPU|SIPU|mipopret|sipopret'
[03:55:03] [spechunter] [Grep] pattern='mstatus|sstatus|MIPU|SIPU|mipopret|sipopret'
[03:55:03] [spechunter] [Grep] pattern='mstatus|sstatus|MIPU|SIPU|mipopret|sipopret'
[03:55:03] [spechunter] [Grep] pattern='mstatus|sstatus|MIPU|SIPU|mipopret|sipopret'
[03:55:03] [spechunter] [Grep] pattern='mstatus|sstatus|MIPU|SIPU|mipopret|sipopret'
[03:55:03] [spechunter] [Grep] pattern='mstatus|sstatus|MIPU|SIPU|mipopret|sipopret'
[03:55:05] [spechunter] [Grep] pattern='lip|Smip|SMIP'
[03:55:05] [spechunter] [Grep] pattern='mipopret|sipopret|MIPOPRET|SIPOPRET'
[03:55:05] [spechunter] [Grep] pattern='mipopret|sipopret'
[03:55:05] [spechunter] [Grep] pattern='mipopret|sipopret'
[03:55:09] [spechunter] [text] Now let me read the full sret and mret helpers and check migration/KVM/GDB paths.  
[03:55:09] [spechunter] [Read] /home/yzs/riscv/qemu/target/riscv/op_helper.c
[03:55:09] [spechunter] [Grep] pattern='mstatus|smstateen|mstateen'
[03:55:09] [spechunter] [Grep] pattern='mstatus|KVM_RISCV_CSR'
[03:55:09] [spechunter] [Grep] pattern='gdb_read_register|gdb_write_register|csr.*gdb|gdb.*csr'
[03:55:10] [spechunter] [Grep] pattern='CSR_MSTATUS|CSR_SSTATUS'
[03:55:10] [spechunter] [Grep] pattern='MIPU|SIPU'
[03:55:10] [spechunter] [Grep] pattern='MIPU|SIPU'
[03:55:10] [spechunter] [Grep] pattern='MIPU|SIPU'
[03:55:10] [spechunter] [Grep] pattern='CSR_MIP|CSR_SIP|MIP_|SIP_'
[03:55:10] [spechunter] [Grep] pattern='pt_regs.*status|user_regs_struct.*status|PTRACE_SETREGSET'
[03:55:13] [spechunter] [Grep] pattern='MstatusBundle|class.*Mstatus'
[03:55:13] [spechunter] [Grep] pattern='class.*Sstatus|SstatusBundle'
[03:55:13] [spechunter] [Grep] pattern='interrupt.*stack|stack.*interrupt|mipopret|sipopret|auto.*save|save.*auto'
[03:55:13] [spechunter] [Glob] **/*aclic*
[03:55:13] [spechunter] [Glob] **/CSRBundles*
[03:55:14] [spechunter] [Grep] pattern='mstatus'
[03:55:14] [spechunter] [Read] /home/yzs/riscv/opensbi/include/sbi/sbi_domain_data.h
[03:55:14] [spechunter] [Grep] pattern='mstatus'
[03:55:16] [spechunter] [text] Now let me look deeper into the key files to understand mstatus bundle definitions, MIPU/SIPU fields, and the trap entry...
[03:55:16] [spechunter] [Grep] pattern='class MstatusBundle|class SstatusBundle|object MstatusBundle|object SstatusBundle'
[03:55:16] [spechunter] [Grep] pattern='class MstatusModule|class MstatusBundle'
[03:55:16] [spechunter] [Grep] pattern='class TrapEntryMEvent|class TrapEntryHSEvent|class TrapEntryVSEvent|class TrapEntryDEvent|class TrapEntryMNEvent'
[03:55:16] [spechunter] [Grep] pattern='class MretEventModule|class SretEventModule|class DretEventModule|class MNretEventModule'
[03:55:16] [spechunter] [Grep] pattern='MIPU|SIPU|mipopret|sipopret|Interrupt.*pending.*operation|auto.?save.*interrupt'
[03:55:20] [spechunter] [Grep] pattern='class MstatusBundle|MstatusBundle extends|mstatus|Mstatus'
[03:55:20] [spechunter] [Grep] pattern='class SstatusBundle|SstatusBundle extends|sstatus|Sstatus'
[03:55:25] [spechunter] [text] Now let me read the critical files in detail.  
[03:55:25] [spechunter] [Read] /home/yzs/riscv/linux/arch/riscv/kernel/ptrace.c
[03:55:25] [spechunter] [Read] /home/yzs/riscv/linux/arch/riscv/kvm/vcpu_onereg.c
[03:55:25] [spechunter] [Read] /home/yzs/riscv/linux/arch/riscv/kernel/entry.S
[03:55:27] [spechunter] [Read] /home/yzs/riscv/qemu/target/riscv/gdbstub.c
[03:55:27] [spechunter] [Grep] pattern='KVM_CSR_CFG'
[03:55:27] [spechunter] [Grep] pattern='sstatus|SSTATUS|write_sstatus|read_sstatus'
[03:55:27] [spechunter] [Grep] pattern='mstatus_hs|vsstatus|hstatus'
[03:55:28] [spechunter] [Grep] pattern='MIPU|SIPU'
[03:55:28] [spechunter] [Grep] pattern='csr[wcrs].*CSR_STATUS|csr_read.*CSR_STATUS|csr_write.*CSR_STATUS|csr_set.*CSR_STATUS|csr_clear.*CSR_STATUS'
[03:55:28] [spechunter] [Grep] pattern='SR_UXL|SR_SUM|SR_SPP|SR_SPIE|SR_SIE|SR_FS|SR_VS|SR_IE'
[03:55:28] [spechunter] [Grep] pattern='PTRACE_SETREGSET|PTRACE_GETREGSET|PTRACE_GETREGS|PTRACE_SETREGS'
[03:55:32] [spechunter] [text] Let me now read the key sections where mstatus fields are defined and check for MIPU/SIPU or any interrupt-pending state...
[03:55:32] [spechunter] [Read] /home/yzs/riscv/XiangShan/src/main/scala/xiangshan/backend/fu/NewCSR/MachineLevel.scala
[03:55:32] [spechunter] [Read] /home/yzs/riscv/XiangShan/src/main/scala/xiangshan/backend/fu/NewCSR/SupervisorLevel.scala
[03:55:32] [spechunter] [Read] /home/yzs/riscv/XiangShan/src/main/scala/xiangshan/backend/fu/NewCSR/CSREvents/CSREvent.scala
[03:55:33] [spechunter] [Bash] List NewCSR directory
[03:55:33] [spechunter] [Glob] **/CSRBundle*.scala
[03:55:42] [spechunter] [text] Now let me trace deeper into the KVM CSR register mapping and the entry.S restore path.  
[03:55:42] [spechunter] [Grep] pattern='sstatus|vsstatus'
[03:55:42] [spechunter] [Grep] pattern='struct kvm_riscv_csr'
[03:55:42] [spechunter] [Grep] pattern='SR_SIPU|SR_MIPU|_SIPU|_MIPU'
[03:55:43] [spechunter] [Read] /home/yzs/riscv/linux/arch/riscv/include/asm/csr.h
[03:55:43] [spechunter] [Grep] pattern='IRQ_S_|IRQ_VS_|IRQ_M_'
[03:55:43] [spechunter] [Grep] pattern='trap.*sstatus|handle.*exception|do_trap|handle_exception'
[03:55:43] [spechunter] [Grep] pattern='pt_regs.*status'
[03:55:43] [spechunter] [text] ```json {   "violation_condition": "SSTATUS_SIPU (sstatus bit 16) is set in hardware when a supervisor-level interrupt t...
[03:55:45] [spechunter] [Read] /home/yzs/riscv/qemu/target/riscv/csr.c
[03:55:45] [spechunter] [Read] /home/yzs/riscv/qemu/target/riscv/cpu_bits.h
[03:55:45] [spechunter] [Grep] pattern='riscv_csrrw_debug'
[03:55:51] [spechunter] [text] Let me also check some key files around exception entry and CSR definitions more closely.  
[03:55:51] [spechunter] [Read] /home/yzs/riscv/linux/arch/riscv/kernel/traps.c
[03:55:51] [spechunter] [Read] /home/yzs/riscv/linux/arch/riscv/kernel/entry.S
[03:55:51] [spechunter] [Read] /home/yzs/riscv/linux/arch/riscv/include/asm/csr.h
[03:55:51] [spechunter] [Read] /home/yzs/riscv/linux/arch/riscv/include/asm/csr.h
[03:55:53] [spechunter] [Read] /home/yzs/riscv/XiangShan/src/main/scala/xiangshan/backend/fu/NewCSR/CSRBundles.scala
[03:55:53] [spechunter] [Read] /home/yzs/riscv/XiangShan/src/main/scala/xiangshan/backend/fu/NewCSR/CSRBundle.scala
[03:55:53] [spechunter] [Read] /home/yzs/riscv/qemu/target/riscv/csr.c
[03:55:53] [spechunter] [Read] /home/yzs/riscv/qemu/target/riscv/csr.c
[03:55:53] [spechunter] [Grep] pattern='mstatus.*=.*0|mstatus.*reset|reset.*mstatus'
[03:55:53] [spechunter] [Grep] pattern='mstatus'
[03:55:55] [spechunter] [Grep] pattern='SIPU|MIPU'
[03:55:55] [spechunter] [Grep] pattern='struct kvm_riscv_csr'
[03:55:55] [spechunter] [Grep] pattern='struct kvm_cpu_context'
[03:55:56] [spechunter] [Read] /home/yzs/riscv/XiangShan/src/main/scala/xiangshan/backend/fu/NewCSR/TrapHandleModule.scala
[03:55:56] [spechunter] [Read] /home/yzs/riscv/XiangShan/src/main/scala/xiangshan/backend/fu/NewCSR/InterruptFilter.scala
[03:55:56] [spechunter] [Grep] pattern='CSRs\\.(mstatus|sstatus|mipopret|sipopret)'
[03:55:56] [spechunter] [Grep] pattern='mstatus|sstatus|MIPU|SIPU|mipopret|sipopret'
[03:55:56] [spechunter] [Read] /home/yzs/riscv/XiangShan/src/main/scala/xiangshan/backend/fu/NewCSR/CSREvents/TrapEntryMEvent.scala
[03:55:56] [spechunter] [Read] /home/yzs/riscv/XiangShan/src/main/scala/xiangshan/backend/fu/NewCSR/CSREvents/TrapEntryHSEvent.scala
[03:56:00] [spechunter] [text] ```json {   "locations": [     {       "file_path": "target/riscv/cpu_bits.h",       "function_name": null,       "line_...
[03:56:03] [spechunter] [Grep] pattern='class.*Mstatus|class.*Sstatus'
[03:56:08] [spechunter] [Read] /home/yzs/riscv/qemu/target/riscv/cpu.c
[03:56:08] [spechunter] [Read] /home/yzs/riscv/qemu/target/riscv/cpu_bits.h
[03:56:08] [spechunter] [Grep] pattern='smstateen|ext_smstateen'
[03:56:10] [spechunter] [Grep] pattern='CSR_MSTATUS'
[03:56:10] [spechunter] [Grep] pattern='sip|mip'
[03:56:10] [spechunter] [Grep] pattern='regs->status'
[03:56:11] [spechunter] [text] No SIPU/MIPU defines exist in this tree — confirming this is a new hardware feature without kernel support. Now let me t...
[03:56:11] [spechunter] [TodoWrite] 7 items
[03:56:12] [spechunter] [Grep] pattern='sstatus'
[03:56:12] [spechunter] [Grep] pattern='mstatus'
[03:56:12] [spechunter] [Grep] pattern='sipopret'
[03:56:12] [spechunter] [Grep] pattern='sstatus|mstatus'
[03:56:12] [spechunter] [Grep] pattern='sstatus|mstatus'
[03:56:15] [spechunter] [text] Now let me check for any CLIC/ACLIC-related configurations or pending implementations, and also search for the `smstatee...
[03:56:15] [spechunter] [Grep] pattern='write_mstateen\\b|write_sstateen\\b|write_hstateen\\b'
[03:56:15] [spechunter] [Read] /home/yzs/riscv/qemu/target/riscv/csr.c
[03:56:15] [spechunter] [Grep] pattern='write_mstateen0\\b'
[03:56:17] [spechunter] [Read] /home/yzs/riscv/XiangShan/src/main/scala/xiangshan/backend/fu/NewCSR/MachineLevel.scala
[03:56:17] [spechunter] [Read] /home/yzs/riscv/XiangShan/src/main/scala/xiangshan/backend/fu/NewCSR/SupervisorLevel.scala
[03:56:19] [spechunter] [Read] /home/yzs/riscv/linux/arch/riscv/include/asm/csr.h
[03:56:19] [spechunter] [Read] /home/yzs/riscv/linux/arch/riscv/kernel/traps.c
[03:56:19] [spechunter] [Grep] pattern='SR_'
[03:56:19] [spechunter] [text] Now let me check the CSR address definitions and look for interrupt pending bundle definitions that might contain MIPU/S...
[03:56:19] [spechunter] [Grep] pattern='mstatus|sstatus|0x300|0x100'
[03:56:19] [spechunter] [Grep] pattern='class InterruptPendingBundle|class InterruptEnableBundle|class IpValidBundle'
[03:56:19] [spechunter] [Grep] pattern='mstatus|sstatus|mret|sret|MIPU|SIPU|mipopret|sipopret'
[03:56:19] [spechunter] [Grep] pattern='mstatus|mret|sret'
[03:56:19] [spechunter] [Grep] pattern='mstatus|sstatus|mret|sret'
[03:56:20] [spechunter] [Grep] pattern='csr[wrs].*CSR_STATUS|csr[wrs].*sstatus'
[03:56:20] [spechunter] [Grep] pattern='->status\\s*=|regs->status\\s*=|\\.status\\s*=\\s*SR_'
[03:56:20] [spechunter] [Grep] pattern='sstatus\\s*='
[03:56:22] [spechunter] [Read] /home/yzs/riscv/qemu/target/riscv/csr.c
[03:56:22] [spechunter] [Grep] pattern='mstatus|smstateen|vsstatus|hstateen|sstateen'
[03:56:22] [spechunter] [Read] /home/yzs/riscv/qemu/target/riscv/machine.c
[03:56:23] [spechunter] [TodoWrite] 8 items
[03:56:26] [spechunter] [TodoWrite] 6 items
[03:56:32] [spechunter] [Read] /home/yzs/riscv/linux/arch/riscv/kernel/process.c
[03:56:32] [spechunter] [Read] /home/yzs/riscv/linux/arch/riscv/include/asm/switch_to.h
[03:56:32] [spechunter] [Read] /home/yzs/riscv/linux/arch/riscv/kvm/vcpu_exit.c
[03:56:33] [spechunter] [text] Let me now look at the MRET/SRET event modules and the old CSR file, plus search for any interrupt-related gating logic....
[03:56:33] [spechunter] [Read] /home/yzs/riscv/XiangShan/src/main/scala/xiangshan/backend/fu/NewCSR/CSREvents/MretEvent.scala
[03:56:33] [spechunter] [Read] /home/yzs/riscv/XiangShan/src/main/scala/xiangshan/backend/fu/NewCSR/CSREvents/SretEvent.scala
[03:56:33] [spechunter] [Read] /home/yzs/riscv/XiangShan/src/main/scala/xiangshan/backend/fu/NewCSR/CSREvents/CSREvent.scala
[03:56:34] [spechunter] [Read] /home/yzs/riscv/XiangShan/src/main/scala/xiangshan/backend/fu/NewCSR/InterruptBundle.scala
[03:56:34] [spechunter] [Read] /home/yzs/riscv/XiangShan/src/main/scala/xiangshan/backend/fu/NewCSR/InterruptBundle.scala
[03:56:38] [spechunter] [Read] /home/yzs/riscv/qemu/target/riscv/kvm/kvm-cpu.c
[03:56:38] [spechunter] [Grep] pattern='RISCV_CSR_REG'
[03:56:38] [spechunter] [Grep] pattern='aclic|clic|smclc|CLIC|SMCLC|ACLIC|CLC'
[03:56:40] [spechunter] [Read] /home/yzs/riscv/XiangShan/src/main/scala/xiangshan/backend/fu/CSR.scala
[03:56:40] [spechunter] [Read] /home/yzs/riscv/XiangShan/src/main/scala/xiangshan/backend/fu/NewCSR/CSREvents/TrapEntryMNEvent.scala
[03:56:40] [spechunter] [Grep] pattern='Smip|Smclic|Smcdeleg|smip|smclic|smcdeleg'
[03:56:40] [spechunter] [text] Let me start with broad searches across the codebase for all the vulnerability pattern signatures.  
[03:56:40] [spechunter] [Grep] pattern='csrw\\s+sstatus|csr_write\\(sstatus'
[03:56:40] [spechunter] [Grep] pattern='SSTATUS_SIE|SSTATUS_FS_MASK|SSTATUS_SPP|SSTATUS_SPIE|SSTATUS_UXL'
[03:56:40] [spechunter] [Grep] pattern='SSTATUS_SD|SSTATUS_XS|SSTATUS_SUM|SSTATUS_MXR'
[03:56:40] [spechunter] [Grep] pattern='set_mcontext|mcontext_t'
[03:56:41] [spechunter] [Grep] pattern='sipopret'
[03:56:41] [spechunter] [Grep] pattern='SSTATUS_SD|SSTATUS_XS'
[03:56:41] [spechunter] [Grep] pattern='set_mcontext'
[03:56:41] [spechunter] [Grep] pattern='csr_write\\(sstatus|csrw\\s+sstatus'
[03:56:41] [spechunter] [Grep] pattern='SSTATUS_SIE|SSTATUS_FS_MASK|SSTATUS_SPIE|SSTATUS_SPP'
[03:56:41] [spechunter] [Grep] pattern='sstatus|mstatus'
[03:56:47] [spechunter] [Read] /home/yzs/riscv/linux/arch/riscv/kernel/entry.S
[03:56:47] [spechunter] [Grep] pattern='pt_regs.*status|regs.*status|PT_STATUS'
[03:56:47] [spechunter] [Read] /home/yzs/riscv/linux/arch/riscv/include/uapi/asm/kvm.h
[03:56:49] [spechunter] [Grep] pattern='Smip|Smclic|Smcdeleg|smip|smclic|smcdeleg'
[03:56:49] [spechunter] [Grep] pattern='mipopret|sipopret|MIPOPRET|SIPOPRET'
[03:56:49] [spechunter] [Grep] pattern='CSRFields\\.scala'
[03:56:53] [spechunter] [text] Now let me trace the specific HSM suspend/resume paths and read the key files to confirm the vulnerability locations.  
[03:56:53] [spechunter] [TodoWrite] 6 items
[03:56:53] [spechunter] [text] Let me do a few final verifications.  
[03:56:53] [spechunter] [Grep] pattern='mstatus|sstatus|mret|sret'
[03:56:53] [spechunter] [Grep] pattern='mstatus|sstatus|mret|sret'
[03:56:53] [spechunter] [Grep] pattern='mstatus|sstatus|mret|sret'
[03:56:53] [spechunter] [Grep] pattern='mstatus|sstatus|mret|sret'
[03:56:53] [spechunter] [Grep] pattern='mstatus|sstatus|mret|sret'
[03:56:53] [spechunter] [Grep] pattern='mipopret|sipopret|MIPU|SIPU|Mipo|Sipo|mip_opret|sip_opret'
[03:56:53] [spechunter] [Read] /home/yzs/riscv/XiangShan/src/main/scala/xiangshan/backend/fu/NewCSR/CSRDocDump.scala
[03:56:54] [spechunter] [Read] /home/yzs/riscv/freebsd-src/sys/riscv/riscv/exception.S
[03:56:54] [spechunter] [Read] /home/yzs/riscv/freebsd-src/sys/riscv/riscv/swtch.S
[03:56:54] [spechunter] [Read] /home/yzs/riscv/freebsd-src/sys/riscv/include/riscvreg.h
[03:56:56] [spechunter] [text] Let me get more context on the key locations.  
[03:56:56] [spechunter] [Read] /home/yzs/riscv/freebsd-src/sys/riscv/include/riscvreg.h
[03:56:56] [spechunter] [Read] /home/yzs/riscv/freebsd-src/sys/riscv/riscv/exec_machdep.c
[03:56:56] [spechunter] [Read] /home/yzs/riscv/freebsd-src/sys/riscv/riscv/trap.c
[03:56:56] [spechunter] [Read] /home/yzs/riscv/freebsd-src/sys/riscv/riscv/trap.c
[03:56:56] [spechunter] [Read] /home/yzs/riscv/freebsd-src/sys/riscv/riscv/trap.c
[03:56:56] [spechunter] [Read] /home/yzs/riscv/freebsd-src/sys/riscv/riscv/trap.c
[03:57:01] [spechunter] [Grep] pattern='MIPU|SIPU|mipu|sipu'
[03:57:01] [spechunter] [Grep] pattern='MIPU|SIPU|mipu|sipu'
[03:57:01] [spechunter] [Grep] pattern='MIPU|SIPU|mipu|sipu'
[03:57:04] [spechunter] [Read] /home/yzs/riscv/opensbi/lib/sbi/sbi_hart.c
[03:57:04] [spechunter] [Read] /home/yzs/riscv/opensbi/lib/sbi/sbi_hart.c
[03:57:04] [spechunter] [Read] /home/yzs/riscv/opensbi/lib/sbi/sbi_domain_context.c
[03:57:05] [spechunter] [text] Now I have the full picture. Here is the JSON report:  ```json {   "locations": [     {       "file_path": "arch/riscv/i...
[03:57:05] [spechunter] [text] Now I have a comprehensive picture. Let me verify a few more specific spots for the CSR table registration and missing C...
[03:57:05] [spechunter] [Grep] pattern='CSR_MSTATUS|CSR_SSTATUS|CSR_MIPOPRET|CSR_SIPOPRET'
[03:57:05] [spechunter] [Grep] pattern='xstatus|XSTATUS'
[03:57:05] [spechunter] [Read] /home/yzs/riscv/qemu/target/riscv/csr.c
[03:57:06] [spechunter] [text] Now let me check signal handling, seccomp, and the KVM context structure.  
[03:57:06] [spechunter] [Read] /home/yzs/riscv/linux/arch/riscv/kernel/signal.c
[03:57:06] [spechunter] [Grep] pattern='struct kvm_cpu_context'
[03:57:07] [spechunter] [Grep] pattern='MIPU|SIPU|mipopret|sipopret'
[03:57:07] [spechunter] [Read] /home/yzs/riscv/XiangShan/src/main/scala/xiangshan/backend/fu/NewCSR/CSREvents/DretEvent.scala
[03:57:07] [spechunter] [Grep] pattern='mstatus|sstatus|MIPU|SIPU|mipopret|sipopret|MDT|SDT|mdtInit'
[03:57:07] [spechunter] [Read] /home/yzs/riscv/freebsd-src/sys/riscv/riscv/exception.S
[03:57:07] [spechunter] [Read] /home/yzs/riscv/freebsd-src/sys/riscv/riscv/vm_machdep.c
[03:57:07] [spechunter] [Read] /home/yzs/riscv/freebsd-src/sys/riscv/riscv/swtch.S
[03:57:07] [spechunter] [Read] /home/yzs/riscv/freebsd-src/sys/riscv/riscv/swtch.S
[03:57:07] [spechunter] [Read] /home/yzs/riscv/freebsd-src/sys/riscv/riscv/swtch.S
[03:57:07] [spechunter] [Read] /home/yzs/riscv/freebsd-src/sys/riscv/riscv/fpe.c
[03:57:09] [spechunter] [text] Now let me look at the HSM suspend/resume implementation.  
[03:57:09] [spechunter] [Grep] pattern='sbi_hsm_hart_suspend|sbi_hsm_hart_resume|hsm_suspend|hsm_resume'
[03:57:09] [spechunter] [Read] /home/yzs/riscv/opensbi/lib/sbi/sbi_system.c
[03:57:09] [spechunter] [Read] /home/yzs/riscv/freebsd-src/sys/riscv/riscv/trap.c
[03:57:09] [spechunter] [Read] /home/yzs/riscv/freebsd-src/sys/riscv/riscv/exec_machdep.c
[03:57:09] [spechunter] [Read] /home/yzs/riscv/freebsd-src/sys/riscv/riscv/vm_machdep.c
[03:57:11] [spechunter] [Read] /home/yzs/riscv/XiangShan/src/main/scala/xiangshan/backend/fu/NewCSR/CSRDefines.scala
[03:57:11] [spechunter] [Grep] pattern='class.*Interrupt|class.*Intr|class.*Eip|class.*Ipid'
[03:57:12] [spechunter] [Grep] pattern='mdtInit'
[03:57:12] [spechunter] [Grep] pattern='TrapEntryMEventSinkBundle|TrapEntryHSEventSinkBundle|MretEventSinkBundle|SretEventSinkBundle|DretEventSinkBundle|MNretEventSinkBundle'
[03:57:14] [spechunter] [text] Now let me trace the KVM CSR save/restore to hardware and the context-switch assembly path.  
[03:57:14] [spechunter] [Grep] pattern='struct kvm_vcpu_csr'
[03:57:14] [spechunter] [Read] /home/yzs/riscv/linux/arch/riscv/kvm/vcpu.c
[03:57:14] [spechunter] [Grep] pattern='__switch_to|__switch_to_asm'
[03:57:17] [spechunter] [Read] /home/yzs/riscv/opensbi/lib/sbi/sbi_hsm.c
[03:57:18] [spechunter] [Read] /home/yzs/riscv/XiangShan/src/main/scala/xiangshan/backend/fu/NewCSR/InterruptBundle.scala
[03:57:18] [spechunter] [Read] /home/yzs/riscv/XiangShan/src/main/scala/xiangshan/backend/fu/NewCSR/InterruptFilter.scala
[03:57:20] [spechunter] [Grep] pattern='__switch_to_asm|__switch_to'
[03:57:20] [spechunter] [Grep] pattern='kvm_arch_vcpu_ioctl_run|kvm_riscv_vcpu_enter_exit|__kvm_riscv_switch_to'
[03:57:22] [spechunter] [Read] /home/yzs/riscv/freebsd-src/sys/riscv/riscv/machdep.c
[03:57:22] [spechunter] [Read] /home/yzs/riscv/freebsd-src/sys/cddl/dev/kinst/riscv/kinst_isa.c
[03:57:22] [spechunter] [Read] /home/yzs/riscv/freebsd-src/sys/cddl/dev/dtrace/riscv/dtrace_asm.S
[03:57:22] [spechunter] [Read] /home/yzs/riscv/freebsd-src/sys/riscv/vmm/vmm_riscv.c
[03:57:22] [spechunter] [Read] /home/yzs/riscv/freebsd-src/sys/riscv/vmm/vmm_riscv.c
[03:57:22] [spechunter] [Read] /home/yzs/riscv/freebsd-src/sys/riscv/riscv/exec_machdep.c
[03:57:22] [spechunter] [Read] /home/yzs/riscv/opensbi/lib/sbi/sbi_init.c
[03:57:22] [spechunter] [Read] /home/yzs/riscv/opensbi/firmware/fw_base.S
[03:57:22] [spechunter] [Read] /home/yzs/riscv/opensbi/firmware/fw_base.S
[03:57:26] [spechunter] [TodoWrite] 6 items
[03:57:27] [spechunter] [Grep] pattern='sbi_hart_reinit'
[03:57:27] [spechunter] [Read] /home/yzs/riscv/opensbi/firmware/fw_base.S
[03:57:29] [spechunter] [TodoWrite] 5 items
[03:57:30] [spechunter] [Read] /home/yzs/riscv/freebsd-src/sys/riscv/riscv/exception.S
[03:57:30] [spechunter] [Read] /home/yzs/riscv/freebsd-src/sys/riscv/vmm/vmm_switch.S
[03:57:30] [spechunter] [Read] /home/yzs/riscv/freebsd-src/sys/riscv/vmm/vmm_switch.S
[03:57:30] [spechunter] [Read] /home/yzs/riscv/freebsd-src/sys/riscv/include/encoding.h
[03:57:30] [spechunter] [Read] /home/yzs/riscv/freebsd-src/sys/riscv/riscv/exec_machdep.c
[03:57:31] [spechunter] [Read] /home/yzs/riscv/opensbi/lib/sbi/sbi_hart.c
[03:57:31] [spechunter] [Read] /home/yzs/riscv/opensbi/include/sbi/riscv_encoding.h
[03:57:31] [spechunter] [TodoWrite] 8 items
[03:57:34] [spechunter] [Read] /home/yzs/riscv/linux/arch/riscv/kvm/vcpu_switch.S
[03:57:34] [spechunter] [Read] /home/yzs/riscv/linux/arch/riscv/kernel/entry.S
[03:57:34] [spechunter] [Grep] pattern='regs_to_cregs|cregs_to_regs|compat_user_regs_struct'
[03:57:36] [spechunter] [text] Now let me check the full `sbi_hsm_hart_suspend` function and the warm boot path.  
[03:57:36] [spechunter] [Read] /home/yzs/riscv/opensbi/lib/sbi/sbi_hsm.c
[03:57:36] [spechunter] [Read] /home/yzs/riscv/opensbi/include/sbi/sbi_trap.h
[03:57:37] [spechunter] [text] Now let me look at the bhyve/vmm RISC-V support, DTrace, and the fpe.c files.  
[03:57:37] [spechunter] [Read] /home/yzs/riscv/freebsd-src/sys/riscv/vmm/vmm_riscv.c
[03:57:37] [spechunter] [Read] /home/yzs/riscv/freebsd-src/sys/riscv/riscv/fpe.c
[03:57:37] [spechunter] [Read] /home/yzs/riscv/freebsd-src/sys/cddl/dev/dtrace/riscv/dtrace_asm.S
[03:57:37] [spechunter] [Read] /home/yzs/riscv/freebsd-src/sys/cddl/dev/kinst/riscv/kinst_isa.c
[03:57:39] [spechunter] [Read] /home/yzs/riscv/linux/arch/riscv/include/asm/compat.h
[03:57:39] [spechunter] [Read] /home/yzs/riscv/linux/arch/riscv/kvm/vcpu.c
[03:57:39] [spechunter] [Read] /home/yzs/riscv/XiangShan/src/main/scala/xiangshan/backend/fu/NewCSR/CSREvents/TrapEntryDEvent.scala
[03:57:39] [spechunter] [Read] /home/yzs/riscv/XiangShan/src/main/scala/xiangshan/backend/fu/NewCSR/CSREvents/TrapEntryVSEvent.scala
[03:57:39] [spechunter] [Grep] pattern='mstatus.*bit|sstatus.*bit|mstatus.*field|sstatus.*field|unallocated.*mstatus|unallocated.*sstatus'
[03:57:44] [spechunter] [text] Let me check the TrapHandleModule and NewCSR.scala for the overall trap flow and how the events are wired together.  
[03:57:44] [spechunter] [Read] /home/yzs/riscv/XiangShan/src/main/scala/xiangshan/backend/fu/NewCSR/TrapHandleModule.scala
[03:57:46] [spechunter] [text] Let me check the pt_regs structure definition and the seccomp path.  
[03:57:46] [spechunter] [Grep] pattern='struct pt_regs\\b'
[03:57:46] [spechunter] [Grep] pattern='struct user_regs_struct'
[03:57:51] [spechunter] [Grep] pattern='struct pt_regs'
[03:57:51] [spechunter] [Read] /home/yzs/riscv/linux/arch/riscv/include/asm/asm-prototypes.h
[03:57:59] [spechunter] [text] Let me check the full pt_regs structure and seccomp path.    
[03:57:59] [spechunter] [Read] /home/yzs/riscv/linux/arch/riscv/include/asm/ptrace.h
[03:57:59] [spechunter] [Grep] pattern='seccomp|SECCOMP'
[03:57:59] [spechunter] [Read] /home/yzs/riscv/linux/arch/riscv/kvm/vcpu.c
[03:58:02] [spechunter] [text] Now let me compile all findings.  
[03:58:02] [spechunter] [TodoWrite] 5 items
[03:58:03] [spechunter] [text] Now I have a comprehensive picture. Let me compile the findings.  ```json {   "locations": [     {       "file_path": "s...
[03:58:08] [spechunter] [Read] /home/yzs/riscv/opensbi/lib/sbi/sbi_hsm.c
[03:58:16] [spechunter] [text] Let me now look at the vmm_switch.S, the asm.h (ENTER_USER_ACCESS), and the intr_enable/intr_disable helpers.  
[03:58:16] [spechunter] [Grep] pattern='vmm_switch|hyp_switch|ENTER_USER_ACCESS'
[03:58:16] [spechunter] [Grep] pattern='intr_enable|intr_disable|intr_restore'
[03:58:16] [spechunter] [Grep] pattern='csr_set|csr_clear|csr_read|csr_write|csr_swap'
[03:58:24] [spechunter] [text] Now let me look for any CLIC/CLINT/ACLIC references and check the NewCSR.scala for the overall trap handling flow wiring...
[03:58:24] [spechunter] [Grep] pattern='clic|CLIC|clint|CLINT|aclic|ACLIC'
[03:58:24] [spechunter] [Grep] pattern='mipopret|sipopret|MIPOPRET|SIPOPRET|xipopret'
[03:58:32] [spechunter] [Grep] pattern='ELF_NGREG'
[03:58:32] [spechunter] [Grep] pattern='struct sigcontext|sc_regs'
[03:58:32] [spechunter] [Grep] pattern='SR_SIPU|SR_MIPU'
[03:58:32] [spechunter] [Read] /home/yzs/riscv/freebsd-src/sys/riscv/vmm/vmm_switch.S
[03:58:32] [spechunter] [Read] /home/yzs/riscv/freebsd-src/sys/riscv/include/asm.h
[03:58:32] [spechunter] [Read] /home/yzs/riscv/freebsd-src/sys/riscv/include/cpufunc.h
[03:58:39] [spechunter] [text] Let me check the INSERT_FIELD macro to understand the bit-preservation behavior.  
[03:58:39] [spechunter] [Grep] pattern='INSERT_FIELD'
[03:58:40] [spechunter] [text] ```json {   "locations": [     {       "file_path": "sys/riscv/include/riscvreg.h",       "function_name": null,       "...
[03:58:40] [spechunter] [text] Now let me look at the trapframe layout, the vmm header, and any other CSR writes to sstatus, plus the frame/context dat...
[03:58:40] [spechunter] [Grep] pattern='struct trapframe'
[03:58:40] [spechunter] [Read] /home/yzs/riscv/freebsd-src/sys/riscv/vmm/riscv.h
[03:58:40] [spechunter] [Read] /home/yzs/riscv/freebsd-src/sys/riscv/include/ucontext.h
[03:58:40] [spechunter] [Grep] pattern='sstatus'
[03:58:42] [spechunter] [Grep] pattern='#define INSERT_FIELD'
[03:58:45] [spechunter] [Read] /home/yzs/riscv/opensbi/include/sbi/sbi_bitops.h
[03:58:52] [spechunter] [text] Let me verify these locations against the actual codebase and assess relevance to the PR.  
[03:58:52] [spechunter] [Read] /home/yzs/riscv/XiangShan/src/main/scala/xiangshan/backend/fu/NewCSR/MachineLevel.scala
[03:58:52] [spechunter] [Read] /home/yzs/riscv/XiangShan/src/main/scala/xiangshan/backend/fu/NewCSR/SupervisorLevel.scala
[03:58:52] [spechunter] [Read] /home/yzs/riscv/XiangShan/src/main/scala/xiangshan/backend/fu/NewCSR/InterruptBundle.scala
[03:58:54] [spechunter] [Read] /home/yzs/riscv/freebsd-src/sys/riscv/include/frame.h
[03:58:54] [spechunter] [Read] /home/yzs/riscv/freebsd-src/sys/riscv/riscv/copyinout.S
[03:58:54] [spechunter] [Grep] pattern='csr_write\\(satp|csrw\\s+satp|satp'
[03:59:04] [spechunter] [text] Let me search for Smip-related code and understand what's relevant.  
[03:59:04] [spechunter] [Grep] pattern='Smip|MIPU|SIPU|mipopret|sipopret'
[03:59:04] [spechunter] [Grep] pattern='Smip|MIPU|SIPU|mipopret|sipopret'
[03:59:08] [spechunter] [text] Let me now check for SIPU references, bit 16 in sstatus, and also the riscv trap reg naming conventions, plus the pmap_a...
[03:59:08] [spechunter] [Grep] pattern='SIPU|SSTATUS_SIP|bit 16|BIT_64\\(16'
[03:59:08] [spechunter] [Grep] pattern='pmap_activate'
[03:59:08] [spechunter] [Grep] pattern='SSTATUS_SD|SSTATUS_XS'
[03:59:12] [spechunter] [text] Here is the comprehensive analysis:  ```json {   "target": "qemu",   "analysis_summary": "QEMU has zero SMCLIC/Smip impl...
[03:59:25] [spechunter] [text] Let me cross-validate the key locations by reading the actual code to confirm relevance.  
[03:59:25] [spechunter] [Read] /home/yzs/riscv/qemu/target/riscv/cpu_bits.h
[03:59:25] [spechunter] [Read] /home/yzs/riscv/qemu/target/riscv/cpu_bits.h
[03:59:25] [spechunter] [Read] /home/yzs/riscv/qemu/target/riscv/csr.c
[03:59:33] [spechunter] [Read] /home/yzs/riscv/freebsd-src/sys/riscv/riscv/pmap.c
[03:59:33] [spechunter] [Grep] pattern='sstatus'
[03:59:33] [spechunter] [Grep] pattern='SSTATUS|sstatus'
[03:59:39] [spechunter] [Read] /home/yzs/riscv/linux/arch/riscv/kernel/probes/kprobes.c
[03:59:39] [spechunter] [Grep] pattern='save_userssp|restore_userssp'
[03:59:40] [spechunter] [text] Let me check the existing findings format.  
[03:59:40] [spechunter] [Read] /home/yzs/riscv/opensbi/findings.json
[03:59:44] [spechunter] [text] Prompt is too long
[03:59:44] [spechunter] [Read] /home/yzs/riscv/qemu/target/riscv/csr.c
[03:59:44] [spechunter] [Read] /home/yzs/riscv/qemu/target/riscv/csr.c
[03:59:44] [spechunter] [Read] /home/yzs/riscv/qemu/target/riscv/csr.c
[03:59:54] [spechunter] [text] Let me also check the CSR numbers table for any Smip-related CSR addresses and read the key event files.  
[03:59:54] [spechunter] [Read] /home/yzs/riscv/XiangShan/src/main/scala/xiangshan/backend/decode/isa/CSRs.scala
[03:59:54] [spechunter] [Grep] pattern='MIPU|SIPU|mipopret|sipopret|Smip|smip'
[03:59:54] [spechunter] [Bash] Show recent commits for context
[04:00:04] [spechunter] [Read] /home/yzs/riscv/qemu/target/riscv/cpu_helper.c
[04:00:04] [spechunter] [Read] /home/yzs/riscv/qemu/target/riscv/cpu_helper.c
[04:00:04] [spechunter] [Read] /home/yzs/riscv/qemu/target/riscv/csr.c
[04:00:13] [spechunter] [Bash] Check recent commit history for context
[04:00:17] [spechunter] [text] Let me verify a few more of the listed locations and check for any MIPU/SIPU-related CSR definitions.  
[04:00:17] [spechunter] [Read] /home/yzs/riscv/XiangShan/src/main/scala/xiangshan/backend/fu/NewCSR/CSREvents/TrapEntryMEvent.scala
[04:00:17] [spechunter] [Read] /home/yzs/riscv/XiangShan/src/main/scala/xiangshan/backend/fu/NewCSR/NewCSR.scala
[04:00:17] [spechunter] [Read] /home/yzs/riscv/XiangShan/src/main/scala/xiangshan/backend/fu/NewCSR/InterruptFilter.scala
[04:00:55] [spechunter] [TodoWrite] 6 items
[04:00:59] [spechunter] [text] Let me first check the actual PR context and the relevant files to validate the fast-path locations.  
[04:00:59] [spechunter] [Agent] description, prompt
[04:01:08] [spechunter] [text] Now let me verify a couple more locations before finalizing.  
[04:01:08] [spechunter] [Read] /home/yzs/riscv/qemu/target/riscv/csr.c
[04:01:08] [spechunter] [Read] /home/yzs/riscv/qemu/target/riscv/csr.c
[04:01:08] [spechunter] [Read] /home/yzs/riscv/qemu/target/riscv/csr.c
[04:01:12] [spechunter] [text] Now I have enough data to cross-validate and rank. No MIPU/SIPU/mipopret/sipopret code exists anywhere in the repo — thi...
[04:01:17] [spechunter] [Grep] pattern='SIPU|MIPU'
[04:01:17] [spechunter] [Grep] pattern='SR_UPIE|SR_UIE'
[04:01:17] [spechunter] [Grep] pattern='smaip|smip'
[04:01:17] [spechunter] [Grep] pattern='^#define SR_'
[04:01:24] [spechunter] [text] I'll systematically search for and analyze each relevant code location related to SMIP/MIPU/SIPU in the XiangShan RTL. L...
[04:01:24] [spechunter] [Grep] pattern='MIPU|SIPU|mipu|sipu|auto.*stack|interrupt.*stack|stacking'
[04:01:24] [spechunter] [Grep] pattern='TrapEntry'
[04:01:24] [spechunter] [Grep] pattern='smip|SMIP'
[04:01:44] [spechunter] [Read] /home/yzs/riscv/XiangShan/src/main/scala/xiangshan/backend/fu/NewCSR/CSREvents/TrapEntryMEvent.scala
[04:01:44] [spechunter] [Read] /home/yzs/riscv/XiangShan/src/main/scala/xiangshan/backend/fu/NewCSR/CSREvents/TrapEntryHSEvent.scala
[04:01:44] [spechunter] [Read] /home/yzs/riscv/XiangShan/src/main/scala/xiangshan/backend/fu/NewCSR/MachineLevel.scala
[04:01:44] [spechunter] [Read] /home/yzs/riscv/XiangShan/src/main/scala/xiangshan/backend/fu/NewCSR/SupervisorLevel.scala
[04:01:46] [spechunter] [text] ## Cross-validation analysis  ### Relevance model  The PR introduces **state bits to control trap behavior** ("Smip" — S...
[04:01:48] [spechunter] [text] Now let me cross-validate the key `riscv_cpu_do_interrupt` section more deeply for the delegation/virtualization logic w...
[04:01:48] [spechunter] [Read] /home/yzs/riscv/qemu/target/riscv/cpu_helper.c
[04:01:48] [spechunter] [Read] /home/yzs/riscv/qemu/target/riscv/cpu_cfg_fields.h.inc
[04:01:52] [spechunter] [Read] /home/yzs/riscv/qemu/target/riscv/cpu_helper.c
[04:01:52] [spechunter] [Read] /home/yzs/riscv/qemu/target/riscv/csr.c
[04:01:53] [spechunter] [Grep] pattern='sip|mip|sstatus|mstatus'
[04:01:53] [spechunter] [Grep] pattern='smstateen|smenvcfg|sedeleg|hideleg|hstatus'
[04:01:53] [spechunter] [Grep] pattern='_UPIE|_UIE|UPIE|UIE'
[04:01:53] [spechunter] [text] Now let me search for the MIPU/SIPU bit definitions and automatic stacking gating logic.  
[04:01:53] [spechunter] [Grep] pattern='MIPU|SIPU|mipu|sipu'
[04:01:53] [spechunter] [Grep] pattern='automatic|stacking|auto.*save|auto.*restore|interrupt.*stack'
[04:01:53] [spechunter] [Read] /home/yzs/riscv/XiangShan/src/main/scala/xiangshan/backend/fu/NewCSR/CSREvents/CSREvent.scala
[04:02:00] [spechunter] [text] Let me search more broadly for any references to the SMIP extension or interrupt stacking behavior.  
[04:02:00] [spechunter] [Grep] pattern='Smip|smip|SMIP|shadow.?stack|save.?context|restore.?context|intr.?stack'
[04:02:00] [spechunter] [Grep] pattern='MIPU|SIPU|mipu|sipu'
[04:02:00] [spechunter] [Read] /home/yzs/riscv/XiangShan/src/main/scala/xiangshan/backend/fu/NewCSR/CSREvents/TrapEntryDEvent.scala
[04:02:07] [spechunter] [Agent] description, subagent_type
[04:02:07] [spechunter] [Read] /home/yzs/riscv/qemu/target/riscv/csr.c
[04:02:07] [spechunter] [Read] /home/yzs/riscv/qemu/target/riscv/cpu.c
[04:02:07] [spechunter] [Read] /home/yzs/riscv/qemu/target/riscv/machine.c
[04:02:12] [spechunter] [Read] /home/yzs/riscv/qemu/target/riscv/tcg/tcg-cpu.c
[04:02:12] [spechunter] [Read] /home/yzs/riscv/qemu/target/riscv/arch_dump.c
[04:02:15] [spechunter] [Read] /home/yzs/riscv/linux/arch/riscv/include/asm/csr.h
[04:02:15] [spechunter] [Grep] pattern='IRQ_U_|IRQ_S_'
[04:02:15] [spechunter] [Grep] pattern='sedeleg|sideleg|hideleg|hvien|hvip|sie'
[04:02:15] [spechunter] [Grep] pattern='user.*interrupt|interrupt.*user|user.*trap|trap.*user|usip|utip|ueip'
[04:02:22] [spechunter] [text] Now let me check if there are any pending changes in this PR or related branches.  
[04:02:22] [spechunter] [Bash] Check recent git commits for SMIP context
[04:02:22] [spechunter] [Grep] pattern='menvcfg|mstateen|DTE|dbltrp|DBLTRP'
[04:02:32] [spechunter] [Read] /home/yzs/riscv/linux/arch/riscv/include/asm/csr.h
[04:02:32] [spechunter] [Grep] pattern='IRQ_U_|IRQ_VS_'
[04:02:32] [spechunter] [Grep] pattern='sedeleg|sideleg'
[04:02:32] [spechunter] [Grep] pattern='smaip|smip|sipu|mipu'
[04:02:32] [spechunter] [Glob] **/exception.S
[04:02:32] [spechunter] [Glob] **/swtch.S
[04:02:32] [spechunter] [Glob] **/locore.S
[04:02:32] [spechunter] [Glob] **/pmap.c
[04:02:32] [spechunter] [Glob] **/trap.c
[04:02:32] [spechunter] [Glob] **/genassym.c
[04:02:32] [spechunter] [Glob] **/cpu_switch*
[04:02:32] [spechunter] [Bash] List riscv/riscv directory contents
[04:02:48] [spechunter] [Grep] pattern='SR_SUM|SR_MXR'
[04:02:48] [spechunter] [Grep] pattern='0x000'
[04:02:48] [spechunter] [Grep] pattern='user.*interrupt|smip|smaip'
[04:02:48] [spechunter] [Grep] pattern='sstatus.*SPP|SPP.*sstatus|_AC\\(0x00008000'
[04:02:55] [spechunter] [text] Now I have a clear picture. Let me also verify the `CSREvent.scala` TrapEntryEventInput to confirm no MIPU/SIPU signalin...
[04:02:55] [spechunter] [Grep] pattern='EXT_SMIP|EXT_ZICFISS|HasSmip|HasZicfiss'
[04:02:55] [spechunter] [Grep] pattern='SSE|shadow.?stack'
[04:02:58] [spechunter] [Read] /home/yzs/riscv/XiangShan/src/main/scala/xiangshan/backend/fu/NewCSR/CSRBundles.scala
[04:03:00] [spechunter] [Read] /home/yzs/riscv/linux/arch/riscv/include/asm/csr.h
[04:03:00] [spechunter] [Grep] pattern='user.*interrupt|smaip|smip'
[04:03:00] [spechunter] [Grep] pattern='0x00000010|bit 4|bit 8|BIT_4|BIT_8'
[04:03:02] [spechunter] [text] Let me check a few more critical locations.  
[04:03:02] [spechunter] [Grep] pattern='rmw_mip\\b'
[04:03:02] [spechunter] [Grep] pattern='rmw_sip\\b'
[04:03:02] [spechunter] [Grep] pattern='CSR_SIP\\b'
[04:03:04] [spechunter] [Grep] pattern='sstatus'
[04:03:04] [spechunter] [Grep] pattern='SSTATUS_SIE|SSTATUS_FS_MASK|SSTATUS_SD|SSTATUS_XS|SSTATUS_SPP|SSTATUS_SPIE'
[04:03:04] [spechunter] [Grep] pattern='csr[ws].*sstatus|csr_write.*sstatus|csr_read.*sstatus'
[04:03:04] [spechunter] [Grep] pattern='set_mcontext|get_mcontext'
[04:03:04] [spechunter] [Grep] pattern='save_?registers|restore_?registers'
[04:03:04] [spechunter] [Grep] pattern='sstatus'
[04:03:04] [spechunter] [Bash] List include directory for CSR definitions
[04:03:08] [spechunter] [Read] /home/yzs/riscv/qemu/target/riscv/csr.c
[04:03:08] [spechunter] [Read] /home/yzs/riscv/qemu/target/riscv/csr.c
[04:03:16] [spechunter] [Grep] pattern='smaip|smip|Smaip|Smip|SMAIP|SMIP'
[04:03:16] [spechunter] [Grep] pattern='scofpmf|sstc|ssaia|zm|zicntr'
[04:03:27] [spechunter] [Read] /home/yzs/riscv/linux/arch/riscv/include/asm/hwcap.h
[04:03:27] [spechunter] [Grep] pattern='smip|smaip|SMIP|SMAIP'
[04:03:27] [spechunter] [Grep] pattern='sstatus|SR_'
[04:03:40] [spechunter] [text] Now I have enough information to produce the analysis. Let me verify one more thing — whether there are any other CSR-re...
[04:03:40] [spechunter] [Grep] pattern='auto.*interrupt|interrupt.*auto|stack.*trap|trap.*stack'
[04:03:41] [spechunter] [Bash] Check for stand/ and libriscv/ directories
[04:03:41] [spechunter] [Grep] pattern='sstatus'
[04:03:41] [spechunter] [Grep] pattern='initriscv|init_riscv|initriscv_early'
[04:03:41] [spechunter] [Grep] pattern='sstatus'
[04:03:41] [spechunter] [Grep] pattern='sstatus'
[04:03:41] [spechunter] [Grep] pattern='cpu_switch'
[04:03:41] [spechunter] [Read] /home/yzs/riscv/linux/arch/riscv/kernel/entry.S
[04:03:41] [spechunter] [Grep] pattern='sip|mip|ssip|msip|stip|mtip|seip|meip|sipu|mipu'
[04:03:41] [spechunter] [Grep] pattern='IRQ_U|user.*software|user.*timer|user.*ext'
[04:03:44] [spechunter] [text] Now I have a complete picture. Let me compile the findings into JSON format.      
[04:03:44] [spechunter] [Bash] cat > /home/yzs/riscv/opensbi/findings.json << 'ENDOFFILE'
{
  "findings": [
    {
      "file_path"
[04:03:52] [spechunter] [Grep] pattern='SR_SUM|SR_FS|SR_VS|SR_XS|SR_SD|csr_write.*sstatus|csr_set.*sstatus'
[04:03:52] [spechunter] [Grep] pattern='sstatus.*mask|mask.*sstatus|SSTATUS|_SSTATUS'
[04:03:52] [spechunter] [Grep] pattern='IRQ_U_|INTC_IRQ_U|U_IRQ|user_level.*int|int.*user_level'
[04:03:52] [spechunter] [Grep] pattern='MXR|0x00080000'
[04:03:53] [spechunter] [Read] /home/yzs/riscv/freebsd-src/sys/riscv/riscv/exception.S
[04:03:53] [spechunter] [Read] /home/yzs/riscv/freebsd-src/sys/riscv/riscv/swtch.S
[04:03:53] [spechunter] [Read] /home/yzs/riscv/freebsd-src/sys/riscv/riscv/exec_machdep.c
[04:03:53] [spechunter] [Read] /home/yzs/riscv/freebsd-src/sys/riscv/riscv/trap.c
[04:03:53] [spechunter] [Read] /home/yzs/riscv/freebsd-src/sys/riscv/riscv/vm_machdep.c
[04:04:08] [spechunter] [Read] /home/yzs/riscv/freebsd-src/sys/riscv/riscv/locore.S
[04:04:08] [spechunter] [Read] /home/yzs/riscv/freebsd-src/sys/riscv/riscv/fpe.c
[04:04:08] [spechunter] [Read] /home/yzs/riscv/freebsd-src/sys/riscv/riscv/machdep.c
[04:04:08] [spechunter] [Read] /home/yzs/riscv/freebsd-src/sys/riscv/vmm/vmm_riscv.c
[04:04:08] [spechunter] [Read] /home/yzs/riscv/freebsd-src/sys/riscv/vmm/vmm_switch.S
[04:04:08] [spechunter] [Read] /home/yzs/riscv/freebsd-src/sys/cddl/dev/dtrace/riscv/dtrace_asm.S
[04:04:08] [spechunter] [Read] /home/yzs/riscv/freebsd-src/sys/cddl/dev/kinst/riscv/kinst_isa.c
[04:04:09] [spechunter] [Grep] pattern='IRQ_'
[04:04:09] [spechunter] [Grep] pattern='IE_'
[04:04:30] [spechunter] [Read] /home/yzs/riscv/freebsd-src/sys/riscv/include/frame.h
[04:04:30] [spechunter] [Read] /home/yzs/riscv/freebsd-src/sys/riscv/include/riscvreg.h
[04:04:30] [spechunter] [Read] /home/yzs/riscv/freebsd-src/sys/riscv/include/asm.h
[04:04:30] [spechunter] [Grep] pattern='intr_disable|intr_restore|intr_enable'
[04:04:30] [spechunter] [Grep] pattern='sstatus|stvec|sie'
[04:04:30] [spechunter] [Grep] pattern='sstatus'
[04:04:30] [spechunter] [Grep] pattern='sstatus'
[04:04:40] [spechunter] [Write] /home/yzs/riscv/opensbi/findings.json
[04:04:46] [spechunter] [TodoWrite] 6 items
[04:04:54] [spechunter] [Read] /home/yzs/riscv/freebsd-src/sys/riscv/include/cpufunc.h
[04:04:54] [spechunter] [Read] /home/yzs/riscv/freebsd-src/sys/riscv/include/encoding.h
[04:04:54] [spechunter] [Read] /home/yzs/riscv/freebsd-src/sys/riscv/include/proc.h
[04:04:54] [spechunter] [Read] /home/yzs/riscv/freebsd-src/sys/riscv/riscv/db_interface.c
[04:04:55] [spechunter] [text] {   "locations": [     {"file": "target/riscv/cpu_bits.h", "line": "610-641", "func": "(mstatus bit defines)", "relevanc...
[04:05:00] [spechunter] [text] Findings written to `findings.json`. Here's a summary of what I found:  ## Root Cause: `mstatus_init()` at `lib/sbi/sbi_...
[04:05:12] [spechunter] [text] Now I have a thorough understanding of the codebase. Here is my analysis.  The key finding is that **MIPU/SIPU are compl...
[04:05:12] [spechunter] [Write] /home/yzs/riscv/XiangShan/smidctrl_threshold_findings.json
[04:05:14] [spechunter] [Grep] pattern='sstatus|SSTATUS'
[04:05:14] [spechunter] [Grep] pattern='sstatus|SSTATUS'
[04:05:14] [spechunter] [Grep] pattern='sstatus|SSTATUS'
[04:05:14] [spechunter] [Grep] pattern='sstatus|SSTATUS'
[04:05:14] [spechunter] [Grep] pattern='sstatus|SSTATUS'
[04:05:14] [spechunter] [Grep] pattern='sstatus|SSTATUS'
[04:05:15] [spechunter] [Read] /home/yzs/riscv/XiangShan/smidctrl_threshold_findings.json
[04:05:31] [spechunter] [text] Let me validate the key locations against the actual code.  
[04:05:31] [spechunter] [Read] /home/yzs/riscv/opensbi/lib/sbi/sbi_hart.c
[04:05:31] [spechunter] [Read] /home/yzs/riscv/opensbi/include/sbi/riscv_encoding.h
[04:05:31] [spechunter] [Read] /home/yzs/riscv/opensbi/lib/sbi/sbi_hsm.c
[04:05:31] [spechunter] [Read] /home/yzs/riscv/opensbi/lib/sbi/sbi_trap.c
[04:05:40] [spechunter] [Agent] description, subagent_type
[04:05:40] [spechunter] [Agent] description, subagent_type
[04:05:40] [spechunter] [Agent] description, subagent_type
[04:05:44] [spechunter] [Write] /home/yzs/riscv/XiangShan/smidctrl_threshold_findings.json
[04:05:53] [spechunter] [text] Let me verify a few key locations to ensure line number accuracy and proper classification.  
[04:05:53] [spechunter] [Read] /home/yzs/riscv/linux/arch/riscv/kernel/entry.S
[04:05:53] [spechunter] [Read] /home/yzs/riscv/linux/arch/riscv/kernel/entry.S
[04:05:53] [spechunter] [Read] /home/yzs/riscv/linux/arch/riscv/kernel/entry.S
[04:05:55] [spechunter] [Read] /home/yzs/riscv/opensbi/lib/sbi/sbi_sse.c
[04:05:55] [spechunter] [Read] /home/yzs/riscv/opensbi/lib/sbi/sbi_emulate_csr.c
[04:05:55] [spechunter] [Read] /home/yzs/riscv/opensbi/lib/sbi/sbi_illegal_insn.c
[04:05:55] [spechunter] [Read] /home/yzs/riscv/opensbi/lib/sbi/sbi_unpriv.c
[04:05:55] [spechunter] [text] Here is my analysis of the XiangShan RTL for SMIP compliance.  ## Summary  **Overall severity: `potential_risk`** — MIPU...
[04:05:59] [spechunter] [Grep] pattern='riscv_cpu_do_interrupt'
[04:05:59] [spechunter] [Grep] pattern='(stacking|context.save|save_context|push_stack|save_regs)'
[04:05:59] [spechunter] [Grep] pattern='(mret|sret|popret)'
[04:05:59] [spechunter] [Grep] pattern='(mnreti|snreti)'
[04:05:59] [spechunter] [Grep] pattern='(clc|CLIC|clic)'
[04:05:59] [spechunter] [Glob] target/riscv/insn_trans/**/*.c
[04:06:04] [spechunter] [text] Let me verify a few more files referenced in the fast-path locations.  
[04:06:04] [spechunter] [Read] /home/yzs/riscv/linux/arch/riscv/kernel/process.c
[04:06:04] [spechunter] [Read] /home/yzs/riscv/linux/arch/riscv/kernel/traps.c
[04:06:04] [spechunter] [Read] /home/yzs/riscv/linux/arch/riscv/kernel/traps.c
[04:06:05] [spechunter] [Grep] pattern='write_mstatus'
[04:06:05] [spechunter] [Grep] pattern='read_mstatus'
[04:06:05] [spechunter] [Grep] pattern='write_sstatus'
[04:06:05] [spechunter] [Grep] pattern='read_sstatus'
[04:06:05] [spechunter] [Grep] pattern='MSTATUS_'
[04:06:05] [spechunter] [Grep] pattern='SSTATUS_'
[04:06:05] [spechunter] [Grep] pattern='mstatus'
[04:06:05] [spechunter] [Grep] pattern='MIPU|SIPU'
[04:06:12] [spechunter] [Grep] pattern='MIPU|SIPU'
[04:06:12] [spechunter] [Grep] pattern='mipopret|sipopret'
[04:06:12] [spechunter] [Grep] pattern='SMCLIC|smclic|clc'
[04:06:12] [spechunter] [Grep] pattern='smstateen'
[04:06:12] [spechunter] [Grep] pattern='mstatus.*stack|mstatus.*save|stack.*mstatus|save.*mstatus'
[04:06:12] [spechunter] [Grep] pattern='riscv_cpu_do_interrupt'
[04:06:12] [spechunter] [Grep] pattern='MIPU|SIPU|mipopret|sipopret|smstateen|SMCLIC|smclic'
[04:06:12] [spechunter] [Grep] pattern='scontext|mcontext|context.stack|hvien|hvi'
[04:06:22] [spechunter] [Read] /home/yzs/riscv/qemu/target/riscv/cpu_helper.c
[04:06:22] [spechunter] [Grep] pattern='(mret|sret|helper_mret|helper_sret|do_mret|do_sret)'
[04:06:22] [spechunter] [Grep] pattern='(mret|sret|popret)'
[04:06:22] [spechunter] [Grep] pattern='(CLIC|clic)'
[04:06:22] [spechunter] [Grep] pattern='(mret|sret)'
[04:06:22] [spechunter] [Grep] pattern='(mret|sret)'
[04:06:22] [spechunter] [Grep] pattern='(mret|sret)'
[04:06:28] [spechunter] [Read] /home/yzs/riscv/qemu/target/riscv/csr.c
[04:06:28] [spechunter] [Read] /home/yzs/riscv/qemu/target/riscv/csr.c
[04:06:28] [spechunter] [Read] /home/yzs/riscv/qemu/target/riscv/csr.c
[04:06:28] [spechunter] [Read] /home/yzs/riscv/qemu/target/riscv/cpu_bits.h
[04:06:28] [spechunter] [Grep] pattern='mstatus.*mask|MSTATUS_MASK|mask.*mstatus'
[04:06:28] [spechunter] [Grep] pattern='MBE|SBE|UBE'
[04:06:28] [spechunter] [Read] /home/yzs/riscv/qemu/target/riscv/csr.c
[04:06:28] [spechunter] [Read] /home/yzs/riscv/qemu/target/riscv/csr.c
[04:06:35] [spechunter] [Read] /home/yzs/riscv/qemu/target/riscv/cpu_helper.c
[04:06:35] [spechunter] [Grep] pattern='SMIP|MIPU|SIPU|SMCLIC|smclic|mipopret|sipopret'
[04:06:35] [spechunter] [Grep] pattern='mstateen|hstateen|sstateen|mstateen0|hstateen0|sstateen0'
[04:06:35] [spechunter] [Grep] pattern='mstateen|hstateen|sstateen'
[04:06:35] [spechunter] [Grep] pattern='context.stack|context_stack|hw_stack|hardware.stack'
[04:06:35] [spechunter] [Grep] pattern='ssstateen'
[04:06:40] [spechunter] [Read] /home/yzs/riscv/qemu/target/riscv/cpu_helper.c
[04:06:40] [spechunter] [Read] /home/yzs/riscv/qemu/target/riscv/op_helper.c
[04:06:40] [spechunter] [Read] /home/yzs/riscv/qemu/target/riscv/insn_trans/trans_privileged.c.inc
[04:06:40] [spechunter] [Grep] pattern='(mret|sret|popret)'
[04:06:40] [spechunter] [Grep] pattern='CLIC'
[04:06:40] [spechunter] [Read] /home/yzs/riscv/qemu/target/riscv/cpu_helper.c
[04:06:52] [spechunter] [text] Now let me verify the remaining referenced locations for line-number accuracy.  
[04:06:52] [spechunter] [Read] /home/yzs/riscv/linux/arch/riscv/kernel/entry.S
[04:06:52] [spechunter] [Read] /home/yzs/riscv/linux/arch/riscv/kernel/traps_misaligned.c
[04:06:53] [spechunter] [Read] /home/yzs/riscv/opensbi/lib/sbi/sbi_domain_context.c
[04:06:53] [spechunter] [Read] /home/yzs/riscv/opensbi/lib/sbi/sbi_domain_context.c
[04:06:53] [spechunter] [Grep] pattern='sstatus_v1_10_mask'
[04:06:53] [spechunter] [Grep] pattern='add_status_sd'
[04:06:53] [spechunter] [Grep] pattern='MSTATUS_MPELP'
[04:06:53] [spechunter] [Read] /home/yzs/riscv/qemu/target/riscv/cpu_helper.c
[04:06:53] [spechunter] [Grep] pattern='MSTATUS_MBE|MSTATUS_SBE'
[04:06:53] [spechunter] [Grep] pattern='bit.*2[12]|bit.*35|bit.*36'
[04:06:56] [spechunter] [Read] /home/yzs/riscv/opensbi/firmware/fw_base.S
[04:07:02] [spechunter] [Read] /home/yzs/riscv/qemu/target/riscv/csr.c
[04:07:02] [spechunter] [Read] /home/yzs/riscv/qemu/target/riscv/csr.c
[04:07:02] [spechunter] [Grep] pattern='smstateen|mstateen|sstateen|hstateen'
[04:07:02] [spechunter] [Grep] pattern='smstateen|mstateen|sstateen|hstateen'
[04:07:02] [spechunter] [Read] /home/yzs/riscv/qemu/target/riscv/cpu_helper.c
[04:07:02] [spechunter] [Read] /home/yzs/riscv/qemu/target/riscv/cpu_bits.h
[04:07:04] [spechunter] [Read] /home/yzs/riscv/qemu/target/riscv/insn_trans/trans_rvzce.c.inc
[04:07:04] [spechunter] [Read] /home/yzs/riscv/qemu/target/riscv/op_helper.c
[04:07:04] [spechunter] [Grep] pattern='cm_push|cm_pop|cm_mva01s|cm_mvsa01'
[04:07:04] [spechunter] [Grep] pattern='save_context|save_registers|push.*stack|context.*switch'
[04:07:04] [spechunter] [Grep] pattern='(mnreti|snreti|mnret|intr_ret|_reti)'
[04:07:15] [spechunter] [Read] /home/yzs/riscv/qemu/target/riscv/csr.c
[04:07:15] [spechunter] [Read] /home/yzs/riscv/qemu/target/riscv/csr.c
[04:07:15] [spechunter] [Read] /home/yzs/riscv/qemu/target/riscv/internals.h
[04:07:15] [spechunter] [Read] /home/yzs/riscv/qemu/target/riscv/translate.c
[04:07:15] [spechunter] [Read] /home/yzs/riscv/qemu/target/riscv/cpu.c
[04:07:15] [spechunter] [Grep] pattern='interrupt.*priorit|priorit.*interrupt|intr.*prior'
[04:07:19] [spechunter] [Read] /home/yzs/riscv/qemu/target/riscv/csr.c
[04:07:19] [spechunter] [Read] /home/yzs/riscv/qemu/target/riscv/machine.c
[04:07:19] [spechunter] [Grep] pattern='CSR_MSTATEEN|CSR_HSTATEEN|CSR_SSTATEEN'
[04:07:19] [spechunter] [Grep] pattern='CSR_HSTATEEN|CSR_SSTATEEN'
[04:07:19] [spechunter] [Grep] pattern='kvm_riscv_sync.*smstateen|kvm_sync.*smstateen|mstateen|hstateen|sstateen'
[04:07:19] [spechunter] [Read] /home/yzs/riscv/qemu/target/riscv/cpu_helper.c
[04:07:23] [spechunter] [Read] /home/yzs/riscv/qemu/target/riscv/insn_trans/trans_rvzce.c.inc
[04:07:23] [spechunter] [Grep] pattern='gen_pop|gen_push|gen_set_gpr_multiple|gen_load_gpr'
[04:07:23] [spechunter] [Grep] pattern='(cm\\\\.push|cm\\\\.pop|cm\\\\.popret)'
[04:07:23] [spechunter] [Bash] Count lines in trans_rvzce.c.inc
[04:07:27] [spechunter] [Read] /home/yzs/riscv/freebsd-src/sys/riscv/riscv/exception.S
[04:07:27] [spechunter] [Read] /home/yzs/riscv/freebsd-src/sys/riscv/riscv/exec_machdep.c
[04:07:27] [spechunter] [Read] /home/yzs/riscv/freebsd-src/sys/riscv/riscv/swtch.S
[04:07:37] [spechunter] [Grep] pattern='MSTATUS_MBE|MSTATUS_SBE'
[04:07:37] [spechunter] [Read] /home/yzs/riscv/qemu/target/riscv/cpu_bits.h
[04:07:37] [spechunter] [Read] /home/yzs/riscv/qemu/target/riscv/cpu_helper.c
[04:07:37] [spechunter] [Read] /home/yzs/riscv/qemu/target/riscv/cpu_helper.c
[04:07:37] [spechunter] [Grep] pattern='smdbltrp|ssdbltrp|dbltrp'
[04:07:37] [spechunter] [Read] /home/yzs/riscv/qemu/target/riscv/csr.c
[04:07:39] [spechunter] [Grep] pattern='SMIP|smip'
[04:07:39] [spechunter] [Grep] pattern='mipopret|sipopret|siporet'
[04:07:39] [spechunter] [Grep] pattern='smclic|SMCLIC|clic'
[04:07:39] [spechunter] [Grep] pattern='MIPRET|sret|mret'
[04:07:39] [spechunter] [Grep] pattern='mvien|mvip'
[04:07:39] [spechunter] [Grep] pattern='ext_smaia|ext_ssaia|smaia|ssaia'
[04:07:41] [spechunter] [Read] /home/yzs/riscv/freebsd-src/sys/riscv/vmm/vmm_switch.S
[04:07:41] [spechunter] [Read] /home/yzs/riscv/freebsd-src/sys/riscv/vmm/vmm_riscv.c
[04:07:41] [spechunter] [Read] /home/yzs/riscv/freebsd-src/sys/riscv/riscv/trap.c
[04:07:42] [spechunter] [Grep] pattern='(cm\\.|push|pop|popret)'
[04:07:42] [spechunter] [Grep] pattern='(cm\\.|push|pop|popret|cmpp)'
[04:07:42] [spechunter] [Grep] pattern='CLIC'
[04:07:42] [spechunter] [Grep] pattern='clic'
[04:07:42] [spechunter] [Grep] pattern='clic'
[04:07:42] [spechunter] [Grep] pattern='(RISCV_EXCP_INT_FLAG|RISCV_EXCP_INT_MASK)'
[04:07:46] [spechunter] [text] Now I have all the data for cross-validation. Let me analyze each location against the PR context ("SMIP: Introduce stat...
[04:07:48] [spechunter] [Grep] pattern='CSR_MVIRM|CSR_MVIEN|CSR_MVIP|csr_mvien|csr_mvip|rmw_mvip|rmw_mvien'
[04:07:48] [spechunter] [Grep] pattern='SMSTATEEN0_CS|SMSTATEEN0_FCSR|SMSTATEEN0_JVT|SMSTATEEN0_CTR|SMSTATEEN0_P1P13|SMSTATEEN0_HSCONTXT|SMSTATEEN0_IMSIC|SMSTATEEN0_AIA|SMSTATEEN0_SVSLCT|SMSTATEEN0_HSENVCFG|SMSTATEEN_STATEEN'
[04:07:48] [spechunter] [Read] /home/yzs/riscv/qemu/target/riscv/csr.c
[04:07:55] [spechunter] [text] Now I have a thorough understanding of the codebase and the PR. Let me produce the final cross-validated location set.  ...
[04:08:02] [spechunter] [Grep] pattern='MCONTEXT|HCONTEXT|hcontext|mcontext'
[04:08:02] [spechunter] [Grep] pattern='mcontext|hcontext'
[04:08:02] [spechunter] [Read] /home/yzs/riscv/qemu/target/riscv/op_helper.c
[04:08:02] [spechunter] [Grep] pattern='smcit|SMCIx|mcite|smcir|smcIPI|smcrs|smiem|ipret|iuret'
[04:08:02] [spechunter] [Grep] pattern='kvm_riscv.*stateen|kvm.*smstateen|KVM_RISCV.*SMSTATEEN'
[04:08:07] [spechunter] [Grep] pattern='RISCV_EXCP_'
[04:08:07] [spechunter] [Read] /home/yzs/riscv/qemu/target/riscv/cpu_helper.c
[04:08:07] [spechunter] [Grep] pattern='zcmp|zce|ext_zcm'
[04:08:07] [spechunter] [Grep] pattern='riscv_cpu_set_mode'
[04:08:08] [spechunter] [Read] /home/yzs/riscv/qemu/target/riscv/op_helper.c
[04:08:08] [spechunter] [Read] /home/yzs/riscv/qemu/target/riscv/csr.c
[04:08:16] [spechunter] [Grep] pattern='write_vsstatus'
[04:08:16] [spechunter] [Grep] pattern='#define MSTATUS_MBE|#define MSTATUS_SBE'
[04:08:16] [spechunter] [Grep] pattern='riscv_cpu_swap_hypervisor_regs'
[04:08:16] [spechunter] [Read] /home/yzs/riscv/qemu/target/riscv/csr.c
[04:08:16] [spechunter] [Read] /home/yzs/riscv/qemu/target/riscv/csr.c
[04:08:16] [spechunter] [Read] /home/yzs/riscv/qemu/target/riscv/cpu_helper.c
[04:08:23] [spechunter] [Grep] pattern='riscv_cpu_set_mode'
[04:08:23] [spechunter] [Grep] pattern='void riscv_cpu_set_mode'
[04:08:23] [spechunter] [Read] /home/yzs/riscv/qemu/target/riscv/cpu_helper.c
[04:08:23] [spechunter] [Grep] pattern='zcmp|ext_zcmp'
[04:08:23] [spechunter] [Grep] pattern='(cm_push|cm_pop|cm_popret|gen_pop|gen_push)'
[04:08:23] [spechunter] [Grep] pattern='(sspush|sspopchk|shadow.stack)'
[04:08:26] [spechunter] [Agent] description, prompt
[04:08:31] [spechunter] [Read] /home/yzs/riscv/qemu/target/riscv/insn_trans/trans_rvzicfiss.c.inc
[04:08:31] [spechunter] [Grep] pattern='(mstatus|scause|mepc|mtvec|stvec|mcause|sepc|stval)'
[04:08:31] [spechunter] [Grep] pattern='IRQ_M_TIMER|IRQ_S_TIMER|IRQ_VS_TIMER|IRQ_M_SOFT|IRQ_S_SOFT'
[04:08:39] [spechunter] [Read] /home/yzs/riscv/freebsd-src/sys/riscv/riscv/locore.S
[04:08:39] [spechunter] [Read] /home/yzs/riscv/freebsd-src/sys/riscv/riscv/machdep.c
[04:08:40] [spechunter] [Read] /home/yzs/riscv/qemu/target/riscv/cpu_helper.c
[04:08:40] [spechunter] [Read] /home/yzs/riscv/qemu/target/riscv/cpu_helper.c
[04:08:40] [spechunter] [Read] /home/yzs/riscv/qemu/target/riscv/cpu_helper.c
[04:08:40] [spechunter] [Grep] pattern='riscv_do_nmi'
[04:08:45] [spechunter] [Grep] pattern='initriscv'
[04:08:45] [spechunter] [Grep] pattern='sstatus'
[04:08:52] [spechunter] [Read] /home/yzs/riscv/freebsd-src/sys/riscv/riscv/machdep.c
[04:08:52] [spechunter] [Read] /home/yzs/riscv/freebsd-src/sys/riscv/riscv/machdep.c
[04:08:52] [spechunter] [Grep] pattern='MSTATUS|mstatus|CSR_MSTATUS'
[04:08:52] [spechunter] [Grep] pattern='csr_write.*mstatus|csr_read.*mstatus|csr_set.*mstatus|csr_clear.*mstatus'
[04:08:52] [spechunter] [Grep] pattern='csrw.*mstatus|csrs.*mstatus|csrc.*mstatus'
[04:08:52] [spechunter] [Grep] pattern='MSTATUS|mstatus'
[04:08:52] [spechunter] [Grep] pattern='MSTATUS|mstatus'
[04:08:52] [spechunter] [Grep] pattern='MSTATUS|mstatus'
[04:08:53] [spechunter] [Read] /home/yzs/riscv/qemu/target/riscv/cpu_helper.c
[04:08:53] [spechunter] [Read] /home/yzs/riscv/qemu/target/riscv/op_helper.c
[04:08:53] [spechunter] [Grep] pattern='mrts|mnrts|zicmte|mte'
[04:08:53] [spechunter] [Read] /home/yzs/riscv/qemu/target/riscv/cpu_helper.c
[04:08:57] [spechunter] [Read] /home/yzs/riscv/qemu/target/riscv/csr.c
[04:08:57] [spechunter] [Grep] pattern='UXL|SXL|mstatus.*XL'
[04:08:57] [spechunter] [Grep] pattern='0x0[01]0000000|bit.*2[12]|bit.*32|bit.*33|bit.*34|bit.*35|bit.*36'
[04:08:57] [spechunter] [Grep] pattern='smode_dbltrp|menvcfg.*DTE|MENVCFG_DTE|menvcfg'
[04:08:57] [spechunter] [Read] /home/yzs/riscv/freebsd-src/sys/riscv/riscv/machdep.c
[04:08:57] [spechunter] [Read] /home/yzs/riscv/freebsd-src/sys/riscv/riscv/vm_machdep.c
[04:09:07] [spechunter] [Read] /home/yzs/riscv/qemu/target/riscv/helper.h
[04:09:07] [spechunter] [Grep] pattern='(mret|sret|mnret)'
[04:09:07] [spechunter] [Grep] pattern='RISCV_EXCP_INT_FLAG'
[04:09:24] [spechunter] [Grep] pattern='CSR_MSTATUS'
[04:09:24] [spechunter] [Grep] pattern='CSR_MSTATUS|mstatus'
[04:09:24] [spechunter] [Grep] pattern='MSTATUS|mstatus|save|restore|suspend|resume|context'
[04:09:24] [spechunter] [Grep] pattern='MSTATUS|mstatus|CSR_MSTATUS'
[04:09:24] [spechunter] [Grep] pattern='MSTATUS|mstatus|CSR_MSTATUS'
[04:09:24] [spechunter] [Grep] pattern='MSTATUS|mstatus|CSR_MSTATUS'
[04:09:25] [spechunter] [Agent] description, subagent_type
[04:09:25] [spechunter] [Agent] description, subagent_type
[04:09:37] [spechunter] [Grep] pattern='uint64_t mstatus'
[04:09:37] [spechunter] [Read] /home/yzs/riscv/qemu/target/riscv/cpu_bits.h
[04:09:37] [spechunter] [Grep] pattern='smode_dbltrp'
[04:09:37] [spechunter] [Read] /home/yzs/riscv/qemu/target/riscv/csr.c
[04:09:37] [spechunter] [Read] /home/yzs/riscv/qemu/target/riscv/op_helper.c
[04:09:41] [spechunter] [Grep] pattern='SR_\\w+'
[04:09:41] [spechunter] [Grep] pattern='SIPU|SIP\\b.*status|sstatus.*pending|interrupt.*pending'
[04:09:41] [spechunter] [Grep] pattern='pt_regs'
[04:09:41] [spechunter] [Glob] arch/riscv/include/uapi/asm/ptrace.h
[04:09:49] [spechunter] [text] Now I have all the code needed for analysis. Let me read the remaining files to complete the audit.  
[04:09:49] [spechunter] [Read] /home/yzs/riscv/freebsd-src/sys/riscv/include/riscvreg.h
[04:09:49] [spechunter] [Read] /home/yzs/riscv/freebsd-src/sys/riscv/riscv/fpe.c
[04:09:52] [spechunter] [Read] /home/yzs/riscv/qemu/target/riscv/cpu_helper.c
[04:09:52] [spechunter] [Read] /home/yzs/riscv/qemu/target/riscv/csr.c
[04:09:54] [spechunter] [Read] /home/yzs/riscv/linux/arch/riscv/include/asm/csr.h
[04:09:54] [spechunter] [Read] /home/yzs/riscv/linux/arch/riscv/include/asm/ptrace.h
[04:09:54] [spechunter] [Read] /home/yzs/riscv/linux/arch/riscv/include/uapi/asm/ptrace.h
[04:09:54] [spechunter] [Read] /home/yzs/riscv/linux/arch/riscv/include/asm/csr.h
[04:10:02] [spechunter] [Grep] pattern='SIPU'
[04:10:02] [spechunter] [Grep] pattern='SR_'
[04:10:02] [spechunter] [Grep] pattern='sstatus'
[04:10:02] [spechunter] [Grep] pattern='PTRACE_SETREGSET\\|PTRACE_GETREGSET\\|ptrace'
[04:10:02] [spechunter] [Grep] pattern='ONE_REG'
[04:10:02] [spechunter] [Grep] pattern='CSR_STATUS\\|CSR_SSTATUS'
[04:10:02] [spechunter] [Grep] pattern='switch_to\\|switch_mm'
[04:10:02] [spechunter] [Grep] pattern='arch_ptrace\\|ptrace_regset'
[04:10:08] [spechunter] [Grep] pattern='SIPU|sipu'
[04:10:08] [spechunter] [Grep] pattern='RV_IRQ_SOFT|RV_IRQ_TIMER|RV_IRQ_EXT'
[04:10:08] [spechunter] [Grep] pattern='RV_IRQ'
[04:10:09] [spechunter] [Grep] pattern='MSTATUS|mstatus|CSR_MSTATUS'
[04:10:09] [spechunter] [Grep] pattern='MSTATUS|mstatus|CSR_MSTATUS'
[04:10:09] [spechunter] [Grep] pattern='MSTATUS|mstatus|CSR_MSTATUS'
[04:10:09] [spechunter] [Grep] pattern='MSTATUS|mstatus|CSR_MSTATUS'
[04:10:09] [spechunter] [Grep] pattern='MSTATUS|mstatus|CSR_MSTATUS'
[04:10:09] [spechunter] [Grep] pattern='MSTATUS|mstatus|CSR_MSTATUS'
[04:10:09] [spechunter] [Grep] pattern='MSTATUS|mstatus|CSR_MSTATUS'
[04:10:09] [spechunter] [Grep] pattern='MSTATUS|mstatus|CSR_MSTATUS'
[04:10:09] [spechunter] [Grep] pattern='MSTATUS|mstatus|CSR_MSTATUS'
[04:10:20] [spechunter] [Read] /home/yzs/riscv/linux/arch/riscv/kernel/ptrace.c
[04:10:20] [spechunter] [Read] /home/yzs/riscv/linux/arch/riscv/kernel/entry.S
[04:10:20] [spechunter] [Read] /home/yzs/riscv/linux/arch/riscv/kvm/vcpu_onereg.c
[04:10:20] [spechunter] [Read] /home/yzs/riscv/linux/arch/riscv/include/asm/csr.h
[04:10:20] [spechunter] [Read] /home/yzs/riscv/linux/arch/riscv/include/uapi/asm/kvm.h
[04:10:20] [spechunter] [Grep] pattern='MSTATUS|mstatus|CSR_MSTATUS'
[04:10:20] [spechunter] [Grep] pattern='MSTATUS|CSR_MSTATUS'
[04:10:20] [spechunter] [Grep] pattern='MSTATUS|mstatus'
[04:10:20] [spechunter] [Grep] pattern='MSTATUS|mstatus'
[04:10:20] [spechunter] [Grep] pattern='MSTATUS|mstatus'
[04:10:21] [spechunter] [Grep] pattern='IRQ_S_SOFT|IRQ_M_SOFT|IRQ_S_TIMER|IRQ_M_TIMER|IRQ_PMU'
[04:10:21] [spechunter] [Read] /home/yzs/riscv/linux/arch/riscv/include/asm/csr.h
[04:10:25] [spechunter] [Read] /home/yzs/riscv/linux/arch/riscv/include/asm/csr.h
[04:10:29] [spechunter] [Grep] pattern='_start|_start_warm'
[04:10:29] [spechunter] [Grep] pattern='mstatus|MSTATUS|trap_ctx|save|restore'
[04:10:29] [spechunter] [Read] /home/yzs/riscv/opensbi/lib/sbi/sbi_domain_context.c
[04:10:37] [spechunter] [Read] /home/yzs/riscv/opensbi/firmware/fw_base.S
[04:10:37] [spechunter] [Read] /home/yzs/riscv/opensbi/firmware/fw_base.S
[04:10:37] [spechunter] [Read] /home/yzs/riscv/opensbi/firmware/fw_base.S
[04:10:40] [spechunter] [Grep] pattern='switch_mm'
[04:10:40] [spechunter] [Grep] pattern='csr[srw].*status|csr[srw].*SSTATUS|csr[srw].*STATUS'
[04:10:40] [spechunter] [Grep] pattern='sigframe|setup_sigframe|restore_sigframe|rt_sigframe'
[04:10:40] [spechunter] [Read] /home/yzs/riscv/linux/arch/riscv/kernel/traps.c
[04:10:40] [spechunter] [Grep] pattern='status.*mask|mask.*status|sstatus.*filter|STATUS_MASK'
[04:10:40] [spechunter] [Grep] pattern='sstatus|status'
[04:10:48] [spechunter] [Read] /home/yzs/riscv/opensbi/firmware/fw_base.S
[04:10:48] [spechunter] [Read] /home/yzs/riscv/opensbi/lib/sbi/sbi_init.c
[04:10:48] [spechunter] [Grep] pattern='sbi_trap_set_context|sbi_trap_get_context|sbi_trap_context'
[04:10:48] [spechunter] [Grep] pattern='sse_event_setup_interrupted_state|sse_event_restore_interrupted_state|mstatus'
[04:10:49] [spechunter] [Read] /home/yzs/riscv/linux/arch/riscv/kernel/signal.c
[04:10:49] [spechunter] [Read] /home/yzs/riscv/linux/arch/riscv/kvm/vcpu_switch.S
[04:10:49] [spechunter] [Read] /home/yzs/riscv/linux/arch/riscv/mm/context.c
[04:10:49] [spechunter] [Read] /home/yzs/riscv/linux/arch/riscv/kvm/vcpu.c
[04:10:49] [spechunter] [Grep] pattern='user_regset_copyin|user_regset_copyout|user_regset'
[04:10:59] [spechunter] [Grep] pattern='sbi_trap_context|trap_info'
[04:10:59] [spechunter] [Grep] pattern='MSTATUS|mstatus'
[04:11:08] [spechunter] [Read] /home/yzs/riscv/linux/arch/riscv/kvm/vcpu_exit.c
[04:11:08] [spechunter] [Read] /home/yzs/riscv/linux/arch/riscv/kernel/compat_signal.c
[04:11:08] [spechunter] [Read] /home/yzs/riscv/linux/arch/riscv/kvm/vcpu.c
[04:11:08] [spechunter] [Grep] pattern='SUP'
[04:11:08] [spechunter] [Read] /home/yzs/riscv/linux/arch/riscv/include/asm/switch_to.h
[04:11:08] [spechunter] [Read] /home/yzs/riscv/linux/arch/riscv/include/asm/kvm_host.h
[04:11:16] [spechunter] [Grep] pattern='struct pt_regs'
[04:11:16] [spechunter] [Read] /home/yzs/riscv/linux/arch/riscv/kernel/crash_save_regs.S
[04:11:16] [spechunter] [Read] /home/yzs/riscv/linux/arch/riscv/kernel/suspend_entry.S
[04:11:16] [spechunter] [Grep] pattern='\\bsstatus\\b'
[04:12:05] [spechunter] [text] ## Security Audit Report: SMIP/CLC/Hardware Context Stacking  ### Summary  The security spec concerns **MIPU/SIPU bits**...
[04:12:05] [spechunter] [Read] /home/yzs/riscv/qemu/target/riscv/csr.c
[04:12:05] [spechunter] [Read] /home/yzs/riscv/qemu/target/riscv/cpu_helper.c
[04:12:09] [spechunter] [text] Now I have a complete picture of the codebase. Let me compile the security audit.  
[04:12:09] [spechunter] [Read] /home/yzs/riscv/freebsd-src/sys/riscv/include/cpufunc.h
[04:12:09] [spechunter] [Read] /home/yzs/riscv/freebsd-src/sys/riscv/riscv/intc.c
[04:12:18] [spechunter] [text] Now let me verify the mstatus bit definitions to confirm MIPU/SIPU are not allocated.  
[04:12:18] [spechunter] [Read] /home/yzs/riscv/qemu/target/riscv/cpu_bits.h
[04:13:08] [spechunter] [text] Based on the exhaustive analysis above, here is the complete security audit:  ```json {   "findings": [     {       "fil...
[04:13:11] [spechunter] [text] Now let me read the critical code locations to verify the findings precisely.  
[04:13:11] [spechunter] [Read] /home/yzs/riscv/opensbi/lib/sbi/sbi_hart.c
[04:13:11] [spechunter] [Read] /home/yzs/riscv/opensbi/lib/sbi/sbi_hart.c
[04:13:11] [spechunter] [Read] /home/yzs/riscv/opensbi/lib/sbi/sbi_hart.c
[04:13:11] [spechunter] [Read] /home/yzs/riscv/opensbi/lib/sbi/sbi_hsm.c
[04:13:23] [spechunter] [text] Let me verify the key code paths by reading the actual source files.  
[04:13:23] [spechunter] [Read] /home/yzs/riscv/linux/arch/riscv/kernel/ptrace.c
[04:13:23] [spechunter] [Read] /home/yzs/riscv/linux/arch/riscv/kernel/entry.S
[04:13:23] [spechunter] [Read] /home/yzs/riscv/linux/arch/riscv/kernel/entry.S
[04:13:23] [spechunter] [Read] /home/yzs/riscv/linux/arch/riscv/kvm/vcpu_onereg.c
[04:13:23] [spechunter] [Read] /home/yzs/riscv/linux/arch/riscv/kernel/signal.c
[04:13:23] [spechunter] [Read] /home/yzs/riscv/linux/arch/riscv/kernel/signal.c
[04:13:39] [spechunter] [text] Let me also check the encoding header for any Smip-related bit definitions, and the domain context switch code.  
[04:13:39] [spechunter] [Grep] pattern='MIPU|SIPU|MSTATUS.*IPU|SPELP|MPELP|SPV|MSTATUS_SD'
[04:13:39] [spechunter] [Read] /home/yzs/riscv/opensbi/lib/sbi/sbi_domain_context.c
[04:13:39] [spechunter] [Read] /home/yzs/riscv/opensbi/lib/sbi/sbi_hsm.c
[04:13:39] [spechunter] [Read] /home/yzs/riscv/opensbi/lib/sbi/sbi_init.c
[04:13:40] [spechunter] [text] Let me check the sigcontext structure and verify whether any ptrace regset paths touch `status`.  
[04:13:40] [spechunter] [Grep] pattern='struct sigcontext'
[04:13:40] [spechunter] [Grep] pattern='sc_regs'
[04:13:40] [spechunter] [Grep] pattern='PT_STATUS'
[04:13:45] [spechunter] [Read] /home/yzs/riscv/linux/arch/riscv/include/uapi/asm/sigcontext.h
[04:13:45] [spechunter] [Read] /home/yzs/riscv/linux/arch/riscv/kernel/entry.S
[04:13:53] [spechunter] [Read] /home/yzs/riscv/opensbi/include/sbi/riscv_encoding.h
[04:13:53] [spechunter] [Read] /home/yzs/riscv/opensbi/lib/sbi/sbi_hart.c
[04:14:06] [spechunter] [Grep] pattern='ELF_NGREG|riscv_gpr_set|riscv_gpr_get|REGSET_GPR|regset.*core'
[04:14:06] [spechunter] [Grep] pattern='ELF_NGREG'
[04:14:16] [spechunter] [Grep] pattern='elf_gregset_t|elf_greg_t'
[04:14:16] [spechunter] [Grep] pattern='elf_greg_t'
[04:14:30] [spechunter] [text] Now I have all the code. Here is the complete security audit:  ```json {   "findings": [     {       "file_path": "sys/r...
[04:14:49] [spechunter] [text] Let me verify the trap save/restore macros in the assembly for completeness.  
[04:14:49] [spechunter] [Read] /home/yzs/riscv/opensbi/firmware/fw_base.S
[04:14:49] [spechunter] [Read] /home/yzs/riscv/opensbi/firmware/fw_base.S
[04:14:49] [spechunter] [Grep] pattern='MIPU|SIPU|Smip|smip|mstatus.*interrupt.*priorit|interrupt.*priorit'
[04:15:27] [spechunter] [text] Let me check the KVM VCPU switch path to see if sstatus is masked before writing to hardware.  
[04:15:27] [spechunter] [Read] /home/yzs/riscv/linux/arch/riscv/kvm/vcpu_switch.S
[04:15:27] [spechunter] [Read] /home/yzs/riscv/linux/arch/riscv/kvm/vcpu.c
[04:15:38] [spechunter] [text] Let me check the full KVM register access chain to confirm sstatus isn't masked anywhere, and also look at the KVM CSR g...
[04:15:38] [spechunter] [Read] /home/yzs/riscv/linux/arch/riscv/kvm/vcpu_onereg.c
[04:15:38] [spechunter] [Grep] pattern='sstatus|SSTATUS'
[04:15:44] [spechunter] [text] Now I have all the information needed. Let me produce the security analysis.  
[04:15:44] [spechunter] [Read] /home/yzs/riscv/opensbi/lib/sbi/sbi_hart.c
[04:15:44] [spechunter] [Read] /home/yzs/riscv/opensbi/lib/sbi/sbi_hart.c
[04:15:44] [spechunter] [Read] /home/yzs/riscv/opensbi/lib/sbi/sbi_hart.c
[04:16:31] [spechunter] [text] Here is the security analysis.  ```json {   "findings": [     {       "file_path": "lib/sbi/sbi_hart.c",       "function...
[04:16:44] [spechunter] [text] Now let me check whether there are any additional ptrace regsets that touch sstatus, and verify the KVM VCPU load/store ...
[04:16:44] [spechunter] [Read] /home/yzs/riscv/linux/arch/riscv/kernel/ptrace.c
[04:16:44] [spechunter] [Read] /home/yzs/riscv/linux/arch/riscv/kvm/vcpu_switch.S
[04:17:53] [spechunter] [text] Now let me verify the SIGCONTEXT structure to understand whether status is actually exposed through signal frames, and a...
[04:17:53] [spechunter] [Read] /home/yzs/riscv/linux/arch/riscv/kvm/vcpu_exit.c
[04:17:53] [spechunter] [Grep] pattern='PTRACE_SETREGSET|PTRACE_GETREGSET|PTRACE_SETREGS'
[04:19:02] [spechunter] [text] Now I have a complete picture of the code. Let me verify one final detail about how `user_regset_copyin` handles the siz...
[04:19:02] [spechunter] [Grep] pattern='user_regset_copyin'
[04:19:02] [spechunter] [Grep] pattern='int user_regset_copyin'
[04:19:49] [spechunter] [Grep] pattern='KVM_ARCH_GUEST_SSTATUS'
[04:19:49] [spechunter] [Grep] pattern='guest_csr|guest_context'
[04:19:59] [spechunter] [Grep] pattern='guest_csr.*sstatus|guest_context.*sstatus'
[04:19:59] [spechunter] [Grep] pattern='kvm_arch_vcpu_load|kvm_arch_vcpu_put|kvm_riscv_vcpu_load'
[04:21:24] [spechunter] [text] Now I have a thorough understanding. Let me verify one final detail: whether the GPR ptrace regset actually touches the ...
[04:21:24] [spechunter] [Read] /home/yzs/riscv/linux/arch/riscv/include/uapi/asm/ptrace.h
[04:22:28] [spechunter] [text] Now I have all the data needed for the audit. Let me verify one more critical detail — the KVM VCPU run path to confirm ...
[04:22:28] [spechunter] [Read] /home/yzs/riscv/linux/arch/riscv/kvm/vcpu.c
[04:22:28] [spechunter] [Read] /home/yzs/riscv/linux/arch/riscv/kvm/vcpu_onereg.c
[04:24:40] [spechunter] [text] Now I have a complete picture. Here is the analysis:  ```json {   "findings": [     {       "file_path": "arch/riscv/inc...
[07:24:56] [spechunter] PR loaded: #706 riscv/riscv-fast-interrupt — "Smip: Introduce state bits to control the trap behavior"
[07:24:56] [spechunter]   diff: 1023 chars  body: 1 chars  reviews: 0
[07:24:56] [spechunter] Global pre-filter running...
[07:25:06] [spechunter] [text] {"should_skip": false}
[07:25:07] [spechunter] pre-filter: should_skip=False reason=""
[07:25:18] [spechunter] [text] {"should_skip": false, "skip_reason": "New SIPU/MIPU bits in mstatus/sstatus CSR affect S-mode trap behavior and are sof...
[07:25:20] [spechunter] [text] {"should_skip": false}
[07:25:23] [spechunter] [text] {"should_skip": false}
[07:25:27] [spechunter] [text] {"should_skip": false}
[07:25:40] [spechunter] [text] {"should_skip": false}
[07:25:41] [spechunter] [text] ```json {   "violation_condition": "OpenSBI saves and restores mstatus (e.g., during HSM suspend/resume or domain contex...
[07:25:54] [spechunter] [text] ```json {   "violation_condition": "QEMU implements MIPU/SIPU bits in mstatus/sstatus with incorrect encoding (unallocat...
[07:26:01] [spechunter] [Grep] pattern='mstatus'
[07:26:01] [spechunter] [Grep] pattern='MIPU|SIPU'
[07:26:01] [spechunter] [Grep] pattern='mstatus.*&=|mstatus.*\\|=|csr_write.*mstatus|csr_read.*mstatus.*csr_write|save.*mstatus|restore.*mstatus'
[07:26:05] [spechunter] [TodoWrite] 5 items
[07:26:06] [spechunter] [text] ```json {   "violation_condition": "Linux kernel context-switches a task with SIPU=1 (automatic interrupt stacking enabl...
[07:26:12] [spechunter] [text] Let me also check the mstatus bit definitions and the key functions more closely.  
[07:26:12] [spechunter] [Grep] pattern='MSTATUS_SDT|MSTATUS_SPP|MSTATUS_SPIE|MSTATUS_SPELP|MSTATUS_MPELP|MSTATUS_SIE|MSTATUS_MPP|MSTATUS_MPV|MSTATUS_FS|MSTATUS_VS|MSTATUSH'
[07:26:12] [spechunter] [Read] /home/yzs/riscv/opensbi/lib/sbi/sbi_trap.c
[07:26:13] [spechunter] [Grep] pattern='mipopret|sipopret'
[07:26:14] [spechunter] [Grep] pattern='mstatus.*MIPU|sstatus.*SIPU|MIPU|SIPU'
[07:26:14] [spechunter] [Grep] pattern='smpu|smip.*stack|automatic.*stacking|smip.*trap.*behavior'
[07:26:14] [spechunter] [Grep] pattern='SMIP|smip'
[07:26:18] [spechunter] [text] Let me start by searching broadly for mstatus save/restore patterns, CSR access patterns, and the relevant HSM/domain co...
[07:26:18] [spechunter] [Grep] pattern='mstatus'
[07:26:18] [spechunter] [Grep] pattern='suspend|resume|hsm'
[07:26:18] [spechunter] [Grep] pattern='domain.*context|context.*switch|context_save|context_restore'
[07:26:18] [spechunter] [TodoWrite] 4 items
[07:26:20] [spechunter] [text] ```json {   "violation_condition": "MIPU/SIPU bits are placed at unallocated encoding positions in mstatus/sstatus (spec...
[07:26:23] [spechunter] [text] Let me also check the headers and the firmware trap save/restore in detail, and look for the CSR definitions.  
[07:26:23] [spechunter] [Read] /home/yzs/riscv/opensbi/include/sbi/sbi_trap.h
[07:26:23] [spechunter] [Read] /home/yzs/riscv/opensbi/firmware/fw_base.S
[07:26:23] [spechunter] [Read] /home/yzs/riscv/opensbi/lib/sbi/sbi_hart.c
[07:26:23] [spechunter] [Read] /home/yzs/riscv/opensbi/include/sbi/riscv_fp.h
[07:26:29] [spechunter] [Grep] pattern='sstatus'
[07:26:29] [spechunter] [Grep] pattern='mstatus'
[07:26:29] [spechunter] [Grep] pattern='sipopret'
[07:26:29] [spechunter] [Grep] pattern='mipopret'
[07:26:29] [spechunter] [Grep] pattern='sipopret|SIPOPRET'
[07:26:29] [spechunter] [Grep] pattern='mipopret|MIPOPRET'
[07:26:31] [spechunter] [text] Let me read the key files in parallel.  
[07:26:31] [spechunter] [Read] /home/yzs/riscv/opensbi/lib/sbi/sbi_hsm.c
[07:26:31] [spechunter] [Read] /home/yzs/riscv/opensbi/lib/sbi/sbi_domain_context.c
[07:26:31] [spechunter] [Read] /home/yzs/riscv/opensbi/lib/sbi/sbi_hart.c
[07:26:31] [spechunter] [Read] /home/yzs/riscv/opensbi/include/sbi/sbi_trap.h
[07:26:31] [spechunter] [text] Let me also check the mstatus bit definitions and the domain context save/restore.  
[07:26:31] [spechunter] [Grep] pattern='^#define MSTATUS_'
[07:26:31] [spechunter] [Read] /home/yzs/riscv/opensbi/lib/sbi/sbi_sse.c
[07:26:31] [spechunter] [Read] /home/yzs/riscv/opensbi/lib/sbi/sbi_domain_context.c
[07:26:36] [spechunter] [text] Let me also verify by checking the relevant CSR source files directly.  
[07:26:36] [spechunter] [Grep] pattern='mipopret|sipopret|MIPU|SIPU'
[07:26:36] [spechunter] [Grep] pattern='mipopret|sipopret|MIPU|SIPU'
[07:26:36] [spechunter] [Grep] pattern='mipopret|sipopret|MIPU|SIPU'
[07:26:36] [spechunter] [Grep] pattern='smip|SMIP'
[07:26:37] [spechunter] [text] <｜DSML｜tool_calls> <｜DSML｜invoke name="Agent"> <｜DSML｜parameter name="description" string="true">Explore RISC-V entry.S ...
[07:26:37] [spechunter] [Agent] description, prompt
[07:26:40] [spechunter] [text] ```json {   "violation_condition": "FreeBSD kernel enables the Smip/Smaclic fast interrupt extension but does not save, ...
[07:26:42] [spechunter] [Grep] pattern='mipu|sipu|MIPU|SIPU|mipopret|sipopret|MIPOPRET|SIPOPRET|smip|SMIP|Smip'
[07:26:42] [spechunter] [Grep] pattern='automatic.*stack|stack.*automatic|auto.*stack|stack.*auto'
[07:26:42] [spechunter] [Grep] pattern='mstatus.*M[A-Z]|sstatus.*S[A-Z]'
[07:26:44] [spechunter] [Grep] pattern='MIPU|SIPU'
[07:26:44] [spechunter] [Grep] pattern='mipopret|sipopret'
[07:26:44] [spechunter] [Grep] pattern='mstatus'
[07:26:44] [spechunter] [Grep] pattern='sstatus'
[07:26:44] [spechunter] [text] Now let me read the SSE code for mstatus manipulation and the warm boot initialization path  
[07:26:44] [spechunter] [Read] /home/yzs/riscv/opensbi/lib/sbi/sbi_sse.c
[07:26:44] [spechunter] [Read] /home/yzs/riscv/opensbi/lib/sbi/sbi_init.c
[07:26:44] [spechunter] [Read] /home/yzs/riscv/opensbi/firmware/fw_base.S
[07:26:51] [spechunter] [Agent] description, prompt
[07:26:51] [spechunter] [Agent] description, prompt
[07:26:51] [spechunter] [Grep] pattern='mstatus'
[07:26:51] [spechunter] [Grep] pattern='SBI_SSE_ATTR_INTERRUPTED_FLAGS_SSTATUS'
[07:26:51] [spechunter] [Read] /home/yzs/riscv/opensbi/lib/sbi/sbi_illegal_atomic.c
[07:26:51] [spechunter] [Read] /home/yzs/riscv/opensbi/lib/sbi/sbi_unpriv.c
[07:26:55] [spechunter] [Grep] pattern='mipopret|sipopret|MIPU|SIPU'
[07:26:55] [spechunter] [Grep] pattern='smip|SMIP|Smsip|smsip'
[07:26:55] [spechunter] [Grep] pattern='smip|SMIP|Smsip|smsip'
[07:26:57] [spechunter] [text] Let me now look at the warm resume reinit path, and the hart switch mode function.  
[07:26:57] [spechunter] [Grep] pattern='sbi_hart_reinit|sbi_hart_switch_mode'
[07:26:57] [spechunter] [Read] /home/yzs/riscv/opensbi/lib/sbi/sbi_hart.c
[07:26:57] [spechunter] [Read] /home/yzs/riscv/opensbi/lib/sbi/sbi_trap.c
[07:27:01] [spechunter] [Grep] pattern='sstatus'
[07:27:01] [spechunter] [Grep] pattern='sstatus'
[07:27:01] [spechunter] [Grep] pattern='mstatus'
[07:27:01] [spechunter] [Grep] pattern='mstatus'
[07:27:01] [spechunter] [Grep] pattern='SIPU'
[07:27:01] [spechunter] [Grep] pattern='sipopret|mipopret|SIPOPRET|MIPOPRET'
[07:27:01] [spechunter] [Grep] pattern='handle_exception'
[07:27:01] [spechunter] [Grep] pattern='__switch_to'
[07:27:06] [spechunter] [text] Let me read the `sbi_hart_switch_mode` function and the full trap handler context, and also check the `csr_write(CSR_MST...
[07:27:06] [spechunter] [Read] /home/yzs/riscv/opensbi/lib/sbi/sbi_hart.c
[07:27:06] [spechunter] [Read] /home/yzs/riscv/opensbi/firmware/fw_base.S
[07:27:06] [spechunter] [Grep] pattern='MSTATUS_MPP|MSTATUS_SPP|MSTATUS_SPIE|MSTATUS_SIE|MSTATUS_SPELP|MSTATUS_SDT|MSTATUS_MPV|MSTATUS_FS|MSTATUS_VS|MSTATUS_MPELP'
[07:27:10] [spechunter] [Glob] **/*CSR*.*
[07:27:10] [spechunter] [Glob] **/*CSR*undle*.*
[07:27:10] [spechunter] [Grep] pattern='mstatus'
[07:27:10] [spechunter] [Grep] pattern='CLIC|clic'
[07:27:10] [spechunter] [Grep] pattern='mnstatus|snstatus'
[07:27:10] [spechunter] [Agent] description, subagent_type
[07:27:13] [spechunter] [text] Let me also check `lib/sbi/sbi_system.c` and the SSE interrupt context save/restore functions more closely for the SIPU/...
[07:27:13] [spechunter] [Read] /home/yzs/riscv/opensbi/lib/sbi/sbi_system.c
[07:27:13] [spechunter] [Grep] pattern='SPELP|SDT|sse_interrupted|sse_event_inject|sse_event_resume'
[07:27:13] [spechunter] [Grep] pattern='RISCV_SSE_ATTR|SBI_SSE_ATTR_INTERRUPTED'
[07:27:13] [spechunter] [text] ```json {   "locations": [],   "note": "No matches found. The affected entities (mipopret, sipopret, mstatus.MIPU, sstat...
[07:27:19] [spechunter] [Grep] pattern='MIPOPRET|SIPOPRET|mipopret|sipopret'
[07:27:19] [spechunter] [Grep] pattern='MSTATUS_MPU|MSTATUS_SPU|MSTATUS.*PU\\b'
[07:27:19] [spechunter] [Grep] pattern='SSTATUS.*PU|SPU'
[07:27:19] [spechunter] [Grep] pattern='sstatus'
[07:27:19] [spechunter] [Grep] pattern='sstatus'
[07:27:19] [spechunter] [Grep] pattern='SIPU|MIPU'
[07:27:19] [spechunter] [Grep] pattern='sstatus'
[07:27:19] [spechunter] [Grep] pattern='sstatus'
[07:27:19] [spechunter] [text] Let me check the SSE attribute validation code that references SPELP/SDT flags and the mscratch-related save/restore log...
[07:27:19] [spechunter] [Read] /home/yzs/riscv/opensbi/lib/sbi/sbi_sse.c
[07:27:19] [spechunter] [Read] /home/yzs/riscv/opensbi/lib/sbi/sbi_sse.c
[07:27:19] [spechunter] [Read] /home/yzs/riscv/opensbi/include/sbi/sbi_trap.h
[07:27:20] [spechunter] [Read] /home/yzs/riscv/linux/arch/riscv/kernel/entry.S
[07:27:20] [spechunter] [Glob] arch/riscv/include/asm/switch_to.h
[07:27:20] [spechunter] [Glob] arch/riscv/include/asm/thread_info.h
[07:27:20] [spechunter] [Glob] arch/riscv/include/asm/csr.h
[07:27:20] [spechunter] [Grep] pattern='struct pt_regs'
[07:27:20] [spechunter] [Grep] pattern='SIPU|sipu|SIP.*bit|automatic.interrupt.stack'
[07:27:20] [spechunter] [Grep] pattern='__switch_to|switch_to|cpu_switch_to'
[07:27:20] [spechunter] [Grep] pattern='CONFIG_RISCV_FAST_INTERRUPT|CONFIG_RISCV_INTERRUPT_STACKING|FAST_INTERRUPT'
[07:27:20] [spechunter] [Grep] pattern='sipopret|mipopret'
[07:27:25] [spechunter] [Read] /home/yzs/riscv/linux/arch/riscv/kernel/entry.S
[07:27:25] [spechunter] [Read] /home/yzs/riscv/linux/arch/riscv/kernel/entry.S
[07:27:25] [spechunter] [Grep] pattern='CSR_STATUS|SR_'
[07:27:25] [spechunter] [Grep] pattern='CSR_SSTATUS|CSR_MSTATUS|sstatus|SR_'
[07:27:25] [spechunter] [Grep] pattern='CSR_.*STATUS|SR_SPP|SR_SPIE|SR_SIE'
[07:27:25] [spechunter] [Grep] pattern='MIPU|SIPU'
[07:27:26] [spechunter] [Grep] pattern='mipopret|sipopret'
[07:27:26] [spechunter] [Grep] pattern='CLIC|clic'
[07:27:26] [spechunter] [Grep] pattern='smip|Smip|SMIP'
[07:27:26] [spechunter] [Grep] pattern='auto.*(stack|push|pop).*(trap|int)|stacking'
[07:27:26] [spechunter] [Grep] pattern='mstatus.*[Mm][Pp][Ii][Vv]|[Mm][Pp][Ee][Ll]|MIPEL'
[07:27:28] [spechunter] [text] No direct hits for "MIPU"/"SIPU" or "mipopret"/"sipopret". Let me broaden the search to find the relevant CSR field defi...
[07:27:28] [spechunter] [Grep] pattern='mipu|sipu'
[07:27:28] [spechunter] [Grep] pattern='MieMip'
[07:27:28] [spechunter] [Grep] pattern='mipopret|sipopret'
[07:27:28] [spechunter] [Grep] pattern='\\.mstatus|mstatusBits|MStatus'
[07:27:39] [spechunter] [text] Let me also check the specific vulnerability pattern elements.  
[07:27:39] [spechunter] [Grep] pattern='RISCV_FAST_INTERRUPT|CONFIG_RISCV_FAST_INTERRUPT'
[07:27:39] [spechunter] [Grep] pattern='SIPU'
[07:27:39] [spechunter] [Grep] pattern='PT_SIZE_ON_STACK|PT_STATUS|PT_EPC|PT_RA|pt_regs'
[07:27:39] [spechunter] [Read] /home/yzs/riscv/linux/arch/riscv/kernel/entry.S
[07:27:39] [spechunter] [Grep] pattern='SR_SUM|TASK_THREAD_SUM'
[07:27:40] [spechunter] [Grep] pattern='sstatus'
[07:27:40] [spechunter] [Grep] pattern='SSTATUS'
[07:27:40] [spechunter] [Grep] pattern='SIPU|MIPU|smip|smaclic|SMIP|MIPU|SMACLIC'
[07:27:40] [spechunter] [Grep] pattern='tf_sstatus'
[07:27:40] [spechunter] [Grep] pattern='csr_write|CSR_WRITE'
[07:27:40] [spechunter] [Glob] **/bhyve/**riscv*
[07:27:40] [spechunter] [Glob] **/bhyve/**/*riscv*
[07:27:40] [spechunter] [Read] /home/yzs/riscv/freebsd-src/sys/riscv/riscv/swtch.S
[07:27:40] [spechunter] [Read] /home/yzs/riscv/freebsd-src/sys/riscv/riscv/trap.c
[07:27:41] [spechunter] [Grep] pattern='SIPU|MIPU|SIP_|MIP_|_SIP'
[07:27:41] [spechunter] [Grep] pattern='SSTATUS_SIE|SSTATUS_SPIE|SSTATUS_SPP|SSTATUS_SUM|SSTATUS_FS'
[07:27:43] [spechunter] [Read] /home/yzs/riscv/linux/arch/riscv/include/asm/csr.h
[07:27:43] [spechunter] [Read] /home/yzs/riscv/linux/arch/riscv/include/asm/switch_to.h
[07:27:43] [spechunter] [Read] /home/yzs/riscv/linux/arch/riscv/include/asm/thread_info.h
[07:27:43] [spechunter] [Read] /home/yzs/riscv/linux/arch/riscv/include/asm/ptrace.h
[07:27:43] [spechunter] [Read] /home/yzs/riscv/linux/arch/riscv/kvm/vcpu_switch.S
[07:27:43] [spechunter] [Read] /home/yzs/riscv/linux/arch/riscv/kernel/process.c
[07:27:48] [spechunter] [Grep] pattern='mstatus|sstatus'
[07:27:48] [spechunter] [Grep] pattern='mstatus|sstatus'
[07:27:48] [spechunter] [Grep] pattern='def.*mstatus|Mstatus|val mstatus|val sstatus'
[07:27:48] [spechunter] [Grep] pattern='def.*sstatus|Sstatus|val sstatus'
[07:27:48] [spechunter] [Grep] pattern='mnstatus|snstatus'
[07:27:48] [spechunter] [Read] /home/yzs/riscv/XiangShan/src/main/scala/xiangshan/backend/fu/NewCSR/CSRBundles.scala
[07:27:48] [spechunter] [Read] /home/yzs/riscv/XiangShan/src/main/scala/xiangshan/backend/fu/NewCSR/CSRBundle.scala
[07:27:50] [spechunter] [text] No direct matches for MIPU/SIPU/mipopret/sipopret. Let me search for related interrupt priority and CLIC patterns, plus ...
[07:27:50] [spechunter] [Grep] pattern='mipopret|sipopret'
[07:27:50] [spechunter] [Grep] pattern='MIPU|SIPU'
[07:27:50] [spechunter] [Grep] pattern='CLIC|clint|interrupt.priority|irq.prio'
[07:27:50] [spechunter] [Grep] pattern='mip.*Bits|MipBits|CSRs\\.mip'
[07:27:57] [spechunter] [Read] /home/yzs/riscv/linux/arch/riscv/kernel/signal.c
[07:27:57] [spechunter] [Read] /home/yzs/riscv/linux/arch/riscv/kernel/ptrace.c
[07:27:57] [spechunter] [Grep] pattern='SIP|bit 16|0x10000|bit16'
[07:27:57] [spechunter] [Grep] pattern='sstatus|CSR_STATUS|SR_SIE|SR_SPIE'
[07:27:57] [spechunter] [Read] /home/yzs/riscv/linux/arch/riscv/kernel/compat_signal.c
[07:27:57] [spechunter] [Grep] pattern='struct pt_regs|CSR_STATUS|sstatus|PT_SIZE|PT_STATUS'
[07:27:57] [spechunter] [Grep] pattern='asm-offsets'
[07:27:57] [spechunter] [Read] /home/yzs/riscv/linux/arch/riscv/include/uapi/asm/ptrace.h
[07:27:57] [spechunter] [text] Now let me check for direct CSR set/clear on mstatus and any other code paths that write to mstatus CSR directly.  
[07:27:57] [spechunter] [Grep] pattern='csr_write\\(CSR_MSTATUS|csr_set\\(CSR_MSTATUS|csr_clear\\(CSR_MSTATUS|csrw.*mstatus'
[07:27:57] [spechunter] [Grep] pattern='CSR_MSTATUS'
[07:27:58] [spechunter] [Grep] pattern='SSTATUS_'
[07:27:58] [spechunter] [Grep] pattern='SSTATUS_'
[07:27:58] [spechunter] [Grep] pattern='CSR_SSTATUS'
[07:28:00] [spechunter] [text] No Smip implementation found at all. Let me now read the key files where it would need to be added — mstatus bit definit...
[07:28:00] [spechunter] [Grep] pattern='MSTATUS_SDT|MSTATUS_MDT|MSTATUS_MPELP|MSTATUS_SPELP|MSTATUS_MPV|MSTATUS_GVA'
[07:28:00] [spechunter] [Grep] pattern='mstatus.*write|write_mstatus|SSTATUS.*mask|MSTATUS.*mask'
[07:28:00] [spechunter] [Grep] pattern='smrnmi|SMRNMI|Smrnmi|mnpv|MNPV|MSTATEEN|mstateen|smstateen'
[07:28:04] [spechunter] [Read] /home/yzs/riscv/freebsd-src/sys/riscv/include/encoding.h
[07:28:04] [spechunter] [Read] /home/yzs/riscv/freebsd-src/sys/riscv/include/frame.h
[07:28:04] [spechunter] [Read] /home/yzs/riscv/freebsd-src/sys/riscv/riscv/exception.S
[07:28:04] [spechunter] [Read] /home/yzs/riscv/freebsd-src/sys/riscv/include/riscvreg.h
[07:28:04] [spechunter] [Read] /home/yzs/riscv/freebsd-src/sys/riscv/riscv/genassym.c
[07:28:04] [spechunter] [Read] /home/yzs/riscv/freebsd-src/sys/riscv/include/cpu.h
[07:28:04] [spechunter] [Read] /home/yzs/riscv/freebsd-src/sys/riscv/riscv/exec_machdep.c
[07:28:04] [spechunter] [Read] /home/yzs/riscv/freebsd-src/sys/riscv/riscv/vm_machdep.c
[07:28:04] [spechunter] [Read] /home/yzs/riscv/XiangShan/src/main/scala/xiangshan/backend/fu/NewCSR/MachineLevel.scala
[07:28:04] [spechunter] [Read] /home/yzs/riscv/XiangShan/src/main/scala/xiangshan/backend/fu/NewCSR/SupervisorLevel.scala
[07:28:04] [spechunter] [Read] /home/yzs/riscv/XiangShan/src/main/scala/xiangshan/backend/decode/isa/CSRs.scala
[07:28:04] [spechunter] [Grep] pattern='MstatusBundle'
[07:28:11] [spechunter] [text] Now I have all the data needed. Here is the comprehensive JSON report:  ```json {   "locations": [     {       "file_pat...
[07:28:19] [spechunter] [Grep] pattern='CLIC|clic|SMCLIC|smclic|SMNIP|smnip|Smnip'
[07:28:19] [spechunter] [Grep] pattern='smnip|Smnip|SMNIP'
[07:28:19] [spechunter] [Grep] pattern='trap.*stack|stack.*trap|push.*pop.*trap|auto.*push|auto.*pop|hardware.*save|hardware.*restore'
[07:28:19] [spechunter] [Grep] pattern='mstatus.*MPP|MPP.*mstatus|mstatus.*MPIE|MPIE.*mstatus|mstatus.*MPV'
[07:28:19] [spechunter] [Grep] pattern='xtvec|xmtvec|xstvec|xtvt|tvt|TVT'
[07:28:19] [spechunter] [Grep] pattern='shortcut|mret.*ret|sret.*ret|pret|popret'
[07:28:21] [spechunter] [Glob] arch/riscv/kernel/asm-offsets.c
[07:28:21] [spechunter] [Read] /home/yzs/riscv/linux/arch/riscv/kernel/suspend_entry.S
[07:28:21] [spechunter] [Read] /home/yzs/riscv/linux/arch/riscv/kernel/crash_save_regs.S
[07:28:21] [spechunter] [Read] /home/yzs/riscv/linux/arch/riscv/kernel/hibernate-asm.S
[07:28:21] [spechunter] [Grep] pattern='PT_SIZE|PT_STATUS|PT_EPC|PT_RA'
[07:28:21] [spechunter] [Grep] pattern='KVM_ARCH_HOST_SSTATUS|KVM_ARCH_GUEST_SSTATUS'
[07:28:26] [spechunter] [text] Now let me read the key files where Smip would need to be integrated  
[07:28:26] [spechunter] [Read] /home/yzs/riscv/qemu/target/riscv/cpu_bits.h
[07:28:26] [spechunter] [Read] /home/yzs/riscv/qemu/target/riscv/cpu_bits.h
[07:28:26] [spechunter] [Read] /home/yzs/riscv/qemu/target/riscv/csr.c
[07:28:27] [spechunter] [text] Let me also check if there are any SIPU-specific definitions or references anywhere in the tree, and look closer at the ...
[07:28:27] [spechunter] [Grep] pattern='SIPU|_SIPU|Smip|smip|SMIP'
[07:28:27] [spechunter] [Read] /home/yzs/riscv/freebsd-src/sys/riscv/riscv/swtch.S
[07:28:27] [spechunter] [Read] /home/yzs/riscv/freebsd-src/sys/riscv/vmm/vmm_riscv.c
[07:28:30] [spechunter] [Grep] pattern='sstatus'
[07:28:30] [spechunter] [Grep] pattern='sstatus'
[07:28:30] [spechunter] [Read] /home/yzs/riscv/freebsd-src/sys/riscv/include/cpufunc.h
[07:28:30] [spechunter] [Grep] pattern='sstatus'
[07:28:30] [spechunter] [Grep] pattern='sstatus'
[07:28:30] [spechunter] [Grep] pattern='sstatus|tf_sstatus|SSTATUS'
[07:28:30] [spechunter] [Grep] pattern='sstatus|SSTATUS'
[07:28:30] [spechunter] [Read] /home/yzs/riscv/freebsd-src/sys/riscv/vmm/riscv.h
[07:28:32] [spechunter] [Read] /home/yzs/riscv/qemu/target/riscv/csr.c
[07:28:32] [spechunter] [Read] /home/yzs/riscv/qemu/target/riscv/csr.c
[07:28:32] [spechunter] [Read] /home/yzs/riscv/qemu/target/riscv/csr.c
[07:28:39] [spechunter] [text] ```json {   "locations": [     {       "file_path": "arch/riscv/include/asm/csr.h",       "function_name": null,       "...
[07:28:40] [spechunter] [text] Now let me examine the trap delivery path where automatic stacking would be triggered, and look at how Smdbltrp (a simil...
[07:28:40] [spechunter] [Read] /home/yzs/riscv/qemu/target/riscv/cpu_helper.c
[07:28:40] [spechunter] [Read] /home/yzs/riscv/qemu/target/riscv/cpu_helper.c
[07:28:43] [spechunter] [Grep] pattern='stack.*trap|trap.*stack|pushtrap|poptrap|trap_push|trap_pop|trapStack|trap_stack'
[07:28:43] [spechunter] [Grep] pattern='CLIC|clic'
[07:28:43] [spechunter] [Grep] pattern='snstatus'
[07:28:43] [spechunter] [Read] /home/yzs/riscv/XiangShan/src/main/scala/xiangshan/backend/fu/NewCSR/InterruptFilter.scala
[07:28:43] [spechunter] [Read] /home/yzs/riscv/XiangShan/src/main/scala/xiangshan/backend/fu/NewCSR/TrapHandleModule.scala
[07:28:43] [spechunter] [Read] /home/yzs/riscv/XiangShan/src/main/scala/xiangshan/backend/fu/NewCSR/CSREvents/TrapEntryMNEvent.scala
[07:28:43] [spechunter] [Grep] pattern='mstatus|mip |sstatus|Status'
[07:28:43] [spechunter] [Grep] pattern='mstatus|sstatus|sip|mie|sie'
[07:28:43] [spechunter] [Grep] pattern='mip|mstatus|sip|interrupt|trap'
[07:28:43] [spechunter] [Grep] pattern='mip|mie|mstatus|interrupt|sip|sie'
[07:28:44] [spechunter] [Grep] pattern='sstatus|SSTATUS|spinlock_enter|spinlock_exit|initriscv|md_saved'
[07:28:44] [spechunter] [Read] /home/yzs/riscv/freebsd-src/sys/riscv/riscv/fpe.c
[07:28:44] [spechunter] [Grep] pattern='csr_write|sstatus'
[07:28:44] [spechunter] [Read] /home/yzs/riscv/freebsd-src/sys/riscv/include/ucontext.h
[07:28:44] [spechunter] [Read] /home/yzs/riscv/freebsd-src/sys/riscv/include/reg.h
[07:28:44] [spechunter] [Read] /home/yzs/riscv/freebsd-src/sys/riscv/include/proc.h
[07:28:44] [spechunter] [Read] /home/yzs/riscv/freebsd-src/sys/riscv/include/asm.h
[07:28:44] [spechunter] [Read] /home/yzs/riscv/freebsd-src/sys/riscv/vmm/vmm_switch.S
[07:28:45] [spechunter] [Read] /home/yzs/riscv/freebsd-src/sys/riscv/vmm/vmm_switch.S
[07:28:45] [spechunter] [Read] /home/yzs/riscv/freebsd-src/sys/riscv/vmm/vmm_switch.S
[07:28:45] [spechunter] [Read] /home/yzs/riscv/freebsd-src/sys/riscv/vmm/vmm_riscv.c
[07:28:46] [spechunter] [Read] /home/yzs/riscv/linux/arch/riscv/kernel/asm-offsets.c
[07:28:46] [spechunter] [Grep] pattern='suspend_restore_csrs|suspend_restore_regs'
[07:28:46] [spechunter] [Grep] pattern='sstatus|CSR_STATUS|HOST_SSTATUS|GUEST_SSTATUS'
[07:28:46] [spechunter] [Grep] pattern='sstatus|sipopret|mipopret|interrupt.*stack|push.*pop'
[07:28:49] [spechunter] [Grep] pattern='mnstatus|mnepc|mncause|mntval|mnscratch|mnscratchcsw|mnscratchcswl'
[07:28:49] [spechunter] [Grep] pattern='mnepc|mncause|mntval|mnstatus|IntSpike|NMIE|NMI'
[07:28:49] [spechunter] [Grep] pattern='intrVec|plic|PLIC|PLIC_CTRL|TLPLIC|AXI4Plic'
[07:28:49] [spechunter] [Grep] pattern='MtvecMode|XtvecMode|mtvecMode|xtvecMode'
[07:28:49] [spechunter] [Grep] pattern='MNretEvent|TrapEntryMNEvent'
[07:28:53] [spechunter] [text] Now let me look at the exception.S for the full save/restore flow and also check `intr_restore` usage
[07:28:53] [spechunter] [Read] /home/yzs/riscv/freebsd-src/sys/riscv/riscv/exception.S
[07:28:53] [spechunter] [Read] /home/yzs/riscv/freebsd-src/sys/riscv/riscv/exception.S
[07:28:53] [spechunter] [Read] /home/yzs/riscv/freebsd-src/sys/riscv/riscv/machdep.c
[07:28:55] [spechunter] [text] Let me continue reading the rest of the trap delivery (M-mode path) and check other integration points  
[07:28:55] [spechunter] [Read] /home/yzs/riscv/qemu/target/riscv/cpu_helper.c
[07:28:55] [spechunter] [Read] /home/yzs/riscv/qemu/target/riscv/op_helper.c
[07:28:56] [spechunter] [Grep] pattern='class MstatusBundle|MstatusBundle|MipBundle|SipBundle|ContextStatus|SDT|MDT|MPV'
[07:28:56] [spechunter] [Grep] pattern='class MipBundle|class SipBundle|class MstatusBundle|class SstatusBundle'
[07:28:56] [spechunter] [Grep] pattern='trap.*stack|stack.*trap|automatic.*stack|CSREvent.*Trap'
[07:28:56] [spechunter] [Glob] **/NewCSR/*Bundle*.scala
[07:28:58] [spechunter] [Read] /home/yzs/riscv/XiangShan/src/main/scala/xiangshan/backend/fu/NewCSR/VirtualSupervisorLevel.scala
[07:28:58] [spechunter] [Read] /home/yzs/riscv/XiangShan/src/main/scala/xiangshan/backend/fu/NewCSR/CSRFields.scala
[07:28:58] [spechunter] [Grep] pattern='reserved|Reserved|unalloc|unused'
[07:28:58] [spechunter] [Grep] pattern='reserved|Reserved|unalloc'
[07:29:05] [spechunter] [Read] /home/yzs/riscv/qemu/target/riscv/op_helper.c
[07:29:05] [spechunter] [Grep] pattern='MSTATUS_MPELP|MSTATUS_SPELP|SSDBLTRP|SMDDBLTRP|ext_ssdbltrp|ext_smdbltrp|ext_zicfilp'
[07:29:05] [spechunter] [Grep] pattern='ext_ssdbltrp|ext_smdbltrp|ext_zicfilp'
[07:29:10] [spechunter] [Read] /home/yzs/riscv/linux/arch/riscv/include/asm/suspend.h
[07:29:10] [spechunter] [Grep] pattern='suspend_restore_csrs|suspend_restore_regs|PT_SIZE_ON_STACK'
[07:29:10] [spechunter] [Read] /home/yzs/riscv/linux/arch/riscv/include/asm/kvm_host.h
[07:29:10] [spechunter] [Read] /home/yzs/riscv/linux/arch/riscv/kvm/vcpu.c
[07:29:11] [spechunter] [Read] /home/yzs/riscv/freebsd-src/sys/riscv/riscv/swtch.S
[07:29:11] [spechunter] [Read] /home/yzs/riscv/freebsd-src/sys/riscv/riscv/vm_machdep.c
[07:29:12] [spechunter] [Read] /home/yzs/riscv/XiangShan/src/main/scala/xiangshan/backend/fu/NewCSR/InterruptBundle.scala
[07:29:12] [spechunter] [Read] /home/yzs/riscv/XiangShan/src/main/scala/xiangshan/backend/fu/NewCSR/MachineLevel.scala
[07:29:12] [spechunter] [Read] /home/yzs/riscv/XiangShan/src/main/scala/xiangshan/backend/fu/NewCSR/SupervisorLevel.scala
[07:29:13] [spechunter] [Read] /home/yzs/riscv/XiangShan/src/main/scala/xiangshan/backend/fu/NewCSR/TrapHandleModule.scala
[07:29:13] [spechunter] [Read] /home/yzs/riscv/XiangShan/src/main/scala/xiangshan/backend/fu/NewCSR/CSREvents/TrapEntryMNEvent.scala
[07:29:13] [spechunter] [Read] /home/yzs/riscv/XiangShan/src/main/scala/xiangshan/backend/fu/NewCSR/CSREvents/MNretEvent.scala
[07:29:13] [spechunter] [Grep] pattern='smtp|SMTP|Smtp|smtpush|Smtpush|smtpop|Smtpop'
[07:29:13] [spechunter] [Grep] pattern='mtvt|stvt|vstvt|utvt'
[07:29:13] [spechunter] [Grep] pattern='priority.*interrupt|interrupt.*priority|IPRIO|iprio'
[07:29:14] [spechunter] [Read] /home/yzs/riscv/qemu/target/riscv/machine.c
[07:29:14] [spechunter] [Grep] pattern='ext_ssdbltrp|ext_smdbltrp|ext_zicfilp|ext_smrnmi|ext_smstateen|ext_smctr|ext_ssctr'
[07:29:14] [spechunter] [Grep] pattern='kvm_riscv_get_csr|kvm_riscv_put_csr|mstatus.*kvm|sstatus.*kvm'
[07:29:16] [spechunter] [Read] /home/yzs/riscv/XiangShan/src/main/scala/xiangshan/backend/fu/NewCSR/NewCSR.scala
[07:29:16] [spechunter] [Read] /home/yzs/riscv/XiangShan/src/main/scala/xiangshan/backend/fu/NewCSR/CSRDefines.scala
[07:29:16] [spechunter] [Read] /home/yzs/riscv/XiangShan/src/main/scala/xiangshan/backend/fu/NewCSR/NewCSR.scala
[07:29:18] [spechunter] [text] Now let me check the INSERT_FIELD macro and the SET_FS_DIRTY pattern mentioned in the includes
[07:29:18] [spechunter] [Grep] pattern='INSERT_FIELD'
[07:29:18] [spechunter] [Read] /home/yzs/riscv/opensbi/include/sbi/riscv_fp.h
[07:29:18] [spechunter] [Grep] pattern='SET_FS_DIRTY|regs->mstatus\\s*\\|='
[07:29:24] [spechunter] [Grep] pattern='class.*Bundle|Mstatus|mstatus'
[07:29:24] [spechunter] [Grep] pattern='xtvt|Xtvt|xtvec|Xtvec|XTVT|xtvt|cause.*vector|vectored.*int|intr.*vector'
[07:29:24] [spechunter] [Glob] **/*aclic*
[07:29:24] [spechunter] [Glob] **/*smnip*
[07:29:24] [spechunter] [Glob] **/*smidctrl*
[07:29:24] [spechunter] [Glob] **/*smtp*
[07:29:24] [spechunter] [Read] /home/yzs/riscv/linux/arch/riscv/include/asm/processor.h
[07:29:24] [spechunter] [Grep] pattern='sstatus|CSR_STATUS|SR_SUM|status.*save|status.*restore'
[07:29:24] [spechunter] [Grep] pattern='avail|dfr|sfr|stayso|datso/|insf/|mstatus.*bit|sstatus.*bit'
[07:29:24] [spechunter] [Grep] pattern='sstatus.*16|bit 16|SSTATUS.*DTS|SSTATUS.*MPV|SSTATUS.*GVA|SSTATUS.*SDT'
[07:29:27] [spechunter] [Grep] pattern='initriscv'
[07:29:27] [spechunter] [Read] /home/yzs/riscv/freebsd-src/sys/riscv/include/gdb_machdep.h
[07:29:27] [spechunter] [Glob] usr.sbin/bhyve/riscv/*
[07:29:27] [spechunter] [Read] /home/yzs/riscv/freebsd-src/sys/riscv/riscv/pmap.c
[07:29:27] [spechunter] [Grep] pattern='csr_write|sstatus|intr_disable|intr_enable|intr_restore'
[07:29:28] [spechunter] [text] Let me look deeper to see if any Smip-related code or recent changes about mstatus.SIPU/mstatus.MIPU exist anywhere.  
[07:29:28] [spechunter] [Grep] pattern='smip|Smaia|interrupt.priority'
[07:29:28] [spechunter] [Read] /home/yzs/riscv/XiangShan/src/main/scala/xiangshan/backend/fu/NewCSR/MachineLevel.scala
[07:29:28] [spechunter] [Grep] pattern='CSRs\\.mstatus|CSRs\\.sstatus|0x300|0x100'
[07:29:28] [spechunter] [Read] /home/yzs/riscv/XiangShan/src/main/scala/xiangshan/backend/fu/NewCSR/SupervisorLevel.scala
[07:29:29] [spechunter] [Grep] pattern='SIPU|MIPU|SSTATUS_SIPU|SSTATUS_MIPU|HSTATUS_SIPU|HSTATUS_MIPU'
[07:29:29] [spechunter] [Grep] pattern='sipu|mipu'
[07:29:32] [spechunter] [Read] /home/yzs/riscv/qemu/target/riscv/kvm/kvm-cpu.c
[07:29:32] [spechunter] [Read] /home/yzs/riscv/qemu/target/riscv/cpu.c
[07:29:32] [spechunter] [Grep] pattern='env\\.mstatus|mstatus'
[07:29:37] [spechunter] [text] Let me check the INSERT_FIELD macro and the warm-boot assembly entry path.  
[07:29:37] [spechunter] [Read] /home/yzs/riscv/opensbi/include/sbi/sbi_bitops.h
[07:29:37] [spechunter] [Grep] pattern='warmboot|_warm_|warm'
[07:29:37] [spechunter] [Grep] pattern='_start_warm|warmboot_addr'
[07:29:40] [spechunter] [Read] /home/yzs/riscv/XiangShan/src/main/scala/xiangshan/backend/fu/NewCSR/CSRBundles.scala
[07:29:40] [spechunter] [Read] /home/yzs/riscv/XiangShan/src/main/scala/xiangshan/backend/decode/isa/CSRs.scala
[07:29:40] [spechunter] [Read] /home/yzs/riscv/XiangShan/src/main/scala/xiangshan/backend/fu/NewCSR/HypervisorLevel.scala
[07:29:40] [spechunter] [Grep] pattern='XtvecMode'
[07:29:40] [spechunter] [Grep] pattern='smrnmi|Smrnmi|SMRNMI|resumable.NMI|resumableNMI'
[07:29:42] [spechunter] [Read] /home/yzs/riscv/opensbi/firmware/fw_base.S
[07:29:42] [spechunter] [Read] /home/yzs/riscv/opensbi/include/sbi/riscv_encoding.h
[07:29:45] [spechunter] [Grep] pattern='0x00010000|0x10000'
[07:29:45] [spechunter] [Grep] pattern='pushpc|pushpopd|pushpopx|pushpop|dret|DRET'
[07:29:45] [spechunter] [Grep] pattern='Zicfilp|Zicfiss|Zicsr|extension.*interrupt'
[07:29:45] [spechunter] [Grep] pattern='RISCV_ISA_EXT|riscv_isa_ext'
[07:29:45] [spechunter] [Read] /home/yzs/riscv/linux/arch/riscv/kernel/signal.c
[07:29:49] [spechunter] [Grep] pattern='CSRAIA|IprioBundle|miprios|hsiprios'
[07:29:49] [spechunter] [Grep] pattern='trap|interrupt|cause|vec'
[07:29:49] [spechunter] [Read] /home/yzs/riscv/XiangShan/src/main/scala/xiangshan/backend/fu/NewCSR/MachineLevel.scala
[07:29:50] [spechunter] [Grep] pattern='smip|MIPU|SIPU|mipu|sipu|smip|SmiP'
[07:29:50] [spechunter] [Grep] pattern='mipopret|sipopret|MIPOPRET|SIPOPRET'
[07:29:50] [spechunter] [Grep] pattern='read_vsstatus|write_vsstatus'
[07:29:54] [spechunter] [Grep] pattern='XtvecMode'
[07:29:54] [spechunter] [Grep] pattern='nmi|smrnmi|NMI'
[07:29:54] [spechunter] [Grep] pattern='smrnmi|smdbltrp|HasNMI|NMIE|CLIC|clic'
[07:29:54] [spechunter] [Grep] pattern='MIPU|SIPU|mipopret|sipopret'
[07:29:58] [spechunter] [Grep] pattern='stack.*trap|trap.*stack|push.*trap|pop.*trap'
[07:29:58] [spechunter] [Grep] pattern='CLIC|clic'
[07:29:58] [spechunter] [Grep] pattern='sbstatus|vsstatus'
[07:30:04] [spechunter] [text] Let me also check for recent git activity related to this PR topic.  
[07:30:04] [spechunter] [Bash] Check recent git commits related to Smip/MIPU/SIPU
[07:30:04] [spechunter] [Read] /home/yzs/riscv/XiangShan/src/main/scala/xiangshan/backend/fu/NewCSR/CSREvents/TrapEntryMEvent.scala
[07:30:04] [spechunter] [Read] /home/yzs/riscv/XiangShan/src/main/scala/xiangshan/backend/fu/NewCSR/CSREvents/TrapEntryHSEvent.scala
[07:30:09] [spechunter] [text] Let me check the spec file and look for any related trap-behavior code.  
[07:30:09] [spechunter] [Read] /home/yzs/riscv/qemu/target/riscv/insn_trans/trans_privileged.c.inc
[07:30:09] [spechunter] [Grep] pattern='mret|sret|mnret|uret|mnreti'
[07:30:11] [spechunter] [Read] /home/yzs/riscv/XiangShan/smtp_trap_pushpop_audit.json
[07:30:11] [spechunter] [Read] /home/yzs/riscv/XiangShan/aclic_child_index_hardcoded_1_findings.json
[07:30:11] [spechunter] [Read] /home/yzs/riscv/XiangShan/aclic_v3_mmio_spec_violation.json
[07:30:11] [spechunter] [Grep] pattern='val (mstatus|sstatus|vsstatus|mnstatus)'
[07:30:14] [spechunter] [Grep] pattern='mtvt|tvt|mtvt2|clic|CLIC|stack|push|pop'
[07:30:14] [spechunter] [Grep] pattern='mtvt|mtvt2|tvt|mnxti|mintstatus|mscratchcsw|intstatus|scratchcsw'
[07:30:14] [spechunter] [Grep] pattern='mscratchcswl|mnscratchcsw|mnscratchcswl'
[07:30:14] [spechunter] [Grep] pattern='InterruptNO|interruptNO|SSIP|STIP|SEIP|MSIP|MTIP|MEIP|VSSIP|VSTIP|VSEIP'
[07:30:16] [spechunter] [Read] /home/yzs/riscv/qemu/target/riscv/insn_trans/trans_privileged.c.inc
[07:30:16] [spechunter] [Grep] pattern='aclic|CLIC|clic'
[07:30:16] [spechunter] [Grep] pattern='aclic|CLIC|clic'
[07:30:17] [spechunter] [text] Let me also check the InterruptFilter IO bundle definition and the NewCSR main file for how interrupts are wired.  
[07:30:17] [spechunter] [Read] /home/yzs/riscv/XiangShan/src/main/scala/xiangshan/backend/fu/NewCSR/InterruptFilter.scala
[07:30:17] [spechunter] [Grep] pattern='mstatus|sstatus'
[07:30:17] [spechunter] [Grep] pattern='mstatus|sstatus|mip|sip|interrupt'
[07:30:24] [spechunter] [Grep] pattern='opret'
[07:30:24] [spechunter] [Grep] pattern='helper_sret'
[07:30:24] [spechunter] [Grep] pattern='RISCV_OP_|RISCV_INSN|opcodes'
[07:30:27] [spechunter] [text] ```json {   "locations": [     {       "file_path": "sys/riscv/include/riscvreg.h",       "function_name": "(header defi...
[07:30:40] [spechunter] [TodoWrite] 4 items
[07:30:41] [spechunter] [Grep] pattern='mtvt|stvt|vstvt|utvt|mnxti|mintstatus|mscratchcsw|scratchcsw'
[07:30:41] [spechunter] [Grep] pattern='tvt|mnxti|intstatus'
[07:30:41] [spechunter] [Read] /home/yzs/riscv/XiangShan/src/main/scala/xiangshan/backend/decode/isa/CSRs.scala
[07:30:41] [spechunter] [Read] /home/yzs/riscv/XiangShan/src/main/scala/xiangshan/backend/decode/isa/CSRs.scala
[07:30:44] [spechunter] [text] Now let me look at the system suspend path and check for any additional mstatus CSR access patterns
[07:30:44] [spechunter] [Read] /home/yzs/riscv/opensbi/lib/sbi/sbi_system.c
[07:30:44] [spechunter] [Grep] pattern='csr_read\\(CSR_MSTATUS\\)|csrr.*mstatus'
[07:30:50] [spechunter] [text] Let me read the `fp_init` function in `sbi_hart.c`, which is called during both cold and warm boot  
[07:30:50] [spechunter] [Read] /home/yzs/riscv/opensbi/lib/sbi/sbi_hart.c
[07:30:50] [spechunter] [Read] /home/yzs/riscv/opensbi/lib/sbi/sbi_ecall_hsm.c
[07:30:50] [spechunter] [Read] /home/yzs/riscv/opensbi/lib/sbi/sbi_double_trap.c
[07:30:52] [spechunter] [text] Now let me compile the comprehensive findings into the output JSON.  
[07:30:52] [spechunter] [Bash] Get HEAD commit for tracking
[07:30:53] [spechunter] [text] Here are my findings. The specific entities **MIPU**, **SIPU**, **mipopret**, and **sipopret** do **not exist** in the X...
[07:31:14] [spechunter] [TodoWrite] 4 items
[07:31:23] [spechunter] [Grep] pattern='auto.*save|autosave|spilled|spill.*reg|reg.*spill|context.*save|context.*restore|callee.*save|caller.*save'
[07:31:23] [spechunter] [Grep] pattern='trap.*entry|entry.*trap|trapEntry|CSRWriteQueue|trapPC'
[07:31:26] [spechunter] [text] Let me verify the exact line numbers and details in the key files
[07:31:26] [spechunter] [Read] /home/yzs/riscv/freebsd-src/sys/riscv/riscv/exception.S
[07:31:26] [spechunter] [Read] /home/yzs/riscv/freebsd-src/sys/riscv/riscv/swtch.S
[07:31:26] [spechunter] [Read] /home/yzs/riscv/freebsd-src/sys/riscv/include/riscvreg.h
[07:31:43] [spechunter] [text] Let me verify the sstatus WARL behavior to confirm the bit mask issue.  
[07:31:43] [spechunter] [Read] /home/yzs/riscv/qemu/target/riscv/csr.c
[07:31:45] [spechunter] [text] Let me also check the VMM switch and exec_machdep.c signal paths
[07:31:45] [spechunter] [Read] /home/yzs/riscv/freebsd-src/sys/riscv/vmm/vmm_switch.S
[07:31:45] [spechunter] [Read] /home/yzs/riscv/freebsd-src/sys/riscv/riscv/exec_machdep.c
[07:31:45] [spechunter] [Read] /home/yzs/riscv/freebsd-src/sys/riscv/riscv/vm_machdep.c
[07:31:45] [spechunter] [Read] /home/yzs/riscv/freebsd-src/sys/riscv/riscv/trap.c
[07:31:45] [spechunter] [Read] /home/yzs/riscv/freebsd-src/sys/riscv/include/frame.h
[07:31:45] [spechunter] [Grep] pattern='SSTATUS_UPIE'
[07:31:59] [spechunter] [Grep] pattern='stvt|snxti|sintstatus|sscratchcsw'
[07:31:59] [spechunter] [Grep] pattern='mtvt|mnxti|mintstatus|mscratchcsw|scratchcswl'
[07:31:59] [spechunter] [Grep] pattern='utvt|unxti|uintstatus|uscratchcsw'
[07:31:59] [spechunter] [Grep] pattern='vstvt|tvt'
[07:32:48] [spechunter] [text] Excellent analysis from the explorer. Let me verify a few critical details before producing the final JSON.  
[07:32:48] [spechunter] [Grep] pattern='sipopret|mipopret|SIPU|sipu|SR_SIPU|SR_SIPC|sipc'
[07:32:48] [spechunter] [Read] /home/yzs/riscv/linux/arch/riscv/kernel/entry.S
[07:32:48] [spechunter] [Read] /home/yzs/riscv/linux/arch/riscv/kernel/entry.S
[07:32:59] [spechunter] [text] Let me check a few more critical paths — sip CSR handling, TRAPF_USERMODE, and interrupt entry code.  
[07:32:59] [spechunter] [Grep] pattern='csr.*sip|csr.*sip|SIP_|mip|MIP_'
[07:32:59] [spechunter] [Grep] pattern='TRAPF_USERMODE'
[07:32:59] [spechunter] [Read] /home/yzs/riscv/freebsd-src/sys/riscv/include/cpu.h
[07:32:59] [spechunter] [Grep] pattern='csrr.*sip|csrw.*sip|csrrci.*sip|csrsi.*sip|csr.*mip'
[07:33:10] [spechunter] [text] Let me also check for hvip/vsie/hideleg and the broader interrupt delegation path  
[07:33:10] [spechunter] [Grep] pattern='hvip|vssip|vsie|hie|HIDELEG|hideleg|HGEIE|hgeie|HGEIP|hgeip'
[07:33:10] [spechunter] [Grep] pattern='stopei|STOPEI|stopi|STOPI|vstopi|VSTOPI'
[07:33:10] [spechunter] [Read] /home/yzs/riscv/freebsd-src/sys/riscv/riscv/page_fault_handler
[07:33:13] [spechunter] [Read] /home/yzs/riscv/linux/arch/riscv/include/asm/csr.h
[07:33:13] [spechunter] [Read] /home/yzs/riscv/linux/arch/riscv/include/asm/ptrace.h
[07:33:13] [spechunter] [Read] /home/yzs/riscv/linux/arch/riscv/kernel/entry.S
[07:33:13] [spechunter] [Read] /home/yzs/riscv/linux/arch/riscv/kernel/signal.c
[07:33:16] [spechunter] [text] Let me dig deeper into a few specific areas that could be semantically affected even without explicit MIPU/SIPU referenc...
[07:33:16] [spechunter] [Bash] Check if aclic.adoc spec file exists
[07:33:16] [spechunter] [Grep] pattern='MRET|SRET|mret|sret'
[07:33:16] [spechunter] [Grep] pattern='mipopret|sipopret|ipopret|opret|MIPOPRET|SIPOPRET'
[07:33:16] [spechunter] [Read] /home/yzs/riscv/XiangShan/src/main/scala/xiangshan/backend/fu/NewCSR/MachineLevel.scala
[07:33:21] [spechunter] [Read] /home/yzs/riscv/XiangShan/src/main/scala/xiangshan/backend/fu/NewCSR/CSREvents/MretEvent.scala
[07:33:21] [spechunter] [Read] /home/yzs/riscv/XiangShan/src/main/scala/xiangshan/backend/fu/NewCSR/CSREvents/SretEvent.scala
[07:33:21] [spechunter] [Read] /home/yzs/riscv/XiangShan/src/main/scala/xiangshan/backend/fu/NewCSR/CSREvents/MNretEvent.scala
[07:33:27] [spechunter] [text] Here is the analysis output:  ```json {   "target": "qemu",   "commit": "9add702cd57f",   "branch": "fix-scountinhibit-c...
[07:33:40] [spechunter] [text] Let me now check the trap entry events and the instruction decoder for any related instruction encodings.  
[07:33:40] [spechunter] [Read] /home/yzs/riscv/XiangShan/src/main/scala/xiangshan/backend/fu/NewCSR/CSREvents/TrapEntryMEvent.scala
[07:33:40] [spechunter] [Read] /home/yzs/riscv/XiangShan/src/main/scala/xiangshan/backend/fu/NewCSR/CSREvents/TrapEntryHSEvent.scala
[07:33:40] [spechunter] [Read] /home/yzs/riscv/XiangShan/src/main/scala/xiangshan/backend/fu/NewCSR/CSREvents/TrapEntryVSEvent.scala
[07:33:40] [spechunter] [Read] /home/yzs/riscv/XiangShan/src/main/scala/xiangshan/backend/fu/NewCSR/CSREvents/TrapEntryMNEvent.scala
[07:33:41] [spechunter] [Grep] pattern='restore_sigcontext|setup_sigcontext|regs->status|PT_STATUS|SR_SIE|SR_SPIE|SR_SPP'
[07:33:41] [spechunter] [Grep] pattern='sstatus|status|CSR_STATUS'
[07:33:41] [spechunter] [Grep] pattern='start_thread|regs->status'
[07:33:41] [spechunter] [Read] /home/yzs/riscv/linux/arch/riscv/include/asm/switch_to.h
[07:33:42] [spechunter] [Grep] pattern='smi[pn]'
[07:33:42] [spechunter] [Grep] pattern='smstateen|mstateen|hstateen|siselect'
[07:33:42] [spechunter] [Bash] Recent commits for context
[07:33:46] [spechunter] [Read] /home/yzs/riscv/linux/arch/riscv/kernel/signal.c
[07:33:46] [spechunter] [Read] /home/yzs/riscv/linux/arch/riscv/kernel/signal.c
[07:33:46] [spechunter] [Read] /home/yzs/riscv/linux/arch/riscv/kvm/vcpu_switch.S
[07:33:58] [spechunter] [TodoWrite] 5 items
[07:33:59] [spechunter] [Grep] pattern='SR_PIE|SR_PP'
[07:33:59] [spechunter] [Grep] pattern='csrw CSR_SSTATUS|csrs CSR_SSTATUS|csrc CSR_SSTATUS|csrr.*CSR_SSTATUS|CSR_STATUS'
[07:33:59] [spechunter] [Read] /home/yzs/riscv/linux/arch/riscv/kernel/signal.c
[07:34:01] [spechunter] [Read] /home/yzs/riscv/XiangShan/src/main/scala/xiangshan/backend/fu/NewCSR/CSRBundle.scala
[07:34:01] [spechunter] [Read] /home/yzs/riscv/XiangShan/src/main/scala/xiangshan/backend/fu/NewCSR/TrapHandleModule.scala
[07:34:01] [spechunter] [Grep] pattern='smnip|smip|Smip|Smnip|CLIC|clic|ziclic'
[07:34:03] [spechunter] [Grep] pattern='smip|smiptr|smips'
[07:34:03] [spechunter] [Grep] pattern='smcntrpmf|smstateen'
[07:34:03] [spechunter] [Grep] pattern='SCTR|MPT[RS]|mpt[rs]|sctr'
[07:34:19] [spechunter] [text] 现在我有足够的信息来生成完整的审计报告。以下是综合 JSON：  ```json {   "target": "freebsd-src",   "pr_title": "Smip: Introduce state bits to contr...
[07:34:20] [spechunter] [Grep] pattern='smnip|smip|Smip|Smnip|CLIC|clic|ziclic'
[07:34:20] [spechunter] [Read] /home/yzs/riscv/XiangShan/src/main/scala/xiangshan/backend/decode/isa/CSRs.scala
[07:34:20] [spechunter] [Read] /home/yzs/riscv/XiangShan/src/main/scala/xiangshan/backend/fu/NewCSR/SupervisorLevel.scala
[07:34:24] [spechunter] [Bash] Check branch commits for SMIP context
[07:34:24] [spechunter] [Bash] Check uncommitted changes on the branch
[07:34:24] [spechunter] [Grep] pattern='smip'
[07:34:27] [spechunter] [Read] /home/yzs/riscv/XiangShan/src/main/scala/xiangshan/backend/fu/NewCSR/InterruptFilter.scala
[07:34:27] [spechunter] [Grep] pattern='priority|preempt|threshold|iprio|IRQ_PRIO'
[07:34:27] [spechunter] [Grep] pattern='InterruptPendingBundle|InterruptEnableBundle'
[07:34:35] [spechunter] [Read] /home/yzs/riscv/XiangShan/src/main/scala/xiangshan/backend/fu/NewCSR/InterruptBundle.scala
[07:34:35] [spechunter] [Grep] pattern='smip|smnip|clic|CLIC'
[07:34:35] [spechunter] [Grep] pattern='mnstatusIPU|mnstatusSIPU|MIPU|SIPU|virtual.interrupt|virtualInterrupt'
[07:34:35] [spechunter] [text] Let me verify the domain context initialization to confirm the zero-init issue
[07:34:35] [spechunter] [Read] /home/yzs/riscv/opensbi/lib/sbi/sbi_domain_context.c
[07:34:35] [spechunter] [Read] /home/yzs/riscv/opensbi/lib/sbi/sbi_trap.c
[07:34:45] [spechunter] [text] Both search pipelines returned empty results. The slow-path locations are all `:0-0` (invalid/empty placeholders), and t...
[07:34:57] [spechunter] [text] I'll cross-validate each fast-path location against the actual FreeBSD RISC-V kernel code. Let me start by reading the k...
[07:34:57] [spechunter] [Read] /home/yzs/riscv/freebsd-src/sys/riscv/include/riscvreg.h
[07:34:57] [spechunter] [Read] /home/yzs/riscv/freebsd-src/sys/riscv/include/encoding.h
[07:34:57] [spechunter] [Read] /home/yzs/riscv/freebsd-src/sys/riscv/riscv/exception.S
[07:34:57] [spechunter] [Read] /home/yzs/riscv/freebsd-src/sys/riscv/riscv/exception.S
[07:35:09] [spechunter] [text] Now I have a thorough understanding of the code. Let me look at one more thing – the `INSERT_FIELD` behavior more precis...
[07:35:09] [spechunter] [Read] /home/yzs/riscv/opensbi/include/sbi/sbi_bitops.h
[07:35:09] [spechunter] [Read] /home/yzs/riscv/opensbi/lib/sbi/sbi_trap.c
[07:35:24] [spechunter] [Read] /home/yzs/riscv/freebsd-src/sys/riscv/riscv/swtch.S
[07:35:24] [spechunter] [Read] /home/yzs/riscv/freebsd-src/sys/riscv/riscv/trap.c
[07:35:24] [spechunter] [Read] /home/yzs/riscv/freebsd-src/sys/riscv/riscv/trap.c
[07:35:24] [spechunter] [Read] /home/yzs/riscv/freebsd-src/sys/riscv/riscv/trap.c
[07:35:25] [spechunter] [text] I'll systematically audit the QEMU codebase for SMIP-related security issues. Let me start by searching for the key patt...
[07:35:25] [spechunter] [Grep] pattern='MIPU|SIPU|mipopret|sipopret|smip'
[07:35:25] [spechunter] [Grep] pattern='smpu'
[07:35:25] [spechunter] [Grep] pattern='automatic.*stack|stacking'
[07:35:38] [spechunter] [text] Now I have the full picture. Let me compile the semantic analysis into the structured JSON output.  ```json {   "vulnera...
[07:35:41] [spechunter] [text] Now I have a comprehensive picture. Let me compile the findings into the JSON output.  ```json {   "violation": "MIPU/SI...
[07:35:43] [spechunter] [text] Let me search more specifically in the RISC-V target code and check the spec documents.  
[07:35:43] [spechunter] [Grep] pattern='mstatus|MSTATUS|sstatus|SSTATUS'
[07:35:43] [spechunter] [Grep] pattern='MIPU|SIPU|mipopret|sipopret|smip|smpu'
[07:35:43] [spechunter] [Bash] List spec reference directories
[07:35:43] [spechunter] [Read] /home/yzs/riscv/freebsd-src/sys/riscv/riscv/machdep.c
[07:35:43] [spechunter] [Read] /home/yzs/riscv/freebsd-src/sys/riscv/riscv/vm_machdep.c
[07:35:43] [spechunter] [Read] /home/yzs/riscv/freebsd-src/sys/riscv/riscv/exec_machdep.c
[07:35:43] [spechunter] [Read] /home/yzs/riscv/freebsd-src/sys/riscv/include/cpufunc.h
[07:36:04] [spechunter] [TodoWrite] 7 items
[07:36:09] [spechunter] [text] Now let me check one more important aspect — how the domain context's zero-initialized mstatus first gets populated
[07:36:09] [spechunter] [Grep] pattern='sbi_trap_get_context|trap_ctxt_offset'
[07:36:09] [spechunter] [Read] /home/yzs/riscv/opensbi/firmware/fw_base.S
[07:36:09] [spechunter] [Read] /home/yzs/riscv/freebsd-src/sys/riscv/riscv/exec_machdep.c
[07:36:09] [spechunter] [Grep] pattern='get_mcontext|set_mcontext'
[07:36:09] [spechunter] [Read] /home/yzs/riscv/freebsd-src/sys/riscv/riscv/swtch.S
[07:36:09] [spechunter] [Read] /home/yzs/riscv/freebsd-src/sys/riscv/include/proc.h
[07:36:11] [spechunter] [text] No matches for SMIP-related bits in the RISC-V target code. Let me now examine the spec and the QEMU CSR definitions to ...
[07:36:11] [spechunter] [Bash] List spec files in riscv-isa-manual
[07:36:11] [spechunter] [Grep] pattern='MSTATUS.*BIT|mstatus.*mask|MIPU|SIPU|sstatus.*mask'
[07:36:22] [spechunter] [Read] /home/yzs/riscv/freebsd-src/sys/riscv/vmm/vmm_switch.S
[07:36:22] [spechunter] [Read] /home/yzs/riscv/freebsd-src/sys/riscv/vmm/vmm_switch.S
[07:36:22] [spechunter] [Read] /home/yzs/riscv/freebsd-src/sys/riscv/vmm/vmm_riscv.c
[07:36:22] [spechunter] [Read] /home/yzs/riscv/freebsd-src/sys/riscv/include/frame.h
[07:36:22] [spechunter] [Read] /home/yzs/riscv/freebsd-src/sys/riscv/riscv/genassym.c
[07:36:22] [spechunter] [Read] /home/yzs/riscv/freebsd-src/sys/riscv/riscv/gdb_machdep.c
[07:36:25] [spechunter] [Grep] pattern='MSTATUS|mstatus'
[07:36:25] [spechunter] [Bash] Find adoc spec files
[07:36:27] [spechunter] [Read] /home/yzs/riscv/XiangShan/src/main/scala/xiangshan/backend/fu/NewCSR/MachineLevel.scala
[07:36:27] [spechunter] [Read] /home/yzs/riscv/XiangShan/src/main/scala/xiangshan/backend/fu/NewCSR/SupervisorLevel.scala
[07:36:27] [spechunter] [Read] /home/yzs/riscv/XiangShan/src/main/scala/xiangshan/backend/fu/NewCSR/InterruptBundle.scala
[07:36:27] [spechunter] [Read] /home/yzs/riscv/XiangShan/src/main/scala/xiangshan/backend/fu/NewCSR/InterruptBundle.scala
[07:36:29] [spechunter] [text] Let me check the CLEAR_MDT macro and the mret in trap return  
[07:36:29] [spechunter] [Grep] pattern='CLEAR_MDT'
[07:36:29] [spechunter] [Read] /home/yzs/riscv/opensbi/firmware/fw_base.S
[07:36:33] [spechunter] [text] Now let me check the `get_mcontext`/`set_mcontext` functions and `cpu_set_upcall`:  
[07:36:33] [spechunter] [Read] /home/yzs/riscv/freebsd-src/sys/riscv/riscv/exec_machdep.c
[07:36:33] [spechunter] [Read] /home/yzs/riscv/freebsd-src/sys/riscv/riscv/vm_machdep.c
[07:36:33] [spechunter] [Read] /home/yzs/riscv/freebsd-src/sys/riscv/riscv/exec_machdep.c
[07:36:41] [spechunter] [Read] /home/yzs/riscv/linux/arch/riscv/include/asm/csr.h
[07:36:41] [spechunter] [Read] /home/yzs/riscv/linux/arch/riscv/include/asm/csr.h
[07:36:41] [spechunter] [Read] /home/yzs/riscv/linux/arch/riscv/include/asm/csr.h
[07:36:41] [spechunter] [text] Let me check the spec for SMIP and look at the existing analysis files for context.  
[07:36:41] [spechunter] [Bash] Find SMIP-related spec files
[07:36:41] [spechunter] [Grep] pattern='smip|SMIP|smpu|SMPU|mipopret|sipopret'
[07:36:46] [spechunter] [TodoWrite] 7 items
[07:36:56] [spechunter] [text] Let me check the spec for SMIP in the `sm.adoc` file and check the broader codebase for related patterns
[07:36:56] [spechunter] [Grep] pattern='smip|SMIP|mipopret|sipopret|MIPU|SIPU|state.*bit|trap.*behavior|automatic.*stack'
[07:36:56] [spechunter] [Grep] pattern='MIPU|SIPU|mipopret|sipopret'
[07:37:00] [spechunter] [Read] /home/yzs/riscv/XiangShan/src/main/scala/xiangshan/backend/fu/NewCSR/InterruptFilter.scala
[07:37:00] [spechunter] [Read] /home/yzs/riscv/XiangShan/src/main/scala/xiangshan/backend/fu/NewCSR/TrapHandleModule.scala
[07:37:00] [spechunter] [Read] /home/yzs/riscv/XiangShan/src/main/scala/xiangshan/backend/fu/NewCSR/CSREvents/CSREvent.scala
[07:37:00] [spechunter] [Read] /home/yzs/riscv/XiangShan/src/main/scala/xiangshan/backend/fu/NewCSR/NewCSR.scala
[07:37:09] [spechunter] [Read] /home/yzs/riscv/XiangShan/src/main/scala/xiangshan/backend/fu/NewCSR/CSREvents/TrapEntryMEvent.scala
[07:37:09] [spechunter] [Read] /home/yzs/riscv/XiangShan/src/main/scala/xiangshan/backend/fu/NewCSR/CSREvents/TrapEntryHSEvent.scala
[07:37:09] [spechunter] [Read] /home/yzs/riscv/XiangShan/src/main/scala/xiangshan/backend/fu/NewCSR/CSREvents/MretEvent.scala
[07:37:09] [spechunter] [Read] /home/yzs/riscv/XiangShan/src/main/scala/xiangshan/backend/fu/NewCSR/CSREvents/SretEvent.scala
[07:37:10] [spechunter] [text] Let me look at the existing analysis files and the broader spec context
[07:37:10] [spechunter] [Read] /home/yzs/riscv/qemu/analysis_smip.json
[07:37:10] [spechunter] [Grep] pattern='smstateen|mstateen|sstateen|MSSTATEEN|hstateen|HSTATEEN'
[07:37:16] [spechunter] [Grep] pattern='MIPU|SIPU|mipopret|sipopret|Smip'
[07:37:16] [spechunter] [Grep] pattern='mipre|sipre|mip_oper|sip_oper|mipOper|sipOper'
[07:37:28] [spechunter] [text] Let me check the current branch and its changes more carefully
[07:37:28] [spechunter] [Bash] Show recent commits
[07:37:28] [spechunter] [Bash] Show uncommitted changes
[07:37:33] [spechunter] [text] Now let me understand the key areas for my audit - mstatus/sstatus bit definitions, CSR handlers, and trap handling  
[07:37:33] [spechunter] [Read] /home/yzs/riscv/qemu/target/riscv/cpu_bits.h
[07:37:33] [spechunter] [Grep] pattern='SSTATUS|sstatus'
[07:37:33] [spechunter] [text] Let me check `exec_setregs` and verify the `db_interface.c` reference.  
[07:37:33] [spechunter] [Grep] pattern='exec_setregs'
[07:37:33] [spechunter] [Read] /home/yzs/riscv/freebsd-src/sys/riscv/riscv/db_interface.c
[07:37:38] [spechunter] [text] Now let me look at the CSR read/write handlers and the trap handling code
[07:37:38] [spechunter] [Grep] pattern='write_mstatus|read_mstatus|write_sstatus|read_sstatus|rmw_mstatus|rmw_sstatus'
[07:37:41] [spechunter] [Read] /home/yzs/riscv/XiangShan/src/main/scala/xiangshan/backend/fu/NewCSR/MachineLevel.scala
[07:37:41] [spechunter] [Read] /home/yzs/riscv/XiangShan/src/main/scala/xiangshan/backend/fu/NewCSR/MachineLevel.scala
[07:37:41] [spechunter] [Grep] pattern='mipopret|sipopret'
[07:37:47] [spechunter] [Read] /home/yzs/riscv/qemu/target/riscv/csr.c
[07:37:47] [spechunter] [Read] /home/yzs/riscv/qemu/target/riscv/csr.c
[07:37:57] [spechunter] [text] Let me verify a few key locations before finalizing
[07:37:57] [spechunter] [Grep] pattern='SIPU|SPIE|POPRET|indirect.*trap|zicfilp|smip'
[07:37:57] [spechunter] [Read] /home/yzs/riscv/linux/arch/riscv/kernel/process.c
[07:37:57] [spechunter] [Read] /home/yzs/riscv/linux/arch/riscv/kernel/process.c
[07:37:57] [spechunter] [Read] /home/yzs/riscv/linux/arch/riscv/kernel/entry.S
[07:38:11] [spechunter] [Read] /home/yzs/riscv/qemu/target/riscv/csr.c
[07:38:11] [spechunter] [Grep] pattern='sstatus_v1_10_mask'
[07:38:26] [spechunter] [Read] /home/yzs/riscv/qemu/target/riscv/csr.c
[07:38:26] [spechunter] [Read] /home/yzs/riscv/qemu/target/riscv/csr.c
[07:38:55] [spechunter] [Grep] pattern='smip|SMIP|mipopret|sipopret|MIPU|SIPU'
[07:38:55] [spechunter] [Grep] pattern='.'
[07:39:04] [spechunter] [text] Now let me look at the trap handling code and check for reserved bit handling.    
[07:39:04] [spechunter] [Read] /home/yzs/riscv/qemu/target/riscv/cpu_helper.c
[07:39:04] [spechunter] [Read] /home/yzs/riscv/qemu/target/riscv/op_helper.c
[07:39:04] [spechunter] [TodoWrite] 5 items
[07:39:20] [spechunter] [text] Now let me look at the MRET path for the complete return handling, and also check the trap entry logic more carefully  
[07:39:20] [spechunter] [Read] /home/yzs/riscv/qemu/target/riscv/op_helper.c
[07:39:20] [spechunter] [Read] /home/yzs/riscv/qemu/target/riscv/cpu_helper.c
[07:39:34] [spechunter] [text] Now let me verify a few more key files before producing the final output
[07:39:34] [spechunter] [Read] /home/yzs/riscv/linux/arch/riscv/kernel/entry.S
[07:39:34] [spechunter] [Read] /home/yzs/riscv/linux/arch/riscv/kernel/entry.S
[07:39:34] [spechunter] [Read] /home/yzs/riscv/linux/arch/riscv/kernel/entry.S
[07:39:36] [spechunter] [Read] /home/yzs/riscv/freebsd-src/sys/riscv/riscv/exec_machdep.c
[07:39:36] [spechunter] [Read] /home/yzs/riscv/freebsd-src/sys/riscv/riscv/swtch.S
[07:39:46] [spechunter] [text] Let me also check for any SMIP in existing analysis and check the migration/reset paths.  
[07:39:46] [spechunter] [Read] /home/yzs/riscv/qemu/analysis_smip_conditional_stack_swap.json
[07:39:46] [spechunter] [Read] /home/yzs/riscv/qemu/analysis_smip_trap_swap_async.json
[07:39:46] [spechunter] [Read] /home/yzs/riscv/qemu/analysis_smip_trap_swap_async_result.json
[07:39:56] [spechunter] [text] Now let me search for the Smip spec to understand exactly what state bits are being introduced
[07:39:56] [spechunter] [WebSearch] RISC-V Smip extension state bits trap behavior specification 2025 2026
[07:40:01] [spechunter] [WebSearch] RISC-V Smip extension mipopret sipopret CSR state bits
[07:40:18] [spechunter] [Grep] pattern='Smip|smip|MIPU|SIPU|mipopret|sipopret'
[07:40:18] [spechunter] [Read] /home/yzs/riscv/XiangShan/src/main/scala/xiangshan/backend/fu/NewCSR/InterruptFilter.scala
[07:40:29] [spechunter] [Glob] **/*aclic*
[07:40:29] [spechunter] [Glob] **/*smip*
[07:40:29] [spechunter] [Glob] **/*smcsps*
[07:40:53] [spechunter] [text] Based on my analysis, the slow-path locations are all empty (semantic search returned no results), so the cross-validati...
[07:41:01] [spechunter] [text] Now let me verify the InterruptFilterIO to understand the full wiring picture
[07:41:01] [spechunter] [Grep] pattern='class InterruptFilterIO'
[07:41:05] [spechunter] [Read] /home/yzs/riscv/XiangShan/src/main/scala/xiangshan/backend/fu/NewCSR/InterruptFilter.scala
[07:41:11] [spechunter] [text] Let me also check the spec for the CFI/ACLIC context and any existing SMIP-related normative rules.  
[07:41:11] [spechunter] [Grep] pattern='mipopret|sipopret|MIPU|SIPU'
[07:41:11] [spechunter] [Grep] pattern='mipopret|sipopret|MIPU|SIPU'
[07:41:11] [spechunter] [Grep] pattern='mipopret|sipopret|MIPU|SIPU'
[07:41:13] [spechunter] [Read] /home/yzs/riscv/rv-isa-sec/spec_ref/riscv-fast-interrupt/src/aclic.adoc
[07:41:27] [spechunter] [text] Now I have a comprehensive understanding. Let me compile the findings
[07:41:27] [spechunter] [TodoWrite] 5 items
[07:41:28] [spechunter] [text] I'll start by exploring the relevant code and spec references in parallel
[07:41:28] [spechunter] [Agent] description, subagent_type
[07:41:28] [spechunter] [Agent] description, subagent_type
[07:41:28] [spechunter] [Agent] description, subagent_type
[07:41:39] [spechunter] [Read] /home/yzs/riscv/linux/arch/riscv/kernel/entry.S
[07:41:39] [spechunter] [Read] /home/yzs/riscv/linux/arch/riscv/include/asm/switch_to.h
[07:41:39] [spechunter] [Grep] pattern='__switch_to'
[07:41:40] [spechunter] [Grep] pattern='CSR.*addr|CSRAddr|csrMap|Mapping.*CSR'
[07:41:40] [spechunter] [Grep] pattern='class.*CSRMap|CSRMapModule'
[07:41:52] [spechunter] [Bash] List top-level contents of spec_ref directory
[07:41:52] [spechunter] [Bash] List directory tree up to 3 levels deep
[07:41:52] [spechunter] [Grep] pattern='SIPU|sipu'
[07:41:52] [spechunter] [Grep] pattern='automatic interrupt stacking|FAST_INTERRUPT'
[07:42:11] [spechunter] [Grep] pattern='SIPU|FAST_INTERRUPT|fast_interrupt'
[07:42:11] [spechunter] [Grep] pattern='__switch_to|sstatus|SR_SUM|SR_FS|SR_SPP|SR_ELP'
[07:42:11] [spechunter] [Read] /home/yzs/riscv/linux/arch/riscv/include/asm/asm.h
[07:42:11] [spechunter] [Grep] pattern='save_from_x6_to_x31|restore_from_x6_to_x31'
[07:42:13] [spechunter] [Grep] pattern='SIPU'
[07:42:13] [spechunter] [Grep] pattern='SIPU'
[07:42:13] [spechunter] [Grep] pattern='CONFIG_RISCV_FAST_INTERRUPT'
[07:42:13] [spechunter] [Grep] pattern='CONFIG_RISCV_FAST_INTERRUPT'
[07:42:13] [spechunter] [Grep] pattern='sipu'
[07:42:13] [spechunter] [Grep] pattern='sipu'
[07:42:13] [spechunter] [Grep] pattern='SR_SIPU'
[07:42:13] [spechunter] [Grep] pattern='SR_SIPU'
[07:42:13] [spechunter] [Grep] pattern='_SIPU'
[07:42:13] [spechunter] [Grep] pattern='_SIPU'
[07:42:14] [spechunter] [text] Now let me update the todo and produce the final cross-validated output.  
[07:42:14] [spechunter] [TodoWrite] 7 items
[07:42:18] [spechunter] [Grep] pattern='SIPU'
[07:42:18] [spechunter] [Grep] pattern='automatic stacking|automatic.*stack'
[07:42:18] [spechunter] [Grep] pattern='FAST_INTERRUPT'
[07:42:18] [spechunter] [Grep] pattern='fast.interrupt'
[07:42:18] [spechunter] [Bash] List source files in fast-interrupt repo
[07:42:34] [spechunter] [Grep] pattern='SIPU'
[07:42:34] [spechunter] [Grep] pattern='CONFIG_RISCV_FAST_INTERRUPT'
[07:42:34] [spechunter] [Grep] pattern='sipu'
[07:42:34] [spechunter] [Grep] pattern='SR_SIPU|_SIPU'
[07:42:34] [spechunter] [Grep] pattern='FAST_INTERRUPT'
[07:42:50] [spechunter] [Read] /home/yzs/riscv/rv-isa-sec/spec_ref/riscv-fast-interrupt/src/aclic.adoc
[07:42:50] [spechunter] [Grep] pattern='MIPU|pushu|PUSHU|mpushu|MPUSHU'
[07:42:50] [spechunter] [Grep] pattern='INTP|intp|interrupt.*stack|stack.*interrupt|push|hardware.*stack'
[07:42:50] [spechunter] [Grep] pattern='SIPU|sipu|MIPU|mipu|INTP|intp|mintp|sintp|mpushu|spushu'
[07:42:50] [spechunter] [Grep] pattern='SIPU|sipu|MIPU|mipu|automatic stacking'
[07:42:54] [spechunter] [Grep] pattern='SR_SUM|SR_FS_VS|SR_FS|SR_SPP|SR_ELP|SR_MPP'
[07:42:54] [spechunter] [Grep] pattern='struct pt_regs'
[07:42:54] [spechunter] [Grep] pattern='PT_SIZE_ON_STACK|PT_RA|PT_GP|PT_T0|PT_SP|PT_STATUS|PT_EPC|PT_BADADDR|PT_CAUSE|PT_TP|PT_T1|PT_S0'
[07:43:11] [spechunter] [Read] /home/yzs/riscv/linux/arch/riscv/include/asm/ptrace.h
[07:43:11] [spechunter] [Read] /home/yzs/riscv/linux/arch/riscv/kernel/asm-offsets.c
[07:43:11] [spechunter] [Read] /home/yzs/riscv/linux/arch/riscv/kernel/process.c
[07:43:12] [spechunter] [text] ```json {   "locations": [     {       "file": "src/main/scala/xiangshan/backend/fu/NewCSR/MachineLevel.scala",       "l...
[07:43:15] [spechunter] [text] Now I have a thorough understanding of all the code paths. Let me verify one more aspect - the `csr_swap` macro usage an...
[07:43:15] [spechunter] [Grep] pattern='csr_swap'
[07:43:15] [spechunter] [Grep] pattern='sbi_trap_handler'
[07:43:15] [spechunter] [Read] /home/yzs/riscv/rv-isa-sec/spec_ref/riscv-fast-interrupt/src/aclic.adoc
[07:43:15] [spechunter] [Read] /home/yzs/riscv/rv-isa-sec/spec_ref/riscv-fast-interrupt/src/aclic.adoc
[07:43:15] [spechunter] [Grep] pattern='xipopret|mipopret|sipopret|popret'
[07:43:15] [spechunter] [Read] /home/yzs/riscv/rv-isa-sec/spec_ref/riscv-fast-interrupt/src/aclic.adoc
[07:43:15] [spechunter] [Read] /home/yzs/riscv/rv-isa-sec/spec_ref/riscv-fast-interrupt/src/aclic.adoc
[07:43:15] [spechunter] [Read] /home/yzs/riscv/rv-isa-sec/spec_ref/riscv-fast-interrupt/src/aclic.adoc
[07:43:21] [spechunter] [Grep] pattern='user_sp|kernel_sp|scs_sp|struct thread_info'
[07:43:21] [spechunter] [Grep] pattern='TASK_THREAD_SUM_RA|thread\\.sum'
[07:43:21] [spechunter] [Grep] pattern='automatic.*interrupt.*stack|auto.*stack|interrupt.*stacking'
[07:43:21] [spechunter] [Grep] pattern='siselect|sireg|sip|sie|sstatus'
[07:43:21] [spechunter] [Grep] pattern='CSR_|SR_|IRQ_|INTR'
[07:43:21] [spechunter] [Grep] pattern='FAST_INTERRUPT|fast.interrupt'
[07:43:21] [spechunter] [Grep] pattern='CONFIG_RELAY|CONFIG_PREEMPTION|CONFIG_IRQ|CONFIG_RISCV_INTR'
[07:43:25] [spechunter] [Grep] pattern='unsigned long sum|thread\\.sum|thread_struct'
[07:43:28] [spechunter] [text] Now I have all the data needed. Let me do the cross-validation, fix a specific line-range error I found, and produce the...
[07:43:28] [spechunter] [Bash] Output final JSON result
[07:43:36] [spechunter] [Read] /home/yzs/riscv/rv-isa-sec/spec_ref/riscv-fast-interrupt/src/aclic.adoc
[07:43:36] [spechunter] [Grep] pattern='fast.interrupt|CLIC|ACLIC|interrupt.*push|interrupt.*pop|xipopret|mipopret|sipopret'
[07:43:36] [spechunter] [Grep] pattern='fast.interrupt|CLIC|ACLIC|interrupt.*push|interrupt.*pop|xipopret|mipopret|sipopret'
[07:43:36] [spechunter] [Bash] Count total lines in aclic.adoc
[07:43:36] [spechunter] [text] Let me start by searching the codebase for relevant code related to the Smip state bits (MIPU/SIPU) and CLIC trap handli...
[07:43:36] [spechunter] [Agent] description, subagent_type
[07:43:39] [spechunter] [Grep] pattern='FAST|INTERRUPT|PREEMPT'
[07:43:39] [spechunter] [Grep] pattern='sipu'
[07:43:39] [spechunter] [Grep] pattern='fast.interrupt'
[07:43:50] [spechunter] [text] ## Cross-validation summary  **26 locations retained, 1 removed.** Slow-path results were all empty, so no merging was n...
[07:43:57] [spechunter] [Read] /home/yzs/riscv/rv-isa-sec/spec_ref/riscv-fast-interrupt/src/aclic.adoc
[07:43:57] [spechunter] [Read] /home/yzs/riscv/rv-isa-sec/spec_ref/riscv-fast-interrupt/src/aclic.adoc
[07:43:57] [spechunter] [Read] /home/yzs/riscv/rv-isa-sec/spec_ref/riscv-fast-interrupt/src/aclic.adoc
[07:44:01] [spechunter] [text] Cross-validating fast-path locations against the Smip PR (trap state bit control — SPP, SPIE, SPELP, SDT). Categorizing ...
[07:44:01] [spechunter] [Read] /home/yzs/riscv/opensbi/include/sbi/sbi_ecall_interface.h
[07:44:01] [spechunter] [Read] /home/yzs/riscv/opensbi/include/sbi/riscv_encoding.h
[07:44:07] [spechunter] [Bash] Check git history for SIPU and FAST_INTERRUPT references
[07:44:07] [spechunter] [Bash] Check git history for automatic interrupt stacking
[07:44:07] [spechunter] [Read] /home/yzs/riscv/linux/arch/riscv/include/asm/csr.h
[07:44:15] [spechunter] [Grep] pattern='(?i)MIPU|SIPU'
[07:44:15] [spechunter] [Grep] pattern='(?i)mipopret|sipopret'
[07:44:15] [spechunter] [Grep] pattern='(?i)automatic.*stack'
[07:44:15] [spechunter] [Grep] pattern='(?i)CLIC.*trap'
[07:44:15] [spechunter] [Grep] pattern='(?i)Smip|Smaia'
[07:44:15] [spechunter] [Grep] pattern='(?i)mstatus.*state.*bit|state.*enable'
[07:44:15] [spechunter] [Grep] pattern='automatic.*stacking|stacking.*automatic'
[07:44:17] [spechunter] [Agent] description, prompt
[07:44:17] [spechunter] [Agent] description, prompt
[07:44:38] [spechunter] [Grep] pattern='SIPU'
[07:44:38] [spechunter] [Grep] pattern='sipu'
[07:44:38] [spechunter] [Grep] pattern='SSTATUS_'
[07:44:38] [spechunter] [Grep] pattern='tf_sstatus'
[07:44:38] [spechunter] [Grep] pattern='sstatus'
[07:44:38] [spechunter] [Grep] pattern='SSTATUS'
[07:44:41] [spechunter] [Bash] List files in the spec_ref directory
[07:44:41] [spechunter] [Grep] pattern='SIPU'
[07:44:41] [spechunter] [Grep] pattern='Smip'
[07:44:41] [spechunter] [Grep] pattern='Smaclic'
[07:44:41] [spechunter] [Grep] pattern='sstatus'
[07:44:47] [spechunter] [Grep] pattern='(?i)smstateen|ssstateen|mstateen'
[07:44:47] [spechunter] [Grep] pattern='(?i)CLIC|clint|clint_mode|clic_ptr|clic_info|mclicbase|mtvt|mnxti|mintstatus|mintthresh'
[07:44:47] [spechunter] [Grep] pattern='(?i)mstatus|sstatus'
[07:44:47] [spechunter] [Grep] pattern='(?i)provisional|hardcode|unratified|reserve.*bit|WPRI|hardwire'
[07:45:02] [spechunter] [Read] /home/yzs/riscv/freebsd-src/sys/riscv/include/riscvreg.h
[07:45:02] [spechunter] [Read] /home/yzs/riscv/freebsd-src/sys/riscv/include/frame.h
[07:45:02] [spechunter] [Read] /home/yzs/riscv/freebsd-src/sys/riscv/riscv/exception.S
[07:45:02] [spechunter] [Read] /home/yzs/riscv/freebsd-src/sys/riscv/riscv/swtch.S
[07:45:02] [spechunter] [Read] /home/yzs/riscv/freebsd-src/sys/riscv/riscv/genassym.c
[07:45:08] [spechunter] [Read] /home/yzs/riscv/rv-isa-sec/spec_ref/riscv-fast-interrupt/src/aclic.adoc
[07:45:08] [spechunter] [Grep] pattern='SIPU'
[07:45:08] [spechunter] [Grep] pattern='sstatus.*SIPU|SIPU.*sstatus|SIPU.*sipu|sipu'
[07:45:08] [spechunter] [Grep] pattern='context switch|context-switch|push|pop|stacking'
[07:45:08] [spechunter] [Grep] pattern='SIPU'
[07:45:10] [spechunter] [Read] /home/yzs/riscv/XiangShan/src/main/scala/xiangshan/backend/fu/NewCSR/StateEnBundle.scala
[07:45:10] [spechunter] [Read] /home/yzs/riscv/XiangShan/src/main/scala/xiangshan/backend/fu/NewCSR/CSRFields.scala
[07:45:10] [spechunter] [Read] /home/yzs/riscv/XiangShan/src/main/scala/xiangshan/backend/fu/NewCSR/CSRDefines.scala
[07:45:10] [spechunter] [Read] /home/yzs/riscv/XiangShan/src/main/scala/xiangshan/backend/fu/NewCSR/InterruptBundle.scala
[07:45:24] [spechunter] [Grep] pattern='(?i)MStatus|SStatus|mstatus|sstatus'
[07:45:24] [spechunter] [Read] /home/yzs/riscv/XiangShan/src/main/scala/xiangshan/backend/fu/NewCSR/MachineLevel.scala
[07:45:31] [spechunter] [Read] /home/yzs/riscv/XiangShan/src/main/scala/xiangshan/backend/fu/NewCSR/MachineLevel.scala
[07:45:31] [spechunter] [Read] /home/yzs/riscv/XiangShan/src/main/scala/xiangshan/backend/fu/NewCSR/SupervisorLevel.scala
[07:45:31] [spechunter] [Read] /home/yzs/riscv/XiangShan/src/main/scala/xiangshan/backend/fu/NewCSR/CSRPermitModule.scala
[07:45:38] [spechunter] [Read] /home/yzs/riscv/rv-isa-sec/spec_ref/riscv-fast-interrupt/src/aclic.adoc
[07:45:38] [spechunter] [Read] /home/yzs/riscv/rv-isa-sec/spec_ref/riscv-fast-interrupt/src/aclic.adoc
[07:45:38] [spechunter] [Grep] pattern='sstatus.*sie|sstatus.*bit|sstatus.*reserved|sstatus\\[|sstatus register|SSTATUS.*bit'
[07:45:38] [spechunter] [Grep] pattern='xcspspush|xcspspop|stacking'
[07:45:39] [spechunter] [Read] /home/yzs/riscv/freebsd-src/sys/riscv/riscv/trap.c
[07:45:39] [spechunter] [Read] /home/yzs/riscv/freebsd-src/sys/riscv/include/cpufunc.h
[07:45:39] [spechunter] [Read] /home/yzs/riscv/freebsd-src/sys/riscv/riscv/fpe.c
[07:45:39] [spechunter] [Grep] pattern='csr_write\\(sstatus|csr_set\\(sstatus|csr_clear\\(sstatus|csr_read\\(sstatus'
[07:45:39] [spechunter] [Grep] pattern='md_saved_sstatus'
[07:45:39] [spechunter] [Read] /home/yzs/riscv/freebsd-src/sys/riscv/riscv/exec_machdep.c
[07:45:41] [spechunter] [Grep] pattern='class SstatusBundle'
[07:45:41] [spechunter] [Read] /home/yzs/riscv/XiangShan/src/main/scala/xiangshan/backend/fu/NewCSR/TrapHandleModule.scala
[07:45:41] [spechunter] [Read] /home/yzs/riscv/XiangShan/src/main/scala/xiangshan/backend/fu/NewCSR/CSREvents/CSREvent.scala
[07:45:49] [spechunter] [Read] /home/yzs/riscv/XiangShan/src/main/scala/xiangshan/backend/fu/NewCSR/CSREvents/TrapEntryMEvent.scala
[07:45:49] [spechunter] [Read] /home/yzs/riscv/XiangShan/src/main/scala/xiangshan/backend/fu/NewCSR/CSREvents/TrapEntryHSEvent.scala
[07:45:49] [spechunter] [Read] /home/yzs/riscv/XiangShan/src/main/scala/xiangshan/backend/fu/NewCSR/CSREvents/MretEvent.scala
[07:45:49] [spechunter] [Read] /home/yzs/riscv/XiangShan/src/main/scala/xiangshan/backend/fu/NewCSR/CSREvents/SretEvent.scala
[07:45:54] [spechunter] [text] Now let me read the spec file directly for precise citations.  
[07:45:54] [spechunter] [Read] /home/yzs/riscv/rv-isa-sec/spec_ref/riscv-fast-interrupt/src/aclic.adoc
[07:45:54] [spechunter] [Read] /home/yzs/riscv/rv-isa-sec/spec_ref/riscv-fast-interrupt/src/aclic.adoc
[07:45:55] [spechunter] [text] ```json {   "locations": [     "include/sbi/riscv_encoding.h:35-36",     "include/sbi/sbi_ecall_interface.h:392-397",   ...
[07:45:57] [spechunter] [Read] /home/yzs/riscv/freebsd-src/sys/riscv/riscv/exec_machdep.c
[07:45:57] [spechunter] [Read] /home/yzs/riscv/freebsd-src/sys/riscv/riscv/vm_machdep.c
[07:45:57] [spechunter] [Read] /home/yzs/riscv/freebsd-src/sys/riscv/include/proc.h
[07:45:57] [spechunter] [Read] /home/yzs/riscv/freebsd-src/sys/riscv/riscv/machdep.c
[07:45:57] [spechunter] [Read] /home/yzs/riscv/freebsd-src/sys/riscv/include/cpu.h
[07:45:57] [spechunter] [Read] /home/yzs/riscv/freebsd-src/sys/riscv/include/asm.h
[07:45:57] [spechunter] [Read] /home/yzs/riscv/rv-isa-sec/spec_ref/riscv-fast-interrupt/src/aclic.adoc
[07:45:57] [spechunter] [Read] /home/yzs/riscv/rv-isa-sec/spec_ref/riscv-fast-interrupt/src/aclic.adoc
[07:45:57] [spechunter] [Grep] pattern='OS thread switching|thread.*switch|task.*switch'
[07:45:57] [spechunter] [Bash] Find adoc files in riscv-isa-manual
[07:46:01] [spechunter] [Read] /home/yzs/riscv/XiangShan/src/main/scala/xiangshan/backend/decode/isa/CSRs.scala
[07:46:01] [spechunter] [Read] /home/yzs/riscv/XiangShan/src/main/scala/xiangshan/backend/fu/NewCSR/HypervisorLevel.scala
[07:46:01] [spechunter] [Grep] pattern='(?i)mnstatus|mnepc|mncause|mnscratch|mintstatus|mintthresh|mclicbase|mtvt|mnxti'
[07:46:01] [spechunter] [Grep] pattern='(?i)MPP.*23|MPV.*24|GVA.*26|MBE.*27'
[07:46:15] [spechunter] [Grep] pattern='sstatus'
[07:46:15] [spechunter] [Bash] List all adoc files in the priv directory
[07:46:15] [spechunter] [Grep] pattern='SIPU|MIPU|sipu|mipu'
[07:46:15] [spechunter] [Grep] pattern='Smip|Smcsps|Ssip|Sscsps'
[07:46:22] [spechunter] [Read] /home/yzs/riscv/XiangShan/src/main/scala/xiangshan/backend/fu/NewCSR/CSRDocDump.scala
[07:46:22] [spechunter] [Read] /home/yzs/riscv/XiangShan/src/main/scala/xiangshan/backend/fu/NewCSR/NewCSR.scala
[07:46:22] [spechunter] [Read] /home/yzs/riscv/XiangShan/src/main/scala/device/standalone/StandAloneCLINT.scala
[07:46:22] [spechunter] [Read] /home/yzs/riscv/XiangShan/src/main/scala/xiangshan/backend/fu/NewCSR/CSREvents/MNretEvent.scala
[07:46:25] [spechunter] [text] Now I have all the data needed. Let me produce the security audit.  ---  ## Analysis Summary  The security spec describe...
[07:46:25] [spechunter] [Read] /home/yzs/riscv/rv-isa-sec/spec_ref/riscv-isa-manual/src/priv/supervisor.adoc
[07:46:25] [spechunter] [Grep] pattern='sstatus.*sstatus|SSTATUS'
[07:46:25] [spechunter] [Read] /home/yzs/riscv/rv-isa-sec/spec_ref/riscv-fast-interrupt/src/aclic.adoc
[07:46:25] [spechunter] [Read] /home/yzs/riscv/rv-isa-sec/spec_ref/riscv-fast-interrupt/src/aclic.adoc
[07:46:28] [spechunter] [text] Let me first search for the relevant code locations involving mstatus save/restore, HSM suspend/resume, and domain conte...
[07:46:28] [spechunter] [Grep] pattern='mstatus.*\\&=|mstatus.*\\|='
[07:46:28] [spechunter] [Grep] pattern='csr_write.*mstatus|csr_read.*mstatus.*csr_write'
[07:46:28] [spechunter] [Grep] pattern='save.*mstatus|restore.*mstatus'
[07:46:28] [spechunter] [Bash] See recent commits for SMIP context
[07:46:30] [spechunter] [Read] /home/yzs/riscv/XiangShan/src/main/scala/xiangshan/backend/fu/NewCSR/CSREvents/TrapEntryDEvent.scala
[07:46:30] [spechunter] [Read] /home/yzs/riscv/XiangShan/src/main/scala/xiangshan/backend/fu/NewCSR/VirtualSupervisorLevel.scala
[07:46:30] [spechunter] [Read] /home/yzs/riscv/XiangShan/src/main/scala/xiangshan/backend/fu/NewCSR/CSREvents/TrapEntryVSEvent.scala
[07:46:30] [spechunter] [Read] /home/yzs/riscv/XiangShan/src/main/scala/xiangshan/backend/fu/NewCSR/MachineLevel.scala
[07:46:34] [spechunter] [Read] /home/yzs/riscv/freebsd-src/sys/riscv/vmm/vmm_riscv.c
[07:46:34] [spechunter] [Grep] pattern='SSTATUS_|sstatus'
[07:46:34] [spechunter] [Read] /home/yzs/riscv/freebsd-src/sys/riscv/include/encoding.h
[07:46:34] [spechunter] [Grep] pattern='UPIE|UIE|SPP|SPIE'
[07:46:34] [spechunter] [Grep] pattern='sstatus'
[07:46:34] [spechunter] [Grep] pattern='sstatus'
[07:46:44] [spechunter] [Grep] pattern='Smip|Ssip|Smcsps|Sscsps|ACLIC'
[07:46:44] [spechunter] [Grep] pattern='Smaclic'
[07:46:44] [spechunter] [Grep] pattern='SIPU|MIPU|sipu|mipu'
[07:46:44] [spechunter] [Grep] pattern='SIPU|MIPU|sipu|mipu'
[07:46:54] [spechunter] [Read] /home/yzs/riscv/freebsd-src/sys/riscv/vmm/vmm_switch.S
[07:46:54] [spechunter] [Read] /home/yzs/riscv/freebsd-src/sys/riscv/vmm/vmm_switch.S
[07:46:54] [spechunter] [Read] /home/yzs/riscv/freebsd-src/sys/riscv/vmm/riscv.h
[07:46:54] [spechunter] [Read] /home/yzs/riscv/freebsd-src/sys/riscv/riscv/exec_machdep.c
[07:46:54] [spechunter] [Grep] pattern='(?i)mtvt|mnxti|mintstatus|mscratchcsw|sstateen0|sstateen1|hstateen0|mstateen'
[07:46:54] [spechunter] [Grep] pattern='(?i)stvt|snxti|sintstatus|sscratchcsw'
[07:46:54] [spechunter] [Grep] pattern='(?i)mnscratch|mnepc|mncause|mnstatus'
[07:46:57] [spechunter] [text] Let me read the critical code files to analyze the SMIP mstatus save/restore behavior.  
[07:46:57] [spechunter] [Read] /home/yzs/riscv/opensbi/lib/sbi/sbi_hsm.c
[07:46:57] [spechunter] [Read] /home/yzs/riscv/opensbi/lib/sbi/sbi_hart.c
[07:46:57] [spechunter] [Read] /home/yzs/riscv/opensbi/lib/sbi/sbi_domain_context.c
[07:46:57] [spechunter] [Read] /home/yzs/riscv/opensbi/lib/sbi/sbi_trap.c
[07:47:14] [spechunter] [Read] /home/yzs/riscv/freebsd-src/sys/riscv/include/riscvreg.h
[07:47:14] [spechunter] [Read] /home/yzs/riscv/freebsd-src/sys/riscv/vmm/vmm_switch.S
[07:47:14] [spechunter] [Grep] pattern='csrw\\s+sstatus|csrs\\s+sstatus|csrc\\s+sstatus|csrci\\s+sstatus|csrrw\\s+\\w+,\\s*sstatus|csrr\\s+\\w+,\\s*sstatus'
[07:47:14] [spechunter] [Grep] pattern='sstatus'
[07:47:14] [spechunter] [Grep] pattern='sstatus'
[07:47:22] [spechunter] [text] Now let me check the spec documents for the Smip extension and the MIPU/SIPU bits in mstatus.  
[07:47:22] [spechunter] [Bash] List spec reference directories
[07:47:22] [spechunter] [Read] /home/yzs/riscv/opensbi/firmware/fw_base.S
[07:47:35] [spechunter] [Read] /home/yzs/riscv/opensbi/firmware/fw_base.S
[07:47:35] [spechunter] [Bash] List files in riscv-fast-interrupt spec
[07:47:35] [spechunter] [Grep] pattern='MIPU|SIPU|mipu|sipu|Smip'
[07:47:37] [spechunter] [Grep] pattern='class Mnscratch|class Mnepc|class Mncause|val mnstatus|val mnepc|val mncause|val mnscratch'
[07:47:37] [spechunter] [Grep] pattern='(?i)mnscratch|mnepc|mncause|mnstatus|mstateen0|mstateen1|hstateen0|hstateen1|sstateen0|sstateen1'
[07:47:55] [spechunter] [Grep] pattern='MIPU|SIPU|Smip'
[07:47:55] [spechunter] [Grep] pattern='mipu|sipu'
[07:48:09] [spechunter] [Grep] pattern='mipu|sipu|MIPU|SIPU'
[07:48:09] [spechunter] [Grep] pattern='MSTATUS_|MIP_|PRV_'
[07:48:52] [spechunter] [text] Let me verify the key findings by reading the actual RTL files and checking the spec references
[07:48:52] [spechunter] [Read] /home/yzs/riscv/XiangShan/src/main/scala/xiangshan/backend/fu/NewCSR/MachineLevel.scala
[07:48:52] [spechunter] [Read] /home/yzs/riscv/XiangShan/src/main/scala/xiangshan/backend/isa/CSRs.scala
[07:48:53] [spechunter] [text] Let me trace the warm resume path to confirm the mstatus clearing chain.  
[07:48:53] [spechunter] [Grep] pattern='init_warm|sbi_hart_reinit|sbi_hsm_hart_resume|hsm_device_hart_resume'
[07:48:53] [spechunter] [Grep] pattern='ipopxret|mstatus|stacking'
[07:49:00] [spechunter] [Read] /home/yzs/riscv/opensbi/lib/sbi/sbi_init.c
[07:49:00] [spechunter] [Read] /home/yzs/riscv/opensbi/lib/sbi/sbi_init.c
[07:49:00] [spechunter] [Grep] pattern='stacking|automatic|hardware.save|push|pop|ipopxret'
[07:49:09] [spechunter] [text] Let me look at the Smip specification to understand the MIPU/SIPU bits and automatic stacking behavior
[07:49:09] [spechunter] [Grep] pattern='== Smip'
[07:49:10] [spechunter] [Glob] **/backend/decode/isa/CSRs.scala
[07:49:10] [spechunter] [Read] /home/yzs/riscv/XiangShan/src/main/scala/xiangshan/backend/fu/NewCSR/SupervisorLevel.scala
[07:49:10] [spechunter] [Bash] List spec reference directories
[07:49:25] [spechunter] [Grep] pattern='Hardware Stack Push|hardware stack push|push.x1|pop.x1|spsaved|mpsaved'
[07:49:26] [spechunter] [text] Let me read the key code locations to get exact snippets for the audit report
[07:49:26] [spechunter] [Read] /home/yzs/riscv/freebsd-src/sys/riscv/riscv/exception.S
[07:49:26] [spechunter] [Read] /home/yzs/riscv/freebsd-src/sys/riscv/riscv/swtch.S
[07:49:26] [spechunter] [Read] /home/yzs/riscv/freebsd-src/sys/riscv/include/riscvreg.h
[07:49:26] [spechunter] [Read] /home/yzs/riscv/freebsd-src/sys/riscv/riscv/exec_machdep.c
[07:49:26] [spechunter] [Read] /home/yzs/riscv/rv-isa-sec/spec_ref/riscv-fast-interrupt/src/aclic.adoc
[07:49:26] [spechunter] [Read] /home/yzs/riscv/rv-isa-sec/spec_ref/riscv-isa-manual/src/priv/supervisor.adoc
[07:49:29] [spechunter] [Grep] pattern='Interrupt handler push/pop'
[07:49:36] [spechunter] [Read] /home/yzs/riscv/XiangShan/src/main/scala/xiangshan/backend/decode/isa/CSRs.scala
[07:49:36] [spechunter] [Bash] List CLIC/fast-interrupt spec files
[07:49:36] [spechunter] [Bash] List ISA manual spec files
[07:49:39] [spechunter] [Grep] pattern='Automatic stacking|automatic stacking|pushop|popop'
[07:49:42] [spechunter] [Read] /home/yzs/riscv/freebsd-src/sys/riscv/riscv/vm_machdep.c
[07:49:42] [spechunter] [Read] /home/yzs/riscv/freebsd-src/sys/riscv/riscv/trap.c
[07:49:42] [spechunter] [Read] /home/yzs/riscv/freebsd-src/sys/riscv/riscv/trap.c
[07:49:44] [spechunter] [Bash] List CLIC spec source files
[07:49:48] [spechunter] [Grep] pattern='MIPU|SIPU|mipopret|sipopret|automatic.*stack|prestack'
[07:49:57] [spechunter] [text] Let me read the full spec section for the MIPU/SIPU definition.  
[07:49:57] [spechunter] [Read] /home/yzs/riscv/rv-isa-sec/spec_ref/riscv-fast-interrupt/src/aclic.adoc
[07:50:13] [spechunter] [text] Now let me also check the state enable CSRs in more detail and search for any CLIC-specific state enable bits, as well a...
[07:50:13] [spechunter] [Read] /home/yzs/riscv/XiangShan/src/main/scala/xiangshan/backend/fu/NewCSR/StateEnBundle.scala
[07:50:13] [spechunter] [Grep] pattern='mintstatus|sintstatus|uintstatus|CLIC|clic'
[07:50:13] [spechunter] [Grep] pattern='mipopret|sipopret'
[07:50:32] [spechunter] [text] Now let me look at the spec documents for Smip more carefully to understand the automatic stacking behavior and the msta...
[07:50:32] [spechunter] [Read] /home/yzs/riscv/rv-isa-sec/spec_ref/riscv-fast-interrupt/src/aclic.adoc
[07:50:32] [spechunter] [Read] /home/yzs/riscv/rv-isa-sec/spec_ref/riscv-fast-interrupt/src/aclic.adoc
[07:50:41] [spechunter] [text] Let me also search for the `Smip` extension definition in the spec.  
[07:50:41] [spechunter] [Grep] pattern='^==+ Smip|^===+ Smip|Smip extension|Extension.*Smip|smip|automatic stacking'
[07:50:41] [spechunter] [Grep] pattern='xcspspush|mcspspop|scspspop|mcspspush|xfpushp|xfpopp'
[07:51:04] [spechunter] [text] Now I have a complete picture after thoroughly searching the RTL and spec. The Smip/Ssip extension is entirely unimpleme...
[07:51:04] [spechunter] [Grep] pattern='smip|Smip|ssip|Ssip|all32'
[07:51:18] [spechunter] [Read] /home/yzs/riscv/XiangShan/src/main/scala/xiangshan/backend/decode/isa/CSRs.scala
[07:51:18] [spechunter] [Grep] pattern='mipopret|sipopret|xcspspush|xcspspop|mcspspush|mcspspop|scspspush|scspspop'
[07:51:38] [spechunter] [text] Now I have a thorough understanding of the code and the spec. Let me also verify the domain context switch preserves mst...
[07:51:38] [spechunter] [Grep] pattern='PUSH|PPUSH|xspcs|mspcs|stack.pointer.swap|mcsps|scsps'
[07:51:38] [spechunter] [Grep] pattern='mspcs|sspcs'
[07:51:47] [spechunter] [text] ```json {   "findings": [     {       "file_path": "src/main/scala/xiangshan/backend/fu/NewCSR/MachineLevel.scala",     ...
[07:51:52] [spechunter] [text] Now let me check if OpenSBI has any handling for Smip-related CSRs (mspcs, sspcs, mipopret, sipopret, etc
[07:51:52] [spechunter] [Grep] pattern='Smip|smip|mipopret|sipopret|ipopxret|mspcs|sspcs|MIPU|SIPU'
[07:51:52] [spechunter] [Grep] pattern='MSPCS|SSPCS|CSR_MSPCS|CSR_SSPCS'
[07:52:24] [spechunter] [text] Now I have all the information needed to produce the audit. Let me synthesize the findings.  Based on the thorough inves...
[07:52:40] [spechunter] [Read] /home/yzs/riscv/rv-isa-sec/spec_ref/riscv-fast-interrupt/src/aclic.adoc
[07:52:40] [spechunter] [Read] /home/yzs/riscv/rv-isa-sec/spec_ref/riscv-fast-interrupt/src/aclic.adoc
[07:54:10] [spechunter] [text] Now I have all the information needed. Let me also check the very important sbi_hart.c:sbi_hart_switch_mode line that re...
[07:54:10] [spechunter] [Read] /home/yzs/riscv/opensbi/lib/sbi/sbi_hart.c
[07:55:04] [spechunter] [text] Now I have a clear picture of all the relevant code and the spec. Let me also check the spec for the precondition that S...
[07:55:04] [spechunter] [Read] /home/yzs/riscv/rv-isa-sec/spec_ref/riscv-fast-interrupt/src/aclic.adoc
[07:56:38] [spechunter] [text] Now I have a thorough understanding of all relevant code and the spec. Let me compile the findings
[07:56:38] [spechunter] [Read] /home/yzs/riscv/opensbi/lib/sbi/sbi_sse.c
[07:56:55] [spechunter] [Grep] pattern='INSERT_FIELD'
