[04:27:50] [spechunter] PR loaded: #729 riscv/riscv-fast-interrupt — "Smivt: Clear interrupt pending bit in IVT mode upon trap"
[04:27:50] [spechunter]   diff: 1178 chars  body: 1 chars  reviews: 0
[04:27:50] [spechunter] Global pre-filter running...
[04:27:56] [spechunter] [text] {"should_skip": false}
[04:27:58] [spechunter] pre-filter: should_skip=False reason=""
[04:28:10] [spechunter] [text] {"should_skip": false}
[04:28:11] [spechunter] [text] {"should_skip": false}
[04:28:16] [spechunter] [text] {"should_skip": false}
[04:28:19] [spechunter] [text] {"should_skip": false}
[04:28:27] [spechunter] [text] {"should_skip": true, "skip_reason": "Smivt is an S-mode extension; this PR changes S-mode IVT interrupt-pending clearin...
[04:28:42] [spechunter] [Grep] pattern='clic|CLIC|smivt|Smivt|vectored.*interrupt|IVT|ivt'
[04:28:42] [spechunter] [Grep] pattern='interrupt.*pending|intPending|intr_pending|clicintip'
[04:28:43] [spechunter] [text] ```json {   "violation_condition": "When QEMU delivers an interrupt via CLIC IVT (Interrupt Vector Table) mode, the emul...
[04:28:49] [spechunter] [Grep] pattern='mnxti|snxti|CLIC|clint|INTC'
[04:28:49] [spechunter] [Grep] pattern='interrupt.pending|pending.*bit|mip.*pending|clear.*pending'
[04:28:50] [spechunter] [Grep] pattern='clic|CLIC|vectored|IVT|ivt|interrupt.*pending|intPending'
[04:28:50] [spechunter] [Grep] pattern='interrupt|pending|IP|claim|complete'
[04:29:03] [spechunter] [Grep] pattern='trap.*entry|trap.*handler|mtvec|stvec|vtvec|vectored|CLIC|clic'
[04:29:03] [spechunter] [Grep] pattern='trap|Trap|TRAP|exception|interrupt.*take|takeInterrupt|interrupt.*handler'
[04:29:07] [spechunter] [Grep] pattern='clicintip|clic_intip'
[04:29:07] [spechunter] [Grep] pattern='vtbase|vt_base'
[04:29:07] [spechunter] [Grep] pattern='mtvt|MTVT'
[04:29:07] [spechunter] [Grep] pattern='mstatus.*MTVEC|MTVEC.*mstatus|MTVEC'
[04:29:07] [spechunter] [Grep] pattern='riscv_cpu_do_interrupt'
[04:29:07] [spechunter] [Grep] pattern='ivt_fetch|vtbase.*fetch|clic.*vectored|vectored.*clear|clear.*pending.*ivt|vt_entry.*pc_set|clint.*vectored'
[04:29:08] [spechunter] [Grep] pattern='vt_base|vtbase|VTBASE|vectored|mtvt|stvt'
[04:29:08] [spechunter] [Grep] pattern='Smivt|smivt|smstateen|mstateen'
[04:29:08] [spechunter] [Grep] pattern='csr_write.*mip|csr_set.*mip|csr_clear.*mip|mip.*pending|handle_exception|do_irq'
[04:29:08] [spechunter] [TodoWrite] 5 items
[04:29:09] [spechunter] [Write] /tmp/audit_PR729.json
[04:29:17] [spechunter] [Read] /home/yzs/riscv/linux/arch/riscv/kernel/traps.c
[04:29:17] [spechunter] [Read] /home/yzs/riscv/linux/arch/riscv/kernel/entry.S
[04:29:19] [spechunter] [Grep] pattern='riscv_cpu_do_interrupt'
[04:29:19] [spechunter] [Grep] pattern='clicintip'
[04:29:19] [spechunter] [Grep] pattern='vtbase|VTBASE|mtvt'
[04:29:19] [spechunter] [Grep] pattern='clint.*vectored|CLIC.*ivt|ivt.*fetch'
[04:29:22] [spechunter] [Read] /home/yzs/riscv/XiangShan/src/main/scala/xiangshan/backend/fu/NewCSR/CSREvents/TrapEntryVSEvent.scala
[04:29:22] [spechunter] [Read] /home/yzs/riscv/XiangShan/src/main/scala/xiangshan/backend/fu/NewCSR/CSREvents/TrapEntryHSEvent.scala
[04:29:22] [spechunter] [Read] /home/yzs/riscv/XiangShan/src/main/scala/xiangshan/backend/fu/NewCSR/CSREvents/TrapEntryDEvent.scala
[04:29:26] [spechunter] [Read] /home/yzs/riscv/XiangShan/src/main/scala/xiangshan/backend/fu/NewCSR/CSREvents/TrapEntryMEvent.scala
[04:29:26] [spechunter] [Read] /home/yzs/riscv/XiangShan/src/main/scala/xiangshan/backend/fu/NewCSR/TrapHandleModule.scala
[04:29:32] [spechunter] [Grep] pattern='clic|CLIC'
[04:29:32] [spechunter] [Grep] pattern='clic|CLIC'
[04:29:32] [spechunter] [Grep] pattern='smivt|SMIVT|Smivt'
[04:29:40] [spechunter] [Grep] pattern='IVT|ivt|vectored.*mode|MODE_VECTORED|mtvec.*mode'
[04:29:40] [spechunter] [Grep] pattern='clic'
[04:29:40] [spechunter] [Read] /home/yzs/riscv/qemu/target/riscv/cpu_helper.c
[04:29:43] [spechunter] [Write] /tmp/audit_PR729.json
[04:29:50] [spechunter] [text] ```json {   "violation_condition": "When XiangShan RTL implements CLIC IVT (Interrupt Vector Table) mode for xtvec but D...
[04:29:50] [spechunter] [text] ```json {   "violation_condition": "The kernel's IRQ entry path (do_irq / handle_arch_irq) or KVM's interrupt dispatch r...
[04:29:52] [spechunter] [Grep] pattern='interrupt|clint|CLINT'
[04:29:52] [spechunter] [Grep] pattern='clint|CLINT'
[04:29:52] [spechunter] [Grep] pattern='claim|pending|mip|MIP'
[04:29:57] [spechunter] [Read] /home/yzs/riscv/qemu/target/riscv/cpu_helper.c
[04:29:57] [spechunter] [Grep] pattern='smivt|Smivt|SMIVT|smcdeleg|smcntrpmf|smstateen|sscofpmf'
[04:29:57] [spechunter] [Grep] pattern='pending.*interrupt|interrupt.*pending|clear.*pending|intip|INTP|mip.*clear'
[04:29:57] [spechunter] [Grep] pattern='smivt|Smivt|SMIVT'
[04:30:05] [spechunter] [TodoWrite] 6 items
[04:30:07] [spechunter] [TodoWrite] 5 items
[04:30:07] [spechunter] [Grep] pattern='mtvec.*vectored|vectored.*mtvec|mtvec.*3.*1|mode.*vectored|trap.*mtvec|mtvec.*interrupt'
[04:30:07] [spechunter] [Grep] pattern='stvec|mtvec|pc.*handler|trap_handler|trap.*entry|vector.*base'
[04:30:07] [spechunter] [Grep] pattern='RISCV_EXCP_SW_CHECK|ext_zicntr|ext_smclic|ext_smivt|CLIC|MTVT'
[04:30:08] [spechunter] [Grep] pattern='clicintip'
[04:30:08] [spechunter] [Grep] pattern='TrapEntryMEvent|TrapEntryHSEvent|TrapEntryVSEvent'
[04:30:08] [spechunter] [Grep] pattern='TrapHandleModule'
[04:30:08] [spechunter] [Grep] pattern='mtvec|stvec|vstvec'
[04:30:08] [spechunter] [Grep] pattern='intPending'
[04:30:16] [spechunter] [Write] /tmp/audit_PR729.json
[04:30:20] [spechunter] [Grep] pattern='mtvt'
[04:30:20] [spechunter] [Grep] pattern='stvt'
[04:30:20] [spechunter] [Grep] pattern='\\bCSR_.*mtvt\\b|MTVT'
[04:30:20] [spechunter] [Grep] pattern='\\bCSR_.*stvt\\b|STVT'
[04:30:20] [spechunter] [Grep] pattern='aplic|APLIC|imsic|IMSIC'
[04:30:20] [spechunter] [Grep] pattern='aplic|APLIC|imsic|IMSIC'
[04:30:20] [spechunter] [Grep] pattern='riscv_cpu_do_interrupt'
[04:30:24] [spechunter] [Read] /home/yzs/riscv/XiangShan/src/main/scala/xiangshan/backend/fu/NewCSR/TrapHandleModule.scala
[04:30:24] [spechunter] [Read] /home/yzs/riscv/XiangShan/src/main/scala/xiangshan/backend/fu/NewCSR/CSREvents/TrapEntryMEvent.scala
[04:30:24] [spechunter] [Read] /home/yzs/riscv/XiangShan/src/main/scala/xiangshan/backend/fu/NewCSR/CSREvents/TrapEntryHSEvent.scala
[04:30:24] [spechunter] [Read] /home/yzs/riscv/XiangShan/src/main/scala/xiangshan/backend/fu/NewCSR/CSREvents/TrapEntryVSEvent.scala
[04:30:24] [spechunter] [Read] /home/yzs/riscv/XiangShan/src/main/scala/xiangshan/backend/fu/NewCSR/CSREvents/CSREvent.scala
[04:30:24] [spechunter] [Read] /home/yzs/riscv/qemu/target/riscv/cpu_cfg_fields.h.inc
[04:30:24] [spechunter] [Grep] pattern='clic|CLIC|smcl|smiv|cilic'
[04:30:30] [spechunter] [Read] /home/yzs/riscv/qemu/target/riscv/cpu_helper.c
[04:30:34] [spechunter] [Agent] description, prompt
[04:30:34] [spechunter] [Agent] description, prompt
[04:30:34] [spechunter] [Agent] description, prompt
[04:30:34] [spechunter] [Agent] description, prompt
[04:30:39] [spechunter] [Grep] pattern='clear.*interrupt|interrupt.*clear|clear.*mip|clr.*int|pending.*clear|clear_pending'
[04:30:39] [spechunter] [Grep] pattern='mtvec|stvec|vstvec'
[04:30:39] [spechunter] [Bash] List interrupt controller files
[04:30:39] [spechunter] [Grep] pattern='interrupt|trap|vectored|vector'
[04:30:40] [spechunter] [text] Now let me search for the CLIC interrupt pending bits and IVT mode patterns more specifically.  
[04:30:40] [spechunter] [Grep] pattern='clicintip|CLIC.*int.*pending|clic.*pending'
[04:30:40] [spechunter] [Grep] pattern='IVT|Vectored|xtvec.*mode|mtvec.*mode|stvec.*mode'
[04:30:40] [spechunter] [Grep] pattern='interrupt.*pending.*clear|clear.*interrupt.*pending|intPending.*clear|pending.*:=.*false|pending.*=.*0\\.U'
[04:30:40] [spechunter] [Grep] pattern='VTBASE|vtbase|vectored.*table'
[04:30:40] [spechunter] [Grep] pattern='CLIC|clic'
[04:30:41] [spechunter] [Read] /tmp/audit_PR729.json
[04:30:42] [spechunter] [Read] /home/yzs/riscv/qemu/target/riscv/cpu_helper.c
[04:30:51] [spechunter] [Grep] pattern='pendingTrap|pending.*trap|trap.*pending'
[04:30:51] [spechunter] [Grep] pattern='notice_pending|fromAIA|toAIA'
[04:30:51] [spechunter] [Grep] pattern='XtvecMode|Vectored|Direct'
[04:30:55] [spechunter] [Grep] pattern='mtvt|MTVT|mtvec|MTVEC|mtvt'
[04:30:55] [spechunter] [Grep] pattern='mtvt|MTVT'
[04:30:55] [spechunter] [Grep] pattern='vectored|VECTORED|vect'
[04:30:55] [spechunter] [Grep] pattern='vectored'
[04:30:55] [spechunter] [Grep] pattern='vtbase|VTBASE|vt_base'
[04:30:55] [spechunter] [Grep] pattern='xtvec|mtvec'
[04:30:55] [spechunter] [Grep] pattern='clic|CLIC|clic_vt'
[04:30:55] [spechunter] [Grep] pattern='trapEntry|trap_entry|trapHandler|trap_handler|exceptionEntry'
[04:30:56] [spechunter] [text] ```json {   "violation_condition": "FreeBSD's RISC-V hart runs in CLIC IVT (Interrupt Vector Table) mode with a level-se...
[04:30:56] [spechunter] [Agent] description, subagent_type
[04:30:56] [spechunter] [Agent] description, subagent_type
[04:30:56] [spechunter] [Agent] description, subagent_type
[04:30:58] [spechunter] [Read] /home/yzs/riscv/qemu/target/riscv/csr.c
[04:30:58] [spechunter] [Read] /home/yzs/riscv/qemu/target/riscv/cpu_bits.h
[04:30:58] [spechunter] [Grep] pattern='mtvec|stvec|vstvec'
[04:30:58] [spechunter] [Read] /home/yzs/riscv/qemu/target/riscv/cpu_helper.c
[04:30:58] [spechunter] [Read] /home/yzs/riscv/qemu/target/riscv/cpu_helper.c
[04:30:58] [spechunter] [Grep] pattern='clicintip'
[04:30:58] [spechunter] [Grep] pattern='clic_int_pending'
[04:30:58] [spechunter] [Grep] pattern='intPending'
[04:30:58] [spechunter] [Grep] pattern='interruptPending|interrupt_pending|int_pending'
[04:30:58] [spechunter] [Grep] pattern='clic.*pending|pending.*clic'
[04:31:02] [spechunter] [Grep] pattern='CSR_MTV|CSR_STV|CSR_MTVT|CSR_VTB|csr_mtv'
[04:31:02] [spechunter] [Grep] pattern='mtvec|mtvt|stvec'
[04:31:02] [spechunter] [Grep] pattern='mtvec|MTVEC|Mtvec'
[04:31:02] [spechunter] [Grep] pattern='stvec|STVEC|Stvec'
[04:31:02] [spechunter] [Grep] pattern='vstvec|VSTVEC|Vstvec'
[04:31:02] [spechunter] [Grep] pattern='VTBASE|vtbase|Vtbase'
[04:31:02] [spechunter] [Grep] pattern='CLIC|clic|DIRECT|Direct|VECTORED|Vectored|IVT'
[04:31:02] [spechunter] [Grep] pattern='tvce|MTICE|mticltr|tvec_mode|TraceMode|ModeX|ModeCLIC'
[04:31:11] [spechunter] [Grep] pattern='XtvecMode|Vectored|Direct'
[04:31:11] [spechunter] [Grep] pattern='Vectored|IVT|Direct|xtvec.*mode|mtvec.*mode'
[04:31:11] [spechunter] [Read] /home/yzs/riscv/XiangShan/src/main/scala/xiangshan/backend/fu/NewCSR/NewCSR.scala
[04:31:11] [spechunter] [Read] /home/yzs/riscv/XiangShan/src/main/scala/xiangshan/backend/fu/NewCSR/NewCSR.scala
[04:31:11] [spechunter] [Grep] pattern='TrapHandleModule'
[04:31:11] [spechunter] [Grep] pattern='TrapEntryMEvent'
[04:31:11] [spechunter] [Grep] pattern='TrapEntryHSEvent'
[04:31:11] [spechunter] [Grep] pattern='TrapEntryVSEvent'
[04:31:11] [spechunter] [Grep] pattern='TrapEntrySEvent'
[04:31:12] [spechunter] [TodoWrite] 7 items
[04:31:16] [spechunter] [Read] /home/yzs/riscv/XiangShan/src/main/scala/xiangshan/backend/fu/NewCSR/TrapHandleModule.scala
[04:31:16] [spechunter] [Read] /home/yzs/riscv/XiangShan/src/main/scala/xiangshan/backend/fu/NewCSR/CSRDefines.scala
[04:31:16] [spechunter] [Read] /home/yzs/riscv/XiangShan/src/main/scala/xiangshan/backend/fu/NewCSR/CSRBundles.scala
[04:31:16] [spechunter] [Grep] pattern='\\bIVT\\b|ivt\\b|IVTMode|IVT.*mode'
[04:31:16] [spechunter] [Grep] pattern='CLINT|clint|PLIC|plic|platform.*level|interrupt.*controller'
[04:31:16] [spechunter] [Read] /home/yzs/riscv/linux/arch/riscv/kvm/vcpu.c
[04:31:16] [spechunter] [Read] /home/yzs/riscv/linux/arch/riscv/kvm/vcpu_exit.c
[04:31:16] [spechunter] [Glob] arch/riscv/kvm/aia*.c
[04:31:16] [spechunter] [Glob] arch/riscv/kvm/vcpu_switch.S
[04:31:16] [spechunter] [Glob] arch/riscv/include/asm/kvm*.h
[04:31:21] [spechunter] [Read] /home/yzs/riscv/freebsd-src/sys/riscv/riscv/intr_machdep.c
[04:31:21] [spechunter] [Read] /home/yzs/riscv/freebsd-src/sys/riscv/riscv/trap.c
[04:31:21] [spechunter] [Read] /home/yzs/riscv/freebsd-src/sys/riscv/riscv/swtch.S
[04:31:25] [spechunter] [Grep] pattern='csrr.*mip|csrr.*sip|csrr.*hvip'
[04:31:25] [spechunter] [Grep] pattern='csr_read.*mip|csr_read.*sip|csr_read.*hvip'
[04:31:25] [spechunter] [Grep] pattern='CSR_MIP|CSR_SIP|CSR_HVIP'
[04:31:25] [spechunter] [Grep] pattern='handle_arch_irq|do_IRQ|do_irq'
[04:31:25] [spechunter] [Grep] pattern='plic_handle_irq|aplic_handle'
[04:31:26] [spechunter] [Read] /home/yzs/riscv/qemu/hw/intc/riscv_aclint.c
[04:31:26] [spechunter] [Read] /home/yzs/riscv/qemu/hw/intc/riscv_aplic.c
[04:31:27] [spechunter] [Grep] pattern='mtvt|stvt|MTVT|STVT'
[04:31:27] [spechunter] [Grep] pattern='mtvt|stvt|MTVT|STVT'
[04:31:27] [spechunter] [Grep] pattern='aclic|ACLIC|Aclic'
[04:31:27] [spechunter] [Grep] pattern='smivt|Smivt|SMIVT'
[04:31:27] [spechunter] [Grep] pattern='CONFIG.*ACLIC|CONFIG.*IVT|CONFIG.*SMIVT'
[04:31:27] [spechunter] [Grep] pattern='clint|CLINT'
[04:31:30] [spechunter] [Grep] pattern='\\bmip\\b'
[04:31:30] [spechunter] [Grep] pattern='\\bsip\\b'
[04:31:30] [spechunter] [Grep] pattern='\\bmie\\b'
[04:31:30] [spechunter] [Grep] pattern='\\bmstatus\\b'
[04:31:30] [spechunter] [Grep] pattern='\\bmcause\\b'
[04:31:30] [spechunter] [Grep] pattern='\\bmnxti\\b'
[04:31:30] [spechunter] [Grep] pattern='\\bmtvec\\b'
[04:31:30] [spechunter] [Grep] pattern='\\bmnstatus\\b'
[04:31:30] [spechunter] [Grep] pattern='\\bvtbase\\b'
[04:31:31] [spechunter] [Read] /home/yzs/riscv/XiangShan/src/main/scala/xiangshan/backend/fu/NewCSR/TrapHandleModule.scala
[04:31:31] [spechunter] [Read] /home/yzs/riscv/XiangShan/src/main/scala/xiangshan/backend/fu/NewCSR/CSREvents/TrapEntryMEvent.scala
[04:31:31] [spechunter] [Read] /home/yzs/riscv/XiangShan/src/main/scala/xiangshan/backend/fu/NewCSR/CSREvents/TrapEntryHSEvent.scala
[04:31:31] [spechunter] [Read] /home/yzs/riscv/XiangShan/src/main/scala/xiangshan/backend/fu/NewCSR/CSREvents/TrapEntryVSEvent.scala
[04:31:31] [spechunter] [Read] /home/yzs/riscv/XiangShan/src/main/scala/xiangshan/backend/fu/NewCSR/CSREvents/CSREvent.scala
[04:31:32] [spechunter] [Grep] pattern='CLIC|clic'
[04:31:32] [spechunter] [Grep] pattern='CLINT|clint|CLINTMTIP|clint_mtip|CLINTMSIP'
[04:31:32] [spechunter] [Grep] pattern='pending'
[04:31:32] [spechunter] [Grep] pattern='Smivt|smivt|SMIVT'
[04:31:32] [spechunter] [Grep] pattern='interrupt.*=.*0\\.U|interrupt.*:=.*false|interrupt.*clear|intr.*clear'
[04:31:32] [spechunter] [Grep] pattern='xtvec|mtvec|stvec|vstvec'
[04:31:32] [spechunter] [Grep] pattern='xtvec|mtvec|stvec|vstvec'
[04:31:37] [spechunter] [Grep] pattern='xtvec|XTVEC|mtvec|stvec|vstvec'
[04:31:37] [spechunter] [Grep] pattern='mtvec|stvec|vstvec'
[04:31:37] [spechunter] [Grep] pattern='mtvec|Mtvec|MTVEC'
[04:31:37] [spechunter] [Grep] pattern='stvec|Stvec|STVEC'
[04:31:37] [spechunter] [Grep] pattern='vstvec|Vstvec|VSTVEC'
[04:31:37] [spechunter] [Grep] pattern='xtvec|TraceMode|ModeX|ModeDirect|ModeVectored|ModeCLIC|ModeIVT|Mode'
[04:31:39] [spechunter] [text] Now let me find the interrupt machinery and exception entry code.  
[04:31:39] [spechunter] [Glob] sys/riscv/riscv/intr*
[04:31:39] [spechunter] [Glob] sys/riscv/riscv/exception*
[04:31:39] [spechunter] [Glob] sys/riscv/riscv/plic*
[04:31:39] [spechunter] [Grep] pattern='intr_irq_handler'
[04:31:40] [spechunter] [TodoWrite] 5 items
[04:31:40] [spechunter] [text] Based on a thorough search of the codebase, here are the findings:  ```json {   "locations": [     {       "file_path": ...
[04:31:40] [spechunter] [Grep] pattern='\\bCSR_MIP\\b|CSR_SIP\\b|CSR_HVIP\\b'
[04:31:40] [spechunter] [Grep] pattern='[Mm]tvec|[Ss]tvec|CSR_TVEC'
[04:31:40] [spechunter] [Grep] pattern='\\bivt\\b|IVT|ivec'
[04:31:40] [spechunter] [Grep] pattern='aclint|aclic|ACLINT|ACLIC'
[04:31:41] [spechunter] [Grep] pattern='XtvecBundle|xtvec|mtvec|stvec|vstvec'
[04:31:41] [spechunter] [Grep] pattern='xtvec|mtvec|stvec|vstvec'
[04:31:41] [spechunter] [Grep] pattern='xtvec|mtvec|stvec|vstvec'
[04:31:41] [spechunter] [Grep] pattern='xtvec|mtvec|stvec|vstvec'
[04:31:42] [spechunter] [Read] /home/yzs/riscv/XiangShan/src/main/scala/xiangshan/backend/fu/CSR.scala
[04:31:42] [spechunter] [Grep] pattern='adjustinterrupt|interruptNO|interrupt_num|InterruptNO'
[04:31:42] [spechunter] [Grep] pattern='fetch.*handler|handler.*addr|trap.*addr|vector.*table|table.*fetch|readMem|read.*memory.*handler'
[04:31:42] [spechunter] [Grep] pattern='causeNO|pcFromXtvec|exceptionRegular|EntryExceptionCode'
[04:31:42] [spechunter] [Grep] pattern='\\bivt\\b|IVT|vectored.*interrupt|interrupt.*vectored'
[04:31:42] [spechunter] [Read] /home/yzs/riscv/linux/arch/riscv/include/asm/csr.h
[04:31:42] [spechunter] [Grep] pattern='vector.*trap|trap.*vector|vectored.*mode|mode.*vectored|mtvt|stvt'
[04:31:43] [spechunter] [Read] /home/yzs/riscv/freebsd-src/sys/riscv/riscv/exception.S
[04:31:43] [spechunter] [Read] /home/yzs/riscv/freebsd-src/sys/riscv/riscv/plic.c
[04:31:43] [spechunter] [Grep] pattern='intr_irq_handler'
[04:31:44] [spechunter] [Read] /home/yzs/riscv/linux/arch/riscv/kvm/aia.c
[04:31:44] [spechunter] [Read] /home/yzs/riscv/linux/arch/riscv/kvm/vcpu_switch.S
[04:31:44] [spechunter] [Read] /home/yzs/riscv/linux/arch/riscv/include/asm/kvm_host.h
[04:31:44] [spechunter] [Read] /home/yzs/riscv/linux/arch/riscv/include/asm/kvm_aia.h
[04:31:44] [spechunter] [Grep] pattern='CSR_HVIP|CSR_MIP|CSR_SIP|CSR_HVICTL|CSR_HVICTOCH|HVIP|hvip|HVICTL|hvictl|HVICTOCH|hvictoch'
[04:31:44] [spechunter] [Grep] pattern='CSR_HVIP|CSR_MIP|CSR_SIP|CSR_HVICTL|CSR_HVICTOCH|HVIP|hvip|HVICTL|hvictl|HVICTOCH|hvictoch'
[04:31:46] [spechunter] [Read] /home/yzs/riscv/XiangShan/src/main/scala/xiangshan/backend/fu/NewCSR/CSRBundles.scala
[04:31:46] [spechunter] [Read] /home/yzs/riscv/XiangShan/src/main/scala/xiangshan/backend/fu/NewCSR/InterruptFilter.scala
[04:31:47] [spechunter] [Read] /home/yzs/riscv/linux/arch/riscv/kernel/entry.S
[04:31:47] [spechunter] [Read] /home/yzs/riscv/linux/arch/riscv/kernel/irq.c
[04:31:47] [spechunter] [Read] /home/yzs/riscv/linux/arch/riscv/kernel/traps.c
[04:31:47] [spechunter] [Read] /home/yzs/riscv/linux/arch/riscv/kvm/vcpu.c
[04:31:47] [spechunter] [Grep] pattern='mtvt|stvt|CSR_MTVT|CSR_STVT'
[04:31:47] [spechunter] [Grep] pattern='aclic|ACLIC|smivt|Smivt|SMIVT|ivt|IVT'
[04:31:49] [spechunter] [Read] /home/yzs/riscv/XiangShan/src/main/scala/xiangshan/backend/fu/NewCSR/NewCSR.scala
[04:31:49] [spechunter] [Read] /home/yzs/riscv/XiangShan/src/main/scala/xiangshan/backend/fu/NewCSR/NewCSR.scala
[04:31:49] [spechunter] [Grep] pattern='interrupt.*pending|pending.*interrupt|intrClear|irClear|clearIntr|clrIntr|mip.*clear|mipClear'
[04:31:49] [spechunter] [Grep] pattern='valid.*:=.*hasTrap|hasTrap.*valid|trapEntry.*valid|valid.*trapEntry'
[04:31:51] [spechunter] [Read] /home/yzs/riscv/XiangShan/src/main/scala/xiangshan/backend/fu/NewCSR/InterruptBundle.scala
[04:31:51] [spechunter] [Read] /home/yzs/riscv/XiangShan/src/main/scala/xiangshan/backend/fu/NewCSR/MachineLevel.scala
[04:31:51] [spechunter] [Read] /home/yzs/riscv/XiangShan/src/main/scala/xiangshan/device/standalone/StandAloneCLINT.scala
[04:31:52] [spechunter] [Grep] pattern='intr_irq_handler'
[04:31:52] [spechunter] [Grep] pattern='intr_irq_handler'
[04:31:52] [spechunter] [Grep] pattern='define intr_irq_handler'
[04:31:55] [spechunter] [Grep] pattern='\\bcsr_read\\b.*\\b(mip|mie|mcause|mstatus|mtvec)\\b'
[04:31:55] [spechunter] [Grep] pattern='\\bcsr_write\\b.*\\b(mip|mie|mcause|mstatus|mtvec|sip)\\b'
[04:31:55] [spechunter] [Grep] pattern='\\bcsr_set\\b.*\\b(mip|mie|mcause|mstatus|mtvec|sip|mnstatus|mnxti|vtbase)\\b'
[04:31:55] [spechunter] [Grep] pattern='\\bcsr_clear\\b.*\\b(mip|mie|mcause|mstatus|mtvec|sip|mnstatus|mnxti|vtbase)\\b'
[04:31:55] [spechunter] [Grep] pattern='\\bcsr_read\\b.*\\b(sip)\\b'
[04:31:59] [spechunter] [Grep] pattern='XtvecBundle'
[04:31:59] [spechunter] [Grep] pattern='mode|Mode'
[04:31:59] [spechunter] [Grep] pattern='mode|Mode|DIRECT|VECTORED|CLIC|IVT'
[04:32:03] [spechunter] [Grep] pattern='csrr.*mip|csr_read.*MIP|csrr.*sip|csr_read.*SIP|csrr.*hvip|csr_read.*HVIP'
[04:32:03] [spechunter] [Grep] pattern='handle_exception|do_irq|handle_arch_irq'
[04:32:03] [spechunter] [Grep] pattern='\\bIRQ_ENTRY|__irq_entry|irq_entry|trap_entry|TRAP_ENTRY'
[04:32:03] [spechunter] [Grep] pattern='riscv_irq_dispatch|ipi_mux|handle_ipi'
[04:32:03] [spechunter] [Read] /home/yzs/riscv/freebsd-src/sys/kern/subr_intr.c
[04:32:04] [spechunter] [Read] /home/yzs/riscv/XiangShan/src/main/scala/xiangshan/backend/fu/NewCSR/InterruptFilter.scala
[04:32:04] [spechunter] [text] Let me trace the interrupt delivery flow more deeply — looking at how interrupts are triggered and what clears pending b...
[04:32:04] [spechunter] [Grep] pattern='async|interrupt|irq|mip|MIP|pending'
[04:32:04] [spechunter] [Read] /home/yzs/riscv/XiangShan/src/main/scala/xiangshan/backend/fu/NewCSR/NewCSR.scala
[04:32:04] [spechunter] [Grep] pattern='pending|mip|claim|clear|set.*irq|raise|lower'
[04:32:04] [spechunter] [Read] /home/yzs/riscv/XiangShan/src/main/scala/xiangshan/backend/fu/NewCSR/InterruptBundle.scala
[04:32:04] [spechunter] [Read] /home/yzs/riscv/XiangShan/src/main/scala/xiangshan/backend/fu/NewCSR/MachineLevel.scala
[04:32:04] [spechunter] [Grep] pattern='Direct.*Vectored|mode.*Direct|mode.*Vectored|vecMode|tvec.*mode'
[04:32:04] [spechunter] [Read] /home/yzs/riscv/XiangShan/src/main/scala/xiangshan/backend/fu/NewCSR/NewCSR.scala
[04:32:07] [spechunter] [Read] /home/yzs/riscv/XiangShan/src/main/scala/xiangshan/backend/fu/NewCSR/CSRBundles.scala
[04:32:07] [spechunter] [Grep] pattern='XtvecMode'
[04:32:08] [spechunter] [Grep] pattern='csr_read\\(CSR_MIP\\)|csr_read\\(CSR_SIP\\)|csr_read\\(CSR_IP\\)'
[04:32:08] [spechunter] [Grep] pattern='WARN_ON|WARN\\b'
[04:32:08] [spechunter] [Grep] pattern='WARN_ON|WARN\\b'
[04:32:08] [spechunter] [Grep] pattern='WARN_ON|WARN\\b'
[04:32:08] [spechunter] [Grep] pattern='kvm_sched_in|kvm_sched_out|preempt_notifier'
[04:32:08] [spechunter] [Read] /home/yzs/riscv/linux/arch/riscv/kvm/aia_imsic.c
[04:32:08] [spechunter] [Read] /home/yzs/riscv/XiangShan/src/main/scala/xiangshan/backend/fu/NewCSR/NewCSR.scala
[04:32:08] [spechunter] [Read] /home/yzs/riscv/XiangShan/src/main/scala/xiangshan/backend/fu/NewCSR/NewCSR.scala
[04:32:08] [spechunter] [Grep] pattern='\\.MIE\\b|\\.SIE\\b|MPIE|SPIE|mstatus.*MIE|sstatus.*SIE|vsstatus.*SIE'
[04:32:08] [spechunter] [Read] /home/yzs/riscv/XiangShan/src/main/scala/xiangshan/backend/fu/NewCSR/NewCSR.scala
[04:32:10] [spechunter] [Grep] pattern='smaclic|ssaclic|SMACLIC|SSACLIC'
[04:32:10] [spechunter] [Grep] pattern='STVEC|stvec|tvirtual|MODE.*IVT|ivt_mode'
[04:32:10] [spechunter] [Grep] pattern='riscv,aplic|riscv,imsic|SSAIA|ssaia'
[04:32:10] [spechunter] [Grep] pattern='sourcecfg|SOURCECFG|SETIENUM|CLRIENUM|SETIPNUM|CLRIPNUM'
[04:32:10] [spechunter] [Grep] pattern='aplic|APLIC'
[04:32:10] [spechunter] [Grep] pattern='CONFIG.*AIA|CONFIG.*IRQ|CONFIG.*IMSIC|CONFIG.*APLIC|CONFIG.*INTERRUPT'
[04:32:12] [spechunter] [Glob] **/*CLINT*.{scala,sv,v}
[04:32:12] [spechunter] [Glob] **/*CLIC*.{scala,sv,v}
[04:32:12] [spechunter] [Grep] pattern='MSIP|msip|mtime|mtimecmp'
[04:32:12] [spechunter] [Grep] pattern='clear.*pending|clear.*ip|pending.*clear|ip.*clear|trap.*entry|trapEntry'
[04:32:13] [spechunter] [Read] /home/yzs/riscv/linux/arch/riscv/kernel/entry.S
[04:32:13] [spechunter] [Read] /home/yzs/riscv/linux/arch/riscv/kernel/traps.c
[04:32:13] [spechunter] [Read] /home/yzs/riscv/linux/arch/riscv/kernel/irq.c
[04:32:13] [spechunter] [Grep] pattern='hasTrap|trapIsInterrupt|trapVec|trapInfo'
[04:32:13] [spechunter] [Grep] pattern='trapEntry.*\\.in\\b|trapEntryMEvent.*\\.in|trapEntryHSEvent.*\\.in|trapEntryVSEvent.*\\.in'
[04:32:13] [spechunter] [Grep] pattern='DNxtvi|dnxtvi|bindIR|interrupt.*pending.*clear|clearIntrPending|smivt|SMIVT'
[04:32:16] [spechunter] [Read] /home/yzs/riscv/linux/drivers/irqchip/irq-sifive-plic.c
[04:32:16] [spechunter] [Read] /home/yzs/riscv/linux/arch/riscv/kvm/aia.c
[04:32:16] [spechunter] [Grep] pattern='irq_find_mapping|generic_handle_irq|handle_domain_irq'
[04:32:16] [spechunter] [Grep] pattern='csr_read|csrr|csvv'
[04:32:16] [spechunter] [Grep] pattern='handle_arch_irq'
[04:32:16] [spechunter] [Glob] drivers/irqchip/irq-riscv*.c
[04:32:17] [spechunter] [text] Now let me trace how pending bits get cleared when interrupts are taken, and look for any SMIVT/CLIC CSR definitions.  
[04:32:17] [spechunter] [Read] /home/yzs/riscv/qemu/target/riscv/cpu_helper.c
[04:32:17] [spechunter] [Grep] pattern='claim_interrupts|riscv_cpu_claim'
[04:32:18] [spechunter] [Read] /home/yzs/riscv/freebsd-src/sys/riscv/riscv/intr_machdep.c
[04:32:18] [spechunter] [Read] /home/yzs/riscv/freebsd-src/sys/riscv/riscv/trap.c
[04:32:18] [spechunter] [Read] /home/yzs/riscv/freebsd-src/sys/riscv/riscv/mp_machdep.c
[04:32:18] [spechunter] [Read] /home/yzs/riscv/freebsd-src/sys/riscv/riscv/sbi_ipi.c
[04:32:18] [spechunter] [Read] /home/yzs/riscv/freebsd-src/sys/riscv/include/riscvreg.h
[04:32:19] [spechunter] [Read] /home/yzs/riscv/XiangShan/src/main/scala/xiangshan/backend/fu/NewCSR/NewCSR.scala
[04:32:19] [spechunter] [Grep] pattern='InterruptNO\\.'
[04:32:19] [spechunter] [Grep] pattern='InterruptNO'
[04:32:22] [spechunter] [Grep] pattern='table.*entry|entry.*table|INTC|intCtrl|int_ctl|msi.*table|table.*msi'
[04:32:22] [spechunter] [Grep] pattern='IMSIC|imsic|AIA|aia|APLIC|aplic'
[04:32:22] [spechunter] [Read] /home/yzs/riscv/XiangShan/src/main/scala/xiangshan/backend/fu/NewCSR/NewCSR.scala
[04:32:22] [spechunter] [Grep] pattern='nonDebugTrapTargetPc|debugTrapTarget|trapTarget'
[04:32:23] [spechunter] [Read] /home/yzs/riscv/XiangShan/src/main/scala/xiangshan/backend/fu/NewCSR/MachineLevel.scala
[04:32:23] [spechunter] [Read] /home/yzs/riscv/XiangShan/src/main/scala/device/CLINT.scala
[04:32:23] [spechunter] [Grep] pattern='mtip|MTIP'
[04:32:23] [spechunter] [Grep] pattern='seip|SEIP|meip|MEIP'
[04:32:25] [spechunter] [Read] /home/yzs/riscv/linux/drivers/irqchip/irq-riscv-aplic-main.h
[04:32:25] [spechunter] [Grep] pattern='DEFAULT_PRIORITY|IDC_CLAIMI|IDC_ITHRESHOLD|IDC_IDELIVERY|DOMAINCFG'
[04:32:25] [spechunter] [Grep] pattern='smaia|ssaia|Smaia|Ssaia|SSAIA|SMAIA'
[04:32:25] [spechunter] [Grep] pattern='0x307|mtvt|stvt'
[04:32:25] [spechunter] [Grep] pattern='CLINT_TIMER|ACLINT_MTIMER|ACLINT_MSWI|ACLINT_SSWI'
[04:32:25] [spechunter] [Grep] pattern='aclint'
[04:32:29] [spechunter] [Read] /home/yzs/riscv/XiangShan/src/main/scala/xiangshan/backend/fu/NewCSR/CSREvents/TrapEntryMEvent.scala
[04:32:29] [spechunter] [Grep] pattern='platformIRP|PlatformIRP'
[04:32:29] [spechunter] [Read] /home/yzs/riscv/XiangShan/src/main/scala/device/standalone/StandAloneCLINT.scala
[04:32:29] [spechunter] [Grep] pattern='smivt|SMIVT|Smivt|smaia|SMAIA|ssaia|SSAIA'
[04:32:29] [spechunter] [Grep] pattern='claim_interrupts|riscv_cpu_claim_interrupt'
[04:32:30] [spechunter] [Read] /home/yzs/riscv/linux/arch/riscv/include/asm/csr.h
[04:32:30] [spechunter] [Grep] pattern='CSR_MTVEC|CSR_STVEC|CSR_VSTVEC'
[04:32:30] [spechunter] [Grep] pattern='csr_write.*CSR_IP|csr_set.*CSR_IP|csr_clear.*CSR_IP'
[04:32:32] [spechunter] [Read] /home/yzs/riscv/linux/arch/riscv/kvm/main.c
[04:32:32] [spechunter] [Read] /home/yzs/riscv/linux/arch/riscv/include/asm/csr.h
[04:32:32] [spechunter] [Read] /home/yzs/riscv/linux/arch/riscv/include/asm/csr.h
[04:32:32] [spechunter] [Grep] pattern='WARN_ON|WARN'
[04:32:32] [spechunter] [Grep] pattern='csr_read\\(CSR_SIP\\)|csr_read\\(CSR_MIP\\)|csr_write\\(CSR_SIP\\)|csr_write\\(CSR_MIP\\)|csr_read\\(CSR_IP\\)|csr_write\\(CSR_IP\\)'
[04:32:32] [spechunter] [Read] /home/yzs/riscv/linux/arch/riscv/kvm/vcpu_onereg.c
[04:32:33] [spechunter] [Read] /home/yzs/riscv/linux/drivers/irqchip/irq-riscv-intc.c
[04:32:33] [spechunter] [Read] /home/yzs/riscv/linux/drivers/irqchip/irq-riscv-imsic-early.c
[04:32:33] [spechunter] [Read] /home/yzs/riscv/linux/drivers/irqchip/irq-riscv-aplic-direct.c
[04:32:33] [spechunter] [Read] /home/yzs/riscv/linux/drivers/irqchip/irq-riscv-aplic-main.c
[04:32:33] [spechunter] [Read] /home/yzs/riscv/linux/arch/riscv/kvm/vcpu_switch.S
[04:32:33] [spechunter] [Read] /home/yzs/riscv/linux/arch/riscv/include/asm/csr.h
[04:32:33] [spechunter] [Glob] sys/riscv/riscv/intr*.c
[04:32:33] [spechunter] [Grep] pattern='mtvec|stvec|vstvec'
[04:32:33] [spechunter] [Grep] pattern='stvec|Stvec'
[04:32:33] [spechunter] [Grep] pattern='vstvec|Vstvec'
[04:32:33] [spechunter] [Grep] pattern='CLIC|clic|IVT|ivt|intctl|mtvt|mnxti|MNI|SNI'
[04:32:33] [spechunter] [Glob] sys/riscv/riscv/exception*.S
[04:32:33] [spechunter] [Grep] pattern='CSREnum|CSREnumType'
[04:32:33] [spechunter] [Glob] sys/riscv/riscv/*plic*
[04:32:33] [spechunter] [Grep] pattern='\\bintr_irq_handler\\b'
[04:32:33] [spechunter] [Grep] pattern='\\bscause\\b'
[04:32:35] [spechunter] [Read] /home/yzs/riscv/linux/arch/riscv/kernel/sbi-ipi.c
[04:32:35] [spechunter] [Grep] pattern='riscv_intc|andestech|andes'
[04:32:35] [spechunter] [Glob] drivers/irqchip/irq-riscv*
[04:32:37] [spechunter] [Grep] pattern='object InterruptNO|InterruptNO\\s*\\{|def \\w+'
[04:32:37] [spechunter] [Read] /home/yzs/riscv/XiangShan/src/main/scala/xiangshan/backend/fu/NewCSR/InterruptBundle.scala
[04:32:38] [spechunter] [TodoWrite] 7 items
[04:32:40] [spechunter] [Read] /home/yzs/riscv/freebsd-src/sys/riscv/riscv/exception.S
[04:32:40] [spechunter] [Read] /home/yzs/riscv/freebsd-src/sys/riscv/riscv/plic.c
[04:32:40] [spechunter] [Grep] pattern='\\bintr_irq_handler\\b'
[04:32:40] [spechunter] [Read] /home/yzs/riscv/linux/drivers/irqchip/irq-riscv-aplic-main.c
[04:32:40] [spechunter] [Glob] **/irq-riscv-aplic-*.h
[04:32:40] [spechunter] [Grep] pattern='APLIC_SETIP|APLIC_CLRIP|APLIC_SETIE|APLIC_CLRIE|APLIC_SOURCECFG|APLIC_TARGET|APLIC_DOMAINCFG|APLIC_IDC'
[04:32:40] [spechunter] [Grep] pattern='RISCV_IRQCHIP|RISCV_APLIC|RISCV_IMSIC'
[04:32:41] [spechunter] [Read] /home/yzs/riscv/qemu/target/riscv/cpu_helper.c
[04:32:41] [spechunter] [Grep] pattern='smivt|smaia|ssaia'
[04:32:43] [spechunter] [Read] /home/yzs/riscv/XiangShan/src/main/scala/xiangshan/backend/fu/NewCSR/VirtualSupervisorLevel.scala
[04:32:43] [spechunter] [Read] /home/yzs/riscv/XiangShan/src/main/scala/xiangshan/backend/fu/NewCSR/HypervisorLevel.scala
[04:32:43] [spechunter] [Read] /home/yzs/riscv/XiangShan/src/main/scala/xiangshan/backend/fu/NewCSR/SupervisorLevel.scala
[04:32:43] [spechunter] [Read] /home/yzs/riscv/XiangShan/src/main/scala/xiangshan/backend/fu/NewCSR/CSREvents/CSREvent.scala
[04:32:43] [spechunter] [Read] /home/yzs/riscv/XiangShan/src/main/scala/xiangshan/backend/fu/NewCSR/TrapHandleModule.scala
[04:32:44] [spechunter] [Read] /home/yzs/riscv/XiangShan/src/main/scala/xiangshan/backend/fu/NewCSR/MachineLevel.scala
[04:32:44] [spechunter] [Read] /home/yzs/riscv/XiangShan/src/main/scala/device/TLTimer.scala
[04:32:44] [spechunter] [Read] /home/yzs/riscv/XiangShan/src/main/scala/device/TIMER.scala
[04:32:44] [spechunter] [Read] /home/yzs/riscv/XiangShan/src/main/scala/xiangshan/backend/fu/NewCSR/NewCSR.scala
[04:32:46] [spechunter] [Grep] pattern='trapIsInterrupt|trapEntry.*interrupt|trapTo[MSV].*interrupt|clear.*IP|IP.*clear|mip.*wen|sip.*wen|vsip.*wen|hip.*wen|mvip.*wen'
[04:32:46] [spechunter] [Read] /home/yzs/riscv/XiangShan/src/main/scala/xiangshan/backend/fu/NewCSR/InterruptBundle.scala
[04:32:46] [spechunter] [Grep] pattern='InterruptFilter|trapToMS'
[04:32:46] [spechunter] [text] Now let me check the InterruptFilter output generation and how interrupts are actually acknowledged/cleared.  
[04:32:46] [spechunter] [Read] /home/yzs/riscv/XiangShan/src/main/scala/xiangshan/backend/fu/NewCSR/InterruptFilter.scala
[04:32:46] [spechunter] [Grep] pattern='interruptVec|interrupt.*output|io\\.out'
[04:32:49] [spechunter] [Read] /home/yzs/riscv/linux/drivers/irqchip/irq-riscv-intc.c
[04:32:49] [spechunter] [Grep] pattern='smivt|SMIVT|Smivt|ssivt|SSIVT'
[04:32:49] [spechunter] [Grep] pattern='csr_read.*MIP|csr_read.*SIP|csr_read.*HIP'
[04:32:50] [spechunter] [Read] /home/yzs/riscv/linux/arch/riscv/kvm/main.c
[04:32:50] [spechunter] [Grep] pattern='CSR_IP\\b'
[04:32:50] [spechunter] [Grep] pattern='ncsr_read|ncsr_write|nacl_csr_read|nacl_csr_write'
[04:32:50] [spechunter] [Grep] pattern='riscv_intc_irq|riscv_intc_aia_irq|handle_arch_irq'
[04:32:50] [spechunter] [Read] /home/yzs/riscv/linux/arch/riscv/kernel/suspend_entry.S
[04:32:50] [spechunter] [Grep] pattern='kvm_riscv_vcpu_exit|kvm_riscv_vcpu_has_interrupts'
[04:32:52] [spechunter] [text] No `smivt` config field exists. Let me look deeper at the IMSIC interrupt claiming flow and check what happens to pendin...
[04:32:52] [spechunter] [Grep] pattern='claim|pending|eip|EIP|eie|EIE'
[04:32:52] [spechunter] [Grep] pattern='set_pc|env->pc\\s*='
[04:32:52] [spechunter] [Read] /home/yzs/riscv/XiangShan/src/main/scala/xiangshan/backend/fu/NewCSR/HypervisorLevel.scala
[04:32:52] [spechunter] [Read] /home/yzs/riscv/XiangShan/src/main/scala/xiangshan/backend/fu/NewCSR/InterruptFilter.scala
[04:32:52] [spechunter] [Grep] pattern='claim|complete|finish.*interrupt|interrupt.*finish'
[04:32:52] [spechunter] [Read] /home/yzs/riscv/XiangShan/src/main/scala/xiangshan/backend/fu/NewCSR/InterruptBundle.scala
[04:32:52] [spechunter] [Read] /home/yzs/riscv/XiangShan/src/main/scala/xiangshan/backend/fu/NewCSR/NewCSR.scala
[04:32:55] [spechunter] [Grep] pattern='HVIEN|hvi_enabled|hvi_en|CSR_HVIEN|csr_write\\(CSR_HVIEN\\)|csr_read\\(CSR_HVIEN\\)|csr_set\\(CSR_HVIEN\\)|csr_clear\\(CSR_HVIEN\\)'
[04:32:55] [spechunter] [Grep] pattern='kvm_riscv_vcpu_aia_update'
[04:32:55] [spechunter] [Grep] pattern='kvm_sched_in|kvm_sched_out|sched_in|sched_out'
[04:32:55] [spechunter] [Grep] pattern='kvm_sched_in|kvm_sched_out|sched_in|sched_out'
[04:32:55] [spechunter] [Grep] pattern='VSIP_TO_HVIP_SHIFT|VSSIP|vsip|VSIP'
[04:32:55] [spechunter] [Grep] pattern='CSR_VSIP|CSR_VSIPH'
[04:32:56] [spechunter] [Grep] pattern='\\bforth\\b|\\bCLIC\\b|\\bclic\\b|\\bXINTR\\b|\\bxintr\\b|\\bNEXTTI\\b|\\bnextti\\b|\\bnetxti\\b'
[04:32:56] [spechunter] [Grep] pattern='\\bmip\\b|\\bmie\\b|\\bcause\\b.*pending|\\bpending.*interrupt|interrupt.*pending'
[04:32:56] [spechunter] [Grep] pattern='\\bmip\\b|\\bmie\\b|\\bsip\\b|\\bsie\\b'
[04:32:56] [spechunter] [Grep] pattern='\\bmip\\b|\\bmie\\b|\\bsip\\b|\\bsie\\b|\\bmtvec\\b|\\bmcause\\b|\\bmstatus\\b|\\bmnxti\\b|\\bmnstatus\\b|\\bvtbase\\b'
[04:32:56] [spechunter] [Grep] pattern='\\bmip\\b|\\bmie\\b|\\bsip\\b|\\bsie\\b|\\bmtvec\\b|\\bmcause\\b|\\bmstatus\\b|\\bmnxti\\b|\\bmnstatus\\b|\\bvtbase\\b'
[04:32:57] [spechunter] [Grep] pattern='trapEntryM\\b|trapToM\\b|trapToHS\\b|trapToVS\\b'
[04:32:57] [spechunter] [Read] /home/yzs/riscv/XiangShan/src/main/scala/xiangshan/backend/fu/NewCSR/InterruptFilter.scala
[04:32:57] [spechunter] [Grep] pattern='TrapEntryDEvent|TrapEntryMNEvent'
[04:32:57] [spechunter] [Grep] pattern='CLIC|clic|vtbase|VTBASE|mnxti|MNXTI|mnstatus|MNSTATUS'
[04:32:57] [spechunter] [Grep] pattern='mip|sip|mie\\b'
[04:32:57] [spechunter] [Grep] pattern='mtvec|mtvt|M-mode|machine.mode'
[04:32:58] [spechunter] [Read] /home/yzs/riscv/linux/drivers/irqchip/Kconfig
[04:32:58] [spechunter] [Read] /home/yzs/riscv/linux/include/linux/irqchip/riscv-aplic.h
[04:32:58] [spechunter] [Read] /home/yzs/riscv/linux/drivers/irqchip/irq-riscv-aplic-direct.c
[04:33:01] [spechunter] [Read] /home/yzs/riscv/linux/arch/riscv/kvm/vcpu_exit.c
[04:33:01] [spechunter] [Read] /home/yzs/riscv/linux/arch/riscv/include/asm/kvm_nacl.h
[04:33:01] [spechunter] [Read] /home/yzs/riscv/linux/arch/riscv/kernel/sbi-ipi.c
[04:33:01] [spechunter] [Read] /home/yzs/riscv/linux/drivers/perf/riscv_pmu_sbi.c
[04:33:01] [spechunter] [Read] /home/yzs/riscv/linux/drivers/irqchip/irq-aclint-sswi.c
[04:33:01] [spechunter] [Read] /home/yzs/riscv/linux/arch/riscv/kvm/vcpu.h
[04:33:01] [spechunter] [Grep] pattern='\\bCLIC\\b|clic'
[04:33:01] [spechunter] [Grep] pattern='\\bCSR_TOPI\\b|CSR_IPRIO|CSR_IPRIOH'
[04:33:01] [spechunter] [Grep] pattern='CAUSE_IRQ_FLAG|CAUSE_IRQ'
[04:33:01] [spechunter] [Read] /home/yzs/riscv/linux/arch/riscv/include/asm/csr.h
[04:33:02] [spechunter] [text] Let me check a few more places for the remaining entities.  
[04:33:02] [spechunter] [Grep] pattern='\\bmnxti\\b|\\bmnstatus\\b|\\bvtbase\\b'
[04:33:02] [spechunter] [Read] /home/yzs/riscv/freebsd-src/sys/riscv/include/encoding.h
[04:33:02] [spechunter] [Read] /home/yzs/riscv/freebsd-src/sys/riscv/riscv/aplic.c
[04:33:02] [spechunter] [Read] /home/yzs/riscv/XiangShan/src/main/scala/xiangshan/backend/fu/NewCSR/CSRDefines.scala
[04:33:02] [spechunter] [Grep] pattern='mtvec|stvec|vstvec'
[04:33:02] [spechunter] [Grep] pattern='mode|addr|tvec'
[04:33:02] [spechunter] [Grep] pattern='tvec|CLIC|VTBASE|vtbase|mtvt|mtvt2|mnxti'
[04:33:02] [spechunter] [Read] /home/yzs/riscv/XiangShan/src/main/scala/xiangshan/backend/fu/NewCSR/InterruptFilter.scala
[04:33:02] [spechunter] [Read] /home/yzs/riscv/XiangShan/src/main/scala/xiangshan/backend/fu/NewCSR/NewCSR.scala
[04:33:05] [spechunter] [text] Now let me also search for where interrupt pending bits are actually cleared (acknowledged) in the trap entry path.  
[04:33:05] [spechunter] [Grep] pattern='mtvec|stvec|vstvec'
[04:33:05] [spechunter] [Grep] pattern='mtvec|stvec|vstvec'
[04:33:05] [spechunter] [Read] /home/yzs/riscv/XiangShan/src/main/scala/xiangshan/backend/fu/NewCSR/MachineLevel.scala
[04:33:11] [spechunter] [Read] /home/yzs/riscv/freebsd-src/sys/riscv/riscv/sbi_ipi.c
[04:33:11] [spechunter] [Read] /home/yzs/riscv/freebsd-src/sys/riscv/riscv/aplic.c
[04:33:11] [spechunter] [Grep] pattern='INTR_ROOT|intr_irq_root|intr_irq_register_root'
[04:33:12] [spechunter] [Read] /home/yzs/riscv/linux/arch/riscv/kvm/aia_device.c
[04:33:12] [spechunter] [Grep] pattern='preempt_notifier|kvm_sched_in|kvm_sched_out|kvm_riscv_vcpu_sched'
[04:33:12] [spechunter] [Grep] pattern='kvm_vcpu_sleep|kvm_vcpu_wfi|kvm_vcpu_halt|SSTATUS_SPP|HSTATUS_SPV|VTP|VTI'
[04:33:12] [spechunter] [Grep] pattern='WARN'
[04:33:13] [spechunter] [Read] /home/yzs/riscv/XiangShan/src/main/scala/xiangshan/backend/fu/NewCSR/InterruptFilter.scala
[04:33:13] [spechunter] [Read] /home/yzs/riscv/XiangShan/src/main/scala/xiangshan/backend/fu/NewCSR/MachineLevel.scala
[04:33:14] [spechunter] [Grep] pattern='SSAIA|SMAIA|smaclic'
[04:33:14] [spechunter] [Glob] **/kvm_aia_aplic*.c
[04:33:14] [spechunter] [Grep] pattern='tvirtual'
[04:33:14] [spechunter] [Grep] pattern='AIA|Advanced Interrupt'
[04:33:14] [spechunter] [Grep] pattern='clint|CLINT'
[04:33:14] [spechunter] [Grep] pattern='plic|PLIC|sifive,plic'
[04:33:16] [spechunter] [Read] /home/yzs/riscv/XiangShan/src/main/scala/xiangshan/backend/fu/NewCSR/HypervisorLevel.scala
[04:33:16] [spechunter] [Read] /home/yzs/riscv/XiangShan/src/main/scala/xiangshan/backend/fu/NewCSR/SupervisorLevel.scala
[04:33:16] [spechunter] [Read] /home/yzs/riscv/XiangShan/src/main/scala/xiangshan/backend/fu/NewCSR/VirtualSupervisorLevel.scala
[04:33:16] [spechunter] [Grep] pattern='class HipBundle|hip\\.regOut|hip\\.VSSIP|hip\\.write'
[04:33:19] [spechunter] [Grep] pattern='mtvt|MTvt|Mtvt'
[04:33:19] [spechunter] [Grep] pattern='mtvec|stvec|vstvec'
[04:33:19] [spechunter] [Grep] pattern='VTBASE|vtbase|Vtbase'
[04:33:23] [spechunter] [Read] /home/yzs/riscv/linux/arch/riscv/kernel/entry.S
[04:33:23] [spechunter] [Grep] pattern='andes|ANDES'
[04:33:23] [spechunter] [Glob] include/linux/soc/andes/**
[04:33:23] [spechunter] [text] Now let me check the remaining paths — migration, KVM, GDB stub, CSR WARL — for anything related to CLIC/IVT.  
[04:33:23] [spechunter] [Grep] pattern='mip|mtvec|mstatus|claim|interrupt|pending'
[04:33:23] [spechunter] [Grep] pattern='mtvec|mtvt|interrupt|pending|claim|mip|MIP'
[04:33:23] [spechunter] [Grep] pattern='mtvec|mip|csr|CSR'
[04:33:23] [spechunter] [Read] /home/yzs/riscv/freebsd-src/sys/riscv/riscv/intc.c
[04:33:23] [spechunter] [Read] /home/yzs/riscv/freebsd-src/sys/riscv/riscv/timer.c
[04:33:23] [spechunter] [Read] /home/yzs/riscv/freebsd-src/sys/riscv/include/intr.h
[04:33:27] [spechunter] [Read] /home/yzs/riscv/XiangShan/src/main/scala/xiangshan/backend/fu/NewCSR/InterruptFilter.scala
[04:33:27] [spechunter] [Read] /home/yzs/riscv/XiangShan/src/main/scala/xiangshan/backend/fu/NewCSR/MachineLevel.scala
[04:33:27] [spechunter] [Read] /home/yzs/riscv/XiangShan/src/main/scala/xiangshan/backend/fu/NewCSR/CSREvents/TrapEntryMNEvent.scala
[04:33:28] [spechunter] [Read] /home/yzs/riscv/linux/include/linux/soc/andes/irq.h
[04:33:28] [spechunter] [Grep] pattern='ANDES_CSR_SLIE|ANDES_CSR_SLIP|SLIE|SLIP'
[04:33:28] [spechunter] [Grep] pattern='ca_cause|cause.*andi|scause|mcause|mcause'
[04:33:29] [spechunter] [Grep] pattern='pending.*clear|claim|complete|eoi|sip.*writ|mip.*writ|interrupt.*writ'
[04:33:29] [spechunter] [Grep] pattern='regOut|\\bwen\\b|wdata|pending|sip|mip|vsip'
[04:33:31] [spechunter] [Glob] **/kvm*aia*.c
[04:33:31] [spechunter] [Read] /home/yzs/riscv/linux/arch/riscv/kvm/aia_device.c
[04:33:31] [spechunter] [Read] /home/yzs/riscv/linux/arch/riscv/include/asm/kvm_aia.h
[04:33:31] [spechunter] [Grep] pattern='smaclic|ssaclic|Smaclic|Ssaclic'
[04:33:31] [spechunter] [text] Let me also check the VMM code and the locore.S for early boot references, and the subr_intr.c for the dispatch loop.  
[04:33:31] [spechunter] [Read] /home/yzs/riscv/freebsd-src/sys/kern/subr_intr.c
[04:33:31] [spechunter] [Grep] pattern='\\bcsr_read\\b.*\\b(mip|mie|sip|sie|mcause|mstatus|mtvec)|write.*mie|read.*mip|read.*sip'
[04:33:31] [spechunter] [Glob] sys/riscv/riscv/locore*.S
[04:33:31] [spechunter] [Grep] pattern='class TrapHandleModule|TrapHandleModule'
[04:33:31] [spechunter] [Read] /home/yzs/riscv/XiangShan/src/main/scala/xiangshan/backend/fu/NewCSR/CSRAIA.scala
[04:33:31] [spechunter] [Read] /home/yzs/riscv/XiangShan/src/main/scala/xiangshan/backend/fu/NewCSR/NewCSR.scala
[04:33:31] [spechunter] [text] Now let me look at the bhyve RISC-V paths and CSR definitions.  
[04:33:31] [spechunter] [Grep] pattern='bhyve.*riscv|riscv.*bhyve|vmm.*riscv|riscv.*vmm'
[04:33:31] [spechunter] [Glob] sys/riscv/include/*reg*
[04:33:31] [spechunter] [Grep] pattern='csr_read|csr_write|csr_set|csr_clear'
[04:33:35] [spechunter] [text] Now let me look at the Andes-specific IRQ handling path in more detail, and the entry.S IRQ dispatch flow.  
[04:33:35] [spechunter] [Read] /home/yzs/riscv/linux/arch/riscv/kernel/entry.S
[04:33:35] [spechunter] [Grep] pattern='handle_percpu_devid_irq|handle_fasteoi_irq|generic_handle_domain_irq'
[04:33:35] [spechunter] [Grep] pattern='mip|MIP|sip|SIP'
[04:33:37] [spechunter] [Read] /home/yzs/riscv/XiangShan/src/main/scala/xiangshan/backend/fu/NewCSR/InterruptFilter.scala
[04:33:37] [spechunter] [Read] /home/yzs/riscv/XiangShan/src/main/scala/xiangshan/backend/fu/NewCSR/CSREvents/TrapEntryDEvent.scala
[04:33:37] [spechunter] [Read] /home/yzs/riscv/XiangShan/src/main/scala/xiangshan/backend/fu/NewCSR/MachineLevel.scala
[04:33:40] [spechunter] [Grep] pattern='\\bmstatus\\b|\\bmie\\b|\\bmip\\b|\\bmtvec\\b|\\bmcause\\b|\\bmnstatus\\b|\\bmnxti\\b|\\bvtbase\\b'
[04:33:40] [spechunter] [Grep] pattern='\\bcsrw\\b.*\\|\\\\bcsrs\\b\\|\\\\bcsrc\\b\\|\\\\bcsrr\\b\\|\\\\bcsrwi\\b\\|\\\\bcsrsi\\b\\|\\\\bcsrci\\b'
[04:33:42] [spechunter] [Read] /home/yzs/riscv/freebsd-src/sys/riscv/vmm/vmm_riscv.c
[04:33:42] [spechunter] [Read] /home/yzs/riscv/freebsd-src/sys/riscv/vmm/riscv.h
[04:33:42] [spechunter] [Read] /home/yzs/riscv/freebsd-src/sys/riscv/vmm/vmm_aplic.c
[04:33:45] [spechunter] [Read] /home/yzs/riscv/XiangShan/src/main/scala/xiangshan/backend/fu/NewCSR/TrapHandleModule.scala
[04:33:46] [spechunter] [Read] /home/yzs/riscv/linux/virt/kvm/kvm_main.c
[04:33:46] [spechunter] [Grep] pattern='vssip|VSSIP|VS_SOFT|vstimecmp|VSTIMECMP'
[04:33:46] [spechunter] [Grep] pattern='kvm_riscv_vcpu_timer_sync|kvm_riscv_vcpu_timer_save|kvm_riscv_vcpu_timer_restore'
[04:33:46] [spechunter] [Glob] arch/riscv/kvm/vcpu_timer.c
[04:33:53] [spechunter] [Grep] pattern='TrapEntryVSEventSinkBundle'
[04:33:53] [spechunter] [Grep] pattern='TrapEntryHSEventSinkBundle'
[04:33:53] [spechunter] [Read] /home/yzs/riscv/linux/arch/riscv/kernel/head.S
[04:33:53] [spechunter] [Read] /home/yzs/riscv/linux/arch/riscv/kvm/main.c
[04:33:53] [spechunter] [Grep] pattern='csr_write.*CSR_HVIP|ncsr_write.*CSR_HVIP'
[04:33:53] [spechunter] [Glob] **/kvm/**/aia_aplic*.c
[04:33:53] [spechunter] [Grep] pattern='aplic|APLIC'
[04:33:53] [spechunter] [Read] /home/yzs/riscv/linux/arch/riscv/kernel/head.S
[04:33:53] [spechunter] [Grep] pattern='CLIC|clic|Smclic|smclic'
[04:33:53] [spechunter] [Read] /home/yzs/riscv/XiangShan/src/main/scala/xiangshan/backend/fu/NewCSR/MachineLevel.scala
[04:33:53] [spechunter] [Read] /home/yzs/riscv/XiangShan/src/main/scala/xiangshan/backend/fu/NewCSR/VirtualSupervisorLevel.scala
[04:33:55] [spechunter] [Read] /home/yzs/riscv/XiangShan/src/main/scala/xiangshan/backend/fu/CSR.scala
[04:33:55] [spechunter] [Read] /home/yzs/riscv/XiangShan/src/main/scala/xiangshan/backend/fu/CSR.scala
[04:33:55] [spechunter] [Read] /home/yzs/riscv/XiangShan/src/main/scala/xiangshan/backend/fu/CSR.scala
[04:33:55] [spechunter] [Read] /home/yzs/riscv/XiangShan/src/main/scala/xiangshan/backend/fu/CSR.scala
[04:33:55] [spechunter] [Grep] pattern='Mtv'
[04:33:55] [spechunter] [Grep] pattern='mtvt'
[04:33:58] [spechunter] [text] Let me verify there's no CLIC support anywhere and check the full RISC-V extension list.  
[04:33:58] [spechunter] [Grep] pattern='clint|CLIC|clic'
[04:33:58] [spechunter] [Grep] pattern='SMAIA|smaia|ssaia|SSAIA'
[04:33:58] [spechunter] [Grep] pattern='warl|WARL|warL'
[04:34:07] [spechunter] [text] Let me do a broader search in assembly files and the VMM code.  
[04:34:07] [spechunter] [Grep] pattern='\\bcsr[rsiwc].*\\b'
[04:34:07] [spechunter] [Read] /home/yzs/riscv/freebsd-src/sys/riscv/vmm/vmm_riscv.c
[04:34:07] [spechunter] [Read] /home/yzs/riscv/freebsd-src/sys/riscv/vmm/vmm_riscv.c
[04:34:07] [spechunter] [Grep] pattern='\\bmstatus\\b|\\bmie\\b|\\bmip\\b|\\bmtvec\\b|\\bmcause\\b'
[04:34:07] [spechunter] [Grep] pattern='\\bmip\\b|\\bmie\\b|\\bmstatus\\b|\\bmtvec\\b|\\bmcause\\b'
[04:34:07] [spechunter] [Read] /home/yzs/riscv/freebsd-src/sys/riscv/riscv/genassym.c
[04:34:07] [spechunter] [TodoWrite] 7 items
[04:34:09] [spechunter] [Grep] pattern='VNMI|vnmi'
[04:34:09] [spechunter] [Grep] pattern='bindIR|IRQ|irq.*clear|clear.*irq'
[04:34:09] [spechunter] [Read] /home/yzs/riscv/qemu/hw/intc/riscv_aclint.c
[04:34:09] [spechunter] [Grep] pattern='clear|pending|claim|update_mip|write.*mtimecmp'
[04:34:11] [spechunter] [Read] /home/yzs/riscv/linux/arch/riscv/kvm/vcpu_timer.c
[04:34:15] [spechunter] [Read] /home/yzs/riscv/linux/arch/riscv/kvm/aia_aplic.c
[04:34:15] [spechunter] [Read] /home/yzs/riscv/linux/arch/riscv/kernel/head.S
[04:34:15] [spechunter] [Grep] pattern='aclint_mtimer'
[04:34:15] [spechunter] [Read] /home/yzs/riscv/linux/arch/riscv/Kconfig
[04:34:16] [spechunter] [Read] /home/yzs/riscv/linux/arch/riscv/kernel/suspend.c
[04:34:16] [spechunter] [Read] /home/yzs/riscv/linux/arch/riscv/kernel/kexec_relocate.S
[04:34:17] [spechunter] [Read] /home/yzs/riscv/freebsd-src/sys/riscv/riscv/locore.S
[04:34:17] [spechunter] [Read] /home/yzs/riscv/freebsd-src/sys/riscv/vmm/vmm_switch.S
[04:34:17] [spechunter] [Grep] pattern='\\bsip\\b|\\bsie\\b'
[04:34:17] [spechunter] [Grep] pattern='\\bcsr_read\\(sip\\)|\\bcsr_read\\(sie\\)|\\bcsr_read\\(mip\\)|\\bcsr_read\\(mie\\)|\\bcsr_read\\(mcause\\)|\\bcsr_read\\(mstatus\\)|\\bcsr_read\\(mtvec\\)|\\bcsr_read\\(mnxti\\)|\\bcsr_read\\(mnstatus\\)|\\bcsr_read\\(vtbase\\)'
[04:34:17] [spechunter] [Grep] pattern='InterruptBundle|CLIC|clic|mtvt|xtvec|tvec'
[04:34:17] [spechunter] [Grep] pattern='CLIC|clic|Xtvec'
[04:34:17] [spechunter] [Read] /home/yzs/riscv/XiangShan/src/main/scala/xiangshan/backend/fu/NewCSR/CSRDefines.scala
[04:34:17] [spechunter] [Grep] pattern='vmm_switch'
[04:34:17] [spechunter] [Glob] sys/riscv/vmm/*.S
[04:34:17] [spechunter] [Grep] pattern='csr_clear.*sip|csr_set.*sip|csrr.*sip|csrrw.*sip'
[04:34:18] [spechunter] [Read] /home/yzs/riscv/linux/arch/riscv/kvm/vcpu.h
[04:34:18] [spechunter] [Grep] pattern='CSR_VSIE|CSR_SIE|CSR_SIP|CSR_MIP|vsie|vsip'
[04:34:18] [spechunter] [Read] /home/yzs/riscv/linux/arch/riscv/kvm/vcpu.h
[04:34:18] [spechunter] [Grep] pattern='VSIP_VALID_MASK|VSIP_TO_HVIP_SHIFT|VSIP|vsip'
[04:34:18] [spechunter] [Grep] pattern='hvip|HVIP'
[04:34:18] [spechunter] [Read] /home/yzs/riscv/linux/arch/riscv/kvm/vcpu.h
[04:34:21] [spechunter] [Read] /home/yzs/riscv/XiangShan/src/main/scala/xiangshan/backend/fu/NewCSR/SupervisorLevel.scala
[04:34:21] [spechunter] [Read] /home/yzs/riscv/XiangShan/src/main/scala/xiangshan/backend/fu/NewCSR/VirtualSupervisorLevel.scala
[04:34:21] [spechunter] [Read] /home/yzs/riscv/XiangShan/src/main/scala/xiangshan/backend/fu/NewCSR/NewCSR.scala
[04:34:27] [spechunter] [Grep] pattern='ncsr_read\\(CSR'
[04:34:27] [spechunter] [Grep] pattern='#define ncsr_read|#define ncsr_write|#define csr_read|#define csr_write'
[04:34:27] [spechunter] [Grep] pattern='ncsr_read\\(CSR_SIP\\)|ncsr_read\\(CSR_MIP\\)|ncsr_read\\(CSR_HIP\\)'
[04:34:27] [spechunter] [Read] /home/yzs/riscv/XiangShan/src/main/scala/xiangshan/backend/fu/NewCSR/CSRDefines.scala
[04:34:27] [spechunter] [Grep] pattern='CLIC|clic|Vectored|Direct'
[04:34:27] [spechunter] [Read] /home/yzs/riscv/XiangShan/src/main/scala/xiangshan/backend/fu/NewCSR/InterruptFilter.scala
[04:34:32] [spechunter] [text] Let me now search for where interrupt pending bits are acknowledged (cleared) during trap entry.  
[04:34:32] [spechunter] [Grep] pattern='fromTop.*int|io\\.fromTop|toTop|intSink|interrupt.*Sink|toMip|fromMip'
[04:34:32] [spechunter] [Grep] pattern='mip.*clear|clear.*mip|sip.*clear|clear.*sip|.*IP.*clear|claim|mip.*0\\.U|sip.*0\\.U'
[04:34:34] [spechunter] [Grep] pattern='\\bcsr_read\\('
[04:34:34] [spechunter] [Grep] pattern='\\bcsr_write\\('
[04:34:34] [spechunter] [Grep] pattern='\\bcsr_set\\('
[04:34:34] [spechunter] [Grep] pattern='\\bcsr_clear\\('
[04:34:34] [spechunter] [Grep] pattern='MSTATUS|MIE_|MIP_|SSTATUS|SIE_|SIP_|SCAUSE'
[04:34:37] [spechunter] [Grep] pattern='riscv,aplic'
[04:34:37] [spechunter] [Grep] pattern='handle_exception|do_irq|handle_arch_irq'
[04:34:37] [spechunter] [Grep] pattern='mtvt|stvt'
[04:34:37] [spechunter] [Grep] pattern='aclic|ACLIC'
[04:34:37] [spechunter] [Grep] pattern='smivt|SMIVT'
[04:34:37] [spechunter] [text] Let me check the local interrupt controller (`intc.c`) which handles interrupt dispatch.  
[04:34:37] [spechunter] [Read] /home/yzs/riscv/freebsd-src/sys/riscv/riscv/intc.c
[04:34:38] [spechunter] [Grep] pattern='\\bIE_SIE\\b|IE_TIE|IE_EIE'
[04:34:38] [spechunter] [Read] /home/yzs/riscv/linux/arch/riscv/include/asm/csr.h
[04:34:38] [spechunter] [Grep] pattern='scause.*mask|MIP_|SIP_|HVIP_'
[04:34:39] [spechunter] [Grep] pattern='irToHS|irToVS|isInterrupt|trapIsInterrupt|interruptVec|intrVec|hasTrap'
[04:34:39] [spechunter] [Grep] pattern='trap\\.valid|trap\\.bits|trapVec|trapPc|\\.trap\\b'
[04:34:39] [spechunter] [Read] /home/yzs/riscv/freebsd-src/sys/riscv/vmm/vmm_switch.S
[04:34:40] [spechunter] [Read] /home/yzs/riscv/linux/arch/riscv/kvm/vcpu_onereg.c
[04:34:40] [spechunter] [Read] /home/yzs/riscv/linux/arch/riscv/include/asm/kvm_host.h
[04:34:40] [spechunter] [Read] /home/yzs/riscv/linux/kernel/irq/handle.c
[04:34:40] [spechunter] [Grep] pattern='csr_swap.*CSR_TOPEI|csr_read.*CSR_TOPI|csr_swap.*CSR_TOPEI'
[04:34:40] [spechunter] [Grep] pattern='sip|SIP|mip|MIP'
[04:34:44] [spechunter] [Read] /home/yzs/riscv/linux/arch/riscv/kernel/entry.S
[04:34:44] [spechunter] [Read] /home/yzs/riscv/linux/Documentation/devicetree/bindings/interrupt-controller/riscv,aplic.yaml
[04:34:44] [spechunter] [Read] /home/yzs/riscv/linux/arch/riscv/kernel/irq.c
[04:34:54] [spechunter] [Read] /home/yzs/riscv/qemu/target/riscv/csr.c
[04:34:54] [spechunter] [Grep] pattern='write_mie|read_mie|mie|MIE|claim|clear.*pend|clear.*ip'
[04:34:57] [spechunter] [Grep] pattern='riscv,aclic|aclite'
[04:34:57] [spechunter] [Grep] pattern='Core-Local Interrupt|core.local.interrupt'
[04:34:57] [spechunter] [Grep] pattern='interrupt.*vector.*table|vector.*table.*interrupt'
[04:34:57] [spechunter] [Grep] pattern='stvec.*MODE|MODE.*stvec|tvec.*mode|mode.*tvec'
[04:34:57] [spechunter] [Read] /home/yzs/riscv/linux/arch/riscv/include/asm/csr.h
[04:34:57] [spechunter] [Read] /home/yzs/riscv/linux/arch/riscv/include/asm/kvm_nacl.h
[04:34:57] [spechunter] [Grep] pattern='csr_read\\(CSR_SIP\\)|csr_read\\(CSR_MIP\\)|csr_read\\(CSR_HIP\\)'
[04:34:57] [spechunter] [Grep] pattern='HIDELEG|hideleg'
[04:35:15] [spechunter] [Grep] pattern='SIE_SSIE|SIP_SSIP|mie|mip|sip|sie|mtvec'
[04:35:15] [spechunter] [Read] /home/yzs/riscv/freebsd-src/sys/riscv/riscv/mp_machdep.c
[04:35:15] [spechunter] [Grep] pattern='stvec|mtvec|csr.*tvec'
[04:35:24] [spechunter] [Read] /home/yzs/riscv/freebsd-src/sys/riscv/riscv/locore.S
[04:35:24] [spechunter] [Read] /home/yzs/riscv/freebsd-src/sys/riscv/riscv/locore.S
[04:35:24] [spechunter] [Grep] pattern='SIE_SSIE|SIE_STIE|SIE_SEIE|SIP_SSIP|SIP_STIP|SIP_SEIP'
[04:35:37] [spechunter] [text] Prompt is too long
[04:35:39] [spechunter] [text] Let me verify the codebase to properly cross-validate each location against the PR's actual concern (clearing interrupt ...
[04:35:39] [spechunter] [Grep] pattern='smivt|smsivt|IVT|clicintip|mintstatus|mnstatus|mvte'
[04:35:39] [spechunter] [Grep] pattern='intr_status|intr_pending|pending.*int|int.*pending|IVT'
[04:35:39] [spechunter] [Read] /home/yzs/riscv/qemu/target/riscv/cpu_helper.c
[04:35:46] [spechunter] [text] Now I have a comprehensive picture. Here is the JSON report:  ```json {   "locations": [     {       "file_path": "arch/...
[04:35:51] [spechunter] [Grep] pattern='smivt|ivt_mode|IVT_MODE|ivt'
[04:35:51] [spechunter] [Grep] pattern='mintstatus|mnstatus|mvte|mvt'
[04:35:51] [spechunter] [Read] /home/yzs/riscv/qemu/target/riscv/cpu_helper.c
[04:36:08] [spechunter] [text] Let me now read the critical files to get exact code for the report.  
[04:36:08] [spechunter] [Read] /home/yzs/riscv/XiangShan/src/main/scala/xiangshan/backend/fu/NewCSR/TrapHandleModule.scala
[04:36:08] [spechunter] [Read] /home/yzs/riscv/XiangShan/src/main/scala/xiangshan/backend/fu/NewCSR/CSRDefines.scala
[04:36:08] [spechunter] [Read] /home/yzs/riscv/XiangShan/src/main/scala/xiangshan/backend/fu/NewCSR/CSRBundles.scala
[04:36:11] [spechunter] [text] Let me now read the critical source files to trace IRQ entry and CSR reads.  
[04:36:11] [spechunter] [Read] /home/yzs/riscv/linux/arch/riscv/kernel/entry.S
[04:36:11] [spechunter] [Read] /home/yzs/riscv/linux/arch/riscv/kernel/irq.c
[04:36:11] [spechunter] [Read] /home/yzs/riscv/linux/arch/riscv/include/asm/csr.h
[04:36:11] [spechunter] [Grep] pattern='clic|CLIC|smaia|smcdeleg|SSAIA|ext_smclic|ext_smaia|ext_ssaia'
[04:36:11] [spechunter] [Grep] pattern='clic|CLIC|xtvt|xmtvt'
[04:36:11] [spechunter] [Grep] pattern='clic|CLIC'
[04:36:14] [spechunter] [Read] /home/yzs/riscv/XiangShan/src/main/scala/xiangshan/backend/fu/NewCSR/CSREvents/TrapEntryMEvent.scala
[04:36:14] [spechunter] [Read] /home/yzs/riscv/XiangShan/src/main/scala/xiangshan/backend/fu/NewCSR/CSREvents/TrapEntryHSEvent.scala
[04:36:14] [spechunter] [Read] /home/yzs/riscv/XiangShan/src/main/scala/xiangshan/backend/fu/NewCSR/CSREvents/TrapEntryVSEvent.scala
[04:36:20] [spechunter] [text] Here is the complete search result as a JSON object:  ```json {   "locations": [     {       "file_path": "sys/riscv/inc...
[04:36:21] [spechunter] [Read] /home/yzs/riscv/XiangShan/src/main/scala/xiangshan/backend/fu/NewCSR/InterruptBundle.scala
[04:36:21] [spechunter] [Read] /home/yzs/riscv/XiangShan/src/main/scala/xiangshan/backend/fu/NewCSR/MachineLevel.scala
[04:36:21] [spechunter] [Read] /home/yzs/riscv/XiangShan/src/main/scala/xiangshan/backend/fu/NewCSR/NewCSR.scala
[04:36:27] [spechunter] [Grep] pattern='mtvt|snxti|sintstatus|mnxti|mintstatus|stvt'
[04:36:27] [spechunter] [Grep] pattern='clic|CLIC|ClIC'
[04:36:28] [spechunter] [Read] /home/yzs/riscv/qemu/target/riscv/cpu_helper.c
[04:36:28] [spechunter] [Read] /home/yzs/riscv/qemu/target/riscv/cpu_helper.c
[04:36:32] [spechunter] [Grep] pattern='handle_arch_irq'
[04:36:32] [spechunter] [Grep] pattern='csr_read.*CSR_IP\\|csr_read.*CSR_MIP\\|csr_read.*CSR_SIP\\|csr_read.*CSR_HVIP'
[04:36:32] [spechunter] [Grep] pattern='csrr.*[sm]ip\\|csrr.*hvip'
[04:36:40] [spechunter] [Read] /home/yzs/riscv/linux/arch/riscv/kernel/traps.c
[04:36:40] [spechunter] [Grep] pattern='csr_read|csrr'
[04:36:40] [spechunter] [Glob] arch/riscv/kvm/**/*.c
[04:36:46] [spechunter] [text] Now let me look at the KVM vCPU run loop and interrupt handling, plus all the interrupt controller drivers that dispatch...
[04:36:46] [spechunter] [Read] /home/yzs/riscv/linux/arch/riscv/kvm/vcpu.c
[04:36:46] [spechunter] [Read] /home/yzs/riscv/linux/arch/riscv/kvm/vcpu_exit.c
[04:36:46] [spechunter] [Read] /home/yzs/riscv/linux/arch/riscv/kvm/aia.c
[04:36:47] [spechunter] [text] Now let me verify the NewCSR trap event wiring to confirm no pending-clear path exists.  
[04:36:47] [spechunter] [Read] /home/yzs/riscv/XiangShan/src/main/scala/xiangshan/backend/fu/NewCSR/NewCSR.scala
[04:36:47] [spechunter] [Read] /home/yzs/riscv/XiangShan/src/main/scala/xiangshan/backend/fu/NewCSR/InterruptBundle.scala
[04:36:53] [spechunter] [text] Now let me also check the exact interrupt-pending clearing context in the trap delivery.  
[04:36:53] [spechunter] [Read] /home/yzs/riscv/qemu/target/riscv/cpu_helper.c
[04:36:53] [spechunter] [Grep] pattern='interrupt.*clear|clear.*interrupt|pending.*clear|clear.*pending|mip.*clear|clear.*mip'
[04:37:04] [spechunter] [text] Now let me compile the final report.  
[04:37:04] [spechunter] [TodoWrite] 6 items
[04:37:14] [spechunter] [text] Now I have a complete picture. Let me also check the interrupt pending clearing behavior more specifically to confirm th...
[04:37:14] [spechunter] [Grep] pattern='mip.*=.*0|mip.*clear|mip &|mip &=|mip_set|clear.*mip'
[04:37:14] [spechunter] [Grep] pattern='mip.*=.*0|mip.*clear|mip_set|sip_set'
[04:37:35] [spechunter] [text] Let me search more broadly for sip/mip/hvip CSR reads across the entire kernel.  
[04:37:35] [spechunter] [Grep] pattern='csr_read\\(CSR_IP\\)|csr_read\\(CSR_SIP\\)|csr_read\\(CSR_MIP\\)|csr_read\\(CSR_HVIP\\)'
[04:37:35] [spechunter] [Grep] pattern='ncsr_read\\(CSR_HVIP\\)|ncsr_read\\(CSR_IP\\)|ncsr_read\\(CSR_SIP\\)'
[04:37:35] [spechunter] [Grep] pattern='nacl_csr_read.*HVIP|nacl_csr_read.*SIP|nacl_csr_read.*MIP'
[04:37:51] [spechunter] [Bash] Check recent commits for context
[04:37:54] [spechunter] [Grep] pattern='CSR_IP|CSR_SIP|CSR_MIP|CSR_HVIP|CSR_VSIP|CSR_HIP'
[04:37:54] [spechunter] [Read] /home/yzs/riscv/linux/drivers/irqchip/irq-riscv-intc.c
[04:37:54] [spechunter] [Grep] pattern='CSR_IP|CSR_SIP|CSR_MIP|CSR_HVIP|csr_read.*[sm]ip|csrr.*[sm]ip'
[04:38:00] [spechunter] [Read] /home/yzs/riscv/linux/arch/riscv/kvm/vcpu_insn.c
[04:38:00] [spechunter] [Grep] pattern='csrr.*[sm]ip|csr_read|CSR_IP|CSR_SIP|CSR_MIP|CSR_HVIP'
[04:38:07] [spechunter] [text] Now I have a complete picture. Here's the cross-validated assessment:  **Key finding**: The current QEMU codebase has **...
[04:38:17] [spechunter] [text] Let me trace more paths - the SBI IPI handler, ACLINT SSWI, and vcpu_onereg.c for guest register access to sip/hvip.  
[04:38:17] [spechunter] [Read] /home/yzs/riscv/linux/arch/riscv/kernel/sbi-ipi.c
[04:38:17] [spechunter] [Read] /home/yzs/riscv/linux/drivers/irqchip/irq-aclint-sswi.c
[04:38:17] [spechunter] [Grep] pattern='CSR_SIP|CSR_VSIP|CSR_HVIP|CSR_HIP|CSR_MIP|KVM_REG_RISCV.*sip|KVM_REG_RISCV.*hvip'
[04:38:18] [spechunter] [Write] /home/yzs/riscv/XiangShan/smidctrl_threshold_findings.json
[04:38:21] [spechunter] [Read] /home/yzs/riscv/XiangShan/smidctrl_threshold_findings.json
[04:38:27] [spechunter] [text] I need to find the relevant code locations first, since the PR context provides no specific file paths. Let me search fo...
[04:38:27] [spechunter] [Agent] description, prompt
[04:38:29] [spechunter] [text] Let me quickly verify the Smivt-related code to ensure accurate relevance assessment.  
[04:38:29] [spechunter] [Grep] pattern='mnxti|mnstatus|vtbase|Smivt|smivt|smivt|SMIVT'
[04:38:29] [spechunter] [Grep] pattern='csr_clear.*sip|csr_set.*sip|SIP_SSIP|SIP_STIP|SIP_SEIP'
[04:38:38] [spechunter] [Read] /home/yzs/riscv/linux/arch/riscv/kvm/vcpu_onereg.c
[04:38:38] [spechunter] [Read] /home/yzs/riscv/linux/drivers/irqchip/irq-riscv-imsic-state.c
[04:38:38] [spechunter] [Grep] pattern='csr_read|csrr|CSR_IP|CSR_SIP|CSR_MIP'
[04:38:48] [spechunter] [text] Prompt is too long
[04:38:55] [spechunter] [Grep] pattern='ivt|IVT'
[04:38:55] [spechunter] [Grep] pattern='clic'
[04:38:55] [spechunter] [Grep] pattern='vtbase|VTBASE'
[04:38:55] [spechunter] [Grep] pattern='clicintip|clic_intip'
[04:38:55] [spechunter] [Grep] pattern='riscv_cpu_do_interrupt'
[04:38:55] [spechunter] [Grep] pattern='vectored.*clear|vectored.*pending|clear.*vectored|pending.*vectored'
[04:39:06] [spechunter] [text] Now let me check how interrupts are claimed/cleared in the existing code to understand the exact pattern this PR would m...
[04:39:06] [spechunter] [Read] /home/yzs/riscv/freebsd-src/sys/riscv/riscv/intc.c
[04:39:06] [spechunter] [Read] /home/yzs/riscv/freebsd-src/sys/riscv/riscv/sbi_ipi.c
[04:39:06] [spechunter] [Read] /home/yzs/riscv/freebsd-src/sys/riscv/riscv/exception.S
[04:39:18] [spechunter] [Grep] pattern='clic'
[04:39:18] [spechunter] [Grep] pattern='ivt|IVT|vtbase|VTBASE'
[04:39:18] [spechunter] [Glob] **/clic*
[04:39:18] [spechunter] [Grep] pattern='clic'
[04:39:18] [spechunter] [Grep] pattern='vtbase|VTBASE'
[04:39:29] [spechunter] [Write] /home/yzs/riscv/XiangShan/smidctrl_threshold_findings.json
[04:39:41] [spechunter] [text] Let me verify the key locations against actual code to cross-validate relevance.  
[04:39:41] [spechunter] [Grep] pattern='CSR_SIP|CSR_MIP|CSR_HVIP|CSR_IP'
[04:39:41] [spechunter] [Read] /home/yzs/riscv/linux/arch/riscv/kvm/main.c
[04:39:41] [spechunter] [Read] /home/yzs/riscv/linux/arch/riscv/kvm/vcpu.c
[04:39:45] [spechunter] [Read] /home/yzs/riscv/qemu/target/riscv/cpu_helper.c
[04:39:45] [spechunter] [Grep] pattern='vectored|vector'
[04:39:45] [spechunter] [Grep] pattern='mtvec|stvec|tvec'
[04:39:45] [spechunter] [Grep] pattern='pending|intip|INTIP|clint_irq'
[04:39:45] [spechunter] [Grep] pattern='riscv_cpu_local_irq_pending'
[04:39:56] [spechunter] [Read] /home/yzs/riscv/linux/arch/riscv/kvm/vcpu.c
[04:39:56] [spechunter] [Read] /home/yzs/riscv/linux/arch/riscv/kernel/suspend.c
[04:39:56] [spechunter] [Read] /home/yzs/riscv/linux/arch/riscv/kernel/kexec_relocate.S
[04:39:56] [spechunter] [Read] /home/yzs/riscv/linux/arch/riscv/kernel/head.S
[04:40:12] [spechunter] [Read] /home/yzs/riscv/linux/arch/riscv/kernel/entry.S
[04:40:12] [spechunter] [Read] /home/yzs/riscv/linux/drivers/irqchip/irq-riscv-intc.c
[04:40:12] [spechunter] [Read] /home/yzs/riscv/linux/arch/riscv/kernel/sbi-ipi.c
[04:40:12] [spechunter] [Read] /home/yzs/riscv/linux/include/linux/soc/andes/irq.h
[04:40:25] [spechunter] [Read] /home/yzs/riscv/qemu/target/riscv/cpu_helper.c
[04:40:25] [spechunter] [Grep] pattern='mip.*clear|clear.*mip|mip.*&=|mip.*=.*~('
[04:40:25] [spechunter] [Grep] pattern='riscv_cpu_update_mip'
[04:40:25] [spechunter] [Glob] **/riscv_aclint*
[04:40:25] [spechunter] [Grep] pattern='clint|aclint'
[04:40:29] [spechunter] [TodoWrite] 6 items
[04:40:38] [spechunter] [Read] /home/yzs/riscv/qemu/target/riscv/cpu_helper.c
[04:40:38] [spechunter] [Read] /home/yzs/riscv/qemu/target/riscv/cpu_helper.c
[04:40:38] [spechunter] [Grep] pattern='mip|mie|mtvec|stvec|miprio|CLIC|clic'
[04:40:38] [spechunter] [Read] /home/yzs/riscv/qemu/hw/intc/riscv_aclint.c
[04:40:38] [spechunter] [Grep] pattern='tvec|MIP_|nxip|nxti|CLIC'
[04:40:41] [spechunter] [text] Now let me verify there are no references to the Smivt/AIA CSRs anywhere in the kernel.  
[04:40:41] [spechunter] [Grep] pattern='mnxti|mnstatus|vtbase|hvip|hvictl|hstatus|hideleg|hedeleg|hgeie|hgeip|htval|htinst|hgatp|vsstatus|vsie|vstvec|vsscratch|vsepc|vscause|vstval|vsatp'
[04:40:41] [spechunter] [Grep] pattern='hvip|hstatus|hideleg|hedeleg|hgeie|hgeip'
[04:40:45] [spechunter] [text] Report written to `smidctrl_threshold_findings.json`. Here's the summary:  ## Key Findings  **XiangShan completely lacks...
[04:40:49] [spechunter] [Grep] pattern='intip|interrupt_pending|clintip'
[04:40:49] [spechunter] [Grep] pattern='MIP_|EXCP_INT|IRQ_M_|IRQ_S_'
[04:40:49] [spechunter] [Glob] target/riscv/cpu_bits.h
[04:40:49] [spechunter] [Read] /home/yzs/riscv/qemu/target/riscv/cpu_helper.c
[04:41:08] [spechunter] [Grep] pattern='void riscv_cpu_interrupt'
[04:41:08] [spechunter] [Grep] pattern='nvxien|nxien|vsexten|VMSTATE.*clic|clic.*VMSTATE'
[04:41:08] [spechunter] [Read] /home/yzs/riscv/qemu/target/riscv/cpu_helper.c
[04:41:08] [spechunter] [Grep] pattern='nvxien|nxien|vsexten'
[04:41:09] [spechunter] [text] I'll search the codebase for SMIVT/IVT-related code and interrupt pending bit handling to identify relevant review locat...
[04:41:09] [spechunter] [Agent] description, subagent_type
[04:41:17] [spechunter] [Read] /home/yzs/riscv/qemu/target/riscv/cpu_helper.c
[04:41:17] [spechunter] [Grep] pattern='CSR_MTVEC|CSR_MIP|CSR_MIE|CSR_MIDELEG|csr_mtvec|csr_mip|csr_mie'
[04:41:17] [spechunter] [Grep] pattern='CSR_MTVEC|CSR_STVEC|CSR_VSTVEC'
[04:41:36] [spechunter] [Grep] pattern='smclic|SMCLIC|Smmclic|smmclic'
[04:41:36] [spechunter] [Glob] **/*aplic*
[04:41:36] [spechunter] [Glob] **/*imsic*
[04:41:36] [spechunter] [Grep] pattern='aplic|imsic|APLIC|IMSIC'
[04:41:36] [spechunter] [Grep] pattern='write_mtvec|read_mtvec'
[04:41:38] [spechunter] [Grep] pattern='(?i)smivt'
[04:41:38] [spechunter] [Grep] pattern='(?i)\\bivt\\b|IvtMode|ivtMode|isVtMode'
[04:41:38] [spechunter] [Grep] pattern='(?i)\\bhvip\\b|\\bvsip\\b|\\bmvip\\b'
[04:41:38] [spechunter] [Grep] pattern='pending.*interrupt|interrupt.*pending'
[04:41:38] [spechunter] [Grep] pattern='(?i)\\bvirq\\b|VIRQ|isVIRQ'
[04:41:38] [spechunter] [Grep] pattern='mip.*clear|clearIntr|clearPendingIntr|clear.*mip|mip.*=.*0\\.U'
[04:41:45] [spechunter] [text] Now let me verify the line numbers for the remaining csr.h locations.  
[04:41:45] [spechunter] [Read] /home/yzs/riscv/linux/arch/riscv/include/asm/csr.h
[04:41:45] [spechunter] [Read] /home/yzs/riscv/linux/arch/riscv/include/asm/csr.h
[04:41:45] [spechunter] [Read] /home/yzs/riscv/linux/arch/riscv/include/asm/csr.h
[04:41:46] [spechunter] [text] Now let me verify the specific locations where interrupt pending bits would need to be cleared in the Smivt IVT mode tra...
[04:41:46] [spechunter] [Read] /home/yzs/riscv/freebsd-src/sys/riscv/riscv/trap.c
[04:41:46] [spechunter] [Read] /home/yzs/riscv/freebsd-src/sys/riscv/riscv/exception.S
[04:41:51] [spechunter] [Grep] pattern='^static RISCVException write_mtvec'
[04:41:51] [spechunter] [Grep] pattern='^static RISCVException write_stvec'
[04:41:51] [spechunter] [Grep] pattern='^static RISCVException rmw_mip'
[04:41:51] [spechunter] [Read] /home/yzs/riscv/qemu/target/riscv/csr.c
[04:42:06] [spechunter] [Grep] pattern='trap.*entry|trapEntry|TrapEntry|onTrap|EnterTrap|trap.*pending|pending.*clear'
[04:42:06] [spechunter] [Grep] pattern='XtvecMode|xtvecMode|pcFromXtvec|xtvec'
[04:42:06] [spechunter] [Grep] pattern='mideleg|Medeleg|mie.*cle|cle.*mie|status.*mie|mie.*:=.*false|sie.*:=.*false'
[04:42:06] [spechunter] [Grep] pattern='trapEntry|TrapEntryDpath|trapEntryDpath|trapEntry.*DC'
[04:42:06] [spechunter] [Grep] pattern='pcFromXtvec|genTrapVec|trapVecPc|trap.*pc'
[04:42:20] [spechunter] [Read] /home/yzs/riscv/XiangShan/src/main/scala/xiangshan/backend/fu/NewCSR/CSRDefines.scala
[04:42:20] [spechunter] [Read] /home/yzs/riscv/XiangShan/src/main/scala/xiangshan/backend/fu/NewCSR/TrapHandleModule.scala
[04:42:20] [spechunter] [Read] /home/yzs/riscv/XiangShan/src/main/scala/xiangshan/backend/fu/NewCSR/CSREvents/TrapEntryMEvent.scala
[04:42:20] [spechunter] [Read] /home/yzs/riscv/XiangShan/src/main/scala/xiangshan/backend/fu/NewCSR/CSREvents/TrapEntryHSEvent.scala
[04:42:20] [spechunter] [Read] /home/yzs/riscv/XiangShan/src/main/scala/xiangshan/backend/fu/NewCSR/CSREvents/TrapEntryVSEvent.scala
[04:42:30] [spechunter] [text] Now let me check the trap return path for any existing sip manipulation.  
[04:42:30] [spechunter] [Grep] pattern='csr.*sip|MIP_SEIP|MIP_SSIP|MIP_STIP'
[04:42:30] [spechunter] [Read] /home/yzs/riscv/freebsd-src/sys/riscv/riscv/trap.c
[04:42:42] [spechunter] [Read] /home/yzs/riscv/XiangShan/src/main/scala/xiangshan/backend/fu/NewCSR/CSRBundles.scala
[04:42:42] [spechunter] [Read] /home/yzs/riscv/XiangShan/src/main/scala/xiangshan/backend/fu/NewCSR/InterruptBundle.scala
[04:42:42] [spechunter] [Read] /home/yzs/riscv/XiangShan/src/main/scala/xiangshan/backend/fu/CSR.scala
[04:42:42] [spechunter] [Read] /home/yzs/riscv/XiangShan/src/main/scala/xiangshan/backend/fu/NewCSR/MachineLevel.scala
[04:42:42] [spechunter] [Grep] pattern='clic|CLIC'
[04:43:06] [spechunter] [Read] /home/yzs/riscv/XiangShan/src/main/scala/xiangshan/backend/fu/NewCSR/InterruptFilter.scala
[04:43:06] [spechunter] [Read] /home/yzs/riscv/XiangShan/src/main/scala/xiangshan/backend/fu/NewCSR/VirtualSupervisorLevel.scala
[04:43:06] [spechunter] [Read] /home/yzs/riscv/XiangShan/src/main/scala/xiangshan/backend/fu/NewCSR/CSREvents/CSREvent.scala
[04:43:06] [spechunter] [Grep] pattern='(?i)ivt|virtualization.*trap|trap.*virtual'
[04:43:06] [spechunter] [Grep] pattern='setRW|setRO|RW\\(\\d+|RO\\(\\d+'
[04:43:11] [spechunter] [text] Let me verify the key locations directly to confirm the agent's findings.  
[04:43:11] [spechunter] [Grep] pattern='clic|vta_base|vtbase|CLIC|VTBASE|clicintip|clicip|clicie'
[04:43:11] [spechunter] [Grep] pattern='clic|CLIC|smcl|SMCL'
[04:43:11] [spechunter] [Read] /home/yzs/riscv/qemu/target/riscv/cpu_helper.c
[04:43:13] [spechunter] [Read] /home/yzs/riscv/XiangShan/src/main/scala/xiangshan/backend/fu/CSR.scala
[04:43:13] [spechunter] [Read] /home/yzs/riscv/XiangShan/src/main/scala/xiangshan/backend/fu/CSR.scala
[04:43:13] [spechunter] [Read] /home/yzs/riscv/XiangShan/src/main/scala/xiangshan/backend/fu/NewCSR/CSREvents/CSREvent.scala
[04:43:29] [spechunter] [Grep] pattern='smivt|SmiVT|SMIVT|smclic|SMCLIC|smclics'
[04:43:29] [spechunter] [Grep] pattern='ivt|IVT'
[04:43:32] [spechunter] [text] ## Analysis  **PR intent**: Add `csr_clear(sip, ...)` to clear interrupt pending bits on trap entry when using Smivt IVT...
[04:43:40] [spechunter] [Glob] **/smidctrl*
[04:43:40] [spechunter] [Grep] pattern='(?i)register_list|reg.hvip|reg.mvip|this\\.hvip\\.VSSIP|hvip\\.VSEIP|hvip\\.VSTIP'
[04:43:46] [spechunter] [Bash] Check recent commits for CLIC/IVT
[04:43:46] [spechunter] [Bash] Search git history for CLIC/IVT commits
[04:43:54] [spechunter] [TodoWrite] 6 items
[04:44:05] [spechunter] [Bash] Check available branches
[04:44:05] [spechunter] [Grep] pattern='riscv_cpu_do_interrupt|do_interrupt'
[04:44:07] [spechunter] [Read] /home/yzs/riscv/freebsd-src/sys/riscv/riscv/intr_machdep.c
[04:44:07] [spechunter] [Read] /home/yzs/riscv/freebsd-src/sys/riscv/riscv/trap.c
[04:44:07] [spechunter] [Glob] sys/riscv/riscv/*.S
[04:44:07] [spechunter] [Glob] sys/riscv/riscv/plic*
[04:44:13] [spechunter] [text] Let me also read the S-mode vectored interrupt delivery path and the overall interrupt dispatch for completeness.  
[04:44:13] [spechunter] [Read] /home/yzs/riscv/qemu/target/riscv/cpu_helper.c
[04:44:13] [spechunter] [Read] /home/yzs/riscv/qemu/target/riscv/cpu_helper.c
[04:44:15] [spechunter] [Grep] pattern='intr_machdep'
[04:44:15] [spechunter] [Read] /home/yzs/riscv/freebsd-src/sys/riscv/riscv/exception.S
[04:44:15] [spechunter] [Read] /home/yzs/riscv/freebsd-src/sys/riscv/riscv/plic.c
[04:44:18] [spechunter] [text] Now I have all the code. Let me cross-validate and produce the final location set.  
[04:44:18] [spechunter] [Write] /home/yzs/riscv/linux/tmp/review-v2-locations.json
[04:44:24] [spechunter] [text] Let me also verify whether there's any possible related code on other branches or in related interrupt handling paths.  
[04:44:24] [spechunter] [Bash] Search all branches for CLIC/smivt commits
[04:44:24] [spechunter] [Grep] pattern='clic|ivt_mode|vtbase|cliccfg'
[04:44:26] [spechunter] [Read] /home/yzs/riscv/linux/tmp/review-v2-locations.json
[04:44:31] [spechunter] [text] Now let me find the `intr_irq_handler` function and the RISC-V interrupt controller driver.  
[04:44:31] [spechunter] [Grep] pattern='intr_irq_handler'
[04:44:31] [spechunter] [Grep] pattern='riscv_intc|INTC|intc_probe|cpu_intc'
[04:44:31] [spechunter] [Grep] pattern='mnxti|mtvt|mtvec|stvec|CLIC|clic|IVT'
[04:44:33] [spechunter] [text] Cross-validation complete. Output written to `tmp/review-v2-locations.json`.  **Summary**: All 21 fast-path locations va...
[04:44:38] [spechunter] [text] Let me verify these aren't false positives (words like "click").  
[04:44:38] [spechunter] [Grep] pattern='clic|CLIC|smivt|Smivt|SMIVT'
[04:44:38] [spechunter] [Grep] pattern='clic|CLIC|smivt|Smivt|SMIVT'
[04:44:54] [spechunter] [text] I'll start by exploring the RISC-V interrupt handling code to identify the relevant locations mentioned in the security ...
[04:44:54] [spechunter] [Agent] description, prompt
[04:44:58] [spechunter] [Read] /home/yzs/riscv/freebsd-src/sys/riscv/riscv/intc.c
[04:44:58] [spechunter] [Read] /home/yzs/riscv/freebsd-src/sys/riscv/riscv/locore.S
[04:44:58] [spechunter] [Grep] pattern='intr_irq_handler'
[04:45:04] [spechunter] [text] Confirming: this QEMU codebase (master branch) has **zero CLIC/SMIVT/IVT code**. No CSRs, no interrupt controller, no pe...
[04:45:05] [spechunter] [Grep] pattern='inthand_add|intr_event_handle|intr_isrc_dispatch'
[04:45:05] [spechunter] [Read] /home/yzs/riscv/freebsd-src/sys/riscv/riscv/genassym.c
[04:45:05] [spechunter] [Read] /home/yzs/riscv/freebsd-src/sys/riscv/riscv/aplic.c
[04:45:15] [spechunter] [Grep] pattern='handle_arch_irq'
[04:45:15] [spechunter] [Grep] pattern='do_irq'
[04:45:15] [spechunter] [Grep] pattern='smivt|smstateen|sme_irq|IVT|indirect.*vector'
[04:45:15] [spechunter] [Grep] pattern='smivt|smstateen|sme_irq|IVT|indirect.*vector'
[04:45:15] [spechunter] [Grep] pattern='CSR_SIP|csrr.*sip|csr_read.*sip|\\bsip\\b'
[04:45:15] [spechunter] [Grep] pattern='kvm.*sip|kvm.*hvip|vsip|CSR_VSIP'
[04:45:25] [spechunter] [text] Now let me look at the interrupt dispatch and check for any polling loops.  
[04:45:25] [spechunter] [Read] /home/yzs/riscv/freebsd-src/sys/kern/subr_intr.c
[04:45:25] [spechunter] [Grep] pattern='mip|mie|sip|sie|pending|poll|loop|while.*irq|while.*intr'
[04:45:25] [spechunter] [text] Let me check the current branch for any IVT-related changes and recent commits.  
[04:45:25] [spechunter] [Bash] Check recent commits on current branch
[04:45:25] [spechunter] [Grep] pattern='(?i)(ivt|smivt|IvtMode|isIvt)'
[04:45:32] [spechunter] [text] Let me now look at the context-switch code and SBI IPI handler for a full picture.  
[04:45:32] [spechunter] [Read] /home/yzs/riscv/freebsd-src/sys/riscv/riscv/swtch.S
[04:45:32] [spechunter] [Read] /home/yzs/riscv/freebsd-src/sys/riscv/riscv/sbi_ipi.c
[04:45:32] [spechunter] [Read] /home/yzs/riscv/freebsd-src/sys/riscv/riscv/timer.c
[04:45:40] [spechunter] [Grep] pattern='(?i)(ivt|smivt)'
[04:45:40] [spechunter] [Grep] pattern='(?i)(ivt|smivt)'
[04:45:40] [spechunter] [Grep] pattern='(?i)(ivt|smivt)'
[04:45:44] [spechunter] [Read] /home/yzs/riscv/linux/arch/riscv/kernel/entry.S
[04:45:44] [spechunter] [Read] /home/yzs/riscv/linux/arch/riscv/kernel/traps.c
[04:45:44] [spechunter] [Read] /home/yzs/riscv/linux/arch/riscv/kvm/vcpu.c
[04:45:44] [spechunter] [Read] /home/yzs/riscv/linux/arch/riscv/kvm/vcpu.c
[04:45:44] [spechunter] [Read] /home/yzs/riscv/linux/arch/riscv/kvm/aia.c
[04:45:44] [spechunter] [Read] /home/yzs/riscv/linux/arch/riscv/kvm/vcpu_onereg.c
[04:45:44] [spechunter] [Grep] pattern='CSR_MIP|CSR_MIE|mip|mie'
[04:45:44] [spechunter] [Grep] pattern='smivt|sme_irq|ime_irq|IVT'
[04:45:50] [spechunter] [text] Let me also check more broadly for any SMIVT-related code and the recent commits on this branch specifically.  
[04:45:50] [spechunter] [Grep] pattern='(?i)(smivt|SMIVT|clic|CLIC)'
[04:45:50] [spechunter] [Bash] Search git history for IVT/SMIVT commits
[04:45:50] [spechunter] [Bash] Check branches for IVT-related branches
[04:46:15] [spechunter] [Grep] pattern='VSIP_TO_HVIP_SHIFT|VSIP_VALID_MASK'
[04:46:15] [spechunter] [Read] /home/yzs/riscv/linux/arch/riscv/kernel/irq.c
[04:46:15] [spechunter] [Grep] pattern='ncsr_write.*CSR_HVIP|ncsr_read.*CSR_HVIP|CSR_HVIP'
[04:46:15] [spechunter] [Read] /home/yzs/riscv/linux/arch/riscv/kernel/entry.S
[04:46:15] [spechunter] [Grep] pattern='kvm_riscv_vcpu_flush_interrupts'
[04:46:15] [spechunter] [Grep] pattern='IRQ_S_EXT|IRQ_VS_EXT|IRQ_LOCAL_MASK'
[04:46:15] [spechunter] [Grep] pattern='smivt|IVT|indirect.*vector.*table|sme_irq'
[04:46:16] [spechunter] [text] ```json {   "locations": [     "src/main/scala/xiangshan/backend/fu/NewCSR/CSREvents/TrapEntryMEvent.scala:107-130 (trap...
[04:46:29] [spechunter] [TodoWrite] 6 items
[04:46:40] [spechunter] [Read] /home/yzs/riscv/linux/arch/riscv/kvm/vcpu.c
[04:46:40] [spechunter] [Read] /home/yzs/riscv/linux/arch/riscv/kvm/vcpu.c
[04:46:40] [spechunter] [Read] /home/yzs/riscv/linux/arch/riscv/kvm/vcpu.c
[04:46:40] [spechunter] [Read] /home/yzs/riscv/linux/arch/riscv/kernel/entry.S
[04:46:40] [spechunter] [Read] /home/yzs/riscv/linux/arch/riscv/include/asm/csr.h
[04:46:40] [spechunter] [Grep] pattern='csr.*sip|csrs.*sip|CSR_SIP|sip\\b'
[04:46:40] [spechunter] [Grep] pattern='sbi_ipi|sbi_send_ipi|__sbi_send_ipi'
[04:46:40] [spechunter] [Read] /home/yzs/riscv/linux/arch/riscv/kvm/vcpu.c
[04:46:40] [spechunter] [text] I'll start by searching for the relevant RTL modules and code locations in the XiangShan repo.  
[04:46:40] [spechunter] [Agent] description, prompt
[04:46:54] [spechunter] [Grep] pattern='handle_arch_irq'
[04:46:54] [spechunter] [Grep] pattern='CSR_SIP|CSR_MIP|MIP|sip|mie|CSR_MIE'
[04:46:54] [spechunter] [Bash] List RISC-V irqchip driver files
[04:46:54] [spechunter] [Read] /home/yzs/riscv/linux/arch/riscv/kvm/vcpu.c
[04:46:54] [spechunter] [Grep] pattern='kvm_riscv_vcpu_enter_exit'
[04:46:54] [spechunter] [Grep] pattern='CSR_IP\\b|csr_read.*IP\\b|ncsr_read.*IP\\b'
[04:47:05] [spechunter] [Grep] pattern='TrapEntryMEvent|TrapEntryVSEvent|TrapEntryHSEvent'
[04:47:05] [spechunter] [Grep] pattern='TrapHandleModule'
[04:47:05] [spechunter] [Grep] pattern='clicintip|intPending|interrupt.*pending'
[04:47:05] [spechunter] [Grep] pattern='xtvec|VTBASE|vectored.*table'
[04:47:05] [spechunter] [Grep] pattern='ModeDirect|ModeVectored|ModeIVT|IVT'
[04:47:05] [spechunter] [Glob] **/*Trap*
[04:47:05] [spechunter] [Glob] **/*CLIC*
[04:47:05] [spechunter] [Glob] **/*clic*
[04:47:05] [spechunter] [Glob] **/*intPending*
[04:47:13] [spechunter] [Read] /home/yzs/riscv/linux/drivers/irqchip/irq-riscv-intc.c
[04:47:13] [spechunter] [Read] /home/yzs/riscv/linux/arch/riscv/kvm/vcpu.c
[04:47:13] [spechunter] [Read] /home/yzs/riscv/linux/arch/riscv/kvm/vcpu.c
[04:47:13] [spechunter] [Read] /home/yzs/riscv/linux/arch/riscv/kernel/sbi-ipi.c
[04:47:13] [spechunter] [Read] /home/yzs/riscv/linux/arch/riscv/include/asm/csr.h
[04:47:13] [spechunter] [Read] /home/yzs/riscv/linux/arch/riscv/include/asm/csr.h
[04:47:13] [spechunter] [Grep] pattern='handle_arch_irq'
[04:47:16] [spechunter] [text] Now let me check one more thing — the `intr_event_handle` path to understand how handlers are invoked.  
[04:47:16] [spechunter] [Read] /home/yzs/riscv/freebsd-src/sys/kern/kern_intr.c
[04:47:16] [spechunter] [Grep] pattern='INTR_ROOT_IRQ|INTR_ROOT_COUNT'
[04:47:37] [spechunter] [Read] /home/yzs/riscv/linux/arch/riscv/kernel/entry.S
[04:47:37] [spechunter] [Grep] pattern='SME|riscv_isa_extension.*SME|RISCV_ISA_EXT_SME'
[04:47:37] [spechunter] [Read] /home/yzs/riscv/linux/arch/riscv/kernel/head.S
[04:47:37] [spechunter] [Read] /home/yzs/riscv/linux/arch/riscv/kernel/head.S
[04:47:37] [spechunter] [Grep] pattern='set_handle_irq'
[04:47:37] [spechunter] [Grep] pattern='kvm_riscv_vcpu_aia_sync_interrupts|kvm_riscv_vcpu_aia_flush_interrupts'
[04:47:44] [spechunter] [Grep] pattern='TrapEntryMEvent|TrapEntryVSEvent|TrapEntryHSEvent'
[04:47:44] [spechunter] [Grep] pattern='TrapEntryMEvent|TrapEntryVSEvent|TrapEntryHSEvent'
[04:47:44] [spechunter] [Grep] pattern='TrapEntryMEvent|TrapEntryVSEvent|TrapEntryHSEvent'
[04:47:44] [spechunter] [Read] /home/yzs/riscv/XiangShan/src/main/scala/xiangshan/backend/fu/NewCSR/CSREvents/TrapEntryMEvent.scala
[04:47:44] [spechunter] [Read] /home/yzs/riscv/XiangShan/src/main/scala/xiangshan/backend/fu/NewCSR/CSREvents/TrapEntryVSEvent.scala
[04:47:44] [spechunter] [Read] /home/yzs/riscv/XiangShan/src/main/scala/xiangshan/backend/fu/NewCSR/CSREvents/TrapEntryHSEvent.scala
[04:47:44] [spechunter] [Read] /home/yzs/riscv/XiangShan/src/main/scala/xiangshan/backend/fu/NewCSR/TrapHandleModule.scala
[04:47:44] [spechunter] [Read] /home/yzs/riscv/XiangShan/src/main/scala/xiangshan/backend/fu/NewCSR/InterruptBundle.scala
[04:47:44] [spechunter] [Grep] pattern='clear.*pending|pending.*clear|pending.*write|write.*pending|intPending.*:=|:=.*intPending|clicintip.*:='
[04:47:44] [spechunter] [Grep] pattern='xtvec|VTBASE|vectored.*table|ModeDirect|ModeVectored'
[04:47:50] [spechunter] [Grep] pattern='smivt|Smivt|SMIVT'
[04:47:50] [spechunter] [Grep] pattern='ncsr_read.*CSR_IP|csr_read.*CSR_IP|csr_read.*CSR_SIP'
[04:47:50] [spechunter] [Grep] pattern='ncsr_read.*CSR_VSIE|csr_read.*CSR_VSIE'
[04:47:50] [spechunter] [Grep] pattern='SxAIA|RISCV_HWEXT_SxAIA|sxaia'
[04:47:50] [spechunter] [Read] /home/yzs/riscv/linux/arch/riscv/kvm/vcpu.c
[04:47:50] [spechunter] [Read] /home/yzs/riscv/linux/arch/riscv/kvm/aia.c
[04:48:21] [spechunter] [Grep] pattern='XtvecMode|XtvecBundle|class.*Xtvec'
[04:48:21] [spechunter] [Grep] pattern='xtvec|VTBASE'
[04:48:21] [spechunter] [Grep] pattern='clicintip|intPending'
[04:48:21] [spechunter] [Grep] pattern='TrapEntryMEvent|TrapEntryVSEvent|TrapEntryHSEvent|TrapHandleModule'
[04:48:21] [spechunter] [Read] /home/yzs/riscv/XiangShan/src/main/scala/xiangshan/backend/fu/NewCSR/CSREvents/CSREvent.scala
[04:48:32] [spechunter] [text] Let me check the idle loop for any interrupt polling patterns.  
[04:48:32] [spechunter] [Grep] pattern='wfi|WFI|cpu_idle|idle'
[04:48:32] [spechunter] [Grep] pattern='CPU_IDLE|GC_IDLE'
[04:48:37] [spechunter] [Read] /home/yzs/riscv/freebsd-src/sys/riscv/riscv/machdep.c
[04:48:39] [spechunter] [Grep] pattern='class XtvecBundle|XtvecMode|object XtvecMode'
[04:48:39] [spechunter] [Grep] pattern='intPending|intrVec|intVec|pending.*clear|clear.*pending|wdata.*ip|wdata.*pending'
[04:48:39] [spechunter] [Grep] pattern='intPending|wdata.*ip|wdata.*pending|pending.*clear'
[04:48:39] [spechunter] [Grep] pattern='InterruptController|PlatformIntr|FieldInit.*Intr|interrupt.*plat|platint'
[04:48:39] [spechunter] [Grep] pattern='intPending|wdata.*ip|pending.*clear|intrVec'
[04:48:59] [spechunter] [text] Let me read the specific code locations to verify the analysis.  
[04:48:59] [spechunter] [Read] /home/yzs/riscv/linux/drivers/irqchip/irq-riscv-intc.c
[04:48:59] [spechunter] [Read] /home/yzs/riscv/linux/arch/riscv/kernel/traps.c
[04:48:59] [spechunter] [Read] /home/yzs/riscv/linux/arch/riscv/kernel/entry.S
[04:49:00] [spechunter] [Read] /home/yzs/riscv/XiangShan/src/main/scala/xiangshan/backend/fu/NewCSR/InterruptFilter.scala
[04:49:00] [spechunter] [Grep] pattern='xtvec|mtvec|stvec|vstvec'
[04:49:00] [spechunter] [Grep] pattern='SipBundle|MipBundle|VSipBundle|HipBundle'
[04:49:00] [spechunter] [Grep] pattern='class IntPriority|interruptDefaultPrio|higher|highest'
[04:49:00] [spechunter] [Read] /home/yzs/riscv/XiangShan/src/main/scala/xiangshan/backend/fu/NewCSR/CSREvents/TrapEntryMNEvent.scala
[04:49:13] [spechunter] [text] Now let me read the KVM interrupt handling code and the SBI IPI handler.  
[04:49:13] [spechunter] [Read] /home/yzs/riscv/linux/arch/riscv/kvm/vcpu.c
[04:49:13] [spechunter] [Read] /home/yzs/riscv/linux/arch/riscv/kernel/sbi-ipi.c
[04:49:13] [spechunter] [Read] /home/yzs/riscv/linux/arch/riscv/kvm/vcpu.c
[04:49:21] [spechunter] [Grep] pattern='class SipBundle|class MipBundle|class VSipBundle|class HipBundle|class MvipBundle|class HvipBundle'
[04:49:21] [spechunter] [Grep] pattern='intrMod|interruptFilter|interruptVec|intrVec|virtualInterruptIsHvictl'
[04:49:21] [spechunter] [Grep] pattern='MipTo.*|pending.*write|wdata.*pending|pending.*set|set.*pending'
[04:49:21] [spechunter] [Read] /home/yzs/riscv/XiangShan/src/main/scala/xiangshan/backend/fu/NewCSR/CSREvents/TrapEntryDEvent.scala
[04:49:40] [spechunter] [Grep] pattern='regOut\\.SSIP|regOut\\.MSIP|regOut\\.VSSIP|regOut\\.VSTIP|regOut\\.SEIP|regOut\\.MEIP|regOut\\.MTIP|regOut\\.STIP|regOut\\.VSEIP'
[04:49:40] [spechunter] [Read] /home/yzs/riscv/XiangShan/src/main/scala/xiangshan/backend/fu/NewCSR/TrapInstMod.scala
[04:49:40] [spechunter] [Read] /home/yzs/riscv/XiangShan/src/main/scala/xiangshan/backend/fu/NewCSR/TrapTvalMod.scala
[04:49:40] [spechunter] [Grep] pattern='platformIRP|platform.*MEIP|platform.*SEIP|fromAIA'
[04:49:47] [spechunter] [text] Now I have a comprehensive picture of the entire RISC-V interrupt handling path. Let me produce the audit findings.  
[04:49:47] [spechunter] [TodoWrite] 6 items
[04:50:00] [spechunter] [text] Now let me also check for any SME interrupt enable/disable code and verify whether there's any IVT-mode related CSR writ...
[04:50:00] [spechunter] [Grep] pattern='sme|SME|Smivt|smivt|IVT.*irq|ivt.*vector'
[04:50:00] [spechunter] [Grep] pattern='ssie|SSIE|vsie|VSIE|hvip|HVIP|sip|SIP|mip|MIP'
[04:50:00] [spechunter] [Read] /home/yzs/riscv/linux/arch/riscv/kvm/vcpu.c
[04:50:43] [spechunter] [text] Let me also check the PLIC and other chained interrupt handlers that might need the sip/mip bits.  
[04:50:43] [spechunter] [Grep] pattern='csr_read.*SIP|csrr.*sip|csr_read.*MIP|csr_read.*IP\\b'
[04:50:43] [spechunter] [Grep] pattern='handle_external_irq|plic_handle_irq|chained_irq_enter.*plic'
[04:50:48] [spechunter] [Read] /home/yzs/riscv/linux/drivers/irqchip/irq-sifive-plic.c
[04:50:48] [spechunter] [Read] /home/yzs/riscv/linux/drivers/irqchip/irq-sifive-plic.c
[04:51:02] [spechunter] [text] Now I have a thorough picture of the entire FreeBSD RISC-V interrupt handling path. Here is the security analysis.  --- ...
[04:51:10] [spechunter] [text] Now I have all the information needed to produce the analysis.  
[04:51:10] [spechunter] [Bash] Check kernel version
[04:51:22] [spechunter] [text] Let me now read the specific code at each location to confirm the findings.  
[04:51:22] [spechunter] [Read] /home/yzs/riscv/XiangShan/src/main/scala/xiangshan/backend/fu/NewCSR/CSRDefines.scala
[04:51:22] [spechunter] [Read] /home/yzs/riscv/XiangShan/src/main/scala/xiangshan/backend/fu/NewCSR/CSREvents/TrapEntryMEvent.scala
[04:51:22] [spechunter] [Read] /home/yzs/riscv/XiangShan/src/main/scala/xiangshan/backend/fu/NewCSR/CSREvents/TrapEntryVSEvent.scala
[04:51:22] [spechunter] [Read] /home/yzs/riscv/XiangShan/src/main/scala/xiangshan/backend/fu/NewCSR/CSREvents/TrapEntryHSEvent.scala
[04:51:48] [spechunter] [Read] /home/yzs/riscv/XiangShan/src/main/scala/xiangshan/backend/fu/NewCSR/TrapHandleModule.scala
[04:51:48] [spechunter] [Read] /home/yzs/riscv/XiangShan/src/main/scala/xiangshan/backend/fu/NewCSR/MachineLevel.scala
[04:52:06] [spechunter] [text] Now let me also check how the interrupt pending bits are defined and whether there's any clearing mechanism.  
[04:52:06] [spechunter] [Read] /home/yzs/riscv/XiangShan/src/main/scala/xiangshan/backend/fu/NewCSR/InterruptBundle.scala
[04:52:06] [spechunter] [Read] /home/yzs/riscv/XiangShan/src/main/scala/xiangshan/backend/fu/NewCSR/MachineLevel.scala
[04:52:36] [spechunter] [text] Here is my complete analysis:  ```json {   "findings": [     {       "file_path": "drivers/irqchip/irq-riscv-intc.c",   ...
[04:52:54] [spechunter] [text] Now I have all the code needed. Let me compile the findings.  
[04:52:54] [spechunter] [Write] /home/yzs/riscv/XiangShan/smidctrl_threshold_findings.json
[04:53:00] [spechunter] [Read] /home/yzs/riscv/XiangShan/smidctrl_threshold_findings.json
[04:54:01] [spechunter] [text] Now I have the full picture. The existing findings file takes a different position, but the security audit requires a di...
[04:54:01] [spechunter] [Write] /home/yzs/riscv/XiangShan/smidctrl_threshold_findings.json
[04:54:10] [spechunter] [text] Here is the security audit summary for the XiangShan CLIC IVT pending-bit-clear analysis:  **Overall verdict: COMPLIANT*...
[08:30:45] [spechunter] PR loaded: #729 riscv/riscv-fast-interrupt — "Smivt: Clear interrupt pending bit in IVT mode upon trap"
[08:30:45] [spechunter]   diff: 1178 chars  body: 1 chars  reviews: 0
[08:30:45] [spechunter] Global pre-filter running...
[08:30:52] [spechunter] [text] {"should_skip": false}
[08:30:53] [spechunter] pre-filter: should_skip=False reason=""
[08:31:11] [spechunter] [text] ```json {"should_skip": false, "skip_reason": "CLIC IVT interrupt-pending-bit clearing semantics affect Linux kernel int...
[08:31:17] [spechunter] [text] {"should_skip": true, "skip_reason": "Hardware-only behavior clarification (hart clearing interrupt-pending bit in hardw...
[08:31:28] [spechunter] [text] {"should_skip": false}
[08:31:35] [spechunter] [text] {"should_skip": false, "skip_reason": "Spec change clarifies hardware behavior for clearing interrupt-pending bits in IV...
[08:31:37] [spechunter] [text] {"should_skip": false}
[08:31:54] [spechunter] [Write] /home/yzs/riscv/linux/tmp/spec_analysis_729.json
[08:32:01] [spechunter] [Agent] description, subagent_type
[08:32:19] [spechunter] [text] ```json {   "violation_condition": "In OpenSBI M-mode interrupt trap handler, when the hardware (via Smivt IVT mode) aut...
[08:32:25] [spechunter] [text] The analysis is complete. Here's the result:  ```json {   "violation_condition": "In the Linux kernel, a CLIC IVT-mode i...
[08:32:30] [spechunter] [Grep] pattern='mip'
[08:32:36] [spechunter] [Agent] description, prompt
[08:32:37] [spechunter] [Grep] pattern='vtbase|VTBASE|vt_base'
[08:32:37] [spechunter] [Grep] pattern='clic|CLIC|aclic|ACLIC'
[08:32:37] [spechunter] [Grep] pattern='vector.*table|interrupt.*vector|ivec'
[08:32:37] [spechunter] [Grep] pattern='clear.*pending|pending.*clear'
[08:32:37] [spechunter] [Grep] pattern='ivt|IVT'
[08:32:39] [spechunter] [Agent] description, subagent_type
[08:32:49] [spechunter] [Grep] pattern='clicintip'
[08:32:49] [spechunter] [Grep] pattern='claimi'
[08:32:49] [spechunter] [Grep] pattern='CLICINTIP'
[08:32:49] [spechunter] [Grep] pattern='CLAIMI'
[08:32:55] [spechunter] [TodoWrite] 5 items
[08:33:00] [spechunter] [Grep] pattern='interrupt.*pending|pending.*interrupt|mip|MIP|InterruptFilter'
[08:33:00] [spechunter] [Grep] pattern='CLIC|clic|ACLIC|aclic'
[08:33:00] [spechunter] [Grep] pattern='smivt|SMIVT|sm_ivt'
[08:33:00] [spechunter] [Glob] **/Interrupt*.scala
[08:33:05] [spechunter] [Grep] pattern='aclic|ACLIC'
[08:33:05] [spechunter] [Grep] pattern='smivt|Smivt|SMIVT'
[08:33:05] [spechunter] [Grep] pattern='\\bIVT\\b|_ivt_|ivt_|\\.ivt'
[08:33:05] [spechunter] [Grep] pattern='mip|MIP|csr_mip|csr_read.*mip|csr_write.*mip'
[08:33:05] [spechunter] [Glob] lib/sbi/*trap*
[08:33:05] [spechunter] [Glob] lib/sbi/*handler*
[08:33:11] [spechunter] [Grep] pattern='clicintip|claimi|CLIC|clic'
[08:33:11] [spechunter] [Grep] pattern='xtvec|IVT|vectored.*interrupt|mtvec.*mode'
[08:33:11] [spechunter] [Grep] pattern='sret|mret|xRET'
[08:33:11] [spechunter] [Grep] pattern='CSR_MIP|MIP_SSIP|MIP_STIP|MIP_SEIP|MIP_MTIP|MIP_MEIP'
[08:33:11] [spechunter] [Grep] pattern='aclic|ACLIC|acl_int|ACLINT'
[08:33:11] [spechunter] [Grep] pattern='IVT|ivt|interrupt.*vector|vector.*interrupt|mtvec.*vectored|CLIC|clic'
[08:33:11] [spechunter] [Grep] pattern='trap.*handler|trap_handler|handle_trap|mtrap|strap|stvec|mtvec'
[08:33:18] [spechunter] [Grep] pattern='ivt|vectored'
[08:33:18] [spechunter] [Grep] pattern='vtbase|VTBASE|mtvec.*vector|stvec.*vector'
[08:33:18] [spechunter] [Grep] pattern='clic|imsic'
[08:33:18] [spechunter] [Grep] pattern='interrupt.*pending.*clear|pending.*clear|clear.*pending'
[08:33:18] [spechunter] [Grep] pattern='mvien|hvip'
[08:33:24] [spechunter] [text] Let me now look at the key files found and also search for CLIC/IVT-related code more broadly
[08:33:24] [spechunter] [Read] /home/yzs/riscv/linux/drivers/irqchip/irq-riscv-aplic-direct.c
[08:33:24] [spechunter] [Grep] pattern='clic'
[08:33:24] [spechunter] [Grep] pattern='clic'
[08:33:24] [spechunter] [Grep] pattern='ivt'
[08:33:24] [spechunter] [Grep] pattern='APLIC_IDC_CLAIMI'
[08:33:25] [spechunter] [text] Let me dig deeper into the trap handler and interrupt handling paths.  
[08:33:25] [spechunter] [Read] /home/yzs/riscv/opensbi/lib/sbi/sbi_trap.c
[08:33:25] [spechunter] [Read] /home/yzs/riscv/opensbi/firmware/fw_base.S
[08:33:25] [spechunter] [Read] /home/yzs/riscv/opensbi/lib/sbi/sbi_irqchip.c
[08:33:29] [spechunter] [text] Let me focus on the RISC-V specific code and CLIC-related interrupt handling
[08:33:29] [spechunter] [Grep] pattern='clicintip|claimi|clic.*int|CLIC_INT'
[08:33:29] [spechunter] [Grep] pattern='clic|CLIC'
[08:33:29] [spechunter] [Grep] pattern='CLIC|clic|smclic|SxI'
[08:33:38] [spechunter] [Grep] pattern='sbi_trap_aia_irq|sbi_trap_nonaia_irq|sbi_trap_handler|_trap_handler'
[08:33:38] [spechunter] [Glob] lib/sbi/sbi_trap*.c
[08:33:38] [spechunter] [Glob] lib/sbi/sbi_trap*.S
[08:33:38] [spechunter] [Grep] pattern='mtvec|MTVEC|trap_handler'
[08:33:38] [spechunter] [Grep] pattern='mtopi|MTOPI|CSR_MTOPI'
[08:33:38] [spechunter] [Grep] pattern='SMAIA|Smaia|smaia'
[08:33:38] [spechunter] [Grep] pattern='delivery|eidelivery|eithreshold'
[08:33:39] [spechunter] [TodoWrite] 7 items
[08:33:41] [spechunter] [text] Let me also search for CLIC-related references more broadly and check the APLIC header for full context
[08:33:41] [spechunter] [Read] /home/yzs/riscv/linux/include/linux/irqchip/riscv-aplic.h
[08:33:41] [spechunter] [Grep] pattern='clicintip|CLICINTIP|clic_int_ip|clic_intip'
[08:33:41] [spechunter] [Grep] pattern='xtvec|stvec|mtvec'
[08:33:41] [spechunter] [Grep] pattern='aplic_direct_handle'
[08:33:44] [spechunter] [Grep] pattern='pending|pend|read.*mip|csr_read.*MIP|claim|interrupt.*source'
[08:33:44] [spechunter] [Grep] pattern='claim|interrupt_pending|read.*pending'
[08:33:44] [spechunter] [Read] /home/yzs/riscv/opensbi/lib/sbi/sbi_ipi.c
[08:33:45] [spechunter] [Read] /home/yzs/riscv/linux/arch/riscv/kernel/entry.S
[08:33:45] [spechunter] [Grep] pattern='CLIC|clic'
[08:33:45] [spechunter] [Glob] drivers/irqchip/irq-riscv*
[08:33:48] [spechunter] [Read] /home/yzs/riscv/qemu/target/riscv/csr.c
[08:33:48] [spechunter] [Read] /home/yzs/riscv/qemu/target/riscv/csr.c
[08:33:48] [spechunter] [Read] /home/yzs/riscv/qemu/target/riscv/csr.c
[08:33:48] [spechunter] [Grep] pattern='riscv_cpu_do_interrupt|void riscv_cpu_do_interrupt'
[08:33:48] [spechunter] [Grep] pattern='clic'
[08:33:48] [spechunter] [Grep] pattern='clic'
[08:33:48] [spechunter] [Glob] **/riscv_aclint*
[08:33:51] [spechunter] [Read] /home/yzs/riscv/linux/arch/riscv/kvm/vcpu.c
[08:33:51] [spechunter] [Read] /home/yzs/riscv/linux/arch/riscv/kvm/vcpu_switch.S
[08:33:51] [spechunter] [Read] /home/yzs/riscv/linux/drivers/irqchip/irq-riscv-intc.c
[08:33:53] [spechunter] [Read] /home/yzs/riscv/XiangShan/src/main/scala/xiangshan/backend/fu/NewCSR/InterruptFilter.scala
[08:33:53] [spechunter] [Read] /home/yzs/riscv/XiangShan/src/main/scala/xiangshan/backend/fu/NewCSR/InterruptBundle.scala
[08:33:53] [spechunter] [Read] /home/yzs/riscv/XiangShan/src/main/scala/xiangshan/backend/fu/NewCSR/CSRAIA.scala
[08:33:54] [spechunter] [text] Now let me look at the specific files that handle IPI clear/claim and the trap entry path
[08:33:54] [spechunter] [Read] /home/yzs/riscv/opensbi/lib/utils/ipi/aclint_mswi.c
[08:33:54] [spechunter] [Read] /home/yzs/riscv/opensbi/lib/utils/ipi/andes_plicsw.c
[08:33:54] [spechunter] [Read] /home/yzs/riscv/opensbi/firmware/fw_base.S
[08:33:58] [spechunter] [text] Now let me also check for any CLIC-related references in Kconfig or device trees.  
[08:33:58] [spechunter] [Grep] pattern='CLIC|Smaia|Ssaia|clic'
[08:33:58] [spechunter] [Grep] pattern='IVT|ivt|vectored.*mode|mtvec.*mode'
[08:34:02] [spechunter] [text] Let me refine the search to find CLIC-specific code and trace the interrupt handling flow more precisely
[08:34:02] [spechunter] [Grep] pattern='\\bCLIC\\b|CLICINT|clicint|CLIC_'
[08:34:02] [spechunter] [Grep] pattern='\\bmtvec\\b|stvec|xtvec|tvec'
[08:34:02] [spechunter] [Grep] pattern='do_irq|handle_irq'
[08:34:05] [spechunter] [Grep] pattern='vtbase|VTBASE|vt_mode|vtMode|vectored.*interrupt|IVT'
[08:34:05] [spechunter] [Grep] pattern='trap.*entry|entry.*trap|mtvec|stvec|trap.*handler'
[08:34:05] [spechunter] [Grep] pattern='pending.*clear|clear.*ip|IP.*clear|mip.*write|wMip|claim'
[08:34:05] [spechunter] [Grep] pattern='hvictl|VTI|hvictlVTI'
[08:34:11] [spechunter] [Read] /home/yzs/riscv/qemu/target/riscv/cpu_helper.c
[08:34:11] [spechunter] [Grep] pattern='vectored|mtvec|stvec|vstvec|tvbase|IVT'
[08:34:11] [spechunter] [Grep] pattern='GEILEN|geilen|aia_ireg_rmw|ireg_rmw'
[08:34:11] [spechunter] [Grep] pattern='mip.*pending|siclip|mclic'
[08:34:11] [spechunter] [Read] /home/yzs/riscv/opensbi/lib/sbi/sbi_trap.c
[08:34:11] [spechunter] [Read] /home/yzs/riscv/opensbi/lib/sbi/sbi_hart.c
[08:34:11] [spechunter] [Read] /home/yzs/riscv/opensbi/lib/utils/irqchip/imsic.c
[08:34:11] [spechunter] [Read] /home/yzs/riscv/opensbi/lib/sbi/sbi_irqchip.c
[08:34:15] [spechunter] [Read] /home/yzs/riscv/linux/tmp/smivt_violation_analysis.json
[08:34:15] [spechunter] [Read] /home/yzs/riscv/linux/arch/riscv/kernel/traps.c
[08:34:18] [spechunter] [text] Let me check for SMIVT, CLIC, and the trap entry path for interrupt handling flow.  
[08:34:18] [spechunter] [Grep] pattern='smivt|smclic|SMIVT|SMCLIC|CLIC|clic|smaia'
[08:34:18] [spechunter] [Read] /home/yzs/riscv/opensbi/firmware/fw_base.S
[08:34:27] [spechunter] [Grep] pattern='Smaia|Ssaia|APLIC|IMSIC|PLIC'
[08:34:27] [spechunter] [Grep] pattern='clicintip|claimi'
[08:34:30] [spechunter] [Read] /home/yzs/riscv/opensbi/firmware/fw_base.S
[08:34:30] [spechunter] [Grep] pattern='MTOPI|CSR_MTOPI|TOPI'
[08:34:30] [spechunter] [Read] /home/yzs/riscv/opensbi/lib/sbi/sbi_hsm.c
[08:34:33] [spechunter] [text] Let me also check the existing RISC-V irqchip drivers for any CLIC-specific handling and search for the complete set of ...
[08:34:33] [spechunter] [Glob] drivers/irqchip/irq-riscv*
[08:34:33] [spechunter] [Grep] pattern='handle_percpu_devid|handle_fasteoi|handle_level|chained_irq'
[08:34:33] [spechunter] [Read] /home/yzs/riscv/linux/drivers/irqchip/irq-riscv-aplic-direct.c
[08:34:35] [spechunter] [Read] /home/yzs/riscv/qemu/target/riscv/cpu_helper.c
[08:34:35] [spechunter] [Read] /home/yzs/riscv/qemu/hw/intc/riscv_aclint.c
[08:34:35] [spechunter] [Read] /home/yzs/riscv/qemu/include/hw/intc/riscv_imsic.h
[08:34:35] [spechunter] [Grep] pattern='ISELECT_IMSIC'
[08:34:35] [spechunter] [Read] /home/yzs/riscv/qemu/target/riscv/cpu.h
[08:34:36] [spechunter] [Read] /home/yzs/riscv/opensbi/lib/sbi/sbi_expected_trap.S
[08:34:36] [spechunter] [Grep] pattern='SBI_HART_EXT_SMAIA|SBI_HART_EXT_SMACLIC|SBI_HART_EXT_SSACLIC'
[08:34:36] [spechunter] [Grep] pattern='SMSTATEEN0_AIA|SMSTATEEN0_IMSIC|SMSTATEEN0_ACLIC'
[08:34:36] [spechunter] [Grep] pattern='aclic|ACLIC|clint|CLINT|plic|PLIC'
[08:34:36] [spechunter] [Glob] **/*aclic*
[08:34:36] [spechunter] [Glob] **/*clint*
[08:34:36] [spechunter] [Grep] pattern='IVT|ivt|SMIVT|smivt'
[08:34:36] [spechunter] [Read] /home/yzs/riscv/opensbi/include/sbi/riscv_encoding.h
[08:34:36] [spechunter] [Grep] pattern='MCAUSE_IRQ_MASK|MCAUSE_INT'
[08:34:38] [spechunter] [text] Now let me look at the existing analysis files and the broader interrupt controller landscape.  
[08:34:38] [spechunter] [Read] /home/yzs/riscv/linux/tmp/aclic_violation_report.json
[08:34:38] [spechunter] [Read] /home/yzs/riscv/linux/tmp/aclic_audit_result.json
[08:34:44] [spechunter] [Read] /home/yzs/riscv/XiangShan/src/main/scala/xiangshan/backend/fu/NewCSR/TrapHandleModule.scala
[08:34:44] [spechunter] [Read] /home/yzs/riscv/XiangShan/src/main/scala/xiangshan/backend/fu/NewCSR/NewCSR.scala
[08:34:44] [spechunter] [Grep] pattern='clear.*pending|pending.*clear|trapEntry|trap_entry.*clear|clearIP|clear_ip'
[08:34:47] [spechunter] [text] Now I have a complete picture. Here is the report:  ```json {   "locations": [     {       "file_path": "drivers/irqchip...
[08:34:47] [spechunter] [Grep] pattern='write_mip|rmw_mip|write_sip|rmw_sip'
[08:34:47] [spechunter] [Grep] pattern='swi|SWI|software_interrupt|MSIP|SSIP'
[08:34:47] [spechunter] [Grep] pattern='riscv_cpu_all_pending|riscv_cpu_s_all_pending|riscv_cpu_vs_all_pending|riscv_cpu_m_all_pending|riscv_cpu_virt_pending'
[08:34:47] [spechunter] [Read] /home/yzs/riscv/qemu/target/riscv/cpu_helper.c
[08:34:53] [spechunter] [Read] /home/yzs/riscv/opensbi/include/sbi/sbi_hart.h
[08:34:53] [spechunter] [Grep] pattern='mtvec|_trap_handler'
[08:34:53] [spechunter] [Read] /home/yzs/riscv/opensbi/lib/sbi/sbi_hsm.c
[08:34:53] [spechunter] [Read] /home/yzs/riscv/opensbi/lib/sbi/sbi_hsm.c
[08:34:53] [spechunter] [Grep] pattern='csr_read.*mip|csr_write.*mip|MIP_|saved_mip'
[08:34:53] [spechunter] [Grep] pattern='IRQ_M_TIMER|IRQ_M_SOFT|IRQ_M_EXT'
[08:34:53] [spechunter] [Read] /home/yzs/riscv/opensbi/lib/sbi/sbi_double_trap.c
[08:34:54] [spechunter] [Read] /home/yzs/riscv/opensbi/lib/sbi/sbi_domain_context.c
[08:34:54] [spechunter] [Grep] pattern='irq_pending|irqchip|plic|APLIC|p a p lic'
[08:34:54] [spechunter] [Read] /home/yzs/riscv/XiangShan/src/main/scala/xiangshan/backend/fu/NewCSR/CSREvents/TrapEntryVSEvent.scala
[08:34:54] [spechunter] [Read] /home/yzs/riscv/XiangShan/src/main/scala/xiangshan/backend/fu/NewCSR/CSREvents/TrapEntryMEvent.scala
[08:34:54] [spechunter] [Glob] **/IMSIC*
[08:35:04] [spechunter] [Read] /home/yzs/riscv/opensbi/firmware/fw_base.S
[08:35:04] [spechunter] [Read] /home/yzs/riscv/opensbi/firmware/fw_base.S
[08:35:04] [spechunter] [Grep] pattern='domain.*swap|domain.*save|domain.*restore|sbi_domain_update|sbi_domain_switch'
[08:35:04] [spechunter] [Grep] pattern='mideleg|MIELEG|IRQ_M_'
[08:35:04] [spechunter] [Grep] pattern='TOP_IID|TOPI_IID|IRQ_S_'
[08:35:08] [spechunter] [TodoWrite] 5 items
[08:35:10] [spechunter] [Read] /home/yzs/riscv/qemu/target/riscv/csr.c
[08:35:10] [spechunter] [Read] /home/yzs/riscv/qemu/target/riscv/csr.c
[08:35:10] [spechunter] [Read] /home/yzs/riscv/qemu/target/riscv/csr.c
[08:35:10] [spechunter] [Read] /home/yzs/riscv/qemu/target/riscv/cpu_helper.c
[08:35:10] [spechunter] [Read] /home/yzs/riscv/qemu/target/riscv/csr.c
[08:35:13] [spechunter] [Glob] **/*imsic*
[08:35:13] [spechunter] [Glob] **/*IMSIC*
[08:35:13] [spechunter] [Read] /home/yzs/riscv/XiangShan/src/main/scala/xiangshan/backend/fu/NewCSR/NewCSR.scala
[08:35:13] [spechunter] [Read] /home/yzs/riscv/XiangShan/src/main/scala/xiangshan/backend/fu/NewCSR/MachineLevel.scala
[08:35:19] [spechunter] [Grep] pattern='riscv_cpu_update_mip'
[08:35:19] [spechunter] [Read] /home/yzs/riscv/qemu/target/riscv/csr.c
[08:35:19] [spechunter] [Grep] pattern='vtbase|VTBASE|IVT'
[08:35:19] [spechunter] [Grep] pattern='tvbase|TVBASE'
[08:35:28] [spechunter] [Read] /home/yzs/riscv/opensbi/lib/utils/irqchip/plic.c
[08:35:29] [spechunter] [Grep] pattern='csr_swap|sbi_domain_switch|csr_write.*SIE|csr_write.*STVEC|csr_read.*SIP'
[08:35:29] [spechunter] [Read] /home/yzs/riscv/opensbi/include/sbi/riscv_encoding.h
[08:35:29] [spechunter] [Read] /home/yzs/riscv/opensbi/firmware/fw_base.S
[08:35:29] [spechunter] [Grep] pattern='smip|smidctrl|ssidctrl|smaclic|ssaclic|acliciprio|aclicsourcecfg|setipnum|clripnum|setienum|clrienum'
[08:35:41] [spechunter] [Read] /home/yzs/riscv/XiangShan/src/main/scala/device/imsic_axi_top.scala
[08:35:41] [spechunter] [Read] /home/yzs/riscv/XiangShan/src/main/scala/xiangshan/backend/fu/NewCSR/NewCSR.scala
[08:35:41] [spechunter] [Grep] pattern='claim|mtopei|stopei|vstopei|clear.*interrupt|interrupt.*clear'
[08:35:41] [spechunter] [Read] /home/yzs/riscv/XiangShan/src/main/scala/xiangshan/backend/fu/NewCSR/HypervisorLevel.scala
[08:35:41] [spechunter] [Grep] pattern='sbi_domain_switch|domain.*swap|SSTATUS|STVEC|SSCRATCH|SEPC|SCAUSE|STVAL|SIP|SCOUNTEREN|SENVCFG'
[08:35:41] [spechunter] [Read] /home/yzs/riscv/opensbi/include/sbi/sbi_trap.h
[08:35:41] [spechunter] [Grep] pattern='MIP_SEIP|MIP_SSIP|MIP_STIP|MIP_MEIP|MIP_MSIP|MIP_MTIP'
[08:35:41] [spechunter] [Read] /home/yzs/riscv/qemu/target/riscv/cpu_helper.c
[08:35:41] [spechunter] [Read] /home/yzs/riscv/qemu/hw/intc/riscv_imsic.c
[08:35:41] [spechunter] [Read] /home/yzs/riscv/qemu/target/riscv/cpu_helper.c
[08:35:52] [spechunter] [Read] /home/yzs/riscv/opensbi/lib/utils/irqchip/aplic.c
[08:36:03] [spechunter] [Grep] pattern='HvictlBundle|DPR|IPRIOM|VTI'
[08:36:03] [spechunter] [Read] /home/yzs/riscv/XiangShan/src/main/scala/xiangshan/backend/fu/NewCSR/HypervisorLevel.scala
[08:36:03] [spechunter] [Read] /home/yzs/riscv/XiangShan/src/main/scala/xiangshan/backend/fu/NewCSR/NewCSR.scala
[08:36:03] [spechunter] [Read] /home/yzs/riscv/XiangShan/src/main/scala/xiangshan/backend/fu/NewCSR/NewCSR.scala
[08:36:04] [spechunter] [Read] /home/yzs/riscv/qemu/target/riscv/cpu_helper.c
[08:36:04] [spechunter] [Read] /home/yzs/riscv/qemu/hw/intc/riscv_imsic.c
[08:36:04] [spechunter] [Read] /home/yzs/riscv/qemu/hw/intc/riscv_aclint.c
[08:36:10] [spechunter] [text] Let me trace the actual interrupt handling end-to-end from entry to sret
[08:36:10] [spechunter] [Read] /home/yzs/riscv/linux/drivers/irqchip/irq-riscv-aplic-direct.c
[08:36:10] [spechunter] [Glob] drivers/irqchip/irq-sifive*
[08:36:10] [spechunter] [Glob] drivers/irqchip/irq-thead*
[08:36:13] [spechunter] [Grep] pattern='csr_swap|csr_write.*CSR_S|saved_s|saved_sstatus|domain.*context'
[08:36:13] [spechunter] [Grep] pattern='csr_swap'
[08:36:28] [spechunter] [text] Prompt is too long
[08:36:42] [spechunter] [Glob] lib/sbi/*domain*context*
[08:36:42] [spechunter] [Grep] pattern='aclic|ACLIC|smaclic|ssaclic|smip|smidctrl|ssidctrl'
[08:36:42] [spechunter] [Grep] pattern='aclic|ACLIC|smaclic|ssaclic'
[08:36:42] [spechunter] [Grep] pattern='aclic|IVT|smip'
[08:36:43] [spechunter] [Read] /home/yzs/riscv/qemu/hw/intc/riscv_imsic.c
[08:36:43] [spechunter] [Grep] pattern='TOPEI|topei|claimi|SETIPNUM'
[08:36:43] [spechunter] [Grep] pattern='vsip|VSIP|rmw_vsip'
[08:36:43] [spechunter] [Grep] pattern='interrupt_no|interruptno|exception_index'
[08:36:51] [spechunter] [Grep] pattern='csr|swap|save|restore|saved_sie|SSTATUS|STVEC|SSCRATCH|SEPC|SCAUSE|STVAL|SIP|SCOUNTEREN|SENVCFG|SRMCFG'
[08:36:53] [spechunter] [Read] /home/yzs/riscv/qemu/target/riscv/csr.c
[08:36:53] [spechunter] [Read] /home/yzs/riscv/qemu/target/riscv/csr.c
[08:36:55] [spechunter] [Grep] pattern='claim|CLAIM|pending.*read|read.*pending|PLIC_CLAIM|plic_claim|context_claim'
[08:36:55] [spechunter] [Read] /home/yzs/riscv/opensbi/lib/utils/irqchip/fdt_irqchip_plic.c
[08:36:57] [spechunter] [Read] /home/yzs/riscv/XiangShan/src/main/scala/xiangshan/backend/fu/NewCSR/CSREvents/CSREvent.scala
[08:36:57] [spechunter] [Read] /home/yzs/riscv/XiangShan/src/main/scala/xiangshan/backend/fu/NewCSR/CSREvents/TrapEntryHSEvent.scala
[08:36:57] [spechunter] [Read] /home/yzs/riscv/XiangShan/src/main/scala/xiangshan/backend/fu/NewCSR/CSREvents/TrapEntryMNEvent.scala
[08:37:10] [spechunter] [Read] /home/yzs/riscv/opensbi/lib/sbi/sbi_domain_context.c
[08:37:12] [spechunter] [text] ## Cross-validation Analysis  **PR context**: "Smivt: Clear interrupt pending bit in IVT mode upon trap" — this concerns...
[08:37:14] [spechunter] [Read] /home/yzs/riscv/XiangShan/src/main/scala/xiangshan/backend/fu/wrapper/CSR.scala
[08:37:14] [spechunter] [Read] /home/yzs/riscv/XiangShan/src/main/scala/device/AXI4Plic.scala
[08:37:14] [spechunter] [Read] /home/yzs/riscv/XiangShan/src/main/scala/xiangshan/backend/fu/NewCSR/CSRPermitModule.scala
[08:37:35] [spechunter] [text] I'll start by searching for the relevant PR and code locations related to CLIC IVT-mode interrupt handling
[08:37:35] [spechunter] [Bash] Check recent commits for the PR
[08:37:35] [spechunter] [Grep] pattern='clic|clint|claimi|clicintip|IVT|ivt'
[08:37:35] [spechunter] [Grep] pattern='clic|smivt|Smivt'
[08:37:57] [spechunter] [Grep] pattern='smivt|SMIVT|ivt'
[08:37:57] [spechunter] [Grep] pattern='xtvec|tvec_base|mtvec'
[08:37:57] [spechunter] [Grep] pattern='thead.*clic|thead.*c9xx|plic|PLIC'
[08:38:03] [spechunter] [Grep] pattern='aclic|ACLIC'
[08:38:03] [spechunter] [Grep] pattern='vtbase|VTBASE|vthandler|vt_base'
[08:38:03] [spechunter] [Grep] pattern='clear.*pending|pending.*clear|ipend.*clear|clear.*ipend'
[08:38:20] [spechunter] [Grep] pattern='CLIC|clic|Clic'
[08:38:20] [spechunter] [Grep] pattern='vectored.*interrupt|interrupt.*vectored'
[08:38:20] [spechunter] [Grep] pattern='interrupt.*pending|pending.*interrupt'
[08:38:22] [spechunter] [text] Let me search for the actual code related to this PR - it seems to be about a specific interrupt controller driver.  
[08:38:22] [spechunter] [Grep] pattern='clear.*int|pending.*clear|INTP_CLEAR|intpend|int_pend'
[08:38:22] [spechunter] [Grep] pattern='smivt|SMIVT|Smaia|sscofpmf|CLIC.*ivt|ivt.*mode'
[08:38:22] [spechunter] [Bash] Search git log for related commit messages
[08:38:32] [spechunter] [text] Now I have a comprehensive view of the codebase. Let me compile the results.  ```json {   "locations": [     {       "fi...
[08:38:38] [spechunter] [text] ```json {   "violation_condition": "In QEMU's emulation of smehv IVT (Interrupt Vector Table) mode: when the CPU takes a...
[08:38:38] [spechunter] [Read] /home/yzs/riscv/XiangShan/src/main/scala/xiangshan/backend/fu/NewCSR/TrapHandleModule.scala
[08:38:59] [spechunter] [Grep] pattern='xtveccsr|XtvecCSR|xtvec.*mode|XtvecMode|IVT|ivt|vectored'
[08:38:59] [spechunter] [Grep] pattern='interrupt|intr'
[08:38:59] [spechunter] [Agent] subagent_type, description
[08:39:05] [spechunter] [text] Let me search more specifically for the CLIC driver and related code.  
[08:39:05] [spechunter] [Bash] Search git log for related commits since 2025
[08:39:05] [spechunter] [Grep] pattern='xtvec|trap_vector|handle_exception|tvec_base|direct.*vec'
[08:39:05] [spechunter] [Grep] pattern='riscv.*intc.*handler|handle_fasteoi|handle_percpu|handle_level|chained_irq'
[08:39:11] [spechunter] [Grep] pattern='mivt|sivt|ivt_mode|IVT'
[08:39:11] [spechunter] [Grep] pattern='vtbase|VTBASE|vt_base'
[08:39:11] [spechunter] [Grep] pattern='IMSIC_EIP|IMSIC_eistate|eistate|imsic_set_eip|imsic_clear_eip'
[08:39:11] [spechunter] [Grep] pattern='riscv_cpu_do_interrupt'
[08:39:15] [spechunter] [Grep] pattern='TrapEntry|trapEntry|trap_entry'
[08:39:15] [spechunter] [Grep] pattern='ialign|IALIGN'
[08:39:28] [spechunter] [Grep] pattern='clicintip|clic_intip|claimi|CLICINTIP|CLIC_INTIP'
[08:39:28] [spechunter] [Grep] pattern='thead.*plic|thead.*intc|t-head|c910.*plic|c910.*intc|c906.*intc|c906.*plic|c920.*intc'
[08:39:28] [spechunter] [Glob] **/clic*
[08:39:28] [spechunter] [text] Good initial exploration. Let me now dig deeper into the specific trap handler code to understand exactly how interrupt ...
[08:39:28] [spechunter] [Read] /home/yzs/riscv/opensbi/lib/sbi/sbi_trap.c
[08:39:28] [spechunter] [Read] /home/yzs/riscv/opensbi/firmware/fw_base.S
[08:39:35] [spechunter] [Grep] pattern='vtbase|VTBASE|mivt|sivt'
[08:39:35] [spechunter] [Grep] pattern='vtbase|VTBASE|mivt|sivt'
[08:39:35] [spechunter] [Grep] pattern='riscv_cpu_do_interrupt'
[08:39:35] [spechunter] [Grep] pattern='vectored'
[08:39:35] [spechunter] [Grep] pattern='mtvec|stvec'
[08:39:35] [spechunter] [Grep] pattern='mip|pending'
[08:39:36] [spechunter] [Read] /home/yzs/riscv/XiangShan/src/main/scala/xiangshan/backend/fu/NewCSR/CSREvents/TrapEntryMEvent.scala
[08:39:36] [spechunter] [Read] /home/yzs/riscv/XiangShan/src/main/scala/xiangshan/backend/fu/NewCSR/CSREvents/TrapEntryHSEvent.scala
[08:39:36] [spechunter] [Read] /home/yzs/riscv/XiangShan/src/main/scala/xiangshan/backend/fu/NewCSR/CSREvents/TrapEntryVSEvent.scala
[08:39:36] [spechunter] [text] I notice the user didn't provide specific code locations to analyze. Let me check if there are any CLIC-related files or...
[08:39:36] [spechunter] [Bash] Check the tmp directory for PR-related files
[08:39:36] [spechunter] [Bash] Check available spec reference repos
[08:39:36] [spechunter] [Bash] Search for files added related to CLIC
[08:39:44] [spechunter] [text] Now let me check whether `mip` is read anywhere in the interrupt processing path, specifically in `sbi_irqchip_process()...
[08:39:44] [spechunter] [Read] /home/yzs/riscv/opensbi/lib/sbi/sbi_irqchip.c
[08:39:44] [spechunter] [Read] /home/yzs/riscv/opensbi/lib/sbi/sbi_ipi.c
[08:39:44] [spechunter] [Read] /home/yzs/riscv/opensbi/lib/sbi/sbi_timer.c
[08:39:55] [spechunter] [Read] /home/yzs/riscv/qemu/target/riscv/cpu_helper.c
[08:39:55] [spechunter] [Read] /home/yzs/riscv/qemu/target/riscv/csr.c
[08:39:55] [spechunter] [Read] /home/yzs/riscv/qemu/target/riscv/cpu_helper.c
[08:39:55] [spechunter] [Read] /home/yzs/riscv/qemu/target/riscv/csr.c
[08:39:55] [spechunter] [Read] /home/yzs/riscv/qemu/target/riscv/csr.c
[08:39:59] [spechunter] [text] Based on my analysis of the XiangShan RTL, here is the structured security specification:  ```json {   "violation_condit...
[08:40:05] [spechunter] [text] Now let me search systematically for all places where `CSR_MIP` or `mip` is read (not just written/cleared) in contexts ...
[08:40:05] [spechunter] [Grep] pattern='csr_read\\(CSR_MIP\\)'
[08:40:05] [spechunter] [Grep] pattern='csr_read\\(CSR_MIP'
[08:40:12] [spechunter] [Read] /home/yzs/riscv/qemu/target/riscv/cpu_helper.c
[08:40:12] [spechunter] [Grep] pattern='env->pc =|set_pc|*tvec'
[08:40:12] [spechunter] [Read] /home/yzs/riscv/qemu/target/riscv/cpu_helper.c
[08:40:12] [spechunter] [Grep] pattern='riscv_cpu_update_mip|mip'
[08:40:14] [spechunter] [TodoWrite] 5 items
[08:40:26] [spechunter] [Agent] description, prompt
[08:40:26] [spechunter] [Grep] pattern='smivt|Smivt|SMIVT|smIVT'
[08:40:26] [spechunter] [Grep] pattern='TrapHandleModule'
[08:40:26] [spechunter] [Grep] pattern='InterruptBundle'
[08:40:26] [spechunter] [Grep] pattern='vtbase|VTBASE|vt_base'
[08:40:26] [spechunter] [Grep] pattern='TrapEntry|trapEntry|trap_entry'
[08:40:26] [spechunter] [Grep] pattern='ACLIC_INT_PENDING|AclicIntPending|aclic_int_pending'
[08:40:26] [spechunter] [Grep] pattern='CLIC_IP|clic_ip|ClicIP'
[08:40:26] [spechunter] [Grep] pattern='CSR_mip|CSR_sip|CSR_mvip|CSR_hvip'
[08:40:34] [spechunter] [text] Let me start reading key files directly while the background agent searches.  
[08:40:34] [spechunter] [Glob] **/TrapHandleModule*.scala
[08:40:34] [spechunter] [Glob] **/TrapEntry*Event*.scala
[08:40:34] [spechunter] [Grep] pattern='TrapEntryMEvent|TrapEntryHSEvent|TrapEntryVSEvent'
[08:40:35] [spechunter] [text] Let me check the existing analysis files and the spec references for CLIC/Smivt.  
[08:40:35] [spechunter] [Read] /home/yzs/riscv/linux/tmp/smivt_violation_analysis.json
[08:40:35] [spechunter] [Bash] List fast interrupt spec reference files
[08:40:35] [spechunter] [Read] /home/yzs/riscv/linux/tmp/aclic_violation_report.json
[08:40:40] [spechunter] [Read] /home/yzs/riscv/qemu/target/riscv/cpu_helper.c
[08:40:40] [spechunter] [Grep] pattern='rmw_mip|write_mip|mip.*clear|clear.*pending|MIP_'
[08:40:40] [spechunter] [Grep] pattern='imsic.*claim|eip.*clear|eistate.*clear|set_eip|clear_eip|imsic.*interrupt.*clear'
[08:40:42] [spechunter] [Grep] pattern='imsic|IMSIC|eistate|EIP'
[08:40:42] [spechunter] [Grep] pattern='vectored|IVT|smehv'
[08:40:42] [spechunter] [Bash] Check if riscv_imsic.c exists
[08:40:42] [spechunter] [Grep] pattern='MIP_MSIP|MIP_MTIP|MIP_SSIP|MIP_STIP|mip.*clear|clear.*mip|acknowledge|claim'
[08:40:42] [spechunter] [Bash] List intc directory
[08:40:43] [spechunter] [text] Let me check the PMU overflow handler's use of `mip` and also the lightweight trap handler, plus the SSE implementation ...
[08:40:43] [spechunter] [Read] /home/yzs/riscv/opensbi/lib/sbi/sbi_pmu.c
[08:40:43] [spechunter] [Read] /home/yzs/riscv/opensbi/lib/sbi/sbi_expected_trap.S
[08:40:43] [spechunter] [Grep] pattern='csr_read\\(CSR_SIP\\)'
[08:40:49] [spechunter] [Read] /home/yzs/riscv/XiangShan/src/main/scala/xiangshan/backend/fu/NewCSR/TrapHandleModule.scala
[08:40:49] [spechunter] [Read] /home/yzs/riscv/XiangShan/src/main/scala/xiangshan/backend/fu/NewCSR/CSREvents/TrapEntryMEvent.scala
[08:40:49] [spechunter] [Read] /home/yzs/riscv/XiangShan/src/main/scala/xiangshan/backend/fu/NewCSR/CSREvents/TrapEntryHSEvent.scala
[08:40:49] [spechunter] [Read] /home/yzs/riscv/XiangShan/src/main/scala/xiangshan/backend/fu/NewCSR/CSREvents/TrapEntryVSEvent.scala
[08:40:49] [spechunter] [Read] /home/yzs/riscv/XiangShan/src/main/scala/xiangshan/backend/fu/NewCSR/CSREvents/TrapEntryDEvent.scala
[08:40:49] [spechunter] [Read] /home/yzs/riscv/XiangShan/src/main/scala/xiangshan/backend/fu/NewCSR/CSREvents/TrapEntryMNEvent.scala
[08:40:56] [spechunter] [text] Let me look for the actual PR/patch code and check the tmp directory for any location files or PR details.  
[08:40:56] [spechunter] [Bash] List files in tmp directory with sizes
[08:40:56] [spechunter] [Bash] Check recent commits touching riscv intc
[08:40:56] [spechunter] [Bash] Check for related branches
[08:40:58] [spechunter] [TodoWrite] 4 items
[08:41:04] [spechunter] [text] Let me check the trap entry assembly to understand what CSRs are captured at trap entry time, and also check the SSE imp...
[08:41:04] [spechunter] [Read] /home/yzs/riscv/opensbi/firmware/fw_base.S
[08:41:04] [spechunter] [Grep] pattern='pending|interrupt.*source|claim'
[08:41:05] [spechunter] [Grep] pattern='interruptPending|interrupt_pending|irq_pending|IntrPending|intrPending'
[08:41:05] [spechunter] [Grep] pattern='InterruptFilter|InterruptFilter'
[08:41:05] [spechunter] [Read] /home/yzs/riscv/XiangShan/src/main/scala/xiangshan/backend/fu/NewCSR/TrapHandleModule.scala
[08:41:05] [spechunter] [Read] /home/yzs/riscv/XiangShan/src/main/scala/xiangshan/backend/fu/NewCSR/InterruptBundle.scala
[08:41:05] [spechunter] [Read] /home/yzs/riscv/XiangShan/src/main/scala/xiangshan/backend/fu/NewCSR/CSREvents/TrapEntryEventInput.scala
[08:41:05] [spechunter] [Read] /home/yzs/riscv/XiangShan/src/main/scala/xiangshan/backend/fu/NewCSR/CSREvents/CSREvent.scala
[08:41:05] [spechunter] [text] Now let me trace the event pipeline more deeply — the CSREvent base, the InterruptFilter/Bundle, and the IVT vector tabl...
[08:41:05] [spechunter] [Read] /home/yzs/riscv/XiangShan/src/main/scala/xiangshan/backend/fu/NewCSR/CSREvents/CSREvent.scala
[08:41:05] [spechunter] [Grep] pattern='IVT|ivt|vector.*table|vectored.*mode|XtvecMode|mtvec.*mode'
[08:41:05] [spechunter] [Grep] pattern='InterruptFilter|InterruptBundle|interruptPending|irq_pending|ip_reg|ipReg'
[08:41:19] [spechunter] [Grep] pattern='claim|eistate|eip|EIP|seteip|SET*EIP'
[08:41:19] [spechunter] [Grep] pattern='claim|interrupt.*deliver|riscv_cpu_claim'
[08:41:19] [spechunter] [Grep] pattern='riscv_cpu_claim|claim'
[08:41:19] [spechunter] [Grep] pattern='smehv|xivt|IVT'
[08:41:19] [spechunter] [Read] /home/yzs/riscv/qemu/target/riscv/cpu_helper.c
[08:41:19] [spechunter] [Grep] pattern='smehv|vsbase|vstbase|vtbase|xivt|mivt|sivt'
[08:41:19] [spechunter] [Grep] pattern='IVT|ivt|_ivt'
[08:41:19] [spechunter] [Read] /home/yzs/riscv/XiangShan/src/main/scala/xiangshan/backend/fu/NewCSR/CSREvents/TrapEntryMEvent.scala
[08:41:19] [spechunter] [Read] /home/yzs/riscv/XiangShan/src/main/scala/xiangshan/backend/fu/NewCSR/CSREvents/TrapEntryHSEvent.scala
[08:41:19] [spechunter] [Read] /home/yzs/riscv/XiangShan/src/main/scala/xiangshan/backend/fu/NewCSR/InterruptFilter.scala
[08:41:23] [spechunter] [Read] /home/yzs/riscv/qemu/hw/intc/riscv_imsic.c
[08:41:23] [spechunter] [Grep] pattern='IMSIC_EISTATE_ENPEND|IMSIC_EISTATE_PENDING|ENPEND|EIP'
[08:41:23] [spechunter] [Grep] pattern='IMSIC_EISTATE_ENPEND|IMSIC_EISTATE_PENDING|ENPEND'
[08:41:23] [spechunter] [Grep] pattern='riscv_aplic|aplic.*claim|aplic.*eip'
[08:41:25] [spechunter] [Read] /home/yzs/riscv/XiangShan/src/main/scala/xiangshan/backend/fu/NewCSR/InterruptFilter.scala
[08:41:25] [spechunter] [Read] /home/yzs/riscv/XiangShan/src/main/scala/xiangshan/backend/fu/NewCSR/InterruptBundle.scala
[08:41:37] [spechunter] [text] Let me look at the spec reference and the key code files
[08:41:37] [spechunter] [Bash] List all spec adoc files for fast interrupt
[08:41:37] [spechunter] [Grep] pattern='claimi|clicintip|pending.*clear|clear.*pending|ivt.*mode|interrupt.*pending.*bit'
[08:41:37] [spechunter] [text] Now let me examine the key wiring in NewCSR.scala for the trap entry path and interrupt pending bit handling.  
[08:41:37] [spechunter] [Read] /home/yzs/riscv/XiangShan/src/main/scala/xiangshan/backend/fu/NewCSR/NewCSR.scala
[08:41:37] [spechunter] [Read] /home/yzs/riscv/XiangShan/src/main/scala/xiangshan/backend/fu/NewCSR/NewCSR.scala
[08:41:37] [spechunter] [Read] /home/yzs/riscv/XiangShan/src/main/scala/xiangshan/backend/fu/NewCSR/NewCSR.scala
[08:41:40] [spechunter] [Read] /home/yzs/riscv/rv-isa-sec/spec_ref/riscv-fast-interrupt/src/aclic.adoc
[08:41:43] [spechunter] [text] Now let me look at CSRAIA for ACLIC-specific logic and the NewCSR main module for how it all connects  
[08:41:43] [spechunter] [Read] /home/yzs/riscv/XiangShan/src/main/scala/xiangshan/backend/fu/NewCSR/CSRAIA.scala
[08:41:43] [spechunter] [text] Let me dig deeper into the PMU interrupt path and the Andes PMU.  
[08:41:43] [spechunter] [Read] /home/yzs/riscv/XiangShan/src/main/scala/xiangshan/backend/fu/NewCSR/NewCSR.scala
[08:41:43] [spechunter] [Read] /home/yzs/riscv/opensbi/platform/generic/andes/andes_pmu.c
[08:41:43] [spechunter] [Grep] pattern='trapEntry.*Event|trapHandleModule|interruptFilter|TrapEntryMEvent|TrapEntryHSEvent|TrapEntryVSEvent'
[08:41:43] [spechunter] [Grep] pattern='sbi_pmu_irq_bit|sbi_pmu_irq_mask|sbi_pmu_ovf_irq'
[08:41:43] [spechunter] [Read] /home/yzs/riscv/qemu/hw/intc/riscv_imsic.c
[08:41:44] [spechunter] [Grep] pattern='riscv_cpu_exec_interrupt|riscv_cpu_interrupt_pending|cpu_get_bcfien'
[08:41:44] [spechunter] [Grep] pattern='claim|complet|topei|topi'
[08:41:55] [spechunter] [text] Let me check the existing semantic finding for Smip and the IMSIC/APLIC irqchip drivers, since those implement the `proc...
[08:41:55] [spechunter] [Read] /home/yzs/riscv/opensbi/semantic_finding_smip_trap_handler.json
[08:41:55] [spechunter] [Glob] lib/utils/irqchip/**/*.c
[08:41:56] [spechunter] [Read] /home/yzs/riscv/qemu/analysis_smehv_xivt_trap_dispatch.json
[08:41:56] [spechunter] [Read] /home/yzs/riscv/qemu/hw/intc/riscv_imsic.c
[08:41:56] [spechunter] [Read] /home/yzs/riscv/qemu/hw/intc/riscv_imsic.c
[08:41:56] [spechunter] [Read] /home/yzs/riscv/qemu/hw/intc/riscv_imsic.c
[08:41:58] [spechunter] [Read] /home/yzs/riscv/XiangShan/src/main/scala/xiangshan/backend/fu/NewCSR/NewCSR.scala
[08:41:58] [spechunter] [Grep] pattern='InterruptBundle|InterruptPending|ipReg|ip_reg|pending.*clear|clear.*pending|writeIp|setIp|clearIp'
[08:42:06] [spechunter] [text] Now let me read the relevant kernel source code files to analyze the IVT-mode interrupt pending bit clearing.  
[08:42:06] [spechunter] [Read] /home/yzs/riscv/linux/drivers/irqchip/irq-riscv-intc.c
[08:42:06] [spechunter] [Read] /home/yzs/riscv/linux/arch/riscv/kernel/entry.S
[08:42:11] [spechunter] [Grep] pattern='riscv_do_nmi'
[08:42:11] [spechunter] [Read] /home/yzs/riscv/qemu/hw/intc/riscv_imsic.c
[08:42:11] [spechunter] [Grep] pattern='write_mip|update_mip|resolved|write_sip'
[08:42:11] [spechunter] [Read] /home/yzs/riscv/qemu/target/riscv/cpu_helper.c
[08:42:11] [spechunter] [Read] /home/yzs/riscv/qemu/target/riscv/cpu_helper.c
[08:42:11] [spechunter] [Grep] pattern='riscv_do_nmi'
[08:42:23] [spechunter] [Read] /home/yzs/riscv/qemu/target/riscv/cpu_helper.c
[08:42:23] [spechunter] [Read] /home/yzs/riscv/qemu/target/riscv/csr.c
[08:42:23] [spechunter] [Read] /home/yzs/riscv/qemu/target/riscv/csr.c
[08:42:23] [spechunter] [Grep] pattern='write_sip|write_sie|read_sip|read_sie'
[08:42:23] [spechunter] [Read] /home/yzs/riscv/qemu/target/riscv/cpu_helper.c
[08:42:28] [spechunter] [text] Now let me search for where interrupt pending bits are written/cleared during trap entry events
[08:42:28] [spechunter] [Grep] pattern='mip|mvip|sip|hvip|Interrupt.*Pending|ip.*clear|pending.*bit|irq.*pending'
[08:42:28] [spechunter] [Grep] pattern='class MipBundle|class SipBundle|class VSipBundle|class HipBundle|class HvipBundle|class MvipBundle'
[08:42:28] [spechunter] [Grep] pattern='addInEvent|addInEvent'
[08:42:29] [spechunter] [text] Now let me look at the MachineLevel and HypervisorLevel CSR definitions to see exactly how TrapEntryEvent outputs connec...
[08:42:29] [spechunter] [Grep] pattern='TrapEntryMEventSinkBundle|TrapEntryHSEventSinkBundle|TrapEntryVSEventSinkBundle|TrapEntryDEventSinkBundle|HasInterruptFilterSink'
[08:42:29] [spechunter] [Read] /home/yzs/riscv/XiangShan/src/main/scala/xiangshan/backend/fu/NewCSR/MachineLevel.scala
[08:42:37] [spechunter] [Read] /home/yzs/riscv/qemu/hw/intc/riscv_imsic.c
[08:42:37] [spechunter] [Read] /home/yzs/riscv/qemu/target/riscv/cpu_helper.c
[08:42:37] [spechunter] [Grep] pattern='scountinhibit|scofifo|cde'
[08:42:54] [spechunter] [Read] /home/yzs/riscv/qemu/analysis_smip_trap_swap_async.json
[08:42:54] [spechunter] [Grep] pattern='STIP.*clear|clear.*STIP|write_timecmp|sstc.*interrupt|riscv_timer_write_timecmp'
[08:42:54] [spechunter] [Read] /home/yzs/riscv/qemu/target/riscv/time_helper.c
[08:42:54] [spechunter] [Read] /home/yzs/riscv/qemu/hw/intc/riscv_aplic.c
[08:42:54] [spechunter] [Read] /home/yzs/riscv/qemu/target/riscv/csr.c
[08:42:54] [spechunter] [Grep] pattern='MSIP.*clear|MTIP.*clear|SSIP.*clear|timecmp|stimer'
[08:42:56] [spechunter] [Grep] pattern='mip|MipBundle|mipReg|ip_reg|ipReg|ip_'
[08:42:56] [spechunter] [Grep] pattern='sip|SipBundle'
[08:42:56] [spechunter] [Grep] pattern='vsip|hvip|VSipBundle|HvipBundle'
[08:42:56] [spechunter] [Grep] pattern='hip|hvip|HipBundle|HvipBundle|mvip'
[08:42:57] [spechunter] [text] Let me check the mip CSR module definition and see how it connects to trap event outputs, and also look for the `TrapEnt...
[08:42:57] [spechunter] [Grep] pattern='mip|Mip|MVip|mvip|sip|vsip|hip'
[08:42:57] [spechunter] [Grep] pattern='mip|Mip'
[08:42:57] [spechunter] [Grep] pattern='mip|vsip|hip'
[08:43:02] [spechunter] [Read] /home/yzs/riscv/XiangShan/src/main/scala/xiangshan/backend/fu/NewCSR/MachineLevel.scala
[08:43:04] [spechunter] [text] Let me look at the key interrupt handling paths and the relevant spec text more carefully
[08:43:04] [spechunter] [Read] /home/yzs/riscv/rv-isa-sec/spec_ref/riscv-fast-interrupt/src/aclic.adoc
[08:43:04] [spechunter] [Grep] pattern='do_irq|handle_riscv_irq|handle_arch_irq|set_handle_irq'
[08:43:04] [spechunter] [Grep] pattern='pending.*bit|interrupt.*pending|clears the'
[08:43:09] [spechunter] [text] Let me check the APLIC and IMSIC drivers, which implement `process_hwirqs`, to see if they read interrupt pending/claim ...
[08:43:09] [spechunter] [Read] /home/yzs/riscv/opensbi/lib/utils/irqchip/aplic.c
[08:43:09] [spechunter] [Read] /home/yzs/riscv/opensbi/lib/utils/irqchip/imsic.c
[08:43:32] [spechunter] [text] Now let me check for any smivt-specific files and the interrupt pending update path through IMSIC/ACLIC    
[08:43:32] [spechunter] [Grep] pattern='smivt|SMIVT|Smivt|Smivt'
[08:43:32] [spechunter] [Grep] pattern='clear.*pending|CLR_IRQ|clr_ip|clr_pending|ack.*interrupt|interrupt.*ack'
[08:43:33] [spechunter] [Grep] pattern='CPU_INTERRUPT_HARD|riscv_cpu_exec_interrupt|cpu_exec.*interrupt'
[08:43:33] [spechunter] [Read] /home/yzs/riscv/qemu/hw/intc/riscv_imsic.c
[08:43:33] [spechunter] [Grep] pattern='qemu_set_irq|external_irq|MIP_MEIP|MIP_SEIP'
[08:43:33] [spechunter] [Grep] pattern='set_irq|external_irqs|MIP_MEIP|MIP_SEIP'
[08:43:33] [spechunter] [Grep] pattern='cpu_set_irq|riscv_cpu_set_irq|qemu_irq_raise|qemu_irq_lower'
[08:43:40] [spechunter] [Grep] pattern='smivt'
[08:43:40] [spechunter] [Grep] pattern='mivt|sivt'
[08:43:40] [spechunter] [Grep] pattern='pending.*clear|clear.*pending|claim.*interrupt|interrupt.*claim'
[08:43:40] [spechunter] [Grep] pattern='riscv_cpu_claim_interrupts'
[08:43:40] [spechunter] [Read] /home/yzs/riscv/linux/drivers/irqchip/irq-riscv-aplic-direct.c
[08:43:40] [spechunter] [Grep] pattern='handle_fasteoi|handle_level|handle_percpu|claimi|CLAIMMI|eoi|EOI|set_handler'
[08:43:40] [spechunter] [Read] /home/yzs/riscv/linux/drivers/irqchip/irq-riscv-imsic-state.c
[08:43:43] [spechunter] [Read] /home/yzs/riscv/XiangShan/src/main/scala/xiangshan/backend/fu/NewCSR/MachineLevel.scala
[08:43:43] [spechunter] [Read] /home/yzs/riscv/XiangShan/src/main/scala/xiangshan/backend/fu/NewCSR/MachineLevel.scala
[08:43:49] [spechunter] [Read] /home/yzs/riscv/qemu/target/riscv/cpu.c
[08:43:49] [spechunter] [Grep] pattern='IRQ_M_SOFT|IRQ_M_TIMER|IRQ_M_EXT|mswi|mtimer'
[08:43:49] [spechunter] [Grep] pattern='MIP_MSIP|MIP_MTIP|write_mip|CSR_MIP|msip|mtimecmp'
[08:43:49] [spechunter] [Grep] pattern='write_mip|read_mip'
[08:43:54] [spechunter] [Grep] pattern='aclic|ACLIC'
[08:43:54] [spechunter] [Grep] pattern='XtvecMode|XtvecBundle|mtvec.*mode|Vectored'
[08:43:54] [spechunter] [Grep] pattern='XtvecMode'
[08:44:09] [spechunter] [Bash] Check recent commits on current branch
[08:44:09] [spechunter] [Bash] Check files changed in latest commit
[08:44:09] [spechunter] [Grep] pattern='mip.*clear|clear.*mip|env->mip.*&=|env->mip.*\\^='
[08:44:11] [spechunter] [Read] /home/yzs/riscv/XiangShan/src/main/scala/xiangshan/backend/fu/NewCSR/CSRBundles.scala
[08:44:11] [spechunter] [Read] /home/yzs/riscv/XiangShan/src/main/scala/xiangshan/backend/fu/NewCSR/CSRDefines.scala
[08:44:13] [spechunter] [Read] /home/yzs/riscv/qemu/hw/intc/riscv_aclint.c
[08:44:13] [spechunter] [Grep] pattern='mtimer_cb|timer_cb|time.*cb|timer.*irq'
[08:44:13] [spechunter] [Read] /home/yzs/riscv/qemu/hw/intc/riscv_aclint.c
[08:44:13] [spechunter] [Grep] pattern='rmw_mip|csrno.*MIP|CSR_MIP|write_mip'
[08:44:21] [spechunter] [Read] /home/yzs/riscv/qemu/target/riscv/csr.c
[08:44:21] [spechunter] [Read] /home/yzs/riscv/qemu/hw/intc/riscv_aclint.c
[08:44:21] [spechunter] [Grep] pattern='riscv_aclint_mtimer_cb'
[08:44:21] [spechunter] [Read] /home/yzs/riscv/qemu/hw/intc/riscv_aclint.c
[08:44:23] [spechunter] [Read] /home/yzs/riscv/XiangShan/src/main/scala/xiangshan/backend/fu/NewCSR/SupervisorLevel.scala
[08:44:23] [spechunter] [Read] /home/yzs/riscv/XiangShan/src/main/scala/xiangshan/backend/fu/NewCSR/VirtualSupervisorLevel.scala
[08:44:23] [spechunter] [Read] /home/yzs/riscv/XiangShan/src/main/scala/xiangshan/backend/fu/NewCSR/HypervisorLevel.scala
[08:44:48] [spechunter] [TodoWrite] 2 items
[08:45:04] [spechunter] [Read] /home/yzs/riscv/qemu/hw/intc/riscv_aclint.c
[08:45:04] [spechunter] [Grep] pattern='MIP_MSIP|MIP_SSIP|clear.*mip|software.*interrupt'
[08:45:04] [spechunter] [Grep] pattern='msip|ssip|software'
[08:45:06] [spechunter] [text] Let me verify one critical piece — that the sip and vsip CSR modules lack `TrapEntryEventSinkBundle` traits
[08:45:06] [spechunter] [Grep] pattern='sip|Sip'
[08:45:06] [spechunter] [Grep] pattern='vsip|VSip'
[08:45:15] [spechunter] [Grep] pattern='smivt|Smivt|ivt_mode|vtbase|VTBASE'
[08:45:15] [spechunter] [Grep] pattern='trapIsInterrupt|isInterrupt|\\.Interrupt'
[08:45:15] [spechunter] [Read] /home/yzs/riscv/XiangShan/src/main/scala/xiangshan/backend/fu/NewCSR/CSREvents/TrapEntryVSEvent.scala
[08:45:21] [spechunter] [text] Now I have a comprehensive picture. Let me compile the final finding.  Key analysis of the violation:  1. **The trap han...
[08:45:38] [spechunter] [Read] /home/yzs/riscv/qemu/hw/intc/riscv_imsic.c
[08:45:38] [spechunter] [Grep] pattern='gpio.*in|external.*irq|IRQ_M_EXT|IRQ_S_EXT'
[08:45:38] [spechunter] [Read] /home/yzs/riscv/qemu/target/riscv/cpu_bits.h
[08:45:38] [spechunter] [Grep] pattern='MODE.*vectored|tvec.*&amp; 1|tvec.*0x1'
[08:45:39] [spechunter] [text] Here is the comprehensive code-location report:  ```json {   "locations": [     {       "file_path": "target/riscv/cpu_h...
[08:45:41] [spechunter] [text] Now I have comprehensive results. Let me compile the full JSON output.  
[08:45:41] [spechunter] [Grep] pattern='hasTrap|trapIsInterrupt'
[08:45:41] [spechunter] [Grep] pattern='smivt|Smivt|IVT|ivt'
[08:45:54] [spechunter] [Read] /home/yzs/riscv/qemu/target/riscv/cpu_helper.c
[08:45:54] [spechunter] [Read] /home/yzs/riscv/qemu/target/riscv/cpu_helper.c
[08:45:59] [spechunter] [Grep] pattern='SxAIA|SMAIA|SSAIA|Smstateen|Smaia|Ssaia|smidctrl|ssidctrl|smivt|ssivt|aclic|ACLIC'
[08:45:59] [spechunter] [Grep] pattern='SxAIA|SMAIA|SSAIA|ACLIC|smidctrl|ssidctrl|smivt|ssivt|smstateen'
[08:46:25] [spechunter] [text] Now let me look at the actual code in the most critical files to verify the relevance of the top candidates.  
[08:46:25] [spechunter] [Read] /home/yzs/riscv/opensbi/firmware/fw_base.S
[08:46:25] [spechunter] [Read] /home/yzs/riscv/opensbi/lib/sbi/sbi_trap.c
[08:46:34] [spechunter] [Grep] pattern='smivt|SMIVT|sivt|SIVT'
[08:46:34] [spechunter] [Grep] pattern='ivt|IVT'
[08:46:56] [spechunter] [Grep] pattern='mtvt|mxtvec|mtvt2|miph|mvien|mvip|mtopei'
[08:46:56] [spechunter] [Grep] pattern='MTOP|CSR_MTOP|MTOPI|MTOPEI|MVIP|MVIEN|MIPH'
[08:47:00] [spechunter] [Read] /home/yzs/riscv/linux/drivers/irqchip/irq-riscv-imsic-state.c
[08:47:00] [spechunter] [Read] /home/yzs/riscv/linux/drivers/irqchip/irq-riscv-imsic-early.c
[08:47:13] [spechunter] [text] ```json {   "locations": [     {       "file_path": "src/main/scala/xiangshan/backend/fu/NewCSR/InterruptBundle.scala", ...
[08:47:25] [spechunter] [TodoWrite] 2 items
[08:47:28] [spechunter] [text] Prompt is too long
[08:47:50] [spechunter] [text] Let me verify the key locations directly before producing the final JSON
[08:47:50] [spechunter] [Read] /home/yzs/riscv/qemu/target/riscv/cpu_helper.c
[08:47:50] [spechunter] [Read] /home/yzs/riscv/qemu/target/riscv/cpu_helper.c
[08:48:08] [spechunter] [Read] /home/yzs/riscv/qemu/target/riscv/cpu_helper.c
[08:48:08] [spechunter] [Read] /home/yzs/riscv/qemu/target/riscv/cpu_helper.c
[08:48:08] [spechunter] [Read] /home/yzs/riscv/qemu/target/riscv/cpu_helper.c
[08:48:09] [spechunter] [text] Let me check the format of an existing findings file to match the JSON format.  
[08:48:09] [spechunter] [Read] /home/yzs/riscv/XiangShan/smivt_hw_vectoring_findings.json
[08:48:09] [spechunter] [Read] /home/yzs/riscv/opensbi/0001-lib-sbi_domain_context-Flush-TLB-after-SATP-mode-swi.patch
[08:48:09] [spechunter] [Bash] Check for existing IVT-related branches/commits
[08:48:09] [spechunter] [Read] /home/yzs/riscv/opensbi/lib/sbi/sbi_trap.c
[08:48:59] [spechunter] [text] Now let me check the IMSIC topei handler and the CSR mip write paths to confirm the software-only clearing mechanism.  
[08:48:59] [spechunter] [Read] /home/yzs/riscv/qemu/hw/intc/riscv_imsic.c
[08:48:59] [spechunter] [Read] /home/yzs/riscv/qemu/target/riscv/csr.c
[08:48:59] [spechunter] [Read] /home/yzs/riscv/qemu/target/riscv/cpu_helper.c
[08:49:16] [spechunter] [text] Now let me verify the remaining key locations for the interrupt paths that would be most directly affected.  
[08:49:16] [spechunter] [Read] /home/yzs/riscv/opensbi/lib/sbi/sbi_hart.c
[08:49:16] [spechunter] [Read] /home/yzs/riscv/opensbi/lib/sbi/sbi_timer.c
[08:49:16] [spechunter] [Read] /home/yzs/riscv/opensbi/lib/sbi/sbi_ipi.c
[08:49:38] [spechunter] [text] Now let me verify the migration, KVM, and GDB paths, plus check for any existing smehv-related code
[08:49:38] [spechunter] [Grep] pattern='vtbase|VTBASE|smehv|mivt|sivt|IVT'
[08:49:38] [spechunter] [Grep] pattern='vtbase|VTBASE|smehv|mivt|sivt'
[08:49:38] [spechunter] [Grep] pattern='mip|mie|mideleg'
[08:49:40] [spechunter] [Read] /home/yzs/riscv/opensbi/lib/sbi/sbi_ipi.c
[08:49:40] [spechunter] [Read] /home/yzs/riscv/opensbi/lib/sbi/sbi_pmu.c
[08:50:20] [spechunter] [text] Now I have a complete picture. Let me compile the findings.  
[08:50:20] [spechunter] [Write] /home/yzs/riscv/XiangShan/smivt_interrupt_pending_clear_findings.json
[08:50:23] [spechunter] [Read] /home/yzs/riscv/opensbi/include/sbi/riscv_encoding.h
[08:50:23] [spechunter] [Read] /home/yzs/riscv/opensbi/include/sbi/riscv_encoding.h
[08:50:23] [spechunter] [Read] /home/yzs/riscv/opensbi/lib/sbi/sbi_hart.c
[08:50:51] [spechunter] [Grep] pattern='mip|mie|mideleg|CSR'
[08:50:51] [spechunter] [Grep] pattern='mip|mie|mideleg|CSR|csr'
[08:50:51] [spechunter] [Grep] pattern='mip|mie'
[08:50:51] [spechunter] [Read] /home/yzs/riscv/opensbi/lib/sbi/sbi_irqchip.c
[08:50:51] [spechunter] [Grep] pattern='MVIEN|MVIP[^_]|MTOPEI|MTOPI[^_]|mtvien|mvtvec'
[08:51:13] [spechunter] [Grep] pattern='CSR_MTVT|CSR_MINT|CSR_MIDELEG|SMAIA|SSAIA'
[08:51:13] [spechunter] [Grep] pattern='smaia|ssaia|aia|aplic|imsic'
[08:51:43] [spechunter] [Grep] pattern='CSR_MIPH|MIPH'
[08:51:43] [spechunter] [Grep] pattern='mip|MIP|interrupt.*pend|pending|clear.*ipend|ipend.*clear'
[08:51:47] [spechunter] [Read] /home/yzs/riscv/qemu/target/riscv/cpu_helper.c
[08:51:47] [spechunter] [Read] /home/yzs/riscv/qemu/target/riscv/cpu_helper.c
[08:52:41] [spechunter] [text] ## Cross-Validation Analysis  **PR intent**: Smivt/IVT mode requires clearing interrupt pending bits on trap entry. The ...
[08:53:09] [spechunter] [TodoWrite] 7 items
[08:53:34] [spechunter] [Agent] description, subagent_type
[08:53:34] [spechunter] [Agent] description, subagent_type
[08:53:38] [spechunter] [text] Now I have all the evidence. Let me compile the final JSON report.  ```json {   "vulnerability": {     "title": "smehv I...
[08:53:54] [spechunter] [Bash] List top-level contents of spec_ref directory
[08:53:54] [spechunter] [Glob] **/*.{adoc,pdf,md,txt}
[08:53:54] [spechunter] [Grep] pattern='(?i)(clic|CLIC|aclic|ACLIC)'
[08:53:54] [spechunter] [Grep] pattern='(?i)(interrupt.*pending|pending.*interrupt|interrupt.*clear|clear.*pending|IVT|ivect|vectored.*interrupt)'
[08:53:55] [spechunter] [Bash] Check recent commits on current branch
[08:53:55] [spechunter] [Bash] Check what files were changed in the latest commit
[08:54:00] [spechunter] [text] Now I have a complete picture. Here's the final review:  ```json {   "locations": [     {"file": "firmware/fw_base.S", "...
[08:54:17] [spechunter] [Glob] **/TrapHandleModule.scala
[08:54:17] [spechunter] [Glob] **/TrapEntry*Event*.scala
[08:54:17] [spechunter] [Grep] pattern='IVT|vectored.*interrupt|interruptVector|vector.*table|vectored_table'
[08:54:17] [spechunter] [Grep] pattern='InterruptFilter|InterruptBundle'
[08:54:17] [spechunter] [Grep] pattern='ip_reg|ipReg|interruptPending|irq_pending'
[08:54:17] [spechunter] [Grep] pattern='CLIC|ACLIC|clic'
[08:54:18] [spechunter] [Glob] **/*.{adoc,md,txt,pdf}
[08:54:18] [spechunter] [Bash] Recursively list riscv-fast-interrupt directory
[08:54:23] [spechunter] [Bash] Check uncommitted changes
[08:54:23] [spechunter] [Bash] Check diff for riscv target files in latest commit
[08:54:42] [spechunter] [text] I need to find the actual code locations since the provided locations are empty placeholders. Let me search for the rele...
[08:54:42] [spechunter] [Bash] Check recent git history for Smivt commits
[08:54:42] [spechunter] [Grep] pattern='smivt|SMIVT|Smivt'
[08:54:42] [spechunter] [Bash] List available spec reference directories
[08:54:44] [spechunter] [text] Now let me verify the key locations mentioned in the fast-path set against actual code. The slow-path set is entirely em...
[08:54:44] [spechunter] [Grep] pattern='riscv_cpu_do_interrupt'
[08:54:44] [spechunter] [Grep] pattern='mivt|sivt'
[08:54:44] [spechunter] [Grep] pattern='MENVCFG_CDE'
[08:54:47] [spechunter] [Read] /home/yzs/riscv/XiangShan/src/main/scala/xiangshan/backend/fu/NewCSR/TrapHandleModule.scala
[08:54:47] [spechunter] [Read] /home/yzs/riscv/XiangShan/src/main/scala/xiangshan/backend/fu/NewCSR/CSREvents/TrapEntryMEvent.scala
[08:54:47] [spechunter] [Read] /home/yzs/riscv/XiangShan/src/main/scala/xiangshan/backend/fu/NewCSR/CSREvents/TrapEntryHSEvent.scala
[08:54:47] [spechunter] [Read] /home/yzs/riscv/XiangShan/src/main/scala/xiangshan/backend/fu/NewCSR/CSREvents/TrapEntryVSEvent.scala
[08:54:47] [spechunter] [Read] /home/yzs/riscv/XiangShan/src/main/scala/xiangshan/backend/fu/NewCSR/InterruptFilter.scala
[08:54:47] [spechunter] [Read] /home/yzs/riscv/XiangShan/src/main/scala/xiangshan/backend/fu/NewCSR/InterruptBundle.scala
[08:54:47] [spechunter] [Read] /home/yzs/riscv/XiangShan/src/main/scala/xiangshan/backend/fu/NewCSR/CSRAIA.scala
[08:54:47] [spechunter] [Read] /home/yzs/riscv/XiangShan/src/main/scala/xiangshan/backend/fu/NewCSR/StateEnBundle.scala
[08:54:47] [spechunter] [Read] /home/yzs/riscv/XiangShan/src/main/scala/xiangshan/backend/fu/NewCSR/CSREvents/TrapEntryDEvent.scala
[08:54:47] [spechunter] [Read] /home/yzs/riscv/XiangShan/src/main/scala/xiangshan/backend/fu/NewCSR/CSREvents/TrapEntryMNEvent.scala
[08:54:55] [spechunter] [Read] /home/yzs/riscv/rv-isa-sec/spec_ref/riscv-fast-interrupt/src/aclic.adoc
[08:54:55] [spechunter] [Read] /home/yzs/riscv/rv-isa-sec/spec_ref/riscv-fast-interrupt/src/chapter2.adoc
[08:54:55] [spechunter] [Read] /home/yzs/riscv/rv-isa-sec/spec_ref/riscv-fast-interrupt/src/intro.adoc
[08:54:55] [spechunter] [Read] /home/yzs/riscv/rv-isa-sec/spec_ref/riscv-fast-interrupt/test-plan-clic.adoc
[08:55:00] [spechunter] [Grep] pattern='\\bivt\\b|IVT|smivt|SMIVT'
[08:55:00] [spechunter] [Grep] pattern='pending.*clear|clear.*pending|interrupt.*pending|pending.*bit'
[08:55:00] [spechunter] [Bash] Check for any IVT-related branches
[08:55:09] [spechunter] [Grep] pattern='(?i)(pending|interrupt.*clear|clear.*interrupt|trap.*entry|hardware.*clear|hardware.*update)'
[08:55:09] [spechunter] [Grep] pattern='(?i)(IVT|vectored|ivt|mtvt|mtvec.*mode|vectored.*mode)'
[08:55:09] [spechunter] [Grep] pattern='(?i)(clic|CLIC|aclic|ACLIC|core.local)'
[08:55:09] [spechunter] [Grep] pattern='(?i)(pending|clear|trap|vectored|IVT|hardware)'
[08:55:13] [spechunter] [Bash] List Smivt spec reference
[08:55:13] [spechunter] [Bash] List ISA manual spec reference
[08:55:20] [spechunter] [text] Now let me verify the key code sections mentioned in the fast-path locations.  
[08:55:20] [spechunter] [Read] /home/yzs/riscv/qemu/target/riscv/cpu_helper.c
[08:55:20] [spechunter] [Read] /home/yzs/riscv/qemu/target/riscv/cpu_helper.c
[08:55:21] [spechunter] [Read] /home/yzs/riscv/rv-isa-sec/spec_ref/riscv-fast-interrupt/src/aclic.adoc
[08:55:21] [spechunter] [Read] /home/yzs/riscv/rv-isa-sec/spec_ref/riscv-fast-interrupt/src/aclic.adoc
[08:55:21] [spechunter] [Grep] pattern='(?i)(clears.*pending|pending.*cleared|claim|interrupt.*entry|trap.*entry|side.effects|trap.*behavior)'
[08:55:21] [spechunter] [Grep] pattern='(?i)(vectored.*mode|interrupt.*vector.*table|mtvt|CLIC.*pending|pending.*CLIC)'
[08:55:32] [spechunter] [Read] /home/yzs/riscv/XiangShan/src/main/scala/xiangshan/backend/fu/NewCSR/TrapHandleModule.scala
[08:55:32] [spechunter] [Grep] pattern='ip_reg|ipReg|interruptPending|irq_pending'
[08:55:32] [spechunter] [Grep] pattern='ip_reg|ipReg|interruptPending|irq_pending'
[08:55:32] [spechunter] [Grep] pattern='CLIC|ACLIC|clic|aclic'
[08:55:32] [spechunter] [Grep] pattern='IVT|vectored|interruptVector|VectorMode|vector_table|JVT|jvt'
[08:55:42] [spechunter] [text] Let me search more broadly for the Smivt/IVT related code and check if there's a pending PR.  
[08:55:42] [spechunter] [Bash] Check all branches for Smivt commits
[08:55:42] [spechunter] [Grep] pattern='mtvec|mtvt|mintstatus|mintthresh|mnscratch|mnxti|mnstatus|sncsrind|siselect|sireg'
[08:55:42] [spechunter] [Grep] pattern='mip.*read|csr_read.*mip|sip.*read|csr_read.*sip|interrupt_pending'
[08:55:54] [spechunter] [Grep] pattern='^=+'
[08:55:54] [spechunter] [Grep] pattern='(?i)(claim|complete|nx?ti|mnxti|snxti|xipopret|csrr[sic])"'
[08:55:54] [spechunter] [Grep] pattern='(?i)(CLIC|fast.interrupt|APLIC|IMSIC|aclic|interrupt.*controller)'
[08:55:57] [spechunter] [Grep] pattern='csr_read.*mip|csr_read.*sip|csr_read.MIE|mip_val|sip_val'
[08:55:57] [spechunter] [Grep] pattern='trap.*handler|handle_trap|trap_handler|sbi_trap'
[08:56:07] [spechunter] [Grep] pattern='(?i)(claim|complete|csrrw.*top|csrr.*top)'
[08:56:07] [spechunter] [Grep] pattern='(?i)(interrupt.*pending|pending.*interrupt|interrupt.*clear|clear.*pending|trap.*entry|fast.*interrupt|CLIC|aclic|interrupt.*controller)'
[08:56:07] [spechunter] [Grep] pattern='(?i)(interrupt.*pending|pending.*interrupt|interrupt.*clear|clear.*pending|trap.*entry|fast.*interrupt)'
[08:56:08] [spechunter] [Grep] pattern='JVT|jvt|Jvt|JumpVectorTable|jump.*vector'
[08:56:08] [spechunter] [Grep] pattern='Vectored|vectored|Direct|direct'
[08:56:08] [spechunter] [Grep] pattern='class.*TrapEntryEventInput'
[08:56:08] [spechunter] [Grep] pattern='strap|xtvec|tvtype|tvtval|stvecgen'
[08:56:17] [spechunter] [Grep] pattern='(?i)(level.sensitive|edge.sensitive|clears.*pending|software.*clear)'
[08:56:17] [spechunter] [Grep] pattern='(?i)(vectored|mtvt|direct.*mode|mtvec.*mode)"'
[08:56:17] [spechunter] [Read] /home/yzs/riscv/rv-isa-sec/spec_ref/riscv-fast-interrupt/test-plan-clic.adoc
[08:56:23] [spechunter] [Read] /home/yzs/riscv/XiangShan/src/main/scala/xiangshan/backend/fu/NewCSR/CSREvents/CSREvent.scala
[08:56:23] [spechunter] [Grep] pattern='TrapTvalMod|trapTval'
[08:56:23] [spechunter] [Read] /home/yzs/riscv/XiangShan/src/main/scala/xiangshan/backend/fu/NewCSR/CSRDefines.scala
[08:56:24] [spechunter] [Glob] **/*.adoc
[08:56:24] [spechunter] [Glob] **/*smivt*
[08:56:40] [spechunter] [Grep] pattern='Smivt|smivt|mnxti|MNTXI|mtvt|MTVT'
[08:56:41] [spechunter] [Read] /home/yzs/riscv/XiangShan/src/main/scala/xiangshan/backend/fu/NewCSR/TrapTvalMod.scala
[08:56:41] [spechunter] [Read] /home/yzs/riscv/XiangShan/src/main/scala/xiangshan/backend/fu/NewCSR/InterruptFilter.scala
[08:56:41] [spechunter] [Grep] pattern='mipReg|mipWire|mipMask'
[08:56:41] [spechunter] [Glob] **/NewCSR/InterruptNO.scala
[08:57:08] [spechunter] [Grep] pattern='object InterruptNO'
[08:57:08] [spechunter] [Grep] pattern='XtvecMode|Vectored|Direct'
[08:57:08] [spechunter] [Grep] pattern='InterruptNO'
[08:57:13] [spechunter] [Read] /home/yzs/riscv/opensbi/lib/sbi/sbi_trap.c
[08:57:13] [spechunter] [Read] /home/yzs/riscv/rv-isa-sec/spec_ref/riscv-fast-interrupt/src/aclic.adoc
[08:57:18] [spechunter] [Grep] pattern='(?i)(CLIC|clint|CLINT|legacy|transition|migration|backward)'
[08:57:18] [spechunter] [Grep] pattern='(?i)(CLIC|clic|aclic|ACLIC|pending|vector|IVT|interrupt)'
[08:57:18] [spechunter] [Glob] **/*.pdf
[08:57:18] [spechunter] [Grep] pattern='(?i)(interrupt.*pending.*clear|clear.*interrupt.*pending|claim.*pending|clears the corresponding)'
[08:57:23] [spechunter] [Grep] pattern='object InterruptNO'
[08:57:23] [spechunter] [Read] /home/yzs/riscv/XiangShan/src/main/scala/xiangshan/backend/fu/NewCSR/InterruptBundle.scala
[08:57:38] [spechunter] [Glob] **/NewCSR/InterruptFilter*.scala
[08:57:38] [spechunter] [Grep] pattern='def.*interrupt|trapEntry|TrapEntry|trapHandle|TrapHandle'
[08:57:40] [spechunter] [Read] /home/yzs/riscv/rv-isa-sec/spec_ref/riscv-fast-interrupt/src/aclic.adoc
[08:57:40] [spechunter] [Grep] pattern='(?i)(interrupt.*taken|trap.*entry|interrupt.*entry|on.*interrupt|clear.*pending|pending.*cleared|trap.*side.effects|trap.*required)'
[08:57:40] [spechunter] [Grep] pattern='(?i)(trap.*entry|trap.*behavior|interrupt.*behavior|required.*side.effect|side.effect.*trap)'
[08:57:45] [spechunter] [Read] /home/yzs/riscv/XiangShan/src/main/scala/xiangshan/backend/fu/NewCSR/CSREvents/CSREvent.scala
[08:57:47] [spechunter] [text] Now let me verify the remaining referenced locations for accuracy.  
[08:57:47] [spechunter] [Read] /home/yzs/riscv/qemu/target/riscv/cpu_helper.c
[08:57:47] [spechunter] [Read] /home/yzs/riscv/qemu/target/riscv/cpu_helper.c
[08:57:47] [spechunter] [Read] /home/yzs/riscv/qemu/hw/intc/riscv_imsic.c
[08:57:47] [spechunter] [Read] /home/yzs/riscv/qemu/hw/intc/riscv_imsic.c
[08:57:51] [spechunter] [text] Now let me look at the assembly-level trap entry points and the irqchip processing to see if any code reads pending bits...
[08:57:51] [spechunter] [Grep] pattern='sbi_trap_handler|trap_entry|_trap_handler'
[08:57:51] [spechunter] [Read] /home/yzs/riscv/opensbi/lib/sbi/sbi_irqchip.c
[08:57:58] [spechunter] [Grep] pattern='(?i)(ACLIC|CLIC|fast.interrupt|interrupt.*controller)'
[08:57:58] [spechunter] [Grep] pattern='(?i)(pending.*interrupt.*clear|clears.*corresponding|hardware.*does.*not.*clear|software.*responsible)'
[08:58:04] [spechunter] [Read] /home/yzs/riscv/qemu/target/riscv/csr.c
[08:58:04] [spechunter] [Read] /home/yzs/riscv/qemu/target/riscv/cpu_bits.h
[08:58:04] [spechunter] [Read] /home/yzs/riscv/qemu/target/riscv/cpu_helper.c
[08:58:04] [spechunter] [Read] /home/yzs/riscv/qemu/include/hw/intc/riscv_imsic.h
[08:58:05] [spechunter] [Read] /home/yzs/riscv/opensbi/firmware/fw_base.S
[08:58:14] [spechunter] [text] Let me verify whether IVT (Vector Trap) CSRs or functionality exist at all in this QEMU codebase - the core of the PR cl...
[08:58:14] [spechunter] [Grep] pattern='ivt|IVEc|vtvec'
[08:58:14] [spechunter] [Grep] pattern='ivt|IVEc|vtvec'
[08:58:14] [spechunter] [Grep] pattern='smivt|smaia|imsic'
[08:58:16] [spechunter] [Grep] pattern='(?i)(bit 53|stateen|fast|clic|aclic|interrupt.*fast)'
[08:58:16] [spechunter] [Read] /home/yzs/riscv/rv-isa-sec/spec_ref/riscv-fast-interrupt/src/aclic.adoc
[08:58:34] [spechunter] [text] Now let me also check the `sbi_ipi.c` file which was in the pending bit search results, and the `sbi_pmu.c` file for `mi...
[08:58:34] [spechunter] [Read] /home/yzs/riscv/opensbi/lib/sbi/sbi_ipi.c
[08:58:52] [spechunter] [text] Let me check the actual uncommitted changes that might be relevant context
[08:58:52] [spechunter] [Bash] Check uncommitted iommu diff
[08:58:52] [spechunter] [Bash] Check committed csr.c diff
[08:59:17] [spechunter] [text] Let me check the PMU code that reads `mip` and look for any code reading pending bits in interrupt context
[08:59:17] [spechunter] [Grep] pattern='csr_read.*MIP|csr_read.*mip|csr_read.*SIP|csr_read.*sip'
[08:59:17] [spechunter] [Grep] pattern='csr_read.*MIP|csr_read.*mip|csr_read.*SIP|csr_read.*sip'
[09:00:42] [spechunter] [text] Now I have a thorough understanding. Let me produce the final cross-validated location set.  **Key finding**: No IVT (mi...
[09:00:42] [spechunter] [Bash] Output final location set as JSON
[09:01:08] [spechunter] [text] ---  ## Cross-Validation Summary  **PR Context**: "Smivt: Clear interrupt pending bit in IVT mode upon trap" — adding ha...
[09:01:12] [spechunter] [Grep] pattern='mip|sip|pending'
[09:01:12] [spechunter] [Read] /home/yzs/riscv/opensbi/lib/sbi/sbi_pmu.c
[09:01:41] [spechunter] [text] Based on my thorough analysis of the OpenSBI codebase, here are my findings.  OpenSBI does **not** implement Smivt (IVT ...
[09:01:41] [spechunter] [Grep] pattern='clears the corresponding interrupt-pending'
[09:01:43] [spechunter] [Agent] description, subagent_type
[09:02:07] [spechunter] [Grep] pattern='vtbase|VTBASE|mivt|sivt'
[09:02:07] [spechunter] [Grep] pattern='vtbase|VTBASE|mivt|sivt'
[09:02:07] [spechunter] [Grep] pattern='vector.*table|vectored.*interrupt|interrupt.*vector.*mode|IVT|ivt'
[09:02:07] [spechunter] [Grep] pattern='vector_table_addr|vstvec|mtvec|stvec|TVAL'
[09:02:34] [spechunter] [text] Now I have a complete picture. Let me produce the final analysis.  ```json {   "findings": [     {       "file_path": "l...
[09:02:43] [spechunter] [Grep] pattern='smehv|SMEHV'
[09:02:43] [spechunter] [Grep] pattern='vectored|VECTORED|MTVEC_MODE_VECTORED'
[09:02:43] [spechunter] [Grep] pattern='mip|sip|pending.*clear|clear.*pending'
[09:02:43] [spechunter] [Grep] pattern='imsic|IMSIC'
[09:03:12] [spechunter] [Read] /home/yzs/riscv/qemu/target/riscv/cpu_helper.c
[09:03:12] [spechunter] [Read] /home/yzs/riscv/qemu/target/riscv/cpu_helper.c
[09:03:12] [spechunter] [Read] /home/yzs/riscv/qemu/target/riscv/csr.c
[09:03:12] [spechunter] [Grep] pattern='imsic|IMSIC'
[09:03:42] [spechunter] [TodoWrite] 8 items
[09:03:49] [spechunter] [Read] /home/yzs/riscv/qemu/hw/intc/riscv_imsic.c
[09:03:49] [spechunter] [Read] /home/yzs/riscv/qemu/hw/intc/riscv_imsic.h
[09:03:49] [spechunter] [Read] /home/yzs/riscv/qemu/target/riscv/csr.c
[09:03:49] [spechunter] [Grep] pattern='CSR_STVEC|read_stvec|write_stvec'
[09:03:50] [spechunter] [text] Let me now read the key source files in detail.  
[09:03:50] [spechunter] [Read] /home/yzs/riscv/XiangShan/src/main/scala/xiangshan/backend/fu/NewCSR/TrapHandleModule.scala
[09:03:50] [spechunter] [Read] /home/yzs/riscv/XiangShan/src/main/scala/xiangshan/backend/fu/NewCSR/CSREvents/TrapEntryMEvent.scala
[09:03:50] [spechunter] [Read] /home/yzs/riscv/XiangShan/src/main/scala/xiangshan/backend/fu/NewCSR/CSREvents/TrapEntryHSEvent.scala
[09:03:50] [spechunter] [Read] /home/yzs/riscv/XiangShan/src/main/scala/xiangshan/backend/fu/NewCSR/CSREvents/TrapEntryVSEvent.scala
[09:04:12] [spechunter] [text] Now let me read the InterruptFilter to understand interrupt pending clearing logic, and also check for IVT mode implemen...
[09:04:12] [spechunter] [Read] /home/yzs/riscv/XiangShan/src/main/scala/xiangshan/backend/fu/NewCSR/InterruptFilter.scala
[09:04:12] [spechunter] [Read] /home/yzs/riscv/rv-isa-sec/spec_ref/riscv-fast-interrupt/src/aclic.adoc
[09:04:31] [spechunter] [Read] /home/yzs/riscv/qemu/hw/intc/riscv_imsic.h
[09:04:31] [spechunter] [Read] /home/yzs/riscv/qemu/target/riscv/cpu_bits.h
[09:04:31] [spechunter] [Grep] pattern='CSR_MTVEC|write_mtvec|read_mtvec'
[09:04:31] [spechunter] [Grep] pattern='read_mtvec|write_mtvec|CSR_MTVEC'
[09:04:31] [spechunter] [Grep] pattern='riscv_cpu_do_interrupt'
[09:04:40] [spechunter] [text] Let me check a few more critical details - how `xtvec.mode` is used and whether IVT mode support exists in the codebase....
[09:04:40] [spechunter] [Grep] pattern='XtvecMode|xtvec\\.mode|Vectored|IVT|Smivt|vtoffset|vtbase|VTBASE'
[09:04:40] [spechunter] [Grep] pattern='ip_reg|ipReg|clearInterrupt|clearPending|clear.*interrupt|clear.*pending|interrupt.*clear'
[09:04:57] [spechunter] [Glob] **/riscv_imsic*.h
[09:04:57] [spechunter] [Grep] pattern='rmw_sip|rmw_mip|write_mip|read_mip'
[09:04:57] [spechunter] [Grep] pattern='claim|complete|eoi'
[09:04:57] [spechunter] [Grep] pattern='ISELECT_IMSIC_TOPEI|ISELECT_IMSIC_EIDELIVERY|ISELECT_IMSIC_EITHESHOLD|ISELECT_IMSIC_EIP'
[09:04:57] [spechunter] [Read] /home/yzs/riscv/qemu/analysis_smehv_xivt_trap_dispatch.json
[09:05:20] [spechunter] [Read] /home/yzs/riscv/qemu/include/hw/intc/riscv_imsic.h
[09:05:20] [spechunter] [Grep] pattern='riscv_cpu_claim_interrupts|miclaim'
[09:05:20] [spechunter] [Read] /home/yzs/riscv/qemu/target/riscv/cpu_helper.c
[09:05:20] [spechunter] [Grep] pattern='delegable_ints'
[09:05:40] [spechunter] [Read] /home/yzs/riscv/qemu/target/riscv/cpu_bits.h
[09:05:40] [spechunter] [Read] /home/yzs/riscv/qemu/target/riscv/cpu_bits.h
[09:05:40] [spechunter] [Grep] pattern='MVIEN|mvien|0x308'
[09:05:40] [spechunter] [Glob] analysis_smehv*
[09:05:52] [spechunter] [text] Let me check if there's any partial IVT implementation or related CSRs in the codebase.  
[09:05:52] [spechunter] [Grep] pattern='xivt|mivt|sivt|meivt|seivt|xeivt|VTMASK|vtbase|vtoffset|Smivt|Ssivt|IVT'
[09:05:52] [spechunter] [Read] /home/yzs/riscv/XiangShan/src/main/scala/xiangshan/backend/fu/NewCSR/CSRBundles.scala
[09:06:31] [spechunter] [Glob] analysis_*smehv*
[09:06:31] [spechunter] [Glob] analysis_smip*
[09:06:31] [spechunter] [Read] /home/yzs/riscv/qemu/hw/intc/riscv_aplic.c
[09:06:31] [spechunter] [Grep] pattern='claimi|CLAIMI|idelivery|iforce'
[09:06:40] [spechunter] [Read] /home/yzs/riscv/XiangShan/src/main/scala/xiangshan/backend/fu/NewCSR/CSRDefines.scala
[09:06:40] [spechunter] [Grep] pattern='class InterruptPendingBundle|InterruptPending|ipReg|mipReg'
[09:06:44] [spechunter] [Read] /home/yzs/riscv/qemu/analysis_smip_trap_swap_async.json
[09:06:44] [spechunter] [Read] /home/yzs/riscv/qemu/analysis_smip.json
[09:06:51] [spechunter] [Read] /home/yzs/riscv/XiangShan/src/main/scala/xiangshan/backend/fu/NewCSR/InterruptBundle.scala
[09:06:51] [spechunter] [Read] /home/yzs/riscv/XiangShan/src/main/scala/xiangshan/backend/fu/NewCSR/MachineLevel.scala
[09:07:26] [spechunter] [TodoWrite] 8 items
[09:08:45] [spechunter] [text] Now I have a complete picture. Let me synthesize all findings into the final audit
[09:08:45] [spechunter] [TodoWrite] 8 items
[09:08:51] [spechunter] [TodoWrite] 6 items
[09:09:10] [spechunter] [Read] /home/yzs/riscv/qemu/target/riscv/cpu_helper.c
[09:09:10] [spechunter] [Read] /home/yzs/riscv/qemu/target/riscv/csr.c
[09:09:10] [spechunter] [Read] /home/yzs/riscv/qemu/target/riscv/csr.c
[09:09:17] [spechunter] [TodoWrite] 6 items
[09:09:22] [spechunter] [Read] /home/yzs/riscv/qemu/target/riscv/cpu.h
[09:09:22] [spechunter] [Read] /home/yzs/riscv/qemu/hw/intc/riscv_imsic.c
[09:09:22] [spechunter] [Read] /home/yzs/riscv/qemu/target/riscv/machine.c
[09:09:34] [spechunter] [Read] /home/yzs/riscv/qemu/analysis_smehv_xivt_trap_dispatch.json
[09:09:34] [spechunter] [Agent] description, prompt
[09:09:50] [spechunter] [Bash] List full directory tree of spec_ref
[09:09:50] [spechunter] [Bash] List top-level files and dirs in spec_ref
[09:10:13] [spechunter] [Grep] pattern='smehv|SMEHV'
[09:10:13] [spechunter] [Grep] pattern='mivt|sivt'
[09:10:13] [spechunter] [Grep] pattern='hardware\\s*vectoring|vector\\s*table|interrupt\\s*vector\\s*table'
[09:10:13] [spechunter] [Grep] pattern='\\bIVT\\b'
[09:10:13] [spechunter] [Grep] pattern='pending.*clear|clear.*pending'
[09:10:13] [spechunter] [Grep] pattern='vectored.*interrupt|interrupt.*vectored'
[09:10:15] [spechunter] [text] Now I have all the information needed. Let me produce the final security audit.  **Key findings from the code analysis:*...
[09:10:47] [spechunter] [Read] /home/yzs/riscv/rv-isa-sec/spec_ref/riscv-fast-interrupt/src/aclic.adoc
[09:10:47] [spechunter] [Read] /home/yzs/riscv/rv-isa-sec/spec_ref/riscv-fast-interrupt/src/aclic.adoc
[09:10:47] [spechunter] [Read] /home/yzs/riscv/rv-isa-sec/spec_ref/riscv-fast-interrupt/src/aclic.adoc
[09:10:47] [spechunter] [Read] /home/yzs/riscv/rv-isa-sec/spec_ref/riscv-fast-interrupt/src/aclic.adoc
[09:10:53] [spechunter] [Read] /home/yzs/riscv/rv-isa-sec/spec_ref/riscv-fast-interrupt/src/aclic.adoc
[09:10:53] [spechunter] [Read] /home/yzs/riscv/rv-isa-sec/spec_ref/riscv-fast-interrupt/src/aclic.adoc
[09:12:03] [spechunter] [Read] /home/yzs/riscv/rv-isa-sec/spec_ref/riscv-fast-interrupt/src/aclic.adoc
[09:12:03] [spechunter] [Read] /home/yzs/riscv/rv-isa-sec/spec_ref/riscv-fast-interrupt/src/aclic.adoc
[09:12:03] [spechunter] [Read] /home/yzs/riscv/rv-isa-sec/spec_ref/riscv-fast-interrupt/src/aclic.adoc
[09:12:35] [spechunter] [TodoWrite] 6 items
[09:13:10] [spechunter] [text] Now let me verify the spec text for the pending-bit clearing requirement one more time to get exact line numbers
[09:13:10] [spechunter] [Read] /home/yzs/riscv/rv-isa-sec/spec_ref/riscv-fast-interrupt/src/aclic.adoc
[09:13:10] [spechunter] [Read] /home/yzs/riscv/rv-isa-sec/spec_ref/riscv-fast-interrupt/src/aclic.adoc
[09:15:11] [spechunter] [text] Now I have all the information needed to produce the final audit. Let me compile the findings
[09:15:11] [spechunter] [TodoWrite] 6 items
[09:16:21] [spechunter] [text] Based on the thorough analysis of all code locations, here is the complete security audit:  ```json {   "findings": [   ...
