[10:29:11] [spechunter] PR loaded: #2818 riscv/riscv-isa-manual — "Clarify that V is compatible with Zfinx"
[10:29:11] [spechunter]   diff: 2468 chars  body: 492 chars  reviews: 0
[10:29:11] [spechunter] Global pre-filter running...
[10:29:17] [spechunter] [text] ```json {"should_skip": false} ```
[10:29:18] [spechunter] pre-filter: should_skip=False reason=""
[10:29:25] [spechunter] [text] {"should_skip": false}
[10:29:29] [spechunter] [text] {"should_skip": false}
[10:29:30] [spechunter] [text] {"should_skip": true, "skip_reason": "ISA spec clarification about V extension compatibility with Zfinx/Zdinx — no impac...
[10:29:41] [spechunter] [text] {"should_skip": true, "skip_reason": "Spec documentation clarification about V extension compatibility with Zfinx/Zdinx;...
[10:29:41] [spechunter] [text] {"should_skip": true, "skip_reason": "Spec language clarification allowing V to depend on Zfinx/Zdinx instead of F/D; Zf...
[10:29:57] [spechunter] [text] ```json {   "violation_condition": "QEMU validates the V/Zve32f/Zve64f/Zve64d extension dependency strictly against misa...
[10:30:02] [spechunter] [Agent] description, subagent_type
[10:30:13] [spechunter] [TodoWrite] 5 items
[10:30:20] [spechunter] [Glob] sys/riscv/riscv/*.c
[10:30:20] [spechunter] [Glob] sys/riscv/riscv/*.S
[10:30:20] [spechunter] [Glob] sys/riscv/include/*.h
[10:30:20] [spechunter] [Glob] **/machine/fpu.h
[10:30:21] [spechunter] [Grep] pattern='vfmv\\.s\\.f|vfmv\\.f\\.s'
[10:30:21] [spechunter] [Grep] pattern='vfmv\\.s\\.h|vfmv\\.f\\.h'
[10:30:21] [spechunter] [Grep] pattern='Zve32f|Zve64f|Zve64d'
[10:30:21] [spechunter] [Grep] pattern='Zfinx|Zdinx|Zhinxmin'
[10:30:21] [spechunter] [Grep] pattern='Zvfh'
[10:30:21] [spechunter] [Grep] pattern='misa_ext_mask.*[VF].*[VF]|misa.*[DV].*dep|has_ext.*[FV].*[FV]|vext_check_dependencies.*F|!has_ext.*Zfinx.*V'
[10:30:27] [spechunter] [Grep] pattern='misa_ext_mask.*[VF]|misa.*[DV].*dep|vext_check_dependencies|validate_set_misa'
[10:30:27] [spechunter] [Grep] pattern='Zfinx|Zdinx|Zhinxmin|zhinx|zdinx|zfinx'
[10:30:27] [spechunter] [Grep] pattern='vfmv\\.s\\.f|vfmv\\.f\\.s|vfmv_s_f|vfmv_f_s|OPFVF|OPIVV'
[10:30:38] [spechunter] [Read] /home/yzs/riscv/freebsd-src/sys/riscv/riscv/swtch.S
[10:30:38] [spechunter] [Read] /home/yzs/riscv/freebsd-src/sys/riscv/riscv/genassym.c
[10:30:38] [spechunter] [Read] /home/yzs/riscv/freebsd-src/sys/riscv/include/pcb.h
[10:30:38] [spechunter] [Read] /home/yzs/riscv/freebsd-src/sys/riscv/include/riscvreg.h
[10:30:40] [spechunter] [text] Let me read the critical dependency-checking code and the vector instruction translation files.  
[10:30:40] [spechunter] [Read] /home/yzs/riscv/qemu/target/riscv/tcg/tcg-cpu.c
[10:30:40] [spechunter] [Read] /home/yzs/riscv/qemu/target/riscv/insn_trans/trans_rvv.c.inc
[10:30:40] [spechunter] [Read] /home/yzs/riscv/qemu/target/riscv/tcg/tcg-cpu.c
[10:30:51] [spechunter] [Read] /home/yzs/riscv/freebsd-src/sys/riscv/riscv/exec_machdep.c
[10:30:51] [spechunter] [Read] /home/yzs/riscv/freebsd-src/sys/riscv/riscv/machdep.c
[10:30:51] [spechunter] [Read] /home/yzs/riscv/freebsd-src/sys/riscv/riscv/trap.c
[10:30:51] [spechunter] [Read] /home/yzs/riscv/freebsd-src/sys/riscv/include/frame.h
[10:30:51] [spechunter] [Read] /home/yzs/riscv/freebsd-src/sys/riscv/riscv/identcpu.c
[10:30:53] [spechunter] [Grep] pattern='vext_check_dependencies|vext_check_.*ext|has_ext.*[VF].*V|V.*dep.*F|Zve32f|Zve64f|Zve64d'
[10:30:53] [spechunter] [Grep] pattern='Zfinx|Zdinx|Zhinx|zfinx|zdinx|zhinx'
[10:30:53] [spechunter] [Grep] pattern='Zfinx|Zdinx|Zhinx|zfinx|zdinx|zhinx'
[10:30:56] [spechunter] [text] Let me also check the `require_rvf` function, the `vfmv.f.s` trans function, and the `riscv_cpu_validate_v` function.  
[10:30:56] [spechunter] [Grep] pattern='require_rvf'
[10:30:56] [spechunter] [Grep] pattern='riscv_cpu_validate_v'
[10:30:56] [spechunter] [Grep] pattern='trans_vfmv_f_s'
[10:30:56] [spechunter] [Grep] pattern='ext_zve64d|ext_zve32f'
[10:31:03] [spechunter] [Read] /home/yzs/riscv/qemu/target/riscv/insn_trans/trans_rvv.c.inc
[10:31:03] [spechunter] [Read] /home/yzs/riscv/qemu/target/riscv/tcg/tcg-cpu.c
[10:31:03] [spechunter] [Read] /home/yzs/riscv/qemu/target/riscv/insn_trans/trans_rvv.c.inc
[10:31:13] [spechunter] [text] Now let me read the key dependency-checking code and the vector float move instruction translation.  
[10:31:13] [spechunter] [Read] /home/yzs/riscv/qemu/target/riscv/tcg/tcg-cpu.c
[10:31:13] [spechunter] [Grep] pattern='vfmv|opivx|opfvf|OPFVF|opivi|vfmv_f_s|vfmv_s_f|vfmv_f_h|vfmv_s_h'
[10:31:33] [spechunter] [text] Let me also check for misa extension masking involving V and F, and the KVM validation path.  
[10:31:33] [spechunter] [Grep] pattern='misa_ext.*V|misa.*RVV|RVV.*misa'
[10:31:33] [spechunter] [Grep] pattern='vext_set_dependencies|set_misa|Zve.*depend|Zve32f.*F[^a-z]|V.*extension.*require|V.*extension.*depend'
[10:31:33] [spechunter] [Read] /home/yzs/riscv/qemu/target/riscv/tcg/tcg-cpu.c
[10:31:33] [spechunter] [Grep] pattern='V.*misa|misa_mask.*V[^a-z]|misa_ext_mask.*V|V.*F.*misa'
[10:31:33] [spechunter] [Read] /home/yzs/riscv/freebsd-src/sys/riscv/riscv/ptrace_machdep.c
[10:31:34] [spechunter] [Read] /home/yzs/riscv/freebsd-src/sys/riscv/include/fpe.h
[10:31:34] [spechunter] [Read] /home/yzs/riscv/freebsd-src/sys/riscv/include/ucontext.h
[10:31:34] [spechunter] [Read] /home/yzs/riscv/freebsd-src/sys/riscv/riscv/vm_machdep.c
[10:31:34] [spechunter] [Grep] pattern='vector|v_start|vreg|vcsr|vtype|vlenb|VS_MASK|VS_SHIFT|STATUS_VS'
[10:31:34] [spechunter] [Grep] pattern='bhyve'
[10:31:34] [spechunter] [Grep] pattern='fpu|fpe_state|fpe_'
[10:31:54] [spechunter] [Read] /home/yzs/riscv/qemu/target/riscv/csr.c
[10:31:54] [spechunter] [Grep] pattern='vext_set_dependencies'
[10:31:54] [spechunter] [Grep] pattern='RVV.*RVD|RVV.*RVF|v_ext|V.*F.*dep'
[10:31:54] [spechunter] [Grep] pattern='vfmv_f_s|vfmv_s_f|gen_helper_vfmv|OPFVF1|OPFVF'
[10:31:54] [spechunter] [Grep] pattern='riscv_cpu_validate_v'
[10:31:57] [spechunter] [Grep] pattern='VS_SHIFT|VS_OFF|VS_INITIAL|VS_CLEAN|VS_DIRTY|SSTATUS_VS|VS_MASK'
[10:31:57] [spechunter] [Grep] pattern='HWCAP.*V|HWCAP.*v\\b|ISA_V|ext_v|V.ext'
[10:31:57] [spechunter] [Grep] pattern='vlenb|vstart|vcsr|vtype|vl\\b|vreg|vector.*reg|v_reg'
[10:31:57] [spechunter] [Read] /home/yzs/riscv/freebsd-src/sys/riscv/riscv/exception.S
[10:31:57] [spechunter] [Read] /home/yzs/riscv/freebsd-src/sys/riscv/riscv/sigtramp.S
[10:31:57] [spechunter] [Read] /home/yzs/riscv/freebsd-src/sys/riscv/include/reg.h
[10:32:04] [spechunter] [Read] /home/yzs/riscv/qemu/target/riscv/tcg/tcg-cpu.c
[10:32:04] [spechunter] [Read] /home/yzs/riscv/qemu/target/riscv/insn_trans/trans_rvv.c.inc
[10:32:10] [spechunter] [text] Let me look for the KVM V-extension dependency checks and the Zvfh configuration handling.  
[10:32:10] [spechunter] [Read] /home/yzs/riscv/qemu/target/riscv/kvm/kvm-cpu.c
[10:32:10] [spechunter] [Read] /home/yzs/riscv/qemu/target/riscv/kvm/kvm-cpu.c
[10:32:10] [spechunter] [Grep] pattern='ext_zvfh'
[10:32:13] [spechunter] [Grep] pattern='HWCAP_ISA|HWCAP_ISA_BIT'
[10:32:13] [spechunter] [Read] /home/yzs/riscv/freebsd-src/sys/riscv/include/elf.h
[10:32:13] [spechunter] [Grep] pattern='fpe_state|fpu|fpreg|fcsr|sstatus_fs|FS_DIRTY|FS_CLEAN|FS_INITIAL'
[10:32:13] [spechunter] [Glob] sys/riscv/vmm/*.c
[10:32:13] [spechunter] [Grep] pattern='HWCAP_ISA'
[10:32:27] [spechunter] [Grep] pattern='static bool trans_vfmv_f_s|static bool trans_vfmv_s_f|static bool trans_vfmv_f_h|static bool trans_vfmv_s_h'
[10:32:27] [spechunter] [Grep] pattern='static bool require_rvf|static bool opfvf_check'
[10:32:31] [spechunter] [Read] /home/yzs/riscv/freebsd-src/sys/riscv/vmm/vmm.c
[10:32:31] [spechunter] [Read] /home/yzs/riscv/freebsd-src/sys/riscv/vmm/vmm.c
[10:32:31] [spechunter] [Read] /home/yzs/riscv/freebsd-src/sys/riscv/vmm/vmm.c
[10:32:31] [spechunter] [Read] /home/yzs/riscv/freebsd-src/sys/riscv/vmm/vmm_riscv.c
[10:32:31] [spechunter] [Read] /home/yzs/riscv/freebsd-src/sys/riscv/riscv/fpe.c
[10:32:31] [spechunter] [Grep] pattern='HWCAP.*V\\b|ISA.*V\\b|ext.*[Vv]ect|V.*extension|Vector'
[10:32:35] [spechunter] [text] Now let me also check the KVM init validation and any Zve64f references.  
[10:32:35] [spechunter] [Grep] pattern='Zve64f|zve64f'
[10:32:35] [spechunter] [Read] /home/yzs/riscv/qemu/target/riscv/kvm/kvm-cpu.c
[10:32:35] [spechunter] [Read] /home/yzs/riscv/qemu/target/riscv/kvm/kvm-cpu.c
[10:32:35] [spechunter] [Read] /home/yzs/riscv/qemu/target/riscv/kvm/kvm-cpu.c
[10:32:44] [spechunter] [text] Let me check the misa_ext_mask setup for V and the crypto extension validation.  
[10:32:44] [spechunter] [Grep] pattern='RVV.*misa_ext_mask|misa_ext_mask.*RVV|misa_bits.*V[^a-z]'
[10:32:44] [spechunter] [Read] /home/yzs/riscv/qemu/target/riscv/tcg/tcg-cpu.c
[10:32:44] [spechunter] [Read] /home/yzs/riscv/qemu/target/riscv/tcg/tcg-cpu.c
[10:32:48] [spechunter] [Read] /home/yzs/riscv/qemu/target/riscv/insn_trans/trans_rvv.c.inc
[10:32:48] [spechunter] [Read] /home/yzs/riscv/qemu/target/riscv/insn_trans/trans_rvv.c.inc
[10:32:48] [spechunter] [Read] /home/yzs/riscv/qemu/target/riscv/insn_trans/trans_rvv.c.inc
[10:32:58] [spechunter] [text] Let me check the misa_ext_mask initialization and the D extension dependency on V, plus the `check_half_fp` function in ...
[10:32:58] [spechunter] [Read] /home/yzs/riscv/qemu/target/riscv/cpu.c
[10:32:58] [spechunter] [Grep] pattern='misa_ext_mask.*=|=.*misa_ext_mask'
[10:32:58] [spechunter] [Grep] pattern='check_half_fp|has_fp'
[10:33:10] [spechunter] [text] Now let me check more affected areas — the half-precision scalar move variants, CSR validation of misa extension bits, a...
[10:33:10] [spechunter] [Grep] pattern='vfmv\\.f\\.h|vfmv\\.s\\.h|vfmv_f_h|vfmv_s_h'
[10:33:10] [spechunter] [Grep] pattern='misa_ext_mask|misa_mxl_max'
[10:33:10] [spechunter] [Read] /home/yzs/riscv/qemu/target/riscv/tcg/tcg-cpu.c
[10:33:12] [spechunter] [Grep] pattern='HWCAP_ISA_BIT\\(\'v\'\\)|ISA.*\'v\'|ext_v|"v"'
[10:33:12] [spechunter] [Grep] pattern="case 'v'"
[10:33:12] [spechunter] [Read] /home/yzs/riscv/freebsd-src/sys/riscv/include/vmm.h
[10:33:12] [spechunter] [Grep] pattern='guestfpu|FPU|guest_fp|fpreg'
[10:33:12] [spechunter] [Read] /home/yzs/riscv/freebsd-src/sys/riscv/include/proc.h
[10:33:13] [spechunter] [Read] /home/yzs/riscv/qemu/target/riscv/tcg/tcg-cpu.c
[10:33:13] [spechunter] [Grep] pattern='V.*F.*dep|vext.*dep|cmd_ext_v_set'
[10:33:13] [spechunter] [Read] /home/yzs/riscv/qemu/disas/riscv.c
[10:33:20] [spechunter] [text] Let me look at the implied extension rules for V, and the Zvfhmin/Zfhmin dependency setup.  
[10:33:20] [spechunter] [Grep] pattern='implied.*ext_zvfh|implied.*zve64|implied.*zve32|implied.*ext_zfh'
[10:33:20] [spechunter] [Read] /home/yzs/riscv/qemu/target/riscv/cpu.c
[10:33:34] [spechunter] [text] Let me check the V extension's implied rules and the dependency setup for Zve32f.  
[10:33:34] [spechunter] [Grep] pattern='implied_misa_exts.*RVV|RVV.*implied|ZVE32F_IMPLIED'
[10:33:34] [spechunter] [Read] /home/yzs/riscv/qemu/target/riscv/cpu.c
[10:33:34] [spechunter] [Grep] pattern='implied_misa_exts = RV'
[10:33:39] [spechunter] [Grep] pattern='misa_ext_mask.*=|misa_ext_mask|target_misa_ext_mask'
[10:33:39] [spechunter] [Grep] pattern='misa_ext_mask'
[10:33:39] [spechunter] [Grep] pattern='mark_fs_dirty|mstatus_fs'
[10:33:47] [spechunter] [Grep] pattern='FCSR|fcsr|sstatus_fs|FS_'
[10:33:47] [spechunter] [Grep] pattern='vector|v_start|vreg|vcsr|vtype|vlenb|vstate'
[10:33:47] [spechunter] [Grep] pattern='zfinx|Zfinx|zdinx|Zdinx|zhinx|Zhinx'
[10:33:53] [spechunter] [TodoWrite] 5 items
[10:34:00] [spechunter] [text] No Zfinx/Zdinx/Zhinx awareness exists in the FreeBSD kernel at all. Let me dig deeper into the key code paths.  
[10:34:00] [spechunter] [Read] /home/yzs/riscv/freebsd-src/sys/riscv/riscv/swtch.S
[10:34:00] [spechunter] [Read] /home/yzs/riscv/freebsd-src/sys/riscv/riscv/exec_machdep.c
[10:34:00] [spechunter] [Read] /home/yzs/riscv/freebsd-src/sys/riscv/include/pcb.h
[10:34:00] [spechunter] [Read] /home/yzs/riscv/qemu/target/riscv/tcg/tcg-cpu.c
[10:34:00] [spechunter] [Grep] pattern='misa_ext_mask'
[10:34:07] [spechunter] [Grep] pattern='implied_misa_exts.*=.*RVV|RVV.*implied_misa|V_IMPLIED.*ext.*v[^a-z]|implied_exts.*RVV"'
[10:34:07] [spechunter] [Read] /home/yzs/riscv/qemu/target/riscv/cpu.c
[10:34:08] [spechunter] [Grep] pattern='rmw_misa|write_misa|MISA_MASK|validate_set_misa'
[10:34:08] [spechunter] [Read] /home/yzs/riscv/qemu/target/riscv/tcg/tcg-cpu.c
[10:34:13] [spechunter] [Read] /home/yzs/riscv/freebsd-src/sys/riscv/riscv/fpe.c
[10:34:13] [spechunter] [Grep] pattern='fpe_state_save|fpe_state_load|fpe_state_clear'
[10:34:13] [spechunter] [Grep] pattern='riscv_f|d_present|has_f|has_d|ext_F|ext_D|isa_ext|fpu_enable|sstatus_fs'
[10:34:13] [spechunter] [Read] /home/yzs/riscv/qemu/target/riscv/csr.c
[10:34:13] [spechunter] [Read] /home/yzs/riscv/qemu/target/riscv/machine.c
[10:34:21] [spechunter] [text] Let me check D's implied rules and the KVM validation chain.  
[10:34:21] [spechunter] [Read] /home/yzs/riscv/qemu/target/riscv/cpu.c
[10:34:21] [spechunter] [Grep] pattern='kvm.*validate.*ext|kvm.*check.*ext|kvm_cpu_realize|riscv_kvm_cpu_finalize'
[10:34:23] [spechunter] [Grep] pattern='riscv_cpu_validate_set_extensions\\b'
[10:34:23] [spechunter] [Grep] pattern='riscv_cpu_validate_set_extensions'
[10:34:23] [spechunter] [Grep] pattern='vfmv_f_h|vfmv_s_h|vfmv\\.f\\.h|vfmv\\.s\\.h'
[10:34:28] [spechunter] [text] Now let me check the validate_extensions function name precisely and the Zvfhmin dependency chain.  
[10:34:28] [spechunter] [Grep] pattern='riscv_cpu_validate_set_extensions|static void.*validate.*extension'
[10:34:28] [spechunter] [Grep] pattern='has_ext.*RVF.*V|has_ext.*RVV.*F|V.*Zfinx|Zfinx.*V'
[10:34:39] [spechunter] [Read] /home/yzs/riscv/freebsd-src/sys/riscv/riscv/trap.c
[10:34:39] [spechunter] [Read] /home/yzs/riscv/freebsd-src/sys/riscv/include/riscvreg.h
[10:34:40] [spechunter] [Grep] pattern='vfmv_f_h|vfmv_s_h|vfmv\\.f\\.h|vfmv\\.s\\.h'
[10:34:40] [spechunter] [Grep] pattern='gdb_read_register|gdb_write_register|gdb_register_coprocessor|riscv_gen_dynamic_csr_xml|csr_register'
[10:34:48] [spechunter] [text] Now let me check the GDB stub and the KVM Zve validation path.  
[10:34:48] [spechunter] [Grep] pattern='zve32f|zve64f|zve64d|Zve32f|Zve64f|Zve64d'
[10:34:48] [spechunter] [Grep] pattern='gdb_read_register|gdb_write_register|register_coprocessor|freg'
[10:34:55] [spechunter] [Read] /home/yzs/riscv/qemu/target/riscv/gdbstub.c
[10:34:55] [spechunter] [Grep] pattern='Zve.*KVM|kvm.*Zve|zve.*kvm|kvm.*zve'
[10:35:12] [spechunter] [Read] /home/yzs/riscv/qemu/target/riscv/gdbstub.c
[10:35:12] [spechunter] [Grep] pattern='cpu_fpr\\[|env->fpr\\['
[10:35:32] [spechunter] [text] ```json {   "violation_condition": "On a Zfinx/Zdinx system, FreeBSD kernel context-switch or signal-delivery code execu...
[10:35:34] [spechunter] [text] Now let me look at the `opfvf_trans` function and check the KVM vector register init path.  
[10:35:34] [spechunter] [Grep] pattern='static bool opfvf_trans|static bool opfvf_check\\b'
[10:35:54] [spechunter] [TodoWrite] 5 items
[10:36:13] [spechunter] [Grep] pattern='fpe_state_save|fpe_state_load|fpe_store|fpe_restore'
[10:36:13] [spechunter] [Grep] pattern='fsd\\s+f[0-9]+'
[10:36:13] [spechunter] [Grep] pattern='fld\\s+f[0-9]+'
[10:36:13] [spechunter] [Grep] pattern='PCB_X'
[10:36:17] [spechunter] [text] I'll search for all affected entities and vulnerability patterns in parallel across the key paths.  
[10:36:17] [spechunter] [Grep] pattern='fcsr'
[10:36:17] [spechunter] [Grep] pattern='sstatus\\.FS|SSTATUS_FS|sstatus_fs'
[10:36:17] [spechunter] [Grep] pattern='Zve32f|Zve64f|Zve64d|Zfinx|Zdinx'
[10:36:17] [spechunter] [Grep] pattern='f0|f1|f2|f3|f4|f5|f6|f7|f8|f9|f10|f11|f12|f13|f14|f15|f16|f17|f18|f19|f20|f21|f22|f23|f24|f25|f26|f27|f28|f29|f30|f31'
[10:36:17] [spechunter] [Grep] pattern='fsd\\s+f\\d+.*PCB|fld\\s+f\\d+.*PCB|fpe_state_save|fpe_state_load|__fpe_state_save|__fpe_state_load|fpe_store|fpe_restore'
[10:36:17] [spechunter] [Grep] pattern='fcsr|sstatus\\.FS|fpe_state|fpe_store|fpe_restore'
[10:36:25] [spechunter] [text] Now I have a complete picture of all the relevant locations. Here is the JSON report:  ```json {   "locations": [     { ...
[10:36:31] [spechunter] [text] Now let me read the key files in detail.  
[10:36:31] [spechunter] [Read] /home/yzs/riscv/freebsd-src/sys/riscv/riscv/swtch.S
[10:36:31] [spechunter] [Read] /home/yzs/riscv/freebsd-src/sys/riscv/riscv/fpe.c
[10:36:31] [spechunter] [Read] /home/yzs/riscv/freebsd-src/sys/riscv/include/fpe.h
[10:36:31] [spechunter] [Read] /home/yzs/riscv/freebsd-src/sys/riscv/riscv/exec_machdep.c
[10:36:31] [spechunter] [Read] /home/yzs/riscv/freebsd-src/sys/riscv/riscv/vm_machdep.c
[10:36:40] [spechunter] [TodoWrite] 5 items
[10:36:56] [spechunter] [text] Let me also check the `stand/` directory and `sys/conf/` for relevant references, and search for V extension related pat...
[10:36:56] [spechunter] [Grep] pattern='fcsr|fpe_state|SSTATUS_FS|fpe_store|fpe_restore|Zfinx|Zdinx|Zve32f|Zve64f|Zve64d'
[10:36:56] [spechunter] [Grep] pattern='fcsr|fpe_state|SSTATUS_FS|fpe_store|fpe_restore|Zfinx|Zdinx|Zve32f|Zve64f|Zve64d'
[10:36:56] [spechunter] [Grep] pattern='V\\s+extension|v.?extension|vector.*extension".*RISCV|HAS_V|has_vector'
[10:36:56] [spechunter] [Grep] pattern='mstatus\\.FS|MSTATUS_FS|mstatus_fs'
[10:36:56] [spechunter] [Grep] pattern='fsd|fld|fsw|flw|fmv|fcvt'
[10:36:56] [spechunter] [Grep] pattern='FP_X|PCB_X|fp_x|pcb_x'
[10:37:00] [spechunter] [text] Now let me trace the trap handling and other callers.  
[10:37:00] [spechunter] [Grep] pattern='fpe_state_save|fpe_state_clear|fpe_state_load'
[10:37:00] [spechunter] [Grep] pattern='fpe_enable|fpe_disable|fpe_store|fpe_restore'
[10:37:00] [spechunter] [Read] /home/yzs/riscv/freebsd-src/sys/riscv/riscv/trap.c
[10:37:00] [spechunter] [Read] /home/yzs/riscv/freebsd-src/sys/riscv/riscv/genassym.c
[10:37:07] [spechunter] [text] Let me read key files to get accurate function boundaries for the JSON output.  
[10:37:07] [spechunter] [Read] /home/yzs/riscv/freebsd-src/sys/riscv/riscv/fpe.c
[10:37:07] [spechunter] [Read] /home/yzs/riscv/freebsd-src/sys/riscv/riscv/swtch.S
[10:37:07] [spechunter] [Read] /home/yzs/riscv/freebsd-src/sys/riscv/riscv/exec_machdep.c
[10:37:07] [spechunter] [Read] /home/yzs/riscv/freebsd-src/sys/riscv/include/fpe.h
[10:37:11] [spechunter] [text] Now let me read the bhyve VMM code and check the PCB structure and exception.S.  
[10:37:11] [spechunter] [Read] /home/yzs/riscv/freebsd-src/sys/riscv/vmm/vmm.c
[10:37:11] [spechunter] [Read] /home/yzs/riscv/freebsd-src/sys/riscv/include/pcb.h
[10:37:11] [spechunter] [Grep] pattern='p_fsm|fpe_state|fpe_enable|fpe_disable|fpe_store|fpe_restore'
[10:37:11] [spechunter] [Grep] pattern='SSTATUS_FS|fsd|fld|fpe|fpreg'
[10:37:22] [spechunter] [text] Let me check the fpreg structure and look for more callers.  
[10:37:22] [spechunter] [Grep] pattern='struct fpreg'
[10:37:22] [spechunter] [Grep] pattern='savectx'
[10:37:22] [spechunter] [Grep] pattern='cpu_switch|fpe_state_save'
[10:37:22] [spechunter] [Grep] pattern='cpu_switch|fpe_state_save'
[10:37:34] [spechunter] [text] Let me cross-validate the key locations against the actual source before producing the final set.  
[10:37:34] [spechunter] [Read] /home/yzs/riscv/qemu/target/riscv/cpu.c
[10:37:34] [spechunter] [Read] /home/yzs/riscv/qemu/target/riscv/cpu.c
[10:37:34] [spechunter] [Read] /home/yzs/riscv/qemu/target/riscv/tcg/tcg-cpu.c
[10:37:34] [spechunter] [Read] /home/yzs/riscv/qemu/target/riscv/insn_trans/trans_rvv.c.inc
[10:37:39] [spechunter] [text] Let me also check a few more files for completeness.  
[10:37:39] [spechunter] [Read] /home/yzs/riscv/freebsd-src/sys/riscv/riscv/trap.c
[10:37:39] [spechunter] [Read] /home/yzs/riscv/freebsd-src/sys/riscv/riscv/vm_machdep.c
[10:37:39] [spechunter] [Read] /home/yzs/riscv/freebsd-src/sys/riscv/include/pcb.h
[10:37:39] [spechunter] [Read] /home/yzs/riscv/freebsd-src/sys/riscv/include/riscvreg.h
[10:37:39] [spechunter] [Read] /home/yzs/riscv/freebsd-src/sys/riscv/vmm/vmm_riscv.c
[10:37:39] [spechunter] [Read] /home/yzs/riscv/freebsd-src/sys/riscv/vmm/vmm.c
[10:37:47] [spechunter] [Read] /home/yzs/riscv/freebsd-src/sys/riscv/include/reg.h
[10:37:47] [spechunter] [Read] /home/yzs/riscv/freebsd-src/sys/riscv/riscv/mp_machdep.c
[10:37:47] [spechunter] [Read] /home/yzs/riscv/freebsd-src/sys/kern/kern_shutdown.c
[10:37:58] [spechunter] [Read] /home/yzs/riscv/qemu/target/riscv/tcg/tcg-cpu.c
[10:37:58] [spechunter] [Read] /home/yzs/riscv/qemu/target/riscv/tcg/tcg-cpu.c
[10:37:58] [spechunter] [Read] /home/yzs/riscv/qemu/target/riscv/tcg/tcg-cpu.c
[10:37:58] [spechunter] [Read] /home/yzs/riscv/qemu/target/riscv/tcg/tcg-cpu.c
[10:37:58] [spechunter] [Read] /home/yzs/riscv/qemu/target/riscv/tcg/tcg-cpu.c
[10:37:58] [spechunter] [Read] /home/yzs/riscv/qemu/target/riscv/insn_trans/trans_rvv.c.inc
[10:38:02] [spechunter] [Read] /home/yzs/riscv/freebsd-src/sys/riscv/include/reg.h
[10:38:02] [spechunter] [Read] /home/yzs/riscv/freebsd-src/sys/riscv/include/ucontext.h
[10:38:02] [spechunter] [Read] /home/yzs/riscv/freebsd-src/sys/riscv/include/encoding.h
[10:38:02] [spechunter] [Read] /home/yzs/riscv/freebsd-src/sys/riscv/riscv/genassym.c
[10:38:11] [spechunter] [text] Now let me check the bhyve VMM FP init and the VCPU guest FP save area setup.    
[10:38:11] [spechunter] [Grep] pattern='guestfpu|fpu_save_area|fpreg'
[10:38:11] [spechunter] [Grep] pattern='sstatus.*FS|FS_INITIAL|FS_CLEAN|FS_DIRTY|FS_OFF'
[10:38:16] [spechunter] [Read] /home/yzs/riscv/freebsd-src/sys/riscv/vmm/vmm.c
[10:38:16] [spechunter] [Read] /home/yzs/riscv/freebsd-src/sys/riscv/vmm/vmm_riscv.c
[10:38:57] [spechunter] [text] Now let me check the CSR paths and KVM paths briefly to confirm removals.  
[10:38:57] [spechunter] [Read] /home/yzs/riscv/qemu/target/riscv/csr.c
[10:38:57] [spechunter] [Read] /home/yzs/riscv/qemu/target/riscv/kvm/kvm-cpu.c
[10:38:57] [spechunter] [Grep] pattern='cpu_fpr\\['
[10:39:06] [spechunter] [text] Let me check for V extension context save code and other FP-related paths.  
[10:39:06] [spechunter] [Grep] pattern='vstate|v_reg|vcsr|vstart|vl|vtype|vlenb'
[10:39:06] [spechunter] [Grep] pattern='fcsr|frcsr|fscsr'
[10:39:06] [spechunter] [Grep] pattern='fcvt\\.d\\.l|fmv|fadd|fsub|fmul|fdiv'
[10:40:01] [spechunter] [TodoWrite] 5 items
[10:40:01] [spechunter] [text] Now I have all the data. Here's the complete JSON report:  ```json {   "locations": [     {       "file_path": "sys/risc...
[10:40:01] [spechunter] [text] Let me check the current state of the modified file to see if there's already a fix in progress.  
[10:40:01] [spechunter] [Bash] Check modified IOMMU file
[10:40:01] [spechunter] [Bash] Check all modified files
[10:41:17] [spechunter] [text] Now let me also check whether `require_rvf`/`require_rvfmin` actually work with Zfinx today due to how `mstatus_fs` is d...
[10:41:17] [spechunter] [Grep] pattern='mstatus_fs'
[10:41:17] [spechunter] [Grep] pattern='riscv_has_ext\\(env, RVF\\)'
[10:41:24] [spechunter] [text] Let me check how `mstatus_fs` is set in the translation context and also look for the `cpu_fpr` usage outside of vfmv.  
[10:41:24] [spechunter] [Grep] pattern='mstatus_fs'
[10:41:24] [spechunter] [Grep] pattern='cpu_fpr\\['
[10:41:26] [spechunter] [text] Let me check for Zfinx detection or mitigation code.  
[10:41:26] [spechunter] [Grep] pattern='zfinx|zdinx|Zfinx|Zdinx|FINX|DINX'
[10:41:26] [spechunter] [Grep] pattern='zfinx|zdinx|Zfinx|Zdinx'
[10:42:14] [spechunter] [text] Now I have a complete picture of the vulnerability. Let me check one more thing — the `fcvt.d.l` behavior on Zfinx for t...
[10:42:14] [spechunter] [Read] /home/yzs/riscv/freebsd-src/sys/riscv/vmm/vmm_riscv.c
[10:44:40] [spechunter] [text] Now I have all the information needed. Let me write the JSON report.  
[10:44:40] [spechunter] [Write] /home/yzs/riscv/freebsd-src/zabha_semantic_audit.json
[10:45:05] [spechunter] [Read] /home/yzs/riscv/freebsd-src/zabha_semantic_audit.json
[10:45:21] [spechunter] [text] Now I have complete source visibility. Let me produce the final cross-validated location set.  ```json {   "locations": ...
[10:45:40] [spechunter] [Grep] pattern='misa_ext_mask.*V.*F|misa.*D.*V.*dep|has_ext.*F.*V|vext_check_dependencies'
[10:45:40] [spechunter] [Grep] pattern='vfmv\\.s\\.f|vfmv\\.f\\.s'
[10:45:40] [spechunter] [Grep] pattern='Zfinx.*V|V.*Zfinx|zfinx.*vector|vector.*zfinx'
[10:45:40] [spechunter] [Grep] pattern='vfmv.*freg|vfmv.*f_reg|vfmv.*float'
[10:46:03] [spechunter] [Grep] pattern='vext_check|rvv_check|check_zve'
[10:46:03] [spechunter] [Grep] pattern='Zve32f|Zve64f|Zve64d|zve32f|zve64f|zve64d'
[10:46:03] [spechunter] [Grep] pattern='vfmv_s_f|vfmv_f_s|vfmv\\.f\\.s|vfmv\\.s\\.f'
[10:46:23] [spechunter] [Read] /home/yzs/riscv/qemu/target/riscv/tcg/tcg-cpu.c
[10:46:23] [spechunter] [Read] /home/yzs/riscv/qemu/target/riscv/insn_trans/trans_rvv.c.inc
[10:46:23] [spechunter] [Read] /home/yzs/riscv/qemu/target/riscv/insn_trans/trans_rvv.c.inc
[10:46:41] [spechunter] [Write] /home/yzs/riscv/freebsd-src/zabha_semantic_audit.json
[10:46:48] [spechunter] [Grep] pattern='static bool require_rvf'
[10:46:48] [spechunter] [Grep] pattern='riscv_cpu_validate_v'
[10:46:48] [spechunter] [Read] /home/yzs/riscv/qemu/target/riscv/insn_trans/trans_rvv.c.inc
[10:46:58] [spechunter] [TodoWrite] 5 items
[10:47:09] [spechunter] [Read] /home/yzs/riscv/qemu/target/riscv/tcg/tcg-cpu.c
[10:47:09] [spechunter] [Grep] pattern='Zve64d.*dependent|Zve64d.*implies|Zve64f.*implies|Zve32f.*implies|V.*implies|implies.*Zve|implies.*ext_zve'
[10:47:09] [spechunter] [Read] /home/yzs/riscv/qemu/target/riscv/cpu.c
[10:47:25] [spechunter] [text] Audit complete. Results written to `zabha_semantic_audit.json`. Here's the summary:  ## Zfinx/Zdinx FP-Aliasing Vulnerab...
[10:47:56] [spechunter] [Read] /home/yzs/riscv/qemu/target/riscv/cpu.c
[10:47:56] [spechunter] [Read] /home/yzs/riscv/qemu/target/riscv/insn_trans/trans_rvv.c.inc
[10:47:56] [spechunter] [Grep] pattern='implied_misa_exts = RVF|implied_misa_exts = RVD'
[10:47:56] [spechunter] [Read] /home/yzs/riscv/qemu/target/riscv/tcg/tcg-cpu.c
[10:48:11] [spechunter] [Grep] pattern='ZVE32F_IMPLIED|ZVE64F_IMPLIED|ZVE64D_IMPLIED|ZVFBFMIN_IMPLIED|ZVFH_IMPLIED|ZVFHMIN_IMPLIED'
[10:48:11] [spechunter] [Read] /home/yzs/riscv/qemu/target/riscv/internals.h
[10:48:11] [spechunter] [Grep] pattern='do_nanbox'
[10:48:26] [spechunter] [Read] /home/yzs/riscv/qemu/target/riscv/insn_trans/trans_rvv.c.inc
[10:48:26] [spechunter] [Grep] pattern='mark_fs_dirty'
[10:48:26] [spechunter] [Grep] pattern='cpu_fpr'
[10:50:14] [spechunter] [Read] /home/yzs/riscv/qemu/target/riscv/insn_trans/trans_rvv.c.inc
[10:50:14] [spechunter] [Read] /home/yzs/riscv/qemu/target/riscv/insn_trans/trans_rvv.c.inc
[10:50:14] [spechunter] [Grep] pattern='implied_misa_exts.*RVF|implied_misa_exts.*RVD'
[10:50:14] [spechunter] [Grep] pattern='vmstate.*vector|vmstate.*vreg|vmstate.*riscv.*vector'
[10:50:47] [spechunter] [Read] /home/yzs/riscv/qemu/target/riscv/insn_trans/trans_rvf.c.inc
[10:50:47] [spechunter] [Grep] pattern='ext_zve32f|ext_zve64f|ext_zve64d|ext_zve32x|ext_zve64x'
[10:50:47] [spechunter] [Read] /home/yzs/riscv/qemu/target/riscv/tcg/tcg-cpu.c
[10:51:18] [spechunter] [text] ## Cross-Validation Analysis  ### Critical Assessment  This PR is a **spec-level clarification** in the RISC-V ISA manua...
[10:51:21] [spechunter] [Read] /home/yzs/riscv/qemu/target/riscv/insn_trans/trans_rvv.c.inc
[10:51:21] [spechunter] [Grep] pattern='mark_fs_dirty|require_rvf|require_rvfmin'
[10:51:36] [spechunter] [Grep] pattern='fpe_state_save|fpe_state_load|fpe_store|fpe_restore'
[10:51:36] [spechunter] [Grep] pattern='fsd\\s+f[0-9]+|fld\\s+f[0-9]+'
[10:51:36] [spechunter] [Grep] pattern='PCB_X|pcb_x|pcb_fp'
[10:51:49] [spechunter] [Read] /home/yzs/riscv/freebsd-src/sys/riscv/riscv/swtch.S
[10:51:49] [spechunter] [Read] /home/yzs/riscv/freebsd-src/sys/riscv/riscv/fpe.c
[10:51:49] [spechunter] [Read] /home/yzs/riscv/freebsd-src/sys/riscv/include/fpe.h
[10:51:49] [spechunter] [Read] /home/yzs/riscv/freebsd-src/sys/riscv/riscv/exec_machdep.c
[10:51:49] [spechunter] [Read] /home/yzs/riscv/freebsd-src/sys/riscv/riscv/vm_machdep.c
[10:51:49] [spechunter] [Read] /home/yzs/riscv/freebsd-src/sys/riscv/include/pcb.h
[10:52:00] [spechunter] [text] Now let me check the genassym.c for the PCB_FCSR and PCB_X offset definitions, and also the vmm.c and trap.c files.  
[10:52:00] [spechunter] [Read] /home/yzs/riscv/freebsd-src/sys/riscv/riscv/genassym.c
[10:52:00] [spechunter] [Read] /home/yzs/riscv/freebsd-src/sys/riscv/riscv/trap.c
[10:52:31] [spechunter] [text] Let me also check the vmm code and the boot initialization for FPE handling.  
[10:52:31] [spechunter] [Grep] pattern='fpe|fsd|fld|fscsr|frcsr|SSTATUS_FS'
[10:52:31] [spechunter] [Grep] pattern='fpe|fsd|fld|SSTATUS_FS'
[10:52:31] [spechunter] [Grep] pattern='Zfinx|zfinx|zdinx|Zdinx'
[10:52:46] [spechunter] [text] Now let me look at how the implied extension rules are applied during CPU realize.  
[10:52:46] [spechunter] [Grep] pattern='implied_exts.*apply|apply.*implied|riscv_cpu_apply_implied'
[10:52:46] [spechunter] [Grep] pattern='implied_misa_exts'
[10:53:18] [spechunter] [Grep] pattern='implied_exts|IMPLIED_EXTS|implied_exts_rules'
[10:53:21] [spechunter] [Read] /home/yzs/riscv/qemu/target/riscv/tcg/tcg-cpu.c
[10:53:41] [spechunter] [Read] /home/yzs/riscv/qemu/target/riscv/tcg/tcg-cpu.c
[10:53:41] [spechunter] [Read] /home/yzs/riscv/qemu/target/riscv/tcg/tcg-cpu.c
[10:53:51] [spechunter] [Grep] pattern='misa|isa_ext|ISA_F|ISA_D|FPE|fpe'
[10:53:51] [spechunter] [Grep] pattern='misa|ISA_F|ISA_D|fpe'
[10:53:55] [spechunter] [Read] /home/yzs/riscv/freebsd-src/sys/riscv/vmm/vmm.c
[10:54:34] [spechunter] [text] Now I have a complete picture of the codebase. Let me analyze the Zfinx/Zdinx compatibility issue across all relevant co...
[10:54:34] [spechunter] [Grep] pattern='fpe_enable|fpe_disable|fpe_state'
[10:56:02] [spechunter] [text] Now I have a thorough understanding of the issue. Let me produce the findings.  ```json {   "findings": [     {       "f...
[10:57:33] [spechunter] [text] Now I have a complete picture. Let me produce the analysis.  ```json {   "findings": [     {       "file_path": "sys/ris...
[07:59:50] [spechunter] PR loaded: #2818 riscv/riscv-isa-manual — "Clarify that V is compatible with Zfinx"
[07:59:50] [spechunter]   diff: 2468 chars  body: 492 chars  reviews: 0
[07:59:50] [spechunter] Global pre-filter running...
[08:00:00] [spechunter] [text] API Error: 400 {"detail":"Error code: 400 - {'detail': 'Rate limit exceeded for team: AI_PRD_SELF-ygOCagDg1IJPqSZyFTZ2lU...
[08:00:02] [spechunter] pre-filter: should_skip=False reason=""
[08:00:03] [spechunter] [text] API Error: 400 {"detail":"Error code: 400 - {'detail': 'Rate limit exceeded for team: AI_PRD_SELF-ygOCagDg1IJPqSZyFTZ2lU...
[08:00:03] [spechunter] [text] API Error: 400 {"detail":"Error code: 400 - {'detail': 'Rate limit exceeded for team: AI_PRD_SELF-ygOCagDg1IJPqSZyFTZ2lU...
[08:00:04] [spechunter] [text] API Error: 400 {"detail":"Error code: 400 - {'detail': 'Rate limit exceeded for team: AI_PRD_SELF-ygOCagDg1IJPqSZyFTZ2lU...
[08:00:06] [spechunter] [text] API Error: 400 {"detail":"Error code: 400 - {'detail': 'Rate limit exceeded for team: AI_PRD_SELF-ygOCagDg1IJPqSZyFTZ2lU...
[08:00:06] [spechunter] [text] API Error: 400 {"detail":"Error code: 400 - {'detail': 'Rate limit exceeded for team: AI_PRD_SELF-ygOCagDg1IJPqSZyFTZ2lU...
[08:00:11] [spechunter] [text] API Error: 400 {"detail":"Error code: 400 - {'detail': 'Rate limit exceeded for team: AI_PRD_SELF-ygOCagDg1IJPqSZyFTZ2lU...
[08:00:12] [spechunter] [text] API Error: 400 {"detail":"Error code: 400 - {'detail': 'Rate limit exceeded for team: AI_PRD_SELF-ygOCagDg1IJPqSZyFTZ2lU...
[08:00:13] [spechunter] [text] API Error: 400 {"detail":"Error code: 400 - {'detail': 'Rate limit exceeded for team: AI_PRD_SELF-ygOCagDg1IJPqSZyFTZ2lU...
[08:00:15] [spechunter] [text] API Error: 400 {"detail":"Error code: 400 - {'detail': 'Rate limit exceeded for team: AI_PRD_SELF-ygOCagDg1IJPqSZyFTZ2lU...
[08:00:15] [spechunter] [text] API Error: 400 {"detail":"Error code: 400 - {'detail': 'Rate limit exceeded for team: AI_PRD_SELF-ygOCagDg1IJPqSZyFTZ2lU...
[08:00:16] [spechunter] [text] API Error: 400 {"detail":"Error code: 400 - {'detail': 'Rate limit exceeded for team: AI_PRD_SELF-ygOCagDg1IJPqSZyFTZ2lU...
[08:00:16] [spechunter] [text] API Error: 400 {"detail":"Error code: 400 - {'detail': 'Rate limit exceeded for team: AI_PRD_SELF-ygOCagDg1IJPqSZyFTZ2lU...
[08:00:16] [spechunter] [text] API Error: 400 {"detail":"Error code: 400 - {'detail': 'Rate limit exceeded for team: AI_PRD_SELF-ygOCagDg1IJPqSZyFTZ2lU...
[08:00:18] [spechunter] [text] API Error: 400 {"detail":"Error code: 400 - {'detail': 'Rate limit exceeded for team: AI_PRD_SELF-ygOCagDg1IJPqSZyFTZ2lU...
[08:00:20] [spechunter] [text] API Error: 400 {"detail":"Error code: 400 - {'detail': 'Rate limit exceeded for team: AI_PRD_SELF-ygOCagDg1IJPqSZyFTZ2lU...
[08:00:21] [spechunter] [text] API Error: 400 {"detail":"Error code: 400 - {'detail': 'Rate limit exceeded for team: AI_PRD_SELF-ygOCagDg1IJPqSZyFTZ2lU...
[08:00:27] [spechunter] [text] API Error: 400 {"detail":"Error code: 400 - {'detail': 'Rate limit exceeded for team: AI_PRD_SELF-ygOCagDg1IJPqSZyFTZ2lU...
[08:00:27] [spechunter] [text] API Error: 400 {"detail":"Error code: 400 - {'detail': 'Rate limit exceeded for team: AI_PRD_SELF-ygOCagDg1IJPqSZyFTZ2lU...
[08:00:27] [spechunter] [text] API Error: 400 {"detail":"Error code: 400 - {'detail': 'Rate limit exceeded for team: AI_PRD_SELF-ygOCagDg1IJPqSZyFTZ2lU...
[08:00:43] [spechunter] [Grep] pattern='Zfinx'
[08:00:43] [spechunter] [Grep] pattern='zfinx'
[08:00:43] [spechunter] [Grep] pattern='has_float.*vector|vector.*float|zfinx.*vector|vector.*zfinx'
[08:00:51] [spechunter] [Bash] View recent commits for PR context
[08:00:51] [spechunter] [Bash] Check what files changed in the most recent commit
[08:00:51] [spechunter] [Grep] pattern='Zfinx|zfinx'
[08:00:53] [spechunter] [text] I need to search the XiangShan RTL codebase for locations affected by this spec change (V extension depending on F vs Zf...
[08:00:53] [spechunter] [Agent] description, subagent_type
[08:00:57] [spechunter] [TodoWrite] 5 items
[08:01:12] [spechunter] [text] Since both fast-path and slow-path sets are empty, I need to search the FreeBSD kernel for code locations relevant to th...
[08:01:12] [spechunter] [Agent] description, subagent_type
[08:01:13] [spechunter] [text] Let me filter to the actual kernel source tree and look at the key files
[08:01:13] [spechunter] [Grep] pattern='Zfinx|zfinx'
[08:01:13] [spechunter] [Grep] pattern='Zfinx|zfinx'
[08:01:13] [spechunter] [Grep] pattern='Zfinx|zfinx'
[08:01:13] [spechunter] [Grep] pattern='Zfinx|zfinx'
[08:01:13] [spechunter] [Grep] pattern='Zfinx|zfinx'
[08:01:17] [spechunter] [Bash] Check all branches
[08:01:17] [spechunter] [Bash] Check diff of the domain context file
[08:01:17] [spechunter] [Bash] View the full commit message of HEAD
[08:01:25] [spechunter] [Agent] description, subagent_type
[08:01:26] [spechunter] [Grep] pattern='Zfinx|zfinx|ZFINX'
[08:01:26] [spechunter] [Grep] pattern='hasF|HasFp|hasFP|HasFloat'
[08:01:26] [spechunter] [Grep] pattern='[Vv]ector.*[Ff]loat|[Ff]loat.*[Vv]ector|[Vv].*[Ff]loat|VFloating|VFloat'
[08:01:26] [spechunter] [Grep] pattern='MISA.*[VF]|[VF].*MISA|isaString|isa_string|IscStr'
[08:01:26] [spechunter] [Grep] pattern='HasV|hasV|has_v|vPresent|V_present|vectorEnable'
[08:01:38] [spechunter] [text] Let me also search for the V-extension float validation logic and how it handles the F dependency, since the PR concerns...
[08:01:38] [spechunter] [Grep] pattern='riscv_ext_vector_float_validate|ext_vector_float'
[08:01:38] [spechunter] [Grep] pattern='ZVE.*[Ff]|zve.*float|CONFIG_FPU.*vector|vector.*CONFIG_FPU'
[08:01:38] [spechunter] [Grep] pattern='riscv_isa_extension_available.*F|riscv_has_extension.*F|RISCV_ISA_EXT_f'
[08:01:50] [spechunter] [text] Now let me read the core validation function and the surrounding code
[08:01:50] [spechunter] [Read] /home/yzs/riscv/linux/arch/riscv/kernel/cpufeature.c
[08:01:50] [spechunter] [Read] /home/yzs/riscv/linux/arch/riscv/kernel/cpufeature.c
[08:01:54] [spechunter] [Grep] pattern='ext_v.*ext_f|ext_f.*ext_v'
[08:01:54] [spechunter] [Grep] pattern='validate_set_extensions|validate_extensions'
[08:01:54] [spechunter] [Grep] pattern='isa_ext_is.*f.*v|isa_ext_is.*v.*f'
[08:01:54] [spechunter] [Grep] pattern='has_vec|vext|vector.*float|float.*vector'
[08:01:54] [spechunter] [Bash] List target/riscv directory
[08:01:56] [spechunter] [Grep] pattern='hasFp|HasFp'
[08:01:56] [spechunter] [Grep] pattern='hasV'
[08:01:56] [spechunter] [Grep] pattern='isaString|isa_string|IscStr|IsaStr'
[08:01:56] [spechunter] [Grep] pattern='CSRs\\.(FFLAGS|FRM|FCSR|MISA)'
[08:01:56] [spechunter] [Grep] pattern='FPUCsr|fpuCsr|fpu_csr|FloatCsr'
[08:02:00] [spechunter] [Grep] pattern='Zfinx|Zdinx|Zhinx'
[08:02:00] [spechunter] [Grep] pattern='[Vv]ector.*extension|[Vv].*ext.*riscv|riscv.*[Vv]ector'
[08:02:00] [spechunter] [Grep] pattern='riscv_hwprobe|hwprobe'
[08:02:00] [spechunter] [Grep] pattern='ISA.*string|isa.*string|parse.*isa|decode.*isa|isa.*parse|isa.*decode'
[08:02:00] [spechunter] [Grep] pattern='ifunc|resolver.*riscv|riscv.*resolver|feature.*detect'
[08:02:00] [spechunter] [Glob] sys/riscv/**/*.{c,h}
[08:02:00] [spechunter] [Glob] lib/libc/riscv/**/*.{c,h,S}
[08:02:00] [spechunter] [Glob] lib/libcompiler_rt/riscv/**/*.{c,h}
[08:02:00] [spechunter] [Grep] pattern='depend.*ext|ext.*depend|requires.*ext|ext.*requires|extension.*dep'
[08:02:09] [spechunter] [text] Let me also check the KVM and hwprobe references for vector/float interactions, and the extensions.yaml for Zfinx
[08:02:09] [spechunter] [Read] /home/yzs/riscv/linux/arch/riscv/kvm/vcpu_onereg.c
[08:02:09] [spechunter] [Read] /home/yzs/riscv/linux/Documentation/devicetree/bindings/riscv/extensions.yaml
[08:02:09] [spechunter] [Grep] pattern='RISCV_HWPROBE_EXT_ZVE32F|RISCV_HWPROBE_EXT_ZVE64F|RISCV_HWPROBE_EXT_ZVE64D'
[08:02:09] [spechunter] [Grep] pattern='KVM_RISCV_ISA_EXT_F|KVM.*zve'
[08:02:15] [spechunter] [text] Let me also look at the extensions.yaml for the V extension's dependency on F, and check for any Zfinx extension definit...
[08:02:15] [spechunter] [Grep] pattern='zfinx|ZFINX|Zfinx'
[08:02:15] [spechunter] [Grep] pattern='const: v\\b'
[08:02:15] [spechunter] [Grep] pattern='RISCV_ISA_EXT_Zve|RISCV_ISA_EXT_V_IMPLY|RISCV_ISA_EXT_ZVE'
[08:02:23] [spechunter] [Grep] pattern='HasFPUParameters|hasFPU|fpuPresent|useFPU'
[08:02:23] [spechunter] [Grep] pattern='HasVector|hasVector'
[08:02:23] [spechunter] [Read] /home/yzs/riscv/XiangShan/src/main/scala/xiangshan/backend/decode/isa/CSRs.scala
[08:02:28] [spechunter] [text] Let me look for the specific V dependency on F in the extensions schema and the hwprobe vector float validation
[08:02:28] [spechunter] [Grep] pattern='const: zve32f|const: zve64f|const: zve64d'
[08:02:28] [spechunter] [Read] /home/yzs/riscv/linux/arch/riscv/kernel/sys_hwprobe.c
[08:02:29] [spechunter] [Read] /home/yzs/riscv/qemu/target/riscv/tcg/tcg-cpu.c
[08:02:29] [spechunter] [Grep] pattern='ext_v|vext'
[08:02:29] [spechunter] [Grep] pattern='ext_v|vext'
[08:02:29] [spechunter] [Grep] pattern='float.*reg|freg|float_status|vreg|vec_reg'
[08:02:29] [spechunter] [Grep] pattern='ext_v|vext|has_vext|RISCV_FEATURE'
[08:02:35] [spechunter] [Read] /home/yzs/riscv/freebsd-src/sys/riscv/riscv/identcpu.c
[08:02:35] [spechunter] [Read] /home/yzs/riscv/freebsd-src/sys/riscv/riscv/elf_machdep.c
[08:02:35] [spechunter] [Read] /home/yzs/riscv/freebsd-src/sys/riscv/include/ifunc.h
[08:02:35] [spechunter] [Grep] pattern='\\b[Vv]\\b.*ext|ext.*\\b[Vv]\\b|riscv_v|VECTOR|vector'
[08:02:35] [spechunter] [Grep] pattern='\\b[Ff]\\b.*ext|ext.*\\b[Ff]\\b|floating.point|float.*ext'
[08:02:35] [spechunter] [Grep] pattern='rv64|rv32|ISA.*string|march|mabi'
[08:02:35] [spechunter] [Grep] pattern='Zfinx|Zdinx|Zhinx|ifunc|riscv_v|vector|V.*extension'
[08:02:35] [spechunter] [Grep] pattern='Zfinx|Zdinx|Zhinx|ifunc|riscv_v|vector|V.*extension'
[08:02:43] [spechunter] [text] Let me check for Zfinx extension definition in hwcap.h and any other relevant header.  
[08:02:43] [spechunter] [Grep] pattern='zfinx|ZFINX|Zfinx|ZIFINX'
[08:02:43] [spechunter] [Grep] pattern='zfinx|Zfinx'
[08:02:43] [spechunter] [Grep] pattern='zfinx|Zfinx'
[08:02:50] [spechunter] [Read] /home/yzs/riscv/XiangShan/src/main/scala/xiangshan/Parameters.scala
[08:02:50] [spechunter] [Read] /home/yzs/riscv/XiangShan/src/main/scala/xiangshan/backend/fu/FuConfig.scala
[08:02:50] [spechunter] [Read] /home/yzs/riscv/XiangShan/src/main/scala/xiangshan/backend/exu/ExuBlock.scala
[08:02:56] [spechunter] [Read] /home/yzs/riscv/freebsd-src/sys/riscv/include/elf.h
[08:02:56] [spechunter] [Grep] pattern='HWCAP|elf_hwcap|isa_extensions'
[08:02:56] [spechunter] [Grep] pattern='\\bv\\b.*ISA|ISA.*\\bv\\b|HWCAP.*V|HWCAP_ISA_V|\\bv\\b.*letter|single.*letter.*ext'
[08:02:56] [spechunter] [Grep] pattern='riscv_v|\\bv\\b.*ext|vector'
[08:02:56] [spechunter] [Grep] pattern='Zfinx|Zdinx|Zhinx|riscv_v|vector.*riscv|riscv.*vector'
[08:02:56] [spechunter] [Grep] pattern='Zfinx|Zdinx|Zhinx|riscv_v|vector.*riscv|riscv.*vector|V.*ext'
[08:02:56] [spechunter] [Grep] pattern='Zfinx|Zdinx|Zhinx|riscv_v|vector'
[08:02:56] [spechunter] [Grep] pattern='Zfinx|Zdinx|Zhinx|riscv_v|vector'
[08:03:00] [spechunter] [Grep] pattern='riscv_cpu_validate_v'
[08:03:00] [spechunter] [Read] /home/yzs/riscv/qemu/target/riscv/tcg/tcg-cpu.c
[08:03:00] [spechunter] [Grep] pattern='ext_v.*zfinx|zfinx.*ext_v|ext_v.*float|vec.*float_reg|V.*zfinx'
[08:03:00] [spechunter] [Grep] pattern='RISCV_FEATURE.*V|has_vext|vext_support|riscv_has_ext.*RVV'
[08:03:04] [spechunter] [Grep] pattern='misa|MISA'
[08:03:04] [spechunter] [Grep] pattern='misa|MISA'
[08:03:04] [spechunter] [Grep] pattern='misa|MISA'
[08:03:04] [spechunter] [Grep] pattern='FFLAGS|FRM|FCSR|fflags|frm|fcsr|floatCsr|fsCsr|vectorStatusOnOff|floatStatusOnOff'
[08:03:15] [spechunter] [Read] /home/yzs/riscv/freebsd-src/libexec/rtld-elf/riscv/reloc.c
[08:03:15] [spechunter] [Read] /home/yzs/riscv/freebsd-src/libexec/rtld-elf/riscv/rtld_machdep.h
[08:03:15] [spechunter] [Grep] pattern='Zfinx|Zdinx|Zhinx|\\bv\\b.*ext|vector.*riscv|riscv_v|\\bv\\b.*letter'
[08:03:15] [spechunter] [Grep] pattern='riscv_hwprobe|hwprobe|AT_HWCAP|AT_HWCAP2|elf_hwcap'
[08:03:15] [spechunter] [Grep] pattern='Zfinx|Zdinx|Zhinx|ZFNX|ZDINX|ZHINX'
[08:03:15] [spechunter] [Grep] pattern='floating.point|fpu.*check|f.*ext.*rst|has.*fp|fpe|fenv'
[08:03:15] [spechunter] [Grep] pattern='R_RISCV|RISC_V|RELOC'
[08:03:27] [spechunter] [text] Let me also check the hwprobe extension list for completeness and the KVM vector visibility with F extension.  
[08:03:27] [spechunter] [Grep] pattern='KVM_RISCV_ISA_EXT_V|KVM_RISCV_ISA_V|KVM_RISCV_ISA_EXT_ZVE'
[08:03:27] [spechunter] [Grep] pattern='RISCV_HWPROBE_EXT_ZVE32F|RISCV_HWPROBE_EXT_ZVE64F|RISCV_HWPROBE_EXT_ZVE64D'
[08:03:27] [spechunter] [Read] /home/yzs/riscv/linux/arch/riscv/include/asm/switch_to.h
[08:03:35] [spechunter] [Read] /home/yzs/riscv/qemu/target/riscv/tcg/tcg-cpu.c
[08:03:35] [spechunter] [Grep] pattern='riscv_cpu_fp_enabled|FPU|float_state|STATUS_FS'
[08:03:35] [spechunter] [Grep] pattern='EXT_STATUS_DISABLED|mstatus_fs|mstatus_vs'
[08:03:35] [spechunter] [Grep] pattern='float|freg|ftemp'
[08:03:37] [spechunter] [Read] /home/yzs/riscv/freebsd-src/lib/libc/csu/riscv/reloc.c
[08:03:37] [spechunter] [Read] /home/yzs/riscv/freebsd-src/sys/riscv/riscv/fpe.c
[08:03:37] [spechunter] [Read] /home/yzs/riscv/freebsd-src/sys/riscv/include/pcb.h
[08:03:37] [spechunter] [Read] /home/yzs/riscv/freebsd-src/sys/riscv/include/reg.h
[08:03:37] [spechunter] [Grep] pattern='f.*float|float.*f|fpe|fpreg|floating'
[08:03:37] [spechunter] [Read] /home/yzs/riscv/freebsd-src/sys/riscv/riscv/exec_machdep.c
[08:03:37] [spechunter] [Read] /home/yzs/riscv/freebsd-src/sys/riscv/include/fpe.h
[08:03:37] [spechunter] [Grep] pattern='riscv_isa|isa_ext|HWCAP|elf_hwcap|ifunc'
[08:03:37] [spechunter] [Read] /home/yzs/riscv/freebsd-src/sys/riscv/include/md_var.h
[08:03:56] [spechunter] [Grep] pattern='MisaBundle|class.*Misa'
[08:03:56] [spechunter] [Grep] pattern='MisaBundle|class.*Misa'
[08:03:56] [spechunter] [Grep] pattern='floatStatusOnOff|vectorStatusOnOff|fsDirty|vsDirty|fsOff|vsOff|FS|VS'
[08:04:05] [spechunter] [Read] /home/yzs/riscv/freebsd-src/sys/riscv/include/ucontext.h
[08:04:05] [spechunter] [Grep] pattern='STATUS_FS|SSTATUS_FS|FS_OFF|FS_INITIAL|FS_CLEAN|FS_DIRTY'
[08:04:05] [spechunter] [Grep] pattern='SSTATUS_FS|STATUS_FS'
[08:04:05] [spechunter] [Grep] pattern='SSTATUS_VS|VS_OFF|VS_INITIAL|VS_CLEAN|VS_DIRTY'
[08:04:05] [spechunter] [Grep] pattern='riscv.*march|march.*riscv|riscv.*mabi|mabi.*riscv'
[08:04:05] [spechunter] [Grep] pattern='xtheadvector|thead.*vector|vector.*thead'
[08:04:05] [spechunter] [Read] /home/yzs/riscv/freebsd-src/sys/conf/kern.mk
[08:04:05] [spechunter] [Read] /home/yzs/riscv/freebsd-src/sys/riscv/riscv/trap.c
[08:04:05] [spechunter] [Read] /home/yzs/riscv/qemu/target/riscv/insn_trans/trans_rvv.c.inc
[08:04:05] [spechunter] [Grep] pattern='ext_v|RVV|vext|has_vec|mstatus_vs'
[08:04:05] [spechunter] [Grep] pattern='float|freg|ftemp'
[08:04:05] [spechunter] [Grep] pattern='ext_v|vext|has_vec|mstatus_vs|STATUS_VS'
[08:04:05] [spechunter] [Read] /home/yzs/riscv/qemu/target/riscv/machine.c
[08:04:06] [spechunter] [Read] /home/yzs/riscv/XiangShan/src/main/scala/xiangshan/backend/fu/NewCSR/MachineLevel.scala
[08:04:06] [spechunter] [Grep] pattern='getISAString|isaString|ISAExtensions|ISABase'
[08:04:06] [spechunter] [Grep] pattern='vector.*illegal|fp.*illegal|vector_illegal|fp_illegal'
[08:04:06] [spechunter] [Grep] pattern='isFloatReg|floatReg|FpReg|fpReg|FRegIdx|fRegIdx'
[08:04:06] [spechunter] [text] ```json {   "locations": [     {       "file_path": "arch/riscv/kernel/cpufeature.c",       "function_name": "riscv_ext_...
[08:04:19] [spechunter] [Grep] pattern='FS.*status|mstatus_fs|mstatus_vs|tb_flags.*FS|FS.*tb_flags'
[08:04:19] [spechunter] [Read] /home/yzs/riscv/qemu/target/riscv/gdbstub.c
[08:04:19] [spechunter] [Grep] pattern='float|fcsr|fflags|frm|freg|csr_f|STATUS_FS'
[08:04:19] [spechunter] [Grep] pattern='ext_v|ext_f|RVV|RVF'
[08:04:19] [spechunter] [Grep] pattern='float_status|get_fp_status|fp_status'
[08:04:22] [spechunter] [Grep] pattern='VS_SHIFT|VS_OFF|VS_INITIAL|VS_CLEAN|VS_DIRTY|SSTATUS_VS|MSTATUS_VS|VS_MASK'
[08:04:22] [spechunter] [Grep] pattern='vector|VECTOR|riscv_v'
[08:04:22] [spechunter] [Grep] pattern='csr_v|vcsr|vstart|vxsat|vxrm|vl[^a-z]|vtype|vlenb|CSR_V'
[08:04:22] [spechunter] [Grep] pattern='vector|vlenb|VLENB'
[08:04:22] [spechunter] [Grep] pattern='getauxval|elf_aux_info|AT_HWCAP'
[08:04:22] [spechunter] [Grep] pattern='riscv.*V|V.*vector|vvadd|vector.*ISA|ISA.*vector'
[08:04:22] [spechunter] [Read] /home/yzs/riscv/freebsd-src/crypto/openssl/crypto/riscvcap.c
[08:04:23] [spechunter] [Read] /home/yzs/riscv/XiangShan/src/main/scala/xiangshan/backend/decode/DecodeUnit.scala
[08:04:23] [spechunter] [Grep] pattern='illegalInst|IllegalInst'
[08:04:23] [spechunter] [Grep] pattern='fp_illegal|vector_illegal|fIllegal|vIllegal'
[08:04:28] [spechunter] [Grep] pattern='Zfinx|zfinx|FINX|finx'
[08:04:28] [spechunter] [Grep] pattern='vector.*extension|V.*extension|has_vector|vector_ext|ISA_V|riscv_v'
[08:04:28] [spechunter] [Grep] pattern='misa|MISA'
[08:04:28] [spechunter] [Glob] /home/yzs/riscv/rv-isa-sec/spec_ref/**/*.adoc
[08:04:38] [spechunter] [Read] /home/yzs/riscv/qemu/target/riscv/tcg/tcg-cpu.c
[08:04:38] [spechunter] [Grep] pattern='fp_status'
[08:04:38] [spechunter] [Read] /home/yzs/riscv/qemu/target/riscv/cpu_helper.c
[08:04:38] [spechunter] [Read] /home/yzs/riscv/qemu/target/riscv/cpu_helper.c
[08:04:38] [spechunter] [Grep] pattern='MSTATUS_FS|mstatus.*FS|FS.*mstatus'
[08:04:44] [spechunter] [Grep] pattern='fIllegal|fp_illegal|fsIsOff|vsIsOff'
[08:04:44] [spechunter] [Grep] pattern='class.*IllegalInst|class.*FpIllegal|class.*VectorIllegal'
[08:04:44] [spechunter] [Grep] pattern='class.*IllegalInst|IllegalInstBundle|illegalInst'
[08:04:46] [spechunter] [Read] /home/yzs/riscv/freebsd-src/crypto/openssl/include/crypto/riscv_arch.h
[08:04:46] [spechunter] [Read] /home/yzs/riscv/freebsd-src/crypto/openssl/include/crypto/riscv_arch.def
[08:04:46] [spechunter] [Read] /home/yzs/riscv/freebsd-src/sys/riscv/riscv/swtch.S
[08:04:46] [spechunter] [Read] /home/yzs/riscv/freebsd-src/sys/riscv/riscv/swtch.S
[08:04:49] [spechunter] [text] Now let me search for code related to V (vector) extension handling and Zfinx compatibility in OpenSBI.  
[08:04:49] [spechunter] [Grep] pattern='vector|sbi_isa_ext|ext_v|VEXT|vector_ext'
[08:04:49] [spechunter] [Grep] pattern='SBI_EXT_V|ext_v|EXT_VECTOR|vector_ext'
[08:04:49] [spechunter] [Grep] pattern='isa.*ext|hart.*ext|SBI_HART_EXT|ext_check|probe_extension'
[08:04:52] [spechunter] [Grep] pattern='illegalInst|IllegalInst|toDecode'
[08:04:52] [spechunter] [Grep] pattern='illegalInst|IllegalInst|fsIsOff|vsIsOff'
[08:04:52] [spechunter] [Grep] pattern='illegalInst|IllegalInst'
[08:04:56] [spechunter] [Grep] pattern='cpu_get_tb_cpu_state|TB_FLAGS.*FS|FS.*flags|FS ='
[08:04:56] [spechunter] [Grep] pattern='cpu_reset|riscv_cpu_reset|fp_status'
[08:04:56] [spechunter] [Grep] pattern='TB_FLAGS|FS_SHIFT|VS_SHIFT|FS_MASK'
[08:04:56] [spechunter] [Read] /home/yzs/riscv/qemu/target/riscv/insn_trans/trans_rvvk.c.inc
[08:05:03] [spechunter] [Grep] pattern='class CsrToDecode|CsrToDecode'
[08:05:03] [spechunter] [Read] /home/yzs/riscv/XiangShan/src/main/scala/xiangshan/backend/fu/wrapper/CSR.scala
[08:05:03] [spechunter] [Grep] pattern='fp_illegal|vector_illegal|fpIllegal|vecIllegal|vectorIllegal'
[08:05:10] [spechunter] [Grep] pattern='cpu_get_tb_cpu_state'
[08:05:10] [spechunter] [Grep] pattern='cpu_get_tb_cpu_state'
[08:05:12] [spechunter] [Read] /home/yzs/riscv/opensbi/lib/sbi/sbi_hart.c
[08:05:12] [spechunter] [Read] /home/yzs/riscv/opensbi/lib/sbi/sbi_hart.c
[08:05:12] [spechunter] [Read] /home/yzs/riscv/opensbi/lib/sbi/sbi_hart.c
[08:05:22] [spechunter] [Grep] pattern='cpu_get_tb_cpu_state'
[08:05:22] [spechunter] [Grep] pattern='cpu_get_tb_cpu_state'
[08:05:26] [spechunter] [Grep] pattern='get_tb_cpu_state|cpu_get_tb'
[08:05:31] [spechunter] [text] Let me look specifically at the V extension handling and any Zfinx interactions.  
[08:05:31] [spechunter] [Read] /home/yzs/riscv/opensbi/lib/sbi/sbi_hart.c
[08:05:31] [spechunter] [Grep] pattern='vector|misa_extension|MSTATUS_VS|MSTATUS_FS|zfinx|Zfinx'
[08:05:31] [spechunter] [Grep] pattern='vector|misa_extension|MSTATUS_VS|MSTATUS_FS|zfinx|Zfinx'
[08:05:44] [spechunter] [Read] /home/yzs/riscv/qemu/target/riscv/tcg/tcg-cpu.c
[08:05:46] [spechunter] [text] Based on the PR context (V extension should be compatible with Zfinx, not just F), I've cross-validated and ranked the l...
[08:05:47] [spechunter] [Read] /home/yzs/riscv/freebsd-src/sys/riscv/riscv/locore.S
[08:05:47] [spechunter] [Grep] pattern='fld|fsd|frcsr|fscsr|fcsr'
[08:05:47] [spechunter] [Read] /home/yzs/riscv/freebsd-src/sys/riscv/riscv/locore.S
[08:05:47] [spechunter] [Grep] pattern='D.*depends.*F|F.*required|float.*required|requires.*float|F.*must'
[08:05:47] [spechunter] [Read] /home/yzs/riscv/freebsd-src/sys/riscv/include/riscvreg.h
[08:05:47] [spechunter] [Grep] pattern='XS_MASK|XS_SHIFT|SSTATUS_XS|STATUS_XS'
[08:05:47] [spechunter] [Grep] pattern='ZS_MASK|ZS_SHIFT'
[08:05:49] [spechunter] [Grep] pattern='MSTATUS_VS|MSTATUS_FS|vector|sbi_trap_redirect|regs->mstatus'
[08:05:49] [spechunter] [Grep] pattern='vector|MSTATUS_VS|MSTATUS_FS|zfinx|Zfinx'
[08:05:49] [spechunter] [Grep] pattern='MSTATUS_VS|MSTATUS_FS|vector|zfinx|Zfinx'
[08:05:58] [spechunter] [Read] /home/yzs/riscv/XiangShan/rocket-chip/src/main/scala/rocket/CSR.scala
[08:05:58] [spechunter] [Read] /home/yzs/riscv/XiangShan/rocket-chip/src/main/scala/rocket/CSR.scala
[08:05:58] [spechunter] [Grep] pattern='misa\\b|Misa\\b'
[08:05:58] [spechunter] [Grep] pattern='fp_illegal|vector_illegal'
[08:06:06] [spechunter] [Read] /home/yzs/riscv/opensbi/lib/sbi/sbi_domain_context.c
[08:06:08] [spechunter] [Read] /home/yzs/riscv/freebsd-src/sys/riscv/riscv/trap.c
[08:06:08] [spechunter] [Read] /home/yzs/riscv/freebsd-src/sys/riscv/riscv/trap.c
[08:06:08] [spechunter] [Read] /home/yzs/riscv/freebsd-src/sys/riscv/include/encoding.h
[08:06:08] [spechunter] [Grep] pattern='march.*=.*rv|rv64.*imafdc'
[08:06:08] [spechunter] [Grep] pattern='march.*=.*rv|rv64.*imafdc'
[08:06:08] [spechunter] [Grep] pattern='march|mabi|rv64ima'
[08:06:08] [spechunter] [Glob] stand/**/riscv/**/*.{c,h,S}
[08:06:13] [spechunter] [Read] /home/yzs/riscv/qemu/target/riscv/csr.c
[08:06:13] [spechunter] [Read] /home/yzs/riscv/qemu/target/riscv/insn_trans/trans_rvbf16.c.inc
[08:06:13] [spechunter] [Grep] pattern='ext_v|RVV|ext_zve|REQUIRE_VECTOR'
[08:06:13] [spechunter] [Grep] pattern='REQUIRE_FPU|require_rvf|require_rvv'
[08:06:23] [spechunter] [text] I don't have specific code locations to analyze (all point to `:0-0`). Let me search the RISC-V Linux kernel for code re...
[08:06:23] [spechunter] [Agent] description, prompt
[08:06:23] [spechunter] [Agent] description, prompt
[08:06:25] [spechunter] [Read] /home/yzs/riscv/qemu/target/riscv/csr.c
[08:06:25] [spechunter] [Read] /home/yzs/riscv/qemu/target/riscv/csr.c
[08:06:25] [spechunter] [Grep] pattern='riscv_cpu_fp_enabled'
[08:06:25] [spechunter] [Read] /home/yzs/riscv/qemu/target/riscv/vector_internals.c
[08:06:25] [spechunter] [Read] /home/yzs/riscv/qemu/target/riscv/vector_internals.h
[08:06:33] [spechunter] [Grep] pattern='ContextStatus|contextStatus|FS.*Off|VS.*Off|fs.*off|vs.*off|Dirty|dirty'
[08:06:33] [spechunter] [Grep] pattern='vector.*needFrm|isVectorNeedFrm|isScalaNeedFrm|needFrm'
[08:06:33] [spechunter] [Grep] pattern='vcsr|VCSR|Vstart|vstart'
[08:06:41] [spechunter] [Bash] List top-level directory structure
[08:06:41] [spechunter] [Grep] pattern='(?i)zfinx|(?i)finx'
[08:06:41] [spechunter] [Grep] pattern='(?i)vector'
[08:06:42] [spechunter] [text] Let me check the relevant RISC-V spec documents for Zfinx and V extension interaction
[08:06:42] [spechunter] [Glob] /home/yzs/riscv/rv-isa-sec/spec_ref/**/*zfinx*
[08:06:42] [spechunter] [Glob] /home/yzs/riscv/rv-isa-sec/spec_ref/**/*finx*
[08:06:42] [spechunter] [Grep] pattern='zfinx'
[08:06:45] [spechunter] [Grep] pattern='vector|has_vector|riscv_v'
[08:06:45] [spechunter] [Grep] pattern='FINX|zfinx|Zfinx'
[08:06:45] [spechunter] [Grep] pattern='RISCV_ISA_V'
[08:06:45] [spechunter] [Grep] pattern='ELF_HWCAP.*vector|HWCAP.*ISA_V|COMPAT_HWCAP.*V'
[08:06:45] [spechunter] [Glob] **/Kconfig*
[08:06:47] [spechunter] [Grep] pattern='fpr|FPREG|float_state|vmstate_fpu|vmstate_float'
[08:06:47] [spechunter] [Read] /home/yzs/riscv/qemu/target/riscv/cpu.c
[08:06:47] [spechunter] [Read] /home/yzs/riscv/qemu/target/riscv/insn_trans/trans_rvv.c.inc
[08:06:47] [spechunter] [Grep] pattern='REQUIRE_FPU.*rvf|require_rvf'
[08:06:47] [spechunter] [Read] /home/yzs/riscv/qemu/target/riscv/kvm/kvm-cpu.c
[08:06:52] [spechunter] [text] Let me search directly for the relevant code locations.  
[08:06:52] [spechunter] [Grep] pattern='Zfinx|Zdinx|Zhinx'
[08:06:52] [spechunter] [Grep] pattern='[Vv]ector.*extension|extension.*[Vv]ector|"v".*extension|extension.*"v"'
[08:06:52] [spechunter] [Grep] pattern='isa.*string|ISA.*string|parse_isa|isa_parse|isa_ext|riscv_isa'
[08:06:52] [spechunter] [Grep] pattern='hwprobe|HWCAP|hw_caps|features.*riscv|riscv.*feature'
[08:07:08] [spechunter] [Read] /home/yzs/riscv/rv-isa-sec/spec_ref/riscv-isa-manual/src/unpriv/zfinx.adoc
[08:07:08] [spechunter] [Read] /home/yzs/riscv/rv-isa-sec/spec_ref/riscv-isa-manual/src/unpriv/vector-common.adoc
[08:07:08] [spechunter] [Read] /home/yzs/riscv/rv-isa-sec/spec_ref/riscv-isa-manual/src/unpriv/v-st-ext.adoc
[08:07:08] [spechunter] [Read] /home/yzs/riscv/rv-isa-sec/spec_ref/riscv-isa-manual/normative_rule_defs/zfinx.yaml
[08:07:08] [spechunter] [Read] /home/yzs/riscv/rv-isa-sec/spec_ref/riscv-isa-manual/normative_rule_defs/v-st-ext.yaml
[08:07:11] [spechunter] [Grep] pattern='vectorNeedFrm|scalaNeedFrm|f2v|i2v|vecArith|vecAll|vecArithOrMem|fpOP'
[08:07:11] [spechunter] [Grep] pattern='NeedFrm|needFrm|NeedFrmBundle'
[08:07:11] [spechunter] [Grep] pattern='illegalInst|fsIsOff|FPU|HasFPU|HasVPU|misa'
[08:07:13] [spechunter] [Read] /home/yzs/riscv/qemu/target/riscv/kvm/kvm-cpu.c
[08:07:13] [spechunter] [Grep] pattern='gen_set_rm|gen_helper_.*vfw|gen_helper_.*vfn|gen_helper_.*vfm|gen_helper_.*vfs'
[08:07:13] [spechunter] [Grep] pattern='gen_set_rm|RISCV_FRM_DYN'
[08:07:13] [spechunter] [Read] /home/yzs/riscv/qemu/target/riscv/insn_trans/trans_rvv.c.inc
[08:07:13] [spechunter] [Grep] pattern='gen_set_rm|gen_set_rm_chkfrm'
[08:07:23] [spechunter] [Read] /home/yzs/riscv/qemu/target/riscv/translate.c
[08:07:23] [spechunter] [Read] /home/yzs/riscv/qemu/target/riscv/csr.c
[08:07:23] [spechunter] [Grep] pattern='fp_status'
[08:07:23] [spechunter] [Read] /home/yzs/riscv/qemu/target/riscv/cpu.c
[08:07:23] [spechunter] [Grep] pattern='ext_zfinx'
[08:07:23] [spechunter] [Read] /home/yzs/riscv/rv-isa-sec/spec_ref/riscv-isa-manual/src/unpriv/zfinx.adoc
[08:07:23] [spechunter] [Grep] pattern='zfinx|Zfinx|mstatus.*FS|mstatus.*VS'
[08:07:25] [spechunter] [Grep] pattern='FINX|zfinx|Zfinx'
[08:07:25] [spechunter] [Grep] pattern='FINX|zfinx|Zfinx'
[08:07:25] [spechunter] [Grep] pattern='FINX|zfinx|Zfinx'
[08:07:25] [spechunter] [Read] /home/yzs/riscv/linux/arch/riscv/include/uapi/asm/hwcap.h
[08:07:25] [spechunter] [Read] /home/yzs/riscv/linux/arch/riscv/kernel/cpufeature.c
[08:07:29] [spechunter] [text] Let me read the key kernel files and check the audit files for dependency analysis.  
[08:07:29] [spechunter] [Read] /home/yzs/riscv/freebsd-src/sys/riscv/riscv/identcpu.c
[08:07:29] [spechunter] [Read] /home/yzs/riscv/freebsd-src/sys/riscv/include/elf.h
[08:07:29] [spechunter] [Grep] pattern='[Vv].*depend|depend.*V|requires?.*V|V.*requires?|requires?.*F[^a-z]|F[^a-z].*requires?'
[08:07:29] [spechunter] [Grep] pattern='zvt_matrix_tile_audit|sstc_stce_menvcfg|zicbom_henvcfg'
[08:07:29] [spechunter] [Grep] pattern='Zfinx|V_Zinx_fp_scalar|Zinx_fp_scalar|Zinx'
[08:07:29] [spechunter] [Grep] pattern='Zfinx|V_Zinx|Zinx|compatible|compatib'
[08:07:29] [spechunter] [Grep] pattern='Zfinx|V_Zinx|Zinx|compatible|compatib'
[08:07:29] [spechunter] [Grep] pattern='Zfinx|V_Zinx|Zinx|compatible|compatib'
[08:07:33] [spechunter] [Read] /home/yzs/riscv/XiangShan/src/main/scala/xiangshan/backend/fu/CSR.scala
[08:07:33] [spechunter] [Read] /home/yzs/riscv/XiangShan/src/main/scala/xiangshan/backend/decode/DecodeUnit.scala
[08:07:33] [spechunter] [Grep] pattern='hasVectorInst|vecArith|isVector|fsIsOff|FpReg'
[08:07:37] [spechunter] [Read] /home/yzs/riscv/rv-isa-sec/spec_ref/riscv-isa-manual/src/unpriv/vector-common.adoc
[08:07:37] [spechunter] [Read] /home/yzs/riscv/rv-isa-sec/spec_ref/riscv-isa-manual/src/unpriv/vector-common.adoc
[08:07:37] [spechunter] [Read] /home/yzs/riscv/rv-isa-sec/spec_ref/riscv-isa-manual/src/unpriv/vector-common.adoc
[08:07:48] [spechunter] [Read] /home/yzs/riscv/linux/arch/riscv/kernel/vector.c
[08:07:48] [spechunter] [Read] /home/yzs/riscv/linux/arch/riscv/include/asm/vector.h
[08:07:48] [spechunter] [Read] /home/yzs/riscv/linux/arch/riscv/include/asm/simd.h
[08:07:48] [spechunter] [Grep] pattern='zfinx|ZFINX|Zfinx'
[08:07:48] [spechunter] [Grep] pattern='zfinx|ZFINX|Zfinx'
[08:07:51] [spechunter] [Read] /home/yzs/riscv/rv-isa-sec/spec_ref/riscv-isa-manual/src/unpriv/vector-common.adoc
[08:07:51] [spechunter] [Read] /home/yzs/riscv/rv-isa-sec/spec_ref/riscv-isa-manual/src/unpriv/vector-common.adoc
[08:07:58] [spechunter] [Grep] pattern='mark_fs_dirty'
[08:07:58] [spechunter] [Grep] pattern='mark_fs_dirty'
[08:07:58] [spechunter] [Read] /home/yzs/riscv/qemu/target/riscv/kvm/kvm-cpu.c
[08:07:58] [spechunter] [Read] /home/yzs/riscv/qemu/target/riscv/kvm/kvm-cpu.c
[08:07:58] [spechunter] [Grep] pattern='set_rounding_mode|RISCV_FRM_DYN|RISCV_FRM.*RNE'
[08:08:02] [spechunter] [Grep] pattern='RISCV_ISA_V|CONFIG_RISCV_ISA_V'
[08:08:02] [spechunter] [Read] /home/yzs/riscv/linux/arch/riscv/include/asm/switch_to.h
[08:08:02] [spechunter] [Grep] pattern='vector|riscv_v|has_vector'
[08:08:02] [spechunter] [Grep] pattern='vector|riscv_v'
[08:08:02] [spechunter] [Grep] pattern='cinx|Zdinx|Zhinx|FINX|zfinx|finx'
[08:08:06] [spechunter] [Grep] pattern='helper_set_rounding_mode|set_rounding_mode'
[08:08:06] [spechunter] [Read] /home/yzs/riscv/qemu/target/riscv/cpu.c
[08:08:06] [spechunter] [Grep] pattern='ext_zve32f.*RVF|RVF.*ext_zve|zfinx.*zve|zve.*zfinx'
[08:08:13] [spechunter] [text] Let me check the LLVM ISA dependency checking code, which is the most relevant since this is a spec-level concern.  
[08:08:13] [spechunter] [Read] /home/yzs/riscv/freebsd-src/contrib/llvm-project/llvm/lib/TargetParser/RISCVISAInfo.cpp
[08:08:13] [spechunter] [Grep] pattern='HWCAP_ISA_V|HWCAP_V|ISA_V'
[08:08:13] [spechunter] [Grep] pattern="case 'v'"
[08:08:14] [spechunter] [Grep] pattern='helper_set_rounding_mode'
[08:08:18] [spechunter] [Read] /home/yzs/riscv/qemu/target/riscv/fpu_helper.c
[08:08:18] [spechunter] [Grep] pattern='RISCV_ISA_EXT_ZVE|RISCV_ISA_EXT_v\\b|RISCV_ISA_EXT_V'
[08:08:18] [spechunter] [Read] /home/yzs/riscv/linux/arch/riscv/include/asm/cpufeature.h
[08:08:18] [spechunter] [Grep] pattern='vector|riscv_v'
[08:08:18] [spechunter] [Grep] pattern='V_STATE|vstate|vector.*signal|vector.*frame|sc_riscv_v'
[08:08:18] [spechunter] [Grep] pattern='Zfinx|zfinx|ZFINX'
[08:08:18] [spechunter] [Grep] pattern='hasF.*hasV|hasV.*hasF|hasFloat.*hasVec|hasVec.*hasFloat'
[08:08:18] [spechunter] [Grep] pattern='zfinx'
[08:08:32] [spechunter] [Read] /home/yzs/riscv/linux/arch/riscv/include/asm/hwcap.h
[08:08:32] [spechunter] [Grep] pattern='zfinx|ZFINX|Zfinx'
[08:08:32] [spechunter] [Grep] pattern='vector|RISCV_ISA_V|riscv_v'
[08:08:32] [spechunter] [Read] /home/yzs/riscv/linux/arch/riscv/kernel/ptrace.c
[08:08:34] [spechunter] [Grep] pattern='hasFPU|HasFpu|hasFpu|FPU|fpu'
[08:08:34] [spechunter] [Grep] pattern='vector.*fpu|fpu.*vector|vcsr|vfpu|vld.*float|vst.*float'
[08:08:34] [spechunter] [Grep] pattern='misa|MISA|Misa'
[08:08:36] [spechunter] [text] Let me also check how `misa_extension` works and look at the vector floating-point spec for the interaction with Zfinx. ...
[08:08:36] [spechunter] [Read] /home/yzs/riscv/opensbi/lib/sbi/riscv_asm.c
[08:08:41] [spechunter] [Read] /home/yzs/riscv/qemu/target/riscv/fpu_helper.c
[08:08:41] [spechunter] [Grep] pattern='REQUIRE_FPU'
[08:08:41] [spechunter] [Grep] pattern='ext_zfinx.*ext_v|has_ext.*zfinx.*RVV|RVV.*zfinx'
[08:08:41] [spechunter] [Grep] pattern='vtype|vstart|vlenb|vcsr|vxrm|vxsat'
[08:08:41] [spechunter] [Read] /home/yzs/riscv/linux/arch/riscv/kernel/sys_hwprobe.c
[08:08:41] [spechunter] [Read] /home/yzs/riscv/linux/arch/riscv/kvm/vcpu_vector.c
[08:08:41] [spechunter] [Read] /home/yzs/riscv/linux/arch/riscv/include/asm/processor.h
[08:08:41] [spechunter] [Read] /home/yzs/riscv/linux/arch/riscv/include/asm/kvm_vcpu_vector.h
[08:08:41] [spechunter] [Read] /home/yzs/riscv/linux/arch/riscv/kernel/kernel_mode_vector.c
[08:08:42] [spechunter] [text] Let me check the LLVM tablegen for implied extensions (where V→F dependency would be defined) and the FreeBSD identcpu f...
[08:08:42] [spechunter] [Glob] **/RISCVTargetParserDef.inc
[08:08:42] [spechunter] [Grep] pattern='v.*implies.*f|v.*implied.*f|"v".*"f"|vector.*float|float.*vector'
[08:08:49] [spechunter] [Read] /home/yzs/riscv/rv-isa-sec/spec_ref/riscv-cheri/src/v-st-ext.adoc
[08:08:49] [spechunter] [Read] /home/yzs/riscv/rv-isa-sec/spec_ref/riscv-cheri/src/v-st-ext.adoc
[08:08:49] [spechunter] [Read] /home/yzs/riscv/rv-isa-sec/spec_ref/riscv-cheri/src/zfinx.adoc
[08:08:49] [spechunter] [Grep] pattern='Zfinx|Zinx|compatible|compatib'
[08:08:49] [spechunter] [Grep] pattern='Zfinx|Zinx|compatible|compatib'
[08:08:52] [spechunter] [Grep] pattern='SrcType\\.fp'
[08:08:52] [spechunter] [Grep] pattern='FPUCtrl|fpCtrl|fpuCtrl|isFpToVec|isFp'
[08:08:52] [spechunter] [Grep] pattern='hasVector|hasVec|HasV'
[08:08:56] [spechunter] [Grep] pattern='Zfinx|zfinx|Zdinx|zdinx|Zhinx|zhinx|Zhinxmin|zhinxmin'
[08:08:56] [spechunter] [Read] /home/yzs/riscv/linux/arch/riscv/kernel/compat_signal.c
[08:08:56] [spechunter] [Grep] pattern='vector|riscv_v'
[08:08:56] [spechunter] [Read] /home/yzs/riscv/linux/arch/riscv/include/uapi/asm/sigcontext.h
[08:08:56] [spechunter] [Read] /home/yzs/riscv/linux/arch/riscv/include/uapi/asm/hwprobe.h
[08:08:59] [spechunter] [Grep] pattern='set_rounding_mode|set_float_rounding'
[08:08:59] [spechunter] [Grep] pattern='fp_status'
[08:08:59] [spechunter] [Grep] pattern='float32_to_zfinx|zfinx_to|sign_extend.*zfinx|zfinx.*sign'
[08:08:59] [spechunter] [Grep] pattern='REQUIRE_FPU|REQUIRE_ZFINX'
[08:08:59] [spechunter] [Glob] **/RISCVTargetParserDef.inc
[08:08:59] [spechunter] [Grep] pattern='IMPLIED_EXTENSIONS|GET_IMPLIED_EXTENSIONS'
[08:09:03] [spechunter] [Grep] pattern='Zfinx|Zinx'
[08:09:03] [spechunter] [Read] /home/yzs/riscv/rv-isa-sec/spec_ref/riscv-isa-manual/src/unpriv/zve32x.adoc
[08:09:03] [spechunter] [Read] /home/yzs/riscv/rv-isa-sec/spec_ref/riscv-isa-manual/src/unpriv/zve64x.adoc
[08:09:03] [spechunter] [Read] /home/yzs/riscv/rv-isa-sec/spec_ref/riscv-isa-manual/src/unpriv/zve32f.adoc
[08:09:11] [spechunter] [Read] /home/yzs/riscv/XiangShan/src/main/scala/xiangshan/Parameters.scala
[08:09:11] [spechunter] [Read] /home/yzs/riscv/XiangShan/src/main/scala/xiangshan/backend/fu/FuConfig.scala
[08:09:11] [spechunter] [Grep] pattern='hasFloating|HasFloating|hasFPU|HasFPU|hasF(cs|PU|loat)'
[08:09:12] [spechunter] [Grep] pattern='REQUIRE_ZFINX|REQUIRE_FPU|zfinx'
[08:09:12] [spechunter] [Grep] pattern='gen_set_fpr|dest_fpr|get_fpr_hs|get_fpr'
[08:09:12] [spechunter] [Grep] pattern='riscv_cpu_cfg_disas|frm|fflags|RVF.*ext_zfinx|ext_zfinx.*RVF'
[08:09:12] [spechunter] [Glob] **/RISCVFeatures.td
[08:09:12] [spechunter] [Grep] pattern='ImpliedExts|Implies.*V|V.*Implies'
[08:09:21] [spechunter] [Grep] pattern='get_fpr_hs|dest_fpr|gen_set_fpr_hs'
[08:09:21] [spechunter] [Grep] pattern='get_fpr|dest_fpr'
[08:09:21] [spechunter] [Grep] pattern='get_fpr|dest_fpr'
[08:09:22] [spechunter] [Grep] pattern='Zfinx|Zinx'
[08:09:22] [spechunter] [Grep] pattern='Zfinx|Zinx'
[08:09:22] [spechunter] [Grep] pattern='Zfinx|Zinx'
[08:09:30] [spechunter] [Grep] pattern='HasFPU|hasFp'
[08:09:30] [spechunter] [Grep] pattern='HasFPU'
[08:09:30] [spechunter] [Read] /home/yzs/riscv/XiangShan/src/main/scala/xiangshan/backend/fu/NewCSR/CSRBundles.scala
[08:09:37] [spechunter] [Grep] pattern='FeatureV|HasVInstructions|FeatureStdExtV|"v"'
[08:09:42] [spechunter] [Read] /home/yzs/riscv/rv-isa-sec/spec_ref/riscv-isa-manual/src/priv/smstateen.adoc
[08:09:42] [spechunter] [Grep] pattern='Zfinx|Zinx'
[08:09:42] [spechunter] [Grep] pattern='vector|RISCV_ISA_V|vstate|ZVE'
[08:09:42] [spechunter] [Grep] pattern='vector|riscv_v|vstate'
[08:09:42] [spechunter] [Grep] pattern='RISCV_ISA_V|vector'
[08:09:42] [spechunter] [Grep] pattern='zfinx|Zfinx|ZFINX'
[08:09:48] [spechunter] [Read] /home/yzs/riscv/XiangShan/src/main/scala/xiangshan/backend/fu/CSR.scala
[08:09:48] [spechunter] [Read] /home/yzs/riscv/XiangShan/src/main/scala/xiangshan/backend/fu/CSR.scala
[08:09:52] [spechunter] [Read] /home/yzs/riscv/rv-isa-sec/spec_ref/riscv-isa-manual/src/unpriv/v-st-ext.adoc
[08:09:52] [spechunter] [Read] /home/yzs/riscv/rv-isa-sec/spec_ref/riscv-isa-manual/src/unpriv/vector-common.adoc
[08:09:52] [spechunter] [Read] /home/yzs/riscv/linux/arch/riscv/Kconfig
[08:09:52] [spechunter] [Grep] pattern='riscv_v|vector'
[08:09:52] [spechunter] [Read] /home/yzs/riscv/linux/arch/riscv/include/uapi/asm/ucontext.h
[08:09:52] [spechunter] [Grep] pattern='vector|preempt_v|kernel_mode_vector'
[08:09:59] [spechunter] [Grep] pattern='FeatureStdExtZve64d|FeatureStdExtZve64f|FeatureStdExtZve32f|FeatureStdExtZve32x'
[08:10:06] [spechunter] [Read] /home/yzs/riscv/XiangShan/src/main/scala/xiangshan/backend/decode/VecDecoder.scala
[08:10:06] [spechunter] [Grep] pattern='SrcType\\.(fp|reg|vreg)|needFpRf|needFPU|isFpToVec|FpToVec'
[08:10:10] [spechunter] [Grep] pattern='norm:V_Zinx_fp_scalar'
[08:10:10] [spechunter] [Grep] pattern='V_Zinx_fp_scalar'
[08:10:17] [spechunter] [text] Now let me check if there's a `HWCAP_ISA_V` or 'v' extension handling anywhere in the FreeBSD kernel tree (outside contr...
[08:10:17] [spechunter] [Grep] pattern='HWCAP_ISA_V|ISA_V[^L]|HWCAP_V'
[08:10:17] [spechunter] [Grep] pattern="case 'v'"
[08:10:17] [spechunter] [Grep] pattern='HWCAP_ISA'
[08:10:26] [spechunter] [text] Now let me check how `sbi_hart_priv_version` handles vector context in the domain switch and look at the spec for the sp...
[08:10:26] [spechunter] [Read] /home/yzs/riscv/rv-isa-sec/spec_ref/riscv-isa-manual/src/unpriv/vector-common.adoc
[08:10:26] [spechunter] [Read] /home/yzs/riscv/opensbi/lib/sbi/sbi_hart.c
[08:10:26] [spechunter] [Read] /home/yzs/riscv/XiangShan/src/main/scala/xiangshan/backend/fu/NewCSR/CSRBundles.scala
[08:10:26] [spechunter] [Read] /home/yzs/riscv/XiangShan/src/main/scala/xiangshan/backend/fu/FuConfig.scala
[08:10:26] [spechunter] [Read] /home/yzs/riscv/XiangShan/src/main/scala/xiangshan/backend/fu/fpu/FPU.scala
[08:10:31] [spechunter] [Grep] pattern='Zfinx|Zinx'
[08:10:31] [spechunter] [Read] /home/yzs/riscv/rv-isa-sec/spec_ref/riscv-isa-manual/src/unpriv/zve64f.adoc
[08:10:31] [spechunter] [Read] /home/yzs/riscv/rv-isa-sec/spec_ref/riscv-isa-manual/src/unpriv/zve64d.adoc
[08:10:43] [spechunter] [text] Let me check the audit JSON files for any relevant findings about V/F dependency.  
[08:10:43] [spechunter] [Grep] pattern='zve32f.*F|V.*requires.*F|V.*depend.*F|vector.*float.*depend'
[08:10:43] [spechunter] [Grep] pattern='zve32f|Zve32f'
[08:10:48] [spechunter] [Grep] pattern='Vf_requrires_Vx|Vf_requires'
[08:10:48] [spechunter] [Read] /home/yzs/riscv/rv-isa-sec/spec_ref/riscv-isa-manual/src/unpriv/v-st-ext.adoc
[08:10:52] [spechunter] [Read] /home/yzs/riscv/rv-isa-sec/spec_ref/riscv-isa-manual/src/unpriv/vector-common.adoc
[08:11:02] [spechunter] [Read] /home/yzs/riscv/rv-isa-sec/spec_ref/riscv-cheri/src/cheri/vector-integration.adoc
[08:11:12] [spechunter] [Grep] pattern='Zfinx|Zinx'
[08:11:13] [spechunter] [text] Let me now look for the exact areas where V extension's dependency on F vs Zfinx would manifest in the RTL
[08:11:13] [spechunter] [Read] /home/yzs/riscv/XiangShan/src/main/scala/xiangshan/backend/fu/CSR.scala
[08:11:13] [spechunter] [Read] /home/yzs/riscv/XiangShan/src/main/scala/xiangshan/backend/decode/VecDecoder.scala
[08:11:13] [spechunter] [Read] /home/yzs/riscv/XiangShan/src/main/scala/xiangshan/backend/decode/DecodeUnitComp.scala
[08:11:13] [spechunter] [Read] /home/yzs/riscv/XiangShan/src/main/scala/xiangshan/backend/fu/FuConfig.scala
[08:11:19] [spechunter] [text] Now I have a comprehensive picture. Let me also check whether there are any other FreeBSD-specific files that might refe...
[08:11:19] [spechunter] [Grep] pattern='Zfinx|zfinx|ZFINX'
[08:11:19] [spechunter] [Grep] pattern='Zfinx|zfinx'
[08:11:27] [spechunter] [TodoWrite] 5 items
[08:11:30] [spechunter] [text] Let me now look for any CVA6-style legalization or privilege checking that enforces V's dependency on F.  
[08:11:30] [spechunter] [Grep] pattern='illegalInst|illegal_inst|IllegalInstr|virtualInst'
[08:11:30] [spechunter] [Read] /home/yzs/riscv/XiangShan/src/main/scala/xiangshan/backend/decode/DecodeUnitComp.scala
[08:11:30] [spechunter] [Grep] pattern='writeFpRf|writeIntRf|SrcType\\.fp|SrcType\\.reg'
[08:11:39] [spechunter] [Grep] pattern='OPFVF|OPVFV|case class OPFVF|case class OPVFV'
[08:11:46] [spechunter] [text] Let me also check how the HSM suspend and hart switch handle vector state, and look for any F/D-specific gate conditions...
[08:11:46] [spechunter] [Read] /home/yzs/riscv/opensbi/lib/sbi/sbi_hart.c
[08:11:46] [spechunter] [Read] /home/yzs/riscv/opensbi/lib/sbi/sbi_hsm.c
[08:11:47] [spechunter] [text] Now I have a complete picture. Let me verify one more thing — whether there are any other kernel files that handle singl...
[08:11:47] [spechunter] [Grep] pattern='"riscv,isa"|riscv,isa'
[08:11:47] [spechunter] [Grep] pattern='"v".*case|case.*"v"'
[08:11:50] [spechunter] [text] Let me verify the critical findings by reading the actual source files
[08:11:50] [spechunter] [Read] /home/yzs/riscv/qemu/target/riscv/tcg/tcg-cpu.c
[08:11:50] [spechunter] [Read] /home/yzs/riscv/qemu/target/riscv/insn_trans/trans_rvv.c.inc
[08:11:50] [spechunter] [Read] /home/yzs/riscv/qemu/target/riscv/tcg/tcg-cpu.c
[08:11:58] [spechunter] [Read] /home/yzs/riscv/qemu/target/riscv/translate.c
[08:11:58] [spechunter] [Read] /home/yzs/riscv/qemu/target/riscv/tcg/tcg-cpu.c
[08:11:58] [spechunter] [Read] /home/yzs/riscv/qemu/target/riscv/csr.c
[08:12:03] [spechunter] [Grep] pattern='riscv_cpu_validate_v'
[08:12:03] [spechunter] [Grep] pattern='ext_zfinx'
[08:12:10] [spechunter] [Read] /home/yzs/riscv/XiangShan/src/main/scala/xiangshan/backend/decode/VecDecoder.scala
[08:12:10] [spechunter] [Grep] pattern='VFMV|vfmv|VF_MERGE'
[08:12:19] [spechunter] [Read] /home/yzs/riscv/qemu/target/riscv/tcg/tcg-cpu.c
[08:12:19] [spechunter] [Read] /home/yzs/riscv/qemu/target/riscv/tcg/tcg-cpu.c
[08:12:19] [spechunter] [Grep] pattern='require_rvf\\b'
[08:12:25] [spechunter] [text] Let me read the key validation functions and the spec text to produce a concrete, code-backed audit.  
[08:12:25] [spechunter] [Read] /home/yzs/riscv/linux/arch/riscv/kernel/cpufeature.c
[08:12:25] [spechunter] [Read] /home/yzs/riscv/rv-isa-sec/spec_ref/riscv-isa-manual/src/unpriv/vector-common.adoc
[08:12:25] [spechunter] [Read] /home/yzs/riscv/rv-isa-sec/spec_ref/riscv-isa-manual/src/unpriv/vector-common.adoc
[08:12:25] [spechunter] [Read] /home/yzs/riscv/linux/arch/riscv/Kconfig
[08:12:27] [spechunter] [Read] /home/yzs/riscv/XiangShan/src/main/scala/xiangshan/backend/decode/VecExceptionGen.scala
[08:12:41] [spechunter] [text] Let me check the trap context structure and HSM suspend path
[08:12:41] [spechunter] [Grep] pattern='struct sbi_trap_context'
[08:12:41] [spechunter] [Read] /home/yzs/riscv/opensbi/lib/sbi/sbi_hart.c
[08:12:43] [spechunter] [text] Let me also check the Zfinx spec for the misa.F/D/Q rules and the V extension's dependency on F/D.  
[08:12:43] [spechunter] [Read] /home/yzs/riscv/rv-isa-sec/spec_ref/riscv-isa-manual/src/unpriv/zfinx.adoc
[08:12:43] [spechunter] [Read] /home/yzs/riscv/rv-isa-sec/spec_ref/riscv-isa-manual/src/unpriv/v-st-ext.adoc
[08:12:43] [spechunter] [text] Let me check if V itself is validated to require F anywhere, and also look at how Zve32f/64d relate to V.  
[08:12:43] [spechunter] [Grep] pattern='ext_zve'
[08:12:43] [spechunter] [Grep] pattern='ext_zve32f|ext_zve64d|ext_zve64f'
[08:12:50] [spechunter] [Read] /home/yzs/riscv/qemu/target/riscv/cpu.c
[08:12:50] [spechunter] [Read] /home/yzs/riscv/qemu/target/riscv/cpu.c
[08:12:57] [spechunter] [text] Now I have all the data needed. Let me analyze and produce the final location set.  **Analysis:**  The PR is about a RIS...
[08:12:57] [spechunter] [Write] /home/yzs/riscv/freebsd-src/cross_validate_V_Zfinx.json
[08:13:00] [spechunter] [text] Now I have a clear picture. Let me also verify there are no existing Zfinx references or misa-related dependency checks....
[08:13:00] [spechunter] [Grep] pattern='Zfinx|zfinx|ZFINX'
[08:13:00] [spechunter] [Grep] pattern='misallegal|misa.*illegal|misa.*check|misa.*require'
[08:13:08] [spechunter] [text] Let me verify a few more details about how `has_fpu()` and the low-level FS/VS CSR handling work, since these would be t...
[08:13:08] [spechunter] [Grep] pattern='has_fpu'
[08:13:08] [spechunter] [Grep] pattern='SR_FS'
[08:13:08] [spechunter] [Grep] pattern='RISCV_ISA_EXT_f\\b|RISCV_ISA_EXT_d\\b'
[08:13:14] [spechunter] [Grep] pattern='implied_misa_exts'
[08:13:14] [spechunter] [Grep] pattern='ISA_EXT_DATA_ENTRY\\(zve32f\\)|ISA_EXT_DATA_ENTRY\\(zve64f\\)|ISA_EXT_DATA_ENTRY\\(zve64d\\)'
[08:13:20] [spechunter] [text] ## Result  ```json {   "locations": [     {       "file": "contrib/llvm-project/llvm/lib/Target/RISCV/RISCVFeatures.td",...
[08:13:26] [spechunter] [Read] /home/yzs/riscv/qemu/target/riscv/cpu.c
[08:13:26] [spechunter] [Grep] pattern='implied_misa_exts|isa_ext_implied_apply'
[08:13:27] [spechunter] [text] Now let me verify that the kernel has no Zfinx detection at all by checking the isa extension data and hwprobe infrastru...
[08:13:27] [spechunter] [Grep] pattern='zfinx|zdinx|zhinx|ZFINX|ZDINX|ZHINX'
[08:13:27] [spechunter] [Grep] pattern='has_vector\\b'
[08:13:27] [spechunter] [Read] /home/yzs/riscv/rv-isa-sec/spec_ref/riscv-isa-manual/src/unpriv/vector-common.adoc
[08:13:43] [spechunter] [text] Now let me verify whether OpenSBI has any explicit Zfinx detection logic
[08:13:43] [spechunter] [Grep] pattern='zfinx|zdinx|zhinx'
[08:13:43] [spechunter] [Grep] pattern='illegal_insn|ill_insn|illegal'
[08:13:53] [spechunter] [text] Now I have a thorough understanding of the codebase. Let me produce the final cross-validated location set.  The PR clar...
[08:13:53] [spechunter] [Write] /home/yzs/.claude/projects/-home-yzs-riscv-XiangShan/3114c284-0b8e-4467-8c97-3761ae543ecf/tool-results/call_afb464ac995b4b52a35230ba.txt
[08:13:58] [spechunter] [text] I need to search the FreeBSD codebase for code related to RISC-V Vector (V) extension and Zfinx compatibility. Let me st...
[08:13:58] [spechunter] [Agent] description, prompt
[08:13:58] [spechunter] [Agent] description, prompt
[08:14:05] [spechunter] [Grep] pattern='implied_misa_exts'
[08:14:05] [spechunter] [Grep] pattern='isa_ext_implied_apply|implied_misa'
[08:14:09] [spechunter] [Bash] List top-level directory structure
[08:14:09] [spechunter] [Grep] pattern='[Zz]finx'
[08:14:09] [spechunter] [Glob] **/*
[08:14:10] [spechunter] [text] Now let me see how `implied_misa_exts` is processed during CPU realization, and also look at the `require_rvf` callers i...
[08:14:10] [spechunter] [Grep] pattern='implied_misa_exts'
[08:14:22] [spechunter] [text] ```json {   "locations": [     {       "file": "src/main/scala/xiangshan/backend/decode/VecDecoder.scala",       "line":...
[08:14:23] [spechunter] [Grep] pattern='isa_ext_implied_setup|implied_misa_exts|riscv_isa_ext_apply_implicits'
[08:14:28] [spechunter] [text] Let me check how `implied_misa_exts` is actually processed during CPU realize
[08:14:28] [spechunter] [Grep] pattern='riscv_isa_ext_apply_implicits|implied_misa_exts'
[08:14:32] [spechunter] [Grep] pattern='Zfinx|zfinx|ZFINX'
[08:14:32] [spechunter] [Grep] pattern='vector|Vector|VECTOR'
[08:14:32] [spechunter] [Grep] pattern='rvv|RVV'
[08:14:32] [spechunter] [Grep] pattern='vector'
[08:14:32] [spechunter] [Grep] pattern='conflict|incompatible|coexist|mutual.*exclusive'
[08:14:32] [spechunter] [Grep] pattern='cpu.*feature|feature.*cpu|isa.*ext|ext.*isa'
[08:14:32] [spechunter] [Grep] pattern='implied_misa_exts'
[08:14:41] [spechunter] [Read] /home/yzs/riscv/qemu/target/riscv/tcg/tcg-cpu.c
[08:14:41] [spechunter] [text] Let me check the trap handler for vector-related checks and the CSR detection for FP/vector.  
[08:14:41] [spechunter] [Read] /home/yzs/riscv/opensbi/lib/sbi/sbi_trap.c
[08:14:41] [spechunter] [Read] /home/yzs/riscv/qemu/target/riscv/cpu.c
[08:14:41] [spechunter] [Grep] pattern='SBI_HART_EXT_SMSTATEEN|mstateen0.*FS|mstateen0.*VS|MSTATEEN_FS|MSTATEEN_VS'
[08:14:50] [spechunter] [text] Now let me check the remaining key pieces - the Zfinx interaction with the V extension implementation, and the `has_ext`...
[08:14:50] [spechunter] [Grep] pattern='ext_zfinx.*ext_zve|ext_zve.*ext_zfinx'
[08:14:50] [spechunter] [Grep] pattern='has_ext.*RVF|has_ext.*RVD'
[08:14:57] [spechunter] [Read] /home/yzs/riscv/rv-isa-sec/spec_ref/riscv-isa-manual/src/unpriv/zfinx.adoc
[08:14:57] [spechunter] [Read] /home/yzs/riscv/rv-isa-sec/spec_ref/riscv-cheri/src/zfinx.adoc
[08:14:57] [spechunter] [Grep] pattern='[Zz]finx|[Vv]ector|floating-point.register|vfreg|vreg'
[08:14:57] [spechunter] [Read] /home/yzs/riscv/rv-isa-sec/spec_ref/riscv-isa-manual/normative_rule_defs/zfinx.yaml
[08:14:57] [spechunter] [Read] /home/yzs/riscv/rv-isa-sec/spec_ref/riscv-isa-manual/normative_rule_defs/v-st-ext.yaml
[08:14:57] [spechunter] [Grep] pattern='[Zz]finx'
[08:14:57] [spechunter] [Grep] pattern='[Zz]finx'
[08:14:57] [spechunter] [Read] /home/yzs/riscv/rv-isa-sec/spec_ref/riscv-cheri/src/v-st-ext.adoc
[08:14:57] [spechunter] [Grep] pattern='[Zz]finx'
[08:14:57] [spechunter] [Grep] pattern='[Zz]finx'
[08:14:57] [spechunter] [Grep] pattern='[Zz]finx'
[08:15:04] [spechunter] [Grep] pattern='riscv_isa_ext_apply_implicits'
[08:15:04] [spechunter] [Grep] pattern='riscv_cpu_validate_set_extensions|apply_implied|implied_exts_rules'
[08:15:07] [spechunter] [Grep] pattern='implied_exts_rules|imply|IMPLIED.*apply|apply.*implied'
[08:15:10] [spechunter] [text] I'll search the XiangShan codebase for code related to the PR context (V-extension + Zfinx compatibility), since the cod...
[08:15:10] [spechunter] [Agent] description, subagent_type
[08:15:10] [spechunter] [Agent] description, subagent_type
[08:15:23] [spechunter] [Grep] pattern='has_v|has_vector|HWCAP_ISA_V|\\"v\\"|\'v\''
[08:15:23] [spechunter] [Read] /home/yzs/riscv/freebsd-src/sys/riscv/riscv/identcpu.c
[08:15:23] [spechunter] [Grep] pattern='vector|Vector|VECTOR'
[08:15:23] [spechunter] [Grep] pattern='vector|Vector|VECTOR|vreg|vcsr'
[08:15:23] [spechunter] [Grep] pattern='vector|Vector|VECTOR'
[08:15:23] [spechunter] [Grep] pattern='vector|Vector|VECTOR'
[08:15:27] [spechunter] [Grep] pattern='(?i)zfinx'
[08:15:27] [spechunter] [Grep] pattern='(?i)finx'
[08:15:27] [spechunter] [Grep] pattern='ZFINX|Zfinx|zfinx'
[08:15:27] [spechunter] [Grep] pattern='(?i)float.*integer.*register|integer.*float.*register|fp.*in.*int.*reg|int.*reg.*fp'
[08:15:29] [spechunter] [Glob] **/src/main/scala/**/*CSR*
[08:15:29] [spechunter] [Glob] **/src/main/scala/**/*csr*
[08:15:29] [spechunter] [Glob] **/src/main/scala/**/*Mstatus*
[08:15:29] [spechunter] [Glob] **/src/main/scala/**/*mstatus*
[08:15:29] [spechunter] [Glob] **/src/main/scala/**/*misa*
[08:15:29] [spechunter] [Glob] **/src/main/scala/**/*Misa*
[08:15:33] [spechunter] [Grep] pattern='zfinx|zdinx|zhinx|finx|dinx'
[08:15:33] [spechunter] [Grep] pattern='mstatus_init|fp_init|delegate|hart_init|vector|misa_extension'
[08:15:34] [spechunter] [text] Let me search the QEMU codebase for code locations relevant to the V extension's dependency on F and its compatibility w...
[08:15:34] [spechunter] [Grep] pattern='V.*depend.*[Ff]|EXT_V.*EXT_F|vext.*fext|zfinx.*vector|vector.*zfinx'
[08:15:34] [spechunter] [Grep] pattern='Zfinx'
[08:15:34] [spechunter] [Grep] pattern='ext_v.*requires|requires.*ext_v|vext.*requires|V requires'
[08:15:39] [spechunter] [Read] /home/yzs/riscv/rv-isa-sec/spec_ref/riscv-isa-manual/src/unpriv/vector-common.adoc
[08:15:39] [spechunter] [Grep] pattern='Zfinx|zfinx|ZFINX'
[08:15:39] [spechunter] [Grep] pattern='Zfinx|zfinx|ZFINX|Zve32x|vfop_freg|V_Zfinx|freg'
[08:15:39] [spechunter] [Grep] pattern='Zfinx|zfinx'
[08:15:39] [spechunter] [Grep] pattern='Zfinx|zfinx'
[08:15:39] [spechunter] [Grep] pattern='Zfinx|zfinx'
[08:15:39] [spechunter] [Grep] pattern='Zfinx|zfinx'
[08:15:39] [spechunter] [Grep] pattern='Zfinx|zfinx'
[08:15:42] [spechunter] [text] Now I have all the data needed for a thorough audit. Let me produce the analysis.  ```json {   "findings": [     {      ...
[08:15:50] [spechunter] [Read] /home/yzs/riscv/rv-isa-sec/spec_ref/riscv-isa-manual/src/unpriv/vector-common.adoc
[08:15:50] [spechunter] [Read] /home/yzs/riscv/rv-isa-sec/spec_ref/riscv-cheri/src/v-st-ext.adoc
[08:15:50] [spechunter] [Read] /home/yzs/riscv/rv-isa-sec/spec_ref/riscv-cheri/src/v-st-ext.adoc
[08:15:50] [spechunter] [Grep] pattern='Zve32x|Zve64x.*Zfinx|V.*Zfinx|vector.*zfinx|zfinx.*vector|floating-point.*vector|vector.*float'
[08:15:50] [spechunter] [Grep] pattern='Zve32x|Zve32f|Zve64x|Zve64f|Zve64d'
[08:15:51] [spechunter] [Grep] pattern='HWCAP_ISA'
[08:15:51] [spechunter] [Read] /home/yzs/riscv/freebsd-src/sys/riscv/include/elf.h
[08:15:51] [spechunter] [Grep] pattern='vector|vcsr|vstart|vl|vtype|vlenb'
[08:15:51] [spechunter] [Grep] pattern='vector|vcsr|vlenb|vstart'
[08:15:51] [spechunter] [Glob] sys/riscv/**/vmm*
[08:15:51] [spechunter] [Bash] List lib/libriscv directory
[08:15:56] [spechunter] [Grep] pattern='ext_v.*ext_f|RVF.*ext_v|ext_v.*RVF|V extension.*requires.*F|F extension.*V|isa_ext.*v.*f'
[08:15:56] [spechunter] [Grep] pattern='ext_v'
[08:15:56] [spechunter] [Grep] pattern='vext_check_isa|vext_require|vext.*float|vext.*freg|vext.*float_check'
[08:16:03] [spechunter] [Grep] pattern='Zve'
[08:16:03] [spechunter] [Grep] pattern='FS_off|mstatus.*FS|fs.*field|mstatus.FS'
[08:16:03] [spechunter] [Read] /home/yzs/riscv/rv-isa-sec/spec_ref/riscv-isa-manual/src/unpriv/vector-common.adoc
[08:16:03] [spechunter] [Grep] pattern='Zve32x.*Zfinx|Zve.*Zfinx|Zve.*freg|nsupport_freg'
[08:16:07] [spechunter] [Grep] pattern='(?i)finx'
[08:16:07] [spechunter] [Grep] pattern='(?i)(misa|mstatus|menvcfg).*fin|fin.*(misa|mstatus|menvcfg)'
[08:16:07] [spechunter] [Grep] pattern='(?i)vector.*float|float.*vector|vfloat|fvector'
[08:16:07] [spechunter] [Grep] pattern='(?i)(misa|mstatus|menvcfg)'
[08:16:09] [spechunter] [Grep] pattern='Zfinx|zfinx|FINX'
[08:16:09] [spechunter] [Grep] pattern='menvcfg|MEnvCfg|MENVCFG'
[08:16:09] [spechunter] [Grep] pattern='senvcfg|SEnvCfg|SENVCFG'
[08:16:09] [spechunter] [Grep] pattern='mstatus.*VS|VS.*mstatus|\\.VS\\b|vsEnable|vs_enable'
[08:16:09] [spechunter] [Grep] pattern='CUSTOM_CSR'
[08:16:09] [spechunter] [Grep] pattern='mstatus|MStatus'
[08:16:12] [spechunter] [Grep] pattern='HWCAP|elf_hwcap'
[08:16:12] [spechunter] [Read] /home/yzs/riscv/freebsd-src/sys/riscv/riscv/locore.S
[08:16:12] [spechunter] [Grep] pattern='context|save|restore|swtch|switch_to'
[08:16:12] [spechunter] [Glob] sys/riscv/**/exception*.S
[08:16:12] [spechunter] [Glob] sys/riscv/**/trap*.S
[08:16:12] [spechunter] [Bash] List all files in sys/riscv recursively (non-vmm)
[08:16:14] [spechunter] [Grep] pattern='isa_ext_is_compatible.*RVF|RVF.*isa_ext_is_compatible|RVF.*depend|depend.*RVF'
[08:16:14] [spechunter] [Grep] pattern='ext_v.*compatible|compatible.*ext_v'
[08:16:14] [spechunter] [Grep] pattern='vext_check_isa|vext_check_float|vext_check_reg|require_rvf|require_float'
[08:16:24] [spechunter] [Grep] pattern='ext_v|require.*[Vv]ector'
[08:16:24] [spechunter] [Grep] pattern='require_rvf|opfv_check|opfvf_check|opfvv_check|opmvv_check'
[08:16:24] [spechunter] [Grep] pattern='ISA_EXT_DATA_ENTRY.*ext_v|ext_v.*depend|depend.*ext_v'
[08:16:27] [spechunter] [Read] /home/yzs/riscv/rv-isa-sec/spec_ref/riscv-isa-manual/src/unpriv/vector-common.adoc
[08:16:27] [spechunter] [Read] /home/yzs/riscv/rv-isa-sec/spec_ref/riscv-isa-manual/src/unpriv/zf.adoc
[08:16:27] [spechunter] [Grep] pattern='zfinx|Zfinx|vector|Zve|V.ext'
[08:16:27] [spechunter] [Read] /home/yzs/riscv/rv-isa-sec/spec_ref/riscv-isa-manual/src/unpriv/zf.adoc
[08:16:27] [spechunter] [Grep] pattern='Zfinx|zfinx'
[08:16:27] [spechunter] [Grep] pattern='Zfinx|zfinx'
[08:16:34] [spechunter] [Read] /home/yzs/riscv/freebsd-src/sys/riscv/riscv/swtch.S
[08:16:34] [spechunter] [Read] /home/yzs/riscv/freebsd-src/sys/riscv/include/pcb.h
[08:16:34] [spechunter] [Read] /home/yzs/riscv/freebsd-src/sys/riscv/riscv/fpe.c
[08:16:34] [spechunter] [Read] /home/yzs/riscv/freebsd-src/sys/riscv/include/fpe.h
[08:16:34] [spechunter] [Read] /home/yzs/riscv/freebsd-src/sys/riscv/include/frame.h
[08:16:34] [spechunter] [Read] /home/yzs/riscv/freebsd-src/sys/riscv/include/riscvreg.h
[08:16:42] [spechunter] [Grep] pattern='misa|Misa'
[08:16:42] [spechunter] [Grep] pattern='FS|\\.FS\\b|fs_field'
[08:16:42] [spechunter] [Grep] pattern='\\.VS\\b|VS_field|vs_field|vsEnable'
[08:16:42] [spechunter] [Grep] pattern='\\.XS\\b|XS_field|xs_field'
[08:16:42] [spechunter] [Grep] pattern='menvcfg|Menvcfg|MENVCFG'
[08:16:42] [spechunter] [Grep] pattern='senvcfg|Senvcfg|SENVCFG'
[08:16:46] [spechunter] [Grep] pattern='(?i)(FS|VS|XS).*mstatus|mstatus.*(FS|VS|XS)'
[08:16:46] [spechunter] [Grep] pattern='(?i)float|fp_|xlen|flen|dlen'
[08:16:46] [spechunter] [Grep] pattern='(?i)menvcfg.*fiom|fiom|finx'
[08:16:46] [spechunter] [Read] /home/yzs/riscv/XiangShan/src/main/scala/xiangshan/backend/decode/isa/CSRs.scala
[08:16:49] [spechunter] [Grep] pattern='nsupport_freg|without floating|no floating|does not include|Zve32x|Zve64x|V extension.dependent|dependent_F_D|V_dependent'
[08:16:49] [spechunter] [Grep] pattern='Zve32x'
[08:16:49] [spechunter] [Grep] pattern='Zve32x|Zve64x|nsupport_freg|no floating-point|misa.F'
[08:16:50] [spechunter] [text] Now let me look at the CPU definition file to find the V extension dependency declarations
[08:16:50] [spechunter] [Grep] pattern='ext_v|RV_V|RVV'
[08:16:50] [spechunter] [Grep] pattern='ISA_EXT_DATA_ENTRY\\(v'
[08:16:52] [spechunter] [Grep] pattern='vector|vcsr|vstart|vl|vtype|vlenb|SSTATUS_VS'
[08:16:52] [spechunter] [Grep] pattern='vector|vcsr|vstart|vl|vtype|vlenb|fpe|fpu'
[08:16:52] [spechunter] [Grep] pattern='fpe|fpu|float|vector|SSTATUS_FS|SSTATUS_VS'
[08:16:52] [spechunter] [Grep] pattern='fpe|fpu|float|vector|VS|has_f|has_d'
[08:16:52] [spechunter] [Grep] pattern='has_f|has_d|has_float'
[08:16:52] [spechunter] [Grep] pattern='vector|vcsr|vstart|fpe|float|fpreg'
[08:16:59] [spechunter] [Read] /home/yzs/riscv/XiangShan/src/main/scala/xiangshan/backend/fu/NewCSR/CSRBundles.scala
[08:16:59] [spechunter] [Read] /home/yzs/riscv/XiangShan/src/main/scala/xiangshan/backend/fu/NewCSR/CSRDefines.scala
[08:16:59] [spechunter] [Grep] pattern='Misa|misa'
[08:16:59] [spechunter] [Grep] pattern='Misa|misa'
[08:17:04] [spechunter] [Read] /home/yzs/riscv/freebsd-src/sys/riscv/riscv/trap.c
[08:17:04] [spechunter] [Read] /home/yzs/riscv/freebsd-src/sys/riscv/riscv/genassym.c
[08:17:04] [spechunter] [Read] /home/yzs/riscv/freebsd-src/sys/riscv/riscv/elf_machdep.c
[08:17:04] [spechunter] [Read] /home/yzs/riscv/freebsd-src/sys/riscv/include/reg.h
[08:17:04] [spechunter] [Grep] pattern='fpe|fpu|float|vector|vs'
[08:17:04] [spechunter] [Grep] pattern='sstatus|fcsr'
[08:17:04] [spechunter] [Read] /home/yzs/riscv/rv-isa-sec/spec_ref/riscv-cheri/src/v-st-ext.adoc
[08:17:04] [spechunter] [Read] /home/yzs/riscv/rv-isa-sec/spec_ref/riscv-cheri/src/v-st-ext.adoc
[08:17:15] [spechunter] [Read] /home/yzs/riscv/XiangShan/src/main/scala/xiangshan/backend/fu/NewCSR/MachineLevel.scala
[08:17:15] [spechunter] [Read] /home/yzs/riscv/XiangShan/src/main/scala/xiangshan/backend/fu/NewCSR/MachineLevel.scala
[08:17:15] [spechunter] [Read] /home/yzs/riscv/XiangShan/src/main/scala/xiangshan/backend/fu/NewCSR/StateEnBundle.scala
[08:17:15] [spechunter] [Read] /home/yzs/riscv/XiangShan/src/main/scala/xiangshan/backend/fu/NewCSR/SupervisorLevel.scala
[08:17:17] [spechunter] [Grep] pattern='vector|Vector|VECTOR|fpe|fpu|float'
[08:17:17] [spechunter] [Grep] pattern='vector|Vector|VECTOR|fpe|fpu|float'
[08:17:17] [spechunter] [Grep] pattern='vector|Vector|VECTOR|fpe|fpu|float|vs'
[08:17:17] [spechunter] [Grep] pattern='vector|fpe|fpu|float|fcsr|sstatus.FS|fpflags'
[08:17:17] [spechunter] [Grep] pattern='zfinx|Zfinx|ZFINX'
[08:17:17] [spechunter] [Grep] pattern='riscv|RISCV|vector'
[08:17:22] [spechunter] [Grep] pattern='ext_v.*ext_f|ext_f.*ext_v|v.*requires.*[Ff]|F.*required.*[Vv]|zve'
[08:17:22] [spechunter] [Grep] pattern='ext_zve|ZVE|zve64'
[08:17:30] [spechunter] [Grep] pattern='dependent.*F.*D|dependent.*F|F and D extension|depends upon the F'
[08:17:30] [spechunter] [Grep] pattern='Zve32x|Zve64x|Zve32f|Zve64f|Zve64d'
[08:17:30] [spechunter] [Read] /home/yzs/riscv/rv-isa-sec/spec_ref/riscv-isa-manual/src/unpriv/vector-common.adoc
[08:17:34] [spechunter] [Grep] pattern='(?i)FS|field.*float|float.*status|Off|Initial|Clean|Dirty'
[08:17:34] [spechunter] [Grep] pattern='(?i)misa|isa_ext|Extension|ext_bits|hasF|hasD|hasV'
[08:17:34] [spechunter] [Grep] pattern='(?i)fLen|minFLen|flen|fp.*reg|rfp|fp_reg|reg.*fp'
[08:17:34] [spechunter] [Glob] **/DecodeUnit*.scala
[08:17:34] [spechunter] [text] Now I have a thorough understanding of the code. Let me also check how the CSR save/restore in the domain context handle...
[08:17:34] [spechunter] [Read] /home/yzs/riscv/opensbi/lib/sbi/sbi_domain_context.c
[08:17:34] [spechunter] [Grep] pattern='MSTATUS_FS|MSTATUS_VS|MSTATUS_MPP'
[08:17:42] [spechunter] [Read] /home/yzs/riscv/freebsd-src/sys/riscv/vmm/vmm_riscv.c
[08:17:42] [spechunter] [Grep] pattern='fpe|fpu|float|sstatus|fs_init|fs_clean|vcsr|vector'
[08:17:42] [spechunter] [Grep] pattern='sstatus|fpe|fpu|float|ved'
[08:17:42] [spechunter] [Grep] pattern='misa|MISA|FS|VS|XS'
[08:17:42] [spechunter] [Grep] pattern='fpe|fpu|float|vector|mcontext|fpreg'
[08:17:42] [spechunter] [Grep] pattern='fpe|fpu|float|vector|mcontext|fpreg'
[08:17:45] [spechunter] [Bash] Check if v-st-ext.adoc files differ between repos
[08:17:45] [spechunter] [Glob] **/v-st-ext*
[08:17:45] [spechunter] [Glob] **/v*
[08:17:56] [spechunter] [Grep] pattern='(?i)fp.*src|fp.*rd|fp.*lreg|rfp|float.*read|float.*write|intRead|intWrite|fpRead|fpWrite'
[08:17:56] [spechunter] [Read] /home/yzs/riscv/XiangShan/src/main/scala/xiangshan/backend/decode/VecDecoder.scala
[08:17:56] [spechunter] [Grep] pattern='(?i)HasFPU|HasF|HasD|HasV|hasV|hasF|hasD|Extension|ExtType|fp_alu|FMA|FDIV|FSQRT'
[08:17:56] [spechunter] [Grep] pattern='(?i)widen|narrow|fp_32|fp_64|fp16|fp64|flen|fLen|minflen|minFLen|float_width|fp_width'
[08:17:58] [spechunter] [Read] /home/yzs/riscv/rv-isa-sec/spec_ref/riscv-isa-manual/src/unpriv/v-st-ext.adoc
[08:17:58] [spechunter] [Grep] pattern='Zve32x|Zve64x|Zve32f|Zve64f|Zve64d|nonsupport|no floating|without floating|does not include|dependent.*F|dependent.*D'
[08:17:59] [spechunter] [Read] /home/yzs/riscv/XiangShan/src/main/scala/xiangshan/backend/decode/isa/CSRs.scala
[08:17:59] [spechunter] [Grep] pattern='VS|vsEnable|vs_enable|isVS|VS.*Off|VS.*Initial|VS.*Clean|VS.*Dirty'
[08:17:59] [spechunter] [Grep] pattern='FS|\\.FS\\b|fsEnable|fs_enable'
[08:17:59] [spechunter] [Grep] pattern='vector|Vector|fcsr|FCSR|float|Float'
[08:17:59] [spechunter] [Read] /home/yzs/riscv/XiangShan/src/main/scala/xiangshan/backend/fu/NewCSR/VirtualSupervisorLevel.scala
[08:18:06] [spechunter] [text] Now let me also check the `require_rvfmin` function fully and the `cpu_get_tb_cpu_state` function that's relevant to Zfi...
[08:18:06] [spechunter] [Read] /home/yzs/riscv/qemu/target/riscv/insn_trans/trans_rvv.c.inc
[08:18:06] [spechunter] [Read] /home/yzs/riscv/qemu/target/riscv/tcg/tcg-cpu.c
[08:18:06] [spechunter] [Read] /home/yzs/riscv/qemu/target/riscv/tcg/tcg-cpu.c
[08:18:16] [spechunter] [text] Now let me check how V-extension validation works with the implied extensions, and the handling of floating-point state ...
[08:18:16] [spechunter] [Read] /home/yzs/riscv/qemu/target/riscv/tcg/tcg-cpu.c
[08:18:16] [spechunter] [Read] /home/yzs/riscv/qemu/target/riscv/cpu.c
[08:18:17] [spechunter] [text] Now I have a comprehensive understanding of the codebase and the spec interaction. Let me analyze the relevant code loca...
[08:18:17] [spechunter] [Read] /home/yzs/riscv/rv-isa-sec/spec_ref/riscv-isa-manual/src/priv/machine.adoc
[08:18:23] [spechunter] [Read] /home/yzs/riscv/rv-isa-sec/spec_ref/riscv-isa-manual/src/profiles/rva22.adoc
[08:18:23] [spechunter] [Read] /home/yzs/riscv/rv-isa-sec/spec_ref/riscv-isa-manual/src/unpriv/v-st-ext.adoc
[08:18:23] [spechunter] [Grep] pattern='misa.F.*0|misa.*F.*hardwire|FS.*hardwire|FS.*zero|f.registers.overlap|v.registers.*f.register'
[08:18:36] [spechunter] [Read] /home/yzs/riscv/freebsd-src/sys/riscv/include/ucontext.h
[08:18:36] [spechunter] [Read] /home/yzs/riscv/freebsd-src/sys/riscv/include/sigframe.h
[08:18:36] [spechunter] [Read] /home/yzs/riscv/freebsd-src/sys/riscv/include/md_var.h
[08:18:38] [spechunter] [Grep] pattern='ZVE64D_IMPLIED|ZVE64F_IMPLIED|ZVE32F_IMPLIED|ZVE32X_IMPLIED'
[08:18:38] [spechunter] [Grep] pattern='ext_zfinx.*ext_v|ext_v.*ext_zfinx|RVV.*zfinx|zfinx.*RVV'
[08:18:41] [spechunter] [Read] /home/yzs/riscv/XiangShan/src/main/scala/xiangshan/backend/fu/NewCSR/CSRPermitModule.scala
[08:18:41] [spechunter] [Read] /home/yzs/riscv/XiangShan/src/main/scala/xiangshan/backend/fu/NewCSR/ExceptionBundle.scala
[08:18:41] [spechunter] [Grep] pattern='Zfinx|zfinx|FINX'
[08:18:56] [spechunter] [Grep] pattern='ZFINX_IMPLIED|RVF_IMPLIED'
[08:18:58] [spechunter] [Read] /home/yzs/riscv/freebsd-src/cross_validate_V_Zfinx.json
[08:18:58] [spechunter] [Read] /home/yzs/riscv/freebsd-src/contrib/llvm-project/llvm/lib/TargetParser/RISCVISAInfo.cpp
[08:18:58] [spechunter] [Grep] pattern='MAXCPU|SSTATUS_FS|SSTATUS_VS|SSTATUS_XS'
[08:18:58] [spechunter] [Grep] pattern='vector|SIMD|vreg|vlen|vtype|vstart|vxsat'
[08:18:59] [spechunter] [Glob] **/NewCSR/CSRConfig*
[08:18:59] [spechunter] [Grep] pattern='XS|\\.XS\\b|xs|contextStatus'
[08:18:59] [spechunter] [Grep] pattern='csrIsVec|vecOff|vsEffectiveOff|writeVCSR|writeFCSR|hasLegalWrite'
[08:19:07] [spechunter] [Glob] **/CSRConfig*
[08:19:07] [spechunter] [Read] /home/yzs/riscv/XiangShan/src/main/scala/xiangshan/backend/fu/NewCSR/NewCSR.scala
[08:19:07] [spechunter] [Read] /home/yzs/riscv/XiangShan/src/main/scala/xiangshan/backend/fu/NewCSR/NewCSR.scala
[08:19:07] [spechunter] [Read] /home/yzs/riscv/XiangShan/src/main/scala/xiangshan/backend/fu/NewCSR/CSRFields.scala
[08:19:19] [spechunter] [Grep] pattern='HWCAP_ISA_V|has_v\\b|"v"|\'v\''
[08:19:19] [spechunter] [Grep] pattern='vector|vcsr|vstart|vlenb|vtype|vl'
[08:19:19] [spechunter] [Grep] pattern='SSTATUS_VS'
[08:19:27] [spechunter] [Glob] **/CSRConfig*
[08:19:27] [spechunter] [Grep] pattern='illegal.*vector|illegal.*float|fpOff|vecOff|fsEffectiveOff|vsEffectiveOff|ILLEGAL_INST'
[08:19:27] [spechunter] [Grep] pattern='F_DPREFETCH|F_DPREFETCH|[IJK]\\.U\\(4\\)'
[08:19:27] [spechunter] [Read] /home/yzs/riscv/XiangShan/src/main/scala/xiangshan/backend/fu/NewCSR/MachineLevel.scala
[08:19:34] [spechunter] [Grep] pattern='fpe|fpu|float|fpreg|vector|VS'
[08:19:34] [spechunter] [Read] /home/yzs/riscv/freebsd-src/sys/riscv/riscv/locore.S
[08:19:34] [spechunter] [Grep] pattern='\\bv\\b.*extension|extension.*\\bv\\b|vex'
[08:19:47] [spechunter] [Grep] pattern='CSRConfig'
[08:19:47] [spechunter] [Read] /home/yzs/riscv/XiangShan/src/main/scala/xiangshan/backend/fu/NewCSR/MachineLevel.scala
[08:19:53] [spechunter] [text] Now let me check the ZFHMIN_IMPLIED rule and the full require_rvfmin function, plus the start of the validation function...
[08:19:53] [spechunter] [Read] /home/yzs/riscv/qemu/target/riscv/insn_trans/trans_rvv.c.inc
[08:19:53] [spechunter] [Read] /home/yzs/riscv/qemu/target/riscv/tcg/tcg-cpu.c
[08:20:25] [spechunter] [Grep] pattern='object CSRConfig'
[08:20:25] [spechunter] [Grep] pattern='HasRobCommitBundle|isVirtMode|writeFCSR|writeVCSR|hasLegalWrite'
[08:20:25] [spechunter] [Read] /home/yzs/riscv/XiangShan/src/main/scala/xiangshan/backend/fu/NewCSR/CSRBundle.scala
[08:20:49] [spechunter] [text] Now I have a comprehensive understanding of the codebase. Let me synthesize the findings.  ```json {   "locations": [   ...
[08:20:56] [spechunter] [Grep] pattern='object CSRConfig'
[08:21:00] [spechunter] [Read] /home/yzs/riscv/XiangShan/src/main/scala/xiangshan/backend/fu/NewCSR/NewCSR.scala
[08:21:03] [spechunter] [Bash] View recent commits on current branch
[08:21:03] [spechunter] [Bash] List files changed vs master
[08:21:18] [spechunter] [Bash] Show diff for csr.c vs master
[08:21:18] [spechunter] [Bash] Commits on this branch beyond master
[08:21:37] [spechunter] [text] Let me read the key spec files for accurate citations.  
[08:21:37] [spechunter] [Read] /home/yzs/riscv/rv-isa-sec/spec_ref/riscv-isa-manual/src/unpriv/vector-common.adoc
[08:21:37] [spechunter] [Read] /home/yzs/riscv/rv-isa-sec/spec_ref/riscv-isa-manual/src/unpriv/zfinx.adoc
[08:21:37] [spechunter] [Read] /home/yzs/riscv/rv-isa-sec/spec_ref/riscv-isa-manual/src/unpriv/v-st-ext.adoc
[08:21:44] [spechunter] [text] Now let me verify the kernel code directly
[08:21:44] [spechunter] [Read] /home/yzs/riscv/freebsd-src/sys/riscv/riscv/identcpu.c
[08:21:44] [spechunter] [Read] /home/yzs/riscv/freebsd-src/sys/riscv/include/elf.h
[08:21:51] [spechunter] [Read] /home/yzs/riscv/XiangShan/src/main/scala/xiangshan/backend/fu/util/CSRConst.scala
[08:21:51] [spechunter] [Grep] pattern='illegal_instruction|ILLEGAL_INST|DecodeIllegal|IllegalInst'
[08:21:56] [spechunter] [Read] /home/yzs/riscv/qemu/target/riscv/csr.c
[08:21:56] [spechunter] [Grep] pattern='MENVCFG_CDE'
[08:22:04] [spechunter] [Grep] pattern='EnableVector|HasVector|EXT_VECTOR|VExtension'
[08:22:04] [spechunter] [Grep] pattern='EnableVector|HasVector|VExtension'
[08:22:04] [spechunter] [Grep] pattern='Zvfh|Zve|vfd|vfm|vector.*float|float.*vector'
[08:22:08] [spechunter] [text] Now I have all the information needed. Let me produce the audit.  
[08:22:08] [spechunter] [Glob] **/cross_validate_V_Zfinx.json
[08:22:11] [spechunter] [Grep] pattern='scountinhibit'
[08:22:11] [spechunter] [Grep] pattern='scountinhibit'
[08:22:19] [spechunter] [Read] /home/yzs/riscv/qemu/target/riscv/csr.c
[08:22:19] [spechunter] [Grep] pattern='CDE|scountinhibit|SSCCFG|Smcdeleg'
[08:22:29] [spechunter] [Grep] pattern='Zfinx|FINX|zfinx|bit 4|E = RO\\( 4'
[08:22:29] [spechunter] [Grep] pattern='val E'
[08:22:29] [spechunter] [Read] /home/yzs/riscv/XiangShan/src/main/scala/xiangshan/backend/fu/wrapper/CSR.scala
[08:22:42] [spechunter] [Grep] pattern='CDE|scountinhibit'
[08:22:42] [spechunter] [Grep] pattern='CDE|scountinhibit'
[08:22:51] [spechunter] [text] Now I have all the information. Let me produce the final audit. The code locations are all `:0-0` (empty) since no speci...
[08:22:51] [spechunter] [Write] /home/yzs/riscv/freebsd-src/V_Zfinx_audit.json
[08:23:02] [spechunter] [Read] /home/yzs/riscv/qemu/target/riscv/csr.c
[08:23:02] [spechunter] [Read] /home/yzs/riscv/qemu/target/riscv/csr.c
[08:23:02] [spechunter] [Read] /home/yzs/riscv/qemu/target/riscv/csr.c
[08:23:11] [spechunter] [text] Here is the audit summary:  ## V/Zfinx Compatibility Audit — FreeBSD RISC-V Kernel  **Overall Severity: `not_implemented...
[08:23:26] [spechunter] [Read] /home/yzs/riscv/qemu/target/riscv/csr.c
[08:23:26] [spechunter] [Read] /home/yzs/riscv/qemu/target/riscv/csr.c
[08:24:09] [spechunter] [text] Now let me check the spec for the `scountinhibit` access rules more carefully, and verify the `write_menvcfg` CDE handli...
[08:24:09] [spechunter] [Read] /home/yzs/riscv/rv-isa-sec/spec_ref/riscv-isa-manual/src/priv/smcdeleg.adoc
[08:24:09] [spechunter] [Read] /home/yzs/riscv/qemu/target/riscv/csr.c
[08:24:26] [spechunter] [Read] /home/yzs/riscv/qemu/target/riscv/csr.c
[08:24:50] [spechunter] [text] Now let me find where `menvcfg` is actually written in `write_menvcfg`:  
[08:24:50] [spechunter] [Read] /home/yzs/riscv/qemu/target/riscv/csr.c
[08:24:59] [spechunter] [text] Let me search the codebase directly for Zfinx-related code.  
[08:24:59] [spechunter] [Grep] pattern='(?i)zfinx|finx|ZFINX|FINX'
[08:24:59] [spechunter] [Grep] pattern='(?i)zfinx|finx'
[08:25:05] [spechunter] [Read] /home/yzs/riscv/rv-isa-sec/spec_ref/riscv-isa-manual/src/unpriv/zfinx.adoc
[08:25:05] [spechunter] [Read] /home/yzs/riscv/rv-isa-sec/spec_ref/riscv-isa-manual/src/unpriv/vector-common.adoc
[08:25:17] [spechunter] [Read] /home/yzs/riscv/rv-isa-sec/spec_ref/riscv-isa-manual/src/unpriv/vector-common.adoc
[08:25:17] [spechunter] [Read] /home/yzs/riscv/rv-isa-sec/spec_ref/riscv-isa-manual/normative_rule_defs/zfinx.yaml
[08:25:42] [spechunter] [text] Now I have a thorough understanding of the PR and the spec. Let me verify the remaining CDE-related access paths to ensu...
[08:25:42] [spechunter] [Grep] pattern='MENVCFG_CDE'
[08:25:54] [spechunter] [Grep] pattern='(?i)zfinx|finx|compatible|conflict'
[08:25:54] [spechunter] [Grep] pattern='(?i)zfinx|finx'
[08:26:06] [spechunter] [text] Now let me search the XiangShan codebase for how vector floating-point scalar operand register selection works, which is...
[08:26:06] [spechunter] [Grep] pattern='(?i)zfinx|finx|V_Zinx|Zinx'
[08:26:06] [spechunter] [Grep] pattern='scalar.*fp|fp.*scalar|vfmv|vfmv.*v\\.f|FloatScalar'
[08:26:10] [spechunter] [Read] /home/yzs/riscv/XiangShan/src/main/scala/xiangshan/backend/decode/VecDecoder.scala
[08:26:30] [spechunter] [Grep] pattern='MENVCFG_FIOM|MENVCFG_CBIE|MENVCFG_CBCFE|MENVCFG_CBZE'
[08:27:06] [spechunter] [text] Now let me check how the CSR handling and configuration work for V extension and Zfinx compatibility
[08:27:06] [spechunter] [Grep] pattern='HasMExtension|HasVExtension|hasV|HasVector'
[08:27:06] [spechunter] [Grep] pattern='SrcType\\.(fp|xp|vp)'
[08:27:06] [spechunter] [Grep] pattern='mstatus|MStatus|VS.*field|FS.*field|stateen|StateEn'
[08:27:32] [spechunter] [Read] /home/yzs/riscv/XiangShan/src/main/scala/xiangshan/backend/fu/wrapper/VFALU.scala
[08:27:32] [spechunter] [Grep] pattern='SrcType'
[08:27:41] [spechunter] [Grep] pattern='SrcType\\.'
[08:27:41] [spechunter] [Grep] pattern='HasMExtension|HasVExtension|HasFpExtension|HasFPUCmd|hasVEu|hasFpu'
[08:27:43] [spechunter] [text] Now let me check the CSR registration for scountinhibit to see if both read and write paths are covered by the predicate
[08:27:43] [spechunter] [Read] /home/yzs/riscv/qemu/target/riscv/csr.c
[08:27:43] [spechunter] [Read] /home/yzs/riscv/qemu/target/riscv/cpu_bits.h
[08:27:47] [spechunter] [Grep] pattern='HasVExt|HasFExt|HasFPU|HasVector|hasV|FPU|fpu|Zfinx|ZFINX'
[08:27:47] [spechunter] [Grep] pattern='object SrcType'
[08:28:13] [spechunter] [text] Let me search for more details on how the FP register file and vector FP scalar interactions work
[08:28:13] [spechunter] [Grep] pattern='SrcType\\.fp|SrcType\\.xp|fpRead|fReadPort'
[08:28:13] [spechunter] [Grep] pattern='SrcType\\.fp|SrcType\\.xp'
[08:28:47] [spechunter] [text] Now let me check if there's any Zfinx-specific configuration or conditional code in the decode path.  
[08:28:47] [spechunter] [Grep] pattern='(?i)zfinx|finx|HasZfinx|hasZfinx|Zinx'
[08:28:47] [spechunter] [Grep] pattern='HasFPU.*HasVPU|HasVPU.*HasFPU'
[08:28:58] [spechunter] [Grep] pattern='write_scountinhibit'
[08:28:58] [spechunter] [Read] /home/yzs/riscv/rv-isa-sec/spec_ref/riscv-isa-manual/src/priv/machine.adoc
[08:29:07] [spechunter] [text] Now I have a thorough understanding of the codebase. Let me compile the findings.  
[08:29:07] [spechunter] [Read] /home/yzs/riscv/rv-isa-sec/spec_ref/riscv-isa-manual/src/unpriv/vector-common.adoc
[08:29:25] [spechunter] [text] Let me verify the CSR mstatus handling to check if there's any Zfinx consideration.  
[08:29:25] [spechunter] [Grep] pattern='mstatus|MStatus|\\.FS\\b|\\"VS\\"|field.*FS'
[08:29:25] [spechunter] [Grep] pattern='misa|MISA|\\.F\\b|\\.D\\b|\\.V\\b'
[08:29:46] [spechunter] [Read] /home/yzs/riscv/qemu/target/riscv/csr.c
[08:29:50] [spechunter] [text] Now I have a thorough understanding of the codebase. Let me compile the findings.  
[08:29:50] [spechunter] [Grep] pattern='SrcType|srcType'
[08:30:22] [spechunter] [text] Now I have a thorough picture of the codebase. Let me also check the CSR Mstatus FS handling and exception generation fo...
[08:30:22] [spechunter] [Grep] pattern='class MstatusBundle'
[08:30:22] [spechunter] [Read] /home/yzs/riscv/XiangShan/src/main/scala/xiangshan/backend/fu/NewCSR/NewCSR.scala
[08:31:00] [spechunter] [text] Now I have a comprehensive understanding of the codebase. Let me read the MisaBundle to confirm misa field handling.  
[08:31:00] [spechunter] [Grep] pattern='class MisaBundle|val.*\\bF\\b.*=|val.*\\bD\\b.*=|val.*\\bV\\b.*=|supportedISA|getISAString'
[08:31:19] [spechunter] [Grep] pattern='vscountinhibit|VSCOUNTINHIBIT'
[08:31:19] [spechunter] [Grep] pattern='CSR_SCOUNTINHIBIT|SCOUNTINHIBIT'
[08:31:27] [spechunter] [text] Now I have a thorough understanding of the codebase. Let me also verify whether there are any more relevant code locatio...
[08:31:27] [spechunter] [Read] /home/yzs/riscv/XiangShan/src/main/scala/xiangshan/backend/decode/VecExceptionGen.scala
[08:32:31] [spechunter] [Grep] pattern='static RISCVException scountinhibit_pred'
[08:32:31] [spechunter] [Grep] pattern='static RISCVException scountinhibit_pred'
[08:32:53] [spechunter] [text] Now I have a thorough understanding of the XiangShan architecture. Let me compile the findings
[08:32:53] [spechunter] [Write] /home/yzs/riscv/XiangShan/V_Zfinx_compatibility_findings.json
[08:34:33] [spechunter] [text] Now I have a thorough understanding of the PR change and the surrounding code. The PR adds a missing `MENVCFG_CDE` check...
