[17:22:04] [spechunter] PR loaded: #2400 riscv/riscv-isa-manual — "Clarify synchronization requirements when changing xenvcfg.ADUE"
[17:22:04] [spechunter]   diff: 3185 chars  body: 503 chars  reviews: 1
[17:22:04] [spechunter] Global pre-filter running...
[17:22:11] [spechunter] [text] {"should_skip": false}
[17:22:13] [spechunter] pre-filter: should_skip=False reason=""
[17:22:29] [spechunter] [text] {"should_skip": false}
[17:22:36] [spechunter] [text] {"should_skip": false}
[17:22:41] [spechunter] [text] {"should_skip": false}
[17:22:41] [spechunter] [text] {"should_skip": false}
[17:22:53] [spechunter] [text] {"should_skip": false}
[17:23:00] [spechunter] [text] {  
[17:23:00] [spechunter] [Bash] Check recent commits for context
[17:23:06] [spechunter] [text] ```json {   "violation_condition": "OpenSBI writes to menvcfg CSR changing the ADUE bit (bit 61) without executing a sub...
[17:23:13] [spechunter] [Grep] pattern='ADUE|adue|Svadu|svadu'
[17:23:13] [spechunter] [Grep] pattern='menvcfg|henvcfg'
[17:23:21] [spechunter] [Read] /home/yzs/riscv/qemu/target/riscv/csr.c
[17:23:21] [spechunter] [Read] /home/yzs/riscv/qemu/target/riscv/cpu_helper.c
[17:23:27] [spechunter] [Agent] description, subagent_type
[17:23:30] [spechunter] [TodoWrite] 5 items
[17:23:32] [spechunter] [text] ```json {   "violation_condition": "In the Linux kernel, any code path that writes a new value to menvcfg.ADUE or henvcf...
[17:23:43] [spechunter] [Grep] pattern='menvcfg'
[17:23:43] [spechunter] [Grep] pattern='ENVCFG'
[17:23:43] [spechunter] [Grep] pattern='sfence\\.vma|SFENCE_VMA|sfence_vma'
[17:23:45] [spechunter] [text] ```json {   "violation_condition": "When menvcfg.ADUE (or henvcfg.ADUE) is changed via CSR write, the XiangShan PTW/TLB ...
[17:23:51] [spechunter] [Grep] pattern='menvcfg|henvcfg|senvcfg'
[17:23:51] [spechunter] [Grep] pattern='ADUE'
[17:23:51] [spechunter] [Grep] pattern='SFENCE\\.VMA|HFENCE\\.VVMA|HFENCE\\.GVMA|sfence_vma|hfence_vvma|hfence_gvma'
[17:23:51] [spechunter] [Glob] **/bhyve/**
[17:23:56] [spechunter] [TodoWrite] 5 items
[17:23:58] [spechunter] [text] Now let me check what happens when `menvcfg`/`henvcfg` ADUE is written — specifically whether QEMU performs any TLB inva...
[17:23:58] [spechunter] [Read] /home/yzs/riscv/qemu/target/riscv/csr.c
[17:23:58] [spechunter] [Grep] pattern='tlb_flush|tb_flush|tlb_flush_all_cpus_synced|sfence|hfence|fence'
[17:24:03] [spechunter] [Grep] pattern='menvcfg'
[17:24:03] [spechunter] [Grep] pattern='henvcfg'
[17:24:03] [spechunter] [Grep] pattern='ADUE|adue'
[17:24:03] [spechunter] [Grep] pattern='SFENCE\\.VMA|SFENCE_VMA|sfence\\.vma|sfence_vma'
[17:24:04] [spechunter] [TodoWrite] 6 items
[17:24:08] [spechunter] [text] Let me now read the key files to trace the full call graphs.  
[17:24:08] [spechunter] [Read] /home/yzs/riscv/opensbi/lib/sbi/sbi_hart.c
[17:24:08] [spechunter] [Read] /home/yzs/riscv/opensbi/lib/sbi/sbi_hsm.c
[17:24:08] [spechunter] [Read] /home/yzs/riscv/opensbi/lib/sbi/sbi_fwft.c
[17:24:09] [spechunter] [Grep] pattern='menvcfg|henvcfg|senvcfg'
[17:24:09] [spechunter] [Grep] pattern='menvcfg|henvcfg|senvcfg'
[17:24:09] [spechunter] [Grep] pattern='SFENCE\\.VMA|HFENCE\\.VVMA|HFENCE\\.GVMA|sfence_vma|hfence_vvma|hfence_gvma'
[17:24:09] [spechunter] [Grep] pattern='menvcfg|henvcfg|senvcfg|envcfg'
[17:24:09] [spechunter] [Glob] **/bhyve/**
[17:24:19] [spechunter] [Grep] pattern='ADUE|adue|Svade|svade'
[17:24:19] [spechunter] [Grep] pattern='menvcfg|henvcfg'
[17:24:19] [spechunter] [Grep] pattern='SFENCE\\.VMA|HFENCE\\.VMA|sfence|hfence'
[17:24:20] [spechunter] [Grep] pattern='PTE_A|PTE_D|pte_a|pte_d|pte\\.a|pte\\.d|Accessed|Dirty|setAccessed|setDirty|set_dirty|set_accessed'
[17:24:20] [spechunter] [Grep] pattern='PTW|ptw'
[17:24:20] [spechunter] [Grep] pattern='Svade|svade|Svadu|svadu'
[17:24:20] [spechunter] [Grep] pattern='HFENCE|hfence|HFENCE_VVMA|HFENCE_GVMA'
[17:24:20] [spechunter] [Grep] pattern='PBMTE|PBMT|pbmt'
[17:24:21] [spechunter] [text] Now let me trace the cold boot initialization path and the HSM restore path to understand the full flow.  
[17:24:21] [spechunter] [Read] /home/yzs/riscv/opensbi/lib/sbi/sbi_hart.c
[17:24:21] [spechunter] [Read] /home/yzs/riscv/opensbi/lib/sbi/sbi_hsm.c
[17:24:21] [spechunter] [Read] /home/yzs/riscv/opensbi/lib/sbi/sbi_init.c
[17:24:24] [spechunter] [Grep] pattern='menvcfg|henvcfg'
[17:24:24] [spechunter] [Grep] pattern='MENVCFG|HENVCFG'
[17:24:24] [spechunter] [Grep] pattern='ADUE'
[17:24:24] [spechunter] [Grep] pattern='SFENCE\\.VMA|sfence\\.vma'
[17:24:24] [spechunter] [Grep] pattern='HFENCE\\.GVMA|HFENCE\\.VVMA|hfence\\.gvma|hfence\\.vvma'
[17:24:24] [spechunter] [Grep] pattern='menvcfg|henvcfg'
[17:24:24] [spechunter] [Grep] pattern='MENVCFG|HENVCFG|ADUE'
[17:24:24] [spechunter] [Grep] pattern='menvcfg|henvcfg|MENVCFG|HENVCFG|ADUE'
[17:24:24] [spechunter] [Grep] pattern='menvcfg|henvcfg|MENVCFG|HENVCFG'
[17:24:25] [spechunter] [Agent] description, prompt
[17:24:25] [spechunter] [Agent] description, prompt
[17:24:25] [spechunter] [Agent] description, prompt
[17:24:26] [spechunter] [Read] /home/yzs/riscv/qemu/target/riscv/csr.c
[17:24:26] [spechunter] [Read] /home/yzs/riscv/qemu/target/riscv/csr.c
[17:24:26] [spechunter] [Read] /home/yzs/riscv/qemu/target/riscv/csr.c
[17:24:28] [spechunter] [Read] /home/yzs/riscv/freebsd-src/sys/riscv/vmm/vmm_riscv.c
[17:24:28] [spechunter] [Read] /home/yzs/riscv/freebsd-src/sys/riscv/vmm/riscv.h
[17:24:28] [spechunter] [Read] /home/yzs/riscv/freebsd-src/sys/riscv/vmm/vmm_fence.c
[17:24:28] [spechunter] [Read] /home/yzs/riscv/freebsd-src/sys/riscv/vmm/vmm_sbi.c
[17:24:28] [spechunter] [Grep] pattern='henvcfg|senvcfg|menvcfg|envcfg'
[17:24:28] [spechunter] [Grep] pattern='SFENCE\\.VMA|HFENCE\\.VVMA|HFENCE\\.GVMA|sfence_vma|hfence_vvma|hfence_gvma'
[17:24:40] [spechunter] [Read] /home/yzs/riscv/XiangShan/src/main/scala/xiangshan/backend/fu/NewCSR/CSRBundles.scala
[17:24:40] [spechunter] [Grep] pattern='ADUE|adue|hardware.*A.*D|setDirty|setAccessed|dirty_bit|access_bit|pte_a|pte_d|pmp_check_d'
[17:24:40] [spechunter] [Grep] pattern='sfence_vma|sfenceVma|SFENCE_VMA|sfenceW|SFENCE_W|tlbFlush|tlbInvalid|flushPipe|FlushPipe'
[17:24:50] [spechunter] [Read] /home/yzs/riscv/linux/arch/riscv/include/asm/csr.h
[17:24:50] [spechunter] [Read] /home/yzs/riscv/linux/arch/riscv/include/asm/csr.h
[17:24:50] [spechunter] [Read] /home/yzs/riscv/linux/arch/riscv/kvm/vcpu.c
[17:24:50] [spechunter] [Read] /home/yzs/riscv/linux/arch/riscv/kvm/vcpu_onereg.c
[17:24:50] [spechunter] [Read] /home/yzs/riscv/linux/arch/riscv/kvm/vcpu_onereg.c
[17:24:50] [spechunter] [Read] /home/yzs/riscv/linux/arch/riscv/kvm/vcpu_sbi_fwft.c
[17:24:50] [spechunter] [Read] /home/yzs/riscv/linux/arch/riscv/include/asm/kvm_host.h
[17:24:50] [spechunter] [Read] /home/yzs/riscv/linux/arch/riscv/include/asm/tlbflush.h
[17:24:50] [spechunter] [Read] /home/yzs/riscv/linux/tools/arch/riscv/include/asm/csr.h
[17:24:53] [spechunter] [Grep] pattern='HENVCFG_STCE|HENVCFG_'
[17:24:53] [spechunter] [Grep] pattern='sfence_vma|hfence_gvma|fence_i|SFENCE_VMA|HFENCE_GVMA'
[17:24:53] [spechunter] [Grep] pattern='sfence_vma|hfence_gvma|fence_i|SFENCE_VMA|HFENCE_GVMA'
[17:24:53] [spechunter] [Grep] pattern='sfence_vma|hfence_gvma|fence_i|SFENCE_VMA|HFENCE_GVMA'
[17:24:53] [spechunter] [Grep] pattern='henvcfg|senvcfg|HENVCFG|SENVCFG'
[17:24:53] [spechunter] [Read] /home/yzs/riscv/freebsd-src/sys/riscv/include/cpufunc.h
[17:24:53] [spechunter] [Grep] pattern='__cpu_setup'
[17:24:53] [spechunter] [Grep] pattern='__cpu_setup'
[17:24:53] [spechunter] [Grep] pattern='menvcfg'
[17:24:53] [spechunter] [Grep] pattern='ADUE'
[17:24:53] [spechunter] [Grep] pattern='ENVCFG|envcfg'
[17:24:53] [spechunter] [Glob] arch/riscv/kernel/head.S
[17:24:53] [spechunter] [Glob] arch/riscv/kernel/entry.S
[17:24:55] [spechunter] [Grep] pattern='CSR_MENVCFG'
[17:24:55] [spechunter] [Grep] pattern='menvcfg'
[17:24:55] [spechunter] [Grep] pattern='CSR_HENVCFG'
[17:24:55] [spechunter] [Grep] pattern='henvcfg'
[17:24:55] [spechunter] [Grep] pattern='set_menvcfg|set_henvcfg'
[17:24:55] [spechunter] [Grep] pattern='__cpu_setup'
[17:24:56] [spechunter] [Glob] arch/riscv/kvm/**/*.c
[17:24:56] [spechunter] [Glob] arch/riscv/kvm/**/*.S
[17:24:56] [spechunter] [Glob] arch/riscv/kvm/**/*.h
[17:24:56] [spechunter] [Grep] pattern='kvm_riscv_vcpu_switch|vcpu_switch'
[17:24:56] [spechunter] [Grep] pattern='henvcfg|menvcfg'
[17:24:56] [spechunter] [Grep] pattern='HFENCE\\.VVMA|HFENCE\\.GVMA|SFENCE\\.VMA|hfence_vvma|hfence_gvma|sfence_vma'
[17:24:56] [spechunter] [Grep] pattern='kvm_riscv_vcpu_'
[17:24:57] [spechunter] [TodoWrite] 5 items
[17:25:02] [spechunter] [Grep] pattern='ADUE|adue'
[17:25:02] [spechunter] [Grep] pattern='MEnvCfg|HEnvCfg'
[17:25:02] [spechunter] [Grep] pattern='flush.*TLB|tlb.*flush|invalidate.*TLB|TLB.*invalidate|sfence_invalidate|flushPipe|flushTLB|tlbFlush'
[17:25:02] [spechunter] [Grep] pattern='pmp_check_d_only|pmp.*dirty|pmp.*ad|pmp.*A|pmp.*D'
[17:25:02] [spechunter] [Read] /home/yzs/riscv/XiangShan/src/main/scala/xiangshan/backend/fu/NewCSR/CSRBundles.scala
[17:25:04] [spechunter] [Grep] pattern='arch_has_hw_pte_young'
[17:25:04] [spechunter] [Grep] pattern='ENVCFG_CBIE'
[17:25:04] [spechunter] [Grep] pattern='ALT_SFENCE_VMA'
[17:25:13] [spechunter] [Read] /home/yzs/riscv/linux/arch/riscv/include/asm/pgtable.h
[17:25:13] [spechunter] [Grep] pattern='CSR_MENVCFG|menvcfg'
[17:25:16] [spechunter] [Grep] pattern='csr_write\\(henvcfg|csr_read\\(henvcfg|henvcfg'
[17:25:16] [spechunter] [Grep] pattern='senvcfg'
[17:25:16] [spechunter] [Grep] pattern='vmm_switch'
[17:25:16] [spechunter] [Grep] pattern='has_sstc|sstc'
[17:25:16] [spechunter] [Grep] pattern='SFENCE_VMA|sfence_vma|HFENCE|hfence'
[17:25:16] [spechunter] [Glob] **/vmm/**
[17:25:16] [spechunter] [Read] /home/yzs/riscv/linux/arch/riscv/kvm/vcpu_switch.S
[17:25:16] [spechunter] [Read] /home/yzs/riscv/linux/arch/riscv/kvm/vcpu.c
[17:25:16] [spechunter] [Read] /home/yzs/riscv/linux/arch/riscv/kvm/vcpu_exit.c
[17:25:16] [spechunter] [Read] /home/yzs/riscv/linux/arch/riscv/kvm/tlb.c
[17:25:16] [spechunter] [Read] /home/yzs/riscv/linux/arch/riscv/kvm/vcpu_sbi_fwft.c
[17:25:16] [spechunter] [Read] /home/yzs/riscv/linux/arch/riscv/kvm/vcpu_onereg.c
[17:25:19] [spechunter] [Grep] pattern='CSR_MENVCFG'
[17:25:19] [spechunter] [Grep] pattern='menvcfg'
[17:25:19] [spechunter] [Grep] pattern='CSR_HENVCFG'
[17:25:19] [spechunter] [Grep] pattern='henvcfg'
[17:25:19] [spechunter] [Grep] pattern='set_menvcfg|set_henvcfg'
[17:25:19] [spechunter] [Grep] pattern='__cpu_setup'
[17:25:19] [spechunter] [Grep] pattern='0x30a'
[17:25:23] [spechunter] [Grep] pattern='__cpu_setup|__cpu_setup_menvcfg|cpu_setup'
[17:25:23] [spechunter] [Grep] pattern='riscv_has_extension_unlikely.*SVADU|SVADE'
[17:25:23] [spechunter] [Read] /home/yzs/riscv/linux/arch/riscv/kvm/vcpu.c
[17:25:23] [spechunter] [Grep] pattern='menvcfg'
[17:25:23] [spechunter] [Grep] pattern='sfence\\.vma|SFENCE\\.VMA'
[17:25:25] [spechunter] [text] Let me check QEMU's SFENCE.VMA implementation to verify TLB invalidation is correct.  
[17:25:25] [spechunter] [Grep] pattern='sfence|SFENCE|hfence|HFENCE'
[17:25:28] [spechunter] [Grep] pattern='__cpu_setup'
[17:25:28] [spechunter] [Grep] pattern='__cpu_setup'
[17:25:28] [spechunter] [Grep] pattern='menvcfg'
[17:25:28] [spechunter] [Grep] pattern='ADUE'
[17:25:28] [spechunter] [Grep] pattern='ADUE'
[17:25:28] [spechunter] [Grep] pattern='ADUE'
[17:25:28] [spechunter] [Grep] pattern='ADUE'
[17:25:28] [spechunter] [Grep] pattern='ENVCFG|envcfg'
[17:25:28] [spechunter] [Grep] pattern='ENVCFG|envcfg'
[17:25:31] [spechunter] [text] Now let me trace the critical paths. I need to read the `sbi_hart_init` function (which wraps `mstatus_init`), `sbi_hart...
[17:25:31] [spechunter] [Grep] pattern='sbi_hart_init\\b'
[17:25:31] [spechunter] [Grep] pattern='sbi_hart_reinit'
[17:25:31] [spechunter] [Grep] pattern='sbi_hsm_hart_start_finish'
[17:25:32] [spechunter] [text] Let me look at the MEnvCfg and HEnvCfg definitions more closely, and the TLB flush/PTW logic.  
[17:25:32] [spechunter] [Read] /home/yzs/riscv/XiangShan/src/main/scala/xiangshan/backend/fu/NewCSR/MachineLevel.scala
[17:25:32] [spechunter] [Read] /home/yzs/riscv/XiangShan/src/main/scala/xiangshan/backend/fu/NewCSR/HypervisorLevel.scala
[17:25:32] [spechunter] [Read] /home/yzs/riscv/XiangShan/src/main/scala/xiangshan/backend/fu/NewCSR/HypervisorLevel.scala
[17:25:32] [spechunter] [Read] /home/yzs/riscv/XiangShan/src/main/scala/xiangshan/cache/mmu/PageTableWalker.scala
[17:25:32] [spechunter] [Grep] pattern='class PageTableWalker|ADUE|adue|ade|Svadu|svadu|hardware.*A.*D|setA|setD|do_atomic|_A_|_D_|pte\\.a|pte\\.d|isAf|isDirty'
[17:25:34] [spechunter] [Grep] pattern='ADUE|adue|Svadu|svadu|hardware.*update|A_D.*update|hardA|hardD'
[17:25:34] [spechunter] [Grep] pattern='ADUE|adue|Svadu|svadu'
[17:25:37] [spechunter] [Read] /home/yzs/riscv/freebsd-src/sys/riscv/vmm/vmm_switch.S
[17:25:37] [spechunter] [Read] /home/yzs/riscv/freebsd-src/sys/riscv/vmm/vmm_riscv.c
[17:25:37] [spechunter] [Read] /home/yzs/riscv/freebsd-src/sys/riscv/include/riscvreg.h
[17:25:37] [spechunter] [Read] /home/yzs/riscv/freebsd-src/sys/riscv/vmm/vmm_riscv.c
[17:25:42] [spechunter] [Read] /home/yzs/riscv/linux/arch/riscv/kvm/aia.c
[17:25:42] [spechunter] [Read] /home/yzs/riscv/linux/arch/riscv/kvm/vcpu_sbi_replace.c
[17:25:42] [spechunter] [Grep] pattern='kvm_riscv_vcpu_aia_load|kvm_riscv_vcpu_aia_put'
[17:25:42] [spechunter] [Read] /home/yzs/riscv/linux/arch/riscv/kvm/vcpu_sbi_v01.c
[17:25:42] [spechunter] [Grep] pattern='SFENCE\\.VMA|sfence\\.vma'
[17:25:43] [spechunter] [Grep] pattern='sfence|hfence|SFENCE|HFENCE'
[17:25:43] [spechunter] [Read] /home/yzs/riscv/opensbi/lib/sbi/sbi_hart.c
[17:25:43] [spechunter] [Read] /home/yzs/riscv/opensbi/lib/sbi/sbi_fwft.c
[17:25:43] [spechunter] [Read] /home/yzs/riscv/opensbi/lib/sbi/sbi_hsm.c
[17:25:44] [spechunter] [Grep] pattern='satp\\.changed|vsatp\\.changed|hgatp\\.changed|priv\\.virt_changed|envcfg|ADUE|changed.*flush|flush.*changed'
[17:25:44] [spechunter] [Grep] pattern='class PteBundle|isAf|isDirty|_D_|_A_|D_bit|A_bit|pte.*perm|ptePerm'
[17:25:44] [spechunter] [Grep] pattern='satp.*changed|vsatp.*changed|hgatp.*changed|changed.*flush|TlbCsrBundle|tlb.*csr|csr.*tlb'
[17:25:45] [spechunter] [Grep] pattern='menvcfg'
[17:25:45] [spechunter] [Grep] pattern='henvcfg'
[17:25:45] [spechunter] [Grep] pattern='write_henvcfg|write_menvcfg'
[17:25:45] [spechunter] [Grep] pattern='__cpu_setup'
[17:25:45] [spechunter] [Grep] pattern='__riscv_xchg_csr'
[17:25:50] [spechunter] [Read] /home/yzs/riscv/linux/arch/riscv/kernel/cpufeature.c
[17:25:50] [spechunter] [Read] /home/yzs/riscv/linux/arch/riscv/kernel/sbi.c
[17:25:50] [spechunter] [TodoWrite] 6 items
[17:25:50] [spechunter] [Read] /home/yzs/riscv/linux/arch/arm64/mm/proc.S
[17:25:50] [spechunter] [Grep] pattern='csr_write.*menvcfg|csr_write.*MENVCFG|CSR_MENVCFG'
[17:25:50] [spechunter] [Grep] pattern='menvcfg'
[17:25:50] [spechunter] [Read] /home/yzs/riscv/linux/arch/riscv/kvm/vcpu_onereg.c
[17:25:50] [spechunter] [Read] /home/yzs/riscv/linux/arch/riscv/kvm/vcpu.c
[17:25:50] [spechunter] [Read] /home/yzs/riscv/linux/arch/riscv/include/asm/csr.h
[17:25:51] [spechunter] [Read] /home/yzs/riscv/opensbi/lib/sbi/sbi_hart.c
[17:25:51] [spechunter] [Read] /home/yzs/riscv/opensbi/lib/sbi/sbi_hsm.c
[17:25:51] [spechunter] [Read] /home/yzs/riscv/opensbi/lib/sbi/sbi_hsm.c
[17:25:55] [spechunter] [Read] /home/yzs/riscv/XiangShan/src/main/scala/xiangshan/Bundle.scala
[17:25:55] [spechunter] [Read] /home/yzs/riscv/XiangShan/src/main/scala/xiangshan/backend/fu/NewCSR/NewCSR.scala
[17:25:55] [spechunter] [Grep] pattern='io\\.tlb\\b|tlb_csr|tlbCsr'
[17:25:55] [spechunter] [Grep] pattern='__sbi_sfence_vma_all'
[17:25:55] [spechunter] [Read] /home/yzs/riscv/opensbi/lib/sbi/sbi_tlb.c
[17:25:55] [spechunter] [Read] /home/yzs/riscv/opensbi/lib/sbi/sbi_hsm.c
[17:25:56] [spechunter] [Grep] pattern='ENVCFG_ADUE|ENVCFG_PBMTE|ENVCFG_STCE'
[17:25:56] [spechunter] [Grep] pattern='write_henvcfg|kvm_riscv_vcpu_.*switch'
[17:26:01] [spechunter] [Read] /home/yzs/riscv/XiangShan/src/main/scala/xiangshan/Bundle.scala
[17:26:01] [spechunter] [Read] /home/yzs/riscv/XiangShan/src/main/scala/xiangshan/cache/mmu/MMUBundle.scala
[17:26:01] [spechunter] [Read] /home/yzs/riscv/linux/arch/riscv/include/asm/csr.h
[17:26:01] [spechunter] [Grep] pattern='csr_set.*ENVCFG|csr_clear.*ENVCFG|csr_write.*ENVCFG|csr_set.*CSR_MENVCFG|csr_clear.*CSR_MENVCFG|csr_write.*CSR_MENVCFG'
[17:26:01] [spechunter] [Grep] pattern='csr_set.*ENVCFGH|csr_clear.*ENVCFGH|csr_write.*ENVCFGH'
[17:26:01] [spechunter] [Grep] pattern='ENVCFG'
[17:26:04] [spechunter] [Grep] pattern='ENVCFG_ADUE|ADUE'
[17:26:04] [spechunter] [Read] /home/yzs/riscv/opensbi/lib/sbi/sbi_hart.c
[17:26:05] [spechunter] [Grep] pattern='sfence|hfence'
[17:26:05] [spechunter] [Grep] pattern='ADUE'
[17:26:05] [spechunter] [Read] /home/yzs/riscv/linux/tools/arch/riscv/include/asm/csr.h
[17:26:13] [spechunter] [Read] /home/yzs/riscv/opensbi/lib/sbi/sbi_hsm.c
[17:26:13] [spechunter] [Read] /home/yzs/riscv/opensbi/lib/sbi/sbi_hart.c
[17:26:16] [spechunter] [Grep] pattern='menvcfg|henvcfg|EnvCfg|envcfg'
[17:26:16] [spechunter] [Grep] pattern='envcfg|menvcfg|henvcfg'
[17:26:16] [spechunter] [Grep] pattern='class.*TLB|flush|sFence|SFENCE|invalidate|Invalidate'
[17:26:20] [spechunter] [Grep] pattern='csr.*MENVCFG|MENVCFGH'
[17:26:20] [spechunter] [Read] /home/yzs/riscv/linux/arch/riscv/kernel/entry.S
[17:26:20] [spechunter] [Grep] pattern='envcfg'
[17:26:20] [spechunter] [Bash] Search for menvcfg in head.S
[17:26:20] [spechunter] [Grep] pattern='envcfg'
[17:26:20] [spechunter] [Read] /home/yzs/riscv/linux/arch/riscv/kernel/process.c
[17:26:20] [spechunter] [Grep] pattern='envcfg'
[17:26:20] [spechunter] [Grep] pattern='envcfg'
[17:26:20] [spechunter] [Grep] pattern='envcfg'
[17:26:21] [spechunter] [Grep] pattern='do_atomic|atomic.*pte|pte.*atomic|setA|setD|Svadu|svadu|hardware.*update|A_D|AD.*update'
[17:26:21] [spechunter] [Grep] pattern='do_atomic|atomic_pte|pte_atomic|setA|setD'
[17:26:21] [spechunter] [Read] /home/yzs/riscv/XiangShan/src/main/scala/xiangshan/backend/fu/NewCSR/NewCSR.scala
[17:26:24] [spechunter] [Grep] pattern='CSR_ENVCFG'
[17:26:24] [spechunter] [Grep] pattern='nacl.*ENVCFG|ENVCFG.*nacl'
[17:26:24] [spechunter] [Grep] pattern='CSR_SENVCFG'
[17:26:24] [spechunter] [Grep] pattern='CSR_MENVCFGH'
[17:26:24] [spechunter] [Grep] pattern='thread\\.envcfg|task.*envcfg|envcfg\\s*[=]'
[17:26:29] [spechunter] [Read] /home/yzs/riscv/opensbi/lib/sbi/sbi_hart.c
[17:26:29] [spechunter] [Grep] pattern='sbi_hart_switch_mode'
[17:26:32] [spechunter] [Grep] pattern='ptwResp|PTWResp|ptw\\.resp|class.*PTW|class.*Ptw'
[17:26:32] [spechunter] [Read] /home/yzs/riscv/XiangShan/src/main/scala/xiangshan/cache/mmu/TLB.scala
[17:26:32] [spechunter] [Read] /home/yzs/riscv/XiangShan/src/main/scala/xiangshan/cache/mmu/TLB.scala
[17:26:34] [spechunter] [Grep] pattern='nacl_csr_write'
[17:26:34] [spechunter] [Glob] **/*.S
[17:26:34] [spechunter] [Grep] pattern='FIOM'
[17:26:34] [spechunter] [Grep] pattern='ENVCFG_FIOM'
[17:26:34] [spechunter] [Read] /home/yzs/riscv/opensbi/lib/sbi/sbi_hart_pmp.c
[17:26:34] [spechunter] [Read] /home/yzs/riscv/opensbi/lib/sbi/sbi_hsm.c
[17:26:37] [spechunter] [Grep] pattern='sbi_fwft_init'
[17:26:37] [spechunter] [Grep] pattern='delegate_traps'
[17:26:41] [spechunter] [Grep] pattern='menvcfg'
[17:26:41] [spechunter] [Grep] pattern='envcfg'
[17:26:41] [spechunter] [Grep] pattern='envcfg'
[17:26:41] [spechunter] [Grep] pattern='envcfg'
[17:26:41] [spechunter] [Grep] pattern='envcfg'
[17:26:41] [spechunter] [Grep] pattern='envcfg'
[17:26:42] [spechunter] [Read] /home/yzs/riscv/qemu/target/riscv/insn_trans/trans_privileged.c.inc
[17:26:42] [spechunter] [Read] /home/yzs/riscv/qemu/target/riscv/insn_trans/trans_rvh.c.inc
[17:26:45] [spechunter] [Read] /home/yzs/riscv/opensbi/lib/sbi/sbi_fwft.c
[17:26:45] [spechunter] [Read] /home/yzs/riscv/opensbi/lib/sbi/sbi_hart.c
[17:26:48] [spechunter] [Grep] pattern='MENVCFG|SENVCFG|menvcfg'
[17:26:48] [spechunter] [Grep] pattern='has_sstc'
[17:26:48] [spechunter] [Grep] pattern='vmmops_vcpu_restore_csrs|vmmops_vcpu_save_csrs'
[17:26:48] [spechunter] [Grep] pattern='vmmops_vcpu_restore_csrs|vmmops_vcpu_save_csrs'
[17:26:48] [spechunter] [Grep] pattern='sfence_vma|hfence_gvma|fence_i'
[17:26:48] [spechunter] [Grep] pattern='sfence.vma|FENCE_VMA|SFENCE_VMA'
[17:26:52] [spechunter] [text] Now let me look at the PTW's handling of A/D bits and the TLB refill path.  
[17:26:52] [spechunter] [Read] /home/yzs/riscv/XiangShan/src/main/scala/xiangshan/cache/mmu/PageTableWalker.scala
[17:26:52] [spechunter] [Grep] pattern='ADUE|adue|setDirty|setAccessed|dirty|accessed|A.*D.*update|hardware.*update|ptw.*refill|refillPte|pte.*D|pte.*A'
[17:26:52] [spechunter] [Grep] pattern='ADUE|adue|setDirty|setAccessed|dirty|accessed|PteBundle|isAf|isDirty|is_a|is_d'
[17:26:53] [spechunter] [Grep] pattern='envcfg'
[17:26:53] [spechunter] [Grep] pattern='envcfg'
[17:26:53] [spechunter] [Grep] pattern='envcfg'
[17:26:53] [spechunter] [Read] /home/yzs/riscv/linux/arch/riscv/include/asm/kvm_nacl.h
[17:27:00] [spechunter] [Read] /home/yzs/riscv/freebsd-src/sys/riscv/vmm/vmm_riscv.c
[17:27:00] [spechunter] [Grep] pattern='MENVCFG|SENVCFG'
[17:27:00] [spechunter] [Grep] pattern='has_sstc'
[17:27:00] [spechunter] [Grep] pattern='static.*has_sstc|has_sstc.*='
[17:27:00] [spechunter] [Grep] pattern='ADUE'
[17:27:02] [spechunter] [Read] /home/yzs/riscv/linux/arch/riscv/kvm/vcpu_fp.c
[17:27:02] [spechunter] [Read] /home/yzs/riscv/linux/arch/riscv/kvm/Makefile
[17:27:06] [spechunter] [Read] /home/yzs/riscv/XiangShan/src/main/scala/xiangshan/cache/mmu/MMUBundle.scala
[17:27:06] [spechunter] [Read] /home/yzs/riscv/XiangShan/src/main/scala/xiangshan/cache/mmu/PageTableWalker.scala
[17:27:11] [spechunter] [Grep] pattern='has_sstc'
[17:27:11] [spechunter] [Grep] pattern='has_sstc'
[17:27:11] [spechunter] [Grep] pattern='menvcfg|senvcfg|ENVCFG'
[17:27:11] [spechunter] [Grep] pattern='hfence.vvma|HFENCE_VVMA|SINVAL'
[17:27:11] [spechunter] [Grep] pattern='envcfg|ENVCFG|xlinuxenvcfg'
[17:27:11] [spechunter] [Read] /home/yzs/riscv/linux/arch/riscv/kvm/vcpu_onereg.c
[17:27:11] [spechunter] [Grep] pattern='envcfg'
[17:27:11] [spechunter] [Grep] pattern='envcfg'
[17:27:11] [spechunter] [Grep] pattern='envcfg'
[17:27:12] [spechunter] [text] Now let me check the HSM resume path more closely — whether there's any TLB flush between the menvcfg restore and S-mode...
[17:27:12] [spechunter] [Grep] pattern='sbi_hart_switch_mode'
[17:27:12] [spechunter] [Grep] pattern='warm_boot|__sbi_hsm_suspend_non_ret_restore'
[17:27:14] [spechunter] [Grep] pattern='CSR_SENVCFG|CSR_MENVCFG'
[17:27:14] [spechunter] [Grep] pattern='autoswap_csr|autoswap.*envcfg|envcfg.*autoswap'
[17:27:14] [spechunter] [Grep] pattern='SSTATEEN'
[17:27:19] [spechunter] [text] ```json {   "locations": [     {       "file_path": "src/main/scala/xiangshan/backend/fu/NewCSR/CSRBundles.scala",      ...
[17:27:33] [spechunter] [Grep] pattern='arch_has_hw_pte_young'
[17:27:33] [spechunter] [Grep] pattern='arch_has_hw_pte_young'
[17:27:33] [spechunter] [Grep] pattern='CSR_HENVCFG|csr_write.*HENVCFG|csr_set.*HENVCFG'
[17:27:33] [spechunter] [Grep] pattern='svadu|SVADU'
[17:27:33] [spechunter] [Read] /home/yzs/riscv/linux/arch/arm64/kernel/head.S
[17:27:33] [spechunter] [Read] /home/yzs/riscv/linux/arch/arm64/kernel/head.S
[17:27:36] [spechunter] [Grep] pattern='has_sstc'
[17:27:36] [spechunter] [Grep] pattern='has_sstc'
[17:27:36] [spechunter] [Grep] pattern='has_sstc'
[17:27:36] [spechunter] [Grep] pattern='sfence_vma|fence_i'
[17:27:36] [spechunter] [Read] /home/yzs/riscv/freebsd-src/sys/riscv/riscv/pmap.c
[17:27:37] [spechunter] [Read] /home/yzs/riscv/opensbi/lib/sbi/sbi_hsm.c
[17:27:37] [spechunter] [Read] /home/yzs/riscv/opensbi/lib/sbi/sbi_hsm.c
[17:27:40] [spechunter] [Grep] pattern='perm\\.d|perm\\.a|\\.d\\b|\\.a\\b'
[17:27:40] [spechunter] [Grep] pattern='class|def|perm|entry|refill|sfence|invalid|flush'
[17:27:40] [spechunter] [Read] /home/yzs/riscv/XiangShan/src/main/scala/xiangshan/cache/mmu/L2TLB.scala
[17:27:46] [spechunter] [Read] /home/yzs/riscv/freebsd-src/sys/riscv/include/sbi.h
[17:27:46] [spechunter] [Grep] pattern='sfence_vma|fence_i'
[17:27:46] [spechunter] [Grep] pattern='menvcfg|senvcfg'
[17:27:46] [spechunter] [Read] /home/yzs/riscv/freebsd-src/sys/riscv/vmm/vmm_riscv.c
[17:27:55] [spechunter] [text] ```json {   "locations": [     {       "file_path": "arch/riscv/include/asm/csr.h",       "function_name": null,       "...
[17:27:56] [spechunter] [Read] /home/yzs/riscv/opensbi/lib/sbi/sbi_domain_context.c
[17:27:56] [spechunter] [Read] /home/yzs/riscv/opensbi/lib/sbi/sbi_hsm.c
[17:28:03] [spechunter] [text] Now let me trace the CSR-to-TLB signal path for ADUE and the PTW A/D handling.  
[17:28:03] [spechunter] [Grep] pattern='io\\.tlb\\.|tlb\\.h|tlb\\.m|tlb\\.s|tlb\\.pmm|toTlb|tlbCsr|TlbCsr|hptw'
[17:28:03] [spechunter] [Grep] pattern='TlbCsr|class.*CSR.*Bundle|ADUE|adue|Svadu|svadu|hardware.*update'
[17:28:03] [spechunter] [Grep] pattern='sfence|SFENCE|flush|pipe|satp|vsatp|hgatp'
[17:28:03] [spechunter] [Read] /home/yzs/riscv/linux/tools/arch/riscv/include/asm/csr.h
[17:28:03] [spechunter] [Grep] pattern='menvcfg|CSR_MENVCFG|0x30a'
[17:28:03] [spechunter] [Grep] pattern='csr_write|crs_set|csr_clear|csr_swap'
[17:28:11] [spechunter] [Grep] pattern='envcfg|ADUE|ade'
[17:28:11] [spechunter] [Grep] pattern='menvcfg|henvcfg|senvcfg|envcfg'
[17:28:11] [spechunter] [Grep] pattern='sfence_vma|hfence'
[17:28:11] [spechunter] [Glob] **/riscv/**
[17:28:11] [spechunter] [Grep] pattern='SENVCFG_|MENVCFG_'
[17:28:11] [spechunter] [Grep] pattern='sfence_vma_page|sfence_vma_asid'
[17:28:14] [spechunter] [Grep] pattern='0x30a'
[17:28:14] [spechunter] [Grep] pattern='KVM_RISCV_ISA_EXT_SENVCFG|KVM_RISCV_ISA_EXT_HENVCFG'
[17:28:14] [spechunter] [Read] /home/yzs/riscv/linux/arch/riscv/kvm/vcpu_onereg.c
[17:28:16] [spechunter] [Grep] pattern='ADUE|adue|_PAGE_DIRTY|hardware.*dirty'
[17:28:16] [spechunter] [Grep] pattern='ADUE|adue'
[17:28:16] [spechunter] [Read] /home/yzs/riscv/linux/arch/riscv/include/asm/pgtable.h
[17:28:16] [spechunter] [Read] /home/yzs/riscv/linux/arch/riscv/kernel/cpufeature.c
[17:28:16] [spechunter] [Grep] pattern='envcfg'
[17:28:16] [spechunter] [Grep] pattern='envcfg'
[17:28:17] [spechunter] [Read] /home/yzs/riscv/XiangShan/src/main/scala/xiangshan/Bundle.scala
[17:28:17] [spechunter] [Grep] pattern='L2TlbCsr|L2TlbInnerBundle|csr_bundle|class.*CSR.*Bundle|class.*L2TlbCsr'
[17:28:17] [spechunter] [Grep] pattern='class L2Tlb|L2TlbInner|L2TLBIO|class.*L2TLBIO'
[17:28:36] [spechunter] [text] Now I have a complete picture. Let me summarize the analysis and produce the JSON.  In QEMU, `write_menvcfg` (csr.c:3173...
[17:28:38] [spechunter] [text] Let me also check if there's a trap handler path that writes menvcfg at runtime.  
[17:28:38] [spechunter] [Grep] pattern='csr_write.*CSR_MENVCFG|csr_set.*CSR_MENVCFG|csr_clear.*CSR_MENVCFG|csr_write64.*CSR_MENVCFG'
[17:28:38] [spechunter] [Grep] pattern='sbi_ecall_handler|sbi_trap_handler|mtrap_handler'
[17:28:38] [spechunter] [Grep] pattern='sfence|hfence|envcfg|henvcfg|senvcfg|menvcfg|ADUE'
[17:28:38] [spechunter] [Read] /home/yzs/riscv/freebsd-src/sys/riscv/riscv/pmap.c
[17:28:38] [spechunter] [Read] /home/yzs/riscv/freebsd-src/sys/riscv/riscv/pmap.c
[17:28:38] [spechunter] [Read] /home/yzs/riscv/freebsd-src/sys/riscv/riscv/pmap.c
[17:28:38] [spechunter] [Read] /home/yzs/riscv/freebsd-src/sys/riscv/riscv/pmap.c
[17:28:42] [spechunter] [Grep] pattern='perm_check|def perm_check|af.*pf|accessFault|pageFault|\\.af|\\.pf'
[17:28:42] [spechunter] [Grep] pattern='class PtwMergeResp|class.*MergeResp|def apply.*pf.*af|class PtwMergeEntry'
[17:28:43] [spechunter] [text] ```json {   "locations": [     {       "file_path": "lib/sbi/sbi_hart.c",       "function_name": "sbi_hart_init",       ...
[17:28:51] [spechunter] [Grep] pattern='menvcfg|henvcfg|senvcfg|envcfg|ADUE'
[17:28:51] [spechunter] [Grep] pattern='menvcfg|henvcfg|senvcfg|envcfg|ADUE'
[17:28:51] [spechunter] [Grep] pattern='HFENCE_GVMA'
[17:28:51] [spechunter] [Grep] pattern='vmm_fence|sbi_remote_sfence'
[17:28:51] [spechunter] [Read] /home/yzs/riscv/freebsd-src/sys/riscv/vmm/vmm_sbi.c
[17:28:51] [spechunter] [Grep] pattern='CONFIG_RISCV_M_MODE'
[17:28:51] [spechunter] [Grep] pattern='RISCV_M_MODE'
[17:28:54] [spechunter] [Grep] pattern='csr_write.*ENVCFG|csr_set.*ENVCFG'
[17:28:54] [spechunter] [Read] /home/yzs/riscv/linux/arch/riscv/kernel/head.S
[17:28:54] [spechunter] [Read] /home/yzs/riscv/linux/arch/riscv/kernel/cpufeature.c
[17:28:54] [spechunter] [Grep] pattern='arch_has_hw_pte_young'
[17:28:58] [spechunter] [Grep] pattern='senvcfg|scounteren'
[17:28:58] [spechunter] [Grep] pattern='senvcfg'
[17:28:58] [spechunter] [Read] /home/yzs/riscv/freebsd-src/sys/riscv/vmm/vmm_instruction_emul.c
[17:29:00] [spechunter] [Agent] description, prompt
[17:29:02] [spechunter] [TodoWrite] 7 items
[17:29:04] [spechunter] [Grep] pattern='_start_kernel'
[17:29:04] [spechunter] [Grep] pattern='ADUE|adue'
[17:29:04] [spechunter] [Grep] pattern='csr_write.*ENVCFG|csr_set.*ENVCFG'
[17:29:04] [spechunter] [Read] /home/yzs/riscv/linux/arch/riscv/kvm/vcpu.c
[17:29:17] [spechunter] [Agent] description, prompt
[17:29:18] [spechunter] [Read] /home/yzs/riscv/linux/arch/riscv/kernel/head.S
[17:29:18] [spechunter] [Read] /home/yzs/riscv/linux/arch/riscv/include/asm/switch_to.h
[17:29:21] [spechunter] [text] I've launched two background agents to thoroughly search the codebase:  1. **Agent 1**: Finding `write_menvcfg`/`write_h...
[17:29:29] [spechunter] [Grep] pattern='menvcfg'
[17:29:29] [spechunter] [Grep] pattern='henvcfg'
[17:29:29] [spechunter] [Grep] pattern='ADUE'
[17:29:29] [spechunter] [Grep] pattern='SFENCE\\.VMA'
[17:29:29] [spechunter] [Grep] pattern='HFENCE\\.VVMA'
[17:29:34] [spechunter] [Read] /home/yzs/riscv/linux/arch/riscv/include/asm/csr.h
[17:29:34] [spechunter] [Read] /home/yzs/riscv/linux/arch/riscv/kvm/vcpu.c
[17:29:34] [spechunter] [Read] /home/yzs/riscv/linux/arch/arm64/kernel/sleep.S
[17:29:40] [spechunter] [text] Now let me check whether the hardware actually implements Svadu (hardware A/D update) and how the TLB responses connect ...
[17:29:40] [spechunter] [Grep] pattern='isitlb|itlb|itlb_connect|perm\\.d|perm\\.a|need_d|has_d|update_d|updateD'
[17:29:40] [spechunter] [Grep] pattern='hardware.*update|need.*dirty|need.*access|pageFault.*!.*a|pageFault.*!.*d|pf.*!d|pf.*!a|!perm\\.d|!perm\\.a|ldPf|stPf|instrPf'
[17:29:54] [spechunter] [Grep] pattern='sfence.vma'
[17:29:54] [spechunter] [Grep] pattern='hfence.vvma'
[17:29:54] [spechunter] [Grep] pattern='hfence.vvma'
[17:29:54] [spechunter] [Grep] pattern='sfence_vma'
[17:29:54] [spechunter] [Read] /home/yzs/riscv/qemu/target/riscv/csr.c
[17:30:05] [spechunter] [Grep] pattern='__cpu_setup'
[17:30:05] [spechunter] [Grep] pattern='svadu|SVADU|ADUE|adue|menvcfg'
[17:30:05] [spechunter] [Grep] pattern='menvcfg.ADUE|ADUE.*menvcfg'
[17:30:10] [spechunter] [text] Let me check the existing findings format and the hart protection configure path.  
[17:30:10] [spechunter] [Read] /home/yzs/riscv/opensbi/findings.json
[17:30:10] [spechunter] [Read] /home/yzs/riscv/opensbi/lib/sbi/sbi_hart_protection.c
[17:30:10] [spechunter] [Read] /home/yzs/riscv/opensbi/lib/sbi/sbi_hart_pmp.c
[17:30:13] [spechunter] [Grep] pattern='PBMTE|ADUE|flush|sfence|changed|satp.*changed|vsatp.*changed'
[17:30:13] [spechunter] [Grep] pattern='flush|sfence|flush_mmu|changed'
[17:30:15] [spechunter] [Read] /home/yzs/riscv/qemu/target/riscv/csr.c
[17:30:15] [spechunter] [Read] /home/yzs/riscv/qemu/target/riscv/insn_trans/trans_privileged.c.inc
[17:30:15] [spechunter] [Read] /home/yzs/riscv/qemu/target/riscv/insn_trans/trans_rvh.c.inc
[17:30:15] [spechunter] [Read] /home/yzs/riscv/qemu/target/riscv/cpu_helper.c
[17:30:15] [spechunter] [Read] /home/yzs/riscv/qemu/target/riscv/cpu_helper.c
[17:30:25] [spechunter] [text] /refill path 3. What happens in PTW regarding the A/D bit handling during page walks  Also let me search for the softexc...
[17:30:25] [spechunter] [Grep] pattern='isSoftPf|softPf|SoftPF|isUpdate|is_update|need_update|softexc|update_excp'
[17:30:25] [spechunter] [Grep] pattern='page.*fault|ldUpdate|stUpdate|af|pf|tlb|TLB|uop|softPf'
[17:30:27] [spechunter] [Read] /home/yzs/riscv/linux/Documentation/devicetree/bindings/riscv/extensions.yaml
[17:30:27] [spechunter] [Read] /home/yzs/riscv/linux/arch/riscv/include/asm/csr.h
[17:30:27] [spechunter] [text] Let me also check for any tlb_flush or tb_flush calls in the same files to confirm there's no invalidation on the ADUE w...
[17:30:27] [spechunter] [Grep] pattern='tlb_flush|tb_flush'
[17:30:27] [spechunter] [Read] /home/yzs/riscv/qemu/target/riscv/cpu_bits.h
[17:30:27] [spechunter] [Read] /home/yzs/riscv/qemu/target/riscv/cpu_helper.c
[17:30:40] [spechunter] [Read] /home/yzs/riscv/qemu/target/riscv/csr.c
[17:30:40] [spechunter] [Read] /home/yzs/riscv/qemu/target/riscv/csr.c
[17:30:40] [spechunter] [Read] /home/yzs/riscv/qemu/target/riscv/csr.c
[17:30:44] [spechunter] [Grep] pattern='pbmt_check|def pbmt_check'
[17:30:44] [spechunter] [Grep] pattern='menvcfg.*changed|henvcfg.*changed|envcfg.*changed|ADUE|PBMTE.*changed|changed'
[17:30:44] [spechunter] [Grep] pattern='PBMTE.*changed|PBMTE.*flush|flush.*PBMTE|pbmte.*change'
[17:31:01] [spechunter] [text] Now let me check the SBI RFENCE paths and CPU init for completeness.  
[17:31:01] [spechunter] [Grep] pattern='remote_sfence_vma|RFENCE.*SFENCE'
[17:31:01] [spechunter] [Read] /home/yzs/riscv/qemu/target/riscv/cpu.c
[17:31:01] [spechunter] [Read] /home/yzs/riscv/qemu/target/riscv/insn_trans/trans_svinval.c.inc
[17:31:02] [spechunter] [Grep] pattern='resp.*miss|softexc|soft.*exc'
[17:31:02] [spechunter] [Read] /home/yzs/riscv/XiangShan/src/main/scala/xiangshan/cache/mmu/TLB.scala
[17:31:43] [spechunter] [Grep] pattern='Svadu|hardw.*[Aa].*[Dd]|set.*[Aa].*[Dd].*bit|A.*D.*update|update.*A.*D|force.*dirty|force.*access|atom.*set.*bit'
[17:31:43] [spechunter] [Grep] pattern='chgnd|changed|change_detect|menvcfg|henvcfg'
[17:31:43] [spechunter] [Read] /home/yzs/riscv/XiangShan/src/main/scala/xiangshan/backend/fu/NewCSR/MachineLevel.scala
[17:31:44] [spechunter] [text] Now I have all the information needed. Here is the JSON report:  ```json {   "locations": [     {       "file_path": "ta...
[17:31:56] [spechunter] [text] Let me now read the key source files to verify exact code and check for fence operations after CSR writes.  
[17:31:56] [spechunter] [Read] /home/yzs/riscv/linux/arch/riscv/kvm/vcpu.c
[17:31:56] [spechunter] [Read] /home/yzs/riscv/linux/arch/riscv/kvm/vcpu.c
[17:31:56] [spechunter] [Read] /home/yzs/riscv/linux/arch/riscv/kvm/vcpu.c
[17:32:09] [spechunter] [Read] /home/yzs/riscv/linux/arch/riscv/kvm/vcpu_sbi_fwft.c
[17:32:09] [spechunter] [Read] /home/yzs/riscv/linux/arch/riscv/kvm/vcpu_switch.S
[17:32:09] [spechunter] [text] ```json {   "violation_condition": "In the FreeBSD kernel, writing menvcfg.ADUE or henvcfg.ADUE via csr_write without su...
[17:32:11] [spechunter] [text] Let me check the full suspend logic to understand retentive vs non-retentive paths.  
[17:32:11] [spechunter] [Read] /home/yzs/riscv/opensbi/lib/sbi/sbi_hsm.c
[17:32:27] [spechunter] [TodoWrite] 5 items
[17:32:31] [spechunter] [Grep] pattern='csr_write\\(\\s*(menvcfg|henvcfg)'
[17:32:31] [spechunter] [Grep] pattern='csr_write.*menvcfg|csr_write.*henvcfg'
[17:32:33] [spechunter] [text] Now let me check for fence operations in the critical paths. I need to look at the vcpu_ioctl_run flow to see if any hfe...
[17:32:33] [spechunter] [Read] /home/yzs/riscv/linux/arch/riscv/kvm/vcpu.c
[17:32:33] [spechunter] [Read] /home/yzs/riscv/linux/arch/riscv/kvm/vcpu_onereg.c
[17:32:39] [spechunter] [Grep] pattern='menvcfg'
[17:32:39] [spechunter] [Grep] pattern='henvcfg'
[17:32:39] [spechunter] [Grep] pattern='SFENCE\\.VMA|sfence\\.vma'
[17:32:39] [spechunter] [Grep] pattern='HFENCE\\.VVMA|hfence\\.vvma'
[17:32:39] [spechunter] [Grep] pattern='csr_write\\(\\s*(menvcfg|henvcfg)'
[17:32:42] [spechunter] [text] Agent 2 completed. Let me read the critical functions directly while waiting for Agent 1.  
[17:32:42] [spechunter] [Grep] pattern='write_menvcfg'
[17:32:43] [spechunter] [text] Now let me cross-validate these locations against the actual PR context to produce the final set.  
[17:32:43] [spechunter] [Agent] description, subagent_type
[17:32:46] [spechunter] [Read] /home/yzs/riscv/freebsd-src/sys/riscv/vmm/vmm_riscv.c
[17:32:46] [spechunter] [Grep] pattern='menvcfg'
[17:32:46] [spechunter] [Grep] pattern='SFENCE\\.VMA|sfence_vma|sfence\\.vma'
[17:32:46] [spechunter] [Grep] pattern='HFENCE\\.VVMA|hfence_vvma|hfence\\.vvma'
[17:32:48] [spechunter] [Read] /home/yzs/riscv/qemu/target/riscv/csr.c
[17:32:48] [spechunter] [Grep] pattern='write_henvcfg'
[17:32:53] [spechunter] [Read] /home/yzs/riscv/linux/arch/riscv/kvm/tlb.c
[17:32:53] [spechunter] [Read] /home/yzs/riscv/linux/arch/riscv/kvm/vcpu.c
[17:32:54] [spechunter] [Read] /home/yzs/riscv/qemu/target/riscv/csr.c
[17:32:54] [spechunter] [Read] /home/yzs/riscv/qemu/target/riscv/csr.c
[17:32:55] [spechunter] [Read] /home/yzs/riscv/freebsd-src/sys/riscv/vmm/vmm_riscv.c
[17:32:55] [spechunter] [Read] /home/yzs/riscv/freebsd-src/sys/riscv/include/cpufunc.h
[17:32:55] [spechunter] [Read] /home/yzs/riscv/freebsd-src/sys/riscv/riscv/pmap.c
[17:32:55] [spechunter] [Read] /home/yzs/riscv/freebsd-src/sys/riscv/riscv/pmap.c
[17:33:03] [spechunter] [text] Now let me check the page table walker for ADUE usage and the migration VMState code.  
[17:33:03] [spechunter] [Grep] pattern='adue|ADUE|MENVCFG_ADUE|HENVCFG_ADUE'
[17:33:03] [spechunter] [Grep] pattern='menvcfg|henvcfg'
[17:33:08] [spechunter] [Grep] pattern='csr_write.*menvcfg|menvcfg'
[17:33:08] [spechunter] [Grep] pattern='vmmops_delegate'
[17:33:08] [spechunter] [Read] /home/yzs/riscv/freebsd-src/sys/riscv/vmm/vmm_fence.c
[17:33:09] [spechunter] [Read] /home/yzs/riscv/qemu/target/riscv/csr.c
[17:33:09] [spechunter] [Grep] pattern='menvcfg|henvcfg'
[17:33:12] [spechunter] [Read] /home/yzs/riscv/XiangShan/src/main/scala/xiangshan/backend/fu/NewCSR/CSRBundles.scala
[17:33:12] [spechunter] [Read] /home/yzs/riscv/XiangShan/src/main/scala/xiangshan/backend/fu/NewCSR/MachineLevel.scala
[17:33:12] [spechunter] [Read] /home/yzs/riscv/XiangShan/src/main/scala/xiangshan/backend/fu/NewCSR/HypervisorLevel.scala
[17:33:12] [spechunter] [Read] /home/yzs/riscv/XiangShan/src/main/scala/xiangshan/backend/fu/NewCSR/NewCSR.scala
[17:33:12] [spechunter] [Read] /home/yzs/riscv/XiangShan/src/main/scala/xiangshan/cache/mmu/TLB.scala
[17:33:12] [spechunter] [Read] /home/yzs/riscv/XiangShan/src/main/scala/xiangshan/cache/mmu/L2TLB.scala
[17:33:12] [spechunter] [Read] /home/yzs/riscv/XiangShan/src/main/scala/xiangshan/cache/mmu/PageTableWalker.scala
[17:33:12] [spechunter] [Read] /home/yzs/riscv/XiangShan/src/main/scala/xiangshan/Bundle.scala
[17:33:12] [spechunter] [Read] /home/yzs/riscv/XiangShan/src/main/scala/xiangshan/cache/mmu/MMUBundle.scala
[17:33:12] [spechunter] [Read] /home/yzs/riscv/XiangShan/src/main/scala/xiangshan/backend/fu/Fence.scala
[17:33:14] [spechunter] [text] Let me also check the locore.S context and look for other relevant references in the kernel tree.  
[17:33:14] [spechunter] [Read] /home/yzs/riscv/freebsd-src/sys/riscv/riscv/locore.S
[17:33:14] [spechunter] [Read] /home/yzs/riscv/freebsd-src/sys/riscv/riscv/locore.S
[17:33:14] [spechunter] [Read] /home/yzs/riscv/freebsd-src/sys/riscv/riscv/db_disasm.c
[17:33:14] [spechunter] [Grep] pattern='hfence_gvma|hfence\\.gvma'
[17:33:14] [spechunter] [Grep] pattern='sfence_vma|sfence_vma_page|sfence_vma_asid'
[17:33:14] [spechunter] [Grep] pattern='HENVCFG|henvcfg'
[17:33:16] [spechunter] [text] Now let me check for KVM CSR handling and the MSTATUS write paths for completeness. Also, let me look at whether there's...
[17:33:16] [spechunter] [Read] /home/yzs/riscv/qemu/target/riscv/csr.c
[17:33:16] [spechunter] [Read] /home/yzs/riscv/qemu/target/riscv/csr.c
[17:33:16] [spechunter] [Grep] pattern='menvcfg|henvcfg'
[17:33:17] [spechunter] [text] Let me check the reset path and one_reg access for henvcfg changes.  
[17:33:17] [spechunter] [Grep] pattern='kvm_riscv_reset_vcpu|kvm_riscv_vcpu_setup_config'
[17:33:17] [spechunter] [Grep] pattern='KVM_REG_RISCV_CONFIG_REG.*henvcfg|henvcfg.*KVM_REG|set_one_reg.*henvcfg|get_one_reg.*henvcfg'
[17:33:32] [spechunter] [Grep] pattern='vmmops_delegate'
[17:33:32] [spechunter] [Grep] pattern='menvcfg|henvcfg'
[17:33:33] [spechunter] [Grep] pattern='MENVCFG|menvcfg'
[17:33:33] [spechunter] [Grep] pattern='ADUE|PBMTE'
[17:33:33] [spechunter] [Grep] pattern='hfence_gvma|hfence\\.gvma'
[17:33:33] [spechunter] [Read] /home/yzs/riscv/freebsd-src/sys/riscv/riscv/sbi.c
[17:33:35] [spechunter] [text] Let me also check KVM CSR handling and the PBMTE comparison point — the spec says PBMTE is a similar case.  
[17:33:35] [spechunter] [Grep] pattern='xenvcfg|henvcfg|menvcfg'
[17:33:35] [spechunter] [Grep] pattern='xenvcfg|henvcfg|menvcfg'
[17:33:35] [spechunter] [Grep] pattern='tlb_flush'
[17:33:41] [spechunter] [Read] /home/yzs/riscv/linux/arch/riscv/kvm/vcpu.c
[17:33:41] [spechunter] [Grep] pattern='HENVCFG|henvcfg'
[17:33:42] [spechunter] [Bash] List KVM directory contents
[17:33:42] [spechunter] [Grep] pattern='read_menvcfg'
[17:33:44] [spechunter] [text] Let me also check the vmm_fence.c context and look for hfence.gvma disassembler entry.  
[17:33:44] [spechunter] [Read] /home/yzs/riscv/freebsd-src/sys/riscv/vmm/vmm_fence.c
[17:33:44] [spechunter] [Read] /home/yzs/riscv/freebsd-src/sys/riscv/include/encoding.h
[17:33:47] [spechunter] [Grep] pattern='kvm_riscv_vcpu_context_reset'
[17:33:47] [spechunter] [Read] /home/yzs/riscv/linux/arch/riscv/include/asm/switch_to.h
[17:33:58] [spechunter] [Read] /home/yzs/riscv/opensbi/lib/sbi/sbi_hart.c
[17:34:00] [spechunter] [Read] /home/yzs/riscv/freebsd-src/sys/riscv/vmm/vmm_riscv.c
[17:34:00] [spechunter] [Grep] pattern='ADUE|adue|HENVCFG_ADUE|MENVCFG_ADUE'
[17:34:00] [spechunter] [Grep] pattern='HENVCFG_|MENVCFG_'
[17:34:23] [spechunter] [text] Now let me check the virt mode change code and handle the remaining details.  
[17:34:23] [spechunter] [Read] /home/yzs/riscv/qemu/target/riscv/cpu_helper.c
[17:34:23] [spechunter] [Read] /home/yzs/riscv/qemu/target/riscv/cpu_helper.c
[17:34:23] [spechunter] [Read] /home/yzs/riscv/qemu/target/riscv/cpu_helper.c
[17:34:42] [spechunter] [text] ```json {   "locations": [     {       "file_path": "sys/riscv/vmm/vmm_riscv.c",       "function_name": "vmm_riscv_vcpu_...
[17:34:47] [spechunter] [Grep] pattern='henvcfg'
[17:34:47] [spechunter] [Grep] pattern='csr_write.*envcfg|csr_read.*envcfg|csr_set.*envcfg|csr_clear.*envcfg'
[17:34:47] [spechunter] [Grep] pattern='sstatus_sum|hstatus|menvcfg|henvcfg'
[17:34:51] [spechunter] [text] Now I have all the critical data. Let me verify one more comparison point — PBMTE (the spec analog mentioned in the PR)....
[17:34:51] [spechunter] [Grep] pattern='tlb_flush|tb_flush'
[17:34:59] [spechunter] [text] Now let me check the page table walker function name and the GDB stub dynamic CSR exposure.  
[17:34:59] [spechunter] [Read] /home/yzs/riscv/qemu/target/riscv/csr.c
[17:34:59] [spechunter] [Read] /home/yzs/riscv/qemu/target/riscv/gdbstub.c
[17:34:59] [spechunter] [Grep] pattern='^static.*riscv_cpu_tlb_fill|^bool riscv_cpu_tlb_fill|^static int get_physical_address'
[17:35:04] [spechunter] [text] Now let me verify a few key locations to confirm exact line numbers before producing the final set.  
[17:35:04] [spechunter] [Read] /home/yzs/riscv/XiangShan/src/main/scala/xiangshan/backend/fu/NewCSR/CSRBundles.scala
[17:35:04] [spechunter] [Read] /home/yzs/riscv/XiangShan/src/main/scala/xiangshan/backend/fu/NewCSR/NewCSR.scala
[17:35:04] [spechunter] [Read] /home/yzs/riscv/XiangShan/src/main/scala/xiangshan/cache/mmu/PageTableWalker.scala
[17:35:04] [spechunter] [Read] /home/yzs/riscv/XiangShan/src/main/scala/xiangshan/Bundle.scala
[17:35:05] [spechunter] [Read] /home/yzs/riscv/qemu/target/riscv/cpu_helper.c
[17:35:05] [spechunter] [Read] /home/yzs/riscv/qemu/target/riscv/cpu_helper.c
[17:35:18] [spechunter] [Grep] pattern='menvcfg'
[17:35:18] [spechunter] [Grep] pattern='henvcfg'
[17:35:18] [spechunter] [Grep] pattern='envcfg'
[17:35:24] [spechunter] [Read] /home/yzs/riscv/XiangShan/src/main/scala/xiangshan/backend/fu/NewCSR/MachineLevel.scala
[17:35:24] [spechunter] [Read] /home/yzs/riscv/XiangShan/src/main/scala/xiangshan/backend/fu/NewCSR/HypervisorLevel.scala
[17:35:24] [spechunter] [Read] /home/yzs/riscv/XiangShan/src/main/scala/xiangshan/cache/mmu/TLB.scala
[17:35:24] [spechunter] [Read] /home/yzs/riscv/XiangShan/src/main/scala/xiangshan/cache/mmu/L2TLB.scala
[17:35:24] [spechunter] [Read] /home/yzs/riscv/XiangShan/src/main/scala/xiangshan/cache/mmu/MMUBundle.scala
[17:35:24] [spechunter] [Read] /home/yzs/riscv/XiangShan/src/main/scala/xiangshan/backend/fu/Fence.scala
[17:35:28] [spechunter] [text] Let me verify one more critical detail — whether ADUE is part of the mmu_idx or TLB key, which would determine if stale ...
[17:35:28] [spechunter] [Grep] pattern='MMU_IDX|mmu_idx|mmuidx'
[17:35:28] [spechunter] [Grep] pattern='MMUIdx|mmu_index|CPUMMUIdx'
[17:35:28] [spechunter] [Grep] pattern='HENVCFG|henvcfg|KVM_REG_RISCV'
[17:35:55] [spechunter] [text] Let me do a broader search for any indirect manipulation of these CSRs and check the vmm_switch path.  
[17:35:55] [spechunter] [Grep] pattern='csr_write|csr_read|csr_set|csr_clear'
[17:35:55] [spechunter] [Grep] pattern='menvcfg'
[17:35:55] [spechunter] [Grep] pattern='hfence_vvma|HFENCE_VVMA|hfence\\.vvma'
[17:35:58] [spechunter] [text] Now let me read one more location to verify the Repeater flush condition for completeness.  
[17:35:58] [spechunter] [Read] /home/yzs/riscv/XiangShan/src/main/scala/xiangshan/cache/mmu/Repeater.scala
[17:36:04] [spechunter] [Grep] pattern='csr_write.*HENVCFG|csr_set.*HENVCFG|csr_clear.*HENVCFG'
[17:36:04] [spechunter] [Read] /home/yzs/riscv/opensbi/lib/sbi/sbi_hart_pmp.c
[17:36:14] [spechunter] [text] Let me check the vmm_switch (hyp context switch) and initialization paths for any additional henvcfg/menvcfg writes.  
[17:36:14] [spechunter] [Grep] pattern='vmm_switch'
[17:36:14] [spechunter] [Grep] pattern='envcfg|ADUE'
[17:36:14] [spechunter] [Grep] pattern='henvcfg|menvcfg|envcfg'
[17:36:14] [spechunter] [Glob] sys/riscv/vmm/vmm_switch*
[17:36:30] [spechunter] [Read] /home/yzs/riscv/freebsd-src/sys/riscv/vmm/vmm_switch.S
[17:36:30] [spechunter] [Read] /home/yzs/riscv/freebsd-src/sys/riscv/vmm/riscv.h
[17:36:35] [spechunter] [text] Now I have all the data needed. Agent 1 is still running but Agent 2 covered it. Let me compile the final JSON.  
[17:36:35] [spechunter] [Write] /home/yzs/riscv/qemu/analysis_smip_err_cfg.json
[17:36:42] [spechunter] [text] Both agents are complete. Let me read the existing file before writing.  
[17:36:42] [spechunter] [Read] /home/yzs/riscv/qemu/analysis_smip_err_cfg.json
[17:36:50] [spechunter] [text] Now I have all the data needed for cross-validation. Let me produce the final deduplicated and ranked location set.  ```...
[17:37:05] [spechunter] [text] I need to find the relevant code locations since the provided ones are empty. Let me search the codebase for ADUE-relate...
[17:37:05] [spechunter] [Agent] description, prompt
[17:37:09] [spechunter] [TodoWrite] 5 items
[17:37:09] [spechunter] [text] Let me search more broadly for indirect henvcfg/menvcfg manipulation and the pmap layer.  
[17:37:09] [spechunter] [Grep] pattern='senvcfg|SENVCFG'
[17:37:09] [spechunter] [Grep] pattern='hfence_gvma|hfence_vvma'
[17:37:09] [spechunter] [Read] /home/yzs/riscv/freebsd-src/sys/riscv/vmm/vmm_riscv.c
[17:37:30] [spechunter] [text] Let me check for SBI calls and firmware interactions that might manipulate these CSRs.  
[17:37:30] [spechunter] [Grep] pattern='sbi_.*menvcfg|sbi_.*henvcfg|sbi_.*envcfg'
[17:37:30] [spechunter] [Grep] pattern='ADUE'
[17:37:30] [spechunter] [Grep] pattern='SSTC|STCE|sstc|stce'
[17:37:38] [spechunter] [Grep] pattern='ADUE|adue'
[17:37:38] [spechunter] [Grep] pattern='[Ss]vade'
[17:37:38] [spechunter] [Grep] pattern='setDirty|setAccessed'
[17:37:38] [spechunter] [Grep] pattern='pte.update.enable|pte_update_enable|updateEnable|Adue|update_enable'
[17:37:38] [spechunter] [Grep] pattern='menvcfg.*(?:[dD]irty|[aA]ccessed|ADUE|[Aa]due)'
[17:37:38] [spechunter] [Grep] pattern='henvcfg.*(?:[dD]irty|[aA]ccessed|ADUE|[Aa]due)'
[17:37:38] [spechunter] [text] Let me check the init/startup path for menvcfg writes, and the broader VMM initialization.  
[17:37:38] [spechunter] [Read] /home/yzs/riscv/freebsd-src/sys/riscv/vmm/vmm_riscv.c
[17:37:38] [spechunter] [Grep] pattern='menvcfg|MENVCFG'
[17:37:38] [spechunter] [Grep] pattern='has_sstc'
[17:37:50] [spechunter] [Grep] pattern='menvcfg'
[17:37:50] [spechunter] [Grep] pattern='csr_write|csr_set|csr_clear'
[17:37:50] [spechunter] [Grep] pattern='has_sstc\\b'
[17:38:06] [spechunter] [Grep] pattern='menvcfg|henvcfg'
[17:38:06] [spechunter] [Grep] pattern='envcfg'
[17:38:11] [spechunter] [Grep] pattern='menvcfg'
[17:38:11] [spechunter] [Grep] pattern='henvcfg'
[17:38:11] [spechunter] [Grep] pattern='Svadu|svadu'
[17:38:11] [spechunter] [Grep] pattern='A_bit|D_bit|a_bit|d_bit|dirty_bit|access_bit|accessed_bit'
[17:38:11] [spechunter] [Grep] pattern='SFENCE|sfence|HFENCE|hfence|fence_vma|GVMA|VVMA'
[17:38:11] [spechunter] [Grep] pattern='dirty|Dirty|DIRTY|accessed|Accessed|ACCESSED'
[17:38:26] [spechunter] [text] Let me search broadly for any menvcfg or ADUE-related write patterns across the entire tree.  
[17:38:26] [spechunter] [Grep] pattern='menvcfg'
[17:38:26] [spechunter] [Grep] pattern='ADUE'
[17:38:26] [spechunter] [Grep] pattern='sfence_vma\\b'
[17:38:34] [spechunter] [Read] /home/yzs/riscv/XiangShan/src/main/scala/xiangshan/backend/fu/NewCSR/CSRBundles.scala
[17:38:34] [spechunter] [Read] /home/yzs/riscv/XiangShan/src/main/scala/xiangshan/cache/mmu/TLB.scala
[17:38:34] [spechunter] [Read] /home/yzs/riscv/XiangShan/src/main/scala/xiangshan/backend/fu/NewCSR/MachineLevel.scala
[17:38:34] [spechunter] [Read] /home/yzs/riscv/XiangShan/src/main/scala/xiangshan/backend/fu/NewCSR/HypervisorLevel.scala
[17:38:43] [spechunter] [Write] /home/yzs/riscv/qemu/analysis_smip_err_cfg.json
[17:38:48] [spechunter] [text] Now I have a complete picture. Let me compile the final analysis.  
[17:38:48] [spechunter] [TodoWrite] 5 items
[17:38:51] [spechunter] [text] Here's the summary of findings:  ## Root Cause  **4 CSR write functions** (`write_menvcfg`, `write_menvcfgh`, `write_hen...
[17:38:53] [spechunter] [Grep] pattern='ADUE|adue|Adue'
[17:38:53] [spechunter] [Grep] pattern='Sfence|sfence|HFENCE|hfence|fence_vma|GVMA|VVMA'
[17:38:53] [spechunter] [Grep] pattern='EnvCfg|envcfg|envCfg'
[17:38:53] [spechunter] [Grep] pattern='valid_need_dirty|dirty_bit|Dirty_bit|need_dirty|needDirty|set_dirty|setDirty'
[17:38:58] [spechunter] [Grep] pattern='menvcfg|henvcfg'
[17:38:58] [spechunter] [Grep] pattern='menvcfg|henvcfg'
[17:38:58] [spechunter] [Grep] pattern='menvcfg|henvcfg'
[17:39:02] [spechunter] [text] Now let me read the HSM init and verify the warm resume path in full detail:  
[17:39:02] [spechunter] [Read] /home/yzs/riscv/opensbi/lib/sbi/sbi_hsm.c
[17:39:02] [spechunter] [Read] /home/yzs/riscv/opensbi/lib/sbi/sbi_hsm.c
[17:39:06] [spechunter] [text] I'll verify the key locations against actual code to cross-validate line numbers and relevance.  
[17:39:06] [spechunter] [Read] /home/yzs/riscv/qemu/target/riscv/csr.c
[17:39:06] [spechunter] [Read] /home/yzs/riscv/qemu/target/riscv/csr.c
[17:39:06] [spechunter] [Read] /home/yzs/riscv/qemu/target/riscv/csr.c
[17:39:10] [spechunter] [Read] /home/yzs/riscv/XiangShan/src/main/scala/xiangshan/backend/fu/NewCSR/HypervisorLevel.scala
[17:39:10] [spechunter] [Grep] pattern='class TlbCsrBundle|TlbCsrBundle|tlbCsr|tlb_csr'
[17:39:10] [spechunter] [Grep] pattern='class MEnvCfg|class HEnvCfg|class SEnvCfg'
[17:39:10] [spechunter] [Grep] pattern='dirty|Dirty|DIRTY|set_dirty|setDirty|D_BIT'
[17:39:17] [spechunter] [Read] /home/yzs/riscv/qemu/target/riscv/cpu_helper.c
[17:39:17] [spechunter] [Read] /home/yzs/riscv/qemu/target/riscv/cpu_helper.c
[17:39:17] [spechunter] [Read] /home/yzs/riscv/qemu/target/riscv/csr.c
[17:39:17] [spechunter] [Read] /home/yzs/riscv/qemu/target/riscv/csr.c
[17:39:21] [spechunter] [text] Let me search all kernel source files comprehensively.  
[17:39:21] [spechunter] [Grep] pattern='menvcfg|henvcfg'
[17:39:21] [spechunter] [Grep] pattern='envcfg'
[17:39:21] [spechunter] [Grep] pattern='menvcfg|henvcfg'
[17:39:23] [spechunter] [text] Let me verify one more thing - whether henvcfg is exposed via the general CSR register interface.  
[17:39:23] [spechunter] [Grep] pattern='henvcfg|kvm_riscv_csr'
[17:39:23] [spechunter] [Grep] pattern='HENVCFG|henvcfg'
[17:40:12] [spechunter] [text] Let me do one final sweep for any indirect CSR manipulation and check the `hfence_gvma` definition.  
[17:40:12] [spechunter] [Grep] pattern='hfence_gvma'
[17:40:12] [spechunter] [Grep] pattern='csr_write|csr_read'
[17:40:12] [spechunter] [Grep] pattern='csr_write|csr_read'
[17:40:19] [spechunter] [Read] /home/yzs/riscv/qemu/target/riscv/cpu_bits.h
[17:40:19] [spechunter] [Read] /home/yzs/riscv/qemu/target/riscv/cpu.c
[17:40:22] [spechunter] [Grep] pattern='csr_write'
[17:40:22] [spechunter] [Grep] pattern='menvcfg|henvcfg|senvcfg|envcfg'
[17:40:22] [spechunter] [Grep] pattern='ADUE|a/d|access_dirty|ACCESS_DIRTY'
[17:40:34] [spechunter] [Grep] pattern='trans_sfence_vma'
[17:40:34] [spechunter] [Grep] pattern='trans_hfence_vvma'
[17:40:42] [spechunter] [Read] /home/yzs/riscv/XiangShan/src/main/scala/xiangshan/Bundle.scala
[17:40:42] [spechunter] [Read] /home/yzs/riscv/XiangShan/src/main/scala/xiangshan/backend/fu/NewCSR/MachineLevel.scala
[17:40:42] [spechunter] [Read] /home/yzs/riscv/XiangShan/src/main/scala/xiangshan/backend/fu/NewCSR/HypervisorLevel.scala
[17:40:54] [spechunter] [TodoWrite] 5 items
[17:41:06] [spechunter] [Grep] pattern='\\.a |\\.d |A\\(|D\\(|[aA]ccess|[dD]irty|pte.*bits|pte_bits'
[17:41:06] [spechunter] [Grep] pattern='class PteBundle|class PtwEntry|class PtwEntries'
[17:41:06] [spechunter] [Read] /home/yzs/riscv/XiangShan/src/main/scala/xiangshan/cache/mmu/PageTableWalker.scala
[17:41:09] [spechunter] [Grep] pattern='trans_sinval_vma|trans_hinval_vvma'
[17:41:29] [spechunter] [text] Let me verify the key locations before finalizing.  
[17:41:29] [spechunter] [Read] /home/yzs/riscv/freebsd-src/sys/riscv/vmm/vmm_riscv.c
[17:41:29] [spechunter] [Read] /home/yzs/riscv/freebsd-src/sys/riscv/include/riscvreg.h
[17:41:29] [spechunter] [Read] /home/yzs/riscv/freebsd-src/sys/riscv/include/cpufunc.h
[17:41:29] [spechunter] [Read] /home/yzs/riscv/freebsd-src/sys/riscv/riscv/pmap.c
[17:41:42] [spechunter] [Read] /home/yzs/riscv/XiangShan/src/main/scala/xiangshan/cache/mmu/MMUBundle.scala
[17:41:42] [spechunter] [Grep] pattern='satp.*changed|vsatp.*changed|hgatp.*changed|envcfg.*changed|ADUE.*changed'
[17:41:42] [spechunter] [Grep] pattern='flush.*envcfg|envcfg.*flush|envcfg.*sfence|sfence.*envcfg'
[17:41:42] [spechunter] [Grep] pattern='pmp.*check|pmp.*envcfg|envcfg.*pmp'
[17:41:51] [spechunter] [Read] /home/yzs/riscv/XiangShan/src/main/scala/xiangshan/backend/fu/wrapper/CSR.scala
[17:41:51] [spechunter] [Read] /home/yzs/riscv/XiangShan/src/main/scala/xiangshan/cache/mmu/TLB.scala
[17:41:51] [spechunter] [Read] /home/yzs/riscv/XiangShan/src/main/scala/xiangshan/cache/mmu/TLB.scala
[17:42:08] [spechunter] [Grep] pattern='update_pte|updatePte|re_perm|re.*perm|perm.*update|hw.*a.*d|h.*a.*d|hardware.*updat'
[17:42:08] [spechunter] [Grep] pattern='changed'
[17:42:08] [spechunter] [Grep] pattern='changed'
[17:42:08] [spechunter] [Read] /home/yzs/riscv/XiangShan/src/main/scala/xiangshan/cache/mmu/PageTableWalker.scala
[17:42:18] [spechunter] [Grep] pattern='Changed|changed'
[17:42:18] [spechunter] [Grep] pattern='satpASIDChanged|vsatpASIDChanged|hgatpVMIDChanged|envcfg|ADUE'
[17:42:18] [spechunter] [Grep] pattern='satpASIDChanged|vsatpASIDChanged|hgatpVMIDChanged|envcfgChanged|envcfg.*Changed'
[17:42:23] [spechunter] [text] Let me check for menvcfg writes as well, since the PR covers both menvcfg and henvcfg.  
[17:42:23] [spechunter] [Grep] pattern='menvcfg|MENVCFG'
[17:42:23] [spechunter] [Grep] pattern='hfence\\.vvma|HFENCE_VVMA'
[17:42:25] [spechunter] [Grep] pattern='class PtePermBundle|class TlbPermBundle|class TlbStorageEntry|class TlbEntry'
[17:42:25] [spechunter] [Read] /home/yzs/riscv/XiangShan/src/main/scala/xiangshan/cache/mmu/MMUBundle.scala
[17:42:35] [spechunter] [text] Now let me trace the critical warm resume path end-to-end to confirm the gap.  
[17:42:35] [spechunter] [Read] /home/yzs/riscv/opensbi/lib/sbi/sbi_trap.c
[17:42:36] [spechunter] [text] All locations verified against actual code. Here's the final cross-validated, deduplicated, and ranked set:  ```json {  ...
[17:42:41] [spechunter] [Read] /home/yzs/riscv/XiangShan/src/main/scala/xiangshan/cache/mmu/MMUBundle.scala
[17:42:41] [spechunter] [Grep] pattern='class PtwResp\\b|class PtwSectorResp'
[17:42:41] [spechunter] [Grep] pattern='PtwResp|PtwSectorResp'
[17:42:48] [spechunter] [text] Now I have a comprehensive picture. Let me compile the final report.  ```json {   "target": "linux",   "spec_entity": "m...
[17:42:50] [spechunter] [Read] /home/yzs/riscv/XiangShan/src/main/scala/xiangshan/cache/mmu/MMUBundle.scala
[17:42:50] [spechunter] [Read] /home/yzs/riscv/XiangShan/src/main/scala/xiangshan/cache/mmu/MMUBundle.scala
[17:42:50] [spechunter] [Grep] pattern='adue|ADUE|Adue|mADUE|hADUE'
[17:42:51] [spechunter] [text] I'll start by finding the relevant functions and then read the code at each location.  
[17:42:51] [spechunter] [Grep] pattern='write_menvcfg|write_henvcfg'
[17:42:51] [spechunter] [Grep] pattern='MENVCFG_ADUE|HENVCFG_ADUE'
[17:42:51] [spechunter] [Grep] pattern='ADUE'
[17:43:04] [spechunter] [Grep] pattern='ADUE|adue|menvcfg.*61|henvcfg.*61|bit.*61'
[17:43:04] [spechunter] [Read] /home/yzs/riscv/XiangShan/src/main/scala/xiangshan/backend/fu/Fence.scala
[17:43:04] [spechunter] [Grep] pattern='sfence|Sfence|fence_vma'
[17:43:08] [spechunter] [text] Now let me read the actual code at each location.  
[17:43:08] [spechunter] [Read] /home/yzs/riscv/qemu/target/riscv/csr.c
[17:43:08] [spechunter] [Read] /home/yzs/riscv/qemu/target/riscv/csr.c
[17:43:08] [spechunter] [Read] /home/yzs/riscv/qemu/target/riscv/csr.c
[17:43:08] [spechunter] [Read] /home/yzs/riscv/qemu/target/riscv/csr.c
[17:43:08] [spechunter] [Read] /home/yzs/riscv/qemu/target/riscv/cpu_helper.c
[17:43:08] [spechunter] [Read] /home/yzs/riscv/qemu/target/riscv/cpu.c
[17:43:14] [spechunter] [Read] /home/yzs/riscv/XiangShan/src/main/scala/xiangshan/backend/fu/CSR.scala
[17:43:14] [spechunter] [Read] /home/yzs/riscv/XiangShan/src/main/scala/xiangshan/backend/fu/CSR.scala
[17:43:14] [spechunter] [Read] /home/yzs/riscv/XiangShan/src/main/scala/xiangshan/backend/fu/CSR.scala
[17:43:14] [spechunter] [Read] /home/yzs/riscv/XiangShan/src/main/scala/xiangshan/Parameters.scala
[17:43:15] [spechunter] [Grep] pattern='hfence_vvma|HFENCE_VVMA'
[17:43:15] [spechunter] [Grep] pattern='csr_write.*henvcfg|csr_write.*menvcfg'
[17:43:31] [spechunter] [text] Let me verify a few key locations to ensure accuracy of the cross-validation.  
[17:43:31] [spechunter] [Read] /home/yzs/riscv/linux/arch/riscv/include/asm/csr.h
[17:43:31] [spechunter] [Read] /home/yzs/riscv/linux/arch/riscv/kvm/vcpu.c
[17:43:31] [spechunter] [Read] /home/yzs/riscv/linux/arch/riscv/kernel/cpufeature.c
[17:43:31] [spechunter] [Read] /home/yzs/riscv/linux/arch/riscv/kvm/vcpu_sbi_fwft.c
[17:43:33] [spechunter] [text] Let me also check the comparison pattern (write_mstatus with MXR tlb_flush) and the A/D handling in the page table walke...
[17:43:33] [spechunter] [Read] /home/yzs/riscv/qemu/target/riscv/cpu_helper.c
[17:43:33] [spechunter] [Grep] pattern='tlb_flush.*MXR\\|MXR.*tlb_flush\\|mstatus.*tlb_flush'
[17:43:33] [spechunter] [Grep] pattern='riscv_gdb_set_csr'
[17:43:34] [spechunter] [Grep] pattern='svadu|Svadu|SVADU|EXT_SVADU'
[17:43:34] [spechunter] [Grep] pattern='EXT_SSTC|EXT_DBLTRP|EXT_'
[17:43:34] [spechunter] [Read] /home/yzs/riscv/XiangShan/src/main/scala/xiangshan/backend/fu/NewCSR/HypervisorLevel.scala
[17:43:36] [spechunter] [text] Let me verify a few more of the claimed locations to cross-validate.  
[17:43:36] [spechunter] [Read] /home/yzs/riscv/freebsd-src/sys/riscv/riscv/locore.S
[17:43:36] [spechunter] [Read] /home/yzs/riscv/freebsd-src/sys/riscv/riscv/locore.S
[17:43:36] [spechunter] [Read] /home/yzs/riscv/freebsd-src/sys/riscv/riscv/sbi.c
[17:43:36] [spechunter] [Read] /home/yzs/riscv/freebsd-src/sys/riscv/riscv/pmap.c
[17:43:36] [spechunter] [Read] /home/yzs/riscv/freebsd-src/sys/riscv/riscv/pmap.c
[17:43:45] [spechunter] [text] Let me check the write_mstatus MXR pattern and the full gdbstub set function.  
[17:43:45] [spechunter] [Grep] pattern='MXR.*tlb_flush\\|tlb_flush.*MXR'
[17:43:45] [spechunter] [Read] /home/yzs/riscv/qemu/target/riscv/gdbstub.c
[17:43:47] [spechunter] [Read] /home/yzs/riscv/freebsd-src/sys/riscv/vmm/vmm_fence.c
[17:43:47] [spechunter] [Read] /home/yzs/riscv/freebsd-src/sys/riscv/riscv/db_disasm.c
[17:43:47] [spechunter] [Read] /home/yzs/riscv/freebsd-src/sys/riscv/include/encoding.h
[17:43:47] [spechunter] [Read] /home/yzs/riscv/freebsd-src/sys/riscv/include/sbi.h
[17:43:52] [spechunter] [Read] /home/yzs/riscv/XiangShan/src/main/scala/xiangshan/backend/fu/NewCSR/NewCSR.scala
[17:43:52] [spechunter] [Read] /home/yzs/riscv/XiangShan/src/main/scala/xiangshan/backend/fu/NewCSR/CSREvents/CSREvent.scala
[17:43:52] [spechunter] [Grep] pattern='menvcfg.*wen|henvcfg.*wen|senvcfg.*wen'
[17:43:52] [spechunter] [Grep] pattern='EnvCfg|menvcfg|henvcfg|senvcfg'
[17:44:11] [spechunter] [Grep] pattern='val menvcfg.*=.*Module|menvcfg.*CSRModule|MachineLevel.*menvcfg'
[17:44:11] [spechunter] [Grep] pattern='menvcfg|envcfg|Menvcfg|Henvcfg'
[17:44:11] [spechunter] [Read] /home/yzs/riscv/XiangShan/src/main/scala/xiangshan/backend/fu/NewCSR/MachineLevel.scala
[17:44:23] [spechunter] [Grep] pattern='write_mstatus'
[17:44:26] [spechunter] [Read] /home/yzs/riscv/qemu/target/riscv/csr.c
[17:44:32] [spechunter] [Read] /home/yzs/riscv/XiangShan/src/main/scala/xiangshan/backend/fu/NewCSR/MachineLevel.scala
[17:44:32] [spechunter] [Grep] pattern='flushPipe|flush_pipe|flush.*sfence|sfence.*flush|isFence|isSfence|flushPipe'
[17:44:32] [spechunter] [Grep] pattern='readMem|writeMem|L1TLB|A.*D.*fault|dirty.*fault|d.*bit.*updat|a.*bit.*updat'
[17:44:53] [spechunter] [Read] /home/yzs/riscv/linux/arch/riscv/include/asm/pgtable.h
[17:44:53] [spechunter] [Read] /home/yzs/riscv/linux/arch/riscv/kvm/vcpu_onereg.c
[17:44:53] [spechunter] [Read] /home/yzs/riscv/linux/arch/riscv/kvm/vcpu_onereg.c
[17:44:56] [spechunter] [Read] /home/yzs/riscv/XiangShan/src/main/scala/xiangshan/cache/mmu/PageTableWalker.scala
[17:44:56] [spechunter] [Read] /home/yzs/riscv/XiangShan/src/main/scala/xiangshan/cache/mmu/PageTableWalker.scala
[17:44:56] [spechunter] [Grep] pattern='CanonicalizePt|canonicalize|pte_perm|PermBit|perm.*bit'
[17:45:14] [spechunter] [Read] /home/yzs/riscv/XiangShan/src/main/scala/xiangshan/cache/mmu/L2TLB.scala
[17:45:14] [spechunter] [Grep] pattern='gaf|Gaf|gpf|Gpf|pageFault|guestFault|accessFault'
[17:45:14] [spechunter] [Grep] pattern='pte.*\\.a|!.*\\.a.*=|\\.d.*=|perm.*a\\(|perm.*d\\('
[17:45:24] [spechunter] [text] Now I have a thorough picture. Let me trace the exact flow for `sbi_hart_switch_mode` to understand when translation get...
[17:45:24] [spechunter] [Read] /home/yzs/riscv/opensbi/lib/sbi/sbi_hart.c
[17:45:25] [spechunter] [text] Now let me check whether vcpu_load does any TLB invalidation after writing henvcfg.  
[17:45:25] [spechunter] [Read] /home/yzs/riscv/linux/arch/riscv/kvm/vcpu.c
[17:45:25] [spechunter] [Read] /home/yzs/riscv/linux/arch/riscv/kvm/vcpu.c
[17:45:30] [spechunter] [text] Now I have all the data needed. Here is the analysis:  ```json {   "findings": [     {       "file_path": "target/riscv/...
[17:45:31] [spechunter] [Grep] pattern='ADUE|adue|Adue|mADUE|hADUE|a.*d.*update|hardware.*a.*d|svadu|Svadu|SVADU'
[17:45:31] [spechunter] [Grep] pattern='ADUE|adue|Adue|svadu|Svadu'
[17:45:31] [spechunter] [Grep] pattern='class S2PTW|class HPTW|class Stage2Walker|s2ptw|s2_ptw'
[17:45:55] [spechunter] [Read] /home/yzs/riscv/XiangShan/src/main/scala/xiangshan/cache/mmu/PageTableWalker.scala
[17:45:55] [spechunter] [Read] /home/yzs/riscv/XiangShan/src/main/scala/xiangshan/cache/mmu/PageTableWalker.scala
[17:45:55] [spechunter] [Read] /home/yzs/riscv/XiangShan/src/main/scala/xiangshan/cache/mmu/PageTableWalker.scala
[17:46:33] [spechunter] [text] Now I have all the data to cross-validate. Let me evaluate each location against the PR context (spec: _software must sy...
[17:46:39] [spechunter] [Read] /home/yzs/riscv/opensbi/lib/sbi/sbi_fwft.c
[17:46:39] [spechunter] [Read] /home/yzs/riscv/opensbi/lib/sbi/sbi_hart.c
[17:46:51] [spechunter] [text] I need to search the FreeBSD source for all CSR writes to `menvcfg` and `henvcfg` to check for proper TLB synchronizatio...
[17:46:51] [spechunter] [Grep] pattern='csr_write.*menvcfg'
[17:46:51] [spechunter] [Grep] pattern='csr_write.*henvcfg'
[17:46:51] [spechunter] [Grep] pattern='csr_write.*senvcfg'
[17:46:58] [spechunter] [Grep] pattern='svadu|Svadu|SVADU|ADUE|adue'
[17:46:58] [spechunter] [Read] /home/yzs/riscv/XiangShan/src/main/scala/xiangshan/cache/mmu/BitmapCheck.scala
[17:46:58] [spechunter] [Grep] pattern='svadu|Svadu|ADUE|adue'
[17:46:58] [spechunter] [Grep] pattern='svade|Svade|SVADE'
[17:47:07] [spechunter] [Grep] pattern='ADUE'
[17:47:07] [spechunter] [Grep] pattern='menvcfg'
[17:47:07] [spechunter] [Read] /home/yzs/riscv/freebsd-src/sys/riscv/vmm/vmm_riscv.c
[17:47:08] [spechunter] [text] Let me verify the key locations before finalizing.  
[17:47:08] [spechunter] [Read] /home/yzs/riscv/opensbi/lib/sbi/sbi_hart.c
[17:47:08] [spechunter] [Read] /home/yzs/riscv/opensbi/lib/sbi/sbi_fwft.c
[17:47:08] [spechunter] [Read] /home/yzs/riscv/opensbi/lib/sbi/sbi_hsm.c
[17:47:08] [spechunter] [text] Now let me check if there are any kernel-side writes to CSR_MENVCFG (vs just firmware), and validate a few more location...
[17:47:08] [spechunter] [Grep] pattern='csr_write.*CSR_MENVCFG'
[17:47:08] [spechunter] [Grep] pattern='menvcfg'
[17:47:29] [spechunter] [text] Let me search more broadly for all CSR writes to envcfg registers and check the ADUE bit definition.  
[17:47:29] [spechunter] [Grep] pattern='ENVCFG_ADUE|ADUE'
[17:47:29] [spechunter] [Grep] pattern='csr_write.*\\b(menvcfg|henvcfg|senvcfg)\\b'
[17:47:40] [spechunter] [Read] /home/yzs/riscv/opensbi/lib/sbi/sbi_tlb.c
[17:47:40] [spechunter] [Read] /home/yzs/riscv/opensbi/lib/sbi/sbi_domain_context.c
[17:47:40] [spechunter] [Read] /home/yzs/riscv/opensbi/include/sbi/riscv_encoding.h
[17:47:42] [spechunter] [Grep] pattern='HENVCFG_|MENVCFG_|SENVCFG_|ENVCFG_'
[17:47:42] [spechunter] [Grep] pattern='hfence_vvma'
[17:47:53] [spechunter] [text] Now I have enough information to cross-validate. Let me also quickly check the KVM tlb.c locations mentioned to confirm ...
[17:47:53] [spechunter] [Read] /home/yzs/riscv/linux/arch/riscv/kvm/vmid.c
[17:47:53] [spechunter] [Read] /home/yzs/riscv/linux/arch/riscv/kvm/gstage.c
[17:48:03] [spechunter] [Grep] pattern='envcfg.*ADUE|ADUE.*envcfg'
[17:48:03] [spechunter] [Grep] pattern='vmmops_delegate|vmmops_vcpu_restore_csrs'
[17:48:03] [spechunter] [Glob] sys/riscv/vmm/*.c
[17:48:17] [spechunter] [text] Let me also check for henvcfg ADUE handling, since the PR mentions both menvcfg and henvcfg.  
[17:48:17] [spechunter] [Grep] pattern='henvcfg.*ADUE|ADUE.*henvcfg|HENVCFG.*ADUE|ADUE.*HENVCFG'
[17:48:17] [spechunter] [Grep] pattern='ENVCFG_ADUE'
[17:48:23] [spechunter] [Grep] pattern='menvcfg|henvcfg'
[17:48:23] [spechunter] [Grep] pattern='menvcfg|henvcfg'
[17:48:23] [spechunter] [Grep] pattern='menvcfg|henvcfg'
[17:48:28] [spechunter] [text] Let me read the key files to get exact line numbers for the audit report.  
[17:48:28] [spechunter] [Read] /home/yzs/riscv/XiangShan/src/main/scala/xiangshan/backend/fu/NewCSR/CSRBundles.scala
[17:48:28] [spechunter] [Read] /home/yzs/riscv/XiangShan/src/main/scala/xiangshan/backend/fu/NewCSR/MachineLevel.scala
[17:48:28] [spechunter] [Read] /home/yzs/riscv/XiangShan/src/main/scala/xiangshan/backend/fu/NewCSR/HypervisorLevel.scala
[17:48:28] [spechunter] [Read] /home/yzs/riscv/XiangShan/src/main/scala/xiangshan/Parameters.scala
[17:49:00] [spechunter] [Read] /home/yzs/riscv/XiangShan/src/main/scala/xiangshan/cache/mmu/TLB.scala
[17:49:00] [spechunter] [Read] /home/yzs/riscv/XiangShan/src/main/scala/xiangshan/cache/mmu/TLB.scala
[17:49:00] [spechunter] [Read] /home/yzs/riscv/XiangShan/src/main/scala/xiangshan/cache/mmu/L2TLB.scala
[17:49:00] [spechunter] [Read] /home/yzs/riscv/XiangShan/src/main/scala/xiangshan/cache/mmu/PageTableWalker.scala
[17:49:00] [spechunter] [Read] /home/yzs/riscv/XiangShan/src/main/scala/xiangshan/Bundle.scala
[17:49:04] [spechunter] [Grep] pattern='csr_set|csr_clear'
[17:49:04] [spechunter] [Read] /home/yzs/riscv/freebsd-src/sys/riscv/vmm/vmm_riscv.c
[17:49:04] [spechunter] [Grep] pattern='hfence|sfence_vma'
[17:49:07] [spechunter] [Grep] pattern='envcfg.*changed|changed.*envcfg'
[17:49:07] [spechunter] [Read] /home/yzs/riscv/XiangShan/src/main/scala/xiangshan/backend/fu/NewCSR/NewCSR.scala
[17:49:16] [spechunter] [text] Let me also check how the `virt_changed` detection works and check the S-level envcfg for completeness.  
[17:49:16] [spechunter] [Grep] pattern='virt_changed'
[17:49:16] [spechunter] [Grep] pattern='senvcfg|SEnvCfg'
[17:49:34] [spechunter] [Grep] pattern='menvcfg|henvcfg|senvcfg'
[17:49:34] [spechunter] [Grep] pattern='ADUE'
[17:49:34] [spechunter] [Grep] pattern='menvcfg|henvcfg|senvcfg'
[17:49:39] [spechunter] [Read] /home/yzs/riscv/XiangShan/src/main/scala/xiangshan/backend/fu/NewCSR/SupervisorLevel.scala
[17:49:39] [spechunter] [Grep] pattern='virt_changed'
[17:49:46] [spechunter] [text] Now let me check if there are any henvcfg write paths (the PR mentions both menvcfg and henvcfg).  
[17:49:46] [spechunter] [Grep] pattern='csr_write.*HENVCFG|csr_set.*HENVCFG|csr_clear.*HENVCFG|csr_swap.*HENVCFG'
[17:49:46] [spechunter] [Grep] pattern='saved_menvcfg|saved_senvcfg'
[17:49:50] [spechunter] [text] Let me verify whether the HSM warm-resume path goes through `sbi_hart_init`.    
[17:49:50] [spechunter] [Grep] pattern='sbi_hart_init'
[17:49:55] [spechunter] [text] Let me check the warm-boot path and HSM resume flow to understand the ordering.  
[17:49:55] [spechunter] [Read] /home/yzs/riscv/opensbi/lib/sbi/sbi_init.c
[17:49:58] [spechunter] [text] Now I have all the data needed for cross-validation. Here's the analysis:  **Key insight from PR context:** This is a sp...
[17:50:09] [spechunter] [Grep] pattern='menvcfg|henvcfg'
[17:50:09] [spechunter] [Read] /home/yzs/riscv/freebsd-src/sys/riscv/vmm/vmm_riscv.c
[17:50:09] [spechunter] [Read] /home/yzs/riscv/freebsd-src/sys/riscv/include/riscvreg.h
[17:50:22] [spechunter] [Grep] pattern='menvcfg|henvcfg'
[17:50:23] [spechunter] [Grep] pattern='CSR_MENVCFG|write_henvcfg|MENVCFG|HENVCFG'
[17:50:23] [spechunter] [Grep] pattern='ADUE|Svadu|Svade|xenvcfg'
[17:50:23] [spechunter] [Grep] pattern='kvm_riscv_vcpu.*switch|kvm_arch_vcpu_load|kvm_arch_vcpu_put|__kvm_riscv_switch_to'
[17:50:39] [spechunter] [Read] /home/yzs/riscv/linux/arch/riscv/kvm/vcpu.c
[17:50:39] [spechunter] [Read] /home/yzs/riscv/linux/arch/riscv/kvm/vcpu_switch.S
[17:50:39] [spechunter] [Read] /home/yzs/riscv/linux/arch/riscv/kvm/vcpu_onereg.c
[17:50:39] [spechunter] [Read] /home/yzs/riscv/linux/arch/riscv/include/asm/csr.h
[17:51:24] [spechunter] [text] Let me also check the host-side menvcfg ADUE usage and the TLB sanitize logic.  
[17:51:24] [spechunter] [Read] /home/yzs/riscv/linux/arch/riscv/kernel/cpufeature.c
[17:51:24] [spechunter] [Grep] pattern='ADUE|ENVCFG_ADUE|menvcfg|MENVCFG'
[17:51:24] [spechunter] [Grep] pattern='kvm_riscv_local_tlb_sanitize|kvm_riscv_gstage_vmid_update|gstage_vmid'
[17:51:34] [spechunter] [text] Now let me also check for any ADUE-related bit definitions and for completeness in locore.S/startup:  
[17:51:34] [spechunter] [Grep] pattern='ADUE|adue'
[17:51:34] [spechunter] [Grep] pattern='ENVCFG|envcfg'
[17:51:34] [spechunter] [Grep] pattern='sfence_vma|SFENCE_VMA'
[17:51:40] [spechunter] [text] Now I have a complete picture. Let me produce the audit report.  ```json {   "findings": [     {       "file_path": "/ho...
[17:51:41] [spechunter] [Read] /home/yzs/riscv/linux/arch/riscv/kvm/tlb.c
[17:51:41] [spechunter] [Read] /home/yzs/riscv/linux/arch/riscv/kvm/vcpu_sbi_fwft.c
[17:51:41] [spechunter] [Read] /home/yzs/riscv/linux/arch/riscv/kvm/vmid.c
[17:51:56] [spechunter] [text] Let me also check the PTE_AD_HW_UPDATING FWFT feature and the host menvcfg setup.  
[17:51:56] [spechunter] [Grep] pattern='PTE_AD_HW_UPDAT|ADUE|menvcfg|MENVCFG|__cpu_setup'
[17:51:56] [spechunter] [Grep] pattern='SBI_FWFT_PTE_AD_HW_UPDATING'
[17:52:01] [spechunter] [Grep] pattern='sbi_hsm_hart_resume_finish|sbi_hsm_prepare_next_boot'
[17:52:13] [spechunter] [text] Let me also check for any assembly-level CSR manipulation of envcfg in the boot code.  
[17:52:13] [spechunter] [Grep] pattern='envcfg'
[17:52:13] [spechunter] [Glob] sys/riscv/riscv/*.S
[17:52:17] [spechunter] [Read] /home/yzs/riscv/opensbi/lib/sbi/sbi_init.c
[17:52:29] [spechunter] [Read] /home/yzs/riscv/freebsd-src/sys/riscv/vmm/riscv.h
[17:52:29] [spechunter] [Grep] pattern='envcfg'
[17:52:39] [spechunter] [text] Let me check the context switch and boot assembly for any envcfg CSR handling.  
[17:52:39] [spechunter] [Grep] pattern='envcfg'
[17:52:39] [spechunter] [Grep] pattern='initriscv|init_riscv'
[17:52:41] [spechunter] [Grep] pattern='sbi_hart_reinit'
[17:52:46] [spechunter] [Grep] pattern='senvcfg'
[17:52:46] [spechunter] [Grep] pattern='senvcfg'
[17:52:51] [spechunter] [Grep] pattern='SBI_FWFT_PTE_AD_HW_UPDATING|fwft.*pte.*ad|PTE_AD'
[17:52:51] [spechunter] [Grep] pattern='__cpu_setup|menvcfg|MENVCFG|ADUE|arch_has_hw_pte_young'
[17:52:51] [spechunter] [Grep] pattern='__cpu_setup|arch_has_hw_pte_young'
[17:53:02] [spechunter] [Read] /home/yzs/riscv/linux/arch/riscv/include/asm/pgtable.h
[17:53:02] [spechunter] [Grep] pattern='csr_write.*MENVCFG|csr_set.*MENVCFG|csr_read.*MENVCFG|ENVCFG_ADUE'
[17:53:02] [spechunter] [Grep] pattern='csr_write.*MENVCFG|csr_set.*MENVCFG|csr_read.*MENVCFG|ENVCFG_ADUE'
[17:53:03] [spechunter] [text] Let me check how `senvcfg` is used in the VMM save/restore flow and in the context switch code.  
[17:53:03] [spechunter] [Grep] pattern='senvcfg|guest_csrs\\.senvcfg|csrs->senvcfg'
[17:53:03] [spechunter] [Grep] pattern='guest_csrs'
[17:53:20] [spechunter] [text] Let me verify that `senvcfg` in the struct is truly unused, and check the locore/startup for any envcfg setup.  
[17:53:20] [spechunter] [Grep] pattern='senvcfg'
[17:53:20] [spechunter] [Grep] pattern='menvcfg|senvcfg|henvcfg'
[17:53:20] [spechunter] [Grep] pattern='menvcfg|senvcfg|henvcfg'
[17:54:34] [spechunter] [text] Now I have all the information needed. Let me compile the findings.  The only `csr_write` to any `envcfg` CSR in the ent...
[17:55:09] [spechunter] [text] Now I have all the data needed for cross-validation. Let me trace the flows carefully.  **Key architectural insight I ve...
[17:55:37] [spechunter] [Agent] description, subagent_type
[17:55:55] [spechunter] [Grep] pattern='menvcfg'
[17:55:55] [spechunter] [Grep] pattern='CSR_MENVCFG'
[17:55:55] [spechunter] [Grep] pattern='csr_write.*menvcfg|csr_set.*menvcfg|csr_clear.*menvcfg|csr_write.*MENVCFG|csr_set.*MENVCFG|csr_clear.*MENVCFG'
[17:55:55] [spechunter] [Grep] pattern='menvcfg|MENVCFG'
[17:56:14] [spechunter] [Read] /home/yzs/riscv/opensbi/lib/sbi/sbi_hart.c
[17:56:14] [spechunter] [Read] /home/yzs/riscv/opensbi/lib/sbi/sbi_hart.c
[17:56:14] [spechunter] [Read] /home/yzs/riscv/opensbi/lib/sbi/sbi_fwft.c
[17:56:14] [spechunter] [Read] /home/yzs/riscv/opensbi/lib/sbi/sbi_hsm.c
[17:56:14] [spechunter] [Read] /home/yzs/riscv/opensbi/lib/sbi/sbi_hsm.c
[17:56:14] [spechunter] [Read] /home/yzs/riscv/opensbi/include/sbi/riscv_encoding.h
[17:56:40] [spechunter] [Grep] pattern='menvcfg|MENVCFG'
[17:56:40] [spechunter] [Grep] pattern='menvcfg|MENVCFG'
[17:56:40] [spechunter] [Grep] pattern='csr_read_clear'
[17:56:40] [spechunter] [Read] /home/yzs/riscv/opensbi/lib/sbi/sbi_fwft.c
[17:56:46] [spechunter] [Grep] pattern='kvm_riscv_mmu_update_hgatp'
[17:56:46] [spechunter] [Grep] pattern='kvm_riscv_vsstage_tlb_no_gpa'
[17:56:50] [spechunter] [Read] /home/yzs/riscv/opensbi/include/sbi/riscv_asm.h
[17:56:50] [spechunter] [Grep] pattern='ENVCFG_'
[17:57:28] [spechunter] [Grep] pattern='__check_priv'
[17:57:41] [spechunter] [Grep] pattern='csr_read_allowed'
[17:57:41] [spechunter] [Read] /home/yzs/riscv/opensbi/lib/sbi/sbi_fwft.c
[17:58:41] [spechunter] [Grep] pattern='csr_read_allowed'
[17:58:41] [spechunter] [Grep] pattern='csr_read_allowed'
[17:58:41] [spechunter] [Bash] Check if findings.json is a source file
[17:58:55] [spechunter] [Read] /home/yzs/riscv/opensbi/include/sbi/sbi_csr_detect.h
[17:59:11] [spechunter] [text] Now I have a thorough understanding of all the code paths. Let me compile the analysis.  
[17:59:11] [spechunter] [Read] /home/yzs/riscv/linux/arch/riscv/kvm/vcpu.c
[17:59:11] [spechunter] [Read] /home/yzs/riscv/linux/arch/riscv/kvm/vcpu.c
[17:59:11] [spechunter] [Read] /home/yzs/riscv/linux/arch/riscv/kvm/tlb.c
[17:59:11] [spechunter] [Read] /home/yzs/riscv/linux/arch/riscv/kvm/vcpu.c
[18:00:26] [spechunter] [text] Let me read the specific code locations that write to `menvcfg` where the ADUE bit could be modified.  
[18:00:26] [spechunter] [Read] /home/yzs/riscv/opensbi/lib/sbi/sbi_hart.c
[18:00:26] [spechunter] [Read] /home/yzs/riscv/opensbi/lib/sbi/sbi_fwft.c
[18:00:26] [spechunter] [Read] /home/yzs/riscv/opensbi/lib/sbi/sbi_hsm.c
[18:00:42] [spechunter] [text] Let me read the full `mstatus_init` function and the `fwft_menvcfg_set_bit` helper, plus the init sequence.  
[18:00:42] [spechunter] [Read] /home/yzs/riscv/opensbi/lib/sbi/sbi_hart.c
[18:00:42] [spechunter] [Read] /home/yzs/riscv/opensbi/lib/sbi/sbi_fwft.c
[18:00:42] [spechunter] [Read] /home/yzs/riscv/opensbi/lib/sbi/sbi_hsm.c
[18:01:03] [spechunter] [text] Let me also check the SFENCE.VMA helper and the init sequence flow.  
[18:01:03] [spechunter] [Grep] pattern='__sbi_sfence_vma_all'
[18:01:03] [spechunter] [Read] /home/yzs/riscv/opensbi/lib/sbi/sbi_hart.c
[18:01:15] [spechunter] [text] Let me now check the `sbi_hart_init` and init path to see if SFENCE.VMA follows after `mstatus_init`.  
[18:01:15] [spechunter] [Grep] pattern='mstatus_init'
[18:01:15] [spechunter] [Grep] pattern='sbi_hart_init'
[18:01:29] [spechunter] [Read] /home/yzs/riscv/opensbi/lib/sbi/sbi_hart.c
[18:01:52] [spechunter] [Read] /home/yzs/riscv/opensbi/lib/sbi/sbi_init.c
[18:02:01] [spechunter] [text] I'm here to continue. What would you like to do next with the ADUE/TLB fence analysis?
[18:02:34] [spechunter] [text] Let me check the HSM resume flow and the start finish path.  
[18:02:34] [spechunter] [Read] /home/yzs/riscv/opensbi/lib/sbi/sbi_hsm.c
[18:02:34] [spechunter] [Grep] pattern='__sbi_hsm_suspend_non_ret_restore'
[18:02:43] [spechunter] [Read] /home/yzs/riscv/opensbi/lib/sbi/sbi_hsm.c
[18:03:01] [spechunter] [text] Let me check the `sbi_hart_switch_mode` function and also look at the `init_coldboot` path.  
[18:03:01] [spechunter] [Read] /home/yzs/riscv/opensbi/lib/sbi/sbi_hart.c
[18:03:01] [spechunter] [Read] /home/yzs/riscv/opensbi/lib/sbi/sbi_init.c
[18:03:13] [spechunter] [Read] /home/yzs/riscv/opensbi/lib/sbi/sbi_init.c
[18:05:26] [spechunter] [text] Let me check the start and resume finish paths to understand the complete HSM lifecycle.  
[18:05:26] [spechunter] [Grep] pattern='sbi_hsm_hart_start_finish|sbi_hsm_hart_resume_finish'
[18:05:43] [spechunter] [Read] /home/yzs/riscv/opensbi/lib/sbi/sbi_hsm.c
[18:05:43] [spechunter] [Read] /home/yzs/riscv/opensbi/lib/sbi/sbi_hsm.c
[18:08:05] [spechunter] [text] Let me check `sbi_exit` and look more closely at the warm boot path.  
[18:08:05] [spechunter] [Grep] pattern='void.*sbi_exit'
[18:10:10] [spechunter] [text] Let me check the functions that execute between the menvcfg writes and S-mode entry.  
[18:10:10] [spechunter] [Grep] pattern='sbi_hart_protection_configure'
[18:10:10] [spechunter] [Read] /home/yzs/riscv/opensbi/lib/sbi/sbi_tlb.c
[18:10:10] [spechunter] [Read] /home/yzs/riscv/opensbi/lib/sbi/sbi_init.c
[18:12:16] [spechunter] [text] Now I have a thorough understanding of all the code paths. Let me do a final check on the domain context init path which...
[18:12:16] [spechunter] [Read] /home/yzs/riscv/opensbi/lib/sbi/sbi_domain_context.c
[18:13:39] [spechunter] [Read] /home/yzs/riscv/opensbi/lib/sbi/sbi_hart_protection.c
[18:13:39] [spechunter] [Read] /home/yzs/riscv/opensbi/lib/sbi/sbi_init.c
[18:15:33] [spechunter] [text] Let me check `sbi_tlb_init` and also verify the warm boot entry classification.  
[18:15:33] [spechunter] [Grep] pattern='sbi_tlb_init'
[18:15:33] [spechunter] [Grep] pattern='init_warm_resume|init_warm_startup|init_coldboot'
[18:17:53] [spechunter] [Read] /home/yzs/riscv/opensbi/lib/sbi/sbi_hart.c
[18:19:36] [spechunter] [text] Let me check how PBMTE is handled in the codebase for comparison.  
[18:19:36] [spechunter] [Grep] pattern='PBMTE'
[18:19:36] [spechunter] [Grep] pattern='ADUE'
[05:13:00] [spechunter] PR loaded: #2400 riscv/riscv-isa-manual — "Clarify synchronization requirements when changing xenvcfg.ADUE"
[05:13:00] [spechunter]   diff: 3185 chars  body: 503 chars  reviews: 1
[05:13:00] [spechunter] Global pre-filter running...
[05:13:08] [spechunter] [text] {"should_skip": false}
[05:13:09] [spechunter] pre-filter: should_skip=False reason=""
[05:13:22] [spechunter] [text] {"should_skip": false}
[05:13:26] [spechunter] [text] {"should_skip": false}
[05:13:28] [spechunter] [text] {"should_skip": false}
[05:13:41] [spechunter] [text] {"should_skip": false}
[05:13:43] [spechunter] [text] {"should_skip": true, "skip_reason": "Clarification of TLB sync requirements when changing menvcfg.ADUE — virtual memory...
[05:13:43] [spechunter] [Grep] pattern='ADUE|menvcfg.*ADUE|henvcfg.*ADUE'
[05:13:43] [spechunter] [Grep] pattern='CSR_MENVCFG|write.*menvcfg|__write_menvcfg|riscv_has_extension.*SVADU'
[05:13:50] [spechunter] [Read] /home/yzs/riscv/linux/arch/riscv/kvm/vcpu.c
[05:13:50] [spechunter] [Read] /home/yzs/riscv/linux/arch/riscv/kvm/vcpu_onereg.c
[05:13:50] [spechunter] [Read] /home/yzs/riscv/linux/arch/riscv/kvm/vcpu_onereg.c
[05:13:53] [spechunter] [Grep] pattern='menvcfg.*ADUE\\|ADUE.*menvcfg\\|adue\\|ADUE'
[05:13:53] [spechunter] [Grep] pattern='tlb_flush.*menvcfg\\|menvcfg.*tlb_flush\\|envcfg.*write\\|write.*menvcfg'
[05:13:57] [spechunter] [text] ```json {   "violation_condition": "When menvcfg.ADUE or henvcfg.ADUE is written but the corresponding fence (SFENCE.VMA...
[05:14:02] [spechunter] [Grep] pattern='PBMTE\\|pbmt'
[05:14:02] [spechunter] [Grep] pattern='menvcfg'
[05:14:07] [spechunter] [Grep] pattern='csr_write.*ENVCFG|csr_write.*henvcfg|csr_write.*menvcfg|CSR_HENVCFG|CSR_HENVCFGH'
[05:14:07] [spechunter] [Grep] pattern='arch_has_hw_pte_young'
[05:14:18] [spechunter] [Grep] pattern='menvcfg\\|MENVCFG'
[05:14:18] [spechunter] [Grep] pattern='henvcfg\\|HENVCFG'
[05:14:20] [spechunter] [TodoWrite] 7 items
[05:14:20] [spechunter] [Read] /home/yzs/riscv/linux/arch/riscv/kvm/vcpu.c
[05:14:20] [spechunter] [Read] /home/yzs/riscv/linux/arch/riscv/include/asm/switch_to.h
[05:14:20] [spechunter] [Read] /home/yzs/riscv/linux/arch/riscv/include/asm/pgtable.h
[05:14:21] [spechunter] [Grep] pattern='envcfg'
[05:14:25] [spechunter] [Read] /home/yzs/riscv/qemu/target/riscv/csr.c
[05:14:25] [spechunter] [Agent] description, subagent_type
[05:14:29] [spechunter] [Read] /home/yzs/riscv/qemu/target/riscv/csr.c
[05:14:41] [spechunter] [Grep] pattern='menvcfg'
[05:14:41] [spechunter] [Grep] pattern='ADUE|ADUE'
[05:14:41] [spechunter] [Grep] pattern='SFENCE\\.VMA|SFENCE_VMA|sfence\\.vma|sfence_vma'
[05:14:41] [spechunter] [Grep] pattern='henvcfg'
[05:14:49] [spechunter] [Grep] pattern='ADUE|Svadu|svadu'
[05:14:49] [spechunter] [Grep] pattern='menvcfg|henvcfg'
[05:14:49] [spechunter] [Grep] pattern='sfence_vma|SFENCE\\.VMA|sfence\\.vma'
[05:14:49] [spechunter] [Grep] pattern='hfence|HFENCE'
[05:14:49] [spechunter] [Glob] **/sys/riscv/**
[05:14:49] [spechunter] [Glob] **/usr.sbin/bhyve/**
[05:14:53] [spechunter] [Grep] pattern='adue\\|ADUE\\|svadu\\|SVADU'
[05:14:57] [spechunter] [Grep] pattern='adue'
[05:15:09] [spechunter] [Agent] description, prompt
[05:15:09] [spechunter] [Agent] description, prompt
[05:15:09] [spechunter] [Agent] description, prompt
[05:15:09] [spechunter] [Agent] description, prompt
[05:15:09] [spechunter] [Agent] description, prompt
[05:15:11] [spechunter] [Grep] pattern='ADUE'
[05:15:11] [spechunter] [Grep] pattern='menvcfg|henvcfg'
[05:15:11] [spechunter] [Grep] pattern='SFENCE|sfence|HFENCE|hfence'
[05:15:11] [spechunter] [Grep] pattern='vsatp|vsatp'
[05:15:16] [spechunter] [Grep] pattern='PTE_A|PTE_D|_A_DIRTY|_ACCESSED|pg_a|pg_d|A_BIT|D_BIT'
[05:15:16] [spechunter] [Read] /home/yzs/riscv/freebsd-src/sys/riscv/include/pte.h
[05:15:16] [spechunter] [Read] /home/yzs/riscv/freebsd-src/sys/riscv/vmm/vmm_riscv.c
[05:15:16] [spechunter] [Grep] pattern='accessed|dirty|A/D|spman|SPMAN'
[05:15:16] [spechunter] [Read] /home/yzs/riscv/freebsd-src/sys/riscv/include/cpufunc.h
[05:15:16] [spechunter] [Grep] pattern='world.switch|swctx|vmm_ops|vmm_run_loop|VCPU_RUN'
[05:15:25] [spechunter] [Glob] src/main/scala/**/*PTW*
[05:15:25] [spechunter] [Glob] src/main/scala/**/*Ptw*
[05:15:25] [spechunter] [Glob] src/main/scala/**/*TLB*
[05:15:25] [spechunter] [Grep] pattern='setDirty|setAccess|setA|setD'
[05:15:25] [spechunter] [Grep] pattern='adueEnable|hardwareAdUpdate|ADUE|adue|Svade|Svadu'
[05:15:28] [spechunter] [Grep] pattern='ADUE|adue'
[05:15:28] [spechunter] [Grep] pattern='menvcfg'
[05:15:28] [spechunter] [Grep] pattern='henvcfg'
[05:15:28] [spechunter] [Glob] **/scala/**/*TLB*
[05:15:28] [spechunter] [Glob] **/scala/**/*Tlb*
[05:15:28] [spechunter] [Glob] **/scala/**/*tlb*
[05:15:28] [spechunter] [Glob] **/scala/**/*PTW*
[05:15:30] [spechunter] [Grep] pattern='menvcfg'
[05:15:30] [spechunter] [Grep] pattern='henvcfg'
[05:15:30] [spechunter] [Grep] pattern='MenVcfg|menvcfg|MENVCFG'
[05:15:30] [spechunter] [Grep] pattern='Senvcfg|senvcfg|SENVCFG'
[05:15:30] [spechunter] [text] Now let me check whether the PBMTE write path also lacks TLB flush (the analogous case mentioned in the PR).  
[05:15:30] [spechunter] [Grep] pattern='tlb_flush\\|tb_flush\\|TLB_FLUSH'
[05:15:30] [spechunter] [Grep] pattern='menvcfg\\|MENVCFG_ADUE\\|adue'
[05:15:32] [spechunter] [Grep] pattern='class EnvCfgBundle|EnvCfgBundle|ADUE|PBMTE'
[05:15:32] [spechunter] [Grep] pattern='menvcfg|henvcfg'
[05:15:32] [spechunter] [Grep] pattern='menvcfg|henvcfg|ADUE|sfence|SFENCE'
[05:15:38] [spechunter] [Read] /home/yzs/riscv/qemu/target/riscv/cpu_helper.c
[05:15:42] [spechunter] [Read] /home/yzs/riscv/freebsd-src/sys/riscv/riscv/pmap.c
[05:15:42] [spechunter] [Read] /home/yzs/riscv/freebsd-src/sys/riscv/riscv/pmap.c
[05:15:42] [spechunter] [Read] /home/yzs/riscv/freebsd-src/sys/riscv/riscv/pmap.c
[05:15:42] [spechunter] [Read] /home/yzs/riscv/freebsd-src/sys/riscv/vmm/vmm_riscv.c
[05:15:42] [spechunter] [Grep] pattern='vmm_switch|vmmops_vcpu_restore|vmmops_delegate|vmx_run|vmx_enter_guest|vm_exit'
[05:15:42] [spechunter] [Grep] pattern='PTE_SW_MANAGED|spman'
[05:15:42] [spechunter] [Grep] pattern='menvcfg|MENVCFG'
[05:15:48] [spechunter] [Bash] List mmu directory contents
[05:15:48] [spechunter] [Grep] pattern='PageTableWalker|page_table_walker|PTW'
[05:15:48] [spechunter] [Grep] pattern='ADUE|adueEnable|Svade|Svadu|hardwareAdUpdate'
[05:15:50] [spechunter] [Read] /home/yzs/riscv/linux/arch/riscv/kvm/vcpu.c
[05:15:50] [spechunter] [Grep] pattern='kvm_arch_vcpu_put|vcpu_put'
[05:15:53] [spechunter] [Read] /home/yzs/riscv/XiangShan/src/main/scala/xiangshan/cache/mmu/L2TLB.scala
[05:15:53] [spechunter] [Read] /home/yzs/riscv/XiangShan/src/main/scala/xiangshan/cache/mmu/TLB.scala
[05:15:53] [spechunter] [Read] /home/yzs/riscv/XiangShan/src/main/scala/xiangshan/cache/mmu/TLBStorage.scala
[05:15:53] [spechunter] [Grep] pattern='ADUE|adue|adeU|AdeU'
[05:15:53] [spechunter] [Grep] pattern='class.*DTLB|class.*Dtb|class.*DataTLB'
[05:15:53] [spechunter] [Grep] pattern='class.*ITLB|class.*Itb|class.*InstTLB'
[05:15:55] [spechunter] [Grep] pattern='SFENCE'
[05:15:55] [spechunter] [Grep] pattern='sfence'
[05:15:55] [spechunter] [Grep] pattern='HFENCE'
[05:15:55] [spechunter] [Grep] pattern='hfence'
[05:15:55] [spechunter] [Grep] pattern='vsatp'
[05:15:55] [spechunter] [Grep] pattern='hgatp'
[05:15:55] [spechunter] [Grep] pattern='VMID|vmid'
[05:15:55] [spechunter] [Grep] pattern='tlbFlush|tlb_flush|flush_tlb|tlbflush'
[05:15:55] [spechunter] [Grep] pattern='world.switch|worldSwitch|world_switch'
[05:15:55] [spechunter] [Read] /home/yzs/riscv/XiangShan/src/main/scala/xiangshan/backend/fu/NewCSR/CSRBundles.scala
[05:15:55] [spechunter] [Read] /home/yzs/riscv/XiangShan/src/main/scala/xiangshan/backend/fu/NewCSR/MachineLevel.scala
[05:15:55] [spechunter] [Read] /home/yzs/riscv/XiangShan/src/main/scala/xiangshan/backend/fu/NewCSR/HypervisorLevel.scala
[05:15:55] [spechunter] [Read] /home/yzs/riscv/XiangShan/src/main/scala/xiangshan/cache/mmu/TLB.scala
[05:15:58] [spechunter] [Grep] pattern='menvcfg|MENVCFG|Menvcfg|MenVcfg'
[05:15:58] [spechunter] [Grep] pattern='menvcfg|MENVCFG|henvcfg|HENVCFG|senvcfg|SENVCFG'
[05:15:58] [spechunter] [Grep] pattern='menvcfg|MENVCFG'
[05:15:58] [spechunter] [Grep] pattern='menvcfg|MENVCFG|henvcfg|HENVCFG'
[05:15:58] [spechunter] [Grep] pattern='menvcfg|MENVCFG'
[05:15:59] [spechunter] [Grep] pattern='menvcfg|henvcfg|class.*EnvCfg'
[05:15:59] [spechunter] [Grep] pattern='menvcfg|henvcfg'
[05:15:59] [spechunter] [Grep] pattern='ADUE|adue|Svadu|svadu|A.*D.*update|hardware.*A.*D'
[05:16:02] [spechunter] [Read] /home/yzs/riscv/linux/arch/riscv/kernel/suspend.c
[05:16:02] [spechunter] [Grep] pattern='envcfg_update_bits|__switch_to_envcfg'
[05:16:09] [spechunter] [Read] /home/yzs/riscv/XiangShan/src/main/scala/xiangshan/cache/mmu/PageTableWalker.scala
[05:16:09] [spechunter] [Read] /home/yzs/riscv/XiangShan/src/main/scala/xiangshan/cache/mmu/MMUConst.scala
[05:16:09] [spechunter] [Read] /home/yzs/riscv/XiangShan/src/main/scala/xiangshan/cache/mmu/MMUBundle.scala
[05:16:11] [spechunter] [Grep] pattern='itlb|Itlb|ITlb|dtlb|Dtlb|DTlb'
[05:16:11] [spechunter] [Grep] pattern='ADUE|adue|AdeUpm|adeUpm'
[05:16:11] [spechunter] [Grep] pattern='class TlbEntry|class.*TlbSectorEntry|class TlbPermBundle'
[05:16:11] [spechunter] [Glob] **/xiangshan/cache/mmu/*Bundle*
[05:16:11] [spechunter] [Grep] pattern='val valid|\\.valid|clear.*valid|valid.*clear|invalidate'
[05:16:11] [spechunter] [Read] /home/yzs/riscv/freebsd-src/sys/riscv/vmm/vmm_switch.S
[05:16:11] [spechunter] [Read] /home/yzs/riscv/freebsd-src/sys/riscv/vmm/vmm_fence.c
[05:16:11] [spechunter] [Grep] pattern='HENVCFG|henvcfg|MENVCFG|menvcfg'
[05:16:11] [spechunter] [Grep] pattern='pmap_fault|page_fault|do_page_fault|data_abort|sv48'
[05:16:11] [spechunter] [Grep] pattern='Svadu|svadu|ADUE|adue'
[05:16:11] [spechunter] [Glob] **/sys/riscv/vmm/**
[05:16:17] [spechunter] [Read] /home/yzs/riscv/XiangShan/src/main/scala/xiangshan/Bundle.scala
[05:16:17] [spechunter] [Read] /home/yzs/riscv/XiangShan/src/main/scala/xiangshan/package.scala
[05:16:17] [spechunter] [Read] /home/yzs/riscv/XiangShan/src/main/scala/xiangshan/backend/decode/DecodeUnit.scala
[05:16:17] [spechunter] [Read] /home/yzs/riscv/XiangShan/src/main/scala/xiangshan/backend/decode/DecodeUnit.scala
[05:16:17] [spechunter] [Read] /home/yzs/riscv/XiangShan/src/main/scala/xiangshan/backend/fu/Fence.scala
[05:16:17] [spechunter] [Read] /home/yzs/riscv/XiangShan/src/main/scala/xiangshan/cache/mmu/TLBStorage.scala
[05:16:20] [spechunter] [text] Let me dig deeper into the key files
[05:16:20] [spechunter] [Read] /home/yzs/riscv/XiangShan/src/main/scala/xiangshan/backend/fu/NewCSR/CSRBundles.scala
[05:16:20] [spechunter] [Read] /home/yzs/riscv/XiangShan/src/main/scala/xiangshan/backend/fu/NewCSR/HypervisorLevel.scala
[05:16:20] [spechunter] [Read] /home/yzs/riscv/XiangShan/src/main/scala/xiangshan/cache/mmu/TLB.scala
[05:16:28] [spechunter] [Grep] pattern='ADUE|adue|Svadu|hardware A.?D|hw.{0,5}a.{0,5}d.{0,5}update|auto.*update.*[AD].bit'
[05:16:28] [spechunter] [Grep] pattern='ADUE|adue|Svadu'
[05:16:28] [spechunter] [Grep] pattern='ADUE|adue'
[05:16:33] [spechunter] [Grep] pattern='Vsatp|vsatp'
[05:16:33] [spechunter] [Grep] pattern='Hgatp|hgatp'
[05:16:33] [spechunter] [Read] /home/yzs/riscv/XiangShan/src/main/scala/xiangshan/cache/mmu/MMUBundle.scala
[05:16:33] [spechunter] [Read] /home/yzs/riscv/XiangShan/src/main/scala/xiangshan/cache/mmu/MMUBundle.scala
[05:16:33] [spechunter] [Read] /home/yzs/riscv/XiangShan/src/main/scala/xiangshan/cache/mmu/MMUBundle.scala
[05:16:33] [spechunter] [Read] /home/yzs/riscv/XiangShan/src/main/scala/xiangshan/cache/mmu/MMUBundle.scala
[05:16:40] [spechunter] [Grep] pattern='pmap_fault|page_fault|sv48|satp_mode'
[05:16:40] [spechunter] [Grep] pattern='has_hyp|has_sstc|has_svpbmt|SVADU|svade|Svade'
[05:16:40] [spechunter] [Read] /home/yzs/riscv/freebsd-src/sys/riscv/riscv/trap.c
[05:16:40] [spechunter] [Grep] pattern='vmm_dev_machdep|VCPU_RUN|vcpu_run|vmrun'
[05:16:40] [spechunter] [Grep] pattern='PTE_SW_|emulate_abort|pmap_fault_fixup|pte_not_valid|pte_accessible'
[05:16:41] [spechunter] [Grep] pattern='setDirty|setAccess|setA|setD|dirty|accessed|ad_bit|a_bit|d_bit'
[05:16:41] [spechunter] [Grep] pattern='perm\\.(d|a)|!perm\\.(d|a)|missing.*(dirty|access)|need.*(dirty|access)|page.*fault.*(d|a)|pf.*perm|HardwareAD|ad_update|AD_UPDATE'
[05:16:41] [spechunter] [Grep] pattern='ADUE'
[05:16:42] [spechunter] [Read] /home/yzs/riscv/XiangShan/src/main/scala/xiangshan/cache/mmu/MMUBundle.scala
[05:16:42] [spechunter] [Read] /home/yzs/riscv/XiangShan/src/main/scala/xiangshan/cache/mmu/Repeater.scala
[05:16:42] [spechunter] [Grep] pattern='menvcfg|henvcfg|TlbCsr|pmm'
[05:16:42] [spechunter] [Grep] pattern='TlbCsr|pmm|menvcfg|henvcfg|ADUE|PBMTE|adue|pbmt'
[05:16:42] [spechunter] [Grep] pattern='SFENCE|sfence|hfence|HFENCE'
[05:16:45] [spechunter] [Read] /home/yzs/riscv/XiangShan/src/main/scala/xiangshan/backend/fu/NewCSR/CSRBundles.scala
[05:16:45] [spechunter] [Read] /home/yzs/riscv/XiangShan/src/main/scala/xiangshan/backend/fu/NewCSR/MachineLevel.scala
[05:16:45] [spechunter] [Read] /home/yzs/riscv/XiangShan/src/main/scala/xiangshan/backend/fu/NewCSR/HypervisorLevel.scala
[05:16:47] [spechunter] [Read] /home/yzs/riscv/XiangShan/src/main/scala/xiangshan/backend/fu/NewCSR/VirtualSupervisorLevel.scala
[05:16:47] [spechunter] [Read] /home/yzs/riscv/XiangShan/src/main/scala/xiangshan/backend/fu/NewCSR/HypervisorLevel.scala
[05:16:47] [spechunter] [Read] /home/yzs/riscv/XiangShan/src/main/scala/xiangshan/backend/fu/NewCSR/NewCSR.scala
[05:16:47] [spechunter] [Read] /home/yzs/riscv/XiangShan/src/main/scala/xiangshan/backend/fu/NewCSR/NewCSR.scala
[05:16:47] [spechunter] [Read] /home/yzs/riscv/XiangShan/src/main/scala/xiangshan/cache/mmu/PageTableWalker.scala
[05:16:47] [spechunter] [Read] /home/yzs/riscv/XiangShan/src/main/scala/xiangshan/cache/mmu/MMUBundle.scala
[05:16:48] [spechunter] [Grep] pattern='menvcfg|menuconfig'
[05:16:48] [spechunter] [Grep] pattern='menvcfg|henvcfg'
[05:16:48] [spechunter] [Grep] pattern='menvcfg|henvcfg'
[05:16:48] [spechunter] [Grep] pattern='menvcfg|henvcfg'
[05:16:48] [spechunter] [Grep] pattern='flush|invalidate|inval|sfence|fence'
[05:16:49] [spechunter] [Read] /home/yzs/riscv/XiangShan/src/main/scala/xiangshan/cache/mmu/TLB.scala
[05:16:49] [spechunter] [Grep] pattern='adue|ADUE|hardware.*update|svadu|Svade'
[05:16:49] [spechunter] [Read] /home/yzs/riscv/XiangShan/src/main/scala/xiangshan/backend/fu/NewCSR/CSRBundles.scala
[05:16:58] [spechunter] [text] ```json {   "violation_condition": "Writing menvcfg or henvcfg with a modified ADUE bit without the architecturally requ...
[05:16:58] [spechunter] [Grep] pattern='TLBBLock|TLBNonBlock|new TLB\\(|itlb|ITLB|dtlb|DTLB|ITlb|DTlb'
[05:16:58] [spechunter] [Grep] pattern='class PtwRespS2|class PtwSectorResp|class PtwMergeResp|class PtwMergeEntry'
[05:16:58] [spechunter] [Grep] pattern='itlbParams|ldtlbParams|sttlbParams|dtlbParams'
[05:17:00] [spechunter] [Grep] pattern='sfence|SFENCE|flush|PBMTE|pbmt|ADUE|adue|menvcfg|henvcfg'
[05:17:00] [spechunter] [Grep] pattern='PBMTE|pbmt|ADUE|adue|mPBMTE|hPBMTE'
[05:17:00] [spechunter] [Grep] pattern='sfence|flush|inval|PBMTE|pbmt'
[05:17:01] [spechunter] [Read] /home/yzs/riscv/freebsd-src/sys/riscv/riscv/pmap.c
[05:17:01] [spechunter] [Read] /home/yzs/riscv/freebsd-src/sys/riscv/riscv/pmap.c
[05:17:01] [spechunter] [Read] /home/yzs/riscv/freebsd-src/sys/riscv/riscv/identcpu.c
[05:17:01] [spechunter] [Grep] pattern='SV_SVPBMT|SV_SSTC|SV_ZICBOM|SV_ZICBOZ|smode_extensions'
[05:17:01] [spechunter] [Grep] pattern='vmmops_delegate|vmmops_vcpu_restore_csrs'
[05:17:01] [spechunter] [Grep] pattern='world_switch|VCPU_RUN|vcpu_run'
[05:17:09] [spechunter] [Grep] pattern='isSfence|isVSfence|isGSfence|noSfence'
[05:17:09] [spechunter] [Read] /home/yzs/riscv/XiangShan/src/main/scala/xiangshan/cache/mmu/PageTableCache.scala
[05:17:09] [spechunter] [Read] /home/yzs/riscv/XiangShan/src/main/scala/xiangshan/cache/mmu/L2TlbPrefetch.scala
[05:17:09] [spechunter] [Read] /home/yzs/riscv/XiangShan/src/main/scala/xiangshan/backend/Bundles.scala
[05:17:09] [spechunter] [Read] /home/yzs/riscv/XiangShan/src/main/scala/xiangshan/backend/decode/DecodeUnit.scala
[05:17:09] [spechunter] [Grep] pattern='flushPipe|= T'
[05:17:12] [spechunter] [text] ```json {   "violation_condition": "In QEMU TCG, write_menvcfg() and write_henvcfg() store the ADUE bit without calling ...
[05:17:15] [spechunter] [Grep] pattern='menvcfg|henvcfg|vsatp|hgatp|satp.*changed'
[05:17:15] [spechunter] [Grep] pattern='SFENCE|sfence|HFENCE|hfence'
[05:17:15] [spechunter] [Grep] pattern='ADUE|PBMTE|henvcfg|menvcfg|henvcfg'
[05:17:19] [spechunter] [Grep] pattern='parse_ext_s'
[05:17:19] [spechunter] [Grep] pattern='world_switch|VMM_CPU_RUN|handle_world_switch|vmx_run_loop|vmx_enter'
[05:17:19] [spechunter] [Grep] pattern='SV_'
[05:17:19] [spechunter] [Grep] pattern='pmap_fault'
[05:17:19] [spechunter] [Read] /home/yzs/riscv/freebsd-src/sys/riscv/vmm/vmm_riscv.c
[05:17:20] [spechunter] [Read] /home/yzs/riscv/XiangShan/src/main/scala/xiangshan/Bundle.scala
[05:17:20] [spechunter] [Read] /home/yzs/riscv/XiangShan/src/main/scala/xiangshan/cache/mmu/MMUConst.scala
[05:17:20] [spechunter] [Grep] pattern='DataChanged'
[05:17:20] [spechunter] [Grep] pattern='illegalInst\\.sfenceVMA|sfenceVMA'
[05:17:20] [spechunter] [Grep] pattern='virt_changed'
[05:17:21] [spechunter] [Grep] pattern='csr_write\\(CSR_MENVCFG\\)|csr_write\\(CSR_HENVCFG\\)|csr_set\\(CSR_HENVCFG|csr_read_clear\\(CSR_HENVCFG'
[05:17:21] [spechunter] [Grep] pattern='MENVCFG|HENVCFG|menvcfg|henvcfg'
[05:17:21] [spechunter] [Grep] pattern='ADUE|adue'
[05:17:23] [spechunter] [Grep] pattern='itlbParams|ldtlbParams|sttlbParams'
[05:17:23] [spechunter] [Read] /home/yzs/riscv/XiangShan/src/main/scala/xiangshan/cache/mmu/MMUBundle.scala
[05:17:23] [spechunter] [Grep] pattern='new TLB\\(|new TLBNonBlock|new TLBBLock'
[05:17:23] [spechunter] [Grep] pattern='ADUE'
[05:17:23] [spechunter] [Grep] pattern='MENVCFG|HENVCFG'
[05:17:23] [spechunter] [Grep] pattern='xenvcfg'
[05:17:24] [spechunter] [Grep] pattern='menvcfg|MEnvCfg|ADUE'
[05:17:24] [spechunter] [Grep] pattern='sfence|flush|inval|ADUE|adue|menvcfg|henvcfg'
[05:17:24] [spechunter] [Grep] pattern='Svadu|svadu|ADUE|adue|hardware.*A.*D'
[05:17:27] [spechunter] [Read] /home/yzs/riscv/XiangShan/src/main/scala/xiangshan/backend/fu/NewCSR/MachineLevel.scala
[05:17:27] [spechunter] [Read] /home/yzs/riscv/XiangShan/src/main/scala/xiangshan/backend/fu/NewCSR/MachineLevel.scala
[05:17:27] [spechunter] [Read] /home/yzs/riscv/XiangShan/src/main/scala/xiangshan/backend/fu/NewCSR/HypervisorLevel.scala
[05:17:27] [spechunter] [Grep] pattern='externUpdateFlushL2|externUpdateFlushPipe|customCSRMod|externalUpdate|flushOnWrite|flushP'
[05:17:27] [spechunter] [Grep] pattern='flushP|flushOnWrite|sfenceVMA|sfence\\.VMA'
[05:17:31] [spechunter] [Grep] pattern='ADUE|adue|menvcfg.*ADUE|senvcfg.*ADUE|henvcfg.*ADUE'
[05:17:31] [spechunter] [Grep] pattern='TlbCsrBundle'
[05:17:31] [spechunter] [Grep] pattern='TlbCsrBundle|tlbcsr|TlbCsr'
[05:17:32] [spechunter] [Read] /home/yzs/riscv/linux/arch/riscv/include/asm/csr.h
[05:17:32] [spechunter] [Read] /home/yzs/riscv/linux/arch/riscv/kvm/vcpu_onereg.c
[05:17:32] [spechunter] [Read] /home/yzs/riscv/linux/arch/riscv/kvm/vcpu.c
[05:17:32] [spechunter] [Read] /home/yzs/riscv/linux/arch/riscv/kvm/vcpu_sbi_fwft.c
[05:17:35] [spechunter] [TodoWrite] 7 items
[05:17:35] [spechunter] [Grep] pattern='itlbParameters|ldtlbParameters|sttlbParameters|hytlbParameters|pftlbParameters|TLBParameters'
[05:17:35] [spechunter] [Read] /home/yzs/riscv/XiangShan/src/main/scala/xiangshan/cache/mmu/MMUBundle.scala
[05:17:35] [spechunter] [Read] /home/yzs/riscv/XiangShan/src/main/scala/xiangshan/frontend/Frontend.scala
[05:17:35] [spechunter] [Read] /home/yzs/riscv/XiangShan/src/main/scala/xiangshan/mem/MemBlock.scala
[05:17:39] [spechunter] [Grep] pattern='write_menvcfg'
[05:17:39] [spechunter] [Grep] pattern='write_henvcfg'
[05:17:39] [spechunter] [Grep] pattern='SFENCE\\.VMA|sfence_vma'
[05:17:39] [spechunter] [Grep] pattern='HFENCE\\.GVMA|hfence_gvma'
[05:17:39] [spechunter] [Grep] pattern='HFENCE\\.VVMA|hfence_vvma'
[05:17:40] [spechunter] [Read] /home/yzs/riscv/XiangShan/src/main/scala/xiangshan/backend/fu/NewCSR/MachineLevel.scala
[05:17:40] [spechunter] [Read] /home/yzs/riscv/XiangShan/src/main/scala/xiangshan/backend/fu/NewCSR/CSREvents/CSREvent.scala
[05:17:40] [spechunter] [Grep] pattern='class MEnvCfg|ADUE|Svadu|svadu'
[05:17:41] [spechunter] [Grep] pattern='SV_SSTC|SV_SVPBMT|SV_SVNAPOT|SV_SVINVAL|SV_SSCOFPMF'
[05:17:41] [spechunter] [Grep] pattern='SV_ADUE|SV_SVADU|SV_SVADE|SV_S'
[05:17:41] [spechunter] [Grep] pattern='SV_ADUE|SV_SVADU|SV_SVADE|svade|svadu'
[05:17:41] [spechunter] [Grep] pattern='riscv_handle_world_switch'
[05:17:41] [spechunter] [Grep] pattern='vmx_run|world_switch|vmentry|vmexit|vmx_vminit|VMCS_GUEST'
[05:17:42] [spechunter] [Read] /home/yzs/riscv/XiangShan/src/main/scala/xiangshan/backend/fu/NewCSR/NewCSR.scala
[05:17:42] [spechunter] [Read] /home/yzs/riscv/XiangShan/src/main/scala/xiangshan/backend/fu/NewCSR/NewCSR.scala
[05:17:42] [spechunter] [Read] /home/yzs/riscv/XiangShan/src/main/scala/xiangshan/backend/fu/NewCSR/NewCSR.scala
[05:17:42] [spechunter] [Grep] pattern='class TlbCsrBundle|TlbCsrBundle'
[05:17:42] [spechunter] [Grep] pattern='class TlbCsrBundle|ADUE|adue|senvcfg|henvcfg|menvcfg'
[05:17:42] [spechunter] [Grep] pattern='class TlbCsrBundle'
[05:17:45] [spechunter] [Grep] pattern='ADUE'
[05:17:45] [spechunter] [Grep] pattern='write_menvcfg|write_henvcfg'
[05:17:45] [spechunter] [Grep] pattern='MENVCFG|HENVCFG'
[05:17:49] [spechunter] [Read] /home/yzs/riscv/qemu/target/riscv/csr.c
[05:17:49] [spechunter] [Read] /home/yzs/riscv/qemu/target/riscv/csr.c
[05:17:49] [spechunter] [Grep] pattern='class HEnvCfg|EXT_SVADU|Svadu|svadu'
[05:17:49] [spechunter] [Grep] pattern='EXT_SVADU|Svadu|svadu'
[05:17:49] [spechunter] [Grep] pattern='class HEnvCfg|HEnvCfg'
[05:17:51] [spechunter] [Read] /home/yzs/riscv/linux/arch/riscv/include/asm/csr.h
[05:17:51] [spechunter] [Read] /home/yzs/riscv/linux/arch/riscv/kvm/vcpu.c
[05:17:51] [spechunter] [Read] /home/yzs/riscv/linux/arch/riscv/kvm/vcpu_onereg.c
[05:17:51] [spechunter] [Read] /home/yzs/riscv/linux/arch/riscv/kernel/cpufeature.c
[05:17:51] [spechunter] [Read] /home/yzs/riscv/linux/arch/riscv/kernel/suspend.c
[05:17:51] [spechunter] [Read] /home/yzs/riscv/linux/arch/riscv/kvm/vcpu_sbi_fwft.c
[05:17:52] [spechunter] [Grep] pattern='ldUpdate|stUpdate|instrUpdate|g_ldUpdate|g_stUpdate|g_instrUpdate'
[05:17:53] [spechunter] [Grep] pattern='flushP|flushPipe|flushOnWrite'
[05:17:53] [spechunter] [Grep] pattern='class CSRModule|def doWrite|w\\.wen|w\\.wdata'
[05:17:54] [spechunter] [text] Now let me read the actual source for the key functions
[05:17:54] [spechunter] [Read] /home/yzs/riscv/qemu/target/riscv/csr.c
[05:17:54] [spechunter] [Read] /home/yzs/riscv/qemu/target/riscv/csr.c
[05:17:54] [spechunter] [Read] /home/yzs/riscv/qemu/target/riscv/cpu_helper.c
[05:17:55] [spechunter] [Grep] pattern='SBI_FWFT_PTE_AD_HW_UPDATING|FWFT_PTE_AD'
[05:17:55] [spechunter] [Grep] pattern='menvcfg|CSR_MENVCFG|csr_write.*MENVCFG|csr_set.*MENVCFG'
[05:17:55] [spechunter] [Grep] pattern='SVADU|SVADE|svadu|svade'
[05:18:00] [spechunter] [text] Let me also check for the CSR_ENVCFG (M-mode alias) usage and the tools/ csr.h.  
[05:18:00] [spechunter] [Grep] pattern='CSR_ENVCFG'
[05:18:00] [spechunter] [Read] /home/yzs/riscv/linux/tools/arch/riscv/include/asm/csr.h
[05:18:00] [spechunter] [Grep] pattern='arch_has_hw_pte_young'
[05:18:00] [spechunter] [text] Now let me read the A/D handling in the page table walker, the TLB fill, and the CPU reset path  
[05:18:00] [spechunter] [Read] /home/yzs/riscv/qemu/target/riscv/cpu_helper.c
[05:18:00] [spechunter] [Read] /home/yzs/riscv/qemu/target/riscv/cpu_helper.c
[05:18:00] [spechunter] [Read] /home/yzs/riscv/qemu/target/riscv/cpu.c
[05:18:02] [spechunter] [Grep] pattern='PTE_AD_HW_UPDATING|pte_ad_hw_updat'
[05:18:02] [spechunter] [Grep] pattern='kvm_riscv_vcpu_csr_return|csr_exit_kernel|csr_exit_user'
[05:18:04] [spechunter] [Grep] pattern='SV_SSTC|SV_SVPBMT|SV_SVNAPOT|SV_SVINVAL|SV_SSCOFPMF'
[05:18:04] [spechunter] [Grep] pattern='smode_extensions|SV_S'
[05:18:04] [spechunter] [Grep] pattern='smode_extensions|SV_'
[05:18:04] [spechunter] [Grep] pattern='smode_extensions|struct cpu_desc'
[05:18:04] [spechunter] [Grep] pattern='smode_extensions'
[05:18:08] [spechunter] [Grep] pattern='case class TLBParameters|case class L2TLBParameters'
[05:18:08] [spechunter] [Grep] pattern='def ptwresp_to_tlbperm|def hptwresp_to_tlbperm'
[05:18:08] [spechunter] [Grep] pattern='class PtwBundle|class PtwModule'
[05:18:08] [spechunter] [Grep] pattern='class PtwEntry|class PtwSectorEntry'
[05:18:09] [spechunter] [text] Now let me check whether there's any `tlb_flush` or `tb_flush` in the CSR write functions when ADUE changes, and read th...
[05:18:09] [spechunter] [Grep] pattern='tlb_flush|tb_flush'
[05:18:09] [spechunter] [Read] /home/yzs/riscv/qemu/target/riscv/insn_trans/trans_privileged.c.inc
[05:18:09] [spechunter] [Read] /home/yzs/riscv/qemu/target/riscv/insn_trans/trans_rvh.c.inc
[05:18:11] [spechunter] [Grep] pattern='class CSRModule|abstract class CSRModule'
[05:18:11] [spechunter] [Grep] pattern='CSRMod|class CSRBundle|def reg'
[05:18:11] [spechunter] [Glob] **/NewCSR/CSRMod*.scala
[05:18:11] [spechunter] [Read] /home/yzs/riscv/linux/arch/riscv/include/asm/switch_to.h
[05:18:11] [spechunter] [Read] /home/yzs/riscv/linux/arch/riscv/include/asm/pgtable.h
[05:18:11] [spechunter] [Read] /home/yzs/riscv/linux/arch/riscv/kernel/process.c
[05:18:14] [spechunter] [Read] /home/yzs/riscv/XiangShan/src/main/scala/xiangshan/cache/mmu/MMUConst.scala
[05:18:14] [spechunter] [Read] /home/yzs/riscv/XiangShan/src/main/scala/xiangshan/cache/mmu/MMUBundle.scala
[05:18:14] [spechunter] [text] Now let me check the migration code and compare with existing correct flush patterns (like MXR in write_mstatus
[05:18:14] [spechunter] [Grep] pattern='tlb_flush\\(env_cpu'
[05:18:14] [spechunter] [Grep] pattern='vmstate_envcfg|VMSTATE.*menvcfg|VMSTATE.*henvcfg'
[05:18:14] [spechunter] [Read] /home/yzs/riscv/qemu/target/riscv/csr.c
[05:18:15] [spechunter] [Grep] pattern='write|writeback|write_back|wb|pte_mod|pte_modify|set_dirty|set_access|modified'
[05:18:15] [spechunter] [Read] /home/yzs/riscv/XiangShan/src/main/scala/xiangshan/cache/mmu/PageTableCache.scala
[05:18:15] [spechunter] [Read] /home/yzs/riscv/XiangShan/src/main/scala/xiangshan/backend/fu/NewCSR/CSRModule.scala
[05:18:18] [spechunter] [Read] /home/yzs/riscv/freebsd-src/sys/riscv/riscv/identcpu.c
[05:18:18] [spechunter] [Read] /home/yzs/riscv/freebsd-src/sys/riscv/riscv/identcpu.c
[05:18:18] [spechunter] [Read] /home/yzs/riscv/freebsd-src/sys/riscv/riscv/identcpu.c
[05:18:18] [spechunter] [Read] /home/yzs/riscv/freebsd-src/sys/riscv/riscv/locore.S
[05:18:18] [spechunter] [Read] /home/yzs/riscv/freebsd-src/sys/riscv/riscv/locore.S
[05:18:18] [spechunter] [Read] /home/yzs/riscv/qemu/target/riscv/csr.c
[05:18:18] [spechunter] [Read] /home/yzs/riscv/qemu/target/riscv/csr.c
[05:18:18] [spechunter] [Read] /home/yzs/riscv/qemu/target/riscv/csr.c
[05:18:24] [spechunter] [Read] /home/yzs/riscv/linux/arch/riscv/include/asm/csr.h
[05:18:24] [spechunter] [Read] /home/yzs/riscv/linux/arch/riscv/kernel/usercfi.c
[05:18:26] [spechunter] [text] Now let me investigate the migration post-load, GDB stub, SFENCE.VMA/HFENCE.VMA paths, and check for any KVM interaction
[05:18:26] [spechunter] [Read] /home/yzs/riscv/qemu/target/riscv/machine.c
[05:18:26] [spechunter] [Grep] pattern='riscv_gdb_set_csr|riscv_gdb_get_csr|csr_ops'
[05:18:26] [spechunter] [Grep] pattern='tlb_flush|tb_flush'
[05:18:35] [spechunter] [text] Now let me also check the helper functions for TLB flush, and see if there are references in KVM or the IOMMU file that'...
[05:18:35] [spechunter] [Grep] pattern='helper_tlb_flush|hyp_gvma_tlb_flush|hyp_tlb_flush'
[05:18:35] [spechunter] [Grep] pattern='MENVCFG_ADUE|HENVCFG_ADUE|ADUE'
[05:18:35] [spechunter] [Grep] pattern='sfence_vma|hfence_gvma|hfence_vvma'
[05:18:37] [spechunter] [Read] /home/yzs/riscv/XiangShan/src/main/scala/xiangshan/backend/fu/NewCSR/NewCSR.scala
[05:18:37] [spechunter] [Grep] pattern='resetSatp|satp'
[05:18:37] [spechunter] [Read] /home/yzs/riscv/XiangShan/src/main/scala/xiangshan/cache/mmu/TLB.scala
[05:18:39] [spechunter] [Read] /home/yzs/riscv/qemu/target/riscv/gdbstub.c
[05:18:39] [spechunter] [Grep] pattern='SFENCE.VMA|HFENCE.VVMA|HFENCE.GVMA|gen_helper_tlb_flush|gen_helper_hyp_tlb_flush'
[05:18:39] [spechunter] [Grep] pattern='menvcfg|henvcfg'
[05:18:45] [spechunter] [Grep] pattern='class TlbCsrBundle|class SfenceBundle'
[05:18:45] [spechunter] [Grep] pattern='ADUE|adue|Svadu|svadu|AdeUpm|adeUpm'
[05:18:45] [spechunter] [Read] /home/yzs/riscv/XiangShan/src/main/scala/xiangshan/backend/fu/NewCSR/CSRBundles.scala
[05:18:46] [spechunter] [text] Now I have a complete picture. Let me compile the findings into the requested JSON format.  ```json {   "locations": [  ...
[05:18:46] [spechunter] [Read] /home/yzs/riscv/qemu/target/riscv/op_helper.c
[05:18:46] [spechunter] [Read] /home/yzs/riscv/qemu/target/riscv/cpu_helper.c
[05:18:46] [spechunter] [Grep] pattern='def DataChanged|object DataChanged'
[05:18:46] [spechunter] [Grep] pattern='tvp|vtvm|VTVM'
[05:18:46] [spechunter] [Read] /home/yzs/riscv/XiangShan/src/main/scala/xiangshan/backend/fu/NewCSR/NewCSR.scala
[05:18:48] [spechunter] [text] Let me check the HFENCE.GVMA and verify the full write_mstatus MXR pattern, and look at riscv_csrrw_debug  
[05:18:48] [spechunter] [Grep] pattern='hfence_gvma'
[05:18:48] [spechunter] [Read] /home/yzs/riscv/qemu/target/riscv/csr.c
[05:18:48] [spechunter] [Grep] pattern='riscv_csrrw_debug'
[05:18:58] [spechunter] [Grep] pattern='ADUE'
[05:18:58] [spechunter] [Grep] pattern='menvcfg|senvcfg|henvcfg'
[05:18:58] [spechunter] [Grep] pattern='pte_atomic|atomic_modify|pte_update|pte_clear|pteSetD|pteSetA|set_pte|update_pte'
[05:19:02] [spechunter] [text] Let me check the senvcfg writer and the IOMMU file as well.  
[05:19:02] [spechunter] [Grep] pattern='write_senvcfg'
[05:19:02] [spechunter] [Grep] pattern='menvcfg|henvcfg|ADUE|sfence_vma|hfence_gvma|hfence_vvma'
[05:19:02] [spechunter] [Grep] pattern='svadu|ADUE'
[05:19:05] [spechunter] [Grep] pattern='menvcfg|MENVCFG'
[05:19:05] [spechunter] [Grep] pattern='envcfg|ENVCFG'
[05:19:05] [spechunter] [Grep] pattern='menvcfg|henvcfg|flush|sfence|invalidate|tlbFlush'
[05:19:05] [spechunter] [Grep] pattern='sfenceVMA|sfence\\.VMA|SfenceVma|CSROpType'
[05:19:05] [spechunter] [Read] /home/yzs/riscv/qemu/target/riscv/insn_trans/trans_rvh.c.inc
[05:19:05] [spechunter] [Read] /home/yzs/riscv/qemu/target/riscv/csr.c
[05:19:05] [spechunter] [Read] /home/yzs/riscv/qemu/target/riscv/csr.c
[05:19:08] [spechunter] [Read] /home/yzs/riscv/qemu/target/riscv/csr.c
[05:19:08] [spechunter] [Read] /home/yzs/riscv/qemu/target/riscv/csr.c
[05:19:09] [spechunter] [Grep] pattern='arch_has_hw_pte_young'
[05:19:09] [spechunter] [Grep] pattern='senvcfg|CSR_SENVCFG|csr_write.*SENVCFG|csr_swap.*SENVCFG'
[05:19:11] [spechunter] [Grep] pattern='def DataChanged|DataChanged'
[05:19:11] [spechunter] [Read] /home/yzs/riscv/XiangShan/src/main/scala/xiangshan/cache/mmu/L2TLB.scala
[05:19:11] [spechunter] [Read] /home/yzs/riscv/XiangShan/src/main/scala/xiangshan/cache/mmu/L2TLB.scala
[05:19:15] [spechunter] [text] Now let me look at the TLB fill entry point more carefully and the mmu_idx to understand the caching mechanism.  
[05:19:15] [spechunter] [Read] /home/yzs/riscv/qemu/target/riscv/cpu_helper.c
[05:19:15] [spechunter] [Grep] pattern='mmuidx_2stage|mmuidx_priv|MMUIdx'
[05:19:15] [spechunter] [Grep] pattern='mmu_idx.*ADUE|adue.*mmu'
[05:19:17] [spechunter] [Read] /home/yzs/riscv/XiangShan/src/main/scala/xiangshan/backend/fu/NewCSR/StateEnBundle.scala
[05:19:17] [spechunter] [Grep] pattern='sfenceVMA|sfence|invalidateTLB|flushTLB|tlbFlush'
[05:19:17] [spechunter] [Read] /home/yzs/riscv/XiangShan/src/main/scala/xiangshan/Bundle.scala
[05:19:17] [spechunter] [Grep] pattern='object DataChanged|def DataChanged'
[05:19:17] [spechunter] [Grep] pattern='import.*DataChanged'
[05:19:24] [spechunter] [Grep] pattern='mmuidx_priv|mmuidx_2stage'
[05:19:24] [spechunter] [Grep] pattern='CPUTLBEntry|CPU_TLB_BITS|NB_MMU_MODES'
[05:19:24] [spechunter] [Grep] pattern='PTE_AD_HW_UPDATING'
[05:19:24] [spechunter] [Grep] pattern='arch_has_hw_pte_young'
[05:19:24] [spechunter] [Grep] pattern='csr_write.*ENVCFG|csr_set.*ENVCFG|MENVCFG'
[05:19:29] [spechunter] [Read] /home/yzs/riscv/qemu/target/riscv/internals.h
[05:19:29] [spechunter] [Grep] pattern='NB_MMU_MODES|CPU_TLB_BITS'
[05:19:33] [spechunter] [text] Now let me also check the KVM path and the sinval translations.  
[05:19:33] [spechunter] [Grep] pattern='sfence|hfence|menvcfg|henvcfg|ADUE'
[05:19:33] [spechunter] [Read] /home/yzs/riscv/qemu/target/riscv/insn_trans/trans_svinval.c.inc
[05:19:35] [spechunter] [Grep] pattern='TlbCmd\\.(write|atom)|mem.*write|store.*pte|write.*pte|L2TlbMemReq'
[05:19:35] [spechunter] [Grep] pattern='menvcfg|senvcfg|henvcfg|ADUE'
[05:19:40] [spechunter] [Read] /home/yzs/riscv/XiangShan/src/main/scala/xiangshan/Bundle.scala
[05:19:40] [spechunter] [Grep] pattern='TlbCsrBundle|class TlbCsrBundle'
[05:19:40] [spechunter] [Grep] pattern='changed|Changed|satp.*changed|vsatp.*changed|hgatp.*changed'
[05:19:40] [spechunter] [text] Here is the complete report of all locations referencing `menvcfg.ADUE` / `henvcfg.ADUE`:  ```json {   "locations": [   ...
[05:19:42] [spechunter] [text] Let me also check the disassembly code and the CPU definition file for the svadu config property
[05:19:42] [spechunter] [Grep] pattern='svadu|ADUE|menvcfg|henvcfg'
[05:19:42] [spechunter] [Grep] pattern='sfence_vma|hfence_gvma|hfence_vvma'
[05:19:45] [spechunter] [TodoWrite] 7 items
[05:19:58] [spechunter] [Read] /home/yzs/riscv/XiangShan/src/main/scala/xiangshan/Bundle.scala
[05:19:58] [spechunter] [Grep] pattern='sfence\\.valid|io\\.sfence\\.valid|SfenceBundle'
[05:19:58] [spechunter] [Read] /home/yzs/riscv/XiangShan/src/main/scala/xiangshan/backend/fu/NewCSR/NewCSR.scala
[05:20:08] [spechunter] [text] ```json {   "violation_condition": "In FreeBSD's RISC-V bhyve VMM, when vmmops_run() writes henvcfg (vmm_riscv.c:632) wi...
[05:20:08] [spechunter] [Grep] pattern='virt_changed'
[05:20:08] [spechunter] [Read] /home/yzs/riscv/XiangShan/src/main/scala/xiangshan/backend/fu/NewCSR/NewCSR.scala
[05:20:11] [spechunter] [Grep] pattern='kvm_riscv_vcpu_csr_return'
[05:20:11] [spechunter] [Grep] pattern='HENVCFG|henvcfg'
[05:20:15] [spechunter] [Read] /home/yzs/riscv/linux/arch/riscv/kvm/vcpu_insn.c
[05:20:18] [spechunter] [Grep] pattern='SfenceBundle|class SfenceBundle'
[05:20:18] [spechunter] [Grep] pattern='sfence|Sfence'
[05:20:18] [spechunter] [Grep] pattern='adue|ADUE|adueEnable|Svadu|Svade'
[05:20:18] [spechunter] [Grep] pattern='class.*EnvCfg|class.*MenEnvCfg|class.*Senvcfg|class.*Henvcfg|class.*Menvcfg'
[05:20:22] [spechunter] [text] Now I have all the information needed. Here is the report:  ```json {   "locations": [     {       "file_path": "target/...
[05:20:28] [spechunter] [Read] /home/yzs/riscv/XiangShan/src/main/scala/xiangshan/Bundle.scala
[05:20:28] [spechunter] [Read] /home/yzs/riscv/XiangShan/src/main/scala/xiangshan/backend/fu/Fence.scala
[05:20:28] [spechunter] [Grep] pattern='sfence|flushTLB|cacheOp|cbo'
[05:20:30] [spechunter] [Agent] description, subagent_type
[05:20:33] [spechunter] [Grep] pattern='menvcfg'
[05:20:33] [spechunter] [Grep] pattern='henvcfg'
[05:20:33] [spechunter] [Grep] pattern='SFENCE\\.VMA|sfence_vma'
[05:20:33] [spechunter] [Grep] pattern='HFENCE\\.VVMA|hfence_vvma'
[05:20:50] [spechunter] [Grep] pattern='sfence|Fence'
[05:20:50] [spechunter] [Grep] pattern='cbo|CBO|Cbo'
[05:20:50] [spechunter] [Grep] pattern='CBIE|CBZE|CBCFE|EnvCBIE|EnvCfg'
[05:20:52] [spechunter] [Read] /home/yzs/riscv/freebsd-src/sys/riscv/vmm/vmm_riscv.c
[05:20:52] [spechunter] [Grep] pattern='henvcfg|menvcfg|henvcfg|MenVcfg|HenVcfg|HENVCFG|MENVCFG|ADUE|PBMTE|PMM'
[05:20:52] [spechunter] [Grep] pattern='hfence_vvma|HFENCE_VVMA|hfence\\.vvma'
[05:20:57] [spechunter] [Read] /home/yzs/riscv/XiangShan/src/main/scala/xiangshan/backend/fu/NewCSR/SupervisorLevel.scala
[05:20:57] [spechunter] [Read] /home/yzs/riscv/XiangShan/src/main/scala/xiangshan/backend/fu/NewCSR/HypervisorLevel.scala
[05:20:57] [spechunter] [Read] /home/yzs/riscv/XiangShan/src/main/scala/xiangshan/backend/fu/NewCSR/MachineLevel.scala
[05:20:58] [spechunter] [Grep] pattern='csr_write.*(?:henvcfg|menvcfg)'
[05:20:58] [spechunter] [Grep] pattern='CSR_WRITE.*envcfg|CSR_WRITE.*menvcfg|CSR_WRITE.*henvcfg'
[05:20:58] [spechunter] [Grep] pattern='hfence_vvma|HFENCE_VVMA'
[05:20:58] [spechunter] [Grep] pattern='csr_write.*vsatp|csr_read.*vsatp|vsatp'
[05:20:58] [spechunter] [Glob] sys/riscv/riscv/vmm_riscv.*
[05:20:58] [spechunter] [Glob] sys/riscv/riscv/swtch.S
[05:20:58] [spechunter] [Glob] sys/riscv/riscv/trap.c
[05:20:58] [spechunter] [Grep] pattern='menvcfg|henvcfg|ADUE|adue'
[05:21:06] [spechunter] [Read] /home/yzs/riscv/XiangShan/src/main/scala/xiangshan/backend/fu/NewCSR/CSRBundles.scala
[05:21:06] [spechunter] [Grep] pattern='EnvCBIE|class EnvCBIE|object EnvCfg'
[05:21:06] [spechunter] [Read] /home/yzs/riscv/XiangShan/src/main/scala/xiangshan/backend/fu/NewCSR/MachineLevel.scala
[05:21:06] [spechunter] [Read] /home/yzs/riscv/XiangShan/src/main/scala/xiangshan/backend/fu/NewCSR/HypervisorLevel.scala
[05:21:08] [spechunter] [Grep] pattern='perm\\.d|perm\\.a'
[05:21:08] [spechunter] [Read] /home/yzs/riscv/XiangShan/src/main/scala/xiangshan/cache/mmu/TLB.scala
[05:21:08] [spechunter] [Read] /home/yzs/riscv/XiangShan/src/main/scala/xiangshan/Parameters.scala
[05:21:11] [spechunter] [Grep] pattern='CONFIG_RISCV_M_MODE'
[05:21:11] [spechunter] [Grep] pattern='HFENCE|hfence|sfence|SFENCE|fence_vvma|fence_gvma'
[05:21:19] [spechunter] [Read] /home/yzs/riscv/XiangShan/src/main/scala/xiangshan/backend/fu/NewCSR/CSRDefines.scala
[05:21:19] [spechunter] [Read] /home/yzs/riscv/XiangShan/src/main/scala/xiangshan/backend/fu/NewCSR/CSREvents/CSREvent.scala
[05:21:19] [spechunter] [Read] /home/yzs/riscv/XiangShan/src/main/scala/xiangshan/backend/fu/NewCSR/CSREvents/CSREvent.scala
[05:21:28] [spechunter] [Grep] pattern='ADUE|adue|PBMT|pbmt|MENVCFG|menvcfg|MENVCFG|menvcfg_reg'
[05:21:28] [spechunter] [Grep] pattern='MENVCFG|menvcfg|MenVcfg'
[05:21:28] [spechunter] [Grep] pattern='hfence_gvma|HFENCE_GVMA|hfence\\.gvma'
[05:21:28] [spechunter] [Grep] pattern='menvcfg|henvcfg'
[05:21:30] [spechunter] [Grep] pattern='\\bhenvcfg\\b'
[05:21:30] [spechunter] [Grep] pattern='\\bmenvcfg\\b'
[05:21:30] [spechunter] [Read] /home/yzs/riscv/freebsd-src/sys/riscv/riscv/swtch.S
[05:21:30] [spechunter] [Read] /home/yzs/riscv/freebsd-src/sys/riscv/vmm/vmm_riscv.c
[05:21:30] [spechunter] [Read] /home/yzs/riscv/freebsd-src/sys/riscv/vmm/riscv.h
[05:21:30] [spechunter] [Grep] pattern='hfence|menvcfg|henvcfg|ADUE|adue|envcfg'
[05:21:30] [spechunter] [Grep] pattern='menvcfg|henvcfg|envcfg|hfence|vsatp'
[05:21:30] [spechunter] [Grep] pattern='hfence_vvma'
[05:21:30] [spechunter] [Grep] pattern='csr_write.*vsatp'
[05:21:35] [spechunter] [Read] /home/yzs/riscv/linux/arch/riscv/include/asm/kvm_host.h
[05:21:35] [spechunter] [Grep] pattern='struct kvm_vcpu_csr|struct kvm_riscv_csr'
[05:21:37] [spechunter] [Write] /home/yzs/riscv/qemu/scan_result_adue_tlb_stale.json
[05:21:38] [spechunter] [Grep] pattern='menvcfg|henvcfg'
[05:21:38] [spechunter] [Grep] pattern='menvcfg|henvcfg'
[05:21:38] [spechunter] [Read] /home/yzs/riscv/XiangShan/src/main/scala/xiangshan/backend/fu/NewCSR/CSREvents/TrapEntryHSEvent.scala
[05:21:39] [spechunter] [Read] /home/yzs/riscv/freebsd-src/sys/riscv/vmm/vmm_riscv.c
[05:21:39] [spechunter] [Grep] pattern='csr_write\\(menvcfg\\)|csr_write\\(menvcfg\\b|csr_write\\(henvcfg\\b'
[05:21:39] [spechunter] [Grep] pattern='csr_write\\(envcfg|csr_read\\(envcfg|csr_setbits\\(envcfg'
[05:21:39] [spechunter] [Grep] pattern='hfence_gvma|HFENCE_GVMA|hfence_vvma_asid|hfence\\.vvma|HFENCE_VVMA'
[05:21:43] [spechunter] [TodoWrite] 7 items
[05:21:52] [spechunter] [text] Let me check if there's any henvcfg restoration on VM exit, and also see the full vmm_riscv.c for the broader VMM contex...
[05:21:52] [spechunter] [Grep] pattern='henvcfg|hfence'
[05:21:52] [spechunter] [Grep] pattern='vmmops_restore|vmmops_vcpu_restore'
[05:21:52] [spechunter] [Grep] pattern='sfence_vma|sfence\\.vma'
[05:21:55] [spechunter] [Read] /home/yzs/riscv/XiangShan/src/main/scala/xiangshan/backend/fu/CSR.scala
[05:21:55] [spechunter] [Read] /home/yzs/riscv/XiangShan/src/main/scala/xiangshan/backend/fu/CSR.scala
[05:21:55] [spechunter] [Grep] pattern='menvcfg|henvcfg|flush'
[05:21:58] [spechunter] [text] Report written to `scan_result_adue_tlb_stale.json`.  ## Summary of findings  **Bug**: `write_menvcfg()` and `write_henv...
[05:22:04] [spechunter] [Read] /home/yzs/riscv/XiangShan/src/main/scala/xiangshan/backend/fu/CSR.scala
[05:22:04] [spechunter] [Read] /home/yzs/riscv/XiangShan/src/main/scala/xiangshan/backend/fu/NewCSR/SstcInterruptGen.scala
[05:22:04] [spechunter] [Grep] pattern='MaskedRegMap|sideEffect|SideEffect|NoSideEffect'
[05:22:06] [spechunter] [Read] /home/yzs/riscv/freebsd-src/sys/riscv/vmm/vmm_riscv.c
[05:22:06] [spechunter] [Grep] pattern='csr_write.*menvcfg|csr_read.*menvcfg|csr_write.*senvcfg|csr_read.*senvcfg'
[05:22:06] [spechunter] [Grep] pattern='PBMTE|ADUE|CBCFE|CBZE|FIOM|CBIE'
[05:22:13] [spechunter] [Read] /home/yzs/riscv/freebsd-src/sys/riscv/vmm/vmm_fence.c
[05:22:13] [spechunter] [Read] /home/yzs/riscv/freebsd-src/sys/riscv/vmm/vmm_riscv.c
[05:22:13] [spechunter] [Grep] pattern='DataChanged|class DataChanged|object DataChanged'
[05:22:13] [spechunter] [Read] /home/yzs/riscv/XiangShan/src/main/scala/xiangshan/cache/mmu/TLB.scala
[05:22:13] [spechunter] [Grep] pattern='PMM|PBMTE|pmm|pmMTE'
[05:22:25] [spechunter] [Grep] pattern='vsatp|henvcfg|menvcfg|hfence|envcfg|ADUE|adue|vmm_switch|vmmops_delegate'
[05:22:25] [spechunter] [Grep] pattern='ADUE|adue|enable.*A.*D|A.*D.*bit|envcfg|hfence|sfence'
[05:22:25] [spechunter] [Grep] pattern='csr_read|csr_write|vsatp|envcfg|hfence'
[05:22:25] [spechunter] [Glob] *vmm_switch*
[05:22:25] [spechunter] [Grep] pattern='HENVCFG|henvcfg'
[05:22:25] [spechunter] [Grep] pattern='has_sstc'
[05:22:25] [spechunter] [Grep] pattern='HENVCFG_STCE|HENVCFG_PBMTE|HENVCFG_DTE|HENVCFG_CBIE|HENVCFG_CBCFE|HENVCFG_FIOM'
[05:22:25] [spechunter] [Read] /home/yzs/riscv/freebsd-src/sys/riscv/vmm/vmm_riscv.c
[05:22:28] [spechunter] [text] Now let me verify the VMM fence processing is tied into the VM entry path more carefully
[05:22:28] [spechunter] [Read] /home/yzs/riscv/freebsd-src/sys/riscv/vmm/vmm_riscv.c
[05:22:37] [spechunter] [text] Let me cross-validate the key locations against the actual source to ensure accuracy before producing the final set.  
[05:22:37] [spechunter] [Read] /home/yzs/riscv/qemu/target/riscv/csr.c
[05:22:37] [spechunter] [Read] /home/yzs/riscv/qemu/target/riscv/csr.c
[05:22:37] [spechunter] [Read] /home/yzs/riscv/qemu/target/riscv/csr.c
[05:22:37] [spechunter] [Read] /home/yzs/riscv/qemu/target/riscv/cpu_helper.c
[05:22:38] [spechunter] [Read] /home/yzs/riscv/freebsd-src/sys/riscv/vmm/vmm_switch.S
[05:22:38] [spechunter] [Grep] pattern='HENVCFG|henvcfg|MENVCFG|menvcfg|HFENCE_VVMA|hfence_vvma'
[05:22:38] [spechunter] [Grep] pattern='HENVCFG_STCE|SENVCFG|ADUE'
[05:22:38] [spechunter] [Grep] pattern='\\bhfence_gvma\\b'
[05:22:38] [spechunter] [Grep] pattern='hfence|sfence|envcfg'
[05:22:38] [spechunter] [Grep] pattern='pmap_activate_sw|pmap_activate'
[05:22:38] [spechunter] [Read] /home/yzs/riscv/freebsd-src/sys/riscv/riscv/trap.c
[05:22:53] [spechunter] [text] Now let me verify the reference comparison sites and bit definitions.  
[05:22:53] [spechunter] [Read] /home/yzs/riscv/qemu/target/riscv/csr.c
[05:22:53] [spechunter] [Read] /home/yzs/riscv/qemu/target/riscv/csr.c
[05:22:53] [spechunter] [Read] /home/yzs/riscv/qemu/target/riscv/cpu_bits.h
[05:22:55] [spechunter] [Grep] pattern='PBMTE|mPBMTE|hPBMTE|pbmt'
[05:22:55] [spechunter] [Grep] pattern='PMM|pmm|PMLEN'
[05:23:00] [spechunter] [text] Now let me verify the remaining locations
[05:23:00] [spechunter] [Read] /home/yzs/riscv/qemu/target/riscv/cpu.c
[05:23:00] [spechunter] [Read] /home/yzs/riscv/qemu/target/riscv/insn_trans/trans_privileged.c.inc
[05:23:00] [spechunter] [Read] /home/yzs/riscv/qemu/target/riscv/op_helper.c
[05:23:09] [spechunter] [Grep] pattern='SENVCFG|ADUE|envcfg'
[05:23:09] [spechunter] [Grep] pattern='ADUE|adue'
[05:23:09] [spechunter] [Grep] pattern='riscv_handle_world_switch'
[05:23:09] [spechunter] [Grep] pattern='\\bmenvcfg\\b|\\bhenvcfg\\b'
[05:23:09] [spechunter] [Grep] pattern='\\bmenvcfg\\b|\\bhenvcfg\\b'
[05:23:09] [spechunter] [Read] /home/yzs/riscv/freebsd-src/sys/riscv/riscv/pmap.c
[05:23:09] [spechunter] [Read] /home/yzs/riscv/freebsd-src/sys/riscv/riscv/pmap.c
[05:23:12] [spechunter] [Grep] pattern='DataChanged'
[05:23:12] [spechunter] [Read] /home/yzs/riscv/XiangShan/src/main/scala/xiangshan/cache/mmu/MMUConst.scala
[05:23:16] [spechunter] [text] Now I have a complete picture. Here's the JSON report:  ```json {   "locations": [     {       "file_path": "sys/riscv/v...
[05:23:18] [spechunter] [Grep] pattern='def DataChanged'
[05:23:18] [spechunter] [Read] /home/yzs/riscv/XiangShan/src/main/scala/xiangshan/backend/fu/wrapper/CSR.scala
[05:23:21] [spechunter] [Grep] pattern='DataChanged'
[05:23:25] [spechunter] [Read] /home/yzs/riscv/freebsd-src/sys/riscv/vmm/vmm_riscv.c
[05:23:25] [spechunter] [Read] /home/yzs/riscv/freebsd-src/sys/riscv/vmm/vmm_riscv.c
[05:23:25] [spechunter] [Grep] pattern='pmap_fault|do_trap_supervisor|do_trap_user'
[05:23:25] [spechunter] [Grep] pattern='pmap_fault'
[05:23:25] [spechunter] [Grep] pattern='hfence_gvma|hfence_vvma|HFENCE'
[05:23:25] [spechunter] [Grep] pattern='vmm_fence_process|VMM_RISCV_FENCE|fence_queue'
[05:23:25] [spechunter] [Grep] pattern='HFENCE_VVMA|HFENCE_GVMA|SENVCFG'
[05:23:38] [spechunter] [Grep] pattern='vmm_fence_process'
[05:23:38] [spechunter] [Grep] pattern='HENVCFG|SENVCFG|ADUE|CBIE|CBCFE|CBZE|FIOM|PBMTE'
[05:23:38] [spechunter] [Glob] exception.S
[05:23:38] [spechunter] [Grep] pattern='do_trap_user|data_abort'
[05:23:38] [spechunter] [Grep] pattern='vmm_fence_process'
[05:23:38] [spechunter] [Grep] pattern='pmap_emulate_referenced|pmap_emulate_accessed|PTE_A|PTE_D'
[05:23:38] [spechunter] [Read] /home/yzs/riscv/freebsd-src/sys/riscv/vmm/vmm_riscv.c
[05:23:43] [spechunter] [Read] /home/yzs/riscv/XiangShan/src/main/scala/xiangshan/backend/fu/CSR.scala
[05:23:43] [spechunter] [Read] /home/yzs/riscv/XiangShan/utility/src/main/scala/utility/Hold.scala
[05:23:47] [spechunter] [Grep] pattern='flush_mmu|flushL1|flush_l1|flush_tlb'
[05:23:52] [spechunter] [Read] /home/yzs/riscv/freebsd-src/sys/riscv/riscv/exception.S
[05:23:52] [spechunter] [Read] /home/yzs/riscv/freebsd-src/sys/riscv/vmm/vmm_fence.c
[05:23:52] [spechunter] [Read] /home/yzs/riscv/freebsd-src/sys/riscv/vmm/vmm_fence.h
[05:23:52] [spechunter] [Grep] pattern='trap|page_fault|data_abort|PTE_A|PTE_D|pmap_fault'
[05:23:52] [spechunter] [Grep] pattern='pmap_fault|sfence_vma'
[05:23:52] [spechunter] [Grep] pattern='PTE_A|PTE_D|PTE_W|PTE_R|PTE_X|PTE_SW'
[05:23:55] [spechunter] [text] All locations verified. Here is the cross-validated, deduplicated, ranked result:  ```json {   "locations": [     {     ...
[05:24:00] [spechunter] [Grep] pattern='PTE_A|PTE_D|PTE_SW'
[05:24:00] [spechunter] [Read] /home/yzs/riscv/freebsd-src/sys/riscv/riscv/trap.c
[05:24:00] [spechunter] [Read] /home/yzs/riscv/freebsd-src/sys/riscv/include/cpufunc.h
[05:24:00] [spechunter] [Grep] pattern='\\bADUE\\b'
[05:24:08] [spechunter] [Grep] pattern='has_sstc'
[05:24:08] [spechunter] [Read] /home/yzs/riscv/freebsd-src/sys/riscv/riscv/pmap.c
[05:24:08] [spechunter] [Grep] pattern='sfence_vma'
[05:24:08] [spechunter] [Grep] pattern='csr_write|csr_read'
[05:24:36] [spechunter] [text] Let me also check how the host kernel handles Svadu enablement and look at the context-switch path for any menvcfg/senvc...
[05:24:36] [spechunter] [Grep] pattern='ENVCFG_ADUE'
[05:24:36] [spechunter] [Grep] pattern='arch_has_hw_pte_young'
[05:24:40] [spechunter] [Agent] description, subagent_type
[05:24:40] [spechunter] [Agent] description, subagent_type
[05:24:45] [spechunter] [Grep] pattern='menvcfg|henvcfg|envcfg'
[05:24:45] [spechunter] [Grep] pattern='HENVCFG_PBMTE|HENVCFG_CBZE|HENVCFG_CBCFE|HENVCFG_CBIE|HENVCFG_FIOM'
[05:24:45] [spechunter] [Grep] pattern='HYP_|envcfg|henvcfg|menvcfg'
[05:24:45] [spechunter] [Grep] pattern='HENVCFG_STCE'
[05:24:45] [spechunter] [Read] /home/yzs/riscv/freebsd-src/sys/riscv/riscv/pmap.c
[05:24:47] [spechunter] [text] Prompt is too long
[05:24:55] [spechunter] [Grep] pattern='ADUE'
[05:24:55] [spechunter] [Grep] pattern='menvcfg_cfg'
[05:24:55] [spechunter] [Grep] pattern='PBMTE.*tlb_flush|tlb_flush.*PBMTE'
[05:24:55] [spechunter] [Grep] pattern='tlb_flush'
[05:24:55] [spechunter] [Grep] pattern='write_menvcfg'
[05:24:55] [spechunter] [Grep] pattern='write_henvcfg'
[05:24:55] [spechunter] [Grep] pattern='get_physical_address'
[05:24:55] [spechunter] [Grep] pattern='ADUE|adue'
[05:25:10] [spechunter] [text] Now let me search for the PTW A/D-bit update FSM logic that the agent couldn't complete.  
[05:25:10] [spechunter] [Grep] pattern='setDirty|setAccess|setA|setD|dirty|accessed|A_bit|D_bit|adBit|pteAF|pteD'
[05:25:10] [spechunter] [Grep] pattern='pageFault|page_fault|pf.*ad|pf.*access|pf.*dirty|af.*page|pf.*pte'
[05:25:10] [spechunter] [Grep] pattern='Svade|Svadu|hardware.*A.*D|HAD|hwAdUpdate|adUpdate'
[05:25:11] [spechunter] [Glob] locore.S
[05:25:11] [spechunter] [Grep] pattern='envcfg|hfence|vsatp|satp|sfence'
[05:25:11] [spechunter] [Grep] pattern='\\bcsr_write\\b'
[05:25:17] [spechunter] [Grep] pattern='write_menvcfg'
[05:25:17] [spechunter] [Grep] pattern='write_henvcfg'
[05:25:17] [spechunter] [Grep] pattern='get_physical_address'
[05:25:17] [spechunter] [Grep] pattern='ADUE|adue|A_UPDATE|A_UPDATE'
[05:25:18] [spechunter] [Grep] pattern='ADUE'
[05:25:18] [spechunter] [Grep] pattern='ADUE'
[05:25:18] [spechunter] [Grep] pattern='PBMTE'
[05:25:18] [spechunter] [Read] /home/yzs/riscv/qemu/target/riscv/csr.c
[05:25:18] [spechunter] [Read] /home/yzs/riscv/qemu/target/riscv/csr.c
[05:25:18] [spechunter] [Read] /home/yzs/riscv/qemu/target/riscv/cpu_helper.c
[05:25:19] [spechunter] [Read] /home/yzs/riscv/freebsd-src/sys/riscv/riscv/locore.S
[05:25:19] [spechunter] [Read] /home/yzs/riscv/freebsd-src/sys/riscv/riscv/locore.S
[05:25:19] [spechunter] [Grep] pattern='PCPU_GET.*hart|PCPU_SET.*curpmap|PCPU_GET.*curpmap'
[05:25:27] [spechunter] [TodoWrite] 8 items
[05:25:35] [spechunter] [Grep] pattern='static RISCVException write_menvcfg\\b'
[05:25:35] [spechunter] [Grep] pattern='static RISCVException write_menvcfg\\b|static RISCVException write_menvcfgh\\b|static RISCVException write_henvcfg\\b|static RISCVException write_henvcfgh\\b'
[05:25:35] [spechunter] [Read] /home/yzs/riscv/qemu/target/riscv/csr.c
[05:25:35] [spechunter] [Read] /home/yzs/riscv/qemu/target/riscv/csr.c
[05:25:35] [spechunter] [Read] /home/yzs/riscv/qemu/target/riscv/cpu_helper.c
[05:25:35] [spechunter] [Read] /home/yzs/riscv/qemu/target/riscv/csr.c
[05:25:35] [spechunter] [Read] /home/yzs/riscv/qemu/target/riscv/csr.c
[05:25:48] [spechunter] [text] Let me now read the critical source files for exact code context
[05:25:48] [spechunter] [Read] /home/yzs/riscv/XiangShan/src/main/scala/xiangshan/backend/fu/NewCSR/CSRBundles.scala
[05:25:48] [spechunter] [Read] /home/yzs/riscv/XiangShan/src/main/scala/xiangshan/backend/fu/NewCSR/MachineLevel.scala
[05:25:48] [spechunter] [Read] /home/yzs/riscv/XiangShan/src/main/scala/xiangshan/backend/fu/NewCSR/HypervisorLevel.scala
[05:25:54] [spechunter] [Read] /home/yzs/riscv/qemu/target/riscv/csr.c
[05:25:54] [spechunter] [Read] /home/yzs/riscv/qemu/target/riscv/csr.c
[05:25:54] [spechunter] [Read] /home/yzs/riscv/qemu/target/riscv/csr.c
[05:25:54] [spechunter] [Read] /home/yzs/riscv/qemu/target/riscv/csr.c
[05:26:01] [spechunter] [Read] /home/yzs/riscv/qemu/target/riscv/cpu_helper.c
[05:26:01] [spechunter] [Grep] pattern='tlb_flush|tb_flush'
[05:26:01] [spechunter] [Grep] pattern='tlb_flush|tb_flush'
[05:26:05] [spechunter] [text] Now let me read the critical flush/invalidation paths and TLB connections
[05:26:05] [spechunter] [Read] /home/yzs/riscv/XiangShan/src/main/scala/xiangshan/backend/fu/NewCSR/NewCSR.scala
[05:26:05] [spechunter] [Read] /home/yzs/riscv/XiangShan/src/main/scala/xiangshan/backend/fu/NewCSR/NewCSR.scala
[05:26:05] [spechunter] [Read] /home/yzs/riscv/XiangShan/src/main/scala/xiangshan/cache/mmu/TLB.scala
[05:26:05] [spechunter] [Read] /home/yzs/riscv/XiangShan/src/main/scala/xiangshan/cache/mmu/PageTableWalker.scala
[05:26:14] [spechunter] [Grep] pattern='ADUE'
[05:26:14] [spechunter] [Grep] pattern='ADUE'
[05:26:14] [spechunter] [Grep] pattern='ext_svadu'
[05:26:14] [spechunter] [Grep] pattern='static RISCVException read_menvcfg\\b'
[05:26:22] [spechunter] [Read] /home/yzs/riscv/XiangShan/src/main/scala/xiangshan/cache/mmu/TLBStorage.scala
[05:26:22] [spechunter] [Read] /home/yzs/riscv/XiangShan/src/main/scala/xiangshan/cache/mmu/L2TLB.scala
[05:26:22] [spechunter] [Read] /home/yzs/riscv/XiangShan/src/main/scala/xiangshan/cache/mmu/PageTableWalker.scala
[05:26:22] [spechunter] [Read] /home/yzs/riscv/XiangShan/src/main/scala/xiangshan/cache/mmu/PageTableWalker.scala
[05:26:23] [spechunter] [Read] /home/yzs/riscv/qemu/target/riscv/cpu_helper.c
[05:26:27] [spechunter] [Read] /home/yzs/riscv/qemu/target/riscv/csr.c
[05:26:27] [spechunter] [Read] /home/yzs/riscv/qemu/target/riscv/csr.c
[05:26:27] [spechunter] [Read] /home/yzs/riscv/qemu/target/riscv/cpu_helper.c
[05:26:30] [spechunter] [text] Let me verify a few of the locations to make accurate judgments
[05:26:30] [spechunter] [Read] /home/yzs/riscv/linux/arch/riscv/include/asm/csr.h
[05:26:30] [spechunter] [Read] /home/yzs/riscv/linux/arch/riscv/include/asm/csr.h
[05:26:30] [spechunter] [Read] /home/yzs/riscv/linux/arch/riscv/kvm/vcpu.c
[05:26:30] [spechunter] [Read] /home/yzs/riscv/linux/arch/riscv/include/asm/pgtable.h
[05:26:38] [spechunter] [text] Now let me look at the Fence unit and PtwCache invalidation
[05:26:38] [spechunter] [Read] /home/yzs/riscv/XiangShan/src/main/scala/xiangshan/backend/fu/Fence.scala
[05:26:38] [spechunter] [Read] /home/yzs/riscv/XiangShan/src/main/scala/xiangshan/cache/mmu/PageTableCache.scala
[05:26:38] [spechunter] [Read] /home/yzs/riscv/XiangShan/src/main/scala/xiangshan/cache/mmu/PageTableCache.scala
[05:26:48] [spechunter] [Read] /home/yzs/riscv/XiangShan/src/main/scala/xiangshan/Bundle.scala
[05:26:48] [spechunter] [Grep] pattern='ADUE|adue'
[05:27:05] [spechunter] [text] Now let me verify the exact locations by reading the key files.  
[05:27:05] [spechunter] [Read] /home/yzs/riscv/freebsd-src/sys/riscv/vmm/vmm_riscv.c
[05:27:05] [spechunter] [Read] /home/yzs/riscv/freebsd-src/sys/riscv/vmm/vmm_riscv.c
[05:27:05] [spechunter] [Read] /home/yzs/riscv/freebsd-src/sys/riscv/vmm/vmm_fence.c
[05:27:11] [spechunter] [Read] /home/yzs/riscv/freebsd-src/sys/riscv/vmm/vmm_switch.S
[05:27:11] [spechunter] [Read] /home/yzs/riscv/freebsd-src/sys/riscv/vmm/vmm_fence.h
[05:27:11] [spechunter] [Read] /home/yzs/riscv/freebsd-src/sys/riscv/include/riscvreg.h
[05:27:29] [spechunter] [text] Let me check a few more files to complete the picture.  
[05:27:29] [spechunter] [Grep] pattern='struct vmm_fence \\{'
[05:27:29] [spechunter] [Read] /home/yzs/riscv/freebsd-src/sys/riscv/vmm/riscv.h
[05:27:29] [spechunter] [Grep] pattern='hfence_gvma|hfence_vvma'
[05:27:49] [spechunter] [TodoWrite] 8 items
[05:27:59] [spechunter] [text] Now let me verify the pmap and trap A/D handling to understand the full semantic picture.  
[05:27:59] [spechunter] [Grep] pattern='ADUE|PTE_A|PTE_D|pmap_fault|pmap_store_bits|pmap_clear_bits'
[05:27:59] [spechunter] [Grep] pattern='senvcfg|menvcfg'
[05:27:59] [spechunter] [Read] /home/yzs/riscv/freebsd-src/sys/riscv/riscv/trap.c
[05:28:17] [spechunter] [Read] /home/yzs/riscv/freebsd-src/sys/riscv/riscv/pmap.c
[05:28:17] [spechunter] [Read] /home/yzs/riscv/freebsd-src/sys/riscv/riscv/pmap.c
[05:28:17] [spechunter] [Read] /home/yzs/riscv/freebsd-src/sys/riscv/vmm/vmm_riscv.c
[05:28:29] [spechunter] [text] Let me verify a few more locations to make accurate judgments.  
[05:28:29] [spechunter] [Read] /home/yzs/riscv/linux/arch/riscv/include/asm/csr.h
[05:28:29] [spechunter] [Read] /home/yzs/riscv/linux/arch/riscv/include/asm/csr.h
[05:28:29] [spechunter] [Read] /home/yzs/riscv/linux/arch/riscv/kernel/suspend.c
[05:28:29] [spechunter] [Read] /home/yzs/riscv/linux/arch/riscv/include/asm/switch_to.h
[05:28:31] [spechunter] [Read] /home/yzs/riscv/qemu/target/riscv/csr.c
[05:28:31] [spechunter] [Read] /home/yzs/riscv/qemu/target/riscv/csr.c
[05:28:31] [spechunter] [Read] /home/yzs/riscv/qemu/target/riscv/cpu_helper.c
[05:28:31] [spechunter] [Read] /home/yzs/riscv/qemu/target/riscv/cpu_helper.c
[05:28:40] [spechunter] [text] Let me also check the RV32 variants and the spec reference for ADUE synchronization requirements
[05:28:40] [spechunter] [Read] /home/yzs/riscv/qemu/target/riscv/csr.c
[05:28:40] [spechunter] [Read] /home/yzs/riscv/qemu/target/riscv/csr.c
[05:28:40] [spechunter] [Agent] description, prompt
[05:28:53] [spechunter] [Grep] pattern='ADUE|Svadu'
[05:28:53] [spechunter] [Grep] pattern='adue'
[05:28:53] [spechunter] [Glob] **/*.adoc
[05:29:14] [spechunter] [Read] /home/yzs/riscv/rv-isa-sec/spec_ref/riscv-isa-manual/src/priv/svadu.adoc
[05:29:14] [spechunter] [Read] /home/yzs/riscv/rv-isa-sec/spec_ref/riscv-isa-manual/src/priv/machine.adoc
[05:29:14] [spechunter] [Read] /home/yzs/riscv/rv-isa-sec/spec_ref/riscv-isa-manual/src/priv/hypervisor.adoc
[05:29:14] [spechunter] [Read] /home/yzs/riscv/rv-isa-sec/spec_ref/riscv-isa-manual/src/priv/hypervisor.adoc
[05:29:14] [spechunter] [Read] /home/yzs/riscv/rv-isa-sec/spec_ref/riscv-isa-manual/src/priv/supervisor.adoc
[05:29:31] [spechunter] [text] Now let me verify the remaining locations.  
[05:29:31] [spechunter] [Read] /home/yzs/riscv/linux/arch/riscv/kvm/vcpu_onereg.c
[05:29:31] [spechunter] [Read] /home/yzs/riscv/linux/arch/riscv/kvm/vcpu_onereg.c
[05:29:31] [spechunter] [Read] /home/yzs/riscv/linux/arch/riscv/kernel/cpufeature.c
[05:29:31] [spechunter] [Read] /home/yzs/riscv/linux/tools/arch/riscv/include/asm/csr.h
[05:29:36] [spechunter] [Grep] pattern='svadu|ADUE|adue'
[05:29:36] [spechunter] [Read] /home/yzs/riscv/rv-isa-sec/spec_ref/riscv-cheri/src/supervisor.adoc
[05:29:36] [spechunter] [Read] /home/yzs/riscv/rv-isa-sec/spec_ref/riscv-cheri/src/hypervisor.adoc
[05:29:36] [spechunter] [Read] /home/yzs/riscv/rv-isa-sec/spec_ref/riscv-cheri/src/machine.adoc
[05:29:36] [spechunter] [Read] /home/yzs/riscv/rv-isa-sec/spec_ref/riscv-isa-manual/src/priv/supervisor.adoc
[05:29:43] [spechunter] [text] Now I have all the data to compile the findings.  
[05:29:43] [spechunter] [Write] /home/yzs/riscv/XiangShan/menvcfg_adue_invalidation_findings.json
[05:29:48] [spechunter] [text] 现在我有完整的审计信息。让我以所需的 JSON 格式输出。  
[05:29:48] [spechunter] [Write] /home/yzs/riscv/freebsd-src/henvcfg_adue_synchronization_audit.json
[05:29:53] [spechunter] [Read] /home/yzs/riscv/rv-isa-sec/spec_ref/riscv-isa-manual/normative_rule_defs/machine.yaml
[05:29:53] [spechunter] [Read] /home/yzs/riscv/rv-isa-sec/spec_ref/riscv-isa-manual/normative_rule_defs/supervisor.yaml
[05:29:53] [spechunter] [Read] /home/yzs/riscv/rv-isa-sec/spec_ref/riscv-isa-manual/normative_rule_defs/hypervisor.yaml
[05:29:53] [spechunter] [Read] /home/yzs/riscv/rv-isa-sec/spec_ref/riscv-isa-manual/src/priv/priv-preface.adoc
[05:29:53] [spechunter] [Read] /home/yzs/riscv/rv-isa-sec/spec_ref/riscv-cheri/src/priv-preface.adoc
[05:29:57] [spechunter] [TodoWrite] 8 items
[05:30:01] [spechunter] [text] 审计已完成并保存至 `henvcfg_adue_synchronization_audit.json`。以下是摘要：  ### 核心发现  **直接违规** — `vmm_riscv.c:632`：`csr_write(henvcfg, H...
[05:30:09] [spechunter] [Read] /home/yzs/riscv/rv-isa-sec/spec_ref/riscv-isa-manual/src/priv/preface.adoc
[05:30:09] [spechunter] [Read] /home/yzs/riscv/rv-isa-sec/spec_ref/riscv-cheri/src/hypervisor.adoc
[05:30:09] [spechunter] [Grep] pattern='A/D|access bit|dirty bit|translation'
[05:30:09] [spechunter] [Read] /home/yzs/riscv/rv-isa-sec/spec_ref/riscv-isa-manual/ref/riscv-spec-norm-tags.json
[05:30:12] [spechunter] [text] Report written to `menvcfg_adue_invalidation_findings.json`.  **Summary of findings:**  **Current state:** ADUE is defin...
[05:30:35] [spechunter] [text] I'll cross-validate the fast-path locations against the actual code to ensure relevance to the PR context about `xenvcfg...
[05:30:35] [spechunter] [TodoWrite] 3 items
[05:30:45] [spechunter] [text] Now let me verify the remaining locations for PMM/SSE-only writes
[05:30:45] [spechunter] [Read] /home/yzs/riscv/linux/arch/riscv/kernel/usercfi.c
[05:30:45] [spechunter] [Read] /home/yzs/riscv/linux/arch/riscv/kernel/process.c
[05:30:45] [spechunter] [Read] /home/yzs/riscv/linux/arch/riscv/kernel/process.c
[05:30:52] [spechunter] [Read] /home/yzs/riscv/XiangShan/src/main/scala/xiangshan/backend/fu/NewCSR/CSRBundles.scala
[05:30:52] [spechunter] [Read] /home/yzs/riscv/XiangShan/src/main/scala/xiangshan/backend/fu/NewCSR/MachineLevel.scala
[05:30:52] [spechunter] [Read] /home/yzs/riscv/XiangShan/src/main/scala/xiangshan/backend/fu/NewCSR/HypervisorLevel.scala
[05:30:52] [spechunter] [Read] /home/yzs/riscv/XiangShan/src/main/scala/xiangshan/backend/fu/NewCSR/HypervisorLevel.scala
[05:31:01] [spechunter] [text] Now let me check the existing fix on the current branch and read the spec references more precisely.  
[05:31:01] [spechunter] [Bash] Check recent commits on fix-scountinhibit-cde branch
[05:31:01] [spechunter] [Read] /home/yzs/riscv/rv-isa-sec/spec_ref/riscv-isa-manual/src/priv/machine.adoc
[05:31:01] [spechunter] [Read] /home/yzs/riscv/rv-isa-sec/spec_ref/riscv-isa-manual/src/priv/hypervisor.adoc
[05:31:28] [spechunter] [Read] /home/yzs/riscv/XiangShan/src/main/scala/xiangshan/backend/fu/NewCSR/NewCSR.scala
[05:31:28] [spechunter] [Read] /home/yzs/riscv/XiangShan/src/main/scala/xiangshan/backend/fu/NewCSR/NewCSR.scala
[05:31:28] [spechunter] [Read] /home/yzs/riscv/XiangShan/src/main/scala/xiangshan/Bundle.scala
[05:31:33] [spechunter] [text] ## Cross-Validation Analysis  **PR core requirement**: Changing `xenvcfg.ADUE` (and `PBMTE`) bits requires software TLB ...
[05:31:42] [spechunter] [Read] /home/yzs/riscv/XiangShan/src/main/scala/xiangshan/cache/mmu/TLB.scala
[05:31:42] [spechunter] [Read] /home/yzs/riscv/XiangShan/src/main/scala/xiangshan/cache/mmu/TLB.scala
[05:31:42] [spechunter] [Read] /home/yzs/riscv/XiangShan/src/main/scala/xiangshan/cache/mmu/TLB.scala
[05:31:42] [spechunter] [Read] /home/yzs/riscv/XiangShan/src/main/scala/xiangshan/cache/mmu/TLB.scala
[05:31:42] [spechunter] [Grep] pattern='#define CSR_ENVCFG\\b'
[05:31:42] [spechunter] [Grep] pattern='#define CSR_SENVCFG\\b'
[05:31:53] [spechunter] [Grep] pattern='henvcfg'
[05:31:53] [spechunter] [Glob] **/vmm_riscv.c
[05:31:53] [spechunter] [Glob] **/riscv/vmm/**
[05:31:55] [spechunter] [Grep] pattern='ENVCFG_ADUE'
[05:31:55] [spechunter] [Grep] pattern='ENVCFG_PBMTE'
[05:31:56] [spechunter] [Read] /home/yzs/riscv/XiangShan/src/main/scala/xiangshan/backend/fu/NewCSR/MachineLevel.scala
[05:31:56] [spechunter] [Read] /home/yzs/riscv/XiangShan/src/main/scala/xiangshan/cache/mmu/PageTableWalker.scala
[05:31:56] [spechunter] [Read] /home/yzs/riscv/XiangShan/src/main/scala/xiangshan/cache/mmu/L2TLB.scala
[05:31:56] [spechunter] [Read] /home/yzs/riscv/XiangShan/src/main/scala/xiangshan/cache/mmu/TLBStorage.scala
[05:32:02] [spechunter] [Read] /home/yzs/riscv/freebsd-src/sys/riscv/vmm/vmm_riscv.c
[05:32:02] [spechunter] [Read] /home/yzs/riscv/freebsd-src/sys/riscv/vmm/vmm_riscv.c
[05:32:04] [spechunter] [Read] /home/yzs/riscv/XiangShan/src/main/scala/xiangshan/cache/mmu/TLBStorage.scala
[05:32:04] [spechunter] [Read] /home/yzs/riscv/XiangShan/src/main/scala/xiangshan/cache/mmu/PageTableWalker.scala
[05:32:04] [spechunter] [Read] /home/yzs/riscv/XiangShan/src/main/scala/xiangshan/cache/mmu/MMUBundle.scala
[05:32:04] [spechunter] [Read] /home/yzs/riscv/XiangShan/src/main/scala/xiangshan/cache/mmu/MMUBundle.scala
[05:32:16] [spechunter] [TodoWrite] 3 items
[05:32:23] [spechunter] [Read] /home/yzs/riscv/freebsd-src/sys/riscv/vmm/vmm_switch.S
[05:32:23] [spechunter] [Read] /home/yzs/riscv/freebsd-src/sys/riscv/vmm/vmm_riscv.c
[05:32:23] [spechunter] [Grep] pattern='ADUE|Svadu|HENVCFG_ADUE'
[05:32:25] [spechunter] [Read] /home/yzs/riscv/XiangShan/src/main/scala/xiangshan/cache/mmu/MMUBundle.scala
[05:32:25] [spechunter] [Read] /home/yzs/riscv/XiangShan/src/main/scala/xiangshan/cache/mmu/PageTableWalker.scala
[05:32:25] [spechunter] [Read] /home/yzs/riscv/XiangShan/src/main/scala/xiangshan/cache/mmu/PageTableWalker.scala
[05:32:25] [spechunter] [Read] /home/yzs/riscv/XiangShan/src/main/scala/xiangshan/cache/mmu/PageTableWalker.scala
[05:32:35] [spechunter] [text] Now let me check for menvcfg.ADUE write sites (initial setup in M-mode firmware path) and verify whether senvcfg.ADUE is...
[05:32:35] [spechunter] [Grep] pattern='ENVCFG_ADUE'
[05:32:35] [spechunter] [Grep] pattern='CSR_MENVCFG|CSR_SENVCFG'
[05:32:36] [spechunter] [text] Let me verify the remaining locations
[05:32:36] [spechunter] [Read] /home/yzs/riscv/XiangShan/src/main/scala/xiangshan/backend/fu/NewCSR/NewCSR.scala
[05:32:36] [spechunter] [Read] /home/yzs/riscv/XiangShan/src/main/scala/xiangshan/backend/fu/Fence.scala
[05:32:36] [spechunter] [Read] /home/yzs/riscv/XiangShan/src/main/scala/xiangshan/backend/fu/NewCSR/VirtualSupervisorLevel.scala
[05:32:36] [spechunter] [Read] /home/yzs/riscv/XiangShan/src/main/scala/xiangshan/cache/mmu/MMUBundle.scala
[05:32:41] [spechunter] [text] Now let me also check how QEMU's SFENCE.VMA handles TLB flushing, and verify the MXR pattern for comparison.  
[05:32:41] [spechunter] [Grep] pattern='tlb_flush.*MXR|MXR.*tlb_flush|mxr_changed|mstatus.*tlb_flush'
[05:32:41] [spechunter] [Grep] pattern='tlb_flush|tb_flush'
[05:32:47] [spechunter] [text] Let me check the spec references and FreeBSD's HENVCFG definitions.  
[05:32:47] [spechunter] [Grep] pattern='HENVCFG'
[05:32:47] [spechunter] [Glob] **/spec_ref/**
[05:32:57] [spechunter] [Grep] pattern='ADUE'
[05:32:57] [spechunter] [Grep] pattern='henvcfg.*ADUE|ADUE.*henvcfg'
[05:33:03] [spechunter] [text] Let me verify the MXR pattern for comparison, and also check SFENCE.VMA handler to see if it does flush properly for thi...
[05:33:03] [spechunter] [Read] /home/yzs/riscv/qemu/target/riscv/csr.c
[05:33:03] [spechunter] [Grep] pattern='write_sfence_vma|helper_sfence_vma'
[05:33:03] [spechunter] [Read] /home/yzs/riscv/rv-isa-sec/spec_ref/riscv-isa-manual/src/priv/hypervisor.adoc
[05:33:03] [spechunter] [Read] /home/yzs/riscv/rv-isa-sec/spec_ref/riscv-isa-manual/src/priv/hypervisor.adoc
[05:33:03] [spechunter] [Read] /home/yzs/riscv/rv-isa-sec/spec_ref/riscv-isa-manual/src/priv/machine.adoc
[05:33:08] [spechunter] [Grep] pattern='sfence_vma|SFENCE_VMA'
[05:33:14] [spechunter] [TodoWrite] 3 items
[05:33:21] [spechunter] [text] Now let me check if there's any vsatp management in the vmmops_run flow and verify the full context.  
[05:33:21] [spechunter] [Grep] pattern='vsatp|csr_write.*satp'
[05:33:21] [spechunter] [Grep] pattern='hfence_vvma|HFENCE_VVMA|hfence.vvma'
[05:33:21] [spechunter] [Grep] pattern='has_sstc'
[05:33:24] [spechunter] [Grep] pattern='sfence_vma|trans_sfence'
[05:33:25] [spechunter] [Grep] pattern='vmmops_vcpu_restore_csrs'
[05:33:31] [spechunter] [Read] /home/yzs/riscv/freebsd-src/sys/riscv/vmm/vmm_riscv.c
[05:33:36] [spechunter] [text] Let me also look at the hfence_gvma function and check for any existing ADUE constant definitions
[05:33:36] [spechunter] [Read] /home/yzs/riscv/freebsd-src/sys/riscv/vmm/vmm_fence.c
[05:33:36] [spechunter] [Read] /home/yzs/riscv/freebsd-src/sys/riscv/include/riscvreg.h
[05:33:36] [spechunter] [text] Now I have all the data needed for a thorough review. Let me produce the final cross-validated location set.  ```json { ...
[05:33:56] [spechunter] [text] Now let me also look at the relevant hypervisor fence spec lines more carefully and check for ADUE bit position.  
[05:33:56] [spechunter] [Read] /home/yzs/riscv/rv-isa-sec/spec_ref/riscv-isa-manual/src/priv/hypervisor.adoc
[05:33:56] [spechunter] [Read] /home/yzs/riscv/rv-isa-sec/spec_ref/riscv-isa-manual/src/priv/svadu.adoc
[05:34:01] [spechunter] [text] I need to search the kernel codebase for the vulnerability patterns since no specific code locations were provided (all ...
[05:34:01] [spechunter] [Agent] description, subagent_type
[05:34:01] [spechunter] [Agent] description, subagent_type
[05:34:17] [spechunter] [Grep] pattern='CSR_MENVCFG'
[05:34:18] [spechunter] [Bash] List top-level structure of spec_ref directory
[05:34:18] [spechunter] [Glob] **/*
[05:34:22] [spechunter] [Grep] pattern='csr_write.*CSR_HENVCFG'
[05:34:28] [spechunter] [Grep] pattern='csr_set\\(CSR_HENVCFG'
[05:34:32] [spechunter] [text] Let me read the CSR wrapper file for completeness.  
[05:34:32] [spechunter] [Read] /home/yzs/riscv/XiangShan/src/main/scala/xiangshan/backend/fu/wrapper/CSR.scala
[05:34:32] [spechunter] [Grep] pattern='class NewCSR'
[05:34:40] [spechunter] [Grep] pattern='ADUE'
[05:34:40] [spechunter] [Grep] pattern='xenvcfg'
[05:34:40] [spechunter] [Grep] pattern='menvcfg'
[05:34:40] [spechunter] [Grep] pattern='henvcfg'
[05:34:41] [spechunter] [Grep] pattern='csr_read_clear\\(CSR_HENVCFG'
[05:34:46] [spechunter] [Grep] pattern='csr_write.*ENVCFG'
[05:34:47] [spechunter] [text] Now let me check the migration state for menvcfg/henvcfg and also verify the RV32 write functions (write_menvcfgh, write...
[05:34:47] [spechunter] [Grep] pattern='menvcfg|henvcfg'
[05:34:47] [spechunter] [Read] /home/yzs/riscv/qemu/target/riscv/cpu_helper.c
[05:34:50] [spechunter] [text] Now I have a complete picture. Let me also quickly check what the henvcfg ADUE bit position should be, and verify the cu...
[05:34:50] [spechunter] [Read] /home/yzs/riscv/freebsd-src/sys/riscv/vmm/vmm_riscv.c
[05:35:05] [spechunter] [Grep] pattern='ADUE'
[05:35:11] [spechunter] [Grep] pattern='SFENCE\\.VMA'
[05:35:11] [spechunter] [Grep] pattern='HFENCE\\.(VVMA|GVMA)'
[05:35:11] [spechunter] [Read] /home/yzs/riscv/rv-isa-sec/spec_ref/riscv-isa-manual/src/priv/machine.adoc
[05:35:11] [spechunter] [Read] /home/yzs/riscv/rv-isa-sec/spec_ref/riscv-isa-manual/src/priv/hypervisor.adoc
[05:35:11] [spechunter] [Read] /home/yzs/riscv/rv-isa-sec/spec_ref/riscv-isa-manual/src/priv/hypervisor.adoc
[05:35:19] [spechunter] [Read] /home/yzs/riscv/rv-isa-sec/spec_ref/riscv-isa-manual/src/priv/svadu.adoc
[05:35:19] [spechunter] [Read] /home/yzs/riscv/rv-isa-sec/spec_ref/riscv-cheri/src/machine.adoc
[05:35:19] [spechunter] [Read] /home/yzs/riscv/rv-isa-sec/spec_ref/riscv-cheri/src/hypervisor.adoc
[05:35:19] [spechunter] [Read] /home/yzs/riscv/rv-isa-sec/spec_ref/riscv-cheri/src/hypervisor.adoc
[05:35:29] [spechunter] [Grep] pattern='ADUE'
[05:35:29] [spechunter] [Grep] pattern='ADUE'
[05:35:34] [spechunter] [Grep] pattern='csr_write.*CSR_MENVCFG'
[05:35:42] [spechunter] [text] Now I have all the information needed. Let me finalize the cross-validation
[05:35:42] [spechunter] [TodoWrite] 3 items
[05:35:45] [spechunter] [Grep] pattern='envcfg_update_bits'
[05:35:48] [spechunter] [text] Now I have all the information needed. Let me produce the complete analysis.  
[05:35:48] [spechunter] [Read] /home/yzs/riscv/qemu/target/riscv/machine.c
[05:35:53] [spechunter] [text] Now let me check whether menvcfg.ADUE is handled anywhere.  
[05:35:53] [spechunter] [Grep] pattern='menvcfg'
[05:35:53] [spechunter] [Grep] pattern='MENVCFG'
[05:36:02] [spechunter] [Grep] pattern='envcfg_update_bits'
[05:36:06] [spechunter] [Read] /home/yzs/riscv/linux/arch/riscv/include/asm/switch_to.h
[05:36:20] [spechunter] [Grep] pattern='henvcfg|HENVCFG|envcfg|ENVCFG|ADUE|SFENCE|HFENCE'
[05:36:33] [spechunter] [text] Now I have all the information needed. Let me read the existing audit file to understand the expected format, then produ...
[05:36:33] [spechunter] [Read] /home/yzs/riscv/freebsd-src/henvcfg_adue_synchronization_audit.json
[05:36:34] [spechunter] [Grep] pattern='kvm_riscv_hfence_vvma_all_process|kvm_riscv_hfence_process|HFENCE_GVMA|HFENCE_VVMA'
[05:36:39] [spechunter] [Grep] pattern='SFENCE\\.VMA.*envcfg|envcfg.*SFENCE\\.VMA|sfence_vma.*envcfg|envcfg.*sfence'
[05:36:44] [spechunter] [Grep] pattern='csr_write_num.*ENVCFG|ENVCFG.*csr_write_num'
[05:36:48] [spechunter] [Grep] pattern='csr_read.*ENVCFG|ENVCFG.*csr_read'
[05:36:53] [spechunter] [Grep] pattern='ENVCFG|envcfg|ADUE|henvcfg'
[05:36:54] [spechunter] [text] Now I have a thorough understanding of all the code and spec. Let me check the hfence definitions one more time to confi...
[05:36:54] [spechunter] [Grep] pattern='hfence'
[05:36:54] [spechunter] [Grep] pattern='ADUE|adue'
[05:37:10] [spechunter] [Grep] pattern='ENVCFG|envcfg|menvcfg|henvcfg'
[05:37:13] [spechunter] [text] Now I have all the verified code. Let me produce the final cross-validated output.  ```json {   "locations": [     {    ...
[05:37:15] [spechunter] [Grep] pattern='0x30a|0x31a|0x10a|0x11a'
[05:37:19] [spechunter] [text] Now I have all the information needed. Let me produce the final audit
[05:37:19] [spechunter] [Read] /home/yzs/riscv/freebsd-src/sys/riscv/vmm/vmm_riscv.c
[05:37:19] [spechunter] [Grep] pattern='0x30a|0x31a|0x10a|0x11a'
[05:37:32] [spechunter] [TodoWrite] 7 items
[05:37:35] [spechunter] [Grep] pattern='csr_set\\(CSR_ENVCFG|csr_clear\\(CSR_ENVCFG'
[05:37:47] [spechunter] [Read] /home/yzs/riscv/linux/arch/riscv/kvm/vcpu.c
[05:37:53] [spechunter] [Grep] pattern='arch_has_hw_pte_young'
[05:37:57] [spechunter] [Grep] pattern='SFENCE\\.VMA'
[05:37:59] [spechunter] [Agent] description, subagent_type
[05:37:59] [spechunter] [Agent] description, subagent_type
[05:37:59] [spechunter] [Agent] description, subagent_type
[05:38:01] [spechunter] [Grep] pattern='sfence\\.vma'
[05:38:03] [spechunter] [text] Now I have all the information needed. Let me produce the complete audit.  ```json {   "findings": [     {       "file_p...
[05:38:15] [spechunter] [Read] /home/yzs/riscv/linux/arch/riscv/include/asm/csr.h
[05:38:19] [spechunter] [Grep] pattern='menvcfg'
[05:38:19] [spechunter] [Grep] pattern='henvcfg'
[05:38:19] [spechunter] [Grep] pattern='ADUE'
[05:38:19] [spechunter] [Glob] **/src/main/scala/**/*CSR*
[05:38:19] [spechunter] [Glob] **/src/main/scala/**/*Env*
[05:38:24] [spechunter] [Grep] pattern='SFENCE|sfence|HFENCE|hfence'
[05:38:25] [spechunter] [Grep] pattern='ADUE|adue|Adue'
[05:38:25] [spechunter] [Grep] pattern='menvcfg|henvcfg|MenVcfg|Henvcfg|envcfg|Envcfg'
[05:38:25] [spechunter] [Grep] pattern='SFENCE|sfence|HFENCE|hfence|[Ss]fence\\.VMA|[Hh]fence'
[05:38:25] [spechunter] [Grep] pattern='PTE|pte|page.table.entry|Accessed|Dirty|<C2><A6>|PTW|Ptw|ptw'
[05:38:27] [spechunter] [Glob] **/*PTW*
[05:38:27] [spechunter] [Glob] **/*PageTable*
[05:38:27] [spechunter] [Glob] **/*Ptw*
[05:38:27] [spechunter] [Glob] **/*TLB*
[05:38:27] [spechunter] [Grep] pattern='Svade|svade|SVADE'
[05:38:27] [spechunter] [Grep] pattern='\\bade\\b'
[05:38:27] [spechunter] [Grep] pattern='a\\.bit|d\\.bit|access|dirty|PTE.*A|PTE.*D|A.*bit.*PTE|D.*bit.*PTE'
[05:38:27] [spechunter] [Grep] pattern='page.fault|page_fault|PageFault|pageFault'
[05:38:29] [spechunter] [Read] /home/yzs/riscv/linux/arch/riscv/kvm/vcpu.c
[05:38:35] [spechunter] [text] Here's the complete audit:  ```json {   "findings": [     {       "file_path": "sys/riscv/vmm/vmm_riscv.c",       "funct...
[05:38:35] [spechunter] [Read] /home/yzs/riscv/XiangShan/src/main/scala/xiangshan/backend/fu/NewCSR/MachineLevel.scala
[05:38:35] [spechunter] [Read] /home/yzs/riscv/XiangShan/src/main/scala/xiangshan/backend/fu/NewCSR/HypervisorLevel.scala
[05:38:35] [spechunter] [Read] /home/yzs/riscv/XiangShan/src/main/scala/xiangshan/backend/fu/NewCSR/CSRBundles.scala
[05:38:35] [spechunter] [Read] /home/yzs/riscv/XiangShan/src/main/scala/xiangshan/backend/fu/NewCSR/NewCSR.scala
[05:38:35] [spechunter] [Read] /home/yzs/riscv/XiangShan/src/main/scala/xiangshan/backend/decode/isa/CSRs.scala
[05:38:53] [spechunter] [Grep] pattern='af|af-bit|afBit|accessFault|access_fault|accessed.*bit|dirty.*bit|adBit|AD.|setAD|atomic.*set|af\\.|pf\\.'
[05:38:53] [spechunter] [Grep] pattern='Svade|svade|SVADE|menvcfg|adue|ADUE|ADUE'
[05:38:53] [spechunter] [Read] /home/yzs/riscv/XiangShan/src/main/scala/xiangshan/cache/mmu/PageTableWalker.scala
[05:38:53] [spechunter] [Read] /home/yzs/riscv/XiangShan/src/main/scala/xiangshan/cache/mmu/TLB.scala
[05:38:54] [spechunter] [Read] /home/yzs/riscv/linux/arch/riscv/kvm/vcpu_sbi_fwft.c
[05:38:55] [spechunter] [Grep] pattern='ADUE|adue|Adue'
[05:38:55] [spechunter] [Grep] pattern='menvcfg|henvcfg|MenVcfg|Henvcfg|Envcfg|envcfg'
[05:38:55] [spechunter] [Grep] pattern='SFENCE|sfence|HFENCE|hfence|flush.*tlb|tlb.*flush|invalidate|Invalidate'
[05:38:55] [spechunter] [Grep] pattern='SFENCE|sfence|HFENCE|hfence|flush.*tlb|tlb.*flush|invalidate|Invalidate'
[05:38:57] [spechunter] [Read] /home/yzs/riscv/linux/arch/riscv/kernel/suspend.c
[05:39:02] [spechunter] [Grep] pattern='flushPipe|flush_pipe|flush.*envcfg|envcfg.*flush|invalidate.*envcfg|envcfg.*invalidate'
[05:39:02] [spechunter] [Read] /home/yzs/riscv/XiangShan/src/main/scala/xiangshan/backend/fu/NewCSR/CSRFields.scala
[05:39:02] [spechunter] [Grep] pattern='menvcfg|henvcfg'
[05:39:02] [spechunter] [Grep] pattern='ADUE|adu|Adue|hasADUE'
[05:39:14] [spechunter] [Grep] pattern='senvcfg|SENVCFG'
[05:39:18] [spechunter] [Read] /home/yzs/.claude/projects/-home-yzs-riscv-XiangShan/b8df0567-8a19-4222-9f4e-c93c115c6ca4/tool-results/call_190070ad8a10444d849f690b.txt
[05:39:18] [spechunter] [Grep] pattern='ADUE|adue|hptwHasAde|hptw.*ade|isForVSnonLeaf|ade|s2xlate'
[05:39:18] [spechunter] [Grep] pattern='s_idle|s_mem|state|FSM|Walk|walk'
[05:39:18] [spechunter] [Grep] pattern='MMUBundle|PtwMerge|TlbException|L2TlbInner|HptwResp|PtwInfo|PtwResp'
[05:39:19] [spechunter] [Grep] pattern='general_get_csr|general_set_csr'
[05:39:21] [spechunter] [Read] /home/yzs/riscv/XiangShan/src/main/scala/xiangshan/backend/fu/NewCSR/CSRPermitModule.scala
[05:39:21] [spechunter] [Grep] pattern='senvcfg|Supervisor.*Env|Env.*Sup'
[05:39:21] [spechunter] [Grep] pattern='menvcfg|henvcfg|flush.*pipe|pipe.*flush|flushL2|l2.*flush.*cache|invalidateTLB|sfence|tlbshootdown'
[05:39:21] [spechunter] [Read] /home/yzs/riscv/XiangShan/src/main/scala/xiangshan/cache/mmu/TLB.scala
[05:39:33] [spechunter] [Read] /home/yzs/riscv/linux/tools/arch/riscv/include/asm/csr.h
[05:39:39] [spechunter] [Grep] pattern='senvcfg|SEnvCfg|class.*EnvCfg'
[05:39:39] [spechunter] [Grep] pattern='class.*EnvCfg|EnvCfg|ADUE|PBMTE|STCE|DTE|PMM|CBZE|CBCFE|CBIE|SSE|LPE|FIOM'
[05:39:39] [spechunter] [Read] /home/yzs/riscv/XiangShan/src/main/scala/xiangshan/backend/fu/NewCSR/CSRDefines.scala
[05:39:40] [spechunter] [Grep] pattern='isAf|isDirty|isAccess|\\.a\\b|\\.d\\b|_a |_d |val a = |val d ='
[05:39:40] [spechunter] [Grep] pattern='PermBundle|TlbPerm|\\.a\\b|\\.d\\b|val a|val d|isAf|isLeaf|isPf|canRefill|Access|Dirty'
[05:39:40] [spechunter] [Grep] pattern='\\.'
[05:39:40] [spechunter] [Read] /home/yzs/riscv/XiangShan/src/main/scala/xiangshan/Parameters.scala
[05:39:40] [spechunter] [Read] /home/yzs/riscv/XiangShan/src/main/scala/xiangshan/cache/mmu/MMUBundle.scala
[05:39:59] [spechunter] [Read] /home/yzs/riscv/XiangShan/menvcfg_adue_invalidation_findings.json
[05:39:59] [spechunter] [Read] /home/yzs/riscv/XiangShan/src/main/scala/xiangshan/backend/fu/NewCSR/CSRBundles.scala
[05:39:59] [spechunter] [Read] /home/yzs/riscv/XiangShan/src/main/scala/xiangshan/cache/mmu/MMUBundle.scala
[05:39:59] [spechunter] [Read] /home/yzs/riscv/XiangShan/src/main/scala/xiangshan/cache/mmu/L2TLB.scala
[05:40:07] [spechunter] [Read] /home/yzs/riscv/XiangShan/src/main/scala/xiangshan/backend/fu/NewCSR/CSRBundles.scala
[05:40:07] [spechunter] [Read] /home/yzs/riscv/XiangShan/src/main/scala/xiangshan/backend/fu/NewCSR/MachineLevel.scala
[05:40:07] [spechunter] [Read] /home/yzs/riscv/XiangShan/src/main/scala/xiangshan/backend/fu/NewCSR/HypervisorLevel.scala
[05:40:07] [spechunter] [Read] /home/yzs/riscv/XiangShan/src/main/scala/xiangshan/cache/mmu/TLB.scala
[05:40:07] [spechunter] [Read] /home/yzs/riscv/XiangShan/src/main/scala/xiangshan/cache/mmu/PageTableWalker.scala
[05:40:12] [spechunter] [Grep] pattern='CSR_SENVCFG'
[05:40:23] [spechunter] [Read] /home/yzs/riscv/XiangShan/src/main/scala/xiangshan/cache/mmu/L2TLB.scala
[05:40:23] [spechunter] [Read] /home/yzs/riscv/XiangShan/src/main/scala/xiangshan/cache/mmu/TLB.scala
[05:40:23] [spechunter] [Read] /home/yzs/riscv/XiangShan/src/main/scala/xiangshan/cache/mmu/L2TLB.scala
[05:40:23] [spechunter] [Read] /home/yzs/riscv/XiangShan/src/main/scala/xiangshan/backend/fu/NewCSR/MachineLevel.scala
[05:40:23] [spechunter] [Read] /home/yzs/riscv/XiangShan/src/main/scala/xiangshan/backend/fu/NewCSR/HypervisorLevel.scala
[05:40:23] [spechunter] [Read] /home/yzs/riscv/XiangShan/src/main/scala/xiangshan/cache/mmu/PageTableWalker.scala
[05:40:23] [spechunter] [Grep] pattern='PTE_AD_HW_UPDATING|ADUE|henvcfg'
[05:40:26] [spechunter] [Grep] pattern='isPf|page.fault|pagefault|PageFault|A\\.bit|D\\.bit|accessed|dirty|isLeaf|notFound'
[05:40:26] [spechunter] [Grep] pattern='flush|Flush|invalidate|Invalidate|valid|Valid'
[05:40:26] [spechunter] [Grep] pattern='flush|Flush|sfence|SFENCE|HFENCE|hfence|satp|vsatp|hgatp|changed|virt_changed'
[05:40:26] [spechunter] [Grep] pattern='flush|Flush|sfence|SFENCE|satp|vsatp|hgatp|changed|virt'
[05:40:34] [spechunter] [Read] /home/yzs/riscv/XiangShan/src/main/scala/xiangshan/cache/mmu/PageTableWalker.scala
[05:40:34] [spechunter] [Read] /home/yzs/riscv/XiangShan/src/main/scala/xiangshan/cache/mmu/PageTableWalker.scala
[05:40:34] [spechunter] [Read] /home/yzs/riscv/XiangShan/src/main/scala/xiangshan/cache/mmu/PageTableWalker.scala
[05:40:34] [spechunter] [Read] /home/yzs/riscv/XiangShan/src/main/scala/xiangshan/cache/mmu/PageTableWalker.scala
[05:40:34] [spechunter] [Read] /home/yzs/riscv/XiangShan/src/main/scala/xiangshan/cache/mmu/PageTableCache.scala
[05:40:34] [spechunter] [Read] /home/yzs/riscv/XiangShan/src/main/scala/xiangshan/cache/mmu/PageTableWalker.scala
[05:40:41] [spechunter] [Grep] pattern='PTE_AD_HW_UPDATING|pte_ad'
[05:40:44] [spechunter] [Read] /home/yzs/riscv/linux/arch/riscv/kvm/vcpu_sbi_fwft.c
[05:40:50] [spechunter] [Grep] pattern='kvm_sbi_fwft_set_.*updating|kvm_sbi_fwft_get_.*updating|pte.ad'
[05:41:05] [spechunter] [Read] /home/yzs/riscv/XiangShan/src/main/scala/xiangshan/cache/mmu/MMUBundle.scala
[05:41:05] [spechunter] [Grep] pattern='class PteBundle|def isPf|def isLeaf|def isAf|def isGpf|val A|val D|accessed|dirty|\\.a|\\.d'
[05:41:05] [spechunter] [Read] /home/yzs/riscv/XiangShan/src/main/scala/xiangshan/cache/mmu/PageTableWalker.scala
[05:41:05] [spechunter] [Read] /home/yzs/riscv/XiangShan/src/main/scala/xiangshan/cache/mmu/PageTableWalker.scala
[05:41:05] [spechunter] [Grep] pattern='TlbCsrBundle|tlb.*PBMTE|tlb.*ADUE|mPBMTE|hPBMTE|mADUE|hADUE|class.*CsrBundle'
[05:41:05] [spechunter] [Grep] pattern='resetSatp|DataChanged.*envcfg|DataChanged.*Envcfg'
[05:41:11] [spechunter] [Read] /home/yzs/riscv/linux/arch/riscv/kvm/vcpu_sbi_fwft.c
[05:41:24] [spechunter] [Grep] pattern='kvm_sbi_fwft.*pte_ad|SBI_FWFT_PTE_AD'
[05:41:28] [spechunter] [Grep] pattern='host_senvcfg'
[05:41:37] [spechunter] [Read] /home/yzs/riscv/XiangShan/src/main/scala/xiangshan/cache/mmu/TLBStorage.scala
[05:41:37] [spechunter] [Grep] pattern='flush_mmu|flush_pipe|hasS2xlate'
[05:41:37] [spechunter] [Grep] pattern='pmm|pbmte|PBMTE|pbmt|mPBMTE|hPBMTE'
[05:41:37] [spechunter] [Read] /home/yzs/riscv/XiangShan/src/main/scala/xiangshan/Bundle.scala
[05:41:48] [spechunter] [Grep] pattern='class TlbCsrBundle'
[05:41:48] [spechunter] [Grep] pattern='class PtePermBundle|val a|val d|class.*Perm'
[05:41:48] [spechunter] [Grep] pattern='class MEnvCfg|class HEnvCfg|class SEnvCfg'
[05:41:48] [spechunter] [Grep] pattern='SFENCE|sfence_VMA|SfenceVma|sfence_vma|illegalInst.*sfence'
[05:41:48] [spechunter] [Grep] pattern='Svadu|svadu|svade|Svade'
[05:41:48] [spechunter] [Read] /home/yzs/riscv/XiangShan/src/main/scala/xiangshan/cache/mmu/TLBStorage.scala
[05:42:04] [spechunter] [Read] /home/yzs/riscv/XiangShan/src/main/scala/xiangshan/cache/mmu/MMUBundle.scala
[05:42:04] [spechunter] [Grep] pattern='class PtePermBundle'
[05:42:04] [spechunter] [Grep] pattern='class PteBundle\\('
[05:42:04] [spechunter] [Read] /home/yzs/riscv/XiangShan/src/main/scala/xiangshan/backend/fu/NewCSR/NewCSR.scala
[05:42:04] [spechunter] [Grep] pattern='sfence|SFENCE|Sfence'
[05:42:04] [spechunter] [Grep] pattern='sfence|SFENCE|Sfence'
[05:42:16] [spechunter] [Read] /home/yzs/riscv/XiangShan/src/main/scala/xiangshan/cache/mmu/L2TLB.scala
[05:42:16] [spechunter] [Read] /home/yzs/riscv/XiangShan/src/main/scala/xiangshan/cache/mmu/PageTableWalker.scala
[05:42:16] [spechunter] [Read] /home/yzs/riscv/XiangShan/src/main/scala/xiangshan/cache/mmu/TLBStorage.scala
[05:42:16] [spechunter] [Read] /home/yzs/riscv/XiangShan/src/main/scala/xiangshan/cache/mmu/PageTableCache.scala
[05:42:16] [spechunter] [Read] /home/yzs/riscv/XiangShan/src/main/scala/xiangshan/cache/mmu/TLB.scala
[05:42:16] [spechunter] [Grep] pattern='menvcfg|henvcfg|Menvcfg|Henvcfg|ADUE|adue'
[05:42:17] [spechunter] [Read] /home/yzs/riscv/XiangShan/src/main/scala/xiangshan/cache/mmu/TLBStorage.scala
[05:42:17] [spechunter] [Read] /home/yzs/riscv/XiangShan/src/main/scala/xiangshan/cache/mmu/L2TLB.scala
[05:42:17] [spechunter] [Read] /home/yzs/riscv/XiangShan/src/main/scala/xiangshan/cache/mmu/PageTableWalker.scala
[05:42:32] [spechunter] [Read] /home/yzs/riscv/XiangShan/src/main/scala/xiangshan/cache/mmu/TLB.scala
[05:42:32] [spechunter] [Grep] pattern='class Envcfg'
[05:42:32] [spechunter] [Grep] pattern='class TLB\\b|class.*Tlb.*extends|io.cache|io\\.conn|l2tlb\\.io|pageCache|toPtw'
[05:42:32] [spechunter] [Read] /home/yzs/riscv/XiangShan/src/main/scala/xiangshan/cache/mmu/TLB.scala
[05:42:32] [spechunter] [Grep] pattern='flush_latch|flush.*wait|waiting_resp'
[05:42:32] [spechunter] [Read] /home/yzs/riscv/XiangShan/src/main/scala/xiangshan/cache/mmu/L2TLB.scala
[05:42:38] [spechunter] [Read] /home/yzs/riscv/XiangShan/src/main/scala/xiangshan/cache/mmu/PageTableWalker.scala
[05:42:38] [spechunter] [Read] /home/yzs/riscv/XiangShan/src/main/scala/xiangshan/cache/mmu/PageTableWalker.scala
[05:42:38] [spechunter] [Read] /home/yzs/riscv/XiangShan/src/main/scala/xiangshan/cache/mmu/PageTableWalker.scala
[05:42:56] [spechunter] [Grep] pattern='menvcfg|henvcfg|senvcfg'
[05:42:56] [spechunter] [Read] /home/yzs/riscv/XiangShan/rocket-chip/src/main/scala/rocket/CSR.scala
[05:42:56] [spechunter] [Read] /home/yzs/riscv/XiangShan/rocket-chip/src/main/scala/rocket/CSR.scala
[05:42:56] [spechunter] [Grep] pattern='mPBMTE|hPBMTE|io\\.tlb'
[05:42:56] [spechunter] [Grep] pattern='def isPf\\(level'
[05:42:56] [spechunter] [Grep] pattern='def isGpf\\(level'
[05:43:11] [spechunter] [Grep] pattern='io\\.tlb\\.\\w+changed|io\\.tlb\\.\\w+Changed'
[05:43:11] [spechunter] [Grep] pattern='class TlbSatpBundle'
[05:43:11] [spechunter] [Read] /home/yzs/riscv/XiangShan/src/main/scala/xiangshan/cache/mmu/MMUBundle.scala
[05:43:11] [spechunter] [Grep] pattern='def isStage1Gpf'
[05:43:11] [spechunter] [Read] /home/yzs/riscv/XiangShan/src/main/scala/xiangshan/cache/mmu/PageTableWalker.scala
[05:43:11] [spechunter] [Grep] pattern='satp.*changed|vsatp.*changed|hgatp.*changed'
[05:44:25] [spechunter] [text] Now let me read the specific code files identified to do the detailed analysis
[05:44:25] [spechunter] [Read] /home/yzs/riscv/linux/arch/riscv/kvm/vcpu.c
[05:44:25] [spechunter] [Read] /home/yzs/riscv/linux/arch/riscv/kvm/vcpu.c
[05:44:25] [spechunter] [Read] /home/yzs/riscv/linux/arch/riscv/kvm/vcpu.c
[05:45:03] [spechunter] [Read] /home/yzs/riscv/linux/arch/riscv/kvm/vcpu.c
[05:45:03] [spechunter] [Read] /home/yzs/riscv/linux/arch/riscv/include/asm/switch_to.h
[05:45:03] [spechunter] [Read] /home/yzs/riscv/linux/arch/riscv/kvm/vcpu.c
[05:45:28] [spechunter] [Grep] pattern='kvm_riscv_mmu_update_hgatp'
[05:45:28] [spechunter] [Grep] pattern='HFENCE\\.GVMA|HFENCE\\.VVMA|hfence_gvma|hfence_vvma'
[05:45:53] [spechunter] [Read] /home/yzs/riscv/linux/arch/riscv/kvm/tlb.c
[05:45:53] [spechunter] [Read] /home/yzs/riscv/linux/arch/riscv/kvm/mmu.c
[05:46:02] [spechunter] [text] Now let me look at the TLB flush processing functions and the vcpu_onereg.c for the ADUE one_reg handling.  
[05:46:02] [spechunter] [Grep] pattern='kvm_riscv_tlb_flush_process|kvm_riscv_hfence_vvma_all_process|kvm_riscv_hfence_process'
[05:46:02] [spechunter] [Grep] pattern='ADUE|ENVCFG_ADUE'
[05:46:32] [spechunter] [Read] /home/yzs/riscv/linux/arch/riscv/kvm/vcpu.c
[05:46:32] [spechunter] [Read] /home/yzs/riscv/linux/arch/riscv/kvm/vcpu.c
[05:46:46] [spechunter] [text] Now let me read the vcpu enter_exit flow to see exactly how henvcfg is loaded relative to TLB fences.  
[05:46:46] [spechunter] [Read] /home/yzs/riscv/linux/arch/riscv/kvm/vcpu.c
[05:46:46] [spechunter] [Grep] pattern='__kvm_riscv_switch_to'
[05:47:03] [spechunter] [text] Now let me read the specific key files to confirm the exact code and then check the spec references
[05:47:03] [spechunter] [Read] /home/yzs/riscv/XiangShan/src/main/scala/xiangshan/backend/fu/NewCSR/CSRBundles.scala
[05:47:03] [spechunter] [Read] /home/yzs/riscv/XiangShan/src/main/scala/xiangshan/backend/fu/NewCSR/MachineLevel.scala
[05:47:03] [spechunter] [Read] /home/yzs/riscv/XiangShan/src/main/scala/xiangshan/backend/fu/NewCSR/HypervisorLevel.scala
[05:47:03] [spechunter] [Read] /home/yzs/riscv/XiangShan/src/main/scala/xiangshan/Bundle.scala
[05:47:18] [spechunter] [Read] /home/yzs/riscv/XiangShan/src/main/scala/xiangshan/cache/mmu/PageTableWalker.scala
[05:47:18] [spechunter] [Read] /home/yzs/riscv/XiangShan/src/main/scala/xiangshan/cache/mmu/TLB.scala
[05:47:18] [spechunter] [Read] /home/yzs/riscv/XiangShan/src/main/scala/xiangshan/cache/mmu/TLB.scala
[05:47:18] [spechunter] [Read] /home/yzs/riscv/XiangShan/src/main/scala/xiangshan/cache/mmu/MMUBundle.scala
[05:47:26] [spechunter] [text] Now let me read more critical files to confirm the findings
[05:47:26] [spechunter] [Read] /home/yzs/riscv/XiangShan/src/main/scala/xiangshan/backend/fu/NewCSR/NewCSR.scala
[05:47:26] [spechunter] [Read] /home/yzs/riscv/XiangShan/src/main/scala/xiangshan/backend/fu/NewCSR/NewCSR.scala
[05:47:26] [spechunter] [Read] /home/yzs/riscv/XiangShan/src/main/scala/xiangshan/Parameters.scala
[05:47:26] [spechunter] [Read] /home/yzs/riscv/XiangShan/src/main/scala/xiangshan/cache/mmu/L2TLB.scala
[05:47:30] [spechunter] [text] Now let me read the spec references
[05:47:30] [spechunter] [Glob] **/*.adoc
[05:47:30] [spechunter] [Bash] List spec reference directories
[05:47:33] [spechunter] [Grep] pattern='kvm_riscv_mmu_update_hgatp'
[05:47:33] [spechunter] [Grep] pattern='KVM_REG_RISCV_CONFIG_REG\\(henvcfg\\)|henvcfg.*reg|HENVCFG'
[05:47:39] [spechunter] [Read] /home/yzs/riscv/rv-isa-sec/spec_ref/riscv-isa-manual/src/priv/svadu.adoc
[05:47:39] [spechunter] [Read] /home/yzs/riscv/rv-isa-sec/spec_ref/riscv-isa-manual/src/priv/supervisor.adoc
[05:47:44] [spechunter] [Grep] pattern='ADUE|adue|Synchronization.*ADUE|fence.*ADUE'
[05:47:44] [spechunter] [Grep] pattern='ADUE'
[05:48:18] [spechunter] [TodoWrite] 7 items
[05:48:46] [spechunter] [text] Now let me verify one more critical detail — the `resetSatp` signal to confirm menvcfg writes do not trigger TLB flushes...
[05:48:46] [spechunter] [Read] /home/yzs/riscv/XiangShan/src/main/scala/xiangshan/backend/fu/NewCSR/NewCSR.scala
[05:48:46] [spechunter] [Read] /home/yzs/riscv/XiangShan/src/main/scala/xiangshan/backend/fu/NewCSR/NewCSR.scala
[05:49:39] [spechunter] [TodoWrite] 7 items
[05:49:59] [spechunter] [text] Let me read some additional details about the tlb.c HFENCE.VVMA functions and check for any ADUE-specific handling
[05:49:59] [spechunter] [Read] /home/yzs/riscv/linux/arch/riscv/kvm/tlb.c
[05:49:59] [spechunter] [Read] /home/yzs/riscv/linux/arch/riscv/kvm/vcpu_sbi_fwft.c
[05:50:42] [spechunter] [Grep] pattern='__kvm_riscv_switch_to'
[05:50:47] [spechunter] [Read] /home/yzs/riscv/linux/arch/riscv/kvm/vcpu_switch.S
[05:50:47] [spechunter] [Grep] pattern='envcfg|ENVCFG'
[05:51:21] [spechunter] [Grep] pattern='kvm_riscv_local_hfence_vvma_all'
[05:51:21] [spechunter] [Grep] pattern='try_to_set_pmm'
[05:51:21] [spechunter] [Grep] pattern='csr_write\\(CSR_ENVCFG\\)|csr_write\\(CSR_ENVCFG,'
[05:51:34] [spechunter] [Read] /home/yzs/riscv/linux/arch/riscv/kernel/usercfi.c
[05:51:34] [spechunter] [Read] /home/yzs/riscv/linux/arch/riscv/kernel/process.c
[05:51:34] [spechunter] [Read] /home/yzs/riscv/linux/arch/riscv/kvm/tlb.c
[05:52:21] [spechunter] [text] Now I have all the evidence needed to compile the final report. Let me produce the JSON output.  
[05:52:21] [spechunter] [Write] /home/yzs/riscv/XiangShan/menvcfg_adue_invalidation_findings.json
[05:52:32] [spechunter] [Read] /home/yzs/riscv/XiangShan/menvcfg_adue_invalidation_findings.json
[05:53:10] [spechunter] [text] Now let me check a few remaining things to be thorough
[05:53:10] [spechunter] [Grep] pattern='ENVCFG_ADUE'
[05:53:10] [spechunter] [Grep] pattern='csr_write.*MENVCFG|csr_write.*menvcfg'
[05:53:10] [spechunter] [Grep] pattern='ENVCFG_ADUE'
[05:54:11] [spechunter] [text] Now I have all the evidence. Let me produce the final JSON report.  ```json {   "findings": [     {       "file_path": "...
[05:54:25] [spechunter] [text] Now let me check a final detail — how `kvm_riscv_mmu_update_hgatp` interacts with the TLB flush logic and search for any...
[05:54:25] [spechunter] [Read] /home/yzs/riscv/linux/arch/riscv/kvm/mmu.c
[05:54:25] [spechunter] [Read] /home/yzs/riscv/rv-isa-sec/spec_ref/riscv-isa-manual/src/priv/hypervisor.adoc
[05:55:21] [spechunter] [text] Let me verify one more detail about whether vsatp is zeroed anywhere in the vcpu load path.  
[05:55:21] [spechunter] [Grep] pattern='VSATP.*zero|vsatp.*=.*0|csr_write.*CSR_VSATP.*0'
[05:55:21] [spechunter] [Grep] pattern='kvm_riscv_reset_vcpu'
[05:55:40] [spechunter] [Read] /home/yzs/riscv/linux/arch/riscv/kvm/vcpu.c
[05:55:40] [spechunter] [Read] /home/yzs/riscv/linux/arch/riscv/kvm/vcpu_sbi.c
[05:57:12] [spechunter] [text] Let me check the remaining KVM SBI files that were found to reference HFENCE.  
[05:57:12] [spechunter] [Grep] pattern='henvcfg|HENVCFG|hfence'
[05:57:12] [spechunter] [Grep] pattern='henvcfg|HENVCFG|hfence'
[05:58:45] [spechunter] [text] Now I have all the context needed. Let me do the final analysis of the remaining relevant files — the SBI fwft reset pat...
[05:58:45] [spechunter] [Grep] pattern='fwft_reset_pointer_masking_pmlen|fwft.*reset.*pmm'
[05:58:45] [spechunter] [Read] /home/yzs/riscv/rv-isa-sec/spec_ref/riscv-isa-manual/src/priv/machine.adoc
