[23:44:32] [spechunter] PR loaded: #1018 riscv/riscv-unified-db — "feat: fix AIA PR #910"
[23:44:32] [spechunter]   diff: 24128 chars  body: 1 chars  reviews: 0
[23:44:32] [spechunter] Global pre-filter running...
[23:45:00] [spechunter] [text] {"should_skip": false, "skip_reason": "PR introduces new AIA CSR spec (mtopei) and configuration parameters for Smaia/Ss...
[23:45:01] [spechunter] pre-filter: should_skip=False reason="PR introduces new AIA CSR spec (mtopei) and configuration parameters for Smaia/Ssaia interrupt extensions — interrupt architecture has direct security implications (priority handling, privilege escalation, DoS vectors)."
[23:45:10] [spechunter] [text] {"should_skip": false}
[23:45:39] [spechunter] [text] {"should_skip": false, "skip_reason": "Smaia/AIA CSR definitions (mtopei, mvien) and virtual interrupt configuration par...
[23:45:42] [spechunter] [text] {"should_skip": true, "skip_reason": "CI tooling changes and M-mode-only CSR definitions (mtopei, mvien) in a spec datab...
[23:45:42] [spechunter] [text] {"should_skip": false}
[23:45:47] [spechunter] [text] {"should_skip": false}
[23:46:18] [spechunter] [text] ```json {   "violation_condition": "QEMU implements mvip CSR write without cross-validating against mvien writable bits....
[23:46:33] [spechunter] [TodoWrite] 5 items
[23:46:35] [spechunter] [text] ```json {   "violation_condition": "In XiangShan RTL, when the mvip CSR write logic does not gate each writable bit on t...
[23:46:39] [spechunter] [text] ```json {   "violation_condition": "In OpenSBI M-mode, writing to mvip to inject virtual interrupts (e.g., during HSM re...
[23:46:45] [spechunter] [Grep] pattern='mvip'
[23:46:45] [spechunter] [Grep] pattern='mvien'
[23:46:45] [spechunter] [Grep] pattern='mvip|mvien'
[23:46:45] [spechunter] [Grep] pattern='mvip|mvien'
[23:46:47] [spechunter] [Grep] pattern='sieh|siph|CSR_SIEH|CSR_SIPH'
[23:46:47] [spechunter] [Grep] pattern='mvien|mvip|CSR_MVIEN|CSR_MVIP'
[23:46:47] [spechunter] [Grep] pattern='CSR_SIE|CSR_SIP|csr_write.*sie|csr_read.*sie|csr_write.*sip|csr_read.*sip'
[23:46:48] [spechunter] [Grep] pattern='mvip'
[23:46:48] [spechunter] [Grep] pattern='mvien'
[23:46:48] [spechunter] [Grep] pattern='MACHINE_VIRTUAL_INTERRUPTS'
[23:46:56] [spechunter] [Grep] pattern='mvip|mvien|MVIP|MVIEN'
[23:46:56] [spechunter] [Grep] pattern='MACHINE_VIRTUAL_INTERRUPTS'
[23:46:56] [spechunter] [Grep] pattern='VirtualInterrupt.*Pending|Virtual.*Interrupt.*Pending'
[23:46:56] [spechunter] [Grep] pattern='MACHINE_VIRTUAL_INTERRUPTS_ALWAYS_ENABLED'
[23:46:56] [spechunter] [Grep] pattern='mvien'
[23:46:56] [spechunter] [Grep] pattern='mvip'
[23:46:56] [spechunter] [Grep] pattern='CSRW'
[23:46:56] [spechunter] [Grep] pattern='CSRS'
[23:46:58] [spechunter] [TodoWrite] 6 items
[23:46:58] [spechunter] [Grep] pattern='mvip'
[23:46:59] [spechunter] [Grep] pattern='mvien'
[23:46:59] [spechunter] [Grep] pattern='CSR_MVIP'
[23:46:59] [spechunter] [Grep] pattern='CSR_MVIEN'
[23:47:00] [spechunter] [Grep] pattern='CSR_SIE\\b|CSR_SIP\\b'
[23:47:00] [spechunter] [Grep] pattern='CSR_SIEH|CSR_SIPH'
[23:47:00] [spechunter] [Read] /home/yzs/riscv/linux/arch/riscv/include/asm/csr.h
[23:47:09] [spechunter] [Grep] pattern='MvipBundle|MvienBundle'
[23:47:09] [spechunter] [Grep] pattern='0x308|0x309|0x318|0x319'
[23:47:09] [spechunter] [Grep] pattern='mvip|mvien|MVIP|MVIEN'
[23:47:10] [spechunter] [Grep] pattern='mvip|mvien'
[23:47:10] [spechunter] [Grep] pattern='mvip|mvien'
[23:47:10] [spechunter] [Read] /home/yzs/riscv/qemu/target/riscv/csr.c
[23:47:15] [spechunter] [text] Let me read the key source files to trace the full logic
[23:47:15] [spechunter] [Read] /home/yzs/riscv/qemu/target/riscv/csr.c
[23:47:15] [spechunter] [Read] /home/yzs/riscv/qemu/target/riscv/csr.c
[23:47:15] [spechunter] [Read] /home/yzs/riscv/qemu/target/riscv/csr.c
[23:47:17] [spechunter] [Grep] pattern='mvip|mvien|MACHINE_VIRTUAL_INTERRUPTS'
[23:47:17] [spechunter] [Grep] pattern='VirtualInterrupt'
[23:47:21] [spechunter] [Read] /home/yzs/riscv/opensbi/semantic_finding_aclic_hsm_suspend.json
[23:47:21] [spechunter] [Grep] pattern='CSR_MVIP|CSR_MVIEN|mvip|mvien'
[23:47:27] [spechunter] [Grep] pattern='mvien|mvip'
[23:47:27] [spechunter] [Grep] pattern='mvien|mvip'
[23:47:27] [spechunter] [Grep] pattern='mvien|mvip'
[23:47:27] [spechunter] [Grep] pattern='mvien|mvip'
[23:47:27] [spechunter] [Grep] pattern='csr_write|csr_read|CSR_MVIP|CSR_MVIEN|MVIP|MVIEN'
[23:47:27] [spechunter] [Grep] pattern='csr_write|csr_read|CSR_MVIP|CSR_MVIEN|MVIP|MVIEN'
[23:47:27] [spechunter] [Grep] pattern='saved_mie|saved_mip|saved_menvcfg|saved_medeleg|saved_mideleg|hsm_data|HSM.*save|HSM.*restore'
[23:47:27] [spechunter] [Grep] pattern='saved_mie|saved_mip|saved_menvcfg|saved_medeleg|saved_mideleg|hsm_data'
[23:47:28] [spechunter] [Read] /home/yzs/riscv/qemu/target/riscv/csr.c
[23:47:28] [spechunter] [Read] /home/yzs/riscv/qemu/target/riscv/csr.c
[23:47:28] [spechunter] [Read] /home/yzs/riscv/qemu/target/riscv/csr.c
[23:47:30] [spechunter] [Read] /home/yzs/riscv/XiangShan/src/main/scala/xiangshan/backend/fu/NewCSR/MachineLevel.scala
[23:47:30] [spechunter] [Read] /home/yzs/riscv/XiangShan/src/main/scala/xiangshan/backend/fu/NewCSR/MachineLevel.scala
[23:47:30] [spechunter] [Read] /home/yzs/riscv/XiangShan/src/main/scala/xiangshan/backend/fu/NewCSR/MachineLevel.scala
[23:47:30] [spechunter] [Read] /home/yzs/riscv/XiangShan/src/main/scala/xiangshan/backend/fu/NewCSR/MachineLevel.scala
[23:47:30] [spechunter] [Read] /home/yzs/riscv/XiangShan/src/main/scala/xiangshan/backend/fu/NewCSR/SupervisorLevel.scala
[23:47:30] [spechunter] [Read] /home/yzs/riscv/XiangShan/src/main/scala/xiangshan/backend/fu/NewCSR/SupervisorLevel.scala
[23:47:38] [spechunter] [text] Let me read the critical HSM functions and the CSR encoding definitions for the AIA CSRs.  
[23:47:38] [spechunter] [Read] /home/yzs/riscv/opensbi/lib/sbi/sbi_hsm.c
[23:47:38] [spechunter] [Read] /home/yzs/riscv/opensbi/lib/sbi/sbi_hsm.c
[23:47:38] [spechunter] [Read] /home/yzs/riscv/opensbi/lib/sbi/sbi_hsm.c
[23:47:38] [spechunter] [Read] /home/yzs/riscv/opensbi/include/sbi/riscv_encoding.h
[23:47:39] [spechunter] [text] Now let me check the CSR registration and any additional references in the interrupt-related files
[23:47:39] [spechunter] [Read] /home/yzs/riscv/qemu/target/riscv/csr.c
[23:47:39] [spechunter] [Grep] pattern='CSR_MVIP|CSR_MVIEN|CSR_MVIPH|CSR_MVIENH'
[23:47:40] [spechunter] [Grep] pattern='virtual.*interrupt|vstip|vssip|vseip|VS.*IP'
[23:47:40] [spechunter] [Grep] pattern='MIP_VS|MIP_VS|hvip|HVIP'
[23:47:40] [spechunter] [Grep] pattern='domain_context.*restore|domain_context.*resume'
[23:47:42] [spechunter] [Grep] pattern='CSR_VSIE|CSR_VSIP|csr_write.*VSIE|csr_read.*VSIP'
[23:47:42] [spechunter] [Grep] pattern='sip|sie|CSR_SIP|CSR_SIE|CSR_IP|CSR_IE'
[23:47:42] [spechunter] [Grep] pattern='saved_sie|saved_sip|__switch_to|context_switch|SAVE_IE|RESTORE_IE'
[23:47:45] [spechunter] [Read] /home/yzs/riscv/opensbi/lib/sbi/sbi_hsm.c
[23:47:45] [spechunter] [Grep] pattern='domain_context|domain_context_restore|domain_context_save|MVIEN|MVIP|mvien|mvip'
[23:47:45] [spechunter] [Grep] pattern='domain_context|domain_context_restore|domain_context_save'
[23:47:47] [spechunter] [Read] /home/yzs/riscv/XiangShan/src/main/scala/xiangshan/backend/fu/NewCSR/InterruptBundle.scala
[23:47:47] [spechunter] [Read] /home/yzs/riscv/XiangShan/src/main/scala/xiangshan/backend/fu/NewCSR/TrapHandleModule.scala
[23:47:47] [spechunter] [Read] /home/yzs/riscv/XiangShan/src/main/scala/xiangshan/backend/fu/NewCSR/TrapHandleModule.scala
[23:47:47] [spechunter] [Read] /home/yzs/riscv/XiangShan/src/main/scala/xiangshan/backend/fu/NewCSR/VirtualSupervisorLevel.scala
[23:47:47] [spechunter] [Read] /home/yzs/riscv/XiangShan/src/main/scala/xiangshan/backend/fu/NewCSR/VirtualSupervisorLevel.scala
[23:47:47] [spechunter] [Read] /home/yzs/riscv/XiangShan/src/main/scala/xiangshan/backend/fu/NewCSR/HypervisorLevel.scala
[23:47:47] [spechunter] [Read] /home/yzs/riscv/XiangShan/src/main/scala/xiangshan/backend/fu/NewCSR/CSRPermitModule.scala
[23:47:47] [spechunter] [Read] /home/yzs/riscv/XiangShan/src/main/scala/xiangshan/backend/fu/NewCSR/CSRPermitModule.scala
[23:47:54] [spechunter] [Grep] pattern='mvip|mvien'
[23:47:54] [spechunter] [Read] /home/yzs/riscv/qemu/target/riscv/cpu.h
[23:47:57] [spechunter] [Grep] pattern='csr_write.*0x309|csr_read.*0x309|csr_write.*0x308|csr_read.*0x308'
[23:47:57] [spechunter] [Grep] pattern='MIP_VSSIP|MIP_VSTIP|MIP_VSEIP'
[23:47:57] [spechunter] [Grep] pattern='hvip|HVIP'
[23:47:58] [spechunter] [Grep] pattern='mvip|mvien|MACHINE_VIRTUAL_INTERRUPTS'
[23:47:58] [spechunter] [Grep] pattern='mvip|mvien|MACHINE_VIRTUAL_INTERRUPTS'
[23:47:58] [spechunter] [Grep] pattern='mvip|mvien|MACHINE_VIRTUAL_INTERRUPTS'
[23:47:58] [spechunter] [Grep] pattern='mvip|mvien|MACHINE_VIRTUAL_INTERRUPTS'
[23:47:59] [spechunter] [Grep] pattern='csr_write.*sie|csr_write.*sip|csr_read.*sie|csr_read.*sip'
[23:47:59] [spechunter] [Grep] pattern='sstatus|SSTATUS|SR_IE|CSR_SSTATUS'
[23:47:59] [spechunter] [Read] /home/yzs/riscv/linux/arch/riscv/kernel/entry.S
[23:48:02] [spechunter] [Grep] pattern='CSR_MVIEN|CSR_MVIP|MVIEN|MVIP'
[23:48:02] [spechunter] [Grep] pattern='CSR_MVIEN|CSR_MVIP|MVIEN|MVIP'
[23:48:02] [spechunter] [Grep] pattern='saved_mideleg|saved_medeleg|saved_mie|saved_mip|saved_menvcfg'
[23:48:02] [spechunter] [Grep] pattern='domain_context|hart_context'
[23:48:06] [spechunter] [Read] /home/yzs/riscv/XiangShan/src/main/scala/xiangshan/backend/fu/NewCSR/HypervisorLevel.scala
[23:48:06] [spechunter] [Read] /home/yzs/riscv/XiangShan/src/main/scala/xiangshan/backend/fu/NewCSR/VirtualSupervisorLevel.scala
[23:48:15] [spechunter] [Grep] pattern='mvip|mvien'
[23:48:15] [spechunter] [Read] /home/yzs/riscv/XiangShan/src/main/scala/xiangshan/backend/decode/isa/CSRs.scala
[23:48:15] [spechunter] [Read] /home/yzs/riscv/XiangShan/src/main/scala/xiangshan/backend/decode/isa/CSRs.scala
[23:48:15] [spechunter] [Read] /home/yzs/riscv/XiangShan/src/main/scala/xiangshan/backend/decode/isa/CSRs.scala
[23:48:15] [spechunter] [Read] /home/yzs/riscv/XiangShan/src/main/scala/xiangshan/backend/decode/isa/CSRs.scala
[23:48:15] [spechunter] [Read] /home/yzs/riscv/XiangShan/src/main/scala/xiangshan/backend/fu/NewCSR/CSROoORead.scala
[23:48:15] [spechunter] [Read] /home/yzs/riscv/XiangShan/src/main/scala/xiangshan/backend/fu/NewCSR/NewCSR.scala
[23:48:15] [spechunter] [Read] /home/yzs/riscv/XiangShan/src/main/scala/xiangshan/backend/fu/NewCSR/NewCSR.scala
[23:48:15] [spechunter] [Read] /home/yzs/riscv/XiangShan/src/main/scala/xiangshan/backend/fu/NewCSR/NewCSR.scala
[23:48:15] [spechunter] [Read] /home/yzs/riscv/XiangShan/src/main/scala/xiangshan/backend/fu/NewCSR/NewCSR.scala
[23:48:20] [spechunter] [text] Now let me find the `mvip` CSR module and its write logic.  
[23:48:20] [spechunter] [Grep] pattern='mvip|MACHINE_VIRTUAL_INTERRUPTS'
[23:48:20] [spechunter] [Grep] pattern='FromMip|toMvip|fromMvip|MvipBundle|class Mvip'
[23:48:20] [spechunter] [Read] /home/yzs/riscv/opensbi/lib/sbi/sbi_hsm.c
[23:48:20] [spechunter] [Read] /home/yzs/riscv/opensbi/lib/sbi/sbi_hsm.c
[23:48:20] [spechunter] [Grep] pattern='sbi_ipi|IPI.*send|sbi_ecall.*IPI'
[23:48:25] [spechunter] [Read] /home/yzs/riscv/opensbi/lib/sbi/sbi_domain_context.c
[23:48:25] [spechunter] [Grep] pattern='csr_write|csr_read'
[23:48:34] [spechunter] [text] Let me also check for test file references and the interrupt bundle definitions.  
[23:48:34] [spechunter] [Grep] pattern='mvip|mvien|MVIP|MVIEN'
[23:48:34] [spechunter] [Grep] pattern='InterruptEnableBundle|InterruptPendingBundle'
[23:48:34] [spechunter] [Read] /home/yzs/riscv/XiangShan/src/main/scala/xiangshan/backend/fu/NewCSR/CSRPermitModule.scala
[23:48:34] [spechunter] [Grep] pattern='InterruptFilter|interrupt.*filter|virtual.*interrupt'
[23:48:34] [spechunter] [Read] /home/yzs/riscv/qemu/target/riscv/cpu_bits.h
[23:48:34] [spechunter] [Read] /home/yzs/riscv/qemu/target/riscv/machine.c
[23:48:38] [spechunter] [Read] /home/yzs/riscv/opensbi/lib/sbi/sbi_domain_context.c
[23:48:38] [spechunter] [Read] /home/yzs/riscv/opensbi/lib/sbi/sbi_domain_context.c
[23:48:41] [spechunter] [TodoWrite] 6 items
[23:48:43] [spechunter] [Read] /home/yzs/riscv/XiangShan/src/main/scala/xiangshan/backend/fu/NewCSR/InterruptBundle.scala
[23:48:43] [spechunter] [Read] /home/yzs/riscv/XiangShan/src/main/scala/xiangshan/backend/fu/NewCSR/InterruptBundle.scala
[23:48:43] [spechunter] [Read] /home/yzs/riscv/XiangShan/src/main/scala/xiangshan/backend/fu/NewCSR/InterruptFilter.scala
[23:48:48] [spechunter] [Read] /home/yzs/riscv/XiangShan/src/main/scala/xiangshan/backend/fu/NewCSR/MachineLevel.scala
[23:48:51] [spechunter] [Grep] pattern='mvip|mvien'
[23:48:51] [spechunter] [Read] /home/yzs/riscv/XiangShan/src/main/scala/xiangshan/backend/fu/NewCSR/InterruptFilter.scala
[23:48:54] [spechunter] [text] Now let me look at the bundle definitions and the Mvien module
[23:48:54] [spechunter] [Read] /home/yzs/riscv/XiangShan/src/main/scala/xiangshan/backend/fu/NewCSR/MachineLevel.scala
[23:48:54] [spechunter] [Read] /home/yzs/riscv/XiangShan/src/main/scala/xiangshan/backend/fu/NewCSR/MachineLevel.scala
[23:49:03] [spechunter] [Grep] pattern='csr_set.*MIP|csr_write.*MIP|csr_set.*CSR_MIP|csr_write.*CSR_MIP|csr_read.*CSR_MIP.*csr_set|csr_clear.*MIP'
[23:49:03] [spechunter] [Grep] pattern='MIP_SSIP|MIP_STIP|IRQ_S_SOFT|IRQ_S_TIMER'
[23:49:03] [spechunter] [Grep] pattern='sbi_domain_context'
[23:49:19] [spechunter] [Read] /home/yzs/riscv/XiangShan/src/main/scala/xiangshan/backend/fu/NewCSR/InterruptBundle.scala
[23:49:21] [spechunter] [text] Here is the complete search result:  ```json {   "locations": [     {       "file_path": "target/riscv/cpu_bits.h",     ...
[23:49:43] [spechunter] [Read] /home/yzs/riscv/linux/arch/riscv/kvm/aia.c
[23:49:43] [spechunter] [Read] /home/yzs/riscv/linux/arch/riscv/kvm/vcpu.c
[23:49:45] [spechunter] [Read] /home/yzs/riscv/opensbi/lib/sbi/sbi_domain_context.c
[23:49:45] [spechunter] [Read] /home/yzs/riscv/opensbi/lib/sbi/sbi_hsm.c
[23:49:46] [spechunter] [text] ```json {   "locations": [     {       "file_path": "include/sbi/riscv_encoding.h",       "function_name": null,       "...
[23:49:47] [spechunter] [text] Now let me trace the sip-to-mvip and vsip-to-mvip write paths to understand full coupling.  
[23:49:47] [spechunter] [Read] /home/yzs/riscv/XiangShan/src/main/scala/xiangshan/backend/fu/NewCSR/SupervisorLevel.scala
[23:49:47] [spechunter] [Read] /home/yzs/riscv/XiangShan/src/main/scala/xiangshan/backend/fu/NewCSR/MachineLevel.scala
[23:49:48] [spechunter] [TodoWrite] 5 items
[23:50:08] [spechunter] [text] Now let me look at how the kernel handles sie/sip writes and the signal/ptrace paths
[23:50:08] [spechunter] [Grep] pattern='csr_set|csr_clear|csrw.*sie|csrs.*sie|csrc.*sie|CSR_SIE\\b|SIE|sie'
[23:50:08] [spechunter] [Grep] pattern='riscv_csr_get|riscv_csr_set|regset|NT_PRSTATUS|gregset|elf_gregset'
[23:50:17] [spechunter] [text] ```json {   "locations": [     {       "file_path": "src/main/scala/xiangshan/backend/decode/isa/CSRs.scala",       "fun...
[23:50:21] [spechunter] [Grep] pattern='HVIP|hvip'
[23:50:21] [spechunter] [Grep] pattern='HIDELEG|HVIEN|hvien'
[23:50:21] [spechunter] [Grep] pattern='CSR_HVIP|CSR_HVIEN|CSR_HIDELEG'
[23:50:41] [spechunter] [text] Now let me check how the CSRModule base class handles register writes, and trace the `SipToMvip` and `MipToMvip` types. ...
[23:50:41] [spechunter] [Grep] pattern='class SipToMvip|class MipToMvip|class CSRModule'
[23:50:41] [spechunter] [Grep] pattern='class SipToMvip|class MipToMvip|class SipToMip'
[23:50:58] [spechunter] [Read] /home/yzs/riscv/XiangShan/src/main/scala/xiangshan/backend/fu/NewCSR/SupervisorLevel.scala
[23:50:58] [spechunter] [Read] /home/yzs/riscv/XiangShan/src/main/scala/xiangshan/backend/fu/NewCSR/MachineLevel.scala
[23:51:52] [spechunter] [text] Let me check the CSRModule base class to understand how writes are handled by default vs. custom overrides
[23:51:52] [spechunter] [Read] /home/yzs/riscv/XiangShan/src/main/scala/xiangshan/backend/fu/NewCSR/CSRModule.scala
[23:51:53] [spechunter] [text] ```json {   "violation_condition": "On RV64 with Ssaia, kernel interrupt-masking code writes CSR_SIEH (0x114) to modify ...
[23:52:03] [spechunter] [Grep] pattern='sbi_trap_handler|trap_handler'
[23:52:03] [spechunter] [Read] /home/yzs/riscv/opensbi/lib/sbi/sbi_init.c
[23:52:03] [spechunter] [Read] /home/yzs/riscv/opensbi/lib/sbi/sbi_ipi.c
[23:52:11] [spechunter] [Grep] pattern='sieh'
[23:52:11] [spechunter] [Grep] pattern='siph'
[23:52:18] [spechunter] [TodoWrite] 6 items
[23:52:23] [spechunter] [text] Now let me read the key RISC-V files to get precise line numbers and function contexts
[23:52:23] [spechunter] [Grep] pattern='CSR_SIE[HX]|CSR_SIP[HX]|CSR_VSIE[HX]|CSR_VSIP[HX]'
[23:52:23] [spechunter] [Grep] pattern='CSR_SIE[HX]|CSR_SIP[HX]|CSR_VSIE[HX]|CSR_VSIP[HX]'
[23:52:23] [spechunter] [Grep] pattern='CSR_SIE[HX]|CSR_SIP[HX]|CSR_VSIE[HX]|CSR_VSIP[HX]'
[23:52:28] [spechunter] [text] Now let me trace the SIP write path (which also involves mvip/mvien coupling) and check migration code
[23:52:28] [spechunter] [Read] /home/yzs/riscv/qemu/target/riscv/csr.c
[23:52:28] [spechunter] [Read] /home/yzs/riscv/qemu/target/riscv/csr.c
[23:52:28] [spechunter] [Read] /home/yzs/riscv/qemu/target/riscv/machine.c
[23:52:38] [spechunter] [text] Let me read the key files to get precise context around each reference.  
[23:52:38] [spechunter] [Read] /home/yzs/riscv/linux/arch/riscv/kvm/aia.c
[23:52:38] [spechunter] [Read] /home/yzs/riscv/linux/arch/riscv/include/asm/csr.h
[23:52:38] [spechunter] [Read] /home/yzs/riscv/linux/arch/riscv/include/asm/csr.h
[23:52:38] [spechunter] [Read] /home/yzs/riscv/linux/arch/riscv/include/asm/csr.h
[23:52:46] [spechunter] [Grep] pattern='CSR_SIEH'
[23:52:46] [spechunter] [Grep] pattern='csr_write.*sieh'
[23:52:46] [spechunter] [Grep] pattern='CSR_SIPH'
[23:52:46] [spechunter] [Grep] pattern='csr_write.*siph'
[23:52:59] [spechunter] [Grep] pattern='CSR_SIEH'
[23:52:59] [spechunter] [Grep] pattern='CSR_SIPH'
[23:52:59] [spechunter] [Grep] pattern='CSR_VSIEH'
[23:52:59] [spechunter] [Grep] pattern='CSR_VSIPH'
[23:53:15] [spechunter] [Grep] pattern='CSR_IEH'
[23:53:15] [spechunter] [Grep] pattern='CSR_IPH'
[23:53:15] [spechunter] [Grep] pattern='CSR_SIE\\b'
[23:53:15] [spechunter] [Grep] pattern='csr_write.*CSR_SIE'
[23:53:17] [spechunter] [text] Let me also read the remaining relevant context - the KVM get-reg-list and the tools header, plus the kvm_aia.h struct d...
[23:53:17] [spechunter] [Read] /home/yzs/riscv/linux/tools/arch/riscv/include/asm/csr.h
[23:53:17] [spechunter] [Read] /home/yzs/riscv/linux/tools/arch/riscv/include/asm/csr.h
[23:53:17] [spechunter] [Read] /home/yzs/riscv/linux/tools/arch/riscv/include/asm/csr.h
[23:53:17] [spechunter] [Read] /home/yzs/riscv/linux/arch/riscv/include/asm/kvm_aia.h
[23:53:17] [spechunter] [Read] /home/yzs/riscv/linux/arch/riscv/include/uapi/asm/kvm.h
[23:53:28] [spechunter] [Grep] pattern='sieh|siph'
[23:53:28] [spechunter] [Grep] pattern='0x114|0x154|0x214|0x254'
[23:53:47] [spechunter] [Read] /home/yzs/riscv/XiangShan/src/main/scala/xiangshan/backend/fu/NewCSR/MachineLevel.scala
[23:53:47] [spechunter] [Read] /home/yzs/riscv/XiangShan/src/main/scala/xiangshan/backend/fu/NewCSR/CSRBundles.scala
[23:53:47] [spechunter] [Read] /home/yzs/riscv/linux/arch/riscv/include/asm/csr.h
[23:53:47] [spechunter] [Grep] pattern='CSR_IEH|CSR_IPH|CSR_IE\\b|CSR_IP\\b'
[23:53:47] [spechunter] [Grep] pattern='CSR_IE\\b'
[23:53:49] [spechunter] [text] Let me check LOCAL_INTERRUPTS definition and the MIP_STIP difference between the masks  
[23:53:49] [spechunter] [Grep] pattern='LOCAL_INTERRUPTS'
[23:53:49] [spechunter] [Grep] pattern='#define MIP_STIP'
[23:53:49] [spechunter] [Grep] pattern='HVICTL_VTI'
[23:54:14] [spechunter] [text] Now let me check if there's any indirect mvip path through VS-mode MIP bit writes in the IPI or other paths.  
[23:54:14] [spechunter] [Grep] pattern='MIP_VSSIP|MIP_VSTIP|MIP_VSEIP|VSSIP|VSTIP|VSEIP'
[23:54:14] [spechunter] [Read] /home/yzs/riscv/opensbi/lib/sbi/sbi_trap.c
[23:54:14] [spechunter] [Read] /home/yzs/riscv/opensbi/lib/sbi/sbi_tlb.c
[23:54:34] [spechunter] [Grep] pattern='#define S_MODE_INTERRUPTS'
[23:54:34] [spechunter] [Grep] pattern='#define MIP_SSIP|#define MIP_SEIP|#define MIP_STIP'
[23:54:34] [spechunter] [Grep] pattern='MIP_LCOFIP'
[23:54:34] [spechunter] [text] Now let me trace the critical connections — `CSR_IE` → `CSR_SIE` and `CSR_IEH` → `CSR_SIEH`, plus find all actual runtim...
[23:54:34] [spechunter] [Grep] pattern='csr_write.*CSR_IE\\b|csr_clear.*CSR_IE\\b|csr_set.*CSR_IE\\b'
[23:54:34] [spechunter] [Grep] pattern='csr_write.*CSR_IP\\b|csr_clear.*CSR_IP\\b|csr_set.*CSR_IP\\b'
[23:54:34] [spechunter] [Grep] pattern='csr_read.*CSR_IE\\b'
[23:54:34] [spechunter] [Grep] pattern='csr_read.*CSR_IP\\b'
[23:54:54] [spechunter] [Grep] pattern='csr_write.*CSR_IEH|csr_read.*CSR_IEH|csr_clear.*CSR_IEH|csr_set.*CSR_IEH'
[23:54:54] [spechunter] [Grep] pattern='csr_write.*CSR_IPH|csr_read.*CSR_IPH|csr_clear.*CSR_IPH|csr_set.*CSR_IPH'
[23:55:23] [spechunter] [Read] /home/yzs/riscv/opensbi/lib/sbi/sbi_hart.c
[23:55:23] [spechunter] [Read] /home/yzs/riscv/opensbi/lib/sbi/sbi_timer.c
[23:55:23] [spechunter] [Grep] pattern='sbi_hart_priv_version.*1_11|SBI_HART_PRIV_VER'
[23:55:26] [spechunter] [text] Now let me read the selftest file for the exact lines
[23:55:26] [spechunter] [Read] /home/yzs/riscv/linux/tools/testing/selftests/kvm/riscv/get-reg-list.c
[23:55:26] [spechunter] [Read] /home/yzs/riscv/linux/tools/testing/selftests/kvm/riscv/get-reg-list.c
[23:55:26] [spechunter] [Read] /home/yzs/riscv/linux/tools/testing/selftests/kvm/riscv/get-reg-list.c
[23:55:41] [spechunter] [text] Now let me look at AIA-specific interrupt handling, irqchip drivers, and any partial-write patterns
[23:55:41] [spechunter] [Grep] pattern='csr_write.*CSR_VSIEH|csr_write.*CSR_VSIPH'
[23:55:41] [spechunter] [Grep] pattern='csrw.*0x114|csrw.*sieh'
[23:55:41] [spechunter] [Read] /home/yzs/riscv/linux/drivers/irqchip/irq-riscv-intc.c
[23:56:04] [spechunter] [Read] /home/yzs/riscv/linux/tools/testing/selftests/kvm/riscv/get-reg-list.c
[23:56:04] [spechunter] [text] Now let me check how CSR writes are dispatched and whether there's an alias mapping that routes sip/vsip writes to mvip
[23:56:04] [spechunter] [Read] /home/yzs/riscv/XiangShan/src/main/scala/xiangshan/backend/fu/NewCSR/NewCSR.scala
[23:56:04] [spechunter] [Grep] pattern='mvip|sip.*alias|vsip.*alias|CSRMap|dispatch|addrDecode|rdataSel'
[23:56:35] [spechunter] [Grep] pattern='CSR_MVIP|CSR_MVIEN|csr_write.*mvip|csr_read.*mvip'
[23:56:35] [spechunter] [Read] /home/yzs/riscv/opensbi/semantic_finding_aclic_hsm_suspend.json
[23:56:39] [spechunter] [TodoWrite] 7 items
[23:56:45] [spechunter] [text] Let me check CPU reset/init and KVM paths for mvien/mvip  
[23:56:45] [spechunter] [Grep] pattern='mvien|mvip'
[23:56:45] [spechunter] [Grep] pattern='mvien|mvip'
[23:56:45] [spechunter] [Grep] pattern='mvien|mvip'
[23:56:46] [spechunter] [text] Let me check which function contains lines 144-151.  
[23:56:46] [spechunter] [Read] /home/yzs/riscv/linux/tools/testing/selftests/kvm/riscv/get-reg-list.c
[23:56:47] [spechunter] [Grep] pattern='sMapVS|alias|rwRoute|csrRwMap|dispatch|addrDecode|wireCSRWen'
[23:56:51] [spechunter] [Grep] pattern='mvien|mvip'
[23:56:51] [spechunter] [Grep] pattern='mvip_writable_mask'
[23:56:54] [spechunter] [Read] /home/yzs/riscv/XiangShan/src/main/scala/xiangshan/backend/fu/NewCSR/NewCSR.scala
[23:56:54] [spechunter] [Read] /home/yzs/riscv/XiangShan/src/main/scala/xiangshan/backend/fu/NewCSR/NewCSR.scala
[23:56:55] [spechunter] [Grep] pattern='^(bool|int|static|void).*\\('
[23:57:13] [spechunter] [text] Now let me look deeper for code paths where CSR_IEH (=CSR_SIEH) might be used without proper CONFIG_32BIT gating, and ex...
[23:57:13] [spechunter] [Grep] pattern='CSR_IEH'
[23:57:13] [spechunter] [Grep] pattern='CSR_IPH'
[23:57:13] [spechunter] [Read] /home/yzs/riscv/linux/arch/riscv/kernel/suspend.c
[23:57:16] [spechunter] [Read] /home/yzs/riscv/opensbi/include/sbi/riscv_encoding.h
[23:57:16] [spechunter] [Read] /home/yzs/riscv/opensbi/lib/sbi/sbi_hart.c
[23:57:16] [spechunter] [Read] /home/yzs/riscv/opensbi/lib/sbi/sbi_hart.c
[23:57:42] [spechunter] [text] Let me look deeper at KVM AIA code, context-switch code, and search for any usage of `CSR_IEH`/`CSR_SIEH` without CONFIG...
[23:57:42] [spechunter] [Read] /home/yzs/riscv/linux/arch/riscv/kvm/aia.c
[23:57:42] [spechunter] [Grep] pattern='CSR_IEH|CSR_IPH|CSR_SIEH|CSR_SIPH|CSR_MIEH|CSR_MIPH'
[23:57:42] [spechunter] [Grep] pattern='CSR_IEH|CSR_IPH|CSR_SIEH|CSR_SIPH|CSR_MIEH|CSR_MIPH'
[23:57:42] [spechunter] [Grep] pattern='CSR_IEH|CSR_IPH|CSR_SIEH|CSR_SIPH|CSR_MIEH|CSR_MIPH'
[23:58:00] [spechunter] [text] Now I have a thorough picture. Let me verify one more thing — whether the `sbi_ecall_legacy` path or any other path touc...
[23:58:00] [spechunter] [Grep] pattern='csr_set.*MIP.*VS|csr_write.*MIP.*VS|csr_clear.*MIP.*VS'
[23:58:00] [spechunter] [Read] /home/yzs/riscv/opensbi/lib/sbi/sbi_hart.c
[23:58:00] [spechunter] [Read] /home/yzs/riscv/opensbi/lib/sbi/sbi_ecall_legacy.c
[23:58:05] [spechunter] [TodoWrite] 7 items
[23:58:06] [spechunter] [text] ```json {   "locations": [     {       "file_path": "arch/riscv/include/asm/csr.h",       "function_name": null,       "...
[23:58:29] [spechunter] [Read] /home/yzs/riscv/qemu/target/riscv/cpu.h
[23:58:29] [spechunter] [Read] /home/yzs/riscv/qemu/target/riscv/cpu.h
[23:58:34] [spechunter] [text] Now let me look at context-switch paths, entry/exit handling, and search for any unconditional SIEH/SIPH or IEH/IPH acce...
[23:58:34] [spechunter] [Grep] pattern='csr_write.*CSR_IE\\b|csr_clear.*CSR_IE\\b|csr_set.*CSR_IE\\b'
[23:58:34] [spechunter] [Grep] pattern='csr_write.*CSR_IE\\b|csr_clear.*CSR_IE\\b|csr_set.*CSR_IE\\b'
[23:58:34] [spechunter] [Grep] pattern='csrw.*CSR_IE\\b'
[23:58:50] [spechunter] [text] Now I have a thorough picture. Let me verify one more key detail — whether `delegate_traps` and `sbi_hart_init` have any...
[23:58:50] [spechunter] [Read] /home/yzs/riscv/opensbi/lib/sbi/sbi_hart.c
[23:58:50] [spechunter] [Read] /home/yzs/riscv/opensbi/lib/sbi/sbi_hart.c
[23:59:37] [spechunter] [Read] /home/yzs/riscv/qemu/target/riscv/cpu_helper.c
[23:59:37] [spechunter] [Read] /home/yzs/riscv/qemu/target/riscv/csr.c
[23:59:38] [spechunter] [Read] /home/yzs/riscv/opensbi/lib/sbi/sbi_hart.c
[23:59:45] [spechunter] [Grep] pattern='CSR_VSIE\\b'
[23:59:45] [spechunter] [Grep] pattern='CSR_SIE\\b'
[23:59:45] [spechunter] [Read] /home/yzs/riscv/linux/arch/riscv/kernel/head.S
[23:59:45] [spechunter] [Read] /home/yzs/riscv/linux/arch/riscv/kernel/kexec_relocate.S
[23:59:59] [spechunter] [text] Now let me check the existing analysis file for this finding  
[23:59:59] [spechunter] [Read] /home/yzs/riscv/qemu/analysis_mseccfg_migration_audit.json
[00:00:01] [spechunter] [text] Let me look at entry/exit paths and how the kernel handles SIE in entry.S
[00:00:01] [spechunter] [Grep] pattern='SIE|sie|SR_IE'
[00:00:01] [spechunter] [Glob] arch/riscv/kernel/*entry*
[00:00:54] [spechunter] [text] Now let me look at context switch and trap entry/exit paths, and also check for any runtime (non-CONFIG_32BIT) sieh acce...
[00:00:54] [spechunter] [Grep] pattern='CSR_IEH|CSR_IPH'
[00:00:54] [spechunter] [Grep] pattern='IEH|IPH|sieh|siph'
[00:00:54] [spechunter] [Grep] pattern='IEH|IPH|sieh|siph'
[00:01:28] [spechunter] [text] Now I need to examine how KVM handles VSIE in the context-switch path, and look for any code path where the lower-half s...
[00:01:28] [spechunter] [Read] /home/yzs/riscv/linux/arch/riscv/kvm/vcpu.c
[00:01:28] [spechunter] [Read] /home/yzs/riscv/linux/arch/riscv/kvm/vcpu.c
[00:01:28] [spechunter] [Read] /home/yzs/riscv/linux/arch/riscv/kvm/vcpu.c
[00:01:28] [spechunter] [text] Now I have a thorough understanding of the codebase. Let me verify one more aspect — the struct `sbi_hsm_data` layout an...
[00:01:28] [spechunter] [Read] /home/yzs/riscv/opensbi/lib/sbi/sbi_init.c
[00:01:28] [spechunter] [Read] /home/yzs/riscv/opensbi/lib/sbi/sbi_init.c
[00:01:28] [spechunter] [Grep] pattern='SMSTATEEN0_AIA|SMSTATEEN0_IMSIC'
[00:03:17] [spechunter] [text] Now let me check tools/testing, and also look for inline assembly or other indirect access patterns.  
[00:03:17] [spechunter] [Grep] pattern='SIEH|SIPH|IEH|IPH'
[00:03:17] [spechunter] [Grep] pattern='SIEH|SIPH|IEH|IPH'
[00:03:17] [spechunter] [Grep] pattern='0x114|0x154'
[00:03:36] [spechunter] [text] Let me check the KVM main.c init and also the kvm_aia.h structures for sieh/siph fields.  
[00:03:36] [spechunter] [Read] /home/yzs/riscv/linux/arch/riscv/kvm/main.c
[00:03:36] [spechunter] [Read] /home/yzs/riscv/linux/arch/riscv/include/asm/kvm_aia.h
[00:03:36] [spechunter] [Read] /home/yzs/riscv/linux/arch/riscv/include/uapi/asm/kvm.h
[00:04:06] [spechunter] [text] Now let me look at the Mip module from the beginning
[00:04:06] [spechunter] [Read] /home/yzs/riscv/XiangShan/src/main/scala/xiangshan/backend/fu/NewCSR/MachineLevel.scala
[00:04:11] [spechunter] [text] Now I have a complete picture of the codebase. There is **no code anywhere in OpenSBI** that writes `CSR_MVIP` (0x309) —...
[00:04:11] [spechunter] [Write] /home/yzs/riscv/opensbi/semantic_finding_mvip_mvien_warl.json
[00:04:15] [spechunter] [Bash] Check recent commits touching AIA-related files
[00:04:15] [spechunter] [Bash] Search for PR #910 related commits
[00:04:52] [spechunter] [Bash] Check current branch commits
[00:04:52] [spechunter] [Bash] Check the commit referenced as PR #910 in the fix-riscv-trap-misaligned-epc-restore branch
[00:05:37] [spechunter] [Read] /home/yzs/riscv/linux/arch/riscv/include/asm/csr.h
[00:05:37] [spechunter] [Read] /home/yzs/riscv/linux/arch/riscv/include/asm/csr.h
[00:05:37] [spechunter] [Read] /home/yzs/riscv/linux/arch/riscv/include/asm/csr.h
[00:05:43] [spechunter] [text] Found **13 distinct locations** in OpenSBI exhibiting the mvip-mvien WARL semantic gap. Here's the core finding:  **Zero...
[00:06:01] [spechunter] [text] Let me first look at the actual PR changes to understand precisely what this PR fixes.  
[00:06:01] [spechunter] [Bash] Check recent commits for AIA-related changes
[00:06:07] [spechunter] [text] Now let me look for any MACHINE_VIRTUAL_INTERRUPTS parameter that might control this  
[00:06:07] [spechunter] [Grep] pattern='MACHINE_VIRTUAL_INTERRUPTS|virtualInterrupt|machineVirtualInterrupt'
[00:06:07] [spechunter] [Grep] pattern='MACHINE_VIRTUAL_INTERRUPTS|virtualInterrupt|machineVirtualInterrupt'
[00:06:17] [spechunter] [text] Let me validate the locations against the actual code and understand the PR's scope
[00:06:17] [spechunter] [Read] /home/yzs/riscv/opensbi/include/sbi/riscv_encoding.h
[00:06:17] [spechunter] [Read] /home/yzs/riscv/opensbi/lib/sbi/sbi_hsm.c
[00:06:17] [spechunter] [Read] /home/yzs/riscv/opensbi/lib/sbi/sbi_domain_context.c
[00:06:31] [spechunter] [Read] /home/yzs/riscv/opensbi/lib/sbi/sbi_hsm.c
[00:06:31] [spechunter] [Read] /home/yzs/riscv/opensbi/lib/sbi/sbi_domain_context.c
[00:06:31] [spechunter] [Read] /home/yzs/riscv/opensbi/lib/sbi/riscv_asm.c
[00:06:41] [spechunter] [text] Now let me verify the other referenced files to ensure correctness of the locations.  
[00:06:41] [spechunter] [Read] /home/yzs/riscv/linux/arch/riscv/kvm/aia.c
[00:06:41] [spechunter] [Read] /home/yzs/riscv/linux/arch/riscv/kvm/aia.c
[00:06:41] [spechunter] [Read] /home/yzs/riscv/linux/arch/riscv/include/asm/kvm_aia.h
[00:06:41] [spechunter] [Read] /home/yzs/riscv/linux/arch/riscv/include/uapi/asm/kvm.h
[00:06:59] [spechunter] [Read] /home/yzs/riscv/opensbi/lib/sbi/sbi_hsm.c
[00:06:59] [spechunter] [Read] /home/yzs/riscv/opensbi/lib/sbi/sbi_hsm.c
[00:06:59] [spechunter] [Read] /home/yzs/riscv/opensbi/lib/sbi/riscv_asm.c
[00:06:59] [spechunter] [Read] /home/yzs/riscv/opensbi/lib/sbi/sbi_emulate_csr.c
[00:07:50] [spechunter] [text] Now let me validate the emulate_csr and csr_read_num locations more carefully, and also check for MIDELEGH.  
[00:07:50] [spechunter] [Grep] pattern='MIDELEGH'
[00:07:50] [spechunter] [Grep] pattern='MVIEN|MVIP'
[00:07:59] [spechunter] [text] Now let me verify the tools/ and selftest locations
[00:07:59] [spechunter] [Read] /home/yzs/riscv/linux/tools/arch/riscv/include/asm/csr.h
[00:07:59] [spechunter] [Read] /home/yzs/riscv/linux/tools/testing/selftests/kvm/riscv/get-reg-list.c
[00:07:59] [spechunter] [Read] /home/yzs/riscv/linux/tools/testing/selftests/kvm/riscv/get-reg-list.c
[00:07:59] [spechunter] [Read] /home/yzs/riscv/linux/tools/testing/selftests/kvm/riscv/get-reg-list.c
[00:08:51] [spechunter] [text] Now let me verify the `has_interrupts` reference more precisely and the tools/ VS definitions
[00:08:51] [spechunter] [Read] /home/yzs/riscv/linux/arch/riscv/kvm/aia.c
[00:08:51] [spechunter] [Read] /home/yzs/riscv/linux/tools/arch/riscv/include/asm/csr.h
[00:08:51] [spechunter] [Read] /home/yzs/riscv/linux/tools/arch/riscv/include/asm/csr.h
[00:09:07] [spechunter] [TodoWrite] 6 items
[00:09:42] [spechunter] [Read] /home/yzs/riscv/XiangShan/src/main/scala/xiangshan/backend/decode/isa/CSRs.scala
[00:09:42] [spechunter] [Read] /home/yzs/riscv/XiangShan/src/main/scala/xiangshan/backend/decode/isa/CSRs.scala
[00:09:42] [spechunter] [Read] /home/yzs/riscv/XiangShan/src/main/scala/xiangshan/backend/decode/isa/CSRs.scala
[00:09:42] [spechunter] [Read] /home/yzs/riscv/XiangShan/src/main/scala/xiangshan/backend/decode/isa/CSRs.scala
[00:09:56] [spechunter] [Read] /home/yzs/riscv/XiangShan/src/main/scala/xiangshan/backend/fu/NewCSR/MachineLevel.scala
[00:09:56] [spechunter] [Read] /home/yzs/riscv/XiangShan/src/main/scala/xiangshan/backend/fu/NewCSR/MachineLevel.scala
[00:09:56] [spechunter] [Read] /home/yzs/riscv/XiangShan/src/main/scala/xiangshan/backend/fu/NewCSR/MachineLevel.scala
[00:09:56] [spechunter] [Read] /home/yzs/riscv/XiangShan/src/main/scala/xiangshan/backend/fu/NewCSR/MachineLevel.scala
[00:10:01] [spechunter] [text] Now let me cross-validate each location against the actual code and the PR context. I'll verify relevance systematically...
[00:10:09] [spechunter] [Read] /home/yzs/riscv/XiangShan/src/main/scala/xiangshan/backend/fu/NewCSR/InterruptBundle.scala
[00:10:09] [spechunter] [Read] /home/yzs/riscv/XiangShan/src/main/scala/xiangshan/backend/fu/NewCSR/InterruptBundle.scala
[00:10:09] [spechunter] [Read] /home/yzs/riscv/XiangShan/src/main/scala/xiangshan/backend/fu/NewCSR/SupervisorLevel.scala
[00:10:09] [spechunter] [Read] /home/yzs/riscv/XiangShan/src/main/scala/xiangshan/backend/fu/NewCSR/VirtualSupervisorLevel.scala
[00:10:26] [spechunter] [text] Looking at the code locations, they're all placeholder entries (`:0-0`). I need to search the codebase for mvip/mvien us...
[00:10:26] [spechunter] [Grep] pattern='mvip|mvien|MVIP|MVIEN'
[00:10:26] [spechunter] [Grep] pattern='CSR_MVIP|CSR_MVIEN|csr_write.*mvip|csr_write.*mvien'
[00:10:29] [spechunter] [text] All locations verified against the source. Here is the cross-validated, ranked set:  ```json {   "locations": [     {"fi...
[00:10:37] [spechunter] [Read] /home/yzs/riscv/XiangShan/src/main/scala/xiangshan/backend/fu/NewCSR/HypervisorLevel.scala
[00:10:37] [spechunter] [Read] /home/yzs/riscv/XiangShan/src/main/scala/xiangshan/backend/fu/NewCSR/NewCSR.scala
[00:10:37] [spechunter] [Read] /home/yzs/riscv/XiangShan/src/main/scala/xiangshan/backend/fu/NewCSR/NewCSR.scala
[00:10:37] [spechunter] [Read] /home/yzs/riscv/XiangShan/src/main/scala/xiangshan/backend/fu/NewCSR/NewCSR.scala
[00:10:37] [spechunter] [Read] /home/yzs/riscv/XiangShan/src/main/scala/xiangshan/backend/fu/NewCSR/NewCSR.scala
[00:10:37] [spechunter] [Read] /home/yzs/riscv/XiangShan/src/main/scala/xiangshan/backend/fu/NewCSR/TrapHandleModule.scala
[00:10:37] [spechunter] [Read] /home/yzs/riscv/XiangShan/src/main/scala/xiangshan/backend/fu/NewCSR/TrapHandleModule.scala
[00:10:37] [spechunter] [Read] /home/yzs/riscv/XiangShan/src/main/scala/xiangshan/backend/fu/NewCSR/CSRPermitModule.scala
[00:10:45] [spechunter] [Read] /home/yzs/riscv/XiangShan/src/main/scala/xiangshan/backend/fu/NewCSR/CSRPermitModule.scala
[00:10:45] [spechunter] [Read] /home/yzs/riscv/XiangShan/src/main/scala/xiangshan/backend/fu/NewCSR/CSRPermitModule.scala
[00:10:45] [spechunter] [Read] /home/yzs/riscv/XiangShan/src/main/scala/xiangshan/backend/fu/NewCSR/CSROoORead.scala
[00:10:45] [spechunter] [Read] /home/yzs/riscv/XiangShan/src/main/scala/xiangshan/backend/fu/NewCSR/CSROoORead.scala
[00:10:56] [spechunter] [text] I'll start by searching the codebase for all occurrences of `CSR_SIEH` to find the actual code locations that are releva...
[00:10:56] [spechunter] [Grep] pattern='CSR_SIEH'
[00:10:56] [spechunter] [Grep] pattern='csr_write.*0x114|csr_write.*sieh|CSR_SIEH'
[00:11:06] [spechunter] [text] Now let me check the sip write path more carefully and check for additional constraint coupling issues    
[00:11:06] [spechunter] [Read] /home/yzs/riscv/qemu/target/riscv/csr.c
[00:11:06] [spechunter] [Read] /home/yzs/riscv/qemu/target/riscv/cpu_helper.c
[00:11:11] [spechunter] [text] The grep shows only CSR definitions in `riscv_encoding.h` — no functional usage of mvip/mvien CSRs in the source. Let me...
[00:11:11] [spechunter] [Grep] pattern='csr_write.*0x308|csr_read.*0x308|csr_write.*0x309|csr_read.*0x309|csr_write.*0x318|csr_read.*0x318|csr_write.*0x319|csr_read.*0x319'
[00:11:11] [spechunter] [Grep] pattern='CSR_MVIP|CSR_MVIEN|CSR_MVIPH|CSR_MVIENH'
[00:11:11] [spechunter] [Glob] lib/sbi/sbi_hsm.c
[00:11:11] [spechunter] [Glob] lib/sbi/sbi_domain_context.c
[00:11:11] [spechunter] [Glob] lib/sbi/sbi_ipi.c
[00:11:20] [spechunter] [text] Let me search for uses of `CSR_IEH` (which aliases to `CSR_SIEH`) and also look at how the kernel does interrupt masking...
[00:11:20] [spechunter] [Grep] pattern='CSR_IEH'
[00:11:20] [spechunter] [Grep] pattern='csr_write.*sie|csr_set.*sie|csr_clear.*sie'
[00:11:20] [spechunter] [Read] /home/yzs/riscv/linux/arch/riscv/include/asm/csr.h
[00:11:44] [spechunter] [Grep] pattern='csr_.*\\(CSR_IEH'
[00:11:44] [spechunter] [Grep] pattern='csr_.*\\(CSR_SIEH'
[00:11:44] [spechunter] [Grep] pattern='IEH|IE_H|ie_h|ieh'
[00:12:00] [spechunter] [text] Good — the CSRs are defined but never used in functional code. Let me now verify this comprehensively, and also check th...
[00:12:00] [spechunter] [Grep] pattern='MVIP|MVIEN'
[00:12:00] [spechunter] [Grep] pattern='MVIP|MVIEN'
[00:12:00] [spechunter] [Grep] pattern='MVIP|MVIEN'
[00:12:20] [spechunter] [text] Let me also search for any broader patterns and check the entry.S context-switch code where interrupt masking typically ...
[00:12:20] [spechunter] [Grep] pattern='CSR_SIE\\b'
[00:12:20] [spechunter] [Grep] pattern='sr_sie|sr_spie|sr_pp'
[00:12:20] [spechunter] [Read] /home/yzs/riscv/linux/arch/riscv/kvm/aia.c
[00:12:20] [spechunter] [text] Let me verify this comprehensively by also checking the IPI and HSM code for any indirect sip/hip writes that might rela...
[00:12:20] [spechunter] [Grep] pattern='CSR_SIP|CSR_HIP|csr_write.*sip|csr_set.*SIP'
[00:12:20] [spechunter] [Grep] pattern='CSR_SIP|CSR_HIP|csr_write.*sip|csr_set.*SIP'
[00:12:52] [spechunter] [text] Now let me also check the hvip/hvien parallel for comparison
[00:12:52] [spechunter] [Read] /home/yzs/riscv/qemu/target/riscv/csr.c
[00:12:54] [spechunter] [text] Now let me verify the remaining locations to complete cross-validation.  
[00:12:54] [spechunter] [Read] /home/yzs/riscv/XiangShan/src/main/scala/xiangshan/backend/fu/NewCSR/InterruptBundle.scala
[00:12:54] [spechunter] [Read] /home/yzs/riscv/XiangShan/src/main/scala/xiangshan/backend/fu/NewCSR/CSRPermitModule.scala
[00:13:00] [spechunter] [text] Let me also check for any assembly uses of SIEH and look at the interrupt entry/exit paths.  
[00:13:00] [spechunter] [Grep] pattern='0x114|SIEH|sieh'
[00:13:00] [spechunter] [Grep] pattern='0x114|sieh|SIEH'
[00:13:00] [spechunter] [Grep] pattern='CSR_SIE\\b'
[00:13:35] [spechunter] [text] Let me also search more broadly for interrupt masking patterns and check the entry.S for how interrupts are manipulated....
[00:13:35] [spechunter] [Grep] pattern='csr.*sie\\b|csr.*CSR_IE\\b|SR_IE|irq.*disable|local_irq'
[00:13:35] [spechunter] [Grep] pattern='csr_write.*0x114|csr_.*sieh'
[00:13:35] [spechunter] [Read] /home/yzs/riscv/linux/arch/riscv/kernel/kexec_relocate.S
[00:14:07] [spechunter] [text] Let me check the irqflags implementation and the spec reference for the sieh behavior.  
[00:14:07] [spechunter] [Read] /home/yzs/riscv/linux/arch/riscv/include/asm/irqflags.h
[00:14:07] [spechunter] [Glob] **/riscv-privileged*
[00:14:19] [spechunter] [text] Let me also search for relevant spec references and how the pattern applies more broadly    
[00:14:19] [spechunter] [Grep] pattern='writable_mask'
[00:14:19] [spechunter] [Grep] pattern='hvip_writable_mask|hvien_writable_mask'
[00:14:43] [spechunter] [text] Let me now look at the actual relevant code sections in these key files.  
[00:14:43] [spechunter] [Read] /home/yzs/riscv/opensbi/lib/sbi/sbi_ipi.c
[00:14:43] [spechunter] [Read] /home/yzs/riscv/opensbi/lib/sbi/sbi_hsm.c
[00:14:43] [spechunter] [Read] /home/yzs/riscv/opensbi/lib/sbi/sbi_hsm.c
[00:14:43] [spechunter] [Read] /home/yzs/riscv/opensbi/lib/sbi/sbi_domain_context.c
[00:14:47] [spechunter] [text] Let me search more broadly for any use of the raw CSR number 0x114 or the SIEH register in assembly files and drivers, a...
[00:14:47] [spechunter] [Grep] pattern='0x114'
[00:14:47] [spechunter] [Glob] **/aia*
[00:14:47] [spechunter] [Glob] **/*supervisor*
[00:15:09] [spechunter] [text] All fast-path locations have been cross-validated against the source. Here is the final reviewed location set:  ```json ...
[00:15:28] [spechunter] [Grep] pattern='mvien|mvip|aia'
[00:15:28] [spechunter] [Grep] pattern='csr|custom'
[00:15:30] [spechunter] [Grep] pattern='sieh|SIEH|sie\\[63|high.*sie|sie.*high'
[00:15:30] [spechunter] [Grep] pattern='sieh|SIEH|0x114|high.*interrupt'
[00:15:54] [spechunter] [Agent] description, prompt
[00:15:54] [spechunter] [Agent] description, prompt
[00:16:08] [spechunter] [Grep] pattern='sieh|SIEH|sie high|sie\\[63'
[00:16:08] [spechunter] [Glob] **/*aia*
[00:16:13] [spechunter] [Grep] pattern='mvip|mvien'
[00:16:13] [spechunter] [Bash] List the spec_ref directory contents
[00:16:13] [spechunter] [Glob] **/*
[00:16:17] [spechunter] [Grep] pattern='mvip'
[00:16:17] [spechunter] [Grep] pattern='MACHINE_VIRTUAL_INTERRUPTS'
[00:16:17] [spechunter] [Grep] pattern='VirtualInterrupt'
[00:16:17] [spechunter] [Grep] pattern='mvien'
[00:16:23] [spechunter] [Grep] pattern='sieh|0x114|alias|sie\\['
[00:16:37] [spechunter] [Grep] pattern='mvip|mvien'
[00:16:37] [spechunter] [Grep] pattern='advanced interrupt|APLIC|IMSIC|aia|virtual interrupt pending|virtual interrupt enable'
[00:16:37] [spechunter] [Glob] **/*aia*
[00:16:37] [spechunter] [Glob] **/*hypervisor*
[00:16:56] [spechunter] [Read] /home/yzs/riscv/XiangShan/src/main/scala/xiangshan/backend/fu/NewCSR/MachineLevel.scala
[00:16:56] [spechunter] [Read] /home/yzs/riscv/XiangShan/src/main/scala/xiangshan/backend/fu/NewCSR/MachineLevel.scala
[00:16:56] [spechunter] [Read] /home/yzs/riscv/XiangShan/src/main/scala/xiangshan/backend/fu/NewCSR/MachineLevel.scala
[00:16:56] [spechunter] [Read] /home/yzs/riscv/XiangShan/src/main/scala/xiangshan/backend/fu/NewCSR/SupervisorLevel.scala
[00:16:56] [spechunter] [Read] /home/yzs/riscv/XiangShan/src/main/scala/xiangshan/backend/fu/NewCSR/VirtualSupervisorLevel.scala
[00:16:56] [spechunter] [Read] /home/yzs/riscv/XiangShan/src/main/scala/xiangshan/backend/fu/NewCSR/InterruptBundle.scala
[00:17:07] [spechunter] [Grep] pattern='mvip|mvien'
[00:17:07] [spechunter] [Grep] pattern='mvip|mvien'
[00:17:07] [spechunter] [Grep] pattern='mvip|mvien'
[00:17:07] [spechunter] [Grep] pattern='mvip|mvien'
[00:17:07] [spechunter] [Grep] pattern='mvip|mvien|virtual interrupt|Smaia|Ssaia'
[00:17:13] [spechunter] [text] Let me read the spec context about sieh alias behavior and also verify the kernel interrupt handling paths more thorough...
[00:17:13] [spechunter] [Read] /home/yzs/riscv/rv-isa-sec/spec_ref/riscv-isa-manual/src/priv/csrs.adoc
[00:17:13] [spechunter] [Read] /home/yzs/riscv/linux/arch/riscv/include/asm/csr.h
[00:17:13] [spechunter] [Read] /home/yzs/riscv/linux/arch/riscv/include/asm/csr.h
[00:17:33] [spechunter] [Grep] pattern='mvip|mvien|virtual interrupt pending|virtual interrupt enable'
[00:17:33] [spechunter] [Grep] pattern='mvip|mvien'
[00:17:33] [spechunter] [Grep] pattern='mvip|mvien|Smaia|Ssaia'
[00:17:33] [spechunter] [Grep] pattern='mvip|mvien'
[00:17:37] [spechunter] [Read] /home/yzs/riscv/XiangShan/src/main/scala/xiangshan/backend/decode/isa/CSRs.scala
[00:17:37] [spechunter] [Read] /home/yzs/riscv/XiangShan/src/main/scala/xiangshan/backend/decode/isa/CSRs.scala
[00:17:37] [spechunter] [Read] /home/yzs/riscv/XiangShan/src/main/scala/xiangshan/backend/decode/isa/CSRs.scala
[00:17:37] [spechunter] [Read] /home/yzs/riscv/XiangShan/src/main/scala/xiangshan/backend/decode/isa/CSRs.scala
[00:17:37] [spechunter] [Read] /home/yzs/riscv/XiangShan/src/main/scala/xiangshan/backend/fu/NewCSR/CSROoORead.scala
[00:17:37] [spechunter] [Read] /home/yzs/riscv/XiangShan/src/main/scala/xiangshan/backend/fu/NewCSR/NewCSR.scala
[00:17:37] [spechunter] [Read] /home/yzs/riscv/XiangShan/src/main/scala/xiangshan/backend/fu/NewCSR/NewCSR.scala
[00:17:37] [spechunter] [Read] /home/yzs/riscv/XiangShan/src/main/scala/xiangshan/backend/fu/NewCSR/TrapHandleModule.scala
[00:17:42] [spechunter] [text] Let me check the PR context and verify the actual write operation patterns more carefully.  
[00:17:42] [spechunter] [Bash] Check recent git log for PR #910 context
[00:17:42] [spechunter] [Grep] pattern='csr_write.*IEH|csr_set.*IEH|csr_clear.*IEH'
[00:18:02] [spechunter] [Grep] pattern='mvip|mvien|Smaia|Ssaia|virtual interrupt'
[00:18:02] [spechunter] [Grep] pattern='mvip|mvien|Smaia|Ssaia'
[00:18:02] [spechunter] [Grep] pattern='0x304|0x305|0x306|0x307|0x308|0x309'
[00:18:02] [spechunter] [Grep] pattern='0x304|0x305|0x306|0x307|0x308|0x309'
[00:18:11] [spechunter] [Read] /home/yzs/riscv/XiangShan/src/main/scala/xiangshan/backend/fu/NewCSR/SupervisorLevel.scala
[00:18:11] [spechunter] [Read] /home/yzs/riscv/XiangShan/src/main/scala/xiangshan/backend/fu/NewCSR/HypervisorLevel.scala
[00:18:11] [spechunter] [Read] /home/yzs/riscv/XiangShan/src/main/scala/xiangshan/backend/fu/NewCSR/CSRPermitModule.scala
[00:18:11] [spechunter] [Read] /home/yzs/riscv/XiangShan/src/main/scala/xiangshan/backend/fu/NewCSR/CSRPermitModule.scala
[00:18:11] [spechunter] [Read] /home/yzs/riscv/XiangShan/src/main/scala/xiangshan/backend/fu/NewCSR/SupervisorLevel.scala
[00:18:11] [spechunter] [Read] /home/yzs/riscv/XiangShan/src/main/scala/xiangshan/backend/fu/NewCSR/VirtualSupervisorLevel.scala
[00:18:11] [spechunter] [Read] /home/yzs/riscv/XiangShan/src/main/scala/xiangshan/backend/fu/NewCSR/MachineLevel.scala
[00:18:17] [spechunter] [text] Now let me check the spec references to confirm the mvip/mvien WARL behavior and MIP alias semantics.  
[00:18:17] [spechunter] [Bash] List spec reference directories
[00:18:17] [spechunter] [Read] /home/yzs/riscv/opensbi/lib/sbi/sbi_hsm.c
[00:18:17] [spechunter] [Read] /home/yzs/riscv/rv-isa-sec/spec_ref/riscv-isa-manual/src/priv/csrs.adoc
[00:18:17] [spechunter] [Read] /home/yzs/riscv/rv-isa-sec/spec_ref/riscv-cheri/src/priv-csrs.adoc
[00:18:17] [spechunter] [TodoWrite] 5 items
[00:18:29] [spechunter] [Grep] pattern='Machine Indirect|siselect|sireg'
[00:18:30] [spechunter] [text] Let me check the context of the CSR_IEH definition and verify whether there are any indirect paths that could hit this. ...
[00:18:30] [spechunter] [Read] /home/yzs/riscv/linux/arch/riscv/include/asm/csr.h
[00:18:30] [spechunter] [Read] /home/yzs/riscv/linux/arch/riscv/kvm/aia.c
[00:18:30] [spechunter] [Read] /home/yzs/riscv/linux/arch/riscv/kvm/aia.c
[00:18:42] [spechunter] [text] Now let me check the HSM data structure and the SBI domain context structure, and look for spec references.  
[00:18:42] [spechunter] [Grep] pattern='struct sbi_hsm_data'
[00:18:42] [spechunter] [Grep] pattern='sbi_domain_context'
[00:18:57] [spechunter] [Read] /home/yzs/riscv/rv-isa-sec/spec_ref/riscv-fast-interrupt/src/aclic.adoc
[00:18:57] [spechunter] [Grep] pattern='mvip|mvien|WARL'
[00:18:57] [spechunter] [Grep] pattern='Smaia|Ssaia'
[00:19:03] [spechunter] [Grep] pattern='struct sbi_hsm_data \\{'
[00:19:03] [spechunter] [Grep] pattern='struct sbi_domain_context \\{'
[00:19:03] [spechunter] [Grep] pattern='mvip|mvien|MVIP|MVIEN'
[00:19:04] [spechunter] [Grep] pattern='mvip|mvien'
[00:19:04] [spechunter] [Grep] pattern='mvip|mvien'
[00:19:04] [spechunter] [Read] /home/yzs/riscv/XiangShan/src/main/scala/xiangshan/backend/fu/NewCSR/CSRPermitModule.scala
[00:19:04] [spechunter] [Read] /home/yzs/riscv/XiangShan/src/main/scala/xiangshan/backend/fu/NewCSR/NewCSR.scala
[00:19:04] [spechunter] [Grep] pattern='mvip|mvien'
[00:19:11] [spechunter] [Grep] pattern='0x308|0x309|mvip|mvien'
[00:19:11] [spechunter] [Grep] pattern='mvip|mvien'
[00:19:11] [spechunter] [Grep] pattern='0x308|0x309|mvip|mvien'
[00:19:16] [spechunter] [text] Let me look for the AIA (Smaia/Ssaia) specification for the mvip/mvien WARL rules and the MIP.SSIP/STIP alias behavior. ...
[00:19:16] [spechunter] [Bash] Find all adoc spec files in spec_ref
[00:19:16] [spechunter] [Grep] pattern='mvip.*mvien|mvien.*mvip|WARL.*mvip|mvip.*WARL|sw_write'
[00:19:19] [spechunter] [Read] /home/yzs/riscv/rv-isa-sec/spec_ref/riscv-isa-manual/src/priv/smcsrind.adoc
[00:19:19] [spechunter] [Read] /home/yzs/riscv/rv-isa-sec/spec_ref/riscv-isa-manual/src/priv/csrs.adoc
[00:19:23] [spechunter] [text] Let me also check for any indirect CSR access paths that might use SIEH, and verify the kexec code path more thoroughly
[00:19:23] [spechunter] [Grep] pattern='CSR_IEH'
[00:19:23] [spechunter] [Read] /home/yzs/riscv/linux/arch/riscv/kernel/kexec_relocate.S
[00:19:23] [spechunter] [Read] /home/yzs/riscv/linux/arch/riscv/kvm/aia.c
[00:19:30] [spechunter] [Read] /home/yzs/riscv/XiangShan/src/main/scala/xiangshan/backend/fu/NewCSR/TrapHandleModule.scala
[00:19:30] [spechunter] [Read] /home/yzs/riscv/XiangShan/rocket-chip/src/main/scala/rocket/Instructions.scala
[00:19:33] [spechunter] [text] Let me read the AIA spec for the mvip/mvien WARL behavior, and the ISA manual for the MIP.SSIP/STIP alias on AIA systems...
[00:19:33] [spechunter] [Read] /home/yzs/riscv/rv-isa-sec/spec_ref/riscv-fast-interrupt/src/aclic.adoc
[00:19:33] [spechunter] [Grep] pattern='mvip|mvien|writable.*mip|alias.*HVIP|MIP.*SSIP|SSIP.*alias'
[00:19:39] [spechunter] [Grep] pattern='mvip|mvien'
[00:19:39] [spechunter] [Grep] pattern='AIA|Smaia|Ssaia|virtual interrupt'
[00:19:39] [spechunter] [Grep] pattern='AIA|Smaia|Ssaia'
[00:19:50] [spechunter] [text] Let me search for the AIA spec's definition of mvip/mvien and the MIP alias behavior
[00:19:50] [spechunter] [Grep] pattern='mvip\\[|mvien\\[|sw_write|write.*mvip|mvip.*write|WARL'
[00:19:50] [spechunter] [Grep] pattern='MIP.*SSIP.*alias|SSIP.*alias.*HVIP|SSIP.*alias.*mvip|VSSIP|VSTIP|VSEIP'
[00:19:57] [spechunter] [Bash] List all adoc files in spec_ref
[00:19:57] [spechunter] [Grep] pattern='mvip|mvien'
[00:19:57] [spechunter] [Grep] pattern='mvip|mvien'
[00:19:57] [spechunter] [text] Let me check the hvip/hvien parallel path for the same pattern.    
[00:19:57] [spechunter] [Read] /home/yzs/riscv/qemu/target/riscv/csr.c
[00:19:57] [spechunter] [Read] /home/yzs/riscv/qemu/target/riscv/csr.c
[00:20:04] [spechunter] [text] This is the critical finding. Let me read the irq-riscv-intc.c code where `CSR_IEH` is actually used in mask/unmask oper...
[00:20:04] [spechunter] [Read] /home/yzs/riscv/linux/drivers/irqchip/irq-riscv-intc.c
[00:20:11] [spechunter] [text] Let me look at the ISA manual for mvip/mvien definitions and also check the existing semantic findings for context
[00:20:11] [spechunter] [Grep] pattern='mvip|mvien'
[00:20:11] [spechunter] [Read] /home/yzs/riscv/opensbi/semantic_finding_mvip_mvien_warl.json
[00:20:49] [spechunter] [Read] /home/yzs/riscv/rv-isa-sec/spec_ref/riscv-isa-manual/normative_rule_defs/smcdeleg.yaml
[00:20:49] [spechunter] [Read] /home/yzs/riscv/rv-isa-sec/spec_ref/riscv-isa-manual/src/priv/smcdeleg.adoc
[00:21:09] [spechunter] [text] Now let me check the sbi_timer.c code and the sbi_init.c warm resume sequence for completeness.  
[00:21:09] [spechunter] [Read] /home/yzs/riscv/opensbi/lib/sbi/sbi_timer.c
[00:21:09] [spechunter] [Read] /home/yzs/riscv/opensbi/lib/sbi/sbi_init.c
[00:21:09] [spechunter] [Read] /home/yzs/riscv/opensbi/lib/sbi/sbi_hart.c
[00:21:42] [spechunter] [Read] /home/yzs/riscv/XiangShan/src/main/scala/xiangshan/backend/fu/NewCSR/MachineLevel.scala
[00:21:42] [spechunter] [Read] /home/yzs/riscv/XiangShan/src/main/scala/xiangshan/backend/fu/NewCSR/MachineLevel.scala
[00:21:42] [spechunter] [Read] /home/yzs/riscv/XiangShan/src/main/scala/xiangshan/backend/fu/NewCSR/InterruptBundle.scala
[00:21:45] [spechunter] [TodoWrite] 5 items
[00:21:50] [spechunter] [text] Now let me verify the spec reference for the SIEH behavior and also check if there's any indirect CSR access path.  
[00:21:50] [spechunter] [Read] /home/yzs/riscv/rv-isa-sec/spec_ref/riscv-isa-manual/src/priv/csrs.adoc
[00:21:50] [spechunter] [Grep] pattern='csr.*\\(CSR_SIE,|csr.*\\(CSR_IE,|csrw.*CSR_SIE'
[00:22:05] [spechunter] [text] Let me check for the detailed AIA mvip/mvien WARL specification.  
[00:22:05] [spechunter] [Grep] pattern='mvip.*read.only|write.*1.*mvip|mvip.*writable|mvip\\[i\\]|sw_write.*mvip|legal.*mvip|mvip.*condition'
[00:22:05] [spechunter] [Grep] pattern='VSSIP|VSTIP|VSEIP|hvip|HVIP'
[00:22:07] [spechunter] [Read] /home/yzs/riscv/XiangShan/src/main/scala/xiangshan/backend/fu/NewCSR/InterruptBundle.scala
[00:22:07] [spechunter] [Grep] pattern='class InterruptPendingBundle|class InterruptEnableBundle|class IpValidBundle|def getHS|def getLocal|def getVS'
[00:22:07] [spechunter] [Grep] pattern='wdata|regOut|WARL|writemask|wMask|wmask|writeMask'
[00:22:32] [spechunter] [Read] /home/yzs/riscv/XiangShan/src/main/scala/xiangshan/backend/fu/NewCSR/CSRModule.scala
[00:22:32] [spechunter] [Read] /home/yzs/riscv/XiangShan/src/main/scala/xiangshan/backend/fu/NewCSR/MachineLevel.scala
[00:22:37] [spechunter] [Read] /home/yzs/riscv/rv-isa-sec/spec_ref/riscv-isa-manual/src/priv/hypervisor.adoc
[00:22:37] [spechunter] [Grep] pattern='sbi_hsm_data'
[00:22:40] [spechunter] [Grep] pattern='sbi_hsm_data'
[00:22:46] [spechunter] [text] Let me check the suspend code and look for any indirect paths.  
[00:22:46] [spechunter] [Read] /home/yzs/riscv/linux/arch/riscv/kernel/suspend.c
[00:22:46] [spechunter] [Grep] pattern='context->ie|context.*\\.ie\\b'
[00:22:47] [spechunter] [Grep] pattern='struct sbi_hsm_data'
[00:23:18] [spechunter] [text] Let me do a final comprehensive search to make sure I haven't missed any indirect paths.  
[00:23:18] [spechunter] [Grep] pattern='csr_write|csr_set|csr_clear|csr_read|csr_swap'
[00:23:38] [spechunter] [text] Let me check the PR context for AIA-related changes.  
[00:23:38] [spechunter] [Bash] Recent commits for AIA context
[00:23:38] [spechunter] [Bash] List branches for AIA context
[00:23:43] [spechunter] [text] Now I have a complete picture. Let me verify one more thing — how the KVM VCPU path handles sie on RV64.  
[00:23:43] [spechunter] [Read] /home/yzs/riscv/linux/arch/riscv/kvm/vcpu.c
[00:23:43] [spechunter] [Read] /home/yzs/riscv/linux/arch/riscv/kvm/main.c
[00:24:01] [spechunter] [text] Now let me verify one more detail — how `rmw_mvip64` reads back the mvip value for alias bits versus non-alias bits, spe...
[00:24:01] [spechunter] [Read] /home/yzs/riscv/qemu/target/riscv/csr.c
[00:24:08] [spechunter] [text] Now let me check the spec for the WARL mvip write rule and the MIP alias behavior on AIA+H.  
[00:24:08] [spechunter] [Grep] pattern='writable.*1.*only.*if|write.*1.*legal|alias.*mip|mip.*alias|read.only.*alias'
[00:24:08] [spechunter] [Grep] pattern='VSSIP|VSTIP|VSEIP|virtual supervisor.*interrupt|VS-level.*interrupt'
[00:24:18] [spechunter] [Bash] Check recent commits on current branch
[00:24:18] [spechunter] [Bash] Check what files changed
[00:24:34] [spechunter] [Bash] View the actual diff of changes on this branch
[00:24:37] [spechunter] [text] Now let me look for the authoritative AIA spec for the mvip WARL write rule.  
[00:24:37] [spechunter] [Grep] pattern='mvip.*writable|writable.*mvip|bit.*mvip|mvien.*set.*1|enable.*mvien'
[00:24:37] [spechunter] [Read] /home/yzs/riscv/opensbi/lib/sbi/sbi_init.c
[00:24:53] [spechunter] [text] Let me verify the actual state of the changed file to cross-validate
[00:24:53] [spechunter] [Read] /home/yzs/riscv/qemu/target/riscv/machine.c
[00:25:26] [spechunter] [text] Now let me understand the full picture. The branch `fix-vmstate-mseccfg` has a single commit adding `mseccfg` to VMState...
[00:25:26] [spechunter] [Bash] Full commit history for this branch
[00:26:33] [spechunter] [text] Now let me validate the actual code referenced by the fast-path locations to confirm they exist
[00:26:33] [spechunter] [Read] /home/yzs/riscv/qemu/target/riscv/machine.c
[00:26:33] [spechunter] [Read] /home/yzs/riscv/qemu/target/riscv/cpu_bits.h
[00:26:45] [spechunter] [Read] /home/yzs/riscv/XiangShan/src/main/scala/xiangshan/backend/fu/NewCSR/MachineLevel.scala
[00:26:45] [spechunter] [Read] /home/yzs/riscv/XiangShan/src/main/scala/xiangshan/backend/fu/NewCSR/InterruptBundle.scala
[00:27:50] [spechunter] [text] Now I have a clear picture. Let me produce the final cross-validated location set.  **Key finding**: The branch `fix-vms...
[00:28:00] [spechunter] [Grep] pattern='mvip'
[00:28:00] [spechunter] [Grep] pattern='mvien'
[00:28:00] [spechunter] [Glob] /home/yzs/riscv/rv-isa-sec/spec_ref/**/*
[00:28:13] [spechunter] [Grep] pattern='mvip|mvien'
[00:28:13] [spechunter] [Grep] pattern='mvip|mvien'
[00:28:13] [spechunter] [Grep] pattern='mvip|mvien'
[00:28:13] [spechunter] [Grep] pattern='mvip|mvien'
[00:28:38] [spechunter] [Read] /home/yzs/riscv/qemu/target/riscv/csr.c
[00:28:38] [spechunter] [Read] /home/yzs/riscv/qemu/target/riscv/csr.c
[00:29:53] [spechunter] [text] Now let me check the sip/vsip interaction with mvip for local interrupts to understand the full write path
[00:29:53] [spechunter] [Read] /home/yzs/riscv/XiangShan/src/main/scala/xiangshan/backend/fu/NewCSR/SupervisorLevel.scala
[00:29:53] [spechunter] [Read] /home/yzs/riscv/XiangShan/src/main/scala/xiangshan/backend/fu/NewCSR/InterruptBundle.scala
[00:30:59] [spechunter] [text] Now let me check the CSR registration for mvip/mvien to see all entry points
[00:30:59] [spechunter] [Grep] pattern='CSR_MVIP|CSR_MVIEN|CSR_SIP'
[00:30:59] [spechunter] [Grep] pattern='LOCAL_INTERRUPTS|S_MODE_INTERRUPTS'
[00:31:03] [spechunter] [Grep] pattern='#define LOCAL_INTERRUPTS'
[00:33:11] [spechunter] [text] Let me now look at the AIA spec for the normative requirement on mvip/mvien coupling.  
[00:33:11] [spechunter] [Glob] /home/yzs/riscv/rv-isa-sec/spec_ref/**/*aia*
[00:33:11] [spechunter] [Glob] /home/yzs/riscv/rv-isa-sec/spec_ref/**/*AIA*
[00:33:11] [spechunter] [Glob] /home/yzs/riscv/rv-isa-sec/spec_ref/**/*.adoc
[00:33:27] [spechunter] [text] Let me search for the AIA-specific spec document and the relevant mvip/mvien coupling text
[00:33:27] [spechunter] [Grep] pattern='mvip|mvien'
[00:33:27] [spechunter] [Glob] /home/yzs/riscv/rv-isa-sec/spec_ref/**/*aia*/**
[00:33:40] [spechunter] [Grep] pattern='mvien.*mvip|mvip.*mvien|virtual.interrupt'
[00:33:40] [spechunter] [Grep] pattern='mvien|mvip'
[00:33:50] [spechunter] [Grep] pattern='read-only zero.*mvien|mvien.*read-only'
[00:33:50] [spechunter] [Grep] pattern='machine-level.*virtual.*interrupt|advanced.*interrupt|aia|smaia'
[00:33:56] [spechunter] [text] Let me search for the AIA spec separately and for the mvip/mvien coupling text in the csr definitions.  
[00:33:56] [spechunter] [Grep] pattern='mvip|mvien|virtual interrupt.*supervisor'
[00:34:02] [spechunter] [Grep] pattern='mvip|mvien'
[00:34:02] [spechunter] [Glob] /home/yzs/riscv/rv-isa-sec/spec_ref/**/riscv-aia*
[00:35:51] [spechunter] [text] Let me check any existing analysis files and look for the AIA spec more carefully.  
[00:35:51] [spechunter] [Read] /home/yzs/riscv/qemu/analysis_mseccfg_migration_audit.json
[00:35:51] [spechunter] [Grep] pattern='mvip.*mvien|mvien.*mvip|cross.valid|writable.mask'
[00:37:38] [spechunter] [text] Now let me look at the AIA spec for the normative text on mvip/mvien coupling, and also look at the `rmw_sip` function f...
[00:37:38] [spechunter] [Grep] pattern='mvien.*mvip|writable.*mvien|mvien.*writable|virtual.interrupt.*machine'
[00:37:38] [spechunter] [Read] /home/yzs/riscv/qemu/target/riscv/csr.c
[00:38:27] [spechunter] [Grep] pattern='MACHINE_VIRTUAL_INTERRUPTS|VirtualInterrupt|virtualInterrupt'
[00:38:27] [spechunter] [Grep] pattern='mvip.*regOut|regOut.*mvip|mvip.*seq|mvip.*read|mvip.*local'
[00:39:10] [spechunter] [text] Now let me look at `cpu_get_bcfien` and how SSE is checked across privilege levels
[00:39:10] [spechunter] [Read] /home/yzs/riscv/qemu/target/riscv/cpu_helper.c
[00:39:10] [spechunter] [Read] /home/yzs/riscv/qemu/target/riscv/tcg/tcg-cpu.c
[00:40:59] [spechunter] [text] Let me also check for the AIA-specific spec document and examine the `rmw_mip` function to understand how MIP_STIP write...
[00:40:59] [spechunter] [Bash] List spec reference directories
[00:40:59] [spechunter] [Grep] pattern='rmw_mip64|rmw_mip\\b'
[00:41:35] [spechunter] [Glob] /home/yzs/riscv/rv-isa-sec/spec_ref/riscv-fast-interrupt/**/*
[00:41:38] [spechunter] [Grep] pattern='mvip|mvien'
[00:41:42] [spechunter] [Bash] List AIA spec source files
[00:41:48] [spechunter] [Grep] pattern='mvip|mvien'
[00:41:48] [spechunter] [Grep] pattern='mvip|mvien'
[00:41:55] [spechunter] [Read] /home/yzs/riscv/qemu/target/riscv/csr.c
[00:56:52] [spechunter] [Read] /home/yzs/riscv/XiangShan/src/main/scala/xiangshan/backend/fu/NewCSR/VirtualSupervisorLevel.scala
[00:56:52] [spechunter] [Read] /home/yzs/riscv/XiangShan/src/main/scala/xiangshan/backend/fu/NewCSR/NewCSR.scala
[00:58:45] [spechunter] [Read] /home/yzs/riscv/XiangShan/src/main/scala/xiangshan/backend/fu/NewCSR/MachineLevel.scala
[00:58:45] [spechunter] [Read] /home/yzs/riscv/XiangShan/src/main/scala/xiangshan/backend/fu/NewCSR/MachineLevel.scala
[01:02:48] [spechunter] [text] Now let me also check the spec reference files for the relevant AIA specification text about mvip/mvien coupling.  
[01:02:48] [spechunter] [Read] /home/yzs/riscv/rv-isa-sec/spec_ref/riscv-fast-interrupt/src/aclic.adoc
[01:02:48] [spechunter] [Grep] pattern='mvip.*read.only.zero|read.only.zero.*mvip|mvip.*writable.*independent|independent.*writable.*mvip|mvien.*zero.*mvip'
[01:03:10] [spechunter] [Grep] pattern='mvien.*writable|writable.*mvien|mvien.*implemented|filtering.*virtual.*interrupt|interrupt.*filtering'
[01:03:10] [spechunter] [Grep] pattern='mvip|mvien'
[01:10:17] [spechunter] [Read] /home/yzs/riscv/rv-isa-sec/spec_ref/riscv-isa-manual/src/priv/smcdeleg.adoc
[01:10:17] [spechunter] [Read] /home/yzs/riscv/XiangShan/src/main/scala/xiangshan/backend/fu/NewCSR/MachineLevel.scala
[01:13:42] [spechunter] [Grep] pattern='EXT_SMCDELEG|EXT_SSCOFPMF|EXT_SMAIA|EXT_SSAIA'
[02:13:30] [spechunter] PR loaded: #1018 riscv/riscv-unified-db — "feat: fix AIA PR #910"
[02:13:30] [spechunter]   diff: 24128 chars  body: 1 chars  reviews: 0
[02:13:30] [spechunter] Global pre-filter running...
[02:14:09] [spechunter] [text] {"should_skip": false}
[02:14:12] [spechunter] pre-filter: should_skip=False reason=""
[02:14:25] [spechunter] [text] {"should_skip": false}
[02:14:27] [spechunter] [text] {"should_skip": false}
[02:14:36] [spechunter] [text] {"should_skip": false}
[02:14:50] [spechunter] [text] {"should_skip": true, "skip_reason": "M-mode CSRs (mtopei/mvien) handled by firmware (OpenSBI), not FreeBSD kernel; CI/i...
[02:14:52] [spechunter] [text] {  
[02:14:52] [spechunter] [Grep] pattern='mvien|mvip|mvi[en]'
[02:14:52] [spechunter] [Grep] pattern='mtopei|stopei|stopi'
[02:14:57] [spechunter] [Grep] pattern='mvien|mvip'
[02:14:57] [spechunter] [Grep] pattern='mvien|mvip'
[02:15:02] [spechunter] [text] {"should_skip": false, "skip_reason": "AIA (Smaia) CSR definitions and interrupt architecture configuration directly aff...
[02:15:15] [spechunter] [text] ```json {   "violation_condition": "OpenSBI writes to mvip (to inject virtual interrupts for VS-mode) before ensuring th...
[02:15:16] [spechunter] [Grep] pattern='mvip_writable_mask|mvien_writable_mask'
[02:15:30] [spechunter] [Grep] pattern='mvip'
[02:15:30] [spechunter] [Grep] pattern='mvien'
[02:15:30] [spechunter] [Grep] pattern='MACHINE_VIRTUAL_INTERRUPTS'
[02:15:30] [spechunter] [Grep] pattern='virtual.*interrupt'
[02:15:42] [spechunter] [text] ```json {   "violation_condition": "In XiangShan RTL, the CSR write datapath for mvip (0x309) independently computes its...
[02:15:43] [spechunter] [Grep] pattern='mvip'
[02:15:43] [spechunter] [Grep] pattern='mvien'
[02:15:43] [spechunter] [Grep] pattern='MACHINE_VIRTUAL_INTERRUPTS'
[02:15:56] [spechunter] [text] ```json {   "violation_condition": "In Linux KVM on RISC-V, a virtual interrupt is injected into a guest via mvip (throu...
[02:15:57] [spechunter] [Grep] pattern='saved_mie|saved_mip|saved_medeleg|saved_mideleg|saved_menvcfg'
[02:15:57] [spechunter] [Grep] pattern='saved_mie|saved_mip|saved_medeleg|saved_mideleg|saved_menvcfg'
[02:15:57] [spechunter] [Grep] pattern='csr_write.*MVIP|write_csr.*mvip|csrw.*mvip'
[02:15:57] [spechunter] [Grep] pattern='MIP_VSSIP|MIP_VSTIP|MIP_VSEIP'
[02:15:57] [spechunter] [Grep] pattern='LOCAL_INTERRUPTS'
[02:15:57] [spechunter] [Grep] pattern='MIP_STIP|MIP_SSIP|MIP_SEIP'
[02:16:03] [spechunter] [Grep] pattern='LOCAL_INTERRUPTS'
[02:16:03] [spechunter] [Grep] pattern='mvip|mvien|HVIP_VSSIP|HVIP_VSTIP|HVIP_VSEIP'
[02:16:03] [spechunter] [Grep] pattern='mvip|mvien'
[02:16:03] [spechunter] [Grep] pattern='MVIP|MVIEN|hvip|HVIP'
[02:16:03] [spechunter] [Grep] pattern='csr_write.*MIP|csr_set.*MIP|csr_clear.*MIP|csrw.*mip'
[02:16:06] [spechunter] [TodoWrite] 4 items
[02:16:12] [spechunter] [Grep] pattern='mvien'
[02:16:12] [spechunter] [Grep] pattern='mvip'
[02:16:12] [spechunter] [Grep] pattern='MACHINE_VIRTUAL_INTERRUPTS'
[02:16:15] [spechunter] [TodoWrite] 5 items
[02:16:21] [spechunter] [text] Let me read the key source files to get precise line ranges for each relevant location
[02:16:21] [spechunter] [Read] /home/yzs/riscv/opensbi/include/sbi/riscv_encoding.h
[02:16:21] [spechunter] [Read] /home/yzs/riscv/opensbi/include/sbi/riscv_encoding.h
[02:16:21] [spechunter] [Read] /home/yzs/riscv/opensbi/include/sbi/riscv_encoding.h
[02:16:21] [spechunter] [Read] /home/yzs/riscv/opensbi/lib/sbi/sbi_hsm.c
[02:16:21] [spechunter] [Read] /home/yzs/riscv/opensbi/lib/sbi/sbi_hsm.c
[02:16:21] [spechunter] [Read] /home/yzs/riscv/opensbi/lib/sbi/sbi_hsm.c
[02:16:23] [spechunter] [Grep] pattern='mvip|MVIP|hvip|HVIP'
[02:16:23] [spechunter] [Grep] pattern='mvip|MVIP|hvip|HVIP'
[02:16:23] [spechunter] [Grep] pattern='VSSIP|VSTIP|VSEIP|SIP_SSIP|SIP_STIP|SIP_SEIP|MIP_SSIP|MIP_STIP|MIP_SEIP'
[02:16:23] [spechunter] [Agent] description, prompt
[02:16:33] [spechunter] [Grep] pattern='MACHINE_VIRTUAL_INTERRUPTS'
[02:16:33] [spechunter] [Grep] pattern='MvipBundle'
[02:16:33] [spechunter] [Grep] pattern='MvienBundle'
[02:16:33] [spechunter] [Read] /home/yzs/riscv/XiangShan/src/main/scala/xiangshan/backend/fu/NewCSR/MachineLevel.scala
[02:16:41] [spechunter] [Read] /home/yzs/riscv/opensbi/semantic_finding_mvip_mvien_warl.json
[02:16:42] [spechunter] [Grep] pattern='mvien'
[02:16:42] [spechunter] [Grep] pattern='mvip'
[02:16:42] [spechunter] [Grep] pattern='kvm_riscv_aia_inject|kvm_riscv_vcpu_aia_imsic_inject|riscv_sbi_set_vip'
[02:16:42] [spechunter] [Grep] pattern='CSR_WRITE.*mvip'
[02:16:42] [spechunter] [Grep] pattern='aia.*inject.*imsic|imsic.*inject'
[02:16:43] [spechunter] [Grep] pattern='mvip'
[02:16:43] [spechunter] [Grep] pattern='mvien'
[02:16:43] [spechunter] [Grep] pattern='MACHINE_VIRTUAL_INTERRUPTS'
[02:16:43] [spechunter] [Grep] pattern='MachineVirtualInterrupt'
[02:16:43] [spechunter] [Grep] pattern='0x309'
[02:16:43] [spechunter] [Grep] pattern='0x308'
[02:16:43] [spechunter] [Grep] pattern='virtual.interrupt'
[02:16:50] [spechunter] [text] Let me look at the full mvip write handler in QEMU to check for the mvien gating logic.  
[02:16:50] [spechunter] [Read] /home/yzs/riscv/qemu/target/riscv/csr.c
[02:16:53] [spechunter] [Grep] pattern='mvip|mvien|MVIP|MVIEN'
[02:16:53] [spechunter] [Grep] pattern='mvip|mvien|MVIP|MVIEN'
[02:16:53] [spechunter] [Grep] pattern='mvip|mvien|MVIP|MVIEN'
[02:16:53] [spechunter] [Grep] pattern='sbi_domain_context'
[02:16:54] [spechunter] [Grep] pattern='mvip|mvien|MVIP|MVIEN'
[02:16:54] [spechunter] [Grep] pattern='kvm_riscv_aia_inject|kvm_riscv_vcpu_aia_imsic_inject'
[02:16:54] [spechunter] [Grep] pattern='riscv_sbi_set_vip|set_vip|SBI_EXT_SSWI|sswi_set_vip'
[02:16:54] [spechunter] [text] Let me read the key source files to verify the findings and look for any additional locations.  
[02:16:54] [spechunter] [Grep] pattern='CSR_MVIEN|CSR_MVIP'
[02:16:54] [spechunter] [Read] /home/yzs/riscv/opensbi/lib/sbi/sbi_hsm.c
[02:16:54] [spechunter] [Read] /home/yzs/riscv/opensbi/lib/sbi/sbi_ipi.c
[02:16:54] [spechunter] [Read] /home/yzs/riscv/opensbi/lib/sbi/sbi_timer.c
[02:17:00] [spechunter] [Grep] pattern='csr_read|csr_write|csr_set|csr_clear'
[02:17:00] [spechunter] [Grep] pattern='MIP_SSIP|MIP_STIP|MIP_SEIP|MIP_MSIP'
[02:17:04] [spechunter] [Read] /home/yzs/riscv/XiangShan/src/main/scala/xiangshan/backend/fu/NewCSR/MachineLevel.scala
[02:17:04] [spechunter] [Read] /home/yzs/riscv/XiangShan/src/main/scala/xiangshan/backend/fu/NewCSR/MachineLevel.scala
[02:17:04] [spechunter] [Read] /home/yzs/riscv/XiangShan/src/main/scala/xiangshan/backend/fu/NewCSR/MachineLevel.scala
[02:17:04] [spechunter] [Read] /home/yzs/riscv/XiangShan/src/main/scala/xiangshan/backend/fu/NewCSR/InterruptBundle.scala
[02:17:07] [spechunter] [text] Now let me verify the remaining affected locations
[02:17:07] [spechunter] [Read] /home/yzs/riscv/opensbi/lib/sbi/sbi_domain_context.c
[02:17:07] [spechunter] [Read] /home/yzs/riscv/opensbi/lib/sbi/sbi_hart.c
[02:17:07] [spechunter] [Read] /home/yzs/riscv/opensbi/lib/sbi/sbi_hart.c
[02:17:07] [spechunter] [Read] /home/yzs/riscv/opensbi/lib/sbi/sbi_init.c
[02:17:07] [spechunter] [Read] /home/yzs/riscv/opensbi/lib/sbi/sbi_hsm.c
[02:17:07] [spechunter] [Read] /home/yzs/riscv/linux/arch/riscv/kvm/aia_imsic.c
[02:17:07] [spechunter] [Read] /home/yzs/riscv/linux/arch/riscv/kvm/aia_device.c
[02:17:07] [spechunter] [Grep] pattern='vcpu_sbi_ext_sswi|KVM_RISCV_SBI_EXT_SSWI|sswi'
[02:17:12] [spechunter] [Grep] pattern='MVIP|MVEN|mvien|mvip'
[02:17:12] [spechunter] [Grep] pattern='VSSIP|VSTIP|VOTHERPIP'
[02:17:12] [spechunter] [Grep] pattern='CSR_HVIP|hvip|CSR_SIP'
[02:17:12] [spechunter] [Grep] pattern='MVIP|MVEN'
[02:17:13] [spechunter] [Read] /home/yzs/riscv/XiangShan/src/main/scala/xiangshan/backend/fu/NewCSR/MachineLevel.scala
[02:17:13] [spechunter] [Read] /home/yzs/riscv/XiangShan/src/main/scala/xiangshan/backend/fu/NewCSR/MachineLevel.scala
[02:17:13] [spechunter] [Read] /home/yzs/riscv/XiangShan/src/main/scala/xiangshan/backend/fu/NewCSR/SupervisorLevel.scala
[02:17:13] [spechunter] [Read] /home/yzs/riscv/XiangShan/src/main/scala/xiangshan/backend/fu/NewCSR/VirtualSupervisorLevel.scala
[02:17:13] [spechunter] [Read] /home/yzs/riscv/XiangShan/src/main/scala/xiangshan/backend/fu/NewCSR/NewCSR.scala
[02:17:13] [spechunter] [Read] /home/yzs/riscv/XiangShan/src/main/scala/xiangshan/backend/fu/NewCSR/NewCSR.scala
[02:17:13] [spechunter] [Grep] pattern='VirtualInterrupt|VIRTUAL_INTERRUPT'
[02:17:13] [spechunter] [Grep] pattern='VIP|VIEN'
[02:17:24] [spechunter] [Grep] pattern='MVIEN|mvien_writable|mvien_mask'
[02:17:24] [spechunter] [Grep] pattern='csr_write.*0x308|csr_write.*0x309|csr_write.*mvip|csr_write.*mvien|CSR_MVIP|CSR_MVIEN'
[02:17:24] [spechunter] [Grep] pattern='imsic_swfile_extirq_update'
[02:17:31] [spechunter] [text] Let me also check for the `VOTHERIE` field and the interrupt bundle definitions
[02:17:31] [spechunter] [Grep] pattern='VOTHERIE'
[02:17:31] [spechunter] [Grep] pattern='class InterruptEnableBundle'
[02:17:31] [spechunter] [Grep] pattern='class InterruptPendingBundle'
[02:17:31] [spechunter] [Read] /home/yzs/riscv/XiangShan/src/main/scala/xiangshan/backend/fu/NewCSR/MachineLevel.scala
[02:17:37] [spechunter] [text] Now let me check for sieh/siph handling in QEMU.  
[02:17:37] [spechunter] [Grep] pattern='sieh|siph|SIEH|SIPH'
[02:17:37] [spechunter] [Grep] pattern='CSR_MVIP|CSR_MVIEN|CSR_MVIPH|CSR_MVIENH'
[02:17:37] [spechunter] [Grep] pattern='IRQ_VS_SOFT|IRQ_VS_TIMER|IRQ_VS_EXT|IRQ_PMU_OVF'
[02:17:37] [spechunter] [Grep] pattern='riscv_sbi_set_vip|sbi_set_vip|SET_VIP'
[02:17:37] [spechunter] [Grep] pattern='VSIP_TO_HVIP_SHIFT|VSIP_VALID_MASK'
[02:17:38] [spechunter] [Grep] pattern='csr_read|csr_write|csr_set|csr_clear'
[02:17:38] [spechunter] [Read] /home/yzs/riscv/opensbi/lib/sbi/sbi_domain_context.c
[02:17:41] [spechunter] [Grep] pattern='MACHINE_VIRTUAL_INTERRUPT'
[02:17:41] [spechunter] [Grep] pattern='MachineVirtualInterrupt|ALWAYS_ENABLED'
[02:17:41] [spechunter] [Read] /home/yzs/riscv/XiangShan/src/main/scala/xiangshan/backend/fu/NewCSR/InterruptBundle.scala
[02:17:41] [spechunter] [Read] /home/yzs/riscv/XiangShan/src/main/scala/xiangshan/backend/decode/isa/CSRs.scala
[02:17:41] [spechunter] [Read] /home/yzs/riscv/XiangShan/src/main/scala/xiangshan/backend/fu/NewCSR/NewCSR.scala
[02:17:41] [spechunter] [Read] /home/yzs/riscv/XiangShan/src/main/scala/xiangshan/backend/fu/NewCSR/NewCSR.scala
[02:17:41] [spechunter] [Read] /home/yzs/riscv/XiangShan/src/main/scala/xiangshan/backend/fu/NewCSR/HypervisorLevel.scala
[02:17:41] [spechunter] [Read] /home/yzs/riscv/XiangShan/src/main/scala/xiangshan/backend/fu/NewCSR/NewCSR.scala
[02:17:41] [spechunter] [Read] /home/yzs/riscv/linux/arch/riscv/kvm/aia_imsic.c
[02:17:41] [spechunter] [Grep] pattern='hvip|HVIP|hideleg|HIDELEG|vsie|VSIE|vstip|VSTIP|vseip|VSEIP'
[02:17:44] [spechunter] [text] Let me check a few more locations for completeness
[02:17:44] [spechunter] [Read] /home/yzs/riscv/opensbi/lib/sbi/sbi_hsm.c
[02:17:44] [spechunter] [Read] /home/yzs/riscv/opensbi/lib/sbi/sbi_hsm.c
[02:17:44] [spechunter] [Read] /home/yzs/riscv/opensbi/lib/sbi/sbi_hsm.c
[02:17:44] [spechunter] [Read] /home/yzs/riscv/opensbi/lib/sbi/sbi_hart.c
[02:17:46] [spechunter] [Read] /home/yzs/riscv/XiangShan/src/main/scala/xiangshan/backend/fu/NewCSR/InterruptBundle.scala
[02:17:46] [spechunter] [Read] /home/yzs/riscv/XiangShan/src/main/scala/xiangshan/backend/fu/NewCSR/SupervisorLevel.scala
[02:17:46] [spechunter] [Read] /home/yzs/riscv/XiangShan/src/main/scala/xiangshan/backend/fu/NewCSR/SupervisorLevel.scala
[02:17:47] [spechunter] [text] Now let me read the critical functions in detail
[02:17:47] [spechunter] [Read] /home/yzs/riscv/linux/arch/riscv/kvm/aia_imsic.c
[02:17:47] [spechunter] [Read] /home/yzs/riscv/linux/arch/riscv/kvm/aia_device.c
[02:17:47] [spechunter] [Read] /home/yzs/riscv/linux/arch/riscv/kvm/vcpu.c
[02:17:47] [spechunter] [Read] /home/yzs/riscv/linux/arch/riscv/kvm/aia.c
[02:17:50] [spechunter] [text] Let me also check for any remaining source files that handle virtual interrupts or injection.  
[02:17:50] [spechunter] [Grep] pattern='virtual.*interrupt|vs.*inject|VSSIP|VSTIP|VSEIP'
[02:17:50] [spechunter] [Grep] pattern='CSR_MIP|csr_write.*MIP|csr_set.*MIP|csr_clear.*MIP|csr_read.*MIP'
[02:18:05] [spechunter] [Read] /home/yzs/riscv/XiangShan/src/main/scala/xiangshan/backend/fu/NewCSR/MachineLevel.scala
[02:18:05] [spechunter] [Read] /home/yzs/riscv/XiangShan/src/main/scala/xiangshan/backend/fu/NewCSR/MachineLevel.scala
[02:18:05] [spechunter] [Read] /home/yzs/riscv/XiangShan/src/main/scala/xiangshan/backend/fu/NewCSR/CSROoORead.scala
[02:18:05] [spechunter] [Read] /home/yzs/riscv/XiangShan/src/main/scala/xiangshan/backend/fu/NewCSR/CSRConfig.scala
[02:18:05] [spechunter] [Read] /home/yzs/riscv/XiangShan/src/main/scala/xiangshan/backend/fu/NewCSR/TrapHandleModule.scala
[02:18:05] [spechunter] [Read] /home/yzs/riscv/XiangShan/src/main/scala/xiangshan/backend/fu/NewCSR/CSRPermitModule.scala
[02:18:05] [spechunter] [text] Let me also check how the mip writes flow to mvip and the NewCSR integration points
[02:18:05] [spechunter] [Read] /home/yzs/riscv/XiangShan/src/main/scala/xiangshan/backend/fu/NewCSR/MachineLevel.scala
[02:18:05] [spechunter] [Read] /home/yzs/riscv/XiangShan/src/main/scala/xiangshan/backend/fu/NewCSR/NewCSR.scala
[02:18:05] [spechunter] [Read] /home/yzs/riscv/XiangShan/src/main/scala/xiangshan/backend/fu/NewCSR/NewCSR.scala
[02:18:05] [spechunter] [Read] /home/yzs/riscv/XiangShan/src/main/scala/xiangshan/backend/fu/NewCSR/NewCSR.scala
[02:18:08] [spechunter] [text] Let me check the IRQCHIP path and any other virtual interrupt routing  
[02:18:08] [spechunter] [Read] /home/yzs/riscv/opensbi/lib/sbi/sbi_irqchip.c
[02:18:08] [spechunter] [Grep] pattern='hvip|HVIP|vs.*mode.*interrupt|inject.*vs'
[02:18:15] [spechunter] [text] Now I have all the data needed. Here is the complete JSON report:  ```json {   "locations": [     {       "file_path": "...
[02:18:18] [spechunter] [Grep] pattern='imsic_swfile_extirq_update'
[02:18:18] [spechunter] [Read] /home/yzs/riscv/linux/arch/riscv/kvm/vcpu_sbi_replace.c
[02:18:18] [spechunter] [Read] /home/yzs/riscv/linux/arch/riscv/kvm/aia.c
[02:18:18] [spechunter] [Read] /home/yzs/riscv/linux/arch/riscv/kvm/vcpu.c
[02:18:20] [spechunter] [Read] /home/yzs/riscv/XiangShan/src/main/scala/xiangshan/backend/decode/isa/CSRs.scala
[02:18:20] [spechunter] [Read] /home/yzs/riscv/XiangShan/src/main/scala/xiangshan/backend/fu/NewCSR/CSRPermitModule.scala
[02:18:20] [spechunter] [Read] /home/yzs/riscv/XiangShan/src/main/scala/xiangshan/backend/fu/NewCSR/TrapHandleModule.scala
[02:18:20] [spechunter] [Grep] pattern='mvien|mvip'
[02:18:20] [spechunter] [Read] /home/yzs/riscv/qemu/target/riscv/csr.c
[02:18:24] [spechunter] [Glob] **/CSRConfig*
[02:18:24] [spechunter] [Read] /home/yzs/riscv/XiangShan/src/main/scala/xiangshan/backend/fu/NewCSR/MachineLevel.scala
[02:18:24] [spechunter] [Read] /home/yzs/riscv/XiangShan/src/main/scala/xiangshan/backend/fu/NewCSR/InterruptBundle.scala
[02:18:24] [spechunter] [Read] /home/yzs/riscv/XiangShan/src/main/scala/xiangshan/backend/fu/NewCSR/TrapHandleModule.scala
[02:18:28] [spechunter] [text] Let me also check CSRConfig for related parameters and the VirtualSupervisorLevel write path  
[02:18:28] [spechunter] [Grep] pattern='VirtualInterrupt|MachineVirtual|machineVirtual|ALWAYS_ENABLED'
[02:18:28] [spechunter] [Read] /home/yzs/riscv/XiangShan/src/main/scala/xiangshan/backend/fu/NewCSR/VirtualSupervisorLevel.scala
[02:18:28] [spechunter] [Read] /home/yzs/riscv/XiangShan/src/main/scala/xiangshan/backend/fu/NewCSR/TrapHandleModule.scala
[02:18:32] [spechunter] [Grep] pattern='CSRConfig'
[02:18:32] [spechunter] [Glob] **/CSRConfig*
[02:18:32] [spechunter] [Grep] pattern='virtual.*interrupt|VIRTUAL_INTERRUPT'
[02:18:34] [spechunter] [Grep] pattern='SBI_EXT_IPI|sbi_ipi_send|inject|virtual'
[02:18:36] [spechunter] [Grep] pattern='mvien'
[02:18:36] [spechunter] [Grep] pattern='mvien|mvip'
[02:18:36] [spechunter] [Read] /home/yzs/riscv/XiangShan/src/main/scala/xiangshan/backend/fu/NewCSR/HypervisorLevel.scala
[02:18:38] [spechunter] [Read] /home/yzs/riscv/linux/arch/riscv/kvm/aia_imsic.c
[02:18:38] [spechunter] [Read] /home/yzs/riscv/linux/arch/riscv/kvm/vcpu.c
[02:18:38] [spechunter] [Read] /home/yzs/riscv/linux/arch/riscv/kvm/vcpu.c
[02:18:42] [spechunter] [Read] /home/yzs/riscv/opensbi/include/sbi/riscv_encoding.h
[02:18:42] [spechunter] [Read] /home/yzs/riscv/opensbi/include/sbi/riscv_encoding.h
[02:18:42] [spechunter] [Read] /home/yzs/riscv/opensbi/lib/sbi/sbi_hart.c
[02:18:43] [spechunter] [text] Now let me read the full permit module's mvien usage in the indirect CSR access path:  
[02:18:43] [spechunter] [Read] /home/yzs/riscv/XiangShan/src/main/scala/xiangshan/backend/fu/NewCSR/CSRPermitModule.scala
[02:18:43] [spechunter] [Read] /home/yzs/riscv/XiangShan/src/main/scala/xiangshan/backend/fu/NewCSR/CSRPermitModule.scala
[02:18:52] [spechunter] [Glob] **/CSRDefines*
[02:18:52] [spechunter] [Read] /home/yzs/riscv/XiangShan/src/main/scala/xiangshan/backend/fu/NewCSR/MachineLevel.scala
[02:18:52] [spechunter] [Read] /home/yzs/riscv/XiangShan/src/main/scala/xiangshan/backend/fu/NewCSR/CSRAIA.scala
[02:18:52] [spechunter] [Read] /home/yzs/riscv/XiangShan/src/main/scala/xiangshan/backend/fu/NewCSR/NewCSR.scala
[02:18:54] [spechunter] [Read] /home/yzs/riscv/linux/arch/riscv/kvm/vcpu.c
[02:18:54] [spechunter] [Read] /home/yzs/riscv/linux/arch/riscv/kvm/vcpu_onereg.c
[02:18:54] [spechunter] [Read] /home/yzs/riscv/linux/arch/riscv/kvm/vcpu_onereg.c
[02:18:54] [spechunter] [Read] /home/yzs/riscv/linux/arch/riscv/kvm/vcpu.c
[02:19:04] [spechunter] [Read] /home/yzs/riscv/XiangShan/src/main/scala/xiangshan/backend/fu/NewCSR/CSRDefines.scala
[02:19:04] [spechunter] [Read] /home/yzs/riscv/XiangShan/src/main/scala/xiangshan/backend/fu/NewCSR/InterruptFilter.scala
[02:19:04] [spechunter] [Read] /home/yzs/riscv/XiangShan/src/main/scala/xiangshan/backend/fu/NewCSR/MachineLevel.scala
[02:19:11] [spechunter] [text] Now let me verify hotplug interfaces for virtual interrupt awareness
[02:19:11] [spechunter] [Read] /home/yzs/riscv/opensbi/lib/utils/hsm/fdt_hsm_sifive_tmc0.c
[02:19:11] [spechunter] [Read] /home/yzs/riscv/opensbi/lib/utils/hsm/fdt_hsm_spacemit.c
[02:19:11] [spechunter] [Read] /home/yzs/riscv/opensbi/lib/utils/hsm/fdt_hsm_andes_atcsmu.c
[02:19:12] [spechunter] [Grep] pattern='CSR_MVIP|CSR_MVIEN|CSR_MVIPH|CSR_MVIENH'
[02:19:12] [spechunter] [Grep] pattern='VSEIP|vseip|VSTIP|vstip'
[02:19:12] [spechunter] [Read] /home/yzs/riscv/linux/arch/riscv/include/asm/csr.h
[02:19:14] [spechunter] [text] Now let me also check if there's any separate configuration parameter related to machine virtual interrupts being always...
[02:19:14] [spechunter] [Grep] pattern='virtual.*interrupt|VIRTUAL.*INTERRUPT|always.*enabled|ALWAYS.*ENABLED'
[02:19:14] [spechunter] [Grep] pattern='mvien|mvip'
[02:19:15] [spechunter] [Grep] pattern='class InterruptPendingBundle|class InterruptEnableBundle|class InterruptDelegationBundle'
[02:19:15] [spechunter] [Read] /home/yzs/riscv/XiangShan/src/main/scala/xiangshan/backend/fu/NewCSR/InterruptBundle.scala
[02:19:15] [spechunter] [Read] /home/yzs/riscv/XiangShan/src/main/scala/xiangshan/backend/fu/NewCSR/InterruptBundle.scala
[02:19:15] [spechunter] [Read] /home/yzs/riscv/XiangShan/src/main/scala/xiangshan/backend/fu/NewCSR/InterruptBundle.scala
[02:19:35] [spechunter] [Grep] pattern='CSR_HVIEN|csr_write.*HVIEN|csr_set.*HVIEN|csr_clear.*HVIEN'
[02:19:35] [spechunter] [Read] /home/yzs/riscv/linux/arch/riscv/include/asm/csr.h
[02:19:42] [spechunter] [Read] /home/yzs/riscv/linux/arch/riscv/kvm/vcpu.c
[02:19:42] [spechunter] [Grep] pattern='hvien|HVIEN|CSR_HVIEN'
[02:19:42] [spechunter] [Grep] pattern='kvm_riscv_vcpu_set_interrupt|kvm_riscv_vcpu_unset_interrupt'
[02:19:54] [spechunter] [text] The QEMU mvip write handler does not enforce the spec's per-field mvien-enable gating for VSSIP/VSTIP/VSEIP writes. When...
[02:19:54] [spechunter] [Bash] Emit JSON output
[02:19:55] [spechunter] [text] Now let me check for the `votherpip` bit and the full interrupt injection chain.  
[02:19:55] [spechunter] [Grep] pattern='VOTHERPIP|votherpip|IRQ_VS_OTHER'
[02:19:55] [spechunter] [Grep] pattern='kvm_riscv_vcpu_flush_interrupts'
[02:19:55] [spechunter] [Read] /home/yzs/riscv/linux/arch/riscv/kvm/aia_aplic.c
[02:20:04] [spechunter] [TodoWrite] 6 items
[02:20:12] [spechunter] [Read] /home/yzs/riscv/linux/arch/riscv/kvm/vcpu.c
[02:20:20] [spechunter] [text] Let me trace the hvien/hvip WARL interaction more carefully.  
[02:20:20] [spechunter] [Read] /home/yzs/riscv/linux/arch/riscv/kvm/aia.c
[02:20:20] [spechunter] [Read] /home/yzs/riscv/linux/arch/riscv/kvm/aia.c
[02:20:20] [spechunter] [Grep] pattern='trap|mret|sret|interrupt.*handler'
[02:20:20] [spechunter] [Grep] pattern='CSR_MTOP|CSR_MTOPEI|MIP_VSSIP|MIP_VSTIP|MIP_VSEIP|virtual.*interrupt.*pending'
[02:20:26] [spechunter] [text] Now let me understand the CSR naming. This kernel uses the Hypervisor extension, so the CSRs are called `hvip`/`hvien` (...
[02:20:26] [spechunter] [Read] /home/yzs/riscv/linux/arch/riscv/include/asm/csr.h
[02:20:26] [spechunter] [Read] /home/yzs/riscv/linux/arch/riscv/kvm/vcpu.c
[02:20:28] [spechunter] [text] {   "violation_condition": "In QEMU rmw_mvip64 (target/riscv/csr.c:3844-3847), when mvien.VSSIE=0 and mideleg.SSIP=0, a ...
[02:20:31] [spechunter] [Read] /home/yzs/riscv/opensbi/lib/sbi/sbi_trap.c
[02:20:31] [spechunter] [Read] /home/yzs/riscv/opensbi/lib/utils/irqchip/imsic.c
[02:20:42] [spechunter] [TodoWrite] 7 items
[02:20:48] [spechunter] [text] Let me check the trap redirect path for any virtual interrupt injection logic
[02:20:48] [spechunter] [Read] /home/yzs/riscv/opensbi/lib/sbi/sbi_trap.c
[02:20:48] [spechunter] [Read] /home/yzs/riscv/opensbi/lib/sbi/sbi_timer.c
[02:20:50] [spechunter] [Read] /home/yzs/riscv/qemu/target/riscv/csr.c
[02:20:50] [spechunter] [Grep] pattern='rmw_mvip|rmw_mvip64'
[02:20:52] [spechunter] [Grep] pattern='mvip'
[02:20:52] [spechunter] [Grep] pattern='mvien'
[02:20:52] [spechunter] [Grep] pattern='rmw_mvip'
[02:20:52] [spechunter] [Grep] pattern='\\bmvip\\b|\\bmvien\\b'
[02:20:56] [spechunter] [text] Here is the complete JSON report with all located references across the XiangShan codebase:  ```json {   "locations": [ ...
[02:21:07] [spechunter] [TodoWrite] 7 items
[02:21:07] [spechunter] [text] Let me read the key functions in detail to understand the gating logic
[02:21:07] [spechunter] [Read] /home/yzs/riscv/qemu/target/riscv/csr.c
[02:21:07] [spechunter] [Read] /home/yzs/riscv/qemu/target/riscv/csr.c
[02:21:07] [spechunter] [Read] /home/yzs/riscv/qemu/target/riscv/csr.c
[02:21:18] [spechunter] [text] Let me also check the mip-related write logic and the other affected locations
[02:21:18] [spechunter] [Read] /home/yzs/riscv/qemu/target/riscv/csr.c
[02:21:18] [spechunter] [Read] /home/yzs/riscv/qemu/target/riscv/cpu_helper.c
[02:21:18] [spechunter] [Read] /home/yzs/riscv/qemu/target/riscv/cpu_helper.c
[02:21:18] [spechunter] [Read] /home/yzs/riscv/qemu/target/riscv/cpu_helper.c
[02:21:18] [spechunter] [Read] /home/yzs/riscv/qemu/target/riscv/cpu_helper.c
[02:21:20] [spechunter] [text] Now I understand the critical semantic gap. The kernel uses H-extension CSRs (`hvip`/`hvien`) instead of M-mode (`mvip`/...
[02:21:20] [spechunter] [Read] /home/yzs/riscv/linux/arch/riscv/kvm/aia.c
[02:21:20] [spechunter] [Read] /home/yzs/riscv/linux/arch/riscv/kvm/vcpu_sbi_replace.c
[02:21:20] [spechunter] [Read] /home/yzs/riscv/linux/arch/riscv/kvm/vcpu_sbi_v01.c
[02:21:26] [spechunter] [text] Here is the complete result:  ```json {   "locations": [     {       "file_path": "arch/riscv/include/asm/csr.h",       ...
[02:21:27] [spechunter] [text] Let me also check `riscv_cpu_update_mip` since it's called from `rmw_mvip64`, and the CSR registration table entries for...
[02:21:27] [spechunter] [Grep] pattern='riscv_cpu_update_mip'
[02:21:27] [spechunter] [Read] /home/yzs/riscv/qemu/target/riscv/csr.c
[02:21:27] [spechunter] [Read] /home/yzs/riscv/qemu/target/riscv/csr.c
[02:21:33] [spechunter] [text] Let me also check `riscv_cpu_update_mip` and the parallel `hvip`/`hvien` logic for comparison.  
[02:21:33] [spechunter] [Read] /home/yzs/riscv/qemu/target/riscv/cpu_helper.c
[02:21:33] [spechunter] [Read] /home/yzs/riscv/qemu/target/riscv/csr.c
[02:21:36] [spechunter] [text] Good, the agent found extensive information. Now let me read the key source files to verify the actual implementation, e...
[02:21:36] [spechunter] [Read] /home/yzs/riscv/XiangShan/src/main/scala/xiangshan/backend/fu/NewCSR/MachineLevel.scala
[02:21:36] [spechunter] [Read] /home/yzs/riscv/XiangShan/src/main/scala/xiangshan/backend/fu/NewCSR/MachineLevel.scala
[02:21:44] [spechunter] [text] Let me continue reading the rest of `rmw_mvip64` and the related functions
[02:21:44] [spechunter] [Read] /home/yzs/riscv/qemu/target/riscv/csr.c
[02:21:44] [spechunter] [Grep] pattern='mvien'
[02:21:54] [spechunter] [Read] /home/yzs/riscv/qemu/target/riscv/csr.c
[02:21:54] [spechunter] [Grep] pattern='mvip_writable_mask'
[02:21:54] [spechunter] [Read] /home/yzs/riscv/qemu/target/riscv/csr.c
[02:22:16] [spechunter] [text] Now let me trace the full hvip write path and the hvien configuration to confirm the semantic gap.  
[02:22:16] [spechunter] [Read] /home/yzs/riscv/linux/arch/riscv/kvm/vcpu.c
[02:22:16] [spechunter] [Read] /home/yzs/riscv/linux/arch/riscv/kvm/vcpu.c
[02:22:16] [spechunter] [Read] /home/yzs/riscv/linux/arch/riscv/kvm/main.c
[02:22:19] [spechunter] [text] Now let me understand the CSR write mechanism more deeply — particularly how WARL and `wNoFilter` work for the local int...
[02:22:19] [spechunter] [Read] /home/yzs/riscv/XiangShan/src/main/scala/xiangshan/backend/fu/NewCSR/CSRPMP.scala
[02:22:19] [spechunter] [Read] /home/yzs/riscv/XiangShan/src/main/scala/xiangshan/backend/fu/NewCSR/MachineLevel.scala
[02:22:20] [spechunter] [text] Now let me look at the related sip write logic and the rmw_mip function
[02:22:20] [spechunter] [Read] /home/yzs/riscv/qemu/target/riscv/csr.c
[02:22:20] [spechunter] [Read] /home/yzs/riscv/qemu/target/riscv/csr.c
[02:22:20] [spechunter] [Grep] pattern='static RISCVException rmw_mip\\b'
[02:22:40] [spechunter] [text] Now let me trace the base CSRModule write datapath and understand how the local interrupt bits handle writes from the CS...
[02:22:40] [spechunter] [TaskOutput] task_id, block
[02:22:42] [spechunter] [Read] /home/yzs/riscv/qemu/target/riscv/csr.c
[02:22:42] [spechunter] [Read] /home/yzs/riscv/qemu/target/riscv/csr.c
[02:22:44] [spechunter] [text] Now I have all the data needed. Here is the JSON result:  ```json {   "locations": [     {       "file_path": "target/ri...
[02:23:02] [spechunter] [text] Now let me check the mip SEIP handling and the hvip/hvien analogous case  
[02:23:02] [spechunter] [Read] /home/yzs/riscv/qemu/target/riscv/csr.c
[02:23:02] [spechunter] [Grep] pattern='rmw_mip64'
[02:23:08] [spechunter] [text] Now I have thoroughly analyzed the codebase. Let me compile the final findings.  **Key architectural observation**: Open...
[02:23:27] [spechunter] [text] Let me trace the CSRModule base class to understand the default write path and how the per-bit overrides work.  
[02:23:27] [spechunter] [Agent] description, prompt
[02:23:34] [spechunter] [text] Let me cross-validate each fast-path location against the actual code.  
[02:23:34] [spechunter] [Read] /home/yzs/riscv/opensbi/include/sbi/riscv_encoding.h
[02:23:34] [spechunter] [Read] /home/yzs/riscv/opensbi/include/sbi/riscv_encoding.h
[02:23:34] [spechunter] [Read] /home/yzs/riscv/opensbi/include/sbi/riscv_encoding.h
[02:23:34] [spechunter] [Read] /home/yzs/riscv/opensbi/lib/sbi/sbi_hsm.c
[02:23:34] [spechunter] [Read] /home/yzs/riscv/opensbi/lib/sbi/sbi_hsm.c
[02:23:34] [spechunter] [Read] /home/yzs/riscv/opensbi/lib/sbi/sbi_hsm.c
[02:23:34] [spechunter] [Read] /home/yzs/riscv/opensbi/lib/sbi/sbi_domain_context.c
[02:23:34] [spechunter] [Read] /home/yzs/riscv/opensbi/lib/sbi/sbi_domain_context.c
[02:23:37] [spechunter] [text] Now let me trace the APLIC inject path and the complete hvip write path
[02:23:37] [spechunter] [Read] /home/yzs/riscv/linux/arch/riscv/kvm/aia_aplic.c
[02:23:37] [spechunter] [Read] /home/yzs/riscv/linux/arch/riscv/kvm/aia_aplic.c
[02:23:37] [spechunter] [Read] /home/yzs/riscv/linux/arch/riscv/kvm/aia_aplic.c
[02:23:39] [spechunter] [TodoWrite] 7 items
[02:23:40] [spechunter] [Glob] src/main/scala/xiangshan/backend/fu/NewCSR/**/*.scala
[02:23:40] [spechunter] [Grep] pattern='class CSRModule|abstract class CSRModule'
[02:23:40] [spechunter] [Grep] pattern='InterruptPendingBundle|InterruptEnableBundle'
[02:23:52] [spechunter] [Read] /home/yzs/riscv/XiangShan/src/main/scala/xiangshan/backend/fu/NewCSR/CSRModule.scala
[02:23:52] [spechunter] [Read] /home/yzs/riscv/XiangShan/src/main/scala/xiangshan/backend/fu/NewCSR/InterruptBundle.scala
[02:24:05] [spechunter] [text] Now let me check the hvip write path and whether the same violation applies there  
[02:24:05] [spechunter] [Read] /home/yzs/riscv/qemu/target/riscv/csr.c
[02:24:05] [spechunter] [Grep] pattern='rmw_hvip64|rmw_hvip\\b'
[02:24:08] [spechunter] [Read] /home/yzs/riscv/XiangShan/src/main/scala/xiangshan/backend/fu/NewCSR/CSRDefines.scala
[02:24:08] [spechunter] [Read] /home/yzs/riscv/XiangShan/src/main/scala/xiangshan/backend/fu/NewCSR/CSRBundles.scala
[02:24:11] [spechunter] [text] Two `rmw_hvip64` functions - let me read both
[02:24:11] [spechunter] [Read] /home/yzs/riscv/qemu/target/riscv/csr.c
[02:24:11] [spechunter] [Read] /home/yzs/riscv/qemu/target/riscv/csr.c
[02:24:11] [spechunter] [Read] /home/yzs/riscv/qemu/target/riscv/csr.c
[02:24:11] [spechunter] [Grep] pattern='IRQ_VS_SOFT|IRQ_VS_TIMER|IRQ_VS_EXT|IRQ_PMU_OVF|IRQ_VS_'
[02:24:11] [spechunter] [Grep] pattern='IRQ_VS_SOFT|IRQ_VS_TIMER|IRQ_VS_EXT|IRQ_PMU_OVF'
[02:24:27] [spechunter] [Read] /home/yzs/riscv/XiangShan/src/main/scala/xiangshan/backend/fu/NewCSR/CSRFields.scala
[02:24:27] [spechunter] [Grep] pattern='wNoFilter'
[02:24:40] [spechunter] [Grep] pattern='class CSRBundle|abstract class CSRBundle'
[02:24:40] [spechunter] [Grep] pattern='def :\\|='
[02:24:45] [spechunter] [Read] /home/yzs/riscv/XiangShan/src/main/scala/xiangshan/backend/fu/NewCSR/CSRBundle.scala
[02:24:55] [spechunter] [text] Let me also verify whether CSR_MVIEN/CSR_MVIP are actually used anywhere in the codebase currently.  
[02:24:55] [spechunter] [Grep] pattern='CSR_MVIEN|CSR_MVIP'
[02:24:55] [spechunter] [Grep] pattern='mvien|mvip'
[02:25:37] [spechunter] [text] Now let me verify the HVIEN relevance and check if there's an actual PR #910 context in the repo.  
[02:25:37] [spechunter] [Grep] pattern='saved_mvien|saved_mvip|CSR_MVIEN|CSR_MVIP'
[02:25:37] [spechunter] [Grep] pattern='VSSIP|VSTIP|VSEIP'
[02:25:46] [spechunter] [text] Now let me investigate the SEIP-specific mvien handling, the mip read path, and the TCG translation paths.  
[02:25:46] [spechunter] [Read] /home/yzs/riscv/qemu/target/riscv/csr.c
[02:25:46] [spechunter] [Grep] pattern='mvip|MVIP'
[02:25:46] [spechunter] [Grep] pattern='mvip|MVIP'
[02:26:05] [spechunter] [Read] /home/yzs/riscv/qemu/target/riscv/machine.c
[02:26:05] [spechunter] [Grep] pattern='mvip|mvien'
[02:26:05] [spechunter] [Grep] pattern='mvien|mvip|MVIP|MVIEN'
[02:26:19] [spechunter] [text] Let me search for the MACHINE_VIRTUAL_INTERRUPTS parameter and any WARL masking on mvip local bits
[02:26:19] [spechunter] [Grep] pattern='MACHINE_VIRTUAL_INTERRUPT|MachineVirtualInterrupt|machine_virtual_interrupt'
[02:26:19] [spechunter] [Grep] pattern='virtual.*interrupt|VIRTUAL_INTERRUPT'
[02:26:41] [spechunter] [text] Now I have all the information needed. Let me produce the final cross-validated location set
[02:26:41] [spechunter] [Write] /home/yzs/riscv/opensbi/locations/fix_aia_910.json
[02:26:43] [spechunter] [text] Now let me check KVM, GDB stub, and reset paths for mvip/mvien handling
[02:26:43] [spechunter] [Grep] pattern='mvip|mvien|MVIP|MVIEN'
[02:26:43] [spechunter] [Grep] pattern='mvip|mvien|MVIP|MVIEN'
[02:26:43] [spechunter] [Grep] pattern='mvip|mvien'
[02:26:51] [spechunter] [Grep] pattern='mvip|mvien'
[02:26:51] [spechunter] [Read] /home/yzs/riscv/qemu/target/riscv/cpu_helper.c
[02:26:51] [spechunter] [Read] /home/yzs/riscv/qemu/target/riscv/cpu_helper.c
[02:26:54] [spechunter] [text] Let me now trace the HGEI interrupt handler path and the VS-file injection mechanism more deeply.  
[02:26:54] [spechunter] [Grep] pattern='hgei_interrupt|hgei_handler|irq_s_g_ext'
[02:26:54] [spechunter] [Read] /home/yzs/riscv/linux/arch/riscv/kvm/aia.c
[02:26:58] [spechunter] [text] ## Cross-Validation Results  **10 fast-path locations** reduced to **6 validated locations** after deduplication and rel...
[02:27:00] [spechunter] [Read] /home/yzs/riscv/linux/arch/riscv/kvm/aia.c
[02:27:12] [spechunter] [TodoWrite] 7 items
[02:27:13] [spechunter] [text] I'll start by reading the relevant spec documents and searching for the mvip/mvien-related code in OpenSBI.  
[02:27:13] [spechunter] [Bash] List spec reference directories
[02:27:13] [spechunter] [Grep] pattern='mvip|mvien|MVIP|MVIEN|virtual.*interrupt.*inject'
[02:27:22] [spechunter] [text] Let me check the InterruptBundle definitions and the local interrupt bits more carefully
[02:27:22] [spechunter] [Read] /home/yzs/riscv/XiangShan/src/main/scala/xiangshan/backend/fu/NewCSR/InterruptBundle.scala
[02:27:22] [spechunter] [Read] /home/yzs/riscv/XiangShan/src/main/scala/xiangshan/backend/fu/NewCSR/InterruptBundle.scala
[02:27:34] [spechunter] [Grep] pattern='MVIP|MVIEN|mvien|mvip|virtual_interrupt|virtual_interrupt'
[02:27:34] [spechunter] [Grep] pattern='aia|AIA|aplic|imsic|vs_irq|vsip|vsieh'
[02:27:49] [spechunter] [Grep] pattern='CSR_MVIP|CSR_MVIEN|MVIP|MVIEN'
[02:27:49] [spechunter] [Bash] Search for mvip/mvien CSR references in assembly or macros
[02:28:13] [spechunter] [Grep] pattern='csr_write.*0x309|csrr.*mvip|csrw.*mvip|write_csr.*mvip|set_csr.*mvip'
[02:28:13] [spechunter] [Grep] pattern='vstimecmp|vstopei|vstopi|htopei|htopi|hideleg|hvien|hvip|vsieh'
[02:28:22] [spechunter] [Grep] pattern='virtual.*interrupt|inject.*irq|vs_file|send_ipi|sbi_ipi'
[02:28:22] [spechunter] [Read] /home/yzs/riscv/opensbi/lib/utils/irqchip/imsic.c
[02:28:24] [spechunter] [text] Let me search for the configuration parameter in config/generated files, and also check how the local mvip bits are curr...
[02:28:24] [spechunter] [Grep] pattern='MACHINE_VIRTUAL_INTERRUPT|MachineVirtualInterrupt'
[02:28:24] [spechunter] [Grep] pattern='mvien.*mvip|mvip.*mvien|writable.*mask|WARL.*mvip|mvip.*WARL'
[02:28:38] [spechunter] [Read] /home/yzs/riscv/linux/arch/riscv/kvm/aia_aplic.c
[02:28:38] [spechunter] [Grep] pattern='CSR_HVIP|CSR_HVIEN'
[02:28:38] [spechunter] [Read] /home/yzs/riscv/linux/arch/riscv/kvm/vcpu.c
[02:28:40] [spechunter] [TodoWrite] 4 items
[02:29:01] [spechunter] [text] Let me also check for VS-mode interrupt injection and the AIA-related code paths more thoroughly
[02:29:01] [spechunter] [Grep] pattern='VSIP|VSSIP|hvip|hgeip|hgeie|hideleg|hvien'
[02:29:01] [spechunter] [Grep] pattern='hgeie|hgeip'
[02:29:01] [spechunter] [Grep] pattern='csr_write.*vsip|csr_set.*VSIP|csr_write.*hvip'
[02:29:20] [spechunter] [Grep] pattern='CSR_MVIP|CSR_MVIEN|csr_write.*0x308|csr_write.*0x309'
[02:29:20] [spechunter] [Grep] pattern='HIDELEG'
[02:29:38] [spechunter] [text] Let me read the CSRModule base class and the CSRField write mechanism directly to verify the default write path
[02:29:38] [spechunter] [Read] /home/yzs/riscv/XiangShan/src/main/scala/xiangshan/backend/fu/NewCSR/CSRModule.scala
[02:29:38] [spechunter] [Read] /home/yzs/riscv/XiangShan/src/main/scala/xiangshan/backend/fu/NewCSR/CSRFields.scala
[02:29:41] [spechunter] [text] Let me search even more broadly for virtual interrupt injection using the SBI mechanism
[02:29:41] [spechunter] [Grep] pattern='hviprio|hviprioh|sstc.*inject|stimecmp.*VS|vstimecmp'
[02:29:41] [spechunter] [Grep] pattern='SBI_EXT_IPI_SEND_IPI|sbi_timer.*inject|sbi_ipi.*VS'
[02:29:56] [spechunter] [text] Let me check the spec and also look at sbi_timer and sbi_ipi for any VS-mode interrupt injection patterns
[02:29:56] [spechunter] [Grep] pattern='CSR_STIMECMP|CSR_VSTIMECMP|stimecmp'
[02:29:56] [spechunter] [Bash] List spec files
[02:30:12] [spechunter] [text] Now let me check the PMU overflow path since it's the one interrupt not in `KVM_HIDELEG_DEFAULT`.  
[02:30:12] [spechunter] [Read] /home/yzs/riscv/linux/arch/riscv/kvm/vcpu_pmu.c
[02:30:12] [spechunter] [Read] /home/yzs/riscv/linux/arch/riscv/kvm/vcpu_timer.c
[02:30:18] [spechunter] [Bash] List spec files
[02:30:29] [spechunter] [text] Now let me check the remaining interrupt pending paths and any additional related patterns.  
[02:30:29] [spechunter] [Read] /home/yzs/riscv/qemu/target/riscv/cpu_helper.c
[02:30:29] [spechunter] [Read] /home/yzs/riscv/qemu/target/riscv/cpu_helper.c
[02:30:29] [spechunter] [Grep] pattern='hvien'
[02:30:29] [spechunter] [text] Now let me verify the sip forwarding logic and the NewCSR alias connections
[02:30:29] [spechunter] [Read] /home/yzs/riscv/XiangShan/src/main/scala/xiangshan/backend/fu/NewCSR/SupervisorLevel.scala
[02:30:29] [spechunter] [Read] /home/yzs/riscv/XiangShan/src/main/scala/xiangshan/backend/fu/NewCSR/NewCSR.scala
[02:30:33] [spechunter] [Bash] Search spec for mvip/mvien
[02:30:41] [spechunter] [Bash] Search spec for mvip/mvien constraints
[02:30:42] [spechunter] [Bash] Search all spec files for mvip/mvien
[02:30:52] [spechunter] [text] Let me also check the TCG translation path for CSR writes and the `rmw_sie64` function for the same mvien gating issue o...
[02:30:52] [spechunter] [Read] /home/yzs/riscv/qemu/target/riscv/csr.c
[02:30:52] [spechunter] [Read] /home/yzs/riscv/qemu/target/riscv/csr.c
[02:30:52] [spechunter] [Grep] pattern='rmw_xsie64|rmw_xsie\\b'
[02:31:01] [spechunter] [Bash] Search hv spec modules
[02:31:01] [spechunter] [Bash] Search machine spec modules
[02:31:01] [spechunter] [text] Now let me also verify the `sipToMvip` connection class more carefully, and check the `getByNum` method for the sip forw...
[02:31:01] [spechunter] [Read] /home/yzs/riscv/XiangShan/src/main/scala/xiangshan/backend/fu/NewCSR/SupervisorLevel.scala
[02:31:01] [spechunter] [Read] /home/yzs/riscv/XiangShan/src/main/scala/xiangshan/backend/fu/NewCSR/NewCSR.scala
[02:31:20] [spechunter] [Grep] pattern='irqs_pending.*IRQ|send_ipi|IPI_SEND'
[02:31:20] [spechunter] [Grep] pattern='kvm_riscv_vcpu_aia_flush_interrupts|aia_flush'
[02:31:21] [spechunter] [Bash] Search spec for mvip/mvien
[02:31:21] [spechunter] [Bash] Search spec for mvip/mvien
[02:31:27] [spechunter] [Bash] Search all spec files for mvip/mvien mention
[02:31:27] [spechunter] [Bash] Search csrs spec for mvip
[02:31:42] [spechunter] [text] Now I have a complete picture. Let me compile the final analysis
[02:31:42] [spechunter] [TodoWrite] 7 items
[02:31:50] [spechunter] [text] Let me verify one more detail — check whether the local bits of mvien are connected to the mvip write path via sip forwa...
[02:31:50] [spechunter] [Read] /home/yzs/riscv/XiangShan/src/main/scala/xiangshan/backend/fu/NewCSR/VirtualSupervisorLevel.scala
[02:32:13] [spechunter] [text] Let me check the existing spec files and also look at the riscv-cheri machine.adoc and the Smcsrind/AIA-related specs fo...
[02:32:13] [spechunter] [Bash] Read Smcdeleg spec for mvip/mvien constraints
[02:32:13] [spechunter] [Bash] Search smcsrind and indirect-csr for mvip/mvien
[02:32:24] [spechunter] [Bash] Search fast-interrupt spec for mvip
[02:32:24] [spechunter] [Bash] Find all files mentioning mvip
[02:32:31] [spechunter] [text] Here is the final JSON report:  ```json {   "target": "qemu",   "violation": "mvip sw_write per-field mvien gating not e...
[02:32:31] [spechunter] [TodoWrite] 7 items
[02:32:41] [spechunter] [text] Now let me also search for `hvip`/`hvien` CSRs since they are the hypervisor virtual interrupt priority registers releva...
[02:32:41] [spechunter] [Grep] pattern='HVIP|HVIEN|hvi'
[02:32:41] [spechunter] [Grep] pattern='CSR_HVIP|CSR_HVIEN|hvip|hvien|HVIP|HVIEN'
[02:32:50] [spechunter] [Bash] Check recent commits on current branch
[02:32:50] [spechunter] [Bash] See files changed on this branch vs master
[02:32:58] [spechunter] [text] Now let me check how the hvien bits interact with the IMSIC VS-file vs SW-file paths
[02:32:58] [spechunter] [Grep] pattern='vsfile_cpu|vsfile_va|vsfile_hgei'
[02:32:58] [spechunter] [Read] /home/yzs/riscv/linux/arch/riscv/kvm/aia_imsic.c
[02:32:58] [spechunter] [Grep] pattern='kvm_riscv_aia_inject|kvm_riscv_aia_aplic_inject'
[02:33:06] [spechunter] [Bash] View the actual diff on this branch
[02:33:16] [spechunter] [Bash] Check recent commits on current branch
[02:33:16] [spechunter] [Bash] Check what files changed on this branch vs master
[02:33:24] [spechunter] [text] Let me also check for indirect CSR access patterns that might target mvip/mvien
[02:33:24] [spechunter] [Grep] pattern='miselect.*0x308|miselect.*0x309|miselect.*MVI'
[02:33:24] [spechunter] [Read] /home/yzs/riscv/opensbi/lib/sbi/sbi_hsm.c
[02:33:29] [spechunter] [Bash] Show the actual commit diff stat
[02:33:29] [spechunter] [Bash] Full commit message of the branch commit
[02:33:34] [spechunter] [Grep] pattern='MSELECT|MIREG|CSR_MIREG|CSR_MISELECT|csr_write.*mireg|Smcsrind|smcsrind'
[02:33:45] [spechunter] [Read] /home/yzs/riscv/linux/arch/riscv/kernel/traps_misaligned.c
[02:33:46] [spechunter] [text] Now let me verify the actual machine.c lines referenced and check the CSR-related locations against the real diff.  
[02:33:46] [spechunter] [Read] /home/yzs/riscv/qemu/target/riscv/machine.c
[02:33:46] [spechunter] [Read] /home/yzs/riscv/qemu/target/riscv/machine.c
[02:33:46] [spechunter] [text] Let me also check for any config parameters related to virtual interrupts that could serve a similar role.  
[02:33:46] [spechunter] [Grep] pattern='VirtualInterrupt|virtualInterrupt|virtual_interrupt'
[02:33:46] [spechunter] [Grep] pattern='HYPERVISOR|HasHypervisor|enableHypervisor'
[02:34:04] [spechunter] [text] Let me search more specifically for code that actually interacts with mvip/mvien through the SBI or AIA paths  
[02:34:04] [spechunter] [Bash] Search for raw mvip/mvien/hvip/hvien CSR addresses
[02:34:04] [spechunter] [Bash] Search for virtual supervisor interrupt patterns
[02:34:06] [spechunter] [text] Let me check the actual diff of this commit.  
[02:34:06] [spechunter] [Bash] Show full diff of the commit
[02:34:20] [spechunter] [Grep] pattern='mseccfg'
[02:34:54] [spechunter] [text] Now let me read the specific lines referenced in the fast-path to verify what's actually in the code versus what the PR ...
[02:34:54] [spechunter] [Read] /home/yzs/riscv/qemu/target/riscv/csr.c
[02:34:54] [spechunter] [Read] /home/yzs/riscv/qemu/target/riscv/machine.c
[02:35:20] [spechunter] [text] Now let me check whether mseccfg already exists in the main VMState fields  
[02:35:20] [spechunter] [Grep] pattern='mseccfg'
[02:35:39] [spechunter] [text] Let me run a final verification search for configuration-related virtual interrupt parameters.  
[02:35:39] [spechunter] [Grep] pattern='always.*enabl|ALWAYS.*ENABL'
[02:35:39] [spechunter] [Grep] pattern='HasMachineEnvBundle'
[02:35:45] [spechunter] [text] ## Cross-validation result  **Critical mismatch**: The PR title says "feat: fix AIA PR #910" but the actual branch `fix-...
[02:35:56] [spechunter] [Grep] pattern='HasMachineEnvBundle'
[02:36:06] [spechunter] [text] Now I have a clear picture. Let me cross-validate and produce the final location set
[02:36:06] [spechunter] [Read] /home/yzs/riscv/qemu/target/riscv/csr.c
[02:36:06] [spechunter] [Read] /home/yzs/riscv/qemu/target/riscv/csr.c
[02:36:06] [spechunter] [Read] /home/yzs/riscv/qemu/target/riscv/pmp.c
[02:36:13] [spechunter] [text] I'll start by searching the codebase for the relevant functions and patterns related to the AIA virtual interrupt inject...
[02:36:13] [spechunter] [Grep] pattern='kvm_riscv_aia_inject|kvm_riscv_vcpu_aia_imsic_inject'
[02:36:13] [spechunter] [Grep] pattern='mvip|mvien|MVIP|MVIEN'
[02:36:13] [spechunter] [Grep] pattern='riscv_sbi_set_vip'
[02:36:13] [spechunter] [Glob] **/kvm/**/aia*.c
[02:36:23] [spechunter] [Read] /home/yzs/riscv/linux/arch/riscv/kvm/aia_imsic.c
[02:36:23] [spechunter] [Read] /home/yzs/riscv/linux/arch/riscv/kvm/aia_device.c
[02:36:23] [spechunter] [Read] /home/yzs/riscv/linux/arch/riscv/kvm/aia.c
[02:36:23] [spechunter] [Read] /home/yzs/riscv/linux/arch/riscv/include/asm/kvm_aia.h
[02:36:43] [spechunter] [text] Now I have a complete picture. Let me verify one more thing — the `wNoEffectWhen` usage and any other gating patterns
[02:36:43] [spechunter] [Grep] pattern='wNoEffectWhen'
[02:36:46] [spechunter] [text] Now I have full clarity. Let me produce the final cross-validated location set.  ```json {   "locations": [     "target/...
[02:36:48] [spechunter] [text] Let me now search for the SBI extension call path and the `kvm_riscv_vcpu_set_interrupt` function to understand the full...
[02:36:48] [spechunter] [Grep] pattern='kvm_riscv_vcpu_set_interrupt'
[02:36:48] [spechunter] [Grep] pattern='riscv_sbi.*vip|hvip.*sbi|SBI_EXT.*vip|set_vip'
[02:36:48] [spechunter] [Grep] pattern='HVIEN'
[02:37:02] [spechunter] [Read] /home/yzs/riscv/qemu/target/riscv/csr.c
[02:37:02] [spechunter] [Grep] pattern='rmw_mvip64'
[02:37:02] [spechunter] [Grep] pattern='mvip.*sw_write\\|sw_write.*mvip\\|mvip64.*write\\|rmw_mvip'
[02:37:18] [spechunter] [Grep] pattern='kvm_riscv_vcpu_set_interrupt'
[02:37:18] [spechunter] [Grep] pattern='kvm_riscv_vcpu_set_interrupt'
[02:37:18] [spechunter] [Grep] pattern='hvip|HVIP|set_interrupt|irqs_pending'
[02:37:21] [spechunter] [Read] /home/yzs/riscv/qemu/target/riscv/csr.c
[02:37:21] [spechunter] [Grep] pattern='write_mvip|write_hvip'
[02:37:21] [spechunter] [Grep] pattern='mvien'
[02:37:43] [spechunter] [text] Now let me look at the SBI injection path and how the kernel interacts with M-mode firmware for interrupt injection.  
[02:37:43] [spechunter] [Grep] pattern='sbi.*inject|SBI_EXT_FWFT|SBI_EXT_CPPC|inject.*sbi'
[02:37:43] [spechunter] [Grep] pattern='kvm_vcpu_kick|kvm_riscv_vcpu_set_interrupt|hvip.*write|CSR_HVIP'
[02:37:43] [spechunter] [Grep] pattern='kvm_vcpu_kick|kvm_riscv_vcpu_set_interrupt|hvip.*write|CSR_HVIP'
[02:38:07] [spechunter] [text] Now let me look at the mvip CSR registration and the spec reference.  
[02:38:07] [spechunter] [Grep] pattern='CSR_MVIP'
[02:38:07] [spechunter] [Glob] **/*aia*
[02:38:07] [spechunter] [Read] /home/yzs/riscv/qemu/target/riscv/csr.c
[02:38:13] [spechunter] [text] Now I have all the evidence needed. Let me compile the final analysis.  The `MACHINE_VIRTUAL_INTERRUPTS` and `MACHINE_VI...
[02:38:13] [spechunter] [TodoWrite] 4 items
[02:38:37] [spechunter] [text] Now let me write the results to the output file.  
[02:38:37] [spechunter] [Bash] Check reference file exists
[02:38:48] [spechunter] [Bash] List spec reference directories
[02:38:57] [spechunter] [Read] /home/yzs/riscv/XiangShan/src/main/scala/xiangshan/backend/decode/isa/CSRs.scala
[02:38:57] [spechunter] [Read] /home/yzs/riscv/XiangShan/src/main/scala/xiangshan/backend/decode/isa/CSRs.scala
[02:38:57] [spechunter] [Read] /home/yzs/riscv/XiangShan/src/main/scala/xiangshan/backend/decode/isa/CSRs.scala
[02:38:57] [spechunter] [Read] /home/yzs/riscv/XiangShan/src/main/scala/xiangshan/backend/decode/isa/CSRs.scala
[02:39:07] [spechunter] [Bash] List riscv-isa-manual spec directory
[02:39:07] [spechunter] [Bash] List fast-interrupt spec directory
[02:39:07] [spechunter] [Grep] pattern='mvien.*mvip|mvip.*mvien|VSSIP.*VSSIE|VSSIE.*VSSIP'
[02:39:12] [spechunter] [Read] /home/yzs/riscv/XiangShan/src/main/scala/xiangshan/backend/fu/NewCSR/InterruptBundle.scala
[02:39:12] [spechunter] [Read] /home/yzs/riscv/XiangShan/src/main/scala/xiangshan/backend/fu/NewCSR/InterruptBundle.scala
[02:39:12] [spechunter] [Read] /home/yzs/riscv/XiangShan/src/main/scala/xiangshan/backend/fu/NewCSR/MachineLevel.scala
[02:39:12] [spechunter] [Read] /home/yzs/riscv/XiangShan/src/main/scala/xiangshan/backend/fu/NewCSR/MachineLevel.scala
[02:39:12] [spechunter] [text] Now let me look at how HVIP interacts with HVIEN and check the spec reference documents.  
[02:39:12] [spechunter] [Grep] pattern='hvien|HVIEN|hvip|HVIP'
[02:39:12] [spechunter] [Glob] **/rv-isa-sec/spec_ref/**
[02:39:14] [spechunter] [Grep] pattern='mvien.*mvip|mvip.*mvien|VSSIP.*VSSIE|VSSIE.*VSSIP'
[02:39:23] [spechunter] [Grep] pattern='mvip|mvien'
[02:39:23] [spechunter] [Grep] pattern='mvip|mvien'
[02:39:30] [spechunter] [text] Let me check the spec reference for HVIEN/HVIP behavior and the AIA specification
[02:39:30] [spechunter] [Grep] pattern='hvien|HVIEN'
[02:39:30] [spechunter] [Glob] **/*aia*
[02:39:40] [spechunter] [Read] /home/yzs/riscv/XiangShan/src/main/scala/xiangshan/backend/fu/NewCSR/MachineLevel.scala
[02:39:40] [spechunter] [Read] /home/yzs/riscv/XiangShan/src/main/scala/xiangshan/backend/fu/NewCSR/MachineLevel.scala
[02:39:40] [spechunter] [Read] /home/yzs/riscv/XiangShan/src/main/scala/xiangshan/backend/fu/NewCSR/SupervisorLevel.scala
[02:39:40] [spechunter] [Read] /home/yzs/riscv/XiangShan/src/main/scala/xiangshan/backend/fu/NewCSR/SupervisorLevel.scala
[02:39:40] [spechunter] [Read] /home/yzs/riscv/XiangShan/src/main/scala/xiangshan/backend/fu/NewCSR/VirtualSupervisorLevel.scala
[02:39:40] [spechunter] [Read] /home/yzs/riscv/XiangShan/src/main/scala/xiangshan/backend/fu/NewCSR/VirtualSupervisorLevel.scala
[02:39:41] [spechunter] [Grep] pattern='mvip|MVIP'
[02:39:41] [spechunter] [Grep] pattern='hvien|HVIEN'
[02:39:47] [spechunter] [Grep] pattern='hvien|HVIEN'
[02:39:47] [spechunter] [Grep] pattern='MVIP|mvip'
[02:39:56] [spechunter] [Read] /home/yzs/riscv/XiangShan/src/main/scala/xiangshan/backend/fu/NewCSR/HypervisorLevel.scala
[02:39:56] [spechunter] [Read] /home/yzs/riscv/XiangShan/src/main/scala/xiangshan/backend/fu/NewCSR/NewCSR.scala
[02:39:56] [spechunter] [Read] /home/yzs/riscv/XiangShan/src/main/scala/xiangshan/backend/fu/NewCSR/NewCSR.scala
[02:39:56] [spechunter] [Read] /home/yzs/riscv/XiangShan/src/main/scala/xiangshan/backend/fu/NewCSR/NewCSR.scala
[02:39:56] [spechunter] [Read] /home/yzs/riscv/XiangShan/src/main/scala/xiangshan/backend/fu/NewCSR/NewCSR.scala
[02:39:56] [spechunter] [Read] /home/yzs/riscv/XiangShan/src/main/scala/xiangshan/backend/fu/NewCSR/CSRPermitModule.scala
[02:39:56] [spechunter] [Read] /home/yzs/riscv/XiangShan/src/main/scala/xiangshan/backend/fu/NewCSR/CSRPermitModule.scala
[02:39:56] [spechunter] [Read] /home/yzs/riscv/XiangShan/src/main/scala/xiangshan/backend/fu/NewCSR/CSRPermitModule.scala
[02:39:56] [spechunter] [Read] /home/yzs/riscv/XiangShan/src/main/scala/xiangshan/backend/fu/NewCSR/CSRPermitModule.scala
[02:40:20] [spechunter] [text] Let me look at the full `rmw_mvip64` function, the wrappers, and check the spec references more thoroughly
[02:40:20] [spechunter] [Read] /home/yzs/riscv/qemu/target/riscv/csr.c
[02:40:20] [spechunter] [Read] /home/yzs/riscv/qemu/target/riscv/csr.c
[02:40:20] [spechunter] [Grep] pattern='sw_write.*mvip|mvip.*sw_write|per.field.*mvien|mvien.*per.field'
[02:40:40] [spechunter] [Read] /home/yzs/riscv/XiangShan/src/main/scala/xiangshan/backend/fu/NewCSR/TrapHandleModule.scala
[02:40:40] [spechunter] [Read] /home/yzs/riscv/XiangShan/src/main/scala/xiangshan/backend/fu/NewCSR/TrapHandleModule.scala
[02:40:40] [spechunter] [Read] /home/yzs/riscv/XiangShan/src/main/scala/xiangshan/backend/fu/NewCSR/CSROoORead.scala
[02:40:40] [spechunter] [Read] /home/yzs/riscv/XiangShan/src/main/scala/xiangshan/backend/fu/NewCSR/CSROoORead.scala
[02:40:50] [spechunter] [text] Let me search more broadly in the spec references for the AIA-related definitions
[02:40:50] [spechunter] [Grep] pattern='mvip|mvien'
[02:40:50] [spechunter] [Bash] List spec reference document files
[02:41:09] [spechunter] [Grep] pattern='mvip|mvien'
[02:41:09] [spechunter] [Grep] pattern='mvip|mvien'
[02:42:03] [spechunter] [Read] /home/yzs/riscv/rv-isa-sec/spec_ref/riscv-fast-interrupt/src/aclic.adoc
[02:42:03] [spechunter] [Grep] pattern='mvip|mvien'
[02:42:47] [spechunter] [Bash] List priv spec directory
[02:42:47] [spechunter] [Grep] pattern='mvip|mvien'
[02:42:53] [spechunter] [Grep] pattern='mvip|mvien'
[02:42:53] [spechunter] [Grep] pattern='mvip|mvien'
[02:43:12] [spechunter] [Grep] pattern='mvip|mvien'
[02:43:30] [spechunter] [Read] /home/yzs/riscv/XiangShan/src/main/scala/xiangshan/backend/fu/NewCSR/MachineLevel.scala
[02:43:30] [spechunter] [Grep] pattern='mctrctl|sctrctl|sctrstatus|sctrdepth|vsctrctl'
[02:43:33] [spechunter] [text] Let me also check the `mvip_writable_mask` and what happens with the writable mask for bits where mvien=0 and mideleg=0
[02:43:33] [spechunter] [Grep] pattern='mvip_writable_mask'
[02:43:35] [spechunter] [text] Now let me look at the spec reference for HVIEN/HVIP behavior and the SBI interrupt injection path.  
[02:43:35] [spechunter] [Grep] pattern='hvien|HVIEN|hvip.*writable|mvien'
[02:43:35] [spechunter] [Grep] pattern='hvien|hvip.*wri'
[02:43:35] [spechunter] [Grep] pattern='hvien|HVIEN'
[02:43:41] [spechunter] [text] Let me search for the AIA specification reference documents more specifically
[02:43:41] [spechunter] [Grep] pattern='hvip|hvien|HVIEN'
[02:43:41] [spechunter] [Glob] **/*aia*adoc
[02:43:54] [spechunter] [Bash] Check recent commits on current branch
[02:43:54] [spechunter] [Bash] Check recent commits
[02:43:56] [spechunter] [Read] /home/yzs/riscv/XiangShan/src/main/scala/xiangshan/backend/fu/NewCSR/CSRPermitModule.scala
[02:44:12] [spechunter] [Grep] pattern='hvip|hvien'
[02:44:12] [spechunter] [Grep] pattern='hvip|hvien|HVIEN'
[02:44:22] [spechunter] [Grep] pattern='hvien|HVIP.*WARL|hvip.*writable|hvip.*write'
[02:44:40] [spechunter] [text] Now let me understand the branch context and check what the PR is about.  
[02:44:40] [spechunter] [Bash] Check branch info
[02:44:40] [spechunter] [Grep] pattern='mvip|mvien|hvip'
[02:45:34] [spechunter] [text] Now let me investigate the SBI call paths that might go through M-mode firmware for interrupt injection.  
[02:45:34] [spechunter] [Grep] pattern='SBI_EXT_FWFT|SBI_EXT_CPPC|fwft|cppc'
[02:45:34] [spechunter] [Grep] pattern='kvm_riscv_vcpu_set_interrupt|kvm_riscv_vcpu_unset_interrupt'
[02:45:43] [spechunter] [Grep] pattern='aia_any'
[02:45:43] [spechunter] [Grep] pattern='static int aia_any'
[02:45:50] [spechunter] [text] Now let me cross-validate everything I've read. All fast-path locations map to actual code. Let me produce the final out...
[02:46:27] [spechunter] [Agent] description, prompt
[02:46:44] [spechunter] [text] Now let me look at how HVIP writes interact with HVIEN and the SBI injection path to M-mode firmware.  
[02:46:44] [spechunter] [Read] /home/yzs/riscv/linux/arch/riscv/kvm/vcpu.c
[02:46:44] [spechunter] [Read] /home/yzs/riscv/linux/arch/riscv/kvm/vcpu.c
[02:46:44] [spechunter] [Grep] pattern='hvien|HVIEN|hvip.*mask|hvip.*gate'
[02:46:49] [spechunter] [Grep] pattern='mvip|mvien|0x309|0x308'
[02:46:49] [spechunter] [Grep] pattern='MACHINE_VIRTUAL_INTERRUPTS'
[02:46:49] [spechunter] [Grep] pattern='virtual.?interrupt|virtualInterrupt'
[02:46:49] [spechunter] [Grep] pattern='Mvip|Mvien|MVIP|MVIEN'
[02:46:58] [spechunter] [Grep] pattern='static RISCVException rmw_mip'
[02:48:12] [spechunter] [Grep] pattern='mvip|mvien|MVip|Mvien|Mvip|MVIEN|MVIP|0x309|0x308'
[02:48:12] [spechunter] [Grep] pattern='mvip|mvien|MVip|Mvien|Mvip|MVIEN|MVIP|0x309|0x308'
[02:48:12] [spechunter] [Grep] pattern='mvip|mvien|MVip|Mvien|Mvip|MVIEN|MVIP|0x309|0x308'
[02:48:12] [spechunter] [Grep] pattern='mvip|mvien|MVip|Mvien|Mvip|MVIEN|MVIP|0x309|0x308'
[02:48:12] [spechunter] [Grep] pattern='mvip|mvien|MVip|Mvien|Mvip|MVIEN|MVIP|0x309|0x308'
[02:48:12] [spechunter] [Grep] pattern='mvip|mvien|MVip|Mvien|Mvip|MVIEN|MVIP|0x309|0x308'
[02:48:12] [spechunter] [Grep] pattern='mvip|mvien|MVip|Mvien|Mvip|MVIEN|MVIP|0x309|0x308'
[02:48:12] [spechunter] [Grep] pattern='mvip|mvien|MVip|Mvien|Mvip|MVIEN|MVIP|0x309|0x308'
[02:48:12] [spechunter] [Grep] pattern='mvip|mvien|MVip|Mvien|Mvip|MVIEN|MVIP|0x309|0x308'
[02:48:12] [spechunter] [Grep] pattern='mvip|mvien|MVip|Mvien|Mvip|MVIEN|MVIP|0x309|0x308'
[02:48:12] [spechunter] [Grep] pattern='mvip|mvien|MVip|Mvien|Mvip|MVIEN|MVIP|0x309|0x308'
[02:48:12] [spechunter] [Grep] pattern='MACHINE_VIRTUAL_INTERRUPTS'
[02:48:19] [spechunter] [text] Now let me look at the existing spec for the AIA behavior more carefully and check the `hvip` vs `mvip` alias behavior
[02:48:19] [spechunter] [Read] /home/yzs/riscv/rv-isa-sec/spec_ref/riscv-isa-manual/src/priv/hypervisor.adoc
[02:48:19] [spechunter] [Read] /home/yzs/riscv/rv-isa-sec/spec_ref/riscv-isa-manual/src/priv/csrs.adoc
[02:48:27] [spechunter] [Glob] **/*
[02:48:28] [spechunter] [TodoWrite] 5 items
[02:49:13] [spechunter] [Read] /home/yzs/riscv/XiangShan/src/main/scala/xiangshan/backend/fu/NewCSR/MachineLevel.scala
[02:49:13] [spechunter] [Read] /home/yzs/riscv/XiangShan/src/main/scala/xiangshan/backend/fu/NewCSR/MachineLevel.scala
[02:49:13] [spechunter] [Read] /home/yzs/riscv/XiangShan/src/main/scala/xiangshan/backend/fu/NewCSR/VirtualSupervisorLevel.scala
[02:49:13] [spechunter] [Read] /home/yzs/riscv/XiangShan/src/main/scala/xiangshan/backend/fu/NewCSR/SupervisorLevel.scala
[02:49:13] [spechunter] [Read] /home/yzs/riscv/XiangShan/src/main/scala/xiangshan/backend/decode/isa/CSRs.scala
[02:49:13] [spechunter] [Read] /home/yzs/riscv/XiangShan/src/main/scala/xiangshan/backend/decode/isa/CSRs.scala
[02:49:13] [spechunter] [Read] /home/yzs/riscv/XiangShan/src/main/scala/xiangshan/backend/fu/NewCSR/TrapHandleModule.scala
[02:49:13] [spechunter] [Grep] pattern='MACHINE_VIRTUAL_INTERRUPTS'
[02:49:28] [spechunter] [text] Let me check the AIA spec for `hvien` normative text in the spec reference.  
[02:49:28] [spechunter] [Grep] pattern='hvien|HVIEN'
[02:49:28] [spechunter] [Grep] pattern='hvien|hvi.*writ|write.*mask'
[02:49:43] [spechunter] [Grep] pattern='virtual.*interrupt|machineVirtualInterrupt'
[02:49:43] [spechunter] [Grep] pattern='virtualInterrupt|VIRTUAL_INTERRUPT|virtual_interrupt'
[02:49:43] [spechunter] [Read] /home/yzs/riscv/XiangShan/src/main/scala/xiangshan/backend/fu/NewCSR/TrapHandleModule.scala
[02:49:43] [spechunter] [Grep] pattern='mvip|mvien|MVip|Mvien|0x309|0x308'
[02:49:43] [spechunter] [Read] /home/yzs/riscv/XiangShan/src/main/scala/xiangshan/backend/fu/NewCSR/InterruptBundle.scala
[02:49:43] [spechunter] [Read] /home/yzs/riscv/XiangShan/src/main/scala/xiangshan/backend/fu/NewCSR/HypervisorLevel.scala
[02:49:56] [spechunter] [Read] /home/yzs/riscv/XiangShan/src/main/scala/xiangshan/backend/fu/NewCSR/InterruptFilter.scala
[02:49:56] [spechunter] [Read] /home/yzs/riscv/XiangShan/src/main/scala/xiangshan/backend/fu/NewCSR/NewCSR.scala
[02:49:56] [spechunter] [Read] /home/yzs/riscv/XiangShan/src/main/scala/xiangshan/backend/fu/NewCSR/CSROoORead.scala
[02:49:56] [spechunter] [Grep] pattern='vsipToMvip|SipToMvip|VSipToMvip|VSSipToMvip|IpValidBundle'
[02:49:56] [spechunter] [Read] /home/yzs/riscv/XiangShan/src/main/scala/xiangshan/backend/fu/NewCSR/VirtualSupervisorLevel.scala
[02:49:56] [spechunter] [Read] /home/yzs/riscv/XiangShan/src/main/scala/xiangshan/backend/fu/NewCSR/InterruptBundle.scala
[02:50:11] [spechunter] [Read] /home/yzs/riscv/XiangShan/src/main/scala/xiangshan/backend/fu/NewCSR/InterruptBundle.scala
[02:50:11] [spechunter] [Read] /home/yzs/riscv/XiangShan/src/main/scala/xiangshan/backend/fu/NewCSR/InterruptBundle.scala
[02:50:11] [spechunter] [Read] /home/yzs/riscv/XiangShan/src/main/scala/xiangshan/backend/fu/NewCSR/InterruptBundle.scala
[02:50:11] [spechunter] [Grep] pattern='class CSRModule|def wen|def wdata|WARL|warlMask|warl'
[02:50:11] [spechunter] [Grep] pattern='MACHINE_VIRTUAL|VirtualInterrupt|virtual.*interrupt.*param|MvipEnable'
[02:50:11] [spechunter] [Read] /home/yzs/riscv/XiangShan/src/main/scala/xiangshan/backend/fu/NewCSR/VirtualSupervisorLevel.scala
[02:50:11] [spechunter] [Read] /home/yzs/riscv/XiangShan/src/main/scala/xiangshan/backend/fu/NewCSR/SupervisorLevel.scala
[02:50:33] [spechunter] [Grep] pattern='MACHINE_VIRTUAL_INTERRUPT|machine_virtual'
[02:50:33] [spechunter] [Grep] pattern='def wen|def wdata|wdata|wen'
[02:50:33] [spechunter] [Read] /home/yzs/riscv/XiangShan/src/main/scala/xiangshan/backend/fu/NewCSR/CSRPermitModule.scala
[02:50:33] [spechunter] [Read] /home/yzs/riscv/XiangShan/src/main/scala/xiangshan/backend/fu/NewCSR/CSRPermitModule.scala
[02:50:33] [spechunter] [Read] /home/yzs/riscv/XiangShan/src/main/scala/xiangshan/backend/fu/NewCSR/CSRPermitModule.scala
[02:50:50] [spechunter] [Grep] pattern='MACHINE_VIRTUAL'
[02:50:50] [spechunter] [Grep] pattern='EnableVirtual|Virtual.*Enable|hasMvien|HasMvien'
[02:50:50] [spechunter] [Glob] **/NewCSR/CSRConfig*
[02:50:50] [spechunter] [Glob] **/NewCSR/CSRDefines*
[02:50:50] [spechunter] [Grep] pattern='MvipEnable|mvipEnable|virtual.*enable|Virtual.*Enable|VirtualEnable'
[02:51:07] [spechunter] [text] Now let me check the CSR_HVIP write behavior and HVIEN interaction more carefully  
[02:51:07] [spechunter] [Grep] pattern='hvip.*writable|hvien.*write|WARL.*hvip|hvip.*WARL'
[02:51:07] [spechunter] [Grep] pattern='hvien|hvip.*alias|hvip.*wri'
[02:51:08] [spechunter] [Read] /home/yzs/riscv/XiangShan/src/main/scala/xiangshan/backend/fu/NewCSR/CSRDefines.scala
[02:51:08] [spechunter] [Grep] pattern='VirtualInterrupt|MACHINE_VIRTUAL|machineVirtual|virtualSupervisor'
[02:51:08] [spechunter] [Glob] **/*.xml
[02:51:08] [spechunter] [Grep] pattern='MACHINE_VIRTUAL|machine_virtual|HasMachine|hasMachineLevel|HasH|hasHyper'
[02:51:44] [spechunter] [Grep] pattern='mvip|mvien|Mvip|Mvien'
[02:51:44] [spechunter] [Grep] pattern='mvip|mvien'
[02:51:44] [spechunter] [Read] /home/yzs/riscv/XiangShan/src/main/scala/xiangshan/backend/fu/NewCSR/CSRFields.scala
[02:51:44] [spechunter] [Read] /home/yzs/riscv/XiangShan/src/main/scala/xiangshan/backend/fu/NewCSR/InterruptFilter.scala
[02:51:44] [spechunter] [Read] /home/yzs/riscv/XiangShan/src/main/scala/xiangshan/backend/fu/NewCSR/NewCSR.scala
[02:52:03] [spechunter] [Grep] pattern='MACHINE_VIRTUAL_INTERRUPTS'
[02:52:03] [spechunter] [Read] /home/yzs/riscv/XiangShan/src/main/scala/xiangshan/Parameters.scala
[02:52:03] [spechunter] [Read] /home/yzs/riscv/XiangShan/src/main/scala/xiangshan/backend/fu/NewCSR/CSRFields.scala
[02:52:26] [spechunter] [Grep] pattern='MACHINE_VIRTUAL_INTERRUPTS'
[02:52:26] [spechunter] [Read] /home/yzs/riscv/XiangShan/src/main/scala/xiangshan/backend/fu/NewCSR/TrapHandleModule.scala
[02:52:26] [spechunter] [Read] /home/yzs/riscv/XiangShan/src/main/scala/xiangshan/backend/fu/NewCSR/CSRPermitModule.scala
[02:53:00] [spechunter] [Grep] pattern='MACHINE_VIRTUAL_INTERRUPT'
[02:53:00] [spechunter] [Grep] pattern='MACHINE_VIRTUAL'
[02:53:00] [spechunter] [Grep] pattern='virtual.*interrupt'
[02:53:20] [spechunter] [Grep] pattern='mvien|mvip|virtualSuper|virtual.*interrupt.*config'
[02:53:20] [spechunter] [Grep] pattern='mvien|mvip|virtual'
[02:53:20] [spechunter] [Glob] *.scala
[02:53:38] [spechunter] [text] Now let me verify whether there's any `mvip` usage in the kernel code at all.  
[02:53:38] [spechunter] [Grep] pattern='CSR_MVIP|csr_write.*mvip|csr_read.*mvip'
[02:53:38] [spechunter] [Grep] pattern='CSR_MVIEN|csr_write.*mvien|csr_read.*mvien'
[02:53:43] [spechunter] [Grep] pattern='virtualSupervisor'
[02:53:43] [spechunter] [Grep] pattern='class NewCSR'
[02:53:43] [spechunter] [Read] /home/yzs/riscv/XiangShan/src/main/scala/xiangshan/backend/fu/NewCSR/NewCSR.scala
[02:53:53] [spechunter] [Read] /home/yzs/riscv/XiangShan/src/main/scala/xiangshan/backend/fu/NewCSR/VirtualSupervisorLevel.scala
[02:53:53] [spechunter] [Read] /home/yzs/riscv/XiangShan/src/main/scala/xiangshan/backend/fu/NewCSR/VirtualSupervisorLevel.scala
[02:53:53] [spechunter] [Read] /home/yzs/riscv/XiangShan/src/main/scala/xiangshan/backend/fu/NewCSR/InterruptBundle.scala
[02:53:53] [spechunter] [Read] /home/yzs/riscv/XiangShan/src/main/scala/xiangshan/backend/fu/NewCSR/SupervisorLevel.scala
[02:53:53] [spechunter] [Read] /home/yzs/riscv/XiangShan/src/main/scala/xiangshan/backend/fu/NewCSR/MachineLevel.scala
[02:54:04] [spechunter] [Grep] pattern='CSRConfig'
[02:54:12] [spechunter] [Grep] pattern='object CSRConfig|package.*NewCSR'
[02:54:12] [spechunter] [Glob] **/package.scala
[02:54:30] [spechunter] [Read] /home/yzs/riscv/XiangShan/src/main/scala/xiangshan/backend/fu/NewCSR/NewCSR.scala
[02:54:47] [spechunter] [Read] /home/yzs/riscv/XiangShan/src/main/scala/xiangshan/backend/fu/NewCSR/HypervisorLevel.scala
[02:54:47] [spechunter] [Grep] pattern='mvip|mvien'
[02:54:47] [spechunter] [Read] /home/yzs/riscv/XiangShan/src/main/scala/xiangshan/backend/fu/NewCSR/CSRDocDump.scala
[02:55:06] [spechunter] [TodoWrite] 5 items
[02:57:25] [spechunter] [text] Now let me look at the spec reference for hvien reset/default values in the AIA context
[02:57:25] [spechunter] [Read] /home/yzs/riscv/rv-isa-sec/spec_ref/riscv-isa-manual/src/priv/smcdeleg.adoc
[02:57:25] [spechunter] [Grep] pattern='hvien.*default|hvien.*reset|hvien.*one|hvien.*zero|hvi.*writable'
[02:57:28] [spechunter] [text] Let me read the actual RTL code to assess the mvip/mvien implementation in detail
[02:57:28] [spechunter] [Read] /home/yzs/riscv/XiangShan/src/main/scala/xiangshan/backend/fu/NewCSR/MachineLevel.scala
[02:57:28] [spechunter] [Read] /home/yzs/riscv/XiangShan/src/main/scala/xiangshan/backend/fu/NewCSR/InterruptBundle.scala
[02:57:49] [spechunter] [Read] /home/yzs/riscv/XiangShan/src/main/scala/xiangshan/backend/fu/NewCSR/MachineLevel.scala
[02:57:49] [spechunter] [Read] /home/yzs/riscv/XiangShan/src/main/scala/xiangshan/backend/fu/NewCSR/CSRModule.scala
[02:59:06] [spechunter] [text] Now let me read the spec reference for virtual interrupt behavior and the CSRModule base class WARL logic in more detail...
[02:59:06] [spechunter] [Read] /home/yzs/riscv/XiangShan/src/main/scala/xiangshan/backend/fu/NewCSR/CSRModule.scala
[02:59:06] [spechunter] [Glob] **/spec_ref/**/*aia*
[02:59:06] [spechunter] [Glob] **/*
[02:59:14] [spechunter] [Grep] pattern='mvip|mvien|virtual interrupt'
[02:59:14] [spechunter] [Read] /home/yzs/riscv/XiangShan/src/main/scala/xiangshan/backend/fu/NewCSR/MachineLevel.scala
[02:59:39] [spechunter] [Grep] pattern='mvip|mvien'
[02:59:39] [spechunter] [Grep] pattern='mvip|mvien'
[02:59:50] [spechunter] [Grep] pattern='virtual.*interrupt|interrupt.*virtual|MVIP|MVIEN'
[02:59:50] [spechunter] [Grep] pattern='0x309|0x308|mvip|mvien|virtual.*interrupt'
[03:03:57] [spechunter] [Read] /home/yzs/riscv/XiangShan/src/main/scala/xiangshan/backend/fu/NewCSR/SupervisorLevel.scala
[03:03:57] [spechunter] [Read] /home/yzs/riscv/XiangShan/src/main/scala/xiangshan/backend/fu/NewCSR/InterruptBundle.scala
[03:05:51] [spechunter] [text] Let me also check the AIA specification for the normative mvip/mvien behavior, and look at the interrupt forwarding for ...
[03:05:51] [spechunter] [Grep] pattern='mvien|mvip|machine.*virtual.*interrupt'
[03:05:51] [spechunter] [Grep] pattern='MvipToMip|MipToMvip'
[03:06:45] [spechunter] [Grep] pattern='mvien|mvip|virtual.*interrupt'
[03:06:45] [spechunter] [Grep] pattern='class (MvipToMip|MipToMvip|SipToMvip|VSipToMvip)'
[03:07:05] [spechunter] [Read] /home/yzs/riscv/XiangShan/src/main/scala/xiangshan/backend/fu/NewCSR/MachineLevel.scala
[03:07:05] [spechunter] [Read] /home/yzs/riscv/XiangShan/src/main/scala/xiangshan/backend/fu/NewCSR/InterruptBundle.scala
[03:08:27] [spechunter] [Grep] pattern='def setRW|class CSRBundle|class CSREnumType'
[03:08:27] [spechunter] [Grep] pattern='mvien.*writable|mvip.*writable|mvien.*zero|Smaia'
[03:09:06] [spechunter] [Grep] pattern='def setRW|class WARLType|isLegal|legalRead'
[03:09:06] [spechunter] [Read] /home/yzs/riscv/XiangShan/src/main/scala/xiangshan/backend/fu/NewCSR/CSRFields.scala
[03:09:13] [spechunter] [Read] /home/yzs/riscv/XiangShan/src/main/scala/xiangshan/backend/fu/NewCSR/CSRFields.scala
[03:09:13] [spechunter] [Grep] pattern='mvip.*writable.*mvien|mvien.*gated|interrupt.*filtering.*virtual'
[03:09:30] [spechunter] [text] Let me look for the AIA specification which defines mvip/mvien behavior.  
[03:09:30] [spechunter] [Glob] **/*aia*/**
[03:09:30] [spechunter] [Glob] **/*AIA*/**
[03:09:38] [spechunter] [Grep] pattern='mvien|mvip|virtual.*interrupt.*filter'
[03:09:56] [spechunter] [Grep] pattern='mvien|mvip|virtual.*interrupt'
[03:09:56] [spechunter] [Grep] pattern='mvien|mvip'
[03:10:00] [spechunter] [Glob] **/*.adoc
[03:10:06] [spechunter] [Grep] pattern='interrupt filtering.*virtual|virtual.*interrupt.*AIA|Smaia.*mvien'
[03:10:06] [spechunter] [Grep] pattern='AIA.*specification|advanced.*interrupt'
[03:13:57] [spechunter] [Grep] pattern='class MipBundle|class MieBundle'
[03:13:57] [spechunter] [Read] /home/yzs/riscv/XiangShan/src/main/scala/xiangshan/backend/fu/NewCSR/VirtualSupervisorLevel.scala
