[13:58:57] [spechunter] PR loaded: #79 riscv/riscv-memory-tagging — "src/mte_tag: tighten the first stage page table conditions for MTAG"
[13:58:57] [spechunter]   diff: 4151 chars  body: 415 chars  reviews: 0
[13:58:57] [spechunter] Global pre-filter running...
[13:59:16] [spechunter] [text] {"should_skip": false}
[13:59:17] [spechunter] pre-filter: should_skip=False reason=""
[13:59:30] [spechunter] [text] ```json {"should_skip": false} ```
[13:59:38] [spechunter] [text] {"should_skip": true, "skip_reason": "Memory Tagging Extension (Zimt) operates on first-stage page tables and S-mode env...
[13:59:38] [spechunter] [text] {"should_skip": false}
[13:59:39] [spechunter] [text] {"should_skip": true, "skip_reason": "Zimt/Memory Tagging is an unratified extension still in spec development; FreeBSD ...
[13:59:47] [spechunter] [Grep] pattern='Zimt|MTAG|memory.tag|mte_tag'
[13:59:47] [spechunter] [Grep] pattern='envcfg|menvcfg|senvcfg'
[13:59:58] [spechunter] [text] {"should_skip": true, "skip_reason": "XiangShan does not implement the Zimt (memory tagging) extension — no MTAG, tag-ch...
[14:00:27] [spechunter] [Grep] pattern='MTAG|_MTAG|memory.tag|mte_tag'
[14:00:27] [spechunter] [Grep] pattern='_PAGE_MTE|PTE_MTE|pgprot.*tag|tag.*pte|MTAG'
[14:00:53] [spechunter] [text] ```json {   "violation_condition": "Kernel sets MTAG=1 in a first-stage PTE whose X (execute) bit is also 1, without exp...
[14:01:12] [spechunter] [TodoWrite] 6 items
[14:01:12] [spechunter] [Grep] pattern='MTAG|_MTAG'
[14:01:12] [spechunter] [Grep] pattern='_PAGE_MTE|_MTE'
[14:01:12] [spechunter] [Grep] pattern='pte_mktag|pte_mt'
[14:01:12] [spechunter] [Grep] pattern='envcfg'
[14:01:16] [spechunter] [Bash] Check current QEMU commit for context
[14:01:22] [spechunter] [Grep] pattern='MTAG|MTE_MTAG|_MTE'
[14:01:22] [spechunter] [Grep] pattern='_PAGE_MTE|_PAGE_EXEC|_PAGE_X'
[14:01:22] [spechunter] [Bash] Check recent commits for MTAG/MTE context
[14:01:33] [spechunter] [Read] /home/yzs/riscv/linux/arch/riscv/include/asm/pgtable-bits.h
[14:01:33] [spechunter] [Read] /home/yzs/riscv/linux/arch/riscv/include/asm/pgtable.h
[14:01:33] [spechunter] [Grep] pattern='MTE|mte_tag|mtag'
[14:01:39] [spechunter] [Grep] pattern='ADUE'
[14:01:39] [spechunter] [Grep] pattern='satp'
[14:01:39] [spechunter] [Grep] pattern='_PAGE_EXEC\\b|_PAGE_READ\\b|_PAGE_WRITE\\b|PTE_X\\b|PTE_W\\b|PTE_R\\b|_EXEC\\b'
[14:01:39] [spechunter] [Grep] pattern='ENVCFG_'
[14:01:55] [spechunter] [Grep] pattern='MTE_MTAG|MTAG|_MTAG'
[14:01:55] [spechunter] [Grep] pattern='envcfg|ENVCFG|menvcfg|senvcfg'
[14:01:55] [spechunter] [Grep] pattern='tag.*check|tagcheck|tag_check|memory.tag'
[14:02:07] [spechunter] [Read] /home/yzs/riscv/linux/arch/riscv/include/asm/pgtable-64.h
[14:02:07] [spechunter] [Read] /home/yzs/riscv/linux/arch/riscv/include/asm/pgtable-32.h
[14:02:07] [spechunter] [Grep] pattern='_PAGE_MTMASK|_PAGE_NOCACHE|_PAGE_IO|_PAGE_MT'
[14:02:11] [spechunter] [Grep] pattern='MTAG|_MTAG|MTE_TAG|mte_tag|memory_tag'
[14:02:11] [spechunter] [Grep] pattern='MTAG|_MTAG|MTE_TAG|mte_tag'
[14:02:11] [spechunter] [Grep] pattern='MTAG|_MTAG|MTE_TAG|mte_tag'
[14:02:11] [spechunter] [Grep] pattern='MTAG|_MTAG|MTE_TAG|mte_tag'
[14:02:25] [spechunter] [TodoWrite] 6 items
[14:02:33] [spechunter] [Grep] pattern='MTAG|mtag|memory.tag'
[14:02:33] [spechunter] [Grep] pattern='tagged|tag.check|tagcheck'
[14:02:33] [spechunter] [Read] /home/yzs/riscv/linux/arch/riscv/include/asm/pgtable-bits.h
[14:02:33] [spechunter] [Grep] pattern='ADUE|access.fault|_PAGE_SOFT|_PAGE_MTE|_PAGE_SPEC'
[14:02:33] [spechunter] [Grep] pattern='XWR|access-fault|unchecked'
[14:02:50] [spechunter] [text] Let me look deeper at the RISC-V CSR definitions, KVM guest PTE construction, and the satp/envcfg CSR handling.  
[14:02:50] [spechunter] [Grep] pattern='MTE|MTAG|mte_tag|_MTE_|tag.*pte|pte.*tag'
[14:02:50] [spechunter] [Grep] pattern='MTE|MTAG|tag_check|tagcheck'
[14:02:50] [spechunter] [Grep] pattern='ENVCFG|envcfg|PMM|PME|TAG_CHECK'
[14:02:53] [spechunter] [Grep] pattern='access.fault|EXCEPTION_STORE_ACCESS|EXCEPTION_LOAD_ACCESS'
[14:02:53] [spechunter] [Grep] pattern='MMU.*fault|handle_mm_fault|do_page_fault|bad_area'
[14:03:08] [spechunter] [text] Let me read the key fault handling and PTE manipulation code to understand the full picture.  
[14:03:08] [spechunter] [Read] /home/yzs/riscv/linux/arch/riscv/mm/fault.c
[14:03:08] [spechunter] [Read] /home/yzs/riscv/linux/arch/riscv/include/asm/pgtable.h
[14:03:08] [spechunter] [Grep] pattern='SVRSW|svrsw|svrsw60t59b'
[14:03:24] [spechunter] [Read] /home/yzs/riscv/linux/arch/riscv/include/asm/csr.h
[14:03:24] [spechunter] [Grep] pattern='memory.tag|memorytag|mtag|mte_tag|memtag'
[14:03:24] [spechunter] [Grep] pattern='memory.tag|memorytag|mtag|mte_tag|memtag'
[14:03:29] [spechunter] [Grep] pattern='MTAG|_MTAG|mte_tag|MTE_TAG|memory.tag'
[14:03:29] [spechunter] [Grep] pattern='_PAGE_MTE|_PAGE_TAG|PAGE_MTE|PTE_MTE'
[14:03:29] [spechunter] [Grep] pattern='_PAGE_MTE|_PAGE_TAG|PAGE_MTE|PTE_MTE'
[14:03:29] [spechunter] [Grep] pattern='set_pte|pte_val|__pgprot|pgprot_val'
[14:04:11] [spechunter] [Grep] pattern='straddl|cross.page|page.cross|boundary'
[14:04:11] [spechunter] [Grep] pattern='zimt|Zimt|memory.tagging'
[14:04:12] [spechunter] [Agent] description, subagent_type
[14:04:12] [spechunter] [Agent] description, subagent_type
[14:04:24] [spechunter] [Glob] arch/riscv/mm/pgtable.c
[14:04:24] [spechunter] [Glob] arch/riscv/mm/fault.c
[14:04:24] [spechunter] [Glob] arch/riscv/include/asm/pgtable.h
[14:04:24] [spechunter] [Glob] arch/riscv/include/asm/errata_list.h
[14:04:24] [spechunter] [Glob] arch/riscv/mm/init.c
[14:04:31] [spechunter] [text] Based on thorough searching, **MTAG/Memory Tagging does not exist in the current RISC-V Linux kernel tree**. All MTAG-re...
[14:04:36] [spechunter] [Grep] pattern='_PAGE_MTMASK|_PAGE_EXEC|_PAGE_MT'
[14:04:36] [spechunter] [Grep] pattern='PBMTE|senvcfg|SENVCFG|henvcfg|HENVCFG|menvcfg|MSENVCFG'
[14:04:36] [spechunter] [Grep] pattern='set_pte|pfn_pte|pte_modify|pte_mkdirty|pte_mkyoung'
[14:04:36] [spechunter] [Glob] arch/riscv/kvm/mmu.c
[14:04:36] [spechunter] [Glob] arch/riscv/include/asm/pgtable.h
[14:04:40] [spechunter] [Read] /home/yzs/riscv/linux/arch/riscv/mm/pgtable.c
[14:04:40] [spechunter] [Read] /home/yzs/riscv/linux/arch/riscv/mm/fault.c
[14:04:40] [spechunter] [Read] /home/yzs/riscv/linux/arch/riscv/include/asm/pgtable.h
[14:04:40] [spechunter] [Read] /home/yzs/riscv/linux/arch/riscv/include/asm/errata_list.h
[14:04:40] [spechunter] [Read] /home/yzs/riscv/linux/arch/riscv/mm/init.c
[14:04:45] [spechunter] [Read] /home/yzs/riscv/linux/arch/riscv/include/asm/pgtable-bits.h
[14:04:45] [spechunter] [Read] /home/yzs/riscv/linux/arch/riscv/include/asm/pgtable-64.h
[14:04:45] [spechunter] [Read] /home/yzs/riscv/linux/arch/riscv/kvm/mmu.c
[14:04:45] [spechunter] [Read] /home/yzs/riscv/linux/arch/riscv/kvm/gstage.c
[14:05:03] [spechunter] [Read] /home/yzs/riscv/linux/arch/riscv/include/asm/pgtable.h
[14:05:03] [spechunter] [Read] /home/yzs/riscv/linux/arch/riscv/include/asm/errata_list.h
[14:05:03] [spechunter] [Read] /home/yzs/riscv/linux/arch/riscv/include/asm/csr.h
[14:05:03] [spechunter] [Read] /home/yzs/riscv/linux/arch/riscv/kvm/vcpu.c
[14:05:22] [spechunter] [Grep] pattern='envcfg|menvcfg|senvcfg'
[14:05:22] [spechunter] [Grep] pattern='get_physical_address|riscv_cpu_tlb_fill|ptw'
[14:05:22] [spechunter] [Read] /home/yzs/riscv/linux/arch/riscv/include/asm/pgtable-bits.h
[14:05:22] [spechunter] [Grep] pattern='ioremap_prot|pgprot_modify|pgprot_noncached.*PROT_EXEC|pgprot_writecombine.*PROT_EXEC'
[14:05:22] [spechunter] [Grep] pattern='_PAGE_EXEC.*_PAGE_IO|_PAGE_IO.*_PAGE_EXEC|_PAGE_EXEC.*_PAGE_NOCACHE|_PAGE_NOCACHE.*_PAGE_EXEC'
[14:05:22] [spechunter] [Grep] pattern='flush_icache_pte'
[14:05:37] [spechunter] [Glob] arch/riscv/include/asm/pgtable-64.h
[14:05:37] [spechunter] [Read] /home/yzs/riscv/linux/arch/riscv/include/asm/io.h
[14:05:37] [spechunter] [Read] /home/yzs/riscv/linux/arch/riscv/mm/cacheflush.c
[14:05:38] [spechunter] [Grep] pattern='SENVCFG|senvcfg|PBMTE|pbmt|has_svpbmt'
[14:05:38] [spechunter] [Read] /home/yzs/riscv/linux/arch/riscv/kvm/vcpu_onereg.c
[14:05:38] [spechunter] [Read] /home/yzs/riscv/linux/arch/riscv/include/asm/kvm_host.h
[14:05:38] [spechunter] [Read] /home/yzs/riscv/linux/arch/riscv/mm/pageattr.c
[14:05:56] [spechunter] [Read] /home/yzs/riscv/linux/arch/riscv/include/asm/pgtable-64.h
[14:05:56] [spechunter] [Grep] pattern='_PAGE_CHG_MASK|_PAGE_MTMASK|_PAGE_IO|_PAGE_NOCACHE|_PAGE_PMA'
[14:06:04] [spechunter] [text] ```json {   "violation_condition": "QEMU TCG translates an instruction that straddles a page boundary between a tagcheck...
[14:06:11] [spechunter] [Read] /home/yzs/riscv/linux/arch/riscv/include/asm/io.h
[14:06:11] [spechunter] [Grep] pattern='ARCH_HAS_GENERIC_IOREMAP_PROT'
[14:06:11] [spechunter] [Read] /home/yzs/riscv/linux/arch/riscv/mm/ioremap.c
[14:06:11] [spechunter] [Grep] pattern='ioremap_prot.*PAGE_EXEC|ioremap.*PAGE_KERNEL_EXEC|PROT_EXEC.*ioremap'
[14:06:15] [spechunter] [Grep] pattern='PBMTE|senvcfg|SENVCFG|pbmt'
[14:06:15] [spechunter] [Grep] pattern='HENVCFG|henvcfg|senvcfg|SENVCFG'
[14:06:15] [spechunter] [Grep] pattern='kvm_riscv_gstage_map_page|gstage_map_page|page_exec'
[14:06:15] [spechunter] [Glob] arch/riscv/include/asm/kvm_gstage*.h
[14:06:21] [spechunter] [Agent] description, subagent_type
[14:06:32] [spechunter] [Grep] pattern='mtag|MTAG'
[14:06:32] [spechunter] [Grep] pattern='menvcfg|MENVCFG'
[14:06:32] [spechunter] [Grep] pattern='senvcfg|SENVCFG'
[14:06:32] [spechunter] [Grep] pattern='henvcfg|HENVCFG'
[14:06:32] [spechunter] [Grep] pattern='get_physical_address'
[14:06:32] [spechunter] [Grep] pattern='riscv_cpu_tlb_fill'
[14:06:33] [spechunter] [Grep] pattern='set_memory_ro|set_memory_rw|set_memory_x|set_memory_nx'
[14:06:33] [spechunter] [Glob] arch/riscv/mm/ioremap.c
[14:06:33] [spechunter] [Grep] pattern='ioremap|arch_io_reserve_memtype_wc|fixmap|ioremap_page_range|generic_ioremap'
[14:06:38] [spechunter] [Grep] pattern='mtag'
[14:06:38] [spechunter] [Grep] pattern='mtag'
[14:06:38] [spechunter] [Grep] pattern='mtag'
[14:06:38] [spechunter] [Grep] pattern='tagged|memory.tag|memtag|mem_tag'
[14:06:38] [spechunter] [Grep] pattern='tb_flags|MTAG|m_tag|pte_tag'
[14:06:39] [spechunter] [Read] /home/yzs/riscv/linux/arch/riscv/include/asm/kvm_gstage.h
[14:06:39] [spechunter] [Grep] pattern='SENVCFG|senvcfg|PBMTE|has_svpbm|riscv_has.*svpbmt'
[14:06:39] [spechunter] [Grep] pattern='PAGE_KERNEL_EXEC|PAGE_READ_EXEC|PAGE_WRITE_EXEC|PAGE_SHARED_EXEC|_PAGE_EXEC'
[14:06:39] [spechunter] [Grep] pattern='PAGE_KERNEL_EXEC|PAGE_READ_EXEC|PAGE_WRITE_EXEC|_PAGE_EXEC.*MT|MT.*_PAGE_EXEC'
[14:06:42] [spechunter] [Read] /home/yzs/riscv/linux/arch/riscv/mm/pageattr.c
[14:06:42] [spechunter] [Grep] pattern='pgprot_noncached|pgprot_writecombine|pgprot_dmacoherent|vma_set_page_prot|vm_page_prot|PAGE_KERNEL_EXEC|PAGE_KERNEL_IO'
[14:06:42] [spechunter] [Grep] pattern='vm_prot_bits|vm_get_page_prot|mprotect_fixup|protection_map'
[14:06:52] [spechunter] [text] The broad "mtag" search only found ARM MTE references. Let me search specifically within the RISC-V target code for tagg...
[14:06:52] [spechunter] [Grep] pattern='xwr|XWR|tagged|TAGGED|tag_check|tagcheck|tagged_data|tagcheck_exempt'
[14:06:52] [spechunter] [Grep] pattern='PTE_XWR|pte.*xwr|PTE.*EXEC|PTE.*MTAG|PTE.*TAG'
[14:06:52] [spechunter] [Grep] pattern='sstcfg|SSTCFG|sst_tag|stag|SMTAG|SMTAG'
[14:06:52] [spechunter] [Grep] pattern='straddl|page_cross|insn_cross|access_fault'
[14:06:56] [spechunter] [Grep] pattern='mtag'
[14:06:56] [spechunter] [Grep] pattern='stval|mtinst|mtval2|mtval'
[14:06:56] [spechunter] [Grep] pattern='get_physical_address'
[14:06:56] [spechunter] [Grep] pattern='riscv_cpu_tlb_fill'
[14:06:56] [spechunter] [Grep] pattern='pmp|PMP|pmpcfg|pmpaddr|pmp_'
[14:06:59] [spechunter] [Grep] pattern='senvcfg|SENVCFG|has_svpbmt|PBMTE'
[14:06:59] [spechunter] [Grep] pattern='has_svpbmt'
[14:07:07] [spechunter] [Grep] pattern='set_memory_rw_nx|set_memory_x|set_memory_nx'
[14:07:07] [spechunter] [Grep] pattern='PAGE_KERNEL_IO|PAGE_KERNEL_NC|_PAGE_IOREMAP|_PAGE_KERNEL_NC'
[14:07:07] [spechunter] [Grep] pattern='pgprot_modify'
[14:07:07] [spechunter] [Read] /home/yzs/riscv/linux/arch/riscv/include/asm/pgtable-32.h
[14:07:11] [spechunter] [Grep] pattern='riscv_has_extension.*SVPBMT|SVPBMT'
[14:07:11] [spechunter] [Grep] pattern='_PAGE_EXEC'
[14:07:12] [spechunter] [text] The search reveals that **this QEMU codebase does not currently have any RISC-V MTAG/tagged-memory implementation**. The...
[14:07:12] [spechunter] [Read] /home/yzs/riscv/qemu/target/riscv/cpu_helper.c
[14:07:12] [spechunter] [Read] /home/yzs/riscv/qemu/target/riscv/cpu_helper.c
[14:07:12] [spechunter] [Read] /home/yzs/riscv/qemu/target/riscv/cpu_bits.h
[14:07:22] [spechunter] [Grep] pattern='smtag|SMTAG|supmte|mtte|mteb|MTEB'
[14:07:22] [spechunter] [Grep] pattern='tagged_addr|tagged_mem|mem_tag|memory_tag'
[14:07:22] [spechunter] [Grep] pattern='tagged_addr|tagged_mem|mem_tag|memory_tag'
[14:07:22] [spechunter] [Grep] pattern='PMP.*EXEC|pmp.*exec|MMU_DATA_LOAD|MMU_INST_FETCH|PMP_EXEC|PMP_READ|PMP_WRITE'
[14:07:22] [spechunter] [Read] /home/yzs/riscv/qemu/analysis_mte_tag_hlv_hsv.json
[14:07:27] [spechunter] [text] Let me read the remaining key sections covering PTE permission checks, the TLB fill, and the exception-raising path.  
[14:07:27] [spechunter] [Read] /home/yzs/riscv/qemu/target/riscv/cpu_helper.c
[14:07:27] [spechunter] [Read] /home/yzs/riscv/qemu/target/riscv/cpu_helper.c
[14:07:31] [spechunter] [Grep] pattern='pgprot_modify'
[14:07:31] [spechunter] [Grep] pattern='dma_mmap|pgprot_noncached|pgprot_writecombine'
[14:07:31] [spechunter] [Grep] pattern='vmf_insert_pfn_prot|vmf_insert_mixed_prot|io_remap_pfn_range'
[14:07:31] [spechunter] [Grep] pattern='pgprot_writecombine.*MAP_SHARED|MAP_SHARED.*pgprot_writecombine|drm.*pgprot|DMA.*pgprot_writecombine'
[14:07:37] [spechunter] [text] Now let me search for the menvcfg write handler and look for any existing MTAG bit definitions.  
[14:07:37] [spechunter] [Grep] pattern='MENVCFG_|menvcfg.*mask|write_menvcfg'
[14:07:37] [spechunter] [Grep] pattern='write_menvcfg'
[14:07:37] [spechunter] [Grep] pattern='sst|stce|STCE'
[14:07:43] [spechunter] [Grep] pattern='senvcfg|SENVCFG'
[14:07:43] [spechunter] [Grep] pattern='senvcfg|SENVCFG|PBMTE|set_memory|_PAGE_EXEC'
[14:07:43] [spechunter] [Grep] pattern='senvcfg|SENVCFG|PBMTE|_PAGE_EXEC|PAGE_KERNEL_EXEC'
[14:07:43] [spechunter] [Grep] pattern='senvcfg|SENVCFG|PBMTE|set_memory|_PAGE_EXEC'
[14:07:43] [spechunter] [Grep] pattern='senvcfg|SENVCFG|PBMTE'
[14:07:45] [spechunter] [text] Let me read the write_menvcfg function and check the modified IOMMU file for any MTAG references.  
[14:07:45] [spechunter] [Read] /home/yzs/riscv/qemu/target/riscv/csr.c
[14:07:45] [spechunter] [Bash] Check diff of modified riscv-iommu.c for MTAG references
[14:07:45] [spechunter] [Read] /home/yzs/riscv/qemu/hw/riscv/riscv-iommu.c
[14:07:56] [spechunter] [Read] /home/yzs/riscv/linux/include/linux/pgtable.h
[14:07:56] [spechunter] [Grep] pattern='dma_mmap_coherent|dma_direct_mmap'
[14:07:56] [spechunter] [Grep] pattern='pgprot_writecombine|pgprot_noncached'
[14:07:56] [spechunter] [Grep] pattern='arch_dma_mmap|pgprot_writecombine|pgprot_noncached'
[14:07:58] [spechunter] [text] Let me also check the `riscv_cpu_tlb_fill` function signature and the CPU header definitions, plus look for any remainin...
[14:07:58] [spechunter] [Read] /home/yzs/riscv/qemu/target/riscv/cpu.h
[14:07:58] [spechunter] [Read] /home/yzs/riscv/qemu/target/riscv/cpu.h
[14:07:58] [spechunter] [Grep] pattern='MTAG|mtag|mte_tlb|_mte_|tagged'
[14:08:01] [spechunter] [Read] /home/yzs/riscv/qemu/target/riscv/cpu_helper.c
[14:08:01] [spechunter] [Read] /home/yzs/riscv/qemu/target/riscv/cpu_helper.c
[14:08:01] [spechunter] [Grep] pattern='PTE_'
[14:08:01] [spechunter] [Grep] pattern='hstatus|HSTATUS'
[14:08:01] [spechunter] [Grep] pattern='envcfg|ENVCFG'
[14:08:14] [spechunter] [Grep] pattern='__set_fixmap.*PAGE_KERNEL_EXEC|set_fixmap.*PAGE_KERNEL_EXEC|__set_fixmap.*_PAGE_EXEC'
[14:08:14] [spechunter] [Grep] pattern='__set_fixmap|set_fixmap_offset|set_fixmap'
[14:08:14] [spechunter] [Grep] pattern='calc_vm_prot_bits'
[14:08:14] [spechunter] [Grep] pattern='EXECMEM_KPROBES|PAGE_KERNEL_EXEC'
[14:08:32] [spechunter] [Grep] pattern='arch_calc_vm_prot_bits'
[14:08:32] [spechunter] [Grep] pattern='arch_calc_vm_prot_bits'
[14:08:36] [spechunter] [Read] /home/yzs/riscv/qemu/target/riscv/op_helper.c
[14:08:36] [spechunter] [Read] /home/yzs/riscv/qemu/target/riscv/internals.h
[14:08:36] [spechunter] [Grep] pattern='cross.page|across.page|cross_page|page.bound|page_cross|unwind'
[14:08:36] [spechunter] [Grep] pattern='tb->flags|tb_flags|TB_FLAGS|TBFlags'
[14:08:36] [spechunter] [Grep] pattern='INST_FETCH|inst_fetch|MMU_INST_FETCH|code_read|CODE_MMU'
[14:08:36] [spechunter] [Read] /home/yzs/riscv/linux/arch/riscv/include/asm/mman.h
[14:08:37] [spechunter] [Grep] pattern='senvcfg|SENVCFG|PBMTE'
[14:08:37] [spechunter] [Grep] pattern='senvcfg'
[14:08:51] [spechunter] [Read] /home/yzs/riscv/qemu/target/riscv/translate.c
[14:08:51] [spechunter] [Read] /home/yzs/riscv/qemu/target/riscv/translate.c
[14:08:51] [spechunter] [Grep] pattern='TB_FLAGS|tb_flags|EXT_TB_FLAGS'
[14:08:51] [spechunter] [Grep] pattern='\\btag\\b|\\btagged\\b'
[14:08:56] [spechunter] [Grep] pattern='ENVCFG_PBMTE|PBMTE'
[14:08:56] [spechunter] [Grep] pattern='riscv_has_extension.*SVPBMT|rsvc_isa_ext.*svpbmt'
[14:08:56] [spechunter] [Grep] pattern='pti_setup|setup_senvcfg|set_senvcfg|PBMTE'
[14:09:08] [spechunter] [text] Now I have a complete picture. Let me compile the results.  ```json {   "locations": [     {       "file_path": "target/...
[14:09:10] [spechunter] [Grep] pattern='\\btag\\b|\\btagged\\b'
[14:09:10] [spechunter] [Grep] pattern='read_hstatus|write_hstatus'
[14:09:10] [spechunter] [Grep] pattern='PMP_EXEC|PMP_READ|PMP_WRITE|PMP_LOCK|pmp_exec|pmp_read|pmp_write'
[14:09:10] [spechunter] [Grep] pattern='tagged|TTagged|TTAG'
[14:09:10] [spechunter] [Grep] pattern='check_access_hlsv|MTAG|mtag'
[14:09:17] [spechunter] [Read] /home/yzs/riscv/qemu/target/riscv/csr.c
[14:09:17] [spechunter] [Grep] pattern='tagged_addr|tagged_mem|mem_tag|memory_tag'
[14:09:17] [spechunter] [Grep] pattern='tagged_addr|tagged_mem|mem_tag|memory_tag'
[14:09:31] [spechunter] [Read] /home/yzs/riscv/qemu/include/accel/tcg/cpu-ops.h
[14:09:31] [spechunter] [Grep] pattern='untagged_addr'
[14:10:04] [spechunter] [Grep] pattern='MTAG|mtag|Mte|mte_tag|smtag'
[14:10:04] [spechunter] [Grep] pattern='PTE.*62|bit.62|reserved.*62|62.*reserved'
[14:10:04] [spechunter] [Grep] pattern='PTE_RESERVED'
[14:10:14] [spechunter] [Read] /home/yzs/riscv/qemu/target/riscv/cpu_bits.h
[14:10:34] [spechunter] [Grep] pattern='PTE_RESERVED'
[14:12:01] [spechunter] [Grep] pattern='SMTDE|smtde|Smte|smte|SMTE'
[14:12:01] [spechunter] [Grep] pattern='RISCV_ISA_EXT_SMT|RISCV_ISA_EXT_MT'
[14:12:01] [spechunter] [Grep] pattern='hstatus_HUPMM|HUPMM|pmlen'
[14:12:22] [spechunter] [Read] /home/yzs/riscv/linux/arch/riscv/kvm/mmu.c
[14:12:22] [spechunter] [Read] /home/yzs/riscv/linux/arch/riscv/mm/init.c
[14:12:30] [spechunter] [Grep] pattern='kvm_riscv_gstage_map_page|kvm_riscv_gstage_set_pte|kvm_riscv_gstage_map'
[14:12:30] [spechunter] [Grep] pattern='envcfg|PBMTE|ENVCFG_PBMTE'
[14:12:30] [spechunter] [Grep] pattern='envcfg|ENVCFG|menvcfg|senvcfg'
[14:12:36] [spechunter] [Read] /home/yzs/riscv/linux/arch/riscv/kvm/gstage.c
[14:12:36] [spechunter] [Read] /home/yzs/riscv/linux/arch/riscv/kernel/process.c
[14:12:36] [spechunter] [Read] /home/yzs/riscv/linux/arch/riscv/kernel/process.c
[14:12:37] [spechunter] [text] Let me read the key files to get precise line numbers for the semantically affected locations.  
[14:12:37] [spechunter] [Read] /home/yzs/riscv/qemu/target/riscv/cpu_helper.c
[14:12:37] [spechunter] [Read] /home/yzs/riscv/qemu/target/riscv/cpu_helper.c
[14:12:37] [spechunter] [Read] /home/yzs/riscv/qemu/target/riscv/cpu_helper.c
[14:13:03] [spechunter] [Read] /home/yzs/riscv/qemu/target/riscv/cpu_helper.c
[14:13:03] [spechunter] [Read] /home/yzs/riscv/qemu/target/riscv/cpu_helper.c
[14:13:03] [spechunter] [Read] /home/yzs/riscv/qemu/target/riscv/cpu_bits.h
[14:13:10] [spechunter] [Read] /home/yzs/riscv/linux/arch/riscv/kvm/vcpu.c
[14:13:10] [spechunter] [Read] /home/yzs/riscv/linux/arch/riscv/kvm/vcpu_onereg.c
[14:13:10] [spechunter] [Grep] pattern='PBMTE|pbmt'
[14:13:25] [spechunter] [Read] /home/yzs/riscv/qemu/target/riscv/cpu_bits.h
[14:13:25] [spechunter] [Read] /home/yzs/riscv/qemu/target/riscv/cpu_bits.h
[14:13:25] [spechunter] [Read] /home/yzs/riscv/qemu/target/riscv/op_helper.c
[14:13:32] [spechunter] [Read] /home/yzs/riscv/qemu/target/riscv/translate.c
[14:13:32] [spechunter] [Read] /home/yzs/riscv/qemu/target/riscv/translate.c
[14:13:32] [spechunter] [Grep] pattern='read_hstatus|write_hstatus'
[14:13:41] [spechunter] [Read] /home/yzs/riscv/linux/arch/riscv/include/asm/errata_list.h
[14:13:41] [spechunter] [Grep] pattern='vm_pgprot_modify|pgprot_modify'
[14:13:41] [spechunter] [Read] /home/yzs/riscv/linux/arch/riscv/mm/pageattr.c
[14:13:45] [spechunter] [Read] /home/yzs/riscv/qemu/target/riscv/csr.c
[14:13:45] [spechunter] [Grep] pattern='riscv_cpu_tlb_fill|tlb_fill'
[14:13:45] [spechunter] [Grep] pattern='PTE_ATTR|pte.*reserved|PTE_RESERVED'
[14:13:53] [spechunter] [Read] /home/yzs/riscv/qemu/target/riscv/cpu_helper.c
[14:13:53] [spechunter] [Grep] pattern='PTE_X.*PTE_MTAG|MTAG.*PTE_X|tagcheck|tag_check|exec_page|code_page'
[14:13:53] [spechunter] [Grep] pattern='mtag|memory.*tag|tagged.*data|tag.*extension'
[14:14:12] [spechunter] [Grep] pattern='hstatus|menvcfg|henvcfg|senvcfg'
[14:14:12] [spechunter] [Grep] pattern='hstatus'
[14:14:12] [spechunter] [Grep] pattern='hstatus|menvcfg'
[14:14:20] [spechunter] [Grep] pattern='mtag|MTAG|MTE|memory.tag'
[14:14:20] [spechunter] [Grep] pattern='access_fault|INST_ACCESS_FAULT|INST_ACCESS'
[14:14:31] [spechunter] [Read] /home/yzs/riscv/qemu/target/riscv/cpu_helper.c
[14:14:31] [spechunter] [Read] /home/yzs/riscv/qemu/target/riscv/cpu_helper.c
[14:15:07] [spechunter] [text] Now let me check for additional relevant paths - the `set_ptes` bulk mapping, and the `mmap_region` codepath.  
[14:15:07] [spechunter] [Read] /home/yzs/riscv/linux/mm/mmap.c
[14:15:07] [spechunter] [Read] /home/yzs/riscv/linux/arch/riscv/mm/fault.c
[14:15:07] [spechunter] [Grep] pattern='PTE_MTAG|_MTAG|MTE_SHIFT|mte_tag|memory_tagging'
[14:15:41] [spechunter] [text] Prompt is too long
[14:16:32] [spechunter] [text] Now I have a complete picture. Let me compile the findings into the JSON output format.  ```json {   "feature": "MTAG (M...
[14:16:43] [spechunter] [text] Let me verify the key locations against the actual code before making final decisions.  
[14:16:43] [spechunter] [Read] /home/yzs/riscv/linux/arch/riscv/mm/fault.c
[14:16:43] [spechunter] [Read] /home/yzs/riscv/linux/arch/riscv/mm/fault.c
[14:16:43] [spechunter] [Read] /home/yzs/riscv/linux/arch/riscv/include/asm/pgtable.h
[14:16:43] [spechunter] [Read] /home/yzs/riscv/linux/arch/riscv/include/asm/pgtable.h
[14:16:49] [spechunter] [text] Let me first look at the actual changes in the modified file to understand what this PR truly does.  
[14:16:49] [spechunter] [Bash] Show uncommitted diff in riscv-iommu.c
[14:16:49] [spechunter] [Bash] Recent commit history
[14:16:55] [spechunter] [Read] /home/yzs/riscv/linux/arch/riscv/include/asm/pgtable-bits.h
[14:16:55] [spechunter] [Read] /home/yzs/riscv/linux/arch/riscv/mm/init.c
[14:16:55] [spechunter] [Read] /home/yzs/riscv/linux/arch/riscv/include/asm/pgtable.h
[14:17:05] [spechunter] [text] Let me read the key source files to cross-validate the locations.  
[14:17:05] [spechunter] [Read] /home/yzs/riscv/qemu/target/riscv/cpu_helper.c
[14:17:05] [spechunter] [Read] /home/yzs/riscv/qemu/target/riscv/cpu_helper.c
[14:17:24] [spechunter] [text] Let me also check the relevant header definitions and the existing PTE/CSR bit patterns to verify the fast-path claims. ...
[14:17:24] [spechunter] [Grep] pattern='PTE_R|PTE_W|PTE_X|PTE_V|PTE_D|PTE_A|PTE_U|PTE_G|PTE_SOFT|PTE_PBMT|PTE_N|PTE_ATTR|PTE_PPN'
[14:17:24] [spechunter] [Grep] pattern='MENVCFG|HENVCFG|SENVCFG|PBMTE|ADUE|STCE'
[14:17:24] [spechunter] [Grep] pattern='MTAG|mtag|TAG|tag'
[14:17:37] [spechunter] [text] Now let me verify one more key location.  
[14:17:37] [spechunter] [Read] /home/yzs/riscv/linux/arch/riscv/mm/fault.c
[14:17:37] [spechunter] [Grep] pattern='MTAG|_PAGE_MTAG|mte_tag|MTE_TAG'
[14:18:56] [spechunter] [text] Now let me verify all the remaining challenged locations against the actual code and the PR intent.  
[14:18:56] [spechunter] [Read] /home/yzs/riscv/linux/arch/riscv/include/asm/pgtable.h
[14:18:56] [spechunter] [Read] /home/yzs/riscv/linux/arch/riscv/include/asm/pgtable.h
[14:18:56] [spechunter] [Read] /home/yzs/riscv/linux/arch/riscv/include/asm/csr.h
[14:18:56] [spechunter] [Read] /home/yzs/riscv/linux/arch/riscv/mm/context.c
[14:19:04] [spechunter] [Read] /home/yzs/riscv/linux/arch/riscv/kvm/vcpu.c
[14:19:04] [spechunter] [Read] /home/yzs/riscv/linux/arch/riscv/kvm/vcpu_onereg.c
[14:19:47] [spechunter] [text] Now let me verify the remaining high-relevance locations that would be the primary implementation points.  
[14:19:47] [spechunter] [Read] /home/yzs/riscv/linux/arch/riscv/mm/fault.c
[14:19:47] [spechunter] [Read] /home/yzs/riscv/linux/arch/riscv/include/asm/pgtable.h
[14:19:47] [spechunter] [Read] /home/yzs/riscv/linux/arch/riscv/include/asm/pgtable.h
[14:20:50] [spechunter] [text] Now let me also verify that no `_PAGE_MTAG` macro already exists and check the SATP-mode locations for relevance.  
[14:20:50] [spechunter] [Grep] pattern='_PAGE_MTAG|_PAGE_MTE|_PAGE_TAG|MTAG'
[14:20:50] [spechunter] [Read] /home/yzs/riscv/linux/arch/riscv/mm/init.c
[14:20:50] [spechunter] [text] Now I have all the information I need. Let me produce the final curated location set. Here is my analysis:  **Key findin...
[14:21:06] [spechunter] [text] I'll search for the relevant MTE-related code in the QEMU repository first.  
[14:21:06] [spechunter] [Agent] description, subagent_type
[14:21:33] [spechunter] [Grep] pattern='mtag|MTAG'
[14:21:33] [spechunter] [Grep] pattern='tag_check|tagcheck'
[14:21:33] [spechunter] [Grep] pattern='tagged_data|memory_tag|mem_tag'
[14:21:33] [spechunter] [Grep] pattern='straddl|page_cross|insn_cross'
[14:21:33] [spechunter] [Grep] pattern='straddl|page_cross|insn_cross'
[14:21:33] [spechunter] [Grep] pattern='pmp_|mseccfg'
[14:21:33] [spechunter] [Grep] pattern='get_physical_address'
[14:21:33] [spechunter] [Bash] Check which files are modified
[14:22:11] [spechunter] [Grep] pattern='mtag|MTAG|M_TAG'
[14:22:11] [spechunter] [Grep] pattern='tag.?check|tagcheck|tagged.?data|memory.?tag|mem.?tag'
[14:22:11] [spechunter] [Read] /home/yzs/riscv/qemu/hw/riscv/riscv-iommu.c
[14:22:11] [spechunter] [Grep] pattern='straddl|page.?cross|insn.?cross'
[14:22:11] [spechunter] [Grep] pattern='pte.?walk|walk_tlb|PAGE_WALK|page_walk'
[14:22:36] [spechunter] [Bash] Check git diff stat for modified files
[14:22:36] [spechunter] [Read] /home/yzs/riscv/qemu/analysis_mte_tag_hlv_hsv.json
[14:22:36] [spechunter] [Read] /home/yzs/riscv/qemu/target/riscv/cpu_helper.c
[14:22:36] [spechunter] [Grep] pattern='hstatus|MTAG|mtag'
[14:22:36] [spechunter] [Grep] pattern='PTE_|pte_'
[14:22:53] [spechunter] [Read] /home/yzs/riscv/qemu/target/riscv/cpu_bits.h
[14:22:53] [spechunter] [Bash] Show git diff of modified file
[14:22:53] [spechunter] [Read] /home/yzs/riscv/qemu/target/riscv/cpu_helper.c
[14:22:53] [spechunter] [Read] /home/yzs/riscv/qemu/target/riscv/cpu_helper.c
[14:22:53] [spechunter] [Read] /home/yzs/riscv/qemu/target/riscv/cpu_helper.c
[14:22:53] [spechunter] [Read] /home/yzs/riscv/qemu/target/riscv/op_helper.c
[14:22:57] [spechunter] [text] Now I have a complete picture of all locations against the actual code. Let me produce the final cross-validated result....
[14:23:20] [spechunter] [Grep] pattern='pmp_'
[14:23:20] [spechunter] [Grep] pattern='mseccfg'
[14:23:20] [spechunter] [Read] /home/yzs/riscv/qemu/target/riscv/cpu_helper.c
[14:23:20] [spechunter] [Read] /home/yzs/riscv/qemu/target/riscv/cpu_helper.c
[14:23:20] [spechunter] [Read] /home/yzs/riscv/qemu/target/riscv/internals.h
[14:23:20] [spechunter] [Read] /home/yzs/riscv/qemu/target/riscv/csr.c
[14:23:20] [spechunter] [Read] /home/yzs/riscv/qemu/target/riscv/cpu.h
[14:23:23] [spechunter] [Grep] pattern='MTAG|_MTE_|pte_mktag|mte_tag'
[14:23:23] [spechunter] [Grep] pattern='_PAGE_MTAG|_PAGE_MTE|PAGE_MTE'
[14:23:41] [spechunter] [Grep] pattern='mte_tag|_MTAG|mte_tag'
[14:23:41] [spechunter] [Bash] Search git log for MTAG/mte_tag related commits
[14:24:01] [spechunter] [TaskOutput] task_id, block
[14:24:04] [spechunter] [Read] /home/yzs/riscv/qemu/target/riscv/insn_trans/trans_rvh.c.inc
[14:24:04] [spechunter] [Grep] pattern='tagcheck|tag_check|tagged_data|memory_tag|mem_tag'
[14:24:04] [spechunter] [Grep] pattern='mte_tag|MTAG|mtag'
[14:24:04] [spechunter] [Grep] pattern='straddl|page.cross|insn.cross|page_boundary|instruction_boundary'
[14:24:21] [spechunter] [text] Let me look at the relevant ARM64 MTE code, specifically focusing on the first-stage page table conditions and the inter...
[14:24:21] [spechunter] [Grep] pattern='PG_mte_tagged|mte_tagged|tagcheck|_PAGE_MTE'
[14:24:21] [spechunter] [Grep] pattern='PG_mte_tagged|_PAGE_MTE|pte_mte'
[14:24:21] [spechunter] [Grep] pattern='MTE.*EXEC|mte.*exec|tagcheck.*exec|exec.*mte'
[14:24:40] [spechunter] [Read] /home/yzs/riscv/linux/arch/arm64/include/asm/mte.h
[14:24:40] [spechunter] [Read] /home/yzs/riscv/linux/arch/arm64/kernel/mte.c
[14:24:40] [spechunter] [Read] /home/yzs/riscv/linux/arch/arm64/kvm/mmu.c
[14:25:08] [spechunter] [text] Let me search more precisely for the actual page table MTAG/MTE flags and the PR's specific concern.  
[14:25:08] [spechunter] [Grep] pattern='MTAG|PTE_MTE|_PAGE_MTE|mte_tag'
[14:25:08] [spechunter] [Grep] pattern='MTAG|PTE_MTE'
[14:25:23] [spechunter] [Grep] pattern='MTAG|_PAGE_MTE|pte_mte|pgprot_mte|_PROT_MTE'
[14:25:23] [spechunter] [Grep] pattern='VM_MTE|_MTE|PROT_MTE|MTE_ALLOW'
[14:25:40] [spechunter] [text] Let me verify the key files to produce a thorough analysis.  
[14:25:40] [spechunter] [Read] /home/yzs/riscv/qemu/target/riscv/cpu_helper.c
[14:25:40] [spechunter] [Read] /home/yzs/riscv/qemu/target/riscv/cpu_helper.c
[14:25:40] [spechunter] [Read] /home/yzs/riscv/qemu/target/riscv/cpu_bits.h
[14:25:52] [spechunter] [text] Let me also read the remaining key locations - the HLV/HSV helpers, translate.c for page-crossing logic, and the current...
[14:25:52] [spechunter] [Read] /home/yzs/riscv/qemu/target/riscv/op_helper.c
[14:25:52] [spechunter] [Read] /home/yzs/riscv/qemu/target/riscv/cpu_helper.c
[14:25:52] [spechunter] [Bash] Show diff for riscv-iommu.c
[14:25:52] [spechunter] [Grep] pattern='page_cross|insn_cross|straddl|insn_crosses_page|page_boundary'
[14:26:04] [spechunter] [Read] /home/yzs/riscv/linux/arch/arm64/include/asm/pgtable.h
[14:26:04] [spechunter] [Read] /home/yzs/riscv/linux/arch/arm64/include/asm/mman.h
[14:26:08] [spechunter] [text] Let me also check the translate.c for any instruction fetch page-crossing handling, and look at the full `get_physical_a...
[14:26:08] [spechunter] [Grep] pattern='riscv_tr_translate_insn|insn_fetch|page_cross|insn_cross|straddl|page_boundary'
[14:26:08] [spechunter] [Read] /home/yzs/riscv/qemu/target/riscv/cpu_helper.c
[14:26:08] [spechunter] [Read] /home/yzs/riscv/qemu/target/riscv/cpu_helper.c
[14:26:08] [spechunter] [Read] /home/yzs/riscv/qemu/analysis_mte_tag_hlv_hsv.json
[14:26:20] [spechunter] [Grep] pattern='__set_ptes.*mte|set_pte.*mte|pte_mte|pgprot_mte|MT_NORMAL_TAGGED'
[14:26:20] [spechunter] [Grep] pattern='MT_NORMAL_TAGGED|PROT_MTE|VM_MTE'
[14:27:01] [spechunter] [Read] /home/yzs/riscv/linux/arch/arm64/mm/mmap.c
[14:27:01] [spechunter] [Read] /home/yzs/riscv/linux/arch/arm64/mm/fault.c
[14:27:40] [spechunter] [text] Now I have a complete picture. Here is the analysis:  ```json {   "findings": [     {       "file_path": "target/riscv/c...
[14:27:42] [spechunter] [text] Now let me check for the mprotect path and whether there's any existing guard against the MTAG+EXEC combination.  
[14:27:42] [spechunter] [Read] /home/yzs/riscv/linux/arch/arm64/mm/mmu.c
[14:27:42] [spechunter] [Grep] pattern='mprotect.*mte|MTE.*mprotect|PROT_MTE.*PROT_EXEC|VM_MTE.*VM_EXEC'
[14:27:42] [spechunter] [Grep] pattern='tagcheck|TCO|Tag Check Override|tag.*bypass'
[14:28:52] [spechunter] [text] Let me check if there's any explicit guard against MTAG+EXEC combination anywhere in the kernel.  
[14:28:52] [spechunter] [Grep] pattern='VM_EXEC.*VM_MTE|VM_MTE.*VM_EXEC|EXEC.*MTE|MTE.*EXEC'
[14:28:52] [spechunter] [Read] /home/yzs/riscv/linux/arch/arm64/include/asm/pgtable-prot.h
[14:28:52] [spechunter] [Bash] Check recent commits touching mmap.c
[14:30:37] [spechunter] [text] Now let me check a few more relevant locations to be thorough.  
[14:30:37] [spechunter] [Read] /home/yzs/riscv/linux/arch/arm64/kvm/mmu.c
[14:30:37] [spechunter] [Grep] pattern='mte_allowed|VM_MTE|vm_get_page_prot'
[14:30:37] [spechunter] [Grep] pattern='vm_get_page_prot|PROT_NORMAL_TAGGED|_TAGGED'
[14:31:46] [spechunter] [text] Let me also check if there are any recent changes addressing this specific concern.  
[14:31:46] [spechunter] [Bash] Search for recent commits about tightening MTAG/MEX page table conditions
[14:31:46] [spechunter] [Grep] pattern='VM_EXEC.*VM_MTE|VM_MTE.*VM_EXEC|PROT_EXEC.*PROT_MTE|PROT_MTE.*PROT_EXEC'
[14:32:14] [spechunter] [text] Let me check if there's a specific PR/branch related to this change.  
[14:32:14] [spechunter] [Bash] Check for branches/commits related to MTAG tightening
[14:32:14] [spechunter] [Bash] Search for MTAG changes in KVM first-stage PTE paths
[14:33:23] [spechunter] [text] Let me check for RISC-V-specific MTAG implementations.  
[14:33:23] [spechunter] [Grep] pattern='MTAG|_MTAG_|mte_tag|tagcheck|MATTR'
[14:33:23] [spechunter] [Grep] pattern='_PAGE_MTAG|PTE_MTAG|MTE.*tag|MATTR|_PAGE_MEX'
[14:34:52] [spechunter] [text] Now I have a thorough understanding of the codebase. Let me check one more key area — the mprotect path and whether ther...
[14:34:52] [spechunter] [Read] /home/yzs/riscv/linux/mm/mprotect.c
[14:34:52] [spechunter] [Read] /home/yzs/riscv/linux/arch/arm64/kvm/mmu.c
[14:35:51] [spechunter] [text] Now I have enough context for a thorough analysis. Let me check if there are any pending changes or recent discussions r...
[14:35:51] [spechunter] [Bash] Search for any MTAG-related WIP patches or branches
[14:35:51] [spechunter] [Grep] pattern='PAGE_MTAG|MTAG|_mte_tag|__pgprot.*MTE|pte_mktag'
[14:36:58] [spechunter] [text] Now I have enough context to produce the analysis. Let me verify the complete picture by checking the ARM64 memory type ...
[14:36:58] [spechunter] [Read] /home/yzs/riscv/linux/arch/arm64/include/asm/memory.h
[14:36:58] [spechunter] [Grep] pattern='MmapExec|PROT_MTE|PROT_EXEC.*MTE|_ALLOWED'
[14:38:22] [spechunter] [text] Now I have sufficient context. Let me also verify the `protection_map[]` entries for `_EXEC` variants to see if any alre...
[14:38:22] [spechunter] [Grep] pattern='PAGE_READONLY_EXEC|PAGE_SHARED_EXEC'
[14:38:22] [spechunter] [Grep] pattern='PAGE_READONLY_EXEC|PAGE_SHARED_EXEC|PAGE_EXECONLY'
[11:32:14] [spechunter] PR loaded: #79 riscv/riscv-memory-tagging — "src/mte_tag: tighten the first stage page table conditions for MTAG"
[11:32:14] [spechunter]   diff: 4151 chars  body: 415 chars  reviews: 0
[11:32:14] [spechunter] Global pre-filter running...
[11:32:25] [spechunter] [text] API Error: 400 {"detail":"Error code: 400 - {'detail': 'Rate limit exceeded for team: AI_PRD_SELF-ygOCagDg1IJPqSZyFTZ2lU...
[11:32:27] [spechunter] pre-filter: should_skip=False reason=""
[11:32:28] [spechunter] [text] API Error: 400 {"detail":"Error code: 400 - {'detail': 'Rate limit exceeded for team: AI_PRD_SELF-ygOCagDg1IJPqSZyFTZ2lU...
[11:32:28] [spechunter] [text] API Error: 400 {"detail":"Error code: 400 - {'detail': 'Rate limit exceeded for team: AI_PRD_SELF-ygOCagDg1IJPqSZyFTZ2lU...
[11:32:29] [spechunter] [text] API Error: 400 {"detail":"Error code: 400 - {'detail': 'Rate limit exceeded for team: AI_PRD_SELF-ygOCagDg1IJPqSZyFTZ2lU...
[11:32:29] [spechunter] [text] API Error: 400 {"detail":"Error code: 400 - {'detail': 'Rate limit exceeded for team: AI_PRD_SELF-ygOCagDg1IJPqSZyFTZ2lU...
[11:32:30] [spechunter] [text] API Error: 400 {"detail":"Error code: 400 - {'detail': 'Rate limit exceeded for team: AI_PRD_SELF-ygOCagDg1IJPqSZyFTZ2lU...
[11:32:31] [spechunter] [text] API Error: 400 {"detail":"Error code: 400 - {'detail': 'Rate limit exceeded for team: AI_PRD_SELF-ygOCagDg1IJPqSZyFTZ2lU...
[11:32:33] [spechunter] [text] API Error: 400 {"detail":"Error code: 400 - {'detail': 'Rate limit exceeded for team: AI_PRD_SELF-ygOCagDg1IJPqSZyFTZ2lU...
[11:32:33] [spechunter] [text] API Error: 400 {"detail":"Error code: 400 - {'detail': 'Rate limit exceeded for team: AI_PRD_SELF-ygOCagDg1IJPqSZyFTZ2lU...
[11:32:36] [spechunter] [text] API Error: 400 {"detail":"Error code: 400 - {'detail': 'Rate limit exceeded for team: AI_PRD_SELF-ygOCagDg1IJPqSZyFTZ2lU...
[11:32:36] [spechunter] [text] API Error: 400 {"detail":"Error code: 400 - {'detail': 'Rate limit exceeded for team: AI_PRD_SELF-ygOCagDg1IJPqSZyFTZ2lU...
[11:32:37] [spechunter] [text] API Error: 400 {"detail":"Error code: 400 - {'detail': 'Rate limit exceeded for team: AI_PRD_SELF-ygOCagDg1IJPqSZyFTZ2lU...
[11:32:37] [spechunter] [text] API Error: 400 {"detail":"Error code: 400 - {'detail': 'Rate limit exceeded for team: AI_PRD_SELF-ygOCagDg1IJPqSZyFTZ2lU...
[11:32:39] [spechunter] [text] API Error: 400 {"detail":"Error code: 400 - {'detail': 'Rate limit exceeded for team: AI_PRD_SELF-ygOCagDg1IJPqSZyFTZ2lU...
[11:32:39] [spechunter] [text] API Error: 400 {"detail":"Error code: 400 - {'detail': 'Rate limit exceeded for team: AI_PRD_SELF-ygOCagDg1IJPqSZyFTZ2lU...
[11:32:39] [spechunter] [text] API Error: 400 {"detail":"Error code: 400 - {'detail': 'Rate limit exceeded for team: AI_PRD_SELF-ygOCagDg1IJPqSZyFTZ2lU...
[11:32:39] [spechunter] [text] API Error: 400 {"detail":"Error code: 400 - {'detail': 'Rate limit exceeded for team: AI_PRD_SELF-ygOCagDg1IJPqSZyFTZ2lU...
[11:32:57] [spechunter] [text] I'll start by exploring the codebase to understand the MTE tag implementation and find the relevant code locations
[11:32:57] [spechunter] [Agent] description, subagent_type
[11:32:57] [spechunter] [TodoWrite] 5 items
[11:32:57] [spechunter] [Bash] Check recent git commits for MTE context
[11:32:57] [spechunter] [Bash] List available spec reference documents
[11:33:06] [spechunter] [Grep] pattern='MTAG|mte_tag|mte_'
[11:33:06] [spechunter] [Grep] pattern='MTAG|mte_tag|mte_'
[11:33:06] [spechunter] [Grep] pattern='MTAG|mte_tag|mte_'
[11:33:06] [spechunter] [Grep] pattern='MTAG|mte_tag|mte_'
[11:33:12] [spechunter] [text] Let me search the codebase for MTAG-related code and page table handling relevant to this PR.  
[11:33:12] [spechunter] [Grep] pattern='MTAG|mte_tag|MTE_TAG|MTE.*TAG'
[11:33:12] [spechunter] [Grep] pattern='MTAG|mte_tag|MTE_TAG'
[11:33:12] [spechunter] [Grep] pattern='access.fault|access_fault|page.fault|page_fault'
[11:33:24] [spechunter] [Glob] **/*mte*
[11:33:24] [spechunter] [Glob] **/*MTE*
[11:33:24] [spechunter] [Glob] **/*mtag*
[11:33:24] [spechunter] [Glob] **/*MTAG*
[11:33:24] [spechunter] [Grep] pattern='mte'
[11:33:24] [spechunter] [Grep] pattern='mtag'
[11:33:24] [spechunter] [Bash] Search git log for MTE/MTAG/memory tagging related commits
[11:33:24] [spechunter] [Grep] pattern='memory.?tag'
[11:33:24] [spechunter] [text] The MTAG hits are mbuf tags (networking), not Memory Tagging. Let me search for RISC-V MTE-specific code.  
[11:33:24] [spechunter] [Grep] pattern='MTE|mte|memory.?tag|memtag|mem_tag|tag.*page|page.*tag'
[11:33:24] [spechunter] [Grep] pattern='executable|XWR|write.*execute|execute.*write|access.?fault.*exception|fault.*access'
[11:33:26] [spechunter] [text] No direct hits for "MTAG"/"mte_tag"/"mte_" in the RISC-V paths. Let me broaden the search.  
[11:33:26] [spechunter] [Grep] pattern='MTE|memory.tag|memtag'
[11:33:26] [spechunter] [Grep] pattern='MTE|memory.tag|memtag'
[11:33:26] [spechunter] [Grep] pattern='MTE|memory.tag|memtag'
[11:33:34] [spechunter] [text] ```json {   "violation_condition": "In XiangShan RTL, when the PTW/TLB page-walk result or the load/store unit evaluates...
[11:33:37] [spechunter] [Agent] description, subagent_type
[11:33:40] [spechunter] [Grep] pattern='MTAG|Memory.Tagging|memory.?tagging'
[11:33:40] [spechunter] [Grep] pattern='mte_tag|mte\\.h|mte_bit|mte.*field|mte.*pte'
[11:33:40] [spechunter] [Grep] pattern='pmap.*wr_exec|wr_exec|XWR|ptep.*tag|tag.*pte|PTE.*TAG|tag.*bit'
[11:33:42] [spechunter] [Grep] pattern='\\bmtag\\b|memory.tagging|SMTAG|menvcfg.*ADUE|ADUE'
[11:33:51] [spechunter] [TodoWrite] 6 items
[11:33:57] [spechunter] [Grep] pattern='MTAG|mtag|Mtag'
[11:33:57] [spechunter] [Grep] pattern='MT_MODE|mt_mode|MtMode'
[11:33:57] [spechunter] [Grep] pattern='mseccfg|Mseccfg|MSECCFG'
[11:33:57] [spechunter] [Grep] pattern='menvcfg|Menvcfg|MENVCFG|senvcfg|Senvcfg|SENVCFG|henvcfg|Henvcfg|HENVCFG'
[11:34:01] [spechunter] [Grep] pattern='mte_tag|mte_bit|first.stage.*table|stage.*page.*table'
[11:34:01] [spechunter] [Glob] **/mte*
[11:34:01] [spechunter] [Bash] Search git log for MTE/MTAG commits
[11:34:07] [spechunter] [Grep] pattern='(?i)\\bmte\\b'
[11:34:07] [spechunter] [Grep] pattern='(?i)\\bmtag\\b'
[11:34:07] [spechunter] [Grep] pattern='(?i)\\bmemory.tag\\b'
[11:34:07] [spechunter] [Grep] pattern='(?i)\\baccess_fault\\b'
[11:34:07] [spechunter] [Grep] pattern='(?i)\\bmemtag\\b'
[11:34:07] [spechunter] [Grep] pattern='(?i)\\bmenvcfg\\b'
[11:34:07] [spechunter] [Grep] pattern='(?i)\\bmseccfg\\b'
[11:34:07] [spechunter] [Glob] **/mte_tag.adoc
[11:34:08] [spechunter] [Grep] pattern='mte.tag|mte_tag|MTE.tag|MTE_TAG'
[11:34:08] [spechunter] [Glob] src/main/scala/**/*mte*
[11:34:08] [spechunter] [Glob] src/main/scala/**/*MTE*
[11:34:08] [spechunter] [Grep] pattern='tag.?check|tagCheck|tag_check|TagCheck'
[11:34:10] [spechunter] [Grep] pattern='mte'
[11:34:10] [spechunter] [Grep] pattern='mte'
[11:34:10] [spechunter] [Grep] pattern='mte'
[11:34:10] [spechunter] [Read] /home/yzs/riscv/opensbi/mte_tag_findings.json
[11:34:10] [spechunter] [Grep] pattern='mte'
[11:34:10] [spechunter] [Grep] pattern='mte'
[11:34:10] [spechunter] [Grep] pattern='mte'
[11:34:10] [spechunter] [Grep] pattern='mte'
[11:34:16] [spechunter] [text] The PR context says "src/mte_tag" and the git history shows arm64 MTE commits. Let me look at the arm64 MTE implementati...
[11:34:16] [spechunter] [Agent] description, prompt
[11:34:18] [spechunter] [text] Let me also check for any RISC-V page table entry bit definitions that might relate to the MTAG/XWR pattern described in...
[11:34:18] [spechunter] [Grep] pattern='_PAGE_MTAG|_PAGE_TAG|PTE_MTAG|pte_tag'
[11:34:18] [spechunter] [Grep] pattern='MTAG|SMTAG|Smte|Zimte'
[11:34:18] [spechunter] [Grep] pattern='riscv.*isa.*ext.*mte|riscv.*mte|mte.*riscv'
[11:34:18] [spechunter] [Grep] pattern='unchecked.*access|access.*fault.*mtag|mtag.*page.*fault'
[11:34:26] [spechunter] [Grep] pattern='PMM|pmm'
[11:34:26] [spechunter] [Grep] pattern='MTE|mte'
[11:34:26] [spechunter] [Grep] pattern='access.?fault|AccessFault|access_fault'
[11:34:32] [spechunter] [Agent] description, subagent_type
[11:34:32] [spechunter] [Agent] description, subagent_type
[11:34:32] [spechunter] [Agent] description, subagent_type
[11:34:32] [spechunter] [Read] /home/yzs/riscv/XiangShan/src/mte_tag.adoc
[11:34:40] [spechunter] [Grep] pattern='MTEECFG'
[11:34:40] [spechunter] [Bash] Search git log for commits touching mte-related files or csrs
[11:34:40] [spechunter] [Bash] Search git log for commits related to Svpbmt/PBMTE
[11:34:40] [spechunter] [Bash] Search git log for thead mte or c9xx mte commits
[11:34:40] [spechunter] [Grep] pattern='sbi_hart_ext.*MTE\\b|SBI_HART_EXT.*MTE|HART_EXT.*MTAG|HART_EXT.*MEM_TAG'
[11:34:40] [spechunter] [Read] /home/yzs/riscv/opensbi/locations/opensbi_menvcfg.json
[11:34:42] [spechunter] [Read] /home/yzs/riscv/qemu/target/riscv/cpu_helper.c
[11:34:42] [spechunter] [Grep] pattern='(?i)\\bpbmte\\b'
[11:34:42] [spechunter] [Grep] pattern='(?i)\\bMTE\\b'
[11:34:42] [spechunter] [Grep] pattern='(?i)\\bmenvcfg.*tag\\b'
[11:34:42] [spechunter] [Grep] pattern='MENVCFG_PBMTE|HENVCFG_PBMTE'
[11:34:42] [spechunter] [Grep] pattern='(?i)\\bmte_tag\\.adoc\\b'
[11:34:42] [spechunter] [Grep] pattern='tag'
[11:34:42] [spechunter] [Grep] pattern='tag'
[11:34:43] [spechunter] [Grep] pattern='mte_tag'
[11:34:43] [spechunter] [Grep] pattern='MTER'
[11:34:43] [spechunter] [Grep] pattern='MTE'
[11:34:43] [spechunter] [Grep] pattern='memory_tagging'
[11:34:43] [spechunter] [Grep] pattern='PT_ATTR'
[11:34:43] [spechunter] [Grep] pattern='tagged'
[11:34:43] [spechunter] [Grep] pattern='pg_tag'
[11:34:43] [spechunter] [Grep] pattern='pmap_mte'
[11:34:48] [spechunter] [Bash] List xiangshan source directories
[11:34:48] [spechunter] [Glob] src/main/scala/xiangshan/**/lsu/**/*.scala
[11:34:48] [spechunter] [Glob] src/main/scala/xiangshan/**/LSU/**/*.scala
[11:34:48] [spechunter] [Glob] src/main/scala/xiangshan/**/mem/**/*.scala
[11:34:54] [spechunter] [Grep] pattern='(?i)mtag'
[11:34:54] [spechunter] [Grep] pattern='(?i)mt_mode|MT_MODE|MtMode'
[11:34:54] [spechunter] [Grep] pattern='(?i)pte\\.x\\b|perm\\.x\\b|\\.exec'
[11:34:54] [spechunter] [Glob] **/TLB*.scala
[11:34:54] [spechunter] [Glob] **/PTW*.scala
[11:34:54] [spechunter] [text] Let me search more broadly for memory tagging related logic and PTE field handling
[11:34:54] [spechunter] [Grep] pattern='executable|exec |XWR|isLeaf|isExecutable'
[11:34:54] [spechunter] [Grep] pattern='executable|exec |XWR'
[11:34:54] [spechunter] [Grep] pattern='MT_MODE|mt_mode|MtMode|mmte|Mmte|MMTE|smmpm|Smmpm|SMMPM|Smnpm|Smpm'
[11:34:57] [spechunter] [Grep] pattern='Smte|Zimte|Smtag|Zimtag'
[11:34:57] [spechunter] [Grep] pattern='riscv,isa-extensions|RISCV_ISA_EXT'
[11:34:57] [spechunter] [Bash] Check recent changes to riscv hwcap.h
[11:34:59] [spechunter] [Bash] Search git log for MTEECFG or memory tag commits
[11:34:59] [spechunter] [Read] /home/yzs/riscv/opensbi/platform/generic/include/thead/c9xx_encoding.h
[11:34:59] [spechunter] [Grep] pattern='mteecfg|tagcheck|tag.check'
[11:34:59] [spechunter] [Grep] pattern='SVPBMT|ENVCFG_PBMTE'
[11:35:09] [spechunter] [Grep] pattern='MTE'
[11:35:09] [spechunter] [Grep] pattern='MTE'
[11:35:09] [spechunter] [Grep] pattern='MTE'
[11:35:09] [spechunter] [Grep] pattern='MTE'
[11:35:09] [spechunter] [Grep] pattern='MTE'
[11:35:09] [spechunter] [Grep] pattern='MTE'
[11:35:09] [spechunter] [Grep] pattern='MTE'
[11:35:10] [spechunter] [Grep] pattern='tagcheck|tag_check|tagCheck|TagCheck'
[11:35:10] [spechunter] [Grep] pattern='misalign|mis_align|Misalign'
[11:35:10] [spechunter] [Grep] pattern='tag'
[11:35:10] [spechunter] [Grep] pattern='stag|dtag|lqTag|sqTag|tagRemap|tagCompare|TagMatch|tagMatch'
[11:35:18] [spechunter] [Grep] pattern='def exec|def read|def write|def perm|val exec|val read|val write|val perm'
[11:35:18] [spechunter] [Read] /home/yzs/riscv/XiangShan/src/main/scala/xiangshan/cache/mmu/MMUBundle.scala
[11:35:18] [spechunter] [Read] /home/yzs/riscv/XiangShan/src/main/scala/xiangshan/cache/mmu/MMUBundle.scala
[11:35:19] [spechunter] [text] Let me also check for any page table bit definitions related to this PR's concern (executable pages and memory tagging),...
[11:35:19] [spechunter] [Grep] pattern='_PAGE_EXEC|_PAGE_X|pte_exec|_PAGE_MT'
[11:35:19] [spechunter] [Grep] pattern='MTE|mtag|tag.*ext|mem.*tag'
[11:35:22] [spechunter] [Glob] **/*.scala
[11:35:22] [spechunter] [Grep] pattern='(?i)mtag|m_tag|mtTag|memory_tag'
[11:35:22] [spechunter] [Grep] pattern='(?i)class Pte\\b|class PteBundle|new Pte'
[11:35:22] [spechunter] [Grep] pattern='(?i)pmp|spmp|pma'
[11:35:26] [spechunter] [Grep] pattern='(?i)pte.*(tag|access|perm)'
[11:35:26] [spechunter] [Grep] pattern='PTE_'
[11:35:26] [spechunter] [Grep] pattern='MENVCFG_|HENVCFG_|SENVCFG_'
[11:35:26] [spechunter] [Grep] pattern='MSECCFG_'
[11:35:26] [spechunter] [Grep] pattern='(?i)tag|memtag|memory.tag'
[11:35:26] [spechunter] [Grep] pattern='(?i)tag|memtag|memory.tag'
[11:35:26] [spechunter] [Glob] **/*memtag*
[11:35:26] [spechunter] [Glob] **/*memory_tag*
[11:35:27] [spechunter] [Grep] pattern='MT_MODE|mt_mode|MtMode|MTMode'
[11:35:27] [spechunter] [Grep] pattern='menvcfg'
[11:35:27] [spechunter] [Grep] pattern='senvcfg'
[11:35:27] [spechunter] [Grep] pattern='henvcfg'
[11:35:27] [spechunter] [Grep] pattern='mseccfg'
[11:35:27] [spechunter] [Glob] src/main/scala/xiangshan/csr/**/*.scala
[11:35:27] [spechunter] [Glob] src/main/scala/device/**/*.scala
[11:35:29] [spechunter] [Grep] pattern='THEAD_C9XX_CSR_MTEECFG'
[11:35:29] [spechunter] [Grep] pattern='PMPTEECFG'
[11:35:29] [spechunter] [Read] /home/yzs/riscv/opensbi/include/sbi/riscv_encoding.h
[11:35:29] [spechunter] [Read] /home/yzs/riscv/opensbi/lib/sbi/sbi_hart.c
[11:35:29] [spechunter] [Bash] Recent commits modifying sbi_hart.c or riscv_encoding.h
[11:35:33] [spechunter] [Grep] pattern='MTE|mte|Mte|GCR_EL1|TFSR|TCO'
[11:35:33] [spechunter] [Grep] pattern='MTE|mte|Mte|MTER|tag_check|tag_fault|SEGV_MTE'
[11:35:33] [spechunter] [Grep] pattern='ptep|PTE|pte_attr|L3_PAGE|ATTR_S'
[11:35:33] [spechunter] [Glob] **/arm64/**/pmap*
[11:35:33] [spechunter] [Grep] pattern='MTE|mte|Mte|memory_tag'
[11:35:35] [spechunter] [Grep] pattern='stag|dtag|stageTag|ldqTag|stqTag|stqIdx|ldqIdx'
[11:35:35] [spechunter] [Grep] pattern='TagCheck|tag check|Tag check|tag validation|tagCompare|tagMismatch'
[11:35:35] [spechunter] [Grep] pattern='pm.*check|perm.*check|cache.*pm|cache.*perm|permission.*check'
[11:35:35] [spechunter] [Grep] pattern='crossPage|CrossPage|cross_page|pageBoundary|page_boundary|pageFault|page_fault'
[11:35:41] [spechunter] [Read] /home/yzs/riscv/XiangShan/src/main/scala/xiangshan/cache/mmu/MMUBundle.scala
[11:35:41] [spechunter] [Read] /home/yzs/riscv/XiangShan/src/main/scala/xiangshan/cache/mmu/MMUBundle.scala
[11:35:41] [spechunter] [Read] /home/yzs/riscv/XiangShan/src/main/scala/xiangshan/cache/mmu/MMUBundle.scala
[11:35:41] [spechunter] [Grep] pattern='(?i)pbmt|pointer_masking|ptr_mask|PMP|pmp_addr|pmpcfg'
[11:35:41] [spechunter] [Grep] pattern='(?i)pbmt|pointer_masking|ptr_mask|MPRVEN|PMM'
[11:35:41] [spechunter] [Bash] Git history for thead c9xx_encoding.h
[11:35:41] [spechunter] [Bash] Git log showing when MTEECFG was introduced
[11:35:41] [spechunter] [Bash] Git log showing when PMPTEECFG was introduced
[11:35:41] [spechunter] [Grep] pattern='MTEECFG|PMPTEECFG'
[11:35:46] [spechunter] [Grep] pattern='_PAGE_MT|_PAGE_TAG|_PAGE_SOFT|_PAGE_SPECIAL|_PFN_MASK|_PAGE_CHG_MASK|_PAGE_PFN_MASK'
[11:35:46] [spechunter] [Grep] pattern='_PAGE_MT|_PAGE_TAG|_PAGE_SOFT|_PAGE_SPECIAL'
[11:35:46] [spechunter] [Grep] pattern='access.fault|ACCESS_FAULT|EXC_LOAD_ACCESS|EXC_STORE_ACCESS|do_page_fault|handle_mm_fault'
[11:35:51] [spechunter] [Read] /home/yzs/riscv/XiangShan/src/main/scala/xiangshan/cache/dcache/loadpipe/LoadPipe.scala
[11:35:51] [spechunter] [Read] /home/yzs/riscv/XiangShan/src/main/scala/xiangshan/mem/pipeline/package.scala
[11:35:51] [spechunter] [Read] /home/yzs/riscv/XiangShan/src/main/scala/xiangshan/cache/dcache/Uncache.scala
[11:35:51] [spechunter] [Grep] pattern='tag check|tag compare|tag match|tagCheck|tagCompare|tagMatch|cpm_tag|cpmTag|dcacheTag|dcache_tag'
[11:35:52] [spechunter] [Grep] pattern='(?i)Sv.*tag|Svmte|Svukte'
[11:35:52] [spechunter] [Grep] pattern='(?i)\\btag\\b'
[11:35:52] [spechunter] [Grep] pattern='(?i)(tag|mtag|memtag|memory_tag|MTE)'
[11:35:52] [spechunter] [Grep] pattern='(?i)access_fault'
[11:35:52] [spechunter] [Grep] pattern='RISCV_EXCP_'
[11:35:52] [spechunter] [Grep] pattern='(?i)svukte|UKTE'
[11:35:53] [spechunter] [Grep] pattern='MTE|mte|Mte|tag_check|pg_tag|tagged'
[11:35:53] [spechunter] [Grep] pattern='MTE|Mte|mte|SEGV_MTE'
[11:35:53] [spechunter] [Grep] pattern='ATTR_S|ATTRO|DESC\\b.*BIT|L3_SHIFT|GCR_EL1|TFSR|GPF|PSTATE_TCO|TCO'
[11:35:53] [spechunter] [Grep] pattern='tag_check_abort'
[11:35:57] [spechunter] [Glob] **/*mte*
[11:35:57] [spechunter] [Grep] pattern='mte'
[11:35:57] [spechunter] [Glob] **/*mtag*
[11:36:00] [spechunter] [Read] /home/yzs/riscv/XiangShan/src/main/scala/xiangshan/backend/fu/NewCSR/CSRDefines.scala
[11:36:00] [spechunter] [Read] /home/yzs/riscv/XiangShan/src/main/scala/xiangshan/cache/mmu/MMUBundle.scala
[11:36:00] [spechunter] [Grep] pattern='PteBundle|class.*Pte.*Bundle|PtePerm'
[11:36:00] [spechunter] [Grep] pattern='tag.*mem|mem.*tag|memtag|MemTag|MEMTAG'
[11:36:12] [spechunter] [Grep] pattern='MEnvCfg|SEnvCfg|HEnvCfg'
[11:36:12] [spechunter] [Grep] pattern='class EnvCfg|class Envcfg|trait EnvCfg|object EnvCfg|class MEnvCfg|class SEnvCfg|class HEnvCfg'
[11:36:12] [spechunter] [Grep] pattern='memory.tag|mem.tag|MemoryTag|memory_tag|MTE|mte'
[11:36:12] [spechunter] [Grep] pattern='tag|MT_MODE|TagMode|TAG_MODE'
[11:36:12] [spechunter] [Grep] pattern='tag_check_abort'
[11:36:12] [spechunter] [Grep] pattern='ISS_DATA_DFSC'
[11:36:12] [spechunter] [Glob] **/arm64/include/pte*
[11:36:12] [spechunter] [Glob] **/arm64/include/*pt*
[11:36:12] [spechunter] [Grep] pattern='ATTR_S[0-9]|ATTR_D[0-9]|ATTR_SW'
[11:36:12] [spechunter] [Read] /home/yzs/riscv/XiangShan/src/main/scala/xiangshan/cache/mmu/MMUConst.scala
[11:36:12] [spechunter] [Grep] pattern='class PtePermBundle'
[11:36:12] [spechunter] [Grep] pattern='(?i)memory.tag|mem.tag|memorytag|memtag'
[11:36:12] [spechunter] [Grep] pattern='TLB\\.scala|TLBStorage\\.scala'
[11:36:14] [spechunter] [Read] /home/yzs/riscv/XiangShan/src/main/scala/xiangshan/cache/dcache/loadpipe/LoadPipe.scala
[11:36:14] [spechunter] [Read] /home/yzs/riscv/XiangShan/src/main/scala/xiangshan/mem/pipeline/NewLoadUnit.scala
[11:36:14] [spechunter] [Read] /home/yzs/riscv/XiangShan/src/main/scala/xiangshan/mem/pipeline/NewLoadUnit.scala
[11:36:14] [spechunter] [Read] /home/yzs/riscv/XiangShan/src/main/scala/xiangshan/mem/pipeline/NewLoadUnit.scala
[11:36:15] [spechunter] [Read] /home/yzs/riscv/qemu/target/riscv/cpu_helper.c
[11:36:15] [spechunter] [Grep] pattern='(?i)\\bmte\\b'
[11:36:15] [spechunter] [Grep] pattern='(?i)\\bmtag\\b'
[11:36:15] [spechunter] [Grep] pattern='(?i)\\bmemtag\\b'
[11:36:15] [spechunter] [Grep] pattern='(?i)\\bmemory_tag\\b'
[11:36:15] [spechunter] [Grep] pattern='(?i)mte_tag\\.adoc'
[11:36:19] [spechunter] [Read] /home/yzs/riscv/opensbi/locations/opensbi_menvcfg.json
[11:36:19] [spechunter] [Read] /home/yzs/riscv/opensbi/mte_tag_findings.json
[11:36:19] [spechunter] [Grep] pattern='mte'
[11:36:19] [spechunter] [Grep] pattern='mte'
[11:36:22] [spechunter] [Read] /home/yzs/riscv/freebsd-src/sys/arm64/include/pte.h
[11:36:22] [spechunter] [Grep] pattern='ATTR_S|ATTR_D|tag|TAG|GP|tco|TCO'
[11:36:22] [spechunter] [Grep] pattern='GPF|gp_bit|GCR'
[11:36:26] [spechunter] [text] Let me do one final round of exhaustive searching to be completely thorough.  
[11:36:26] [spechunter] [Grep] pattern='_PAGE_RSW|_PAGE_SW|RSW|reserved.*pte|pte.*reserved.*bit'
[11:36:26] [spechunter] [Grep] pattern='_PAGE_RSW|_PAGE_SW'
[11:36:26] [spechunter] [Bash] Search for any MTAG-related commits in git log
[11:36:27] [spechunter] [Read] /home/yzs/riscv/XiangShan/src/main/scala/xiangshan/mem/pipeline/NewLoadUnit.scala
[11:36:27] [spechunter] [Read] /home/yzs/riscv/XiangShan/src/main/scala/xiangshan/mem/pipeline/NewLoadUnit.scala
[11:36:27] [spechunter] [Read] /home/yzs/riscv/XiangShan/src/main/scala/xiangshan/mem/pipeline/NewStoreUnit.scala
[11:36:27] [spechunter] [Read] /home/yzs/riscv/XiangShan/src/main/scala/xiangshan/mem/pipeline/NewStoreUnit.scala
[11:36:36] [spechunter] [text] Let me read the actual source code at the key locations.  
[11:36:36] [spechunter] [Read] /home/yzs/riscv/opensbi/lib/sbi/sbi_hart.c
[11:36:36] [spechunter] [Read] /home/yzs/riscv/opensbi/lib/sbi/sbi_hsm.c
[11:36:36] [spechunter] [Read] /home/yzs/riscv/opensbi/lib/sbi/sbi_domain_context.c
[11:36:36] [spechunter] [Read] /home/yzs/riscv/opensbi/lib/sbi/sbi_fwft.c
[11:36:38] [spechunter] [Read] /home/yzs/riscv/XiangShan/src/main/scala/xiangshan/cache/mmu/MMUBundle.scala
[11:36:38] [spechunter] [Grep] pattern='tag'
[11:36:38] [spechunter] [Grep] pattern='tag'
[11:36:46] [spechunter] [Read] /home/yzs/riscv/XiangShan/src/main/scala/xiangshan/backend/fu/NewCSR/CSRBundles.scala
[11:36:46] [spechunter] [Read] /home/yzs/riscv/XiangShan/src/main/scala/xiangshan/backend/fu/NewCSR/MachineLevel.scala
[11:36:46] [spechunter] [Read] /home/yzs/riscv/XiangShan/src/main/scala/xiangshan/backend/fu/NewCSR/MachineLevel.scala
[11:36:46] [spechunter] [Read] /home/yzs/riscv/XiangShan/src/main/scala/xiangshan/backend/fu/NewCSR/SupervisorLevel.scala
[11:36:46] [spechunter] [Read] /home/yzs/riscv/XiangShan/src/main/scala/xiangshan/backend/fu/NewCSR/HypervisorLevel.scala
[11:36:46] [spechunter] [Read] /home/yzs/riscv/XiangShan/rocket-chip/src/main/scala/rocket/CSR.scala
[11:36:47] [spechunter] [Read] /home/yzs/riscv/qemu/target/riscv/cpu_bits.h
[11:36:47] [spechunter] [Read] /home/yzs/riscv/qemu/target/riscv/cpu_bits.h
[11:36:47] [spechunter] [Read] /home/yzs/riscv/qemu/target/riscv/cpu_bits.h
[11:36:47] [spechunter] [Read] /home/yzs/riscv/qemu/target/riscv/csr.c
[11:36:47] [spechunter] [Read] /home/yzs/riscv/qemu/target/riscv/csr.c
[11:36:47] [spechunter] [Read] /home/yzs/riscv/qemu/target/riscv/cpu.c
[11:36:47] [spechunter] [Read] /home/yzs/riscv/qemu/target/riscv/cpu_helper.c
[11:36:51] [spechunter] [Grep] pattern='pteNLen|ptePbmtLen|pteResLen|pteRswLen|ppnHignLen|ppnLen|pteNapotBits|ptePPNLen'
[11:36:51] [spechunter] [Grep] pattern='HasPtwConst|PtwConst|HasTlbConst|TlbConst'
[11:36:52] [spechunter] [Read] /home/yzs/riscv/XiangShan/src/main/scala/xiangshan/mem/Bundles.scala
[11:36:52] [spechunter] [Read] /home/yzs/riscv/XiangShan/src/main/scala/xiangshan/mem/pipeline/Bundles.scala
[11:36:52] [spechunter] [Grep] pattern='matchInvalid|forward.*match|forward.*tag|vaddr.*match|paddr.*match'
[11:36:52] [spechunter] [Grep] pattern='tag match|tag_match|tagMatch'
[11:36:55] [spechunter] [text] Now let me look at the RISC-V spec documents for MTE/memory tagging context.  
[11:36:55] [spechunter] [Bash] List spec reference files
[11:36:55] [spechunter] [Read] /home/yzs/riscv/opensbi/lib/sbi/sbi_hart.c
[11:36:55] [spechunter] [Read] /home/yzs/riscv/opensbi/include/sbi/riscv_encoding.h
[11:36:58] [spechunter] [Read] /home/yzs/riscv/XiangShan/src/main/scala/xiangshan/cache/mmu/MMUBundle.scala
[11:36:58] [spechunter] [Grep] pattern='(?i)pointer.mask|ptr_mask|ptrMask|PointerMask|pmen|PME|pmm'
[11:36:58] [spechunter] [Grep] pattern='class PMPConfig'
[11:36:59] [spechunter] [text] The kernel RISC-V port has **zero references** to MTAG, memory tagging, Smte, Zimte, or any related page table bits. The...
[11:37:04] [spechunter] [text] Now let me read the tagging normative rules document
[11:37:04] [spechunter] [Read] /home/yzs/riscv/rv-isa-sec/spec_ref/riscv-isa-manual/tagging_normative_rules.adoc
[11:37:07] [spechunter] [Grep] pattern='EnvPMM|envpmm|object EnvPMM'
[11:37:07] [spechunter] [Grep] pattern='memory.tag|mem.tag|memtag|MemTag|MemoryTag|memorytag'
[11:37:07] [spechunter] [Grep] pattern='CSRFields|CRSField|def RO|def RW|class CSREnum|trait RWApply|trait ROApply'
[11:37:22] [spechunter] [Grep] pattern='pmap_gp|ATTR_KERN_GP|ATTR_S1_GP|gp_attr|guarded|GP'
[11:37:22] [spechunter] [Grep] pattern='MTE|GCR_EL1|TFSR|FEAT_MTE|tag_check'
[11:37:22] [spechunter] [Grep] pattern='machdep|exec_setregs|feat.*mte|mte.*enable|tag_check|PROC_MTE'
[11:37:22] [spechunter] [Grep] pattern='PROC_MTE|P_MTE|process.*mte|tagged_addr'
[11:37:26] [spechunter] [text] I'll search the codebase for relevant locations related to MTAG (Memory Tagging) and the page table conditions described...
[11:37:26] [spechunter] [Grep] pattern='MTAG|mtag|MteTag|mte.tag|mte_tag'
[11:37:26] [spechunter] [Grep] pattern='access.fault|access_fault|AccessFault'
[11:37:26] [spechunter] [Grep] pattern='PTE_XWR|pte_xwr|PAGE_EXEC|_PAGE_EXEC'
[11:37:33] [spechunter] [Read] /home/yzs/riscv/XiangShan/src/main/scala/xiangshan/backend/fu/NewCSR/CSRDefines.scala
[11:37:33] [spechunter] [Grep] pattern='bits.*58|bits.*57|bits.*56'
[11:37:33] [spechunter] [Read] /home/yzs/riscv/XiangShan/src/main/scala/xiangshan/backend/fu/NewCSR/CSRFields.scala
[11:37:33] [spechunter] [Read] /home/yzs/riscv/XiangShan/src/main/scala/xiangshan/backend/fu/NewCSR/CSRBundle.scala
[11:37:36] [spechunter] [Read] /home/yzs/riscv/XiangShan/src/main/scala/xiangshan/mem/lsqueue/NewStoreQueue.scala
[11:37:36] [spechunter] [Read] /home/yzs/riscv/XiangShan/src/main/scala/xiangshan/mem/lsqueue/NewStoreQueue.scala
[11:37:36] [spechunter] [Read] /home/yzs/riscv/XiangShan/src/main/scala/xiangshan/mem/pipeline/NewLoadUnit.scala
[11:37:36] [spechunter] [Grep] pattern='matchInvalid|tag_mismatch|tagMismatch|tag mismatch'
[11:37:36] [spechunter] [Read] /home/yzs/riscv/XiangShan/src/main/scala/xiangshan/cache/mmu/TLB.scala
[11:37:36] [spechunter] [Read] /home/yzs/riscv/XiangShan/src/main/scala/xiangshan/Bundle.scala
[11:37:36] [spechunter] [Grep] pattern='mseccfg|menvcfg|henvcfg|senvcfg|hstatus.*pmm|pmm.*mseccfg|pmm.*menvcfg'
[11:37:36] [spechunter] [Grep] pattern='PMLEN7|PMLEN16|PMLEN\\b'
[11:37:43] [spechunter] [Read] /home/yzs/riscv/freebsd-src/sys/arm64/arm64/pmap.c
[11:37:43] [spechunter] [Read] /home/yzs/riscv/freebsd-src/sys/arm64/arm64/pmap.c
[11:37:43] [spechunter] [Grep] pattern='GCR_Exclude|GCR_RRND|GCR_EL1'
[11:37:43] [spechunter] [Grep] pattern='TCO|tco|PSTATE_TCO|tag_check_override|tco_set'
[11:37:43] [spechunter] [Grep] pattern='pmap_gp_attr|pmap_gp_init|pmap_guarded|pmap_set_guarded'
[11:37:53] [spechunter] [Read] /home/yzs/riscv/XiangShan/src/main/scala/xiangshan/mem/sbuffer/Sbuffer.scala
[11:37:53] [spechunter] [Grep] pattern='TlbAccessResult|tlbAccessResult|tag_error|tag_error_enable|tag_error_enable|cache_error_enable'
[11:37:53] [spechunter] [Read] /home/yzs/riscv/XiangShan/src/main/scala/xiangshan/mem/pipeline/NewLoadUnit.scala
[11:37:53] [spechunter] [Grep] pattern='class.*Load.*Stage|class.*S[0-4]|abstract.*class.*LoadUnitStage|LoadUnitS[0-4]'
[11:37:55] [spechunter] [Grep] pattern='57.*56|56.*57'
[11:37:55] [spechunter] [Grep] pattern='EXT_M|ExtM|hasMemTag|memtag|MemoryTag|Smmtt|smtt'
[11:37:55] [spechunter] [Grep] pattern='CSRConfig'
[11:37:58] [spechunter] [text] Let me search more specifically for RISC-V memory tagging/page fault handling relevant to the PR
[11:37:58] [spechunter] [Grep] pattern='memory.tag|mem.tag|mte|MTE'
[11:37:58] [spechunter] [Grep] pattern='page.fault|do_page_fault|handle_page_fault'
[11:37:58] [spechunter] [Grep] pattern='access.*fault|ACCESS_FAULT'
[11:37:58] [spechunter] [Grep] pattern='XWR|_PAGE_EXEC|PAGE_EXEC'
[11:38:00] [spechunter] [Grep] pattern='MSECCFG_'
[11:38:00] [spechunter] [Read] /home/yzs/riscv/qemu/target/riscv/cpu_helper.c
[11:38:00] [spechunter] [Read] /home/yzs/riscv/qemu/target/riscv/cpu_helper.c
[11:38:00] [spechunter] [Read] /home/yzs/riscv/qemu/target/riscv/cpu_helper.c
[11:38:00] [spechunter] [Read] /home/yzs/riscv/qemu/target/riscv/cpu_helper.c
[11:38:00] [spechunter] [Grep] pattern='(?i)CSR_MSECCFG|CSR_MENVCFG|CSR_SENVCFG|CSR_HENVCFG'
[11:38:00] [spechunter] [Grep] pattern='(?i)smstateen.*mseccfg|smstateen.*menvcfg|SMSTATEEN0'
[11:38:03] [spechunter] [Grep] pattern='pmap_bti'
[11:38:03] [spechunter] [Grep] pattern='MTE|mte|tagged|HWCAP'
[11:38:03] [spechunter] [Grep] pattern='MTE|mte|tagged|tag_check|TCO|tco'
[11:38:03] [spechunter] [Grep] pattern='MTE|mte|tagged|tag_check|TCO|tco'
[11:38:03] [spechunter] [Grep] pattern='MTE|mte|tagged|tag_check|TCO|tco|exec_setregs'
[11:38:03] [spechunter] [Grep] pattern='SEGV_MTE|tag_check|TAG_CHECK'
[11:38:08] [spechunter] [Read] /home/yzs/riscv/linux/arch/riscv/mm/fault.c
[11:38:08] [spechunter] [Read] /home/yzs/riscv/linux/arch/riscv/include/asm/pgtable-bits.h
[11:38:08] [spechunter] [Read] /home/yzs/riscv/linux/arch/riscv/include/asm/pgtable.h
[11:38:11] [spechunter] [Read] /home/yzs/riscv/XiangShan/src/main/scala/xiangshan/mem/pipeline/NewLoadUnit.scala
[11:38:11] [spechunter] [Read] /home/yzs/riscv/XiangShan/src/main/scala/xiangshan/mem/pipeline/NewLoadUnit.scala
[11:38:11] [spechunter] [Read] /home/yzs/riscv/XiangShan/src/main/scala/xiangshan/mem/pipeline/NewLoadUnit.scala
[11:38:11] [spechunter] [Read] /home/yzs/riscv/XiangShan/src/main/scala/xiangshan/mem/pipeline/NewStoreUnit.scala
[11:38:12] [spechunter] [Grep] pattern='EXT_DBLTRP|EXT_SSTC|EXT_S|hasTag|HasSM|EXT_M'
[11:38:12] [spechunter] [Grep] pattern='object CSRConfig'
[11:38:12] [spechunter] [Grep] pattern='bit.*58|58.*bit|\\\\(58|\\\\,58\\\\)|csr.*tag|tag.*csr|smstateen|sstateen|hstateen'
[11:38:19] [spechunter] [Read] /home/yzs/riscv/qemu/target/riscv/csr.c
[11:38:19] [spechunter] [Read] /home/yzs/riscv/qemu/target/riscv/cpu_helper.c
[11:38:19] [spechunter] [Read] /home/yzs/riscv/qemu/target/riscv/cpu_helper.c
[11:38:19] [spechunter] [Read] /home/yzs/riscv/qemu/target/riscv/cpu.c
[11:38:19] [spechunter] [Grep] pattern='(?i)tag.*check|check.*tag'
[11:38:19] [spechunter] [Grep] pattern='TRANSLATE_FAIL|TRANSLATE_PMP_FAIL|TRANSLATE_G_STAGE_FAIL'
[11:38:25] [spechunter] [text] Now let me look at the MTE/memory tagging extension spec and the menvcfg CSR definition from the privileged spec.  
[11:38:25] [spechunter] [Grep] pattern='mte|MTE|memory.tag|tagcheck|tag-check'
[11:38:25] [spechunter] [Grep] pattern='menvcfg'
[11:38:26] [spechunter] [Read] /home/yzs/riscv/XiangShan/src/main/scala/xiangshan/cache/mmu/TLB.scala
[11:38:26] [spechunter] [Read] /home/yzs/riscv/XiangShan/src/main/scala/xiangshan/backend/fu/NewCSR/CSRDefines.scala
[11:38:26] [spechunter] [Read] /home/yzs/riscv/XiangShan/rocket-chip/src/main/scala/groundtest/TraceGen.scala
[11:38:26] [spechunter] [Grep] pattern='class PMPConfig|val x |val w |val r'
[11:38:26] [spechunter] [Grep] pattern='(?i)tlb.*perm|xperm|execute.*perm|perm.*execute|checkx|execheck'
[11:38:34] [spechunter] [Read] /home/yzs/riscv/XiangShan/src/main/scala/xiangshan/mem/pipeline/NewLoadUnit.scala
[11:38:34] [spechunter] [Grep] pattern='class DCacheWordResp|tag_error|replayCarry|s2_hit'
[11:38:34] [spechunter] [Grep] pattern='class DCacheWordResp|tag_error'
[11:38:34] [spechunter] [Grep] pattern='get_tag|getTag|get_tag_dup|paddr_dup'
[11:38:39] [spechunter] [Read] /home/yzs/riscv/XiangShan/src/main/scala/xiangshan/backend/fu/NewCSR/NewCSR.scala
[11:38:39] [spechunter] [Grep] pattern='bit 57|bit 58|msb.*57|msb.*58|57, 56|58,|, 57\\\\)|, 58\\\\)'
[11:38:39] [spechunter] [Grep] pattern='withDescription.*tag|withDescription.*memory|withDescription.*mem'
[11:38:43] [spechunter] [Grep] pattern='TRANSLATE_'
[11:38:43] [spechunter] [Grep] pattern='TRANSLATE_'
[11:38:43] [spechunter] [Read] /home/yzs/riscv/qemu/target/riscv/csr.c
[11:38:43] [spechunter] [Read] /home/yzs/riscv/qemu/target/riscv/op_helper.c
[11:38:43] [spechunter] [Grep] pattern='(?i)SvMTE|svmte'
[11:38:47] [spechunter] [Read] /home/yzs/riscv/XiangShan/src/main/scala/xiangshan/backend/fu/CSR.scala
[11:38:47] [spechunter] [Read] /home/yzs/riscv/XiangShan/src/main/scala/xiangshan/backend/fu/NewCSR/StateEnBundle.scala
[11:38:47] [spechunter] [Read] /home/yzs/riscv/XiangShan/src/main/scala/xiangshan/backend/fu/NewCSR/CSRDefines.scala
[11:39:04] [spechunter] [Read] /home/yzs/riscv/rv-isa-sec/spec_ref/riscv-isa-manual/src/priv/smctr.adoc
[11:39:04] [spechunter] [Grep] pattern='mte|.mte|_mte'
[11:39:04] [spechunter] [Read] /home/yzs/riscv/XiangShan/src/main/scala/xiangshan/cache/mmu/MMUConst.scala
[11:39:04] [spechunter] [Read] /home/yzs/riscv/XiangShan/src/main/scala/xiangshan/cache/mmu/BitmapCheck.scala
[11:39:04] [spechunter] [text] API Error: 400 {"detail":"Error code: 400 - {'detail': 'Rate limit exceeded for team: AI_PRD_SELF-ygOCagDg1IJPqSZyFTZ2lU...
[11:39:09] [spechunter] [text] API Error: 400 {"detail":"Error code: 400 - {'detail': 'Rate limit exceeded for team: AI_PRD_SELF-ygOCagDg1IJPqSZyFTZ2lU...
[11:39:19] [spechunter] [Read] /home/yzs/riscv/XiangShan/src/main/scala/xiangshan/backend/fu/PMP.scala
[11:39:19] [spechunter] [Grep] pattern='(?i)mseccfg.*MMWP|Mseccfg|sPMP|sumte|mte'
[11:39:19] [spechunter] [Grep] pattern='(?i)envcfg|pmm|pointer|tag'
[11:39:19] [spechunter] [Read] /home/yzs/riscv/XiangShan/src/main/scala/xiangshan/cache/mmu/TLB.scala
[11:39:23] [spechunter] [Read] /home/yzs/riscv/XiangShan/src/main/scala/xiangshan/backend/fu/NewCSR/HypervisorLevel.scala
[11:39:23] [spechunter] [Read] /home/yzs/riscv/XiangShan/src/main/scala/xiangshan/backend/fu/NewCSR/HypervisorLevel.scala
[11:39:23] [spechunter] [Read] /home/yzs/riscv/XiangShan/src/main/scala/xiangshan/backend/fu/NewCSR/MachineLevel.scala
[11:39:23] [spechunter] [Read] /home/yzs/riscv/XiangShan/src/main/scala/xiangshan/backend/fu/NewCSR/SupervisorLevel.scala
[11:39:28] [spechunter] [Read] /home/yzs/riscv/XiangShan/src/main/scala/xiangshan/cache/dcache/DCacheWrapper.scala
[11:39:28] [spechunter] [Read] /home/yzs/riscv/XiangShan/src/main/scala/xiangshan/cache/dcache/loadpipe/LoadPipe.scala
[11:39:28] [spechunter] [Read] /home/yzs/riscv/XiangShan/src/main/scala/xiangshan/mem/Bundles.scala
[11:39:28] [spechunter] [Read] /home/yzs/riscv/XiangShan/src/main/scala/xiangshan/mem/pipeline/NewLoadUnit.scala
[11:39:34] [spechunter] [Read] /home/yzs/riscv/freebsd-src/sys/arm64/arm64/pmap.c
[11:39:34] [spechunter] [Read] /home/yzs/riscv/freebsd-src/sys/arm64/arm64/pmap.c
[11:39:34] [spechunter] [Read] /home/yzs/riscv/freebsd-src/sys/arm64/arm64/pmap.c
[11:39:34] [spechunter] [Read] /home/yzs/riscv/freebsd-src/sys/arm64/arm64/pmap.c
[11:39:34] [spechunter] [Grep] pattern='pmap_bti_set'
[11:39:34] [spechunter] [Grep] pattern='PMC_MTE|pmc.*mte|mte.*pmc'
[11:39:56] [spechunter] [Grep] pattern='s1_paddr_dup_lsu|s1_paddr_dup_dcache'
[11:39:56] [spechunter] [text] Let me look at some critical files that handle fault types and page table protection checks in RISC-V context.  
[11:39:56] [spechunter] [Read] /home/yzs/riscv/linux/arch/riscv/kernel/traps.c
[11:39:56] [spechunter] [Grep] pattern='EXC_INST_PAGE_FAULT|EXC_LOAD_PAGE_FAULT|EXC_STORE_PAGE_FAULT|EXC_.*ACCESS'
[11:39:56] [spechunter] [Grep] pattern='pte_exec|pte_write|pte_read|pte_permitted'
[11:39:59] [spechunter] [Read] /home/yzs/riscv/freebsd-src/sys/arm64/arm64/strcmp.S
[11:39:59] [spechunter] [Read] /home/yzs/riscv/freebsd-src/sys/arm64/arm64/strncmp.S
[11:39:59] [spechunter] [Grep] pattern='feat_mte|mte_init|mte_set|mte_enable|mte_config|tag_alloc|tag_gen|irg|stg|st2g|stz2g|ldg|addg|subg'
[11:39:59] [spechunter] [Grep] pattern='MTE|mte|GP|gp|bti|BTI'
[11:40:10] [spechunter] [Read] /home/yzs/riscv/linux/arch/riscv/include/asm/pgtable.h
[11:40:10] [spechunter] [Read] /home/yzs/riscv/linux/arch/riscv/include/asm/pgtable.h
[11:40:10] [spechunter] [Read] /home/yzs/riscv/linux/arch/riscv/include/asm/csr.h
[11:40:28] [spechunter] [Grep] pattern='(?i)mseccfg|MMWP|mte|tag'
[11:40:28] [spechunter] [Read] /home/yzs/riscv/XiangShan/src/main/scala/xiangshan/backend/fu/NewCSR/MachineLevel.scala
[11:40:28] [spechunter] [Read] /home/yzs/riscv/XiangShan/src/main/scala/xiangshan/backend/fu/NewCSR/CSRDefines.scala
[11:40:28] [spechunter] [Grep] pattern='(?i)sfence\\.w\\.inval|spmp|Spmp|SPMP|smmpb|Smmpb|Smmpm|smmpm'
[11:40:28] [spechunter] [Grep] pattern='(?i)PMPBundle'
[11:40:43] [spechunter] [Grep] pattern='MTAG|MteTag|SVMT|Svmt|memory.tagging'
[11:40:43] [spechunter] [Grep] pattern='PTE_MTAG|_PAGE_MTAG|pte_mtag'
[11:40:43] [spechunter] [Grep] pattern='unchecked|checked.access|ACCESS_FAULT'
[11:40:49] [spechunter] [Grep] pattern='(?i)keyid|KEYID|key_id|key\\.id'
[11:40:49] [spechunter] [Grep] pattern='(?i)pte(63|62|60|59|58|57|56)'
[11:40:49] [spechunter] [Grep] pattern='(?i)has_bitmap_check|HasBitmapCheck|bitmap.check'
[11:40:49] [spechunter] [Grep] pattern='(?i)\\bFenceI|fence\\.i|\\"fencei\\"'
[11:41:09] [spechunter] [Read] /home/yzs/riscv/XiangShan/src/main/scala/xiangshan/cache/mmu/TLB.scala
[11:41:09] [spechunter] [Grep] pattern='(?i)Smmpm|smmpm|Smnpm|smnpm|Smmpb|smmpb'
[11:41:09] [spechunter] [Read] /home/yzs/riscv/XiangShan/src/main/scala/xiangshan/cache/mmu/TLB.scala
[11:41:09] [spechunter] [Grep] pattern='pteResLen|reserved.*len|resLen'
[11:41:13] [spechunter] [Grep] pattern='ISS_DATA_DFSC_TAG|DFSC_TAG'
[11:41:13] [spechunter] [Grep] pattern='TCR_EL1|TCR_.*BIT|TBI[0-9]|tbi'
[11:41:13] [spechunter] [Grep] pattern='TCR_.*BIT|TBI|top_byte_ignore'
[11:41:13] [spechunter] [Grep] pattern='ATTR_DBM|DBM'
[11:41:13] [spechunter] [Grep] pattern='mte_tag|mtepage'
[11:41:13] [spechunter] [text] Let me dig deeper into the specific MTAG semantics described in the PR
[11:41:13] [spechunter] [Agent] description, prompt
[11:41:13] [spechunter] [Bash] Check recent commits for MTAG-related changes
[11:41:13] [spechunter] [Bash] Search git log for MTAG-related commits
[11:41:15] [spechunter] [Glob] **/*mte*
[11:41:15] [spechunter] [Glob] **/*mtag*
[11:41:15] [spechunter] [Grep] pattern='RISCV_ISA_EXT.*SV|Ssv|Svmt|Svade|Svadu|Svpbmt|Svinval|Svnapot'
[11:41:26] [spechunter] [Read] /home/yzs/riscv/XiangShan/src/main/scala/xiangshan/backend/fu/NewCSR/NewCSR.scala
[11:41:26] [spechunter] [Read] /home/yzs/riscv/XiangShan/src/main/scala/xiangshan/backend/fu/NewCSR/NewCSR.scala
[11:41:26] [spechunter] [Read] /home/yzs/riscv/XiangShan/src/main/scala/xiangshan/cache/mmu/MMUBundle.scala
[11:41:26] [spechunter] [Read] /home/yzs/riscv/XiangShan/src/main/scala/xiangshan/backend/fu/NewCSR/CSRBundles.scala
[11:41:39] [spechunter] [Bash] Recent git log for tag-related commits
[11:41:39] [spechunter] [Grep] pattern='MTAG|mtag|Mtag'
[11:41:39] [spechunter] [Grep] pattern='MTAG|mtag|Mtag'
[11:41:39] [spechunter] [Grep] pattern='PTE_'
[11:41:39] [spechunter] [Grep] pattern='memory\\.tag|mem\\.tag|mte_tag'
[11:41:39] [spechunter] [Grep] pattern='access_fault|TRANSLATE_FAIL_ACCESS'
[11:41:39] [spechunter] [Grep] pattern='unchecked|UNCHECKED|Unchecked'
[11:41:39] [spechunter] [Grep] pattern='executable'
[11:41:40] [spechunter] [Read] /home/yzs/riscv/linux/arch/riscv/include/asm/hwcap.h
[11:41:40] [spechunter] [Read] /home/yzs/riscv/linux/arch/riscv/kernel/cpufeature.c
[11:41:50] [spechunter] [Grep] pattern='XWR|xwr|pagetable.*violation|stage1.*condition|PSTATE_TCO'
[11:41:50] [spechunter] [Grep] pattern='PSTATE_TCO|TCO'
[11:41:50] [spechunter] [Grep] pattern='SEGV_MTE'
[11:41:50] [spechunter] [Grep] pattern='kern.mte|hw.mte|TFSR|TFSRE|tag_fault'
[11:42:15] [spechunter] [Read] /home/yzs/riscv/qemu/target/riscv/cpu_bits.h
[11:42:15] [spechunter] [Bash] Find get_physical_address function in cpu_helper.c
[11:42:15] [spechunter] [Read] /home/yzs/riscv/qemu/analysis_mte_tag_hlv_hsv.json
[11:42:15] [spechunter] [Grep] pattern='TRANSLATE_FAIL|translate_fail'
[11:42:15] [spechunter] [Grep] pattern='0x100|0x1FE|PTE_C|PTE_MT|PTE_SEC|PTE_RESERVED'
[11:42:15] [spechunter] [Grep] pattern='tag|TAG'
[11:42:15] [spechunter] [Grep] pattern='tag|TAG'
[11:42:15] [spechunter] [Grep] pattern='tag|TAG'
[11:42:19] [spechunter] [Grep] pattern='shadow.stack.*XWR|XWR.*010|XWR.*111'
[11:42:19] [spechunter] [Grep] pattern='EXC_INST_ACCESS|EXC_LOAD_ACCESS|EXC_STORE_ACCESS|access.fault'
[11:42:42] [spechunter] [text] Let me also check if there's any MTAG-related specification or Kconfig references.  
[11:42:42] [spechunter] [Grep] pattern='mte|mtag|memory.tag'
[11:42:42] [spechunter] [Grep] pattern='access.fault.*fatal|fatal.*access|SEGV_ACCERR|SIGSEGV.*ACC'
[11:42:42] [spechunter] [Grep] pattern='_PAGE_MT|_PAGE_MTMASK'
[11:42:50] [spechunter] [Grep] pattern='DBM|dirty_bit|HAFDBS|HDBS'
[11:42:50] [spechunter] [Grep] pattern='HAFDBS|HDBS|feat_hafdbs'
[11:42:50] [spechunter] [Grep] pattern='TCR|tcr|TBI|tbi|DBM|dbm'
[11:42:50] [spechunter] [Read] /home/yzs/riscv/freebsd-src/sys/arm64/arm64/pmap.c
[11:42:50] [spechunter] [Grep] pattern='mte_tag|mte_page|mtepage'
[11:43:04] [spechunter] [Read] /home/yzs/riscv/qemu/target/riscv/cpu_helper.c
[11:43:04] [spechunter] [Read] /home/yzs/riscv/qemu/target/riscv/cpu_helper.c
[11:43:04] [spechunter] [Read] /home/yzs/riscv/qemu/target/riscv/cpu.h
[11:43:04] [spechunter] [Grep] pattern='TRANSLATE_PMP_FAIL|TRANSLATE_G_STAGE'
[11:43:04] [spechunter] [Grep] pattern='svukte|SVUKTE|Svukte'
[11:43:04] [spechunter] [Grep] pattern='analysis_mte_tag|mte_tag'
[11:43:04] [spechunter] [Grep] pattern='mstatus'
[11:43:17] [spechunter] [Read] /home/yzs/riscv/linux/arch/riscv/kernel/traps.c
[11:43:17] [spechunter] [Read] /home/yzs/riscv/linux/arch/riscv/kernel/traps.c
[11:43:17] [spechunter] [Read] /home/yzs/riscv/linux/arch/riscv/include/asm/pgtable-64.h
[11:43:19] [spechunter] [Read] /home/yzs/riscv/qemu/target/riscv/cpu_helper.c
[11:43:19] [spechunter] [Read] /home/yzs/riscv/qemu/target/riscv/cpu_bits.h
[11:43:19] [spechunter] [Read] /home/yzs/riscv/qemu/target/riscv/cpu_helper.c
[11:43:19] [spechunter] [Read] /home/yzs/riscv/qemu/target/riscv/cpu_helper.c
[11:43:31] [spechunter] [Grep] pattern='MTE|mte|TCO|PSTATE_TCO|TFSR'
[11:43:31] [spechunter] [Grep] pattern='MTE|TFSR|TCO'
[11:43:31] [spechunter] [Grep] pattern='MTE'
[11:43:31] [spechunter] [Grep] pattern='MTE|mte|TCO|PSTATE_TCO'
[11:43:31] [spechunter] [Grep] pattern='MTE|HWCAP2_MTE|HWCAP3'
[11:43:38] [spechunter] [Grep] pattern='RISCV.*MTAG|RISCV.*MTE|ISA_EXT.*MT|CONFIG.*MTAG|CONFIG.*MTE'
[11:43:38] [spechunter] [Grep] pattern='ISA_EXT.*MT|CONFIG.*MTAG'
[11:43:38] [spechunter] [Grep] pattern='_PAGE_MTE|_PAGE_MTAG|memory.type|mem.type'
[11:43:38] [spechunter] [text] Let me search for the spec file and read the key RTL files in detail
[11:43:38] [spechunter] [Glob] **/mte_tag*
[11:43:38] [spechunter] [Grep] pattern='mtag|MTAG|mTag|mt_mode|MT_MODE|MtMode'
[11:43:38] [spechunter] [Grep] pattern='mtag|MTAG|mTag|mt_mode|MT_MODE|MtMode'
[11:43:41] [spechunter] [Read] /home/yzs/riscv/qemu/target/riscv/cpu_helper.c
[11:43:41] [spechunter] [Grep] pattern='mte|MTE|memtag|MEMTAG|tagged|TAGGED'
[11:43:41] [spechunter] [Grep] pattern='mte|MTE|memtag|MEMTAG|tagged|TAGGED'
[11:43:41] [spechunter] [Grep] pattern='0x100|0x200|0x400|0x800|0x080|0x1000'
[11:43:41] [spechunter] [Read] /home/yzs/riscv/qemu/target/riscv/cpu_bits.h
[11:43:56] [spechunter] [Read] /home/yzs/riscv/XiangShan/mte_tag_check_logic_findings.json
[11:43:56] [spechunter] [Read] /home/yzs/riscv/XiangShan/mte_tag_async_removal_findings.json
[11:44:07] [spechunter] [text] Based on my thorough investigation, here is the final analysis:  {   "locations": [],   "removed_locations": [],   "merg...
[11:44:11] [spechunter] [Read] /home/yzs/riscv/qemu/target/riscv/cpu_bits.h
[11:44:11] [spechunter] [Read] /home/yzs/riscv/qemu/target/riscv/cpu_bits.h
[11:44:11] [spechunter] [Grep] pattern='MMTE|mmte|smte|SMTE'
[11:44:11] [spechunter] [Grep] pattern='zicfilp|ZICFILP|mpelp|MPELP'
[11:44:11] [spechunter] [Grep] pattern='HSTATUS|hstatus'
[11:44:11] [spechunter] [Read] /home/yzs/riscv/qemu/target/riscv/cpu_helper.c
[11:44:11] [spechunter] [TodoWrite] 5 items
[11:44:26] [spechunter] [text] Let me first understand the PR context and find the relevant code.  
[11:44:26] [spechunter] [Bash] Check recent commits for MTAG context
[11:44:26] [spechunter] [Grep] pattern='mte_tag|MTAG|mte_stag|menvcfg.*STCE|menvcfg.*ADUE|menvcfg.*PBMTE'
[11:44:26] [spechunter] [Grep] pattern='mte_tag|mte_stag'
[11:44:38] [spechunter] [text] The PR title references "mte_tag" which seems to be ARM64 MTE (Memory Tagging Extension) related. Let me find the specif...
[11:44:38] [spechunter] [Grep] pattern='mte_tag'
[11:44:38] [spechunter] [Bash] Search for mte_tag related content in arm64 mte.c
[11:44:42] [spechunter] [Read] /home/yzs/riscv/qemu/target/riscv/cpu_bits.h
[11:44:42] [spechunter] [Bash] Search git log for tag-related commits
[11:44:42] [spechunter] [Bash] See init of cpu_bits.h
[11:44:42] [spechunter] [Read] /home/yzs/riscv/qemu/target/riscv/cpu_helper.c
[11:44:42] [spechunter] [Grep] pattern='XWR|xwr|XWR_111|XWR_010'
[11:44:42] [spechunter] [Grep] pattern='mseccfg|MSECCFG|zicfilp'
[11:44:42] [spechunter] [Read] /home/yzs/riscv/qemu/target/riscv/cpu_helper.c
[11:44:47] [spechunter] [Read] /home/yzs/riscv/linux/arch/arm64/include/asm/mte.h
[11:44:47] [spechunter] [Read] /home/yzs/riscv/linux/arch/arm64/mm/fault.c
[11:45:02] [spechunter] [text] Let me now trace the exact code paths where MTAG logic would need to integrate, starting with the TLB/PTW permission che...
[11:45:02] [spechunter] [Read] /home/yzs/riscv/XiangShan/src/main/scala/xiangshan/cache/mmu/MMUBundle.scala
[11:45:02] [spechunter] [Read] /home/yzs/riscv/XiangShan/src/main/scala/xiangshan/cache/mmu/TLB.scala
[11:45:02] [spechunter] [Read] /home/yzs/riscv/XiangShan/src/main/scala/xiangshan/mem/pipeline/NewLoadUnit.scala
[11:45:21] [spechunter] [Bash] Search git log for MTAG related commits
[11:45:21] [spechunter] [Bash] Search for PR branches related to MTAG
[11:45:31] [spechunter] [text] Now I have a clear picture: XiangShan RTL currently has **no MTE/MTAG implementation** at all. The PR adds `src/mte_tag....
[11:45:31] [spechunter] [Read] /home/yzs/riscv/XiangShan/src/main/scala/xiangshan/cache/mmu/MMUConst.scala
[11:45:31] [spechunter] [Read] /home/yzs/riscv/XiangShan/src/main/scala/xiangshan/cache/mmu/TLB.scala
[11:45:31] [spechunter] [Read] /home/yzs/riscv/XiangShan/src/main/scala/xiangshan/mem/pipeline/NewLoadUnit.scala
[11:45:33] [spechunter] [Read] /home/yzs/riscv/qemu/target/riscv/cpu_bits.h
[11:45:33] [spechunter] [Grep] pattern='RISCV_EXCP'
[11:45:33] [spechunter] [Grep] pattern='mtag|MTAG|mte_tag'
[11:45:33] [spechunter] [Read] /home/yzs/riscv/qemu/target/riscv/cpu.h
[11:45:33] [spechunter] [Bash] Find any non-standard PTE bits in cpu_bits.h
[11:45:41] [spechunter] [Grep] pattern='src/mte_tag'
[11:45:41] [spechunter] [Bash] Check if there's a location review file
[11:45:41] [spechunter] [Bash] Search for PR branch with mte_tag
[11:46:07] [spechunter] [Read] /home/yzs/riscv/XiangShan/src/main/scala/xiangshan/mem/pipeline/NewStoreUnit.scala
[11:46:07] [spechunter] [Read] /home/yzs/riscv/XiangShan/src/main/scala/xiangshan/cache/mmu/MMUBundle.scala
[11:46:07] [spechunter] [Read] /home/yzs/riscv/XiangShan/src/main/scala/xiangshan/mem/pipeline/NewStoreUnit.scala
[11:46:07] [spechunter] [text] Let me find the spec reference and the exact code locations to analyze.  
[11:46:07] [spechunter] [Bash] List available spec repos
[11:46:07] [spechunter] [Bash] Find MTAG spec files
[11:46:08] [spechunter] [Grep] pattern='MTAG_I|mtag_i'
[11:46:08] [spechunter] [Grep] pattern='PTE_M|PTE_T|_TAG|tag_check|tagged_addr'
[11:46:08] [spechunter] [Bash] Search git log for tag-related CSRs
[11:46:08] [spechunter] [Grep] pattern='SMTE|MMTE|UMTE'
[11:46:08] [spechunter] [Grep] pattern='CSR_SMTE|CSR_MMTE|CSR_UMTE'
[11:46:08] [spechunter] [Grep] pattern='CSR_MMTE|CSR_UMTE|CSR_SMTE|CSR_VSMTE'
[11:46:17] [spechunter] [Bash] Find MTE-related spec files
[11:46:17] [spechunter] [Grep] pattern='mte.*first.*stage\\|first.*stage.*mte\\|stage1.*mte\\|mte.*stage1'
[11:46:26] [spechunter] [Read] /home/yzs/riscv/XiangShan/src/main/scala/xiangshan/cache/mmu/MMUBundle.scala
[11:46:26] [spechunter] [Read] /home/yzs/riscv/XiangShan/src/main/scala/xiangshan/cache/mmu/TLB.scala
[11:46:41] [spechunter] [text] Let me look at the specific code that would be relevant to this PR's change — the W^X check in pmap.c and the trap fault...
[11:46:41] [spechunter] [Read] /home/yzs/riscv/freebsd-src/sys/arm64/arm64/pmap.c
[11:46:41] [spechunter] [Read] /home/yzs/riscv/freebsd-src/sys/arm64/arm64/trap.c
[11:46:41] [spechunter] [Read] /home/yzs/riscv/freebsd-src/sys/arm64/arm64/trap.c
[11:46:43] [spechunter] [text] Let me look at the specific ARM64 MTE tag fault handling code related to this PR
[11:46:43] [spechunter] [Grep] pattern='mte|tag_check|tag_fault|TagAccess|MTE'
[11:46:46] [spechunter] [Grep] pattern='PTE_C|PTE_S|PTE_M'
[11:46:46] [spechunter] [Grep] pattern='transl|TLB|mmu|walk'
[11:46:46] [spechunter] [Grep] pattern='access_fault'
[11:46:46] [spechunter] [Grep] pattern='page_fault'
[11:46:46] [spechunter] [Grep] pattern='CSR_MTAG|CSR_mtag|csr.*tag'
[11:46:46] [spechunter] [Grep] pattern='check_access|tlb_fill|fill_tlb'
[11:46:51] [spechunter] [Grep] pattern='class TlbResp'
[11:46:51] [spechunter] [Grep] pattern='class TlbSectorResp'
[11:46:54] [spechunter] [Grep] pattern='VM_PROT_WRITE.*VM_PROT_EXECUTE|VM_PROT_EXECUTE.*VM_PROT_WRITE|W.*X|prot.*WRITE.*EXECUTE'
[11:46:54] [spechunter] [Grep] pattern='access.?fault|ACCESS.?FAULT|VM_FAULT|VM_PROT_FAULT|SIGFAULT|access_fault_class'
[11:46:56] [spechunter] [Read] /home/yzs/riscv/XiangShan/src/main/scala/xiangshan/cache/mmu/MMUBundle.scala
[11:46:56] [spechunter] [Read] /home/yzs/riscv/XiangShan/src/main/scala/xiangshan/mem/pipeline/Bundles.scala
[11:47:08] [spechunter] [Bash] Check what's changed on current branch
[11:47:08] [spechunter] [Glob] **/mte_tag*
[11:47:08] [spechunter] [Bash] Search for any mte_tag files in linux tree
[11:47:12] [spechunter] [Read] /home/yzs/riscv/XiangShan/src/main/scala/xiangshan/backend/fu/NewCSR/CSRBundles.scala
[11:47:12] [spechunter] [Read] /home/yzs/riscv/XiangShan/src/main/scala/xiangshan/mem/pipeline/Bundles.scala
[11:47:12] [spechunter] [Grep] pattern='class PtwResp'
[11:47:24] [spechunter] [Grep] pattern='mte_tag'
[11:47:24] [spechunter] [Bash] Search git log for files matching mte pattern
[11:47:24] [spechunter] [Bash] Check current state of repo
[11:47:25] [spechunter] [Grep] pattern='stage1.*mte\\|mte.*stage1\\|first.*stage.*mte\\|mte.*first.*stage\\|has_stage1_mte\\|stage1_has|stage1_mte'
[11:47:25] [spechunter] [Grep] pattern='mte_tag\\|mtag\\|MTAF\\|FEAT_MTE|ARM64_HAS_MTE|MTE_CTRL|GCR_EL1|TCO|TCF'
[11:47:46] [spechunter] [text] Let me look more broadly at what this PR title is referencing
[11:47:46] [spechunter] [Bash] Check git remotes
[11:47:46] [spechunter] [Bash] Search for mte_tag in riscv workspace
[11:47:50] [spechunter] [Read] /home/yzs/riscv/opensbi/mte_tag_findings.json
[11:47:50] [spechunter] [Read] /home/yzs/riscv/XiangShan/mte_tag_async_removal_findings.json
[11:47:50] [spechunter] [Read] /home/yzs/riscv/XiangShan/mte_tag_check_logic_findings.json
[11:48:04] [spechunter] [Read] /home/yzs/riscv/XiangShan/src/main/scala/xiangshan/cache/mmu/MMUBundle.scala
[11:48:04] [spechunter] [Read] /home/yzs/riscv/XiangShan/src/main/scala/xiangshan/backend/fu/NewCSR/CSRBundles.scala
[11:48:04] [spechunter] [Read] /home/yzs/riscv/XiangShan/src/main/scala/xiangshan/backend/fu/NewCSR/MachineLevel.scala
[11:48:07] [spechunter] [text] Now I understand the context. This is about the RISC-V MTE (Memory Tagging Extension) spec `src/mte_tag.adoc` being tigh...
[11:48:07] [spechunter] [Bash] Find MTE spec files excluding known non-MTE repos
[11:48:07] [spechunter] [Bash] Search for mte_tag.adoc spec file
[11:48:16] [spechunter] [Read] /home/yzs/riscv/XiangShan/src/main/scala/xiangshan/mem/pipeline/Bundles.scala
[11:48:16] [spechunter] [Grep] pattern='class PtwEntry'
[11:48:29] [spechunter] [text] Now let me trace the specific code paths that would be affected by an MTAG implementation.  
[11:48:29] [spechunter] [Read] /home/yzs/riscv/qemu/target/riscv/cpu_helper.c
[11:48:29] [spechunter] [Read] /home/yzs/riscv/qemu/target/riscv/cpu_bits.h
[11:48:42] [spechunter] [Grep] pattern='VNCR_TAG\\|vmte\\|has_vmte\\|kvm_has_mte\\|mte_allowed\\|sanitise_mte'
[11:48:42] [spechunter] [Read] /home/yzs/riscv/linux/arch/arm64/kvm/arm.c
[11:48:42] [spechunter] [Grep] pattern='mte|MTE'
[11:48:47] [spechunter] [Bash] See files changed in the latest arm64 MTE fix commit
[11:48:47] [spechunter] [Bash] Show diff for arm64 MTE fix commit
[11:48:55] [spechunter] [Bash] Find RISC-V memory tagging spec documents
[11:48:55] [spechunter] [Bash] Search for MTE spec file by name
[11:48:57] [spechunter] [Read] /home/yzs/riscv/XiangShan/src/main/scala/xiangshan/cache/mmu/MMUBundle.scala
[11:48:57] [spechunter] [Grep] pattern='isPf\\(|isAf\\(|isGpf\\(|isLeaf\\(|perm\\.r.*perm\\.w.*perm\\.x'
[11:49:05] [spechunter] [Bash] Search harder for MTE spec files
[11:49:05] [spechunter] [Bash] Search entire riscv workspace for mte_tag files
[11:49:05] [spechunter] [Bash] Check branch divergences
[11:49:13] [spechunter] [Read] /home/yzs/riscv/qemu/target/riscv/cpu_helper.c
[11:49:13] [spechunter] [Read] /home/yzs/riscv/qemu/target/riscv/cpu.h
[11:49:13] [spechunter] [Grep] pattern='MSTATUS_'
[11:49:13] [spechunter] [Grep] pattern='HSTATUS_'
[11:49:14] [spechunter] [Bash] Search for RISC-V memory tagging spec content in ISA manual
[11:49:14] [spechunter] [Bash] Search for tag check related spec content
[11:49:22] [spechunter] [Bash] Search entire riscv workspace for mte_tag spec file
[11:49:22] [spechunter] [Bash] Search for MTAG references in all adoc files
[11:49:33] [spechunter] [Bash] List ALL spec files available
[11:49:42] [spechunter] [Bash] Search for MTAG spec file - broader search
[11:49:42] [spechunter] [Bash] List rv-isa-sec directory
[11:49:42] [spechunter] [Bash] Check git history in rv-isa-sec for mte_tag
[11:49:43] [spechunter] [TodoWrite] 5 items
[11:49:58] [spechunter] [Bash] Show diff for the arm64 MTE fix commit
[11:49:58] [spechunter] [Glob] **/mte_tag*
[11:49:58] [spechunter] [Bash] Search for any mte_tag commits
[11:50:29] [spechunter] [text] Let me now trace the caller of `raise_mmu_exception` and the `TRANSLATE_FAIL` dispatch.  
[11:50:29] [spechunter] [Grep] pattern='raise_mmu_exception'
[11:50:29] [spechunter] [Grep] pattern='TRANSLATE_FAIL|TRANSLATE_PMP_FAIL|TRANSLATE_G_STAGE_FAIL'
[11:50:29] [spechunter] [Grep] pattern='riscv_cpu_tlb_fill|tlb_fill'
[11:50:35] [spechunter] [text] Now let me look at the fault classification code more carefully, since the PR is about page fault vs access fault distin...
[11:50:35] [spechunter] [Read] /home/yzs/riscv/freebsd-src/sys/arm64/arm64/trap.c
[11:50:35] [spechunter] [Read] /home/yzs/riscv/qemu/target/riscv/cpu_helper.c
[11:50:35] [spechunter] [Read] /home/yzs/riscv/qemu/target/riscv/cpu_helper.c
[11:51:26] [spechunter] [Grep] pattern='MTAG|memory_tag|mem_tag|mte_tag|mte_bit'
[11:51:26] [spechunter] [Read] /home/yzs/riscv/freebsd-src/sys/arm64/include/pte.h
[11:51:31] [spechunter] [TodoWrite] 4 items
[11:52:04] [spechunter] [text] Based on the thorough exploration, here is my cross-validation:  ```json {   "locations": [],   "removed_locations": [],...
[11:52:12] [spechunter] [text] Now let me look at HLV/HSV/MPRV paths, migration, and KVM aspects.  
[11:52:12] [spechunter] [Grep] pattern='HLV|HSV|MPRV|MPV'
[11:52:12] [spechunter] [Grep] pattern='mseccfg|menvcfg|senvcfg|henvcfg|mstatus|hstatus|envcfg'
[11:52:12] [spechunter] [Grep] pattern='mseccfg|menvcfg|senvcfg|henvcfg|mstatus|hstatus'
[11:52:13] [spechunter] [text] I'll start by finding the relevant code for the MTE (Memory Tagging Extension) implementation in FreeBSD.  
[11:52:13] [spechunter] [Grep] pattern='mte_tag'
[11:52:13] [spechunter] [Grep] pattern='MTAG'
[11:52:21] [spechunter] [Grep] pattern='MTE|mte_tag|memory.tag'
[11:52:21] [spechunter] [Grep] pattern='mte_tag'
[11:52:30] [spechunter] [Read] /home/yzs/riscv/qemu/analysis_mte_tag_hlv_hsv.json
[11:52:30] [spechunter] [Read] /home/yzs/riscv/qemu/target/riscv/cpu_helper.c
[11:52:30] [spechunter] [Grep] pattern='write_henvcfg|write_hstatus'
[11:52:41] [spechunter] [Bash] Check recent git log for MTE/MTE_TAG related commits
[11:52:41] [spechunter] [Bash] Search for MTE/mte_tag commits
[11:52:49] [spechunter] [text] Let me look at the HLV/HSV implementations and interrupt handler for MTAG trapping behavior.  
[11:52:49] [spechunter] [Read] /home/yzs/riscv/qemu/target/riscv/op_helper.c
[11:52:49] [spechunter] [Read] /home/yzs/riscv/qemu/target/riscv/cpu_helper.c
[11:53:00] [spechunter] [Grep] pattern='helper_hyp_hlv|helper_hyp_hsv|helper_hyp_load|helper_hyp_store'
[11:53:00] [spechunter] [Grep] pattern='helper_hyp'
[11:53:00] [spechunter] [Grep] pattern='hlv|hsv|hyp_load|hyp_store'
[11:53:02] [spechunter] [text] The PR is about MTE (Memory Tagging Extension) which appears to be implemented on arm64. Let me look at the relevant com...
[11:53:02] [spechunter] [Bash] Show recent MTE fix commit details
[11:53:02] [spechunter] [Bash] Check MTE commit sequence
[11:53:19] [spechunter] [text] Let me look at the key MTE-related files.  
[11:53:19] [spechunter] [Read] /home/yzs/riscv/freebsd-src/sys/arm64/arm64/locore.S
[11:53:19] [spechunter] [Read] /home/yzs/riscv/freebsd-src/sys/arm64/arm64/pmap.c
[11:53:19] [spechunter] [Grep] pattern='MTAG|MTE|TAG|mte_tag|arm64.mte|mte2'
[11:53:47] [spechunter] [Read] /home/yzs/riscv/qemu/target/riscv/op_helper.c
[11:53:47] [spechunter] [Read] /home/yzs/riscv/qemu/target/riscv/insn_trans/trans_rvh.c.inc
[11:53:47] [spechunter] [Grep] pattern='cpu_get_bcfien|cpu_get_fcfien'
[11:53:56] [spechunter] [Bash] Show the MTE tagged memory attribute commit stat
[11:53:56] [spechunter] [Bash] Show the actual diff for the MTE tagged commit
[11:53:59] [spechunter] [text] Now let me compile the comprehensive findings JSON.  
[11:53:59] [spechunter] [Write] /home/yzs/riscv/XiangShan/mtag_pte_x_constraint_findings.json
[11:54:07] [spechunter] [Bash] Validate JSON output
[11:54:25] [spechunter] [text] Now let me check the `check_access_hlsv` function and the MPRV access path.  
[11:54:25] [spechunter] [Grep] pattern='check_access_hlsv'
[11:54:25] [spechunter] [Read] /home/yzs/riscv/qemu/target/riscv/cpu.h
[11:54:25] [spechunter] [Grep] pattern='write_hstatus'
[11:54:42] [spechunter] [TodoWrite] 5 items
[11:54:42] [spechunter] [Bash] Show full diff of the MTE tagged commit
[11:54:42] [spechunter] [Grep] pattern='TAGGED|memattr|MTE|MTE2'
[11:54:54] [spechunter] [Grep] pattern='MTAG|ATTR.*TAG|tagged|TAG.*MEM|MEM.*TAG'
[11:54:54] [spechunter] [Read] /home/yzs/riscv/freebsd-src/sys/arm64/arm64/locore.S
[11:55:09] [spechunter] [Read] /home/yzs/riscv/qemu/target/riscv/op_helper.c
[11:55:09] [spechunter] [Read] /home/yzs/riscv/qemu/target/riscv/csr.c
[11:55:09] [spechunter] [Read] /home/yzs/riscv/qemu/target/riscv/csr.c
[11:55:13] [spechunter] [Grep] pattern='pmap_pte_memattr|VM_MEMATTR_TAGGED|pv_memattr'
[11:55:13] [spechunter] [Grep] pattern='pmap_pte_prot'
[11:55:13] [spechunter] [text] Findings written to `mtag_pte_x_constraint_findings.json` — **26 locations** across 6 files, validated.  Here is the sum...
[11:55:19] [spechunter] [Read] /home/yzs/riscv/freebsd-src/sys/arm64/arm64/pmap.c
[11:55:19] [spechunter] [Read] /home/yzs/riscv/freebsd-src/sys/arm64/arm64/pmap.c
[11:55:24] [spechunter] [TaskOutput] task_id, block
[11:55:25] [spechunter] [text] Let me check the KVM and GDB stub paths for CSV exposure
[11:55:25] [spechunter] [Grep] pattern='sstatus.*=|read_sstatus|write_sstatus'
[11:55:25] [spechunter] [Grep] pattern='mstatus|hstatus|mseccfg|menvcfg|senvcfg|henvcfg|envcfg'
[11:55:25] [spechunter] [Grep] pattern='mstatus|hstatus|envcfg|mseccfg|mteg|mtag'
[11:55:25] [spechunter] [Grep] pattern='mstatus|hstatus|envcfg|mseccfg'
[11:55:30] [spechunter] [Bash] Show the MTE fix commit diff
[11:55:30] [spechunter] [Bash] Show the configure initial state for MTE commit
[11:55:37] [spechunter] [text] Neither fast-path nor slow-path locations were provided. I'll search the codebase directly for MTAG-related RTL location...
[11:55:37] [spechunter] [Grep] pattern='MTAG|mtag|Mtag'
[11:55:37] [spechunter] [Grep] pattern='access.fault|access_fault|AccessFault'
[11:55:37] [spechunter] [Grep] pattern='first.?stage.*page|stage1.*page|s1.*pte|pte.*s1'
[11:55:48] [spechunter] [text] No direct "MTAG" hits. Let me search more broadly in the MMU/TLB area, and also check for tag-related logic in the page ...
[11:55:48] [spechunter] [Grep] pattern='tag|TAG'
[11:55:48] [spechunter] [Grep] pattern='exec|Execute|EXEC'
[11:55:48] [spechunter] [Grep] pattern='accessFault|access_fault|af|AF'
[11:56:04] [spechunter] [Grep] pattern='PTE|pte|Pte'
[11:56:04] [spechunter] [Grep] pattern='XWR|xwr|Xwr|rsw|RSW'
[11:56:04] [spechunter] [Grep] pattern='mtag|mt_?tag|memtag|memory.?tag'
[11:56:21] [spechunter] [Grep] pattern='page.fault|pageFault|pf|isPf|notPf'
[11:56:21] [spechunter] [Grep] pattern='rsw|RSW|exec|notExec|isLeaf|isNotLeaf|canRefill|onlyPf'
[11:56:21] [spechunter] [Grep] pattern='af|AF|access.?fault|page.?fault|pf|PF'
[11:56:40] [spechunter] [Read] /home/yzs/riscv/XiangShan/src/main/scala/xiangshan/cache/mmu/MMUBundle.scala
[11:56:40] [spechunter] [Read] /home/yzs/riscv/XiangShan/src/main/scala/xiangshan/cache/mmu/PageTableWalker.scala
[11:56:54] [spechunter] [TodoWrite] 4 items
[11:57:05] [spechunter] [Grep] pattern='pf.*af|af.*pf|pageFault|accessFault|excpt|exception|PermCheck|permCheck|perm_check'
[11:57:05] [spechunter] [Grep] pattern='notExec|perm\\.x|xwr|XWR'
[11:57:05] [spechunter] [Grep] pattern='rsw|RSW|reserved|bitmap|Bitmap'
[11:57:21] [spechunter] [Read] /home/yzs/riscv/XiangShan/src/main/scala/xiangshan/cache/mmu/MMUBundle.scala
[11:57:21] [spechunter] [Read] /home/yzs/riscv/XiangShan/src/main/scala/xiangshan/cache/mmu/MMUBundle.scala
[11:58:37] [spechunter] [Grep] pattern='memory.?tag|mem.?tag|mte|MTE'
[11:58:37] [spechunter] [Grep] pattern='mte.?tag|mte_tag'
[11:58:37] [spechunter] [Bash] Search git history for MTAG/mtag/mte related commits
[11:58:53] [spechunter] [Bash] Search git history for MTAG related commits
[11:58:53] [spechunter] [Glob] **/mte_tag/**
[11:58:53] [spechunter] [Grep] pattern='MTAG|isMtag|hasMtag|mteg'
[11:58:55] [spechunter] [text] Here is the final report.  ```json {   "violation_condition": "QEMU RISC-V TCG does not implement the MTAG memory-taggin...
[11:58:55] [spechunter] [TodoWrite] 4 items
[11:59:14] [spechunter] [Bash] Check submodules for mte_tag
[11:59:14] [spechunter] [Grep] pattern='mte.tag|mte_tag'
[11:59:14] [spechunter] [Glob] **/mte*/**
[11:59:34] [spechunter] [text] The report identifies **20 semantically affected locations** across the RISC-V QEMU codebase. The core finding: the `mte...
[11:59:51] [spechunter] [text] Let me search the codebase for relevant MTE/MTAG-related code
[11:59:51] [spechunter] [Grep] pattern='MTAG|mte.tag|mte_tag|memory.tag'
[11:59:51] [spechunter] [Grep] pattern='MTAG|mte.tag|mte_tag'
[12:00:04] [spechunter] [Bash] Check git diff and recent commits
[12:00:04] [spechunter] [Grep] pattern='pte_mte|PTE_MTE|pte_tag|page.*tag|exec.*tag|tag.*exec'
[12:00:26] [spechunter] [Bash] Check git diff for modified files
[12:00:26] [spechunter] [Bash] Check recent commits across all branches
[12:00:38] [spechunter] [text] Let me search for MTE/MTAG related code across the entire QEMU repo.  
[12:00:38] [spechunter] [Grep] pattern='mte.tag|MTE_TAG|mte_tag|pte_mte|PTE_MTE'
[12:00:38] [spechunter] [Grep] pattern='memory.tag|MemoryTagging|memtag|mem.tag'
[12:00:45] [spechunter] [Read] /home/yzs/riscv/qemu/analysis_mte_tag_hlv_hsv.json
[12:00:45] [spechunter] [Grep] pattern='mtag|MTAG|pte_mtag|PTE_MTAG|menvcfg.*MTAG|menvcfg.*mtag'
[12:00:49] [spechunter] [Bash] Search git history for mte/mtag/mmul changes
[12:00:49] [spechunter] [Grep] pattern='def isAf|def isPf|def isGpf|def isLeaf|def isNext|def canRefill|def onlyPf'
[12:00:49] [spechunter] [Grep] pattern='def perm_check'
[12:00:54] [spechunter] [Grep] pattern='MTAG|mtag|MTE_TAG|pte_mtag|mtag_i'
[12:01:12] [spechunter] [Grep] pattern='mte_tag'
[12:01:12] [spechunter] [Grep] pattern='pmap_mte|pmap.*mte'
[12:01:26] [spechunter] [Grep] pattern='tag|TAG'
[12:01:26] [spechunter] [Grep] pattern='tag|TAG|mte'
[12:01:26] [spechunter] [Grep] pattern='tag|TAG'
[12:02:03] [spechunter] [text] Based on my thorough search of the codebase, here is the assessment:  **No MTE/MTAG code exists in the QEMU RISC-V targe...
[12:02:13] [spechunter] [Read] /home/yzs/riscv/XiangShan/src/main/scala/xiangshan/cache/mmu/MMUBundle.scala
[12:02:13] [spechunter] [Read] /home/yzs/riscv/XiangShan/src/main/scala/xiangshan/cache/mmu/MMUBundle.scala
[12:02:14] [spechunter] [Bash] Show unstaged changes
[12:02:14] [spechunter] [Bash] Recent commits
[12:02:32] [spechunter] [text] Let me look more broadly at what this PR could be modifying
[12:02:32] [spechunter] [Bash] Recent MMU commits
[12:02:32] [spechunter] [Grep] pattern='first.*stage.*page.*table.*condition|tighten.*first.*stage|MTAG.*first|checkPageType|HasMtag'
[12:02:32] [spechunter] [Grep] pattern='XWR.*111|XWR.*010|xwr.*111|xwr.*010|rsw.*exec|exec.*rsw|notExec.*rsw'
[12:02:35] [spechunter] [text] Now let me read the relevant code contexts and understand the MENVCFG_CDE field.  
[12:02:35] [spechunter] [Read] /home/yzs/riscv/qemu/target/riscv/csr.c
[12:02:35] [spechunter] [Grep] pattern='MENVCFG_CDE'
[12:02:35] [spechunter] [Read] /home/yzs/riscv/qemu/hw/riscv/riscv-iommu.c
[12:02:57] [spechunter] [Read] /home/yzs/riscv/XiangShan/src/main/scala/xiangshan/cache/mmu/TLB.scala
[12:02:57] [spechunter] [Grep] pattern='ldPermFail|ldPf|ldGpf|stPermFail|stPf|instrPf|instrPerm'
[12:02:57] [spechunter] [Grep] pattern='ptehelper|PteHelper'
[12:03:04] [spechunter] [text] Let me look at `write_henvcfg` and also check the spec for `Smcdeleg` / `CDE` bit behavior
[12:03:04] [spechunter] [Read] /home/yzs/riscv/qemu/target/riscv/csr.c
[12:03:04] [spechunter] [Read] /home/yzs/riscv/qemu/target/riscv/csr.c
[12:03:04] [spechunter] [Read] /home/yzs/riscv/qemu/target/riscv/csr.c
[12:03:04] [spechunter] [Read] /home/yzs/riscv/qemu/target/riscv/cpu_bits.h
[12:03:21] [spechunter] [Grep] pattern='\\.rsw|\\.RSW|rsw\\.'
[12:03:21] [spechunter] [Grep] pattern='pte|PTE|Rsw|rsw|Res|res|pbmt|PBMT'
[12:04:34] [spechunter] [text] Let me look more carefully at the specific code locations that are most relevant to this PR's concern about tightening S...
[12:04:34] [spechunter] [Read] /home/yzs/riscv/freebsd-src/sys/arm64/arm64/pmap.c
[12:04:34] [spechunter] [Read] /home/yzs/riscv/freebsd-src/sys/arm64/arm64/pmap.c
[12:04:34] [spechunter] [Read] /home/yzs/riscv/freebsd-src/sys/arm64/arm64/pmap.c
[12:04:47] [spechunter] [text] Now let me check if `MENVCFGH_CDE` exists and look for the IOMMU spec reference
[12:04:47] [spechunter] [Grep] pattern='MENVCFGH_CDE'
[12:04:47] [spechunter] [Bash] List spec reference directories
[12:04:47] [spechunter] [Read] /home/yzs/riscv/qemu/hw/riscv/riscv-iommu.c
[12:05:02] [spechunter] [Read] /home/yzs/riscv/freebsd-src/sys/arm64/arm64/pmap.c
[12:05:02] [spechunter] [Read] /home/yzs/riscv/freebsd-src/sys/arm64/arm64/pmap.c
[12:05:30] [spechunter] [Grep] pattern='MAIR_NORMAL_TG|MAIR_ATTR|MAIR_NORMAL_WB'
[12:05:30] [spechunter] [Read] /home/yzs/riscv/freebsd-src/sys/arm64/include/vm.h
[12:05:33] [spechunter] [text] Now I have a thorough understanding of the codebase. Here's my analysis:  **Key findings:** 1. No `MTAG`/`mte_tag`/`memt...
[12:05:48] [spechunter] [text] I notice you haven't provided specific code locations in your message. Let me first search for the relevant MTAG-related...
[12:05:48] [spechunter] [Agent] description, prompt
[12:05:54] [spechunter] [text] Now let me check the pmap_change_attr function which handles attribute propagation    
[12:05:54] [spechunter] [Read] /home/yzs/riscv/freebsd-src/sys/arm64/arm64/pmap.c
[12:05:54] [spechunter] [Read] /home/yzs/riscv/freebsd-src/sys/arm64/arm64/pmap.c
[12:05:54] [spechunter] [Read] /home/yzs/riscv/freebsd-src/sys/arm64/arm64/pmap.c
[12:06:09] [spechunter] [Glob] **/mte_tag/**
[12:06:09] [spechunter] [Glob] **/*mte_tag*
[12:06:09] [spechunter] [Glob] **/*MTAG*
[12:06:09] [spechunter] [Glob] **/*mtag*
[12:06:09] [spechunter] [Grep] pattern='MTAG'
[12:06:09] [spechunter] [Grep] pattern='MTAG'
[12:06:09] [spechunter] [Grep] pattern='MTAG'
[12:06:09] [spechunter] [Grep] pattern='[Mm][Tt]ag'
[12:06:09] [spechunter] [Grep] pattern='[Mm][Tt]ag'
[12:06:09] [spechunter] [Grep] pattern='tag[Cc]heck'
[12:06:39] [spechunter] [Grep] pattern='mte_tag'
[12:06:39] [spechunter] [Grep] pattern='memory.tag'
[12:06:39] [spechunter] [Grep] pattern='MemoryTag'
[12:06:39] [spechunter] [Grep] pattern='Memory.Tag'
[12:06:39] [spechunter] [Grep] pattern='MTE'
[12:06:39] [spechunter] [Grep] pattern='tag.bit|tagbit|tag_bits'
[12:06:39] [spechunter] [Grep] pattern='PTE.*tag|tag.*PTE'
[12:06:39] [spechunter] [Grep] pattern='tagcheck|tag.check|tag_check'
[12:06:39] [spechunter] [Read] /home/yzs/riscv/XiangShan/mte_tag_check_logic_findings.json
[12:06:39] [spechunter] [Read] /home/yzs/riscv/XiangShan/mte_tag_async_removal_findings.json
[12:06:39] [spechunter] [Read] /home/yzs/riscv/XiangShan/zimt_mtag_reserved_bit_clash_findings.json
[12:06:39] [spechunter] [Read] /home/yzs/riscv/XiangShan/mtag_pte_x_constraint_findings.json
[12:06:59] [spechunter] [Glob] **/*mte*
[12:06:59] [spechunter] [Grep] pattern='svmt|Svmt'
[12:06:59] [spechunter] [Grep] pattern='mTag|Mtag|MTag'
[12:06:59] [spechunter] [Grep] pattern='mTag'
[12:06:59] [spechunter] [Grep] pattern='reserved'
[12:06:59] [spechunter] [Grep] pattern='tagCheck|tag_check|tagcheck'
[12:07:30] [spechunter] [Glob] **/*mte_tag.adoc
[12:07:30] [spechunter] [Glob] **/*.adoc
[12:07:30] [spechunter] [Grep] pattern='MTE|mtag|tagCheck'
[12:07:30] [spechunter] [Grep] pattern='MTE|mtag|tagCheck'
[12:07:30] [spechunter] [Grep] pattern='MTE|mtag|tagCheck'
[12:07:30] [spechunter] [Grep] pattern='tagCheck|tag_check|tagcheck|MTE|mtag'
[12:07:30] [spechunter] [Grep] pattern='tagCheck|tag_check|tagcheck|MTE|mtag'
[12:07:30] [spechunter] [Grep] pattern='tagCheck|tag_check|tagcheck|MTE|mtag'
[12:07:30] [spechunter] [Grep] pattern='tagCheck|tag_check|tagcheck|MTE|mtag'
[12:07:30] [spechunter] [Grep] pattern='MTE'
[12:07:52] [spechunter] [Grep] pattern='MTE|MT_|EnvCfg'
[12:07:52] [spechunter] [Grep] pattern='MTE|siseccfg|mseccfg|PMM'
[12:07:52] [spechunter] [Grep] pattern='MTE'
[12:07:52] [spechunter] [Grep] pattern='MTE|mtag|mt_tag|tagCheck|tag_check'
[12:07:52] [spechunter] [Grep] pattern='MTE|mtag|mt_tag|tagCheck|tag_check'
[12:07:52] [spechunter] [Grep] pattern='MTE|MT_|EnvCfg|envcfg'
[12:07:55] [spechunter] [text] Let me also search for the spec references on CDE and the IOMMU spec.  
[12:07:55] [spechunter] [Grep] pattern='smcdeleg|CDE.*menvcfg|counter.deleg'
[12:07:55] [spechunter] [Grep] pattern='MSIPTP|msiptp.*mode.*bare|BARE.*MSI'
[12:07:55] [spechunter] [Bash] List ISA manual spec files
[12:08:04] [spechunter] [Grep] pattern='MTE'
[12:08:04] [spechunter] [Grep] pattern='mTag|m_tag|mtag'
[12:08:15] [spechunter] [Read] /home/yzs/riscv/rv-isa-sec/spec_ref/riscv-isa-manual/src/priv/smcdeleg.adoc
[12:08:15] [spechunter] [Grep] pattern='MENVCFG.*CDE|CDE.*bit|mcounteren.*deleg|counter.*deleg.*menvcfg'
[12:08:15] [spechunter] [Grep] pattern='CDE|counter.deleg'
[12:08:26] [spechunter] [text] Now let me look more carefully at the specific icache sync check patterns across the pmap code and check for spec refere...
[12:08:26] [spechunter] [Bash] List available spec references
[12:08:26] [spechunter] [Grep] pattern='VM_MEMATTR_WRITE_BACK.*icache|icache.*VM_MEMATTR_WRITE_BACK'
[12:08:26] [spechunter] [Grep] pattern='cpu_icache_sync_range'
[12:08:37] [spechunter] [Grep] pattern='menvcfg_cde'
[12:08:37] [spechunter] [Grep] pattern='CDE'
[12:09:03] [spechunter] [text] Let me review the existing audit findings for additional context
[12:09:03] [spechunter] [Read] /home/yzs/riscv/XiangShan/mtag_pte_x_constraint_findings.json
[12:09:03] [spechunter] [Read] /home/yzs/riscv/XiangShan/mte_tag_check_logic_findings.json
[12:09:11] [spechunter] [Grep] pattern='menvcfg'
[12:09:11] [spechunter] [Grep] pattern='CSR_MENVCFG|CSR_MENVCFGH'
[12:09:14] [spechunter] [text] Let me search more specifically for the mte_tag source code referenced in the PR title
[12:09:14] [spechunter] [Glob] **/mte_tag/**
[12:09:14] [spechunter] [Glob] **/mte*/**/*.scala
[12:09:18] [spechunter] [Grep] pattern='ATTR_S1_GP|ATTR_KERN_GP|GP'
[12:09:18] [spechunter] [Grep] pattern='GCR_Exclude|GCR_RRND|SCTLR.*ATA|HCR_ATA|TFSR|TFSRE0'
[12:09:18] [spechunter] [Grep] pattern='GCR_EL1|TFSR|TFSRE0|HCR_ATA'
[12:09:57] [spechunter] [text] Let me check git history for any mte_tag related work.  
[12:09:57] [spechunter] [Bash] Search git history for MTAG/MTE commits
[12:09:57] [spechunter] [Bash] Check recent commits for mte files
[12:09:57] [spechunter] [Bash] Find any MTAG-related files on disk
[12:10:19] [spechunter] [text] Now let me read the key RTL files that are the integration points referenced in the existing audit.  
[12:10:19] [spechunter] [Read] /home/yzs/riscv/XiangShan/src/main/scala/xiangshan/cache/mmu/MMUBundle.scala
[12:10:19] [spechunter] [Read] /home/yzs/riscv/XiangShan/src/main/scala/xiangshan/cache/mmu/MMUBundle.scala
[12:10:19] [spechunter] [Read] /home/yzs/riscv/XiangShan/src/main/scala/xiangshan/cache/mmu/TLB.scala
[12:10:35] [spechunter] [text] Now let me check some key aspects of the memory attribute handling for the tagged memory and the ARM architecture spec
[12:10:35] [spechunter] [Grep] pattern='MAIR_NORMAL_TG|MAIR_NORMAL_NC|MAIR_NORMAL_WB|MAIR_NORMAL_WT|MAIR_DEVICE'
[12:10:35] [spechunter] [Grep] pattern='ATTR_S1_IDX|ATTR_S1_IDX_MASK|ATTR_DESCR_MASK|ATTR_S1_XN'
[12:10:39] [spechunter] [text] Let me also read the LSU exception paths and the PageTableWalker fault detection
[12:10:39] [spechunter] [Read] /home/yzs/riscv/XiangShan/src/main/scala/xiangshan/cache/mmu/PageTableWalker.scala
[12:10:39] [spechunter] [Read] /home/yzs/riscv/XiangShan/src/main/scala/xiangshan/mem/pipeline/NewLoadUnit.scala
[12:10:39] [spechunter] [Read] /home/yzs/riscv/XiangShan/src/main/scala/xiangshan/mem/pipeline/NewStoreUnit.scala
[12:10:39] [spechunter] [Read] /home/yzs/riscv/XiangShan/src/main/scala/xiangshan/cache/mmu/MMUBundle.scala
[12:11:05] [spechunter] [text] Let me read the remaining key structures - TlbPermBundle, TlbResp, and CSR bundles.  
[12:11:05] [spechunter] [Read] /home/yzs/riscv/XiangShan/src/main/scala/xiangshan/cache/mmu/MMUBundle.scala
[12:11:05] [spechunter] [Read] /home/yzs/riscv/XiangShan/src/main/scala/xiangshan/cache/mmu/MMUBundle.scala
[12:11:05] [spechunter] [Read] /home/yzs/riscv/XiangShan/src/main/scala/xiangshan/backend/fu/NewCSR/CSRBundles.scala
[12:11:05] [spechunter] [Read] /home/yzs/riscv/XiangShan/src/main/scala/xiangshan/mem/pipeline/Bundles.scala
[12:11:11] [spechunter] [Grep] pattern='HENVCFG_CDE|HENVCFGH_CDE'
[12:11:11] [spechunter] [Grep] pattern='MENVCFGH_'
[12:11:21] [spechunter] [Read] /home/yzs/riscv/XiangShan/src/main/scala/xiangshan/mem/pipeline/Bundles.scala
[12:11:21] [spechunter] [Read] /home/yzs/riscv/XiangShan/src/main/scala/xiangshan/mem/pipeline/NewStoreUnit.scala
[12:11:21] [spechunter] [Bash] List spec reference directories
[12:11:37] [spechunter] [text] Now let me check if there are any open/unmerged changes related to this PR topic  
[12:11:37] [spechunter] [Bash] Recent pmap.c commits on all branches
[12:11:37] [spechunter] [Bash] Check for MTE-related branches
[12:12:13] [spechunter] [Bash] Search for MTAG spec files
[12:12:28] [spechunter] [text] Let me check a few more things about the IOMMU and the henvcfg side of CDE.  
[12:12:28] [spechunter] [Grep] pattern='write_henvcfg'
[12:12:28] [spechunter] [Grep] pattern='henvcfg.*CDE|HENVCFG_CDE'
[12:12:28] [spechunter] [Grep] pattern='umode32|umode'
[12:12:28] [spechunter] [Bash] List spec files in isa-manual
[12:12:28] [spechunter] [Bash] Search for memory tagging spec text
[12:14:06] [spechunter] [Read] /home/yzs/riscv/rv-isa-sec/spec_ref/riscv-isa-manual/tagging_normative_rules.adoc
[12:14:15] [spechunter] [text] Now let me check the HENVCFG and verify the write_henvcfg function for the same CDE issue.  
[12:14:15] [spechunter] [Read] /home/yzs/riscv/qemu/target/riscv/csr.c
[12:14:15] [spechunter] [Read] /home/yzs/riscv/qemu/target/riscv/csr.c
[12:14:37] [spechunter] [text] Now I have a complete picture. Let me also check for the PtwEntry and remaining structures
[12:14:37] [spechunter] [Read] /home/yzs/riscv/XiangShan/src/main/scala/xiangshan/cache/mmu/MMUBundle.scala
[12:14:37] [spechunter] [Read] /home/yzs/riscv/XiangShan/src/main/scala/xiangshan/cache/mmu/MMUBundle.scala
[12:14:37] [spechunter] [Read] /home/yzs/riscv/XiangShan/src/main/scala/xiangshan/cache/mmu/MMUBundle.scala
[12:15:41] [spechunter] [text] Now let me verify the scountinhibit handling and check the IOMMU spec references.  
[12:15:41] [spechunter] [Grep] pattern='scountinhibit.*CDE|CDE.*scountinhibit|read_scountinhibit|write_scountinhibit'
[12:15:41] [spechunter] [Grep] pattern='scountinhibit'
[12:15:46] [spechunter] [Read] /home/yzs/riscv/qemu/target/riscv/csr.c
[12:15:46] [spechunter] [Read] /home/yzs/riscv/qemu/target/riscv/csr.c
[12:17:10] [spechunter] [text] Now I have a complete picture after reading all the relevant RTL files. Let me produce the analysis.  **Summary**: Xiang...
[12:17:10] [spechunter] [Write] /home/yzs/riscv/XiangShan/mte_tag_audit_result.json
[12:17:42] [spechunter] [text] ## Analysis Complete  **Overall Severity: `not_implemented`**  XiangShan RTL has **no Memory Tagging Extension (MTE/Zimt...
[12:18:10] [spechunter] [text] Now let me check the IOMMU spec for validation rules and look at the overall state more carefully.  
[12:18:10] [spechunter] [Grep] pattern='HENVCFG_'
[12:18:10] [spechunter] [Grep] pattern='menvcfg.*cde|cde.*menvcfg|write_menvcfg.*mask|mask.*write_menvcfg'
[12:20:24] [spechunter] [text] Now let me read the IOMMU spec referenced by the code for the device context validation.  
[12:20:24] [spechunter] [Bash] Check IOMMU/IOMP spec
[12:20:24] [spechunter] [Grep] pattern='scountinhibit.*CDE|CDE.*scountinhibit|scountinhibit.*illegal'
[12:23:39] [spechunter] [text] Now I have enough context to produce the analysis. Let me verify one more thing about the `write_menvcfgh` CDE handling ...
[12:23:39] [spechunter] [Grep] pattern='device.context.configuration.check|BARE.*MSIPTP|MSIPTP.*BARE|gatp.*bare.*msi'
[12:23:39] [spechunter] [Grep] pattern='scountinhibit.*pred|scountinhibit_pred'
[12:27:13] [spechunter] [text] Now let me check the scountinhibit predicate more carefully to see if it's missing a CDE check, and also verify the IOMM...
[12:27:13] [spechunter] [Read] /home/yzs/riscv/qemu/target/riscv/csr.c
[12:27:13] [spechunter] [Grep] pattern='SCSRIND_COUNTER.*START|ISELECT_CD_FIRST|SCSRIND_COUNTER'
[12:29:27] [spechunter] [text] Now let me check the IOMMU spec for the MSIPTP validation rule  
[12:29:27] [spechunter] [Grep] pattern='device.context.*check|context.*config.*check|validate.*context|MSIPTP.*BARE|BARE.*MSIPTP'
[12:29:27] [spechunter] [Grep] pattern='IOHGATP|IOHGATP.*BARE|gatp.*bare|second.stage.*bare'
[12:31:29] [spechunter] [text] Let me verify the `write_henvcfgh` function and check for `MENVCFGH_CDE` definition more broadly.  
[12:31:29] [spechunter] [Read] /home/yzs/riscv/qemu/target/riscv/csr.c
[12:31:29] [spechunter] [Grep] pattern='MENVCFGH_CDE|MENVCFGH_ADUE|MENVCFGH_DTE'
[12:34:15] [spechunter] [text] Now let me look for the IOMMU spec specifically and check the `scountinhibit_pred` for a CDE runtime check
[12:34:15] [spechunter] [Grep] pattern='device-context configuration check|MSIPTP.*BARE|BARE.*MSIPTP|msi.*bare.*gatp|gatp.*bare.*msi'
[12:34:15] [spechunter] [Grep] pattern='scountinhibit.*illegal.*CDE|CDE.*illegal.*scountinhibit|scountinhibit.*predicate'
[12:34:15] [spechunter] [Read] /home/yzs/riscv/qemu/hw/riscv/riscv-iommu.c
