[05:30:19] [spechunter] PR loaded: #2598 riscv/riscv-isa-manual — "Add Ziccid draft spec"
[05:30:19] [spechunter]   diff: 7877 chars  body: 1 chars  reviews: 0
[05:30:19] [spechunter] Global pre-filter running...
[05:30:39] [spechunter] [text] {"should_skip": false, "skip_reason": "Adds new Ziccid ISA extension spec defining instruction/data coherence and consis...
[05:30:40] [spechunter] pre-filter: should_skip=False reason="Adds new Ziccid ISA extension spec defining instruction/data coherence and consistency guarantees — directly relevant to memory model correctness and JIT security analysis."
[05:30:52] [spechunter] [text] {"should_skip": false}
[05:30:55] [spechunter] [text] {"should_skip": true, "skip_reason": "Ziccid is an unprivileged extension defining instruction/data coherence guarantees...
[05:31:02] [spechunter] [text] {"should_skip": false}
[05:31:02] [spechunter] [text] {"should_skip": false}
[05:31:09] [spechunter] [text] {"should_skip": false}
[05:31:33] [spechunter] [text] ```json {   "violation_condition": "In QEMU TCG multi-hart SMP emulation, when Hart A stores new instructions to a memor...
[05:31:55] [spechunter] [TodoWrite] 5 items
[05:32:00] [spechunter] [text] ```json {   "violation_condition": "In the FreeBSD kernel, when a code-patching or module-loading sequence performs mult...
[05:32:01] [spechunter] [Grep] pattern='FENCE\\.I|fence_i|fence_i_flags'
[05:32:01] [spechunter] [Grep] pattern='tb_flush|tb_phys_invalidate'
[05:32:01] [spechunter] [Grep] pattern='TranslationBlock|translation_block'
[05:32:01] [spechunter] [Grep] pattern='tb_invalidate_phys_page|cpu_restore_state|tlb_flush'
[05:32:12] [spechunter] [text] ```json {   "violation_condition": "In a multi-hart XiangShan implementation claiming Ziccid support, if the L1 instruct...
[05:32:20] [spechunter] [Grep] pattern='FENCE_I|fence_i|OP_FENCE_I|RISCV_OP_FENCE'
[05:32:20] [spechunter] [Grep] pattern='tb_invalidate_phys_page'
[05:32:20] [spechunter] [Grep] pattern='RISCV_FENCE_I|OPC_FENCE_I'
[05:32:20] [spechunter] [Grep] pattern='fence_i'
[05:32:21] [spechunter] [text] {  
[05:32:21] [spechunter] [TodoWrite] 3 items
[05:32:23] [spechunter] [TodoWrite] 6 items
[05:32:26] [spechunter] [TodoWrite] 5 items
[05:32:33] [spechunter] [Grep] pattern='fence_i|FENCE_I|OP_FENCE'
[05:32:33] [spechunter] [Grep] pattern='fence\\.i|fence_i|OP_FENCE'
[05:32:33] [spechunter] [Bash] Check for instruction translation directories
[05:32:35] [spechunter] [Grep] pattern='FENCE\\.I|fence_i|fence\\.i'
[05:32:35] [spechunter] [Grep] pattern='FENCE[^.]|fence[^_i\\.]|\\bfence\\b'
[05:32:35] [spechunter] [Grep] pattern='FENCE\\.I|fence_i|fence\\.i'
[05:32:35] [spechunter] [Grep] pattern='FENCE\\.I|fence_i|fence\\.i|FENCE[^.]'
[05:32:42] [spechunter] [Grep] pattern='fence_i|FENCE\\.I|fence\\.i'
[05:32:42] [spechunter] [Grep] pattern='fence_i|FENCE\\.I|fence\\.i'
[05:32:42] [spechunter] [Grep] pattern='fence_i|FENCE\\.I|fence\\.i|sfence_vma'
[05:32:53] [spechunter] [Grep] pattern='Ziccid'
[05:32:53] [spechunter] [Grep] pattern='ICache'
[05:32:53] [spechunter] [Grep] pattern='DCache'
[05:32:53] [spechunter] [Grep] pattern='L2Cache'
[05:32:53] [spechunter] [Grep] pattern='CoherenceHub'
[05:32:53] [spechunter] [Grep] pattern='FTQ'
[05:32:53] [spechunter] [Grep] pattern='IBuffer'
[05:32:53] [spechunter] [Grep] pattern='FENCE\\.I'
[05:32:53] [spechunter] [Grep] pattern='IPI'
[05:32:55] [spechunter] [text] Let me dig deeper into the key call sites and also search for the consecutive-store pattern.  
[05:32:55] [spechunter] [Read] /home/yzs/riscv/freebsd-src/sys/riscv/riscv/pmap.c
[05:32:55] [spechunter] [Read] /home/yzs/riscv/freebsd-src/sys/riscv/riscv/db_interface.c
[05:32:55] [spechunter] [Read] /home/yzs/riscv/freebsd-src/sys/riscv/riscv/vm_machdep.c
[05:32:55] [spechunter] [Read] /home/yzs/riscv/freebsd-src/sys/riscv/riscv/sdt_machdep.c
[05:32:55] [spechunter] [Read] /home/yzs/riscv/freebsd-src/sys/riscv/riscv/mp_machdep.c
[05:32:57] [spechunter] [Read] /home/yzs/riscv/qemu/target/riscv/insn_trans/trans_rvi.c.inc
[05:32:57] [spechunter] [Grep] pattern='tb_invalidate_phys_page|tb_flush|tb_phys_invalidate'
[05:32:57] [spechunter] [Grep] pattern='Ziccid|ziccid'
[05:32:57] [spechunter] [Grep] pattern='sfence_inval_ir|fence\\.i_flush|HFENCE_GVMA|HFENCE_VVMA'
[05:32:57] [spechunter] [Grep] pattern='tb_flush|tb_phys_invalidate|tb_invalidate_phys_page'
[05:33:02] [spechunter] [Read] /home/yzs/riscv/freebsd-src/sys/riscv/riscv/db_interface.c
[05:33:02] [spechunter] [Read] /home/yzs/riscv/freebsd-src/sys/riscv/riscv/sdt_machdep.c
[05:33:02] [spechunter] [Read] /home/yzs/riscv/freebsd-src/sys/riscv/riscv/vm_machdep.c
[05:33:02] [spechunter] [Read] /home/yzs/riscv/freebsd-src/sys/riscv/riscv/mp_machdep.c
[05:33:02] [spechunter] [Agent] description, subagent_type
[05:33:02] [spechunter] [Agent] description, subagent_type
[05:33:02] [spechunter] [Agent] description, subagent_type
[05:33:12] [spechunter] [Read] /home/yzs/riscv/freebsd-src/sys/cddl/dev/fbt/riscv/fbt_isa.c
[05:33:12] [spechunter] [Read] /home/yzs/riscv/freebsd-src/sys/cddl/dev/kinst/riscv/kinst_isa.c
[05:33:12] [spechunter] [Read] /home/yzs/riscv/freebsd-src/sys/riscv/vmm/vmm_fence.c
[05:33:12] [spechunter] [Read] /home/yzs/riscv/freebsd-src/sys/riscv/include/cpufunc.h
[05:33:12] [spechunter] [Read] /home/yzs/riscv/freebsd-src/sys/riscv/include/kdb.h
[05:33:17] [spechunter] [text] Let me also check for the TCG op definition used by FENCE.I and related translation code, plus the `cpu_restore_state` u...
[05:33:17] [spechunter] [Grep] pattern='ext_zifencei|ZIFENCEI|zifencei'
[05:33:17] [spechunter] [Read] /home/yzs/riscv/qemu/target/riscv/insn_trans/trans_svinval.c.inc
[05:33:17] [spechunter] [Grep] pattern='cpu_restore_state'
[05:33:17] [spechunter] [Grep] pattern='exit_tb|gen_update_pc'
[05:33:18] [spechunter] [text] Now let me read the critical pmap code for `pmap_sync_icache` and the related code-patching infrastructure.  
[05:33:18] [spechunter] [Read] /home/yzs/riscv/freebsd-src/sys/riscv/riscv/pmap.c
[05:33:18] [spechunter] [Read] /home/yzs/riscv/freebsd-src/sys/riscv/include/cpufunc.h
[05:33:20] [spechunter] [Bash] List cache and xiangshan directories
[05:33:20] [spechunter] [Glob] src/main/scala/xiangshan/**/*L2*
[05:33:20] [spechunter] [Glob] src/main/scala/xiangshan/**/*ICache*
[05:33:20] [spechunter] [Glob] src/main/scala/xiangshan/**/*StoreQueue*
[05:33:23] [spechunter] [text] Let me search the kernel for relevant code patterns.  
[05:33:23] [spechunter] [Agent] description, prompt
[05:33:23] [spechunter] [Bash] List top-level directories in XiangShan scala source
[05:33:23] [spechunter] [Bash] List frontend directory
[05:33:23] [spechunter] [Bash] List cache directory
[05:33:23] [spechunter] [Glob] **/icache/**/*.scala
[05:33:23] [spechunter] [Glob] **/IFU*.scala
[05:33:26] [spechunter] [Grep] pattern='ICache.*coher|ICache.*snoop|ICache.*invalid|ICache.*probe|icache.*dirty'
[05:33:26] [spechunter] [Grep] pattern='L1I.*maintain|InsCache.*maintain'
[05:33:26] [spechunter] [Grep] pattern='FTQ.*flush.*fence|fence.*flush.*FTQ'
[05:33:26] [spechunter] [Grep] pattern='IBuffer.*invalid|invalid.*IBuffer'
[05:33:26] [spechunter] [Grep] pattern='fence\\.i|fencei|FENCE_I|FenceI'
[05:33:26] [spechunter] [Grep] pattern='coherence|coherent'
[05:33:29] [spechunter] [Grep] pattern='REMOTE_FENCE_I|remote_fence_i|rfence'
[05:33:29] [spechunter] [Grep] pattern='tb_flush|tb_phys_invalidate|FENCE_I'
[05:33:29] [spechunter] [Grep] pattern='flushing|invalidate.*tb|tb.*invalidate|FENCE_I|fence_i'
[05:33:30] [spechunter] [Grep] pattern='FENCE\\.I|fence\\.i|FenceI|SFENCE_VMA'
[05:33:30] [spechunter] [Grep] pattern='FENCE\\.I|fence\\.i|FenceI|SFENCE_VMA'
[05:33:30] [spechunter] [Grep] pattern='FTQ.*flush|flushFtq|ftqFlush|FtqFlush'
[05:33:30] [spechunter] [Grep] pattern='IBuffer.*flush|IBuffer.*invalid|flushIBuffer|InvalidIBuffer'
[05:33:30] [spechunter] [Grep] pattern='\\bipi\\b|\\bIPI\\b|Ipi'
[05:33:30] [spechunter] [Grep] pattern='icache.*maintain|iCacheMaintain'
[05:33:33] [spechunter] [Read] /home/yzs/riscv/freebsd-src/sys/riscv/riscv/busdma_bounce.c
[05:33:33] [spechunter] [Read] /home/yzs/riscv/freebsd-src/sys/riscv/riscv/pmap.c
[05:33:33] [spechunter] [Read] /home/yzs/riscv/freebsd-src/sys/riscv/riscv/machdep.c
[05:33:33] [spechunter] [Read] /home/yzs/riscv/freebsd-src/sys/riscv/riscv/sbi.c
[05:33:36] [spechunter] [Grep] pattern='snoop|probe|invalid.*cache|cache.*invalid|coherence|Coherent|coherent'
[05:33:36] [spechunter] [Grep] pattern='Snoop|Probe'
[05:33:36] [spechunter] [Grep] pattern='flush.*icache|icache.*flush|flushICache|icacheFlush'
[05:33:36] [spechunter] [Grep] pattern='invalidate|invalid'
[05:33:38] [spechunter] [TodoWrite] 6 items
[05:33:40] [spechunter] [Bash] List IFU directory
[05:33:40] [spechunter] [Glob] **/ifu/*.scala
[05:33:40] [spechunter] [Grep] pattern='snoop|coher|probe|inval|maintain|release|flush'
[05:33:40] [spechunter] [Grep] pattern='snoop|coher|probe|inval|maintain|release'
[05:33:42] [spechunter] [text] Let me also look for the encoding definitions and instruction buffer references, and search for any remaining references...
[05:33:42] [spechunter] [Read] /home/yzs/riscv/freebsd-src/sys/riscv/include/encoding.h
[05:33:42] [spechunter] [Read] /home/yzs/riscv/freebsd-src/sys/riscv/riscv/db_disasm.c
[05:33:42] [spechunter] [Grep] pattern='FENCE\\.I|fence_i|fence\\.i'
[05:33:42] [spechunter] [Grep] pattern='MATCH_FENCE|MASK_FENCE'
[05:33:48] [spechunter] [Grep] pattern='MSI|MESI|MOESI|Directory|Probe|acquire|release|Grant|GrantAck'
[05:33:48] [spechunter] [Grep] pattern='StoreQueue|storeQueue|committedStore'
[05:33:48] [spechunter] [Grep] pattern='remote|other_hart|TLB.*shootdown|sfence'
[05:33:48] [spechunter] [Grep] pattern='Ziccid|ziccid|Zicclsm|Zicbom|Zicboz|cbo'
[05:33:48] [spechunter] [Grep] pattern='MSHR|mshr'
[05:33:48] [spechunter] [Grep] pattern='snoop|probe|Probe'
[05:33:56] [spechunter] [text] Let me now read the key files to understand the ICache flush/coherence mechanism more precisely.  
[05:33:56] [spechunter] [Read] /home/yzs/riscv/XiangShan/src/main/scala/xiangshan/frontend/icache/ICacheMetaInterleavedBank.scala
[05:33:56] [spechunter] [Read] /home/yzs/riscv/XiangShan/src/main/scala/xiangshan/backend/fu/Fence.scala
[05:33:56] [spechunter] [Grep] pattern='flushAll|flush_all|flushall'
[05:33:56] [spechunter] [Grep] pattern='flush.*ftq|ftq.*flush|flushFtq|Ftq.*flush'
[05:33:56] [spechunter] [Grep] pattern='fencei|fence\\.i|FenceI|icache.*flush'
[05:33:58] [spechunter] [text] Let me also search for the vulnerability pattern context - consecutive stores near FENCE.I calls and for instruction buf...
[05:33:58] [spechunter] [Grep] pattern='instruction.buffer|cleaned.*cache|icache.*flush|i.cache.*flush|flush.*icache|flush.*i.cache'
[05:33:58] [spechunter] [Read] /home/yzs/riscv/freebsd-src/sys/riscv/riscv/db_interface.c
[05:33:58] [spechunter] [Read] /home/yzs/riscv/freebsd-src/sys/riscv/include/encoding.h
[05:33:58] [spechunter] [Grep] pattern='Ziccid|ziccid|Zicclsm'
[05:34:03] [spechunter] [Agent] description, subagent_type
[05:34:03] [spechunter] [Agent] description, subagent_type
[05:34:03] [spechunter] [Read] /home/yzs/riscv/XiangShan/src/main/scala/xiangshan/frontend/icache/Parameters.scala
[05:34:03] [spechunter] [Read] /home/yzs/riscv/XiangShan/src/main/scala/xiangshan/frontend/icache/ICache.scala
[05:34:03] [spechunter] [Read] /home/yzs/riscv/XiangShan/src/main/scala/xiangshan/frontend/icache/ICacheImp.scala
[05:34:03] [spechunter] [Glob] **/L2Cache/*.scala
[05:34:03] [spechunter] [Glob] **/coh*/*.scala
[05:34:07] [spechunter] [Read] /home/yzs/riscv/freebsd-src/sys/riscv/riscv/machdep.c
[05:34:07] [spechunter] [Grep] pattern='FENCE\\.I|fence_i|fence\\.i|\\bfence\\b'
[05:34:07] [spechunter] [Grep] pattern='sb.*\\n.*sh|sd.*\\n.*sw|consecutive.*store'
[05:34:09] [spechunter] [Grep] pattern='flush|invalid|fencei'
[05:34:09] [spechunter] [Grep] pattern='fencei|icache.*flush|flush.*icache'
[05:34:09] [spechunter] [Grep] pattern='redirect|Refresh|refresh'
[05:34:09] [spechunter] [Read] /home/yzs/riscv/XiangShan/src/main/scala/xiangshan/L2Top.scala
[05:34:09] [spechunter] [Read] /home/yzs/riscv/XiangShan/src/main/scala/xiangshan/cache/dcache/mainpipe/Probe.scala
[05:34:09] [spechunter] [Read] /home/yzs/riscv/XiangShan/src/main/scala/xiangshan/frontend/icache/ICacheMshr.scala
[05:34:09] [spechunter] [Read] /home/yzs/riscv/XiangShan/src/main/scala/xiangshan/frontend/icache/ICache.scala
[05:34:10] [spechunter] [text] Now let me trace code-patching, module-loading, and pmap_kenter/vtophys paths.  
[05:34:10] [spechunter] [Grep] pattern='pmap_kenter.*VM_PROT|VM_PROT_EXECUTE.*pmap_kenter|pmap_qenter|pmap_mapbios|pmap_mapdev'
[05:34:10] [spechunter] [Grep] pattern='link_elf|elf_reloc|kobj_load|linker_load_module|prelink'
[05:34:10] [spechunter] [Grep] pattern='patch|textdump|dpcpu|copystr.*exec|copyout.*exec'
[05:34:13] [spechunter] [Grep] pattern='FENCE.I|fence_i|fencei'
[05:34:13] [spechunter] [Grep] pattern='tb_flush|tb_phys_invalidate|tb_invalidate_phys_page'
[05:34:13] [spechunter] [Grep] pattern='tb_flush|tb_invalidate_phys_page|tb_phys_invalidate'
[05:34:13] [spechunter] [Grep] pattern='ziccid|Ziccid|ZICCid'
[05:34:14] [spechunter] [text] Let me check the VMM fence handling and the remaining SBI fencing code.  
[05:34:14] [spechunter] [Read] /home/yzs/riscv/freebsd-src/sys/riscv/vmm/vmm_sbi.c
[05:34:14] [spechunter] [Read] /home/yzs/riscv/freebsd-src/sys/riscv/vmm/vmm_fence.c
[05:34:14] [spechunter] [Grep] pattern='MATCH_FENCE_I|MASK_FENCE_I'
[05:34:18] [spechunter] [Grep] pattern='ipi|IPI|interrupt.*interprocessor|inter.*processor.*interrupt'
[05:34:18] [spechunter] [Grep] pattern='InstrUncache|instruncache|InstUncache|Uncache.*inst'
[05:34:18] [spechunter] [Grep] pattern='icache.*software|software.*icache|SW.*coher|coher.*SW'
[05:34:18] [spechunter] [Grep] pattern='metaArray|MetaArray|meta_array'
[05:34:23] [spechunter] [Grep] pattern='fencei|fence\\.i|FENCE\\.I'
[05:34:23] [spechunter] [Grep] pattern='snoop|probe|back.inval|snp'
[05:34:23] [spechunter] [Glob] **/*L2*.scala
[05:34:23] [spechunter] [Glob] **/*coher*.scala
[05:34:23] [spechunter] [Bash] List dcache directory
[05:34:26] [spechunter] [Read] /home/yzs/riscv/XiangShan/src/main/scala/xiangshan/frontend/icache/ICacheMissUnit.scala
[05:34:26] [spechunter] [Read] /home/yzs/riscv/XiangShan/src/main/scala/xiangshan/frontend/icache/ICacheImp.scala
[05:34:26] [spechunter] [Read] /home/yzs/riscv/XiangShan/src/main/scala/xiangshan/frontend/icache/Parameters.scala
[05:34:26] [spechunter] [Read] /home/yzs/riscv/XiangShan/src/main/scala/xiangshan/mem/lsqueue/NewStoreQueue.scala
[05:34:27] [spechunter] [text] Let me check the atomic fence and IPI_STOP code path.  
[05:34:27] [spechunter] [Grep] pattern='#define\\s+fence\\b'
[05:34:27] [spechunter] [Read] /home/yzs/riscv/freebsd-src/sys/riscv/riscv/mp_machdep.c
[05:34:27] [spechunter] [Read] /home/yzs/riscv/freebsd-src/sys/riscv/vmm/vmm_fence.c
[05:34:29] [spechunter] [Grep] pattern='sfence|SFENCE'
[05:34:29] [spechunter] [Grep] pattern='ftq|FTQ|Ftq'
[05:34:29] [spechunter] [Grep] pattern='flush|Flush'
[05:34:29] [spechunter] [Grep] pattern='ibuffer|IBuffer|IBuffer'
[05:34:29] [spechunter] [Grep] pattern='flush|Flush|FLUSH'
[05:34:29] [spechunter] [Read] /home/yzs/riscv/XiangShan/src/main/scala/xiangshan/backend/fu/Fence.scala
[05:34:35] [spechunter] [text] Let me also directly check some key files while the background agents work.  
[05:34:35] [spechunter] [Grep] pattern='fence\\.i|FENCE_I|fencei'
[05:34:35] [spechunter] [Grep] pattern='sbi_remote_fence_i|__sbi_rfence.*FENCE_I|RFENCE.*I'
[05:34:35] [spechunter] [Grep] pattern='flush_icache|icache_flush'
[05:34:35] [spechunter] [Grep] pattern='text_poke|patch_insn|patch_text'
[05:34:39] [spechunter] [text] Let me read the key source files to trace the FENCE.I implementation and TB invalidation paths.  
[05:34:39] [spechunter] [Read] /home/yzs/riscv/qemu/target/riscv/insn_trans/trans_rvi.c.inc
[05:34:39] [spechunter] [Grep] pattern='fence_i|FENCE_I|fence\\.i'
[05:34:39] [spechunter] [Grep] pattern='fence_i|FENCE_I|fence\\.i'
[05:34:39] [spechunter] [Read] /home/yzs/riscv/freebsd-src/sys/riscv/riscv/elf_machdep.c
[05:34:39] [spechunter] [Read] /home/yzs/riscv/freebsd-src/sys/riscv/riscv/pmap.c
[05:34:39] [spechunter] [Read] /home/yzs/riscv/freebsd-src/sys/riscv/riscv/pmap.c
[05:34:41] [spechunter] [Read] /home/yzs/riscv/XiangShan/src/main/scala/xiangshan/frontend/icache/ICacheMetaInterleavedBank.scala
[05:34:41] [spechunter] [Read] /home/yzs/riscv/XiangShan/src/main/scala/xiangshan/frontend/icache/ICacheMetaArray.scala
[05:34:41] [spechunter] [Read] /home/yzs/riscv/XiangShan/src/main/scala/xiangshan/frontend/icache/ICacheMshr.scala
[05:34:41] [spechunter] [Read] /home/yzs/riscv/XiangShan/src/main/scala/xiangshan/cache/dcache/mainpipe/Probe.scala
[05:34:41] [spechunter] [Read] /home/yzs/riscv/XiangShan/src/main/scala/xiangshan/cache/dcache/DCacheWrapper.scala
[05:34:49] [spechunter] [text] Let me read the key source files to understand the FENCE.I patterns.  
[05:34:49] [spechunter] [Read] /home/yzs/riscv/linux/arch/riscv/mm/cacheflush.c
[05:34:49] [spechunter] [Read] /home/yzs/riscv/linux/arch/riscv/kernel/patch.c
[05:34:49] [spechunter] [Read] /home/yzs/riscv/linux/arch/riscv/include/asm/cacheflush.h
[05:34:50] [spechunter] [text] Now I need to trace the kernel module loading path. Let me check how the linker calls elf_reloc and whether pmap_sync_ic...
[05:34:50] [spechunter] [Grep] pattern='pmap_sync_icache|linker_load_module|linker_file_sysinit|kobj_load'
[05:34:50] [spechunter] [Grep] pattern='pmap_sync_icache|fence_i|FENCE\\.I'
[05:34:50] [spechunter] [Grep] pattern='pmap_sync_icache|elf_reloc|link_elf|linker_load'
[05:34:54] [spechunter] [Read] /home/yzs/riscv/freebsd-src/sys/riscv/include/atomic.h
[05:34:54] [spechunter] [Read] /home/yzs/riscv/freebsd-src/sys/riscv/riscv/sbi.c
[05:34:54] [spechunter] [Grep] pattern='FENCE_REQ_I|FENCE_REQ_VMA'
[05:34:56] [spechunter] [text] Here is the JSON result with all located references:  ```json {   "locations": [     {       "file_path": "target/riscv/...
[05:34:58] [spechunter] [Grep] pattern='fencei|fence\\.i|FENCE\\.I'
[05:34:58] [spechunter] [Glob] **/ftq/*.scala
[05:34:58] [spechunter] [Grep] pattern='fencei|fence\\.i'
[05:34:58] [spechunter] [Grep] pattern='fencei|FENCE_I'
[05:34:58] [spechunter] [Grep] pattern='probe|back.inval|coh'
[05:34:59] [spechunter] [Read] /home/yzs/riscv/freebsd-src/sys/kern/link_elf.c
[05:34:59] [spechunter] [Read] /home/yzs/riscv/freebsd-src/sys/kern/link_elf.c
[05:35:07] [spechunter] [Grep] pattern='fencei|fence\\.i|FenceI'
[05:35:07] [spechunter] [Grep] pattern='flush|Flush|sfence|Sfence'
[05:35:07] [spechunter] [Grep] pattern='flush|Flush|sfence|fencei'
[05:35:07] [spechunter] [Grep] pattern='flush|Flush|sfence|fencei'
[05:35:07] [spechunter] [Grep] pattern='flush|Flush|sfence|fencei'
[05:35:07] [spechunter] [Read] /home/yzs/riscv/XiangShan/src/main/scala/xiangshan/frontend/ftq/Ftq.scala
[05:35:08] [spechunter] [Read] /home/yzs/riscv/linux/arch/riscv/kvm/vcpu.c
[05:35:08] [spechunter] [Grep] pattern='fence\\.i|FENCE_I|fencei|local_flush_icache'
[05:35:08] [spechunter] [Grep] pattern='local_flush_icache|fence\\.i'
[05:35:08] [spechunter] [Read] /home/yzs/riscv/linux/arch/riscv/include/asm/switch_to.h
[05:35:11] [spechunter] [text] Now let me check the `link_elf_link_common_finish` path and the ifunc relocation paths for icache synchronization.  
[05:35:11] [spechunter] [Read] /home/yzs/riscv/freebsd-src/sys/kern/link_elf.c
[05:35:11] [spechunter] [Read] /home/yzs/riscv/freebsd-src/sys/kern/link_elf.c
[05:35:11] [spechunter] [Grep] pattern='pmap_sync_icache|fence_i|FENCE\\.I'
[05:35:16] [spechunter] [Grep] pattern='sbi_remote_fence_i|SBI_EXT_RFENCE_REMOTE_FENCE_I|__sbi_rfence'
[05:35:16] [spechunter] [Grep] pattern='SBI_EXT_RFENCE_REMOTE_FENCE_I'
[05:35:16] [spechunter] [Grep] pattern='FENCE_I|fence\\.i|guest.*instruction.*fetch|insn_fetch|emulate.*fence'
[05:35:17] [spechunter] [text] Now let me dig deeper into the TB invalidation infrastructure and the translation-fence mechanism.  
[05:35:17] [spechunter] [Read] /home/yzs/riscv/qemu/accel/tcg/tb-maint.c
[05:35:17] [spechunter] [Grep] pattern='tb_flush|tb_phys_invalidate|tb_invalidate_phys'
[05:35:17] [spechunter] [Grep] pattern='tb_flush|tb_invalidate_phys'
[05:35:19] [spechunter] [Read] /home/yzs/riscv/XiangShan/src/main/scala/xiangshan/mem/lsqueue/NewStoreQueue.scala
[05:35:19] [spechunter] [Grep] pattern='committedStore|committed_store|store_commit|StoreCommit'
[05:35:19] [spechunter] [Grep] pattern='Probe|probe|snoop|TLB.*shootdown|sfence|fence\\.i|fencei'
[05:35:19] [spechunter] [Read] /home/yzs/riscv/XiangShan/src/main/scala/xiangshan/cache/CacheInstruction.scala
[05:35:19] [spechunter] [Grep] pattern='Grant|grant|release|Release'
[05:35:31] [spechunter] [Read] /home/yzs/riscv/XiangShan/src/main/scala/xiangshan/frontend/ibuffer/IBuffer.scala
[05:35:31] [spechunter] [Read] /home/yzs/riscv/XiangShan/src/main/scala/xiangshan/frontend/ftq/Bundles.scala
[05:35:31] [spechunter] [Read] /home/yzs/riscv/XiangShan/src/main/scala/xiangshan/frontend/ftq/FtqBundle.scala
[05:35:31] [spechunter] [Read] /home/yzs/riscv/XiangShan/src/main/scala/xiangshan/XSCore.scala
[05:35:31] [spechunter] [Read] /home/yzs/riscv/XiangShan/src/main/scala/xiangshan/frontend/icache/ICacheMetaInterleavedBank.scala
[05:35:31] [spechunter] [Read] /home/yzs/riscv/XiangShan/src/main/scala/xiangshan/frontend/ftq/IfuRedirectReceiver.scala
[05:35:33] [spechunter] [text] This is a critical finding. The kernel linker performs instruction relocations but never calls `pmap_sync_icache` or `fe...
[05:35:33] [spechunter] [Grep] pattern='fence_i|FENCE\\.I|pmap_sync_icache'
[05:35:33] [spechunter] [Read] /home/yzs/riscv/freebsd-src/sys/riscv/riscv/swtch.S
[05:35:33] [spechunter] [Read] /home/yzs/riscv/freebsd-src/sys/riscv/riscv/trap.c
[05:35:34] [spechunter] [Grep] pattern='commit|Commit'
[05:35:34] [spechunter] [Grep] pattern='L2ToL1Hint|l2_hint|toL1'
[05:35:34] [spechunter] [Grep] pattern='sfence|SFENCE'
[05:35:34] [spechunter] [Grep] pattern='Zicbom|Zicboz|cbo_clean|cbo_flush|cbo_inval|cbo_zero'
[05:35:34] [spechunter] [Grep] pattern='probe|snoop|Probe|B.*channel'
[05:35:39] [spechunter] [Read] /home/yzs/riscv/XiangShan/src/main/scala/xiangshan/backend/fu/Fence.scala
[05:35:39] [spechunter] [Read] /home/yzs/riscv/XiangShan/src/main/scala/xiangshan/frontend/Frontend.scala
[05:35:39] [spechunter] [Read] /home/yzs/riscv/XiangShan/src/main/scala/xiangshan/cache/dcache/mainpipe/MainPipe.scala
[05:35:39] [spechunter] [Grep] pattern='probe|Icache|ICache|instr.*cache|L1I'
[05:35:39] [spechunter] [Read] /home/yzs/riscv/XiangShan/src/main/scala/xiangshan/L2Top.scala
[05:35:43] [spechunter] [TodoWrite] 5 items
[05:35:45] [spechunter] [Read] /home/yzs/riscv/XiangShan/src/main/scala/xiangshan/frontend/icache/ICacheMissUnit.scala
[05:35:45] [spechunter] [Read] /home/yzs/riscv/XiangShan/src/main/scala/xiangshan/frontend/icache/ICacheMissUnit.scala
[05:35:45] [spechunter] [Read] /home/yzs/riscv/XiangShan/src/main/scala/xiangshan/frontend/icache/ICacheMissUnit.scala
[05:35:45] [spechunter] [Read] /home/yzs/riscv/XiangShan/src/main/scala/xiangshan/frontend/icache/ICacheMissUnit.scala
[05:35:45] [spechunter] [Read] /home/yzs/riscv/XiangShan/src/main/scala/xiangshan/frontend/icache/ICacheMshr.scala
[05:35:45] [spechunter] [Read] /home/yzs/riscv/XiangShan/src/main/scala/xiangshan/frontend/icache/ICacheImp.scala
[05:35:50] [spechunter] [Read] /home/yzs/riscv/freebsd-src/sys/riscv/vmm/vmm_fence.c
[05:35:50] [spechunter] [Grep] pattern='pmap_sync_icache'
[05:35:50] [spechunter] [Grep] pattern='sendsig|sigcode|copyout.*sig|exec_setregs'
[05:35:53] [spechunter] [Read] /home/yzs/riscv/XiangShan/src/main/scala/xiangshan/mem/lsqueue/NewStoreQueue.scala
[05:35:53] [spechunter] [Read] /home/yzs/riscv/XiangShan/src/main/scala/xiangshan/mem/lsqueue/NewStoreQueue.scala
[05:35:53] [spechunter] [Read] /home/yzs/riscv/XiangShan/src/main/scala/xiangshan/mem/lsqueue/NewStoreQueue.scala
[05:35:53] [spechunter] [Read] /home/yzs/riscv/XiangShan/src/main/scala/xiangshan/cache/dcache/mainpipe/MissQueue.scala
[05:36:03] [spechunter] [Grep] pattern='probe|b_to_i|BackInval|altos'
[05:36:03] [spechunter] [Grep] pattern='ipf|ICacheRefill|IPrefetch|icache.*refill|icache.*flush'
[05:36:03] [spechunter] [Grep] pattern='BtoI|toI|toB|toN|shrinking|growing|shrink|grow'
[05:36:03] [spechunter] [Read] /home/yzs/riscv/XiangShan/src/main/scala/xiangshan/frontend/icache/ICacheMissUnit.scala
[05:36:04] [spechunter] [Grep] pattern='precise_smc|ext_zifencei'
[05:36:04] [spechunter] [Grep] pattern='tb_invalidate_phys_page_unwind|notdirty_mem_write|notdirty'
[05:36:04] [spechunter] [Grep] pattern='CF_PCREL|pcrel'
[05:36:06] [spechunter] [text] Now I have a complete picture. Here is the JSON output:  ```json {   "locations": [     {       "file_path": "sys/riscv/...
[05:36:07] [spechunter] [Grep] pattern='bus\\.b|TLBundleB|Probe|probe'
[05:36:07] [spechunter] [Grep] pattern='coherence|Coherence|coh'
[05:36:07] [spechunter] [Grep] pattern='L2ToL1Hint'
[05:36:07] [spechunter] [Grep] pattern='L1Cache.*state|acheState|cache.*coherence|coherence.*state'
[05:36:08] [spechunter] [Read] /home/yzs/riscv/freebsd-src/sys/riscv/riscv/pmap.c
[05:36:08] [spechunter] [Read] /home/yzs/riscv/freebsd-src/sys/riscv/riscv/pmap.c
[05:36:08] [spechunter] [Read] /home/yzs/riscv/freebsd-src/sys/riscv/riscv/exec_machdep.c
[05:36:14] [spechunter] [text] Now let me trace the SMC detection and cross-CPU invalidation paths more deeply.  
[05:36:14] [spechunter] [Read] /home/yzs/riscv/qemu/accel/tcg/tb-maint.c
[05:36:14] [spechunter] [Read] /home/yzs/riscv/qemu/accel/tcg/cputlb.c
[05:36:14] [spechunter] [Grep] pattern='tb_invalidate_phys_page_unwind|notdirty_mem_write|notdirty'
[05:36:25] [spechunter] [Read] /home/yzs/riscv/freebsd-src/sys/vm/vm_glue.c
[05:36:25] [spechunter] [Grep] pattern='textvp|textdump|COPYIN|copyinstr.*exec'
[05:36:25] [spechunter] [Grep] pattern='pmap_enter_object|pmap_object_init_pt|vm_fault.*exec|COW.*exec'
[05:36:29] [spechunter] [Read] /home/yzs/riscv/XiangShan/src/main/scala/xiangshan/frontend/icache/Parameters.scala
[05:36:29] [spechunter] [Read] /home/yzs/riscv/XiangShan/src/main/scala/xiangshan/frontend/icache/ICacheImp.scala
[05:36:29] [spechunter] [Read] /home/yzs/riscv/XiangShan/src/main/scala/xiangshan/frontend/icache/ICacheMissUnit.scala
[05:36:36] [spechunter] [Read] /home/yzs/riscv/XiangShan/src/main/scala/xiangshan/backend/decode/DecodeUnit.scala
[05:36:36] [spechunter] [Grep] pattern='L2.*coher|L2.*snoop|L2.*probe|L2.*invalid|L2.*flush'
[05:36:36] [spechunter] [Grep] pattern='validArray|valid.*array'
[05:36:39] [spechunter] [Grep] pattern='acquire|Acquire|Release|release'
[05:36:39] [spechunter] [Grep] pattern='sfence\\.vma|fence\\.i|flushCache|flushAll|FlushCache'
[05:36:39] [spechunter] [Grep] pattern='ClientMetadata|ClientStates|TileLink'
[05:36:39] [spechunter] [Grep] pattern='IFence|Fencei|ffencei|sendFencei|icache.*fence|fence.*icache'
[05:36:42] [spechunter] [text] Now let me trace the cross-CPU invalidation path more deeply, including the `precise_smc` flag for RISC-V.  
[05:36:42] [spechunter] [Grep] pattern='precise_smc'
[05:36:42] [spechunter] [Grep] pattern='precise_smc'
[05:36:42] [spechunter] [Grep] pattern='precise_smc'
[05:36:42] [spechunter] [TodoWrite] 3 items
[05:36:46] [spechunter] [Grep] pattern='pmap_sync_icache|fence_i'
[05:36:46] [spechunter] [Grep] pattern='pmap_enter_object|pmap_object_init_pt|pmap_copy'
[05:36:46] [spechunter] [Grep] pattern='vm_imgact_map_page|exec_map_first_page|exec_new_vmspace'
[05:36:49] [spechunter] [Grep] pattern='tcg_ops|CC magnets|precise_smc'
[05:36:49] [spechunter] [Grep] pattern='riscv_tcg_ops|TcgCpuOperations'
[05:36:54] [spechunter] [Grep] pattern='FlushFromBpu|flushFromBpu|BpuFlushInfo'
[05:36:54] [spechunter] [Read] /home/yzs/riscv/XiangShan/src/main/scala/xiangshan/frontend/ftq/FtqModule.scala
[05:36:54] [spechunter] [Read] /home/yzs/riscv/XiangShan/src/main/scala/xiangshan/frontend/ftq/BackendRedirectReceiver.scala
[05:36:54] [spechunter] [Grep] pattern='needFlush|flush.*ibuffer|ibuffer.*flush|IBuffer.*flush'
[05:36:54] [spechunter] [Grep] pattern='\\bflush\\b'
[05:36:54] [spechunter] [Grep] pattern='flushAll|flush\\.all'
[05:36:55] [spechunter] [Grep] pattern='class FenceIO|fencei|sfence|sfence\\.vma|fence\\.i'
[05:36:55] [spechunter] [Grep] pattern='sbuffer|Sbuffer|SBuffer'
[05:36:55] [spechunter] [Grep] pattern='TLMessages|TLPermissions|ClientStates'
[05:37:00] [spechunter] [Grep] pattern='custodian|cache_op|CACHE_OP|rcache|flush_idcache'
[05:37:00] [spechunter] [Grep] pattern='tb_remove|tb_page_remove|page_collection'
[05:37:14] [spechunter] [Grep] pattern='FenceOpType'
[05:37:14] [spechunter] [Read] /home/yzs/riscv/XiangShan/src/main/scala/xiangshan/backend/Backend.scala
[05:37:14] [spechunter] [Read] /home/yzs/riscv/XiangShan/src/main/scala/xiangshan/backend/Backend.scala
[05:37:14] [spechunter] [Grep] pattern='SfenceBundle'
[05:37:17] [spechunter] [Read] /home/yzs/riscv/freebsd-src/sys/riscv/include/kdb.h
[05:37:17] [spechunter] [Read] /home/yzs/riscv/freebsd-src/sys/riscv/riscv/exec_machdep.c
[05:37:17] [spechunter] [Grep] pattern='fence_i|pmap_sync_icache|FENCE\\.I'
[05:37:24] [spechunter] [text] Let me now look at the cross-CPU invalidation paths and how the TCG does or doesn't notify other vCPUs.  
[05:37:24] [spechunter] [Grep] pattern='exit_tb|DISAS_NORETURN|gen_update_pc|cur_insn_len'
[05:37:24] [spechunter] [Grep] pattern='tb_flush|exit_tb|DISAS_NORETURN'
[05:37:24] [spechunter] [Grep] pattern='tb_flush|queue_tb_flush|cpu_exit'
[05:37:27] [spechunter] [text] Let me now check the executable pager path and any other code-write paths.  
[05:37:27] [spechunter] [Grep] pattern='fence_i|pmap_sync_icache|FENCE\\.I'
[05:37:27] [spechunter] [Grep] pattern='pmap_sync_icache|fence_i|FENCE\\.I'
[05:37:27] [spechunter] [Grep] pattern='pmap_sync_icache|fence_i|FENCE\\.I'
[05:37:34] [spechunter] [text] Let me look at the cpu-exec.c execution loop and how cross-CPU invalidation works.  
[05:37:34] [spechunter] [Grep] pattern='tb_jmp_cache|cpu_loop_exec_tb|tb_lookup|cpu_exec_loop'
[05:37:34] [spechunter] [Grep] pattern='async_safe_run_on_cpu|cpu_exit|tlb_flush_other'
[05:37:34] [spechunter] [text] Now I have a thorough picture of all relevant locations. Here is the compiled output:  ```json {   "locations": [     { ...
[05:37:42] [spechunter] [Grep] pattern='vm_imgact_map_page|vm_map_find.*exec|vm_fault_prefault|exec_map_first_page'
[05:37:42] [spechunter] [Read] /home/yzs/riscv/freebsd-src/sys/riscv/riscv/trap.c
[05:37:47] [spechunter] [TodoWrite] 5 items
[05:37:58] [spechunter] [Read] /home/yzs/riscv/linux/arch/riscv/include/asm/sync_core.h
[05:37:58] [spechunter] [Grep] pattern='sync_core|text_poke_sync|exec_sync'
[05:37:59] [spechunter] [Read] /home/yzs/riscv/freebsd-src/sys/riscv/riscv/trap.c
[05:37:59] [spechunter] [Read] /home/yzs/riscv/freebsd-src/sys/vm/vm_glue.c
[05:38:11] [spechunter] [Grep] pattern='fence|FENCE|sfence|SFENCE'
[05:38:11] [spechunter] [Grep] pattern='vm_sync_icache'
[05:38:11] [spechunter] [Grep] pattern='fence_i|FENCE\\.I|pmap_sync_icache|sfence_vma|SFENCE\\.VMA'
[05:38:13] [spechunter] [text] Now let me look at the SMC write path and cross-CPU invalidation mechanisms.  
[05:38:13] [spechunter] [Grep] pattern='tb_invalidate_phys_page_unwind'
[05:38:13] [spechunter] [Grep] pattern='precise_smc|tlb_flush|cpu_restore_state'
[05:38:22] [spechunter] [text] Now let me look at the critical cross-CPU invalidation mechanism and the SMC detection in the iotlb path.  
[05:38:22] [spechunter] [Grep] pattern='flush_all_helper|async_safe_run_on_cpu|tlb_flush.*all_cpus|tcg_flush_jmp_cache'
[05:38:22] [spechunter] [Grep] pattern='tb_invalidate_phys_range_fast|tb_invalidate_phys_range\\b'
[05:38:39] [spechunter] [text] Now let me look at the key cross-CPU invalidation gap more closely, and search for any existing mechanism that broadcast...
[05:38:39] [spechunter] [Grep] pattern='tb_invalidate_phys_range_fast|tb_invalidate_phys_range\\b'
[05:38:39] [spechunter] [Grep] pattern='tb_invalidate.*all_cpu|cross_cpu|broadcast.*invalidate|flush.*other.*cpu'
[05:38:49] [spechunter] [text] Let me look at the jmp cache invalidation and the softmmu write path more carefully.  
[05:38:49] [spechunter] [Grep] pattern='tb_jmp_cache_clear_page|tcg_flush_jmp_cache|jmp_cache'
[05:38:49] [spechunter] [Grep] pattern='tb_jmp_cache_clear_page|tcg_flush_jmp_cache'
[05:39:20] [spechunter] [text] Now let me verify some critical details and read key files directly.  
[05:39:20] [spechunter] [Grep] pattern='Ziccid|ziccid'
[05:39:20] [spechunter] [Grep] pattern='zicclsm|Zicclsm'
[05:39:20] [spechunter] [Grep] pattern='bus\\.b\\.ready|bus\\.b\\.valid'
[05:39:25] [spechunter] [text] Let me verify a few of the key files to confirm line numbers and understand the actual code context before producing the...
[05:39:25] [spechunter] [Read] /home/yzs/riscv/freebsd-src/sys/riscv/include/cpufunc.h
[05:39:25] [spechunter] [Read] /home/yzs/riscv/freebsd-src/sys/riscv/riscv/pmap.c
[05:39:25] [spechunter] [Read] /home/yzs/riscv/freebsd-src/sys/riscv/riscv/vm_machdep.c
[05:39:25] [spechunter] [Read] /home/yzs/riscv/freebsd-src/sys/riscv/riscv/sbi.c
[05:39:37] [spechunter] [Read] /home/yzs/riscv/qemu/accel/tcg/cputlb.c
[05:39:37] [spechunter] [Read] /home/yzs/riscv/qemu/accel/tcg/translate-all.c
[05:39:39] [spechunter] [Grep] pattern='zicclsm|Zicclsm|ziccif|Ziccif|hasZicclsm|hasZiccif|HasZicclsm|HasZiccif'
[05:39:39] [spechunter] [Read] /home/yzs/riscv/XiangShan/src/main/scala/xiangshan/frontend/icache/Parameters.scala
[05:39:46] [spechunter] [text] Now let me look at the softmmu template write helper that triggers cross-CPU invalidation, and the notdirty write path. ...
[05:39:46] [spechunter] [Grep] pattern='TLB_NOTDIRTY|notdirty'
[05:39:46] [spechunter] [Grep] pattern='DIRTY_MEMORY_CODE|CODE_DIRTY|memory_get_code_dirty'
[05:39:49] [spechunter] [Grep] pattern='preface|Ziccid|ziccid'
[05:39:49] [spechunter] [Grep] pattern='probe|snoop|coher|invalid.*icache|L1I.*invalid'
[05:39:49] [spechunter] [Grep] pattern='l2.*L1I|l1i|L1I|icache.*L2|L2.*icache'
[05:39:56] [spechunter] [text] Let me verify a few more files to validate the full set.  
[05:39:56] [spechunter] [Read] /home/yzs/riscv/freebsd-src/sys/riscv/include/atomic.h
[05:39:56] [spechunter] [Read] /home/yzs/riscv/freebsd-src/sys/riscv/include/encoding.h
[05:39:56] [spechunter] [Read] /home/yzs/riscv/freebsd-src/sys/riscv/riscv/db_interface.c
[05:39:56] [spechunter] [Read] /home/yzs/riscv/freebsd-src/sys/riscv/riscv/mp_machdep.c
[05:39:56] [spechunter] [Read] /home/yzs/riscv/freebsd-src/sys/riscv/riscv/machdep.c
[05:39:56] [spechunter] [Read] /home/yzs/riscv/freebsd-src/sys/riscv/vmm/vmm_fence.c
[05:40:02] [spechunter] [text] Now I have a thorough understanding of the kernel's FENCE.I infrastructure and can produce the analysis.  ```json {   "v...
[05:40:08] [spechunter] [Read] /home/yzs/riscv/qemu/target/riscv/tcg/tcg-cpu.c
[05:40:08] [spechunter] [Grep] pattern='precise_smc'
[05:40:09] [spechunter] [Read] /home/yzs/riscv/XiangShan/src/main/scala/xiangshan/L2Top.scala
[05:40:09] [spechunter] [Grep] pattern='GCID|gcid|intent|coher.*instruc|instruction.*coher'
[05:40:17] [spechunter] [TodoWrite] 5 items
[05:40:21] [spechunter] [TodoWrite] 5 items
[05:40:25] [spechunter] [Bash] Check current diff for riscv-iommu.c
[05:40:25] [spechunter] [Bash] Recent commit history
[05:40:25] [spechunter] [Grep] pattern='fence\\.i'
[05:40:25] [spechunter] [Grep] pattern='fence\\.i'
[05:40:25] [spechunter] [Grep] pattern='Ziccid'
[05:40:25] [spechunter] [Grep] pattern='flush_icache_all|flush_icache_mm|flush_icache_range|local_flush_icache_all'
[05:40:25] [spechunter] [Grep] pattern='__patch_insn_write|patch_text|sbi_remote_fence_i'
[05:40:27] [spechunter] [text] Let me verify the most critical details directly.  
[05:40:27] [spechunter] [Read] /home/yzs/riscv/XiangShan/src/main/scala/xiangshan/frontend/icache/ICacheImp.scala
[05:40:27] [spechunter] [Read] /home/yzs/riscv/XiangShan/src/main/scala/xiangshan/cache/dcache/mainpipe/Probe.scala
[05:40:27] [spechunter] [Read] /home/yzs/riscv/XiangShan/src/main/scala/xiangshan/frontend/Frontend.scala
[05:40:43] [spechunter] [Agent] description, subagent_type
[05:40:43] [spechunter] [Agent] description, subagent_type
[05:40:47] [spechunter] [Grep] pattern='PMA|cacheability|coherence|CACHEABLE|COHEREN'
[05:40:47] [spechunter] [Grep] pattern='ioremap|pmd_cache|pgprot.*cache'
[05:40:47] [spechunter] [Grep] pattern='flush_icache|sbi_remote_fence_i|local_flush_icache'
[05:40:47] [spechunter] [Grep] pattern='flush_icache|sbi_remote_fence_i|local_flush_icache'
[05:40:48] [spechunter] [text] Let me verify the actual change and check for any "Ziccid" references in the codebase.  
[05:40:48] [spechunter] [Grep] pattern='[Zz]iccid'
[05:40:48] [spechunter] [Read] /home/yzs/riscv/qemu/hw/riscv/riscv-iommu.c
[05:40:49] [spechunter] [text] Now let me verify if the L2 cache (coupledL2) has any mechanism to send probes to L1I, and check the InstrUncache for si...
[05:40:49] [spechunter] [Grep] pattern='bus\\.b\\.ready|bus\\.b\\.valid|snoop|probe|coher|fencei|fence\\.i|inval'
[05:40:49] [spechunter] [Grep] pattern='l1i_logger|l1i_|L1I|icache.*node|clientNode.*ICache'
[05:40:49] [spechunter] [Grep] pattern='memGrant|probe|coher|snoop|B_channel|probe_'
[05:40:58] [spechunter] [text] Let me verify the remaining unverified locations.  
[05:40:58] [spechunter] [Read] /home/yzs/riscv/freebsd-src/sys/riscv/include/encoding.h
[05:40:58] [spechunter] [Read] /home/yzs/riscv/freebsd-src/sys/riscv/include/kdb.h
[05:40:58] [spechunter] [Read] /home/yzs/riscv/freebsd-src/sys/riscv/include/sbi.h
[05:40:58] [spechunter] [Read] /home/yzs/riscv/freebsd-src/sys/riscv/riscv/db_disasm.c
[05:40:58] [spechunter] [Read] /home/yzs/riscv/freebsd-src/sys/riscv/riscv/pmap.c
[05:40:58] [spechunter] [Read] /home/yzs/riscv/freebsd-src/sys/riscv/riscv/sdt_machdep.c
[05:40:59] [spechunter] [Agent] description, prompt
[05:41:05] [spechunter] [Read] /home/yzs/riscv/linux/arch/riscv/mm/cacheflush.c
[05:41:05] [spechunter] [Read] /home/yzs/riscv/linux/arch/riscv/include/asm/cacheflush.h
[05:41:05] [spechunter] [Read] /home/yzs/riscv/linux/arch/riscv/kernel/patch.c
[05:41:05] [spechunter] [Read] /home/yzs/riscv/linux/arch/riscv/kernel/sbi.c
[05:41:05] [spechunter] [Grep] pattern='(?i)ziccid|zicclsm'
[05:41:05] [spechunter] [Grep] pattern='PMA|pma|cacheability|coherence|coherent|non-coherent|noncoherent'
[05:41:05] [spechunter] [Grep] pattern='(?i)memory.attribute|memory_attribute|ma_|mem_attr|mattr'
[05:41:05] [spechunter] [Grep] pattern='riscv,cbom|riscv,cboz|riscv,cbop'
[05:41:05] [spechunter] [Grep] pattern='alternative'
[05:41:10] [spechunter] [Glob] **/L2Top.scala
[05:41:10] [spechunter] [Glob] **/TL2TLCoupledL2*
[05:41:10] [spechunter] [Glob] **/TL2CHICoupledL2*
[05:41:15] [spechunter] [Read] /home/yzs/riscv/qemu/hw/riscv/riscv-iommu.c
[05:41:15] [spechunter] [Grep] pattern='riscv_iommu_validate_device_ctx'
[05:41:19] [spechunter] [Read] /home/yzs/riscv/freebsd-src/sys/riscv/riscv/busdma_bounce.c
[05:41:19] [spechunter] [Read] /home/yzs/riscv/freebsd-src/sys/riscv/vmm/vmm_sbi.c
[05:41:19] [spechunter] [Read] /home/yzs/riscv/freebsd-src/sys/riscv/vmm/riscv.h
[05:41:19] [spechunter] [Read] /home/yzs/riscv/freebsd-src/sys/riscv/riscv/sbi.c
[05:41:21] [spechunter] [Grep] pattern='(?i)ziccid|zicclsm'
[05:41:21] [spechunter] [Grep] pattern='(?i)ziccid|zicclsm'
[05:41:21] [spechunter] [Read] /home/yzs/riscv/linux/arch/riscv/include/asm/pgtable-64.h
[05:41:21] [spechunter] [Read] /home/yzs/riscv/linux/arch/riscv/include/asm/errata_list.h
[05:41:21] [spechunter] [Read] /home/yzs/riscv/linux/arch/riscv/mm/dma-noncoherent.c
[05:41:21] [spechunter] [Read] /home/yzs/riscv/linux/arch/riscv/kernel/alternative.c
[05:41:23] [spechunter] [Grep] pattern='flush_icache_all'
[05:41:23] [spechunter] [Grep] pattern='flush_icache_mm'
[05:41:23] [spechunter] [Grep] pattern='flush_icache_range'
[05:41:23] [spechunter] [Grep] pattern='local_flush_icache_all'
[05:41:23] [spechunter] [Grep] pattern='__patch_insn_write|patch_text'
[05:41:23] [spechunter] [Grep] pattern='sbi_remote_fence_i'
[05:41:24] [spechunter] [Grep] pattern='CoupledL2'
[05:41:24] [spechunter] [Grep] pattern='icache|l1[iI]'
[05:41:26] [spechunter] [Grep] pattern='flush_icache|fence\\.i|local_flush_icache'
[05:41:26] [spechunter] [Grep] pattern='fence\\.i'
[05:41:26] [spechunter] [Read] /home/yzs/riscv/linux/arch/riscv/include/asm/sync_core.h
[05:41:26] [spechunter] [Read] /home/yzs/riscv/linux/arch/riscv/kernel/vdso/flush_icache.S
[05:41:28] [spechunter] [Read] /home/yzs/riscv/XiangShan/src/main/scala/xiangshan/L2Top.scala
[05:41:35] [spechunter] [Grep] pattern='RISCV_IOMMU_DC_IOHGATP_MODE_BARE|RISCV_IOMMU_DC_MSIPTP_MODE'
[05:41:38] [spechunter] [Read] /home/yzs/riscv/freebsd-src/sys/cddl/dev/fbt/riscv/fbt_isa.c
[05:41:38] [spechunter] [Read] /home/yzs/riscv/freebsd-src/sys/cddl/dev/kinst/riscv/kinst_isa.c
[05:41:38] [spechunter] [Read] /home/yzs/riscv/freebsd-src/sys/cddl/dev/kinst/riscv/kinst_isa.c
[05:41:42] [spechunter] [Read] /home/yzs/riscv/linux/arch/riscv/mm/cacheflush.c
[05:41:42] [spechunter] [Read] /home/yzs/riscv/linux/arch/riscv/include/asm/alternative-macros.h
[05:41:42] [spechunter] [Read] /home/yzs/riscv/linux/arch/riscv/kernel/cpufeature.c
[05:41:42] [spechunter] [Read] /home/yzs/riscv/linux/arch/riscv/include/asm/dma-noncoherent.h
[05:41:42] [spechunter] [Read] /home/yzs/riscv/linux/arch/riscv/Kconfig
[05:41:44] [spechunter] [Grep] pattern='fence\\.i|FENCE\\.I|fence_i'
[05:41:44] [spechunter] [Grep] pattern='fence\\.i|FENCE\\.I|fence_i'
[05:41:44] [spechunter] [Grep] pattern='Ziccid|ziccid|ZICCID'
[05:41:44] [spechunter] [Grep] pattern='PMA.*cache|cache.*PMA|PMAs|physical.memory.attribute'
[05:41:44] [spechunter] [Grep] pattern='PMA|cacheable|coherence|coherent|non.cacheable|non.coherent'
[05:41:49] [spechunter] [Grep] pattern='l1_xbar'
[05:41:49] [spechunter] [Glob] **/coupledL2/**/TL2TL*
[05:41:49] [spechunter] [Glob] **/coupledL2/**/TL2CHI*
[05:41:51] [spechunter] [Read] /home/yzs/riscv/linux/arch/riscv/kernel/cpufeature.c
[05:41:51] [spechunter] [Read] /home/yzs/riscv/linux/arch/riscv/Kconfig
[05:41:51] [spechunter] [Read] /home/yzs/riscv/linux/arch/riscv/errata/thead/errata.c
[05:41:51] [spechunter] [Read] /home/yzs/riscv/linux/arch/riscv/include/asm/pgtable.h
[05:41:54] [spechunter] [Read] /home/yzs/riscv/linux/arch/riscv/mm/cacheflush.c
[05:41:54] [spechunter] [Read] /home/yzs/riscv/linux/arch/riscv/include/asm/cacheflush.h
[05:41:54] [spechunter] [Read] /home/yzs/riscv/linux/arch/riscv/kernel/patch.c
[05:41:54] [spechunter] [Read] /home/yzs/riscv/linux/arch/riscv/kernel/sbi.c
[05:41:54] [spechunter] [Read] /home/yzs/riscv/linux/arch/riscv/include/asm/sbi.h
[05:41:55] [spechunter] [Read] /home/yzs/riscv/linux/arch/riscv/kernel/head.S
[05:41:55] [spechunter] [Read] /home/yzs/riscv/linux/arch/riscv/kernel/kexec_relocate.S
[05:41:55] [spechunter] [Read] /home/yzs/riscv/linux/arch/riscv/kernel/sys_riscv.c
[05:42:09] [spechunter] [Bash] Find coupledL2 Scala source files
[05:42:09] [spechunter] [Grep] pattern='l1_xbar'
[05:42:12] [spechunter] [Read] /home/yzs/riscv/linux/arch/riscv/mm/context.c
[05:42:12] [spechunter] [Read] /home/yzs/riscv/linux/arch/riscv/include/asm/switch_to.h
[05:42:14] [spechunter] [Read] /home/yzs/riscv/XiangShan/src/main/scala/xiangshan/XSTile.scala
[05:42:20] [spechunter] [Read] /home/yzs/riscv/linux/arch/riscv/mm/context.c
[05:42:20] [spechunter] [Read] /home/yzs/riscv/linux/arch/riscv/include/asm/switch_to.h
[05:42:20] [spechunter] [Read] /home/yzs/riscv/linux/arch/riscv/kernel/ftrace.c
[05:42:20] [spechunter] [Read] /home/yzs/riscv/linux/arch/riscv/net/bpf_jit_core.c
[05:42:20] [spechunter] [Read] /home/yzs/riscv/linux/arch/riscv/net/bpf_jit.h
[05:42:20] [spechunter] [Read] /home/yzs/riscv/linux/arch/riscv/kernel/hibernate.c
[05:42:20] [spechunter] [Read] /home/yzs/riscv/linux/arch/riscv/kernel/machine_kexec.c
[05:42:20] [spechunter] [Read] /home/yzs/riscv/linux/arch/riscv/kernel/sys_riscv.c
[05:42:25] [spechunter] [Grep] pattern='fence\\.i'
[05:42:25] [spechunter] [Grep] pattern='flush_icache_all|flush_icache_mm|flush_icache_range|local_flush_icache_all|local_flush_icache_range|fence\\.i'
[05:42:25] [spechunter] [Grep] pattern='flush_icache|fence\\.i|Ziccid'
[05:42:38] [spechunter] [Read] /home/yzs/riscv/linux/arch/riscv/kvm/tlb.c
[05:42:38] [spechunter] [Read] /home/yzs/riscv/linux/arch/riscv/kernel/jump_label.c
[05:42:38] [spechunter] [Read] /home/yzs/riscv/linux/arch/riscv/kernel/signal.c
[05:42:38] [spechunter] [Read] /home/yzs/riscv/linux/arch/riscv/kernel/probes/kprobes.c
[05:42:38] [spechunter] [Read] /home/yzs/riscv/linux/arch/riscv/kernel/probes/uprobes.c
[05:42:38] [spechunter] [Read] /home/yzs/riscv/linux/arch/riscv/kernel/kgdb.c
[05:42:38] [spechunter] [Read] /home/yzs/riscv/linux/arch/riscv/kernel/head.S
[05:42:38] [spechunter] [Read] /home/yzs/riscv/linux/arch/riscv/kernel/smpboot.c
[05:42:41] [spechunter] [Bash] Find all files in the coupledL2 directory
[05:42:41] [spechunter] [Grep] pattern='icache_node'
[05:42:50] [spechunter] [Bash] List all Scala files in coupledL2 directory
[05:42:50] [spechunter] [Grep] pattern='icache_node'
[05:42:53] [spechunter] [Read] /home/yzs/riscv/linux/arch/riscv/kernel/vdso/flush_icache.S
[05:42:53] [spechunter] [Read] /home/yzs/riscv/linux/arch/riscv/include/asm/sync_core.h
[05:42:53] [spechunter] [Read] /home/yzs/riscv/linux/arch/riscv/kernel/kexec_relocate.S
[05:42:53] [spechunter] [Read] /home/yzs/riscv/linux/arch/riscv/include/asm/runtime-const.h
[05:42:53] [spechunter] [Read] /home/yzs/riscv/linux/arch/riscv/net/bpf_jit_comp64.c
[05:42:53] [spechunter] [Read] /home/yzs/riscv/linux/arch/riscv/errata/thead/errata.c
[05:42:53] [spechunter] [Read] /home/yzs/riscv/linux/arch/riscv/errata/sifive/errata.c
[05:42:53] [spechunter] [Read] /home/yzs/riscv/linux/arch/riscv/include/asm/kfence.h
[05:42:58] [spechunter] [Bash] Check the coupledL2 directory contents
[05:42:58] [spechunter] [Bash] Check if coupledL2 is a submodule
[05:42:59] [spechunter] [text] ## Cross-Validation Analysis  ### Actual Change vs. Claimed PR Scope  The PR title says "Add Ziccid draft spec", but: - ...
[05:43:06] [spechunter] [Bash] Initialize the coupledL2 submodule
[05:43:06] [spechunter] [Grep] pattern='ICacheBuffer'
[05:43:18] [spechunter] [Agent] subagent_type, description
[05:43:18] [spechunter] [Bash] Initialize the coupledL2 submodule to pull the source files
[05:43:18] [spechunter] [Grep] pattern='ICacheBuffer|ICacheCtrlBuffer|InstrUncacheBuffer'
[05:43:26] [spechunter] [Read] /home/yzs/riscv/XiangShan/src/main/scala/xiangshan/mem/MemBlock.scala
[05:43:27] [spechunter] [Read] /home/yzs/riscv/linux/arch/riscv/errata/mips/errata.c
[05:43:27] [spechunter] [Read] /home/yzs/riscv/linux/arch/riscv/kvm/vcpu_sbi_v01.c
[05:43:27] [spechunter] [Read] /home/yzs/riscv/linux/arch/riscv/kvm/vcpu_sbi_replace.c
[05:43:27] [spechunter] [Read] /home/yzs/riscv/linux/arch/riscv/kvm/vcpu.c
[05:43:27] [spechunter] [Read] /home/yzs/riscv/linux/arch/riscv/kernel/cpufeature.c
[05:43:27] [spechunter] [Grep] pattern='RISCV_FENCE|RISCV_FENCE_I|FENCE_I'
[05:43:27] [spechunter] [Grep] pattern='flush_module_icache|module.*icache|icache.*module'
[05:43:27] [spechunter] [Grep] pattern='riscv_use_sbi_for_rfence|riscv_sbi_for_rfence|__sbi_rfence'
[05:43:27] [spechunter] [text] Now I have read all locations and can cross-validate. Here is my analysis:  **PR context**: "Add Ziccid draft spec" — Zi...
[05:43:44] [spechunter] [Bash] List all Scala files in the initialized coupledL2 submodule
[05:43:56] [spechunter] [text] The code locations are all empty (`:0-0`). I need to first find the relevant code locations in the FreeBSD RISC-V codeba...
[05:43:56] [spechunter] [Agent] description, subagent_type
[05:43:57] [spechunter] [Grep] pattern='ziccid|Ziccid|Ziccid|CCID|ccid'
[05:43:57] [spechunter] [Grep] pattern='tb_flush'
[05:43:57] [spechunter] [Grep] pattern='tb_phys_invalidate|tb_invalidate_phys_page'
[05:43:57] [spechunter] [Grep] pattern='fence\\.i|FENCE_I|FENCE\\.I'
[05:43:57] [spechunter] [Glob] **/target/riscv/cpu.{c,h}
[05:43:57] [spechunter] [Glob] **/target/riscv/kvm*.{c,h}
[05:43:57] [spechunter] [Glob] **/target/riscv/machine.c
[05:43:57] [spechunter] [Glob] **/accel/tcg/cpus.{c,h}
[05:43:57] [spechunter] [Glob] **/accel/tcg/translate-all.{c,h}
[05:44:08] [spechunter] [Read] /home/yzs/riscv/linux/arch/riscv/include/asm/barrier.h
[05:44:08] [spechunter] [Read] /home/yzs/riscv/linux/arch/riscv/include/asm/fence.h
[05:44:08] [spechunter] [Read] /home/yzs/riscv/linux/arch/riscv/mm/tlbflush.c
[05:44:08] [spechunter] [Read] /home/yzs/riscv/linux/arch/riscv/mm/tlbflush.c
[05:44:08] [spechunter] [Grep] pattern='switch_to_should_flush_icache|force_icache_flush'
[05:44:08] [spechunter] [Grep] pattern='flush_cache_all|flush_cache_mm|flush_cache_range|flush_cache_page|flush_cache_vmap|flush_cache_vunmap'
[05:44:08] [spechunter] [Read] /home/yzs/riscv/linux/arch/riscv/include/asm/text-patching.h
[05:44:08] [spechunter] [Read] /home/yzs/riscv/linux/arch/riscv/include/asm/insn-def.h
[05:44:14] [spechunter] [Read] /home/yzs/riscv/XiangShan/coupledL2/src/main/scala/coupledL2/SourceB.scala
[05:44:14] [spechunter] [Read] /home/yzs/riscv/XiangShan/coupledL2/src/main/scala/coupledL2/tl2tl/ProbeQueue.scala
[05:44:14] [spechunter] [Read] /home/yzs/riscv/XiangShan/coupledL2/src/main/scala/coupledL2/BaseSlice.scala
[05:44:15] [spechunter] [Grep] pattern='fence_i'
[05:44:15] [spechunter] [Grep] pattern='FENCE\\.I'
[05:44:15] [spechunter] [Grep] pattern='patch|text|code.*write|store.*exec'
[05:44:15] [spechunter] [Glob] sys/riscv/**/*.c
[05:44:15] [spechunter] [Glob] sys/riscv/**/*.h
[05:44:25] [spechunter] [Grep] pattern='EXT_ZICCID|ziccid|Ziccid'
[05:44:25] [spechunter] [Grep] pattern='riscv_cpu_extensions'
[05:44:25] [spechunter] [Grep] pattern='fence|FENCE'
[05:44:25] [spechunter] [Grep] pattern='fence|tb_flush|invalidate|flush'
[05:44:25] [spechunter] [Bash] List accel/tcg source files
[05:44:25] [spechunter] [Bash] Check cpu.h exists and size
[05:44:25] [spechunter] [Bash] Check for KVM files in target/riscv
[05:44:29] [spechunter] [Read] /home/yzs/riscv/XiangShan/coupledL2/src/main/scala/coupledL2/CoupledL2.scala
[05:44:29] [spechunter] [Read] /home/yzs/riscv/XiangShan/coupledL2/src/main/scala/coupledL2/tl2tl/SinkB.scala
[05:44:39] [spechunter] [Read] /home/yzs/riscv/linux/arch/riscv/include/asm/switch_to.h
[05:44:39] [spechunter] [Read] /home/yzs/riscv/linux/arch/riscv/include/asm/processor.h
[05:44:40] [spechunter] [Read] /home/yzs/riscv/linux/arch/riscv/include/asm/mmu.h
[05:44:40] [spechunter] [Read] /home/yzs/riscv/linux/arch/riscv/kernel/sbi.c
[05:44:40] [spechunter] [Read] /home/yzs/riscv/linux/arch/riscv/kernel/sbi-ipi.c
[05:44:40] [spechunter] [Read] /home/yzs/riscv/freebsd-src/sys/riscv/riscv/db_interface.c
[05:44:40] [spechunter] [Read] /home/yzs/riscv/freebsd-src/sys/riscv/riscv/mp_machdep.c
[05:44:40] [spechunter] [Read] /home/yzs/riscv/freebsd-src/sys/riscv/riscv/vm_machdep.c
[05:44:40] [spechunter] [Read] /home/yzs/riscv/freebsd-src/sys/riscv/riscv/sdt_machdep.c
[05:44:40] [spechunter] [Read] /home/yzs/riscv/freebsd-src/sys/riscv/riscv/pmap.c
[05:44:40] [spechunter] [Read] /home/yzs/riscv/freebsd-src/sys/riscv/include/cpufunc.h
[05:44:40] [spechunter] [Read] /home/yzs/riscv/freebsd-src/sys/riscv/include/kdb.h
[05:44:40] [spechunter] [Read] /home/yzs/riscv/freebsd-src/sys/riscv/vmm/vmm_fence.c
[05:44:42] [spechunter] [Bash] Find KVM files in target/riscv
[05:44:42] [spechunter] [Read] /home/yzs/riscv/qemu/target/riscv/insn_trans/trans_rvi.c.inc
[05:44:42] [spechunter] [Read] /home/yzs/riscv/qemu/target/riscv/op_helper.c
[05:44:42] [spechunter] [Grep] pattern='ext_zifencei|zifencei'
[05:44:42] [spechunter] [Read] /home/yzs/riscv/qemu/accel/tcg/translate-all.c
[05:45:01] [spechunter] [Grep] pattern='class ICache[^B]|class IFU[^S]|supports\\.probe'
[05:45:01] [spechunter] [Grep] pattern='clientNode.*icache|icache.*clientNode|frontend.*clientNode'
[05:45:02] [spechunter] [Grep] pattern='fence_i|FENCE\\.I|pmap_sync_icache'
[05:45:02] [spechunter] [Grep] pattern='pmap_sync_icache'
[05:45:02] [spechunter] [Grep] pattern='memcpy.*exec|bcopy.*exec|memmove.*exec|text.*write|write.*text'
[05:45:02] [spechunter] [Grep] pattern='cpu_sync_core|pmap_sync_icache'
[05:45:02] [spechunter] [Read] /home/yzs/riscv/freebsd-src/sys/riscv/riscv/elf_machdep.c
[05:45:02] [spechunter] [Grep] pattern='kdb_cpu_sync_icache'
[05:45:09] [spechunter] [Grep] pattern='clientNode|supports.*probe'
[05:45:09] [spechunter] [Grep] pattern='frontend.*clientNode|clientNode|icacheClient'
[05:45:12] [spechunter] [Read] /home/yzs/riscv/qemu/accel/tcg/translate-all.c
[05:45:12] [spechunter] [Grep] pattern='tb_flush'
[05:45:12] [spechunter] [Grep] pattern='tb_phys_invalidate|tb_invalidate_phys'
[05:45:12] [spechunter] [Read] /home/yzs/riscv/qemu/accel/tcg/tb-maint.c
[05:45:12] [spechunter] [Read] /home/yzs/riscv/qemu/include/exec/tb-flush.h
[05:45:12] [spechunter] [Read] /home/yzs/riscv/qemu/target/riscv/kvm/kvm-cpu.c
[05:45:12] [spechunter] [Read] /home/yzs/riscv/qemu/target/riscv/cpu.h
[05:45:12] [spechunter] [Read] /home/yzs/riscv/XiangShan/src/main/scala/xiangshan/frontend/icache/ICache.scala
[05:45:21] [spechunter] [Grep] pattern='class DCache[^W]'
[05:45:21] [spechunter] [Grep] pattern='class DCacheWrapper'
[05:45:31] [spechunter] [Read] /home/yzs/riscv/freebsd-src/sys/riscv/riscv/pmap.c
[05:45:31] [spechunter] [Read] /home/yzs/riscv/freebsd-src/sys/riscv/riscv/pmap.c
[05:45:31] [spechunter] [Grep] pattern='pmap_sync_icache|fence_i|cpu_sync_core|cpu_icache_sync_range|kdb_cpu_sync_icache'
[05:45:31] [spechunter] [Grep] pattern='pmap_sync_icache|fence_i|cpu_sync_core|cpu_icache_sync_range'
[05:45:31] [spechunter] [Read] /home/yzs/riscv/freebsd-src/sys/vm/vm_glue.c
[05:45:31] [spechunter] [Read] /home/yzs/riscv/freebsd-src/sys/gdb/gdb_packet.c
[05:45:31] [spechunter] [Read] /home/yzs/riscv/freebsd-src/sys/riscv/riscv/sbi.c
[05:45:36] [spechunter] [Grep] pattern='TLMasterParameters|supports|clientNode|clientParameters'
[05:45:37] [spechunter] [Read] /home/yzs/riscv/qemu/target/riscv/cpu_cfg_fields.h.inc
[05:45:37] [spechunter] [Grep] pattern='ziccid|ZICCID|ext_ziccid|ext_zicc'
[05:45:37] [spechunter] [Grep] pattern='ISA_EXT_DATA_ENTRY'
[05:45:37] [spechunter] [Read] /home/yzs/riscv/qemu/accel/tcg/tb-maint.c
[05:45:37] [spechunter] [Read] /home/yzs/riscv/qemu/accel/tcg/translate-all.c
[05:45:37] [spechunter] [Read] /home/yzs/riscv/qemu/accel/tcg/tcg-accel-ops-rr.c
[05:45:37] [spechunter] [Grep] pattern='ziccid|ZICCID|ext_ziccid'
[05:45:38] [spechunter] [text] ```json {   "locations": [     {       "file_path": "arch/riscv/include/asm/cacheflush.h",       "function_name": "local...
[05:45:42] [spechunter] [Grep] pattern='class TLMasterParameters|def v1|supportsProbe'
[05:45:52] [spechunter] [Read] /home/yzs/riscv/qemu/accel/tcg/tcg-accel-ops-mttcg.c
[05:45:52] [spechunter] [Read] /home/yzs/riscv/qemu/target/riscv/cpu.c
[05:45:52] [spechunter] [Read] /home/yzs/riscv/qemu/target/riscv/tcg/tcg-cpu.c
[05:45:52] [spechunter] [Grep] pattern='tb_flush__exclusive_or_serial|queue_tb_flush'
[05:45:52] [spechunter] [Grep] pattern='ziccif|zicclsm'
[05:45:52] [spechunter] [Read] /home/yzs/riscv/qemu/target/riscv/kvm/kvm_riscv.h
[05:45:53] [spechunter] [Grep] pattern='memcpy|memmove|bcopy'
[05:45:53] [spechunter] [Grep] pattern='memcpy|memmove|bcopy|text.*write|write.*protect|kern_revoke|kern_write|VM_PROT_EXECUTE'
[05:45:53] [spechunter] [Grep] pattern='fence_i|FENCE\\.I|sync_icache|sigtramp'
[05:45:53] [spechunter] [Read] /home/yzs/riscv/freebsd-src/sys/riscv/riscv/sigtramp.S
[05:45:53] [spechunter] [Grep] pattern='sigcode|sigtramp|szsigcode|setsigcode'
[05:45:53] [spechunter] [Read] /home/yzs/riscv/freebsd-src/sys/riscv/riscv/exec_machdep.c
[05:45:58] [spechunter] [Glob] **/tilelink/Parameters.scala
[05:46:01] [spechunter] [Bash] Find TileLink files in rocket-chip
[05:46:07] [spechunter] [Read] /home/yzs/riscv/freebsd-src/sys/kern/link_elf.c
[05:46:07] [spechunter] [Grep] pattern='sendsig|sigcode|sync_icache'
[05:46:07] [spechunter] [Grep] pattern='fence_i|FENCE\\.I|patch|tracepoint|breakpoint'
[05:46:07] [spechunter] [Glob] sys/riscv/riscv/*dtrace*
[05:46:07] [spechunter] [Glob] sys/riscv/**/*dtrace*
[05:46:07] [spechunter] [Grep] pattern='sendsig'
[05:46:12] [spechunter] [Read] /home/yzs/riscv/qemu/accel/tcg/tb-maint.c
[05:46:12] [spechunter] [Read] /home/yzs/riscv/qemu/accel/tcg/tb-maint.c
[05:46:12] [spechunter] [Read] /home/yzs/riscv/qemu/target/riscv/tcg/tcg-cpu.c
[05:46:12] [spechunter] [Grep] pattern='riscv_cpu_validate_multi_ext|riscv_cpu_validate'
[05:46:12] [spechunter] [Read] /home/yzs/riscv/qemu/target/riscv/cpu.c
[05:46:12] [spechunter] [Read] /home/yzs/riscv/qemu/target/riscv/machine.c
[05:46:12] [spechunter] [Grep] pattern='ext_zifencei|ext_zicbo'
[05:46:13] [spechunter] [Bash] Check if rocketchip is initialized
[05:46:25] [spechunter] [Read] /home/yzs/riscv/freebsd-src/sys/riscv/riscv/exec_machdep.c
[05:46:25] [spechunter] [Grep] pattern='fence_i|FENCE\\.I|sync_icache|breakpoint|BKPT|singlestep'
[05:46:25] [spechunter] [Grep] pattern='fasttrap|DTrace|dtrace.*trap|dtrace.*patch'
[05:46:25] [spechunter] [Read] /home/yzs/riscv/freebsd-src/sys/riscv/riscv/ptrace_machdep.c
[05:46:25] [spechunter] [Read] /home/yzs/riscv/freebsd-src/sys/kern/link_elf.c
[05:46:30] [spechunter] [Read] /home/yzs/riscv/qemu/accel/tcg/tb-maint.c
[05:46:30] [spechunter] [Grep] pattern='tlb_flush|tlb_flush_page|tlb_flush_all|flush_page_from_tlb'
[05:46:30] [spechunter] [Read] /home/yzs/riscv/qemu/target/riscv/cpu.c
[05:46:30] [spechunter] [Read] /home/yzs/riscv/qemu/target/riscv/riscv-qmp-cmds.c
[05:46:30] [spechunter] [Grep] pattern='ziccamoa'
[05:46:30] [spechunter] [Read] /home/yzs/riscv/qemu/target/riscv/kvm/kvm-cpu.c
[05:46:31] [spechunter] [Read] /home/yzs/riscv/XiangShan/coupledL2/src/main/scala/coupledL2/tl2tl/Slice.scala
[05:46:51] [spechunter] [Grep] pattern='tlb_unprotect_code'
[05:46:51] [spechunter] [Grep] pattern='EXCP_ATOMIC|start_exclusive|end_exclusive'
[05:46:51] [spechunter] [Read] /home/yzs/riscv/qemu/accel/tcg/cputlb.c
[05:46:51] [spechunter] [Grep] pattern='riscv_cpu_extensions'
[05:46:51] [spechunter] [Grep] pattern='precise_smc'
[05:46:51] [spechunter] [Grep] pattern='gen_exception_illegal'
[05:46:51] [spechunter] [Grep] pattern='ziccamoa|ziccif|zicclsm|ziccrse|za64rs'
[05:46:55] [spechunter] [Bash] Find TileLink source files in rocket-chip submodule
[05:47:03] [spechunter] [Bash] Check rocket-chip tilelink directory
[05:47:07] [spechunter] [Bash] Find TileLink source files anywhere in the project
[05:47:12] [spechunter] [Read] /home/yzs/riscv/qemu/target/riscv/cpu.c
[05:47:12] [spechunter] [Read] /home/yzs/riscv/qemu/accel/tcg/cputlb.c
[05:47:12] [spechunter] [Read] /home/yzs/riscv/qemu/accel/tcg/cpu-exec.c
[05:47:12] [spechunter] [Grep] pattern='riscv_cpu_named_features'
[05:47:12] [spechunter] [Read] /home/yzs/riscv/qemu/target/riscv/translate.c
[05:47:12] [spechunter] [Grep] pattern='exit_tb|DISAS_NORETURN'
[05:47:17] [spechunter] [Read] /home/yzs/riscv/freebsd-src/sys/cddl/dev/dtrace/riscv/dtrace_isa.c
[05:47:17] [spechunter] [Read] /home/yzs/riscv/freebsd-src/sys/cddl/dev/dtrace/riscv/dtrace_subr.c
[05:47:17] [spechunter] [Read] /home/yzs/riscv/freebsd-src/sys/cddl/contrib/opensolaris/uts/riscv/dtrace/fasttrap_isa.c
[05:47:17] [spechunter] [Read] /home/yzs/riscv/freebsd-src/sys/cddl/contrib/opensolaris/uts/riscv/sys/fasttrap_isa.h
[05:47:23] [spechunter] [Bash] Check rocket-chip submodule status
[05:47:28] [spechunter] [Bash] Initialize the rocket-chip submodule
[05:47:32] [spechunter] [Read] /home/yzs/riscv/qemu/target/riscv/cpu.c
[05:47:32] [spechunter] [Grep] pattern='fence|icache|flush_all_cpus|tb_flush|invalidate_phys'
[05:47:32] [spechunter] [Grep] pattern='fence|tb_flush|invalidate'
[05:47:32] [spechunter] [Grep] pattern='tcg_flush_softmmu_tlb|flush.*tlb'
[05:47:32] [spechunter] [Grep] pattern='RISCV_EXCP_SEMIHOST'
[05:47:32] [spechunter] [Read] /home/yzs/riscv/qemu/target/riscv/cpu_cfg.h
[05:47:32] [spechunter] [Grep] pattern='cp0 decode.*fence|opcode.*fence'
[05:47:35] [spechunter] [Grep] pattern='fence_i|FENCE\\.I|sync_icache|pmap_sync|BKPT|breakpoint|EP_FLUSH_ICACHE'
[05:47:35] [spechunter] [Read] /home/yzs/riscv/freebsd-src/sys/kern/kern_membarrier.c
[05:47:35] [spechunter] [Grep] pattern='BKPT|breakpoint|db_write|db_set|db_clear|db_breakpoint'
[05:47:35] [spechunter] [Grep] pattern='fence_i|FENCE\\.I|sync_icache|pmap_sync'
[05:47:35] [spechunter] [Read] /home/yzs/riscv/freebsd-src/sys/riscv/include/db_machdep.h
[05:47:37] [spechunter] [Bash] Find TileLink source files in initialized rocket-chip
[05:47:40] [spechunter] [text] Now let me trace the critical code paths in detail.  
[05:47:40] [spechunter] [Read] /home/yzs/riscv/linux/arch/riscv/kernel/patch.c
[05:47:40] [spechunter] [Read] /home/yzs/riscv/linux/arch/riscv/mm/cacheflush.c
[05:47:40] [spechunter] [Read] /home/yzs/riscv/linux/arch/riscv/kernel/ftrace.c
[05:47:46] [spechunter] [TodoWrite] 5 items
[05:47:46] [spechunter] [Grep] pattern='fence_i|fence\\b.*i\\b'
[05:47:46] [spechunter] [Read] /home/yzs/riscv/qemu/target/riscv/op_helper.c
[05:47:46] [spechunter] [Read] /home/yzs/riscv/qemu/target/riscv/cpu.c
[05:47:46] [spechunter] [Grep] pattern='ziccif|zicclsm|ziccamoa|za64rs'
[05:47:46] [spechunter] [Grep] pattern='ziccif|zicclsm|ziccamoa'
[05:47:46] [spechunter] [Read] /home/yzs/riscv/qemu/accel/tcg/cputlb.c
[05:47:47] [spechunter] [Grep] pattern='supportsProbe|supports.*probe|class TLMasterParameters|def v1'
[05:47:50] [spechunter] [Read] /home/yzs/riscv/freebsd-src/sys/cddl/dev/fbt/riscv/fbt_isa.c
[05:47:50] [spechunter] [Grep] pattern='BKPT|breakpoint|db_set_breakpoint|db_put_breakpoint|db_get_breakpoint|db_delete_breakpoint'
[05:47:50] [spechunter] [Read] /home/yzs/riscv/freebsd-src/sys/riscv/riscv/db_interface.c
[05:47:53] [spechunter] [text] Now let me look at the KVM paths, signal trampoline, BPF JIT, and hibernate/kexec paths.  
[05:47:53] [spechunter] [Read] /home/yzs/riscv/linux/arch/riscv/kvm/tlb.c
[05:47:53] [spechunter] [Read] /home/yzs/riscv/linux/arch/riscv/kernel/signal.c
[05:47:53] [spechunter] [Read] /home/yzs/riscv/linux/arch/riscv/kernel/hibernate.c
[05:47:56] [spechunter] [Grep] pattern='cfg_ptr|ext_zifencei'
[05:47:56] [spechunter] [Grep] pattern='riscv_cpu_update_named_features'
[05:47:56] [spechunter] [Grep] pattern='tcg_gen_code'
[05:47:59] [spechunter] [text] Let me now look at the remaining critical paths.  
[05:47:59] [spechunter] [Read] /home/yzs/riscv/linux/arch/riscv/net/bpf_jit_core.c
[05:47:59] [spechunter] [Read] /home/yzs/riscv/linux/arch/riscv/net/bpf_jit.h
[05:47:59] [spechunter] [Read] /home/yzs/riscv/linux/arch/riscv/kernel/jump_label.c
[05:48:09] [spechunter] [Read] /home/yzs/riscv/freebsd-src/sys/riscv/riscv/trap.c
[05:48:09] [spechunter] [Grep] pattern='BREAKPOINT|INVOP|dtrace_invop_jump|illegal_instruction|inst_access|SCAUSE_BREAKPOINT'
[05:48:09] [spechunter] [Read] /home/yzs/riscv/freebsd-src/sys/ddb/db_break.c
[05:48:09] [spechunter] [Grep] pattern='vm_sync_icache|pmap_sync_icache'
[05:48:09] [spechunter] [Read] /home/yzs/riscv/freebsd-src/sys/riscv/include/sdt_machdep.h
[05:48:13] [spechunter] [Read] /home/yzs/riscv/linux/arch/riscv/kernel/probes/kprobes.c
[05:48:13] [spechunter] [Read] /home/yzs/riscv/linux/arch/riscv/kernel/kgdb.c
[05:48:13] [spechunter] [Read] /home/yzs/riscv/linux/arch/riscv/kernel/probes/uprobes.c
[05:48:22] [spechunter] [Read] /home/yzs/riscv/linux/arch/riscv/mm/dma-noncoherent.c
[05:48:22] [spechunter] [Read] /home/yzs/riscv/linux/arch/riscv/include/asm/switch_to.h
[05:48:22] [spechunter] [Read] /home/yzs/riscv/linux/arch/riscv/kernel/module.c
[05:48:22] [spechunter] [Read] /home/yzs/riscv/freebsd-src/sys/riscv/riscv/trap.c
[05:48:22] [spechunter] [Read] /home/yzs/riscv/freebsd-src/sys/riscv/riscv/trap.c
[05:48:22] [spechunter] [Read] /home/yzs/riscv/freebsd-src/sys/kern/sys_process.c
[05:48:22] [spechunter] [Grep] pattern='fence_i|sync_icache|pmap_sync'
[05:48:31] [spechunter] [Read] /home/yzs/riscv/freebsd-src/sys/cddl/dev/kinst/riscv/kinst_isa.c
[05:48:31] [spechunter] [Read] /home/yzs/riscv/freebsd-src/sys/cddl/dev/kinst/riscv/kinst_isa.c
[05:48:31] [spechunter] [Grep] pattern='fence_i|FENCE\\.I|sync_icache|patch'
[05:48:36] [spechunter] [Grep] pattern='frontendBridge|icache_node|dcache_port'
[05:48:36] [spechunter] [Grep] pattern='dcache_port'
[05:48:39] [spechunter] [text] Let me check a few more critical paths and the sync_core implementation.  
[05:48:39] [spechunter] [Read] /home/yzs/riscv/linux/arch/riscv/include/asm/sync_core.h
[05:48:39] [spechunter] [Read] /home/yzs/riscv/linux/arch/riscv/kernel/sys_riscv.c
[05:48:39] [spechunter] [Read] /home/yzs/riscv/linux/arch/riscv/mm/context.c
[05:49:35] [spechunter] [Grep] pattern='dcacheSourceIdStart|dcacheSourceId'
[05:49:35] [spechunter] [Grep] pattern='getSourceId|getClientBitOH|sourceIsDcache'
[05:49:51] [spechunter] [text] Now I have all the data needed. Let me synthesize the findings.  
[05:49:51] [spechunter] [TodoWrite] 5 items
[05:50:05] [spechunter] [Grep] pattern='io\\.sourceB|sourceB'
[05:50:05] [spechunter] [Grep] pattern='clientBits'
[05:50:05] [spechunter] [Grep] pattern='sourceB'
[05:50:26] [spechunter] [Grep] pattern='source_b|clientBits|supports\\.probe'
[05:50:52] [spechunter] [Grep] pattern='\\\\.b\\\\.|probe|Probe|channel.*B|B.*channel'
[05:50:52] [spechunter] [Read] /home/yzs/riscv/XiangShan/src/main/scala/xiangshan/frontend/icache/ICacheImp.scala
[05:50:53] [spechunter] [text] Good, the agent found the key locations. Let me now read the actual code at each critical location to produce a detailed...
[05:50:53] [spechunter] [Read] /home/yzs/riscv/freebsd-src/sys/riscv/riscv/elf_machdep.c
[05:50:53] [spechunter] [Read] /home/yzs/riscv/freebsd-src/sys/riscv/riscv/db_interface.c
[05:50:53] [spechunter] [Read] /home/yzs/riscv/freebsd-src/sys/riscv/riscv/sdt_machdep.c
[05:50:53] [spechunter] [Read] /home/yzs/riscv/freebsd-src/sys/cddl/dev/fbt/riscv/fbt_isa.c
[05:50:53] [spechunter] [Read] /home/yzs/riscv/freebsd-src/sys/cddl/dev/kinst/riscv/kinst_isa.c
[05:50:53] [spechunter] [Read] /home/yzs/riscv/freebsd-src/sys/riscv/riscv/pmap.c
[05:50:53] [spechunter] [Read] /home/yzs/riscv/freebsd-src/sys/riscv/riscv/pmap.c
[05:51:09] [spechunter] [text] Now I have all the information to synthesize the findings. Let me compile the JSON report.  
[05:51:09] [spechunter] [TodoWrite] 5 items
[05:51:15] [spechunter] [text] Now let me read a few more critical locations to complete the analysis.  
[05:51:15] [spechunter] [Read] /home/yzs/riscv/freebsd-src/sys/riscv/include/kdb.h
[05:51:15] [spechunter] [Read] /home/yzs/riscv/freebsd-src/sys/riscv/riscv/vm_machdep.c
[05:51:15] [spechunter] [Read] /home/yzs/riscv/freebsd-src/sys/riscv/riscv/mp_machdep.c
[05:51:15] [spechunter] [Read] /home/yzs/riscv/freebsd-src/sys/riscv/riscv/elf_machdep.c
[05:51:15] [spechunter] [Read] /home/yzs/riscv/freebsd-src/sys/riscv/include/cpufunc.h
[05:51:15] [spechunter] [Read] /home/yzs/riscv/freebsd-src/sys/kern/link_elf.c
[05:51:38] [spechunter] [text] Let me dig deeper into the cross-hart SMC (Self-Modifying Code) detection mechanism to verify whether it properly invali...
[05:51:38] [spechunter] [Read] /home/yzs/riscv/qemu/accel/tcg/cputlb.c
[05:51:38] [spechunter] [Read] /home/yzs/riscv/qemu/accel/tcg/tb-maint.c
[05:51:38] [spechunter] [Read] /home/yzs/riscv/qemu/target/riscv/insn_trans/trans_rvi.c.inc
[05:52:12] [spechunter] [TodoWrite] 5 items
[05:53:06] [spechunter] [text] Now I have all the code read. Let me compile the full security audit.  ```json {   "findings": [     {       "file_path"...
[05:53:40] [spechunter] [text] Let me check the working tree changes and the key store path for code page invalidation.  
[05:53:40] [spechunter] [Bash] git diff hw/riscv/riscv-iommu.c
[05:53:40] [spechunter] [Read] /home/yzs/riscv/qemu/accel/tcg/tb-maint.c
[05:53:40] [spechunter] [Grep] pattern='notdirty_write|tb_invalidate_phys_range_fast|PAGE_WRITE_INV'
[05:53:43] [spechunter] [text] Now let me compile all findings into the JSON report.  
[05:53:43] [spechunter] [Write] /home/yzs/riscv/XiangShan/ziccid_icache_coherence_findings.json
[05:53:47] [spechunter] [Read] /home/yzs/riscv/qemu/accel/tcg/cputlb.c
[05:53:47] [spechunter] [Read] /home/yzs/riscv/qemu/accel/tcg/cputlb.c
[05:53:52] [spechunter] [TodoWrite] 5 items
[05:53:52] [spechunter] [text] Here is the comprehensive semantic analysis report:  ```json {   "violation": "Linux kernel writes to instruction memory...
[05:54:04] [spechunter] [text] Let me also check the `notdirty_write` and `PAGE_WRITE_INV` to understand the full TB invalidation on store path.  
[05:54:04] [spechunter] [Read] /home/yzs/riscv/qemu/accel/tcg/cputlb.c
[05:54:04] [spechunter] [Read] /home/yzs/riscv/qemu/accel/tcg/cputlb.c
[05:54:04] [spechunter] [Grep] pattern='PAGE_WRITE_INV'
[05:54:12] [spechunter] [text] Findings written to `ziccid_icache_coherence_findings.json`. Here is the summary.  ---  ## Ziccid ICache Coherence Audit...
[05:54:12] [spechunter] [Grep] pattern='PAGE_WRITE_INV'
[05:54:12] [spechunter] [Grep] pattern='ziccid|ext_ziccid'
[05:54:42] [spechunter] [text] Let me check how `tb_jmp_cache_inval_tb` handles cross-hart jmp cache invalidation, and also look at the softmmu store h...
[05:54:42] [spechunter] [Read] /home/yzs/riscv/qemu/accel/tcg/tb-maint.c
[05:54:42] [spechunter] [Grep] pattern='tb_invalidate_phys_range|notdirty_write|tlb_unprotect|PAGE_WRITE_INV|TLB_INVALID'
[05:55:05] [spechunter] [Read] /home/yzs/riscv/XiangShan/src/main/scala/xiangshan/frontend/icache/Parameters.scala
[05:55:05] [spechunter] [Read] /home/yzs/riscv/XiangShan/src/main/scala/xiangshan/frontend/icache/ICacheMetaInterleavedBank.scala
[05:55:05] [spechunter] [Read] /home/yzs/riscv/XiangShan/src/main/scala/xiangshan/backend/fu/Fence.scala
[05:55:23] [spechunter] [Read] /home/yzs/riscv/XiangShan/src/main/scala/xiangshan/frontend/icache/ICacheImp.scala
[05:55:23] [spechunter] [Read] /home/yzs/riscv/XiangShan/src/main/scala/xiangshan/frontend/icache/ICacheMissUnit.scala
[05:55:23] [spechunter] [Read] /home/yzs/riscv/XiangShan/src/main/scala/xiangshan/backend/decode/DecodeUnit.scala
[05:55:23] [spechunter] [Read] /home/yzs/riscv/XiangShan/src/main/scala/xiangshan/frontend/Frontend.scala
[05:56:23] [spechunter] [text] The slow-path returned empty results, so validation is entirely against the fast-path set. The Ziccid draft spec defines...
[05:56:23] [spechunter] [Bash] Output final location review JSON
[05:56:47] [spechunter] [text] Let me verify several more files to cross-validate the marginal locations.  
[05:56:47] [spechunter] [Read] /home/yzs/riscv/XiangShan/src/main/scala/xiangshan/frontend/icache/ICacheMetaArray.scala
[05:56:47] [spechunter] [Read] /home/yzs/riscv/XiangShan/src/main/scala/xiangshan/frontend/icache/ICacheMissUnit.scala
[05:56:47] [spechunter] [Read] /home/yzs/riscv/XiangShan/src/main/scala/xiangshan/frontend/icache/ICacheMshr.scala
[05:56:47] [spechunter] [Read] /home/yzs/riscv/XiangShan/src/main/scala/xiangshan/cache/L1Cache.scala
[05:56:53] [spechunter] [text] ## Review Summary  **Slow-path returned all empty entries** — no semantic hits to cross-validate against the 48 fast-pat...
[05:57:08] [spechunter] [text] I'll systematically search for and analyze each code location matching the vulnerability pattern. Let me start by findin...
[05:57:08] [spechunter] [Grep] pattern='flush_icache_all|flush_icache_mm|flush_icache_range|local_flush_icache_all|fence\\.i|__patch_insn_write|patch_text|sbi_remote_fence_i'
[05:57:08] [spechunter] [Grep] pattern='Ziccid|ziccid|CCID|ccid'
[05:57:17] [spechunter] [text] Let me focus on the core RISC-V files and check for any Ziccid-specific changes in the PR context.  
[05:57:17] [spechunter] [Grep] pattern='ziccid|Ziccid|ZICCID|CCID'
[05:57:17] [spechunter] [Bash] Check recent commits for Ziccid PR
[05:57:32] [spechunter] [text] Now let me check the remaining marginal locations to verify.  
[05:57:32] [spechunter] [Read] /home/yzs/riscv/XiangShan/src/main/scala/xiangshan/frontend/icache/ICacheMainPipe.scala
[05:57:32] [spechunter] [Read] /home/yzs/riscv/XiangShan/src/main/scala/xiangshan/Parameters.scala
[05:57:32] [spechunter] [Read] /home/yzs/riscv/XiangShan/src/main/scala/xiangshan/cache/dcache/mainpipe/Probe.scala
[05:57:38] [spechunter] [text] No Ziccid references exist in arch/riscv — this PR hasn't been applied. Let me now read the critical code locations.  
[05:57:38] [spechunter] [Read] /home/yzs/riscv/linux/arch/riscv/mm/cacheflush.c
[05:57:38] [spechunter] [Read] /home/yzs/riscv/linux/arch/riscv/kernel/patch.c
[05:57:38] [spechunter] [Read] /home/yzs/riscv/linux/arch/riscv/include/asm/cacheflush.h
[05:57:38] [spechunter] [Read] /home/yzs/riscv/linux/arch/riscv/include/asm/text-patching.h
[05:57:46] [spechunter] [Read] /home/yzs/riscv/linux/arch/riscv/kernel/alternative.c
[05:57:46] [spechunter] [Read] /home/yzs/riscv/linux/arch/riscv/kernel/ftrace.c
[05:57:46] [spechunter] [Read] /home/yzs/riscv/linux/arch/riscv/kernel/jump_label.c
[05:58:00] [spechunter] [Read] /home/yzs/riscv/linux/arch/riscv/kernel/probes/kprobes.c
[05:58:00] [spechunter] [Read] /home/yzs/riscv/linux/arch/riscv/net/bpf_jit_core.c
[05:58:00] [spechunter] [Read] /home/yzs/riscv/linux/arch/riscv/kvm/tlb.c
[05:58:00] [spechunter] [Read] /home/yzs/riscv/linux/arch/riscv/mm/context.c
[05:58:11] [spechunter] [text] Let me read a few more critical files to complete the audit.  
[05:58:11] [spechunter] [Read] /home/yzs/riscv/linux/arch/riscv/net/bpf_jit.h
[05:58:11] [spechunter] [Grep] pattern='bpf_flush_icache'
[05:58:11] [spechunter] [Read] /home/yzs/riscv/linux/arch/riscv/kernel/kgdb.c
[05:58:11] [spechunter] [Read] /home/yzs/riscv/linux/arch/riscv/kernel/machine_kexec.c
[05:58:30] [spechunter] [text] Let me read a few more files.  
[05:58:30] [spechunter] [Read] /home/yzs/riscv/linux/arch/riscv/net/bpf_jit.h
[05:58:30] [spechunter] [Read] /home/yzs/riscv/linux/arch/riscv/errata/thead/errata.c
[05:58:30] [spechunter] [Read] /home/yzs/riscv/linux/arch/riscv/kernel/sbi.c
[05:58:40] [spechunter] [text] Let me read a few more key files to complete the audit.  
[05:58:40] [spechunter] [Read] /home/yzs/riscv/linux/arch/riscv/kernel/sys_riscv.c
[05:58:40] [spechunter] [Read] /home/yzs/riscv/linux/arch/riscv/kernel/cpufeature.c
[05:58:40] [spechunter] [Grep] pattern='flush_icache|fence\\.i|patch_text|__patch_insn'
[05:58:54] [spechunter] [text] Now let me check how `tlb_protect_code` is called during TB generation:  
[05:58:54] [spechunter] [Grep] pattern='tlb_protect_code'
[05:58:54] [spechunter] [Grep] pattern='tlb_protect_code|tlb_unprotect_code'
[05:59:08] [spechunter] [Read] /home/yzs/riscv/qemu/accel/tcg/cputlb.c
[05:59:08] [spechunter] [Read] /home/yzs/riscv/qemu/accel/tcg/tb-maint.c
[05:59:30] [spechunter] [text] Now I have enough context to cross-validate and produce the final location set. Let me compile the analysis.  **Analysis...
[05:59:35] [spechunter] [text] Now let me check the `switch_to` path and the `flush_icache_deferred` mechanism to complete the picture.  
[05:59:35] [spechunter] [Read] /home/yzs/riscv/linux/arch/riscv/include/asm/switch_to.h
[05:59:35] [spechunter] [Grep] pattern='switch_to_should_flush_icache'
[06:00:00] [spechunter] [text] I'll systematically search the XiangShan repo for ICache coherence-related code. The location list is empty, so I need t...
[06:00:00] [spechunter] [Agent] description, subagent_type
[06:00:00] [spechunter] [Agent] description, subagent_type
[06:00:08] [spechunter] [Bash] List top-level directory structure
[06:00:08] [spechunter] [Bash] Explore scala source directory structure
[06:00:21] [spechunter] [TodoWrite] 9 items
[06:00:32] [spechunter] [Glob] src/main/scala/**/*ICache*
[06:00:32] [spechunter] [Glob] src/main/scala/**/*icache*
[06:00:32] [spechunter] [Glob] src/main/scala/**/*InsCache*
[06:00:32] [spechunter] [Glob] src/main/scala/**/*DCache*
[06:00:32] [spechunter] [Glob] src/main/scala/**/*dcache*
[06:00:32] [spechunter] [Glob] src/main/scala/**/*Fencei*
[06:00:32] [spechunter] [Glob] src/main/scala/**/*fencei*
[06:00:32] [spechunter] [Glob] src/main/scala/**/*SFence*
[06:00:32] [spechunter] [Glob] src/main/scala/**/*cohere*
[06:00:32] [spechunter] [Glob] src/main/scala/**/*snoop*
[06:00:32] [spechunter] [Glob] src/main/scala/**/*probe*
[06:00:32] [spechunter] [Glob] src/main/scala/**/*Invalid*
[06:00:43] [spechunter] [Bash] List ICache directory
[06:00:43] [spechunter] [Bash] List huancun directory structure
[06:00:43] [spechunter] [Bash] List coupledL2 directory
[06:00:43] [spechunter] [Bash] List TileLink directories in rocket-chip
[06:00:43] [spechunter] [Bash] Check for Ziccid-related files
[06:00:43] [spechunter] [Bash] Find existing Ziccid audit findings
[06:00:57] [spechunter] [Read] /home/yzs/riscv/XiangShan/ziccid_icache_coherence_findings.json
[06:00:57] [spechunter] [Bash] List huancun scala source files
[06:00:57] [spechunter] [Bash] List other frontend scala files
[06:00:57] [spechunter] [Glob] **/*Snoop*
[06:00:57] [spechunter] [Glob] **/*snoop*
[06:01:05] [spechunter] [Glob] src/main/scala/**/*snoop*
[06:01:05] [spechunter] [Glob] src/main/scala/**/*probe*
[06:01:05] [spechunter] [Glob] src/main/scala/**/*Invalid*
[06:01:05] [spechunter] [Glob] src/main/scala/**/*Frontend*
[06:01:05] [spechunter] [Glob] src/main/scala/**/*LoadStore*
[06:01:05] [spechunter] [Glob] src/main/scala/**/*Cache*
[06:01:05] [spechunter] [Glob] src/main/scala/**/*TLB*
[06:01:05] [spechunter] [Glob] src/main/scala/**/*FTQ*
[06:01:05] [spechunter] [Glob] src/main/scala/**/*IBuffer*
[06:01:05] [spechunter] [Glob] src/main/scala/**/*Flush*
[06:01:05] [spechunter] [Grep] pattern='fence\\\\.i|FenceI|fence_i|SFence'
[06:01:22] [spechunter] [Read] /home/yzs/riscv/XiangShan/src/main/scala/xiangshan/frontend/icache/ICacheImp.scala
[06:01:22] [spechunter] [Read] /home/yzs/riscv/XiangShan/src/main/scala/xiangshan/frontend/icache/Parameters.scala
[06:01:22] [spechunter] [Read] /home/yzs/riscv/XiangShan/src/main/scala/xiangshan/frontend/icache/ICache.scala
[06:01:22] [spechunter] [Grep] pattern='fencei|fence\\.i|FENCE_I|Fencei|fence_i'
[06:01:22] [spechunter] [Grep] pattern='snoop|Snoop|SNOOP'
[06:01:22] [spechunter] [Grep] pattern='Probe|probe|\\.b\\.'
[06:01:33] [spechunter] [text] Now I have a complete picture. Here is the analysis:  ```json {   "findings": [     {       "file_path": "arch/riscv/inc...
[06:01:33] [spechunter] [Glob] **/*
[06:01:33] [spechunter] [Glob] **/*Maintain*
[06:01:33] [spechunter] [Glob] **/*Release*
[06:01:33] [spechunter] [Grep] pattern='class FTQ|FTQBundle|class Ftq'
[06:01:33] [spechunter] [Grep] pattern='coherent|coher|snoop|invalidate'
[06:01:33] [spechunter] [Grep] pattern='flush.*frontend|frontend.*flush|ibuffer.*flush|flush.*ibuffer'
[06:01:33] [spechunter] [Grep] pattern='L1I|cache.*maintain|maintain.*cache|icache.*flush'
[06:01:33] [spechunter] [Grep] pattern='DCache|L1D'
[06:01:39] [spechunter] [TodoWrite] 7 items
[06:01:51] [spechunter] [Read] /home/yzs/riscv/XiangShan/src/main/scala/xiangshan/backend/fu/Fence.scala
[06:01:51] [spechunter] [Read] /home/yzs/riscv/XiangShan/coupledL2/src/main/scala/coupledL2/SourceB.scala
[06:01:51] [spechunter] [Read] /home/yzs/riscv/XiangShan/coupledL2/src/main/scala/coupledL2/Directory.scala
[06:01:51] [spechunter] [Read] /home/yzs/riscv/XiangShan/src/main/scala/xiangshan/frontend/icache/ICacheMetaInterleavedBank.scala
[06:01:51] [spechunter] [Read] /home/yzs/riscv/XiangShan/src/main/scala/xiangshan/frontend/icache/ICacheMshr.scala
[06:01:51] [spechunter] [Read] /home/yzs/riscv/XiangShan/src/main/scala/xiangshan/frontend/icache/ICacheMainPipe.scala
[06:01:51] [spechunter] [Glob] **/Probe*.scala
[06:01:55] [spechunter] [Bash] List FTQ directory contents
[06:01:55] [spechunter] [Bash] List frontend directory contents
[06:01:55] [spechunter] [Bash] List icache directory contents
[06:01:55] [spechunter] [Bash] List dcache directory contents
[06:01:55] [spechunter] [Bash] List all dcache scala files recursively
[06:01:56] [spechunter] [Bash] List all cache scala files
[06:02:00] [spechunter] [text] Now let me verify the critical TB unlink path and how stale TBs are handled when Hart B is mid-execution.  
[06:02:00] [spechunter] [Read] /home/yzs/riscv/qemu/accel/tcg/tb-maint.c
[06:02:00] [spechunter] [Grep] pattern='tb_remove_from_jmp_list'
[06:02:00] [spechunter] [Grep] pattern='ziccid|Ziccid|PAGE_WRITE_INV|tb_invalidate'
[06:02:07] [spechunter] [Read] /home/yzs/riscv/XiangShan/src/main/scala/xiangshan/cache/dcache/mainpipe/Probe.scala
[06:02:07] [spechunter] [Read] /home/yzs/riscv/XiangShan/coupledL2/src/main/scala/coupledL2/CoupledL2.scala
[06:02:07] [spechunter] [Read] /home/yzs/riscv/XiangShan/src/main/scala/xiangshan/Parameters.scala
[06:02:07] [spechunter] [Read] /home/yzs/riscv/XiangShan/src/main/scala/xiangshan/frontend/Frontend.scala
[06:02:07] [spechunter] [Grep] pattern='invalid|Invalid'
[06:02:07] [spechunter] [Grep] pattern='ziccid|Ziccid|ZICCID|cache.coher|inst.*coher|coher.*inst'
[06:02:33] [spechunter] [Read] /home/yzs/riscv/XiangShan/src/main/scala/xiangshan/frontend/icache/ICache.scala
[06:02:33] [spechunter] [Read] /home/yzs/riscv/XiangShan/src/main/scala/xiangshan/frontend/icache/ICacheMainPipe.scala
[06:02:33] [spechunter] [Read] /home/yzs/riscv/XiangShan/src/main/scala/xiangshan/frontend/icache/ICacheMissUnit.scala
[06:02:33] [spechunter] [Read] /home/yzs/riscv/XiangShan/src/main/scala/xiangshan/frontend/icache/ICacheCtrlUnit.scala
[06:02:33] [spechunter] [Read] /home/yzs/riscv/XiangShan/src/main/scala/xiangshan/frontend/Frontend.scala
[06:02:33] [spechunter] [Read] /home/yzs/riscv/XiangShan/src/main/scala/xiangshan/backend/fu/Fence.scala
[06:02:33] [spechunter] [Read] /home/yzs/riscv/XiangShan/src/main/scala/xiangshan/frontend/ibuffer/IBuffer.scala
[06:02:51] [spechunter] [Read] /home/yzs/riscv/XiangShan/src/main/scala/xiangshan/frontend/Frontend.scala
[06:02:51] [spechunter] [Read] /home/yzs/riscv/XiangShan/src/main/scala/xiangshan/frontend/instruncache/InstrUncacheImp.scala
[06:02:51] [spechunter] [Read] /home/yzs/riscv/XiangShan/src/main/scala/xiangshan/frontend/icache/ICacheImp.scala
[06:02:51] [spechunter] [Grep] pattern='supportsProbe|supports.probe'
[06:02:51] [spechunter] [Grep] pattern='supportsProbe|supports.probe'
[06:02:51] [spechunter] [Grep] pattern='clientBits|client\\\\.clients\\\\.count'
[06:03:00] [spechunter] [Read] /home/yzs/riscv/XiangShan/src/main/scala/xiangshan/backend/fu/Fence.scala
[06:03:00] [spechunter] [Read] /home/yzs/riscv/XiangShan/src/main/scala/xiangshan/frontend/ifu/Ifu.scala
[06:03:00] [spechunter] [Read] /home/yzs/riscv/XiangShan/src/main/scala/xiangshan/frontend/Frontend.scala
[06:03:00] [spechunter] [Read] /home/yzs/riscv/XiangShan/src/main/scala/xiangshan/cache/dcache/mainpipe/Probe.scala
[06:03:00] [spechunter] [Read] /home/yzs/riscv/XiangShan/src/main/scala/xiangshan/cache/dcache/DCacheWrapper.scala
[06:03:00] [spechunter] [Read] /home/yzs/riscv/XiangShan/src/main/scala/xiangshan/cache/dcache/mainpipe/MainPipe.scala
[06:03:00] [spechunter] [Read] /home/yzs/riscv/XiangShan/src/main/scala/xiangshan/cache/dcache/mainpipe/MissQueue.scala
[06:03:14] [spechunter] [Read] /home/yzs/riscv/XiangShan/coupledL2/src/main/scala/coupledL2/SinkC.scala
[06:03:14] [spechunter] [Read] /home/yzs/riscv/XiangShan/coupledL2/src/main/scala/coupledL2/CoupledL2.scala
[06:03:14] [spechunter] [Read] /home/yzs/riscv/XiangShan/coupledL2/src/main/scala/coupledL2/CoupledL2.scala
[06:03:14] [spechunter] [Read] /home/yzs/riscv/XiangShan/src/main/scala/xiangshan/frontend/ftq/Ftq.scala
[06:03:14] [spechunter] [Read] /home/yzs/riscv/XiangShan/src/main/scala/xiangshan/frontend/icache/ICacheMissUnit.scala
[06:03:14] [spechunter] [Grep] pattern='icache|ICache|iCache'
[06:03:14] [spechunter] [Grep] pattern='coher|fence\\.i|icache|TileLink|ziccid|snoop'
[06:03:19] [spechunter] [Read] /home/yzs/riscv/XiangShan/src/main/scala/xiangshan/frontend/icache/ICacheImp.scala
[06:03:19] [spechunter] [Read] /home/yzs/riscv/XiangShan/src/main/scala/xiangshan/frontend/ftq/Ftq.scala
[06:03:19] [spechunter] [Read] /home/yzs/riscv/XiangShan/src/main/scala/xiangshan/cache/dcache/mainpipe/WritebackQueue.scala
[06:03:19] [spechunter] [Read] /home/yzs/riscv/XiangShan/src/main/scala/xiangshan/L2Top.scala
[06:03:19] [spechunter] [Grep] pattern='fencei|fence\\.i|flush.*icache|icache.*flush|inval.*icache|icache.*inval'
[06:03:19] [spechunter] [Grep] pattern='ziccid|Ziccid|cmo.*inval|inval.*cmo|SFENCE\\.VMA|sfence_vma'
[06:03:40] [spechunter] [text] Now I have a complete understanding of the mechanism. Let me verify one last critical path — whether `tlb_fill_align` al...
[06:03:40] [spechunter] [Read] /home/yzs/riscv/qemu/accel/tcg/cputlb.c
[06:03:46] [spechunter] [Bash] List frontend subdirectories containing key files
[06:03:46] [spechunter] [Read] /home/yzs/riscv/XiangShan/src/main/scala/xiangshan/frontend/instruncache/InstrUncache.scala
[06:03:46] [spechunter] [Read] /home/yzs/riscv/XiangShan/src/main/scala/xiangshan/cache/CacheInstruction.scala
[06:03:46] [spechunter] [Read] /home/yzs/riscv/XiangShan/src/main/scala/xiangshan/frontend/icache/Parameters.scala
[06:03:46] [spechunter] [Read] /home/yzs/riscv/XiangShan/src/main/scala/xiangshan/cache/L1Cache.scala
[06:03:46] [spechunter] [Grep] pattern='class.*PMP|class.*PMA|PMPChecker|class.*Uncache'
[06:03:56] [spechunter] [Grep] pattern='fencei|flush|mshr.io|resp'
[06:03:56] [spechunter] [Read] /home/yzs/riscv/XiangShan/src/main/scala/xiangshan/cache/dcache/DCacheWrapper.scala
[06:03:56] [spechunter] [Grep] pattern='fencei|Fencei|flushAll|flushPipe'
[06:03:56] [spechunter] [Grep] pattern='fencei|flushPIpe|flushAll'
[06:03:56] [spechunter] [Grep] pattern='fencei|flushAll|flush|probe'
[06:04:08] [spechunter] [Bash] List instruncache files
[06:04:08] [spechunter] [Grep] pattern='sfence|Sfence|tlb.*shoot|shoot.*tlb|flush.*tlb|tlb.*flush|tlb.*invalid|invalidate.*tlb'
[06:04:08] [spechunter] [Read] /home/yzs/riscv/XiangShan/src/main/scala/xiangshan/frontend/icache/ICacheMetaArray.scala
[06:04:08] [spechunter] [Read] /home/yzs/riscv/XiangShan/src/main/scala/xiangshan/frontend/icache/ICacheWayLookup.scala
[06:04:08] [spechunter] [Read] /home/yzs/riscv/XiangShan/src/main/scala/xiangshan/frontend/icache/ICacheReplacer.scala
[06:04:08] [spechunter] [Read] /home/yzs/riscv/XiangShan/src/main/scala/xiangshan/frontend/icache/ICacheMshr.scala
[06:04:28] [spechunter] [Read] /home/yzs/riscv/XiangShan/src/main/scala/xiangshan/cache/mmu/TLB.scala
[06:04:28] [spechunter] [Read] /home/yzs/riscv/XiangShan/src/main/scala/xiangshan/frontend/icache/ICacheDataArray.scala
[06:04:28] [spechunter] [Read] /home/yzs/riscv/XiangShan/src/main/scala/xiangshan/frontend/icache/ICacheDataBank.scala
[06:04:28] [spechunter] [Read] /home/yzs/riscv/XiangShan/src/main/scala/xiangshan/frontend/icache/ICachePrefetchPipe.scala
[06:04:28] [spechunter] [Read] /home/yzs/riscv/XiangShan/src/main/scala/xiangshan/backend/fu/CSR.scala
[06:04:28] [spechunter] [Read] /home/yzs/riscv/XiangShan/src/main/scala/xiangshan/backend/decode/DecodeUnit.scala
[06:04:28] [spechunter] [Read] /home/yzs/riscv/XiangShan/src/main/scala/xiangshan/backend/Backend.scala
[06:04:35] [spechunter] [Grep] pattern='redirect|Redirect'
[06:04:35] [spechunter] [Read] /home/yzs/riscv/XiangShan/src/main/scala/xiangshan/frontend/ftq/BackendRedirectReceiver.scala
[06:04:35] [spechunter] [Grep] pattern='coheren'
[06:04:35] [spechunter] [Grep] pattern='Probe|probe\\.SourceB'
[06:04:35] [spechunter] [Read] /home/yzs/riscv/XiangShan/coupledL2/src/main/scala/coupledL2/tl2tl/ProbeQueue.scala
[06:04:35] [spechunter] [Grep] pattern='ziccid|Ziccid|coherence|coherency|fence\\.i.*icache|icache.*fence\\.i'
[06:04:45] [spechunter] [text] Now I have all the information needed. Let me verify one last aspect — whether there's any mechanism to force a remote h...
[06:04:45] [spechunter] [Grep] pattern='cpu_exit|cpu_loop_exit|cpu_restore_state'
[06:04:45] [spechunter] [Grep] pattern='CF_COUNT_MASK|CF_NO_GOTO_TB'
[06:04:54] [spechunter] [Grep] pattern='probe|Probe|sourceB|SourceB'
[06:04:54] [spechunter] [Grep] pattern='probe|Probe|sourceB|SourceB'
[06:04:54] [spechunter] [Read] /home/yzs/riscv/XiangShan/src/main/scala/xiangshan/frontend/icache/ICachePrefetchPipe.scala
[06:05:01] [spechunter] [TodoWrite] 7 items
[06:06:47] [spechunter] [TodoWrite] 7 items
[06:07:04] [spechunter] [text] Let me now read the critical files to gather concrete evidence.  
[06:07:04] [spechunter] [Read] /home/yzs/riscv/XiangShan/src/main/scala/xiangshan/frontend/icache/Parameters.scala
[06:07:04] [spechunter] [Read] /home/yzs/riscv/XiangShan/src/main/scala/xiangshan/frontend/icache/ICache.scala
[06:07:04] [spechunter] [Read] /home/yzs/riscv/XiangShan/src/main/scala/xiangshan/frontend/icache/ICacheImp.scala
[06:07:15] [spechunter] [text] Now let me read the DCache Probe module for contrast and the ICacheMissUnit to confirm the absence of probe handling.  
[06:07:15] [spechunter] [Read] /home/yzs/riscv/XiangShan/src/main/scala/xiangshan/cache/dcache/mainpipe/Probe.scala
[06:07:15] [spechunter] [Read] /home/yzs/riscv/XiangShan/src/main/scala/xiangshan/frontend/icache/ICacheMissUnit.scala
[06:07:15] [spechunter] [Read] /home/yzs/riscv/XiangShan/src/main/scala/xiangshan/frontend/icache/ICacheBundle.scala
[06:07:22] [spechunter] [text] Let me read the remaining critical files.  
[06:07:22] [spechunter] [Read] /home/yzs/riscv/XiangShan/src/main/scala/xiangshan/frontend/icache/Bundles.scala
[06:07:22] [spechunter] [Read] /home/yzs/riscv/XiangShan/src/main/scala/xiangshan/frontend/icache/ICacheMshr.scala
[06:07:22] [spechunter] [Read] /home/yzs/riscv/XiangShan/src/main/scala/xiangshan/backend/fu/Fence.scala
[06:07:23] [spechunter] [text] Now I have a complete picture. Let me verify the PR context — the code locations to analyze are all `:0-0` (empty), mean...
[06:07:23] [spechunter] [Read] /home/yzs/riscv/qemu/accel/tcg/tb-maint.c
[06:09:05] [spechunter] [Read] /home/yzs/riscv/XiangShan/src/main/scala/xiangshan/frontend/icache/ICacheMetaInterleavedBank.scala
[06:09:05] [spechunter] [Read] /home/yzs/riscv/XiangShan/src/main/scala/xiangshan/frontend/Frontend.scala
[06:09:05] [spechunter] [Read] /home/yzs/riscv/XiangShan/src/main/scala/xiangshan/XSCore.scala
[06:09:22] [spechunter] [text] Let me check a couple more files to confirm the DCache probe path and contrast it with ICache.  
[06:09:22] [spechunter] [Read] /home/yzs/riscv/XiangShan/src/main/scala/xiangshan/frontend/icache/ICacheMetaArray.scala
[06:09:22] [spechunter] [Grep] pattern='probe|Probe|snoop|Snoop|coher|Coher'
[06:09:22] [spechunter] [Grep] pattern='ziccid|Ziccid|Ziccid|zicci'
[06:10:10] [spechunter] [text] Now I have all the evidence. Let me compile the final audit.  
[06:10:10] [spechunter] [Write] /home/yzs/riscv/XiangShan/ziccid_icache_coherence_findings.json
[06:10:15] [spechunter] [Read] /home/yzs/riscv/XiangShan/ziccid_icache_coherence_findings.json
[06:10:34] [spechunter] [text] Now let me verify the `PAGE_WRITE_INV` usage in the page protection path — whether it applies to RAM or only IOMMU:  
[06:10:34] [spechunter] [Grep] pattern='PAGE_WRITE_INV'
[06:10:34] [spechunter] [Grep] pattern='PAGE_WRITE_INV'
[06:10:48] [spechunter] [Grep] pattern='PAGE_'
[06:10:48] [spechunter] [Grep] pattern='PAGE_WRITE_INV'
[06:11:11] [spechunter] [Write] /home/yzs/riscv/XiangShan/ziccid_icache_coherence_findings.json
[06:11:23] [spechunter] [text] ## Audit Summary: Ziccid ICache Coherence — **BUG_CONFIRMED**  I analyzed 12 RTL code locations across the XiangShan fro...
[06:12:32] [spechunter] [text] Now I have a complete picture of the mechanism. Let me synthesize the findings.  
[06:12:32] [spechunter] [Write] /home/yzs/riscv/qemu/analysis_ziccid_smc_coherence.json
[06:13:41] [spechunter] [text] Now let me verify the critical goto_tb self-loop mechanism in the RISC-V translator.    
[06:13:41] [spechunter] [Grep] pattern='translator_use_goto_tb|gen_goto_tb|goto_tb'
[06:13:41] [spechunter] [Grep] pattern='cpu_exec_nocache|cpu_exec_loop|cpu_exec_step'
[06:13:47] [spechunter] [Read] /home/yzs/riscv/qemu/target/riscv/translate.c
[06:13:47] [spechunter] [Read] /home/yzs/riscv/qemu/accel/tcg/cpu-exec.c
[06:14:56] [spechunter] [Grep] pattern='cpu_exit'
[06:14:56] [spechunter] [Read] /home/yzs/riscv/qemu/accel/tcg/tb-maint.c
[06:15:56] [spechunter] [text] Now let me verify one more detail about how the timer interrupt provides the eventual-exit guarantee in MTTCG.  
[06:15:56] [spechunter] [Grep] pattern='max_cpus|CF_PARALLEL|cpu_exit|timer|kick'
[06:15:56] [spechunter] [Grep] pattern='icount|CF_COUNT_MASK|cpu_handle_interrupt'
[04:11:43] [spechunter] PR loaded: #2598 riscv/riscv-isa-manual — "Add Ziccid draft spec"
[04:11:43] [spechunter]   diff: 7877 chars  body: 1 chars  reviews: 0
[04:11:43] [spechunter] Global pre-filter running...
[04:11:59] [spechunter] [text] {"should_skip": false, "skip_reason": "Ziccid is a new ISA extension defining instruction/data coherence and consistency...
[04:12:00] [spechunter] pre-filter: should_skip=False reason="Ziccid is a new ISA extension defining instruction/data coherence and consistency semantics — directly impacts memory model, cache coherence, and fence behavior, all security-critical for kernels, firmware, and hardware."
[04:12:17] [spechunter] [text] ```json {"should_skip": false} ```
[04:12:22] [spechunter] [text] {"should_skip": true, "skip_reason": "Ziccid is an unprivileged ISA extension defining instruction/data coherence guaran...
[04:12:28] [spechunter] [text] {"should_skip": false}
[04:12:39] [spechunter] [text] {"should_skip": true, "skip_reason": "Ziccid defines hardware-level instruction/data coherence guarantees for JIT worklo...
[04:12:41] [spechunter] [text] {"should_skip": false}
[04:12:51] [spechunter] [text] ```json {   "violation_condition": "QEMU TCG advertises Ziccid in ISA string but does not flush/invalidate stale Transla...
[04:13:06] [spechunter] [text] ```json {   "violation_condition": "In XiangShan RTL, when the L1 I-cache is not kept coherent with the L1 D-cache (no s...
[04:13:07] [spechunter] [TodoWrite] 6 items
[04:13:21] [spechunter] [TodoWrite] 5 items
[04:13:24] [spechunter] [Grep] pattern='helper_fence_i'
[04:13:24] [spechunter] [Grep] pattern='FENCE_I|fence_i|fence\\.i'
[04:13:24] [spechunter] [Grep] pattern='tb_flush|tb_invalidate_phys_page'
[04:13:24] [spechunter] [Grep] pattern='ziccid|Ziccid|ZICCID'
[04:13:28] [spechunter] [Grep] pattern='flush_icache_range|FENCE\\.I|fence\\.i|FLUSH_I'
[04:13:28] [spechunter] [Grep] pattern='Ziccid|ziccid'
[04:13:37] [spechunter] [Grep] pattern='tb_flush'
[04:13:37] [spechunter] [Grep] pattern='helper_fence_i'
[04:13:37] [spechunter] [Grep] pattern='tb_invalidate_phys_page'
[04:13:37] [spechunter] [Grep] pattern='FENCE_I|fence_i'
[04:13:37] [spechunter] [Grep] pattern='Ziccid|ziccid'
[04:13:37] [spechunter] [Grep] pattern='tb_jmp_cache'
[04:13:37] [spechunter] [Grep] pattern='CODE_GEN_PHYS_HASH'
[04:13:42] [spechunter] [Read] /home/yzs/riscv/qemu/target/riscv/insn_trans/trans_rvi.c.inc
[04:13:42] [spechunter] [Read] /home/yzs/riscv/qemu/target/riscv/insn32.decode
[04:13:48] [spechunter] [Grep] pattern='FENCE\\.I'
[04:13:48] [spechunter] [Grep] pattern='ICache'
[04:13:48] [spechunter] [Grep] pattern='DCache'
[04:13:48] [spechunter] [Grep] pattern='FetchBuffer'
[04:13:48] [spechunter] [Grep] pattern='Ftq'
[04:13:48] [spechunter] [Grep] pattern='StoreQueue'
[04:13:48] [spechunter] [Grep] pattern='PMA'
[04:13:48] [spechunter] [Grep] pattern='fence_i'
[04:13:54] [spechunter] [text] Let me trace deeper into the FENCE.I handling and the main loop path
[04:13:54] [spechunter] [Grep] pattern='tb_flush|tb_invalidate'
[04:13:54] [spechunter] [Grep] pattern='tb_flush|tb_invalidate_phys'
[04:13:54] [spechunter] [Grep] pattern='ziccid|Ziccid'
[04:13:54] [spechunter] [Grep] pattern='zifencei|Zifencei'
[04:13:57] [spechunter] [Read] /home/yzs/riscv/qemu/target/riscv/insn_trans/trans_rvi.c.inc
[04:13:57] [spechunter] [Read] /home/yzs/riscv/qemu/target/riscv/insn32.decode
[04:13:57] [spechunter] [Grep] pattern='fence\\.i|FENCE\\.I|FENCE_I'
[04:13:57] [spechunter] [Grep] pattern='REMOTE_FENCE_I|remote_fence_i'
[04:13:57] [spechunter] [Grep] pattern='TB_INVALIDATE|tb_invalidate_phys_page_range'
[04:13:59] [spechunter] [Grep] pattern='ICache.*coheren|snoop.*inst|icache.*snoop|ICache.*snoop'
[04:13:59] [spechunter] [Grep] pattern='FetchBuffer|Ftq|IfuBuffer'
[04:13:59] [spechunter] [Grep] pattern='fence_i|FENCE_I|sfence|SFENCE|flushPipe|flush.*fetch|inval.*icache'
[04:14:08] [spechunter] [Read] /home/yzs/riscv/qemu/target/riscv/cpu_cfg_fields.h.inc
[04:14:08] [spechunter] [Grep] pattern='zifencei|Zifencei|ziccid|Ziccid'
[04:14:08] [spechunter] [Read] /home/yzs/riscv/qemu/target/riscv/cpu.c
[04:14:10] [spechunter] [Read] /home/yzs/riscv/XiangShan/src/main/scala/xiangshan/frontend/icache/Parameters.scala
[04:14:10] [spechunter] [Read] /home/yzs/riscv/XiangShan/src/main/scala/xiangshan/frontend/icache/ICacheImp.scala
[04:14:10] [spechunter] [Read] /home/yzs/riscv/XiangShan/src/main/scala/xiangshan/backend/fu/Fence.scala
[04:14:13] [spechunter] [Grep] pattern='fencei|fence\\.i'
[04:14:13] [spechunter] [Grep] pattern='Fencei|FENCEI|SFENCE'
[04:14:13] [spechunter] [Grep] pattern='coheren|snoop|coherent'
[04:14:13] [spechunter] [Grep] pattern='sbuffer.*flush|flush.*sbuffer|storeBuffer.*fence|fence.*storeBuffer'
[04:14:13] [spechunter] [Grep] pattern='cacheable.*coherent|coherent.*cacheable|PMA.*cache'
[04:14:13] [spechunter] [Grep] pattern='IfuBuffer|ibuffer'
[04:14:19] [spechunter] [text] Now let me trace the TB invalidation and the main loop flush mechanism.  
[04:14:19] [spechunter] [TodoWrite] 6 items
[04:14:21] [spechunter] [text] This is very interesting - I can see the explicit acknowledgment that ICache uses software fence.i for coherency (no har...
[04:14:21] [spechunter] [Grep] pattern='flushSb|sbIsEmpty|storeBuffer.*flush|sbuffer.*empty'
[04:14:21] [spechunter] [Read] /home/yzs/riscv/XiangShan/src/main/scala/xiangshan/frontend/Frontend.scala
[04:14:21] [spechunter] [Read] /home/yzs/riscv/XiangShan/src/main/scala/xiangshan/frontend/ftq/Ftq.scala
[04:14:32] [spechunter] [Grep] pattern='remote_fence_i|REMOTE_FENCE_I'
[04:14:32] [spechunter] [Grep] pattern='ext_zifencei'
[04:14:32] [spechunter] [Grep] pattern='zifencei'
[04:14:32] [spechunter] [Grep] pattern='sfence_inval_ir|SFENCE_INVAL_IR'
[04:14:32] [spechunter] [Grep] pattern='notdirty|tb_invalidate_phys_page_range'
[04:14:32] [spechunter] [Read] /home/yzs/riscv/qemu/target/riscv/insn_trans/trans_svinval.c.inc
[04:14:34] [spechunter] [Read] /home/yzs/riscv/qemu/accel/tcg/tb-maint.c
[04:14:34] [spechunter] [Read] /home/yzs/riscv/qemu/accel/tcg/cputlb.c
[04:14:36] [spechunter] [Grep] pattern='flushPipe|blockBack|noSpec'
[04:14:36] [spechunter] [Read] /home/yzs/riscv/XiangShan/src/main/scala/xiangshan/backend/fu/Fence.scala
[04:14:36] [spechunter] [Grep] pattern='FenceOpType'
[04:14:36] [spechunter] [Grep] pattern='flushFrontend|flushIFU|invalICache|flush.*icache|icache.*flush|flush.*fetch'
[04:14:37] [spechunter] [TodoWrite] 5 items
[04:14:39] [spechunter] [Read] /home/yzs/riscv/linux/arch/riscv/mm/cacheflush.c
[04:14:39] [spechunter] [Read] /home/yzs/riscv/linux/arch/riscv/include/asm/cacheflush.h
[04:14:39] [spechunter] [Read] /home/yzs/riscv/linux/arch/riscv/kernel/patch.c
[04:14:44] [spechunter] [Grep] pattern='notdirty_write'
[04:14:44] [spechunter] [Grep] pattern='notdirty|PAGE_WRITE|tlb_protect_code|tlb_unprotect_code'
[04:14:47] [spechunter] [text] Let me trace the FENCE.I flow through the system more deeply
[04:14:47] [spechunter] [Read] /home/yzs/riscv/XiangShan/src/main/scala/xiangshan/mem/sbuffer/Sbuffer.scala
[04:14:47] [spechunter] [Grep] pattern='flushSb|sbIsEmpty|fencei|fence_i'
[04:14:47] [spechunter] [Grep] pattern='fencei|fence_i|FENCE_I|fence\\.i'
[04:14:56] [spechunter] [text] Let me now look at the specific key files for precise locations
[04:14:56] [spechunter] [Grep] pattern='Ziccid|ziccid|CCID|ccid|CACHE.*INVAL|INVAL.*CACHE|CMO|cbo'
[04:14:56] [spechunter] [Grep] pattern='CacheInstrucion|CacheInstruction|cacheop'
[04:14:56] [spechunter] [Grep] pattern='SpeculationQueue|speculat'
[04:14:58] [spechunter] [Grep] pattern='REMOTE_FENCE_I|sbi_remote_fence_i|remote_fence_i'
[04:14:58] [spechunter] [Grep] pattern='remfence|REMOTE_FENCE|remote_fence'
[04:14:58] [spechunter] [Read] /home/yzs/riscv/qemu/accel/tcg/cputlb.c
[04:14:58] [spechunter] [Read] /home/yzs/riscv/qemu/accel/tcg/tb-maint.c
[04:14:58] [spechunter] [Read] /home/yzs/riscv/qemu/accel/tcg/tb-maint.c
[04:15:00] [spechunter] [Read] /home/yzs/riscv/qemu/accel/tcg/cputlb.c
[04:15:00] [spechunter] [Read] /home/yzs/riscv/qemu/accel/tcg/cputlb.c
[04:15:06] [spechunter] [text] Now let me check the ISA string generation and the notdirty mechanism more closely.  
[04:15:06] [spechunter] [Grep] pattern='ziccamoa|ziccif|zicclsm|ziccrse|zic64b|Ziccamoa|Ziccif|Zicclsm|Ziccrse|Zic64b'
[04:15:06] [spechunter] [Grep] pattern='has_priv_1_11'
[04:15:13] [spechunter] [text] Let me look at the specific key files more closely to get precise line ranges
[04:15:13] [spechunter] [Read] /home/yzs/riscv/XiangShan/src/main/scala/xiangshan/frontend/icache/Parameters.scala
[04:15:13] [spechunter] [Read] /home/yzs/riscv/XiangShan/src/main/scala/xiangshan/frontend/icache/ICacheMissUnit.scala
[04:15:13] [spechunter] [Read] /home/yzs/riscv/XiangShan/src/main/scala/xiangshan/frontend/icache/ICacheMshr.scala
[04:15:13] [spechunter] [Read] /home/yzs/riscv/XiangShan/src/main/scala/xiangshan/frontend/icache/ICacheImp.scala
[04:15:13] [spechunter] [Read] /home/yzs/riscv/XiangShan/src/main/scala/xiangshan/backend/fu/Fence.scala
[04:15:15] [spechunter] [Grep] pattern='REMOTE_FENCE_I|remote_fence'
[04:15:15] [spechunter] [Grep] pattern='fence_i'
[04:15:15] [spechunter] [Grep] pattern='CODE_GEN'
[04:15:15] [spechunter] [Grep] pattern='fence_i'
[04:15:22] [spechunter] [text] Let me get a few more key locations with precise line numbers
[04:15:22] [spechunter] [Read] /home/yzs/riscv/XiangShan/src/main/scala/xiangshan/XSCore.scala
[04:15:22] [spechunter] [Read] /home/yzs/riscv/XiangShan/src/main/scala/xiangshan/cache/dcache/DCacheWrapper.scala
[04:15:22] [spechunter] [Read] /home/yzs/riscv/XiangShan/src/main/scala/xiangshan/cache/dcache/DCacheWrapper.scala
[04:15:22] [spechunter] [Read] /home/yzs/riscv/XiangShan/src/main/scala/xiangshan/frontend/Frontend.scala
[04:15:22] [spechunter] [Read] /home/yzs/riscv/XiangShan/src/main/scala/xiangshan/frontend/Frontend.scala
[04:15:22] [spechunter] [Read] /home/yzs/riscv/XiangShan/src/main/scala/xiangshan/cache/CacheInstruction.scala
[04:15:25] [spechunter] [Grep] pattern='tb_invalidate_phys_range_fast'
[04:15:25] [spechunter] [Grep] pattern='tb_phys_invalidate'
[04:15:25] [spechunter] [Grep] pattern='tb_remove'
[04:15:29] [spechunter] [Grep] pattern='sbIsEmpty|sbuffer.*empty|sbEmpty'
[04:15:29] [spechunter] [Grep] pattern='flushSb|sbIsEmpty|fenceio|fence_i'
[04:15:29] [spechunter] [Grep] pattern='sbIsEmpty|flushSb|sbEmpty'
[04:15:35] [spechunter] [Grep] pattern='flush_icache_range|flush_icache_all|local_flush_icache_all|fence\\.i|FENCE_I'
[04:15:35] [spechunter] [Grep] pattern='flush_icache|fence\\.i|FENCE_I|sync_core'
[04:15:35] [spechunter] [Grep] pattern='flush_icache|fence\\.i|FENCE_I'
[04:15:48] [spechunter] [Grep] pattern='ZIFENCEI|zifencei|fence_i'
[04:15:48] [spechunter] [Grep] pattern='tcg_flush_jmp_cache'
[04:15:48] [spechunter] [Grep] pattern='hfence|sfence\\.vma|SFENCE_VMA'
[04:15:49] [spechunter] [text] Let me check a few more key files for completeness.  
[04:15:49] [spechunter] [Read] /home/yzs/riscv/XiangShan/src/main/scala/xiangshan/backend/fu/PMA.scala
[04:15:49] [spechunter] [Read] /home/yzs/riscv/XiangShan/src/main/scala/xiangshan/frontend/ftq/SpeculationQueue.scala
[04:15:49] [spechunter] [Read] /home/yzs/riscv/XiangShan/src/main/scala/xiangshan/frontend/ftq/Ftq.scala
[04:15:49] [spechunter] [Read] /home/yzs/riscv/XiangShan/src/main/scala/xiangshan/frontend/ftq/Ftq.scala
[04:15:49] [spechunter] [Read] /home/yzs/riscv/XiangShan/src/main/scala/xiangshan/mem/lsqueue/NewStoreQueue.scala
[04:15:49] [spechunter] [Read] /home/yzs/riscv/XiangShan/src/main/scala/xiangshan/cache/dcache/mainpipe/MissQueue.scala
[04:15:50] [spechunter] [Grep] pattern='fencei|frontend.*fence|fence.*frontend|io\\.fenceio|fence\\.i'
[04:15:50] [spechunter] [Grep] pattern='fencei|frontendFence'
[04:15:50] [spechunter] [Grep] pattern='stIsEmpty|storeQueueEmpty|sq_empty|flushSbuffer'
[04:16:13] [spechunter] [text] Now let me look at the PMA checker and snoop/invalidation mechanisms  
[04:16:13] [spechunter] [Grep] pattern='PMA|pma.*cacheable|pma.*coherent|isCacheable'
[04:16:13] [spechunter] [Grep] pattern='snoop|probe.*dcache|probe.*icache|inval.*dcache|dcache.*flush.*fence'
[04:16:13] [spechunter] [Grep] pattern='snoop|probe|coherent|coheren'
[04:16:30] [spechunter] [Grep] pattern='patch_text_nosync|__patch_insn_write|text_mutex'
[04:16:30] [spechunter] [Grep] pattern='stop_machine|on_each_cpu|smp_call_function'
[04:16:33] [spechunter] [Read] /home/yzs/riscv/XiangShan/src/main/scala/xiangshan/backend/fu/PMA.scala
[04:16:33] [spechunter] [Grep] pattern='cacheable|cachable|Cacheable|coherent'
[04:16:41] [spechunter] [text] ```json {   "locations": [     {       "file_path": "target/riscv/insn_trans/trans_rvi.c.inc",       "function_name": "t...
[04:16:42] [spechunter] [Read] /home/yzs/riscv/XiangShan/src/main/scala/xiangshan/backend/fu/PMA.scala
[04:16:42] [spechunter] [Read] /home/yzs/riscv/XiangShan/src/main/scala/xiangshan/frontend/icache/ICacheMainPipe.scala
[04:16:48] [spechunter] [text] Now I have all the information needed. Here is the comprehensive locations report:  ```json {   "locations": [     {    ...
[04:16:48] [spechunter] [Grep] pattern='class PMPConfig|class PMPEntry|val c|val cacheable|cacheable|val l'
[04:16:48] [spechunter] [Read] /home/yzs/riscv/XiangShan/src/main/scala/xiangshan/frontend/icache/ICacheMetaArray.scala
[04:16:48] [spechunter] [Grep] pattern='flushAll|fencei|flush.*meta'
[04:16:55] [spechunter] [text] Let me now read the PMP PMA config fields and wrap up the analysis
[04:16:55] [spechunter] [Read] /home/yzs/riscv/XiangShan/src/main/scala/xiangshan/backend/fu/PMP.scala
[04:16:55] [spechunter] [Read] /home/yzs/riscv/XiangShan/src/main/scala/xiangshan/backend/fu/PMP.scala
[04:16:55] [spechunter] [Grep] pattern='PMA.*cacheable|pma.*c\\b|cfg\\.c|\\.c\\b.*cache|coherent'
[04:17:50] [spechunter] [Read] /home/yzs/riscv/XiangShan/src/main/scala/xiangshan/backend/fu/PMP.scala
[04:17:50] [spechunter] [Grep] pattern='PMPChecker'
[04:17:50] [spechunter] [Grep] pattern='class PMPRespBundle|tmp_res\\.c|tmp_res\\.mmio|tmp_res\\.atomic'
[04:17:56] [spechunter] [Read] /home/yzs/riscv/XiangShan/src/main/scala/xiangshan/backend/fu/PMP.scala
[04:17:56] [spechunter] [Read] /home/yzs/riscv/XiangShan/src/main/scala/xiangshan/backend/fu/PMP.scala
[04:17:56] [spechunter] [Grep] pattern='pmp|mmio|PMP|unCache'
[04:17:57] [spechunter] [text] Now let me check deeper - how does the ISA string handle these "always-true" named features, and whether there's any bac...
[04:17:57] [spechunter] [Grep] pattern='ziccamoa|ziccif|zicclsm'
[04:17:57] [spechunter] [Grep] pattern='riscv_isa_string'
[04:18:13] [spechunter] [Grep] pattern='copy_to_kernel_nofault|patch_insn_write|patch_text_nosync'
[04:18:13] [spechunter] [Grep] pattern='patch_text_nosync|flush_icache_range'
[04:18:13] [spechunter] [Grep] pattern='patch_text_nosync|flush_icache_range'
[04:18:20] [spechunter] [TodoWrite] 5 items
[04:18:52] [spechunter] [Grep] pattern='riscv_isa_string'
[04:18:52] [spechunter] [Grep] pattern='isa_ext_info|isa_edata_arr|ISA_EXT_DATA_ENTRY'
[04:18:59] [spechunter] [Read] /home/yzs/riscv/qemu/target/riscv/cpu.c
[04:19:28] [spechunter] [Read] /home/yzs/riscv/linux/arch/riscv/kernel/signal.c
[04:19:28] [spechunter] [Grep] pattern='flush_icache|fence\\.i'
[04:19:28] [spechunter] [Read] /home/yzs/riscv/linux/arch/riscv/include/asm/sync_core.h
[04:19:49] [spechunter] [text] Now I have all the information needed. Let me compile the findings
[04:19:49] [spechunter] [Write] /home/yzs/riscv/XiangShan/ziccid_draft_violation_findings.json
[04:20:07] [spechunter] [Glob] src/main/scala/xiangshan/frontend/ifu/Ifu.scala
[04:20:07] [spechunter] [Grep] pattern='speculat|fetch.*flush|redirect|fromFtq|toFtq'
[04:20:11] [spechunter] [Grep] pattern='fromFtq|flushFrom|redirect|speculat|fetchBlock'
[04:20:15] [spechunter] [text] Let me check the Ifu for the relevant lines more precisely and update  
[04:20:15] [spechunter] [Read] /home/yzs/riscv/XiangShan/src/main/scala/xiangshan/frontend/ifu/Ifu.scala
[04:21:02] [spechunter] [Read] /home/yzs/riscv/qemu/target/riscv/cpu.c
[04:21:02] [spechunter] [Grep] pattern='ziccid|Ziccid|cache.*coher|coher.*cache|eventual.*visib'
[04:21:19] [spechunter] [text] Now let me check the write-without-notdirty path - what happens when hart A writes to a page where hart B has TBs, but t...
[04:21:19] [spechunter] [Grep] pattern='DIRTY_MEMORY_CODE|PAGE_WRITE_INV|CODE_GEN_PHYS_HASH'
[04:21:19] [spechunter] [Grep] pattern='periodic|background.*flush|timer.*tb|async.*flush|cpu_exit.*flush'
[04:21:19] [spechunter] [Grep] pattern='precise_smc'
[04:21:19] [spechunter] [Grep] pattern='flush_icache|fence\\.i'
[04:21:49] [spechunter] [Bash] Check recent commits for Ziccid context
[04:22:08] [spechunter] [text] Let me check the module loader and BPF JIT paths more carefully for potential Ziccid-specific issues.  
[04:22:08] [spechunter] [Grep] pattern='flush_icache_range|flush_icache_all'
[04:22:08] [spechunter] [Grep] pattern='flush_icache_range|flush_icache_all'
[04:22:08] [spechunter] [Grep] pattern='flush_icache_range'
[04:22:10] [spechunter] [Read] /home/yzs/riscv/qemu/accel/tcg/cputlb.c
[04:22:10] [spechunter] [Grep] pattern='PAGE_WRITE_INV|notdirty'
[04:22:16] [spechunter] [Read] /home/yzs/riscv/qemu/include/exec/page-protection.h
[04:22:16] [spechunter] [Grep] pattern='page_set_flags|PAGE_WRITE_INV|tb_page_add|tlb_protect_code'
[04:22:16] [spechunter] [text] Prompt is too long
[04:22:57] [spechunter] [text] I'll cross-validate the locations against the Ziccid (Ziccid Cache Coherence Invalidation Dispatch) context. Ziccid is a...
[04:22:57] [spechunter] [Read] /home/yzs/riscv/qemu/target/riscv/insn_trans/trans_rvi.c.inc
[04:22:57] [spechunter] [Read] /home/yzs/riscv/qemu/accel/tcg/tb-maint.c
[04:22:57] [spechunter] [Read] /home/yzs/riscv/qemu/accel/tcg/tb-maint.c
[04:23:24] [spechunter] [Read] /home/yzs/riscv/qemu/accel/tcg/tb-maint.c
[04:23:24] [spechunter] [Read] /home/yzs/riscv/qemu/accel/tcg/tb-maint.c
[04:23:24] [spechunter] [Grep] pattern='fence_i|FENCE_I|ziccid|coher.*invalid'
[04:23:43] [spechunter] [text] ```json {   "violation_condition": "On a Ziccid platform, the kernel relies on FENCE.I for I-D coherence after text patc...
[04:23:59] [spechunter] [text] ## Ziccid Draft Spec — Location Review  **Ziccid** defines cache maintenance operations for I/D coherence (`cbo.inval.id...
[04:23:59] [spechunter] [Bash] Emit final location review JSON
[04:24:09] [spechunter] [Agent] description, subagent_type
[04:24:18] [spechunter] [Grep] pattern='FENCE\\.I|fence\\.i|FENCE_I|fence_i'
[04:24:18] [spechunter] [Grep] pattern='Ziccid|Ziccif|ziccid|ziccif'
[04:24:18] [spechunter] [Grep] pattern='local_flush_icache_all'
[04:24:18] [spechunter] [Grep] pattern='FENCE\\.I|fence\\.i'
[04:24:18] [spechunter] [Grep] pattern='FENCE\\.I|fence\\.i'
[04:24:18] [spechunter] [Grep] pattern='FENCE\\.I|fence\\.i'
[04:24:20] [spechunter] [text] ## Summary  - **34 fast-path** locations reviewed, **0 slow-path** for cross-validation - **11 kept**, **23 removed**  *...
[04:24:38] [spechunter] [text] I'll systematically audit the XiangShan RTL for the specified security concern: I-cache coherence with D-cache stores, F...
[04:24:38] [spechunter] [Agent] description, subagent_type
[04:24:40] [spechunter] [Grep] pattern='local_flush_icache_all'
[04:24:40] [spechunter] [Grep] pattern='fence\\.i|fence i'
[04:24:40] [spechunter] [Grep] pattern='flush_icache_'
[04:24:40] [spechunter] [Grep] pattern='PAGE_KERNEL_EXEC|PAGE_KERNEL_RX'
[04:24:41] [spechunter] [text] Now let me check the SBI RFENCE handler implementation, which would be directly relevant for Ziccid.  
[04:24:41] [spechunter] [Grep] pattern='REMOTE_FENCE_I|remote_fence_i'
[04:24:41] [spechunter] [Grep] pattern='ziccid|cmo.*inval|cache.*coher|fence_i.*cross|cross.*fence'
[04:24:41] [spechunter] [Grep] pattern='Ziccid|Ziccif|ziccid|ziccif'
[04:24:41] [spechunter] [Grep] pattern='Ziccid|Ziccif'
[04:24:41] [spechunter] [Grep] pattern='Ziccid|Ziccif'
[04:24:41] [spechunter] [Grep] pattern='fence\\.i|FENCE\\.I'
[04:24:41] [spechunter] [Grep] pattern='flush_icache|fence.*cache'
[04:24:55] [spechunter] [Read] /home/yzs/riscv/linux/Documentation/arch/riscv/cmodx.rst
[04:24:55] [spechunter] [Grep] pattern='Ziccid|Ziccif'
[04:24:55] [spechunter] [Grep] pattern='cmodx|cmodx'
[04:24:55] [spechunter] [Read] /home/yzs/riscv/linux/arch/riscv/include/asm/cacheflush.h
[04:24:55] [spechunter] [Grep] pattern='cmodx|CMODX|Ziccid|Ziccif'
[04:24:55] [spechunter] [Grep] pattern='SYS_RISCV_FLUSH_ICACHE|PR_RISCV_CTX_SW_FENCEI'
[04:24:55] [spechunter] [Grep] pattern='SYS_RISCV_FLUSH_ICACHE|PR_RISCV_CTX_SW_FENCEI'
[04:25:01] [spechunter] [Read] /home/yzs/riscv/linux/arch/riscv/include/asm/cacheflush.h
[04:25:01] [spechunter] [Read] /home/yzs/riscv/linux/arch/riscv/mm/cacheflush.c
[04:25:01] [spechunter] [Read] /home/yzs/riscv/linux/arch/riscv/include/asm/sync_core.h
[04:25:01] [spechunter] [Read] /home/yzs/riscv/linux/arch/riscv/kernel/patch.c
[04:25:06] [spechunter] [Glob] **/ICache*.scala
[04:25:06] [spechunter] [Glob] **/Frontend*.scala
[04:25:06] [spechunter] [Glob] **/Ftq*.scala
[04:25:06] [spechunter] [Glob] **/Ifu*.scala
[04:25:06] [spechunter] [Glob] **/FetchBuffer*.scala
[04:25:06] [spechunter] [Glob] **/StoreBuffer*.scala
[04:25:06] [spechunter] [Grep] pattern='FENCE\\.I|fence\\.i|FenceI|fencei'
[04:25:06] [spechunter] [Grep] pattern='snoop|invalidate|inval'
[04:25:06] [spechunter] [Grep] pattern='PMA|pma|Pma'
[04:25:21] [spechunter] [text] Now let me check for any remaining locations I might have missed
[04:25:21] [spechunter] [Grep] pattern='fence\\.i|fence_i'
[04:25:21] [spechunter] [Grep] pattern='FENCE_I|fence_i|fence\\.i'
[04:25:21] [spechunter] [Grep] pattern='flush_icache'
[04:25:21] [spechunter] [Read] /home/yzs/riscv/linux/arch/riscv/mm/cacheflush.c
[04:25:21] [spechunter] [Read] /home/yzs/riscv/linux/arch/riscv/kernel/patch.c
[04:25:21] [spechunter] [Read] /home/yzs/riscv/linux/arch/riscv/kvm/tlb.c
[04:25:26] [spechunter] [Grep] pattern='patch_text_set_nosync|patch_text_nosync|__patch_insn_set|__patch_insn_write'
[04:25:26] [spechunter] [Read] /home/yzs/riscv/linux/arch/riscv/kernel/jump_label.c
[04:25:26] [spechunter] [Read] /home/yzs/riscv/linux/arch/riscv/kernel/ftrace.c
[04:25:26] [spechunter] [Read] /home/yzs/riscv/linux/arch/riscv/kernel/kgdb.c
[04:25:26] [spechunter] [Read] /home/yzs/riscv/linux/arch/riscv/kernel/signal.c
[04:25:28] [spechunter] [Read] /home/yzs/riscv/qemu/accel/tcg/cputlb.c
[04:25:28] [spechunter] [Read] /home/yzs/riscv/qemu/target/riscv/tcg/tcg-cpu.c
[04:25:28] [spechunter] [Read] /home/yzs/riscv/qemu/target/riscv/cpu_cfg_fields.h.inc
[04:25:29] [spechunter] [Read] /home/yzs/riscv/XiangShan/src/main/scala/xiangshan/frontend/icache/ICache.scala
[04:25:29] [spechunter] [Read] /home/yzs/riscv/XiangShan/src/main/scala/xiangshan/frontend/icache/ICacheImp.scala
[04:25:29] [spechunter] [Read] /home/yzs/riscv/XiangShan/src/main/scala/xiangshan/frontend/icache/ICacheMainPipe.scala
[04:25:29] [spechunter] [Read] /home/yzs/riscv/XiangShan/src/main/scala/xiangshan/backend/fu/Fence.scala
[04:25:29] [spechunter] [Read] /home/yzs/riscv/XiangShan/src/main/scala/xiangshan/mem/sbuffer/Sbuffer.scala
[04:25:29] [spechunter] [Read] /home/yzs/riscv/XiangShan/src/main/scala/xiangshan/backend/fu/PMA.scala
[04:25:29] [spechunter] [Read] /home/yzs/riscv/XiangShan/src/main/scala/xiangshan/frontend/Frontend.scala
[04:25:40] [spechunter] [text] Let me check the efi stub match and any other non-DRM fence.i references in drivers
[04:25:40] [spechunter] [Read] /home/yzs/riscv/linux/drivers/firmware/efi/libstub/riscv-stub.c
[04:25:40] [spechunter] [Grep] pattern='"fence\\.i"'
[04:25:40] [spechunter] [Read] /home/yzs/riscv/linux/arch/riscv/include/asm/sync_core.h
[04:25:40] [spechunter] [Read] /home/yzs/riscv/linux/arch/riscv/kernel/vdso/flush_icache.S
[04:25:40] [spechunter] [Read] /home/yzs/riscv/linux/arch/riscv/kernel/sys_riscv.c
[04:25:40] [spechunter] [Read] /home/yzs/riscv/linux/arch/riscv/mm/context.c
[04:25:42] [spechunter] [text] Let me check the actual commit on this branch to understand the change context
[04:25:42] [spechunter] [Bash] Check recent commits on current branch
[04:25:42] [spechunter] [Bash] See diff between current branch and master
[04:25:42] [spechunter] [Read] /home/yzs/riscv/linux/arch/riscv/kernel/alternative.c
[04:25:42] [spechunter] [Read] /home/yzs/riscv/linux/arch/riscv/kernel/cpufeature.c
[04:25:42] [spechunter] [Read] /home/yzs/riscv/linux/arch/riscv/net/bpf_jit_core.c
[04:25:42] [spechunter] [Read] /home/yzs/riscv/linux/arch/riscv/errata/thead/errata.c
[04:25:42] [spechunter] [Read] /home/yzs/riscv/linux/arch/riscv/errata/sifive/errata.c
[04:25:43] [spechunter] [Read] /home/yzs/riscv/XiangShan/src/main/scala/xiangshan/frontend/ftq/Ftq.scala
[04:25:43] [spechunter] [Read] /home/yzs/riscv/XiangShan/src/main/scala/xiangshan/frontend/ifu/Ifu.scala
[04:25:43] [spechunter] [Glob] **/IBuffer*.scala
[04:25:43] [spechunter] [Glob] **/InstrUncache*.scala
[04:25:43] [spechunter] [Read] /home/yzs/riscv/XiangShan/src/main/scala/xiangshan/frontend/icache/ICacheMetaArray.scala
[04:25:43] [spechunter] [Read] /home/yzs/riscv/XiangShan/src/main/scala/xiangshan/frontend/icache/ICacheMissUnit.scala
[04:25:43] [spechunter] [Read] /home/yzs/riscv/XiangShan/src/main/scala/xiangshan/frontend/icache/ICachePrefetchPipe.scala
[04:25:43] [spechunter] [Grep] pattern='flushAll|flush_meta|fencei.*flush|fencei.*inval'
[04:26:02] [spechunter] [text] Let me also check the remaining references in the errata and head.S for completeness.  
[04:26:02] [spechunter] [Read] /home/yzs/riscv/linux/arch/riscv/kernel/head.S
[04:26:02] [spechunter] [Read] /home/yzs/riscv/linux/arch/riscv/kernel/kexec_relocate.S
[04:26:02] [spechunter] [Read] /home/yzs/riscv/linux/arch/riscv/errata/thead/errata.c
[04:26:02] [spechunter] [Read] /home/yzs/riscv/linux/arch/riscv/kernel/ftrace.c
[04:26:02] [spechunter] [Read] /home/yzs/riscv/linux/arch/riscv/kernel/smpboot.c
[04:26:03] [spechunter] [Read] /home/yzs/riscv/XiangShan/src/main/scala/xiangshan/frontend/icache/ICacheMshr.scala
[04:26:03] [spechunter] [Read] /home/yzs/riscv/XiangShan/src/main/scala/xiangshan/frontend/icache/ICacheCtrlUnit.scala
[04:26:03] [spechunter] [Read] /home/yzs/riscv/XiangShan/src/main/scala/xiangshan/frontend/ibuffer/IBuffer.scala
[04:26:03] [spechunter] [Read] /home/yzs/riscv/XiangShan/src/main/scala/xiangshan/backend/fu/NewCSR/PMAEntryModule.scala
[04:26:03] [spechunter] [Read] /home/yzs/riscv/XiangShan/src/main/scala/xiangshan/backend/fu/NewCSR/CSRPMA.scala
[04:26:03] [spechunter] [Read] /home/yzs/riscv/XiangShan/src/main/scala/xiangshan/mem/sbuffer/Sbuffer.scala
[04:26:03] [spechunter] [Grep] pattern='flushSb|sbIsEmpty|sbuffer.*flush|flush.*sbuffer'
[04:26:03] [spechunter] [Grep] pattern='fencei.*ftq|ftq.*fencei|fencei.*flush|fencei.*redirect|fencei.*Frontend|fencei.*frontend'
[04:26:29] [spechunter] [Grep] pattern='fencei|io\\.fencei|flush.*fencei'
[04:26:29] [spechunter] [Read] /home/yzs/riscv/XiangShan/src/main/scala/xiangshan/XSCore.scala
[04:26:29] [spechunter] [Read] /home/yzs/riscv/XiangShan/src/main/scala/xiangshan/backend/Backend.scala
[04:26:29] [spechunter] [Grep] pattern='speculat|prefetchWayLookup|ftqPrefetch|fromFtq.*prefetch'
[04:26:29] [spechunter] [Glob] **/frontend/icache/Parameters.scala
[04:26:29] [spechunter] [Read] /home/yzs/riscv/XiangShan/src/main/scala/xiangshan/frontend/ftq/FtqModule.scala
[04:26:35] [spechunter] [Grep] pattern='flush_icache_pte|flush_icache_user_page'
[04:26:35] [spechunter] [Read] /home/yzs/riscv/linux/arch/riscv/kernel/kexec_relocate.S
[04:26:35] [spechunter] [Read] /home/yzs/riscv/linux/arch/riscv/kernel/head.S
[04:26:35] [spechunter] [Read] /home/yzs/riscv/linux/arch/riscv/kernel/vdso/flush_icache.S
[04:26:35] [spechunter] [Read] /home/yzs/riscv/linux/arch/riscv/kernel/smpboot.c
[04:26:41] [spechunter] [Read] /home/yzs/riscv/XiangShan/src/main/scala/xiangshan/XSCore.scala
[04:26:41] [spechunter] [Read] /home/yzs/riscv/XiangShan/src/main/scala/xiangshan/frontend/instruncache/InstrUncacheImp.scala
[04:26:41] [spechunter] [Grep] pattern='fencei'
[04:26:41] [spechunter] [Read] /home/yzs/riscv/XiangShan/src/main/scala/xiangshan/mem/MemBlock.scala
[04:26:42] [spechunter] [text] Let me check whether SBI RFENCE handlers exist in QEMU, since those would be critical for Ziccid.  
[04:26:42] [spechunter] [Grep] pattern='SBI_EXT_RFENCE|RFENCE_REMOTE_FENCE_I|sbi_rfence|remote_fence'
[04:26:42] [spechunter] [Grep] pattern='SBI_EXT_0_1_REMOTE_FENCE_I|case SBI_EXT_0_1_RFENCE|REMOTE_FENCE'
[04:26:44] [spechunter] [Read] /home/yzs/riscv/linux/arch/riscv/include/asm/switch_to.h
[04:26:44] [spechunter] [Read] /home/yzs/riscv/linux/arch/riscv/mm/context.c
[04:26:44] [spechunter] [Read] /home/yzs/riscv/linux/arch/riscv/kernel/machine_kexec.c
[04:26:44] [spechunter] [Read] /home/yzs/riscv/linux/arch/riscv/kvm/tlb.c
[04:26:44] [spechunter] [Read] /home/yzs/riscv/linux/arch/riscv/kernel/hibernate.c
[04:26:51] [spechunter] [Read] /home/yzs/riscv/XiangShan/src/main/scala/xiangshan/frontend/icache/ICacheMetaInterleavedBank.scala
[04:26:51] [spechunter] [Grep] pattern='fenceio|fence\\.fencei|fence\\.sfence|FenceIO'
[04:26:51] [spechunter] [Read] /home/yzs/riscv/XiangShan/src/main/scala/xiangshan/backend/fu/FuncUnit.scala
[04:26:51] [spechunter] [Read] /home/yzs/riscv/XiangShan/src/main/scala/xiangshan/mem/Bundles.scala
[04:26:51] [spechunter] [Read] /home/yzs/riscv/XiangShan/src/main/scala/xiangshan/mem/MemBlock.scala
[04:26:52] [spechunter] [Read] /home/yzs/riscv/linux/arch/riscv/kernel/probes/kprobes.c
[04:26:52] [spechunter] [Read] /home/yzs/riscv/linux/arch/riscv/kernel/probes/uprobes.c
[04:26:52] [spechunter] [Read] /home/yzs/riscv/linux/arch/riscv/errata/mips/errata.c
[04:26:52] [spechunter] [Grep] pattern='patch_insn_write\\(|__patch_insn_write\\('
[04:26:53] [spechunter] [text] Wait — I need to reconcile a discrepancy. The PR title says "Add Ziccid draft spec" but the actual branch commit is "tar...
[04:26:53] [spechunter] [Grep] pattern='MENVCFG_CDE|scountinhibit_pred|scountinhibit'
[04:26:53] [spechunter] [Grep] pattern='MENVCFG_CDE'
[04:27:17] [spechunter] [Read] /home/yzs/riscv/linux/arch/riscv/include/asm/runtime-const.h
[04:27:17] [spechunter] [Read] /home/yzs/riscv/linux/arch/riscv/kernel/probes/kprobes.c
[04:27:17] [spechunter] [Grep] pattern='arch_prepare_ss_slot|arch_install_kprobe|arch_arm_kprobe'
[04:27:17] [spechunter] [Grep] pattern='sbi_remote_fence_i'
[04:27:24] [spechunter] [Read] /home/yzs/riscv/linux/arch/riscv/kernel/probes/kprobes.c
[04:27:24] [spechunter] [Read] /home/yzs/riscv/linux/arch/riscv/kernel/hibernate.c
[04:27:24] [spechunter] [Grep] pattern='system_state'
[04:27:24] [spechunter] [text] Now I have a comprehensive picture. Let me compile the final JSON.  ```json {   "locations": [     {       "file_path": ...
[04:27:32] [spechunter] [Grep] pattern='cbo_inval|cbo\\.inval|cmoval|zic64_ziccid'
[04:27:32] [spechunter] [Read] /home/yzs/riscv/qemu/disas/riscv.c
[04:27:47] [spechunter] [Grep] pattern='riscv_patch_in_stop_machine'
[04:27:47] [spechunter] [Grep] pattern='fence\\.i|fence.i'
[04:27:47] [spechunter] [Grep] pattern='flush_icache_range|flush_icache_all|local_flush_icache'
[04:27:47] [spechunter] [Grep] pattern='flush_icache_range|flush_icache_all|local_flush_icache'
[04:27:57] [spechunter] [text] Now I have sufficient context. Let me also check the specific `scountinhibit_pred` at the actual change site
[04:27:57] [spechunter] [Read] /home/yzs/riscv/qemu/target/riscv/csr.c
[04:27:57] [spechunter] [Read] /home/yzs/riscv/qemu/target/riscv/cpu_bits.h
[04:27:59] [spechunter] [Grep] pattern='flush_icache_range'
[04:27:59] [spechunter] [Grep] pattern='flush_icache_range'
[04:27:59] [spechunter] [Grep] pattern='flush_icache_range'
[04:27:59] [spechunter] [Grep] pattern='"fence\\.i"|fence\\.i'
[04:28:09] [spechunter] [Grep] pattern='switch_to_should_flush_icache'
[04:28:09] [spechunter] [Read] /home/yzs/riscv/linux/kernel/module/main.c
[04:28:09] [spechunter] [Grep] pattern='flush_icache_range'
[04:28:09] [spechunter] [Grep] pattern='kgdb|gdb_arch_'
[04:28:13] [spechunter] [text] Now I have a clear picture. Let me cross-validate the fast-path locations against the actual code change.  
[04:28:13] [spechunter] [Grep] pattern='MENVCFG_CDE|ext_smcdeleg|ext_ssccfg|scountinhibit'
[04:28:13] [spechunter] [Grep] pattern='ext_smcdeleg'
[04:28:16] [spechunter] [Grep] pattern='kgdb_arch_set_breakpoint|kgdb_arch_remove_breakpoint'
[04:28:16] [spechunter] [Read] /home/yzs/riscv/linux/arch/riscv/include/asm/switch_to.h
[04:28:16] [spechunter] [Grep] pattern='cpu_hotplug_is_offline|early_boot_irqs_disabled|system_state.*<.*SYSTEM_RUNNING|num_online_cpus'
[04:28:31] [spechunter] [Grep] pattern='kgdb_flush_swbreak_addr'
[04:28:31] [spechunter] [Read] /home/yzs/riscv/linux/arch/riscv/kernel/jump_label.c
[04:28:31] [spechunter] [Grep] pattern='arch_jump_label_transform_apply'
[04:28:36] [spechunter] [TodoWrite] 8 items
[04:28:39] [spechunter] [Read] /home/yzs/riscv/linux/kernel/jump_label.c
[04:28:39] [spechunter] [Read] /home/yzs/riscv/linux/kernel/module/main.c
[04:28:39] [spechunter] [Grep] pattern='stop_machine|text_mutex'
[04:28:39] [spechunter] [Grep] pattern='ftrace_modify_all_code'
[04:28:55] [spechunter] [text] Let me now read the key source files to perform the detailed audit.  
[04:28:55] [spechunter] [Read] /home/yzs/riscv/XiangShan/src/main/scala/xiangshan/backend/fu/Fence.scala
[04:28:55] [spechunter] [Read] /home/yzs/riscv/XiangShan/src/main/scala/xiangshan/frontend/icache/ICacheImp.scala
[04:28:55] [spechunter] [Read] /home/yzs/riscv/XiangShan/src/main/scala/xiangshan/frontend/icache/ICacheMetaInterleavedBank.scala
[04:28:58] [spechunter] [Read] /home/yzs/riscv/linux/kernel/debug/gdbstub.c
[04:28:58] [spechunter] [Grep] pattern='gdb_cmd_set|gdb_cmd_query|mem2hex'
[04:28:58] [spechunter] [Grep] pattern='CACHE_FLUSH_IS_SAFE'
[04:28:58] [spechunter] [Bash] Check recent changes to patch.c
[04:29:00] [spechunter] [text] Now I have all the context I need for the cross-validation.  **Critical finding**: The PR title says "Add Ziccid draft s...
[04:29:07] [spechunter] [Read] /home/yzs/riscv/linux/kernel/debug/gdbstub.c
[04:29:07] [spechunter] [Grep] pattern='gdb_cmd_writemem|gdb_serial_stub'
[04:29:07] [spechunter] [Grep] pattern='flush_icache_range|flush_icache_all'
[04:29:07] [spechunter] [Grep] pattern='arch_prepare_kprobe|arch_arm_kprobe|arch_disarm_kprobe'
[04:29:10] [spechunter] [Read] /home/yzs/riscv/XiangShan/src/main/scala/xiangshan/frontend/icache/ICacheMainPipe.scala
[04:29:10] [spechunter] [Read] /home/yzs/riscv/XiangShan/src/main/scala/xiangshan/frontend/icache/ICacheMshr.scala
[04:29:10] [spechunter] [Read] /home/yzs/riscv/XiangShan/src/main/scala/xiangshan/frontend/Frontend.scala
[04:29:20] [spechunter] [Agent] description, subagent_type
[04:29:20] [spechunter] [Agent] description, subagent_type
[04:29:25] [spechunter] [Read] /home/yzs/riscv/XiangShan/src/main/scala/xiangshan/XSCore.scala
[04:29:25] [spechunter] [Read] /home/yzs/riscv/XiangShan/src/main/scala/xiangshan/frontend/ifu/Ifu.scala
[04:29:32] [spechunter] [Read] /home/yzs/riscv/XiangShan/src/main/scala/xiangshan/mem/sbuffer/Sbuffer.scala
[04:29:32] [spechunter] [Read] /home/yzs/riscv/XiangShan/src/main/scala/xiangshan/backend/decode/DecodeUnit.scala
[04:29:32] [spechunter] [Bash] List spec reference directory
[04:29:34] [spechunter] [Bash] List directory structure of spec_ref
[04:29:34] [spechunter] [Grep] pattern='(?i)ziccid|iccid'
[04:29:34] [spechunter] [Glob] **/*.{adoc,md,pdf,txt}
[04:29:34] [spechunter] [Grep] pattern='(?i)cache.coherence|instruction.cache.coherence|cmo|icache'
[04:29:46] [spechunter] [Grep] pattern='ziccid|Ziccid|ZICCID'
[04:29:46] [spechunter] [Grep] pattern='fence_i |FENCE\\.I|helper_fence_i'
[04:29:46] [spechunter] [Grep] pattern='tb_flush|tb_invalidate_phys_page'
[04:29:46] [spechunter] [Grep] pattern='coherent|cache.coher'
[04:29:46] [spechunter] [Grep] pattern='isa_edata|isa_string|isa_ext|riscv_isa'
[04:29:46] [spechunter] [Grep] pattern='cross.hart|store.notify|remote.*flush|hart.*notif'
[04:29:48] [spechunter] [text] Now let me look at the spec documents and additional critical code.  
[04:29:48] [spechunter] [Bash] Explore spec reference directory
[04:29:48] [spechunter] [Grep] pattern='fence_i|FENCE\\.I|Ziccid|coheren.*inst|cache.*coheren'
[04:29:48] [spechunter] [Read] /home/yzs/riscv/XiangShan/src/main/scala/xiangshan/frontend/Frontend.scala
[04:29:53] [spechunter] [text] Now let me read the critical spec documents.  
[04:29:53] [spechunter] [Read] /home/yzs/riscv/rv-isa-sec/spec_ref/riscv-isa-manual/src/unpriv/zifencei.adoc
[04:29:53] [spechunter] [Read] /home/yzs/riscv/rv-isa-sec/spec_ref/riscv-isa-manual/src/unpriv/ziccif.adoc
[04:30:02] [spechunter] [Grep] pattern='(?i)ziccid|iccid'
[04:30:02] [spechunter] [Grep] pattern='(?i)ziccid|iccid'
[04:30:02] [spechunter] [Read] /home/yzs/riscv/rv-isa-sec/spec_ref/riscv-isa-manual/src/unpriv/cmo.adoc
[04:30:02] [spechunter] [Read] /home/yzs/riscv/rv-isa-sec/spec_ref/riscv-isa-manual/src/unpriv/zi.adoc
[04:30:02] [spechunter] [Read] /home/yzs/riscv/rv-isa-sec/spec_ref/riscv-cheri/src/cmo.adoc
[04:30:02] [spechunter] [Read] /home/yzs/riscv/rv-isa-sec/spec_ref/riscv-isa-manual/normative_rule_defs/cmo.yaml
[04:30:10] [spechunter] [Read] /home/yzs/riscv/qemu/target/riscv/insn_trans/trans_rvi.c.inc
[04:30:10] [spechunter] [Read] /home/yzs/riscv/qemu/target/riscv/cpu.c
[04:30:10] [spechunter] [Grep] pattern='notdirty_write|notdirty_mem_write'
[04:30:10] [spechunter] [Grep] pattern='RISCVCPUConfig'
[04:30:10] [spechunter] [Grep] pattern='riscv_cpu_named_features|ziccamoa|ziccif|zicclsm|ziccrse'
[04:30:10] [spechunter] [Grep] pattern='riscv_isa_string|riscv_cpu_get_isa_string'
[04:30:17] [spechunter] [Grep] pattern='(?i)ziccid'
[04:30:17] [spechunter] [Glob] **/zifencei*
[04:30:17] [spechunter] [Glob] **/ziccif*
[04:30:17] [spechunter] [Glob] **/zicclsm*
[04:30:17] [spechunter] [Glob] **/ziccrse*
[04:30:17] [spechunter] [Glob] **/ziccamoa*
[04:30:23] [spechunter] [Read] /home/yzs/riscv/rv-isa-sec/spec_ref/riscv-isa-manual/src/unpriv/zifencei.adoc
[04:30:23] [spechunter] [Read] /home/yzs/riscv/rv-isa-sec/spec_ref/riscv-isa-manual/src/unpriv/ziccif.adoc
[04:30:23] [spechunter] [Read] /home/yzs/riscv/rv-isa-sec/spec_ref/riscv-isa-manual/src/unpriv/zicclsm.adoc
[04:30:23] [spechunter] [Read] /home/yzs/riscv/rv-isa-sec/spec_ref/riscv-isa-manual/src/unpriv/ziccrse.adoc
[04:30:23] [spechunter] [Read] /home/yzs/riscv/rv-isa-sec/spec_ref/riscv-isa-manual/src/unpriv/ziccamoa.adoc
[04:30:25] [spechunter] [Grep] pattern='flush_icache|fence\\.i|fence.i'
[04:30:25] [spechunter] [Grep] pattern='bpf_flush_icache|bpf_jit_binary_lock_ro'
[04:30:25] [spechunter] [Grep] pattern='flush_icache'
[04:30:25] [spechunter] [Grep] pattern='flush_icache|fence\\.i|text_poke|patch_text'
[04:30:29] [spechunter] [Read] /home/yzs/riscv/qemu/target/riscv/cpu.c
[04:30:29] [spechunter] [Glob] target/riscv/cpu_cfg_fields.h.inc
[04:30:29] [spechunter] [Glob] target/riscv/cpu_cfg.h
[04:30:29] [spechunter] [Grep] pattern='ext_ziccrse|has_priv_1_11|has_priv_1_12|ziccamoa|ziccif|zicclsm'
[04:30:29] [spechunter] [Grep] pattern='ISA_EXT_DATA_ENTRY'
[04:30:29] [spechunter] [Grep] pattern='tb_phys_invalidate|tb_invalidate_phys_range_fast|tb_invalidate_phys'
[04:30:32] [spechunter] [Glob] **/zic64b*
[04:30:32] [spechunter] [Glob] **/ziccamoc*
[04:30:32] [spechunter] [Grep] pattern='(?i)ziccid'
[04:30:49] [spechunter] [Read] /home/yzs/riscv/qemu/target/riscv/cpu_cfg_fields.h.inc
[04:30:49] [spechunter] [Read] /home/yzs/riscv/qemu/accel/tcg/cputlb.c
[04:30:49] [spechunter] [Grep] pattern='riscv_cpu_update_named_features|has_priv_1_11'
[04:30:49] [spechunter] [Grep] pattern='tb_phys_invalidate|tb_invalidate_phys_range_fast'
[04:30:49] [spechunter] [Grep] pattern='DIRTY_MEMORY_CODE|tb_invalidate_phys'
[04:30:49] [spechunter] [Grep] pattern='tb_invalidate_phys_range_fast'
[04:30:56] [spechunter] [Read] /home/yzs/riscv/qemu/accel/tcg/tb-maint.c
[04:30:56] [spechunter] [Read] /home/yzs/riscv/qemu/accel/tcg/tb-maint.c
[04:30:56] [spechunter] [Grep] pattern='riscv_cpu_update_named_features'
[04:30:56] [spechunter] [Read] /home/yzs/riscv/qemu/target/riscv/cpu.h
[04:31:20] [spechunter] [Grep] pattern='^static void riscv_cpu_update_named_features'
[04:31:20] [spechunter] [Grep] pattern='ISA_EXT_DATA_ENTRY'
[04:31:20] [spechunter] [Grep] pattern='RISCVIsaExtData'
[04:31:20] [spechunter] [Grep] pattern='ext_zifencei'
[04:31:20] [spechunter] [Read] /home/yzs/riscv/qemu/target/riscv/cpu_cfg_fields.h.inc
[04:31:25] [spechunter] [Grep] pattern='runtime_const_fixup'
[04:31:25] [spechunter] [Read] /home/yzs/riscv/linux/arch/riscv/include/asm/runtime-const.h
[04:31:25] [spechunter] [Grep] pattern='runtime_const_fixup'
[04:31:27] [spechunter] [Grep] pattern='riscv_cpu_update_named_features'
[04:31:27] [spechunter] [Grep] pattern='ext_zifencei|zifencei'
[04:31:27] [spechunter] [Read] /home/yzs/riscv/qemu/target/riscv/cpu_cfg_fields.h.inc
[04:31:27] [spechunter] [Grep] pattern='tb_invalidate_phys_range_fast'
[04:31:36] [spechunter] [Grep] pattern='kgdb_roundup_cpus|kgdb_nmicallback|roundup'
[04:31:36] [spechunter] [Grep] pattern='kgdb_roundup_cpus'
[04:31:36] [spechunter] [Grep] pattern='flush_icache_user_page'
[04:31:36] [spechunter] [Grep] pattern='flush_icache_user_page'
[04:31:47] [spechunter] [Grep] pattern='update_named_features'
[04:31:47] [spechunter] [Grep] pattern='ISA_EXT_DATA_ENTRY|isa_ext_data'
[04:31:47] [spechunter] [Read] /home/yzs/riscv/qemu/target/riscv/cpu_cfg.h
[04:31:53] [spechunter] [Grep] pattern='flush_module_icache'
[04:31:53] [spechunter] [Read] /home/yzs/riscv/linux/arch/riscv/kernel/probes/kprobes.c
[04:31:53] [spechunter] [Grep] pattern='arch_prepare_kprobe|arch_install_kprobe|arch_optimize_kprobes'
[04:32:05] [spechunter] [Grep] pattern='define ISA_EXT_DATA_ENTRY'
[04:32:05] [spechunter] [Grep] pattern='has_priv_1_11 =|has_priv_1_12 =|has_priv_1_13 ='
[04:32:05] [spechunter] [Grep] pattern='void riscv_cpu_update_named_features'
[04:32:11] [spechunter] [text] Let me check a few more critical areas for completeness.  
[04:32:11] [spechunter] [Grep] pattern='flushSb|flush\\.valid|flush\\.empty|sbIsEmpty'
[04:32:11] [spechunter] [Grep] pattern='flush\\.valid|flush\\.empty|drain'
[04:32:14] [spechunter] [Read] /home/yzs/riscv/linux/arch/riscv/net/bpf_jit.h
[04:32:14] [spechunter] [Read] /home/yzs/riscv/linux/arch/riscv/net/bpf_jit_core.c
[04:32:14] [spechunter] [Grep] pattern='SYS_RISCV_FLUSH_ICACHE'
[04:32:14] [spechunter] [Grep] pattern='copy_to_kernel_nofault'
[04:32:18] [spechunter] [Grep] pattern='tb_jmp_cache_inval_tb'
[04:32:18] [spechunter] [Grep] pattern='riscv_tcg_cpu_finalize_features'
[04:32:18] [spechunter] [Grep] pattern='trans_fence\\b'
[04:32:33] [spechunter] [Grep] pattern='^void tb_jmp_cache_inval_tb|^static void tb_jmp_cache_inval_tb'
[04:32:33] [spechunter] [Read] /home/yzs/riscv/qemu/analysis_ziccid_smc_coherence.json
[04:33:40] [spechunter] [Grep] pattern='__runtime_fixup_caches'
[04:33:40] [spechunter] [Grep] pattern='runtime_const_init'
[04:33:40] [spechunter] [Grep] pattern='runtime_const_init\\('
[04:33:59] [spechunter] [Grep] pattern='runtime_const_init'
[04:33:59] [spechunter] [Grep] pattern='flush_icache_user_page'
[04:34:51] [spechunter] [text] Now let me check the flushPipe mechanism and the Fence instruction's interaction with pipeline flushes.  
[04:34:51] [spechunter] [Grep] pattern='flushPipe|fencei.*flush|redirect.*fence'
[04:34:52] [spechunter] [text] Now let me verify the key code paths identified by the exploration agents.  
[04:34:52] [spechunter] [Read] /home/yzs/riscv/qemu/target/riscv/cpu.c
[04:34:52] [spechunter] [Read] /home/yzs/riscv/qemu/target/riscv/cpu.c
[04:34:52] [spechunter] [Read] /home/yzs/riscv/qemu/accel/tcg/cputlb.c
[04:35:19] [spechunter] [text] Let me check the spec reference documents for context
[04:35:19] [spechunter] [Read] /home/yzs/riscv/rv-isa-sec/spec_ref/riscv-isa-manual/src/unpriv/zifencei.adoc
[04:35:19] [spechunter] [Read] /home/yzs/riscv/rv-isa-sec/spec_ref/riscv-isa-manual/src/profiles/rva23.adoc
[04:35:29] [spechunter] [Grep] pattern='flushPipe.*fence|fence.*flushPipe'
[04:35:29] [spechunter] [Grep] pattern='fencei.*frontend|fencei.*ifu|fencei.*ibuf|fencei.*ftq'
[04:35:29] [spechunter] [Grep] pattern='ziccid'
[04:35:29] [spechunter] [Read] /home/yzs/riscv/qemu/target/riscv/insn_trans/trans_rvi.c.inc
[04:35:42] [spechunter] [Grep] pattern='kgdb_do_roundup|kgdb_single_step|kgdb_break_asap'
[04:35:42] [spechunter] [Grep] pattern='has_fpu|has_vector|lazy.*fpu'
[04:36:13] [spechunter] [text] Now I have enough information to produce the analysis. Let me compile the findings
[04:36:13] [spechunter] [Grep] pattern='ext_ziccid'
[04:36:13] [spechunter] [Grep] pattern='tb_invalidate_phys_range_fast'
[04:37:08] [spechunter] [text] Now I have a complete picture. This is a security audit for a PR titled "Add Ziccid draft spec" where Ziccid is NOT yet ...
[04:38:07] [spechunter] [Grep] pattern='io\\.fencei'
[04:40:35] [spechunter] [text] Let me dig deeper into some specific areas the initial exploration might have missed
[04:40:35] [spechunter] [Agent] description, prompt
[04:40:35] [spechunter] [Agent] description, prompt
[04:40:40] [spechunter] [text] Now let me check a few more details to finalize the audit
[04:40:40] [spechunter] [Grep] pattern='coh|coherent|cacheable.*==.*true|cfg\\.c'
[04:40:40] [spechunter] [Read] /home/yzs/riscv/rv-isa-sec/spec_ref/riscv-isa-manual/normative_rule_defs/zifencei.yaml
[04:40:40] [spechunter] [text] Prompt is too long
[04:40:52] [spechunter] [Glob] arch/riscv/include/asm/static_call*
[04:40:52] [spechunter] [Glob] arch/riscv/kernel/static_call*
[04:40:52] [spechunter] [Glob] arch/riscv/include/asm/livepatch*
[04:40:52] [spechunter] [Glob] arch/riscv/kernel/livepatch*
[04:40:52] [spechunter] [Glob] arch/riscv/net/bpf_jit_comp.c
[04:40:52] [spechunter] [Glob] arch/riscv/kernel/kgdb.c
[04:40:52] [spechunter] [Glob] arch/riscv/include/asm/cacheflush.h
[04:41:13] [spechunter] [Grep] pattern='flush_icache_range\\('
[04:41:13] [spechunter] [Grep] pattern='flush_icache_range\\('
[04:41:13] [spechunter] [Grep] pattern='flush_icache'
[04:41:13] [spechunter] [Grep] pattern='flush_icache'
[04:41:13] [spechunter] [Grep] pattern='flush_icache'
[04:41:13] [spechunter] [Grep] pattern='arch_arm_kprobe|arch_disarm_kprobe'
[04:41:13] [spechunter] [Grep] pattern='patch_text'
[04:41:13] [spechunter] [Grep] pattern='fence\\.i'
[04:41:26] [spechunter] [Read] /home/yzs/riscv/linux/arch/riscv/kernel/kgdb.c
[04:41:26] [spechunter] [Read] /home/yzs/riscv/linux/arch/riscv/include/asm/cacheflush.h
[04:41:26] [spechunter] [Bash] List RISC-V networking directory
[04:41:26] [spechunter] [Grep] pattern='local_flush_icache_range'
[04:41:26] [spechunter] [Grep] pattern='flush_icache_range'
[04:41:26] [spechunter] [Grep] pattern='static.call'
[04:41:26] [spechunter] [Grep] pattern='livepatch|klp'
[04:41:56] [spechunter] [Read] /home/yzs/riscv/linux/arch/riscv/kernel/patch.c
[04:41:56] [spechunter] [Read] /home/yzs/riscv/linux/arch/riscv/kernel/paravirt.c
[04:41:56] [spechunter] [Read] /home/yzs/riscv/linux/arch/riscv/net/bpf_jit.h
[04:41:56] [spechunter] [Read] /home/yzs/riscv/linux/arch/riscv/net/bpf_jit_core.c
[04:41:56] [spechunter] [Read] /home/yzs/riscv/linux/arch/riscv/include/asm/runtime-const.h
[04:41:56] [spechunter] [Grep] pattern='bpf_trampoline|bpf_tramp|arch_prepare_bpf_trampoline'
[04:41:56] [spechunter] [Grep] pattern='kgdb_roundup_cpus'
[04:42:02] [spechunter] [Grep] pattern='flush_module_icache'
[04:42:02] [spechunter] [Read] /home/yzs/riscv/linux/kernel/module/main.c
[04:42:02] [spechunter] [Grep] pattern='flush_icache_range|flush_icache_all|text_poke|patch_text'
[04:42:02] [spechunter] [Grep] pattern='flush_icache_range|flush_icache_all|text_poke|patch_text'
[04:42:02] [spechunter] [Grep] pattern='bpf_flush_icache|flush_icache|bpf_prog_pack'
[04:42:02] [spechunter] [Grep] pattern='fence\\.i'
[04:42:02] [spechunter] [Grep] pattern='arch_arm_kprobe|arch_disarm_kprobe'
[04:42:13] [spechunter] [Read] /home/yzs/riscv/linux/arch/riscv/net/bpf_jit_comp64.c
[04:42:13] [spechunter] [Read] /home/yzs/riscv/linux/arch/riscv/kernel/smp.c
[04:42:13] [spechunter] [Grep] pattern='void flush_icache_all'
[04:42:13] [spechunter] [Read] /home/yzs/riscv/linux/arch/riscv/kernel/probes/uprobes.c
[04:42:13] [spechunter] [Read] /home/yzs/riscv/linux/arch/riscv/kernel/signal.c
[04:42:13] [spechunter] [Grep] pattern='static_call_update|static_call.h|static_call_defined|static_call_init'
[04:42:13] [spechunter] [Grep] pattern='HAVE_STATIC_CALL'
[04:42:13] [spechunter] [Grep] pattern='CONFIG_HAVE_STATIC_CALL'
[04:42:35] [spechunter] [Read] /home/yzs/riscv/linux/arch/riscv/mm/cacheflush.c
[04:42:35] [spechunter] [Grep] pattern='HAVE_STATIC_CALL|CONFIG_HAVE_STATIC_CALL'
[04:42:35] [spechunter] [Grep] pattern='static_call'
[04:42:35] [spechunter] [Grep] pattern='ARCH_DEFINES_STATIC_CALL'
[04:42:35] [spechunter] [Grep] pattern='text_poke'
[04:42:35] [spechunter] [Grep] pattern='local_flush_icache_range'
[04:42:38] [spechunter] [Read] /home/yzs/riscv/linux/arch/riscv/kernel/probes/kprobes.c
[04:42:38] [spechunter] [Read] /home/yzs/riscv/linux/arch/riscv/kernel/patch.c
[04:42:38] [spechunter] [Read] /home/yzs/riscv/linux/arch/riscv/mm/cacheflush.c
[04:42:38] [spechunter] [Grep] pattern='bpf_flush_icache'
[04:42:38] [spechunter] [Grep] pattern='bpf_flush_icache'
[04:42:38] [spechunter] [Grep] pattern='flush_icache|bpf_flush_icache'
[04:42:48] [spechunter] [Read] /home/yzs/riscv/linux/arch/riscv/net/bpf_jit_comp64.c
[04:42:48] [spechunter] [Glob] include/asm-generic/static_call.h
[04:42:48] [spechunter] [Grep] pattern='HAVE_LIVEPATCH|LIVEPATCH|livepatch'
[04:42:48] [spechunter] [Grep] pattern='HAVE_STATIC_CALL'
[04:42:48] [spechunter] [Grep] pattern='select HAVE_STATIC_CALL|select HAVE_LIVEPATCH'
[04:42:48] [spechunter] [Grep] pattern='static_call'
[04:43:07] [spechunter] [Read] /home/yzs/riscv/linux/arch/riscv/include/asm/cacheflush.h
[04:43:07] [spechunter] [Grep] pattern='flush_icache_range\\\\('
[04:43:07] [spechunter] [Grep] pattern='text_poke|patch_text|flush_icache'
[04:43:07] [spechunter] [Grep] pattern='asm.*fence\\\\.i|__asm__.*fence\\\\.i'
[04:43:07] [spechunter] [Grep] pattern='asm.*fence\\\\.i|__asm__.*fence\\\\.i'
[04:43:07] [spechunter] [Read] /home/yzs/riscv/linux/kernel/module/main.c
[04:44:08] [spechunter] [Read] /home/yzs/riscv/linux/include/linux/static_call.h
[04:44:08] [spechunter] [Glob] include/asm-generic/static_call.h
[04:44:08] [spechunter] [Grep] pattern='arch_static_call_transform'
[04:44:08] [spechunter] [Grep] pattern='patch_text_nosync|patch_text_set_nosync'
[04:44:08] [spechunter] [Grep] pattern='patch_text_nosync|patch_text_set_nosync'
[04:44:08] [spechunter] [Grep] pattern='patch_text_nosync|patch_text_set_nosync'
[04:44:37] [spechunter] [text] Rate limit hit. Let me do the remaining investigation directly
[04:44:37] [spechunter] [Grep] pattern='local_flush_icache_range'
[04:44:37] [spechunter] [Grep] pattern='asm.*volatile.*fence\\.i|fence\\.i'
[04:44:37] [spechunter] [Grep] pattern='FLUSH_ICACHE|flush_icache|bpf_flush_icache|flush_module_icache'
[04:44:55] [spechunter] [Read] /home/yzs/riscv/linux/drivers/firmware/efi/libstub/riscv-stub.c
[04:44:55] [spechunter] [Read] /home/yzs/riscv/linux/kernel/debug/debug_core.c
[04:44:55] [spechunter] [Read] /home/yzs/riscv/linux/kernel/debug/gdbstub.c
[04:44:55] [spechunter] [Glob] arch/riscv/include/asm/static_call*
[04:44:55] [spechunter] [Glob] arch/riscv/**/livepatch*
[04:45:11] [spechunter] [Grep] pattern='static_call|STATIC_CALL'
[04:45:11] [spechunter] [Grep] pattern='bpf_trampoline|arch_prepare_bpf_tramp|__bpf_tramp'
[04:45:11] [spechunter] [Read] /home/yzs/riscv/linux/arch/riscv/include/asm/cacheflush.h
[04:45:32] [spechunter] [Read] /home/yzs/riscv/linux/arch/riscv/net/bpf_jit_comp64.c
[04:45:32] [spechunter] [Read] /home/yzs/riscv/linux/arch/riscv/net/bpf_jit_core.c
[04:45:32] [spechunter] [Grep] pattern='local_flush_icache_all'
[04:45:54] [spechunter] [Grep] pattern='efi_icache_sync'
[04:45:54] [spechunter] [Grep] pattern='CACHE_FLUSH_IS_SAFE'
[04:45:54] [spechunter] [Grep] pattern='kexec_flush_icache_page'
[04:46:15] [spechunter] [Read] /home/yzs/riscv/linux/drivers/firmware/efi/libstub/kaslr.c
[04:46:15] [spechunter] [Read] /home/yzs/riscv/linux/arch/riscv/include/asm/kgdb.h
[04:46:15] [spechunter] [Read] /home/yzs/riscv/linux/arch/riscv/kernel/patch.c
[04:47:26] [spechunter] [text] Now let me check one more important path — the BPF trampoline's icache handling, and verify the module relocation path
[04:47:26] [spechunter] [Read] /home/yzs/riscv/linux/arch/riscv/net/bpf_jit.h
[04:47:26] [spechunter] [Read] /home/yzs/riscv/linux/arch/riscv/kernel/module.c
[04:48:19] [spechunter] [Read] /home/yzs/riscv/linux/kernel/events/uprobes.c
[04:48:19] [spechunter] [Grep] pattern='flush_icache|fence\\.i|flush_dcache'
[04:48:43] [spechunter] [Grep] pattern='arch_uprobe_copy_ixol'
[04:48:43] [spechunter] [Read] /home/yzs/riscv/linux/arch/riscv/kernel/probes/uprobes.c
[04:49:52] [spechunter] [Grep] pattern='apply_module_alternatives'
[04:49:52] [spechunter] [Read] /home/yzs/riscv/linux/arch/riscv/kernel/patch.c
[04:49:59] [spechunter] [Read] /home/yzs/riscv/linux/arch/riscv/kernel/alternative.c
[04:49:59] [spechunter] [Read] /home/yzs/riscv/linux/kernel/power/swap.c
[04:50:17] [spechunter] [Read] /home/yzs/riscv/linux/arch/riscv/kernel/paravirt.c
[04:50:17] [spechunter] [Grep] pattern='CONFIG_HAVE_STATIC_CALL'
[04:51:57] [spechunter] [text] Now let me verify one more path — the `efi_icache_sync` and `kaslr.c` interaction more carefully
[04:51:57] [spechunter] [Read] /home/yzs/riscv/linux/arch/riscv/mm/cacheflush.c
[04:54:07] [spechunter] [text] Now I have a complete picture. Let me compile the final analysis.  The RISC-V kernel's current codebase is well-structur...
[04:54:07] [spechunter] [Write] /home/yzs/riscv/linux/semantic_analysis.json
[04:54:12] [spechunter] [Read] /home/yzs/riscv/linux/semantic_analysis.json
[04:56:12] [spechunter] [Write] /home/yzs/riscv/linux/semantic_analysis.json
[04:56:41] [spechunter] [text] ## Ziccid FENCE.I Cross-Hart Audit Results  **Verdict: NO_EXPLOITABLE_VULNERABILITY** — but with design concern.  ### Wh...
[05:00:26] [spechunter] [text] Let me analyze the PR context and cross-validate the given locations.  **PR context**: "Add Ziccid draft spec" — no body...
[05:00:47] [spechunter] [text] I'll start by reading the Ziccid spec and then searching for the vulnerability patterns in the kernel code
[05:00:47] [spechunter] [Skill] skill, args
[05:01:29] [spechunter] [Bash] List spec reference directories
[05:01:30] [spechunter] [Grep] pattern='local_flush_icache_all'
[05:01:30] [spechunter] [Grep] pattern='fence\\.i'
[05:02:02] [spechunter] [text] Now let me read the spec and the key code files in parallel.  
[05:02:02] [spechunter] [Bash] Find Ziccid spec files
[05:02:02] [spechunter] [Read] /home/yzs/riscv/linux/arch/riscv/include/asm/cacheflush.h
[05:02:02] [spechunter] [Read] /home/yzs/riscv/linux/arch/riscv/mm/cacheflush.c
[05:02:02] [spechunter] [Read] /home/yzs/riscv/linux/arch/riscv/kernel/patch.c
[05:02:26] [spechunter] [text] Now let me read the remaining code locations and the Ziccid spec.  
[05:02:26] [spechunter] [Read] /home/yzs/riscv/linux/arch/riscv/kernel/smpboot.c
[05:02:26] [spechunter] [Read] /home/yzs/riscv/linux/arch/riscv/kernel/machine_kexec.c
[05:02:26] [spechunter] [Read] /home/yzs/riscv/linux/arch/riscv/kvm/tlb.c
[05:02:26] [spechunter] [Read] /home/yzs/riscv/linux/arch/riscv/include/asm/switch_to.h
[05:02:26] [spechunter] [Read] /home/yzs/riscv/linux/arch/riscv/mm/context.c
[05:02:26] [spechunter] [Read] /home/yzs/riscv/linux/arch/riscv/errata/thead/errata.c
[05:02:26] [spechunter] [Grep] pattern='ziccid|Ziccid|eventuality|cross.hart.*fetch|remote.*fence\\.i.*hart'
[05:02:50] [spechunter] [text] Let me search the spec more broadly for Ziccid and cross-hart fence.i semantics.  
[05:02:50] [spechunter] [Grep] pattern='ziccid|Ziccid|iccid'
[05:02:50] [spechunter] [Grep] pattern='fence\\.i.*remote|remote.*fence\\.i|cross.*hart.*fence|hart.*local.*fence'
[05:02:50] [spechunter] [Read] /home/yzs/riscv/rv-isa-sec/spec_ref/riscv-isa-manual/src/unpriv/cmo.adoc
[05:03:09] [spechunter] [Read] /home/yzs/riscv/rv-isa-sec/spec_ref/riscv-isa-manual/src/profiles/rva23.adoc
[05:03:09] [spechunter] [Read] /home/yzs/riscv/rv-isa-sec/spec_ref/riscv-isa-manual/src/unpriv/cmo.adoc
[05:03:09] [spechunter] [Grep] pattern='Ziccid|iccid.*coheren|coheren.*icache|inst.*fetch.*order.*hart|program.*order.*hart'
[05:03:25] [spechunter] [Bash] Search for Ziccid spec documents
[05:03:25] [spechunter] [Grep] pattern='instruction-fetch coherence|I-D coherence|instruction.*data.*coherence|fence\\.i.*order.*instruction'
[05:03:43] [spechunter] [Read] /home/yzs/riscv/rv-isa-sec/spec_ref/riscv-isa-manual/src/unpriv/zifencei.adoc
[05:03:43] [spechunter] [Read] /home/yzs/riscv/linux/arch/riscv/include/asm/sync_core.h
[05:03:43] [spechunter] [Read] /home/yzs/riscv/linux/arch/riscv/kernel/sys_riscv.c
[05:03:50] [spechunter] [text] Now let me read the remaining code locations
[05:03:50] [spechunter] [Read] /home/yzs/riscv/linux/arch/riscv/kernel/vdso/flush_icache.S
[05:03:50] [spechunter] [Read] /home/yzs/riscv/linux/arch/riscv/kernel/head.S
[05:03:50] [spechunter] [Read] /home/yzs/riscv/linux/arch/riscv/kernel/kexec_relocate.S
[05:03:50] [spechunter] [Read] /home/yzs/riscv/linux/arch/riscv/errata/thead/errata.c
[05:04:04] [spechunter] [text] Now let me look at the `switch_to_should_flush_icache` context more closely, and also the sync_core_before_usermode call...
[05:04:04] [spechunter] [Grep] pattern='switch_to_should_flush_icache'
[05:04:04] [spechunter] [Grep] pattern='sync_core_before_usermode'
[05:04:15] [spechunter] [Read] /home/yzs/riscv/linux/arch/riscv/include/asm/switch_to.h
[05:05:08] [spechunter] [text] Now I have all the code and spec context. Let me also check the `switch_mm` context for the deferred flush
[05:05:08] [spechunter] [Read] /home/yzs/riscv/linux/arch/riscv/mm/context.c
[05:05:08] [spechunter] [Grep] pattern='patch_text_set_nosync|patch_text_nosync'
[05:06:21] [spechunter] [text] Let me check the BPF JIT caller more closely.  
[05:06:21] [spechunter] [Read] /home/yzs/riscv/linux/arch/riscv/net/bpf_jit_core.c
[05:06:21] [spechunter] [Read] /home/yzs/riscv/linux/arch/riscv/kernel/alternative.c
[05:06:21] [spechunter] [Read] /home/yzs/riscv/linux/arch/riscv/kernel/ftrace.c
[05:06:21] [spechunter] [Read] /home/yzs/riscv/linux/arch/riscv/kernel/probes/kprobes.c
[05:07:23] [spechunter] [text] Now I have a thorough understanding of all the code locations. Let me also examine the `sync_core.h` fence.i usage with ...
[05:07:23] [spechunter] [Read] /home/yzs/riscv/linux/kernel/sched/membarrier.c
[05:07:23] [spechunter] [Read] /home/yzs/riscv/linux/include/linux/sched/mm.h
[05:08:31] [spechunter] [text] Let me check what `atomic_inc_return_release` maps to on RISC-V.  
[05:08:31] [spechunter] [Grep] pattern='atomic_inc_return_release|__atomic_op.*release|\\.rl|RISCV_FENCE.*release'
[05:08:31] [spechunter] [Grep] pattern='ATOMIC_OP|atomic.*acquire|atomic.*release|_aq|_rl'
[05:08:34] [spechunter] [Read] /home/yzs/riscv/linux/arch/riscv/include/asm/atomic.h
[05:10:14] [spechunter] [text] Let me check module loading path too.  
[05:10:14] [spechunter] [Grep] pattern='module.*flush|flush.*module'
[05:10:14] [spechunter] [Grep] pattern='flush_icache|module_finalize|apply_relocate'
[05:11:41] [spechunter] [text] Now I have a thorough picture of all the code locations and the spec. Let me compile the analysis.  
[05:11:41] [spechunter] [TodoWrite] 3 items
[05:13:37] [spechunter] [text] Now I have all the information needed. Let me produce the final report.  ```json {   "findings": [     {       "file_pat...
