[10:12:36] [spechunter] PR loaded: #2755 riscv/riscv-isa-manual — "[PRIV] Clarification to STIP behavior when STCE=1"
[10:12:36] [spechunter]   diff: 969 chars  body: 77 chars  reviews: 0
[10:12:36] [spechunter] Global pre-filter running...
[10:12:52] [spechunter] [text] {"should_skip": false}
[10:12:53] [spechunter] pre-filter: should_skip=False reason=""
[10:13:08] [spechunter] [text] {"should_skip": true, "skip_reason": "Minor documentation wording clarification about STIP read-only condition when STCE...
[10:13:10] [spechunter] [text] ```json {"should_skip": false} ```
[10:13:11] [spechunter] [text] {"should_skip": false}
[10:13:14] [spechunter] [text] {"should_skip": false}
[10:13:25] [spechunter] [text] {"should_skip": false}
[10:13:38] [spechunter] [text] {  
[10:13:38] [spechunter] [Grep] pattern='STIP|stimecmp|STCE|menvcfg'
[10:13:38] [spechunter] [Grep] pattern='STIP|stimecmp|STCE'
[10:13:46] [spechunter] [Grep] pattern='stimecmp|STIP|stip'
[10:13:46] [spechunter] [Grep] pattern='stimecmp|STCE|menvcfg|mip.*STIP'
[10:13:47] [spechunter] [Grep] pattern='STIP|stimecmp|STCE|menvcfg.*STCE|stce'
[10:13:47] [spechunter] [Grep] pattern='STCE|stce|MENVCFG'
[10:13:55] [spechunter] [Read] /home/yzs/riscv/freebsd-src/sys/riscv/riscv/timer.c
[10:13:55] [spechunter] [Read] /home/yzs/riscv/freebsd-src/sys/riscv/vmm/vmm_riscv.c
[10:13:55] [spechunter] [Read] /home/yzs/riscv/freebsd-src/sys/riscv/include/riscvreg.h
[10:13:56] [spechunter] [text] {  
[10:13:56] [spechunter] [Agent] description, subagent_type
[10:13:59] [spechunter] [Grep] pattern='write_mip|rmw_mip|MIP_STIP'
[10:13:59] [spechunter] [Grep] pattern='riscv_timer_stce_changed'
[10:14:13] [spechunter] [Bash] List top-level source directory structure
[10:14:13] [spechunter] [Grep] pattern='STIP'
[10:14:13] [spechunter] [Grep] pattern='stimecmp'
[10:14:13] [spechunter] [Grep] pattern='STCE|Sstc|sstc'
[10:14:13] [spechunter] [Grep] pattern='menvcfg|Menvcfg|MENVCFG'
[10:14:26] [spechunter] [Read] /home/yzs/riscv/qemu/target/riscv/time_helper.c
[10:14:26] [spechunter] [Read] /home/yzs/riscv/qemu/target/riscv/csr.c
[10:14:28] [spechunter] [Read] /home/yzs/riscv/XiangShan/src/main/scala/xiangshan/backend/fu/NewCSR/SstcInterruptGen.scala
[10:14:28] [spechunter] [Read] /home/yzs/riscv/XiangShan/src/main/scala/xiangshan/backend/fu/NewCSR/MachineLevel.scala
[10:14:28] [spechunter] [Read] /home/yzs/riscv/XiangShan/src/main/scala/xiangshan/backend/fu/NewCSR/CSRPermitModule.scala
[10:14:28] [spechunter] [Read] /home/yzs/riscv/XiangShan/src/main/scala/xiangshan/backend/fu/NewCSR/InterruptBundle.scala
[10:14:45] [spechunter] [Read] /home/yzs/riscv/XiangShan/src/main/scala/xiangshan/backend/fu/NewCSR/SupervisorLevel.scala
[10:14:45] [spechunter] [Read] /home/yzs/riscv/XiangShan/src/main/scala/xiangshan/backend/fu/NewCSR/VirtualSupervisorLevel.scala
[10:14:45] [spechunter] [Read] /home/yzs/riscv/XiangShan/src/main/scala/xiangshan/backend/fu/NewCSR/HypervisorLevel.scala
[10:14:45] [spechunter] [Grep] pattern='EXT_SSTC|STCE'
[10:14:47] [spechunter] [Grep] pattern='menvcfg|has_sstc'
[10:14:52] [spechunter] [text] ```json {   "violation_condition": "Linux kernel reads sip.STIP as a hardware timer interrupt signal while menvcfg.STCE=...
[10:15:05] [spechunter] [Read] /home/yzs/riscv/XiangShan/src/main/scala/xiangshan/backend/fu/NewCSR/CSRBundles.scala
[10:15:05] [spechunter] [Read] /home/yzs/riscv/XiangShan/src/main/scala/xiangshan/backend/fu/NewCSR/NewCSR.scala
[10:15:05] [spechunter] [Read] /home/yzs/riscv/XiangShan/src/main/scala/xiangshan/backend/fu/NewCSR/NewCSR.scala
[10:15:05] [spechunter] [Grep] pattern='HasExternalInterruptBundle|platformIRP\\.STIP'
[10:15:05] [spechunter] [Grep] pattern='enableSstc|HasSstc|sstc'
[10:15:05] [spechunter] [text] ```json {   "violation_condition": "QEMU makes mip.STIP read-only for M-mode writes whenever ext_sstc (stimecmp) is pres...
[10:15:19] [spechunter] [Agent] description, prompt
[10:15:24] [spechunter] [Grep] pattern='sstcIRGen'
[10:15:24] [spechunter] [Grep] pattern='stimecmp|STIP|STCE'
[10:15:24] [spechunter] [Grep] pattern='stimecmp|STIP|STCE|sstc|Sstc'
[10:15:24] [spechunter] [Grep] pattern='stimecmp|STIP|STCE|sstc|Sstc'
[10:15:24] [spechunter] [Read] /home/yzs/riscv/XiangShan/src/main/scala/xiangshan/backend/fu/NewCSR/NewCSR.scala
[10:15:25] [spechunter] [Grep] pattern='MIP_STIP'
[10:15:25] [spechunter] [Grep] pattern='MENVCFG_STCE'
[10:15:25] [spechunter] [Grep] pattern='stimecmp'
[10:15:25] [spechunter] [Grep] pattern='hvip'
[10:15:25] [spechunter] [Grep] pattern='mvip'
[10:15:26] [spechunter] [Grep] pattern='sip'
[10:15:26] [spechunter] [Grep] pattern='mip'
[10:15:26] [spechunter] [Grep] pattern='stimecmp|STIMECMP'
[10:15:26] [spechunter] [Grep] pattern='STCE|menvcfg.*STCE|MENVCFG'
[10:15:37] [spechunter] [Agent] description, prompt
[10:15:37] [spechunter] [Grep] pattern='MIP_STIP'
[10:15:37] [spechunter] [Grep] pattern='MENVCFG_STCE|menvcfg.*STCE|STCE'
[10:15:40] [spechunter] [TodoWrite] 8 items
[10:15:46] [spechunter] [Read] /home/yzs/riscv/XiangShan/src/main/scala/xiangshan/backend/fu/NewCSR/NewCSR.scala
[10:15:46] [spechunter] [Read] /home/yzs/riscv/XiangShan/src/main/scala/xiangshan/backend/fu/NewCSR/NewCSR.scala
[10:15:46] [spechunter] [Read] /home/yzs/riscv/XiangShan/src/main/scala/xiangshan/backend/fu/NewCSR/NewCSR.scala
[10:15:46] [spechunter] [Grep] pattern='platformIRP'
[10:15:51] [spechunter] [Grep] pattern='STIP|IE_TIE|IE_SIE.*timer|IE_SIP|SIE_STIP|_ssip|_stip'
[10:15:51] [spechunter] [Grep] pattern='riscv_timer_interrupt|timer.*interrupt.*sip|sip.*timer'
[10:15:51] [spechunter] [Grep] pattern='IE_SIP|_sip\\b|sip_val|csr_read.*sip|csr_write.*sip|csr_set.*sip|csr_clear.*sip'
[10:15:51] [spechunter] [Grep] pattern='stimecmp|sstc'
[10:15:54] [spechunter] [text] Let me read the critical sections in detail to understand the STIP/STCE interaction.  
[10:15:54] [spechunter] [Read] /home/yzs/riscv/qemu/target/riscv/csr.c
[10:15:54] [spechunter] [Read] /home/yzs/riscv/qemu/target/riscv/csr.c
[10:15:54] [spechunter] [Read] /home/yzs/riscv/qemu/target/riscv/time_helper.c
[10:15:54] [spechunter] [Read] /home/yzs/riscv/qemu/target/riscv/time_helper.c
[10:15:54] [spechunter] [Read] /home/yzs/riscv/qemu/target/riscv/csr.c
[10:15:54] [spechunter] [Read] /home/yzs/riscv/qemu/target/riscv/csr.c
[10:15:58] [spechunter] [Grep] pattern='CSR_SIP|CSR_MIP|CSR_STIMECMP|CSR_MENVCFG'
[10:15:58] [spechunter] [Grep] pattern='IE_SIE|IE_TIE|IRQ_S_TIMER|IRQ_M_TIMER|RV_IRQ_TIMER'
[10:15:58] [spechunter] [Grep] pattern='csr_read.*sip|csr_write.*sip|CSR_SIP|sip\\.STIP|STIP|IE_SIP'
[10:15:58] [spechunter] [Grep] pattern='sbi_set_timer|SBI_EXT_TIME|timer_interrupt|riscv_timer_interrupt'
[10:15:58] [spechunter] [Grep] pattern='stimecmp|STIMECMP|vstimecmp|VSTIMECMP|htimedelta'
[10:16:03] [spechunter] [text] ```json {   "violation_condition": "FreeBSD S-mode kernel runs on hardware with Sstc extension but M-mode firmware left ...
[10:16:05] [spechunter] [text] Let me also check the `write_henvcfg` path and the ACLINT reference.  
[10:16:05] [spechunter] [Read] /home/yzs/riscv/qemu/target/riscv/csr.c
[10:16:05] [spechunter] [Read] /home/yzs/riscv/qemu/hw/intc/riscv_aclint.c
[10:16:05] [spechunter] [Read] /home/yzs/riscv/qemu/target/riscv/csr.c
[10:16:05] [spechunter] [Grep] pattern='rmw_mip'
[10:16:05] [spechunter] [Grep] pattern='MIP_STIP'
[10:16:05] [spechunter] [Grep] pattern='ext_sstc|stimecmp|menvcfg.*STCE|STCE'
[10:16:05] [spechunter] [Grep] pattern='mip.*writable|writable.*mip|mask.*MIP|MIP.*mask'
[10:16:05] [spechunter] [Grep] pattern='val platformIRP'
[10:16:05] [spechunter] [Read] /home/yzs/riscv/XiangShan/src/main/scala/xiangshan/backend/fu/CSR.scala
[10:16:05] [spechunter] [Grep] pattern='stimecmp_wren|stimecmp.*wen|wen.*stimecmp'
[10:16:14] [spechunter] [Read] /home/yzs/riscv/XiangShan/src/main/scala/xiangshan/backend/fu/NewCSR/NewCSR.scala
[10:16:14] [spechunter] [Grep] pattern='class NewCSR|val platformIRP'
[10:16:14] [spechunter] [Grep] pattern='CSR_SIP|CSR_MIP|CSR_SIE|CSR_MIE'
[10:16:14] [spechunter] [Grep] pattern='IRQ_S_TIMER|IRQ_S_SOFT|IRQ_S_EXT|RV_IRQ_TIMER|RV_IRQ_SOFT'
[10:16:14] [spechunter] [Grep] pattern='handle_IPI|riscv_ipi|riscv_timer|timer_interrupt'
[10:16:14] [spechunter] [Grep] pattern='sip|STIP|stip'
[10:16:19] [spechunter] [Read] /home/yzs/riscv/linux/arch/riscv/include/asm/csr.h
[10:16:19] [spechunter] [Read] /home/yzs/riscv/linux/arch/riscv/kernel/suspend.c
[10:16:19] [spechunter] [Read] /home/yzs/riscv/linux/drivers/clocksource/timer-riscv.c
[10:16:19] [spechunter] [Read] /home/yzs/riscv/linux/arch/riscv/kvm/vcpu_timer.c
[10:16:19] [spechunter] [Read] /home/yzs/riscv/linux/arch/riscv/include/asm/suspend.h
[10:16:19] [spechunter] [Read] /home/yzs/riscv/linux/arch/riscv/include/asm/kvm_vcpu_timer.h
[10:16:20] [spechunter] [Grep] pattern='platformIRP\\s*[:=]|val\\s+platformIRP'
[10:16:26] [spechunter] [text] Let me also check the `write_henvcfg` logic for STCE and the `rmw_mip64` function signature to understand the full mip a...
[10:16:26] [spechunter] [Read] /home/yzs/riscv/qemu/target/riscv/csr.c
[10:16:26] [spechunter] [Read] /home/yzs/riscv/qemu/target/riscv/csr.c
[10:16:28] [spechunter] [Read] /home/yzs/riscv/XiangShan/src/main/scala/xiangshan/backend/fu/NewCSR/NewCSR.scala
[10:16:33] [spechunter] [Grep] pattern='has_sstc'
[10:16:33] [spechunter] [Grep] pattern='stimecmp'
[10:16:33] [spechunter] [Grep] pattern='HENVCFG_STCE'
[10:16:33] [spechunter] [Grep] pattern='STCE'
[10:16:33] [spechunter] [Grep] pattern='menvcfg'
[10:16:42] [spechunter] [Read] /home/yzs/riscv/linux/arch/riscv/kvm/vcpu_onereg.c
[10:16:42] [spechunter] [Read] /home/yzs/riscv/linux/arch/riscv/kvm/vcpu.c
[10:16:42] [spechunter] [Grep] pattern='csr_read.*CSR_SIP|csr_write.*CSR_SIP|csr_read.*CSR_IP\\b|csr_write.*CSR_IP\\b'
[10:16:42] [spechunter] [Grep] pattern='sip|SIP'
[10:16:42] [spechunter] [Grep] pattern='this\\.platformIRP\\.'
[10:16:42] [spechunter] [Grep] pattern='platformIRP\\.(MEIP|MTIP|MSIP|SEIP|VSEIP|debugIP)\\s*:?='
[10:16:43] [spechunter] [Read] /home/yzs/riscv/freebsd-src/sys/riscv/riscv/timer.c
[10:16:43] [spechunter] [Read] /home/yzs/riscv/freebsd-src/sys/riscv/vmm/vmm_riscv.c
[10:16:43] [spechunter] [Read] /home/yzs/riscv/freebsd-src/sys/riscv/riscv/identcpu.c
[10:16:56] [spechunter] [Grep] pattern='platformIRP'
[10:16:58] [spechunter] [Grep] pattern='riscv_intc|RISCV_INTC|riscv_intc_init'
[10:16:58] [spechunter] [Grep] pattern='handle_IPI|handle_percpu_devid_irq|handle_percpu_irq'
[10:16:58] [spechunter] [Read] /home/yzs/riscv/linux/arch/riscv/kvm/vcpu_sbi_replace.c
[10:16:58] [spechunter] [Read] /home/yzs/riscv/linux/arch/riscv/kvm/vcpu_sbi.c
[10:16:58] [spechunter] [Read] /home/yzs/riscv/linux/arch/riscv/kernel/sbi.c
[10:17:12] [spechunter] [Read] /home/yzs/riscv/linux/drivers/irqchip/irq-riscv-intc.c
[10:17:12] [spechunter] [Grep] pattern='CSR_SIP|CSR_MIP|csr_read.*sip|csr_read.*mip|csr_clear.*IP|csr_set.*IP'
[10:17:12] [spechunter] [Grep] pattern='menvcfg|MENVCFG|envcfg.*STCE|ENVCFG_STCE'
[10:17:12] [spechunter] [Grep] pattern='kvm_riscv_vcpu_set_interrupt|kvm_riscv_vcpu_unset_interrupt|kvm_riscv_vcpu_has_interrupt'
[10:17:21] [spechunter] [text] Let me trace deeper into the call chains and related CSR handling.  
[10:17:21] [spechunter] [Grep] pattern='SV_SSTC|SSTC'
[10:17:21] [spechunter] [Grep] pattern='SIE_STIE|sie.*STIE|STIE'
[10:17:21] [spechunter] [Grep] pattern='STIP|sip.*STIP|SIP_STIP'
[10:17:21] [spechunter] [Grep] pattern='riscv,isa-ext|smode_extensions|UPDATE_CAP'
[10:17:21] [spechunter] [Grep] pattern='MIP_STIP|stimecmp|ext_sstc|sstc|STCE|menvcfg'
[10:17:21] [spechunter] [Grep] pattern='MIP_STIP|mip|ext_sstc|sstc|STCE|menvcfg|stimecmp'
[10:17:21] [spechunter] [Glob] target/riscv/kvm/**/*.c
[10:17:21] [spechunter] [Grep] pattern='delegable_ints'
[10:17:25] [spechunter] [Grep] pattern='platformIRP\\.MEIP|platformIRP\\.MTIP|platformIRP\\.MSIP|platformIRP\\.SEIP|platformIRP\\.VSEIP|platformIRP\\.debugIP'
[10:17:25] [spechunter] [Grep] pattern='sstcIRGen|SstcInterruptGen'
[10:17:25] [spechunter] [Grep] pattern='newcsr\\.io\\.fromTop\\.clintTime|clintTime|\\.clintTime'
[10:17:27] [spechunter] [Read] /home/yzs/riscv/linux/arch/riscv/kvm/vcpu.c
[10:17:27] [spechunter] [Grep] pattern='csr_read.*CSR_MIP|csr_read.*CSR_IP|csr_write.*CSR_MIP|csr_write.*CSR_IP'
[10:17:27] [spechunter] [Grep] pattern='IRQ_S_TIMER|RV_IRQ_TIMER|IRQ_M_TIMER'
[10:17:27] [spechunter] [Grep] pattern='sip|SIP|STIP|stip'
[10:17:29] [spechunter] [Read] /home/yzs/riscv/linux/arch/riscv/kvm/vcpu.c
[10:17:29] [spechunter] [Read] /home/yzs/riscv/linux/arch/riscv/kvm/vcpu_onereg.c
[10:17:29] [spechunter] [Read] /home/yzs/riscv/linux/arch/riscv/include/asm/kvm_host.h
[10:17:29] [spechunter] [Grep] pattern='csr_read|csr_write|local_irq|sip|SIP|RV_IRQ_TIMER|IE_TIE'
[10:17:29] [spechunter] [Read] /home/yzs/riscv/linux/arch/riscv/kernel/sbi-ipi.c
[10:17:32] [spechunter] [Read] /home/yzs/riscv/qemu/target/riscv/kvm/kvm-cpu.c
[10:17:32] [spechunter] [Grep] pattern='riscv_timer_write_timecmp|riscv_timer_stce_changed|riscv_cpu_update_mip'
[10:17:32] [spechunter] [Grep] pattern='define MIP_STIP|define MIP_VSTIP|define MIP_SEIP|define MIP_SSIP'
[10:17:35] [spechunter] [Read] /home/yzs/riscv/freebsd-src/sys/riscv/riscv/identcpu.c
[10:17:35] [spechunter] [Read] /home/yzs/riscv/freebsd-src/sys/riscv/vmm/vmm_vtimer.c
[10:17:35] [spechunter] [Read] /home/yzs/riscv/freebsd-src/sys/riscv/vmm/vmm_riscv.c
[10:17:48] [spechunter] [Grep] pattern='riscv_cpu_update_mip'
[10:17:48] [spechunter] [Read] /home/yzs/riscv/qemu/target/riscv/time_helper.c
[10:17:48] [spechunter] [Read] /home/yzs/riscv/qemu/target/riscv/time_helper.h
[10:17:48] [spechunter] [Read] /home/yzs/riscv/qemu/target/riscv/csr.c
[10:17:52] [spechunter] [Read] /home/yzs/riscv/linux/arch/riscv/kvm/vcpu_timer.c
[10:17:52] [spechunter] [Read] /home/yzs/riscv/linux/arch/riscv/kvm/vcpu_timer.c
[10:17:52] [spechunter] [Read] /home/yzs/riscv/linux/drivers/clocksource/timer-riscv.c
[10:17:52] [spechunter] [Grep] pattern='kvm_riscv_vcpu_flush_interrupts|kvm_riscv_vcpu_timer_interrupt'
[10:17:54] [spechunter] [Grep] pattern='handle_kernel_irq|do_IRQ|handle_IRQ|generic_handle_domain_irq'
[10:17:54] [spechunter] [Glob] **/arch/riscv/kernel/traps*
[10:17:54] [spechunter] [Glob] **/arch/riscv/kernel/irq*
[10:17:54] [spechunter] [Read] /home/yzs/riscv/linux/arch/riscv/kvm/vcpu_sbi_v01.c
[10:17:54] [spechunter] [Grep] pattern='ENVCFG_STCE|ENVCFG_|STCE'
[10:17:55] [spechunter] [text] Now let me trace the trap handling and how sip.STIP is checked, plus the full vmm context restore path.  
[10:17:55] [spechunter] [Grep] pattern='timer|STIP|stimecmp|has_sstc|STIE|sip'
[10:17:55] [spechunter] [Grep] pattern='vmmops_restore_csrs|vmmops_save_csrs|restore_csrs|save_csrs'
[10:17:55] [spechunter] [Grep] pattern='sbi_set_timer|SBI_SET_TIMER|set_timer'
[10:17:56] [spechunter] [Grep] pattern='platformIRP\\.(MEIP|MTIP|MSIP|SEIP|STIP|VSEIP|VSTIP|debugIP)'
[10:18:03] [spechunter] [Read] /home/yzs/riscv/freebsd-src/sys/riscv/riscv/trap.c
[10:18:03] [spechunter] [Read] /home/yzs/riscv/freebsd-src/sys/riscv/vmm/vmm_riscv.c
[10:18:03] [spechunter] [Read] /home/yzs/riscv/freebsd-src/sys/riscv/vmm/vmm_riscv.c
[10:18:06] [spechunter] [Grep] pattern='MIP_STIP|stip|ext_sstc|sstc|STCE|menvcfg'
[10:18:06] [spechunter] [Grep] pattern='ext_sstc|MIP_STIP'
[10:18:06] [spechunter] [Grep] pattern='write_menvcfg'
[10:18:12] [spechunter] [Read] /home/yzs/riscv/linux/arch/riscv/kvm/vcpu.c
[10:18:12] [spechunter] [Read] /home/yzs/riscv/linux/arch/riscv/kvm/vcpu_timer.c
[10:18:12] [spechunter] [Read] /home/yzs/riscv/linux/drivers/clocksource/timer-riscv.c
[10:18:12] [spechunter] [Grep] pattern='menvcfg|MENVCFG|henvcfg|HENVCFG'
[10:18:15] [spechunter] [Read] /home/yzs/riscv/qemu/target/riscv/csr.c
[10:18:15] [spechunter] [Grep] pattern='kvmtimer|vmstate_kvmtimer'
[10:18:15] [spechunter] [Read] /home/yzs/riscv/qemu/target/riscv/csr.c
[10:18:19] [spechunter] [Read] /home/yzs/riscv/linux/arch/riscv/kernel/irq.c
[10:18:19] [spechunter] [Read] /home/yzs/riscv/linux/arch/riscv/kernel/traps.c
[10:18:19] [spechunter] [Read] /home/yzs/riscv/linux/arch/riscv/kernel/entry.S
[10:18:19] [spechunter] [Read] /home/yzs/riscv/linux/arch/riscv/include/asm/csr.h
[10:18:19] [spechunter] [Grep] pattern='SBI_EXT_TIME|SBI_EXT_TIME_SET_TIMER|SBI_EXT_0_1_SET_TIMER'
[10:18:23] [spechunter] [text] Let me also check the interrupt dispatch path and how `sip.STIP` gets read/cleared.    
[10:18:23] [spechunter] [Grep] pattern='INTR_ROOT_IRQ|intr_irq_handler|IRQ_TIMER'
[10:18:23] [spechunter] [Read] /home/yzs/riscv/freebsd-src/sys/riscv/include/riscvreg.h
[10:18:26] [spechunter] [Grep] pattern='class InterruptFilter|class InterruptCtrl|class IntPriority'
[10:18:26] [spechunter] [Grep] pattern='STIP|STI'
[10:18:29] [spechunter] [text] ```json {   "locations": [     {       "file_path": "target/riscv/csr.c",       "function_name": "rmw_mip64",       "lin...
[10:18:33] [spechunter] [Grep] pattern='stimecmp'
[10:18:33] [spechunter] [Grep] pattern='menvcfg'
[10:18:33] [spechunter] [Grep] pattern='henvcfg'
[10:18:33] [spechunter] [Grep] pattern='STCE'
[10:18:33] [spechunter] [Grep] pattern='has_sstc'
[10:18:33] [spechunter] [Grep] pattern='\\bSTIP\\b'
[10:18:33] [spechunter] [Grep] pattern='\\bsip\\b'
[10:18:33] [spechunter] [Read] /home/yzs/riscv/linux/drivers/clocksource/timer-riscv.c
[10:18:33] [spechunter] [Read] /home/yzs/riscv/linux/arch/riscv/kvm/vcpu.c
[10:18:33] [spechunter] [Grep] pattern='do_IRQ|handle_exception|irq_handler|NO_SOFTIRQ|IRQ_NONE'
[10:18:33] [spechunter] [Read] /home/yzs/riscv/linux/arch/riscv/include/asm/csr.h
[10:18:40] [spechunter] [Grep] pattern='sip|vsip|csr_read\\(sip\\)|csr_set.*sip|csr_clear.*sip'
[10:18:40] [spechunter] [Read] /home/yzs/riscv/freebsd-src/sys/riscv/riscv/intc.c
[10:18:40] [spechunter] [Grep] pattern='sip|STIP|timer'
[10:18:42] [spechunter] [Grep] pattern='kvm_riscv_vcpu_exit'
[10:18:42] [spechunter] [Grep] pattern='CSR_VSTIMECMP|CSR_HTIMEDELTA|CSR_HENVCFG|CSR_VSIE|CSR_HVIP|CSR_VSIP'
[10:18:42] [spechunter] [Read] /home/yzs/riscv/linux/arch/riscv/kernel/process.c
[10:18:42] [spechunter] [Grep] pattern='ncsr_read|ncsr_write|nacl_csr'
[10:18:42] [spechunter] [Grep] pattern='clint|CLINT|aclint_mtimer|aclint'
[10:18:44] [spechunter] [Grep] pattern='define S_MODE_INTERRUPTS|define M_MODE_INTERRUPTS|define VS_MODE_INTERRUPTS|define HS_MODE_INTERRUPTS'
[10:18:44] [spechunter] [Grep] pattern='read_mip|write_mip'
[10:18:44] [spechunter] [Read] /home/yzs/riscv/qemu/target/riscv/csr.c
[10:18:53] [spechunter] [Grep] pattern='STIP|STI[^P]'
[10:18:53] [spechunter] [Grep] pattern='STIP|stip|VSTIP'
[10:18:55] [spechunter] [text] Let me now look at how the bhyve vmm layer handles Sstc emulation and delegation, and also examine the `SV_SSTC` detecti...
[10:18:55] [spechunter] [Read] /home/yzs/riscv/freebsd-src/sys/riscv/vmm/vmm_sbi.c
[10:18:55] [spechunter] [Read] /home/yzs/riscv/freebsd-src/sys/riscv/vmm/vmm_riscv.c
[10:18:55] [spechunter] [Read] /home/yzs/riscv/freebsd-src/sys/riscv/vmm/vmm_riscv.c
[10:18:55] [spechunter] [Grep] pattern='kvm_riscv_vcpu_vstimer_expired'
[10:18:55] [spechunter] [Grep] pattern='sstc|SSTC'
[10:18:55] [spechunter] [Grep] pattern='sip|SIP|stip|STIP|mip|MIP|mtip|MTIP'
[10:18:55] [spechunter] [Grep] pattern='riscv_clock_event_stop|riscv_clock_event'
[10:19:04] [spechunter] [text] Let me check a few more things — where delegation is called in vmm init, and whether `menvcfg` is ever read.    
[10:19:04] [spechunter] [Read] /home/yzs/riscv/freebsd-src/sys/riscv/vmm/vmm_riscv.c
[10:19:04] [spechunter] [Grep] pattern='menvcfg|MENVCFG'
[10:19:04] [spechunter] [Grep] pattern='csr_read.*menvcfg|csr_write.*menvcfg|MENVCFG'
[10:19:07] [spechunter] [Glob] target/riscv/kvm/**/*
[10:19:07] [spechunter] [Grep] pattern='MIP_STIP|stip|STIP|sstc|stimecmp|timer_irq'
[10:19:11] [spechunter] [text] Let me get more context on the key files.  
[10:19:11] [spechunter] [Read] /home/yzs/riscv/freebsd-src/sys/riscv/riscv/timer.c
[10:19:11] [spechunter] [Read] /home/yzs/riscv/freebsd-src/sys/riscv/vmm/vmm_riscv.c
[10:19:11] [spechunter] [Read] /home/yzs/riscv/freebsd-src/sys/riscv/vmm/vmm_riscv.c
[10:19:11] [spechunter] [Read] /home/yzs/riscv/freebsd-src/sys/riscv/include/riscvreg.h
[10:19:11] [spechunter] [Read] /home/yzs/riscv/freebsd-src/sys/riscv/riscv/identcpu.c
[10:19:11] [spechunter] [Read] /home/yzs/riscv/freebsd-src/sys/riscv/include/md_var.h
[10:19:11] [spechunter] [Read] /home/yzs/riscv/linux/arch/riscv/kvm/vcpu_timer.c
[10:19:11] [spechunter] [Read] /home/yzs/riscv/linux/arch/riscv/kvm/vcpu_timer.c
[10:19:11] [spechunter] [Read] /home/yzs/riscv/linux/drivers/clocksource/timer-riscv.c
[10:19:22] [spechunter] [Grep] pattern='CSR_SIP|CSR_MIP|read_sip|read_mip'
[10:19:22] [spechunter] [Grep] pattern='MENVCFG_STCE|HENVCFG_STCE'
[10:19:22] [spechunter] [TodoWrite] 7 items
[10:19:34] [spechunter] [text] Let me also search for the SIP_STIP definition usage in interrupt handling code.  
[10:19:34] [spechunter] [Grep] pattern='SIP_STIP'
[10:19:34] [spechunter] [Grep] pattern='SIE_STIE'
[10:19:34] [spechunter] [Grep] pattern='SV_SSTC'
[10:19:34] [spechunter] [Grep] pattern='VM_CAP_SSTC'
[10:19:37] [spechunter] [text] Let me start by searching broadly across the RISC-V architecture code for all relevant patterns.  
[10:19:37] [spechunter] [Grep] pattern='STIP|IE_SIP|IE_TIE'
[10:19:37] [spechunter] [Grep] pattern='CSR_SIP|CSR_MIP|CSR_STIMECMP|CSR_MENVCFG|csr_read.*sip|csr_write.*sip|csr_set.*sip|csr_clear.*sip'
[10:19:37] [spechunter] [Grep] pattern='timer_interrupt|timer_int|riscv_clock_event|IRQ_S_TIMER|IE_TIE|INTERRUPT_CAUSE_TIMER'
[10:19:37] [spechunter] [Grep] pattern='sbi_set_timer|SBI_EXT_TIME|sbi_timer|stimecmp|menvcfg|STCE'
[10:19:40] [spechunter] [text] Let me now check where `vmmops_delegate` is called and trace the full VCPU init flow.  
[10:19:40] [spechunter] [Grep] pattern='vmmops_delegate|vmmops_vcpu_init'
[10:19:40] [spechunter] [Read] /home/yzs/riscv/freebsd-src/sys/riscv/vmm/vmm_riscv.c
[10:19:40] [spechunter] [Grep] pattern='vmmops_delegate|vmmops_vcpu_init'
[10:19:54] [spechunter] [text] Let me also check the interrupt handler for timer (STIP) handling related to SIP.  
[10:19:54] [spechunter] [Read] /home/yzs/riscv/freebsd-src/sys/riscv/riscv/timer.c
[10:19:54] [spechunter] [Grep] pattern='STIP|stip'
[10:19:54] [spechunter] [Grep] pattern='timer.*interrupt|SIE_STIE|STIE'
[10:19:54] [spechunter] [Read] /home/yzs/riscv/freebsd-src/sys/riscv/vmm/vmm_riscv.c
[10:19:54] [spechunter] [Read] /home/yzs/riscv/freebsd-src/sys/riscv/riscv/identcpu.c
[10:19:55] [spechunter] [text] Let me read the key files now.  
[10:19:55] [spechunter] [Read] /home/yzs/riscv/linux/arch/riscv/include/asm/csr.h
[10:19:55] [spechunter] [Read] /home/yzs/riscv/linux/drivers/clocksource/timer-riscv.c
[10:19:55] [spechunter] [Read] /home/yzs/riscv/linux/arch/riscv/kvm/vcpu_timer.c
[10:20:03] [spechunter] [Read] /home/yzs/riscv/freebsd-src/sys/riscv/riscv/trap.c
[10:20:03] [spechunter] [Read] /home/yzs/riscv/freebsd-src/sys/riscv/riscv/timer.c
[10:20:16] [spechunter] [text] Let me also check the swtch.S and exception entry paths for sip interactions.  
[10:20:16] [spechunter] [Grep] pattern='sip|stimecmp|STIP|timer|hie|henvcfg|sie.*STIE'
[10:20:16] [spechunter] [Grep] pattern='sip|stimecmp|STIP|timer'
[10:20:16] [spechunter] [Read] /home/yzs/riscv/freebsd-src/sys/riscv/vmm/vmm_riscv.c
[10:20:21] [spechunter] [text] Let me also check the interrupt controller / PLIC and the bhyve files for additional references.  
[10:20:21] [spechunter] [Grep] pattern='SIP_SSIP|SIP_.*IP'
[10:20:21] [spechunter] [Grep] pattern='stimecmp|STIMECMP'
[10:20:21] [spechunter] [Grep] pattern='\\bsip\\b'
[10:20:21] [spechunter] [Read] /home/yzs/riscv/freebsd-src/sys/riscv/riscv/sbi_ipi.c
[10:20:21] [spechunter] [Read] /home/yzs/riscv/freebsd-src/sys/riscv/riscv/mp_machdep.c
[10:20:21] [spechunter] [Read] /home/yzs/riscv/freebsd-src/sys/riscv/riscv/identcpu.c
[10:20:21] [spechunter] [Grep] pattern='riscv_handle_world_switch'
[10:20:25] [spechunter] [Read] /home/yzs/riscv/freebsd-src/sys/riscv/vmm/vmm_riscv.c
[10:20:27] [spechunter] [text] Now let me trace the interrupt entry/exit paths and how sip is actually read and used.  
[10:20:27] [spechunter] [Grep] pattern='csr_read.*CSR_IP|csr_read.*CSR_SIP|csr_read.*CSR_MIP|csr_clear.*IE_TIE|csr_set.*IE_TIE'
[10:20:27] [spechunter] [Grep] pattern='handle_IPI|handle_percpu_devid_irq|riscv_timer_interrupt|IRQ_S_TIMER|RV_IRQ_TIMER'
[10:20:27] [spechunter] [Grep] pattern='sbi_set_timer|sbi_ecall.*TIME|SBI_EXT_TIME|timer.*sbi'
[10:20:35] [spechunter] [text] Let me also check the bhyve userspace and vmm include files for SSTC-related code.  
[10:20:35] [spechunter] [Grep] pattern='sstc|SSTC|stimecmp|henvcfg|menvcfg'
[10:20:35] [spechunter] [Grep] pattern='sstc|SSTC|stimecmp|henvcfg|menvcfg'
[10:20:35] [spechunter] [Read] /home/yzs/riscv/freebsd-src/sys/riscv/vmm/vmm_riscv.c
[10:20:42] [spechunter] [text] Let me also check the VM_CAP_SSTC definition and the init flow for the SBI TIME extension context.    
[10:20:42] [spechunter] [Read] /home/yzs/riscv/freebsd-src/sys/riscv/include/vmm.h
[10:20:42] [spechunter] [Read] /home/yzs/riscv/freebsd-src/sys/riscv/riscv/sbi.c
[10:20:42] [spechunter] [Grep] pattern='SBI_EXT_ID_TIME|has_time_extension|TIME_EXT'
[10:20:44] [spechunter] [Grep] pattern='csr_read|csr_clear|csr_set|csr_write'
[10:20:44] [spechunter] [Grep] pattern='IE_TIE|IE_SIE|IE_EIE'
[10:20:44] [spechunter] [Grep] pattern='scause|SCAUSE|IRQ_S_TIMER|handle_exception|do_irq'
[10:20:48] [spechunter] [Read] /home/yzs/riscv/linux/arch/riscv/kernel/entry.S
[10:20:48] [spechunter] [Read] /home/yzs/riscv/linux/arch/riscv/kernel/traps.c
[10:20:57] [spechunter] [text] {   "locations": [     {       "file_path": "drivers/clocksource/timer-riscv.c",       "function_name": "riscv_timer_int...
[10:20:57] [spechunter] [Grep] pattern='VSIP_TO_HVIP_SHIFT|VSIP_VALID_MASK|IRQ_VS_TIMER|IRQ_VS_SOFT|IRQ_LOCAL_MASK'
[10:20:57] [spechunter] [Grep] pattern='IRQ_LOCAL_MASK|IRQ_LOCAL_MAX|VSIP_TO_HVIP'
[10:20:57] [spechunter] [Read] /home/yzs/riscv/linux/arch/riscv/include/asm/csr.h
[10:20:59] [spechunter] [text] Now let me trace the interrupt controller dispatch to find how timer interrupts are routed.  
[10:20:59] [spechunter] [Grep] pattern='handle_arch_irq|riscv_intc|riscv_get_intc'
[10:20:59] [spechunter] [Grep] pattern='handle_arch_irq|riscv_intc|riscv_get_intc'
[10:21:14] [spechunter] [text] Now let me check for any `sip` reads in the broader interrupt handling path, and check the `vmm_stat` include for comple...
[10:21:14] [spechunter] [Grep] pattern='csr_read\\(sip\\)|csr_read\\(vsip\\)|sip\\b|SIP_'
[10:21:14] [spechunter] [Grep] pattern='csr_set\\(sie|csr_clear\\(sie|csr_write\\s*\\(\\s*sie\\b|csr_read\\(sie'
[10:21:14] [spechunter] [text] Let me also check the vmm.h for the SSTC cap definition and search stand/ for any references.  
[10:21:14] [spechunter] [Read] /home/yzs/riscv/freebsd-src/sys/riscv/include/vmm.h
[10:21:14] [spechunter] [Grep] pattern='sstc|SSTC|stimecmp|henvcfg|menvcfg|STIP'
[10:21:14] [spechunter] [Grep] pattern='sstc|SSTC|stimecmp|henvcfg|menvcfg'
[10:21:14] [spechunter] [Read] /home/yzs/riscv/freebsd-src/lib/libvmmapi/riscv/vmmapi_machdep.c
[10:21:17] [spechunter] [Read] /home/yzs/riscv/linux/drivers/irqchip/irq-riscv-intc.c
[10:21:17] [spechunter] [TodoWrite] 7 items
[10:21:20] [spechunter] [Bash] Check recent git history for CSR changes
[10:21:20] [spechunter] [Bash] Check recent git history for time_helper changes
[10:21:20] [spechunter] [Grep] pattern='MIP_STIP|riscv_stimer_cb|stimecmp|timer_irq'
[10:21:23] [spechunter] [text] Let me also check the early boot path for any menvcfg handling and the `riscv_handle_world_switch` virtual instruction h...
[10:21:23] [spechunter] [Grep] pattern='stimecmp|timecmp|STCE|has_sstc|sstc|timer'
[10:21:23] [spechunter] [Grep] pattern='csr_read\\(stimecmp\\)|csr_write\\(stimecmp\\)|hs_counteren|vstimecmp'
[10:21:23] [spechunter] [Read] /home/yzs/riscv/freebsd-src/sys/riscv/include/encoding.h
[10:21:32] [spechunter] [Grep] pattern='stimecmp|vstimecmp|timecmp|CSR_STIMECMP'
[10:21:32] [spechunter] [Grep] pattern='hstatus|henvcfg|hcounteren|htimedelta'
[10:21:37] [spechunter] [Read] /home/yzs/riscv/freebsd-src/sys/riscv/riscv/identcpu.c
[10:21:37] [spechunter] [Read] /home/yzs/riscv/freebsd-src/sys/riscv/riscv/identcpu.c
[10:21:37] [spechunter] [Read] /home/yzs/riscv/freebsd-src/usr.sbin/bhyve/riscv/bhyverun_machdep.c
[10:21:44] [spechunter] [text] Now let me trace the KVM paths and look for sip/mip reads specifically.  
[10:21:44] [spechunter] [Grep] pattern='csr_read.*CSR_IP|read.*CSR_SIP|read.*CSR_MIP|csrr.*sip'
[10:21:44] [spechunter] [Grep] pattern='kvm_riscv_vcpu_set_interrupt|kvm_riscv_vcpu_unset_interrupt|VS_TIMER|IRQ_VS_TIMER'
[10:21:44] [spechunter] [Grep] pattern='ncsr_read|ncsr_write|vcpu.*sip|vcpu.*mip|vsip|hvip'
[10:21:50] [spechunter] [Grep] pattern='vmm_switch'
[10:21:50] [spechunter] [Read] /home/yzs/riscv/freebsd-src/sys/riscv/vmm/vmm_riscv.c
[10:21:50] [spechunter] [Read] /home/yzs/riscv/linux/arch/riscv/kvm/vcpu.c
[10:21:50] [spechunter] [Read] /home/yzs/riscv/linux/arch/riscv/kvm/vcpu_exit.c
[10:21:59] [spechunter] [text] Now let me look at the KVM main run loop and how timer interrupts relate to vcpu scheduling, plus the sbi v01 timer path...
[10:21:59] [spechunter] [Read] /home/yzs/riscv/linux/arch/riscv/kvm/main.c
[10:21:59] [spechunter] [Read] /home/yzs/riscv/linux/arch/riscv/kvm/vcpu_sbi_v01.c
[10:21:59] [spechunter] [Read] /home/yzs/riscv/linux/arch/riscv/kernel/suspend.c
[10:22:13] [spechunter] [text] Let me check the vcpu run loop and the kvm_riscv_vcpu_has_interrupts check which uses VS_TIMER.    
[10:22:13] [spechunter] [Grep] pattern='kvm_arch_vcpu_ioctl_run|kvm_riscv_vcpu_has_interrupts|kvm_riscv_check_vcpu_requests|sstc|STCE|ENVCFG_STCE'
[10:22:13] [spechunter] [Read] /home/yzs/riscv/linux/arch/riscv/kvm/vcpu.c
[10:22:18] [spechunter] [Bash] Git blame for the STCE check in rmw_mip64
[10:22:18] [spechunter] [Bash] Find commits mentioning STCE
[10:22:18] [spechunter] [Bash] Find commits mentioning stimecmp
[10:22:21] [spechunter] [Read] /home/yzs/riscv/linux/arch/riscv/kvm/vcpu.c
[10:22:21] [spechunter] [Read] /home/yzs/riscv/linux/arch/riscv/kvm/vcpu.c
[10:22:21] [spechunter] [Read] /home/yzs/riscv/linux/arch/riscv/kvm/vcpu.c
[10:22:27] [spechunter] [text] Let me check one more important path — the sbi-ipi.c that does `csr_clear(CSR_IP, IE_SIE)` and the include for kvm_vcpu_...
[10:22:27] [spechunter] [Read] /home/yzs/riscv/linux/arch/riscv/kernel/sbi-ipi.c
[10:22:27] [spechunter] [Read] /home/yzs/riscv/linux/arch/riscv/include/asm/kvm_vcpu_timer.h
[10:22:27] [spechunter] [Read] /home/yzs/riscv/linux/include/clocksource/timer-riscv.h
[10:22:39] [spechunter] [Bash] Show original stimecmp commit details
[10:22:39] [spechunter] [Bash] Full git blame for rmw_mip64 function
[10:22:39] [spechunter] [text] Now I have a complete picture. Here is the JSON:  ```json {   "locations": [     {       "file_path": "sys/riscv/riscv/t...
[10:22:41] [spechunter] [text] ```json {   "locations": [     {       "file_path": "arch/riscv/include/asm/csr.h",       "function_name": null,       "...
[10:23:10] [spechunter] [Grep] pattern='STCE|menvcfg|MENVCFG|envcfg.*STCE|sstc_available'
[10:23:10] [spechunter] [Grep] pattern='STCE|menvcfg|MENVCFG|envcfg.*STCE|sstc_available'
[10:23:28] [spechunter] [text] I'll cross-validate these locations against the PR's actual scope: the spec clarification that when STCE=1 in henvcfg, S...
[10:23:28] [spechunter] [Read] /home/yzs/riscv/freebsd-src/sys/riscv/riscv/timer.c
[10:23:28] [spechunter] [Read] /home/yzs/riscv/freebsd-src/sys/riscv/include/riscvreg.h
[10:23:43] [spechunter] [Read] /home/yzs/riscv/freebsd-src/sys/riscv/vmm/vmm_riscv.c
[10:23:43] [spechunter] [Read] /home/yzs/riscv/freebsd-src/sys/riscv/vmm/vmm_riscv.c
[10:23:55] [spechunter] [text] Based on my analysis of the XiangShan RTL implementation against this spec diff, here is the security assessment:  
[10:23:55] [spechunter] [Read] /home/yzs/riscv/XiangShan/src/main/scala/xiangshan/backend/fu/NewCSR/MachineLevel.scala
[10:23:55] [spechunter] [Read] /home/yzs/riscv/XiangShan/src/main/scala/xiangshan/backend/fu/NewCSR/SstcInterruptGen.scala
[10:24:41] [spechunter] [text] Now let me verify the legacy CSR implementation to check for potential violations.  
[10:24:41] [spechunter] [Read] /home/yzs/riscv/XiangShan/src/main/scala/xiangshan/backend/fu/CSR.scala
[10:24:42] [spechunter] [text] Now let me check one more important file for the KVM vcpu interrupt checking path and the cpuidle/timer interaction.  
[10:24:42] [spechunter] [Read] /home/yzs/riscv/linux/arch/riscv/kvm/vcpu.c
[10:24:42] [spechunter] [Grep] pattern='SBI_EXT_TIME_SET_TIMER|SBI_EXT_0_1_SET_TIMER'
[10:24:43] [spechunter] [text] Now let me verify the two locations I suspect should be removed — the ones about *software* interrupts (SSIP/SSIE) that ...
[10:24:43] [spechunter] [Read] /home/yzs/riscv/freebsd-src/sys/riscv/riscv/sbi_ipi.c
[10:24:43] [spechunter] [Read] /home/yzs/riscv/freebsd-src/sys/riscv/riscv/mp_machdep.c
[10:24:57] [spechunter] [text] Now I have full context on both the new and legacy CSR implementations. Here is the structured security specification:  ...
[10:25:14] [spechunter] [Grep] pattern='mip'
[10:25:14] [spechunter] [Grep] pattern='menvcfg'
[10:25:14] [spechunter] [Grep] pattern='mvip'
[10:25:14] [spechunter] [Grep] pattern='mipWMask.*5\\)|mip.*STIP.*writable|writeMask.*STIP|mip_wmask.*STIP|STIP.*wen.*!.*STCE|STIP.*!.*menvcfg'
[10:25:17] [spechunter] [TodoWrite] 8 items
[10:25:25] [spechunter] [Read] /home/yzs/riscv/XiangShan/src/main/scala/xiangshan/backend/fu/CSR.scala
[10:25:25] [spechunter] [Grep] pattern='MachineLevel\\.scala'
[10:25:25] [spechunter] [Grep] pattern='CSRConfig'
[10:25:33] [spechunter] [text] Now I have a complete picture. Let me compile the final report.  
[10:25:33] [spechunter] [TodoWrite] 7 items
[10:25:40] [spechunter] [Grep] pattern='STIP|STCE|stip|stce'
[10:25:40] [spechunter] [Grep] pattern='mipWMask|writeMask.*mip|mip.*writeMask'
[10:25:40] [spechunter] [Grep] pattern='mipWMask'
[10:25:40] [spechunter] [Grep] pattern='menvcfg'
[10:25:51] [spechunter] [TodoWrite] 8 items
[10:25:55] [spechunter] [text] Let me get more details on the key locations found.  
[10:25:55] [spechunter] [Read] /home/yzs/riscv/XiangShan/src/main/scala/xiangshan/backend/fu/NewCSR/MachineLevel.scala
[10:25:55] [spechunter] [Read] /home/yzs/riscv/XiangShan/src/main/scala/xiangshan/backend/fu/NewCSR/MachineLevel.scala
[10:25:55] [spechunter] [Read] /home/yzs/riscv/XiangShan/src/main/scala/xiangshan/backend/fu/NewCSR/MachineLevel.scala
[10:25:55] [spechunter] [Read] /home/yzs/riscv/XiangShan/src/main/scala/xiangshan/backend/fu/CSR.scala
[10:26:02] [spechunter] [Grep] pattern='MachineLevel\\.scala'
[10:26:02] [spechunter] [Glob] **/NewCSR/MachineLevel.scala
[10:26:02] [spechunter] [Grep] pattern='CSRConfig'
[10:26:12] [spechunter] [Grep] pattern='STIP|STCE|mipWMask|mip_wmask|writeMask'
[10:26:13] [spechunter] [text] Let me verify the agent's claim by reading the critical code sections directly.  
[10:26:13] [spechunter] [Read] /home/yzs/riscv/qemu/target/riscv/csr.c
[10:26:13] [spechunter] [Read] /home/yzs/riscv/qemu/target/riscv/time_helper.c
[10:26:20] [spechunter] [text] Let me also check the SstcInterruptGen and CSRPermitModule files for completeness.  
[10:26:20] [spechunter] [Read] /home/yzs/riscv/XiangShan/src/main/scala/xiangshan/backend/fu/NewCSR/SstcInterruptGen.scala
[10:26:20] [spechunter] [Read] /home/yzs/riscv/XiangShan/src/main/scala/xiangshan/backend/fu/NewCSR/CSRPermitModule.scala
[10:26:20] [spechunter] [Read] /home/yzs/riscv/XiangShan/src/main/scala/xiangshan/backend/fu/CSR.scala
[10:26:26] [spechunter] [text] Now let me read the broader context around the STIP gating in the new module and check the CSRConfig.  
[10:26:26] [spechunter] [Read] /home/yzs/riscv/XiangShan/src/main/scala/xiangshan/backend/fu/NewCSR/MachineLevel.scala
[10:26:26] [spechunter] [Read] /home/yzs/riscv/XiangShan/src/main/scala/xiangshan/backend/fu/NewCSR/MachineLevel.scala
[10:26:26] [spechunter] [Read] /home/yzs/riscv/XiangShan/src/main/scala/xiangshan/backend/fu/NewCSR/MachineLevel.scala
[10:26:31] [spechunter] [text] I've read the key files. Now let me cross-validate each location against the PR's specific concern: the Sstc spec clarif...
[10:26:31] [spechunter] [Write] /home/yzs/riscv/freebsd-src/zabha_semantic_audit.json
[10:26:35] [spechunter] [Read] /home/yzs/riscv/freebsd-src/zabha_semantic_audit.json
[10:26:45] [spechunter] [TodoWrite] 8 items
[10:26:49] [spechunter] [Glob] **/CSRConfig.scala
[10:26:53] [spechunter] [text] Here is the complete JSON report:  ```json {   "locations": [     {       "file_path": "src/main/scala/xiangshan/backend...
[10:26:55] [spechunter] [Grep] pattern='object CSRConfig|class CSRConfig'
[10:27:06] [spechunter] [Read] /home/yzs/riscv/XiangShan/src/main/scala/xiangshan/backend/fu/NewCSR/NewCSR.scala
[10:27:33] [spechunter] [text] Let me check the full rmw_mip64 function from its beginning to understand the complete mask setup.  
[10:27:33] [spechunter] [Read] /home/yzs/riscv/qemu/target/riscv/csr.c
[10:27:33] [spechunter] [Bash] Check git history for csr.c
[10:27:42] [spechunter] [TodoWrite] 8 items
[10:27:42] [spechunter] [text] I see — the file contains previous audit results. Let me write the STIP/STCE cross-validation result.  
[10:27:42] [spechunter] [Write] /home/yzs/riscv/freebsd-src/zabha_semantic_audit.json
[10:27:54] [spechunter] [text] Let me also check `delegable_ints` and the KVM paths.  
[10:27:54] [spechunter] [Grep] pattern='delegable_ints'
[10:27:54] [spechunter] [Grep] pattern='MIP_STIP|stimecmp|ext_sstc|STCE'
[10:27:54] [spechunter] [Grep] pattern='MIP_STIP|stimecmp|ext_sstc'
[10:27:55] [spechunter] [text] Cross-validation complete. Here's the summary:  **Fast-path input:** 20 locations from entity-index (grep on sip/stimecm...
[10:28:03] [spechunter] [text] Now let me search for all references to `mipWMask` and understand the legacy vs new CSR module selection.  
[10:28:03] [spechunter] [Grep] pattern='mipWMask'
[10:28:03] [spechunter] [Grep] pattern='class CSR[^A-Z]|new CSR\\b|Module.*CSR\\b'
[10:28:03] [spechunter] [Grep] pattern='legacy.*CSR|old.*CSR|CSR\\.scala|NewCSR'
[10:28:11] [spechunter] [Grep] pattern='has_sstc'
[10:28:11] [spechunter] [Grep] pattern='stimecmp'
[10:28:11] [spechunter] [Grep] pattern='STCE'
[10:28:20] [spechunter] [Read] /home/yzs/riscv/XiangShan/src/main/scala/xiangshan/backend/fu/CSR.scala
[10:28:20] [spechunter] [Read] /home/yzs/riscv/XiangShan/src/main/scala/xiangshan/backend/fu/CSR.scala
[10:28:20] [spechunter] [Read] /home/yzs/riscv/XiangShan/src/main/scala/xiangshan/backend/fu/CSR.scala
[10:28:35] [spechunter] [text] Now let me trace the build-time selection between legacy and new CSR modules, and find SstcInterruptGen.  
[10:28:35] [spechunter] [Grep] pattern='HasNewCSR|newCSR|new_csr|useNewCSR|NewCSR'
[10:28:35] [spechunter] [Grep] pattern='SstcInterruptGen'
[10:28:40] [spechunter] [text] Let me check additional code paths that might bypass the STCE check.  
[10:28:40] [spechunter] [Grep] pattern='riscv_cpu_update_mip'
[10:28:40] [spechunter] [Grep] pattern='stimecmp|STIP|ext_sstc'
[10:28:42] [spechunter] [Read] /home/yzs/riscv/freebsd-src/sys/riscv/riscv/timer.c
[10:28:42] [spechunter] [Read] /home/yzs/riscv/freebsd-src/sys/riscv/vmm/vmm_riscv.c
[10:28:42] [spechunter] [Read] /home/yzs/riscv/freebsd-src/sys/riscv/riscv/identcpu.c
[10:28:42] [spechunter] [Read] /home/yzs/riscv/freebsd-src/sys/riscv/riscv/identcpu.c
[10:28:42] [spechunter] [Read] /home/yzs/riscv/freebsd-src/sys/riscv/include/riscvreg.h
[10:28:42] [spechunter] [Read] /home/yzs/riscv/freebsd-src/sys/riscv/include/md_var.h
[10:28:42] [spechunter] [Grep] pattern='HasNewCSR|CSR_LEGACY|legacyCSR|oldCSR|CSRModule'
[10:28:42] [spechunter] [Read] /home/yzs/riscv/XiangShan/src/main/scala/xiangshan/backend/fu/NewCSR/SstcInterruptGen.scala
[10:28:53] [spechunter] [Grep] pattern='NewCSR|class CSR\\b'
[10:28:53] [spechunter] [Grep] pattern='NewCSR|CSR\\b.*extends|csrMod|csr_type|csrConfig'
[10:29:00] [spechunter] [Glob] **/FuConfig*.scala
[10:29:00] [spechunter] [Grep] pattern='new CSR\\(|CSR\\b.*new|csrMod'
[10:29:04] [spechunter] [text] Now let me also check how Sstc is detected (via SBI or ISA string) and whether there's any `menvcfg` check.  
[10:29:04] [spechunter] [Grep] pattern='SV_SSTC|smode_extensions'
[10:29:04] [spechunter] [Grep] pattern='menvcfg'
[10:29:04] [spechunter] [Read] /home/yzs/riscv/freebsd-src/sys/riscv/vmm/vmm_riscv.c
[10:29:20] [spechunter] [Grep] pattern='CSR|csr'
[10:29:20] [spechunter] [Read] /home/yzs/riscv/XiangShan/src/main/scala/xiangshan/backend/fu/wrapper/CSR.scala
[10:29:25] [spechunter] [text] Let me also check how the ISA string is parsed to understand the full detection chain.  
[10:29:25] [spechunter] [Read] /home/yzs/riscv/freebsd-src/sys/riscv/riscv/identcpu.c
[10:29:25] [spechunter] [Read] /home/yzs/riscv/freebsd-src/sys/riscv/riscv/identcpu.c
[10:29:26] [spechunter] [text] Let me check the git history for when the STCE check was added to the mip writability code.  
[10:29:26] [spechunter] [Bash] Find commits adding STCE check to mip writability
[10:29:26] [spechunter] [Bash] Search git log for STCE+MIP_STIP related commits
[10:29:41] [spechunter] [text] Let me check the commit that first added the STCE check for MIP_STIP writability.  
[10:29:41] [spechunter] [Bash] Search git log for sstc/STCE fixes in csr.c
[10:29:41] [spechunter] [Bash] Find the specific commit that added STCE check to MIP_STIP mask
[10:29:46] [spechunter] [Read] /home/yzs/riscv/XiangShan/src/main/scala/xiangshan/backend/fu/wrapper/CSR.scala
[10:29:46] [spechunter] [Read] /home/yzs/riscv/XiangShan/src/main/scala/xiangshan/backend/fu/FuConfig.scala
[10:29:50] [spechunter] [Bash] Search git log for introduction of STCE+MIP_STIP mask code
[10:29:56] [spechunter] [Bash] List all sstc/STCE related commits in csr.c
[10:30:03] [spechunter] [text] Now let me verify whether there's any mechanism at all for detecting the M-mode STCE delegation failure (e.g., via SBI)....
[10:30:03] [spechunter] [Grep] pattern='sbi_set_timer|SBI_SET_TIMER|sbi_get_spec_version|sbi_probe_extension'
[10:30:03] [spechunter] [Read] /home/yzs/riscv/freebsd-src/sys/riscv/include/sbi.h
[10:30:13] [spechunter] [text] Let me check the imports in FuConfig.scala and verify which `CSR` class it actually uses.  
[10:30:13] [spechunter] [Read] /home/yzs/riscv/XiangShan/src/main/scala/xiangshan/backend/fu/FuConfig.scala
[10:30:26] [spechunter] [text] Let me check the history more carefully — was the STCE check always there, or was it added later?  
[10:30:26] [spechunter] [Bash] Check initial sstc commit for STCE check
[10:30:26] [spechunter] [Bash] Chronological sstc/STCE commits
[10:30:33] [spechunter] [text] Let me cross-validate the locations against the actual code.  
[10:30:33] [spechunter] [Read] /home/yzs/riscv/XiangShan/src/main/scala/xiangshan/backend/fu/NewCSR/MachineLevel.scala
[10:30:33] [spechunter] [Read] /home/yzs/riscv/XiangShan/src/main/scala/xiangshan/backend/fu/NewCSR/MachineLevel.scala
[10:30:33] [spechunter] [Read] /home/yzs/riscv/XiangShan/src/main/scala/xiangshan/backend/fu/NewCSR/MachineLevel.scala
[10:30:33] [spechunter] [Read] /home/yzs/riscv/XiangShan/src/main/scala/xiangshan/backend/fu/NewCSR/SstcInterruptGen.scala
[10:30:47] [spechunter] [Read] /home/yzs/riscv/XiangShan/src/main/scala/xiangshan/backend/fu/NewCSR/CSRPermitModule.scala
[10:30:47] [spechunter] [Read] /home/yzs/riscv/XiangShan/src/main/scala/xiangshan/backend/fu/NewCSR/MachineLevel.scala
[10:30:47] [spechunter] [Read] /home/yzs/riscv/XiangShan/src/main/scala/xiangshan/backend/fu/NewCSR/NewCSR.scala
[10:30:47] [spechunter] [Read] /home/yzs/riscv/XiangShan/src/main/scala/xiangshan/backend/fu/NewCSR/HypervisorLevel.scala
[10:31:04] [spechunter] [text] Now I have all the data needed. Let me analyze the findings.  The core issue is clear: `has_sstc` is set purely from the...
[10:31:04] [spechunter] [text] Now let me check the legacy CSR.scala locations to see if they're still relevant.  
[10:31:04] [spechunter] [Read] /home/yzs/riscv/XiangShan/src/main/scala/xiangshan/backend/fu/CSR.scala
[10:31:04] [spechunter] [Read] /home/yzs/riscv/XiangShan/src/main/scala/xiangshan/backend/fu/NewCSR/NewCSR.scala
[10:31:17] [spechunter] [text] The analysis of the Linux kernel's STIP/STCE behavior is complete. The JSON report above catalogues all the affected loc...
[10:31:42] [spechunter] [Read] /home/yzs/riscv/XiangShan/src/main/scala/xiangshan/backend/fu/NewCSR/MachineLevel.scala
[10:31:42] [spechunter] [Grep] pattern='STIP.*sip|sip.*STIP|sip.*writable|STIP.*writable'
[10:32:09] [spechunter] [text] Let me cross-validate the key locations against the actual code to judge relevance to the STCE=1 STIP behavior change.  
[10:32:09] [spechunter] [Read] /home/yzs/riscv/linux/arch/riscv/include/asm/csr.h
[10:32:09] [spechunter] [Read] /home/yzs/riscv/linux/arch/riscv/include/asm/csr.h
[10:32:09] [spechunter] [Read] /home/yzs/riscv/linux/drivers/clocksource/timer-riscv.c
[10:32:09] [spechunter] [Read] /home/yzs/riscv/linux/drivers/clocksource/timer-riscv.c
[10:32:09] [spechunter] [Read] /home/yzs/riscv/linux/arch/riscv/kernel/suspend.c
[10:32:09] [spechunter] [Read] /home/yzs/riscv/linux/arch/riscv/kernel/kexec_relocate.S
[10:32:26] [spechunter] [Grep] pattern='sip|Sip'
[10:32:26] [spechunter] [Grep] pattern='class.*Sip|CSRModule.*Sip|sip.*CSRModule|\\.sip|CSRs\\.sip'
[10:32:27] [spechunter] [Read] /home/yzs/riscv/linux/arch/riscv/kvm/vcpu.c
[10:32:27] [spechunter] [Read] /home/yzs/riscv/linux/arch/riscv/kvm/vcpu.c
[10:32:27] [spechunter] [Read] /home/yzs/riscv/linux/arch/riscv/kvm/vcpu.c
[10:32:27] [spechunter] [Read] /home/yzs/riscv/linux/arch/riscv/kvm/vcpu_timer.c
[10:32:27] [spechunter] [Read] /home/yzs/riscv/linux/arch/riscv/kvm/vcpu_timer.c
[10:32:27] [spechunter] [Read] /home/yzs/riscv/linux/arch/riscv/kvm/vcpu_onereg.c
[10:32:28] [spechunter] [Read] /home/yzs/riscv/qemu/target/riscv/csr.c
[10:32:37] [spechunter] [Read] /home/yzs/riscv/XiangShan/src/main/scala/xiangshan/backend/fu/NewCSR/SupervisorLevel.scala
[10:32:37] [spechunter] [Read] /home/yzs/riscv/XiangShan/src/main/scala/xiangshan/backend/fu/NewCSR/SupervisorLevel.scala
[10:32:42] [spechunter] [Read] /home/yzs/riscv/linux/arch/riscv/kernel/kexec_relocate.S
[10:32:42] [spechunter] [Read] /home/yzs/riscv/linux/arch/riscv/kvm/vcpu_timer.c
[10:32:42] [spechunter] [Read] /home/yzs/riscv/linux/drivers/clocksource/timer-riscv.c
[10:32:47] [spechunter] [text] Let me also check the GDB stub and the stimecmp CSR write handler for completeness.  
[10:32:47] [spechunter] [Read] /home/yzs/riscv/qemu/target/riscv/csr.c
[10:32:47] [spechunter] [Grep] pattern='write_stimecmp'
[10:33:39] [spechunter] [text] Let me check when the STCE check was added to the mvip path.  
[10:33:39] [spechunter] [Bash] Find commit adding STCE check to mvip alias_mask
[10:33:39] [spechunter] [Bash] Check if current branch has mvip STCE fix merged
[10:33:44] [spechunter] [Grep] pattern='class InterruptPendingBundle|class IpValidBundle|def getLocal'
[10:33:44] [spechunter] [Read] /home/yzs/riscv/XiangShan/src/main/scala/xiangshan/backend/fu/NewCSR/SupervisorLevel.scala
[10:34:33] [spechunter] [text] Let me check when the initial sstc support was added and whether the STCE check existed from day one.  
[10:34:33] [spechunter] [Bash] Show initial sstc commit
[10:34:33] [spechunter] [Bash] Check initial sstc code for STCE check
[10:35:23] [spechunter] [text] Now let me check whether the legacy CSR.scala is still actively used in the project.  
[10:35:23] [spechunter] [Grep] pattern='import.*CSR\\._|import.*fu\\.CSR'
[10:35:23] [spechunter] [Grep] pattern='CSR\\.scala|backend\\.fu\\.CSR[^M]'
[10:35:30] [spechunter] [Read] /home/yzs/riscv/XiangShan/src/main/scala/xiangshan/backend/fu/NewCSR/InterruptBundle.scala
[10:35:30] [spechunter] [Read] /home/yzs/riscv/XiangShan/src/main/scala/xiangshan/backend/fu/NewCSR/SupervisorLevel.scala
[10:36:00] [spechunter] [text] Now let me verify the remaining few unread locations and the IRQ definitions.  
[10:36:00] [spechunter] [Read] /home/yzs/riscv/linux/arch/riscv/include/asm/csr.h
[10:36:00] [spechunter] [Read] /home/yzs/riscv/linux/arch/riscv/include/asm/csr.h
[10:36:00] [spechunter] [Read] /home/yzs/riscv/linux/arch/riscv/include/asm/csr.h
[10:36:34] [spechunter] [text] Now let me verify the legacy CSR.scala is still compiled and understand its relevance.  
[10:36:34] [spechunter] [Read] /home/yzs/riscv/XiangShan/src/main/scala/xiangshan/backend/fu/CSR.scala
[10:36:34] [spechunter] [Read] /home/yzs/riscv/XiangShan/src/main/scala/xiangshan/backend/fu/wrapper/CSR.scala
[10:36:46] [spechunter] [text] Let me check additional paths — the hardware timer interrupt controller and any remaining code paths.  
[10:36:46] [spechunter] [Grep] pattern='MIP_STIP|IRQ_S_TIMER|timer.*interrupt|stip'
[10:36:46] [spechunter] [Grep] pattern='stimecmp|STCE|MIP_STIP'
[10:36:46] [spechunter] [Read] /home/yzs/riscv/qemu/target/riscv/machine.c
[10:37:07] [spechunter] [text] Let me check the `sstc()` predicate function and look for any timer interrupt paths that bypass the STCE check.  
[10:37:07] [spechunter] [Read] /home/yzs/riscv/qemu/target/riscv/csr.c
[10:37:07] [spechunter] [Read] /home/yzs/riscv/qemu/target/riscv/cpu_helper.c
[10:37:28] [spechunter] [text] Let me check the ACLINT timer interrupt generation path and the hypervisor timer init code.  
[10:37:28] [spechunter] [Read] /home/yzs/riscv/qemu/hw/intc/riscv_aclint.c
[10:37:28] [spechunter] [Read] /home/yzs/riscv/qemu/target/riscv/csr.c
[10:38:07] [spechunter] [text] Let me check if the legacy CSR.scala is still in the active build path.  
[10:38:07] [spechunter] [Grep] pattern='CSR\\.scala'
[10:38:07] [spechunter] [Grep] pattern='MaskedRegMap'
[10:38:20] [spechunter] [Bash] Timeline of sstc/mvip/STIP changes
[10:38:40] [spechunter] [text] Now let me read the remaining KVM timer functions for completeness.  
[10:38:40] [spechunter] [Read] /home/yzs/riscv/linux/arch/riscv/kvm/vcpu_timer.c
[10:39:45] [spechunter] [text] Let me check a few more paths to be thorough, particularly the vstimecmp handler and any ACLINT-MIP interaction.  
[10:39:45] [spechunter] [Grep] pattern='write_vstimecmp|read_vstimecmp'
[10:39:45] [spechunter] [Read] /home/yzs/riscv/qemu/target/riscv/csr.c
[10:39:56] [spechunter] [Read] /home/yzs/riscv/qemu/target/riscv/csr.c
[10:39:56] [spechunter] [Read] /home/yzs/riscv/qemu/target/riscv/time_helper.c
[10:40:22] [spechunter] [text] Now I have enough context to produce the final cross-validated location set. Let me reason through each location.  **Cor...
[10:40:22] [spechunter] [TodoWrite] 2 items
[10:40:31] [spechunter] [text] Now I have a complete picture. Let me cross-validate and produce the final location set.  **Analysis summary:**  The PR ...
[10:40:53] [spechunter] [Read] /home/yzs/riscv/XiangShan/src/main/scala/xiangshan/backend/fu/CSR.scala
[10:40:53] [spechunter] [Glob] **/MachineLevel.scala
[10:40:53] [spechunter] [Grep] pattern='EXT_SSTC|SSTC'
[10:40:54] [spechunter] [text] Let me validate the key locations against the actual code to ensure the descriptions are accurate.  
[10:40:54] [spechunter] [Read] /home/yzs/riscv/qemu/target/riscv/csr.c
[10:40:54] [spechunter] [Read] /home/yzs/riscv/qemu/target/riscv/time_helper.c
[10:40:54] [spechunter] [Read] /home/yzs/riscv/qemu/target/riscv/time_helper.c
[10:41:03] [spechunter] [Read] /home/yzs/riscv/XiangShan/src/main/scala/xiangshan/backend/fu/NewCSR/MachineLevel.scala
[10:41:03] [spechunter] [Grep] pattern='mip.*wen|mip.*write|writeMip|mipWMask|mip_wmask|mipReg|mipWire'
[10:41:20] [spechunter] [Read] /home/yzs/riscv/XiangShan/src/main/scala/xiangshan/backend/fu/CSR.scala
[10:41:20] [spechunter] [Read] /home/yzs/riscv/XiangShan/src/main/scala/xiangshan/backend/fu/CSR.scala
[10:41:20] [spechunter] [Read] /home/yzs/riscv/XiangShan/src/main/scala/xiangshan/backend/fu/CSR.scala
[10:41:20] [spechunter] [Grep] pattern='STIP|stip|mip.*STCE|STCE|menvcfg'
[10:41:23] [spechunter] [TodoWrite] 2 items
[10:41:40] [spechunter] [text] Now let me check the new CSR module's STIP/STCE handling and understand how the legacy vs. new modules are instantiated....
[10:41:40] [spechunter] [Grep] pattern='STIP|STCE|platformIRP|SstcInterrupt'
[10:41:40] [spechunter] [Grep] pattern='MipToMvip|IpValidBundle|class.*IpValid|STIP|platformIRP|sstcInterrupt'
[10:41:59] [spechunter] [text] Now let me check whether the legacy CSR module is still instantiated in any build flow, and how the module selection wor...
[10:41:59] [spechunter] [Grep] pattern='class CSR\\b|CSR\\b.*extends|new CSR\\b|val csr|Module\\(new CSR'
[10:41:59] [spechunter] [Read] /home/yzs/riscv/XiangShan/src/main/scala/xiangshan/backend/fu/NewCSR/MachineLevel.scala
[10:42:09] [spechunter] [text] Let me check the wrapper CSR and the InterruptBundle STIP/SSIP field definitions, and confirm whether the legacy CSR mod...
[10:42:09] [spechunter] [Read] /home/yzs/riscv/XiangShan/src/main/scala/xiangshan/backend/fu/wrapper/CSR.scala
[10:42:09] [spechunter] [Read] /home/yzs/riscv/XiangShan/src/main/scala/xiangshan/backend/fu/NewCSR/InterruptBundle.scala
[10:42:09] [spechunter] [Read] /home/yzs/riscv/XiangShan/src/main/scala/xiangshan/backend/fu/NewCSR/InterruptBundle.scala
[10:42:15] [spechunter] [Read] /home/yzs/riscv/qemu/target/riscv/csr.c
[10:42:15] [spechunter] [Read] /home/yzs/riscv/qemu/target/riscv/csr.c
[10:42:30] [spechunter] [text] ```json {   "locations": [     {       "file": "arch/riscv/include/asm/csr.h",       "line": 215,       "symbol": "ENVCF...
[10:42:31] [spechunter] [Read] /home/yzs/riscv/qemu/target/riscv/csr.c
[10:42:31] [spechunter] [Read] /home/yzs/riscv/qemu/target/riscv/csr.c
[10:42:31] [spechunter] [Read] /home/yzs/riscv/qemu/target/riscv/csr.c
[10:42:31] [spechunter] [Read] /home/yzs/riscv/qemu/target/riscv/csr.c
[10:42:42] [spechunter] [Read] /home/yzs/riscv/qemu/target/riscv/csr.c
[10:42:42] [spechunter] [Read] /home/yzs/riscv/qemu/target/riscv/csr.c
[10:42:42] [spechunter] [Read] /home/yzs/riscv/qemu/target/riscv/csr.c
[10:42:42] [spechunter] [Read] /home/yzs/riscv/qemu/target/riscv/csr.c
[10:42:51] [spechunter] [text] I'll search the Linux kernel source for the relevant patterns to analyze this STIP/STCE security spec concern.  
[10:42:51] [spechunter] [Grep] pattern='csr_read.*sip'
[10:42:51] [spechunter] [Grep] pattern='STIP|IE_SIP'
[10:42:51] [spechunter] [Grep] pattern='riscv_timer_interrupt|riscv_clock_event'
[10:42:51] [spechunter] [Grep] pattern='STCE|stimecmp|sstc'
[10:42:51] [spechunter] [Read] /home/yzs/riscv/qemu/target/riscv/csr.c
[10:42:51] [spechunter] [Read] /home/yzs/riscv/qemu/target/riscv/time_helper.c
[10:42:51] [spechunter] [Read] /home/yzs/riscv/qemu/target/riscv/time_helper.c
[10:42:51] [spechunter] [Read] /home/yzs/riscv/qemu/target/riscv/csr.c
[10:42:56] [spechunter] [text] Let me verify the legacy Interrupt bundle and confirm whether the legacy CSR is truly dead code.  
[10:42:56] [spechunter] [Grep] pattern='class Interrupt\\b'
[10:42:56] [spechunter] [Read] /home/yzs/riscv/XiangShan/src/main/scala/xiangshan/backend/fu/FuConfig.scala
[10:42:56] [spechunter] [Read] /home/yzs/riscv/XiangShan/src/main/scala/xiangshan/backend/fu/NewCSR/SstcInterruptGen.scala
[10:43:10] [spechunter] [text] Let me now read the core timer and IRQ handling files to understand the full picture.  
[10:43:10] [spechunter] [Read] /home/yzs/riscv/linux/drivers/clocksource/timer-riscv.c
[10:43:10] [spechunter] [Read] /home/yzs/riscv/linux/arch/riscv/kernel/irq.c
[10:43:10] [spechunter] [Read] /home/yzs/riscv/linux/arch/riscv/kernel/suspend.c
[10:43:23] [spechunter] [text] Let me verify whether the legacy CSR module is actually instantiated in any build configuration.  
[10:43:23] [spechunter] [Grep] pattern='backend\\.fu\\.CSR[^s]|backend\\.fu\\.CSR$|import.*fu\\.CSR\\b|new CSR\\b'
[10:43:23] [spechunter] [Grep] pattern='CSR\\.scala'
[10:43:28] [spechunter] [Grep] pattern='RV_IRQ_TIMER|INTERRUPT_CAUSE_TIMER|IRQ_TIMER'
[10:43:28] [spechunter] [Grep] pattern='RV_IRQ_TIMER|INTERRUPT_CAUSE_TIMER'
[10:43:28] [spechunter] [Grep] pattern='handle_arch_irq|do_IRQ'
[10:43:39] [spechunter] [Read] /home/yzs/riscv/XiangShan/src/main/scala/xiangshan/backend/fu/CSR.scala
[10:43:39] [spechunter] [Grep] pattern='stimecmp|SstcInterruptGen|sstcInterrupt'
[10:43:46] [spechunter] [Read] /home/yzs/riscv/linux/arch/riscv/include/asm/csr.h
[10:43:46] [spechunter] [Grep] pattern='IE_SIE|IE_TIE|IE_EIE|SIE_SSIE|SIE_STIE|SIE_SEIE|handle_arch_irq'
[10:43:46] [spechunter] [Read] /home/yzs/riscv/linux/arch/riscv/kernel/traps.c
[10:44:09] [spechunter] [text] Now let me check the ACLINT path and the hvip_writable_mask.  
[10:44:09] [spechunter] [Read] /home/yzs/riscv/qemu/hw/intc/riscv_aclint.c
[10:44:09] [spechunter] [Grep] pattern='hvip_writable_mask'
[10:44:11] [spechunter] [Glob] drivers/irqchip/irq-riscv-intc*.c
[10:44:11] [spechunter] [Glob] drivers/irqchip/irq-riscv*.c
[10:44:12] [spechunter] [text] Let me check the imports in FuConfig.scala to verify which CSR class is actually instantiated.  
[10:44:12] [spechunter] [Read] /home/yzs/riscv/XiangShan/src/main/scala/xiangshan/backend/fu/FuConfig.scala
[10:44:12] [spechunter] [Read] /home/yzs/riscv/XiangShan/src/main/scala/xiangshan/backend/fu/CSR.scala
[10:44:36] [spechunter] [Read] /home/yzs/riscv/linux/drivers/irqchip/irq-riscv-intc.c
[10:44:48] [spechunter] [Grep] pattern='^(class|object|trait) CSR|^class |^object |extends.*Module|extends.*Base'
[10:45:10] [spechunter] [Grep] pattern='sip|SIP|CSR_IP'
[10:45:10] [spechunter] [Grep] pattern='sip|SIP'
[10:45:10] [spechunter] [Grep] pattern='sip|SIP|CSR_IP'
[10:45:26] [spechunter] [Read] /home/yzs/riscv/linux/arch/riscv/kvm/vcpu_timer.c
[10:45:36] [spechunter] [text] Now I have a complete picture. Let me verify one more detail about the wrapper's CSR instantiation.  
[10:45:36] [spechunter] [Read] /home/yzs/riscv/XiangShan/src/main/scala/xiangshan/backend/fu/wrapper/CSR.scala
[10:45:36] [spechunter] [Read] /home/yzs/riscv/XiangShan/src/main/scala/xiangshan/backend/fu/CSR.scala
[10:46:28] [spechunter] [text] Now I have all the data to produce the analysis. Let me verify the key import resolution that determines which CSR class...
[10:46:28] [spechunter] [Read] /home/yzs/riscv/XiangShan/src/main/scala/xiangshan/backend/fu/FuConfig.scala
[10:46:41] [spechunter] [text] Let me check a few more code paths to be thorough.  
[10:46:41] [spechunter] [Grep] pattern='csr_read.*CSR_IP\\|csrr.*sip\\|read.*sip\\|pending_irq'
[10:46:41] [spechunter] [Grep] pattern='CSR_IP|csr_read.*CAUSE|csr_read.*IP\\b'
[10:46:41] [spechunter] [Grep] pattern='handle_percpu_devid_irq|sip|STIP'
[10:47:17] [spechunter] [text] Now I have enough context. Let me cross-validate and produce the final location set.  ---  ## Cross-validation Analysis ...
[10:47:27] [spechunter] [Read] /home/yzs/riscv/linux/arch/riscv/kernel/entry.S
[10:47:35] [spechunter] [Grep] pattern='MIP_STIP'
[10:47:35] [spechunter] [Grep] pattern='ext_sstc'
[10:47:35] [spechunter] [Grep] pattern='MENVCFG_STCE|STCE'
[10:47:35] [spechunter] [Grep] pattern='STIP.*writ|writ.*STIP|~MIP_STIP|mask.*STIP'
[10:47:41] [spechunter] [text] Now I have a complete picture. Let me verify the final resolution path to be sure about whether the legacy CSR is truly ...
[10:47:41] [spechunter] [Grep] pattern='\\"CSR\\b\\"|Module\\(new CSR\\b|xiangshan\\.backend\\.fu\\.CSR\\b'
[10:47:41] [spechunter] [Grep] pattern='xiangshan\\.backend\\.fu\\.CSR[^sI]|import xiangshan\\.backend\\.fu\\.CSR[^sI]|import xiangshan\\.backend\\.fu\\.CSR$'
[10:47:54] [spechunter] [text] Let me read the key code locations in detail.  
[10:47:54] [spechunter] [Read] /home/yzs/riscv/qemu/target/riscv/csr.c
[10:47:54] [spechunter] [Read] /home/yzs/riscv/qemu/target/riscv/csr.c
[10:47:54] [spechunter] [Read] /home/yzs/riscv/qemu/target/riscv/csr.c
[10:47:54] [spechunter] [Read] /home/yzs/riscv/qemu/target/riscv/time_helper.c
[10:48:03] [spechunter] [text] Now let me read the full mvip function to understand the alias logic.  
[10:48:03] [spechunter] [Read] /home/yzs/riscv/qemu/target/riscv/csr.c
[10:48:03] [spechunter] [Read] /home/yzs/riscv/qemu/target/riscv/csr.c
[10:48:38] [spechunter] [text] Now let me also check the KVM path and the sip/hvip-related STIP handling.  
[10:48:38] [spechunter] [Grep] pattern='MIP_STIP|STIP'
[10:48:38] [spechunter] [Grep] pattern='mip|STIP|sstc'
[10:48:38] [spechunter] [Read] /home/yzs/riscv/qemu/target/riscv/csr.c
[10:48:50] [spechunter] [text] Let me check the sip write path and the csr write functions for sip/hvip.  
[10:48:50] [spechunter] [Grep] pattern='write_sip|rmw_sip|MIP_STIP'
[10:48:50] [spechunter] [Read] /home/yzs/riscv/qemu/target/riscv/machine.c
[10:49:08] [spechunter] [Read] /home/yzs/riscv/qemu/target/riscv/csr.c
[10:49:08] [spechunter] [Read] /home/yzs/riscv/qemu/target/riscv/csr.c
[10:49:08] [spechunter] [Read] /home/yzs/riscv/qemu/target/riscv/csr.c
[10:49:12] [spechunter] [Grep] pattern='csr_read.*CSR_SIP|csrr.*sip'
[10:49:12] [spechunter] [Grep] pattern='riscv_clock_event_stop|riscv_timer_interrupt'
[10:49:13] [spechunter] [text] Let me check the read path for mip and mvip to understand how STIP reading works.    
[10:49:13] [spechunter] [Grep] pattern='read_mip|rmw_mip[^6v]'
[10:49:30] [spechunter] [Read] /home/yzs/riscv/qemu/target/riscv/csr.c
[10:49:30] [spechunter] [Grep] pattern='read_mip'
[10:49:41] [spechunter] [text] Now I have all the information needed. Here is the analysis:  **Key architectural finding:** The `FuConfig.scala:315` li...
[10:50:24] [spechunter] [text] Now let me check the mip read path to see how STIP is presented to reads.  
[10:50:24] [spechunter] [Read] /home/yzs/riscv/qemu/target/riscv/csr.c
[10:51:11] [spechunter] [text] Now let me check for any additional code that might read `sip` for timer-related purposes.  
[10:51:11] [spechunter] [Grep] pattern='CSR_SIP|CSR_MIP'
[10:51:11] [spechunter] [Grep] pattern='SCAUSE.*TIMER|timer.*scause|interrupt.*timer|cause.*13'
[10:51:11] [spechunter] [Grep] pattern='IE_TIE|IE_SIE|set_handle_irq'
[10:51:54] [spechunter] [text] Let me also verify the current diff to understand what's being changed.  
[10:51:54] [spechunter] [Bash] Check current diff in iommu file
[10:51:54] [spechunter] [Read] /home/yzs/riscv/qemu/target/riscv/time_helper.c
[10:52:22] [spechunter] [Grep] pattern='irqs_pending|local_softirq_pending|arch_irqs_disabled'
[10:52:22] [spechunter] [Grep] pattern='riscv_clock_event_stop|csr_write.*STIMECMP'
[10:52:46] [spechunter] [text] Now I have all the key code locations. Let me provide the complete analysis.  
[10:52:46] [spechunter] [Read] /home/yzs/riscv/qemu/target/riscv/csr.c
[10:54:05] [spechunter] [text] Now I have a thorough understanding of the entire RISC-V timer interrupt handling path in this kernel. Let me produce th...
[10:55:10] [spechunter] [text] Now I have all the data needed to produce the complete analysis.  ```json {   "findings": [     {       "file_path": "ta...
[07:22:36] [spechunter] PR loaded: #2755 riscv/riscv-isa-manual — "[PRIV] Clarification to STIP behavior when STCE=1"
[07:22:36] [spechunter]   diff: 969 chars  body: 77 chars  reviews: 0
[07:22:36] [spechunter] Global pre-filter running...
[07:22:41] [spechunter] [text] {"should_skip": false}
[07:22:42] [spechunter] pre-filter: should_skip=False reason=""
[07:22:49] [spechunter] [text] {"should_skip": false}
[07:22:58] [spechunter] [text] {"should_skip": false}
[07:23:03] [spechunter] [text] {"should_skip": false}
[07:23:05] [spechunter] [text] {"should_skip": false}
[07:23:12] [spechunter] [text] {"should_skip": false}
[07:23:16] [spechunter] [text] {  
[07:23:16] [spechunter] [Read] /home/yzs/riscv/qemu/hw/riscv/riscv-iommu.c
[07:23:23] [spechunter] [Grep] pattern='STCE|stce|Sstc|sstc|stimecmp'
[07:23:23] [spechunter] [Grep] pattern='STIP|mip.*STIP|stip'
[07:23:26] [spechunter] [Grep] pattern='stimecmp|STCE|menvcfg.*STCE'
[07:23:26] [spechunter] [Grep] pattern='STIP.*readonly|stip.*writable|mip.*STIP|stip.*mip'
[07:23:26] [spechunter] [Grep] pattern='sstc|Sstc|SSTC'
[07:23:28] [spechunter] [Grep] pattern='STCE|stce'
[07:23:28] [spechunter] [Grep] pattern='STIP|Stip'
[07:23:31] [spechunter] [Grep] pattern='STCE|stce'
[07:23:31] [spechunter] [Grep] pattern='stimecmp|STIP.*read|MIP_STIP|readonly.*STIP|sstc.*mip|mip.*sstc'
[07:23:40] [spechunter] [text] Let me look at the specific read-only check more closely and also check how `sip.STIP` is handled.  
[07:23:40] [spechunter] [Read] /home/yzs/riscv/qemu/target/riscv/csr.c
[07:23:40] [spechunter] [Grep] pattern='sip_writable_mask|SIP_STIP|sip.*STIP|STIP.*sip'
[07:23:44] [spechunter] [Grep] pattern='STCE|stce|SSTC|stimecmp'
[07:23:44] [spechunter] [Grep] pattern='STIP|MIP_STIP'
[07:23:50] [spechunter] [Agent] description, prompt
[07:23:52] [spechunter] [Grep] pattern='STCE|stce'
[07:23:52] [spechunter] [Grep] pattern='IP_STIP|_STIP_|MIP_STIP|BIT_STIP'
[07:23:52] [spechunter] [Grep] pattern='stimecmp|STIP|timer.*riscv|sstc'
[07:23:55] [spechunter] [text] ```json {   "violation_condition": "OpenSBI detects that stimecmp is implemented (e.g., via Sstc extension probing) but ...
[07:24:11] [spechunter] [Grep] pattern='sstc|SSTC'
[07:24:11] [spechunter] [Read] /home/yzs/riscv/linux/arch/riscv/include/asm/csr.h
[07:24:19] [spechunter] [Grep] pattern='STIP'
[07:24:19] [spechunter] [Grep] pattern='stimecmp'
[07:24:19] [spechunter] [Grep] pattern='STCE'
[07:24:19] [spechunter] [Grep] pattern='MIP_STIP'
[07:24:19] [spechunter] [Grep] pattern='mip'
[07:24:19] [spechunter] [Grep] pattern='menvcfg'
[07:24:24] [spechunter] [Agent] description, subagent_type
[07:24:24] [spechunter] [Agent] description, subagent_type
[07:24:24] [spechunter] [Agent] description, subagent_type
[07:24:27] [spechunter] [Grep] pattern='stimecmp|STIMECMP|SSTC|STCE|STCE|sstc'
[07:24:27] [spechunter] [Grep] pattern='menvcfg|MENVCFG'
[07:24:27] [spechunter] [Grep] pattern='stimecmp|STIMECMP|SSTC|STCE|menvcfg'
[07:24:27] [spechunter] [Grep] pattern='sbi_set_timer|set_timer|SBI_SET_TIMER|SBI_EXT_SET_TIMER'
[07:24:27] [spechunter] [Grep] pattern='timer.*tick|tick.*timer|hardclock|cpu_initclocks|DELAY|riscv_timer'
[07:24:27] [spechunter] [Grep] pattern='sti|STI|STIP|sip|SIP|sie|SIE'
[07:24:35] [spechunter] [Read] /home/yzs/riscv/linux/drivers/clocksource/timer-riscv.c
[07:24:35] [spechunter] [Grep] pattern='IE_TIE|IE_SIE|set_csr|clear_csr|csr_set|csr_clear|csr_write.*sie|csr_write.*sip'
[07:24:35] [spechunter] [Grep] pattern='stimecmp|STIP|stip|htimedelta|vstimecmp'
[07:24:37] [spechunter] [Read] /home/yzs/riscv/XiangShan/src/main/scala/xiangshan/backend/fu/NewCSR/SstcInterruptGen.scala
[07:24:37] [spechunter] [Read] /home/yzs/riscv/XiangShan/src/main/scala/xiangshan/backend/fu/NewCSR/MachineLevel.scala
[07:24:37] [spechunter] [Read] /home/yzs/riscv/opensbi/lib/sbi/sbi_hsm.c
[07:24:37] [spechunter] [Read] /home/yzs/riscv/opensbi/lib/sbi/sbi_timer.c
[07:24:37] [spechunter] [Read] /home/yzs/riscv/opensbi/lib/sbi/sbi_hart.c
[07:24:37] [spechunter] [Read] /home/yzs/riscv/opensbi/lib/sbi/sbi_hart.c
[07:24:37] [spechunter] [Read] /home/yzs/riscv/opensbi/lib/sbi/sbi_hart.c
[07:24:37] [spechunter] [Read] /home/yzs/riscv/opensbi/include/sbi/riscv_encoding.h
[07:24:37] [spechunter] [Read] /home/yzs/riscv/opensbi/include/sbi/riscv_encoding.h
[07:24:42] [spechunter] [Glob] lib/*timer*
[07:24:42] [spechunter] [Glob] include/*timer*
[07:24:42] [spechunter] [Glob] lib/*hsm*
[07:24:42] [spechunter] [Grep] pattern='timer'
[07:24:42] [spechunter] [Grep] pattern='STIP|mip\\.STIP|MIP_STIP'
[07:24:42] [spechunter] [Grep] pattern='STCE|stce|menvcfg'
[07:24:42] [spechunter] [Grep] pattern='sstc|SSTC'
[07:24:46] [spechunter] [text] Let me check a few more key locations for completeness
[07:24:46] [spechunter] [Read] /home/yzs/riscv/opensbi/lib/sbi/sbi_hsm.c
[07:24:46] [spechunter] [Read] /home/yzs/riscv/opensbi/lib/sbi/sbi_hsm.c
[07:24:46] [spechunter] [Read] /home/yzs/riscv/opensbi/lib/sbi/sbi_hsm.c
[07:24:46] [spechunter] [Grep] pattern='init_warm_resume'
[07:24:46] [spechunter] [Grep] pattern='sbi_hart_reinit'
[07:24:48] [spechunter] [Grep] pattern='csr_write.*mip|MIP_'
[07:24:48] [spechunter] [Grep] pattern='STIP|MIP_STIP|_STIP'
[07:24:48] [spechunter] [Grep] pattern='menvcfg|MENVCFG|STCE'
[07:24:48] [spechunter] [Grep] pattern='stimecmp|STIMECMP|stimecmp'
[07:24:48] [spechunter] [Grep] pattern='sstc|SSTC|Sstc'
[07:24:48] [spechunter] [Grep] pattern='STIP'
[07:24:48] [spechunter] [Grep] pattern='stimecmp'
[07:24:48] [spechunter] [Grep] pattern='STCE|Sstc|sstc'
[07:24:48] [spechunter] [Grep] pattern='menvcfg'
[07:24:48] [spechunter] [Grep] pattern='MIP_STIP|MIP_SEIP|MIP_SSIP'
[07:24:48] [spechunter] [Glob] **/timer*
[07:24:48] [spechunter] [Glob] **/hsm*
[07:24:50] [spechunter] [Read] /home/yzs/riscv/freebsd-src/sys/riscv/riscv/timer.c
[07:24:50] [spechunter] [Read] /home/yzs/riscv/freebsd-src/sys/riscv/riscv/identcpu.c
[07:24:50] [spechunter] [Read] /home/yzs/riscv/freebsd-src/sys/riscv/riscv/sbi.c
[07:24:50] [spechunter] [Read] /home/yzs/riscv/freebsd-src/sys/riscv/include/riscvreg.h
[07:24:50] [spechunter] [Read] /home/yzs/riscv/freebsd-src/sys/riscv/include/sbi.h
[07:24:50] [spechunter] [Read] /home/yzs/riscv/freebsd-src/sys/riscv/riscv/clock.c
[07:24:50] [spechunter] [Read] /home/yzs/riscv/freebsd-src/sys/riscv/riscv/mp_machdep.c
[07:24:52] [spechunter] [Read] /home/yzs/riscv/linux/arch/riscv/kernel/process.c
[07:24:52] [spechunter] [Read] /home/yzs/riscv/linux/arch/riscv/kernel/suspend.c
[07:24:52] [spechunter] [Grep] pattern='STIMECMP|stimecmp'
[07:24:55] [spechunter] [text] ```json {   "violation_condition": "QEMU makes mip.STIP read-only when stimecmp exists (ext_sstc) without also requiring...
[07:25:03] [spechunter] [Read] /home/yzs/riscv/opensbi/lib/sbi/sbi_timer.c
[07:25:03] [spechunter] [Read] /home/yzs/riscv/opensbi/lib/sbi/sbi_hsm.c
[07:25:03] [spechunter] [Read] /home/yzs/riscv/opensbi/lib/sbi/sbi_hart.c
[07:25:03] [spechunter] [Read] /home/yzs/riscv/opensbi/lib/sbi/sbi_ipi.c
[07:25:03] [spechunter] [Read] /home/yzs/riscv/opensbi/lib/sbi/sbi_irqchip.c
[07:25:03] [spechunter] [Read] /home/yzs/riscv/opensbi/include/sbi/riscv_encoding.h
[07:25:03] [spechunter] [Read] /home/yzs/riscv/opensbi/lib/sbi/sbi_fwft.c
[07:25:03] [spechunter] [Read] /home/yzs/riscv/opensbi/lib/utils/hsm/fdt_hsm_spacemit.c
[07:25:03] [spechunter] [Grep] pattern='STIP|MIP_STIP|sstc|stimecmp|menvcfg'
[07:25:03] [spechunter] [Read] /home/yzs/riscv/opensbi/lib/utils/timer/fdt_timer.c
[07:25:03] [spechunter] [Grep] pattern='mip|STIP|stimecmp|sstc|menvcfg'
[07:25:04] [spechunter] [Grep] pattern='stimecmp|CSR_STIMECMP|CSR_TIME'
[07:25:04] [spechunter] [Grep] pattern='timer|STI|stimecmp|hardclock'
[07:25:04] [spechunter] [Grep] pattern='timer|stimecmp|STI|SIE_STIE|STIP|timecmp|set_timer'
[07:25:04] [spechunter] [Read] /home/yzs/riscv/freebsd-src/sys/riscv/riscv/vmm_vtimer.c
[07:25:04] [spechunter] [Grep] pattern='SIE_STIE|stie|timer.*enable|enable.*timer'
[07:25:04] [spechunter] [Grep] pattern='IRQ_TIMER'
[07:25:08] [spechunter] [Read] /home/yzs/riscv/opensbi/lib/sbi/sbi_timer.c
[07:25:08] [spechunter] [Read] /home/yzs/riscv/opensbi/lib/sbi/sbi_hart.c
[07:25:08] [spechunter] [Read] /home/yzs/riscv/opensbi/lib/sbi/sbi_hart.c
[07:25:08] [spechunter] [Read] /home/yzs/riscv/opensbi/lib/sbi/sbi_hsm.c
[07:25:08] [spechunter] [Read] /home/yzs/riscv/opensbi/include/sbi/riscv_encoding.h
[07:25:08] [spechunter] [Read] /home/yzs/riscv/opensbi/include/sbi/riscv_encoding.h
[07:25:09] [spechunter] [Read] /home/yzs/riscv/opensbi/lib/sbi/sbi_timer.c
[07:25:09] [spechunter] [Read] /home/yzs/riscv/opensbi/lib/sbi/sbi_hsm.c
[07:25:09] [spechunter] [Read] /home/yzs/riscv/opensbi/lib/sbi/sbi_hart.c
[07:25:09] [spechunter] [Read] /home/yzs/riscv/opensbi/include/sbi/sbi_hart.h
[07:25:09] [spechunter] [Read] /home/yzs/riscv/opensbi/include/sbi/riscv_encoding.h
[07:25:09] [spechunter] [Grep] pattern='timer'
[07:25:09] [spechunter] [Grep] pattern='sbi_timer'
[07:25:11] [spechunter] [Read] /home/yzs/riscv/freebsd-src/sys/riscv/include/intr.h
[07:25:11] [spechunter] [Glob] sys/riscv/riscv/intr_machdep*
[07:25:11] [spechunter] [Glob] sys/riscv/riscv/vmm*
[07:25:11] [spechunter] [Glob] sys/riscv/riscv/intr*
[07:25:11] [spechunter] [Read] /home/yzs/riscv/freebsd-src/sys/riscv/include/encoding.h
[07:25:12] [spechunter] [Agent] description, prompt
[07:25:16] [spechunter] [Grep] pattern='STIMECMP|stimecmp'
[07:25:16] [spechunter] [Grep] pattern='STCE|stce'
[07:25:16] [spechunter] [Grep] pattern='ext_sstc|sstc'
[07:25:16] [spechunter] [Grep] pattern='STCE|stce'
[07:25:16] [spechunter] [Grep] pattern='STIMECMP|stimecmp'
[07:25:16] [spechunter] [Grep] pattern='ext_sstc'
[07:25:19] [spechunter] [text] ```json {   "violation_condition": "In the mip CSR hardware module, if STIP read-only behavior is gated on the elaborati...
[07:25:22] [spechunter] [Grep] pattern='stimecmp|0x14D|0x14d|CSR_STIME'
[07:25:22] [spechunter] [Glob] sys/riscv/riscv/*intr*
[07:25:22] [spechunter] [Glob] sys/riscv/riscv/vmm*
[07:25:22] [spechunter] [Grep] pattern='timer|stimecmp|timecmp|SIE_STIE|cpu_initclocks'
[07:25:26] [spechunter] [Read] /home/yzs/riscv/opensbi/include/sbi/sbi_hart.h
[07:25:26] [spechunter] [Read] /home/yzs/riscv/opensbi/lib/sbi/sbi_illegal_atomic.c
[07:25:26] [spechunter] [Read] /home/yzs/riscv/opensbi/platform/generic/andes/andes_pmu.c
[07:25:26] [spechunter] [Read] /home/yzs/riscv/opensbi/lib/sbi/sbi_pmu.c
[07:25:26] [spechunter] [Read] /home/yzs/riscv/opensbi/lib/utils/hsm/fdt_hsm_andes_atcsmu.c
[07:25:26] [spechunter] [Read] /home/yzs/riscv/opensbi/lib/utils/hsm/fdt_hsm_sifive_tmc0.c
[07:25:27] [spechunter] [text] ```json {   "locations": [     {       "file_path": "lib/sbi/sbi_hsm.c",       "function_name": "__sbi_hsm_suspend_non_r...
[07:25:34] [spechunter] [Agent] description, subagent_type
[07:25:34] [spechunter] [Read] /home/yzs/riscv/qemu/target/riscv/csr.c
[07:25:34] [spechunter] [Read] /home/yzs/riscv/qemu/target/riscv/csr.c
[07:25:34] [spechunter] [Read] /home/yzs/riscv/qemu/target/riscv/csr.c
[07:25:34] [spechunter] [Read] /home/yzs/riscv/qemu/target/riscv/time_helper.c
[07:25:36] [spechunter] [Grep] pattern='mip\\.STIP|STIP'
[07:25:36] [spechunter] [Grep] pattern='stimecmp|timecmp|STIMECMP|Sstc'
[07:25:36] [spechunter] [Grep] pattern='menvcfg|MENVCFG|STCE|stce'
[07:25:38] [spechunter] [text] Let me also check how the kernel handles `menvcfg.STCE` and the S-mode delegation of STIP.  
[07:25:38] [spechunter] [Grep] pattern='menvcfg|MENVCFG'
[07:25:38] [spechunter] [Grep] pattern='mideleg.*5|MIP_STIP|IRQ_TIMER.*deleg'
[07:25:39] [spechunter] [Grep] pattern='stimecmp'
[07:25:39] [spechunter] [Glob] sys/riscv/riscv/*.c
[07:25:39] [spechunter] [Glob] target/riscv/csr.c
[07:25:39] [spechunter] [Glob] target/riscv/cpu.h
[07:25:39] [spechunter] [Glob] target/riscv/cpu.c
[07:25:39] [spechunter] [Glob] target/riscv/op_helper.c
[07:25:39] [spechunter] [Glob] target/riscv/machine.c
[07:25:44] [spechunter] [Read] /home/yzs/riscv/opensbi/include/sbi/sbi_timer.h
[07:25:44] [spechunter] [Grep] pattern='sbi_timer_process|sbi_timer_event_start|sbi_timer_exit'
[07:25:44] [spechunter] [Grep] pattern='MTIP|IRQ_M_TIMER|MIP_MTIP'
[07:25:44] [spechunter] [Grep] pattern='timer'
[07:25:44] [spechunter] [Grep] pattern='sbi_timer'
[07:25:53] [spechunter] [Read] /home/yzs/riscv/freebsd-src/sys/riscv/riscv/intc.c
[07:25:53] [spechunter] [Read] /home/yzs/riscv/freebsd-src/sys/riscv/riscv/trap.c
[07:25:53] [spechunter] [Read] /home/yzs/riscv/freebsd-src/sys/riscv/riscv/vm_machdep.c
[07:25:53] [spechunter] [Read] /home/yzs/riscv/opensbi/lib/sbi/sbi_trap.c
[07:25:53] [spechunter] [Read] /home/yzs/riscv/opensbi/lib/sbi/sbi_ecall_time.c
[07:25:53] [spechunter] [Read] /home/yzs/riscv/opensbi/lib/sbi/sbi_emulate_csr.c
[07:25:53] [spechunter] [Read] /home/yzs/riscv/opensbi/lib/sbi/sbi_init.c
[07:25:53] [spechunter] [Read] /home/yzs/riscv/opensbi/lib/sbi/sbi_init.c
[07:25:53] [spechunter] [Read] /home/yzs/riscv/opensbi/lib/sbi/sbi_init.c
[07:25:56] [spechunter] [text] Let me also check the sip read path and the TCG/KVM code for additional references
[07:25:56] [spechunter] [Grep] pattern='sip|SIP|MIP_STIP'
[07:25:56] [spechunter] [Read] /home/yzs/riscv/qemu/target/riscv/csr.c
[07:25:56] [spechunter] [Grep] pattern='MIP_STIP|MIP_VSTIP'
[07:25:56] [spechunter] [Grep] pattern='stimecmp|STIMECMP|ext_sstc|STCE|stce'
[07:25:56] [spechunter] [Grep] pattern='STIMECMP|stimecmp|ext_sstc|sstc|STCE|stce'
[07:25:56] [spechunter] [Grep] pattern='STIP|S_TIMER_INTERRUPT|stimecmp|sstc|STCE'
[07:25:56] [spechunter] [Grep] pattern='STIP|S_TIMER_INTERRUPT|stimecmp|sstc|STCE'
[07:25:56] [spechunter] [Grep] pattern='STIP|S_TIMER_INTERRUPT|stimecmp|sstc|STCE'
[07:25:56] [spechunter] [Grep] pattern='STIP|S_TIMER_INTERRUPT|stimecmp|sstc|STCE'
[07:25:56] [spechunter] [Grep] pattern='STIP|S_TIMER_INTERRUPT|stimecmp|sstc|STCE'
[07:26:00] [spechunter] [Read] /home/yzs/riscv/XiangShan/src/main/scala/xiangshan/backend/fu/NewCSR/MachineLevel.scala
[07:26:00] [spechunter] [Read] /home/yzs/riscv/XiangShan/src/main/scala/xiangshan/backend/fu/NewCSR/MachineLevel.scala
[07:26:00] [spechunter] [Read] /home/yzs/riscv/XiangShan/src/main/scala/xiangshan/backend/fu/NewCSR/SstcInterruptGen.scala
[07:26:00] [spechunter] [Read] /home/yzs/riscv/XiangShan/src/main/scala/xiangshan/backend/fu/NewCSR/CSRBundles.scala
[07:26:04] [spechunter] [Read] /home/yzs/riscv/opensbi/lib/sbi/sbi_trap.c
[07:26:04] [spechunter] [Read] /home/yzs/riscv/opensbi/lib/sbi/sbi_init.c
[07:26:04] [spechunter] [Grep] pattern='timer|MIP_STIP|STIP|MTIP|STIMECMP'
[07:26:04] [spechunter] [Grep] pattern='sbi_system_is_suspended|sbi_system_resume'
[07:26:10] [spechunter] [Read] /home/yzs/riscv/opensbi/lib/sbi/sbi_ecall_legacy.c
[07:26:10] [spechunter] [Grep] pattern='timer|TIME'
[07:26:11] [spechunter] [Grep] pattern='STIP'
[07:26:11] [spechunter] [Grep] pattern='stimecmp'
[07:26:11] [spechunter] [Grep] pattern='STCE'
[07:26:11] [spechunter] [Grep] pattern='menvcfg'
[07:26:11] [spechunter] [Grep] pattern='class Mip(Reg|Bundle|CSR)|"mip"|val mip'
[07:26:12] [spechunter] [Grep] pattern='stimecmp|0x14D'
[07:26:12] [spechunter] [Glob] sys/riscv/riscv/exception.S
[07:26:12] [spechunter] [Glob] sys/riscv/riscv/locore.S
[07:26:12] [spechunter] [Glob] sys/riscv/riscv/cpu_switch.S
[07:26:13] [spechunter] [Read] /home/yzs/riscv/XiangShan/src/main/scala/xiangshan/backend/fu/NewCSR/MachineLevel.scala
[07:26:13] [spechunter] [Read] /home/yzs/riscv/XiangShan/src/main/scala/xiangshan/backend/fu/NewCSR/MachineLevel.scala
[07:26:13] [spechunter] [Read] /home/yzs/riscv/XiangShan/src/main/scala/xiangshan/backend/fu/NewCSR/MachineLevel.scala
[07:26:18] [spechunter] [text] Let me check the ACLINT file and the sip read path, plus the KVM and machine initialization code.  
[07:26:18] [spechunter] [Read] /home/yzs/riscv/qemu/hw/intc/riscv_aclint.c
[07:26:18] [spechunter] [Read] /home/yzs/riscv/qemu/target/riscv/csr.c
[07:26:18] [spechunter] [Read] /home/yzs/riscv/qemu/target/riscv/csr.c
[07:26:18] [spechunter] [Read] /home/yzs/riscv/qemu/target/riscv/csr.c
[07:26:18] [spechunter] [Read] /home/yzs/riscv/qemu/target/riscv/csr.c
[07:26:18] [spechunter] [Read] /home/yzs/riscv/qemu/target/riscv/tcg/tcg-cpu.c
[07:26:18] [spechunter] [Read] /home/yzs/riscv/freebsd-src/sys/riscv/riscv/exception.S
[07:26:18] [spechunter] [Read] /home/yzs/riscv/freebsd-src/sys/riscv/riscv/locore.S
[07:26:18] [spechunter] [Glob] sys/riscv/riscv/swtch.S
[07:26:18] [spechunter] [Grep] pattern='stimecmp'
[07:26:21] [spechunter] [Read] /home/yzs/riscv/XiangShan/src/main/scala/xiangshan/backend/fu/NewCSR/MachineLevel.scala
[07:26:21] [spechunter] [Read] /home/yzs/riscv/XiangShan/src/main/scala/xiangshan/backend/fu/NewCSR/SstcInterruptGen.scala
[07:26:21] [spechunter] [Read] /home/yzs/riscv/XiangShan/src/main/scala/xiangshan/backend/fu/util/CSRConst.scala
[07:26:21] [spechunter] [Read] /home/yzs/riscv/XiangShan/src/main/scala/xiangshan/backend/fu/NewCSR/CSRPermitModule.scala
[07:26:28] [spechunter] [Read] /home/yzs/riscv/qemu/target/riscv/csr.c
[07:26:28] [spechunter] [Read] /home/yzs/riscv/qemu/target/riscv/csr.c
[07:26:28] [spechunter] [Read] /home/yzs/riscv/qemu/target/riscv/csr.c
[07:26:28] [spechunter] [Read] /home/yzs/riscv/qemu/target/riscv/csr.c
[07:26:28] [spechunter] [Read] /home/yzs/riscv/qemu/target/riscv/csr.c
[07:26:37] [spechunter] [text] Let me also check the KVM path and the disassembler.  
[07:26:37] [spechunter] [Grep] pattern='stimecmp|STIMECMP|ext_sstc|STCE|stce'
[07:26:37] [spechunter] [Grep] pattern='STIMECMP|stimecmp'
[07:26:37] [spechunter] [Grep] pattern='baseline_applied_sstc|mideleg.*VSTIP'
[07:26:37] [spechunter] [Read] /home/yzs/riscv/qemu/target/riscv/csr.c
[07:26:39] [spechunter] [Read] /home/yzs/riscv/freebsd-src/sys/riscv/riscv/swtch.S
[07:26:39] [spechunter] [Grep] pattern='stimecmp'
[07:26:39] [spechunter] [Grep] pattern='DECLARE_CSR|define.*stimecmp'
[07:26:41] [spechunter] [Grep] pattern='STIP|STCE|stimecmp|SstcInterruptGen'
[07:26:41] [spechunter] [Grep] pattern='STIP|stimecmp|STCE'
[07:26:41] [spechunter] [Grep] pattern='STIP|stimecmp|STCE'
[07:26:41] [spechunter] [Grep] pattern='stimecmp|STIP|STCE'
[07:26:41] [spechunter] [Grep] pattern='stimecmp|STIP|STCE'
[07:26:41] [spechunter] [Grep] pattern='STIP|InterruptPending'
[07:26:53] [spechunter] [Grep] pattern='sip_writable_mask'
[07:26:53] [spechunter] [Grep] pattern='rmw_xip|write_xip|read_xip'
[07:26:53] [spechunter] [Grep] pattern='riscv_timer_stce_changed|riscv_timer_write_timecmp'
[07:26:56] [spechunter] [Read] /home/yzs/riscv/freebsd-src/sys/riscv/riscv/vmm_vtimer.c
[07:26:56] [spechunter] [Read] /home/yzs/riscv/freebsd-src/sys/riscv/include/vmm.h
[07:26:56] [spechunter] [Read] /home/yzs/riscv/freebsd-src/sys/riscv/include/md_var.h
[07:26:56] [spechunter] [Grep] pattern='cpu_initclocks_bsp|cpu_initclocks_ap'
[07:27:03] [spechunter] [Read] /home/yzs/riscv/qemu/target/riscv/csr.c
[07:27:03] [spechunter] [Read] /home/yzs/riscv/qemu/target/riscv/time_helper.c
[07:27:03] [spechunter] [Read] /home/yzs/riscv/qemu/target/riscv/time_helper.h
[07:27:04] [spechunter] [Grep] pattern='ext_sstc'
[07:27:04] [spechunter] [Grep] pattern='riscv_timer_init'
[07:27:04] [spechunter] [Read] /home/yzs/riscv/qemu/target/riscv/machine.c
[07:27:06] [spechunter] [Grep] pattern='stimecmp|vstimecmp|STCE'
[07:27:06] [spechunter] [Grep] pattern='class EnvCfg|STCE'
[07:27:06] [spechunter] [Grep] pattern='EXT_SSTC'
[07:27:06] [spechunter] [Grep] pattern='STIP|InterruptPending'
[07:27:06] [spechunter] [Grep] pattern='STIP'
[07:27:11] [spechunter] [text] Now I have enough context to produce the security specification. The key insight: the kernel relies on STIP being a read...
[07:27:24] [spechunter] [Grep] pattern='static RISCVException rmw_mip64'
[07:27:24] [spechunter] [Grep] pattern='MENVCFG_STCE'
[07:27:24] [spechunter] [Grep] pattern='mip_writable_mask|HVIP_MASK|S_MODE_INTERRUPTS'
[07:27:25] [spechunter] [Read] /home/yzs/riscv/opensbi/lib/sbi/sbi_hart.c
[07:27:25] [spechunter] [Read] /home/yzs/riscv/opensbi/lib/sbi/sbi_hart.c
[07:27:25] [spechunter] [Read] /home/yzs/riscv/opensbi/include/sbi/sbi_hart.h
[07:27:25] [spechunter] [Read] /home/yzs/riscv/opensbi/lib/utils/hsm/fdt_hsm_spacemit.c
[07:27:25] [spechunter] [Read] /home/yzs/riscv/opensbi/lib/utils/timer/fdt_timer.c
[07:27:25] [spechunter] [Read] /home/yzs/riscv/opensbi/lib/sbi/sbi_hsm.c
[07:27:28] [spechunter] [Grep] pattern='STIP|STCE|stimecmp'
[07:27:28] [spechunter] [Grep] pattern='class CSRConfig'
[07:27:28] [spechunter] [Grep] pattern='henvcfg|STCE'
[07:27:29] [spechunter] [Grep] pattern='cpu_initclocks_bsp|cpu_initclocks_ap'
[07:27:29] [spechunter] [Grep] pattern='cpu_initclocks_bsp|cpu_initclocks_ap'
[07:27:29] [spechunter] [Glob] sys/riscv/riscv/vmm*
[07:27:29] [spechunter] [Read] /home/yzs/riscv/freebsd-src/sys/riscv/vmm/vmm_riscv.c
[07:27:29] [spechunter] [Grep] pattern='STIMECMP|stimecmp'
[07:27:29] [spechunter] [Read] /home/yzs/riscv/qemu/target/riscv/time_helper.c
[07:27:29] [spechunter] [Read] /home/yzs/riscv/qemu/target/riscv/time_helper.c
[07:27:30] [spechunter] [Read] /home/yzs/riscv/qemu/target/riscv/csr.c
[07:27:30] [spechunter] [Read] /home/yzs/riscv/qemu/target/riscv/csr.c
[07:27:34] [spechunter] [Grep] pattern='val mipReg|val mipMask'
[07:27:34] [spechunter] [Grep] pattern='CSRConfig|EXT_SSTC'
[07:27:37] [spechunter] [Agent] description, prompt
[07:27:40] [spechunter] [Read] /home/yzs/riscv/XiangShan/src/main/scala/xiangshan/backend/fu/NewCSR/NewCSR.scala
[07:27:40] [spechunter] [Glob] **/Nutshell*/**/*.scala
[07:27:40] [spechunter] [Glob] **/nutshell*/**/*.scala
[07:27:40] [spechunter] [Glob] **/Tianyi*/**/*.scala
[07:27:42] [spechunter] [Grep] pattern='STIP|stip|MIP_STIP'
[07:27:42] [spechunter] [Grep] pattern='write_hideleg|rmw_hideleg'
[07:27:42] [spechunter] [Grep] pattern='rmw_hvip64'
[07:27:44] [spechunter] [Bash] List top-level scala directories
[07:27:44] [spechunter] [Bash] Check git submodules
[07:27:44] [spechunter] [Grep] pattern='CSR_STIMECMP'
[07:27:44] [spechunter] [Grep] pattern='CSR_STIMECMPH'
[07:27:44] [spechunter] [Grep] pattern='CSR_MENVCFG'
[07:27:44] [spechunter] [Grep] pattern='CSR_MIP'
[07:27:44] [spechunter] [Grep] pattern='CSR_SIP'
[07:27:44] [spechunter] [Grep] pattern='CSR_HENVCFG'
[07:27:44] [spechunter] [Grep] pattern='riscv_isa_extension_available\\(.*SSTC'
[07:27:44] [spechunter] [Grep] pattern='csr_(read|write)\\(CSR_STIMECMP'
[07:27:48] [spechunter] [text] Let me also check the sip read path via `read_mip` and the `mvip_writable_mask` static definition.  
[07:27:48] [spechunter] [Read] /home/yzs/riscv/qemu/target/riscv/csr.c
[07:27:48] [spechunter] [Grep] pattern='read_mip|rmw_mip'
[07:27:50] [spechunter] [Read] /home/yzs/riscv/qemu/target/riscv/csr.c
[07:27:50] [spechunter] [Read] /home/yzs/riscv/qemu/target/riscv/csr.c
[07:27:50] [spechunter] [Read] /home/yzs/riscv/qemu/target/riscv/machine.c
[07:27:52] [spechunter] [Grep] pattern='val mipWBits|mipMask'
[07:27:52] [spechunter] [Grep] pattern='hip|hipModule|class HipModule'
[07:27:52] [spechunter] [Grep] pattern='csr_set\\(CSR_MIP'
[07:27:52] [spechunter] [Grep] pattern='csr_write64\\(CSR_MENVCFG'
[07:27:52] [spechunter] [Grep] pattern='sbi_hart_has_extension.*SSTC|SBI_HART_EXT_SSTC'
[07:27:52] [spechunter] [Grep] pattern='saved_mie|saved_mip|saved_menvcfg'
[07:27:52] [spechunter] [Grep] pattern='mideleg|mideleg.*STIP|STIP.*mideleg'
[07:27:52] [spechunter] [Glob] **/sbi_timer*
[07:27:56] [spechunter] [Grep] pattern='rmw_mvip64.*SIP|CSR_SIP.*rmw|write_sip|read_sip'
[07:27:56] [spechunter] [Grep] pattern='\\[CSR_SIP\\]'
[07:27:56] [spechunter] [Read] /home/yzs/riscv/qemu/target/riscv/csr.c
[07:27:59] [spechunter] [Grep] pattern='mipWMask|mipWire\\.STIP|mipReg\\.STIP'
[07:27:59] [spechunter] [Grep] pattern='STIP|STCE'
[07:28:02] [spechunter] [Grep] pattern='riscv_isa_extension_available.*SSTC'
[07:28:02] [spechunter] [Grep] pattern='CSR_STIMECMP'
[07:28:02] [spechunter] [Grep] pattern='CSR_STIMECMPH'
[07:28:02] [spechunter] [Grep] pattern='stimecmp'
[07:28:02] [spechunter] [Grep] pattern='SSTC'
[07:28:02] [spechunter] [Grep] pattern='menvcfg'
[07:28:02] [spechunter] [Grep] pattern='STCE'
[07:28:07] [spechunter] [text] Let me get more context on the key files to determine exact function boundaries.  
[07:28:07] [spechunter] [Read] /home/yzs/riscv/linux/drivers/clocksource/timer-riscv.c
[07:28:07] [spechunter] [Read] /home/yzs/riscv/linux/arch/riscv/kernel/suspend.c
[07:28:07] [spechunter] [Read] /home/yzs/riscv/linux/arch/riscv/kvm/vcpu_timer.c
[07:28:07] [spechunter] [Read] /home/yzs/riscv/linux/arch/riscv/kvm/vcpu.c
[07:28:07] [spechunter] [Read] /home/yzs/riscv/linux/arch/riscv/kvm/vcpu_sbi_fwft.c
[07:28:07] [spechunter] [Read] /home/yzs/riscv/linux/arch/riscv/kernel/kexec_relocate.S
[07:28:08] [spechunter] [Read] /home/yzs/riscv/opensbi/include/sbi/sbi_timer.h
[07:28:08] [spechunter] [Read] /home/yzs/riscv/opensbi/lib/sbi/sbi_hsm.c
[07:28:08] [spechunter] [Read] /home/yzs/riscv/opensbi/lib/sbi/sbi_hart.c
[07:28:08] [spechunter] [Read] /home/yzs/riscv/opensbi/lib/sbi/sbi_ipi.c
[07:28:08] [spechunter] [Read] /home/yzs/riscv/opensbi/lib/utils/suspend/fdt_suspend_andes_atcsmu.c
[07:28:09] [spechunter] [Grep] pattern='stimecmp|STCE|SSTC|Sstc'
[07:28:09] [spechunter] [Grep] pattern='stimecmp|STCE|SSTC'
[07:28:09] [spechunter] [Grep] pattern='timer|tick|timerintr'
[07:28:13] [spechunter] [Grep] pattern='mipWire|stimecmp|STIP'
[07:28:13] [spechunter] [Grep] pattern='class InterruptPending|STIP\\b'
[07:28:18] [spechunter] [text] Let me also read the SSTC probe in the timer driver and the kexec second sip write.  
[07:28:18] [spechunter] [Read] /home/yzs/riscv/linux/drivers/clocksource/timer-riscv.c
[07:28:18] [spechunter] [Read] /home/yzs/riscv/linux/arch/riscv/kernel/kexec_relocate.S
[07:28:18] [spechunter] [Read] /home/yzs/riscv/linux/drivers/perf/riscv_pmu_sbi.c
[07:28:18] [spechunter] [Read] /home/yzs/riscv/linux/tools/testing/selftests/kvm/include/riscv/arch_timer.h
[07:28:18] [spechunter] [Read] /home/yzs/riscv/linux/tools/testing/selftests/kvm/riscv/sbi_pmu_test.c
[07:28:19] [spechunter] [Read] /home/yzs/riscv/freebsd-src/sys/riscv/riscv/timer.c
[07:28:19] [spechunter] [Read] /home/yzs/riscv/freebsd-src/sys/riscv/vmm/vmm_riscv.c
[07:28:19] [spechunter] [Read] /home/yzs/riscv/freebsd-src/sys/riscv/vmm/vmm_vtimer.c
[07:28:28] [spechunter] [text] Now let me check the CSR definition headers for exact line numbers.  
[07:28:28] [spechunter] [Grep] pattern='#define CSR_MIP\\b|#define CSR_SIP\\b|#define CSR_MENVCFG\\b|#define CSR_HENVCFG\\b|#define CSR_STIMECMP\\b|#define CSR_STIMECMPH\\b|#define CSR_MENVCFGH\\b|#define CSR_HENVCFGH\\b|#define CSR_MIPH\\b|#define CSR_SIPH\\b|ENVCFG_STCE'
[07:28:28] [spechunter] [Grep] pattern='#define CSR_MIP\\b|#define CSR_SIP\\b|#define CSR_MENVCFG\\b|#define CSR_HENVCFG\\b|#define CSR_STIMECMP\\b|#define CSR_STIMECMPH\\b|#define CSR_MENVCFGH\\b|#define CSR_HENVCFGH\\b|#define CSR_MIPH\\b|#define CSR_SIPH\\b'
[07:28:28] [spechunter] [Grep] pattern='ENVCFG_STCE'
[07:28:29] [spechunter] [Read] /home/yzs/riscv/linux/arch/riscv/kernel/suspend.c
[07:28:29] [spechunter] [Read] /home/yzs/riscv/linux/drivers/clocksource/timer-riscv.c
[07:28:29] [spechunter] [Read] /home/yzs/riscv/linux/arch/riscv/kvm/vcpu_timer.c
[07:28:29] [spechunter] [Read] /home/yzs/riscv/linux/arch/riscv/kvm/vcpu.c
[07:28:29] [spechunter] [Read] /home/yzs/riscv/linux/arch/riscv/kvm/vcpu_onereg.c
[07:28:29] [spechunter] [Read] /home/yzs/riscv/linux/arch/riscv/kernel/cpufeature.c
[07:28:29] [spechunter] [Read] /home/yzs/riscv/linux/arch/riscv/include/asm/hwcap.h
[07:28:49] [spechunter] [text] Now let me check how FreeBSD interacts with STIP/sip in the interrupt handling and context switch paths
[07:28:49] [spechunter] [Grep] pattern='STIP|SIP_STIP|sip.*timer|STIE|SIE_STIE'
[07:28:49] [spechunter] [Grep] pattern='has_sstc'
[07:28:49] [spechunter] [Grep] pattern='menvcfg|MENVCFG|STCE'
[07:28:49] [spechunter] [Grep] pattern='MIP_STIP|MIP_SSIP|S_MODE_INTERRUPTS'
[07:28:49] [spechunter] [Grep] pattern='MIP_STIP'
[07:28:57] [spechunter] [Read] /home/yzs/riscv/XiangShan/src/main/scala/xiangshan/backend/fu/NewCSR/MachineLevel.scala
[07:28:57] [spechunter] [Read] /home/yzs/riscv/XiangShan/src/main/scala/xiangshan/backend/fu/NewCSR/NewCSR.scala
[07:28:57] [spechunter] [Read] /home/yzs/riscv/XiangShan/src/main/scala/xiangshan/backend/fu/NewCSR/NewCSR.scala
[07:28:57] [spechunter] [Grep] pattern='CSR_MIP|CSR_SIP'
[07:28:57] [spechunter] [Grep] pattern='CSR_MENVCFG|CSR_HENVCFG'
[07:28:57] [spechunter] [Grep] pattern='IRQ_VS_TIMER|IRQ_S_TIMER|RV_IRQ_TIMER'
[07:28:57] [spechunter] [Grep] pattern='IRQ_S_TIMER|IRQ_VS_TIMER|RV_IRQ_TIMER'
[07:28:57] [spechunter] [Grep] pattern='VSTIMECMP|HTIMEDELTA'
[07:28:57] [spechunter] [Grep] pattern='htimedelta|vstimecmp'
[07:29:09] [spechunter] [text] ```json {   "locations": [     {       "file_path": "target/riscv/cpu_bits.h",       "function_name": null,       "line_...
[07:29:11] [spechunter] [Read] /home/yzs/riscv/XiangShan/src/main/scala/xiangshan/backend/fu/NewCSR/InterruptBundle.scala
[07:29:11] [spechunter] [Read] /home/yzs/riscv/XiangShan/src/main/scala/xiangshan/backend/fu/NewCSR/CSRPermitModule.scala
[07:29:11] [spechunter] [Read] /home/yzs/riscv/XiangShan/src/main/scala/xiangshan/backend/fu/NewCSR/CSRPermitModule.scala
[07:29:16] [spechunter] [Grep] pattern='InterruptFilter|interruptFilter'
[07:29:16] [spechunter] [Grep] pattern='MipBundle|class Mip'
[07:29:16] [spechunter] [Grep] pattern='vdso|sched_clock|clocksource.*riscv'
[07:29:16] [spechunter] [Glob] arch/riscv/kernel/vdso/**/*.[chS]
[07:29:16] [spechunter] [Read] /home/yzs/riscv/linux/arch/riscv/kernel/kexec_relocate.S
[07:29:16] [spechunter] [Grep] pattern='sstc|stimecmp|timer_riscv'
[07:29:16] [spechunter] [Grep] pattern='riscv_sstc_available'
[07:29:37] [spechunter] [Read] /home/yzs/riscv/linux/arch/riscv/kernel/vdso/vgettimeofday.c
[07:29:37] [spechunter] [Read] /home/yzs/riscv/linux/arch/riscv/include/asm/suspend.h
[07:29:37] [spechunter] [Read] /home/yzs/riscv/linux/arch/riscv/include/asm/kvm_host.h
[07:29:37] [spechunter] [Read] /home/yzs/riscv/linux/arch/riscv/include/asm/kvm_vcpu_timer.h
[07:29:37] [spechunter] [Read] /home/yzs/riscv/linux/tools/testing/selftests/kvm/include/riscv/arch_timer.h
[07:29:37] [spechunter] [Read] /home/yzs/riscv/linux/tools/testing/selftests/kvm/riscv/arch_timer.c
[07:29:37] [spechunter] [Read] /home/yzs/riscv/linux/arch/riscv/kvm/vcpu_sbi_fwft.c
[07:29:37] [spechunter] [Grep] pattern='EXT_SSTC'
[07:29:37] [spechunter] [Read] /home/yzs/riscv/XiangShan/src/main/scala/xiangshan/backend/fu/NewCSR/MachineLevel.scala
[07:29:42] [spechunter] [Bash] Output final JSON result
[07:29:43] [spechunter] [Read] /home/yzs/riscv/freebsd-src/sys/riscv/riscv/identcpu.c
[07:29:43] [spechunter] [Grep] pattern='menvcfg|MENVCFG_STCE|mcounteren.*TM|openSBI|sbi_init|stimecmp'
[07:29:43] [spechunter] [Grep] pattern='SSTC|sstc|stimecmp'
[07:29:48] [spechunter] [Grep] pattern='vmstate_envcfg'
[07:29:48] [spechunter] [Grep] pattern='menvcfg|envcfg'
[07:29:48] [spechunter] [Grep] pattern='menvcfg|STCE'
[07:29:53] [spechunter] [Read] /home/yzs/riscv/qemu/target/riscv/machine.c
[07:29:53] [spechunter] [Read] /home/yzs/riscv/qemu/target/riscv/cpu.c
[07:29:53] [spechunter] [Read] /home/yzs/riscv/linux/arch/riscv/include/asm/csr.h
[07:29:53] [spechunter] [Read] /home/yzs/riscv/linux/arch/riscv/include/asm/csr.h
[07:29:53] [spechunter] [Grep] pattern='sbi_set_timer|SBI_EXT_TIME'
[07:29:53] [spechunter] [Grep] pattern='CSR_TIME\\b'
[07:29:53] [spechunter] [Grep] pattern='riscv_has_extension_unlikely\\(RISCV_ISA_EXT_SSTC'
[07:29:53] [spechunter] [Grep] pattern='sstc'
[07:30:03] [spechunter] [text] The exploration found promising results. Let me now verify the actual code to confirm whether the bug exists or not.  
[07:30:03] [spechunter] [Read] /home/yzs/riscv/XiangShan/src/main/scala/xiangshan/backend/fu/NewCSR/MachineLevel.scala
[07:30:03] [spechunter] [Read] /home/yzs/riscv/XiangShan/src/main/scala/xiangshan/backend/fu/NewCSR/CSRBundles.scala
[07:30:04] [spechunter] [text] The search is complete. Here's a summary of what was found across the codebase:  **CSR_STIMECMP / CSR_STIMECMPH** — 14 r...
[07:30:08] [spechunter] [Grep] pattern='\\[CSR_MIP\\]'
[07:30:08] [spechunter] [Grep] pattern='\\[CSR_MVIP\\]'
[07:30:08] [spechunter] [text] ```json {   "locations": [     {       "file_path": "src/main/scala/xiangshan/backend/fu/NewCSR/MachineLevel.scala",    ...
[07:30:19] [spechunter] [Read] /home/yzs/riscv/linux/arch/riscv/include/asm/vdso/gettimeofday.h
[07:30:19] [spechunter] [Read] /home/yzs/riscv/linux/arch/riscv/kvm/vcpu_sbi_replace.c
[07:30:19] [spechunter] [Grep] pattern='sstc|stimecmp|timer.*dt|DT.*timer|riscv.timer'
[07:30:19] [spechunter] [Grep] pattern='sstc'
[07:30:19] [spechunter] [Grep] pattern='switch_to|context_switch|__switch'
[07:30:19] [spechunter] [Grep] pattern='CSR_VSTIMECMP|CSR_HTIMEDELTA'
[07:30:29] [spechunter] [text] Now let me verify the key files with exact line numbers for the findings.  
[07:30:29] [spechunter] [Read] /home/yzs/riscv/opensbi/lib/sbi/sbi_timer.c
[07:30:29] [spechunter] [Read] /home/yzs/riscv/opensbi/lib/sbi/sbi_hsm.c
[07:30:29] [spechunter] [Read] /home/yzs/riscv/opensbi/lib/sbi/sbi_hart.c
[07:30:29] [spechunter] [Read] /home/yzs/riscv/opensbi/lib/sbi/sbi_hart.c
[07:30:41] [spechunter] [text] Read the MEnvCfg definition to confirm STCE field settings.  
[07:30:41] [spechunter] [Read] /home/yzs/riscv/XiangShan/src/main/scala/xiangshan/backend/fu/NewCSR/MachineLevel.scala
[07:30:41] [spechunter] [Read] /home/yzs/riscv/XiangShan/src/main/scala/xiangshan/backend/fu/NewCSR/InterruptBundle.scala
[07:30:49] [spechunter] [Grep] pattern='SSTC'
[07:30:49] [spechunter] [Grep] pattern='CSR_STIMECMP'
[07:30:49] [spechunter] [Grep] pattern='stimecmp'
[07:30:49] [spechunter] [Grep] pattern='menvcfg'
[07:30:49] [spechunter] [Grep] pattern='STCE'
[07:30:49] [spechunter] [Grep] pattern='CSR_HENVCFG|CSR_HENVCFGH'
[07:30:50] [spechunter] [text] Let me also check the MipBundle definition and the mvip module for completeness.  
[07:30:50] [spechunter] [Grep] pattern='class MipBundle'
[07:30:50] [spechunter] [Read] /home/yzs/riscv/XiangShan/src/main/scala/xiangshan/backend/fu/NewCSR/MachineLevel.scala
[07:30:55] [spechunter] [text] Let me check one more critical path - how the kernel saves/restores timer state during context switches.  
[07:30:55] [spechunter] [Grep] pattern='henvcfg|hgatp'
[07:30:55] [spechunter] [Read] /home/yzs/riscv/freebsd-src/sys/riscv/vmm/vmm_riscv.c
[07:31:05] [spechunter] [text] Let me check what `getHS` returns and whether STIP is included, which would determine if STIP is made writable in the Mi...
[07:31:05] [spechunter] [Read] /home/yzs/riscv/XiangShan/src/main/scala/xiangshan/backend/fu/NewCSR/InterruptBundle.scala
[07:31:05] [spechunter] [Grep] pattern='def getHS'
[07:31:11] [spechunter] [Read] /home/yzs/riscv/linux/arch/riscv/kernel/cpufeature.c
[07:31:11] [spechunter] [Read] /home/yzs/riscv/linux/drivers/clocksource/timer-riscv.c
[07:31:11] [spechunter] [Read] /home/yzs/riscv/linux/arch/riscv/kernel/suspend.c
[07:31:11] [spechunter] [Read] /home/yzs/riscv/linux/arch/riscv/kvm/vcpu_timer.c
[07:31:11] [spechunter] [Read] /home/yzs/riscv/linux/arch/riscv/kvm/vcpu.c
[07:31:11] [spechunter] [Read] /home/yzs/riscv/linux/arch/riscv/kvm/vcpu_onereg.c
[07:31:26] [spechunter] [text] Now let me read the remaining key files for CSR definitions and related code
[07:31:26] [spechunter] [Grep] pattern='SSTC|STIMECMP|ENVCFG_STCE|STCE'
[07:31:26] [spechunter] [Grep] pattern='SSTC|STIMECMP|STCE'
[07:31:26] [spechunter] [Read] /home/yzs/riscv/linux/arch/riscv/kvm/vcpu_sbi_fwft.c
[07:31:26] [spechunter] [Read] /home/yzs/riscv/linux/arch/riscv/include/asm/kvm_vcpu_timer.h
[07:31:26] [spechunter] [Read] /home/yzs/riscv/linux/arch/riscv/include/asm/suspend.h
[07:31:26] [spechunter] [Read] /home/yzs/riscv/linux/arch/riscv/include/asm/hwcap.h
[07:31:26] [spechunter] [text] Now I have all the data needed. Let me compile the findings into the structured JSON format.  ## Findings: Missing STCE ...
[07:31:27] [spechunter] [text] Now I have a complete picture. Let me also check if FreeBSD's SBI init code or machdep sets `menvcfg` anywhere.  
[07:31:27] [spechunter] [Grep] pattern='menvcfg|MENVCFG'
[07:31:39] [spechunter] [Grep] pattern='STIP|MIP_STIP|stip'
[07:31:39] [spechunter] [Grep] pattern='riscv_cpu_update_mip'
[07:31:54] [spechunter] [text] Let me check a few more files for indirect SSTC dependencies and the NACL/sync code paths.  
[07:31:54] [spechunter] [Grep] pattern='menvcfg|MENVCFG|MENVCFGH'
[07:31:54] [spechunter] [Grep] pattern='sstc_enabled|sstc_available'
[07:31:54] [spechunter] [Grep] pattern='CSR_VSTIMECMP'
[07:31:56] [spechunter] [text] Now let me also check the old CSR implementation and whether there's any compile-time `EXT_SSTC` gating around STIP logi...
[07:31:56] [spechunter] [Grep] pattern='STIP|mipWMask|mipReg.*5'
[07:31:56] [spechunter] [Grep] pattern='EXT_SSTC|hasSstc|HasSstc'
[07:31:58] [spechunter] [TodoWrite] 5 items
[07:32:04] [spechunter] [Grep] pattern='CSR_SIP|CSR_MIP|MIP_STIP|SIP_STIP'
[07:32:04] [spechunter] [Grep] pattern='riscv_has_extension_unlikely|riscv_isa_extension_available'
[07:32:04] [spechunter] [Grep] pattern='ENVCFG_STCE|STCE'
[07:32:16] [spechunter] [text] Now I have a complete understanding of the issue. Here's the analysis:  The spec change clarifies that STIP being read-o...
[07:32:21] [spechunter] [text] Let me do one more check to see if there are any compile-time `EXT_SSTC` guards around the mip STIP logic
[07:32:21] [spechunter] [Grep] pattern='EXT_SSTC'
[07:32:21] [spechunter] [Read] /home/yzs/riscv/XiangShan/src/main/scala/xiangshan/backend/fu/NewCSR/SstcInterruptGen.scala
[07:32:22] [spechunter] [text] Let me start by reading the key source files to verify the fast-path locations
[07:32:22] [spechunter] [Read] /home/yzs/riscv/opensbi/lib/sbi/sbi_hsm.c
[07:32:22] [spechunter] [Read] /home/yzs/riscv/opensbi/lib/sbi/sbi_hsm.c
[07:32:22] [spechunter] [Read] /home/yzs/riscv/opensbi/lib/sbi/sbi_timer.c
[07:32:22] [spechunter] [Read] /home/yzs/riscv/opensbi/lib/sbi/sbi_hart.c
[07:32:33] [spechunter] [TodoWrite] 4 items
[07:32:35] [spechunter] [text] Let me check how `SSTC` is resolved in the `riscv_isa_extension_available(NULL, SSTC)` calls.  
[07:32:35] [spechunter] [Grep] pattern='riscv_isa_extension_available\\('
[07:32:35] [spechunter] [Grep] pattern='riscv_has_extension_unlikely\\('
[07:32:35] [spechunter] [Grep] pattern='SSTC'
[07:32:44] [spechunter] [Read] /home/yzs/riscv/opensbi/lib/sbi/sbi_hart.c
[07:32:44] [spechunter] [Read] /home/yzs/riscv/opensbi/lib/sbi/sbi_init.c
[07:32:44] [spechunter] [Read] /home/yzs/riscv/opensbi/include/sbi/riscv_encoding.h
[07:32:44] [spechunter] [Read] /home/yzs/riscv/opensbi/include/sbi/riscv_encoding.h
[07:32:53] [spechunter] [Read] /home/yzs/riscv/linux/arch/riscv/kernel/kexec_relocate.S
[07:32:53] [spechunter] [Grep] pattern='sbi_set_timer|SBI_EXT_TIME'
[07:32:53] [spechunter] [Grep] pattern='timer_next_event'
[07:32:53] [spechunter] [Grep] pattern='IRQ_VS_TIMER|IRQ_S_TIMER'
[07:32:57] [spechunter] [Grep] pattern='sstc|stimecmp|SSTC|STIMECMP'
[07:32:57] [spechunter] [Grep] pattern='sstc|stimecmp|SSTC|STIMECMP'
[07:32:57] [spechunter] [Grep] pattern='menvcfg|MENVCFG|menvcfgh|STCE|stce'
[07:32:59] [spechunter] [Grep] pattern='stimecmp'
[07:32:59] [spechunter] [Grep] pattern='STCE'
[07:32:59] [spechunter] [Grep] pattern='[Ss][Tt][Ii][Pp]'
[07:32:59] [spechunter] [Grep] pattern='menvcfg'
[07:33:02] [spechunter] [Read] /home/yzs/riscv/opensbi/lib/sbi/sbi_hart.c
[07:33:02] [spechunter] [Read] /home/yzs/riscv/opensbi/lib/sbi/sbi_hart.c
[07:33:07] [spechunter] [Read] /home/yzs/riscv/freebsd-src/sys/riscv/riscv/timer.c
[07:33:07] [spechunter] [Read] /home/yzs/riscv/freebsd-src/sys/riscv/riscv/identcpu.c
[07:33:07] [spechunter] [Read] /home/yzs/riscv/freebsd-src/sys/riscv/include/md_var.h
[07:33:08] [spechunter] [text] Now I have a complete picture. Let me verify one final piece — the `MipBundle` where `getHS` (which includes STIP) is ma...
[07:33:08] [spechunter] [Read] /home/yzs/riscv/XiangShan/src/main/scala/xiangshan/backend/fu/NewCSR/MachineLevel.scala
[07:33:11] [spechunter] [Bash] Check recent git history for STIP/STCE related changes
[07:33:11] [spechunter] [Bash] Search git log for STIP/STCE-related commits
[07:33:15] [spechunter] [text] Let me read the key source files for detailed context
[07:33:15] [spechunter] [Read] /home/yzs/riscv/freebsd-src/sys/riscv/riscv/timer.c
[07:33:15] [spechunter] [Read] /home/yzs/riscv/freebsd-src/sys/riscv/vmm/vmm_riscv.c
[07:33:15] [spechunter] [Read] /home/yzs/riscv/freebsd-src/sys/riscv/vmm/vmm_vtimer.c
[07:33:15] [spechunter] [Read] /home/yzs/riscv/freebsd-src/sys/riscv/include/riscvreg.h
[07:33:17] [spechunter] [Bash] Check what commits came after the STCE fix commit
[07:33:17] [spechunter] [Bash] Show the STCE fix commit details
[07:33:19] [spechunter] [Read] /home/yzs/riscv/opensbi/lib/sbi/sbi_hart.c
[07:33:19] [spechunter] [Grep] pattern='STIP|stip'
[07:33:19] [spechunter] [Grep] pattern='STIP'
[07:33:24] [spechunter] [Grep] pattern='STIP|MIP_STIP|stip|stimecmp|sstc'
[07:33:24] [spechunter] [Grep] pattern='STIP|MIP_STIP|stip|stimecmp|sstc'
[07:33:24] [spechunter] [Read] /home/yzs/riscv/qemu/target/riscv/csr.c
[07:33:24] [spechunter] [text] Let me search for the `has_sstc` detection and the STIP handling logic for a complete picture
[07:33:24] [spechunter] [Grep] pattern='has_sstc'
[07:33:24] [spechunter] [Grep] pattern='STIP|SIE_STIE|STIE'
[07:33:24] [spechunter] [Grep] pattern='mip\\.STIP|sip\\.STIP|menvcfg\\.STCE|menvcfg_STCE'
[07:33:26] [spechunter] [text] Now let me look deeper at the SBI layer and check for any `menvcfg` references or STCE-related handling
[07:33:26] [spechunter] [Grep] pattern='menvcfg|MENVCFG|STCE|stce'
[07:33:26] [spechunter] [Grep] pattern='sbi_set_timer|SBI_SET_TIMER|sbi_timer|SBI_EXT_TIME'
[07:33:26] [spechunter] [Grep] pattern='csr_write.*stimecmp|csr_read.*stimecmp|csr_set.*stimecmp|csr_clear.*stimecmp|STIMECMP'
[07:33:29] [spechunter] [Read] /home/yzs/riscv/qemu/target/riscv/tcg/tcg-cpu.c
[07:33:29] [spechunter] [Read] /home/yzs/riscv/qemu/target/riscv/cpu_helper.c
[07:33:29] [spechunter] [Read] /home/yzs/riscv/qemu/target/riscv/cpu_helper.c
[07:33:33] [spechunter] [Read] /home/yzs/riscv/freebsd-src/sys/riscv/riscv/sbi.c
[07:33:33] [spechunter] [Read] /home/yzs/riscv/freebsd-src/sys/riscv/include/sbi.h
[07:33:33] [spechunter] [Grep] pattern='stimecmp|STIMECMP'
[07:33:34] [spechunter] [text] Let me also check the `riscv_check_interrupts_pending` function and the initial CSR reads in the interrupt handler
[07:33:34] [spechunter] [Grep] pattern='riscv_check_interrupts_pending'
[07:33:34] [spechunter] [Grep] pattern='csr_read\\(sip\\)|csr_read\\(mip\\)|csr_read\\(scause\\)'
[07:33:41] [spechunter] [Grep] pattern='stimecmp'
[07:33:41] [spechunter] [Grep] pattern='#define.*stimecmp|STIMECMP'
[07:33:48] [spechunter] [Read] /home/yzs/riscv/freebsd-src/sys/riscv/riscv/identcpu.c
[07:33:48] [spechunter] [Grep] pattern='stimecmp'
[07:33:48] [spechunter] [Grep] pattern='stimecmp|vstimecmp'
[07:33:48] [spechunter] [Read] /home/yzs/riscv/freebsd-src/sys/riscv/vmm/vmm_riscv.c
[07:33:50] [spechunter] [text] Now I have a complete picture of the STIP implementation. Let me verify the platformIRP.STIP connection in NewCSR.scala
[07:33:50] [spechunter] [Read] /home/yzs/riscv/XiangShan/src/main/scala/xiangshan/backend/fu/NewCSR/NewCSR.scala
[07:33:50] [spechunter] [Read] /home/yzs/riscv/XiangShan/src/main/scala/xiangshan/backend/fu/NewCSR/NewCSR.scala
[07:33:50] [spechunter] [Read] /home/yzs/riscv/XiangShan/src/main/scala/xiangshan/backend/fu/NewCSR/NewCSR.scala
[07:34:02] [spechunter] [Grep] pattern='csr_read\\(sip\\)|csr_read\\(sie\\)|csr_set\\(sie|csr_clear\\(sie'
[07:34:05] [spechunter] [text] Let me also look for SSTC in KVM-related UAPI headers and the smatch warnings file.  
[07:34:05] [spechunter] [Read] /home/yzs/riscv/linux/arch/riscv/include/uapi/asm/kvm.h
[07:34:05] [spechunter] [Grep] pattern='SSTC'
[07:34:05] [spechunter] [Grep] pattern='SSTC'
[07:34:05] [spechunter] [text] Prompt is too long
[07:34:07] [spechunter] [TodoWrite] 5 items
[07:34:09] [spechunter] [text] Now let me check the vtimer code in the VMM and understand how `stimecmp` CSR is defined  
[07:34:09] [spechunter] [Glob] **/vtimer*
[07:34:09] [spechunter] [Grep] pattern='stimecmp|vstimecmp|STIP|STIE|mip\\.STIP|sip\\.STIP'
[07:34:09] [spechunter] [Grep] pattern='csr_write\\(stimecmp|csr_read\\(stimecmp'
[07:34:12] [spechunter] [text] Let me check the old CSR path more carefully
[07:34:12] [spechunter] [Grep] pattern='mipWire'
[07:34:15] [spechunter] [Read] /home/yzs/riscv/qemu/target/riscv/csr.c
[07:34:15] [spechunter] [Read] /home/yzs/riscv/qemu/target/riscv/csr.c
[07:34:26] [spechunter] [Read] /home/yzs/riscv/freebsd-src/sys/riscv/vmm/vmm_vtimer.c
[07:34:26] [spechunter] [Read] /home/yzs/riscv/freebsd-src/sys/riscv/include/riscvreg.h
[07:34:35] [spechunter] [text] Let me search the kernel source for code relevant to the STIP/STCE interaction, since both provided location sets are em...
[07:34:35] [spechunter] [Agent] description, prompt
[07:34:35] [spechunter] [text] Here is the complete location report:  ```json {   "locations": [     {       "file_path": "sys/riscv/riscv/timer.c",   ...
[07:34:41] [spechunter] [text] Let me now look at the trap handler and context-switch path, plus check how SIE_STIE / SIP_STIP are managed.  
[07:34:41] [spechunter] [Grep] pattern='STIE|STIP|timer.*interrupt|IRQ_TIMER'
[07:34:41] [spechunter] [Grep] pattern='STIE|STIP|timer|intr'
[07:34:41] [spechunter] [Grep] pattern='IRQ_TIMER'
[07:34:45] [spechunter] [text] Let me check if stimecmp CSR modules are conditionally gated on EXT_SSTC  
[07:34:45] [spechunter] [Grep] pattern='EXT_SSTC|stimecmp'
[07:34:45] [spechunter] [Grep] pattern='EXT_SSTC|stimecmp'
[07:34:46] [spechunter] [Read] /home/yzs/riscv/freebsd-src/sys/riscv/riscv/trap.c
[07:34:46] [spechunter] [Read] /home/yzs/riscv/freebsd-src/sys/riscv/include/intr.h
[07:34:51] [spechunter] [text] Now I have all the data needed to cross-validate. Let me verify the final code completely.  
[07:34:51] [spechunter] [Read] /home/yzs/riscv/opensbi/lib/sbi/sbi_hart.c
[07:34:53] [spechunter] [text] Let me now check the VMM SBI layer and the hypervisor trap handling for `stimecmp`/`vstimecmp` emulation
[07:34:53] [spechunter] [Grep] pattern='stimecmp|vstimecmp|timecmp|timer.*ecall|SBI.*TIME|SBI.*TIMER'
[07:34:53] [spechunter] [Glob] **/vmm_sbi*
[07:35:00] [spechunter] [Grep] pattern='STIP|IRQ_S_TIMER|stip'
[07:35:00] [spechunter] [Grep] pattern='stimecmp|SSTC|STCE|sstc|CSR_STIMECMP|have_sstc'
[07:35:00] [spechunter] [Grep] pattern='STIP|IRQ_S_TIMER|stip'
[07:35:00] [spechunter] [Grep] pattern='stimecmp|SSTC|STCE|sstc|CSR_STIMECMP|have_sstc'
[07:35:00] [spechunter] [Grep] pattern='STIP|IRQ_S_TIMER|stip|sstc|stimecmp|STCE|have_sstc'
[07:35:08] [spechunter] [Read] /home/yzs/riscv/freebsd-src/sys/riscv/vmm/vmm_sbi.c
[07:35:14] [spechunter] [text] Now let me check the machdep init and startup files for any CSR initialization relevant to the timer, and also check how...
[07:35:14] [spechunter] [Grep] pattern='sie.*STIE|STIE.*sie|csr.*sie|intr_enable|timer.*setup|timer.*init'
[07:35:14] [spechunter] [Grep] pattern='intr_irq_handler|INTR_ROOT'
[07:35:17] [spechunter] [Read] /home/yzs/riscv/freebsd-src/sys/riscv/riscv/intc.c
[07:35:21] [spechunter] [text] Let me check the old Interrupt class
[07:35:21] [spechunter] [Grep] pattern='class Interrupt'
[07:35:22] [spechunter] [text] Let me check for CSR definitions and the vmm riscv.h header
[07:35:22] [spechunter] [Read] /home/yzs/riscv/freebsd-src/sys/riscv/vmm/riscv.h
[07:35:22] [spechunter] [Grep] pattern='intr_irq_handler'
[07:35:37] [spechunter] [text] Now I have all the data to cross-validate. Let me verify one more detail and produce the final output.  
[07:35:37] [spechunter] [Read] /home/yzs/riscv/opensbi/include/sbi/riscv_encoding.h
[07:35:39] [spechunter] [Read] /home/yzs/riscv/linux/drivers/clocksource/timer-riscv.c
[07:35:39] [spechunter] [Read] /home/yzs/riscv/linux/arch/riscv/include/asm/csr.h
[07:35:39] [spechunter] [Read] /home/yzs/riscv/linux/arch/riscv/include/asm/csr.h
[07:35:39] [spechunter] [Grep] pattern='IRQ_S_TIMER|timer.*interrupt|sip|IRQ_TIMER|riscv_timer'
[07:35:39] [spechunter] [Grep] pattern='riscv_clock|timer_riscv|timerdel|set_next_event|riscv_sstc'
[07:35:39] [spechunter] [Read] /home/yzs/riscv/linux/arch/riscv/kernel/suspend.c
[07:35:49] [spechunter] [Read] /home/yzs/riscv/linux/arch/riscv/kvm/vcpu_timer.c
[07:35:49] [spechunter] [Grep] pattern='handle_irq|do_IRQ|IRQ_TIMER|irq_enter|handle_percpu|riscv_intc|INTC'
[07:35:49] [spechunter] [Grep] pattern='ENVCFG_STCE|menvcfg|henvcfg.*STCE|STCE'
[07:35:49] [spechunter] [Read] /home/yzs/riscv/linux/arch/riscv/include/asm/csr.h
[07:36:06] [spechunter] [TodoWrite] 4 items
[07:36:08] [spechunter] [Read] /home/yzs/riscv/linux/arch/riscv/kernel/traps.c
[07:36:08] [spechunter] [Read] /home/yzs/riscv/linux/arch/riscv/kernel/sbi-ipi.c
[07:36:08] [spechunter] [Grep] pattern='sbi_set_timer|SBI_EXT_TIME|SBI_EXT_SET_TIMER|timer.*sbi'
[07:36:08] [spechunter] [Grep] pattern='csr_read.*SIP|csr_write.*SIP|csr_clear.*SIP|csr_set.*SIP|SIP_STIP|_AC.*5\\)'
[07:36:08] [spechunter] [Grep] pattern='SIP_STIP|STIP|IE_TIE|_TIE|timer_interrupt|__irq_mask'
[07:36:16] [spechunter] [Read] /home/yzs/riscv/linux/arch/riscv/kvm/vcpu.c
[07:36:16] [spechunter] [Read] /home/yzs/riscv/linux/arch/riscv/kernel/sbi.c
[07:36:16] [spechunter] [Grep] pattern='riscv_intc|CPUHP_AP_RISCV_TIMER_STARTING'
[07:36:16] [spechunter] [text] Let me search for any `HasSstc`/`hasSstc` compile-time parameters that might gate STIP behavior.  
[07:36:16] [spechunter] [Grep] pattern='HasSstc|hasSstc'
[07:36:16] [spechunter] [Grep] pattern='EXT_SSTC'
[07:36:24] [spechunter] [Grep] pattern='post_load|riscv_cpu_post_load'
[07:36:24] [spechunter] [Read] /home/yzs/riscv/qemu/target/riscv/cpu.c
[07:36:24] [spechunter] [Read] /home/yzs/riscv/qemu/target/riscv/csr.c
[07:36:29] [spechunter] [text] Now I have all the data to cross-validate. Let me produce the final output.  ```json {   "locations": [     {       "fil...
[07:36:31] [spechunter] [Read] /home/yzs/riscv/linux/drivers/irqchip/irq-riscv-intc.c
[07:36:31] [spechunter] [Grep] pattern='CPUHP_AP_RISCV_TIMER_STARTING'
[07:36:31] [spechunter] [Read] /home/yzs/riscv/linux/arch/riscv/include/asm/kvm_vcpu_timer.h
[07:36:38] [spechunter] [text] Now I have the complete picture. Let me verify one more thing — whether there's any compile-time `EXT_SSTC` guard direct...
[07:36:38] [spechunter] [Read] /home/yzs/riscv/XiangShan/src/main/scala/xiangshan/backend/fu/CSR.scala
[07:36:39] [spechunter] [Read] /home/yzs/riscv/linux/drivers/clocksource/timer-clint.c
[07:36:39] [spechunter] [Read] /home/yzs/riscv/linux/arch/riscv/kernel/cpufeature.c
[07:36:39] [spechunter] [Grep] pattern='STIP|\\.stip|STCE.*stip|stip.*STCE|sip.*timer|timer.*sip'
[07:36:46] [spechunter] [text] I'll systematically search the OpenSBI codebase for all code paths related to STIP, stimecmp, Sstc, and STCE handling.  
[07:36:46] [spechunter] [Agent] description, prompt
[07:36:46] [spechunter] [Glob] arch/riscv/kernel/entry.S
[07:36:46] [spechunter] [Grep] pattern='timer.*interrupt|STIP|sstc|stimecmp|riscv.*timer'
[07:36:46] [spechunter] [Grep] pattern='timer|STIP|sstc|stimecmp'
[07:36:52] [spechunter] [Grep] pattern='IE_TIE|RV_IRQ_TIMER|_TIE'
[07:36:52] [spechunter] [Read] /home/yzs/riscv/linux/arch/riscv/kernel/kexec_relocate.S
[07:36:52] [spechunter] [Read] /home/yzs/riscv/linux/arch/riscv/kernel/kexec_relocate.S
[07:37:06] [spechunter] [Glob] **/*
[07:37:06] [spechunter] [Grep] pattern='STIP|sstc|stimecmp|timer.*interrupt|Sstc'
[07:37:06] [spechunter] [Grep] pattern='kvm_riscv_vcpu_set_interrupt|kvm_riscv_vcpu_unset_interrupt|IRQ_VS_TIMER'
[07:37:11] [spechunter] [Grep] pattern='STIP'
[07:37:11] [spechunter] [Grep] pattern='stimecmp'
[07:37:11] [spechunter] [Grep] pattern='Sstc|SSTC'
[07:37:11] [spechunter] [Grep] pattern='STCE'
[07:37:11] [spechunter] [Grep] pattern='menvcfg'
[07:37:11] [spechunter] [Grep] pattern='MIP.*STIP|STIP.*MIP|mip.*STIP|STIP.*mip'
[07:37:13] [spechunter] [text] Now let me check which CSR path is actually wired up in the current design.    
[07:37:13] [spechunter] [Read] /home/yzs/riscv/XiangShan/src/main/scala/xiangshan/backend/fu/wrapper/CSR.scala
[07:37:17] [spechunter] [Read] /home/yzs/riscv/linux/arch/riscv/kvm/vcpu.c
[07:37:17] [spechunter] [Read] /home/yzs/riscv/linux/Documentation/devicetree/bindings/timer/riscv,timer.yaml
[07:37:17] [spechunter] [Read] /home/yzs/riscv/linux/arch/riscv/kvm/vcpu.c
[07:37:22] [spechunter] [Read] /home/yzs/riscv/linux/Documentation/arch/riscv/features.rst
[07:37:22] [spechunter] [Read] /home/yzs/riscv/linux/arch/riscv/kvm/vcpu.c
[07:37:42] [spechunter] [text] Now I have a complete picture. Let me produce the JSON audit report.  
[07:37:42] [spechunter] [Write] /home/yzs/riscv/freebsd-src/sstc_stce_menvcfg_audit.json
[07:37:43] [spechunter] [Grep] pattern='STIP'
[07:37:43] [spechunter] [Grep] pattern='stimecmp'
[07:37:43] [spechunter] [Grep] pattern='Sstc|sstc'
[07:37:43] [spechunter] [Grep] pattern='STCE'
[07:37:43] [spechunter] [Grep] pattern='menvcfg'
[07:37:43] [spechunter] [Grep] pattern='MIP_STIP|MIP_MTIP|mip_stip|mip_mtip'
[07:37:47] [spechunter] [Bash] Validate JSON syntax
[07:37:48] [spechunter] [text] Now I have the complete picture. Let me also verify whether the old CSR path is actually used or if it's dead code
[07:37:48] [spechunter] [Grep] pattern='class CSR\\b|Module\\(new CSR\\b'
[07:37:48] [spechunter] [Grep] pattern='new CSR\\b|Module\\(new NewCSR\\b'
[07:37:59] [spechunter] [TodoWrite] 4 items
[07:37:59] [spechunter] [Grep] pattern='saved_mip|saved_mie|saved_menvcfg'
[07:37:59] [spechunter] [Read] /home/yzs/riscv/opensbi/lib/sbi/sbi_timer.c
[07:37:59] [spechunter] [Grep] pattern='sbi_ecall_time|SBI_EXT_TIME|sbi_timer_set|sbi_timer_event'
[07:37:59] [spechunter] [Grep] pattern='suspend.*mip|saved_mip|suspend_non_ret'
[07:37:59] [spechunter] [Grep] pattern='ENVCFG_STCE|envcfg.*STCE|STCE.*envcfg'
[07:37:59] [spechunter] [Grep] pattern='__check_ext_csr|has_extension.*SSTC'
[07:38:11] [spechunter] [text] Now I have the complete picture. Let me verify the specific PR's violation condition against the actual RTL.  
[07:38:11] [spechunter] [Grep] pattern='setRW|setRO|writable'
[07:38:20] [spechunter] [Read] /home/yzs/riscv/opensbi/lib/sbi/sbi_hsm.c
[07:38:20] [spechunter] [Read] /home/yzs/riscv/opensbi/lib/sbi/sbi_hart.c
[07:38:20] [spechunter] [Read] /home/yzs/riscv/opensbi/lib/sbi/sbi_hart.c
[07:38:20] [spechunter] [Read] /home/yzs/riscv/opensbi/lib/utils/hsm/fdt_hsm_spacemit.c
[07:38:20] [spechunter] [Grep] pattern='sbi_timer_exit|sbi_timer_init'
[07:38:20] [spechunter] [Grep] pattern='saved_mip|saved_mie|saved_menvcfg|csr_set.*MIP|csr_clear.*MIP|csr_write.*MIP'
[07:38:27] [spechunter] [Read] /home/yzs/riscv/freebsd-src/sys/riscv/riscv/timer.c
[07:38:27] [spechunter] [Read] /home/yzs/riscv/freebsd-src/sys/riscv/riscv/identcpu.c
[07:38:27] [spechunter] [Read] /home/yzs/riscv/freebsd-src/sys/riscv/include/riscvreg.h
[07:38:27] [spechunter] [Read] /home/yzs/riscv/freebsd-src/sys/riscv/include/md_var.h
[07:38:30] [spechunter] [Read] /home/yzs/riscv/opensbi/include/sbi/sbi_csr_detect.h
[07:38:30] [spechunter] [Read] /home/yzs/riscv/opensbi/lib/sbi/sbi_ecall_time.c
[07:38:30] [spechunter] [Grep] pattern='ae350_non_ret_save|non_ret_save'
[07:38:30] [spechunter] [Read] /home/yzs/riscv/opensbi/lib/sbi/sbi_init.c
[07:38:30] [spechunter] [Read] /home/yzs/riscv/opensbi/include/sbi/sbi_hart.h
[07:38:35] [spechunter] [Read] /home/yzs/riscv/opensbi/lib/utils/hsm/fdt_hsm_andes_atcsmu.c
[07:38:35] [spechunter] [Read] /home/yzs/riscv/opensbi/lib/sbi/sbi_hart.c
[07:38:35] [spechunter] [Read] /home/yzs/riscv/opensbi/lib/utils/timer/fdt_timer.c
[07:38:39] [spechunter] [Glob] target/riscv/kvm/**
[07:38:39] [spechunter] [Read] /home/yzs/riscv/qemu/target/riscv/machine.c
[07:38:39] [spechunter] [Read] /home/yzs/riscv/qemu/target/riscv/csr.c
[07:38:44] [spechunter] [Read] /home/yzs/riscv/freebsd-src/sys/riscv/vmm/vmm_riscv.c
[07:38:44] [spechunter] [Read] /home/yzs/riscv/freebsd-src/sys/riscv/vmm/vmm_vtimer.c
[07:38:48] [spechunter] [Grep] pattern='STIP|MIP_STIP|stimecmp|sstc|STCE'
[07:38:48] [spechunter] [Grep] pattern='STIP|MIP_STIP|stimecmp|sstc|STCE'
[07:38:53] [spechunter] [Read] /home/yzs/riscv/qemu/target/riscv/cpu.c
[07:38:53] [spechunter] [Grep] pattern='rmw_mideleg64|write_mideleg'
[07:38:54] [spechunter] [Grep] pattern='ae350_non_ret_save'
[07:38:54] [spechunter] [Read] /home/yzs/riscv/opensbi/lib/sbi/sbi_ecall_legacy.c
[07:38:54] [spechunter] [Read] /home/yzs/riscv/opensbi/lib/utils/hsm/fdt_hsm_sifive_tmc0.c
[07:38:54] [spechunter] [Read] /home/yzs/riscv/opensbi/lib/sbi/sbi_init.c
[07:39:09] [spechunter] [text] Now I have a complete picture of both CSR paths. Let me compile the final analysis.  **Key finding: The XiangShan NewCSR...
[07:39:10] [spechunter] [Read] /home/yzs/riscv/qemu/target/riscv/csr.c
[07:39:10] [spechunter] [Read] /home/yzs/riscv/qemu/target/riscv/csr.c
[07:39:15] [spechunter] [Grep] pattern='rmw_sie64'
[07:39:15] [spechunter] [Grep] pattern='stip|STIP|MIP_STIP|timer_irq|sstc'
[07:39:55] [spechunter] [text] Now let me check whether MENVCFG constants exist anywhere and verify the VMM relevance more carefully.  
[07:39:55] [spechunter] [Grep] pattern='MENVCFG'
[07:39:55] [spechunter] [Grep] pattern='menvcfg'
[07:40:02] [spechunter] [text] Let me cross-validate the locations against the PR's actual spec intent by verifying the key files.  
[07:40:02] [spechunter] [Read] /home/yzs/riscv/XiangShan/src/main/scala/xiangshan/backend/fu/NewCSR/MachineLevel.scala
[07:40:02] [spechunter] [Read] /home/yzs/riscv/XiangShan/src/main/scala/xiangshan/backend/fu/NewCSR/MachineLevel.scala
[07:40:02] [spechunter] [Read] /home/yzs/riscv/XiangShan/src/main/scala/xiangshan/backend/fu/NewCSR/SstcInterruptGen.scala
[07:40:03] [spechunter] [text] Let me verify the key source locations directly before producing the final set.  
[07:40:03] [spechunter] [Read] /home/yzs/riscv/linux/drivers/clocksource/timer-riscv.c
[07:40:03] [spechunter] [Read] /home/yzs/riscv/linux/arch/riscv/include/asm/csr.h
[07:40:03] [spechunter] [Read] /home/yzs/riscv/linux/arch/riscv/include/asm/csr.h
[07:40:03] [spechunter] [Read] /home/yzs/riscv/linux/arch/riscv/include/asm/csr.h
[07:40:17] [spechunter] [Read] /home/yzs/riscv/linux/arch/riscv/include/asm/csr.h
[07:40:17] [spechunter] [Read] /home/yzs/riscv/linux/drivers/clocksource/timer-riscv.c
[07:40:17] [spechunter] [Read] /home/yzs/riscv/linux/arch/riscv/kernel/suspend.c
[07:40:17] [spechunter] [Read] /home/yzs/riscv/linux/arch/riscv/kvm/vcpu.c
[07:40:17] [spechunter] [Read] /home/yzs/riscv/linux/arch/riscv/kvm/vcpu_timer.c
[07:40:25] [spechunter] [Read] /home/yzs/riscv/XiangShan/src/main/scala/xiangshan/backend/fu/NewCSR/CSRBundles.scala
[07:40:25] [spechunter] [Read] /home/yzs/riscv/XiangShan/src/main/scala/xiangshan/backend/fu/NewCSR/MachineLevel.scala
[07:40:25] [spechunter] [Read] /home/yzs/riscv/XiangShan/src/main/scala/xiangshan/backend/fu/NewCSR/InterruptBundle.scala
[07:40:25] [spechunter] [Read] /home/yzs/riscv/XiangShan/src/main/scala/xiangshan/backend/fu/NewCSR/NewCSR.scala
[07:40:35] [spechunter] [Read] /home/yzs/riscv/linux/drivers/irqchip/irq-riscv-intc.c
[07:40:53] [spechunter] [text] Now I have enough data to cross-validate. Let me verify one more thing — the mp_machdep.c IPI reference.  
[07:40:53] [spechunter] [Read] /home/yzs/riscv/freebsd-src/sys/riscv/riscv/mp_machdep.c
[07:41:06] [spechunter] [Read] /home/yzs/riscv/XiangShan/src/main/scala/xiangshan/backend/fu/NewCSR/NewCSR.scala
[07:41:06] [spechunter] [Read] /home/yzs/riscv/XiangShan/src/main/scala/xiangshan/backend/fu/NewCSR/NewCSR.scala
[07:41:06] [spechunter] [Read] /home/yzs/riscv/XiangShan/src/main/scala/xiangshan/backend/fu/NewCSR/CSRPermitModule.scala
[07:41:06] [spechunter] [Read] /home/yzs/riscv/XiangShan/src/main/scala/xiangshan/backend/fu/NewCSR/CSRPermitModule.scala
[07:41:06] [spechunter] [Read] /home/yzs/riscv/XiangShan/src/main/scala/xiangshan/backend/fu/NewCSR/CSRPermitModule.scala
[07:41:29] [spechunter] [text] Now let me read the key source files and the RISC-V spec references to confirm the exact line numbers and normative text...
[07:41:29] [spechunter] [Read] /home/yzs/riscv/opensbi/lib/sbi/sbi_timer.c
[07:41:29] [spechunter] [Read] /home/yzs/riscv/opensbi/lib/sbi/sbi_hsm.c
[07:41:29] [spechunter] [Read] /home/yzs/riscv/opensbi/lib/sbi/sbi_hart.c
[07:41:38] [spechunter] [text] Now I have all the information needed. Here is the final cross-validated location set:  ```json {   "locations": [     {...
[07:41:49] [spechunter] [Read] /home/yzs/riscv/qemu/target/riscv/csr.c
[07:41:49] [spechunter] [Read] /home/yzs/riscv/qemu/target/riscv/cpu_helper.c
[07:41:50] [spechunter] [text] Now let me check the RISC-V spec for STIP behavior when STCE=1, and also read the remaining HSM and hart code
[07:41:50] [spechunter] [Grep] pattern='STIP.*read-only|STIP.*STCE|STCE.*STIP|stimecmp.*mip|mip.*stimecmp|STIP.*writable'
[07:41:50] [spechunter] [Grep] pattern='STIP'
[07:41:50] [spechunter] [Read] /home/yzs/riscv/opensbi/lib/sbi/sbi_hsm.c
[07:41:53] [spechunter] [Grep] pattern='riscv_isa_extension_available.*SSTC'
[07:41:53] [spechunter] [Grep] pattern='CSR_STIMECMP'
[07:41:53] [spechunter] [Grep] pattern='STCE|menvcfg.*STCE|stce'
[07:41:53] [spechunter] [Bash] List spec reference directories
[07:42:06] [spechunter] [text] Now let me read the key spec files to find the normative text about STIP/STCE interaction.  
[07:42:06] [spechunter] [Grep] pattern='STIP.*STCE|STCE.*STIP|read-only.*STIP|STIP.*read-only'
[07:42:06] [spechunter] [Grep] pattern='STIP.*STCE|STCE.*STIP|read-only.*STIP|STIP.*read-only'
[07:42:06] [spechunter] [Grep] pattern='STIP.*STCE|STCE.*STIP|read-only.*STIP|STIP.*read-only'
[07:42:11] [spechunter] [Read] /home/yzs/riscv/linux/arch/riscv/kvm/vcpu_timer.c
[07:42:11] [spechunter] [Read] /home/yzs/riscv/linux/arch/riscv/kvm/vcpu.c
[07:42:11] [spechunter] [Read] /home/yzs/riscv/linux/drivers/clocksource/timer-riscv.c
[07:42:11] [spechunter] [Read] /home/yzs/riscv/linux/arch/riscv/kernel/suspend.c
[07:42:11] [spechunter] [Read] /home/yzs/riscv/linux/arch/riscv/include/asm/csr.h
[07:42:11] [spechunter] [text] Now let me verify the MipBundle location
[07:42:11] [spechunter] [Read] /home/yzs/riscv/XiangShan/src/main/scala/xiangshan/backend/fu/NewCSR/MachineLevel.scala
[07:42:16] [spechunter] [text] Let me also read the SSTC spec section and the supervisor.adoc for the full STIP/STCE interaction context
[07:42:16] [spechunter] [Grep] pattern='STIP.*Sstc|Sstc.*STIP|stimecmp.*STIP|STIP.*stimecmp|machine-level timer|menvcfg.*STCE|STCE.*menvcfg'
[07:42:16] [spechunter] [Grep] pattern='STIP.*read.only.*mip.*sip'
[07:42:33] [spechunter] [text] Now let me search for how the kernel validates/checks menvcfg.STCE, and look at how the KVM vstimecmp path works.  
[07:42:33] [spechunter] [Grep] pattern='menvcfg|MENVCFG'
[07:42:33] [spechunter] [Grep] pattern='riscv_has_extension_unlikely.*SSTC'
[07:42:33] [spechunter] [Bash] Find spec adoc files for citation
[07:42:35] [spechunter] [text] ## Cross-Validation Report  ### Analysis  The PR concerns a spec clarification: **when menvcfg.STCE=1, STIP becomes hard...
[07:42:44] [spechunter] [Read] /home/yzs/riscv/rv-isa-sec/spec_ref/riscv-isa-manual/src/priv/sstc.adoc
[07:42:44] [spechunter] [Read] /home/yzs/riscv/linux/arch/riscv/kvm/vcpu_onereg.c
[07:43:04] [spechunter] [Agent] description, prompt
[07:43:04] [spechunter] [Agent] description, prompt
[07:43:19] [spechunter] [text] Let me check if there's any verification of menvcfg.STCE in the kernel, and look at how the SSTC extension availability ...
[07:43:19] [spechunter] [Grep] pattern='STCE|ENVCFG_STCE'
[07:43:19] [spechunter] [Grep] pattern='STCE|ENVCFG_STCE'
[07:43:19] [spechunter] [Grep] pattern='RISCV_ISA_EXT_SSTC'
[07:43:19] [spechunter] [text] Now let me read the full spec context for the key normative sections
[07:43:19] [spechunter] [Read] /home/yzs/riscv/rv-isa-sec/spec_ref/riscv-isa-manual/src/priv/machine.adoc
[07:43:19] [spechunter] [Read] /home/yzs/riscv/rv-isa-sec/spec_ref/riscv-isa-manual/src/priv/machine.adoc
[07:43:19] [spechunter] [Read] /home/yzs/riscv/rv-isa-sec/spec_ref/riscv-isa-manual/src/priv/supervisor.adoc
[07:43:26] [spechunter] [text] Let me look deeper at the spec for how STCE controls stimecmp accessibility, and check how the kernel detects the SSTC e...
[07:43:26] [spechunter] [Read] /home/yzs/riscv/rv-isa-sec/spec_ref/riscv-isa-manual/src/priv/sstc.adoc
[07:43:26] [spechunter] [Read] /home/yzs/riscv/rv-isa-sec/spec_ref/riscv-isa-manual/src/priv/machine.adoc
[07:43:26] [spechunter] [Grep] pattern='STCE|stce'
[07:43:28] [spechunter] [Bash] List all repos/directories under spec_ref
[07:43:28] [spechunter] [Bash] List contents of parent rv-isa-sec directory
[07:43:39] [spechunter] [Grep] pattern='SSTC|STCE|stimecmp|menvcfg|STIP'
[07:43:39] [spechunter] [Bash] List contents of each repo under spec_ref
[07:43:41] [spechunter] [Grep] pattern='sstc'
[07:43:41] [spechunter] [Grep] pattern='stimecmp'
[07:43:41] [spechunter] [Grep] pattern='menvcfg'
[07:43:41] [spechunter] [Grep] pattern='STCE'
[07:43:41] [spechunter] [Grep] pattern='has_sstc|sstc_enabled|sstc_present|supports_sstc'
[07:43:49] [spechunter] [text] Let me read more context on the KVM vcpu_timer and the SSTC init flow.  
[07:43:49] [spechunter] [Read] /home/yzs/riscv/linux/arch/riscv/kvm/vcpu_timer.c
[07:43:49] [spechunter] [Read] /home/yzs/riscv/rv-isa-sec/spec_ref/riscv-isa-manual/src/priv/machine.adoc
[07:43:49] [spechunter] [Read] /home/yzs/riscv/rv-isa-sec/spec_ref/riscv-isa-manual/src/priv/hypervisor.adoc
[07:43:59] [spechunter] [text] Now I have all the data needed for cross-validation. Here's the analysis:  ```json {   "locations": [     {       "file"...
[07:44:03] [spechunter] [Read] /home/yzs/riscv/freebsd-src/sys/riscv/riscv/timer.c
[07:44:03] [spechunter] [Read] /home/yzs/riscv/freebsd-src/sys/riscv/riscv/identcpu.c
[07:44:03] [spechunter] [Read] /home/yzs/riscv/freebsd-src/sys/riscv/include/riscvreg.h
[07:44:03] [spechunter] [Read] /home/yzs/riscv/freebsd-src/sys/riscv/include/md_var.h
[07:44:03] [spechunter] [Read] /home/yzs/riscv/freebsd-src/sys/riscv/vmm/vmm_riscv.c
[07:44:08] [spechunter] [Read] /home/yzs/riscv/qemu/target/riscv/cpu_helper.c
[07:44:08] [spechunter] [Read] /home/yzs/riscv/qemu/target/riscv/time_helper.c
[07:44:08] [spechunter] [Read] /home/yzs/riscv/qemu/target/riscv/csr.c
[07:44:11] [spechunter] [Read] /home/yzs/riscv/rv-isa-sec/spec_ref/riscv-isa-manual/src/priv/sstc.adoc
[07:44:11] [spechunter] [Read] /home/yzs/riscv/rv-isa-sec/spec_ref/riscv-isa-manual/normative_rule_defs/sstc.yaml
[07:44:11] [spechunter] [Read] /home/yzs/riscv/rv-isa-sec/spec_ref/riscv-cheri/src/sstc.adoc
[07:44:11] [spechunter] [Read] /home/yzs/riscv/rv-isa-sec/spec_ref/riscv-isa-manual/src/priv/zpm.adoc
[07:44:20] [spechunter] [text] Now let me check the VCPU load/put path and the CSR save/restore in context switch for KVM
[07:44:20] [spechunter] [Grep] pattern='vstimecmp|VSTIMECMP'
[07:44:20] [spechunter] [Read] /home/yzs/riscv/linux/arch/riscv/kvm/vcpu_timer.c
[07:44:20] [spechunter] [Grep] pattern='kvm_riscv_vcpu_timer_restore|kvm_riscv_vcpu_timer_save|timer_restore|timer_save'
[07:44:21] [spechunter] [Agent] description, prompt
[07:44:21] [spechunter] [Read] /home/yzs/riscv/freebsd-src/sys/riscv/vmm/vmm_riscv.c
[07:44:21] [spechunter] [Read] /home/yzs/riscv/freebsd-src/sys/riscv/include/vmm.h
[07:44:21] [spechunter] [Grep] pattern='STIP|SIP_STIP|STIE|SIE_STIE|timer.*interrupt|interrupt.*timer'
[07:44:21] [spechunter] [Grep] pattern='IRQ_TIMER|irq.*timer|timer.*irq'
[07:44:25] [spechunter] [Read] /home/yzs/riscv/linux/arch/riscv/kvm/vcpu_timer.c
[07:44:25] [spechunter] [Read] /home/yzs/riscv/linux/arch/riscv/kvm/vcpu.c
[07:44:30] [spechunter] [Read] /home/yzs/riscv/rv-isa-sec/spec_ref/riscv-isa-manual/src/priv/machine.adoc
[07:44:30] [spechunter] [Grep] pattern='menvcfg|STCE|stimecmp|STIP'
[07:44:30] [spechunter] [Grep] pattern='STIP|stimecmp|SSTC|STCE'
[07:44:30] [spechunter] [Grep] pattern='STIP|stimecmp|SSTC|STCE'
[07:44:42] [spechunter] [Read] /home/yzs/riscv/freebsd-src/sys/riscv/include/intr.h
[07:44:42] [spechunter] [Read] /home/yzs/riscv/freebsd-src/sys/riscv/vmm/vmm_vtimer.c
[07:44:42] [spechunter] [Grep] pattern='sbi_set_timer|sbi.*timer|timer.*sbi'
[07:44:49] [spechunter] [text] Now let me also check the warm-boot path to confirm `mstatus_init` runs during resume  
[07:44:49] [spechunter] [Grep] pattern='mstatus_init'
[07:44:51] [spechunter] [text] Let me check if there's any SBI-based detection for STCE firmware support.  
[07:44:51] [spechunter] [Grep] pattern='sbi.*timer|sbi.*time|timer.*sbi|time.*sbi'
[07:44:51] [spechunter] [Grep] pattern='sbi.*probe|probe.*sbi|sbi.*ext|sbi_probe'
[07:44:51] [spechunter] [Read] /home/yzs/riscv/linux/arch/riscv/kvm/vcpu.c
[07:44:53] [spechunter] [Read] /home/yzs/riscv/rv-isa-sec/spec_ref/riscv-isa-manual/src/priv/images/wavedrom/menvcfgreg.edn
[07:44:53] [spechunter] [Grep] pattern='STCE|stimecmp|SSTC|STIP'
[07:44:53] [spechunter] [Grep] pattern='stimecmp|vstimecmp'
[07:44:53] [spechunter] [Grep] pattern='stce|STCE|sstc'
[07:44:54] [spechunter] [Read] /home/yzs/riscv/freebsd-src/sys/riscv/riscv/sbi.c
[07:44:54] [spechunter] [Read] /home/yzs/riscv/freebsd-src/sys/riscv/vmm/vmm_riscv.c
[07:44:54] [spechunter] [Grep] pattern='menvcfg|senvcfg'
[07:44:54] [spechunter] [Grep] pattern='riscv.*timer|gsbr_timer|early.*timer'
[07:44:54] [spechunter] [Grep] pattern='STIE|STIP|timer.*interrupt|MIP_STIP'
[07:44:54] [spechunter] [Grep] pattern='mstatus_init'
[07:44:58] [spechunter] [Grep] pattern='mip'
[07:44:58] [spechunter] [Grep] pattern='STIP|stip'
[07:44:58] [spechunter] [Grep] pattern='menvcfg|STCE|stce'
[07:44:58] [spechunter] [Grep] pattern='Sstc|sstc|HasSstc'
[07:44:58] [spechunter] [Glob] **/csr/**/*.scala
[07:45:05] [spechunter] [Read] /home/yzs/riscv/qemu/target/riscv/time_helper.c
[07:45:05] [spechunter] [Read] /home/yzs/riscv/qemu/target/riscv/csr.c
[07:45:05] [spechunter] [Read] /home/yzs/riscv/qemu/target/riscv/csr.c
[07:45:06] [spechunter] [Read] /home/yzs/riscv/freebsd-src/sys/riscv/include/riscvreg.h
[07:45:06] [spechunter] [Grep] pattern='timer|Timer'
[07:45:06] [spechunter] [Grep] pattern='ssiplic|plic|aplic'
[07:45:06] [spechunter] [Grep] pattern='timer'
[07:45:06] [spechunter] [Read] /home/yzs/riscv/freebsd-src/sys/riscv/vmm/riscv.h
[07:45:13] [spechunter] [Read] /home/yzs/riscv/XiangShan/src/main/scala/xiangshan/backend/fu/NewCSR/MachineLevel.scala
[07:45:13] [spechunter] [Read] /home/yzs/riscv/XiangShan/src/main/scala/xiangshan/backend/fu/NewCSR/NewCSR.scala
[07:45:13] [spechunter] [Read] /home/yzs/riscv/XiangShan/src/main/scala/xiangshan/backend/fu/NewCSR/SstcInterruptGen.scala
[07:45:13] [spechunter] [Read] /home/yzs/riscv/XiangShan/src/main/scala/xiangshan/backend/fu/NewCSR/InterruptBundle.scala
[07:45:13] [spechunter] [Read] /home/yzs/riscv/XiangShan/src/main/scala/xiangshan/backend/fu/NewCSR/HypervisorLevel.scala
[07:45:13] [spechunter] [Read] /home/yzs/riscv/XiangShan/src/main/scala/xiangshan/backend/fu/NewCSR/CSRBundles.scala
[07:45:13] [spechunter] [Read] /home/yzs/riscv/rv-isa-sec/spec_ref/riscv-cheri/src/sstc.adoc
[07:45:13] [spechunter] [Grep] pattern='STCE|stimecmp|SSTC|STIP|menvcfg'
[07:45:13] [spechunter] [Grep] pattern='STCE|stimecmp|SSTC|STIP|menvcfg'
[07:45:14] [spechunter] [text] Let me check the init path to confirm if `mstatus_init` (which sets STCE) runs in the warm-boot path before HSM restore ...
[07:45:14] [spechunter] [Grep] pattern='hart_init|warm_boot|cold_boot|warmboot|coldboot'
[07:45:20] [spechunter] [text] Now let me check one more thing — the KVM VCPU load path where henvcfg is written, to confirm the full picture.  
[07:45:20] [spechunter] [Read] /home/yzs/riscv/linux/arch/riscv/kvm/vcpu.c
[07:45:25] [spechunter] [Grep] pattern='HasSstc|EXT_SSTC|HasSTCE'
[07:45:25] [spechunter] [Read] /home/yzs/riscv/XiangShan/src/main/scala/xiangshan/backend/fu/NewCSR/CSRPermitModule.scala
[07:45:25] [spechunter] [Grep] pattern='STIP|stip|STCE|stce'
[07:45:25] [spechunter] [Grep] pattern='HasSstc|Sstc|sstc|EXT_SSTC'
[07:45:28] [spechunter] [Read] /home/yzs/riscv/freebsd-src/sys/riscv/riscv/sbi.c
[07:45:28] [spechunter] [Grep] pattern='timer|STIP|STIE|IRQ_TIMER'
[07:45:28] [spechunter] [Grep] pattern='timer'
[07:45:28] [spechunter] [Glob] sys/riscv/riscv/trap*.c
[07:45:28] [spechunter] [Glob] sys/riscv/riscv/intr*.c
[07:45:39] [spechunter] [Grep] pattern='Sstc|STCE|stimecmp'
[07:45:39] [spechunter] [Grep] pattern='Sstc|STCE|stimecmp'
[07:45:39] [spechunter] [Grep] pattern='STCE|stimecmp|SSTC|STIP'
[07:45:39] [spechunter] [Grep] pattern='Sstc'
[07:45:47] [spechunter] [Read] /home/yzs/riscv/freebsd-src/sys/riscv/riscv/trap.c
[07:45:47] [spechunter] [Grep] pattern='timer|TIMER'
[07:45:47] [spechunter] [Read] /home/yzs/riscv/freebsd-src/sys/conf/files.riscv
[07:45:47] [spechunter] [Grep] pattern='timer'
[07:45:49] [spechunter] [Read] /home/yzs/riscv/XiangShan/src/main/scala/xiangshan/backend/fu/NewCSR/SupervisorLevel.scala
[07:45:49] [spechunter] [Grep] pattern='STIP|stip|STIE|stie|STCE|stce'
[07:45:49] [spechunter] [Grep] pattern='STIP|stip|STCE|stce'
[07:45:49] [spechunter] [Grep] pattern='STIP|stip|STCE|stce|menvcfg|envcfg'
[07:45:51] [spechunter] [Grep] pattern='Sstc'
[07:45:51] [spechunter] [Grep] pattern='stimecmp|STIP|SSTC'
[07:45:51] [spechunter] [Grep] pattern='stimecmp|vstimecmp|VSTIP|STCE'
[07:45:51] [spechunter] [Grep] pattern='sstc|stimecmp|STCE|STIP'
[07:45:57] [spechunter] [Read] /home/yzs/riscv/XiangShan/src/main/scala/xiangshan/backend/fu/NewCSR/VirtualSupervisorLevel.scala
[07:45:57] [spechunter] [Grep] pattern='STIP|stip|STCE|stce|menvcfg|envcfg'
[07:46:03] [spechunter] [Grep] pattern='intr_irq_handler|INTR_ROOT_IRQ'
[07:46:03] [spechunter] [Grep] pattern='hideleg'
[07:46:03] [spechunter] [Grep] pattern='sie.*STIE|STIE.*sie|csr_set.*sie|csr_write.*sie'
[07:46:06] [spechunter] [text] Now let me verify whether the kernel has any trap handler or fallback mechanism for this case
[07:46:06] [spechunter] [Grep] pattern='illegal.instruction.*stimecmp|stimecmp.*trap|stimecmp.*exception|do_trap_insn_illegal'
[07:46:06] [spechunter] [Grep] pattern='probe_kernel|probe.*stimecmp|try.*stimecmp'
[07:46:06] [spechunter] [Grep] pattern='SSTC|STCE|stimecmp|STIP'
[07:46:06] [spechunter] [Grep] pattern='stimecmp|vstimecmp|STCE'
[07:46:09] [spechunter] [Read] /home/yzs/riscv/freebsd-src/sys/riscv/riscv/intc.c
[07:46:09] [spechunter] [Grep] pattern='SIE_STIE|SIE_SSIE'
[07:46:15] [spechunter] [Read] /home/yzs/riscv/freebsd-src/sys/riscv/vmm/vmm_sbi.c
[07:46:15] [spechunter] [Read] /home/yzs/riscv/freebsd-src/sys/riscv/include/sbi.h
[07:46:15] [spechunter] [Grep] pattern='has_time_extension|SBI_EXT_ID_TIME|SBI_SET_TIMER'
[07:46:25] [spechunter] [text] Now let me also check if `sbi_timer_event_start` on the Sstc path accounts for STCE status, and verify HSM resume orderi...
[07:46:25] [spechunter] [Read] /home/yzs/riscv/opensbi/lib/sbi/sbi_hsm.c
[07:46:30] [spechunter] [Grep] pattern='class SipToMip|SipToMip'
[07:46:30] [spechunter] [Grep] pattern='SipToMip'
[07:46:30] [spechunter] [Grep] pattern='STIP|stip|STCE|stce|envcfg'
[07:46:30] [spechunter] [Grep] pattern='STIP|stip|STCE|stce|envcfg'
[07:46:46] [spechunter] [Grep] pattern='STIP|stip|mip.*writ'
[07:46:46] [spechunter] [Grep] pattern='HasSstc|Sstc|hasSstc|menvcfg.*STCE|STCE'
[07:46:47] [spechunter] [text] Now I have a comprehensive understanding of all the code locations and the spec requirements. Let me also check if OpenS...
[07:46:47] [spechunter] [Read] /home/yzs/riscv/rv-isa-sec/spec_ref/riscv-isa-manual/src/priv/machine.adoc
[07:46:47] [spechunter] [Read] /home/yzs/riscv/rv-isa-sec/spec_ref/riscv-isa-manual/src/priv/sstc.adoc
[07:46:47] [spechunter] [Read] /home/yzs/riscv/rv-isa-sec/spec_ref/riscv-isa-manual/src/priv/hypervisor.adoc
[07:47:04] [spechunter] [Grep] pattern='STIP|stip|mip'
[07:47:04] [spechunter] [Grep] pattern='HasSstc|Sstc|STCE|stce|mip.*STIP|STIP.*writ'
[07:47:04] [spechunter] [Read] /home/yzs/riscv/XiangShan/src/main/scala/xiangshan/backend/fu/NewCSR/SstcInterruptGen.scala
[07:47:33] [spechunter] [Read] /home/yzs/riscv/XiangShan/src/main/scala/xiangshan/backend/fu/NewCSR/MachineLevel.scala
[07:47:33] [spechunter] [Grep] pattern='HasSstc|hasSstc|Sstc|mip.*writ'
[07:47:33] [spechunter] [Grep] pattern='sstc|Sstc|HasSstc'
[07:47:41] [spechunter] [text] Now I have all the information needed for a complete analysis. Here is the audit result:  ```json {   "findings": [     ...
[07:47:58] [spechunter] [text] Let me verify the menvcfg STCE implementation and check for any compile-time HasSstc gating that could override the runt...
[07:47:58] [spechunter] [Grep] pattern='STCE|stce'
[07:47:58] [spechunter] [Grep] pattern='HasSstc'
[07:47:58] [spechunter] [Grep] pattern='STCE'
[07:48:02] [spechunter] [Read] /home/yzs/riscv/qemu/target/riscv/csr.c
[07:48:02] [spechunter] [Bash] Check git log for when the rmw_mip64 STCE check was committed
[07:48:07] [spechunter] [Grep] pattern='menvcfg|Menvcfg|STCE|EXT_SSTC|STCE'
[07:48:29] [spechunter] [text] Now I have a complete picture of all relevant code paths and the spec references. Let me compile the audit findings.  Th...
[07:48:29] [spechunter] [Write] /home/yzs/riscv/opensbi/semantic_finding_sstc_stip_writability.json
[07:48:38] [spechunter] [Read] /home/yzs/riscv/opensbi/semantic_finding_sstc_stip_writability.json
[07:48:53] [spechunter] [text] Let me verify the platformIRP.STIP connection to the SstcInterruptGen
[07:48:53] [spechunter] [Grep] pattern='platformIRP.*STIP|STIP.*platformIRP|sstcIRGen.*STIP|STIP.*sstc'
[07:48:53] [spechunter] [Grep] pattern='platformIRP|InterruptPlatform'
[07:49:05] [spechunter] [text] Now let me read the critical code locations and the trap handler to understand the full picture
[07:49:05] [spechunter] [Read] /home/yzs/riscv/freebsd-src/sys/riscv/riscv/timer.c
[07:49:05] [spechunter] [Read] /home/yzs/riscv/freebsd-src/sys/riscv/riscv/identcpu.c
[07:49:05] [spechunter] [Read] /home/yzs/riscv/freebsd-src/sys/riscv/riscv/identcpu.c
[07:49:05] [spechunter] [Read] /home/yzs/riscv/freebsd-src/sys/riscv/riscv/trap.c
[07:49:15] [spechunter] [text] Now let me check the spec documents to confirm the normative requirements.  
[07:49:15] [spechunter] [Grep] pattern='STIP|STCE|stimecmp|mip.*supervisor.*timer'
[07:49:15] [spechunter] [Bash] List spec reference directories
[07:49:18] [spechunter] [Glob] **/*.adoc
[07:49:22] [spechunter] [Read] /home/yzs/riscv/rv-isa-sec/spec_ref/riscv-isa-manual/src/priv/sstc.adoc
[07:49:22] [spechunter] [Grep] pattern='STIP|stimecmp|STCE|writable|read-only'
[07:49:33] [spechunter] [text] Now let me check the machine-level CSR spec for mip.STIP behavior relative to menvcfg.STCE.  
[07:49:33] [spechunter] [Grep] pattern='STIP|mip.*timer|STCE|stimecmp.*mip'
[07:49:33] [spechunter] [Grep] pattern='STIP|STCE|stimecmp'
[07:49:36] [spechunter] [text] Now I can write the updated findings file
[07:49:36] [spechunter] [Write] /home/yzs/riscv/opensbi/semantic_finding_sstc_stip_writability.json
[07:49:53] [spechunter] [text] Based on my comprehensive audit of the OpenSBI codebase for STIP/STCE/stimecmp writability issues, here is a summary of ...
[07:49:54] [spechunter] [text] Now let me read the spec files for the normative citations
[07:49:54] [spechunter] [Read] /home/yzs/riscv/rv-isa-sec/spec_ref/riscv-cheri/src/sstc.adoc
[07:49:54] [spechunter] [Read] /home/yzs/riscv/rv-isa-sec/spec_ref/riscv-isa-manual/src/priv/sstc.adoc
[07:50:19] [spechunter] [Grep] pattern='STCE|stimecmp|STIP'
[07:50:19] [spechunter] [Grep] pattern='EXT_SSTC|SSTC'
[07:50:40] [spechunter] [text] Now let me verify the exact line numbers for a few key findings.  
[07:50:40] [spechunter] [Read] /home/yzs/riscv/qemu/target/riscv/csr.c
[07:50:40] [spechunter] [Read] /home/yzs/riscv/qemu/target/riscv/csr.c
[07:50:40] [spechunter] [Read] /home/yzs/riscv/qemu/target/riscv/time_helper.c
[07:50:53] [spechunter] [text] Now let me also check the menvcfg write handler and the CSR reset init
[07:50:53] [spechunter] [Read] /home/yzs/riscv/qemu/target/riscv/csr.c
[07:50:53] [spechunter] [Read] /home/yzs/riscv/qemu/target/riscv/time_helper.c
[07:50:53] [spechunter] [Grep] pattern='STCE'
[07:50:54] [spechunter] [text] Let me read the machine.adoc spec for the normative menvcfg/STCE text, and also check the riscvreg.h for relevant defini...
[07:50:54] [spechunter] [Grep] pattern='menvcfg.*STCE|STCE.*menvcfg'
[07:50:54] [spechunter] [Read] /home/yzs/riscv/freebsd-src/sys/riscv/include/riscvreg.h
[07:50:54] [spechunter] [Grep] pattern='stimecmp|STIMECMP|SSTC|STCE'
[07:51:14] [spechunter] [Grep] pattern='STIP|stip|mip.*writ'
[07:51:16] [spechunter] [text] Let me also check the GDB stub and migration code for completeness
[07:51:16] [spechunter] [Grep] pattern='stimecmp|STIP|MIP_STIP|ext_sstc'
[07:51:16] [spechunter] [Grep] pattern='stimecmp|STIP|MIP_STIP|ext_sstc'
[07:51:16] [spechunter] [Grep] pattern='MIP_STIP|STIP|stimecmp'
[07:51:21] [spechunter] [text] Let me also check the sip write path and check the writable mask definitions  
[07:51:21] [spechunter] [Read] /home/yzs/riscv/qemu/target/riscv/csr.c
[07:51:21] [spechunter] [Grep] pattern='rmw_sip'
[07:51:25] [spechunter] [Read] /home/yzs/riscv/qemu/target/riscv/csr.c
[07:51:25] [spechunter] [text] Now let me check if there's any verification that `menvcfg` has been configured by firmware, and also see the illegal in...
[07:51:25] [spechunter] [Grep] pattern='MENVCFG_STCE|menvcfg'
[07:51:25] [spechunter] [Grep] pattern='has_sstc'
[07:51:37] [spechunter] [Grep] pattern='new CSR|Module\\(new CSR|CSR\\(|CSRWrapper|CSRFile'
[07:51:37] [spechunter] [Grep] pattern='STCE|stce|STIP|stip'
[07:51:45] [spechunter] [text] Now let me check the migration code and the vsip path
[07:51:45] [spechunter] [Read] /home/yzs/riscv/qemu/target/riscv/machine.c
[07:51:45] [spechunter] [Grep] pattern='rmw_vsip'
[07:52:02] [spechunter] [Read] /home/yzs/riscv/qemu/target/riscv/csr.c
[07:52:02] [spechunter] [Grep] pattern='riscv_cpu_update_mip|MIP_STIP'
[07:52:11] [spechunter] [text] Now let me verify which CSR implementation XiangShan actually uses at runtime.  
[07:52:11] [spechunter] [Grep] pattern='class NewCSR|csrMod|new CSR|CSR\\(cfg\\)'
[07:52:11] [spechunter] [Grep] pattern='class NewCSR'
[07:52:15] [spechunter] [text] Let me check one more important aspect — how sip reads filter STIP visibility.  
[07:52:15] [spechunter] [Grep] pattern='rmw_mvip64'
[07:52:15] [spechunter] [Read] /home/yzs/riscv/qemu/target/riscv/csr.c
[07:52:22] [spechunter] [text] Now I have all the information needed to produce the audit. Here is my analysis:  ```json {   "findings": [     {       ...
[07:52:39] [spechunter] [text] Let me also check for any other places where MIP_STIP is directly manipulated, and the KVM path
[07:52:39] [spechunter] [Grep] pattern='riscv_cpu_update_mip.*MIP_STIP|riscv_cpu_update_mip.*STIP'
[07:52:39] [spechunter] [Grep] pattern='MIP_STIP'
[07:52:46] [spechunter] [Read] /home/yzs/riscv/qemu/target/riscv/time_helper.c
[07:52:46] [spechunter] [Read] /home/yzs/riscv/qemu/target/riscv/csr.c
[07:52:59] [spechunter] [text] Now I have a thorough understanding of the code. Let me produce the analysis.  
[07:52:59] [spechunter] [Read] /home/yzs/riscv/rv-isa-sec/spec_ref/riscv-isa-manual/src/priv/machine.adoc
[07:53:42] [spechunter] [text] Now I have all the data I need for a thorough analysis. Let me verify one final aspect — whether there's any compile-tim...
[07:53:42] [spechunter] [Read] /home/yzs/riscv/XiangShan/src/main/scala/xiangshan/backend/fu/NewCSR/MachineLevel.scala
[07:54:07] [spechunter] [text] Now I have all the data needed. Here is the complete analysis:  ```json {   "target": "qemu",   "pr_title": "[PRIV] Clar...
[07:54:26] [spechunter] [WebFetch] https://lists.riscv.org/g/tech-privileged/message/2422
[07:54:26] [spechunter] [Read] /home/yzs/riscv/qemu/target/riscv/time_helper.c
[07:54:26] [spechunter] [Read] /home/yzs/riscv/qemu/target/riscv/csr.c
[07:54:43] [spechunter] [text] Let me check the actual changes on the branch.  
[07:54:43] [spechunter] [Bash] Check recent commits on current branch
[07:54:43] [spechunter] [Bash] Check diff from master on this branch
[07:54:50] [spechunter] [Bash] Show actual diff from master
[07:54:52] [spechunter] [Grep] pattern='mip.*STIP|STIP.*writ|stip.*reg_mip'
[07:55:59] [spechunter] [text] Now I have a clear picture. The branch `fix-scountinhibit-cde` has an unrelated commit (CDE check), but the task is to r...
[07:55:59] [spechunter] [Read] /home/yzs/riscv/qemu/target/riscv/csr.c
[07:55:59] [spechunter] [Read] /home/yzs/riscv/qemu/target/riscv/csr.c
[07:55:59] [spechunter] [Read] /home/yzs/riscv/qemu/target/riscv/csr.c
[07:55:59] [spechunter] [Read] /home/yzs/riscv/qemu/hw/intc/riscv_aclint.c
[07:56:06] [spechunter] [text] Now I have a complete picture. Let me summarize the analysis
[07:56:06] [spechunter] [Write] /home/yzs/riscv/XiangShan/mip_stip_stce_security_audit.json
[07:56:45] [spechunter] [text] Now let me check the remaining locations for completeness.  
[07:56:45] [spechunter] [Read] /home/yzs/riscv/qemu/target/riscv/csr.c
[07:56:45] [spechunter] [Read] /home/yzs/riscv/qemu/target/riscv/csr.c
[07:56:45] [spechunter] [Read] /home/yzs/riscv/qemu/target/riscv/cpu_helper.c
[07:56:48] [spechunter] [text] API Error: 400 {"detail":"Error code: 400 - {'detail': 'Rate limit exceeded for team: AI_PRD_SELF-ygOCagDg1IJPqSZyFTZ2lU...
[07:56:50] [spechunter] [text] API Error: 400 {"detail":"Error code: 400 - {'detail': 'Rate limit exceeded for team: AI_PRD_SELF-ygOCagDg1IJPqSZyFTZ2lU...
[07:56:59] [spechunter] [text] ```json {   "findings": [     {       "file_path": "src/main/scala/xiangshan/backend/fu/NewCSR/MachineLevel.scala",     ...
